placeUrl,title,rating,reviewCount,category,address,plusCode,website,phoneNumber,currentStatus,imgUrl,isClaimed,wednesday,thursday,friday,saturday,sunday,monday,tuesday,query,timestamp,info,isBlackOwned,attributes,error
https://www.google.com/maps/place/Hercules+Tree+Service+LLC/data=!4m7!3m6!1s0x8836b73db3f3fb21:0xd7402d38b06742bc!8m2!3d41.0297357!4d-81.5671875!16s%2Fg%2F12mk_3ghm!19sChIJIfvzsz23NogRvEJnsDgtQNc,Hercules Tree Service LLC,4.7,460,Tree service,"2700 Cory Ave, Akron, OH 44314, United States","2CHM+V4 Akron, Ohio, USA",http://herculestree.com/,+1 330-696-5638,Open 24 hours,https://lh3.googleusercontent.com/gps-cs-s/APNQkAHxA1ATehKstD8qQP5eQntlDuOzXUz5b5vGdwMKihT4iPx0qDdQyPfiZaVIa13yOCQRTDiAW7GoVGxR4S82P8TB3ZZeQQxx-N0froLmRe2eam1cJbOfpNgXvuVc6C7RDM0H3rByg9l6zv1-=w408-h331-k-no,true,Open 24 hours,Open 24 hours,Open 24 hours,Open 24 hours,Open 24 hours,Open 24 hours,Open 24 hours,"https://www.google.com/maps/search/tree+service+businesses+in+Portage+Lakes+Akron+OH/@41.0072779,-81.5270617,14z",2026-04-29T04:32:15.553Z,,,,
https://www.google.com/maps/place/Barnett%27s+Tree+Service/data=!4m7!3m6!1s0x8830d51356964bdf:0x5cb60ae3eb762be!8m2!3d40.99544!4d-81.5381136!16s%2Fg%2F1tl4dp7b!19sChIJ30uWVhPVMIgRvmK3Pq5gywU,Barnett's Tree Service,4.1,23,Tree service,"3576 Portage Point Blvd, Akron, OH 44319, United States","XFW6+5Q Akron, Ohio, USA",,+1 330-644-1553,,https://streetviewpixels-pa.googleapis.com/v1/thumbnail?panoid=2RJGP_4nU0xiAK_gy_H-yA&cb_client=search.gws-prod.gps&w=408&h=240&yaw=280.3114&pitch=0&thumbfov=100,true,,,,,,,,"https://www.google.com/maps/search/tree+service+businesses+in+Portage+Lakes+Akron+OH/@41.0072779,-81.5270617,14z",2026-04-29T04:32:19.398Z,,,,
https://www.google.com/maps/place/Jeff%27s+Tree+Removal+LLC/data=!4m7!3m6!1s0x88312b89eb321e73:0x2a09f7f5e6eeec70!8m2!3d41.0290972!4d-81.4960936!16s%2Fg%2F11g_x796lt!19sChIJcx4y64krMYgRcOzu5vX3CSo,Jeff's Tree Removal LLC,4.7,24,Tree service,"864 E Waterloo Rd, Akron, OH 44306, United States","2GH3+JH Akron, Ohio, USA",http://jeffstr.net/,+1 330-634-7844,"Closed · Opens 9 am

Updated by this business 7 weeks ago",https://lh3.googleusercontent.com/gps-cs-s/APNQkAElVyMdlUfA7XoZY31VfhcueuoT70dy_yGVR10ktT6GEW3lqSv6LgbTTAYToD9XRK0dpDtKdUHg1LEydZLHIK0yD1hsfKvpLVrvjQ4epyQrpC7ZnCwH4gONFJrnAhAnIXPg9b5pOucB22bA=w408-h544-k-no,true,9 am–5 pm,9 am–5 pm,9 am–5 pm,9 am–5 pm,9 am–5 pm,9 am–5 pm,9 am–5 pm,"https://www.google.com/maps/search/tree+service+businesses+in+Portage+Lakes+Akron+OH/@41.0072779,-81.5270617,14z",2026-04-29T04:32:24.109Z,,,,
https://www.google.com/maps/place/Barberton+Tree+Service/data=!4m7!3m6!1s0x8830d3edb0d357e3:0xfa0399490b49d030!8m2!3d41.0251919!4d-81.612161!16s%2Fg%2F1tfn3ctg!19sChIJ41fTsO3TMIgRMNBJC0mZA_o,Barberton Tree Service,4.8,709,Tree service,"635 Norton Ave, Barberton, OH 44203, United States","29GQ+34 Barberton, Ohio, USA",https://www.barbertontree.com/,+1 330-848-2344,Open 24 hours,https://lh3.googleusercontent.com/gps-cs-s/APNQkAHy_V8CWilUIlO1PC5bIJMLevIa9zgOSZkNiQNBKSZcOymY_UXe_eNpgns1IGe8UncAOFfS0laImE56XbvsHi3asn3tyXlA1afEuVsjNCki5quyejGsPFQ6-pKtQ7bgllcO8pbDOQ=w557-h240-k-no,true,Open 24 hours,Open 24 hours,Open 24 hours,Open 24 hours,Open 24 hours,Open 24 hours,Open 24 hours,"https://www.google.com/maps/search/tree+service+businesses+in+Portage+Lakes+Akron+OH/@41.0072779,-81.5270617,14z",2026-04-29T04:32:28.934Z,,,,
https://www.google.com/maps/place/McNeill+%26+Sons+Tree+Service/data=!4m7!3m6!1s0x88312d33ba7c0013:0x50e64a17335b83b8!8m2!3d41.0248052!4d-81.3919419!16s%2Fg%2F11gggn8ty4!19sChIJEwB8ujMtMYgRuINbMxdK5lA,McNeill & Sons Tree Service,4.9,117,Tree service,"18 Waterloo Rd, Mogadore, OH 44260, United States","2JF5+W6 Mogadore, Ohio, USA",http://mcneilltree.com/,,Open 24 hours,https://lh3.googleusercontent.com/gps-cs-s/APNQkAG6Eq-wzTjv9ilpoXS-r-y0tJKfOtDnA2mXO_sYAbF1_ZHsW_dOtxtmNTnQYV2UXsxY6FxItrEyGVKm777t5Cs5t_OGe9Tz0r__fWF5SUoJBLwlnR4vM9SEROG3V35qDUcebIbA=w426-h240-k-no,true,Open 24 hours,Open 24 hours,Open 24 hours,Open 24 hours,Closed,Open 24 hours,Open 24 hours,"https://www.google.com/maps/search/tree+service+businesses+in+Portage+Lakes+Akron+OH/@41.0072779,-81.5270617,14z",2026-04-29T04:32:33.832Z,,,,
https://www.google.com/maps/place/L%26M+Tree+Service/data=!4m7!3m6!1s0x88372d04e785be21:0x883b06cf68140d23!8m2!3d41.0046039!4d-81.628347!16s%2Fg%2F11lrg06wl4!19sChIJIb6F5wQtN4gRIw0UaM8GO4g,L&M Tree Service,4.9,81,Tree service,"575 Hudson Run Rd, Barberton, OH 44203, United States","293C+RM Barberton, Ohio, USA",https://landmtree.com/,+1 330-222-8820,,https://lh3.googleusercontent.com/gps-cs-s/APNQkAGDPgrwtMDMYTPVpYSy91u4AYli5VCz7X2wr4EuAzvpHfzPgejOYAYcjWLjZH3TYq2C3-60SN6c15jQa7bGFMM-BARi0yLm9Apx7i2dhTyb1B4u3anzxPuUD5ZYiFHiF36ij2Aa1g=w408-h544-k-no,true,Open 24 hours,Open 24 hours,Open 24 hours,Open 24 hours,Open 24 hours,Open 24 hours,Open 24 hours,"https://www.google.com/maps/search/tree+service+businesses+in+Portage+Lakes+Akron+OH/@41.0072779,-81.5270617,14z",2026-04-29T04:32:38.836Z,Identifies as veteran-owned,,,
https://www.google.com/maps/place/The+Davey+Tree+Expert+Company/data=!4m7!3m6!1s0x88312b2e977c48eb:0x8084835cac0de7cb!8m2!3d40.9719364!4d-81.4637031!16s%2Fg%2F1w9y1rgs!19sChIJ60h8ly4rMYgRy-cNrFyDhIA,The Davey Tree Expert Company,4.0,74,Tree service,"3293 Massillon Rd #3, Akron, OH 44312, United States","XGCP+QG Akron, Ohio, USA",https://www.davey.com/residential-tree-services/local-offices/canton-tree-service-and-lawn-service/?utm_source=gmb&utm_medium=organic&utm_campaign=rc_canton,+1 330-595-1295,"Closed · Opens 8 am

Updated by this business 10 weeks ago",https://lh3.googleusercontent.com/gps-cs-s/APNQkAFo6flb4zz2f6wrSO_jS-oS9wbl3NYvAUBCXuUUW-2W-TnOQFmwi_9EgetL-D9WUOg3YEd9i5fasFFjIQuPPDBIYT0kXUJEyqODtZ_HlRL24EpoFZ2iLrU5Wvcieo2cHdyjLBQL=w408-h612-k-no,true,8 am–5 pm,8 am–5 pm,8 am–5 pm,Closed,Closed,8 am–5 pm,8 am–5 pm,"https://www.google.com/maps/search/tree+service+businesses+in+Portage+Lakes+Akron+OH/@41.0072779,-81.5270617,14z",2026-04-29T04:32:43.805Z,,,,
https://www.google.com/maps/place/GP+Tree+Service/data=!4m7!3m6!1s0x88312d1098161f87:0x2e9e3e29014018b9!8m2!3d41.026658!4d-81.3925014!16s%2Fg%2F1tglhz81!19sChIJhx8WmBAtMYgRuRhAASk-ni4,GP Tree Service,4.6,96,Tree service,"877 S Cleveland Ave, Mogadore, OH 44260, United States","2JG4+MX Mogadore, Ohio, USA",https://www.gptreeservice.com/,+1 330-699-9964,Open · Closes 11:45 pm,https://lh3.googleusercontent.com/gps-cs-s/APNQkAGoUlheRzEHJH2YL2apK-1BTMD3LqM1WJDQckjV7xujSvEjn6Y3-NfVoiYM6Bl8XvZN4UDamLE10zYNkdAdDpK2w-yalIJqvmgy7agj1uXDAoB6C5ha7R9Cm5Wo4kJ8HzdJxGQn=w408-h305-k-no,true,12 am–11:45 pm,12 am–11:45 pm,12 am–11:45 pm,12 am–11:45 pm,12 am–11:45 pm,12 am–11:45 pm,12 am–11:45 pm,"https://www.google.com/maps/search/tree+service+businesses+in+Portage+Lakes+Akron+OH/@41.0072779,-81.5270617,14z",2026-04-29T04:32:48.800Z,,,,
https://www.google.com/maps/place/Mike+Jones+%26+Sons+Tree+Service+LLC/data=!4m7!3m6!1s0x8830d773d6eb5461:0xa27f885ff23228ae!8m2!3d41.0133374!4d-81.5315565!16s%2Fg%2F11gjstwd86!19sChIJYVTr1nPXMIgRrigy8l-If6I,Mike Jones & Sons Tree Service LLC,4.8,94,Tree service,,,https://www.mikejonessonstreeservice.com/#/,+1 234-300-2311,Closed · Opens 7 am,https://lh3.googleusercontent.com/gps-cs-s/APNQkAHm2Gw9yI3GJ0yycSyB4Nqfoo76rr5IR-waj8-mY9Bn447JJdd8zayyM5M_znphEcuz8ZVbLrW6GKLTzeRcfmiD-8RphyAplfxl9ZCPCPcx7c8UK2oHWeEipuyLTReZAhx9Y0vbdA=w408-h544-k-no,true,7 am–6 pm,7 am–6 pm,7 am–6 pm,Closed,Closed,7 am–6 pm,7 am–6 pm,"https://www.google.com/maps/search/tree+service+businesses+in+Portage+Lakes+Akron+OH/@41.0072779,-81.5270617,14z",2026-04-29T04:32:53.609Z,Identifies as veteran-owned,true,,
https://www.google.com/maps/place/Lamanna+Tree+Service/data=!4m7!3m6!1s0x88312cb8d0feeccb:0x2084a62f72f0d608!8m2!3d40.9833337!4d-81.4290435!16s%2Fg%2F1tflyjsl!19sChIJy-z-0LgsMYgRCNbwci-mhCA,Lamanna Tree Service,4.7,213,Tree service,"3020 Myersville Rd, Uniontown, OH 44685, United States","XHMC+89 Uniontown, Ohio, USA",http://www.lamannatreeservice.com/,+1 330-699-7474,Open 24 hours,https://lh3.googleusercontent.com/gps-cs-s/APNQkAEY3m6d6bwmC3nZZ_WkSuVUZDfv8yh-iaENTvK_UgN1tAx_swVwkgAsdRIWjW7Spy5yOpt0TLE5nZ4u3RxJaQe7_mb77VfGewiH4ZOOQQgvObn6hCWkUkjyrljSOnPTb04IECoIAWuEjpAd=w408-h544-k-no,true,Open 24 hours,Open 24 hours,Open 24 hours,Open 24 hours,Open 24 hours,Open 24 hours,Open 24 hours,"https://www.google.com/maps/search/tree+service+businesses+in+Portage+Lakes+Akron+OH/@41.0072779,-81.5270617,14z",2026-04-29T04:32:58.416Z,,,,
https://www.google.com/maps/place/Scofield+Outdoor+Services+LLC/data=!4m7!3m6!1s0x88312b31e239a761:0x498d708a5d23e04d!8m2!3d41.2505444!4d-81.7884365!16s%2Fg%2F11sw1m0g7p!19sChIJYac54jErMYgRTeAjXYpwjUk,Scofield Outdoor Services LLC,5.0,14,Tree service,,,,+1 330-803-1348,Open 24 hours,https://lh3.googleusercontent.com/gps-cs-s/APNQkAFdKKFS2-k1ql54Q9kEBLr9M6IHaCnUSh6GMXGugVAXpULPHuicyjpZbNRNy9aYyKOFqNNHtasydKfWFijBfAZo21rOw74bTXbh7Cu8Fzl24NEUGppmCeiEKuXDEsOZJvO9HWzO=w408-h271-k-no,true,Open 24 hours,Open 24 hours,Open 24 hours,Open 24 hours,Open 24 hours,Open 24 hours,Open 24 hours,"https://www.google.com/maps/search/tree+service+businesses+in+Portage+Lakes+Akron+OH/@41.0072779,-81.5270617,14z",2026-04-29T04:33:03.054Z,,,,
https://www.google.com/maps/place/Kustom+Trim+Tree+Service+LLC/data=!4m7!3m6!1s0x88312958081437fd:0x15bbd0efe3c4d7d5!8m2!3d41.0430056!4d-81.4396703!16s%2Fg%2F1v2jdkk1!19sChIJ_TcUCFgpMYgR1dfE4-_QuxU,Kustom Trim Tree Service LLC,4.4,41,Tree service,"808 Abington Rd, Akron, OH 44312, United States","2HV6+64 Akron, Ohio, USA",https://kustomtrim.com/,+1 330-734-0401,Closed · Opens 7:30 am,https://lh3.googleusercontent.com/gps-cs-s/APNQkAGZSslZhLpo3M-AknOgK29JNvN0NyMiXjj3kgfWB4SQTVZoCK-1EZgJ5aGmeVNKmhfOaomWN8BFypSUbSioJ98WrKlebje5Orh9-9s4RNHQWvoeqJ3XpKDImWjdPbcsg11B35bf=w484-h240-k-no,true,7:30 am–6 pm,7:30 am–6 pm,7:30 am–6 pm,8:30 am–5 pm,9 am–4 pm,7:30 am–6 pm,7:30 am–6 pm,"https://www.google.com/maps/search/tree+service+businesses+in+Portage+Lakes+Akron+OH/@41.0072779,-81.5270617,14z",2026-04-29T04:33:08.061Z,,,,
https://www.google.com/maps/place/Ricks+Crane+Service+LLC/data=!4m7!3m6!1s0x8830d51c4ea36689:0xb5dc0fcaabbc99e0!8m2!3d41.008652!4d-81.568045!16s%2Fg%2F11fsn7zhlw!19sChIJiWajThzVMIgR4Jm8q8oP3LU,Ricks Crane Service LLC,5.0,53,Crane service,"3235 E State St, Akron, OH 44319, United States","2C5J+FQ Akron, Ohio, USA",http://www.rickscrane.com/,+1 330-618-7020,Open 24 hours,https://lh3.googleusercontent.com/gps-cs-s/APNQkAFRSp_THfZss1rWz-dkyvGfYvmQaa91kDK0FbsGNTaH9cu6ORTtF8_5puAYjUleJW_aSsknUl7mhhdF6Juj2QYBXoYQMvkVwEM6JkIAs_n9_QV6o6gD3Kyqxm4Fu-LqyBlQhB0miA=w426-h240-k-no,true,Open 24 hours,Open 24 hours,Open 24 hours,Open 24 hours,Open 24 hours,Open 24 hours,Open 24 hours,"https://www.google.com/maps/search/tree+service+businesses+in+Portage+Lakes+Akron+OH/@41.0072779,-81.5270617,14z",2026-04-29T04:33:12.847Z,,,,
https://www.google.com/maps/place/Earth+%27n+Wood+%2F+Kurtz+Bros.+-+Landscape+Supply+Center/data=!4m7!3m6!1s0x88312af5179c35d9:0x11e7c5040c202f32!8m2!3d41.0050117!4d-81.4923112!16s%2Fg%2F1vd3wfwx!19sChIJ2TWcF_UqMYgRMi8gDATF5xE,Earth 'n Wood / Kurtz Bros. - Landscape Supply Center,4.4,127,Mulch supplier,"2436 S Arlington Rd, Akron, OH 44319, United States","2G45+23 Akron, Ohio, USA",https://www.kurtz-bros.com/akron?utm_medium=yext&utm_source=gmb,+1 330-644-1900,Closed · Opens 7:30 am,https://lh3.googleusercontent.com/gps-cs-s/APNQkAFYAfYlLfBOJMUZn0Dcav3VgG0wBsAtQV7Do0FGBi9rEWesUU56vFXFzWqrNSXTr4Gqtw2Q8hfYeV3DNQJELvndmbqDqvUsIhvGnA4nDE5rKt7rCaWUOGPch2Cy_TnFf-iVWzI0Yw=w408-h306-k-no,true,7:30 am–6 pm,7:30 am–6 pm,7:30 am–6 pm,7:30 am–4 pm,10 am–2 pm,7:30 am–6 pm,7:30 am–6 pm,"https://www.google.com/maps/search/tree+service+businesses+in+Portage+Lakes+Akron+OH/@41.0072779,-81.5270617,14z",2026-04-29T04:33:17.726Z,,,,
https://www.google.com/maps/place/Jase%27s+Tree+Service+LLC/data=!4m7!3m6!1s0x88312fed5a721213:0xf0f17fc2e978b71b!8m2!3d41.0915715!4d-81.5441856!16s%2Fg%2F11llbpllty!19sChIJExJyWu0vMYgRG7d46cJ_8fA,Jase's Tree Service LLC,5.0,68,Tree service,,,https://www.jasestreeservice.com/,+1 330-622-3696,Open 24 hours,https://lh3.googleusercontent.com/gps-cs-s/APNQkAH_Gf99Ciy__qjQF3zXK7vrvKKHw7gQWvzQc_MUOc-EgLvYVqMH9QZhkNfpMDigbDwJJwXyJkvHMHN50CARCY9p69FcKRcfPCprUQ5u5ZLSwgNUFpbVpVi45T7ZpMY_2HIY00aD=w408-h543-k-no,true,Open 24 hours,Open 24 hours,Open 24 hours,Open 24 hours,Open 24 hours,Open 24 hours,Open 24 hours,"https://www.google.com/maps/search/tree+service+businesses+in+Portage+Lakes+Akron+OH/@41.0072779,-81.5270617,14z",2026-04-29T04:33:22.548Z,,,,
https://www.google.com/maps/place/Backyard+Stump+and+Tree+Service/data=!4m7!3m6!1s0x88312b5b8b2a00a7:0x297f91ed7198903e!8m2!3d41.1740364!4d-81.4620736!16s%2Fg%2F1tdp5pml!19sChIJpwAqi1srMYgRPpCYce2Rfyk,Backyard Stump and Tree Service,5.0,16,Tree service,,,,+1 330-699-7411,Closed · Opens 6 am Wed,https://lh3.googleusercontent.com/gps-cs-s/APNQkAFU1Ivyk3skla2Z3JIdGaOOI4nzqAnlrcev6fshHyfddEGBDSt0JqlL7LZ-HXiiYc2BkaVe0UbckphSiBahTeq-XzfKLWPKOZIupjxatoXqFATK9LZ66XUWOopfq9Z-CTo45-c=w408-h544-k-no,true,6 am–10 pm,6 am–10 pm,6 am–10 pm,6 am–10 pm,6 am–10 pm,6 am–10 pm,6 am–10 pm,"https://www.google.com/maps/search/tree+service+businesses+in+Portage+Lakes+Akron+OH/@41.0072779,-81.5270617,14z",2026-04-29T04:33:27.204Z,,,,
https://www.google.com/maps/place/Linger%27s+Lumberjacks/data=!4m7!3m6!1s0x8830d6a96949bd0d:0xfd32609abcee7437!8m2!3d41.0581048!4d-81.5968913!16s%2Fg%2F11cn7tczzq!19sChIJDb1JaanWMIgRN3TuvJpgMv0,Linger's Lumberjacks,4.5,103,Tree service,"1881 Wadsworth Rd, Norton, OH 44203, United States","3C53+66 Norton, Ohio, USA",https://www.lingerslumberjacks.com/,+1 330-825-0161,Open 24 hours,https://lh3.googleusercontent.com/gps-cs-s/APNQkAFF1FrEXqAbYGYOecVmbSe0Amwz-MoLztivQDXWAIyQjYakDoEVJ1_xZoXQ3a7dH77-zVMyHRMLcen9TQX9YNLVv65LREWiKqlyqgQ4fxg9Jnz74jDe10VznE3ydRyPHDZsnyIe=w426-h240-k-no,true,Open 24 hours,Open 24 hours,Open 24 hours,Open 24 hours,Open 24 hours,Open 24 hours,Open 24 hours,"https://www.google.com/maps/search/tree+service+businesses+in+Portage+Lakes+Akron+OH/@41.0072779,-81.5270617,14z",2026-04-29T04:33:32.313Z,,,,
"https://www.google.com/maps/place/Thompson+Tree+Care,+LLC/data=!4m7!3m6!1s0x88372b954f997735:0x417844730ccfcce3!8m2!3d41.2371723!4d-81.7358205!16s%2Fg%2F11px9ny33f!19sChIJNXeZT5UrN4gR48zPDHNEeEE","Thompson Tree Care, LLC",5.0,130,Tree service,,,http://www.thompsontreecarellc.com/,+1 330-800-6484,Open 24 hours,https://lh3.googleusercontent.com/gps-cs-s/APNQkAEXoCvJKP7tkwmPBA9kEDh6VTJWzHgkciN2X3ZV2Nq6ULjhWkdQgjBKwxwKgyaKuq1V4SWUkWb2F5RmfA0KYqVPjghSlthvm6A4LXohtf4D23qt31CPRpAApfNJyyUl5JHSMMg1=w408-h408-k-no,true,Open 24 hours,Open 24 hours,Open 24 hours,Open 24 hours,Open 24 hours,Open 24 hours,Open 24 hours,"https://www.google.com/maps/search/tree+service+businesses+in+Portage+Lakes+Akron+OH/@41.0072779,-81.5270617,14z",2026-04-29T04:33:36.947Z,,,,
https://www.google.com/maps/place/Tree+Service+Akron+Ohio/data=!4m7!3m6!1s0x8830d7d29b1f819b:0x71b575199e1a776f!8m2!3d41.078467!4d-81.520322!16s%2Fg%2F11f6635rn0!19sChIJm4Efm9LXMIgRb3canhl1tXE,Tree Service Akron Ohio,3.7,3,Tree service,"263 S Main St, Akron, OH 44308, United States","3FHH+9V Akron, Ohio, USA",,+1 330-208-9252,Open 24 hours,https://lh3.googleusercontent.com/gps-cs-s/APNQkAFc4OVDsH1pxfXmK3McLVIc8T6-D9LtcZsqG4MWtgeaD-MtBc9I_AVVqLgT-uQreXTKOfFtkobqT3-DYu8uwpNVhJaP7UUuNnXLBnajqyyIEtGbFo_q9P4PKJ-_0FDKm7VB2Vqy=w408-h294-k-no,true,Open 24 hours,Open 24 hours,Open 24 hours,Open 24 hours,Open 24 hours,Open 24 hours,Open 24 hours,"https://www.google.com/maps/search/tree+service+businesses+in+Portage+Lakes+Akron+OH/@41.0072779,-81.5270617,14z",2026-04-29T04:33:41.726Z,,,,
https://www.google.com/maps/place/Simons+Tree+Service/data=!4m7!3m6!1s0x8830d6aaf54b18b7:0x3870f73e395b5e6e!8m2!3d41.0564307!4d-81.6008323!16s%2Fg%2F11c609n3p_!19sChIJtxhL9arWMIgRbl5bOT73cDg,Simons Tree Service,5.0,155,Tree service,"1998 Wadsworth Rd, Norton, OH 44203, United States","394X+HM Norton, Ohio, USA",https://simonstreeservice.com/,+1 330-825-7865,Closed · Opens 8 am,https://lh3.googleusercontent.com/gps-cs-s/APNQkAF4EOq9FsG74PAMYm9bmUazQpQTxpAYgXLqGmxaIqtEbESkP6Lqb8mM8QE3ZYySlXKvykFZKlVxNeD1pgKOQjfoMGsb3s8DR3Md3_BSqe2k47puWXbrcG-T3M0lWPAUMop456TP=w408-h306-k-no,true,8 am–8 pm,8 am–8 pm,8 am–8 pm,8 am–8 pm,8 am–8 pm,8 am–8 pm,8 am–8 pm,"https://www.google.com/maps/search/tree+service+businesses+in+Portage+Lakes+Akron+OH/@41.0072779,-81.5270617,14z",2026-04-29T04:33:46.877Z,,,,
https://www.google.com/maps/place/MD+Tree+Surgery+Inc./data=!4m7!3m6!1s0x8830d43ec1e67c7b:0x8d6e66be5bb2620e!8m2!3d41.036661!4d-81.5774271!16s%2Fg%2F11cs6dnkzm!19sChIJe3zmwT7UMIgRDmKyW75mbo0,MD Tree Surgery Inc.,5.0,5,Tree service,"2514 East Ave, Akron, OH 44314, United States","2CPF+M2 Akron, Ohio, USA",,+1 330-283-4644,Closed · Opens 8 am,https://streetviewpixels-pa.googleapis.com/v1/thumbnail?panoid=s4TbAwGfDuRSDeLg0B-P9Q&cb_client=search.gws-prod.gps&w=408&h=240&yaw=304.4736&pitch=0&thumbfov=100,true,8 am–5 pm,8 am–5 pm,8 am–5 pm,8 am–5 pm,Closed,8 am–5 pm,8 am–5 pm,"https://www.google.com/maps/search/tree+service+businesses+in+Portage+Lakes+Akron+OH/@41.0072779,-81.5270617,14z",2026-04-29T04:33:51.564Z,,,,
https://www.google.com/maps/place/New+Franklin+Tree+service/data=!4m7!3m6!1s0x88372b9bd19e78a7:0x19126e6a1b29e7e0!8m2!3d40.9561223!4d-81.5663817!16s%2Fg%2F11my745zzc!19sChIJp3ie0ZsrN4gR4OcpG2puEhk,New Franklin Tree service,3.7,6,Tree service,"5485 Manchester Rd, Akron, OH 44319, United States","XC4M+CC Akron, Ohio, USA",http://akrontree.com/,+1 330-805-7234,Open 24 hours,https://streetviewpixels-pa.googleapis.com/v1/thumbnail?panoid=Ae8iPgm_9HLAqbHc5Giiog&cb_client=search.gws-prod.gps&w=408&h=240&yaw=114.472176&pitch=0&thumbfov=100,true,Open 24 hours,Open 24 hours,Open 24 hours,Open 24 hours,Open 24 hours,Open 24 hours,Open 24 hours,"https://www.google.com/maps/search/tree+service+businesses+in+Portage+Lakes+Akron+OH/@41.0072779,-81.5270617,14z",2026-04-29T04:33:56.346Z,,,,
https://www.google.com/maps/place/Alvin%E2%80%99s+tree+Service/data=!4m7!3m6!1s0x636acc76136a0f9b:0x9d71f4c7e5ea8d16!8m2!3d41.073198!4d-81.513419!16s%2Fg%2F11rmrf4kd0!19sChIJmw9qE3bMamMRFo3q5cf0cZ0,Alvin’s tree Service,5.0,107,Tree service,,,https://www.alvinstreeservice.com/,+1 330-990-3018,Closed · Opens 7 am,https://lh3.googleusercontent.com/gps-cs-s/APNQkAEPBPFUwH6N6BhCbrnYVLYnMcbXZ2b998fYfxVG4KgE90kLPwBrOpY_ANu-tijK5Oj_ErEJyGRTaOw5gQwqDp1dBDGSNoAPMFIpaQBkC6oFeCbAhaTOLSWQSNURSc77idxhxO4=w408-h544-k-no,true,7 am–8 pm,7 am–8 pm,7 am–8 pm,7 am–8 pm,Closed,7 am–8 pm,7 am–8 pm,"https://www.google.com/maps/search/tree+service+businesses+in+Portage+Lakes+Akron+OH/@41.0072779,-81.5270617,14z",2026-04-29T04:34:01.135Z,,,,
https://www.google.com/maps/place/Hercules+Tree+Service/data=!4m7!3m6!1s0x8830d47dee39e1f5:0x8de18ae2c448ed10!8m2!3d40.9928465!4d-81.5875339!16s%2Fg%2F11bx5th1rk!19sChIJ9eE57n3UMIgREO1IxOKK4Y0,Hercules Tree Service,3.7,9,Tree service,,,http://www.herculestree.com/,+1 330-696-5638,Open 24 hours,https://lh3.googleusercontent.com/gps-cs-s/APNQkAF6pkZUgpu9yYSTZmYcxvF5uIyFIZc-JhkNnJITzpa-iv6ta2gozyC1iYWcg8_6Sj1_ee92A8cHK7kvGW7Ufdy1184R1yb_oD9ugMzGFvYwJtcHMZRksBLbT9hePvZF_VWfiUJKYg=w408-h725-k-no,true,Open 24 hours,Open 24 hours,Open 24 hours,Open 24 hours,Open 24 hours,Open 24 hours,Open 24 hours,"https://www.google.com/maps/search/tree+service+businesses+in+Portage+Lakes+Akron+OH/@41.0072779,-81.5270617,14z",2026-04-29T04:34:05.859Z,,,,
https://www.google.com/maps/place/Bigfoot+Mowing/data=!4m7!3m6!1s0x8830d5c45c153713:0x356d94c84925cb42!8m2!3d40.9914968!4d-81.5311331!16s%2Fg%2F11q4c0fs6h!19sChIJEzcVXMTVMIgRQsslSciUbTU,Bigfoot Mowing,5.0,1,Landscaper,"286 Dorwil Dr, Akron, OH 44319, United States","XFR9+HG Akron, Ohio, USA",,+1 234-738-6117,Closed · Opens 8 am,https://streetviewpixels-pa.googleapis.com/v1/thumbnail?panoid=pFgf6ZaSt347oJ-aJodlyA&cb_client=search.gws-prod.gps&w=408&h=240&yaw=215.9443&pitch=0&thumbfov=100,false,8 am–5 pm,8 am–5 pm,8 am–5 pm,Closed,Closed,8 am–5 pm,8 am–5 pm,"https://www.google.com/maps/search/tree+service+businesses+in+Portage+Lakes+Akron+OH/@41.0072779,-81.5270617,14z",2026-04-29T04:34:10.588Z,,,,
https://www.google.com/maps/place/Toro%27s+Property+Services+Limited+LLC/data=!4m7!3m6!1s0x88312b977c0c8e65:0x46575c596d5af00f!8m2!3d41.0362587!4d-81.4827412!16s%2Fg%2F11h_23n9cc!19sChIJZY4MfJcrMYgRD_BabVlcV0Y,Toro's Property Services Limited LLC,5.0,3,Tree service,"1266 Kelly Ave, Akron, OH 44306, United States","2GP8+GW Akron, Ohio, USA",,+1 440-444-6213,,https://streetviewpixels-pa.googleapis.com/v1/thumbnail?panoid=figTXm_OhAHcmjlMhk9uLA&cb_client=search.gws-prod.gps&w=408&h=240&yaw=273.09598&pitch=0&thumbfov=100,true,,,,,,,,"https://www.google.com/maps/search/tree+service+businesses+in+Portage+Lakes+Akron+OH/@41.0072779,-81.5270617,14z",2026-04-29T04:34:13.423Z,,,,
https://www.google.com/maps/place/Good+Man+Mow+%26+Plow+Services+LLC/data=!4m7!3m6!1s0x88312af3fb7cc4d9:0xb7bf4e5a2cf7018!8m2!3d41.001085!4d-81.4886886!16s%2Fg%2F11df0rtvg3!19sChIJ2cR8-_MqMYgRGHDPouX0ews,Good Man Mow & Plow Services LLC,5.0,1,Lawn care service,"972 Chevelle Dr, Akron, OH 44319, United States","2G26+CG Akron, Ohio, USA",,+1 234-525-5314,Closed · Opens 8 am,https://lh3.googleusercontent.com/gps-cs-s/APNQkAFDIDtm94j7SEPZ80_sj5S1-4CxGR8MPx-sHjqyL4psvoH_SXnTEo8P8UzucysEG3TuwoumY2_INQr6g1HyKqnQSNUjv21_2IrQOMU37VJCUAptfvw54uzNpSOj4uHfq0EVfeDJ=w408-h304-k-no,true,8 am–6 pm,8 am–6 pm,8 am–6 pm,Closed,Closed,8 am–6 pm,8 am–6 pm,"https://www.google.com/maps/search/tree+service+businesses+in+Portage+Lakes+Akron+OH/@41.0072779,-81.5270617,14z",2026-04-29T04:34:18.131Z,,,,
https://www.google.com/maps/place/3+Trees+In+the+Wind+Tree+Service+and+business+and+service+%28servicableably+~serviced%29/data=!4m7!3m6!1s0xa88c7b7ee0f038b3:0xe7bfd4b4a8ba1868!8m2!3d41.0359275!4d-81.5722704!16s%2Fg%2F11rvgst3sr!19sChIJszjw4H57jKgRaBi6qLTUv-c,3 Trees In the Wind Tree Service and business and service (servicableably ~serviced),,,Tree service,"2470 Marmax Ave, Akron, OH 44314, United States","2CPH+93 Akron, Ohio, USA",,,,https://lh3.googleusercontent.com/gps-cs-s/APNQkAGW8ZXl7E_3Z1XYoMfhcJyDsOXm2I-p9vQ4aLsun5VYI541A1Pn7URV90tC-SE6IRbPOxhOzfAe-v4OkJAtoztm5cOoBDWPiBSD5GlKJ5Lih1fw0eUao1Z9moS_-SHC92kFmlK8YQztir4=w408-h544-k-no,true,7 am–7:30 pm,7 am–7:30 pm,7 am–3:30 pm,9:30 am–2 pm,Closed,7 am–7:30 pm,7 am–7:30 pm,"https://www.google.com/maps/search/tree+service+businesses+in+Portage+Lakes+Akron+OH/@41.0072779,-81.5270617,14z",2026-04-29T04:34:22.813Z,,,,
https://www.google.com/maps/place/Vaughan%27s+Tree+Service/data=!4m7!3m6!1s0x8027a5cadfdac787:0x3661d2adcdec734!8m2!3d41.2038555!4d-81.477755!16s%2Fg%2F11nxs58gnm!19sChIJh8fa38qlJ4ARNMfe3CodZgM,Vaughan's Tree Service,4.9,91,Tree service,,,http://www.vaughanstree.com/,+1 330-459-1638,Open 24 hours,https://lh3.googleusercontent.com/gps-cs-s/APNQkAGwyz0VXvj5Vwm8Qk018rk4XoZiA3MOYuZYImeSVCMWzfqBoZGXxO6NMvNWG4-6R1uTKXao32y4TLfeCT9bQsvhJH8LmdCo-uJ2vKxTVG_qYo3ZSpYgxbwZyxr4EtTdHPN3vgPGR8rgeFz3=w408-h306-k-no,true,Open 24 hours,Open 24 hours,Open 24 hours,Open 24 hours,Open 24 hours,Open 24 hours,Open 24 hours,"https://www.google.com/maps/search/tree+service+businesses+in+Portage+Lakes+Akron+OH/@41.0072779,-81.5270617,14z",2026-04-29T04:34:27.627Z,,,,
https://www.google.com/maps/place/Best+Service+Lawn+Care+LLC/data=!4m7!3m6!1s0x25150c0ca1c5097:0x5887868225e6e46!8m2!3d41.102477!4d-81.516788!16s%2Fg%2F11pvb41zl8!19sChIJl1AcysBQUQIRRm5eImh4iAU,Best Service Lawn Care LLC,4.9,49,Lawn care service,,,http://www.bestservicelawncare.com/,+1 330-990-5064,Closed · Opens 7 am,https://lh3.googleusercontent.com/gps-cs-s/APNQkAHzspUgmSpiJ6YBdmiJyO6uH2NdnE72J4slGQbieUICtLt-s1MT4S8zB3ykDpivLRzBnOPJkbv1L3j-NnQCC5a-9xgnQ7SNq-dUpjlISPtHls_VpWqkT5Qt7nbLbIDefP6qeQst=w408-h306-k-no,true,7 am–6 pm,7 am–6 pm,7 am–6 pm,9 am–4 pm,Closed,7 am–6 pm,7 am–6 pm,"https://www.google.com/maps/search/tree+service+businesses+in+Portage+Lakes+Akron+OH/@41.0072779,-81.5270617,14z",2026-04-29T04:34:32.431Z,LGBTQ+ friendly,,,
https://www.google.com/maps/place/His+and+Hers+Landscaping+and+Home+Improvement/data=!4m7!3m6!1s0x20e02b9557ed72e5:0x4666b900b30484c5!8m2!3d40.9757306!4d-81.4978584!16s%2Fg%2F11rqq6ty53!19sChIJ5XLtV5Ur4CARxYQEswC5ZkY,His and Hers Landscaping and Home Improvement,4.7,51,Landscape designer,"727 East Turkeyfoot Lake Road, Akron, OH 44319, United States","XGG2+7V Akron, Ohio, USA",https://his-and-hers-landscaping-and-home-improvement.square.site/,+1 234-334-8528,Closed · Opens 8 am,https://lh3.googleusercontent.com/gps-cs-s/APNQkAERF7UKFBLeLPdlHFBd5NZddggGOeCFESVcN74_XZBCwItjKcmoc4SEUn-Jfu4U4ncjaqsgfh69v7KvqhvTW3IljUuc_mF8mkPK2eFWZIZs2wUeiirwuUpT00CzqvaXK0ZvSQ6hnw=w408-h307-k-no,true,8 am–8 pm,8 am–8 pm,8 am–8 pm,8 am–8 pm,Closed,8 am–8 pm,8 am–8 pm,"https://www.google.com/maps/search/tree+service+businesses+in+Portage+Lakes+Akron+OH/@41.0072779,-81.5270617,14z",2026-04-29T04:34:37.184Z,,,,
https://www.google.com/maps/place/TJC+Enterprises+Inc/data=!4m7!3m6!1s0x8836d3138d991dc1:0x3f739af6c3a356f3!8m2!3d40.934396!4d-81.4020486!16s%2Fg%2F1vl5hfqj!19sChIJwR2ZjRPTNogR81ajw_aacz8,TJC Enterprises Inc,5.0,66,Tree service,"10184 Cleveland Ave NW, Uniontown, OH 44685, United States","WHMX+Q5 Uniontown, Ohio, USA",http://www.tjclandscape.com/,+1 330-497-2294,Open 24 hours,https://lh3.googleusercontent.com/gps-cs-s/APNQkAF_Jsk47C-gSB5x1A_sbutndibGgL4p7bX06Hk4RXgyBvhCxJqToCtNr48CtARI2xa_OlXr6yYWFaRxeJhyICnKiLRbV1WmlY17-H2JbldxpyziN7tqNhlP4vZNQbr9Ugru_eRE=w408-h544-k-no,true,Open 24 hours,Open 24 hours,Open 24 hours,Open 24 hours,Open 24 hours,Open 24 hours,Open 24 hours,"https://www.google.com/maps/search/tree+service+businesses+in+Portage+Lakes+Akron+OH/@41.0072779,-81.5270617,14z",2026-04-29T04:34:42.309Z,,,,
https://www.google.com/maps/place/All+Rocks+R+Us/data=!4m7!3m6!1s0x8830d59fd06973d5:0x28ff9634eae23c9a!8m2!3d41.0311508!4d-81.5505371!16s%2Fg%2F11fl1qxmpp!19sChIJ1XNp0J_VMIgRmjzi6jSW_yg,All Rocks R Us,4.7,107,Landscaping supply store,"656 W Waterloo Rd, Akron, OH 44314, United States","2CJX+FQ Akron, Ohio, USA",https://www.allrocksrus.com/,+1 330-745-2169,Closed · Opens 7:30 am,https://lh3.googleusercontent.com/gps-cs-s/APNQkAHW0H7RTDV3ZPE14bG1o4Tk9G7nGLJsLkXnwDgH0iXj8UqzQsuHEHZ4rGiv4bKbJDqZibKKw-4DuyouQ9uG6PRi-7s_DJOEsB1230OKMxtx31PBa41UKsc4ORQgCqLgECcsaVGbSw=w420-h240-k-no,true,7:30 am–4 pm,7:30 am–4 pm,7:30 am–4 pm,7:30 am–12 pm,Closed,7:30 am–4 pm,7:30 am–4 pm,"https://www.google.com/maps/search/tree+service+businesses+in+Portage+Lakes+Akron+OH/@41.0072779,-81.5270617,14z",2026-04-29T04:34:47.152Z,Identifies as women-owned,,· In-store shopping · Delivery,
https://www.google.com/maps/place/Tree+Service/data=!4m7!3m6!1s0x8830d7da6923ffff:0x2f7d01113c1c6130!8m2!3d41.100206!4d-81.5229985!16s%2Fg%2F11twq3y2f3!19sChIJ__8jadrXMIgRMGEcPBEBfS8,Tree Service,,,Tree service,"367 Spaulding St, Akron, OH 44310, United States","4F2G+3R Akron, Ohio, USA",https://www.mikejonessonstreeservice.com/about-us,+1 234-300-2311,,https://streetviewpixels-pa.googleapis.com/v1/thumbnail?panoid=vwhhHht6mZp0k75s0wVpMQ&cb_client=search.gws-prod.gps&w=408&h=240&yaw=136.06424&pitch=0&thumbfov=100,false,,,,,,,,"https://www.google.com/maps/search/tree+service+businesses+in+Portage+Lakes+Akron+OH/@41.0072779,-81.5270617,14z",2026-04-29T04:34:49.811Z,,,,
https://www.google.com/maps/place/Exteriors+Plus/data=!4m7!3m6!1s0x88313329c54d2e81:0xe378e5575bd43d57!8m2!3d41.0081032!4d-81.5246116!16s%2Fg%2F11gh_2tyf7!19sChIJgS5NxSkzMYgRVz3UW1fleOM,Exteriors Plus,4.9,835,Roofing contractor,"2910 S Main St, Akron, OH 44319, United States","2F5G+65 Akron, Ohio, USA",https://www.exteriorsplus.com/,+1 330-800-8018,Open 24 hours,https://lh3.googleusercontent.com/gps-cs-s/APNQkAEQBuTJAF2ipCW9KSY9gehL6-zTBc3XvW7Ky3d6rpN4bRzHZmVjs6T1LK8UhhW2kiUdCQyhEU_OiKA9UGTXo06idrXa1nSRupa0jD9E9ZSC2DbOwLN4S6K3YumsP8rWVOBrTRp-=w408-h272-k-no,true,Open 24 hours,Open 24 hours,Open 24 hours,Open 24 hours,Open 24 hours,Open 24 hours,Open 24 hours,"https://www.google.com/maps/search/tree+service+businesses+in+Portage+Lakes+Akron+OH/@41.0072779,-81.5270617,14z",2026-04-29T04:34:54.825Z,,,,
https://www.google.com/maps/place/Andrews+Landscaping/data=!4m7!3m6!1s0x8830d5bead77c465:0x7d27b71d1f0e1b5!8m2!3d40.9811845!4d-81.5450521!16s%2Fg%2F11h77rlstx!19sChIJZcR3rb7VMIgRteHw0XF70gc,Andrews Landscaping,3.0,4,Landscaper,"656 W Turkeyfoot Lake Rd, Akron, OH 44319, United States","XFJ3+FX Akron, Ohio, USA",http://andrews-landscaping.com/,+1 330-644-3022,Closed · Opens 6 am,https://lh3.googleusercontent.com/gps-cs-s/APNQkAEkqj9dd6FBOW4V9eH5RN_LyGdhwq6aYJjV3FA9krVG0rAZRfyVp88jHWMhpCeZAW0tpvQaCj71-MevNIGKOGBBObl7-38b69VibbUpMFFrNmXdI_tAEKAu0aB90o1aYyK1yPpV=w408-h306-k-no,true,6 am–7 pm,6 am–7 pm,6 am–7 pm,6 am–7 pm,6 am–7 pm,6 am–7 pm,6 am–7 pm,"https://www.google.com/maps/search/tree+service+businesses+in+Portage+Lakes+Akron+OH/@41.0072779,-81.5270617,14z",2026-04-29T04:34:59.579Z,,,,
https://www.google.com/maps/place/Buck+Moran%27s+Tree+%26+Landscape/data=!4m7!3m6!1s0x8830d7c0a81a0c19:0xe40ef542c761083e!8m2!3d46.423669!4d-129.9427086!16s%2Fg%2F11cls7flpz!19sChIJGQwaqMDXMIgRPghhx0L1DuQ,Buck Moran's Tree & Landscape,5.0,2,Tree service,,,,+1 330-836-6554,,https://lh3.googleusercontent.com/gps-cs-s/APNQkAFw_ZQsP-66P9uKFBbhB49CDdBY7fJHrzJq8loIiCej0G-pgBUuXlLqqhBUReehwiXoCsjIZyjjJCv0mw4N3a_qJETGO5MQoEZFpzhTkEZJWWp-qetTj2y_z3CkCaWjLYFmM9ML=w408-h306-k-no,true,,,,,,,,"https://www.google.com/maps/search/tree+service+businesses+in+Portage+Lakes+Akron+OH/@41.0072779,-81.5270617,14z",2026-04-29T04:35:02.903Z,,,,
https://www.google.com/maps/place/Pitch+Perfect+LLC/data=!4m7!3m6!1s0x8830d6c4f0321ddd:0x3d9abfd367f74a15!8m2!3d41.0298418!4d-81.5678028!16s%2Fg%2F11cllkq52j!19sChIJ3R0y8MTWMIgRFUr3Z9O_mj0,Pitch Perfect LLC,4.6,95,Roofing contractor,"2700 Cory Ave, Akron, OH 44314, United States","2CHJ+WV Akron, Ohio, USA",https://www.gopitchperfect.com/#gsc.tab=0,+1 440-420-8687,Open 24 hours,https://lh3.googleusercontent.com/gps-cs-s/APNQkAGGU8zUbmf8b-ZdwaBwcyaVmUFJg5iquxI9dlV6uCGLvWglvKG7VUti9138GF8XzgAHYjN5dxOjhne5_xpEk08lypLB5h4b3mgr7QZWDZPFSbkKlvEtlvWlA_gNDFsjp-5XOAE2XmJp9WXK=w408-h355-k-no,true,Open 24 hours,Open 24 hours,Open 24 hours,Open 24 hours,Open 24 hours,Open 24 hours,Open 24 hours,"https://www.google.com/maps/search/tree+service+businesses+in+Portage+Lakes+Akron+OH/@41.0072779,-81.5270617,14z",2026-04-29T04:35:08.776Z,,,,
https://www.google.com/maps/place/Flourishing+Foliage+LLC/data=!4m7!3m6!1s0x88312a8bbdb6aaab:0x3ce515427fc28f78!8m2!3d41.0652329!4d-81.5421326!16s%2Fg%2F11f63y0_p6!19sChIJq6q2vYsqMYgReI_Cf0IV5Tw,Flourishing Foliage LLC,5.0,5,Landscaper,,,http://www.flourishingfoliage.com/?utm_source=google&utm_medium=wix_google_business_profile&utm_campaign=5193189342108696456,+1 330-606-0593,Closed · Opens 8 am,https://lh3.googleusercontent.com/gps-cs-s/APNQkAH7pEEMMCXWHJPlnB8cOeMK_xhrzkMIWL1aLj5ayspiiz5woZUnnJoGOZYULToPGBc6TU6_nvaKdGpZZ96xphyOSALpK796OpufLqP4C34S_BLNwEuKuBOa9jSU3Jvx3Sw9xQ9jPSIaaZtl=w408-h541-k-no,true,8 am–6 pm,8 am–6 pm,8 am–6 pm,Closed,Closed,8 am–6 pm,8 am–6 pm,"https://www.google.com/maps/search/tree+service+businesses+in+Portage+Lakes+Akron+OH/@41.0072779,-81.5270617,14z",2026-04-29T04:35:13.491Z,,,,
https://www.google.com/maps/place/Right+Cut+Tree+Service+LLC/data=!4m7!3m6!1s0x8830d5c385ac5379:0xdc846ddf43ee1905!8m2!3d40.3633958!4d-82.669505!16s%2Fg%2F11j3431ggt!19sChIJeVOshcPVMIgRBRnuQ99thNw,Right Cut Tree Service LLC,4.1,49,Tree service,,,,+1 330-419-2347,Open 24 hours,https://lh3.googleusercontent.com/gps-cs-s/APNQkAHfEGQ9UNzR9JIruxY4XcY2rNPSy14ZKhZtofMV3AQr1W5fHsjk-_f1-bUgRs5veam6m3DkR97vOiH8si_EcovwR5icMrR0QfBtN9kSGwlCufIzUibnNh8j-V5wT415PKeFAJfeMR8wL5iP=w408-h544-k-no,true,Open 24 hours,Open 24 hours,Open 24 hours,Open 24 hours,Open 24 hours,Open 24 hours,Open 24 hours,"https://www.google.com/maps/search/tree+service+businesses+in+Portage+Lakes+Akron+OH/@41.0072779,-81.5270617,14z",2026-04-29T04:35:18.328Z,,,,
https://www.google.com/maps/place/LandPro+Landscaping+%26+Tree/data=!4m7!3m6!1s0x88312e9ba6d29cc3:0x2c1d2896f2a4d3!8m2!3d41.128835!4d-81.345093!16s%2Fg%2F11b7c4wm8m!19sChIJw5zSppsuMYgR06TyligdLAA,LandPro Landscaping & Tree,4.6,44,Tree service,,,,+1 330-801-5657,Closed · Opens 9 am,https://lh3.googleusercontent.com/gps-cs-s/APNQkAEqKPe5e3MnHCeyee22I4rIuOJQiPITJR6WPimdxTvonwklcuhmO7TWH2WUUwoXmW0q1j-3QB-1ORAQ6Q83qtveWAbq4D4yovwsdcJKSDwjZ9YXG0cvNs6_bbayg-w8pWrNmbs-Yw=w426-h240-k-no,true,9 am–6 pm,9 am–6 pm,9 am–6 pm,Closed,Closed,9 am–6 pm,9 am–6 pm,"https://www.google.com/maps/search/tree+service+businesses+in+Portage+Lakes+Akron+OH/@41.0072779,-81.5270617,14z",2026-04-29T04:35:23.029Z,,,,
https://www.google.com/maps/place/Doug%27s+Tree+Service/data=!4m7!3m6!1s0xa8c58af391faef29:0x23cef990511944e3!8m2!3d41.0525086!4d-81.4630389!16s%2Fg%2F11xdsptgzx!19sChIJKe_6kfOKxagR40QZUZD5ziM,Doug's Tree Service,,,Tree service,"1777 Springfield Center Rd, Akron, OH 44312, United States","3G3P+2Q Akron, Ohio, USA",,+1 330-794-9673,Closed · Opens 8 am,https://streetviewpixels-pa.googleapis.com/v1/thumbnail?panoid=0ZAK5UpmNhmSX3gmmocaLA&cb_client=search.gws-prod.gps&w=408&h=240&yaw=275.7457&pitch=0&thumbfov=100,true,8 am–5 pm,8 am–5 pm,8 am–5 pm,8 am–5 pm,8 am–5 pm,8 am–5 pm,8 am–5 pm,"https://www.google.com/maps/search/tree+service+businesses+in+Portage+Lakes+Akron+OH/@41.0072779,-81.5270617,14z",2026-04-29T04:35:27.775Z,,,,
https://www.google.com/maps/place/Falls+Tree+Service+Inc./data=!4m7!3m6!1s0x88312799ccde11c3:0x4657b9917346bfe2!8m2!3d41.1579011!4d-81.4966791!16s%2Fg%2F1tlbpt1k!19sChIJwxHezJknMYgR4r9Gc5G5V0Y,Falls Tree Service Inc.,4.8,106,Tree service,"392 E Bath Rd, Cuyahoga Falls, OH 44223, United States","5G53+58 Cuyahoga Falls, Ohio, USA",,+1 330-929-2422,"Closed · Opens 7 am

Updated by this business 7 weeks ago",https://lh3.googleusercontent.com/gps-cs-s/APNQkAEk4_yGT25f2rLuJea-o7AuBgPVsZAGRhz_ibuhbrjUzmhupx7AqpVr4EooannBX9B2VzN0eGdwWK9JtM1W9A58YgsVRbmY5DEq5YWQDDWbzhYU6kG_wK9gVRCy4lfA0UWaAyymWA=w408-h544-k-no,true,7 am–7 pm,7 am–7 pm,7 am–7 pm,7 am–5 pm,Closed,7 am–7 pm,7 am–7 pm,"https://www.google.com/maps/search/tree+service+businesses+in+Portage+Lakes+Akron+OH/@41.0072779,-81.5270617,14z",2026-04-29T04:35:32.534Z,,,,
https://www.google.com/maps/place/Acclaim+Fence+%26+Tree+Services/data=!4m7!3m6!1s0x8830d6744100447f:0x16102e1c70a9541a!8m2!3d41.0541359!4d-81.5415437!16s%2Fg%2F1tfjrbqq!19sChIJf0QAQXTWMIgRGlSpcBwuEBY,Acclaim Fence & Tree Services,4.3,13,Fence contractor,"1198 Lake Shore Blvd, Akron, OH 44301, United States","3F35+M9 Akron, Ohio, USA",,+1 330-376-3777,,https://streetviewpixels-pa.googleapis.com/v1/thumbnail?panoid=1QIKFQCpO7eq69z1D3GJ1w&cb_client=search.gws-prod.gps&w=408&h=240&yaw=161.69965&pitch=0&thumbfov=100,false,,,,,,,,"https://www.google.com/maps/search/tree+service+businesses+in+Portage+Lakes+Akron+OH/@41.0072779,-81.5270617,14z",2026-04-29T04:35:35.278Z,,,,
https://www.google.com/maps/place/Happy+Trees+Tree+Services+LLC/data=!4m7!3m6!1s0x8836cd5db8ca7785:0xb27bb344ade8bcca!8m2!3d40.9364316!4d-81.3335349!16s%2Fg%2F11bbrhrhjy!19sChIJhXfKuF3NNogRyrzorUSze7I,Happy Trees Tree Services LLC,4.5,16,Tree service,"10644 Middlebranch Ave NE, Hartville, OH 44632, United States","WMP8+HH Hartville, Ohio, USA",,+1 330-705-0171,Closed · Opens 8 am,https://lh3.googleusercontent.com/gps-cs-s/APNQkAF0BfTZYuWh239gLpiFL-MTsSXq3rwQQYZYE_xKDWVyNNUI47npEs_UPY66wJQw0VmPLtRJTQE5dsH1qjtzitaQe0nSa7CfvE3tOK8VOVB-Hl1OEGRjGyqXVgEJST2LVBTWJUj4T0R2B7Vb=w408-h544-k-no,true,8 am–5 pm,8 am–5 pm,8 am–5 pm,Closed,Closed,8 am–5 pm,8 am–5 pm,"https://www.google.com/maps/search/tree+service+businesses+in+Portage+Lakes+Akron+OH/@41.0072779,-81.5270617,14z",2026-04-29T04:35:40.010Z,,,,
https://www.google.com/maps/place/The+Dragon%27s+Mantle/data=!4m7!3m6!1s0x8830d5d2ea69f5e9:0x3889690cb55ccedb!8m2!3d41.0325475!4d-81.5454006!16s%2Fg%2F1z44b4bfb!19sChIJ6fVp6tLVMIgR285ctQxpiTg,The Dragon's Mantle,4.9,485,Metaphysical supply store,"2433 Manchester Rd, Akron, OH 44314, United States","2FM3+2R Akron, Ohio, USA",http://www.thedragonsmantle.com/,+1 330-687-5654,Closed · Opens 11 am,https://lh3.googleusercontent.com/gps-cs-s/APNQkAH986FY1SVxsYRrZb-oA138BXDF0mtXTuLZmhtpFJ7o-WHFZXCbuUdnsVSCkbTDSLGA0qeO_KUuAzJwXdSy8kn39POpYqlh1dtXOh5MU6xM6w5DK_H2iS3cdb9RGZsR3mLhwNC9aQ=w408-h775-k-no,true,11 am–7 pm,11 am–7 pm,11 am–7 pm,10 am–6 pm,Closed,11 am–7 pm,11 am–7 pm,"https://www.google.com/maps/search/tree+service+businesses+in+Portage+Lakes+Akron+OH/@41.0072779,-81.5270617,14z",2026-04-29T04:35:44.951Z,LGBTQ+ friendly,,· In-store shopping · In-store pick-up,
https://www.google.com/maps/place/ATC+Tree+Service/data=!4m7!3m6!1s0x8831377db9ade221:0x843baa18e5734a7c!8m2!3d41.0331143!4d-81.2400299!16s%2Fg%2F11j8m_1601!19sChIJIeKtuX03MYgRfEpz5RiqO4Q,ATC Tree Service,5.0,17,Tree service,"4229 Waterloo Rd, Atwater, OH 44201, United States","2QM5+6X Atwater, Ohio, USA",,+1 440-265-4332,,https://lh3.googleusercontent.com/gps-cs-s/APNQkAHk8c84aunQEnr5_rsJ3TwgUC33a2GbSCYLEYOTfofeUjLIsP-wfj1udz9AM38d56XK5jF5RxXy1erxix7WzHd_ECqgEdMsWXUXZ5nK1tC8iHElz4XWRbE9EH9tP67O07Cn85ed=w426-h240-k-no,true,,,,,,,,"https://www.google.com/maps/search/tree+service+businesses+in+Portage+Lakes+Akron+OH/@41.0072779,-81.5270617,14z",2026-04-29T04:35:47.586Z,,,,
https://www.google.com/maps/place/Superior+Drainage/data=!4m7!3m6!1s0x88312bcf432d32f1:0xb1799b9209fb056f!8m2!3d40.9970906!4d-81.4910615!16s%2Fg%2F1td9fdb0!19sChIJ8TItQ88rMYgRbwX7CZKbebE,Superior Drainage,4.8,475,Plumber,"900 Killian Rd, Akron, OH 44312, United States","XGW5+RH Akron, Ohio, USA",https://www.superiordrain.com/?utm_source=google&utm_medium=organic&utm_campaign=GMBListing-Akron-OH,+1 330-382-6486,,https://lh3.googleusercontent.com/gps-cs-s/APNQkAF0kq__aNpWJjssJr9EtjNW1K_RR5CU5AhovPH69MFqU0mX3WsHWhrc9VdvG4NTHC0MqVYqTZ92-vFIaryV_7Q7qatyuc825LSfi26SQRrqunhE32nTCsNko46VnHd2VMdSTWTw4ZdH-Fpi=w409-h240-k-no,true,Open 24 hours,Open 24 hours,Open 24 hours,Open 24 hours,Open 24 hours,Open 24 hours,Open 24 hours,"https://www.google.com/maps/search/tree+service+businesses+in+Portage+Lakes+Akron+OH/@41.0072779,-81.5270617,14z",2026-04-29T04:35:52.422Z,,,,
https://www.google.com/maps/place/Mow+by+Faith+Lawn+care+%26+Landscaping/data=!4m7!3m6!1s0x8830d3cd96af7add:0x2e0e45065cac01e4!8m2!3d41.0372999!4d-81.5792897!16s%2Fg%2F11fkb0jq5x!19sChIJ3Xqvls3TMIgR5AGsXAZFDi4,Mow by Faith Lawn care & Landscaping,4.8,102,Lawn care service,"1251 Alberta St, Barberton, OH 44203, United States","2CPC+W7 Barberton, Ohio, USA",http://www.mowbyfaith.net/,+1 330-510-6573,Closed · Opens 8:30 am,https://lh3.googleusercontent.com/gps-cs-s/APNQkAGRKFpz8bq0nUkibCbl4Hvbaaqm0TB_ZPxzMBcMLkWGowG7HaHdJSivhs0ck8ftxz3n0Bu4-tJ5J5QXU-wPh8VJeqeL6YcJwSo0AHjx3QJGI-1xXq1nJFrX5U37X7-aIlTY4ncX0nlpXtw=w408-h408-k-no,true,8:30 am–7 pm,8:30 am–7 pm,8:30 am–7 pm,8:30 am–5 pm,Closed,8:30 am–7 pm,8:30 am–7 pm,"https://www.google.com/maps/search/tree+service+businesses+in+Portage+Lakes+Akron+OH/@41.0072779,-81.5270617,14z",2026-04-29T04:35:57.370Z,,,,
https://www.google.com/maps/place/Kunkle+%26+Sons+Property+Maintenance/data=!4m7!3m6!1s0x6dbff43a0a47def3:0xbae4ed561c646f07!8m2!3d40.1606575!4d-83.0269231!16s%2Fg%2F11y1vcyjrs!19sChIJ895HCjr0v20RB29kHFbt5Lo,Kunkle & Sons Property Maintenance,5.0,20,Landscape designer,,,https://kunkleandsons.com/,+1 330-815-4140,Closed · Opens 8 am,https://lh3.googleusercontent.com/gps-cs-s/APNQkAEoolcEgQvAkSCpVblePdWy9MrFVHA7__UCO9NFdMAVIhTlkti3t5a8u1LFmiRFQF5sCOz3GoGNn8uxrUJOa0yMm5gCiV4Sn-Z7DBVMQGbSeZ7b3S4ooRh_ia8EjxtXSMK0g7I=w408-h544-k-no,true,8 am–6 pm,8 am–6 pm,8 am–6 pm,8 am–6 pm,Closed,8 am–6 pm,8 am–6 pm,"https://www.google.com/maps/search/tree+service+businesses+in+Portage+Lakes+Akron+OH/@41.0072779,-81.5270617,14z",2026-04-29T04:36:02.156Z,LGBTQ+ friendly,,,
https://www.google.com/maps/place/Gempel+Lawn+%26+Garden/data=!4m7!3m6!1s0x8831271dced818e1:0x14f5bbcabb3a4429!8m2!3d41.09187!4d-81.4656175!16s%2Fg%2F11hf42hgxb!19sChIJ4RjYzh0nMYgRKUQ6u8q79RQ,Gempel Lawn & Garden,5.0,34,Landscaper,,,http://gempellawngarden.com/,+1 234-263-0401,Closed · Opens 6 am,https://lh3.googleusercontent.com/gps-cs-s/APNQkAH03iQPs_JWa31uk_pWY1TqbFWMoeQp_Vw6v0OFSC0cOwRp0TcYNliaufM8BfYaAYig9ZAnrk1Phnez93iBL0xGVg9D1fTk4notUzYg7hQP6shlHes2PHzZNN2ZgRYiC4YRHBAEoqPjpQGn=w408-h306-k-no,true,6 am–8 pm,6 am–8 pm,6 am–8 pm,6 am–8 pm,Closed,6 am–8 pm,6 am–8 pm,"https://www.google.com/maps/search/tree+service+businesses+in+Portage+Lakes+Akron+OH/@41.0072779,-81.5270617,14z",2026-04-29T04:36:06.907Z,,,,
https://www.google.com/maps/place/TK+Roofing+and+Gutters/data=!4m7!3m6!1s0x8830d4dccbe7fffd:0xab9403c8666f2184!8m2!3d40.9986205!4d-81.5238581!16s%2Fg%2F1tp0f9nl!19sChIJ_f_ny9zUMIgRhCFvZsgDlKs,TK Roofing and Gutters,4.8,149,Roofing contractor,"3256 S Main St, Akron, OH 44319, United States","XFXG+CF Akron, Ohio, USA",https://www.tkroofingandgutters.com/,+1 330-858-2616,Closed · Opens 9 am,https://lh3.googleusercontent.com/gps-cs-s/APNQkAHz9WPxO4k0AesT-xMclyFIEUvk2DxtQ4ogWobXV_sOTr9bE-sYDsFpSfOvTMgX0OAMmNBgYtl0Mvt2kX5ZbX0eP3QiLBoGyauTeC4mqMt4Ca7TFCGEPO709f8cuNuYLpd_gbP3=w408-h301-k-no,true,9 am–5 pm,9 am–5 pm,9 am–5 pm,Closed,Closed,9 am–5 pm,9 am–5 pm,"https://www.google.com/maps/search/tree+service+businesses+in+Portage+Lakes+Akron+OH/@41.0072779,-81.5270617,14z",2026-04-29T04:36:12.016Z,,,,
"https://www.google.com/maps/place/Lindsey+Construction+%26+Design,+Inc./data=!4m7!3m6!1s0x88312b47f38ed1cf:0x3b1a444a655fb62b!8m2!3d41.0005705!4d-81.4915263!16s%2Fg%2F1jkvt40h0!19sChIJz9GO80crMYgRK7ZfZUpEGjs","Lindsey Construction & Design, Inc.",4.3,238,Roofing contractor,"2587 S Arlington Rd, Akron, OH 44319, United States","2G25+69 Akron, Ohio, USA",https://teamlcd.net/,+1 330-785-9931,Closed · Opens 8 am,https://lh3.googleusercontent.com/gps-cs-s/APNQkAHcHCy9WJOcQJqBKtIjuNVn9csAPu5APWASeyF6yLC02bXFwQ5Ge04H-yqn8wGtoexyiXoRDR7ULl24dhgMjbbd7pqPUpK4gnJ-im5ASVaqmP4T8AXPGJVkoou7bXPTohWvEb0=w426-h240-k-no,true,8 am–4 pm,8 am–4 pm,8 am–4 pm,Closed,Closed,8 am–4 pm,8 am–4 pm,"https://www.google.com/maps/search/tree+service+businesses+in+Portage+Lakes+Akron+OH/@41.0072779,-81.5270617,14z",2026-04-29T04:36:16.905Z,,,,
"https://www.google.com/maps/place/Fathers+and+Sons+Handyman+%26+Tree+Service/@41.0826854,-81.5703384,17z/data=!3m1!4b1!4m6!3m5!1s0x8830d6faaa0177d7:0x78f3450294f40ca!8m2!3d41.0826854!4d-81.5703384!16s%2Fg%2F11cm_qcx6d",Fathers and Sons Handyman & Tree Service,4.0,1,Handyman/Handywoman/Handyperson,"977 Nome Ave, Akron, OH 44320, United States","3CMH+3V Akron, Ohio, USA",,+1 330-459-1439,,,true,,,,,,,,"https://www.google.com/maps/search/tree+service+businesses+in+Portage+Lakes+Akron+OH/@41.0072779,-81.5270617,14z",2026-04-29T04:36:23.378Z,,,,
https://www.google.com/maps/place/Garrett+Family+Lawn+%26+Landscape+LLC/data=!4m7!3m6!1s0x8830d504b1b5b007:0xc911e0cf6a25a6a!8m2!3d41.0362854!4d-81.5702321!16s%2Fg%2F11qwr09l6w!19sChIJB7C1sQTVMIgRalqi9gwekQw,Garrett Family Lawn & Landscape LLC,5.0,3,Lawn care service,"2461 26th St SW, Akron, OH 44314, United States","2CPH+GW Akron, Ohio, USA",https://www.facebook.com/share/19mbiz5Cuw/,+1 330-714-2661,Closed · Opens 9 am,https://lh3.googleusercontent.com/gps-cs-s/APNQkAEKwzlzb2uZMVZBF9UisfTuJYBy35swXGJyLMySFPoASErkjEClvOalqG-2yd5pX9TJ86DVqhiiNd9cBcNX60T8CE5zDlAzy27g0NoMKEa6avzzDNiR6jPepmAvR7Bmi9gwVF_3=w427-h240-k-no,true,9 am–5 pm,9 am–5 pm,9 am–5 pm,9 am–5 pm,Closed,9 am–5 pm,9 am–5 pm,"https://www.google.com/maps/search/tree+service+businesses+in+Portage+Lakes+Akron+OH/@41.0072779,-81.5270617,14z",2026-04-29T04:36:28.225Z,,,,
https://www.google.com/maps/place/Mueller+Tree+Services+Inc/data=!4m7!3m6!1s0x88312f3a5d269aed:0x543faf7058ed8b4!8m2!3d41.1361101!4d-81.4350983!16s%2Fg%2F1vysx58l!19sChIJ7ZomXTovMYgRtNiOBff6QwU,Mueller Tree Services Inc,4.3,74,Tree service,"112 S River Rd, Munroe Falls, OH 44262, United States","4HP7+CX Munroe Falls, Ohio, USA",https://muellertreecare.com/,+1 330-633-7070,"Closed · Opens 8 am

Updated by this business 1 week ago",https://lh3.googleusercontent.com/gps-cs-s/APNQkAG_RPonE1HvXqh_FYRj1qHiUlweOwmf7aFB8Vr3gBSk5l2CnJRpH3EGVGV-GTkkl6ZavjlSUbVBKf5CnVMkH_aWv2t4Jh5J6ooHTiNJ6Qx5yC9WtbkIvbJns7ObmOVQVHWNY8fYMlQN6fRl=w408-h544-k-no,true,8 am–8 pm,8 am–8 pm,8 am–5 pm,8 am–4 pm,8 am–8 pm,8 am–8 pm,8 am–8 pm,"https://www.google.com/maps/search/tree+service+businesses+in+Portage+Lakes+Akron+OH/@41.0072779,-81.5270617,14z",2026-04-29T04:36:33.297Z,,,,
https://www.google.com/maps/place/Firestone+Country+Club/data=!4m7!3m6!1s0x88312a86b9a1714b:0x6590b4e6127b91a4!8m2!3d41.0077854!4d-81.5078057!16zL20vMDZmdHFy!19sChIJS3GhuYYqMYgRpJF7Eua0kGU,Firestone Country Club,4.8,828,Country club,"452 East Warner Road, Akron, OH 44319, United States","2F5R+4V Akron, Ohio, USA",https://www.invitedclubs.com/clubs/firestone-country-club,+1 330-644-8441,Closed · Opens 7 am,https://lh3.googleusercontent.com/gps-cs-s/APNQkAGk6Fu1rz603OJxLOk5tC9bkRVmP6RmkGQqcdN701WmCsNt01QLZ-mk9hhix48DhhR5YURTwqK_r6GInPCSpwOnuhRJEItGfThqlHNc_75-XB7PJT-saCP1OSCIT81yX66nGSVBug=w426-h240-k-no,true,7 am–8 pm,7 am–8 pm,7 am–8 pm,7 am–8 pm,7 am–8 pm,7 am–8 pm,7 am–8 pm,"https://www.google.com/maps/search/tree+service+businesses+in+Portage+Lakes+Akron+OH/@41.0072779,-81.5270617,14z",2026-04-29T04:36:38.359Z,,,"Country club offering a public 9-hole golf course with rolling terrain, plus a heated driving range.",
https://www.google.com/maps/place/City+Waterproofing/data=!4m7!3m6!1s0x8830d58d23ca0d15:0xbdd1fdfd1e46224e!8m2!3d40.9928465!4d-81.5875339!16s%2Fg%2F11bx897hhv!19sChIJFQ3KI43VMIgRTiJGHv390b0,City Waterproofing,5.0,95,Waterproofing service,,,https://www.citywaterproofingohio.com/,+1 330-299-5970,Closed · Opens 5 am,https://lh3.googleusercontent.com/gps-cs-s/APNQkAErCPW52WDo1t_oG2B3qIA8HR7PD2xwEfU8s5fbe7h4bci3SuLWkw29xceZlx2wJx-HtB36YlcmPPv6vjfnzm8jn0sx5oNDxEJSMpDEwsXEHRvOauem50UQzrx9RERpQtJW6WK2=w408-h544-k-no,true,5 am–8 pm,5 am–8 pm,5 am–8 pm,5 am–8 pm,5 am–8 pm,5 am–8 pm,5 am–8 pm,"https://www.google.com/maps/search/tree+service+businesses+in+Portage+Lakes+Akron+OH/@41.0072779,-81.5270617,14z",2026-04-29T04:36:43.220Z,,,,
https://www.google.com/maps/place/Regal+Outdoor+Living/data=!4m7!3m6!1s0x4a6bdd561ae93f09:0x65eca8d6a390184!8m2!3d41.137447!4d-81.5245555!16s%2Fg%2F11spd5z463!19sChIJCT_pGlbda0oRhAE5ao3KXgY,Regal Outdoor Living,4.9,74,Landscaper,,,https://regaloutdoorliving.com/,+1 330-907-9851,Closed · Opens 7 am,https://lh3.googleusercontent.com/gps-cs-s/APNQkAH460NkHyj3rnlT8JYa_J1sUKxgSAEKmeWR0pAUcBA3xLiVqQj5JPa6r_NnI79ZMX6moqN08Q5JUCmYRcpP5KyGQqg3uIvxKJE02l5Uoebf3_dU-Gf7Uw-cmoVMcF0GRxpctLrvm-mYfYsS=w408-h306-k-no,true,7 am–8 pm,7 am–8 pm,7 am–8 pm,9 am–8 pm,7 am–8 pm,7 am–8 pm,7 am–8 pm,"https://www.google.com/maps/search/tree+service+businesses+in+Portage+Lakes+Akron+OH/@41.0072779,-81.5270617,14z",2026-04-29T04:36:48.002Z,,,,
https://www.google.com/maps/place/Litehouse+Pools+%26+Spas/data=!4m7!3m6!1s0x88312a422dc7599d:0x7500ee123d80b9b9!8m2!3d41.021313!4d-81.4911934!16s%2Fg%2F1tf7brfn!19sChIJnVnHLUIqMYgRubmAPRLuAHU,Litehouse Pools & Spas,3.9,144,Swimming pool supply store,"1853 S Arlington St, Akron, OH 44306, United States","2GC5+GG Akron, Ohio, USA",http://www.litehouse.com/,+1 330-773-3396,Closed · Opens 10 am,https://lh3.googleusercontent.com/gps-cs-s/APNQkAGH-iBPr-kcVQsiQO_sSorkcWOsYXI9IxO1WOZE1xbtAjXuPL-1gQVVEbMULeIBqfVMrx8TUNqNBQFh3rJEuq9u-9Q_L7I8Cc9D_5uBBzEw3SyxPtAjMofec447EXwk_pGAgIkvuMmYTg=w528-h240-k-no,true,10 am–8 pm,10 am–8 pm,10 am–8 pm,10 am–6 pm,11 am–5 pm,10 am–8 pm,10 am–8 pm,"https://www.google.com/maps/search/tree+service+businesses+in+Portage+Lakes+Akron+OH/@41.0072779,-81.5270617,14z",2026-04-29T04:36:52.957Z,,,"Supplier of swimming pool & hot tub products & services, plus garden furniture & game-room gear. · In-store shopping · Kerbside pickup · Delivery",
https://www.google.com/maps/place/Above+The+Cut/data=!4m7!3m6!1s0x8831290760da45c7:0xae5ab99021d1d9f5!8m2!3d41.0790104!4d-81.4715317!16s%2Fg%2F1tk4rtbd!19sChIJx0XaYAcpMYgR9dnRIZC5Wq4,Above The Cut,3.3,3,Tree service,"1370 Arnold Ave, Akron, OH 44305, United States","3GHH+J9 Akron, Ohio, USA",,+1 330-431-6917,,https://lh3.googleusercontent.com/gps-cs-s/APNQkAFv9hYl75ybdIokztCIaHhOJgd7kIM0sNrJ3Eu_LFNKcweGRQw7pcCuU04FGx45AqojQ__eQ6cBDLqADrt62hfv0CxViIScfptPFwBLwqjlJLIb12mIcSAxK_ncxyOns-IjjByqCZgAhnVR=w408-h544-k-no,false,,,,,,,,"https://www.google.com/maps/search/tree+service+businesses+in+Portage+Lakes+Akron+OH/@41.0072779,-81.5270617,14z",2026-04-29T04:36:55.926Z,,,,
https://www.google.com/maps/place/E%26H+Ace+Hardware/data=!4m7!3m6!1s0x8830d5a9e3b5e43d:0x498240a1ab223186!8m2!3d41.0122459!4d-81.5533218!16s%2Fg%2F1thkxxkj!19sChIJPeS146nVMIgRhjEiq6FAgkk,E&H Ace Hardware,4.4,1000,Hardware store,"3235 Manchester Rd, Akron, OH 44319, United States","2C6W+VM Akron, Ohio, USA",http://www.acehardware.com/store-details/17750?utm_source=google&utm_medium=local&utm_campaign=localmaps&utm_content=17750,+1 330-645-2424,"Closed · Opens 8 am

Confirmed by this business 3 weeks ago",https://lh3.googleusercontent.com/gps-cs-s/APNQkAGFzEEYus3FYreHwttlrF7ZS_rLh7cR-ncgE3ZiFk8Nl82tr8HpYa1lTciX1e-2dMmPxhlZtaby-_dxZgpZNM8-p8OqYKXJu0leJ0p8isjwyWcvdXB9dapA-rx0g1N7h9S-HAOVPQ=w408-h541-k-no,true,8 am–8 pm,8 am–8 pm,8 am–8 pm,8 am–7 pm,10 am–5 pm,8 am–8 pm,8 am–8 pm,"https://www.google.com/maps/search/tree+service+businesses+in+Portage+Lakes+Akron+OH/@41.0072779,-81.5270617,14z",2026-04-29T04:37:00.765Z,,,"Hardware store stocking household tools, garden supplies, home decor & more. · In-store shopping · In-store pick-up",
https://www.google.com/maps/place/Mosquito+Joe+of+Akron/data=!4m7!3m6!1s0x8830d4cdea50a897:0xc05ba4f9067c99bb!8m2!3d40.9867084!4d-81.5795735!16s%2Fg%2F11ggs8ytmm!19sChIJl6hQ6s3UMIgRu5l8BvmkW8A,Mosquito Joe of Akron,4.9,300,Pest control service,"1540 Eastern Rd Suite 3, New Franklin, OH 44203, United States","XCPC+M5 New Franklin, Ohio, USA",https://mosquitojoe.com/locations/akron/?cid=LSTL_MOJ000193&utm_source=gmb&utm_campaign=local&utm_medium=organic,+1 234-257-2489,Closed · Opens 8 am,https://lh3.googleusercontent.com/gps-cs-s/APNQkAGqUr06R_loLjXmap2nMCftiQM_Q49zMcEshrUOaPoZyzHAYA2OImJKUfUFaxHuKaqfwhexr5S5abVx9fOzGMYmx_i2WvttcK02PT_IYxEw3pMgcNcPvCUFEsdUFGJpbmKEfEUs=w426-h240-k-no,true,8 am–5 pm,8 am–5 pm,8 am–5 pm,8 am–12 pm,Closed,8 am–5 pm,8 am–5 pm,"https://www.google.com/maps/search/tree+service+businesses+in+Portage+Lakes+Akron+OH/@41.0072779,-81.5270617,14z",2026-04-29T04:37:05.607Z,,,,
https://www.google.com/maps/place/Lift+It+Crane+and+Rigging/data=!4m7!3m6!1s0x8830d5478147159d:0x4c3145570ba1937b!8m2!3d39.9523155!4d-86.1548715!16s%2Fg%2F11vlnj5_sm!19sChIJnRVHgUfVMIgRe5OhC1dFMUw,Lift It Crane and Rigging,4.6,9,Crane service,,,https://www.liftitcranes.com/?utm_campaign=gmb,+1 317-660-8951,Open 24 hours,https://lh3.googleusercontent.com/gps-cs-s/APNQkAEEalTnEg2JDqc-d98fcgzE5hr1Q1c5sRvQDCcmxI-feT4-uBY93GkySCgZEC6v3dqsGcviv0HWXFebDsNsbC8RgzXag1noDOEaEeOVXOCAljUDoRWXHEIzt_FQWUI46x1i6bx7Cg=w408-h306-k-no,true,Open 24 hours,Open 24 hours,Open 24 hours,Open 24 hours,Open 24 hours,Open 24 hours,Open 24 hours,"https://www.google.com/maps/search/tree+service+businesses+in+Portage+Lakes+Akron+OH/@41.0072779,-81.5270617,14z",2026-04-29T04:37:10.374Z,,,,
https://www.google.com/maps/place/DR.+YARDS+LLC/data=!4m7!3m6!1s0x6f875a395a141d0d:0x1250addb8808f23b!8m2!3d41.0841035!4d-81.513217!16s%2Fg%2F11vlvz4fth!19sChIJDR0UWjlah28RO_IIiNutUBI,DR. YARDS LLC,4.9,101,Lawn care service,,,,+1 330-396-3484,Closed · Opens 8 am,https://lh3.googleusercontent.com/gps-cs-s/APNQkAG7vchcaCzXuE-Yu6CoY_13MS28A9FTZ2RXj_iuS-Pc6ny9RiJCE0p0FOw32G_hN7B7908Fi69q_ZWbF7k8dU90mT-MpXJHn_-zGOC_xW6Ff2jExlkxD2zoXQiMzWRCmjae9ruFsnztYk1x=w408-h544-k-no,true,8 am–8 pm,8 am–8 pm,8 am–8 pm,8 am–8 pm,8 am–8 pm,8 am–8 pm,8 am–8 pm,"https://www.google.com/maps/search/tree+service+businesses+in+Portage+Lakes+Akron+OH/@41.0072779,-81.5270617,14z",2026-04-29T04:37:15.115Z,,,,
https://www.google.com/maps/place/Brush+Bandit+Tree/data=!4m7!3m6!1s0x88372a49c1e55e0f:0x53953c6c34692355!8m2!3d40.9928465!4d-81.5875339!16s%2Fg%2F1thbx9z7!19sChIJD17lwUkqN4gRVSNpNGw8lVM,Brush Bandit Tree,3.8,32,Tree service,,,https://brushbandittree.com/,+1 330-882-4094,Open 24 hours,https://lh3.googleusercontent.com/gps-cs-s/APNQkAHR9_z2WjukrPzQiBqSltFiW17qGDRQC3mK4xoB8x01472lIzzaN7YomO6FCO3-swi3tQQLifW0XXnpbiNPdKB_CAqLlk1wOu__ZFl-AFDn9VuG9J5hryvGqCc_2vTKHhdlVJZ8=w408-h306-k-no,true,Open 24 hours,Open 24 hours,Open 24 hours,Open 24 hours,Open 24 hours,Open 24 hours,Open 24 hours,"https://www.google.com/maps/search/tree+service+businesses+in+Portage+Lakes+Akron+OH/@41.0072779,-81.5270617,14z",2026-04-29T04:37:20.067Z,,,,
"https://www.google.com/maps/place/Your+Outdoor+Oasis,+LLC/data=!4m7!3m6!1s0xacd10fcb0825051f:0x17543d970495b51c!8m2!3d41.1893564!4d-81.7884365!16s%2Fg%2F11l5jfhg7z!19sChIJHwUlCMsP0awRHLWVBJc9VBc","Your Outdoor Oasis, LLC",5.0,35,Tree service,,,https://www.oasistree.net/,+1 330-592-8817,Closed · Opens 8 am,https://lh3.googleusercontent.com/gps-cs-s/APNQkAEx6BHDYK2UhwFdSkf9S-SJQuejxpURS01dsjsZR-ojXN5QT2aRH29tKO8dlRsynX0nyV0QEUt1vf-Tr9BxtN0YTOrp495uHnjtruS2AtC-4gXX8iYj-K1RB_5Gw1F-PMffYagf=w408-h544-k-no,true,8 am–10 pm,8 am–10 pm,8 am–10 pm,8 am–10 pm,8 am–10 pm,8 am–10 pm,8 am–10 pm,"https://www.google.com/maps/search/tree+service+businesses+in+Portage+Lakes+Akron+OH/@41.0072779,-81.5270617,14z",2026-04-29T04:37:24.807Z,,,,
https://www.google.com/maps/place/UZF+Shipping/data=!4m7!3m6!1s0x8830d58763496d8f:0xa6aef87d60b130d5!8m2!3d40.706565!4d-82.2474949!16s%2Fg%2F11lfh4yjtr!19sChIJj21JY4fVMIgR1TCxYH34rqY,UZF Shipping,5.0,99,Shipping company,,,https://www.uzfship.com/,+1 234-650-1920,Closed · Opens 9 am,https://lh3.googleusercontent.com/gps-cs-s/APNQkAFbEwzkBdyKlZfZbXz9sp9oYqu1LwPUl8S6QR5jcDT59XMPnuRKfhQem6ziq6zq5au64eB5tpwGvL9fW1HuSIecMe2lQAiHaj8_ngujLPt-bBrW_xvnRrshIoVTG72wXqIX8sGZqTu2-GIi=w408-h544-k-no,true,9 am–9 pm,9 am–9 pm,9 am–9 pm,9 am–9 pm,9 am–9 pm,9 am–9 pm,9 am–9 pm,"https://www.google.com/maps/search/tree+service+businesses+in+Portage+Lakes+Akron+OH/@41.0072779,-81.5270617,14z",2026-04-29T04:37:29.562Z,LGBTQ+ friendly,,,
https://www.google.com/maps/place/4+Season%27s+Services+Lawn+Treatments/data=!4m7!3m6!1s0x88312a7368b3d44f:0x7c6c2f47c129681d!8m2!3d41.0369805!4d-81.6007174!16s%2Fg%2F12cp37f91!19sChIJT9SzaHMqMYgRHWgpwUcvbHw,4 Season's Services Lawn Treatments,4.6,9,Lawn care service,,,http://www.4seasonsservices.net/,+1 330-620-6200,Closed · Opens 7:30 am,https://lh3.googleusercontent.com/gps-cs-s/APNQkAHiv7MVwgXBdWCNPOuHSGNrliI6Ic8X6HB9SJXEVCqWQk81zuTUgvfMd76AiOp0A6iYJrmbXxqbwAgL0NhqdnM7WDUuWlX43QEHsGX107BDbyDMHuv61itPfxGa92zS1KWPfdGNKw=w408-h306-k-no,true,7:30 am–7 pm,7:30 am–7 pm,7:30 am–7 pm,7:30 am–7 pm,Closed,7:30 am–7 pm,7:30 am–7 pm,"https://www.google.com/maps/search/tree+service+businesses+in+Portage+Lakes+Akron+OH/@41.0072779,-81.5270617,14z",2026-04-29T04:37:34.234Z,,,,
https://www.google.com/maps/place/Vics+Quality+Lawn+Care/data=!4m7!3m6!1s0x4d5ad1034b789c4b:0x3822f03408825c03!8m2!3d41.073198!4d-81.5278674!16s%2Fg%2F11tmxplhrk!19sChIJS5x4SwPRWk0RA1yCCDTwIjg,Vics Quality Lawn Care,4.9,137,Lawn care service,,,https://www.vicsqualitylawncare.com/,+1 330-671-6368,Closed · Opens 7:30 am,https://lh3.googleusercontent.com/gps-cs-s/APNQkAE4W8qCU1PKBdiV5PnkL1DTjByBmHJBZ1eUK1xXCLEDoH8W5aQ9k3O1sM701rXGqOlGgoirK_63ycJ-UhKMUp7lAIVtGgYGf563UQMNqh8APweiGa2D2i7WGypA-LECnL6iRwuIqw=w408-h544-k-no,true,7:30 am–3:30 pm,7:30 am–3:30 pm,7:30 am–3:30 pm,Closed,Closed,7:30 am–3:30 pm,7:30 am–3:30 pm,"https://www.google.com/maps/search/tree+service+businesses+in+Portage+Lakes+Akron+OH/@41.0072779,-81.5270617,14z",2026-04-29T04:37:39.065Z,,,,
https://www.google.com/maps/place/Van+Tassel+Feed+%26+Garden+Center/data=!4m7!3m6!1s0x8830d4fd49ff6683:0xf23ce9431bb4f956!8m2!3d41.0022916!4d-81.56112!16s%2Fg%2F1tdky9w5!19sChIJg2b_Sf3UMIgRVvm0G0PpPPI,Van Tassel Feed & Garden Center,4.5,74,Garden center,"3569 E State St, Barberton, OH 44203, United States","2C2Q+WH Barberton, Ohio, USA",,+1 330-745-7026,Closed · Opens 11 am,https://lh3.googleusercontent.com/gps-cs-s/APNQkAGGMiO4DHujhRfiZqT4gclstXeyh9qkHwhPnmcb3HeduIDj4xzsU_XE7GUNFnemyTlKgCfZyrnShWcqnS8blG1OA4JMytOE34lOmuqlOp9hXRehyn5w9h2Ud8ORjAy4mUR_4iM45g=w408-h544-k-no,true,11 am–6 pm,11 am–6 pm,11 am–6 pm,11 am–6 pm,12–6 pm,11 am–6 pm,11 am–6 pm,"https://www.google.com/maps/search/tree+service+businesses+in+Portage+Lakes+Akron+OH/@41.0072779,-81.5270617,14z",2026-04-29T04:37:44.463Z,,,,
https://www.google.com/maps/place/Summit+Fence/data=!4m7!3m6!1s0x4d085528bcee1d57:0x51a45a616d261b86!8m2!3d40.984354!4d-81.4733893!16s%2Fg%2F11vt4nbx76!19sChIJVx3uvChVCE0RhhsmbWFapFE,Summit Fence,5.0,93,Fence contractor,"2923 Pickle Rd, Akron, OH 44312, United States","XGMG+PJ Akron, Ohio, USA",https://summitfences.com/,+1 234-521-2351,Closed · Opens 8 am,https://lh3.googleusercontent.com/gps-cs-s/APNQkAGQ3qc_qV1F7py84WYGSXHYMlVmlxAzK5x3M5BCXDmYWtkx_rmvqhKDMQdG51bJaQbQFJZXgnilnL_iPQvNXCgjPxFiPgREkw8SUGUiQv83VhDlqiLHcpLnYfiTDSrRpv1C_qBT=w408-h882-k-no,true,8 am–5 pm,8 am–5 pm,8 am–5 pm,Closed,Closed,8 am–5 pm,8 am–5 pm,"https://www.google.com/maps/search/tree+service+businesses+in+Portage+Lakes+Akron+OH/@41.0072779,-81.5270617,14z",2026-04-29T04:37:49.729Z,,,,
https://www.google.com/maps/place/ABC+Supply+Co.+Inc./data=!4m7!3m6!1s0x88312a49b9a242a3:0x29b0e6bf224da093!8m2!3d41.0248031!4d-81.4793167!16s%2Fg%2F1td4qbx9!19sChIJo0KiuUkqMYgRk6BNIr_msCk,ABC Supply Co. Inc.,4.4,125,Roofing supply store,"1320 Starlight Dr, Akron, OH 44306, United States","2GFC+W7 Akron, Ohio, USA",https://www.abcsupply.com/locations/location?BranchNumber=120,+1 330-785-7000,"Closed · Opens 7 am

Updated by others 1 week ago",https://lh3.googleusercontent.com/gps-cs-s/APNQkAFvI5XgrKhUmjzwJW2MXXXZ-O7XdlSW4QR_yCJfp8jS_bopDAyKrmWB307MW3JiFuhlPQkpjecldJEy48HqsRnzW-Y0txNARdbic2pEiQlp30-U4-ctmBnFWVkIWjDuns6zllCA8Q=w426-h240-k-no,true,7 am–4:30 pm,7 am–4:30 pm,7 am–4:30 pm,7–11 am,Closed,7 am–4:30 pm,7 am–4:30 pm,"https://www.google.com/maps/search/tree+service+businesses+in+Portage+Lakes+Akron+OH/@41.0072779,-81.5270617,14z",2026-04-29T04:37:54.880Z,,,"Chain with an assortment of building materials for roofing, plus doors, windows, railings & more. · In-store shopping · In-store pick-up · Delivery",
"https://www.google.com/maps/place/Pro+Tree+%26+Landscape+Co+Inc./@46.423669,-129.9427085,3z/data=!3m1!4b1!4m6!3m5!1s0x8831290354568c45:0xfe76b91f6874e35a!8m2!3d46.423669!4d-129.9427086!16s%2Fg%2F11fpkvxc2f",Pro Tree & Landscape Co Inc.,4.3,7,Tree service,,,http://www.protreeohio.com/,+1 330-929-1102,Closed · Opens 8 am,,true,8 am–5 pm,8 am–5 pm,8 am–5 pm,8 am–5 pm,Closed,8 am–5 pm,8 am–5 pm,"https://www.google.com/maps/search/tree+service+businesses+in+Portage+Lakes+Akron+OH/@41.0072779,-81.5270617,14z",2026-04-29T04:38:01.507Z,,,,
https://www.google.com/maps/place/Wind+Tree+Service/data=!4m7!3m6!1s0x8831296fcea1b4ff:0x3dad9776ec71a128!8m2!3d41.128835!4d-81.5400115!16s%2Fg%2F1hc1b5m0g!19sChIJ_7Shzm8pMYgRKKFx7HaXrT0,Wind Tree Service,3.7,9,Tree service,,,,+1 330-302-3488,Open 24 hours,https://lh3.googleusercontent.com/gps-cs-s/APNQkAGBXFQe9qpR2nB8tUM2gCSMgT0lnKZEUXJ1yG1UIHjCXbue78ZEel92Dq0ZlaNdpwH6lcTC_xJkwgJWC3B3koUHupWuC5_wKxwimiAyWyoqRf8xJ3FKcAg4FdlrgeQPezr-gLHNkw=w630-h240-k-no,true,Open 24 hours,Open 24 hours,Open 24 hours,Open 24 hours,Open 24 hours,Open 24 hours,Open 24 hours,"https://www.google.com/maps/search/tree+service+businesses+in+Portage+Lakes+Akron+OH/@41.0072779,-81.5270617,14z",2026-04-29T04:38:06.506Z,,,,
https://www.google.com/maps/place/The+Davey+Tree+Expert+Company/data=!4m7!3m6!1s0x88312726c2eb7bbd:0x83d5807dd304d44a!8m2!3d41.1917923!4d-81.4735963!16s%2Fg%2F1tfp_h18!19sChIJvXvrwiYnMYgRStQE032A1YM,The Davey Tree Expert Company,4.1,54,Tree service,"4576 Allen Rd, Stow, OH 44224, United States","5GRG+PH Stow, Ohio, USA",https://www.davey.com/residential-tree-services/local-offices/akron-tree-service-and-lawn-service/?utm_source=gmb&utm_medium=organic&utm_campaign=rc_akron,+1 330-968-2548,"Closed · Opens 8 am

Updated by this business 10 weeks ago",https://lh3.googleusercontent.com/gps-cs-s/APNQkAFndVxRoZmF1qCmNj157pHmD5zU-L4OjfwaPMQX1SbzWuwrdSkNw7T9MtAUDuFsvuwdsKWzIKYPV1-_Ev-HPD79p-IBRZLKB_tBsR0Gz3yWgxVADY3D-L7XnAaQ4ZCOiJBiN1DZvQ=w408-h271-k-no,true,8 am–5 pm,8 am–5 pm,8 am–5 pm,Closed,Closed,8 am–5 pm,8 am–5 pm,"https://www.google.com/maps/search/tree+service+businesses+in+Portage+Lakes+Akron+OH/@41.0072779,-81.5270617,14z",2026-04-29T04:38:11.395Z,,,,
https://www.google.com/maps/place/Pence+Bros/data=!4m7!3m6!1s0x88312c8c2a981761:0x2431818c35874c92!8m2!3d40.997374!4d-81.468101!16s%2Fg%2F1tgcb4pt!19sChIJYReYKowsMYgRkkyHNYyBMSQ,Pence Bros,4.8,249,Siding contractor,"1553 Killian Rd, Akron, OH 44312, United States","XGWJ+WQ Akron, Ohio, USA",https://pencebros.com/,+1 330-606-7905,Closed · Opens 8 am,https://lh3.googleusercontent.com/gps-cs-s/APNQkAHhXyP2MPfyMjySSDb74sBFVNnZp5ugX0bWE7_VOBooi2Ke2u5UJay2vurYtjHNaRa79DNzWGcFWpm53qU0fY41PufOYrUrSJle4ehE9ZdgWSXJcxQcKn4GJIA_WEzOUWeeTx-F2UHHtj0o=w408-h306-k-no,true,8 am–5 pm,8 am–5 pm,8 am–5 pm,Closed,Closed,8 am–5 pm,8 am–5 pm,"https://www.google.com/maps/search/tree+service+businesses+in+Portage+Lakes+Akron+OH/@41.0072779,-81.5270617,14z",2026-04-29T04:38:16.290Z,,,,
https://www.google.com/maps/place/Phoenix+Auto+Repair/data=!4m7!3m6!1s0x88312b5dc92fe595:0xe82645337db35ce7!8m2!3d41.0190132!4d-81.4910163!16s%2Fg%2F11j7vybnk3!19sChIJleUvyV0rMYgR51yzfTNFJug,Phoenix Auto Repair,4.6,67,Auto repair shop,"1929 S Arlington St, Akron, OH 44306, United States","2G95+JH Akron, Ohio, USA",,+1 234-817-8373,Closed · Opens 8 am,https://lh3.googleusercontent.com/gps-cs-s/APNQkAEdKDREQ3pCRJataPbcUd9o4JN2dCwsdY9g8-rtbwqAFmppaDTq2LuarOSb2T1KxlaQ281X_bw5wWE0aNtmn1cUNlSoKOzqSZpMonw-26reHApt-rmxsdNSOP0pzmi46yMZdWg82Q=w408-h306-k-no,true,8 am–5 pm,8 am–5 pm,8 am–4 pm,Closed,Closed,8 am–5 pm,8 am–5 pm,"https://www.google.com/maps/search/tree+service+businesses+in+Portage+Lakes+Akron+OH/@41.0072779,-81.5270617,14z",2026-04-29T04:38:21.141Z,,,,
https://www.google.com/maps/place/Gregory+Roll-Off+Containers/data=!4m7!3m6!1s0xa9f2d4a45b38f387:0xbbe6a873ba5998b6!8m2!3d41.3635662!4d-81.5875339!16s%2Fg%2F11t0w9b5ql!19sChIJh_M4W6TU8qkRtphZunOo5rs,Gregory Roll-Off Containers,5.0,140,Dumpster rental service,,,https://www.gregoryrolloffcontainers.com/,+1 330-620-7899,Open 24 hours,https://lh3.googleusercontent.com/gps-cs-s/APNQkAE7JvGD2l9fAMbx7aq6m2daktyrq5FKKyOsaiZQPbNEDzifdR26-UIohvVSqLYqGgQyfEj0Z_Tu34k1bBHgoHByZhhuY6SOW1YPP-QPAEtfs1IRYtUn2z2bIeKiiP49VP5j7DN8=w426-h240-k-no,true,Open 24 hours,Open 24 hours,Open 24 hours,Open 24 hours,Open 24 hours,Open 24 hours,Open 24 hours,"https://www.google.com/maps/search/tree+service+businesses+in+Portage+Lakes+Akron+OH/@41.0072779,-81.5270617,14z",2026-04-29T04:38:26.108Z,,,,
https://www.google.com/maps/place/Element+Arbor/data=!4m7!3m6!1s0x88312bfc45dca45b:0x5829283c87194bdb!8m2!3d41.1740364!4d-81.58186!16s%2Fg%2F11fr0df04k!19sChIJW6TcRfwrMYgR20sZhzwoKVg,Element Arbor,4.5,8,Tree service,,,https://www.ohioarborists.com/,+1 330-524-5324,Open 24 hours,https://lh3.googleusercontent.com/gps-cs-s/APNQkAFjifTu4M1j9PtmK3bCOfFgAZbRrXHPuDHfR2eLqHsoOXou6pU7WqTuL9_W5vlhDmesCelhy9qtDbREVJk4cD5UqoxFBPjsI58U55lOhVCRPq0gVwkFR5ZNkDfMNP0orwm0pmMHvA=w408-h544-k-no,true,Open 24 hours,Open 24 hours,Open 24 hours,Open 24 hours,Open 24 hours,Open 24 hours,Open 24 hours,"https://www.google.com/maps/search/tree+service+businesses+in+Portage+Lakes+Akron+OH/@41.0072779,-81.5270617,14z",2026-04-29T04:38:31.022Z,,,,
https://www.google.com/maps/place/Novak%27s+Lawn+%26+Tree+Service/data=!4m7!3m6!1s0x8830d5a5cf119a59:0xd24cc0eb781050be!8m2!3d41.0204922!4d-81.5831661!16s%2Fg%2F11p01xybm5!19sChIJWZoRz6XVMIgRvlAQeOvATNI,Novak's Lawn & Tree Service,4.4,16,Tree service,"623 Franklin Ave, Barberton, OH 44203, United States","2CC8+5P Barberton, Ohio, USA",,+1 330-201-7846,Temporarily closed,https://lh3.googleusercontent.com/gps-cs-s/APNQkAFqokNSTVVrmVQZhV2eb7khhhgdP8ohPOQWGor7kT94wMq4N5DeUUU3Js9BbyPImgqJyJ0yiY2yxusHE5mgiDFv-r1R01CCUv2ZhuqsAPySfBgas4KsRenN5uFa4smciFdr3Dj8=w426-h240-k-no,true,,,,,,,,"https://www.google.com/maps/search/tree+service+businesses+in+Portage+Lakes+Akron+OH/@41.0072779,-81.5270617,14z",2026-04-29T04:38:35.858Z,,,,
https://www.google.com/maps/place/Zaccheus+Tree+Company+LLC/data=!4m7!3m6!1s0x88374935891c804f:0x6ddb3dfd962bc068!8m2!3d40.9913985!4d-81.5655146!16s%2Fg%2F11h3l61p0r!19sChIJT4AciTVJN4gRaMArlv09220,Zaccheus Tree Company LLC,5.0,50,Tree service,,,,+1 330-690-6842,,https://lh3.googleusercontent.com/gps-cs-s/APNQkAHeylDeukEPpI109mD9xZZ2Y9jWL6LX5Y6qu5_Gm-9ve1St6WwQD4Se_XB7sjltvTJVhkwx19g6dkuQBgvBzMRp8QMK3P_uoZ0WF39MJ_J1-absTkmo66x02JCE6LHnNrDD_sLk=w426-h240-k-no,true,,,,,,,,"https://www.google.com/maps/search/tree+service+businesses+in+Portage+Lakes+Akron+OH/@41.0072779,-81.5270617,14z",2026-04-29T04:38:38.832Z,,,,
https://www.google.com/maps/place/Bryson+Landscaping+Inc/data=!4m7!3m6!1s0x883129cd1d692519:0xe4be40e35f17b2e3!8m2!3d41.0805953!4d-81.3949908!16s%2Fg%2F11h8bc492z!19sChIJGSVpHc0pMYgR47IXX-NAvuQ,Bryson Landscaping Inc,4.3,23,Landscaper,"1405 Newton St, Tallmadge, OH 44278, United States","3JJ4+62 Tallmadge, Ohio, USA",https://www.brysonlandscapingakron.com/,+1 330-625-9675,Closed · Opens 9 am,https://lh3.googleusercontent.com/gps-cs-s/APNQkAEIpCOkXsnDxCllZx9p97nZ9h36YByPXxQMX_MgAyku0RC8xgHS0DlBzIi-ReJ2Q1wt9Ontvg1cd6vdWqMlcwIjHGCVtzhCXfo9pW3RgH7rxfK33FfHqT1eW9ms_T32mi9tXzJykg=w408-h306-k-no,true,9 am–5 pm,9 am–5 pm,9 am–5 pm,Closed,Closed,9 am–5 pm,9 am–5 pm,"https://www.google.com/maps/search/tree+service+businesses+in+Tallmadge+Akron+OH/@41.1014451,-81.441779,14z",2026-04-29T04:38:56.837Z,,,,
https://www.google.com/maps/place/First+Choice+Landscaping+and+Lawn+Maintenance+LLC/data=!4m7!3m6!1s0x88312fd5e59bedc5:0x4d473e9f330b05e9!8m2!3d41.0904403!4d-81.4232523!16s%2Fg%2F11y4qlp1nk!19sChIJxe2b5dUvMYgR6QULM58-R00,First Choice Landscaping and Lawn Maintenance LLC,5.0,64,Lawn care service,"401 N Elm Ave, Tallmadge, OH 44278, United States","3HRG+5M Tallmadge, Ohio, USA",https://brand.page/Firstchoicelandscapingandlawnmaintenancellc,+1 330-447-6972,Open 24 hours,https://lh3.googleusercontent.com/gps-cs-s/APNQkAFB5W5WauEQRmkRDtZpEDM0FgS9XkjxR-f20K3-LqnynHWq_jMS-IXWAKuNQ4h_SbM_oI4tOY9nYAqwPkFFyMKsnNdDMAVpBXwz7nMert6EBnFwZQJ87gi4ycAEGTDZr0vBPZrvEy5sONY=w408-h307-k-no,true,Open 24 hours,Open 24 hours,Open 24 hours,Open 24 hours,Open 24 hours,Open 24 hours,Open 24 hours,"https://www.google.com/maps/search/tree+service+businesses+in+Tallmadge+Akron+OH/@41.1014451,-81.441779,14z",2026-04-29T04:39:02.083Z,,,,
https://www.google.com/maps/place/Willow+Hill+LLC/data=!4m7!3m6!1s0x883129265c015555:0xa1a791e5be1c7366!8m2!3d41.123147!4d-81.4818024!16s%2Fg%2F11ggnjlnw3!19sChIJVVUBXCYpMYgRZnMcvuWRp6E,Willow Hill LLC,4.9,60,Lawn care service,,,http://willowhilllawnandlandscaping.com/,+1 330-907-0693,,https://lh3.googleusercontent.com/gps-cs-s/APNQkAGH9HjPcU_0Or8q0Pl1XNqKoFLKVpiBou1H2kNO3B6H0-zY5ApKHaHY8jkRhGpQ0L9zjeSqrJ1ubtUGJQ_y5tNXlEDv3-yPgGUz9Cxhl4YgTD5qFEt0k_6uRwYNWCLXpkWtuBF9=w408-h873-k-no,true,9 am–5 pm,9 am–5 pm,9 am–5 pm,9 am–5 pm,9 am–5 pm,9 am–5 pm,9 am–5 pm,"https://www.google.com/maps/search/tree+service+businesses+in+Tallmadge+Akron+OH/@41.1014451,-81.441779,14z",2026-04-29T04:39:07.190Z,,,,
https://www.google.com/maps/place/D%26D+Landscaping+Services/data=!4m7!3m6!1s0x883129abdc3a91c5:0xa2bebd0f5622f760!8m2!3d41.0975333!4d-81.4286865!16s%2Fg%2F11ftm6sdzx!19sChIJxZE63KspMYgRYPciVg-9vqI,D&D Landscaping Services,4.9,69,Landscaper,"95 Sara Bern Dr, Tallmadge, OH 44278, United States","3HXC+2G Tallmadge, Ohio, USA",http://ddlandscapers.com/,+1 234-738-2527,Closed · Opens 9 am,https://lh3.googleusercontent.com/gps-cs-s/APNQkAE5zG-bfoPm1Mqu50e9xPmVPmcLihF4oRut9AkNMQm7QsjBw1ZtgDAV2j8Lzs9f0gFxk5GhlA8DAIaCDLVOzwJURuK1_PVIRSv-0onfYgXP8j3kaNGF-n3nIBomxdyAd0Q94IcLuyOumHEK=w408-h306-k-no,true,9 am–9 pm,9 am–9 pm,9 am–9 pm,9 am–9 pm,Closed,9 am–9 pm,9 am–9 pm,"https://www.google.com/maps/search/tree+service+businesses+in+Tallmadge+Akron+OH/@41.1014451,-81.441779,14z",2026-04-29T04:39:12.179Z,,,,
https://www.google.com/maps/place/Jake+the+Tree+Guy+LLC/data=!4m7!3m6!1s0x23f2a4388c2c1423:0x239f29f7b97b8105!8m2!3d41.1797421!4d-81.4521096!16s%2Fg%2F11thpbdsgs!19sChIJIxQsjDik8iMRBYF7ufcpnyM,Jake the Tree Guy LLC,5.0,53,Tree service,"4066 Red Wing Trail, Stow, OH 44224, United States","5GHX+V5 Stow, Ohio, USA",,+1 330-595-9003,Open 24 hours,https://lh3.googleusercontent.com/gps-cs-s/APNQkAHuwz-r1rA5aL8Y4-gPGcQigDaWn-KDMTGrYTLiqveRko7w-QKexyyEnQTpWyUH_JYZ0gsKItzyTJ5H9E7xnghLPiPIOfCHfF0-YLX0-2URalqRPkRJN-l2WlrcEMTg_zCsFVVFZHAsiAcr=w408-h544-k-no,true,Open 24 hours,Open 24 hours,Open 24 hours,Open 24 hours,Open 24 hours,Open 24 hours,Open 24 hours,"https://www.google.com/maps/search/tree+service+businesses+in+Tallmadge+Akron+OH/@41.1014451,-81.441779,14z",2026-04-29T04:39:17.115Z,LGBTQ+ friendly,,,
"https://www.google.com/maps/place/Ground+Pro,+LLC./data=!4m7!3m6!1s0x8830d36e3b640cef:0x91da184e4cd56b93!8m2!3d41.0932263!4d-81.469252!16s%2Fg%2F11j43sbmnb!19sChIJ7wxkO27TMIgRk2vVTE4Y2pE","Ground Pro, LLC.",4.7,63,Landscaper,"1130 Brittain Rd, Akron, OH 44305, United States","3GVJ+77 Akron, Ohio, USA",http://thegroundpro.com/,+1 330-642-4776,Closed · Opens 7 am,https://lh3.googleusercontent.com/gps-cs-s/APNQkAG0ZxCdE2KL5yCmp_oL2E7bdbDTqD4xhPe2CFy1ZZ9Ic44gRH-me33oNEWPpob4c8A6R3sNEtj9OqXJ_vPrG2KZqJQ3xqqnVJ9MG17-DwEgr-YvexHtYixedkWIomdgCOaBEiyznw=w408-h272-k-no,true,7 am–5 pm,7 am–5 pm,7 am–5 pm,Closed,Closed,7 am–5 pm,7 am–5 pm,"https://www.google.com/maps/search/tree+service+businesses+in+Tallmadge+Akron+OH/@41.1014451,-81.441779,14z",2026-04-29T04:39:21.957Z,,,,
"https://www.google.com/maps/place/Roberts+Landscaping+%26+Lawn+Care,+LLC/data=!4m7!3m6!1s0x88312ed33c22158b:0xf925be3cb6d44c92!8m2!3d41.1036111!4d-81.4062346!16s%2Fg%2F1tdcxr56!19sChIJixUiPNMuMYgRkkzUtjy-Jfk","Roberts Landscaping & Lawn Care, LLC",4.4,22,Lawn care service,"115 Milton Dr, Tallmadge, OH 44278, United States","4H3V+CG Tallmadge, Ohio, USA",http://www.robertslandscaping.us/,+1 330-701-8295,Closed · Opens 7 am,https://lh3.googleusercontent.com/gps-cs-s/APNQkAHj4WsCIK0AQDIZsaR7Rkb-7nJhcdtNh6e8XZLVE_Cq0jLHCe04O6aQdZjZpl-20cvr7AvFoduA6E0NmskMhFZX4lm_uGP8zb-WuXPHmgfhP7rvNf54JheQYHpDY4BofmiUnrY=w408-h306-k-no,true,7 am–7 pm,7 am–7 pm,7 am–7 pm,8 am–4 pm,Closed,7 am–7 pm,7 am–7 pm,"https://www.google.com/maps/search/tree+service+businesses+in+Tallmadge+Akron+OH/@41.1014451,-81.441779,14z",2026-04-29T04:39:26.819Z,,,,
https://www.google.com/maps/place/McKenzie+Tree+And+Lawn/data=!4m7!3m6!1s0x88312f2e068d56e1:0x22fe314aa15de7b6!8m2!3d40.9928465!4d-81.5875339!16s%2Fg%2F11dxdpdsy7!19sChIJ4VaNBi4vMYgRtuddoUox_iI,McKenzie Tree And Lawn,3.6,29,Tree service,,,,+1 330-734-7750,Closed · Opens 8 am,https://lh3.googleusercontent.com/gps-cs-s/APNQkAHiCeh_WWuh_Bghzxg3_oTdLznFBC3hnWuGUHr7WVgGlqLSYSCzYj1GL1tUu0IXNi_OeMbItsL2p8acD1pt26E4uixRrPmvrzpKqNzv546IkDy91m-pnyospsvHMcgOzGS7xKp5ow=w408-h725-k-no,true,8 am–5 pm,8 am–5 pm,8 am–5 pm,9 am–12 am,Closed,8 am–5 pm,8 am–5 pm,"https://www.google.com/maps/search/tree+service+businesses+in+Tallmadge+Akron+OH/@41.1014451,-81.441779,14z",2026-04-29T04:39:31.556Z,,,,
https://www.google.com/maps/place/Petitti+Garden+Centers/data=!4m7!3m6!1s0x883128ebaf893fb5:0xc197af671d123f7b!8m2!3d41.100775!4d-81.4533259!16s%2Fg%2F1tdb0bh6!19sChIJtT-Jr-soMYgRez8SHWevl8E,Petitti Garden Centers,4.5,449,Garden center,"311 West Ave, Tallmadge, OH 44278, United States","4G2W+8M Tallmadge, Ohio, USA",https://www.petittigardencenter.com/locations/tallmadge/,+1 330-633-2394,Closed · Opens 9 am,https://lh3.googleusercontent.com/gps-cs-s/APNQkAHPGXInwH6f0_x2XdtgkCyWPLj6UHtJAPuHUH5bxwzzuEReGQcjZe4EmcOomgnQBS4iD-Isl-2wLtsVMwh3cN7goE9hB8ioeO1zUczGRRCdNaf57_f9HTocPbq1DGP4DhSW4Vsefw=w426-h240-k-no,true,9 am–8 pm,9 am–8 pm,9 am–8 pm,9 am–8 pm,9 am–7 pm,9 am–8 pm,9 am–8 pm,"https://www.google.com/maps/search/tree+service+businesses+in+Tallmadge+Akron+OH/@41.1014451,-81.441779,14z",2026-04-29T04:39:36.434Z,,,Family-owned retailer selling locally grown plants plus supplies & equipment for gardening. · Kerbside pickup · Delivery,
"https://www.google.com/maps/place/Mckenzie%27s+Lawn+Service,+LLC/data=!4m7!3m6!1s0x88312912a21c225d:0x97c2b181de13224d!8m2!3d41.1046766!4d-81.4352348!16s%2Fg%2F11ddwwtjzc!19sChIJXSIcohIpMYgRTSIT3oGxwpc","Mckenzie's Lawn Service, LLC",4.5,26,Lawn care service,"162 Northeast Ave #331, Tallmadge, OH 44278, United States","4H37+VW Tallmadge, Ohio, USA",,+1 330-328-4831,Closed · Opens 7 am,https://lh3.googleusercontent.com/gps-cs-s/APNQkAFx0iBQZqIGUQUP8cLXQXUYIwTJJmBECdD-H-OyFfGbp90dSqTSiv_eOMIjpYPMkF7VeQIfJKaCy3TDX8K-zD8TRFT2Gz5221QLJJtsCuvF6H_khfSOh9p8EFmeEkfdkLRGmMI7KgJ0VIs=w408-h306-k-no,true,7 am–5 pm,7 am–5 pm,7 am–5 pm,Closed,Closed,7 am–5 pm,7 am–5 pm,"https://www.google.com/maps/search/tree+service+businesses+in+Tallmadge+Akron+OH/@41.1014451,-81.441779,14z",2026-04-29T04:39:41.447Z,,,,
https://www.google.com/maps/place/Grassroots+Exterior+Excellence/data=!4m7!3m6!1s0x60023a238c000d73:0x2b1462202e285212!8m2!3d41.0881355!4d-81.4451729!16s%2Fg%2F11xmtyvffj!19sChIJcw0AjCM6AmARElIoLiBiFCs,Grassroots Exterior Excellence,4.9,14,Landscaper,"102 Nutwood Dr, Tallmadge, OH 44278, United States","3HQ3+7W Tallmadge, Ohio, USA",https://grassrootsexteriors.com/,+1 330-812-7038,Closed · Opens 7 am,https://lh3.googleusercontent.com/gps-cs-s/APNQkAFDPevfWR-1Ii1PBZ0lm1nTJEtTuwWhJJ11q4G1YXgAUuLEqHKT4HWSyNEkrQOgd_z7OSSTdP_ZvRh_rmMwweOZp36Zuz3h9U3HgGNEFfsdAkwDC0itS4NHnj2LhWuQeubpoc1ZLHLknGQ=w408-h510-k-no,true,7 am–7 pm,7 am–7 pm,7 am–7 pm,8 am–7 pm,8 am–5 pm,7 am–7 pm,7 am–7 pm,"https://www.google.com/maps/search/tree+service+businesses+in+Tallmadge+Akron+OH/@41.1014451,-81.441779,14z",2026-04-29T04:39:46.541Z,LGBTQ+ friendly,,,
https://www.google.com/maps/place/Trident+Restoration/data=!4m7!3m6!1s0x8831296bcfa38d45:0x1d4e5857413ce32c!8m2!3d41.0971927!4d-81.4652656!16s%2Fg%2F11j4wgcng5!19sChIJRY2jz2spMYgRLOM8QVdYTh0,Trident Restoration,4.6,133,Water damage restoration service,"228 S Thomas Rd, Tallmadge, OH 44278, United States","3GWM+VV Tallmadge, Ohio, USA",https://trident-restoration.com/,+1 330-409-8000,Open 24 hours,https://lh3.googleusercontent.com/gps-cs-s/APNQkAElaWKJrUo6OLi9HGzaF6t3rXYRV-TZoRyYbye_SwWzxLAUdQ2VIbHGUjXkcwWr5REWw__j0LYDnr09psYM-SWnvPYRvOfeGwF19KeP2bh0hjw7jdZyZ48X00epfSeuJ3pKaJg=w408-h306-k-no,true,Open 24 hours,Open 24 hours,Open 24 hours,Open 24 hours,Open 24 hours,Open 24 hours,Open 24 hours,"https://www.google.com/maps/search/tree+service+businesses+in+Tallmadge+Akron+OH/@41.1014451,-81.441779,14z",2026-04-29T04:39:58.144Z,,,,
https://www.google.com/maps/place/Nicks+%27n%27+Cuts+Lawn+Maintenance/data=!4m7!3m6!1s0x88312811c8625c39:0x690ad43bc27e3ac7!8m2!3d41.0725575!4d-81.4855243!16s%2Fg%2F11bychm8sb!19sChIJOVxiyBEoMYgRxzp-wjvUCmk,Nicks 'n' Cuts Lawn Maintenance,4.1,9,Lawn care service,"104 N Case Ave, Akron, OH 44305, United States","3GF7+2Q Akron, Ohio, USA",,+1 330-328-3213,,https://streetviewpixels-pa.googleapis.com/v1/thumbnail?panoid=7vvd1-ioNlEV7LcwQ9FAWw&cb_client=search.gws-prod.gps&w=408&h=240&yaw=49.36517&pitch=0&thumbfov=100,true,,,,,,,,"https://www.google.com/maps/search/tree+service+businesses+in+Tallmadge+Akron+OH/@41.1014451,-81.441779,14z",2026-04-29T04:40:01.044Z,,,,
https://www.google.com/maps/place/TG-TreeCare/data=!4m7!3m6!1s0x8145e469398f524f:0xf9754956ea0daca2!8m2!3d41.3635662!4d-81.3460939!16s%2Fg%2F11v3k7bnw4!19sChIJT1KPOWnkRYERoqwN6lZJdfk,TG-TreeCare,5.0,127,Tree service,,,http://www.tg-treecare.com/,+1 330-221-1617,Closed · Opens 7 am,https://lh3.googleusercontent.com/gps-cs-s/APNQkAEOKeD_cOoaTaz503Gg3Iwjr37qNlDSEBpZztWbVYdCbg_vgJVdCqqt8RJnfyKg-RkTdHUimzopl3dc6zhpndEoY-xDCKM17oTbP4bliRGl_LS2T1NYTAQSgVUf50zFDfbKX5_-jbJt0RI2=w408-h541-k-no,true,7 am–7 pm,7 am–7 pm,7 am–7 pm,7 am–7 pm,7 am–7 pm,7 am–7 pm,7 am–7 pm,"https://www.google.com/maps/search/tree+service+businesses+in+Tallmadge+Akron+OH/@41.1014451,-81.441779,14z",2026-04-29T04:40:05.866Z,,,,
https://www.google.com/maps/place/Extraordinary+Detail/data=!4m7!3m6!1s0x8830d71f8acd7fbf:0x485c4005a10f2eef!8m2!3d37.678657!4d-79.86097!16s%2Fg%2F11b7xwthqy!19sChIJv3_Nih_XMIgR7y4PoQVAXEg,Extraordinary Detail,4.7,24,Snow removal service,,,https://extraordinarydetail.com/,+1 234-234-0564,Closed · Opens 8 am,https://lh3.googleusercontent.com/gps-cs-s/APNQkAG0nABHZi98yo_zbjsDIB27C_Gr1uMXYKX_4bs2hUtT0Ath86eAcAC_IYX5IDHrLbuzSNHA-iUupb9jThJtHqW_ChrDDF9feA5XkOjv8G0fN_lM2OplxByuhC2i8D5OJzw0YVH4Fj3UghI=w408-h544-k-no,true,8 am–5 pm,8 am–5 pm,8 am–5 pm,8 am–1 pm,Closed,8 am–5 pm,8 am–5 pm,"https://www.google.com/maps/search/tree+service+businesses+in+Tallmadge+Akron+OH/@41.1014451,-81.441779,14z",2026-04-29T04:40:10.952Z,,true,,
https://www.google.com/maps/place/Greensman+Inc/data=!4m7!3m6!1s0x88312c1167e9b1e5:0x3ecbd4a59c00ccac!8m2!3d41.027115!4d-81.41191!16s%2Fg%2F1vlzb__y!19sChIJ5bHpZxEsMYgRrMwAnKXUyz4,Greensman Inc,4.9,735,Lawn care service,"3320 E Waterloo Rd, Akron, OH 44312, United States","2HGQ+R6 Akron, Ohio, USA",https://www.greensmaninc.com/,+1 330-784-9655,Closed · Opens 9 am,https://lh3.googleusercontent.com/gps-cs-s/APNQkAEdUpIPZJk94gpgYoaUPZGYdI6cFsF0SPLR6oT-8z2a_NEaiLIgWaRqPDWVGASuKtrKmhNzHm50qEtH404Gsm3Qtcx8-Ty_ENLOQKEfU__plHynOmz4EaEldtToUd-xQnB99uXsGQ=w426-h240-k-no,true,9 am–4 pm,9 am–4 pm,9 am–4 pm,Closed,Closed,9 am–4 pm,9 am–4 pm,"https://www.google.com/maps/search/tree+service+businesses+in+Tallmadge+Akron+OH/@41.1014451,-81.441779,14z",2026-04-29T04:40:15.927Z,LGBTQ+ friendly,,,
https://www.google.com/maps/place/TLC+Roofing/data=!4m7!3m6!1s0x883128c991dc07a7:0xc08e6346e742e628!8m2!3d41.1009663!4d-81.4341141!16s%2Fg%2F11cs0z3p8n!19sChIJpwfckckoMYgRKOZC50ZjjsA,TLC Roofing,4.6,145,Roofing contractor,"168 East Ave, Tallmadge, OH 44278, United States","4H28+99 Tallmadge, Ohio, USA",http://tlcroofing.com/,+1 330-488-7191,Closed · Opens 9 am,https://lh3.googleusercontent.com/gps-cs-s/APNQkAHfuC5vg_jCwEGE11HPte5SiQZsITNixehMcUXJcrK0gG2xGec0KUEgEnr8WiP3H6ty5tydQGv2BBtrBZDxjZ0BbdiSOpFQ4NTi3kc6nm6qHwJytrJXxOLu5dxapzMC0rxvPKGExw=w408-h544-k-no,true,9 am–5 pm,9 am–5 pm,9 am–5 pm,Closed,Closed,9 am–5 pm,9 am–5 pm,"https://www.google.com/maps/search/tree+service+businesses+in+Tallmadge+Akron+OH/@41.1014451,-81.441779,14z",2026-04-29T04:40:20.926Z,,,,
https://www.google.com/maps/place/Custom+Made+Palm+Trees+%26+Tiki/data=!4m7!3m6!1s0x88312841c7ae68c1:0xa09abacc7a4921db!8m2!3d41.1056714!4d-81.490242!16s%2Fg%2F1xtf26df!19sChIJwWiux0EoMYgR2yFJesy6mqA,Custom Made Palm Trees & Tiki,5.0,2,Party equipment rental service,"1201 Devalera St #2417, Akron, OH 44310, United States","4G45+7W Akron, Ohio, USA",http://custompalmtrees.com/,+1 330-633-0063,Closed · Opens 9 am,https://streetviewpixels-pa.googleapis.com/v1/thumbnail?panoid=uYURn3DxAE1HsBjYgbtFNw&cb_client=search.gws-prod.gps&w=408&h=240&yaw=13.395143&pitch=0&thumbfov=100,true,9 am–5 pm,9 am–5 pm,9 am–5 pm,Closed,Closed,9 am–5 pm,9 am–5 pm,"https://www.google.com/maps/search/tree+service+businesses+in+Tallmadge+Akron+OH/@41.1014451,-81.441779,14z",2026-04-29T04:40:25.739Z,,,,
https://www.google.com/maps/place/Abbey+Ann%27s/data=!4m7!3m6!1s0x883128c72c9a903f:0x8297f3963ded6955!8m2!3d41.1012544!4d-81.4442685!16s%2Fg%2F1tr9p1tj!19sChIJP5CaLMcoMYgRVWntPZbzl4I,Abbey Ann's,4.0,172,Thrift store,"51 West Ave, Tallmadge, OH 44278, United States","4H24+G7 Tallmadge, Ohio, USA",http://abbeyanns.org/,+1 330-630-5813,Closed · Opens 10 am,https://lh3.googleusercontent.com/gps-cs-s/APNQkAFiSjuAaWxmbnQoDYf3RibcohtJ6yEP6sKU2OQ18StSm0UAHbpE4gG78TFdEWNQIO18xesl5mOf4FBT2-KkdZMmEjDgoGPebC4tJcpgE97SynMGK68MHWMdyAH7zbfmkh-5tbevrA=w408-h306-k-no,true,10 am–5 pm,10 am–5 pm,10 am–5 pm,10 am–5 pm,10 am–5 pm,10 am–5 pm,10 am–5 pm,"https://www.google.com/maps/search/tree+service+businesses+in+Tallmadge+Akron+OH/@41.1014451,-81.441779,14z",2026-04-29T04:40:30.573Z,,,,
https://www.google.com/maps/place/Roof+2+Roof/data=!4m7!3m6!1s0x88312985f50f5499:0x1dd08a9638cb733f!8m2!3d41.1071863!4d-81.4300664!16s%2Fg%2F11txtcg79n!19sChIJmVQP9YUpMYgRP3PLOJaK0B0,Roof 2 Roof,4.1,36,Roofing contractor,"338 Northeast Ave Unit J, Tallmadge, OH 44278, United States","4H49+VX Tallmadge, Ohio, USA",https://roof2roofllc.com/,+1 440-279-3799,Open 24 hours,https://lh3.googleusercontent.com/gps-cs-s/APNQkAHJZBKRXub1USI4WygeCmlMp3eq-04sFA8P8t0BJQGj7SrxvGIEh89W0zSNHLEt7GCFGRvryO4Kr4THAWVKPISJyBCjaOBcRwM17MZIPoigvhEtX5nJ6yUShYto5J-5-5HmFfCStQ=w408-h408-k-no,true,Open 24 hours,Open 24 hours,Open 24 hours,Open 24 hours,Open 24 hours,Open 24 hours,Open 24 hours,"https://www.google.com/maps/search/tree+service+businesses+in+Tallmadge+Akron+OH/@41.1014451,-81.441779,14z",2026-04-29T04:40:35.339Z,,,,
https://www.google.com/maps/place/The+Davey+Tree+Expert+Company/data=!4m7!3m6!1s0x883124c5d1855ebf:0x688e58149f240a0d!8m2!3d41.1715058!4d-81.3581139!16s%2Fg%2F1td_hxd9!19sChIJv16F0cUkMYgRDQoknxRYjmg,The Davey Tree Expert Company,3.4,125,Tree service,"1500 N Mantua St, Kent, OH 44240, United States","5JCR+JQ Kent, Ohio, USA",http://www.davey.com/?utm_source=gmb&utm_medium=organic&utm_campaign=rc_kent,+1 800-445-8733,"Closed · Opens 8 am

Updated by this business 10 weeks ago",https://lh3.googleusercontent.com/gps-cs-s/APNQkAGz29oRw5DevVgLKy9fG4X6WW2od5pNcQ5DGfQsepw9LnibRzdr2FuPffsQEdHSFi_DHtqsv9bkwFLCyN0_afOvWsws2IPWdj1l7gTuediUWPOD0s4cLG1xVUN0H5luKwFg_XsS=w408-h269-k-no,true,8 am–5 pm,8 am–5 pm,8 am–5 pm,Closed,Closed,8 am–5 pm,8 am–5 pm,"https://www.google.com/maps/search/tree+service+businesses+in+Tallmadge+Akron+OH/@41.1014451,-81.441779,14z",2026-04-29T04:40:40.264Z,,,,
https://www.google.com/maps/place/Worthy+One+Services/data=!4m7!3m6!1s0x883129460a7b6e93:0xb14099d27924e495!8m2!3d41.0915715!4d-81.5278674!16s%2Fg%2F11fsp8jsw1!19sChIJk257CkYpMYgRleQkedKZQLE,Worthy One Services,5.0,4,Lawn care service,,,https://worthyoneservices.com/,+1 330-351-2769,Closed · Opens 8 am,https://lh3.googleusercontent.com/gps-cs-s/APNQkAFKjaEnVcZEUfAw0kVzBWaJWrwFCQV6om1g_HF1u0KbifwjD2xaPEqUd5A4AE3iD3z4iBSzrpWigCwffznoxaG7oWgiK6M5jA0G-dRErkT6KOsUVarCsccQMaFj6Mb5nPlvJMon=w408-h306-k-no,true,8 am–5 pm,8 am–5 pm,8 am–5 pm,9 am–5 pm,Closed,8 am–5 pm,8 am–5 pm,"https://www.google.com/maps/search/tree+service+businesses+in+Tallmadge+Akron+OH/@41.1014451,-81.441779,14z",2026-04-29T04:40:44.903Z,,true,,
"https://www.google.com/maps/place/AA+Maintenance+Services,+LLC/data=!4m7!3m6!1s0x88312944f9821037:0x1015fa6200cc891e!8m2!3d41.0939711!4d-81.4863867!16s%2Fg%2F11vkgbx6bt!19sChIJNxCC-UQpMYgRHonMAGL6FRA","AA Maintenance Services, LLC",4.3,7,Construction company,"814 Tryon Ave, Akron, OH 44310, United States","3GV7+HC Akron, Ohio, USA",https://aamaintenanceservicesllc.my.canva.site/,+1 330-785-9935,Closed · Opens 7 am,https://lh3.googleusercontent.com/gps-cs-s/APNQkAER7V2OFrA_WAcwrO36-Vv1Lr5Fyazz6v8sHnvRiBYHFWZudIUZgSsTOt6b3tXbTtJsccLdM4ukf5ZQujCQ92BViXUj5FjQJSjwkfqZLjVtPmEzS1Sjo7ch457lboy4KtC4gAQ=w408-h306-k-no,true,7 am–4 pm,7 am–4 pm,7 am–4 pm,Closed,Closed,7 am–4 pm,7 am–4 pm,"https://www.google.com/maps/search/tree+service+businesses+in+Tallmadge+Akron+OH/@41.1014451,-81.441779,14z",2026-04-29T04:40:50.025Z,,,,
https://www.google.com/maps/place/The+Cleaning+Authority+-+Akron/data=!4m7!3m6!1s0x883129f9c4ef7a0f:0xd9a6791cca901105!8m2!3d41.0864966!4d-81.4398153!16s%2Fg%2F11sb3ty15m!19sChIJD3rvxPkpMYgRBRGQyhx5ptk,The Cleaning Authority - Akron,4.8,52,House cleaning service,"521 South Ave, Tallmadge, OH 44278, United States","3HP6+H3 Tallmadge, Ohio, USA",https://www.thecleaningauthority.com/akron,+1 234-203-5259,Closed · Opens 8 am,https://streetviewpixels-pa.googleapis.com/v1/thumbnail?panoid=FpowK5jXqcxvXdENri162g&cb_client=search.gws-prod.gps&w=408&h=240&yaw=109.13436&pitch=0&thumbfov=100,true,8 am–5 pm,8 am–5 pm,8 am–5 pm,Closed,Closed,8 pm–12 am,12 am–5 pm,"https://www.google.com/maps/search/tree+service+businesses+in+Tallmadge+Akron+OH/@41.1014451,-81.441779,14z",2026-04-29T04:40:54.924Z,,,,
https://www.google.com/maps/place/All+Seasons+Lawn+Care/data=!4m7!3m6!1s0x8831299a14d06cdf:0x49ef7a86af0df344!8m2!3d41.0639614!4d-81.4398014!16s%2Fg%2F11cmvvv2hq!19sChIJ32zQFJopMYgRRPMNr4Z670k,All Seasons Lawn Care,4.0,52,Lawn care service,"2477 Mogadore Rd, Akron, OH 44312, United States","3H76+H3 Akron, Ohio, USA",http://www.allseasonsakron.com/,+1 330-846-3606,,https://lh3.googleusercontent.com/gps-cs-s/APNQkAFf1BhYwaS8Ko1hS9zbGHeUCg-3ph37l1O9tm5GK5eu9q2q0NhiMo4nm_V7eDyUt1xJKlKHlQOQKFjzMIJFVEMHedmJHillA6miHZmQgduJ1yw6kwDe4IDiHMFv1Ckkdk-ZFC4k-w=w408-h306-k-no,true,,,,,,,,"https://www.google.com/maps/search/tree+service+businesses+in+Tallmadge+Akron+OH/@41.1014451,-81.441779,14z",2026-04-29T04:40:57.479Z,,,,
https://www.google.com/maps/place/Wide+Open+Property+Maintenance/data=!4m7!3m6!1s0x8831290555555555:0xdbf3ff641e9d7bbd!8m2!3d41.067289!4d-81.397218!16s%2Fg%2F1262gb74k!19sChIJVVVVVQUpMYgRvXudHmT_89s,Wide Open Property Maintenance,4.0,4,Landscaper,"1680-1688 Southeast Ave, Tallmadge, OH 44278, United States","3J83+W4 Tallmadge, Ohio, USA",https://wideopenpm.com/,+1 330-958-1755,Closed · Opens 8 am,https://lh3.googleusercontent.com/gps-cs-s/APNQkAFfu5817rNnxI_C89xL61hMx95XEsimErGksKFWiq6dzxi6JLoD4W_aeoeoFd48l7py1J26t4qtIqJS3WMwzLZU9VaKGMcxQ0jGuTHW-h8kFbz31R7QNdKoUb30GCjvvOnmEhuDLH-c6_eA=w408-h544-k-no,true,8 am–5 pm,8 am–5 pm,8 am–4 pm,Closed,Closed,8 am–5 pm,8 am–5 pm,"https://www.google.com/maps/search/tree+service+businesses+in+Tallmadge+Akron+OH/@41.1014451,-81.441779,14z",2026-04-29T04:41:02.253Z,,,,
https://www.google.com/maps/place/LM+Companies+LLC/data=!4m7!3m6!1s0x88312877fa0622c1:0x908d927258a93213!8m2!3d41.1256511!4d-81.4832252!16s%2Fg%2F11f03tzb57!19sChIJwSIG-ncoMYgREzKpWHKSjZA,LM Companies LLC,4.4,7,Water damage restoration service,"1536 Main St, Cuyahoga Falls, OH 44221, United States","4GG8+7P Cuyahoga Falls, Ohio, USA",https://www.lmcompaniesllc.com/,+1 330-688-7680,Open 24 hours,https://lh3.googleusercontent.com/gps-cs-s/APNQkAHerPcQV2TPswh9Vj5XsvmZRj4VebnpJLXkcq85iNg1eJoNNzK5dzLzLlacLuamly6O_sTusc-EP7dO2bD8lEhUSILxzZF3o5ZcTLM1-RW8wIXhesR3nRr3sSeriqJZNaZQfRIf3Q=w408-h544-k-no,true,Open 24 hours,Open 24 hours,Open 24 hours,Open 24 hours,Open 24 hours,Open 24 hours,Open 24 hours,"https://www.google.com/maps/search/tree+service+businesses+in+Tallmadge+Akron+OH/@41.1014451,-81.441779,14z",2026-04-29T04:41:07.184Z,Identifies as women-owned,,,
https://www.google.com/maps/place/Rooter+Man/data=!4m7!3m6!1s0x8833e7f37389b59f:0x576407cc9b9433d0!8m2!3d41.0962726!4d-81.4603546!16s%2Fg%2F11j6tv5rpv!19sChIJn7WJc_PnM4gR0DOUm8wHZFc,Rooter Man,4.7,670,Plumber,"195 Potomac Ave Unit B, Tallmadge, OH 44278, United States","3GWQ+GV Tallmadge, Ohio, USA",http://www.rootermanlocalplumber.com/,+1 877-232-1520,Closed · Opens 8 am,https://lh3.googleusercontent.com/gps-cs-s/APNQkAGRtQ3OoR61G09-Mi9SQ444DnP2ABMBmfImBfANpyAQS5s7mxXeXHiypiMrGbNtl1s9ABsL1U5bL9NeA_3VZGe-z9vUkYrtWnEsZ8R2igXWxOo-IEo_WeDyaUqFEXkHBAKQ1VAxoNxHWkLB=w408-h266-k-no,true,8 am–7 pm,8 am–7 pm,8 am–7 pm,8 am–5 pm,9 am–5 pm,8 am–7 pm,8 am–7 pm,"https://www.google.com/maps/search/tree+service+businesses+in+Tallmadge+Akron+OH/@41.1014451,-81.441779,14z",2026-04-29T04:41:12.174Z,,,,
https://www.google.com/maps/place/Gaining+Ground+Stump+Grinding/data=!4m7!3m6!1s0x8831252a7bdef989:0x6d67a5eb7cddd425!8m2!3d41.128835!4d-81.345093!16s%2Fg%2F11j2y_9gbr!19sChIJifneeyolMYgRJdTdfOulZ20,Gaining Ground Stump Grinding,5.0,80,Tree service,,,https://www.gaininggroundstump.com/,+1 330-968-7242,,https://lh3.googleusercontent.com/gps-cs-s/APNQkAGIgz-cIvS85Uy37JNbynCM6Bll4SfsaXs0_Kz3401uPwTNSts6Kzvgn-2utsSTcODTaG8j_LM7kcOg3fxOH0hgRDePnt_Eqb3ISNORUPtzam0W4o0J9iy1Hx6SfTpEj9p_45zG=w408-h306-k-no,true,,,,,,,,"https://www.google.com/maps/search/tree+service+businesses+in+Tallmadge+Akron+OH/@41.1014451,-81.441779,14z",2026-04-29T04:41:14.849Z,,,,
https://www.google.com/maps/place/Acme+Fence/data=!4m7!3m6!1s0x883129bb1cd9b579:0xafa942982c7e1498!8m2!3d41.0739014!4d-81.4850088!16s%2Fg%2F1v_s6jf8!19sChIJebXZHLspMYgRmBR-LJhCqa8,Acme Fence,4.6,341,Fence contractor,"1053 Bank St, Akron, OH 44305, United States","3GF7+HX Akron, Ohio, USA",https://acmefence.com/?utm_source=google-my-business&utm_medium=organic&utm_campaign=gbp-listing&utm_content=20241003,+1 330-784-0456,Open 24 hours,https://lh3.googleusercontent.com/gps-cs-s/APNQkAE8-R3bgwUxgg6Mu5pf8Q4CmTmtaiOCwLcY98owjI9RObqiq2JXXa35AwHWXPP7O5uYzAVu3PsxmK1bKPc_clzsaisQVZnbfjKUkfpRV3g-u88e5aySlzyVleHJ5V6VlGZJHhWq=w426-h240-k-no,true,Open 24 hours,Open 24 hours,Open 24 hours,Open 24 hours,Open 24 hours,Open 24 hours,Open 24 hours,"https://www.google.com/maps/search/tree+service+businesses+in+Tallmadge+Akron+OH/@41.1014451,-81.441779,14z",2026-04-29T04:41:19.723Z,,,,
https://www.google.com/maps/place/Collier+Tree+Service/data=!4m7!3m6!1s0x883127da9732d629:0x367a708543374a9b!8m2!3d41.207975!4d-81.3984114!16s%2Fg%2F11j5v1ckvx!19sChIJKdYyl9onMYgRm0o3Q4VwejY,Collier Tree Service,5.0,26,Tree service,,,,+1 330-414-9962,Closed · Opens 7 am,https://lh3.googleusercontent.com/gps-cs-s/APNQkAH0jlmE02MzfAiX-vAgwxmUVU3PrMCFzYvE5gbstWNBnSZNnuK_rGZOrGNNhEVObQLbb4Cr97cIRQHFk-bvyO0I8jWi2TcJP7BBaQFdTsdhNTCZVD67j3GNcd1KYGPRZJyGG9Qk=w408-h544-k-no,true,7 am–7 pm,7 am–7 pm,7 am–7 pm,7 am–7 pm,9 am–5 pm,7 am–7 pm,7 am–7 pm,"https://www.google.com/maps/search/tree+service+businesses+in+Tallmadge+Akron+OH/@41.1014451,-81.441779,14z",2026-04-29T04:41:28.914Z,,,,
https://www.google.com/maps/place/Garden+Landscaping+and+Tree+Service/data=!4m7!3m6!1s0x8830d9a17e7ffd9d:0x568a5d703d12d7e!8m2!3d41.0990505!4d-81.6160801!16s%2Fg%2F11g_zld_t6!19sChIJnf1_fqHZMIgRfi3RA9elaAU,Garden Landscaping and Tree Service,4.7,14,Tree service,"2743 Mull Ave, Akron, OH 44320, United States","39XM+JH Akron, Ohio, USA",,+1 330-807-8483,Closed · Opens 9 am,https://lh3.googleusercontent.com/gps-cs-s/APNQkAGx8fXBRxjAeODC4f2PCVQDPgfXCEGdxPiIO_FMvlL0EHXIJ2iO_IcEWz5MdKQgW1hWqHEmWO5juNPI3LJvE2FWmYsX1sFQWCH6jOxNXSJdKoUUhm-SyOE8a2XduMIpniN-Z2XQ=w408-h306-k-no,true,9 am–6 pm,9 am–6 pm,9 am–6 pm,9 am–3 pm,Closed,9 am–6 pm,9 am–6 pm,"https://www.google.com/maps/search/tree+service+businesses+in+Tallmadge+Akron+OH/@41.1014451,-81.441779,14z",2026-04-29T04:41:33.982Z,,,,
https://www.google.com/maps/place/Republic+Services/data=!4m7!3m6!1s0x883128775bfcc39d:0xe3fae20aa9bbf422!8m2!3d41.1227566!4d-81.4829968!16s%2Fg%2F1q2vwhbyh!19sChIJncP8W3coMYgRIvS7qQri-uM,Republic Services,1.7,109,Garbage collection service,"1339 Main St, Cuyahoga Falls, OH 44221, United States","4GF8+4R Cuyahoga Falls, Ohio, USA",https://www.republicservices.com/customer-support/facilities?utm_medium=reputation&utm_source=rslistings,+1 800-247-3644,Closed · Opens 8 am,https://lh3.googleusercontent.com/gps-cs-s/APNQkAFwdNL9avmsIFN00LTkpdGgOST_YPpfJY4IVXoTNGVQ1ztaCLNBvXsjm7BaBA1U-6HPT9-ejjB0_C3ZC9MIyhOAl3vptHpZWiieHBl07Q5UF9hx-Y8UA9JQAswCK8bgE86x29VqOCmkriWB=w426-h240-k-no,true,8 am–4:30 pm,8 am–4:30 pm,8 am–4:30 pm,Closed,Closed,8 am–4:30 pm,8 am–4:30 pm,"https://www.google.com/maps/search/tree+service+businesses+in+Tallmadge+Akron+OH/@41.1014451,-81.441779,14z",2026-04-29T04:41:38.802Z,,,,
https://www.google.com/maps/place/Brett%27s+Bed+and+Mulch+Service+LLC/data=!4m7!3m6!1s0x8831270c5dd51e87:0x8bd3a73ce7370f6e!8m2!3d41.137447!4d-81.6133465!16s%2Fg%2F11h6d908kp!19sChIJhx7VXQwnMYgRbg835zyn04s,Brett's Bed and Mulch Service LLC,4.7,35,Landscaper,,,http://www.brettsbedandmulch.com/,+1 330-217-7299,Closed · Opens 8 am,https://lh3.googleusercontent.com/gps-cs-s/APNQkAE9_APDR0gqMwGDcGmkJQAGPIafHs_9oCkbbaTTZ_CaEOj_WyTxYyYBBzvh4F6_EzNx-Z5Ao-k2FZclB8LhmvGSlLj-WslQb31zD5o7eo9f2mPmNWRTm-LOUF_UOj0F3cpZ1qzpqA=w425-h240-k-no,true,8 am–8 pm,8 am–8 pm,8 am–8 pm,Closed,Closed,8 am–8 pm,8 am–8 pm,"https://www.google.com/maps/search/tree+service+businesses+in+Tallmadge+Akron+OH/@41.1014451,-81.441779,14z",2026-04-29T04:41:43.680Z,,,,
"https://www.google.com/maps/place/CNE+Electrical+Contractors,+LLC/data=!4m7!3m6!1s0x88312990ff279ccf:0xa08b24634cf9de52!8m2!3d41.0681769!4d-81.3971808!16s%2Fg%2F11gy3jl9l_!19sChIJz5wn_5ApMYgRUt75TGMki6A","CNE Electrical Contractors, LLC",4.9,94,Electrician,"1680 Southeast Ave #101, Tallmadge, OH 44278, United States","3J93+74 Tallmadge, Ohio, USA",https://cneelectricalcontractors.com/,+1 330-808-7890,Closed · Opens 7 am,https://lh3.googleusercontent.com/gps-cs-s/APNQkAGDmA5JtgnEIYYxog_LX7kdYN8cyJvEPorc3uP7TQZw80pK7EdGwbjwXLBu9mHPbFIkDobXwBdyu-MuSQ2gWTe9AfZI3lZ_-QUQrLCZX9yebmvM8ws2AE6kej-vpg-Yqc1LkgkCIVu0f3nS=w426-h240-k-no,true,7 am–6 pm,7 am–6 pm,7 am–6 pm,7 am–6 pm,Closed,7 am–6 pm,7 am–6 pm,"https://www.google.com/maps/search/tree+service+businesses+in+Tallmadge+Akron+OH/@41.1014451,-81.441779,14z",2026-04-29T04:41:48.590Z,,,,
https://www.google.com/maps/place/Oser+Stump+Grinding/data=!4m7!3m6!1s0xaa2e8fa77b5f8e9b:0x3392c78b9fcbc80c!8m2!3d46.423669!4d-129.9427086!16s%2Fg%2F11m6hj4tpw!19sChIJm45fe6ePLqoRDMjLn4vHkjM,Oser Stump Grinding,5.0,3,Tree service,,,,+1 330-310-6292,Closed · Opens 9 am,https://lh3.googleusercontent.com/gps-cs-s/APNQkAERzZO9XBosaGFdQmpvIQcPh5TIQoY0htr4FM7fwxtIYdlj4CZ6U9njhStEOTecQVYCBGn-_sOETw-du1HV-7TUmwRKKXO3slS_3Z3yNIXUOVvLgJLLOaJQm1LTl55aPJD9bDt9cmWn6Z-w=w408-h725-k-no,true,9 am–9 pm,9 am–9 pm,9 am–9 pm,9 am–9 pm,9 am–9 pm,9 am–9 pm,9 am–9 pm,"https://www.google.com/maps/search/tree+service+businesses+in+Tallmadge+Akron+OH/@41.1014451,-81.441779,14z",2026-04-29T04:41:53.291Z,,,,
https://www.google.com/maps/place/PJC+Stump+Grinding+LLC/data=!4m7!3m6!1s0x89404830e8318c0d:0xf4fb6ff0ad62bf85!8m2!3d41.1493312!4d-81.482989!16s%2Fg%2F11sj29vxr0!19sChIJDYwx6DBIQIkRhb9irfBv-_Q,PJC Stump Grinding LLC,5.0,25,Tree service,"137 Lincoln Ave, Cuyahoga Falls, OH 44221, United States","4GX8+PR Cuyahoga Falls, Ohio, USA",http://www.pjcstumpgrindingllc.com/,+1 440-241-6637,Closed · Opens 7 am,https://lh3.googleusercontent.com/gps-cs-s/APNQkAHzTk3ED6SI1VN2VmhUFPiadiFGmdIjc8U8Ge4NAS2dCd3j6dx79P02jZfoI8CZosGGecnwaqjyDh7X5Wd3VXOJaJKyNu2DsXWMzwAgs6AscNEkp6thN5xUZqOcJznGsqcXle3370-yc91O=w426-h240-k-no,true,7 am–6 pm,7 am–6 pm,7 am–6 pm,7 am–6 pm,7 am–6 pm,7 am–6 pm,7 am–6 pm,"https://www.google.com/maps/search/tree+service+businesses+in+Cuyahoga+Akron+OH/@41.0854112,-81.4718387,14z",2026-04-29T04:42:14.069Z,,,,
https://www.google.com/maps/place/D%27Alessandros+Tree+Service/data=!4m7!3m6!1s0x8830d3c6b5a5a92b:0xd9dd72aba145188c!8m2!3d41.0394843!4d-81.5244776!16s%2Fg%2F11gjm860ph!19sChIJK6mltcbTMIgRjBhFoaty3dk,D'Alessandros Tree Service,3.3,3,Tree service,"1741 Clairmont Ave, Akron, OH 44301, United States","2FQG+Q6 Akron, Ohio, USA",,+1 330-860-0222,Open 24 hours,https://lh3.googleusercontent.com/gps-cs-s/APNQkAFogWQCxT89Fu9TiHb01ohx6lL-0ZFOeUStCIiYuHFQbHnZdz6yj4N_goxkQ1KUPKMquseLCkiP3w9QsGZ5GpG_o2zAjOxuxumFl5E47bV3ndLoHBWPkmAfr6hbOqaW6r9f6_-qWA=w408-h408-k-no,true,Open 24 hours,Open 24 hours,Open 24 hours,Open 24 hours,Open 24 hours,Open 24 hours,Open 24 hours,"https://www.google.com/maps/search/tree+service+businesses+in+Cuyahoga+Akron+OH/@41.0854112,-81.4718387,14z",2026-04-29T04:42:25.747Z,,,,
https://www.google.com/maps/place/LawnStarter+Lawn+Care+Service/data=!4m7!3m6!1s0x8831294b2947a429:0x33b7b27c00f924df!8m2!3d41.077529!4d-81.5028261!16s%2Fg%2F11f7684zv_!19sChIJKaRHKUspMYgR3yT5AHyytzM,LawnStarter Lawn Care Service,4.4,220,Lawn care service,"64 S Adolph St, Akron, OH 44304, United States","3FHW+2V Akron, Ohio, USA",https://www.lawnstarter.com/akron-oh-lawn-care?utm_source=google&utm_medium=GLocal&utm_campaign=AkronLocal,+1 234-901-4258,Closed · Opens 7 am,https://lh3.googleusercontent.com/gps-cs-s/APNQkAE0CNXKeGTwoC8-cjbFp0gZ_de5z7le62xSkQzBDLXibvwd0ZTmIZvDp8xI9wMPP50IKvZ_tA35fHeixlRjKdQginEbpSzOffaeKCKKDwEKyniGWaymWjHWfnja_kafCS3gjzHOGssal-A=w408-h408-k-no,true,7 am–10 pm,7 am–10 pm,7 am–10 pm,7 am–10 pm,7 am–10 pm,7 am–10 pm,7 am–10 pm,"https://www.google.com/maps/search/tree+service+businesses+in+Cuyahoga+Akron+OH/@41.0854112,-81.4718387,14z",2026-04-29T04:42:30.664Z,,,,
https://www.google.com/maps/place/APEX+SOLUTIONZ+TREE+SERVICE/data=!4m7!3m6!1s0x883139b9361fcb79:0xf2ce6417b83c32a7!8m2!3d41.1532746!4d-81.2266899!16s%2Fg%2F11mw5wb2v8!19sChIJecsfNrk5MYgRpzI8uBdkzvI,APEX SOLUTIONZ TREE SERVICE,5.0,204,Tree service,"420 Oak Manor Dr, Ravenna, OH 44266, United States","5Q3F+88 Ravenna, Ohio, USA",http://www.apex-solutionz.com/,+1 330-842-9481,Open 24 hours,https://lh3.googleusercontent.com/gps-cs-s/APNQkAHP_7tFirJhm1JvwlC_Nn8KWqavHpj2p9p_0ZVoY-lvqCL3-1yu7xYNyoE3317_Q6alA7T0ohPxNLt6MWXdlflTVm58WLkj7Bz2FYzh8sc7iAia_2emC1eUY8p-y9PXwKDQhIAJCw=w408-h544-k-no,true,Open 24 hours,Open 24 hours,Open 24 hours,Open 24 hours,Open 24 hours,Open 24 hours,Open 24 hours,"https://www.google.com/maps/search/tree+service+businesses+in+Cuyahoga+Akron+OH/@41.0854112,-81.4718387,14z",2026-04-29T04:42:35.508Z,,,,
https://www.google.com/maps/place/Relentless+Landscapes/data=!4m7!3m6!1s0x8498f2da532e3c4b:0x95b9b1674862cc27!8m2!3d41.1172836!4d-81.5049441!16s%2Fg%2F11y5vmqw7g!19sChIJSzwuU9rymIQRJ8xiSGexuZU,Relentless Landscapes,4.9,29,Landscaper,"1165 Sawyer Ave, Akron, OH 44310, United States","4F8W+W2 Akron, Ohio, USA",http://www.relentlesslandscapes.com/,+1 330-500-9542,"Closed · Opens 7 am

Updated by this business 6 weeks ago",https://lh3.googleusercontent.com/gps-cs-s/APNQkAHPgFtkV4LfZXVY60k3m3BEVhKrpIT5gU6p9aecpnUBnFFO6R-NEpHNh5psLum3gRCwZ9NW605EE4K3iHV3xgGD8PeMX3zDAKQy4sPl9Asm-yy-Ng07Tk96S3SLmWqzANur4x-WKA=w408-h306-k-no,true,7 am–7 pm,7 am–7 pm,7 am–7 pm,7 am–7 pm,7 am–7 pm,7 am–7 pm,7 am–7 pm,"https://www.google.com/maps/search/tree+service+businesses+in+Cuyahoga+Akron+OH/@41.0854112,-81.4718387,14z",2026-04-29T04:42:40.884Z,,,,
https://www.google.com/maps/place/J%26B+Landscaping/data=!4m7!3m6!1s0x88315fe9a93d1c19:0xa15f022dcec41f6f!8m2!3d41.128835!4d-81.5400115!16s%2Fg%2F11q_98xb9l!19sChIJGRw9qelfMYgRbx_Ezi0CX6E,J&B Landscaping,4.7,39,Lawn care service,,,http://www.jblandscapingllc.com/,+1 330-443-0583,Closed · Opens 9 am,https://lh3.googleusercontent.com/gps-cs-s/APNQkAG9HH779wgoJ3rJZuei_SWCbGYqOD-_PHuRgvVWAmhEDP3VWNfNMoUGQ3HBUxtfDfzrU5kIgqqK-AmoR6qoFoh1-miS98jf8CCBJTidVKx30GklzN7TpqDmsGrqV0OLpGWu7puJ7Q=w426-h240-k-no,true,9 am–5 pm,9 am–5 pm,9 am–5 pm,Closed,Closed,9 am–5 pm,9 am–5 pm,"https://www.google.com/maps/search/tree+service+businesses+in+Cuyahoga+Akron+OH/@41.0854112,-81.4718387,14z",2026-04-29T04:42:45.710Z,,,,
"https://www.google.com/maps/place/Cuyahoga+Valley+Scenic+Railroad,+Akron/data=!4m7!3m6!1s0x883129823f65427d:0x4570bfd5e6f6bd6a!8m2!3d41.0894679!4d-81.5148576!16s%2Fg%2F11j9cj3_p7!19sChIJfUJlP4IpMYgRar325tW_cEU","Cuyahoga Valley Scenic Railroad, Akron",4.6,1065,Tourist attraction,"27 Ridge St, Akron, OH 44308, United States","3FQP+Q3 Akron, Ohio, USA",http://www.cvsr.org/,+1 330-439-5708,,https://lh3.googleusercontent.com/gps-cs-s/APNQkAGw869fScl7RrBaihWS4v-ucEIwarq6sjQzmWvEkNX4xHp35gkuIQvwHfuQmqFIDjIJU0pxhmRVNGTxOCLS-UJgZWQNqaZgVFpNVNzaiSe3lNK-9b4a_-ZZAxmAbOJ7UacSuT2xig=w408-h378-k-no,true,,,,,,,,"https://www.google.com/maps/search/tree+service+businesses+in+Cuyahoga+Akron+OH/@41.0854112,-81.4718387,14z",2026-04-29T04:42:49.057Z,,,,
https://www.google.com/maps/place/Big+Tom%27s+Plumbing+%26+Drain+Inc./data=!4m7!3m6!1s0x8831299fae5ca103:0x957c7264376597bd!8m2!3d41.0636538!4d-81.4740233!16s%2Fg%2F1tftxly_!19sChIJA6Fcrp8pMYgRvZdlN2RyfJU,Big Tom's Plumbing & Drain Inc.,4.7,165,Plumber,"1505 E Market St, Akron, OH 44305, United States","3G7G+F9 Akron, Ohio, USA",http://www.bigtomsplumbing.org/,+1 330-253-2233,Open 24 hours,https://lh3.googleusercontent.com/gps-cs-s/APNQkAHjU5P3jw1V3uvNUUCEgwOKMmsHpZo3VnTw9qweJN2C5I2BWlJeoHEoFZW7ZaNeDh2ZuCYQ8k_YlNldRMtAmu-dT0zVOgHCso84x4EORRFUVNhVXwC0j6weHlFPl1m6BaQ-TOrPUQMzH3SE=w408-h544-k-no,true,Open 24 hours,Open 24 hours,Open 24 hours,Open 24 hours,Open 24 hours,Open 24 hours,Open 24 hours,"https://www.google.com/maps/search/tree+service+businesses+in+Cuyahoga+Akron+OH/@41.0854112,-81.4718387,14z",2026-04-29T04:42:54.645Z,,,,
https://www.google.com/maps/place/Grantham+Lawn+Care+And+Design+LLC/data=!4m7!3m6!1s0x8830d7df3f985657:0x64cb798fb4e4da4b!8m2!3d41.1075196!4d-81.5255205!16s%2Fg%2F11g__yxrdv!19sChIJV1aYP9_XMIgRS9rktI95y2Q,Grantham Lawn Care And Design LLC,4.1,23,Landscaper,"293 Shultz St, Akron, OH 44310, United States","4F5F+2Q Akron, Ohio, USA",http://granthamlawncare.com/,+1 330-812-9167,Closed · Opens 6 am,https://lh3.googleusercontent.com/gps-cs-s/APNQkAEzcF5iRziDVR9SiXuoIWWaXeooUkUPTc7j5yaFL4hI-j-S1KSvBuBE7lDzcR7s-ggDctuAJ5vrDDnV3-Yv2QulIfNqGKQi7QpzJWV71-NEStBwhcLx1aH_3dFXg84X5SmxXRsC=w408-h306-k-no,true,6 am–6 pm,6 am–6 pm,6 am–6 pm,6 am–5 pm,9 am–5 pm,6 am–6 pm,6 am–6 pm,"https://www.google.com/maps/search/tree+service+businesses+in+Cuyahoga+Akron+OH/@41.0854112,-81.4718387,14z",2026-04-29T04:43:05.464Z,LGBTQ+ friendly,true,,
https://www.google.com/maps/place/EntireWire+Electric/data=!4m7!3m6!1s0x8830d7385b885555:0xf3340ec0da7851d2!8m2!3d41.0744702!4d-81.5197188!16s%2Fg%2F11h61pz34s!19sChIJVVWIWzjXMIgR0lF42sAONPM,EntireWire Electric,4.8,176,Electrician,"80 E Exchange St apt 359 a, Akron, OH 44308, United States","3FFJ+Q4 Akron, Ohio, USA",https://www.entirewire.net/,+1 330-294-0194,Open 24 hours,https://lh3.googleusercontent.com/gps-cs-s/APNQkAEeZXPXROBJ1ObQExpHL4jNPw-3WZtMRt6q_9YUWQsWIlXBvIrs9_L-XxJlc3-V4l89DLB8SzChhyQ_utq7gQFO3oQJJ8EzM2ZXb70q4rPRyiMeDbzLat6raoaZA6ItiEGI3qjc=w408-h272-k-no,true,Open 24 hours,Open 24 hours,Open 24 hours,Open 24 hours,Open 24 hours,Open 24 hours,Open 24 hours,"https://www.google.com/maps/search/tree+service+businesses+in+Cuyahoga+Akron+OH/@41.0854112,-81.4718387,14z",2026-04-29T04:43:10.703Z,,,,
https://www.google.com/maps/place/Lawn+Love+Lawn+Care+of+Akron/data=!4m7!3m6!1s0x8830d79cf90a0435:0x401d9ed35c7c0cd!8m2!3d41.0841035!4d-81.513217!16s%2Fg%2F11jjxgnr26!19sChIJNQQK-ZzXMIgRzcDHNe3ZAQQ,Lawn Love Lawn Care of Akron,4.7,150,Lawn care service,,,https://lawnlove.com/ohio/akron-lawn-care?utm_source=Google&utm_medium=Places&utm_campaign=Akron,+1 234-312-4805,Closed · Opens 6 am,https://lh3.googleusercontent.com/gps-cs-s/APNQkAHfN7vxCSEZZK9t6I_K1ENWmid97c107U-cuPWS9ToXErty0RdbBYmZnTuij4p1ud9BI8m8rXl8vOk9fU66f6_VzsrtWKP-IJuqDMBLq5yvw_9FPs84oIAPRNBqHy2aN0naPd6y=w457-h240-k-no,true,6 am–8 pm,6 am–8 pm,6 am–8 pm,6 am–8 pm,6 am–8 pm,6 am–8 pm,6 am–8 pm,"https://www.google.com/maps/search/tree+service+businesses+in+Cuyahoga+Akron+OH/@41.0854112,-81.4718387,14z",2026-04-29T04:43:15.890Z,,,,
https://www.google.com/maps/place/Stand+Strong+Fencing+of+Akron/data=!4m7!3m6!1s0x883129724a8020b7:0xce931c5bd08980b!8m2!3d41.0764386!4d-81.4967104!16s%2Fg%2F11x6csvn6c!19sChIJtyCASnIpMYgRC5gIvcUx6Qw,Stand Strong Fencing of Akron,5.0,31,Fence contractor,"680 E Market St #318, Akron, OH 44304, United States","3GG3+H8 Akron, Ohio, USA",https://www.standstrongfencing.com/akron-oh/?utm_source=google&utm_medium=organic&utm_campaign=gbp,+1 330-775-3174,Closed · Opens 8 am,https://lh3.googleusercontent.com/gps-cs-s/APNQkAHIAzkqW1kgKvmdkOwybIOeA7cy3OLN4XC0Xok1amNrzU_0f9U63I-yX5IGOIy1YlW2jRdo6LVya989O-pGDpcOpYd1fyyP-g_jUjQBps6egIyI7YxVkk_zq-ve60UMwptFIsy_X5vmNDnL=w408-h407-k-no,true,8 am–5 pm,8 am–5 pm,8 am–5 pm,8 am–5 pm,Closed,8 am–5 pm,8 am–5 pm,"https://www.google.com/maps/search/tree+service+businesses+in+Cuyahoga+Akron+OH/@41.0854112,-81.4718387,14z",2026-04-29T04:43:20.937Z,,,,
https://www.google.com/maps/place/Extreme+Tree+Service/data=!4m7!3m6!1s0x8830d3cdf9a1ae4b:0xc4f8ce278027ae8f!8m2!3d40.9876192!4d-81.6273169!16s%2Fg%2F11f66rdqyl!19sChIJS66h-c3TMIgRj64ngCfO-MQ,Extreme Tree Service,4.9,27,Tree service,"2900 Eastern Rd, Barberton, OH 44203, United States","X9QF+23 Barberton, Ohio, USA",https://extremetreeohio.com/,,Open 24 hours,https://lh3.googleusercontent.com/gps-cs-s/APNQkAHvp2TRcCLjc7zLmXLNf-zBVa-Tu0W44UJ69xmUD5s_Agf-M3pu5O331hZXse7vLHl5XCDmfdvmWo6Js7iPO2MODGu9ETDvkhz7jzWIYK4HPoCqmG2hk-JsgN9VelOGQZnRrEL3yhSGt7zc=w408-h306-k-no,true,Open 24 hours,Open 24 hours,Open 24 hours,Open 24 hours,Open 24 hours,Open 24 hours,Open 24 hours,"https://www.google.com/maps/search/tree+service+businesses+in+Cuyahoga+Akron+OH/@41.0854112,-81.4718387,14z",2026-04-29T04:43:26.109Z,,,,
https://www.google.com/maps/place/Haven+of+Rest+Ministries/data=!4m7!3m6!1s0x883129d42156566b:0x4dea913e9545d1dd!8m2!3d41.0836956!4d-81.5119456!16s%2Fg%2F1tkf1ml8!19sChIJa1ZWIdQpMYgR3dFFlT6R6k0,Haven of Rest Ministries,4.0,489,Homeless shelter,"175 E Market St, Akron, OH 44308, United States","3FMQ+F6 Akron, Ohio, USA",http://havenofrest.org/,+1 330-535-1563,Open 24 hours,https://lh3.googleusercontent.com/gps-cs-s/APNQkAEB4lwo02mINLAtNvPMXoD7L1hQF2cE_KHzSyyLWrhzDCzJiM236sAAFOn4OQWgT76V3OgFHkB9QdGR-bhgoMVpJJxUmh1ltIKwc5dfVH9Yi3hCrsu9bRRMoqzURslsCOM5d5Q=w408-h272-k-no,true,Open 24 hours,Open 24 hours,Open 24 hours,Open 24 hours,Open 24 hours,Open 24 hours,Open 24 hours,"https://www.google.com/maps/search/tree+service+businesses+in+Cuyahoga+Akron+OH/@41.0854112,-81.4718387,14z",2026-04-29T04:43:31.049Z,,,,
"https://www.google.com/maps/place/Two+Clever+Fellas+Ohio/@41.102477,-81.4656175,11z/data=!3m1!4b1!4m6!3m5!1s0xa48b72d83a8b2407:0x9c668e8338c96022!8m2!3d41.102477!4d-81.4656175!16s%2Fg%2F11xf1g8l2g",Two Clever Fellas Ohio,5.0,62,Waste management service,,,https://twocleverfellasoh.com/,+1 330-283-8000,Open 24 hours,,true,Open 24 hours,Open 24 hours,Open 24 hours,Open 24 hours,Closed,Open 24 hours,Open 24 hours,"https://www.google.com/maps/search/tree+service+businesses+in+Cuyahoga+Akron+OH/@41.0854112,-81.4718387,14z",2026-04-29T04:43:37.794Z,,,,
https://www.google.com/maps/place/Jscapes+Design+and+Installation/data=!4m7!3m6!1s0x8836d30b0a100001:0x6334623f1aaaaa2!8m2!3d40.1417556!4d-82.0064115!16s%2Fg%2F11p73qh2h_!19sChIJAQAQCgvTNogRoqqq8SNGMwY,Jscapes Design and Installation,5.0,44,Landscaper,,,https://jscapesdesignandinstall.com/contact,+1 330-904-8138,Closed · Opens 7:30 am,https://lh3.googleusercontent.com/gps-cs-s/APNQkAGTzbB5DImLAZXwUmszOXZ6CvVOkCkGJnxIZXD5KKVznqgw6XDXQaECxNL3_F_jBzggR7DEc6nnE6mxHPcQvOeFbcwqv0Xa0qPu_G6zr5ViyP6meJLRU7u-pzke82UA706AaY8u=w408-h272-k-no,true,7:30 am–7 pm,7:30 am–7 pm,7:30 am–6 pm,7:30 am–6 pm,Closed,7:30 am–7 pm,7:30 am–7 pm,"https://www.google.com/maps/search/tree+service+businesses+in+Cuyahoga+Akron+OH/@41.0854112,-81.4718387,14z",2026-04-29T04:43:42.505Z,,,,
https://www.google.com/maps/place/Akron+Pest+Control/data=!4m7!3m6!1s0x8830d794f60ca0f1:0x69a00cabdb0f2da!8m2!3d41.0564181!4d-81.5178542!16s%2Fg%2F11j2cd52c9!19sChIJ8aAM9pTXMIgR2vKwvcoAmgY,Akron Pest Control,5.0,309,Pest control service,"969 Grant St, Akron, OH 44311, United States","3F4J+HV Akron, Ohio, USA",http://www.akronpestcontrol.com/,+1 330-253-6271,Closed · Opens 8 am,https://lh3.googleusercontent.com/gps-cs-s/APNQkAF1kqEMmauNcc-ensJmUaId3XZfVdiP-OLzuEm3rex3ZO5qmJaTFP5o38XFXRbiO_XqY2zd19WppA0gFhbJzdzpf559KyfP7L--OsWIYyzkH_JYoRs8oCo5zRlfL-D8AS9D0wPs=w426-h240-k-no,true,8 am–5 pm,8 am–5 pm,8 am–5 pm,Closed,Closed,8 am–5 pm,8 am–5 pm,"https://www.google.com/maps/search/tree+service+businesses+in+Cuyahoga+Akron+OH/@41.0854112,-81.4718387,14z",2026-04-29T04:43:47.524Z,,,,
https://www.google.com/maps/place/Expert+Tree+Solutions/data=!4m7!3m6!1s0x8837338b0a0df9dd:0x3f4e74d334c90ec5!8m2!3d41.0568431!4d-81.7982723!16s%2Fg%2F11px2hp0ls!19sChIJ3fkNCoszN4gRxQ7JNNN0Tj8,Expert Tree Solutions,4.9,276,Tree service,"7972 Wadsworth Rd, Wadsworth, OH 44281, United States","3642+PM Wadsworth, Ohio, USA",https://www.experttreesolutionsohio.com/,+1 330-612-2904,Open 24 hours,https://lh3.googleusercontent.com/gps-cs-s/APNQkAH6GsV62IyLA0yCz3KSHwS7b8QgYVVFtv_iCSjA3UyjsVwABhKTspXwxwPoYdOfvE8TRusoJbEjyy3gFdcix1uBo_pCZXZ7QeOo9h7wvXk7VtpEauCYvG695Hyx1OtLw6Tu-lgvgYmwb08=w408-h544-k-no,true,Open 24 hours,Open 24 hours,Open 24 hours,Open 24 hours,Open 24 hours,Open 24 hours,Open 24 hours,"https://www.google.com/maps/search/tree+service+businesses+in+Cuyahoga+Akron+OH/@41.0854112,-81.4718387,14z",2026-04-29T04:43:52.307Z,,,,
"https://www.google.com/maps/place/Trees+and+Gardens+Consulting,+LLC/data=!4m7!3m6!1s0x4682b0747d92bac1:0xddc6a134b8c4898e!8m2!3d41.2401225!4d-81.6007174!16s%2Fg%2F11xcx841n_!19sChIJwbqSfXSwgkYRjonEuDShxt0","Trees and Gardens Consulting, LLC",5.0,7,Tree service,,,http://www.treesandgardensohio.com/,+1 440-289-7993,Closed · Opens 7:30 am,https://lh3.googleusercontent.com/gps-cs-s/APNQkAEtuxCicb_nF9FKgz1Dfg5FjJx1XyiSznA2GNIkTYXJXIWRo0VPT5Csmbi-Le8dZ_hAPH1HV28HU34MZAvd4cKG_yUIrjtWZ6bz4LU4FNm-BF9yldAZMS8VO24gaLtn0zfUpmPT1NgDdY86=w408-h544-k-no,true,7:30 am–4 pm,7:30 am–4 pm,7:30 am–4 pm,Closed,Closed,7:30 am–4 pm,7:30 am–4 pm,"https://www.google.com/maps/search/tree+service+businesses+in+Cuyahoga+Akron+OH/@41.0854112,-81.4718387,14z",2026-04-29T04:43:57.158Z,LGBTQ+ friendly,,,
https://www.google.com/maps/place/RPC+Restoration/data=!4m7!3m6!1s0x8830d5c4cde97469:0x47f82be46616ea84!8m2!3d41.0615752!4d-81.4613252!16s%2Fg%2F11tfdb49mc!19sChIJaXTpzcTVMIgRhOoWZuQr-Ec,RPC Restoration,5.0,236,Roofing contractor,"1850 E Market St, Akron, OH 44305, United States","3G6Q+JF Akron, Ohio, USA",https://www.rpcrestorationinc.com/,+1 330-573-4059,Closed · Opens 9 am,https://lh3.googleusercontent.com/gps-cs-s/APNQkAHQbm6lSN6aMVm7MHJNQUIyZGGOUf7_l0aX0SCZFlHq_Rgkv-A0P9odhcWvfh0EXYmw-cs76HyDbWx9JXpiJC-hhTl2JF2qVtgGqkw2x-fwVOSSC-j5J_RehxPn9_OxZBrTWyi89jJY4WZW=w408-h306-k-no,true,9 am–5 pm,9 am–5 pm,9 am–5 pm,9 am–5 pm,Closed,9 am–5 pm,9 am–5 pm,"https://www.google.com/maps/search/tree+service+businesses+in+Cuyahoga+Akron+OH/@41.0854112,-81.4718387,14z",2026-04-29T04:44:02.075Z,,,,
https://www.google.com/maps/place/Homegrown+Roofing+and+Construction/data=!4m7!3m6!1s0x8830d753d51f5ce1:0xb3a2115c80d05d31!8m2!3d41.0618778!4d-81.5197817!16s%2Fg%2F11pkhrtj0h!19sChIJ4Vwf1VPXMIgRMV3QgFwRorM,Homegrown Roofing and Construction,4.9,147,Roofing contractor,"207 E South St, Akron, OH 44311, United States","3F6J+Q3 Akron, Ohio, USA",http://homegrownroofingandconstruction.com/,+1 330-777-2900,Open 24 hours,https://lh3.googleusercontent.com/gps-cs-s/APNQkAFHj3laArYWRKFZSWe6Yau0C8nKkrM1boaR03tohSeubzBpNzFE2mhSGd-vSTzuqF3ct6lZKhZOaTe9mdG9fcj23wD4HwdnxBzTw9mOGtPDTL44DSxfFaZjUXJ8kvcAK91RwRx2=w408-h306-k-no,true,Open 24 hours,Open 24 hours,Open 24 hours,Open 24 hours,Open 24 hours,Open 24 hours,Open 24 hours,"https://www.google.com/maps/search/tree+service+businesses+in+Cuyahoga+Akron+OH/@41.0854112,-81.4718387,14z",2026-04-29T04:44:06.875Z,,,,
https://www.google.com/maps/place/Greene+Family+Tree+Service/data=!4m7!3m6!1s0x8ea9f5288c50fdaf:0x60b798e9297887!8m2!3d41.128835!4d-81.345093!16s%2Fg%2F11syf5xbtm!19sChIJr_1QjCj1qY4Rh3gp6Zi3YAA,Greene Family Tree Service,5.0,6,Tree service,,,http://www.relevantyellow.com/Tree-Services-Cuyahoga-Falls-OH,+1 330-574-7400,Closed · Opens 8 am,https://lh3.googleusercontent.com/gps-cs-s/APNQkAH-c7EipeDqAXZw0FGSjx_odo8q8WVeIn-XCyFHJrV2OLLzEPSgxa-T-8OCyt5HkmpVWAwWHELCQ8ry1DiIHZSzZcvlFEkFSLkjZja67ptIwXehJmAa7KKAQiyzIfzkvdXHtw=w408-h544-k-no,true,8 am–5 pm,8 am–5 pm,8 am–5 pm,8 am–2 pm,Closed,8 am–5 pm,8 am–5 pm,"https://www.google.com/maps/search/tree+service+businesses+in+Cuyahoga+Akron+OH/@41.0854112,-81.4718387,14z",2026-04-29T04:44:11.982Z,,,,
https://www.google.com/maps/place/Buckeye+Guys+Roofing/data=!4m7!3m6!1s0x8830d7133c4e29bb:0x913e991657aa1f10!8m2!3d41.0796271!4d-81.5196539!16s%2Fg%2F11krpfcv92!19sChIJuylOPBPXMIgREB-qVxaZPpE,Buckeye Guys Roofing,4.9,123,Roofing contractor,"209 S Main St Suite 712, Akron, OH 44308, United States","3FHJ+V4 Akron, Ohio, USA",https://buckeyeguysroofing.net/,+1 234-281-1269,Open 24 hours,https://lh3.googleusercontent.com/gps-cs-s/APNQkAHHedz4324BJ1izf4JoHZnwmib7dPBDLKJUHkqP52womYmHqwDaMZ2lNQfRlUYiTM5vEDE--dprNxpu51ftisABzN5_0K08ETMMlKGLO-UOxTcC7yZ8ln1KVJa8PEmYy48ikuqf3tiQGIfg=w427-h240-k-no,true,Open 24 hours,Open 24 hours,Open 24 hours,Open 24 hours,Open 24 hours,Open 24 hours,Open 24 hours,"https://www.google.com/maps/search/tree+service+businesses+in+Cuyahoga+Akron+OH/@41.0854112,-81.4718387,14z",2026-04-29T04:44:16.961Z,,,,
https://www.google.com/maps/place/Grainger+Industrial+Supply/data=!4m7!3m6!1s0x88312ecbafacf7a1:0x691ebe4b51416d5d!8m2!3d41.0654542!4d-81.4252445!16s%2Fg%2F1tkc2rql!19sChIJofesr8suMYgRXW1BUUu-Hmk,Grainger Industrial Supply,4.5,43,Tool store,"420 Kennedy Rd, Akron, OH 44305, United States","3H8F+5W Akron, Ohio, USA",https://www.grainger.com/branch/Akron-Branch-161,+1 800-472-4643,Closed · Opens 7:30 am,https://lh3.googleusercontent.com/gps-cs-s/APNQkAGRUPN2-CbdNbH1zDPujvCA5yA6KXLRcQ59ulfGXzVqvGc0CIUElvSGoPFIn2ns65gQh53cHNC9unf3dAXR4FnGXEcvWKftxdx_qsmsSzVp_XhFc__aCxitjGDjXteuJAvkkxk4=w408-h306-k-no,true,7:30 am–4 pm,7:30 am–4 pm,7:30 am–4 pm,Closed,Closed,7:30 am–4 pm,7:30 am–4 pm,"https://www.google.com/maps/search/tree+service+businesses+in+Cuyahoga+Akron+OH/@41.0854112,-81.4718387,14z",2026-04-29T04:44:21.905Z,,,"Chain offering a broad range of industrial equipment, maintenance supplies, tools & parts. · In-store shopping · Kerbside pickup · Delivery",
https://www.google.com/maps/place/Armstrong+Truck+%26+Trailer+Repair/data=!4m7!3m6!1s0x883129355785f135:0xf234b6dadc6cde9e!8m2!3d41.0627916!4d-81.4299201!16s%2Fg%2F1th1dcdw!19sChIJNfGFVzUpMYgRnt5s3Nq2NPI,Armstrong Truck & Trailer Repair,4.6,50,Truck repair shop,"2700 Gilchrist Rd Suite G, Akron, OH 44305, United States","3H7C+42 Akron, Ohio, USA",http://www.armstrongtruckandtrailer.com/,+1 330-798-1250,Closed · Opens 5 am,https://lh3.googleusercontent.com/gps-cs-s/APNQkAHq_gRCpa2yWRxeuSY8PbiK8okV9h6kmsvFQ6z-Y_El2cLs6YYMDP1lxjC1KnqZgo1M8baE3UdK6GZJ0JNaIQGe0DrtjjrLnKecuLKN9y6tzgaAgv4XcfUJPLZbhpVvfp-3LFFa=w408-h544-k-no,true,5 am–5 pm,5 am–5 pm,5 am–5 pm,Closed,Closed,5 am–5 pm,5 am–5 pm,"https://www.google.com/maps/search/tree+service+businesses+in+Cuyahoga+Akron+OH/@41.0854112,-81.4718387,14z",2026-04-29T04:44:26.903Z,LGBTQ+ friendly,,,
https://www.google.com/maps/place/Allied+Auto/data=!4m7!3m6!1s0x883129937fa83a63:0x627a31a093d71be0!8m2!3d41.0617696!4d-81.4913211!16s%2Fg%2F1v26mrtp!19sChIJYzqof5MpMYgR4BvXk6AxemI,Allied Auto,4.7,192,Tire shop,"384 S Arlington St, Akron, OH 44306, United States","3G65+PF Akron, Ohio, USA",,+1 330-535-8168,Closed · Opens 9 am,https://lh3.googleusercontent.com/gps-cs-s/APNQkAHFHEJOOdxvsjDGNqtYK1yvkauWKFJORl6zqLaSqCaLsNCYSKBdiUc3BSg2CHsQAKCuHULdNCmxRKbr6EFuyf238An8BbNLu1XBitKdn4sFMo8sJqF561Adc1G76jXdGmT16UNu=w408-h544-k-no,true,9 am–5 pm,9 am–5 pm,9 am–5 pm,10 am–2 pm,Closed,9 am–5 pm,9 am–5 pm,"https://www.google.com/maps/search/tree+service+businesses+in+Cuyahoga+Akron+OH/@41.0854112,-81.4718387,14z",2026-04-29T04:44:31.797Z,,,,
https://www.google.com/maps/place/The+Bomb+Shelter/data=!4m7!3m6!1s0x883129b0a876f9c9:0xaf44b6d99ec71164!8m2!3d41.0767183!4d-81.4879237!16s%2Fg%2F1tf60ygz!19sChIJyfl2qLApMYgRZBHHntm2RK8,The Bomb Shelter,4.7,986,Antique store,"923 Bank St, Akron, OH 44305, United States","3GG6+MR Akron, Ohio, USA",https://www.thebombshelterstore.com/,+1 330-258-0088,"Closed · Opens 11 am Thu

Confirmed by phone call 4 weeks ago",https://lh3.googleusercontent.com/gps-cs-s/APNQkAFYRAK6Ika8XEj0AW4MqTvy3BXGzHcar8s46l4nJgTqdHgmQZvbOdMMmsOedVQpCSiHQm6fuavg6tXDXWr7N7OZAqTNuTGHFZwrla9FKkl7td6r6ry15ioYGSG69ZQK3gekowvjCPsn2woo=w408-h544-k-no,true,Closed,11 am–5 pm,11 am–5 pm,11 am–5 pm,12–4 pm,11 am–5 pm,Closed,"https://www.google.com/maps/search/tree+service+businesses+in+Cuyahoga+Akron+OH/@41.0854112,-81.4718387,14z",2026-04-29T04:44:37.213Z,,,· In-store shopping · In-store pick-up · Delivery,
"https://www.google.com/maps/place/Babcock+%26+Wilcox+Construction+Co.,+LLC/data=!4m7!3m6!1s0x8830d481fa0b84fd:0x3d4513d3e4ab9ab4!8m2!3d41.0660308!4d-81.4833369!16s%2Fg%2F1tq6f3tq!19sChIJ_YQL-oHUMIgRtJqr5NMTRT0","Babcock & Wilcox Construction Co., LLC",5.0,2,Manufacturer,"1200 E Market St Suite 651, Akron, OH 44305, United States","3G88+CM Akron, Ohio, USA",https://www.babcock.com/,+1 330-753-9750,Open 24 hours,https://streetviewpixels-pa.googleapis.com/v1/thumbnail?panoid=uTwK2YO9wstzIUsHb_4TLw&cb_client=search.gws-prod.gps&w=408&h=240&yaw=227.772&pitch=0&thumbfov=100,false,Open 24 hours,Open 24 hours,Open 24 hours,Open 24 hours,Open 24 hours,Open 24 hours,Open 24 hours,"https://www.google.com/maps/search/tree+service+businesses+in+Cuyahoga+Akron+OH/@41.0854112,-81.4718387,14z",2026-04-29T04:44:41.975Z,,,,
https://www.google.com/maps/place/John%27s+Tree+Services+%26+Landscaping/data=!4m7!3m6!1s0x88312061731f1d83:0xbd3405ecabb75506!8m2!3d41.2511035!4d-81.4977258!16s%2Fg%2F1v2f14x6!19sChIJgx0fc2EgMYgRBlW3q-wFNL0,John's Tree Services & Landscaping,4.6,52,Tree service,"6731 Chittenden Rd, Hudson, OH 44236, United States","7G22+CW Hudson, Ohio, USA",http://www.johnstreeonline.com/,+1 330-655-3551,Closed · Opens 9 am,https://lh3.googleusercontent.com/gps-cs-s/APNQkAHdYf4SHSE8bi1NgKUpPn3n8WNAiEtiazwMBfjWmfRgGUrk8NNS7al0U7EasnYSQrxe0Ord7eAI4WvFiIaN-hy8Fgk1EaziMEedlOCv-jmvliaLyvZXrpw49VbgCeiOcKf0havu=w408-h306-k-no,true,9 am–5 pm,9 am–5 pm,9 am–5 pm,9 am–3 pm,Closed,9 am–5 pm,9 am–5 pm,"https://www.google.com/maps/search/tree+service+businesses+in+Cuyahoga+Akron+OH/@41.0854112,-81.4718387,14z",2026-04-29T04:44:46.798Z,,,,
https://www.google.com/maps/place/Lepley+%26+Co.+-+Northside+Marketplace/data=!4m7!3m6!1s0x8831295a467a1d79:0x9319838df9430701!8m2!3d41.0887632!4d-81.5155171!16s%2Fg%2F11jm8rdj81!19sChIJeR16RlopMYgRAQdD-Y2DGZM,Lepley & Co. - Northside Marketplace,4.1,31,Plant nursery,"21 Furnace St, Akron, OH 44308, United States","3FQM+GQ Akron, Ohio, USA",http://lepleyandco.com/,+1 330-808-8490,Closed · Opens 9 am,https://lh3.googleusercontent.com/gps-cs-s/APNQkAERrr1SYz80GYZiRBdM1_BtZQKuZHsSAMExpmrU4_CMMsqCzYlgvljcSuAPjpZdFAdsnShLZj2NsdSgXp0_Yy3IcT0dXDsEnD5qAFrh0HrAeJVu9tU0JM141d8n5NBNp83h7SY7=w408-h504-k-no,true,9 am–7 pm,9 am–8 pm,9 am–8 pm,9 am–8 pm,9 am–3 pm,Closed,9 am–7 pm,"https://www.google.com/maps/search/tree+service+businesses+in+Cuyahoga+Akron+OH/@41.0854112,-81.4718387,14z",2026-04-29T04:44:51.511Z,LGBTQ+ friendly,,,
https://www.google.com/maps/place/Flowerama/data=!4m7!3m6!1s0x883129381a5e685f:0x9592c82a48892006!8m2!3d41.0637867!4d-81.4395634!16s%2Fg%2F1tg3brjw!19sChIJX2heGjgpMYgRBiCJSCrIkpU,Flowerama,4.5,330,Florist,"2495 Mogadore Rd, Akron, OH 44312, United States","3H76+G5 Akron, Ohio, USA",http://www.floweramaakron.com/,+1 330-798-7726,"Closed · Opens 8 am

Updated by this business 7 weeks ago",https://lh3.googleusercontent.com/gps-cs-s/APNQkAGn-IW4xupqGPuzV6wiIBjdbQlKFNdib3TINdCd7FCQFa1ZnF-VUBoujGeoaF8SUWtZKmf6o_Ib1_AvyaTugLP5KbAOo7MM0FyHKJoQKG7pTdAwvLbhBg8gFtaKH-aKsl60DKpRyg=w408-h306-k-no,true,8 am–8 pm,8 am–8 pm,8 am–8 pm,8 am–8 pm,9 am–5 pm,8 am–8 pm,8 am–8 pm,"https://www.google.com/maps/search/tree+service+businesses+in+Cuyahoga+Akron+OH/@41.0854112,-81.4718387,14z",2026-04-29T04:44:56.345Z,,,· In-store shopping · Delivery,
https://www.google.com/maps/place/NFC+Tree+Service/data=!4m7!3m6!1s0x6aa94ab19a3a241:0x5c7bdfc24c999435!8m2!3d41.2480574!4d-81.4939456!16s%2Fg%2F11ryqmq2cd!19sChIJQaKjGauUqgYRNZSZTMLfe1w,NFC Tree Service,4.3,12,Tree service,,,http://nfctreeservice.com/,+1 330-968-8958,Closed · Opens 7 am,https://lh3.googleusercontent.com/gps-cs-s/APNQkAFx0cqxXvCrrsy41ue_6S7g6v3HQ6RDGClckM2RspMm7KTDrSF33wuryG5HEDmE8YOQE6_h0ot3g7LHaejm36gqFQb5GzAIlys2TO82xIRXploc1N-8cen_qmon-xHGtdnfCqxP=w408-h303-k-no,true,7 am–5 pm,7 am–5 pm,7 am–5 pm,9 am–5 pm,Closed,7 am–5 pm,7 am–5 pm,"https://www.google.com/maps/search/tree+service+businesses+in+Cuyahoga+Akron+OH/@41.0854112,-81.4718387,14z",2026-04-29T04:45:01.131Z,,,,
https://www.google.com/maps/place/Downtown+Akron+Partnership/data=!4m7!3m6!1s0x8830d629c53d3703:0x95585309e23859ef!8m2!3d41.0820749!4d-81.5166397!16s%2Fg%2F11b6_n5lyc!19sChIJAzc9xSnWMIgR71k44glTWJU,Downtown Akron Partnership,4.9,17,Non-profit organization,"103 S High St, Akron, OH 44308, United States","3FJM+R8 Akron, Ohio, USA",http://www.downtownakron.com/,+1 330-374-7676,Closed · Opens 8:30 am,https://lh3.googleusercontent.com/gps-cs-s/APNQkAGMz7v7RAatGZWP7vfBd42ZibUIHxjy2HWRavpFiEpqy56ySNX9TRDcGxrEARfNIoSEGlRwB3fPy9HO4E1M65Q88rn76UFlVpP7EFeDJUuyZBNcfgI5vpoc9FBJ004wko4TmC-56Q=w408-h378-k-no,true,8:30 am–5 pm,8:30 am–5 pm,8:30 am–5 pm,Closed,Closed,8:30 am–5 pm,8:30 am–5 pm,"https://www.google.com/maps/search/tree+service+businesses+in+Cuyahoga+Akron+OH/@41.0854112,-81.4718387,14z",2026-04-29T04:45:06.095Z,,,,
https://www.google.com/maps/place/Akron+Tree+Service/data=!4m7!3m6!1s0x8831294945a5332d:0xb249e2a8d29c2a12!8m2!3d41.128835!4d-81.5400115!16s%2Fg%2F11g70vwl9y!19sChIJLTOlRUkpMYgREiqc0qjiSbI,Akron Tree Service,1.0,1,Tree service,,,,+1 330-302-3503,Open 24 hours,https://lh3.googleusercontent.com/gps-cs-s/APNQkAEDeEG_9_kRejuzTYciENK3U6_8IV_yhHYe18n6a9QW6kHMa3563NHnQDgWPxLpq302UcoAlouFITTihABLH7GR-uftcyjHt4sDQfUTstZ7M0JwYTAB85DJ0A2BmIPXHk3fXvOy=w632-h240-k-no,true,Open 24 hours,Open 24 hours,Open 24 hours,Open 24 hours,Open 24 hours,Open 24 hours,Open 24 hours,"https://www.google.com/maps/search/tree+service+businesses+in+Cuyahoga+Akron+OH/@41.0854112,-81.4718387,14z",2026-04-29T04:45:10.583Z,,,,
https://www.google.com/maps/place/Roto-Rooter+Plumbing+%26+Water+Cleanup/data=!4m7!3m6!1s0x8830d829069351d1:0x15590b99fba0cfc8!8m2!3d41.0672213!4d-81.5220486!16s%2Fg%2F11b6s025q2!19sChIJ0VGTBinYMIgRyM-g-5kLWRU,Roto-Rooter Plumbing & Water Cleanup,4.9,2174,Plumber,"577 Miami St, Akron, OH 44311, United States","3F8H+V5 Akron, Ohio, USA",https://www.rotorooter.com/akron/?utm_source=Google&utm_medium=organic&utm_campaign=gmb&utm_content=website,+1 330-572-2303,Open 24 hours,https://lh3.googleusercontent.com/gps-cs-s/APNQkAFyvMz92wAa8uTuQaT58i2J86Jk3hSH-dOOy3Q-OOwSQOmXKQu8gMMGD7_cLtEOxUXV-TOphhA7IX-9LBQHKN5Fg-hz2Rn5VWk2UKWHDBp6v5_suI0X1Vkjxgq5o16_3wgUZoCDP3HyoiU=w408-h545-k-no,true,Open 24 hours,Open 24 hours,Open 24 hours,Open 24 hours,Open 24 hours,Open 24 hours,Open 24 hours,"https://www.google.com/maps/search/tree+service+businesses+in+Cuyahoga+Akron+OH/@41.0854112,-81.4718387,14z",2026-04-29T04:45:15.440Z,LGBTQ+ friendly,,,
"https://www.google.com/maps/place/Graf%27s+Garden+Shop,+Landscape+and+Farm+Market/data=!4m7!3m6!1s0x8830d6d982713e49:0x70d91e7243f7c3f5!8m2!3d41.088921!4d-81.591553!16s%2Fg%2F1tnpln7k!19sChIJST5xgtnWMIgR9cP3Q3Ie2XA","Graf's Garden Shop, Landscape and Farm Market",4.6,187,Garden center,"1015 White Pond Dr, Akron, OH 44320, United States","3CQ5+H9 Akron, Ohio, USA",http://www.grafgrowers.com/,+1 330-836-2727,"Closed · Opens 9 am

Updated by this business 4 weeks ago",https://lh3.googleusercontent.com/gps-cs-s/APNQkAFKFG7NcTF32dEkQIxHeGuZMelsUeSn7z4AJmDxqd0KVeSEqAGS39bMjzbRFpM9hSxK9bv4fMydo0pJU0uTR4uT5OXMER3uRR8VgZI3NYhkdXAkPO_V1ug2Ratfv-rCQYf64Ng=w408-h306-k-no,true,9 am–6 pm,9 am–6 pm,9 am–6 pm,9 am–5 pm,9 am–5 pm,9 am–6 pm,9 am–6 pm,"https://www.google.com/maps/search/tree+service+businesses+in+Cuyahoga+Akron+OH/@41.0854112,-81.4718387,14z",2026-04-29T04:45:20.426Z,LGBTQ+ friendly,,· In-store shopping · Kerbside pickup · Delivery,
https://www.google.com/maps/place/Dream+Cuts/data=!4m7!3m6!1s0x8bc2971330dfd811:0x8864897d4fa8d446!8m2!3d41.128835!4d-81.4992425!16s%2Fg%2F11twhxjzgg!19sChIJEdjfMBOXwosRRtSoT32JZIg,Dream Cuts,5.0,7,Lawn care service,,,http://www.dreamcutslawncare.com/,+1 330-564-3904,Closed · Opens 8 am,https://lh3.googleusercontent.com/gps-cs-s/APNQkAEaWmY5zUAroOCKsVuxdy7JjD7L3RtND3HOFzqEUH3WlrFqGZ1Axpbghhd2jTAB_2wXh1_igNiOZY8wnwfrG4RLAvkqon4_jX1VfW6Ot3oij4pSGFJ1DYXMBowbVESOI7gPljcM=w408-h305-k-no,true,8 am–5 pm,8 am–5 pm,8 am–5 pm,Closed,Closed,8 am–5 pm,8 am–5 pm,"https://www.google.com/maps/search/tree+service+businesses+in+Cuyahoga+Akron+OH/@41.0854112,-81.4718387,14z",2026-04-29T04:45:25.240Z,,,,
https://www.google.com/maps/place/John+S.+Knight+Center/data=!4m7!3m6!1s0x8830d629ddd557f1:0xe5cfa5da750b93a2!8m2!3d41.0827598!4d-81.5160064!16s%2Fm%2F05ztpns!19sChIJ8VfV3SnWMIgRopMLddqlz-U,John S. Knight Center,4.5,1032,Convention center,"77 E Mill St, Akron, OH 44308, United States","3FMM+4H Akron, Ohio, USA",http://www.johnsknightcenter.org/,+1 330-374-8900,Closed · Opens 8:30 am,https://lh3.googleusercontent.com/gps-cs-s/APNQkAHMEh9Zb7MuQ1fI_YAcV0Wpy7tzL1hfLy2IodMlgq7YiPO2RuNOxZ-_Jl7W_OYXqg7TllYRL8mDpt2VSRtSkV7l_4iZhqjGfn_goTNnn4wB2LsAq101QQcJuLho-V-YU_i13oiCjA=w408-h272-k-no,true,8:30 am–5 pm,8:30 am–5 pm,8:30 am–5 pm,Closed,Closed,8:30 am–5 pm,8:30 am–5 pm,"https://www.google.com/maps/search/tree+service+businesses+in+Cuyahoga+Akron+OH/@41.0854112,-81.4718387,14z",2026-04-29T04:45:30.008Z,,,,
https://www.google.com/maps/place/Hose+Warehouse/data=!4m7!3m6!1s0x883129e17f48c4c5:0x5071a70446a7c7fb!8m2!3d41.0756828!4d-81.5017923!16s%2Fg%2F11qst8rq7q!19sChIJxcRIf-EpMYgR-8enRgSncVA,Hose Warehouse,4.9,1076,Hose supplier,"553 Carroll St Main Entrance, Akron, OH 44304, United States","3FGX+77 Akron, Ohio, USA",https://hosewarehouse.com/,+1 330-535-7105,Closed · Opens 8 am,https://lh3.googleusercontent.com/gps-cs-s/APNQkAEc6k8zFuT4E1vpvy_lTEG9hE2QjROkBBk4fOr_SVmJ5vcV-Gaba8bjNxQfhub5YS0U0kTx3Y8OVshCoTZjRNk1drMe4VDwPB9JOI9Z1fc6BvxvfUbqeaNUTkbBzsGluSr8fwI=w408-h306-k-no,true,8 am–5 pm,8 am–5 pm,8 am–5 pm,Closed,Closed,8 am–5 pm,8 am–5 pm,"https://www.google.com/maps/search/tree+service+businesses+in+Cuyahoga+Akron+OH/@41.0854112,-81.4718387,14z",2026-04-29T04:45:34.812Z,,,,
https://www.google.com/maps/place/Akron+Tree+Service/data=!4m7!3m6!1s0x8830d70ae70a4bd9:0xaaef9dd2bdeaca7c!8m2!3d41.0841035!4d-81.513217!16s%2Fg%2F11k058ss1g!19sChIJ2UsK5wrXMIgRfMrqvdKd76o,Akron Tree Service,4.0,1,Tree service,,,,+1 330-302-2052,Closed · Opens 8 am,https://lh3.googleusercontent.com/gps-cs-s/APNQkAFgnL7ka7YBEc5A400vTYCym2RhP1T6EE24UoNaVGx7RT97E5SBm5Blqn0uW_6-Q5PgPu8WBPnYUrDPPbz84683lJud_J6B-S0HDfv4GqmptKAtWk6f3EGmyD-Gu3lLqRh1n0ZY=w408-h272-k-no,true,8 am–6 pm,8 am–6 pm,8 am–6 pm,8 am–6 pm,8 am–6 pm,8 am–6 pm,8 am–6 pm,"https://www.google.com/maps/search/tree+service+businesses+in+Cuyahoga+Akron+OH/@41.0854112,-81.4718387,14z",2026-04-29T04:45:39.448Z,,,,
https://www.google.com/maps/place/Jeff+The+Plumber/data=!4m7!3m6!1s0x8831285723cac0f9:0x90bed13ccb31cbc0!8m2!3d41.0932501!4d-81.4760652!16s%2Fg%2F1vlqqv_t!19sChIJ-cDKI1coMYgRwMsxyzzRvpA,Jeff The Plumber,4.0,176,Plumber,"1210 Curtis St, Akron, OH 44310, United States","3GVF+8H Akron, Ohio, USA",https://jefftheplumber.com/,+1 330-940-2600,Open 24 hours,https://lh3.googleusercontent.com/gps-cs-s/APNQkAHixFYLqiYjydR_eGfQqMg2BWE1XZM9_bJoz5pIGtQEhDDXHGH3VhRtuDgnb-UMwLuWi83CQpZoDwvOnECLc1swWCPCdLMKYkcMvBPz8zUOILY9KmV-nPVPoWoyHvJPz74yBknzoA=w426-h240-k-no,true,Open 24 hours,Open 24 hours,Open 24 hours,Open 24 hours,Open 24 hours,Open 24 hours,Open 24 hours,"https://www.google.com/maps/search/tree+service+businesses+in+Cuyahoga+Akron+OH/@41.0854112,-81.4718387,14z",2026-04-29T04:45:44.068Z,,,,
https://www.google.com/maps/place/Piece+It+Out+Tree+Service+LLC/data=!4m7!3m6!1s0x88311e55f2750301:0xc010be7d1e60033b!8m2!3d41.313804!4d-81.4187376!16s%2Fg%2F1wz53byd!19sChIJAQN18lUeMYgROwNgHn2-EMA,Piece It Out Tree Service LLC,4.6,68,Tree service,,,http://www.pieceitouttreeservice.com/,+1 330-221-2136,Closed · Opens 9 am,https://lh3.googleusercontent.com/gps-cs-s/APNQkAG776rZQsGHAyaTUmXDP2j7GnbmXKGICNevx8yNC0e-1JLThZgA2bTjQa4lvXbVkV7NG-DGMIUlGM_jyKqkF8I2A-0iTHzPCGqjIbc0rgRlO5cY6L-BgNU3WodSTqqtDueMxREk=w408-h285-k-no,true,9 am–5 pm,9 am–5 pm,9 am–5 pm,Closed,Closed,9 am–5 pm,9 am–5 pm,"https://www.google.com/maps/search/tree+service+businesses+in+Cuyahoga+Akron+OH/@41.0854112,-81.4718387,14z",2026-04-29T04:45:51.077Z,,,,
https://www.google.com/maps/place/Greenleaf+Family+Center/data=!4m7!3m6!1s0x883129df53a04f37:0x6d6449d3cdf23c1!8m2!3d41.0675648!4d-81.5187256!16s%2Fg%2F1tk4rtbl!19sChIJN0-gU98pMYgRwSPfPJ1E1gY,Greenleaf Family Center,3.1,16,Family service center,"580 Grant St, Akron, OH 44311, United States","3F9J+2G Akron, Ohio, USA",http://www.greenleafctr.org/,+1 330-376-9494,Closed · Opens 8:30 am,https://lh3.googleusercontent.com/gps-cs-s/APNQkAFwoViQxSE5ESLY5N7VzJkt_XtVauyHgHsSTZHqLTN9gJiY49D1pmcHfvPwu298xtVelYMMTY-kdTo4gAfl5Umw5NsXRl8AW2W5A3CbAPZD8be9WmwuoBoafszdGfEyuaFOscHN_Q=w428-h240-k-no,true,8:30 am–8 pm,8:30 am–8 pm,8:30 am–4:30 pm,Closed,Closed,8:30 am–8 pm,8:30 am–8 pm,"https://www.google.com/maps/search/tree+service+businesses+in+Cuyahoga+Akron+OH/@41.0854112,-81.4718387,14z",2026-04-29T04:45:55.995Z,,,,
https://www.google.com/maps/place/Kinney%27s+Towing/data=!4m7!3m6!1s0x8830d6022d87c835:0x629decdfb3b6b7f7!8m2!3d41.0547339!4d-81.518541!16s%2Fg%2F1vc_q_p9!19sChIJNciHLQLWMIgR97e2s9_snWI,Kinney's Towing,4.3,198,Towing service,"1034 Grant St, Akron, OH 44311, United States","3F3J+VH Akron, Ohio, USA",https://kinneystowing.com/,+1 330-724-1269,Open 24 hours,https://lh3.googleusercontent.com/gps-cs-s/APNQkAFXdWSj4jnJq81s3-d7pVs4Mr5OIWpMbWg7mXwdXjWq9PW9nj_RvZl44W7dYPO5g9frgQ4jPKfDJ31ktaWV49RiXEYlwGIEbyMMly3dRdEFz7hewQNKYkkKbBssiHbrPqiIvF20SZuSKZm7=w518-h240-k-no,true,Open 24 hours,Open 24 hours,Open 24 hours,Open 24 hours,Open 24 hours,Open 24 hours,Open 24 hours,"https://www.google.com/maps/search/tree+service+businesses+in+Cuyahoga+Akron+OH/@41.0854112,-81.4718387,14z",2026-04-29T04:46:01.032Z,,,,
https://www.google.com/maps/place/Affordable+Tree+Services+of+Ohio+LLC/data=!4m7!3m6!1s0x88308fce9b5ca5db:0x5b040faceeb32049!8m2!3d41.4205196!4d-81.9641839!16s%2Fg%2F1thl1hmb!19sChIJ26Vcm86PMIgRSSCz7qwPBFs,Affordable Tree Services of Ohio LLC,4.8,357,Tree service,"31025 Center Ridge Rd, Westlake, OH 44145, United States","C2CP+68 Westlake, Ohio, USA",https://affordabletreeservicesofohiollc.com/,+1 440-336-4921,Open 24 hours,https://lh3.googleusercontent.com/gps-cs-s/APNQkAH_k6Fo_RFkF79R6XlNRJ6vpjc7epGjvbqM4C2MNysfeMNI-Tikyy5U_DLporoZl7voGWswhE9JllKlfhKMNBZu9pvRf-tAZoRzZ6TL4-4pDS5i62H7dTezxa1dLGqEuNIZTNmegVMp0fiF=w408-h306-k-no,true,Open 24 hours,Open 24 hours,Open 24 hours,Open 24 hours,Open 24 hours,Open 24 hours,Open 24 hours,"https://www.google.com/maps/search/tree+service+businesses+in+Cuyahoga+Akron+OH/@41.0854112,-81.4718387,14z",2026-04-29T04:46:05.987Z,Identifies as veteran-owned,,,
"https://www.google.com/maps/place/Jake+the+Tree+Guy+LLC/@41.1595005,-81.4403898,14z/data=!4m6!3m5!1s0x23f2a4388c2c1423:0x239f29f7b97b8105!8m2!3d41.1797421!4d-81.4521096!16s%2Fg%2F11thpbdsgs",Jake the Tree Guy LLC,5.0,53,Tree service,"4066 Red Wing Trail, Stow, OH 44224, United States","5GHX+V5 Stow, Ohio, USA",,+1 330-595-9003,Open 24 hours,https://lh3.googleusercontent.com/gps-cs-s/APNQkAHuwz-r1rA5aL8Y4-gPGcQigDaWn-KDMTGrYTLiqveRko7w-QKexyyEnQTpWyUH_JYZ0gsKItzyTJ5H9E7xnghLPiPIOfCHfF0-YLX0-2URalqRPkRJN-l2WlrcEMTg_zCsFVVFZHAsiAcr=w408-h544-k-no,true,Open 24 hours,Open 24 hours,Open 24 hours,Open 24 hours,Open 24 hours,Open 24 hours,Open 24 hours,"https://www.google.com/maps/search/tree+service+businesses+in+Stow+Akron+OH/@41.1595005,-81.4403898,14z",2026-04-29T04:46:14.536Z,LGBTQ+ friendly,,,Already found
https://www.google.com/maps/place/Pizzute%E2%80%99s+Plant-N-Thyme/data=!4m7!3m6!1s0x883125502f9572c1:0xb609fe4bb06dea7d!8m2!3d41.1256562!4d-81.3487983!16s%2Fg%2F11g8cfg5cm!19sChIJwXKVL1AlMYgRfeptsEv-CbY,Pizzute’s Plant-N-Thyme,4.8,105,Garden center,"4987 OH-43, Kent, OH 44240, United States","4MG2+7F Kent, Ohio, USA",,+1 330-677-0981,Closed · Opens 10 am,https://lh3.googleusercontent.com/gps-cs-s/APNQkAFPjiXUHEbZDPxjTN0Y4-I9QsryFM4lVZAFMsXhKj1ECPtQO5cQpaz0cyFhEHI-F84Gdn4YAK9t077xr8Fb9u5REo6xJuxjfBooiTm5vTHU23qKZKO5pur3vzwFEkEUsghHNa6YxQ=w408-h306-k-no,true,10 am–5 pm,10 am–5 pm,10 am–5 pm,10 am–5 pm,10 am–4 pm,10 am–5 pm,10 am–5 pm,"https://www.google.com/maps/search/tree+service+businesses+in+Brimfield+Akron+OH/@41.1000566,-81.3464968,14z",2026-04-29T04:46:36.249Z,,,,
https://www.google.com/maps/place/Davey+Tree+Shop/data=!4m7!3m6!1s0x8831255943c6dba3:0xe1f89d0fccc30a18!8m2!3d41.1363379!4d-81.3631771!16s%2Fg%2F11hzsj8lcp!19sChIJo9vGQ1klMYgRGArDzA-d-OE,Davey Tree Shop,4.4,11,Tree service,"1550 Franklin Ave, Kent, OH 44240, United States","4JPP+GP Kent, Ohio, USA",http://www.davey.com/,,,https://lh3.googleusercontent.com/gps-cs-s/APNQkAHZifsXHSJnlp1ZLaszIpiqapauHo8lRt1EyDdRmcuvF5Ykq8KY_WCR-MnoYA_LEJYEVZNdtmBmRkAL4lo8H6vrhTlJhZ8EE3jYYMFsu5KstDz9BBXnGlj5M6Orm3ChjTNnZH_a=w426-h240-k-no,false,,,,,,,,"https://www.google.com/maps/search/tree+service+businesses+in+Brimfield+Akron+OH/@41.1000566,-81.3464968,14z",2026-04-29T04:46:38.893Z,,,,
https://www.google.com/maps/place/Helmling+Excavating/data=!4m7!3m6!1s0x88312f84d04c7435:0xf98c4704fc2b459c!8m2!3d41.1063975!4d-81.3770077!16s%2Fg%2F1tf1ph1r!19sChIJNXRM0IQvMYgRnEUr_ARHjPk,Helmling Excavating,4.1,17,Excavating contractor,"4289 Mogadore Rd, Kent, OH 44240, United States","4J4F+H5 Kent, Ohio, USA",https://www.helmlingexcavating.com/,+1 330-476-5886,Closed · Opens 6 am,https://lh3.googleusercontent.com/gps-cs-s/APNQkAFZW7drvusQKrr5JWIEaKCAJLsuZQqMn0sOoQfgtx7NA1NJGJHipF7nkPn3VBXRZf3QifiDDYFGXM-3UC7LfmR6dCfQ_l9lPjlUdkkvl-mqna9h2hTIkcM-8TkEYqIhm_Upgq31Yk0Ah3Xe=w408-h544-k-no,true,6 am–6 pm,6 am–6 pm,6 am–6 pm,Closed,Closed,6 am–6 pm,6 am–6 pm,"https://www.google.com/maps/search/tree+service+businesses+in+Brimfield+Akron+OH/@41.1000566,-81.3464968,14z",2026-04-29T04:46:43.888Z,Identifies as veteran-owned,,,
https://www.google.com/maps/place/Tri-County+Service/data=!4m7!3m6!1s0x88312557bf03dab3:0x87fc5bd446ee4368!8m2!3d41.1178953!4d-81.3490081!16s%2Fg%2F1thw2syk!19sChIJs9oDv1clMYgRaEPuRtRb_Ic,Tri-County Service,4.4,164,Lawn mower store,"1215 Howe Rd, Kent, OH 44240, United States","4M92+59 Kent, Ohio, USA",http://www.tricservice.com/,+1 330-673-0255,Closed · Opens 8 am,https://lh3.googleusercontent.com/gps-cs-s/APNQkAGh7RendQq0nc8gmZGZACwabdnkqn3Ug9jYTIFEqJNRTtqtglYig3ZxpyuOtIWj4_2WTjqBPLN9VhMF0qc51y9_JsYAAMJsczr_7Ka0GempLaezTVm8m11RacRDidVO_uW1HzJk=w448-h240-k-no,true,8 am–4 pm,8 am–4 pm,8 am–4 pm,9 am–3 pm,Closed,8 am–4 pm,8 am–4 pm,"https://www.google.com/maps/search/tree+service+businesses+in+Brimfield+Akron+OH/@41.1000566,-81.3464968,14z",2026-04-29T04:46:48.820Z,,,· In-store pick-up · Delivery,
https://www.google.com/maps/place/Meyers+Fence+Company/data=!4m7!3m6!1s0x8831252f3256402d:0x70c8c6c608fd6239!8m2!3d41.1049404!4d-81.3606645!16s%2Fg%2F11nrwqy0kf!19sChIJLUBWMi8lMYgROWL9CMbGyHA,Meyers Fence Company,5.0,136,Fence contractor,"910 Greenbriar Pkwy, Kent, OH 44240, United States","4J3Q+XP Kent, Ohio, USA",https://meyersfence.com/,+1 330-552-3154,Closed · Opens 8 am,https://lh3.googleusercontent.com/gps-cs-s/APNQkAGQv8MRm3M6tMhX73sA8IZhrUBJvOQVL2ijirdb5wCytrFHjSSNVlGV7oKHOnHsSmoiinluEL7vmc7EJdorDez292pQgObOgyUydxzMMpzFOeeBap-q6SIDznB5CcGzgPhFoOMH3w=w426-h240-k-no,true,8 am–4 pm,8 am–4 pm,8 am–4 pm,Closed,Closed,8 am–4 pm,8 am–4 pm,"https://www.google.com/maps/search/tree+service+businesses+in+Brimfield+Akron+OH/@41.1000566,-81.3464968,14z",2026-04-29T04:46:53.463Z,,,,
https://www.google.com/maps/place/Prime+Cut+Lawn+Care+%26+Snow+Removal/data=!4m7!3m6!1s0x679f44873198295b:0x4afc7885d88b4280!8m2!3d41.1428535!4d-81.3709704!16s%2Fg%2F11k45kjb6x!19sChIJWymYMYdEn2cRgEKL2IV4_Eo,Prime Cut Lawn Care & Snow Removal,5.0,161,Lawn care service,"1000 Mogadore Rd Suite A, Kent, OH 44240, United States","4JVH+4J Kent, Ohio, USA",http://www.primecutlawnservices.com/,+1 330-858-4688,Closed · Opens 6 am,https://lh3.googleusercontent.com/gps-cs-s/APNQkAFVHadHLQZ2b09WwubNJfRpd9C9xsBDAZCiF67HMCaJV6rwu9PDq2PAKc3jG6kZhjkU8_LYvcA0zdZ92lGdlBh08Z4hiJcpvqeC2ONLFe0E0YXnxkzMsdDthcPeRqaj--t2TI9C=w408-h306-k-no,true,6 am–9 pm,6 am–9 pm,6 am–9 pm,6 am–9 pm,6 am–9 pm,6 am–9 pm,6 am–9 pm,"https://www.google.com/maps/search/tree+service+businesses+in+Brimfield+Akron+OH/@41.1000566,-81.3464968,14z",2026-04-29T04:46:58.551Z,,,,
https://www.google.com/maps/place/Portage+Turf+and+Pest/data=!4m7!3m6!1s0x8831393c521e54eb:0xed195266c92a99b9!8m2!3d41.1435047!4d-81.2424142!16s%2Fg%2F1tj8b1_8!19sChIJ61QeUjw5MYgRuZkqyWZSGe0,Portage Turf and Pest,4.8,457,Lawn care service,"5615 S Prospect St, Ravenna, OH 44266, United States","4QV5+C2 Ravenna, Ohio, USA",https://portageturf.com/?utm_campaign=gmb,+1 330-281-4903,Closed · Opens 8 am,https://lh3.googleusercontent.com/gps-cs-s/APNQkAFkuv723wzsPzX2GFfVUDfwvcjiWy22lo8GrHFUEZw2p8IUG9PfvexqR0afzfAy4WQxCKMQtYmPdqI_eGFUifu8iyNcXj7uStRfcm4D-jTi-mdE2w9ECHqnmmxH45F3voYHpOc=w408-h305-k-no,true,8 am–5 pm,8 am–5 pm,8 am–5 pm,Closed,Closed,8 am–5 pm,8 am–5 pm,"https://www.google.com/maps/search/tree+service+businesses+in+Brimfield+Akron+OH/@41.1000566,-81.3464968,14z",2026-04-29T04:47:03.323Z,,,,
https://www.google.com/maps/place/Heeter+Enterprises+Tree+Service+and+Landscaping/data=!4m7!3m6!1s0x88313d33adcb27e5:0xf21587314d33abec!8m2!3d40.3402399!4d-82.2447809!16s%2Fg%2F11frpp33r3!19sChIJ5SfLrTM9MYgR7KszTTGHFfI,Heeter Enterprises Tree Service and Landscaping,4.9,37,Tree service,,,https://heeterenterprises.com/,+1 330-626-4320,Closed · Opens 7 am,https://lh3.googleusercontent.com/gps-cs-s/APNQkAFN5HtIC1OQ0x8Ih9g4d-n9ZUxA6DBxPIT8wfr0g8jPVwezAxRGwpeAVea_ap53WW-jvI5hgJp1cV2hWH9j5RkFxYXMjW1y_KiE7Uckw1krw8ZPJyhO6_JuQe4-qPRY8OmfAGw=w408-h305-k-no,true,7 am–7 pm,7 am–7 pm,7 am–7 pm,7 am–7 pm,7 am–7 pm,7 am–7 pm,7 am–7 pm,"https://www.google.com/maps/search/tree+service+businesses+in+Brimfield+Akron+OH/@41.1000566,-81.3464968,14z",2026-04-29T04:47:07.996Z,,,,
https://www.google.com/maps/place/Battaglia%27s+T%26B+Garden+Center/data=!4m7!3m6!1s0x883125470592972d:0xd0b104262a4259d8!8m2!3d41.1254583!4d-81.3464741!16s%2Fg%2F1tf29b9b!19sChIJLZeSBUclMYgR2FlCKiYEsdA,Battaglia's T&B Garden Center,4.3,6,Garden center,"4980 OH-43, Kent, OH 44240, United States","4MG3+5C Kent, Ohio, USA",,+1 330-678-8127,Closed · Opens 9 am,https://streetviewpixels-pa.googleapis.com/v1/thumbnail?panoid=pu7i9w0PTr51vNfXrx34yw&cb_client=search.gws-prod.gps&w=408&h=240&yaw=97.65072&pitch=0&thumbfov=100,false,9 am–4 pm,9 am–4 pm,9 am–4 pm,9 am–3 pm,Closed,Closed,9 am–4 pm,"https://www.google.com/maps/search/tree+service+businesses+in+Brimfield+Akron+OH/@41.1000566,-81.3464968,14z",2026-04-29T04:47:12.781Z,,,,
"https://www.google.com/maps/place/Landpro+Landscaping+%26+Tree+Service/@46.423669,-129.9427085,3z/data=!3m1!4b1!4m6!3m5!1s0xa470596c3aa9f46f:0x86e1c8ac86dddabc!8m2!3d46.423669!4d-129.9427086!16s%2Fg%2F11vr4d6jnm",Landpro Landscaping & Tree Service,,,Landscaper,,,,+1 330-801-5657,Closed · Opens 9 am,,true,9 am–6 pm,9 am–6 pm,9 am–6 pm,Closed,Closed,9 am–6 pm,9 am–6 pm,"https://www.google.com/maps/search/tree+service+businesses+in+Brimfield+Akron+OH/@41.1000566,-81.3464968,14z",2026-04-29T04:47:19.396Z,,,,
https://www.google.com/maps/place/Rauh+Christmas+Tree+Farm/data=!4m7!3m6!1s0x883125bbefa0f229:0xb856df5092604ab3!8m2!3d41.1449757!4d-81.3996141!16s%2Fg%2F1tkbywdw!19sChIJKfKg77slMYgRs0pgklDfVrg,Rauh Christmas Tree Farm,4.5,27,Christmas tree farm,"3001 N River Rd, Stow, OH 44224, United States","4JV2+X5 Stow, Ohio, USA",https://www.facebook.com/share/QoHB1MBczaVyRh4y/,+1 330-678-7474,,https://lh3.googleusercontent.com/gps-cs-s/APNQkAH1hGTkmzd8cAvGOIipIV0cdzEqG3ETaghvySvtu0ExztD94UjfZmGWHJKrGM29SR13At_RhH3WykrlptudazSFYfoUM1bDhzuhXBdEtV6oooySOf51_F9sibbwhbQ3MEfqMNLQ=w408-h272-k-no,true,,,,,,,,"https://www.google.com/maps/search/tree+service+businesses+in+Brimfield+Akron+OH/@41.1000566,-81.3464968,14z",2026-04-29T04:47:22.369Z,,,,
https://www.google.com/maps/place/Jarvis+Tree+Service+LLC/data=!4m7!3m6!1s0x2e13e9e441346d4b:0x5a33788ea9dcf00c!8m2!3d40.9697549!4d-81.3052035!16s%2Fg%2F11s65hw_fj!19sChIJS200QeTpEy4RDPDcqY54M1o,Jarvis Tree Service LLC,5.0,1,Tree service,,,,+1 330-523-6585,Closed · Opens 8 am,https://lh3.googleusercontent.com/gps-cs-s/APNQkAHDwoDGx4FbpeyYV9dG-c5M_w5vvJ0KG2ijIc6zhCMCkqGOwLIArsTuHGJorOX5Z_D0Y9D2gjJXPIYq794if1gD71_8EbKi528Gz-P5EwEw_-q3P-KFZdF4zvoKU7p-9uQ3P9M=w408-h408-k-no,true,8 am–6 pm,8 am–6 pm,8 am–6 pm,8 am–6 pm,Closed,8 am–6 pm,8 am–6 pm,"https://www.google.com/maps/search/tree+service+businesses+in+Brimfield+Akron+OH/@41.1000566,-81.3464968,14z",2026-04-29T04:47:26.848Z,,,,
https://www.google.com/maps/place/Supercuts/data=!4m7!3m6!1s0x88312fe6beae0319:0x43d51254550776f6!8m2!3d41.0997989!4d-81.3859116!16s%2Fg%2F1tgdtssh!19sChIJGQOuvuYvMYgR9nYHVVQS1UM,Supercuts,4.7,444,Hair salon,"4050 Cascades Blvd C, Kent, OH 44240, United States","3JX7+WJ Kent, Ohio, USA",https://www.supercuts.com/locations/nearme/haircut/oh/brimfield/4050-cascades-blvd-ste-c/83168,+1 330-677-1426,Closed · Opens 9 am,https://lh3.googleusercontent.com/gps-cs-s/APNQkAGELT6dxAgMaDd9rExjrawcWmcPlSrSIDi0JSfJIIGy2B8QbIevzer-PDzxi3BW8FLwwC97H2Fk4syfJlm9-5bJNYrJ-bvP-D2pO547HSMb_kOVQOMllqISw9_S9qs0g4dHZZ7oWA=w408-h272-k-no,true,9 am–7 pm,9 am–7 pm,9 am–7 pm,9 am–6 pm,10 am–4 pm,9 am–7 pm,9 am–7 pm,"https://www.google.com/maps/search/tree+service+businesses+in+Brimfield+Akron+OH/@41.1000566,-81.3464968,14z",2026-04-29T04:47:43.131Z,,,,
https://www.google.com/maps/place/N+%26+J+Excavating/data=!4m7!3m6!1s0x883125d36f6d097f:0xd001210bfdefa740!8m2!3d41.1393967!4d-81.355904!16s%2Fg%2F11xkdrrdx4!19sChIJfwltb9MlMYgRQKfv_QshAdA,N & J Excavating,5.0,8,Excavating contractor,"1533 S Water St, Kent, OH 44240, United States","4JQV+QJ Kent, Ohio, USA",http://www.nandjexcavating.com/,+1 330-815-4743,Closed · Opens 7 am,https://lh3.googleusercontent.com/gps-cs-s/APNQkAEYWcX9ShyEuywc4kd3cB2JGy_wrq0euM65MJIsa0BQgnLIxB64nBniVc1TAsd5wKpXMdctHlqXLZvQEObEe7MBbfZjab3eIYhbKaWJ6qFOFuExFIj78x48lF9XXB1yWHm-vreyrT2_OSw=w426-h240-k-no,true,7 am–8 pm,7 am–8 pm,7 am–8 pm,7 am–4 pm,Closed,7 am–8 pm,7 am–8 pm,"https://www.google.com/maps/search/tree+service+businesses+in+Brimfield+Akron+OH/@41.1000566,-81.3464968,14z",2026-04-29T04:47:48.073Z,,,,
https://www.google.com/maps/place/TCS+Roofing+Ltd./data=!4m7!3m6!1s0x88312568435e6c07:0xe27b8417f1cd9818!8m2!3d41.135254!4d-81.3621394!16s%2Fg%2F11j62xy_wp!19sChIJB2xeQ2glMYgRGJjN8ReEe-I,TCS Roofing Ltd.,5.0,77,Roofing contractor,"1640 Franklin Ave #108, Kent, OH 44240, United States","4JPQ+44 Kent, Ohio, USA",http://www.tcsroof.com/,+1 855-766-3827,Closed · Opens 7 am,https://lh3.googleusercontent.com/gps-cs-s/APNQkAEGEwVd7D2XhdTwJq01NhWjSqCUsgX4w0W4WDvhDaQSLCvhiXQBSIUuCg9dGCftgCePQbbLpC4S7qOUBOy4mR8cOPaB3hb97pvfSGjlTO1LtUGipI05fkSn3wfVmJl50DUkYxY=w408-h544-k-no,true,7 am–5:30 pm,7 am–5:30 pm,7 am–5:30 pm,8 am–12 pm,Closed,7 am–5:30 pm,7 am–5:30 pm,"https://www.google.com/maps/search/tree+service+businesses+in+Brimfield+Akron+OH/@41.1000566,-81.3464968,14z",2026-04-29T04:47:53.062Z,Identifies as women-owned,,,
https://www.google.com/maps/place/Allen+Drain+Services/data=!4m7!3m6!1s0x883125123a203a99:0x60ae23f0575bbaa6!8m2!3d41.4995547!4d-81.4864785!16s%2Fg%2F1tdq1sgy!19sChIJmTogOhIlMYgRprpbV_AjrmA,Allen Drain Services,4.7,171,Septic system service,,,http://www.allendrain.com/,+1 330-673-6482,Open 24 hours,https://lh3.googleusercontent.com/gps-cs-s/APNQkAFORZ8b17iIUApmydPuoROQBILxiRM27fa_rIbk85pbtB_NDHj93pmzZjA-qjrOKTAnJwM9JMYmRnhZsnpzOl3yuBFJs5hktxCYyBOv-3rqdqMtBTsWIUK4q094c2MqwHhdp8U5Lg=w408-h272-k-no,true,Open 24 hours,Open 24 hours,Open 24 hours,Open 24 hours,Open 24 hours,Open 24 hours,Open 24 hours,"https://www.google.com/maps/search/tree+service+businesses+in+Brimfield+Akron+OH/@41.1000566,-81.3464968,14z",2026-04-29T04:47:57.789Z,,,,
https://www.google.com/maps/place/Menards/data=!4m7!3m6!1s0x88312fa7397af6b3:0xe4cc5ad8f155b1ef!8m2!3d41.1024121!4d-81.3882827!16s%2Fg%2F11fq2tt9g3!19sChIJs_Z6OacvMYgR77FV8dhazOQ,Menards,4.4,1154,Home improvement store,"4161 Maplecrest Pkwy, Kent, OH 44240, United States","4J26+XM Kent, Ohio, USA",https://www.menards.com/store-details/store.html?store=3371&utm_source=localcard&utm_medium=organic,+1 330-673-4034,"Closed · Opens 6 am

Updated by this business 7 weeks ago",https://lh3.googleusercontent.com/gps-cs-s/APNQkAFEcqWQAP-s9ePy1PnoyeeSEn2cG25TZ4xXvKdxJd6QTpAq6ZXIOPxh-XsHTEAxVEwNsNhg_pXRkBikVcD1wkM-FSfh0MqwUI9ortAHINVH_DkBaHh-rnWY7oCCJs6IQ31BE-GDjF95Fw8=w408-h306-k-no,true,6 am–10 pm,6 am–10 pm,6 am–10 pm,6 am–10 pm,8 am–8 pm,6 am–10 pm,6 am–10 pm,"https://www.google.com/maps/search/tree+service+businesses+in+Brimfield+Akron+OH/@41.1000566,-81.3464968,14z",2026-04-29T04:48:02.583Z,,,"Home improvement chain with assorted building materials, tools, gardening supplies & appliances. · In-store shopping · In-store pick-up · Delivery",
https://www.google.com/maps/place/Canopy+Cowboys+Tree+Service/data=!4m7!3m6!1s0x84a7e3778cfaa627:0x575cb1a02df848d6!8m2!3d40.2827955!4d-82.717746!16s%2Fg%2F11tp94d889!19sChIJJ6b6jHfjp4QR1kj4LaCxXFc,Canopy Cowboys Tree Service,5.0,4,Tree service,,,https://canopycowboys.com/,+1 330-696-9211,Open 24 hours,https://lh3.googleusercontent.com/gps-cs-s/APNQkAHoogwYB2GLFsCNaTWeY2pVHrK_SXRLaLqqCveKADUBH5A8XMdaeBRKeY7BbLN5sm6gS0eacjtqmVlhRnJdZcI2uoA0C2ibEFyg-G0Dwa_3BoYT9dq6VjvVF6AHC653GR15eD__MSlcuKrN=w408-h306-k-no,true,Open 24 hours,Open 24 hours,Open 24 hours,Open 24 hours,Open 24 hours,Open 24 hours,Open 24 hours,"https://www.google.com/maps/search/tree+service+businesses+in+Brimfield+Akron+OH/@41.1000566,-81.3464968,14z",2026-04-29T04:48:07.386Z,,,,
https://www.google.com/maps/place/Heritage+Roofing+Company/data=!4m7!3m6!1s0x88312ff18564aadf:0xe3128e5dd99e8965!8m2!3d41.0658523!4d-81.3406378!16s%2Fg%2F11zjjzz22v!19sChIJ36pkhfEvMYgRZYme2V2OEuM,Heritage Roofing Company,5.0,34,Roofing contractor,"1475 Saxe Rd, Mogadore, OH 44260, United States","3M85+8P Mogadore, Ohio, USA",https://www.roofsbyheritage.com/,+1 234-417-0770,"Open 24 hours

Updated by this business 6 weeks ago",https://lh3.googleusercontent.com/gps-cs-s/APNQkAFxdLxfFJvqrSJz_Rs4eyUQu_YrIZTFgy3shygMJHAMbNxpX29TttC0mh-ogtDkZWKdR-uD-McdugrgA-GPXTnSLbMAHDGcNjr-HtwgFKLIrPNw4Ch-Wx8MJP2GEPZ-bHaamBKlRTA1RH4F=w408-h272-k-no,true,Open 24 hours,Open 24 hours,Open 24 hours,Open 24 hours,Open 24 hours,Open 24 hours,Open 24 hours,"https://www.google.com/maps/search/tree+service+businesses+in+Brimfield+Akron+OH/@41.1000566,-81.3464968,14z",2026-04-29T04:48:12.452Z,Identifies as veteran-owned,,,
https://www.google.com/maps/place/Lowe%27s+Home+Improvement/data=!4m7!3m6!1s0x88312f9ff1a8e40b:0xdbf5e5110f828b4c!8m2!3d41.0954933!4d-81.3841324!16s%2Fg%2F1wnf1pqm!19sChIJC-So8Z8vMYgRTIuCDxHl9ds,Lowe's Home Improvement,4.0,1683,Home improvement store,"218 Nicholas Way, Kent, OH 44240, United States","3JW8+58 Kent, Ohio, USA",https://www.lowes.com/store/OH-Kent/2500?cm_mmc=lod-_-c-_-lcl-_-awr-_-yxt-_-go-_-2500-_-na-_-0-_-0&y_source=1_MTE4MzE0OS03MTUtbG9jYXRpb24ud2Vic2l0ZQ%3D%3D,+1 330-677-3040,,https://lh3.googleusercontent.com/gps-cs-s/APNQkAHB8JwQzWZL0BIFCydirG0NmH_Y4QPVY1BBuOnYggwCXwWe9rUBLEgZWHipb3ECTtK72q4nvxdL2chNYzydr-gryqxaGGAnSwkHjclPHIA7vZloVR_CjM-F1HFOAOSfHbGmwfqyRIMGi0lS=w408-h272-k-no,true,6 am–9 pm,6 am–9 pm,6 am–9 pm,6 am–9 pm,6 am–9 pm,6 am–9 pm,6 am–9 pm,"https://www.google.com/maps/search/tree+service+businesses+in+Brimfield+Akron+OH/@41.1000566,-81.3464968,14z",2026-04-29T04:48:17.610Z,,,"Home improvement chain for appliances & gardening supplies, plus tools & hardware. · In-store shopping · In-store pick-up · Delivery",
https://www.google.com/maps/place/Dominic%27s+Tree+Services/data=!4m7!3m6!1s0x883138da5a83933b:0x93fef18baeab6a54!8m2!3d41.1680246!4d-81.1975215!16s%2Fg%2F1thkxxpm!19sChIJO5ODWto4MYgRVGqrrovx_pM,Dominic's Tree Services,3.5,16,Tree service,,,,+1 330-296-2170,Closed · Opens 9 am,https://lh3.googleusercontent.com/gps-cs-s/APNQkAGnpEf7G-ZQ2Rox4FeE95RfHubXcmOTCk3sXZl-MSJ0hoS_ux4B0c8MQjFS4FJ2OUu55_qozf_u8_ZLouIfntnOUiYaTfVmp2KvDcUtOmxEaQTq4TgUr7TiBRZJlW78xlfIY8AY=w408-h306-k-no,true,9 am–6 pm,9 am–6 pm,9 am–6 pm,9 am–6 pm,9 am–6 pm,9 am–6 pm,9 am–6 pm,"https://www.google.com/maps/search/tree+service+businesses+in+Brimfield+Akron+OH/@41.1000566,-81.3464968,14z",2026-04-29T04:48:22.598Z,,,,
https://www.google.com/maps/place/Robinson+Tree+Service/data=!4m7!3m6!1s0x89e6bdf6fbd2cdf7:0xeffe520fcce0efd3!8m2!3d42.1090855!4d-72.1774932!16s%2Fg%2F11tc1kv79w!19sChIJ983S-_a95okR0-_gzA9S_u8,Robinson Tree Service,5.0,27,Tree service,"162 Sturbridge Rd, Brimfield, MA 01010, United States","4R5F+J2 Brimfield, Massachusetts, USA",http://robinsontreeservice.net/,+1 508-641-5249,,https://lh3.googleusercontent.com/gps-cs-s/APNQkAFY5ENS4e9ZD2_QGJseJBKoFssVdrZDVfhp-WxYAdpedVqLIHDCMGsD0WXhTQcAIlx4AP9r7o-AUbuFBoS_btfW7qBo3EacYrT5vdbygim1Jl9wh1hJydmJ1X2fSMdb5gTf71oy=w435-h240-k-no,true,,,,,,,,"https://www.google.com/maps/search/tree+service+businesses+in+Brimfield+Akron+OH/@41.1000566,-81.3464968,14z",2026-04-29T04:48:25.494Z,,,,
https://www.google.com/maps/place/Tree+City+Dental+Dr.+Carlo+Luna/data=!4m7!3m6!1s0x883125475fdbf3ab:0x97936f97170d3726!8m2!3d41.1368776!4d-81.3546574!16s%2Fg%2F1th57mxh!19sChIJq_PbX0clMYgRJjcNF5dvk5c,Tree City Dental Dr. Carlo Luna,4.9,211,Dentist,"1585 S Water St, Kent, OH 44240, United States","4JPW+Q4 Kent, Ohio, USA",http://kentdentists.com/,+1 330-673-7001,Closed · Opens 8 am,https://lh3.googleusercontent.com/gps-cs-s/APNQkAFKftrbG_uxTjjt3asqFs2-5wv1-bCkh1pn0Kio_TCT0c3HFMTSF0bd1hrgZEFq-VxpnSPv9G60vjJSz7HxN5OYQuSP1nwCJ30X35CrTQTmzbeR2Jgfvj4SzOpodZX3rQadN3S4OQ=w408-h544-k-no,true,8 am–5 pm,8 am–5 pm,Closed,Closed,Closed,8 am–5 pm,8 am–7 pm,"https://www.google.com/maps/search/tree+service+businesses+in+Brimfield+Akron+OH/@41.1000566,-81.3464968,14z",2026-04-29T04:48:30.288Z,,,,
https://www.google.com/maps/place/In+The+Garden+Landscape+LLC/data=!4m7!3m6!1s0x8830d715519c0001:0xed946de5beff1bd8!8m2!3d41.0821162!4d-81.5889451!16s%2Fg%2F11h3vc0vb4!19sChIJAQCcURXXMIgR2Bv_vuVtlO0,In The Garden Landscape LLC,5.0,2,Landscaper,"1276 Collier Rd, Akron, OH 44320, United States","3CJ6+RC Akron, Ohio, USA",,+1 330-612-5341,,https://lh3.googleusercontent.com/gps-cs-s/APNQkAEozpAe9aO2v2kg_H1gAV228WudyP7WudDSe7Prx4CyrJZ3icXzo3DxZ3xVApnF23qGTp4gOvThh2UdJT7GDDS2s0T_ZFux-G7Qd8OLZV9gFbHozLjFaejClhAmoiVRoX6WcrWv=w408-h306-k-no,true,,,,,,,,"https://www.google.com/maps/search/tree+service+businesses+in+Brimfield+Akron+OH/@41.1000566,-81.3464968,14z",2026-04-29T04:48:33.277Z,,,,
https://www.google.com/maps/place/Sun+%26+Seed+Tree/data=!4m7!3m6!1s0x8830b6fdf1708b4d:0x8401f348168b46fe!8m2!3d41.1327249!4d-81.9291615!16s%2Fg%2F1hc2rn_f_!19sChIJTYtw8f22MIgR_kaLFkjzAYQ,Sun & Seed Tree,4.8,12,Tree service,,,https://sunandseedtree.com/,+1 330-321-1979,Closed · Opens 8 am,https://lh3.googleusercontent.com/gps-cs-s/APNQkAEcFbQ4S7jNhnxu5JKpx-pnU_Yx0giD8ZRosbOJ-nixk0DTkfRh7Jhiszpf9tw85GSp1ekv6SCibDIklZfx68QJqNTor6PlcSY45hxAGX19kTVo0GFSXMqx-gkcnXvgM5qUk8W5uA=w408-h306-k-no,true,8 am–5 pm,8 am–5 pm,8 am–5 pm,8 am–3 pm,Closed,8 am–5 pm,8 am–5 pm,"https://www.google.com/maps/search/tree+service+businesses+in+Brimfield+Akron+OH/@41.1000566,-81.3464968,14z",2026-04-29T04:48:42.630Z,,,,
https://www.google.com/maps/place/McGee+Property+Services/data=!4m7!3m6!1s0x20c63bfdb95d36a3:0xe7fccfefe9ede6e2!8m2!3d41.106368!4d-81.4508124!16s%2Fg%2F11yj6svdmm!19sChIJozZduf07xiAR4ubt6e_P_Oc,McGee Property Services,5.0,10,Property maintenance,,,https://www.facebook.com/McGeePropertyServices,+1 330-422-8039,Closed · Opens 9 am,https://lh3.googleusercontent.com/gps-cs-s/APNQkAHkRvF9ubBdfTk7JRhuas5AZq_Ggk8Noae0rwLECQzuAyadNcPIvO331DYBLiwTIZycS0X1jFBBbCEjE6t0D3AXzMJAzZI1Nio5esmgyEvsBg-JlC4-INbRhNBfe4OXnmc5ATfw2Kj1tsQ=w408-h544-k-no,true,9 am–5 pm,9 am–6 pm,9 am–6 pm,Closed,Closed,9 am–6 pm,9 am–6 pm,"https://www.google.com/maps/search/tree+service+businesses+in+Brimfield+Akron+OH/@41.1000566,-81.3464968,14z",2026-04-29T04:48:47.340Z,,,,
https://www.google.com/maps/place/Western+Reserve+Window+Cleaning/data=!4m7!3m6!1s0x88312fe973aa9f6f:0xa8f37de7cbe039d1!8m2!3d40.9928465!4d-81.5875339!16s%2Fg%2F1td13xz5!19sChIJb5-qc-kvMYgR0Tngy-d986g,Western Reserve Window Cleaning,4.9,137,Window cleaning service,,,http://westernreservewc.com/,+1 330-346-0200,Closed · Opens 7:30 am,https://lh3.googleusercontent.com/gps-cs-s/APNQkAE7t5eTD8C6vCFzP4JUwPRBgSLU8gI_pEzTxwGbs2tFqE0x-y7k3YNHERcAKKvtKXHUmqbqLFphhieWNPN6mufeOB6QKDNePdJNA4BJEYz_PgTu1ZssXISyDIqcI-Ec6gbPj0uA=w408-h408-k-no,true,7:30 am–3 pm,7:30 am–3 pm,7:30 am–3 pm,Closed,Closed,7:30 am–3 pm,7:30 am–3 pm,"https://www.google.com/maps/search/tree+service+businesses+in+Brimfield+Akron+OH/@41.1000566,-81.3464968,14z",2026-04-29T04:48:51.998Z,,,,
https://www.google.com/maps/place/Walmart+Garden+Center/data=!4m7!3m6!1s0x88312fa00a141783:0x556585a83bd7e873!8m2!3d41.0984922!4d-81.3843855!16s%2Fm%2F03nzkds!19sChIJgxcUCqAvMYgRc-jXO6iFZVU,Walmart Garden Center,4.5,4,Garden center,"250 Tallmadge Rd, Kent, OH 44240, United States","3JX8+96 Kent, Ohio, USA",https://www.walmart.com/store/3722-kent-oh/patio-garden-services/?veh=seo_loc,+1 330-673-3142,Closed · Opens 6 am,https://lh3.googleusercontent.com/gps-cs-s/APNQkAFjlQtTR-_Oe5vaef5MScyEjq8JSjU6isH8bQtpsMLe7DnOQh4p1SB6VNBVcNx7sug1KpcX_kLwJ4ybpzR-m-so88rOlf6MQ0701vMbMQW9adp1z1Ku2pB3EAs8L0BsuVI6lx4F=w408-h306-k-no,true,6 am–11 pm,6 am–11 pm,6 am–11 pm,6 am–11 pm,6 am–11 pm,6 am–11 pm,6 am–11 pm,"https://www.google.com/maps/search/tree+service+businesses+in+Brimfield+Akron+OH/@41.1000566,-81.3464968,14z",2026-04-29T04:48:57.038Z,,,· In-store shopping · Kerbside pickup · Delivery,
https://www.google.com/maps/place/Ace+Hardware+Of+Kent/data=!4m7!3m6!1s0x8831252eeea9cc63:0x626a0c49b5f7d4bd!8m2!3d41.139808!4d-81.3597458!16s%2Fg%2F11flrprwwq!19sChIJY8yp7i4lMYgRvdT3tUkMamI,Ace Hardware Of Kent,4.4,262,Hardware store,"176 Cherry St, Kent, OH 44240, United States","4JQR+W4 Kent, Ohio, USA",http://www.acehardware.com/store-details/17380?utm_source=google&utm_medium=local&utm_campaign=localmaps&utm_content=17380,+1 330-593-5094,"Closed · Opens 8 am

Confirmed by this business 12 weeks ago",https://lh3.googleusercontent.com/gps-cs-s/APNQkAHCBrTByjrpijxJqUvG3-zgdW5RsrslSL1eTTw5_dVF_GHjtE0DQKg7gBM4brs413znBs9bEb5MANk_l5LBflv-ENeyre_wGdZ69oly-kgbIXzu8Jus6cdsI5IjMyTXJwk5W0BZ4bR80q-3=w408-h272-k-no,true,8 am–8 pm,8 am–8 pm,8 am–8 pm,8 am–8 pm,9 am–4 pm,8 am–8 pm,8 am–8 pm,"https://www.google.com/maps/search/tree+service+businesses+in+Brimfield+Akron+OH/@41.1000566,-81.3464968,14z",2026-04-29T04:49:02.006Z,,,"Hardware store stocking household tools, garden supplies, home decor & more. · In-store pick-up · Delivery",
https://www.google.com/maps/place/Akron+Lawn+Care+and+Snow+Removal/data=!4m7!3m6!1s0x88312db7e197763f:0x11f12937f0ae784a!8m2!3d41.0841035!4d-81.513217!16s%2Fg%2F11hzcmxc3g!19sChIJP3aX4bctMYgRSniu8Dcp8RE,Akron Lawn Care and Snow Removal,5.0,41,Lawn care service,,,,+1 330-957-6348,Closed · Opens 8 am,https://lh3.googleusercontent.com/gps-cs-s/APNQkAFb7_rKb9pkTygznCsJnzJENT78uYlsRFuTSk_LV9JRQLkfcLMwPq3CwJgjD4PfSLqhS-d3p1E_8UNCjMsQgdsvfkqspXNIIs0rzMcYf6FKB0OGY6bjdkYgzthp3e-FNHXvovY=w408-h306-k-no,true,8 am–5 pm,8 am–5 pm,8 am–5 pm,Closed,Closed,8 am–5 pm,8 am–5 pm,"https://www.google.com/maps/search/tree+service+businesses+in+Brimfield+Akron+OH/@41.1000566,-81.3464968,14z",2026-04-29T04:49:06.671Z,,,,
"https://www.google.com/maps/place/Akron+Tractor+%26+Equipment,+Inc./data=!4m7!3m6!1s0x8830d6c466ac0371:0x685679ccecc88612!8m2!3d41.0811128!4d-81.58786!16s%2Fg%2F1td_5tzs!19sChIJcQOsZsTWMIgREobI7Mx5Vmg","Akron Tractor & Equipment, Inc.",4.7,215,Tractor dealer,"1309 Collier Rd, Akron, OH 44320, United States","3CJ6+CV Akron, Ohio, USA",http://www.akrontractor.com/,+1 330-836-0237,Closed · Opens 7:30 am,https://lh3.googleusercontent.com/gps-cs-s/APNQkAETon7Wcr5ckJjNy9P0Bjf-kebja-TCqqS4GDw2h_4CbhM1apg2nwl7v-iaRQJEGNgVRLGKm5A7WcFtPwI9Z7ypiRQQAlbpFPYXryVNStzanZmlCkYG928P0s6QofqilXG2dIUp=w408-h306-k-no,true,7:30 am–5 pm,7:30 am–5 pm,7:30 am–5 pm,Closed,Closed,7:30 am–5 pm,7:30 am–5 pm,"https://www.google.com/maps/search/tree+service+businesses+in+Brimfield+Akron+OH/@41.1000566,-81.3464968,14z",2026-04-29T04:49:11.457Z,,,· In-store shopping · Kerbside pickup · Delivery,
https://www.google.com/maps/place/Tree+City+Coffee+%26+Pastry/data=!4m7!3m6!1s0x8831252143c29e13:0x51b92eb145a1517d!8m2!3d41.1528233!4d-81.3571776!16s%2Fg%2F1hc63pdx7!19sChIJE57CQyElMYgRfVGhRbEuuVE,Tree City Coffee & Pastry,4.5,747,Coffee shop,"135 E Erie St, Kent, OH 44240, United States","5J3V+44 Kent, Ohio, USA",https://www.rootedinkent.com/,+1 330-673-5522,,https://lh3.googleusercontent.com/gps-cs-s/APNQkAFxBufj02oyz8h0q5mNrPcaAlbJe4RE5x-6Hfbp4p9FPj-ZUuIG4mapVJqQmim7rbrJdsPLl35w0NrEJw6s6pg8m_Kul5SW-HxkhVjTSNy5Rp9QiNJUwtAeEln-uQWv7-A4Myoc3Ejhmpkj=w408-h306-k-no,true,,,,,,,,"https://www.google.com/maps/search/tree+service+businesses+in+Brimfield+Akron+OH/@41.1000566,-81.3464968,14z",2026-04-29T04:49:16.522Z,LGBTQ+ friendly,,"Chill cafe serving organic coffee & breakfast sandwiches in an airy, contemporary space. · Dine-in · Drive-through · Delivery",
https://www.google.com/maps/place/Expert+Pest+Management/data=!4m7!3m6!1s0x8830d7cab0eb9f45:0x99276b0188531463!8m2!3d41.0723488!4d-81.5255094!16s%2Fg%2F11j64tqm4h!19sChIJRZ_rsMrXMIgRYxRTiAFrJ5k,Expert Pest Management,4.9,140,Pest control service,"835 Southeast Ave Suite # 11, Tallmadge, OH 44278, United States","3FCF+WQ Tallmadge, Ohio, USA",https://www.goexpertpest.com/,+1 330-633-2244,Closed · Opens 8 am,https://lh3.googleusercontent.com/gps-cs-s/APNQkAFNkLxyPLvxk4UqDNvEy0vUGh8PGPtzmVuK_al882uFseZPf7nd6UZcksQF5q8f86J4wUStAhhqn1_4esgGJCL08SWdqMrOn9JsKJ6UjE4lw01pgdpeiRPLZAj-dy4NBgr0hQQC=w408-h305-k-no,true,8 am–5:30 pm,8 am–5 pm,8 am–5:30 pm,8:30 am–5 pm,Closed,8 am–5:30 pm,8 am–5:30 pm,"https://www.google.com/maps/search/tree+service+businesses+in+Brimfield+Akron+OH/@41.1000566,-81.3464968,14z",2026-04-29T04:49:21.607Z,Identifies as veteran-owned,,,
https://www.google.com/maps/place/HingeWood+Tree+Service+LLC/data=!4m7!3m6!1s0x812edeb52e502631:0x546eba6e12340b08!8m2!3d41.1933535!4d-81.6281895!16s%2Fg%2F11q41wk0r_!19sChIJMSZQLrXeLoERCAs0Em66blQ,HingeWood Tree Service LLC,5.0,2,Tree service,,,,+1 440-376-1475,Closed · Opens 7 am,https://lh3.googleusercontent.com/gps-cs-s/APNQkAGIIKZehqRus8aXlvzFk5zLu1dLuk7Zy1X1ylvsDT3AzTgKWi3M9GTf8LA4ngWZDBlgPn5vrtp5RrXcJA8pzJjMkpBtNcExUhspq68ZlEcrSZt7F3WKQGKm_4eo-vGMG9HLWoI=w408-h905-k-no,true,7 am–7 pm,7 am–7 pm,7 am–7 pm,7 am–7 pm,7 am–7 pm,7 am–7 pm,7 am–7 pm,"https://www.google.com/maps/search/tree+service+businesses+in+Brimfield+Akron+OH/@41.1000566,-81.3464968,14z",2026-04-29T04:49:26.286Z,,,,
https://www.google.com/maps/place/Northeast+Tree+%26+Crane+Service/data=!4m7!3m6!1s0x883119eed6a12c03:0x7d575e9dcbf6c079!8m2!3d41.3411909!4d-81.3544555!16s%2Fg%2F113jhv727!19sChIJAyyh1u4ZMYgRecD2y51eV30,Northeast Tree & Crane Service,4.9,34,Tree service,"871 Tara Dr, Aurora, OH 44202, United States","8JRW+F6 Aurora, Ohio, USA",,+1 440-759-1213,Open 24 hours,https://lh3.googleusercontent.com/gps-cs-s/APNQkAEumnpYWYZ2rexnTj9WsFbif1aN4x3m1d1T7i_kYSQsDZMNp0zsjBGwYFCoOnSd4M_TQmnpc3DxBkF-GZJKAyKZamzMChTYeypqCiKRbCgBQraCLunyXdVhe2Q8JIIR2aF66iU=w408-h544-k-no,true,Open 24 hours,Open 24 hours,Open 24 hours,Open 24 hours,Open 24 hours,Open 24 hours,Open 24 hours,"https://www.google.com/maps/search/tree+service+businesses+in+Aurora+Akron+OH/@41.081199,-81.5188377,14z",2026-04-29T04:49:49.061Z,,,,
https://www.google.com/maps/place/Mr.+Falls+Tree+Experts/data=!4m7!3m6!1s0x8831105839ffb265:0x53ddc76ce95eceee!8m2!3d41.2994416!4d-81.2870241!16s%2Fg%2F12cntczt1!19sChIJZbL_OVgQMYgR7s5e6WzH3VM,Mr. Falls Tree Experts,4.1,151,Tree service,"11321 Chamberlain Rd, Aurora, OH 44202, United States","7PX7+Q5 Aurora, Ohio, USA",https://fallstreeexperts.com/?utm_source=google&utm_medium=organic&utm_campaign=gmb,+1 440-543-1990,Closed · Opens 7 am,https://lh3.googleusercontent.com/gps-cs-s/APNQkAGylNRwym-OuSSDD_J7vErBSi6sBn_KumMr9JFvVyhnyHriq-3RTezmNBZ9ngrkXb8wDmRXpm4utEBVPFw0PgRyE5Z79F-kXfeg7a0Tex6Svl584nVBg3OCw7iuerQw9f-e8iXL=w408-h306-k-no,true,7 am–5 pm,7 am–5 pm,7 am–5 pm,7 am–1 pm,Closed,7 am–5 pm,7 am–5 pm,"https://www.google.com/maps/search/tree+service+businesses+in+Aurora+Akron+OH/@41.081199,-81.5188377,14z",2026-04-29T04:49:53.790Z,Identifies as veteran-owned,,,
https://www.google.com/maps/place/Madera+Landscaping+Service+LLC/data=!4m7!3m6!1s0x4236997141d0119d:0xba197ddc84d4da4b!8m2!3d41.0927038!4d-81.5453515!16s%2Fg%2F11xfs85mvl!19sChIJnRHQQXGZNkIRS9rUhNx9Gbo,Madera Landscaping Service LLC,5.0,7,Lawn care service,"143 Hollinger Ave, Akron, OH 44302, United States","3FV3+3V Akron, Ohio, USA",https://maderalandscapingservicellc.jobbersites.com/,+1 330-400-0448,Closed · Opens 9 am,https://lh3.googleusercontent.com/gps-cs-s/APNQkAFGNStMh5dA_ZwBRYvCNGooJofcvsX7SykneG0aXN2bf2cmOg1h6MZl3FUd889ajjL1FBG9Emxcpw5_brPxCsfjXSL1xHj1nkgRinnfQi_voVc04N6K8GFKPpGNJ76aJzgn-bV8pT0tz-s=w519-h240-k-no,true,9 am–8 pm,9 am–8 pm,9 am–8 pm,9 am–8 pm,9 am–8 pm,9 am–8 pm,9 am–8 pm,"https://www.google.com/maps/search/tree+service+businesses+in+Aurora+Akron+OH/@41.081199,-81.5188377,14z",2026-04-29T04:49:58.521Z,LGBTQ+ friendly,,,
https://www.google.com/maps/place/Fitzgerald+Hauling+%26+Debris+Removal+LLC/data=!4m7!3m6!1s0x8830d79e9a8ec0a3:0x5eacb417cc12cff3!8m2!3d41.0385266!4d-81.5896876!16s%2Fg%2F11kysl9zjk!19sChIJo8COmp7XMIgR888SzBe0rF4,Fitzgerald Hauling & Debris Removal LLC,5.0,8,Debris removal service,,,,+1 330-510-6581,,https://lh3.googleusercontent.com/gps-cs-s/APNQkAGcCJH52V1thCrc_gZ-varS4PQdqCW_M8NKUgRCGaUI53mXZHWM4Dthwg3kXMlNUVendzhBCAGyKxDfnTOyyXooarShYurA7jqiE9xbwSAsSpHu0PqvAbTti-Rb2YAjX_7MnX-kH5VlH5c=w408-h391-k-no,true,,,,,,,,"https://www.google.com/maps/search/tree+service+businesses+in+Aurora+Akron+OH/@41.081199,-81.5188377,14z",2026-04-29T04:50:07.613Z,LGBTQ+ friendly,,,
https://www.google.com/maps/place/Spartan+StormShield/data=!4m7!3m6!1s0x8830d97830f31241:0xb4b85c6e7661b21e!8m2!3d41.0932521!4d-81.5275208!16s%2Fg%2F11h07djt0g!19sChIJQRLzMHjZMIgRHrJhdm5cuLQ,Spartan StormShield,5.0,316,Roofing contractor,"309 Silver St, Akron, OH 44303, United States","3FVC+8X Akron, Ohio, USA",https://spartanstormshield.com/?utm_source=gbp_akron&utm_medium=organic&utm_campaign=local,+1 330-510-2809,Closed · Opens 8 am,https://lh3.googleusercontent.com/gps-cs-s/APNQkAGkNRF4-zR2cNZKKEa4j-nI0P1HcN1-beSbfTdRG5NlUcAKad8xI2-b0e-o7Aa8RCJkfjPdHL5k2aP1cT0qFarfyaRvbIcrEHdUuq89cW-N7-jD0tNY6CJxIHQ-pb5Tu9y9KT9OV-v0X9E7=w408-h295-k-no,true,8 am–6 pm,8 am–6 pm,8 am–6 pm,8 am–6 pm,Closed,8 am–6 pm,8 am–6 pm,"https://www.google.com/maps/search/tree+service+businesses+in+Aurora+Akron+OH/@41.081199,-81.5188377,14z",2026-04-29T04:50:12.769Z,,,,
https://www.google.com/maps/place/Hazel+Tree+Design+Studio/data=!4m7!3m6!1s0x8830d62c96fa51f1:0x3734ded93417081c!8m2!3d41.0877002!4d-81.5221252!16s%2Fg%2F1td5gs6l!19sChIJ8VH6lizWMIgRHAgXNNneNDc,Hazel Tree Design Studio,5.0,14,Picture frame shop,"143 W Market St, Akron, OH 44303, United States","3FQH+34 Akron, Ohio, USA",http://hazeltreeinteriors.com/,+1 330-761-3100,Closed · Opens 11 am,https://lh3.googleusercontent.com/gps-cs-s/APNQkAEUt_coq8-euHAcfEb_3t3IbTz5fjZ1hTdW6z3plcAxTS1D9COMsVKWEoe5Pv-ZD-iAy6BpL8MZteTGIRPCxzAao4UEm8Y5jcHHsL1wh4-yYOLzLEE8wzqPAGii_B2kUqfIzk1dUQ=w408-h306-k-no,true,11 am–5:30 pm,11 am–5:30 pm,11 am–5:30 pm,11 am–3 pm,Closed,Closed,11 am–5:30 pm,"https://www.google.com/maps/search/tree+service+businesses+in+Aurora+Akron+OH/@41.081199,-81.5188377,14z",2026-04-29T04:50:24.333Z,,,,
"https://www.google.com/maps/place/Better+Business+Bureau+of+Akron,+Inc./data=!4m7!3m6!1s0x8830d62d3b0ec7f7:0xb5a76bc790a5d392!8m2!3d41.0750212!4d-81.5237319!16s%2Fg%2F11c4757b_c!19sChIJ98cOOy3WMIgRktOlkMdrp7U","Better Business Bureau of Akron, Inc.",3.9,109,Association / Organization,"388 S Main St Suite 302, Akron, OH 44311, United States","3FGG+2G Akron, Ohio, USA",https://www.bbb.org/akron,+1 330-253-4590,Closed · Opens 9 am,https://lh3.googleusercontent.com/gps-cs-s/APNQkAFQkLlYH0-P9gETlxkO-AY02U3co215KiHIjG98IdI-ezqZOInL7-Fj1NkS-2zjYcCbGs1cRjY3-rTHVhlWD-Jd_bpfljTDAiXtDCp7bxiukkXCEgSYbnemTJFN6_ClM6BURGDb8o2SoT-N=w408-h272-k-no,true,9 am–4 pm,9 am–4 pm,9 am–4 pm,Closed,Closed,9 am–4 pm,9 am–4 pm,"https://www.google.com/maps/search/tree+service+businesses+in+Aurora+Akron+OH/@41.081199,-81.5188377,14z",2026-04-29T04:50:29.116Z,LGBTQ+ friendly,,,
https://www.google.com/maps/place/Akron+Auto+Painting+Inc/data=!4m7!3m6!1s0x8830d66c58cc8a79:0xd4ffaa8130bd4520!8m2!3d41.0639588!4d-81.5402948!16s%2Fg%2F1tghdskx!19sChIJeYrMWGzWMIgRIEW9MIGq_9Q,Akron Auto Painting Inc,4.9,247,Auto body shop,"917 W Bowery St, Akron, OH 44307, United States","3F75+HV Akron, Ohio, USA",http://akronpaintingandcollision.com/,+1 330-535-1200,Closed · Opens 8 am,https://lh3.googleusercontent.com/gps-cs-s/APNQkAFlklpaXK_0yrE2vQqn07Sr6lTosFI3vKaARlif5JOqVW742cQI6fzLNtJaqgtjyjJa-ftbpigIZybjkFMjqa-6BKDu1qchgpy5CG3az0vcpr0xKZb5BnB0YXG44zh87mdanh4Zsw=w408-h306-k-no,true,8 am–5 pm,8 am–5 pm,8 am–4 pm,Closed,Closed,8 am–5 pm,8 am–5 pm,"https://www.google.com/maps/search/tree+service+businesses+in+Aurora+Akron+OH/@41.081199,-81.5188377,14z",2026-04-29T04:50:34.265Z,,,,
https://www.google.com/maps/place/Wunkie+Bears+Outdoor+Creations/data=!4m7!3m6!1s0x883129dcbe760257:0xe264648fce65820d!8m2!3d41.0583558!4d-81.5090323!16s%2Fg%2F11rtr0ys_v!19sChIJVwJ2vtwpMYgRDYJlzo9kZOI,Wunkie Bears Outdoor Creations,,,Landscaper,"551 Baird St, Akron, OH 44311, United States","3F5R+89 Akron, Ohio, USA",,+1 330-201-6843,Closed · Opens 7 am,https://lh3.googleusercontent.com/gps-cs-s/APNQkAG3m9FhK9FcRR9Ai6mCi6ox87j-gtCx_rIBLVaIulbdAn_kZ5aPtaAcYf-6pV3nid5qd2QvlID_jXJJuYo98qlIiRmNCbT9ezBQoRD4r986fhM7tddlS7DomByCBHcAeFzTIByO8g=w408-h272-k-no,true,7 am–11 pm,7 am–11 pm,7 am–11 pm,7 am–11 pm,11 am–10 pm,7 am–11 pm,7 am–11 pm,"https://www.google.com/maps/search/tree+service+businesses+in+Aurora+Akron+OH/@41.081199,-81.5188377,14z",2026-04-29T04:50:38.941Z,,,,
https://www.google.com/maps/place/Bugbountyhuntersllc/data=!4m7!3m6!1s0x8830d5d38903dc4b:0xb91c3822c3d11cd5!8m2!3d41.046424!4d-81.556028!16s%2Fg%2F11g6p49n0y!19sChIJS9wDidPVMIgR1RzRwyI4HLk,Bugbountyhuntersllc,4.8,135,Pest control service,"2101 12th St SW, Akron, OH 44314, United States","2CWV+HH Akron, Ohio, USA",http://bugbountyhuntersllc.com/,+1 330-880-1824,Closed · Opens 7 am,https://lh3.googleusercontent.com/gps-cs-s/APNQkAFcpZYOorsY9zj6W75vfXX6iNh6NgBaf8mEyBtlf2bbNLpgqZZouVX-ODYsfb8uBffiePytYmHxT0Y0mMPT5bBAVNbzOQNEwGNz0v9GoWPMCbK1DkhpSs2v8XKp-kwneFPXqv_9=w408-h544-k-no,true,7 am–7 pm,7 am–7 pm,7 am–7 pm,7 am–7 pm,7 am–7 pm,7 am–7 pm,7 am–7 pm,"https://www.google.com/maps/search/tree+service+businesses+in+Aurora+Akron+OH/@41.081199,-81.5188377,14z",2026-04-29T04:50:43.697Z,,,,
https://www.google.com/maps/place/All+Out+Plumbing+Service/data=!4m7!3m6!1s0x8830d44eea35a93d:0x7c587f33605abc8d!8m2!3d40.3633958!4d-82.669505!16s%2Fg%2F11xj3z_q8!19sChIJPak16k7UMIgRjbxaYDN_WHw,All Out Plumbing Service,4.8,66,Plumber,,,http://www.alloutplumbingservice.com/,+1 330-926-9965,Open 24 hours,https://lh3.googleusercontent.com/gps-cs-s/APNQkAGNpNkyy17GzFO_b1q9gmAZSJpZ2NQCksFoRT6CXi1Wdz9NNyCwHjU_vfmyZ9mQ-FMtNHWaToXM1PmK_Ww7ufGLunVrDeC8uO6WRqIoKj8GRg1SzzrAPtGiOZwp-lAtE9n5wbKxrQ=w822-h240-k-no,true,Open 24 hours,Open 24 hours,Open 24 hours,Open 24 hours,Open 24 hours,Open 24 hours,Open 24 hours,"https://www.google.com/maps/search/tree+service+businesses+in+Aurora+Akron+OH/@41.081199,-81.5188377,14z",2026-04-29T04:50:48.453Z,,,,
https://www.google.com/maps/place/Akron+Children%27s+Hospital/data=!4m7!3m6!1s0x8830d6254e62cfcb:0xd0c1d3e9fad9700!8m2!3d41.0794167!4d-81.5252528!16zL20vMGc2N2Ri!19sChIJy89iTiXWMIgRAJetnz4dDA0,Akron Children's Hospital,3.5,621,Children's hospital,"214 W Bowery St, Akron, OH 44308, United States","3FHF+QV Akron, Ohio, USA",https://www.akronchildrens.org/?y_source=1_MTM0MDE1NDAtNzE1LWxvY2F0aW9uLndlYnNpdGU%3D,+1 330-543-1000,,https://lh3.googleusercontent.com/gps-cs-s/APNQkAGGILwg2LbkID0icrZL_Ou9xX5Z302TRyI2lg7f1EEn07NjMSuJ3iAeQ5zWCopYQObNIDqA3MEidvE_Yf5IVcO62kOaQn-sfIsm5D3kqspXWqsYDgbW_OmPRc-p6qvQQQCWROlw=w408-h272-k-no,true,Open 24 hours,Open 24 hours,Open 24 hours,Open 24 hours,Open 24 hours,Open 24 hours,Open 24 hours,"https://www.google.com/maps/search/tree+service+businesses+in+Aurora+Akron+OH/@41.081199,-81.5188377,14z",2026-04-29T04:50:53.239Z,,,,
https://www.google.com/maps/place/Enterprise+Tree+Service/data=!4m7!3m6!1s0x883117082819fa9b:0xa6da0d00de78c334!8m2!3d41.3108195!4d-81.345093!16s%2Fg%2F11j7gy5gw_!19sChIJm_oZKAgXMYgRNMN43gAN2qY,Enterprise Tree Service,4.5,21,Tree service,,,https://enterprisetreeserviceohio.com/,+1 330-805-0244,Closed · Opens 8 am,https://lh3.googleusercontent.com/gps-cs-s/APNQkAH-jp1Cw0sleyYbHXqmkYQy1En30R7dOkbDoh_6wxP1HN0BfZ2CXiwCpEBeH8kG2JGJTJ0VDVav_LRtA7sa8LintmkPl27PnrFw7xz5haPVoRg1FwpD2t5AJBUUGQfCUIsM2nQsYA=w408-h306-k-no,true,8 am–8 pm,8 am–8 pm,8 am–8 pm,8 am–8 pm,8 am–8 pm,8 am–8 pm,8 am–8 pm,"https://www.google.com/maps/search/tree+service+businesses+in+Aurora+Akron+OH/@41.081199,-81.5188377,14z",2026-04-29T04:50:58.219Z,,,,
"https://www.google.com/maps/place/Perfection+Lawn+Care+and+Landscaping+LLC/@41.128835,-81.4843588,10z/data=!3m1!4b1!4m6!3m5!1s0x7c63071b5c2ca19:0xc9b786ee995e1444!8m2!3d41.128835!4d-81.4843588!16s%2Fg%2F11q4bmc6z4",Perfection Lawn Care and Landscaping LLC,5.0,1,Landscaper,,,,+1 330-962-0798,Closed · Opens 8 am,,true,8 am–7 pm,8 am–7 pm,8 am–7 pm,8 am–7 pm,Closed,8 am–7 pm,8 am–7 pm,"https://www.google.com/maps/search/tree+service+businesses+in+Aurora+Akron+OH/@41.081199,-81.5188377,14z",2026-04-29T04:51:04.917Z,,,,
https://www.google.com/maps/place/The+Illuminating+Company/data=!4m7!3m6!1s0x8830f1ed469231c3:0x62b29e37d7a3f732!8m2!3d41.0834187!4d-81.5183163!16s%2Fg%2F11c5zx05vy!19sChIJwzGSRu3xMIgRMvej1zeesmI,The Illuminating Company,1.5,683,Electric utility company,"76 S Main St, Akron, OH 44308, United States","3FMJ+9M Akron, Ohio, USA",https://www.firstenergycorp.com/content/customer/illuminating_company.html,+1 800-633-4766,Open 24 hours,https://lh3.googleusercontent.com/gps-cs-s/APNQkAEpnJXK1dzt5FBK91hWbPmMt_HhkBgbZAzTHvuVn-K5FPktoxv0MIkoLAB_QLLD5mzuZs8YSanAh4HRmMXiTmUsp4W_tElY8ax-tlIiHQJIuVUCHEMlDTw-3C7PIGvy2nem1ZDuFg=w408-h306-k-no,true,Open 24 hours,Open 24 hours,Open 24 hours,Open 24 hours,Open 24 hours,Open 24 hours,Open 24 hours,"https://www.google.com/maps/search/tree+service+businesses+in+Aurora+Akron+OH/@41.081199,-81.5188377,14z",2026-04-29T04:51:09.876Z,,,,
https://www.google.com/maps/place/RP+Landscaping+%26+Excavating/data=!4m7!3m6!1s0x883119d482659acd:0x132e09c1a4776616!8m2!3d41.3175549!4d-81.3453858!16s%2Fg%2F1hdz4frxp!19sChIJzZplgtQZMYgRFmZ3pMEJLhM,RP Landscaping & Excavating,5.0,7,Firewood supplier,"Aurora, OH 44202, United States",,http://www.rplandscapingohio.com/,+1 216-702-2444,,https://lh3.googleusercontent.com/gps-cs-s/APNQkAHIuUY1jK9p_JiDGna374kAmTe8cVZD9gKCIFr8zpbcGr-WUQTOMn5v7C9UkI8nmvwWD-l9iD5A7qAAmDR8iX0zfYAUBvgeMAsQqqLIJL-3owy5WLkHs5QMoxDVZ58Qdq6lfz1o=w408-h306-k-no,true,,,,,,,,"https://www.google.com/maps/search/tree+service+businesses+in+Aurora+Akron+OH/@41.081199,-81.5188377,14z",2026-04-29T04:51:12.555Z,,,,
https://www.google.com/maps/place/JJ%27s+Beautification+Service/data=!4m7!3m6!1s0xa56a8a04f210cd9:0x3265ca0e0cfc581c!8m2!3d41.2965761!4d-81.3430891!16s%2Fg%2F11ptyxm7fm!19sChIJ2QwhT6CoVgoRHFj8DA7KZTI,JJ's Beautification Service,5.0,72,Landscaper,"70 Chadwick Dr, Aurora, OH 44202, United States","7MW4+JQ Aurora, Ohio, USA",https://jjsbeautification.com/,+1 330-998-2552,Closed · Opens 7 am,https://lh3.googleusercontent.com/gps-cs-s/APNQkAEoj4zp-QgDBMHdLGVzEjYrKJXcBfHJN382HmkDHNVYdn7_A8gZKc6qTBz_80a2RbxjKwpGswD8HWUU6d15KUXHV6T_hZIEgTht3ZLVRbPxEbxWLxw4ngxVrGmuCROf1iL_evU1Lf9amaMm=w408-h300-k-no,true,7 am–7 pm,7 am–7 pm,7 am–7 pm,7 am–7 pm,7 am–7 pm,7 am–7 pm,7 am–7 pm,"https://www.google.com/maps/search/tree+service+businesses+in+Aurora+Akron+OH/@41.081199,-81.5188377,14z",2026-04-29T04:51:17.353Z,,,,
https://www.google.com/maps/place/SummaCare/data=!4m7!3m6!1s0x8830d62a58b092a9:0xa8ac782eab12478b!8m2!3d41.0655037!4d-81.4833708!16s%2Fg%2F1tdpb7sd!19sChIJqZKwWCrWMIgRi0cSqy54rKg,SummaCare,3.1,126,Health insurance agency,"1200 E Market St Suite 400, Akron, OH 44305, United States","3G88+6M Akron, Ohio, USA",https://www.summacare.com/?utm_source=local-listing&utm_medium=organic&utm_campaign=website-link,+1 330-996-8410,Closed · Opens 8:30 am,https://lh3.googleusercontent.com/gps-cs-s/APNQkAFlYiDZZDQWOB9HHX5D15qHfZYpmXCrCOjDdmwrBqfERYTvCO_UUbQBfpminkB-9E-MwBX4omc2-MbL8njoZwj7VFmXtZW_bgAwiGMvfYL7e4HAzoCdWZYwgiecEMaQsQdR8E4=w408-h272-k-no,true,8:30 am–4:30 pm,8:30 am–4:30 pm,8:30 am–4:30 pm,8:30 am–4:30 pm,8:30 am–4:30 pm,8:30 am–4:30 pm,8:30 am–4:30 pm,"https://www.google.com/maps/search/tree+service+businesses+in+Aurora+Akron+OH/@41.081199,-81.5188377,14z",2026-04-29T04:51:22.640Z,,,,
https://www.google.com/maps/place/Wind+Tree+Service+Akron/data=!4m7!3m6!1s0x8831299b635760fb:0xe371105badcc7b9f!8m2!3d41.0471934!4d-81.5649164!16s%2Fg%2F11h6m0g1df!19sChIJ-2BXY5spMYgRn3vMrVsQceM,Wind Tree Service Akron,,,Tree service,,,https://treeserviceakron.com/,+1 330-333-4483,Closed · Opens 7 am,https://lh3.googleusercontent.com/gps-cs-s/APNQkAGuD3TtAAXv_epuGOKK8JteIHVuVe3Tfa1To-RC10fdZxWKj25Wo7q3i84RV99NQh2-_Nl_Ilg4eAIaiibFcsUzPiGf4eNDDd0SPV4UxVUikrfNwcw9YNU-Y9K49dGyW1y0--LtIA=w408-h271-k-no,true,7 am–7 pm,7 am–7 pm,7 am–7 pm,7 am–7 pm,7 am–7 pm,7 am–7 pm,7 am–7 pm,"https://www.google.com/maps/search/tree+service+businesses+in+Aurora+Akron+OH/@41.081199,-81.5188377,14z",2026-04-29T04:51:27.246Z,,,,
https://www.google.com/maps/place/Evans+Lawn+Services/data=!4m7!3m6!1s0x8830d77c62aa8165:0xd07828a74f358468!8m2!3d41.0922511!4d-81.6145966!16s%2Fg%2F11gvrkndtw!19sChIJZYGqYnzXMIgRaIQ1T6coeNA,Evans Lawn Services,4.8,37,Landscaper,"1371 Meadow Run, Copley, OH 44321, United States","39RP+W5 Copley, Ohio, USA",http://www.evanslawnservices.com/,+1 330-603-7407,Closed · Opens 6:30 am,https://lh3.googleusercontent.com/gps-cs-s/APNQkAFoCcaAjlUtI6SkpfXqDpfP1ee3lGL0887_G-0NJ-osfMkjU2yJC3l4J337O9n7onQdtMN_RJcpCGXzS2N7xXyU7g19DXtpSfIOGHGmCiMPqeJ2753SZLuMUQLcp-geExodzMUfgA=w408-h306-k-no,true,6:30 am–7 pm,6:30 am–7 pm,6:30 am–7 pm,6:30 am–6 pm,9 am–5 pm,6:30 am–7 pm,6:30 am–7 pm,"https://www.google.com/maps/search/tree+service+businesses+in+Copley+Township+Akron+OH/@41.0875099,-81.6363869,14z",2026-04-29T04:51:47.805Z,,,,
https://www.google.com/maps/place/Simons+Tree+Services/data=!4m7!3m6!1s0x8830d3bb2048e3d3:0x610680295cc4138c!8m2!3d41.0283637!4d-81.6335092!16s%2Fg%2F1tjt2l2c!19sChIJ0-NIILvTMIgRjBPEXCmABmE,Simons Tree Services,5.0,164,Tree service,"2985 Oak St, Norton, OH 44203, United States","29H8+8H Norton, Ohio, USA",http://simonstreeservice.com/,+1 330-825-7865,Closed · Opens 6 am,https://lh3.googleusercontent.com/gps-cs-s/APNQkAEAFvWuAWjtvLizlNFRAyKSaXSRgypJgcs1RGc-o0KYGDg-S6CBPxeFGxUKGWyTKiWJ14jMR8VZzoGylYOIOWReFH9T86O9Qd3uht6F5hxVWLmLslTmlnBZCSJFi5OtnblyO5w=w408-h544-k-no,true,6 am–9 pm,6 am–9 pm,6 am–9 pm,6 am–9 pm,6 am–9 pm,6 am–9 pm,6 am–9 pm,"https://www.google.com/maps/search/tree+service+businesses+in+Copley+Township+Akron+OH/@41.0875099,-81.6363869,14z",2026-04-29T04:51:52.574Z,,,,
https://www.google.com/maps/place/Skyview+Tree+Care+LLC/data=!4m7!3m6!1s0x8830d1df14802c93:0xb0b6a3e12190dbee!8m2!3d41.0752173!4d-81.7550014!16s%2Fg%2F11nkb8p78l!19sChIJkyyAFN_RMIgR7tuQIeGjtrA,Skyview Tree Care LLC,5.0,79,Tree service,"7317 Beach Rd, Wadsworth, OH 44281, United States","36GV+3X Wadsworth, Ohio, USA",https://www.facebook.com/Skyviewtree,+1 330-462-1652,Closed · Opens 8 am,https://lh3.googleusercontent.com/gps-cs-s/APNQkAHxKn0aNPFV85YX26WXM6Uo6VKAFO2txJ7kyW29QwXh5zvQdOr4jbLECTDArkErdFWelZKbh_YuAyBfC73QC_-sROuzUHozrn2Uge8PhHjo34QLGfcv9Yv2nPwsJnDpT-qVwtcjew=w408-h612-k-no,true,8 am–7 pm,8 am–7 pm,8 am–5 pm,Closed,Closed,8 am–7 pm,8 am–7 pm,"https://www.google.com/maps/search/tree+service+businesses+in+Copley+Township+Akron+OH/@41.0875099,-81.6363869,14z",2026-04-29T04:51:57.627Z,,,,
https://www.google.com/maps/place/Lewis+Landscaping/data=!4m7!3m6!1s0x8830d1a0fef10629:0x5fd835a536a480f0!8m2!3d41.0811887!4d-81.6500942!16s%2Fg%2F1th0y_ht!19sChIJKQbx_qDRMIgR8ICkNqU12F8,Lewis Landscaping,3.8,20,Landscaper,"3606 Minor Rd, Copley, OH 44321, United States","38JX+FX Copley, Ohio, USA",http://www.lewislandscaping1.com/,+1 330-666-2655,Closed · Opens 8 am,https://lh3.googleusercontent.com/gps-cs-s/APNQkAE9F62GH_CC3MFgNv9tdtEY74yrbjmukMUJMWdnVCDL7lD9ApBkDsE-FlJ2fB94d7WNUHe9ktGJM2fyn98eavzdwAHofAPMRGz2Jv0EM9TylJ2pr_WdAw-paE8yyLVUynS4KLkK=w408-h305-k-no,true,8 am–5 pm,8 am–5 pm,8 am–5 pm,Closed,Closed,8 am–5 pm,8 am–5 pm,"https://www.google.com/maps/search/tree+service+businesses+in+Copley+Township+Akron+OH/@41.0875099,-81.6363869,14z",2026-04-29T04:52:02.425Z,,,,
https://www.google.com/maps/place/Windy+Trees+LLC/data=!4m7!3m6!1s0x4f250b5a91ac5911:0x66606e2f8e63e210!8m2!3d41.2371723!4d-81.7358205!16s%2Fg%2F11vz5m3f3s!19sChIJEVmskVoLJU8REOJjji9uYGY,Windy Trees LLC,5.0,17,Tree service,,,https://www.windytrees.com/,+1 330-687-1734,Closed · Opens 8 am,https://lh3.googleusercontent.com/gps-cs-s/APNQkAGP0pt5HDQr4-ZPo67qtbOiysHw4PzQRrx3qSwulkQo3zeZH4HGOOFIUSCW-6A43NPhMwwJ9TIubs2icRz07Lrw1Keh3xvcxhX9X2yc8NufWq97gLDGPLI-vqBvjfqPHrK7pZcnL29dlNM=w408-h408-k-no,true,8 am–6 pm,8 am–6 pm,8 am–6 pm,8 am–12 pm,Closed,8 am–6 pm,8 am–6 pm,"https://www.google.com/maps/search/tree+service+businesses+in+Copley+Township+Akron+OH/@41.0875099,-81.6363869,14z",2026-04-29T04:52:07.178Z,,,,
"https://www.google.com/maps/place/Copley+Lawn+Care,+LLC/data=!4m7!3m6!1s0x8830d103fd6ed1af:0xac6ad89a6c049d00!8m2!3d41.1110995!4d-81.6507249!16s%2Fg%2F1pty1246x!19sChIJr9Fu_QPRMIgRAJ0EbJrYaqw","Copley Lawn Care, LLC",4.0,7,Lawn care service,"3840 Ridgewood Rd Box 4020, Copley, OH 44321, United States","486X+CP Copley, Ohio, USA",https://www.facebook.com/CopleyLawnCare/,+1 330-474-9008,,https://lh3.googleusercontent.com/gps-cs-s/APNQkAGNSwWrZmLBglOM_u8tQEg4Mn2VLEaD1q2KnjveVTso-1p5S46no46CsoW8WS5GXkUrklSyHxYD-PGCUGKd7s-r3VDOzt-GQqQcAm6IXtqpcvYDUCUwNyXijgqrpDoq1--NH9eOrg=w426-h240-k-no,true,,,,,,,,"https://www.google.com/maps/search/tree+service+businesses+in+Copley+Township+Akron+OH/@41.0875099,-81.6363869,14z",2026-04-29T04:52:10.116Z,,,,
https://www.google.com/maps/place/Akron%27s+Finest+Mulch/data=!4m7!3m6!1s0x8830d6c3233d4149:0x8083707323c1f237!8m2!3d41.0832198!4d-81.5847366!16s%2Fg%2F11g_dpc81!19sChIJSUE9I8PWMIgRN_LBI3Nwg4A,Akron's Finest Mulch,4.6,207,Mulch supplier,"1735 Copley Rd, Akron, OH 44320, United States","3CM8+74 Akron, Ohio, USA",http://www.akronsfinestmulch.com/,+1 330-603-5623,"Closed · Opens 7:30 am

Updated by this business 1 week ago",https://lh3.googleusercontent.com/gps-cs-s/APNQkAGf6fFOfH-foshjN-4tIe-9V6HhEzfAzNuHaTdvyRcJlKzZ4k40Pmd6UA7a-NmWvxQH3O2_F0zdX9928_pgVOTuD2kPTzQYOAjkuxkTzDiOrLvkWeP5C8r2hRDgh4xgiQTzXky1kkCalA=w408-h272-k-no,true,7:30 am–5 pm,7:30 am–5 pm,7:30 am–5 pm,8 am–4 pm,8 am–12 pm,7:30 am–5 pm,7:30 am–5 pm,"https://www.google.com/maps/search/tree+service+businesses+in+Copley+Township+Akron+OH/@41.0875099,-81.6363869,14z",2026-04-29T04:52:14.899Z,,,,
https://www.google.com/maps/place/Green+Earth+Dumpsters/data=!4m7!3m6!1s0x49730fbafa93569f:0x4eefb6b1427f9b2b!8m2!3d41.091818!4d-81.592817!16s%2Fg%2F11vwth03m2!19sChIJn1aT-roPc0kRK5t_QrG2704,Green Earth Dumpsters,5.0,50,Dumpster rental service,"910 White Pond Dr, Akron, OH 44320, United States","3CR4+PV Akron, Ohio, USA",https://greenearthrolloffdumpsters.com/?utm_source=google&utm_medium=organic&utm_campaign=gmb_profile,+1 216-438-3867,"Open 24 hours

Updated by this business 6 weeks ago",https://lh3.googleusercontent.com/gps-cs-s/APNQkAFvvm1YWoPmlzRHQZrOnA2d3UX_V4DyG3hppLr4cBftnFfsCG8nCcRNNhKGqwHQDBG3f78GS-Da6gNmBl4dMYlhOWPiQxxMrMrEuxX6JwiU71mflFPkiktNCzW-Sv2zrgejklw4LFy71YI=w408-h350-k-no,true,Open 24 hours,Open 24 hours,Open 24 hours,9 am–10 pm,9 am–9 pm,Open 24 hours,Open 24 hours,"https://www.google.com/maps/search/tree+service+businesses+in+Copley+Township+Akron+OH/@41.0875099,-81.6363869,14z",2026-04-29T04:52:19.775Z,LGBTQ+ friendly,,,
https://www.google.com/maps/place/New+Creation+Landscaping/data=!4m7!3m6!1s0x8830d0fe89ce19cd:0x5314c32240432531!8m2!3d41.1005194!4d-81.6427477!16s%2Fg%2F11kl3r0zfh!19sChIJzRnOif7QMIgRMSVDQCLDFFM,New Creation Landscaping,5.0,1,Landscaper,"1351 S Cleveland Massillon Rd #17, Copley, OH 44321, United States","4924+6W Copley, Ohio, USA",,+1 330-928-4804,,https://streetviewpixels-pa.googleapis.com/v1/thumbnail?panoid=JM0qWZ80vwUkWpiDO2pf1g&cb_client=search.gws-prod.gps&w=408&h=240&yaw=114.821014&pitch=0&thumbfov=100,false,,,,,,,,"https://www.google.com/maps/search/tree+service+businesses+in+Copley+Township+Akron+OH/@41.0875099,-81.6363869,14z",2026-04-29T04:52:22.433Z,,,,
https://www.google.com/maps/place/Sprout+Landscaping/data=!4m7!3m6!1s0x883127be18d7b119:0xc007dab46353a29b!8m2!3d41.0831234!4d-81.584297!16s%2Fg%2F11jfjtsckm!19sChIJGbHXGL4nMYgRm6JTY7TaB8A,Sprout Landscaping,5.0,8,Landscaper,"1735 Copley Rd, Akron, OH 44320, United States","3CM8+67 Akron, Ohio, USA",http://www.landscapewithsprout.com/,+1 330-730-1923,Closed · Opens 8 am,https://lh3.googleusercontent.com/gps-cs-s/APNQkAFbbUcsnW0aA9AosWmq8Vin8QUngsxPbs_Z1NNVTjQuOVd7l8VFlFBhOJu5Nx8_fOMPgcEvgIZ7HE04S82pbpVdaSehsHdYnICdqjEtbiPwkueus0VYlkltEzD8Di64Kn1ik88x=w408-h329-k-no,true,8 am–5 pm,8 am–5 pm,8 am–5 pm,Closed,Closed,8 am–5 pm,8 am–5 pm,"https://www.google.com/maps/search/tree+service+businesses+in+Copley+Township+Akron+OH/@41.0875099,-81.6363869,14z",2026-04-29T04:52:27.002Z,,,,
https://www.google.com/maps/place/Copley+Tool+Rental/data=!4m7!3m6!1s0x8830d0fe746e139d:0x10cc50e260a4ee1a!8m2!3d41.1000342!4d-81.6417748!16s%2Fg%2F1tlbk681!19sChIJnRNudP7QMIgRGu6kYOJQzBA,Copley Tool Rental,4.7,146,Tool rental service,"3503 Copley Rd, Copley, OH 44321, United States","4925+27 Copley, Ohio, USA",https://copleytool.com/,+1 330-666-5464,Closed · Opens 7:30 am,https://lh3.googleusercontent.com/gps-cs-s/APNQkAFZLhbAqk0MHYDgD4Y7S7wDPskM4Ay2id6BvhdCGOSjnMCbclDxnRtt2ex0p5P9Z9ElB2NUrC0r-dXDqjH0JYgDg3_PN06-Wl-XOHnRyrNMXMHm-QZ0I-ytY3g9bZpzzrgLy_W6=w426-h240-k-no,true,7:30 am–5 pm,7:30 am–5 pm,7:30 am–5 pm,7:30 am–12 pm,Closed,7:30 am–5 pm,7:30 am–5 pm,"https://www.google.com/maps/search/tree+service+businesses+in+Copley+Township+Akron+OH/@41.0875099,-81.6363869,14z",2026-04-29T04:52:31.810Z,,,,
https://www.google.com/maps/place/Carl+Harp+Nursery/data=!4m7!3m6!1s0x8830d170a9d81fd3:0x26062b2733961c86!8m2!3d41.067865!4d-81.641395!16s%2Fg%2F11h9wknbfn!19sChIJ0x_YqXDRMIgRhhyWMycrBiY,Carl Harp Nursery,4.8,17,Plant nursery,"2610 S Cleveland Massillon Rd, Barberton, OH 44203, United States","3995+4C Barberton, Ohio, USA",,+1 330-201-4930,,https://lh3.googleusercontent.com/gps-cs-s/APNQkAE1DX_MtdffzJLLB7TR5KcW0EbEAD8QIExqyHJz6wlXPaimMJP5hl8CD62qxmuevd0lIToT_ngdEfhN9PtHPERsgM-1LdHivFPl9L0StwZpjv3kx-XEPZOMNgZbM-I2TRIQEtoU=w408-h510-k-no,true,,,,,,,,"https://www.google.com/maps/search/tree+service+businesses+in+Copley+Township+Akron+OH/@41.0875099,-81.6363869,14z",2026-04-29T04:52:34.826Z,,,,
https://www.google.com/maps/place/Bako+Landscaping+Inc/data=!4m7!3m6!1s0x8830d00d56825433:0x2d17d14878093269!8m2!3d41.1301286!4d-81.6682428!16s%2Fg%2F1vy7h6ml!19sChIJM1SCVg3QMIgRaTIJeEjRFy0,Bako Landscaping Inc,4.8,20,Landscaper,"214 S Hametown Rd, Copley, OH 44321, United States","48JJ+3P Copley, Ohio, USA",http://bakolandscaping.com/,,Closed · Opens 7:30 am,https://lh3.googleusercontent.com/gps-cs-s/APNQkAF8ZBarLlhVKmWnG_g3rCR_5tdDjh4Q8dZwnya13wWABFFww_bcJ1vXB8hNEplOAUvCeVRBmnytint1wL6PCgLd8VPc4CN8hadN9IhBXff1ndrEWHETwqZN2a0P2Dsk_oduXStdaLbNFR4=w408-h336-k-no,true,7:30 am–5 pm,7:30 am–5 pm,7:30 am–5 pm,Closed,Closed,7:30 am–5 pm,7:30 am–5 pm,"https://www.google.com/maps/search/tree+service+businesses+in+Copley+Township+Akron+OH/@41.0875099,-81.6363869,14z",2026-04-29T04:52:44.125Z,,,,
https://www.google.com/maps/place/Virtuoso+Landscaping+Dba+Akron+Snowmen/data=!4m7!3m6!1s0x8830d6ff878082ed:0x7560281d09d4993d!8m2!3d41.0692652!4d-81.6890386!16s%2Fg%2F1hc1tx751!19sChIJ7YKAh__WMIgRPZnUCR0oYHU,Virtuoso Landscaping Dba Akron Snowmen,5.0,13,Landscaper,"2430 S Medina Line Rd, Wadsworth, OH 44281, United States","3896+P9 Wadsworth, Ohio, USA",https://virtuosolandscapes.com/,+1 330-419-1527,,https://lh3.googleusercontent.com/gps-cs-s/APNQkAExqI9Wma2R7vgowx5KmmsOOTXHWiF1DeaaSi19Ouqld1cS5dalaYOsFtJ482u8XmGzBcsziAEnUlnszwe6YgOnMCtZEfXHOrawUkpTGEWzX8jZqRs21n4cTMa6GiBM4SzB3u3I=w408-h544-k-no,true,,,,,,,,"https://www.google.com/maps/search/tree+service+businesses+in+Copley+Township+Akron+OH/@41.0875099,-81.6363869,14z",2026-04-29T04:52:46.847Z,,,,
https://www.google.com/maps/place/Akron+Canton+Firewood/data=!4m7!3m6!1s0x8830d6c4f0321ddd:0xc2a6eca224203ee7!8m2!3d41.0821222!4d-81.5889674!16s%2Fg%2F11csbv07xk!19sChIJ3R0y8MTWMIgR5z4gJKLspsI,Akron Canton Firewood,2.6,5,Firewood supplier,"1276 Collier Rd, Akron, OH 44320, United States","3CJ6+RC Akron, Ohio, USA",,+1 330-400-3305,Open 24 hours,https://streetviewpixels-pa.googleapis.com/v1/thumbnail?panoid=oPHhw1Cvbvqhg_Vyav4WwA&cb_client=search.gws-prod.gps&w=408&h=240&yaw=276.6694&pitch=0&thumbfov=100,false,Open 24 hours,Open 24 hours,Open 24 hours,Open 24 hours,Open 24 hours,Open 24 hours,Open 24 hours,"https://www.google.com/maps/search/tree+service+businesses+in+Copley+Township+Akron+OH/@41.0875099,-81.6363869,14z",2026-04-29T04:52:51.648Z,,,,
https://www.google.com/maps/place/Shade+Tree+Solar/data=!4m7!3m6!1s0x8830d7b49f19b019:0x216cb77841b71d3a!8m2!3d41.1061351!4d-81.6022001!16s%2Fg%2F11yb4kz95d!19sChIJGbAZn7TXMIgROh23QXi3bCE,Shade Tree Solar,4.9,11,Solar energy company,"2436 Audubon Rd, Akron, OH 44320, United States","494X+F4 Akron, Ohio, USA",https://www.shadetreesolar.net/,+1 434-258-1200,Closed · Opens 8 am,https://lh3.googleusercontent.com/gps-cs-s/APNQkAHqgGIVdjaP2IJsTwFzMnxrhNFWPjPAE2c2yNpaXbx0QuZq93CCkHHstBAuPOQ4kuqgAg_Ex_YvxZuSgC92J8gGOjDag36v2_dJY4X7vaD_VYgn9DTBdZYns0RxyeBBDXeGDrA=w408-h544-k-no,true,8 am–8 pm,8 am–8 pm,8 am–8 pm,8 am–8:30 pm,Closed,8 am–8 pm,8 am–8 pm,"https://www.google.com/maps/search/tree+service+businesses+in+Copley+Township+Akron+OH/@41.0875099,-81.6363869,14z",2026-04-29T04:52:58.415Z,,,,
https://www.google.com/maps/place/Advanced+Arboriculture+TREE+SERVICE/data=!4m7!3m6!1s0x8830d3949e7456d3:0x5338a0251308de80!8m2!3d41.03445!4d-81.619871!16s%2Fg%2F1hc5trqt8!19sChIJ01Z0npTTMIgRgN4IEyWgOFM,Advanced Arboriculture TREE SERVICE,4.6,11,Tree service,"3445 Clark Mill Rd, Norton, OH 44203, United States","29MJ+Q3 Norton, Ohio, USA",,+1 330-745-3392,Closed · Opens 9 am,https://lh3.googleusercontent.com/gps-cs-s/APNQkAGEbCkkPyVReg4_W616MZDRvEJjecWqFuQ5jL4ogCWZC_YxJhkbHQdiyOmKAVqWCtsnBw80R3KVWRNJJij-FNnUktz1tUN9VgKnemaK_LGd5TddOuSyLszBFEUZLMX1nxstpEmbiQ=w454-h240-k-no,true,9 am–5 pm,9 am–5 pm,9 am–5 pm,9 am–5 pm,Closed,9 am–5 pm,9 am–5 pm,"https://www.google.com/maps/search/tree+service+businesses+in+Copley+Township+Akron+OH/@41.0875099,-81.6363869,14z",2026-04-29T04:53:03.630Z,Identifies as women-owned,,,
https://www.google.com/maps/place/Landscape+Design+Associates+Inc/data=!4m7!3m6!1s0x8830d04fffffffff:0x7174d9a96a8a3201!8m2!3d41.0989468!4d-81.6429143!16s%2Fg%2F1txfpt1s!19sChIJ_____0_QMIgRATKKaqnZdHE,Landscape Design Associates Inc,3.6,14,Landscape designer,"3532 Copley Rd, Copley, OH 44321, United States","39X4+HR Copley, Ohio, USA",https://www.4landscapedesign.net/,+1 330-808-6060,,https://lh3.googleusercontent.com/gps-cs-s/APNQkAEKJevvVBdCO086lKnOIICtJ6HrQpfT6cBvi4K9-BsytXFVuQIu5DHF8YwvDVNGFuz3FWe_omfi-RdJmrYshQgi0UJuv246nkY2UysQWsl-1ErdMP3xtubRRiI8HgKXiuXHHa0U=w408-h544-k-no,false,,,,,,,,"https://www.google.com/maps/search/tree+service+businesses+in+Copley+Township+Akron+OH/@41.0875099,-81.6363869,14z",2026-04-29T04:53:06.315Z,,,,
https://www.google.com/maps/place/ABC+General+Contractor+LLC/data=!4m7!3m6!1s0x8830d19169f4bf19:0x9d7c4ee163b17d34!8m2!3d41.0986754!4d-81.6464411!16s%2Fg%2F11p791ntsf!19sChIJGb_0aZHRMIgRNH2xY-FOfJ0,ABC General Contractor LLC,4.4,19,General contractor,"3636 Copley Rd, Akron, OH 44321, United States","39X3+FC Akron, Ohio, USA",http://abc-generalcontractors.com/,+1 330-430-9898,Open 24 hours,https://lh3.googleusercontent.com/gps-cs-s/APNQkAEdELf1IXqLe31ngvW7NAOfjC-f-Ejhj_wNZ1B_XiHUcbxA83D7XMYo2UATBnuc_iL3Rbw6IoFj6tbWOH20KCDrt8OG2vBIEcPHL5DMwWmtT3zPvF1mvENzWZgFCL5P8xrINkV3=w630-h240-k-no,true,Open 24 hours,Open 24 hours,Open 24 hours,Open 24 hours,Open 24 hours,Open 24 hours,Open 24 hours,"https://www.google.com/maps/search/tree+service+businesses+in+Copley+Township+Akron+OH/@41.0875099,-81.6363869,14z",2026-04-29T04:53:11.089Z,,,,
https://www.google.com/maps/place/Zark%27s+Outdoor+Solutions/data=!4m7!3m6!1s0x8ef8e602df946533:0x1df92ab02ed84900!8m2!3d41.032519!4d-81.7330316!16s%2Fg%2F11vl5c0f8t!19sChIJM2WU3wLm-I4RAEnYLrAq-R0,Zark's Outdoor Solutions,5.0,45,Landscaper,,,http://oh-zarks-outdoor-solutions-llc-6eemy.zensmb.com/,+1 330-590-2499,Closed · Opens 7:30 am,https://lh3.googleusercontent.com/gps-cs-s/APNQkAEYguVY66vH9b8szQGhEANF3wk28P4odyoYZFweCiVu6TtpVVesV7MEb2A_9158JKzBHwj7_qW7e9tosHAGcrn-gLsuy_sdUE0T7POzCmJm89E5ryiHYyL70EXVXbU8Kt2M8EZM3A=w408-h306-k-no,true,7:30 am–5 pm,7:30 am–5 pm,7:30 am–5 pm,9 am–5 pm,7:30 am–5 pm,7:30 am–5 pm,7:30 am–5 pm,"https://www.google.com/maps/search/tree+service+businesses+in+Copley+Township+Akron+OH/@41.0875099,-81.6363869,14z",2026-04-29T04:53:15.823Z,,,,
https://www.google.com/maps/place/Summit+Landscape/data=!4m7!3m6!1s0x8830d3ff1d9864d9:0xc4029c900a9bb0dc!8m2!3d41.051865!4d-81.6062231!16s%2Fg%2F1tdskf5l!19sChIJ2WSYHf_TMIgR3LCbCpCcAsQ,Summit Landscape,4.2,12,Landscape designer,"3621 Summit Rd, Norton, OH 44203, United States","392V+PG Norton, Ohio, USA",http://www.summit-landscape.com/,+1 330-848-2203,,https://lh3.googleusercontent.com/gps-cs-s/APNQkAE9o4E5i1ckUpOoPtQXOv5mcUXP5qo-bHleTbTBdrqNyvlA6fcWqKnKluTkrmRGzH4DtLcOqXguiIr8Sci_ntzsDuDD9a5JadlPVxBKD9nzVu9nH7mlqVtPPzk9UKvH1f5-le4=w408-h306-k-no,true,,,,,,,,"https://www.google.com/maps/search/tree+service+businesses+in+Copley+Township+Akron+OH/@41.0875099,-81.6363869,14z",2026-04-29T04:53:18.375Z,,,,
https://www.google.com/maps/place/Low+Cost+Tree+Service/data=!4m7!3m6!1s0x8830cc577c015555:0x1bba894132fb471c!8m2!3d41.0281632!4d-81.7455639!16s%2Fg%2F11hy9n_q__!19sChIJVVUBfFfMMIgRHEf7MkGJuhs,Low Cost Tree Service,,,Tree service,"534 Sunset Blvd, Wadsworth, OH 44281, United States","27H3+7Q Wadsworth, Ohio, USA",,+1 330-414-3654,Open 24 hours,https://lh3.googleusercontent.com/gps-cs-s/APNQkAFY4SgQ17QDSg-bvQPQaqvxvH1R7s1mWN7_deezxaN0b7aQ88HrHaqPWJ0Twrr__UKGZO3KDNm9deh25jYavWUVb9D8rTom8gz-vMIwW5046oWYJD3tWce6PtpsS6dJgh3nPZjx=w408-h544-k-no,true,Open 24 hours,Open 24 hours,Open 24 hours,Open 24 hours,Open 24 hours,Open 24 hours,Open 24 hours,"https://www.google.com/maps/search/tree+service+businesses+in+Copley+Township+Akron+OH/@41.0875099,-81.6363869,14z",2026-04-29T04:53:22.959Z,,,,
https://www.google.com/maps/place/OakTree+Chimney+Solutions/data=!4m7!3m6!1s0x8830d11ed613fd87:0xa4b222991ea373ca!8m2!3d41.1282304!4d-81.6126855!16s%2Fg%2F11y_k0lm6z!19sChIJh_0T1h7RMIgRynOjHpkisqQ,OakTree Chimney Solutions,5.0,51,Chimney services,"2857 Riviera Dr Unit 102-F, Fairlawn, OH 44333, United States","49HP+7W Fairlawn, Ohio, USA",https://www.oaktreechimneysolutions.com/?utm_campaign=gmb,+1 330-771-9394,"Open 24 hours

Confirmed by this business 7 weeks ago",https://lh3.googleusercontent.com/gps-cs-s/APNQkAHxeRBEGv3tky6Z7IGRnyYwLJznHCfZ5trBOrR3KfxL4KqY5XSHfKCFIg8TuQMK3acXRRSR_8-noLbgKr7G1GTBka4WRSzfDTVO_rvphjUyctLoIjaJ3vWQS3CUZlBZy-XNAI_uauGemB9y=w408-h544-k-no,true,Open 24 hours,Open 24 hours,Open 24 hours,Open 24 hours,Open 24 hours,Open 24 hours,Open 24 hours,"https://www.google.com/maps/search/tree+service+businesses+in+Copley+Township+Akron+OH/@41.0875099,-81.6363869,14z",2026-04-29T04:53:28.188Z,LGBTQ+ friendly,,,
"https://www.google.com/maps/place/Top+Care+Tree+Service,+LLC/data=!4m7!3m6!1s0x8830b7ee561eddb9:0x99a600b06c61fcee!8m2!3d41.1115905!4d-81.8843623!16s%2Fg%2F11q4cw8g20!19sChIJud0eVu63MIgR7vxhbLAAppk","Top Care Tree Service, LLC",5.0,47,Tree service,"5956 Ryan Rd, Medina, OH 44256, United States","4468+J7 Medina, Ohio, USA",,+1 419-388-7521,,https://lh3.googleusercontent.com/gps-cs-s/APNQkAFcys9fx0J3QXT7xoISWGNPk-KwKufTCqoTrTjf1hxNWPNdnHBe2jrFfAsvjtwqwwW0bCy9UDRbk267CK-zjSngGWDcO1aiHmowVGkTIddxrdjr-qUGWslerXBrUZZYOr-Z8fc55w=w408-h544-k-no,true,,,,,,,,"https://www.google.com/maps/search/tree+service+businesses+in+Copley+Township+Akron+OH/@41.0875099,-81.6363869,14z",2026-04-29T04:53:30.858Z,,,,
"https://www.google.com/maps/place/Signal+Tree+Financial+Partners,+LLC/data=!4m7!3m6!1s0x8830d1526a3a1bcb:0xc68ff9566d51152c!8m2!3d41.1211248!4d-81.640162!16s%2Fg%2F11q24kzfz1!19sChIJyxs6alLRMIgRLBVRbVb5j8Y","Signal Tree Financial Partners, LLC",5.0,16,Financial planner,"840 Rothrock Rd, Akron, OH 44321, United States","49C5+CW Akron, Ohio, USA",https://signaltreefinancial.com/,+1 330-590-5937,Closed · Opens 8:30 am,https://lh3.googleusercontent.com/gps-cs-s/APNQkAGhqU5mTK8jwVKGxuKt0vOOBXZyZqao6T7dXqWYGITr70lXPUAEZV-9I6enc7DqdKKAYixW_fZEt-xHibCGd0ieExbNOxdJSr020TVnYSU3M0s7uPB1v52GLgz3Dt_1m6feUkHBJaidHn2o=w408-h408-k-no,true,8:30 am–5 pm,8:30 am–5 pm,8:30 am–4 pm,Closed,Closed,8:30 am–5 pm,8:30 am–5 pm,"https://www.google.com/maps/search/tree+service+businesses+in+Copley+Township+Akron+OH/@41.0875099,-81.6363869,14z",2026-04-29T04:53:42.280Z,,,,
https://www.google.com/maps/place/Craig+Roofing+%26+Gutters/data=!4m7!3m6!1s0x8830d57762c9e5ab:0xa13da3d3faef37a!8m2!3d41.0731284!4d-81.6133963!16s%2Fg%2F11r1xp9v6z!19sChIJq-XJYnfVMIgRevOuPz3aEwo,Craig Roofing & Gutters,4.9,89,Roofing contractor,"2512 Wright Rd, Akron, OH 44320, United States","39FP+7J Akron, Ohio, USA",https://jcraigroofing.com/?utm_source=gmb,+1 330-808-0477,,https://lh3.googleusercontent.com/gps-cs-s/APNQkAETQ39LcW_0ppyeVX8GoWPb4jnOF27mdE4IiU9ywqBd4UrSTxzfWChXZBvch94S2_ZfygJpf5clWncTlJRVHjsm9d-WMG_ueR2ZOgoARVkaSXRgLJVxxBZRL_URRlbny6ic-Mx8kg=w408-h306-k-no,true,9 am–5 pm,9 am–5 pm,9 am–5 pm,Closed,Closed,9 am–5 pm,9 am–5 pm,"https://www.google.com/maps/search/tree+service+businesses+in+Copley+Township+Akron+OH/@41.0875099,-81.6363869,14z",2026-04-29T04:53:47.083Z,LGBTQ+ friendly,,,
https://www.google.com/maps/place/Diamond+Roofing+Pros/data=!4m7!3m6!1s0x8830d1786f0a8305:0x42bb78053b363c8e!8m2!3d41.104358!4d-81.6427671!16s%2Fg%2F11vz81dkc9!19sChIJBYMKb3jRMIgRjjw2OwV4u0I,Diamond Roofing Pros,5.0,91,Roofing contractor,"1245 S Cleveland Massillon Rd, Akron, OH 44321, United States","4934+PV Akron, Ohio, USA",http://diamondroofingpros.com/?utm_source=gbp,+1 330-826-1327,Open 24 hours,https://lh3.googleusercontent.com/gps-cs-s/APNQkAGjc8qnc-7BKd0O1bf0aT8VEf8fJbxbSpUe46m-m_t0UeEMhP2bO2XgTNsOU-5NQVIN2Uj-Bx5EaTXyqPVkwfEljLKaCDd0CW8uL3DXM-XNMmNFNWmcNBCEbTbUWRT9-8cN6EBn95GROmk9=w408-h408-k-no,true,Open 24 hours,Open 24 hours,Open 24 hours,Open 24 hours,Open 24 hours,Open 24 hours,Open 24 hours,"https://www.google.com/maps/search/tree+service+businesses+in+Copley+Township+Akron+OH/@41.0875099,-81.6363869,14z",2026-04-29T04:53:52.171Z,,,,
https://www.google.com/maps/place/Adams+Landscaping+%26+Tree+Services/data=!4m7!3m6!1s0x8830d27893db84c9:0xe983124e09b0ce92!8m2!3d41.0282636!4d-81.6897479!16s%2Fg%2F1tdg8ftx!19sChIJyYTbk3jSMIgRks6wCU4Sg-k,Adams Landscaping & Tree Services,1.8,10,Landscaper,"3934 S Medina Line Rd, Wadsworth, OH 44281, United States","28H6+84 Wadsworth, Ohio, USA",,+1 330-334-6720,Closed · Opens 8 am,https://lh3.googleusercontent.com/gps-cs-s/APNQkAF6Vw12txmHwMxRp2hcx9AT48S7JRNhq_x4PndxW6Z_dm3MzztXDyOJeGyXNzFkOpFASG3hk3ilQB86wZjhtmfzdMOVlkXlweIJBd4hIh8-t3MdO4lgxrgAwTbdCrD3YFHRSJYK=w408-h544-k-no,false,8 am–8 pm,8 am–8 pm,8 am–8 pm,8 am–8 pm,Closed,8 am–8 pm,8 am–8 pm,"https://www.google.com/maps/search/tree+service+businesses+in+Copley+Township+Akron+OH/@41.0875099,-81.6363869,14z",2026-04-29T04:53:57.055Z,,,,
https://www.google.com/maps/place/Lyons+Tree+%26+Lawn/data=!4m7!3m6!1s0x8830d3b1ea97a9cb:0x2fa2998babc2e23b!8m2!3d41.128835!4d-81.7824524!16s%2Fg%2F11pxm729zk!19sChIJy6mX6rHTMIgRO-LCq4uZoi8,Lyons Tree & Lawn,5.0,1,Tree service,,,https://www.facebook.com/Lyons-Tree-Lawn-107259348133101,+1 234-788-9362,Open 24 hours,https://lh3.googleusercontent.com/gps-cs-s/APNQkAG90bGJpsK8m7L9AdYthxy0E6LomVTMcfW7GnfjxQ0Lg4cITmMZR3jy4ZRBfkqbo-d48KBTHMKm2i2zF3Zo1HembUgJpIR3ItNVfS7DVOmNT1LDftSVSUUH36rULozE_xjet-oB=w408-h725-k-no,true,Open 24 hours,Open 24 hours,Open 24 hours,Open 24 hours,Open 24 hours,Open 24 hours,Open 24 hours,"https://www.google.com/maps/search/tree+service+businesses+in+Copley+Township+Akron+OH/@41.0875099,-81.6363869,14z",2026-04-29T04:54:01.704Z,,,,
https://www.google.com/maps/place/Rumpke+Waste+%26+Recycling/data=!4m7!3m6!1s0x8830d42033702419:0x2121594f5b1ec4d1!8m2!3d41.4560095!4d-81.674939!16s%2Fg%2F11h178wkr!19sChIJGSRwMyDUMIgR0cQeW09ZISE,Rumpke Waste & Recycling,4.5,590,Recycling center,,,https://www.rumpke.com/,+1 800-828-8171,Closed · Opens 8 am,https://lh3.googleusercontent.com/gps-cs-s/APNQkAGD7ftRlaxVfY1ZvlafZ3dHEqANESQa0niNCjPDgrqb8knX_xrCQsc4DLU1NuSyDGS09NEVHl_Vimj0K3PYox-XXjyVHYNa7GJGUd6rK4tzGdlHIbem5Ud3_yIey5hJu0A6poL5Aw=w426-h240-k-no,true,8 am–5 pm,8 am–5 pm,8 am–5 pm,Closed,Closed,8 am–5 pm,8 am–5 pm,"https://www.google.com/maps/search/tree+service+businesses+in+Copley+Township+Akron+OH/@41.0875099,-81.6363869,14z",2026-04-29T04:54:06.591Z,,,,
https://www.google.com/maps/place/Jesse%27s+Landscaping/data=!4m7!3m6!1s0x8830d0c37b9f6d89:0xb5fbe93617f39f60!8m2!3d41.062926!4d-81.612215!16s%2Fg%2F11c1wwt_q7!19sChIJiW2fe8PQMIgRYJ_zFzbp-7U,Jesse's Landscaping,4.7,100,Landscaper,,,https://www.jesseslandscapingsite.com/,+1 330-396-0893,Closed · Opens 8 am,https://lh3.googleusercontent.com/gps-cs-s/APNQkAGjC6J_26XwFi2ajbUgjjxgyiy6uoGgf5XdWXgBRWNe0rnx78jMPKe5Rzoj4xtWawGdGsuW0baonBH1tobtqEGc60PZ10NJh0boSDWs8sthY9ccGhL3-lYL8qyhrb2N2fOvhhGOXw=w408-h271-k-no,true,8 am–5 pm,8 am–5 pm,8 am–5 pm,Closed,Closed,8 am–5 pm,8 am–5 pm,"https://www.google.com/maps/search/tree+service+businesses+in+Copley+Township+Akron+OH/@41.0875099,-81.6363869,14z",2026-04-29T04:54:11.397Z,,,,
https://www.google.com/maps/place/Tidal+Gardens/data=!4m7!3m6!1s0x8830d0fd842fd957:0x6ed786536edede66!8m2!3d41.0980996!4d-81.6396262!16s%2Fg%2F1tdm8zj0!19sChIJV9kvhP3QMIgRZt7eblOG124,Tidal Gardens,4.9,174,Aquaculture farm,"3440 Copley Rd, Copley, OH 44321, United States","39X6+64 Copley, Ohio, USA",http://www.tidalgardens.com/,+1 330-212-2565,,https://lh3.googleusercontent.com/gps-cs-s/APNQkAEAvjuHB2br7OIu_ga64qdCn4emCIeya9jmMOkvNu_hmW4g-mGynwzrns6z1BdJSdtW8go2xXDrRbdyRKVfikSd1j8V_x57yxMmk56cKInDw6buBQxC2J1xwx1av7X1U3Iq7DCbwe6rle4=w408-h272-k-no,true,,,,,,,,"https://www.google.com/maps/search/tree+service+businesses+in+Copley+Township+Akron+OH/@41.0875099,-81.6363869,14z",2026-04-29T04:54:14.321Z,LGBTQ+ friendly,,,
https://www.google.com/maps/place/SERVPRO+of+Barberton%2FNorton/data=!4m7!3m6!1s0x8830b7d7ca438769:0x982c82a6a097e415!8m2!3d41.0574961!4d-81.6038146!16s%2Fg%2F11hyr1t_9c!19sChIJaYdDyte3MIgRFeSXoKaCLJg,SERVPRO of Barberton/Norton,4.8,81,Water damage restoration service,"2081 Wadsworth Rd Suite C, Norton, OH 44203, United States","394W+XF Norton, Ohio, USA",https://www.servpro.com/locations/oh/servpro-of-barberton-norton?utm_medium=organic&utm_source=gbp,+1 330-510-1753,,https://lh3.googleusercontent.com/gps-cs-s/APNQkAHHvkbU3AnMCRNaxgdXJRuXdQsVGpH3DqxtycFIQuJ1QNRbActAIu0NfG3bahSMuEx_lzMGq3B0iGJgF9erLf1Rdqfv2iV77Ux_UUDZYU7otrmbAtmsvsdfDZ278O1L-uRQfn9vg4645FFq=w427-h240-k-no,true,Open 24 hours,Open 24 hours,Open 24 hours,Open 24 hours,Open 24 hours,Open 24 hours,Open 24 hours,"https://www.google.com/maps/search/tree+service+businesses+in+Copley+Township+Akron+OH/@41.0875099,-81.6363869,14z",2026-04-29T04:54:21.083Z,LGBTQ+ friendly,,,
https://www.google.com/maps/place/ABC+Roofing+Inc./data=!4m7!3m6!1s0x8830d116fae2196b:0xe8f0b83522afb566!8m2!3d41.0986754!4d-81.6464411!16s%2Fg%2F11ng6fchg0!19sChIJaxni-hbRMIgRZrWvIjW48Og,ABC Roofing Inc.,4.3,56,Roofing contractor,"3636 Copley Rd, Akron, OH 44321, United States","39X3+FC Akron, Ohio, USA",http://www.abcroofingohio.com/,+1 330-431-8279,Closed · Opens 8 am,https://lh3.googleusercontent.com/gps-cs-s/APNQkAGQ3SVsxBgf_gOw3mXQ9FVrU_zwU0UTjT0zQd7ktkYtGy97jnDKBllE2Ol3eZgMXnoJ1K-YRuq13fj2ANLITFZ6Fw_lBDvSZ7WBZEBESNwPITwqDwO84nOPkZWqRA-6oDpi7Iw=w408-h306-k-no,true,8 am–6 pm,8 am–6 pm,8 am–6 pm,8 am–12 pm,Closed,8 am–6 pm,8 am–6 pm,"https://www.google.com/maps/search/tree+service+businesses+in+Copley+Township+Akron+OH/@41.0875099,-81.6363869,14z",2026-04-29T04:54:25.985Z,,,,
https://www.google.com/maps/place/Paul+Lucas+Landscape+Construction/data=!4m7!3m6!1s0x88372ad75b1672e9:0xa8e74b427873ee4b!8m2!3d40.9619803!4d-81.5550618!16s%2Fg%2F1ttpbzgk!19sChIJ6XIWW9cqN4gRS-5zeEJL56g,Paul Lucas Landscape Construction,4.5,27,Landscaper,"702 Zeletta Dr, Akron, OH 44319, United States","XC6V+QX Akron, Ohio, USA",https://www.pllandscape.net/,+1 330-825-9900,"Open 24 hours

Confirmed by this business 6 weeks ago",https://lh3.googleusercontent.com/gps-cs-s/APNQkAHnHZSxcsQIUBYvlHCuPcxBBMHd2veVYxqoK8KhMFtt5VzYob6h42D60cHfr_n49LJ8AhLxObbblgplA6IBGuI5OAfJMmb46jmQ2VJ7Xyv0bKUuprZTwGcDVzclfCV8L1n3lpXi=w648-h240-k-no,true,Open 24 hours,Open 24 hours,Open 24 hours,Open 24 hours,Open 24 hours,Open 24 hours,Open 24 hours,"https://www.google.com/maps/search/tree+service+businesses+in+Coventry+Township+Akron+OH/@41.000993,-81.5486728,14z",2026-04-29T04:54:48.283Z,,,,
https://www.google.com/maps/place/Hercules+Services+Crane+Rental/data=!4m7!3m6!1s0x8830d5a412af62ab:0x3d89068f28ec50d0!8m2!3d41.0297357!4d-81.5671875!16s%2Fg%2F11mlzkrm0f!19sChIJq2KvEqTVMIgR0FDsKI8GiT0,Hercules Services Crane Rental,5.0,4,Crane rental agency,"2700 Cory Ave, Akron, OH 44314, United States","2CHM+V4 Akron, Ohio, USA",https://www.herculescranerental.com/,+1 330-696-5638,Open 24 hours,https://lh3.googleusercontent.com/gps-cs-s/APNQkAEIb7pzwm6IdqjFSyDqi2t9DY1drRwZNjhQ_f7Y82Yy-5RJl-z2FDDIPzEP6D-bJYuBy0tAyaufcft-gQDdbid1m4UF2iTYzsfFxSZcP9vSCtO2vfiP3fGciz56GO4vlioRuvj0wqnE9IE=w408-h306-k-no,true,Open 24 hours,Open 24 hours,Open 24 hours,Open 24 hours,Open 24 hours,Open 24 hours,Open 24 hours,"https://www.google.com/maps/search/tree+service+businesses+in+Coventry+Township+Akron+OH/@41.000993,-81.5486728,14z",2026-04-29T04:54:53.026Z,,,,
"https://www.google.com/maps/place/The+Wood+Guy,+LLC/data=!4m7!3m6!1s0x88372c5b092c1bb9:0xfda998a51eea2636!8m2!3d40.938348!4d-81.6172784!16s%2Fg%2F1tfxypqb!19sChIJuRssCVssN4gRNibqHqWYqf0","The Wood Guy, LLC",4.9,100,Tree service,"6882 Van Buren Rd, Clinton, OH 44216, United States","W9QM+83 Clinton, Ohio, USA",http://www.the-wood-guy.com/,+1 330-882-6199,,https://lh3.googleusercontent.com/gps-cs-s/APNQkAEH5TdAMQJVzNCDASYY3rvmEqugHsX2eDfn6nYgBCGPscfh3ZvVUmq7ECfLE1UhCA5vNP9rGpJKkQqd6NCCd52s_uF2Jt9tBWauFeOciv-vkLeHVc3ICZmQfzZu3VTIuLCXf6jH=w408-h544-k-no,true,,,,,,,,"https://www.google.com/maps/search/tree+service+businesses+in+Coventry+Township+Akron+OH/@41.000993,-81.5486728,14z",2026-04-29T04:54:55.858Z,,,,
"https://www.google.com/maps/place/Compton,+LLC/data=!4m7!3m6!1s0x8830d48614d8b59b:0x759150e0e75e3aa9!8m2!3d41.0105877!4d-81.5938248!16s%2Fg%2F11gcmx53rk!19sChIJm7XYFIbUMIgRqTpe5-BQkXU","Compton, LLC",3.0,2,Contractor,"327 Robinson Ave, Barberton, OH 44203, United States","2C64+6F Barberton, Ohio, USA",,+1 330-203-0897,Open 24 hours,https://lh3.googleusercontent.com/gps-cs-s/APNQkAFZS-HPs_s_opwDl5X2D3TUJH4vpx-JLBq4PvxP17gNqSumez7klFjNw8rnU9yJTd7unLwl9MEVHQDosSPGa0tZHipasuAvoU9YFjj62tkjcvneSogh7DFP9oLn08GtgE27FfQ9xw=w408-h544-k-no,true,Open 24 hours,Open 24 hours,Open 24 hours,Open 24 hours,Open 24 hours,Open 24 hours,Open 24 hours,"https://www.google.com/maps/search/tree+service+businesses+in+Coventry+Township+Akron+OH/@41.000993,-81.5486728,14z",2026-04-29T04:55:05.275Z,,,,
https://www.google.com/maps/place/Matt%27s+Lawn+%26+Snow/data=!4m7!3m6!1s0x8830d4ee6a48632f:0xc53c6aeb78db17d4!8m2!3d40.9867186!4d-81.5795645!16s%2Fg%2F11c4vq70pd!19sChIJL2NIau7UMIgR1BfbeOtqPMU,Matt's Lawn & Snow,5.0,7,Lawn care service,"1540 Eastern Rd #14, New Franklin, OH 44203, United States","XCPC+M5 New Franklin, Ohio, USA",,+1 330-861-2451,Closed · Opens 8 am,https://lh3.googleusercontent.com/gps-cs-s/APNQkAGriFYo-_l2SXfWOKZGNdf-evsFs8YNGoQuIV0ESaRLwE93lxC9cvq5OieKeUrO8wnJpQuphPElH9ed_rfYY4hV3nb92a3AVATqQabgnWmV2475D_ADk0SC0aU3hXlEu0XJAV5o=w408-h306-k-no,true,8 am–5 pm,8 am–5 pm,8 am–5 pm,Closed,Closed,8 am–5 pm,8 am–5 pm,"https://www.google.com/maps/search/tree+service+businesses+in+Coventry+Township+Akron+OH/@41.000993,-81.5486728,14z",2026-04-29T04:55:10.315Z,,,,
https://www.google.com/maps/place/LKT+landscaping/data=!4m7!3m6!1s0x8836d5c1a25ab9fd:0xcb78023b54f23716!8m2!3d40.9546666!4d-81.5005476!16s%2Fg%2F11sc3pbdmr!19sChIJ_blaosHVNogRFjfyVDsCeMs,LKT landscaping,5.0,7,Landscaper,"4454 King Arthur Dr, Uniontown, OH 44685, United States","XF3X+VQ Uniontown, Ohio, USA",https://www.facebook.com/LTlawncareandlandscaping?mibextid=LQQJ4d,+1 330-400-8728,Open 24 hours,https://lh3.googleusercontent.com/gps-cs-s/APNQkAHbnYJP6Stmw40n0G-YFHRc6a03zVZ94J5CpsMW353z0xey_8XaE15jXFuvlNtynYPT8fVGacJ77-QI28GsmGYBswg24mjGRtwgT5uSK1dKdMEruBAjeqvLJSHbIShEf4tNhhLe=w448-h240-k-no,true,Open 24 hours,Open 24 hours,Open 24 hours,Open 24 hours,Open 24 hours,Open 24 hours,Open 24 hours,"https://www.google.com/maps/search/tree+service+businesses+in+Coventry+Township+Akron+OH/@41.000993,-81.5486728,14z",2026-04-29T04:55:15.104Z,,,,
https://www.google.com/maps/place/DM+Roofing+Siding+%26+Windows/data=!4m7!3m6!1s0x88312d33624432bd:0x761e53f30c523509!8m2!3d40.9754878!4d-81.5037909!16s%2Fg%2F11hflrldzq!19sChIJvTJEYjMtMYgRCTVSDPNTHnY,DM Roofing Siding & Windows,5.0,13,Roofing contractor,"567 East Turkeyfoot Lake Road Suite B, Akron, OH 44319, United States","XFGW+5F Akron, Ohio, USA",http://www.dmcustomsohio.com/?utm_source=gmb,+1 330-366-9857,Closed · Opens 7 am,https://lh3.googleusercontent.com/gps-cs-s/APNQkAGDl4FrH0i_IA1L0j1cWt8IBfPXIcgNTI9dxH6lCeid9w_X4U2JoUeFAhfhKFK92efM77rXtRXaUH-vb0W94a2rlD_gi54Gw_xig8oQQRv5foRB-jyG5993fiB8DRLJ-pS0sL51=w426-h240-k-no,true,7 am–6 pm,7 am–6 pm,7 am–6 pm,9 am–12 pm,Closed,7 am–6 pm,7 am–6 pm,"https://www.google.com/maps/search/tree+service+businesses+in+Coventry+Township+Akron+OH/@41.000993,-81.5486728,14z",2026-04-29T04:55:19.914Z,,,,
https://www.google.com/maps/place/Josh+the+Window+Cleaner+%26+Power+Washing+LLC/data=!4m7!3m6!1s0x8836d005d46c9199:0xf8a17bf4d87e903e!8m2!3d41.028128!4d-81.5891805!16s%2Fg%2F11clybhygn!19sChIJmZFs1AXQNogRPpB-2PR7ofg,Josh the Window Cleaner & Power Washing LLC,4.9,1274,Pressure washing service,"842 Ashland Ct, Barberton, OH 44203, United States","2CH6+78 Barberton, Ohio, USA",https://joshthewindowcleaner.net/,+1 330-808-1048,Closed · Opens 8 am,https://lh3.googleusercontent.com/gps-cs-s/APNQkAHd4d8WnsH7rR40gV_7m_bkxCE4DpygwMod0h8m44mgXYZNyBNJEQxjRNa8Ls4Xt-HxOXxuaA0ZHbj9GihDDA4UU6iSnJDNTR8loNg7i8Wp81ZagiG35hpSwLz1RUYORz8VjqdBB_E0lROK=w408-h544-k-no,true,8 am–5 pm,8 am–5 pm,8 am–5 pm,8 am–5 pm,Closed,8 am–5 pm,8 am–5 pm,"https://www.google.com/maps/search/tree+service+businesses+in+Coventry+Township+Akron+OH/@41.000993,-81.5486728,14z",2026-04-29T04:55:31.714Z,LGBTQ+ friendly,,,
https://www.google.com/maps/place/Karen%27s+Hallmark+Shop/data=!4m7!3m6!1s0x8830d55a095b457f:0x59a76697d4e5ab80!8m2!3d40.9785898!4d-81.5203407!16s%2Fg%2F1tfdzhj_!19sChIJf0VbCVrVMIgRgKvl1Jdmp1k,Karen's Hallmark Shop,4.5,109,Greeting card shop,"3971 S Main St, Akron, OH 44319, United States","XFHH+CV Akron, Ohio, USA",https://stores.hallmark.com/oh/akron/karens-hallmark-shop-akron-oh-032468.html,+1 330-645-0999,Closed · Opens 10 am,https://lh3.googleusercontent.com/gps-cs-s/APNQkAG72e4BsZY5t4CmB_Wjz7mTNtBkxnwkLMYbEpNFmkw-OGvLa1jbPvNDwYuTpQAqgVO7wqItTPSU_hWjxrwP9fEPSH7nCftgzrXd-nX4LoOVnD6qSWE-y0amgU5krv0mbnSvomvsYtF4huq3=w408-h291-k-no,true,10 am–9 pm,10 am–9 pm,10 am–9 pm,10 am–9 pm,11 am–8:30 pm,10 am–9 pm,10 am–9 pm,"https://www.google.com/maps/search/tree+service+businesses+in+Coventry+Township+Akron+OH/@41.000993,-81.5486728,14z",2026-04-29T04:55:36.724Z,,,"Retail chain specializing in greeting cards, gift wrap, ornaments & gifts for all occasions. · In-store shopping · Kerbside pickup",
https://www.google.com/maps/place/Wolf+Herman+Tree/data=!4m7!3m6!1s0x8830d3aa62affb71:0xb0b8330afa63bb20!8m2!3d40.9928465!4d-81.5875339!16s%2Fg%2F11ff0x3010!19sChIJcfuvYqrTMIgRILtj-gozuLA,Wolf Herman Tree,4.5,18,Tree service,,,,+1 330-328-1879,Closed · Opens 7 am,https://lh3.googleusercontent.com/gps-cs-s/APNQkAHQSeGOGRFw5Kf4MyNPvm62wU7YkQ092lra4G2zVADMK_NtxuZhvoV1CgxIyxusRAQvgcaV9PXKpuFkYWzgBiGQameAoAVKvAY6hzy3iUN4Th0GE3zsFKPOpX9v_Y4sclkQMrg=w408-h544-k-no,true,7 am–7 pm,7 am–7 pm,7 am–7 pm,9 am–5 pm,9 am–5 pm,7 am–7 pm,7 am–7 pm,"https://www.google.com/maps/search/tree+service+businesses+in+Coventry+Township+Akron+OH/@41.000993,-81.5486728,14z",2026-04-29T04:55:41.554Z,,,,
https://www.google.com/maps/place/Manchester+Garden+Center/data=!4m7!3m6!1s0x88372b2395f28dbd:0x18df43c810d7f19b!8m2!3d40.9559021!4d-81.5671372!16s%2Fg%2F1tfv5sps!19sChIJvY3ylSMrN4gRm_HXEMhD3xg,Manchester Garden Center,4.5,77,Garden center,"5490 Manchester Rd, Akron, OH 44319, United States","XC4M+94 Akron, Ohio, USA",,+1 330-882-4493,Closed · Opens 9 am,https://lh3.googleusercontent.com/gps-cs-s/APNQkAHKGnlxWXa3g-pai0CZO0CqJ1sHg_nKjulpQP5rS5u7ct-6KzpkeYPqNUg__KWvmPIlVN4dneoCOo0XyG6-ErRwA8F4wegiA_0AL3WX1zvoYes9FX0ZFQkR8gKVTO56jpoAnQM=w408-h544-k-no,false,9 am–6 pm,9 am–6 pm,9 am–6 pm,9 am–5 pm,Closed,9 am–6 pm,9 am–6 pm,"https://www.google.com/maps/search/tree+service+businesses+in+Coventry+Township+Akron+OH/@41.000993,-81.5486728,14z",2026-04-29T04:55:46.580Z,,,,
https://www.google.com/maps/place/HJR%26A+Chimney+Sweep+and+Gas+fireplace+of+Akron/data=!4m7!3m6!1s0x88312a6aa57687a3:0x2270fe85b8761bd1!8m2!3d41.0263475!4d-81.494325!16s%2Fg%2F11hy9nmvck!19sChIJo4d2pWoqMYgR0Rt2uIX-cCI,HJR&A Chimney Sweep and Gas fireplace of Akron,4.5,21,Contractor,"906 Chaffin Rd, Akron, OH 44306, United States","2GG4+G7 Akron, Ohio, USA",,+1 330-449-2604,Closed · Opens 7:30 am,https://lh3.googleusercontent.com/gps-cs-s/APNQkAHk9xwmH71ByTPVWlz1CkvRP5kZUoSUU1ahUJ_NS_PXDrZGmyrI4EqqtPjNje4T_NhV6sVaA0XSfm3z5A3_9dDMLbSUoyXCi7pMrKCXSK_eaQuyz-f7O_eJQz7lxdJvpccG1tUeeA=w408-h306-k-no,true,7:30 am–9 pm,7:30 am–9 pm,7:30 am–9 pm,7:30 am–9 pm,Closed,7:30 am–9 pm,7:30 am–9 pm,"https://www.google.com/maps/search/tree+service+businesses+in+Coventry+Township+Akron+OH/@41.000993,-81.5486728,14z",2026-04-29T04:55:51.365Z,,,,
https://www.google.com/maps/place/Redline+Excavating+and+Grading+LLC/data=!4m7!3m6!1s0x883733bf5672f661:0x5cb66efa2c608ba8!8m2!3d41.1153466!4d-81.660946!16s%2Fg%2F11r3_q09b1!19sChIJYfZyVr8zN4gRqItgLPputlw,Redline Excavating and Grading LLC,5.0,30,General contractor,,,http://www.redlineexcavatingandgrading.com/,+1 330-618-4286,Closed · Opens 7:30 am,https://lh3.googleusercontent.com/gps-cs-s/APNQkAFvSP1Rd3nRgABfT7ZGs1jdnPRSd395QykC0dqu2e-oGPshUyhguR6C2Mmga4tArDzUiAFwI4ij8lntK0WNuDzd0yB6_Cl5JBkDSV0JcLWu4ixQrjlTkgA9__HgXmqGj8q0XhDnPJXYKNrt=w408-h306-k-no,true,7:30 am–7 pm,7:30 am–7 pm,7:30 am–7 pm,9 am–7 pm,9 am–5 pm,7:30 am–7 pm,7:30 am–7 pm,"https://www.google.com/maps/search/tree+service+businesses+in+Coventry+Township+Akron+OH/@41.000993,-81.5486728,14z",2026-04-29T04:55:56.825Z,,,,
"https://www.google.com/maps/place/Aris+Horticulture,+Inc./data=!4m7!3m6!1s0x8830d4859e316549:0xb2e2844a44a7d347!8m2!3d41.0071916!4d-81.5932767!16s%2Fg%2F1tfbct1b!19sChIJSWUxnoXUMIgRR9OnREqE4rI","Aris Horticulture, Inc.",,,Greenhouse,"115 3rd St SE, Barberton, OH 44203, United States","2C44+VM Barberton, Ohio, USA",http://www.arishort.com/,+1 330-745-2143,Closed · Opens 8 am,https://lh3.googleusercontent.com/gps-cs-s/APNQkAGncpoECywiOGbuknrGzFfP7CWnBp8TZ_JyzxGApGEnEM5_EadLT1Ela5bWzOxFpWhb0R-1aCVafq-Nj1yYv-wNJlvIa7Ec749Bi8K8Dy8cGxYqXBBeqDp0DLYycDYAYuAMzrkjJw=w408-h306-k-no,true,8 am–4:30 pm,8 am–4:30 pm,8 am–4:30 pm,Closed,Closed,8 am–4:30 pm,8 am–4:30 pm,"https://www.google.com/maps/search/tree+service+businesses+in+Coventry+Township+Akron+OH/@41.000993,-81.5486728,14z",2026-04-29T04:56:03.170Z,,,,
https://www.google.com/maps/place/Busy+Beaver+Tree+Services+Inc/data=!4m7!3m6!1s0x8836cdf000000001:0xc746807442080df6!8m2!3d41.2371723!4d-81.7358205!16s%2Fg%2F1tr8m78z!19sChIJAQAAAPDNNogR9g0IQnSARsc,Busy Beaver Tree Services Inc,5.0,222,Tree service,,,http://beavernovak.com/,+1 330-936-4662,Closed · Opens 8 am,https://lh3.googleusercontent.com/gps-cs-s/APNQkAEZ4LyoweCUjAT7RK51zkhGA1_UDUL-hYBrtafT-49Kj-mz41VFP5eAL1xCocXWgbgD7slA8p06eh7n6QpraxYiK0RfxQkmVfrphPQiJAUQ-_qRAdazQie-qg2KY1YlC-V_EBfnYg=w408-h541-k-no,true,8 am–6 pm,8 am–6 pm,8 am–6 pm,8 am–6 pm,Closed,8 am–6 pm,8 am–6 pm,"https://www.google.com/maps/search/tree+service+businesses+in+Coventry+Township+Akron+OH/@41.000993,-81.5486728,14z",2026-04-29T04:56:08.035Z,,,,
"https://www.google.com/maps/place/Able+Assist+Property+Solutions+LLC+-+Professional+Roofing+Service,+Roofing+Contractor/data=!4m7!3m6!1s0x8830d523ac64ceef:0x7e9c9168d1164bcc!8m2!3d41.3054604!4d-81.6230068!16s%2Fg%2F11q1pr6rcc!19sChIJ785krCPVMIgRzEsW0WiRnH4","Able Assist Property Solutions LLC - Professional Roofing Service, Roofing Contractor",3.9,21,Roofing contractor,,,,+1 330-598-4919,Open 24 hours,https://lh3.googleusercontent.com/gps-cs-s/APNQkAEHN5HIuUVkZT8rHuCk4IOOZrWI2cT5GQzV1kul7C3eS3gygYYVzAYKYuy5tPumnQBGshUn5qAYLxn5St2CWZBkREmuswhH1yoQR-q_PNA3wplXGyvS0k8efwxgDOnX2Dyz_rbp=w408-h544-k-no,true,Open 24 hours,Open 24 hours,Open 24 hours,Open 24 hours,Open 24 hours,Open 24 hours,Open 24 hours,"https://www.google.com/maps/search/tree+service+businesses+in+Coventry+Township+Akron+OH/@41.000993,-81.5486728,14z",2026-04-29T04:56:12.921Z,,,,
https://www.google.com/maps/place/D+%26+S+Landscapes+%26+Tree+Services/data=!4m7!3m6!1s0x8831214bdeba9a0f:0x8b8d21c3743cf30f!8m2!3d41.208151!4d-81.44664!16s%2Fg%2F1tftxlyb!19sChIJD5q63kshMYgRD_M8dMMhjYs,D & S Landscapes & Tree Services,4.5,8,Tree service,"1260 Hudson Gate Dr, Hudson, OH 44236, United States","6H53+78 Hudson, Ohio, USA",,+1 216-270-6337,,https://streetviewpixels-pa.googleapis.com/v1/thumbnail?panoid=AtxsVpnNItV8mpJdPeOyKQ&cb_client=search.gws-prod.gps&w=408&h=240&yaw=182.43292&pitch=0&thumbfov=100,false,,,,,,,,"https://www.google.com/maps/search/tree+service+businesses+in+Hudson+Akron+OH/@41.240056,-81.440667,14z",2026-04-29T04:56:23.904Z,,,,
https://www.google.com/maps/place/B%26B+Landscaping+%26+Tree+Service+LLC/data=!4m7!3m6!1s0x8831170eccd1ff1b:0xeb5f87faeba5ddb1!8m2!3d41.2102568!4d-81.4419992!16s%2Fg%2F11fk1t50x9!19sChIJG__RzA4XMYgRsd2l6_qHX-s,B&B Landscaping & Tree Service LLC,4.4,7,Landscaper,"5334 Darrow Rd, Hudson, OH 44236, United States","6H65+46 Hudson, Ohio, USA",https://landscapebb.com/,+1 330-618-4671,Closed · Opens 8 am,https://lh3.googleusercontent.com/gps-cs-s/APNQkAE_gnUo5hnJe_K_Qq7U9KN-pa6emTgkTfIBWxpE6U8C2v6Q0u-z6cNBk7jtPhxyATPQtPQWv7k0SO38fZp4FBusM757Aeh8YliFgTod1IOZu1qHdo0vgO_1TKTYnNIzuSafDYjbWw=w426-h240-k-no,true,8 am–5 pm,8 am–5 pm,8 am–5 pm,8 am–12 pm,Closed,8 am–5 pm,8 am–5 pm,"https://www.google.com/maps/search/tree+service+businesses+in+Hudson+Akron+OH/@41.240056,-81.440667,14z",2026-04-29T04:56:28.649Z,,,,
https://www.google.com/maps/place/Hudson+Tree+Pros/data=!4m7!3m6!1s0x2138ed89e49f39e1:0x483215d94f6392e3!8m2!3d41.2400465!4d-81.4407335!16s%2Fg%2F11xvjl_j4s!19sChIJ4Tmf5IntOCER45JjT9kVMkg,Hudson Tree Pros,5.0,15,Tree service,,,http://www.hudsontreeservicepros.com/,+1 330-616-3442,Open 24 hours,https://lh3.googleusercontent.com/gps-cs-s/APNQkAFQtCsU04cLtEoZRbabidvbY9vn9OOBnVcfpa6a9dcEuhUWcCyH3w8XEs_zQV_ULjXavSU5FFFa6EseMghaprG2K9vTHmskQMMDT78eKIP5SgvjsShtpc-0qw-Gf9idZ697Sg6kzsefAjHK=w426-h240-k-no,true,Open 24 hours,Open 24 hours,Open 24 hours,Open 24 hours,Open 24 hours,Open 24 hours,Open 24 hours,"https://www.google.com/maps/search/tree+service+businesses+in+Hudson+Akron+OH/@41.240056,-81.440667,14z",2026-04-29T04:56:33.398Z,LGBTQ+ friendly,,,
https://www.google.com/maps/place/Turf+Trimmers/data=!4m7!3m6!1s0x88312451113b9571:0xa1d78009263a668d!8m2!3d41.214525!4d-81.420269!16s%2Fg%2F1wj_6p6f!19sChIJcZU7EVEkMYgRjWY6JgmA16E,Turf Trimmers,4.3,78,Landscape designer,"2001 Barlow Rd, Hudson, OH 44236, United States","6H7H+RV Hudson, Ohio, USA",http://www.turftrimmers.com/,+1 330-678-9554,Closed · Opens 8 am,https://lh3.googleusercontent.com/gps-cs-s/APNQkAG39DAye9nK59lDFomtQNflux6hpIP3OOWp0qonpzlEXJZ5MRwkbRrnTOxFTtLPSWamoqmjRu861r65nkbDLP3U_K1Rb8c-aWIoOUJdbe_o3Jy4wkeUwQTJhZxVUF0rGa_l8F9B=w408-h306-k-no,true,8 am–5 pm,8 am–5 pm,8 am–5 pm,Closed,Closed,8 am–5 pm,8 am–5 pm,"https://www.google.com/maps/search/tree+service+businesses+in+Hudson+Akron+OH/@41.240056,-81.440667,14z",2026-04-29T04:56:38.656Z,,,,
https://www.google.com/maps/place/Hudson+City+Arborist/data=!4m7!3m6!1s0x88312156f121b95d:0xd517e62e5ebd1b00!8m2!3d41.2090001!4d-81.4312696!16s%2Fg%2F1tx1tvbh!19sChIJXbkh8VYhMYgRABu9Xi7mF9U,Hudson City Arborist,,,City government office,"1769 Georgetown Rd, Hudson, OH 44236, United States","6H59+JF Hudson, Ohio, USA",https://www.hudson.oh.us/Directory.aspx?did=23,+1 330-342-1750,,https://lh3.googleusercontent.com/gps-cs-s/APNQkAHY-7wUHwKhQA4m5EILphjKjbnhZVK61pJktEtL2sxjlMY5za-XK1WKv-LZlPv8JVGnCzctrRn--T87bJVlF65d91D8XX0nn0Dm-7r0EPILLgNTNthd0BHHiEA-kGitZWtlo98=w408-h306-k-no,false,,,,,,,,"https://www.google.com/maps/search/tree+service+businesses+in+Hudson+Akron+OH/@41.240056,-81.440667,14z",2026-04-29T04:56:41.332Z,,,,
https://www.google.com/maps/place/Havanas+Stump+Grinding/data=!4m7!3m6!1s0x8831278ba0287a59:0x538dce426286b9a!8m2!3d41.184347!4d-81.4385733!16s%2Fg%2F11j59jl57l!19sChIJWXoooIsnMYgRmmsoJuTcOAU,Havanas Stump Grinding,5.0,55,Tree service,"1932 Willowdale Dr, Stow, OH 44224, United States","5HM6+PH Stow, Ohio, USA",https://havanasstumpgrinding.com/?utm_source=google&utm_medium=organic&utm_campaign=gmb,+1 330-703-8742,Closed · Opens 8 am,https://lh3.googleusercontent.com/gps-cs-s/APNQkAFGvcHUMELOJgM_sBBra3xfy_NdUQFfKg0hiE4TNwGvW1eIYS0Mdg1QqsTOSePwG1vJEwzmpZZV2N2lqmBAPRFAWommzOPYWbMDv1-HlJomBvSJ5KVIcve3HywF5mZa9nrQldX-Mw=w408-h306-k-no,true,8 am–6 pm,8 am–6 pm,8 am–6 pm,8 am–6 pm,8 am–6 pm,8 am–6 pm,8 am–6 pm,"https://www.google.com/maps/search/tree+service+businesses+in+Hudson+Akron+OH/@41.240056,-81.440667,14z",2026-04-29T04:56:46.110Z,,,,
https://www.google.com/maps/place/Summit+Tree/data=!4m7!3m6!1s0x883126d6023d0091:0x5e13acb70a95f40d!8m2!3d41.1999293!4d-81.4720584!16s%2Fg%2F1tdd5xs6!19sChIJkQA9AtYmMYgRDfSVCresE14,Summit Tree,4.8,4,Tree service,"4839 Allen Rd, Stow, OH 44224, United States","5GXH+X5 Stow, Ohio, USA",,+1 330-689-0760,,https://lh3.googleusercontent.com/gps-cs-s/APNQkAEQttQ5n31_Q3HKm3b3W0CldAUjB0Y2DSrFDjbKAjIdNxkoQxghDJmKnBys22rv8D7OfTYz2oGPo81VnQAx8IwEK2jQfCDkDEoCRYJ-CrLsUg-kE28Hagpdye3WpyQzaNLHuyjm=w408-h510-k-no,false,,,,,,,,"https://www.google.com/maps/search/tree+service+businesses+in+Hudson+Akron+OH/@41.240056,-81.440667,14z",2026-04-29T04:56:48.672Z,,,,
https://www.google.com/maps/place/Shawnee+Trail+Tree+Farm/data=!4m7!3m6!1s0x88312146c96bd2b3:0xb78cfa5712fca3c!8m2!3d41.2178484!4d-81.456427!16s%2Fg%2F11bxc6glzf!19sChIJs9JryUYhMYgRPMovcaXPeAs,Shawnee Trail Tree Farm,4.5,48,Christmas tree farm,"896 Terex Rd, Hudson, OH 44236, United States","6G9V+4C Hudson, Ohio, USA",http://www.facebook.com/shawneetrailtreefarm/,+1 330-554-2826,Temporarily closed,https://lh3.googleusercontent.com/gps-cs-s/APNQkAFms172NVivMIb13YK8QUMu7oj1yu8CrDvNM0mK9CW1vDkQXnYz0KmtJKVf6IJNxnHYZ33k2z64P6ItrAQLCfE29fQDIMWWsCK0mb-1wIRMWw4vZs2VmYAwdb_GT3gy2wV2oPCd=w408-h544-k-no,true,,,,,,,,"https://www.google.com/maps/search/tree+service+businesses+in+Hudson+Akron+OH/@41.240056,-81.440667,14z",2026-04-29T04:56:53.308Z,Identifies as veteran-owned,,,
https://www.google.com/maps/place/Whisman%27s+Apex+Tree+LLC/data=!4m7!3m6!1s0x88312cdffcca2921:0x9647c52f9f2873f1!8m2!3d40.9706777!4d-81.6354238!16s%2Fg%2F11gbvkxjrv!19sChIJISnK_N8sMYgR8XMony_FR5Y,Whisman's Apex Tree LLC,5.0,42,Tree service,"3120 Bronco Dr, New Franklin, OH 44216, United States","X9C7+7R New Franklin, Ohio, USA",http://www.apextreeohio.com/,+1 330-807-8398,Open 24 hours,https://lh3.googleusercontent.com/gps-cs-s/APNQkAGpx4b0PNbW_1WvRNrk1KskcZzDyTwLthkyoN0plyIsOpTeKmigttWfkwUYvOLFSRJ1XNLh4qvaAvBjrRjrFMCCL8xzXuqrYUAEbSQRwRH-jMDWaDa6N8-Sw5iynapuZu_bQlw=w426-h240-k-no,true,Open 24 hours,Open 24 hours,Open 24 hours,Open 24 hours,Open 24 hours,Open 24 hours,Open 24 hours,"https://www.google.com/maps/search/tree+service+businesses+in+New+Franklin+Akron+OH/@40.9417229,-81.5415079,14z",2026-04-29T04:57:07.192Z,,,,
https://www.google.com/maps/place/Akrontree/data=!4m7!3m6!1s0x88372b23eb1babb1:0x964f862caec66784!8m2!3d40.9561228!4d-81.566381!16s%2Fg%2F11vsbp4rbp!19sChIJsasb6yMrN4gRhGfGriyGT5Y,Akrontree,,,,"5485 Manchester Rd, New Franklin, OH 44319, United States","XC4M+CC New Franklin, Ohio, USA",https://akrontree.com/contact-us,+1 216-774-9606,,https://streetviewpixels-pa.googleapis.com/v1/thumbnail?panoid=Ae8iPgm_9HLAqbHc5Giiog&cb_client=search.gws-prod.gps&w=408&h=240&yaw=114.32943&pitch=0&thumbfov=100,false,,,,,,,,"https://www.google.com/maps/search/tree+service+businesses+in+New+Franklin+Akron+OH/@40.9417229,-81.5415079,14z",2026-04-29T04:57:09.825Z,,,,
https://www.google.com/maps/place/Brush+Bandit+Tree+Service/data=!4m7!3m6!1s0x88372a49ea26aaab:0x307749b05955bb57!8m2!3d40.9120289!4d-81.5528996!16s%2Fg%2F11kc8lw2q9!19sChIJq6om6kkqN4gRV7tVWbBJdzA,Brush Bandit Tree Service,4.3,4,Tree service,"634 W Comet Rd, New Franklin, OH 44216, United States","WC6W+RR New Franklin, Ohio, USA",https://brushbandittree.com/contact-us/,+1 330-882-4094,,https://lh3.googleusercontent.com/gps-cs-s/APNQkAEO9rpyvbq6L1UJTXihTXKndlpd-UHle_zexsCAEkbqN4DsAgQ8l2i24fj56i8nJvcxqbSnMcMEmmyyzhDVW_kxN_JAu6aawgFKSf2tIT27e3zpxGjrTIj71jgnsrLkdQ4hHAs8Bltxgvgc=w408-h725-k-no,false,,,,,,,,"https://www.google.com/maps/search/tree+service+businesses+in+New+Franklin+Akron+OH/@40.9417229,-81.5415079,14z",2026-04-29T04:57:12.425Z,,,,
https://www.google.com/maps/place/The+Davey+Tree+Expert+Company/data=!4m7!3m6!1s0x88311f488966e03d:0xc48e1a9808eff05b!8m2!3d41.2992986!4d-81.4944653!16s%2Fg%2F1tgk18m4!19sChIJPeBmiUgfMYgRW_DvCJgajsQ,The Davey Tree Expert Company,4.5,11,Property maintenance,"837 Highland Rd, Macedonia, OH 44056, United States","7GX4+P6 Macedonia, Ohio, USA",https://www.davey.com/commercial-services/?utm_source=google&utm_medium=organic&utm_campaign=GMB&utm_content=CLS_Cleveland_East,+1 330-908-0833,Closed · Opens 8 am,https://lh3.googleusercontent.com/gps-cs-s/APNQkAEtlR4sDbwkyp1CuBMZrb9MZpCkxapePbtagBQCubQHmMxpzqQRUOhfi_jLetiTOPU-4V8yh2Cta-k6f1U9BTjTD4DSE-85IzRLMRJUOJAe3v5oz-0hk3kFwp6UQMiyW1a5vvc=w408-h272-k-no,true,8 am–5 pm,8 am–5 pm,8 am–5 pm,Closed,Closed,8 am–5 pm,8 am–5 pm,"https://www.google.com/maps/search/tree+service+businesses+in+Macedonia+Akron+OH/@41.608635,21.745275,14z",2026-04-29T04:57:32.901Z,,,,
"https://www.google.com/maps/place/N.F.L.+Tree+Service+Company,+LLC/data=!4m7!3m6!1s0x87b781ec0ab42ea5:0x9e449b2aac71191d!8m2!3d41.4995547!4d-81.5875339!16s%2Fg%2F11bztc2d0k!19sChIJpS60CuyBt4cRHRlxrCqbRJ4","N.F.L. Tree Service Company, LLC",4.0,29,Tree service,,,,+1 216-916-7733,Closed · Opens 8 am,https://lh3.googleusercontent.com/gps-cs-s/APNQkAF9Q65yxg6gP2J8wVJtIMdzzKwTemGrMQBVX6YFI-Yc7HI66H5nPyFSIk41xJyevCK6kYKSDXfx2FEgo9TF77_S4UyI0pbXulP6JZPHWPZcG4-8XTcL2unEsGPeCiLfZDs9m_Pf=w408-h408-k-no,true,8 am–5 pm,8 am–5 pm,8 am–5 pm,8 am–5 pm,Closed,8 am–5 pm,8 am–5 pm,"https://www.google.com/maps/search/tree+service+businesses+in+Macedonia+Akron+OH/@41.608635,21.745275,14z",2026-04-29T04:57:44.604Z,,,,
https://www.google.com/maps/place/Ground+Works+Land+Design/data=!4m7!3m6!1s0x8830928082136d17:0xc2af6ffcd0686557!8m2!3d41.473316!4d-81.910438!16s%2Fg%2F1ptx38sdv!19sChIJF20TgoCSMIgRV2Vo0Pxvr8I,Ground Works Land Design,4.6,89,Landscape designer,"869 Canterbury Rd #3, Westlake, OH 44145, United States","F3FQ+8R Westlake, Ohio, USA",https://groundworkslanddesign.com/,+1 440-930-8400,"Closed · Opens 8 am

Updated by this business 7 weeks ago",https://lh3.googleusercontent.com/gps-cs-s/APNQkAEAxn-UMi9CEXxA1bKuDoZYn0-3JonWDPue9gwKGQACiduEcCku2OUjMAG8Gzkdeu7RFQytqG4FC6sCMJb2HqoH1z5BO-iF6sPZ15hQDsvUgX9nmuEfxDYas7Gji0oyH8Wn1ih8QUYmXtMR=w408-h271-k-no,true,8 am–6 pm,8 am–6 pm,8 am–6 pm,8 am–6 pm,8 am–6 pm,8 am–6 pm,8 am–6 pm,"https://www.google.com/maps/search/tree+service+businesses+in+Macedonia+Akron+OH/@41.608635,21.745275,14z",2026-04-29T04:57:54.355Z,,,,
https://www.google.com/maps/place/Custom+Tree+and+Lawn/data=!4m7!3m6!1s0x8830d779ef51657f:0x6633261e17fea8b2!8m2!3d41.0616401!4d-81.5899606!16s%2Fg%2F11h0yjm7_j!19sChIJf2VR73nXMIgRsqj-Fx4mM2Y,Custom Tree and Lawn,3.4,9,Tree service,"2065 Warren Ave, Akron, OH 44320, United States","3C66+M2 Akron, Ohio, USA",,+1 330-603-9315,Closed · Opens 8 am,https://lh3.googleusercontent.com/gps-cs-s/APNQkAF94Gd1Ux50McbTvz8Mblh2BRqsCWNcA2_JZC5sesVkZrnegaoXwgoQV3zmHZY-SGReLRoDf_VNnSHptOFWgazhCzXDAZtqxk5UhOiIJkglD2IX2C4066EqALk5UUx53tScFSJr=w408-h306-k-no,true,8 am–4 pm,8 am–4 pm,8 am–4 pm,Closed,Closed,8 am–4 pm,8 am–4 pm,"https://www.google.com/maps/search/tree+service+businesses+in+Macedonia+Akron+OH/@41.608635,21.745275,14z",2026-04-29T04:57:59.304Z,,,,
https://www.google.com/maps/place/Nick%27s+Tree+Service+and+Nicks+Hardscape/data=!4m7!3m6!1s0x8830e1fe73f96595:0x1a9083a484d99a45!8m2!3d41.2929714!4d-81.5287572!16s%2Fg%2F11pb9r3r52!19sChIJlWX5c_7hMIgRRZrZhKSDkBo,Nick's Tree Service and Nicks Hardscape,4.5,23,Tree service,"169 W Highland Rd, Northfield, OH 44067, United States","7FVC+5F Northfield, Ohio, USA",,+1 330-467-3732,Open 24 hours,https://lh3.googleusercontent.com/gps-cs-s/APNQkAHoms3lA6XaeQkd1HSink8lP8M-ITdjXNE3sgy_ISiFmy_5MniszvTULU_rs6Gy6MJ_67zjAj6ZqwSh_z3-tRswbGQbIX-lw2tGWJFU5Yy3wZoWTOby36MKWMIBQ4aB1VYDJGIQXA=w408-h544-k-no,true,Open 24 hours,Open 24 hours,Open 24 hours,Open 24 hours,Open 24 hours,Open 24 hours,Open 24 hours,"https://www.google.com/maps/search/tree+service+businesses+in+Macedonia+Akron+OH/@41.608635,21.745275,14z",2026-04-29T04:58:04.242Z,,,,
https://www.google.com/maps/place/Ghost+tree+service+LLC/data=!4m7!3m6!1s0x8830b522e80e9e77:0x7cc5a3f8872ff1e4!8m2!3d41.0413473!4d-81.9161585!16s%2Fg%2F11fqzkj86g!19sChIJd54O6CK1MIgR5PEvh_ijxXw,Ghost tree service LLC,5.0,39,Tree service,"6289 Buffham Rd, Seville, OH 44273, United States","23RM+GG Seville, Ohio, USA",https://www.ghosttreeservice.com/,+1 330-907-6403,Open 24 hours,https://lh3.googleusercontent.com/gps-cs-s/APNQkAFlnQIqF09wlpSRcDCclc19hLx519d9q4x8IEC_RX2OgC3qYqR_qR4HviaeCuruZVfWmSnq6Q3_F8nMBTLlZ_rUBic4wvbZbFhEjNITxD9V7jUVP4CjJZqjTYDq3CrqstY3Ue_V=w408-h543-k-no,true,Open 24 hours,Open 24 hours,Open 24 hours,Open 24 hours,Open 24 hours,Open 24 hours,Open 24 hours,"https://www.google.com/maps/search/tree+service+businesses+in+Macedonia+Akron+OH/@41.608635,21.745275,14z",2026-04-29T04:58:09.173Z,,,,
https://www.google.com/maps/place/Nick+The+Stump+Guy/data=!4m7!3m6!1s0x88311f1fafd69ba1:0x30b4a1f9d6b9d78a!8m2!3d41.314196!4d-81.49721!16s%2Fg%2F11pvmk455y!19sChIJoZvWrx8fMYgRite51vmhtDA,Nick The Stump Guy,5.0,1,Tree service,,,https://www.nickthestumpguy.com/,+1 216-235-3034,Closed · Opens 8 am,https://lh3.googleusercontent.com/gps-cs-s/APNQkAF1pCuNh6Zu-aRgche4a28tPyW4VU78_E3QecJTihj5IwwkppgXSjJR09IHGtkUZuqDmKQRgt70tveOLbJfAx7zlkrY_K8D_DBLqd9teb3y4uivYFfupyxjWO2yT8Ti7beGCIoF=w426-h240-k-no,true,8 am–5 pm,8 am–5 pm,8 am–5 pm,8 am–12 pm,Closed,8 am–5 pm,8 am–5 pm,"https://www.google.com/maps/search/tree+service+businesses+in+Macedonia+Akron+OH/@41.608635,21.745275,14z",2026-04-29T04:58:14.088Z,,,,
https://www.google.com/maps/place/Kapp%27s+Green+Lawn/data=!4m7!3m6!1s0x88311f9c0c0954c5:0xf5c751504386900e!8m2!3d41.2992026!4d-81.4768633!16s%2Fg%2F1thx02gx!19sChIJxVQJDJwfMYgRDpCGQ1BRx_U,Kapp's Green Lawn,4.7,214,Lawn care service,"1333 Highland Rd c, Macedonia, OH 44056, United States","7GXF+M7 Macedonia, Ohio, USA",https://kappslawn.com/location/cleveland-oh-area/?utm_source=gbp&utm_medium=organic&utm_campaign=gbp-listing&utm_content=cleveland-branch,+1 855-818-8686,,https://lh3.googleusercontent.com/gps-cs-s/APNQkAHveqTBcrSDj50k4Enkggn_aCTMPdjsp3aCJes-v1iLmY9foxz-HuWtWcpClKrCrvItnSrFPkqj3xx1fMVpjkKN8PeyyXHDINkwSxtSsyub4eRJ1k3uyeGFG5QhRifZlxitaK8jJEBI_Y2H=w408-h342-k-no,true,Open 24 hours,Open 24 hours,Open 24 hours,Open 24 hours,Open 24 hours,Open 24 hours,Open 24 hours,"https://www.google.com/maps/search/tree+service+businesses+in+Macedonia+Akron+OH/@41.608635,21.745275,14z",2026-04-29T04:58:19.394Z,,,,
https://www.google.com/maps/place/Acri+Tree+Care/data=!4m7!3m6!1s0x8830d21b46f6e095:0xbd145b5fd256fad2!8m2!3d41.0545211!4d-81.6792856!16s%2Fg%2F11dfj20lnv!19sChIJleD2RhvSMIgR0vpW0l9bFL0,Acri Tree Care,5.0,10,Tree service,"4230 Reimer Rd, Norton, OH 44203, United States","383C+R7 Norton, Ohio, USA",http://www.acritreecare.com/,+1 234-417-6691,Closed · Opens 7 am,https://lh3.googleusercontent.com/gps-cs-s/APNQkAHm9XF5x7NqsuUsFgrFrI22hTXPV0_b1KvUPxbGJCvYUtYTG0McZJnC8mxo7KrnypnM10oud5p098w3jNtfPBEApzEHAcIG6NM88zlpFzLwnIhACgnwqZ96w90PODrLEgpXF49ZQQ=w408-h408-k-no,true,7 am–5 pm,7 am–5 pm,7 am–5 pm,Closed,Closed,7 am–5 pm,7 am–5 pm,"https://www.google.com/maps/search/tree+service+businesses+in+Macedonia+Akron+OH/@41.608635,21.745275,14z",2026-04-29T04:58:24.103Z,,,,
https://www.google.com/maps/place/Empire+Tree+Services/data=!4m7!3m6!1s0x8830e1869c48dfdf:0x9be576c7c4793284!8m2!3d41.3530168!4d-81.5011382!16s%2Fg%2F1td_hx9b!19sChIJ399InIbhMIgRhDJ5xMd25Zs,Empire Tree Services,4.2,14,Tree service,"500 Golden Oak Pkwy Suite D, Bedford, OH 44146, United States","9F3X+6G Bedford, Ohio, USA",https://empiretree.co/,+1 440-232-2213,Open 24 hours,https://streetviewpixels-pa.googleapis.com/v1/thumbnail?panoid=R2wmr_TffwT-ipNHti242A&cb_client=search.gws-prod.gps&w=408&h=240&yaw=338.63818&pitch=0&thumbfov=100,true,Open 24 hours,Open 24 hours,Open 24 hours,Open 24 hours,Open 24 hours,Open 24 hours,Open 24 hours,"https://www.google.com/maps/search/tree+service+businesses+in+Macedonia+Akron+OH/@41.608635,21.745275,14z",2026-04-29T04:58:28.864Z,,,,
https://www.google.com/maps/place/Northkoast-1+Landscaping/data=!4m7!3m6!1s0x44346558d12f557d:0x3d8f23ed6a9a5a43!8m2!3d41.2994246!4d-81.5063352!16s%2Fg%2F11nb6_k4dt!19sChIJfVUv0VhlNEQRQ1qaau0jjz0,Northkoast-1 Landscaping,5.0,7,Landscaper,"535 Highland Rd, Macedonia, OH 44056, United States","7FXV+QF Macedonia, Ohio, USA",,+1 330-467-7418,"Closed · Opens 7 am

Confirmed by this business 4 weeks ago",https://lh3.googleusercontent.com/gps-cs-s/APNQkAEYyrwdQdqc_tGaBSdAt0lHMlGgs_dGxomlW9f7_xdOHWLaVH29wcSUmMtysmhp_QKdfrK-aQGZ9vs0Dh2KEDj_6aQfkpfZbgUq_FyEMw_ryVGCoa1kMCKr0Hm9-xDa-g-IHQi6UlTGWcM=w408-h272-k-no,true,7 am–3 pm,7 am–3 pm,7 am–3 pm,Closed,Closed,7 am–3 pm,7 am–3 pm,"https://www.google.com/maps/search/tree+service+businesses+in+Macedonia+Akron+OH/@41.608635,21.745275,14z",2026-04-29T04:58:33.658Z,,,,
https://www.google.com/maps/place/T2+Design/data=!4m7!3m6!1s0x88372de66b07dfb5:0x1915912976e4f6b1!8m2!3d40.99939!4d-81.653086!16s%2Fg%2F11j8zypzry!19sChIJtd8Ha-YtN4gRsfbkdimRFRk,T2 Design,4.8,171,Lawn care service,"5065 Wooster Rd W, Norton, OH 44203, United States","X8XW+QQ Norton, Ohio, USA",https://www.t2landscape.com/,+1 330-400-4027,Closed · Opens 8 am,https://lh3.googleusercontent.com/gps-cs-s/APNQkAFBscTf_4oQddoEpak0A8hrza_CPuNvWPWOqmHQdSzZuShORTD4sUE3jdZUo8ojDYfQahY9Qj54kDEcfesLhkifDwgDvIdoTozKhdo-KXpNyfxiHlEqT2_Q2ltYZQfHvqlOUkHY=w517-h240-k-no,true,8 am–4 pm,8 am–4 pm,8 am–4 pm,Closed,Closed,8 am–4 pm,8 am–4 pm,"https://www.google.com/maps/search/tree+service+businesses+in+Norton+Akron+OH/@41.081199,-81.5188377,14z",2026-04-29T04:59:04.096Z,,,,
https://www.google.com/maps/place/Dominic%E2%80%99s+Tree+Service/data=!4m7!3m6!1s0x883139bc3200eeaf:0x2f19c2fb6793eece!8m2!3d41.175111!4d-81.1999699!16s%2Fg%2F11x8_hby6g!19sChIJr-4AMrw5MYgRzu6TZ_vCGS8,Dominic’s Tree Service,5.0,2,Tree service,"5393 McCormick Rd, Ravenna, OH 44266, United States","5RG2+22 Ravenna, Ohio, USA",,+1 330-296-2170,Open 24 hours,https://lh3.googleusercontent.com/gps-cs-s/APNQkAHBG6Y-bS2CIaLobm4LVslTsYnE-1e96YAWV_gjsRJHApLKVytrHk4HTkCOKQiMEYPb9g0MFFn5F7iK2rdkZUNDx47DBmxwdB35L0qfvGWaHXkj8exvT-hGtxjDPWRrAVG1h9Bpt7IP6m7W=w408-h544-k-no,true,Open 24 hours,Open 24 hours,Open 24 hours,Open 24 hours,Open 24 hours,Open 24 hours,Open 24 hours,"https://www.google.com/maps/search/tree+service+businesses+in+Ravenna+Akron+OH/@41.1575566,-81.2420473,14z",2026-04-29T04:59:26.612Z,,,,
https://www.google.com/maps/place/Lumberjack+Tree+Service/data=!4m7!3m6!1s0x8831397ab705c877:0x3bd73f02d9c94bf2!8m2!3d41.1666385!4d-81.2538192!16s%2Fg%2F1tf3pk2n!19sChIJd8gFt3o5MYgR8kvJ2QI_1zs,Lumberjack Tree Service,4.8,8,Tree service,"822 Cleveland Rd, Ravenna, OH 44266, United States","5P8W+MF Ravenna, Ohio, USA",,+1 330-297-5606,Closed · Opens 9 am,https://lh3.googleusercontent.com/gps-cs-s/APNQkAG_vldHx2WeCz6VXSnF0OumHKn2aEHdX4vz7LYNy3eyUbxtEEfNPNOdzBmgQj1BRa5juyUyichO-x_rdDHVpGpVjWr7ShaQZhkkCreE0Yf2P82wlPozFuC692VvnaZNA1qd-tOd_Q=w408-h544-k-no,true,9 am–5 pm,9 am–5 pm,9 am–5 pm,9 am–5 pm,Closed,9 am–5 pm,9 am–5 pm,"https://www.google.com/maps/search/tree+service+businesses+in+Ravenna+Akron+OH/@41.1575566,-81.2420473,14z",2026-04-29T04:59:31.373Z,,,,
https://www.google.com/maps/place/Cline+Tree+Service/data=!4m7!3m6!1s0x88313fcfec27e6e5:0x83506d1bd0d187fe!8m2!3d41.1990017!4d-81.2004331!16s%2Fg%2F11v150mx17!19sChIJ5eYn7M8_MYgR_ofR0BttUIM,Cline Tree Service,5.0,15,Tree service,"7601 OH-88, Ravenna, OH 44266, United States","5QXX+JR Ravenna, Ohio, USA",http://clinetreeservice.com/,+1 330-281-7533,Closed · Opens 7 am,https://lh3.googleusercontent.com/gps-cs-s/APNQkAGx33RB6oPrjyuxxuuxFq-Vu_qwJOFuHIEkLHtogcYt8J55BaNg1fanEfA3-wvPZP7kNooIGSJ3Tq5b7yXv4X29h3KUnmnP-Y2xBLRnh-oyhrrtspQop0-Lz1S9dipyFjynILzH=w408-h724-k-no,true,7 am–7 pm,7 am–7 pm,7 am–7 pm,Closed,Closed,7 am–7 pm,7 am–7 pm,"https://www.google.com/maps/search/tree+service+businesses+in+Ravenna+Akron+OH/@41.1575566,-81.2420473,14z",2026-04-29T04:59:36.184Z,,,,
https://www.google.com/maps/place/RPW+Contracting/data=!4m7!3m6!1s0x883139dd3b52e2f3:0x6241535d1db9251b!8m2!3d41.1490451!4d-81.244096!16s%2Fg%2F11vwvj7ps3!19sChIJ8-JSO905MYgRGyW5HV1TQWI,RPW Contracting,4.9,44,Landscaper,"690 S Chestnut St, Ravenna, OH 44266, United States","4QX4+J9 Ravenna, Ohio, USA",https://rpwlandscape.com/,+1 330-647-9339,Closed · Opens 7:30 am,https://lh3.googleusercontent.com/gps-cs-s/APNQkAFa_jyMKV3cNA2rcIfqqwZhHrviMfTjKx-vZNM2zeCUwga93ygH2z2YhJDqxVG1lAmo3xUM8EC6KaLJuS1pOMs-QAnEM-wyyOtwiAuiGUcM7oBXpm2Q_fHTEuk7PQXqia8Q7LBo=w408-h306-k-no,true,7:30 am–5 pm,7:30 am–5 pm,7:30 am–5 pm,8 am–3 pm,Closed,7:30 am–5 pm,7:30 am–5 pm,"https://www.google.com/maps/search/tree+service+businesses+in+Ravenna+Akron+OH/@41.1575566,-81.2420473,14z",2026-04-29T04:59:40.986Z,,,,
https://www.google.com/maps/place/The+Garden+Spot/data=!4m7!3m6!1s0x88313b8bf9a6c1f3:0x8746d6e81206f438!8m2!3d41.188913!4d-81.2832475!16s%2Fg%2F1v75skbt!19sChIJ88Gm-Ys7MYgROPQGEujWRoc,The Garden Spot,4.6,39,Garden center,"7291 OH-14, Ravenna, OH 44266, United States","5PQ8+HP Ravenna, Ohio, USA",https://thegardenspot-ravenna.com/,+1 330-296-3603,Closed · Opens 12 pm,https://lh3.googleusercontent.com/gps-cs-s/APNQkAG900WMhkhYJfFwQy1TraEQUi0IaEBWCxB9fu62wDFJ2wIxGcFiy_eWFFbRta5GLDbN8eO0gHUM-PC5nxVOg4k2bbfrLynuxNZYLAV9QBZkg_-R6_rFba-Af2egNQkrKP1tPdQ=w408-h306-k-no,true,12–5 pm,12–5 pm,12–5 pm,10 am–5 pm,10 am–5 pm,12–5 pm,12–5 pm,"https://www.google.com/maps/search/tree+service+businesses+in+Ravenna+Akron+OH/@41.1575566,-81.2420473,14z",2026-04-29T04:59:45.746Z,,,· In-store shopping · In-store pick-up · Delivery,
https://www.google.com/maps/place/Lakeview+Outdoor+Living/data=!4m7!3m6!1s0x883139e9f6e175d5:0x47e31ff288ca3b37!8m2!3d41.1466712!4d-81.2413206!16s%2Fg%2F11n5304_0q!19sChIJ1XXh9uk5MYgRNzvKiPIf40c,Lakeview Outdoor Living,,,Landscaper,"836 S Prospect St, Ravenna, OH 44266, United States","4QW5+MF Ravenna, Ohio, USA",https://lakeviewoutdoorliving.com/,+1 330-614-1730,"Closed · Opens 8 am

Updated by this business 3 weeks ago",https://lh3.googleusercontent.com/gps-cs-s/APNQkAEZEl0jH3uEpkuduquz_QOA_1x-q86oS_2kldmSEgHRYshKplqocR8XM_CxIZCPU0rozoKjeNun-wyubK8MwHm-M203yN-bZqxjP9qxccFpxKef6tJ1LckfqzB0Y_vtpvS5CG-4WNoct6g=w408-h360-k-no,true,8 am–5 pm,8 am–5 pm,8 am–5 pm,8 am–2 pm,Closed,8 am–5 pm,8 am–5 pm,"https://www.google.com/maps/search/tree+service+businesses+in+Ravenna+Akron+OH/@41.1575566,-81.2420473,14z",2026-04-29T04:59:50.549Z,,,,
https://www.google.com/maps/place/Battaglia%27s+Garden+Center+Inc/data=!4m7!3m6!1s0x88313bafd65fc299:0x6870daeb892c92dd!8m2!3d41.1595934!4d-81.283847!16s%2Fg%2F1vc_q_tz!19sChIJmcJf1q87MYgR3ZIsievacGg,Battaglia's Garden Center Inc,4.7,203,Garden center,"3049 OH-59, Ravenna, OH 44266, United States","5P58+RF Ravenna, Ohio, USA",http://thebattagliasgardencenter.com/,+1 330-296-4728,"Closed · Opens 9 am

Confirmed by this business 2 weeks ago",https://lh3.googleusercontent.com/gps-cs-s/APNQkAGSXnbq_kTCgZxTy_zsfnhUG0ZBo0J9ZCD4l8a-bwZLN9DFpemA067Y0HTQfGtapnZdE66xi4c566lptc2XBl2rgJ9b0z9KUjQ_Bd455IwZFvs6suZOpX-ZoErVA4fUPj3r_so6Sw=w408-h544-k-no,true,9 am–5 pm,9 am–5 pm,9 am–5 pm,9 am–4 pm,10 am–4 pm,9 am–5 pm,9 am–5 pm,"https://www.google.com/maps/search/tree+service+businesses+in+Ravenna+Akron+OH/@41.1575566,-81.2420473,14z",2026-04-29T04:59:55.386Z,,,,
https://www.google.com/maps/place/Yardworks+Outdoor+Services/data=!4m7!3m6!1s0x8831399cb668944f:0x88028a2edb165956!8m2!3d41.1211586!4d-81.2436412!16s%2Fg%2F11r0m6yrjk!19sChIJT5Rotpw5MYgRVlkW2y6KAog,Yardworks Outdoor Services,5.0,14,Landscaper,"4142 Wilson Ave, Ravenna, OH 44266, United States","4QC4+FG Ravenna, Ohio, USA",http://www.yardworksllc.com/,+1 330-697-5651,Closed · Opens 8 am,https://lh3.googleusercontent.com/gps-cs-s/APNQkAHwaxXOEDQqcEr0EfICI_9ewJPvFsBtBC3V1pGvUJEFHwQTKTxyw7SVEzbSEMTQ1vSaUH7pC9Sr7GTDY59rqJvgNHPOIoJJY80SauGmjsZGPmX9PeVZxGKwlkbbPDtEwckE8kls=w408-h306-k-no,true,8 am–6 pm,8 am–6 pm,8 am–6 pm,8 am–4 pm,Closed,8 am–6 pm,8 am–6 pm,"https://www.google.com/maps/search/tree+service+businesses+in+Ravenna+Akron+OH/@41.1575566,-81.2420473,14z",2026-04-29T05:00:00.005Z,,,,
https://www.google.com/maps/place/Montigney+Hardware/data=!4m7!3m6!1s0x883139788035ac95:0x21f4787e056b9809!8m2!3d41.1490451!4d-81.244096!16s%2Fg%2F1tzvx6dw!19sChIJlaw1gHg5MYgRCZhrBX549CE,Montigney Hardware,4.9,87,Hardware store,"690 S Chestnut St, Ravenna, OH 44266, United States","4QX4+J9 Ravenna, Ohio, USA",,+1 330-296-3411,Closed · Opens 8 am,https://lh3.googleusercontent.com/gps-cs-s/APNQkAHm8qIRUnvPpijP4QaWah_EMJ0PExvgsjBfgz0QpxkRG75D0B6-0YMPyC-y0Bxk_-nxn6yhw11J0UyB3SbB19eNZnU3BLAohLzshzoXd7sxUOwSKkg0oeM6kxPvA2x1TPsvILWGIb_DqoSz=w408-h544-k-no,false,8 am–5:30 pm,8 am–5:30 pm,8 am–5:30 pm,8 am–3 pm,Closed,8 am–5:30 pm,8 am–5:30 pm,"https://www.google.com/maps/search/tree+service+businesses+in+Ravenna+Akron+OH/@41.1575566,-81.2420473,14z",2026-04-29T05:00:04.899Z,,,,
https://www.google.com/maps/place/TM+Landscaping/data=!4m7!3m6!1s0x5a33f6c969c4387:0xa1af9ef70ff1994e!8m2!3d41.1235146!4d-81.2227736!16s%2Fg%2F11v05wrs3w!19sChIJh0Oclmw_owURTpnxD_eer6E,TM Landscaping,4.9,34,Landscape designer,"4721 Sandy Lake Rd, Ravenna, OH 44266, United States","4QFG+CV Ravenna, Ohio, USA",http://tmlandscapingplus.com/,+1 330-300-9092,"Closed · Opens 8 am

Confirmed by this business 1 week ago",https://lh3.googleusercontent.com/gps-cs-s/APNQkAHDO4pmKketoPnL_ZIKuO4ZR1_ZQl7nhfHxGAh0jMe1BlQBkw4FCAXHuIGvc22gc42W9uLZ5z5-DxfMj2x88jOdkfH7-vCoF_Q_uJNWtdbJVBNczqGWAMY8AjpUf4mAO2HZmDRGLcgbBGRO=w408-h544-k-no,true,8 am–6 pm,8 am–6 pm,8 am–6 pm,Closed,Closed,8 am–6 pm,8 am–6 pm,"https://www.google.com/maps/search/tree+service+businesses+in+Ravenna+Akron+OH/@41.1575566,-81.2420473,14z",2026-04-29T05:00:09.808Z,,,,
"https://www.google.com/maps/place/Billiter%27s+Tree+Service,+LLC/data=!4m7!3m6!1s0x8836c968783b370b:0xe275a3f233530649!8m2!3d41.0806135!4d-81.1196155!16s%2Fg%2F11p1681vyc!19sChIJCzc7eGjJNogRSQZTM_KjdeI","Billiter's Tree Service, LLC",4.9,11,Tree service,"7536 Giddings Rd, Rootstown, OH 44272, United States","3VJJ+65 Rootstown, Ohio, USA",http://billiterstreeservice.com/,+1 330-581-1719,Closed · Opens 8 am,https://lh3.googleusercontent.com/gps-cs-s/APNQkAFyIyNZwvUKdRAH0hxYEeAALlI9-3HPu0Bpb9RaYnpgUrHHgF0Okd5TzGyYFsdqULCyjES2dgBfUhwALrcsDPOdhM3pi_jelzGiQ2L2ozb34xkCqLmU2C-srelxoeKrYMB8PQpa=w408-h306-k-no,true,8 am–6 pm,8 am–6 pm,8 am–6 pm,8 am–6 pm,8 am–6 pm,8 am–6 pm,8 am–6 pm,"https://www.google.com/maps/search/tree+service+businesses+in+Ravenna+Akron+OH/@41.1575566,-81.2420473,14z",2026-04-29T05:00:14.740Z,,,,
"https://www.google.com/maps/place/Yost+Landscaping+%26+Nursery+Inc/@41.1983586,-81.2472621,17z/data=!3m1!4b1!4m6!3m5!1s0x88313eaecb76e8e1:0xe929bc270465e02d!8m2!3d41.1983586!4d-81.2472621!16s%2Fg%2F1vr1x8m0",Yost Landscaping & Nursery Inc,4.7,3,Landscaper,"7613 OH-44, Ravenna, OH 44266, United States","5QX3+83 Ravenna, Ohio, USA",,+1 330-297-0006,,,false,,,,,,,,"https://www.google.com/maps/search/tree+service+businesses+in+Ravenna+Akron+OH/@41.1575566,-81.2420473,14z",2026-04-29T05:00:19.344Z,,,,
https://www.google.com/maps/place/Rolling+Stone+Outdoor+Services+LLC/data=!4m7!3m6!1s0x88313ff6f05cb843:0xda26a49fc94dfecc!8m2!3d41.2044702!4d-81.2980968!16s%2Fg%2F11r9l2b_f6!19sChIJQ7hc8PY_MYgRzP5NyZ-kJto,Rolling Stone Outdoor Services LLC,4.8,82,Landscape designer,"7844 OH-14, Ravenna, OH 44266, United States","6P32+QQ Ravenna, Ohio, USA",https://www.rollingstoneoutdoor.com/,+1 330-842-5252,Closed · Opens 8 am,https://lh3.googleusercontent.com/gps-cs-s/APNQkAEwfQy-XQSQuUTkJ-ANXE4d6Z-3YW9Pnt3iWQkyHY9LaS7AxPv0sZVT_vVomlOXyoPyWQbs6IRZc9WZF-mQ6g7hVETDJFPEt7cpXR4aeKmzWTZ2ClYI-vHy-VD7TxYXj48QF8aVPA=w427-h240-k-no,true,8 am–5 pm,8 am–5 pm,8 am–5 pm,9 am–5 pm,Closed,8 am–5 pm,8 am–5 pm,"https://www.google.com/maps/search/tree+service+businesses+in+Ravenna+Akron+OH/@41.1575566,-81.2420473,14z",2026-04-29T05:00:24.092Z,LGBTQ+ friendly,,,
https://www.google.com/maps/place/City+Gardener+%26+Florist/data=!4m7!3m6!1s0x88313965ba7dd9bf:0x651c24409d3543a2!8m2!3d41.1614462!4d-81.2432233!16s%2Fg%2F1thqhdmq!19sChIJv9l9umU5MYgRokM1nUAkHGU,City Gardener & Florist,4.5,60,Florist,"329 N Chestnut St, Ravenna, OH 44266, United States","5Q64+HP Ravenna, Ohio, USA",https://www.citygardener.com/,+1 330-296-8681,Closed · Opens 9 am,https://lh3.googleusercontent.com/gps-cs-s/APNQkAGMP12M_T6E7ROsY9KCR0eOUEYlLp7EDFidbARBmUR_Hro37BOCtAZB3bdh3aMgVSYVAPg5vX4bDioVuo-bxwPm2cHWNJ5DCWm4DvcX9jiqO8YmwsBWOOwKDUDg0tCsrsu2O_c=w408-h725-k-no,true,9 am–5 pm,9 am–5 pm,9 am–5 pm,9 am–5 pm,Closed,9 am–5 pm,9 am–5 pm,"https://www.google.com/maps/search/tree+service+businesses+in+Ravenna+Akron+OH/@41.1575566,-81.2420473,14z",2026-04-29T05:00:29.153Z,,,· In-store pick-up · Delivery,
https://www.google.com/maps/place/Envy+Us+Landscaping/data=!4m7!3m6!1s0x741a2f4ddb4a32b:0xb6c4e7fd77a31ab9!8m2!3d41.1680246!4d-81.245639!16s%2Fg%2F11z0z54j1f!19sChIJK6O03fSiQQcRuRqjd_3nxLY,Envy Us Landscaping,5.0,10,Landscaper,,,https://www.facebook.com/share/1Ab9Lno6U2/,+1 216-570-9863,Closed · Opens 7 am,https://lh3.googleusercontent.com/gps-cs-s/APNQkAGMJdJ9aNT-eXajaE-XW2k1fKyh7d5gdu6t0_zyAG_iCTFDNJGS7xg5e2DTD7Kj4o55OdHrW-mbkkZZBhGZYs5rDt_vAS-t-LL2iQIZmH9iHk8HcYzoarrMOe-rU8b1jHninD3B8hLgDvSz=w408-h306-k-no,true,7 am–8 pm,7 am–8 pm,7 am–8 pm,7 am–8 pm,Closed,7 am–8 pm,7 am–8 pm,"https://www.google.com/maps/search/tree+service+businesses+in+Ravenna+Akron+OH/@41.1575566,-81.2420473,14z",2026-04-29T05:00:35.809Z,,,,
https://www.google.com/maps/place/Ravenna+Twp+Road+Department/data=!4m7!3m6!1s0x88313bc909d7d33b:0x199c7104b5adc0fa!8m2!3d41.1571059!4d-81.271506!16s%2Fg%2F1tlnf2kf!19sChIJO9PXCck7MYgR-sCttQRxnBk,Ravenna Twp Road Department,5.0,4,Paving contractor,"6115 N Spring St, Ravenna, OH 44266, United States","5P4H+R9 Ravenna, Ohio, USA",http://www.ravennatownship.com/,+1 330-296-5583,,https://streetviewpixels-pa.googleapis.com/v1/thumbnail?panoid=JIXnw7PJgK7DRjvmk1E49g&cb_client=search.gws-prod.gps&w=408&h=240&yaw=264.13855&pitch=0&thumbfov=100,false,,,,,,,,"https://www.google.com/maps/search/tree+service+businesses+in+Ravenna+Akron+OH/@41.1575566,-81.2420473,14z",2026-04-29T05:00:38.973Z,,,,