placeUrl,title,rating,reviewCount,category,address,plusCode,website,phoneNumber,currentStatus,info,imgUrl,isClaimed,wednesday,thursday,friday,saturday,sunday,monday,tuesday,query,timestamp,attributes,error
https://www.google.com/maps/place/DOV+Landscaping/data=!4m7!3m6!1s0xdca1ff18dd3ccb7:0x946300cc5ae8602b!8m2!3d38.2984444!4d-122.2879725!16s%2Fg%2F11sqbsdvc2!19sChIJt8zTjfEfyg0RK2DoWswAY5Q,DOV Landscaping,5.0,82,Lawn care service,"1300 1st St Suite 368, Napa, CA 94559, United States","7PX6+9R Napa, California, USA",http://dovlandscaping.com/,+1 707-758-9428,Open · Closes 5 pm,Identifies as Latino-owned,https://lh3.googleusercontent.com/gps-cs-s/APNQkAGMAej2tx_nSAY_CkKveweifUa_8yzOmUKVPrOnzUfcuz5JC-PCoDrvVpmONfxK9oPex4xxbrievrCkZi1vLgWASCMvkHp3CcE3tCPP-Mj04fNH1WJrpFP1GEU3dBZuDFahNe6AsQDTTvga=w647-h240-k-no,true,7 am–5 pm,7 am–5 pm,7 am–5 pm,7 am–5 pm,Closed,7 am–5 pm,7 am–5 pm,"https://www.google.com/maps/search/commercial+landscaping+businesses+in+Napa+Napa+CA/@38.2975381,-122.286865,14z",2026-04-29T19:53:57.621Z,,
"https://www.google.com/maps/place/Van+Winden+Landscaping,+Inc./data=!4m7!3m6!1s0x808506e1362aaba3:0xdf71c4c26ed75476!8m2!3d38.3163633!4d-122.3058729!16s%2Fg%2F1tfrbdkv!19sChIJo6sqNuEGhYARdlTXbsLEcd8","Van Winden Landscaping, Inc.",4.9,30,Landscaper,"3101 California Blvd, Napa, CA 94558, United States","8M8V+GM Napa, California, USA",http://www.vanwindenlandscaping.com/,+1 707-224-1367,"Open · Closes 5 pm

Confirmed by this business 2 weeks ago",,https://lh3.googleusercontent.com/gps-cs-s/APNQkAECneDtg17lbpDpwfiK_MsOY0quFSFy0MBwvLhEOOpi9uVr9dX8BEJzpgblgu2-rJbJ_mrmlJsjbNTgtXuwX8BBrlX5qrZOyKq76fDSNWIDkQaAyhjIndq4TLDenHOv6v3m6cxO=w408-h271-k-no,true,8 am–5 pm,8 am–5 pm,8 am–5 pm,9 am–2 pm,Closed,8 am–5 pm,8 am–5 pm,"https://www.google.com/maps/search/commercial+landscaping+businesses+in+Napa+Napa+CA/@38.2975381,-122.286865,14z",2026-04-29T19:54:04.362Z,,
https://www.google.com/maps/place/Weeks+Landscape/data=!4m7!3m6!1s0x662236903d500c35:0x53f6f34baad5209b!8m2!3d38.3153146!4d-122.3096665!16s%2Fg%2F11kq53n5j4!19sChIJNQxQPZA2ImYRmyDVqkvz9lM,Weeks Landscape,5.0,26,Landscaper,"2072 Delpha Dr, Napa, CA 94558, United States","8M8R+44 Napa, California, USA",https://www.weeks-landscape.com/?utm_source=google&utm_medium=wix_google_business_profile&utm_campaign=12580244163333000717,+1 707-410-9036,Open · Closes 5 pm,,https://lh3.googleusercontent.com/gps-cs-s/APNQkAHasY6gmrepwMkHQNC3ogFovV7tN1r6VyCKPbNmf0KkiHjMthgM_TAhxypgOQgIlwYanYEFebAmDvefqjDqLNHo6x0-Pkwi9HXVhMxJQjQQqGc7M94GeJRsuF4LHF0YysP9LiI=w408-h544-k-no,true,8 am–5 pm,8 am–5 pm,8 am–5 pm,Closed,Closed,8 am–5 pm,8 am–5 pm,"https://www.google.com/maps/search/commercial+landscaping+businesses+in+Napa+Napa+CA/@38.2975381,-122.286865,14z",2026-04-29T19:54:09.510Z,,
https://www.google.com/maps/place/Hall+Landscape+Design/data=!4m7!3m6!1s0x8085074b56b5cc4d:0x76055386c431f31d!8m2!3d38.2833127!4d-122.2740228!16s%2Fg%2F11glf30x30!19sChIJTcy1VksHhYARHfMxxIZTBXY,Hall Landscape Design,4.9,38,Landscape designer,"222 Soscol Ave, Napa, CA 94559, United States","7PMG+89 Napa, California, USA",https://halldesign.info/,+1 707-227-4931,Open · Closes 5 pm,,https://lh3.googleusercontent.com/gps-cs-s/APNQkAGXdtE8-NoAYcGSdS1KcuJlQwYB2UizD7Fpnu7DiFbE84WyqV6I9PZVaXX8aiGRZrV2lQ0Gnsu4QqHJIrCz3FKwaa8-iZut2VJbe-XvOFWz7iKz73q_rrvEMLOfN557whVVuXBK=w408-h255-k-no,true,9 am–5 pm,9 am–5 pm,9 am–5 pm,Closed,Closed,9 am–5 pm,9 am–5 pm,"https://www.google.com/maps/search/commercial+landscaping+businesses+in+Napa+Napa+CA/@38.2975381,-122.286865,14z",2026-04-29T19:54:14.514Z,,
https://www.google.com/maps/place/Gutierrez+Modern+Landscaping/data=!4m7!3m6!1s0x49b6262ebce2aaeb:0x3bc5ba164742d221!8m2!3d38.2797535!4d-122.290445!16s%2Fg%2F11kqhnwcy7!19sChIJ66rivC4mtkkRIdJCRxa6xTs,Gutierrez Modern Landscaping,5.0,17,Landscaper,,,https://landscaperca-napa.com/,,Open 24 hours,,https://lh3.googleusercontent.com/gps-cs-s/APNQkAGNQz5ZVDDyp4FJJvebDR_H1bEFABVbqbYqN1UbGXdA8zf25urFNbLheTNMMK0OsP-8_44SiZoJ5w-OKtUANzxT2WL8eyEVKBIfwg5wTxPRR87iIq5HFFOzBcezXLkelobG1dTB=w426-h240-k-no,true,Open 24 hours,Open 24 hours,Open 24 hours,Open 24 hours,Open 24 hours,Open 24 hours,Open 24 hours,"https://www.google.com/maps/search/commercial+landscaping+businesses+in+Napa+Napa+CA/@38.2975381,-122.286865,14z",2026-04-29T19:54:19.264Z,,
https://www.google.com/maps/place/JA+Landscaping+and+Hauling/data=!4m7!3m6!1s0x808507d4aca266ad:0xe4e81a498c71ad13!8m2!3d38.2814805!4d-122.2630668!16s%2Fg%2F11j8kxrl88!19sChIJrWairNQHhYARE61xjEka6OQ,JA Landscaping and Hauling,5.0,39,Landscaper,"2178 Shurtleff Ave, Napa, CA 94559, United States","7PJP+HQ Napa, California, USA",http://jalandscapingnapa.com/,+1 707-280-7322,Open · Closes 4 pm,,https://lh3.googleusercontent.com/gps-cs-s/APNQkAGZdZFw5MRYBxcr1YUTG1zUWgiYK8hkzHgl-XbRDTLURJR5xtaZ0_OtozXWgJ7LLTaS-0ITsBlx2ppBgeuVGwWI_lZYeQv2_xhbiI380uDKBl_bVp963jscUBmv8lVa5DxMpQc2iSresIs=w408-h306-k-no,true,7 am–4 pm,7 am–4 pm,7 am–4 pm,Closed,Closed,7 am–4 pm,7 am–4 pm,"https://www.google.com/maps/search/commercial+landscaping+businesses+in+Napa+Napa+CA/@38.2975381,-122.286865,14z",2026-04-29T19:54:24.448Z,,
https://www.google.com/maps/place/Napa+Valley+Lawn+%26+Garden+Co./data=!4m7!3m6!1s0x808507444c745aeb:0xae537a823d0d9915!8m2!3d38.3012295!4d-122.2877914!16s%2Fg%2F12330tlww!19sChIJ61p0TEQHhYARFZkNPYJ6U64,Napa Valley Lawn & Garden Co.,5.0,3,Lawn care service,"1020 Clinton St #202, Napa, CA 94559, United States","8P26+FV Napa, California, USA",http://www.napalawn.com/,+1 707-265-9130,Open · Closes 4 pm,,https://lh3.googleusercontent.com/gps-cs-s/APNQkAElEo7n9ugZSo-1KFGfekL6nLeqmqhrVmNCTpBKy3p2qNtoE5wFGy021yZxltvhzZb7IJP2wuqbb-KSrUtCSAODFPN03AGqFCM68zZTJYAve67j0Lwf7rdnGuQ40eykAnFvZ236Ug=w408-h306-k-no,true,8:30 am–4 pm,8:30 am–4 pm,8:30 am–4 pm,Closed,Closed,8:30 am–4 pm,8:30 am–4 pm,"https://www.google.com/maps/search/commercial+landscaping+businesses+in+Napa+Napa+CA/@38.2975381,-122.286865,14z",2026-04-29T19:54:29.467Z,,
https://www.google.com/maps/place/Napa+Roots+Landscaping+License+%231105607/data=!4m7!3m6!1s0x8085068a2b6d3b89:0x3b4ed6be8e3d072f!8m2!3d38.3107072!4d-122.2826221!16s%2Fg%2F1w_vnh7h!19sChIJiTttK4oGhYARLwc9jr7WTjs,Napa Roots Landscaping License #1105607,5.0,9,Landscaper,"610 Lincoln Ave, Napa, CA 94558, United States","8P68+7X Napa, California, USA",http://www.naparootslandscaping.com/,+1 707-224-5857,Open · Closes 7 pm,,https://lh3.googleusercontent.com/gps-cs-s/APNQkAE-1HNFkB6699Fc2XvxxqHLTEjuhrcNM5wDdl_k0Qjwk-JMtTf0Z6hSrJzkvGovtm63PVfRFWPR1Tv7TsTV_IrMGrMCyDbzmY3tihhG4H4I5H1f7RflvT0M8Uq2ZhKAiZDMLGcqLQ=w408-h306-k-no,true,8 am–7 pm,8 am–7 pm,8 am–7 pm,8 am–7 pm,Closed,8 am–7 pm,8 am–7 pm,"https://www.google.com/maps/search/commercial+landscaping+businesses+in+Napa+Napa+CA/@38.2975381,-122.286865,14z",2026-04-29T19:54:34.314Z,,
https://www.google.com/maps/place/Penning+Landscapes/data=!4m7!3m6!1s0x8085061545f6ca91:0x9c14a07b0afce21c!8m2!3d38.2865811!4d-122.2871158!16s%2Fg%2F1v_w2l4k!19sChIJkcr2RRUGhYARHOL8CnugFJw,Penning Landscapes,5.0,6,Landscape designer,"68 Coombs St suite # d-11, Napa, CA 94559, United States","7PP7+J5 Napa, California, USA",https://www.penninglandscapes.com/,+1 707-255-8129,Open · Closes 4 pm,,https://lh3.googleusercontent.com/gps-cs-s/APNQkAGfmoMNtMD_HvX7D6cEmjFE9oVf8HBC09MN54tRl2F51WqpbxcjRiQ44RSHSbvaZmei5SSjlJS3sqIKTsbdlO6gvz5N7FC_C31T3xokeBhVjaLORx0cDEwUEP1CtvtHHFg4wPsK3w=w408-h272-k-no,true,7 am–4 pm,7 am–4 pm,7 am–4 pm,Closed,Closed,7 am–4 pm,7 am–4 pm,"https://www.google.com/maps/search/commercial+landscaping+businesses+in+Napa+Napa+CA/@38.2975381,-122.286865,14z",2026-04-29T19:54:39.000Z,,
https://www.google.com/maps/place/Clerici+Landscape+Management/data=!4m7!3m6!1s0x80850590a3de169d:0xe9d3693135873ab8!8m2!3d38.2898096!4d-122.651154!16s%2Fg%2F1vd959t5!19sChIJnRbeo5AFhYARuDqHNTFp0-k,Clerici Landscape Management,5.0,4,Landscaper,,,https://www.clericilandscape.com/?utm_source=GBP&utm_medium=organic&utm_campaign=website_click,+1 707-341-0022,Open · Closes 5 pm,,https://lh3.googleusercontent.com/gps-cs-s/APNQkAEh8ZMh7yPlyePsmlytXVknXgZzfZ-A7_Z5P8u1VUMopWPk2rVNeauIawFpbU1AMiNOVcLGiqvwHpYfL_nEHlvZWYQtWJWGRW1TctMNK14Jx7iAzQpLOa5kEHjJp6AlvR1RbnB1P_fW5nA=w426-h240-k-no,true,7 am–5 pm,7 am–5 pm,7 am–5 pm,7 am–5 pm,Closed,7 am–5 pm,7 am–5 pm,"https://www.google.com/maps/search/commercial+landscaping+businesses+in+Napa+Napa+CA/@38.2975381,-122.286865,14z",2026-04-29T19:54:44.046Z,,
https://www.google.com/maps/place/Valley+View+Landscape/data=!4m7!3m6!1s0x808507fe43815c7b:0x32fa48355f5f4eed!8m2!3d38.2065845!4d-122.513354!16s%2Fg%2F11vbb08g81!19sChIJe1yBQ_4HhYAR7U5fXzVI-jI,Valley View Landscape,5.0,10,Landscaper,,,https://valleyviewlandscapeca.com/,+1 707-266-8039,Open 24 hours,,https://lh3.googleusercontent.com/gps-cs-s/APNQkAHkGeJwfG3m-ER4Eyj2C-PWFoH3OiXKxH55pjRe_wbGHcqHxQIEZsIoBZLB_5RzAE72GRzHjTDBB7rA9rZfkEZbVo7TyY0VJtmlnLRji3qj1FeAGwvvAxb5GnHIDjQfVxPOXTSA=w408-h717-k-no,true,Open 24 hours,Open 24 hours,Open 24 hours,Open 24 hours,Closed,Open 24 hours,Open 24 hours,"https://www.google.com/maps/search/commercial+landscaping+businesses+in+Napa+Napa+CA/@38.2975381,-122.286865,14z",2026-04-29T19:54:49.126Z,,
https://www.google.com/maps/place/A.R+LANDSCAPE+AND+MAINTENANCE/data=!4m7!3m6!1s0x6424af2560f60dbd:0xc26ecb8aad6246a4!8m2!3d36.725698!4d-120.99396!16s%2Fg%2F11sbp39rfy!19sChIJvQ32YCWvJGQRpEZirYrLbsI,A.R LANDSCAPE AND MAINTENANCE,5.0,6,Landscaper,,,http://www.arlandscape.org/,+1 707-332-5133,Open · Closes 8 pm,,https://lh3.googleusercontent.com/gps-cs-s/APNQkAFWNvt-ekhSnbWclhWPzpH6tCqeM-vPGnpOTg6gBUDBJgp7oZFyrRqCRrDQBbNMEztUnxMn0Z1yx15I7XsK5k9FDsPPT0mVp8mbjMp47UUZ5e561Tnk2KBewZ9otsspLd2wdDmp9OdUxPpA=w408-h272-k-no,true,6 am–8 pm,6 am–8 pm,6 am–8 pm,6 am–8 pm,Closed,6 am–8 pm,6 am–8 pm,"https://www.google.com/maps/search/commercial+landscaping+businesses+in+Napa+Napa+CA/@38.2975381,-122.286865,14z",2026-04-29T19:54:53.735Z,,
https://www.google.com/maps/place/Price+Landscape+Services/data=!4m7!3m6!1s0x8085065042dd6cab:0xae40b1ee364f1eaf!8m2!3d38.2946739!4d-122.3009508!16s%2Fg%2F1tdg3fp9!19sChIJq2zdQlAGhYARrx5PNu6xQK4,Price Landscape Services,4.0,5,Landscaper,"583 California Blvd, Napa, CA 94559, United States","7MVX+VJ Napa, California, USA",http://www.pricelandscapes.com/,+1 707-252-6319,Open · Closes 4 pm,,https://streetviewpixels-pa.googleapis.com/v1/thumbnail?panoid=t4QP5C11dSRv1EGCyYqEuw&cb_client=search.gws-prod.gps&w=408&h=240&yaw=267.1899&pitch=0&thumbfov=100,true,8 am–4 pm,8 am–4 pm,8 am–4 pm,Closed,Closed,8 am–4 pm,8 am–4 pm,"https://www.google.com/maps/search/commercial+landscaping+businesses+in+Napa+Napa+CA/@38.2975381,-122.286865,14z",2026-04-29T19:54:58.397Z,,
https://www.google.com/maps/place/Morella+Landscape+Service/data=!4m7!3m6!1s0x8085072e8cc3ceb1:0x71e9a5f083519084!8m2!3d38.328954!4d-122.3187804!16s%2Fg%2F1v1slfvc!19sChIJsc7DjC4HhYARhJBRg_Cl6XE,Morella Landscape Service,5.0,1,Landscaper,"3963 Briarwood St, Napa, CA 94558, United States","8MHJ+HF Napa, California, USA",http://morelialandscapeservice.com/,+1 707-252-4152,Open · Closes 5 pm,,https://lh3.googleusercontent.com/gps-cs-s/APNQkAG32F9_dAdotIHynS3hbgFReN4Q2vy_njUuKmMKuav6_JXA-2wBwnUjiYidzanxvp77iGI_gWz0196HZqy7iOFggQGlbBLl-dCFSD0G8z0gTiw1Ol05ZOoq-teTwh0wbtMih31Vrw=w408-h306-k-no,false,7:30 am–5 pm,7:30 am–5 pm,7:30 am–5 pm,8:30 am–12 pm,Closed,7:30 am–5 pm,7:30 am–5 pm,"https://www.google.com/maps/search/commercial+landscaping+businesses+in+Napa+Napa+CA/@38.2975381,-122.286865,14z",2026-04-29T19:55:03.222Z,,
https://www.google.com/maps/place/All+Phase+Landscape+Contractor/data=!4m7!3m6!1s0x808506733f4b9c7f:0xc822f760923038a0!8m2!3d38.3090286!4d-122.2776878!16s%2Fg%2F1tdy4ppp!19sChIJf5xLP3MGhYARoDgwkmD3Isg,All Phase Landscape Contractor,5.0,1,Landscaper,"1617 Silverado Trail, Napa, CA 94559, United States","8P5C+JW Napa, California, USA",http://www.allphaselandscapes.com/,+1 707-331-4530,Open · Closes 5 pm,,https://lh3.googleusercontent.com/gps-cs-s/APNQkAGSNW4YcK-NRAp-EF7sDJy4HcvVVG3Mt9Tr40AuSIei6wz6FG78FXbD7W9prXh26SvGj55OWG21nBFvt0eiCY5nTJQpwIRP_2uzWNrQ0bSW_3m9HFYOcLnMkUg0ZMSQvuzgiPzQrA=w408-h306-k-no,true,8 am–5 pm,8 am–5 pm,8 am–5 pm,Closed,Closed,8 am–5 pm,8 am–5 pm,"https://www.google.com/maps/search/commercial+landscaping+businesses+in+Napa+Napa+CA/@38.2975381,-122.286865,14z",2026-04-29T19:55:07.884Z,,
https://www.google.com/maps/place/JM+Landscape+Services/data=!4m7!3m6!1s0x808505fd3f0da66f:0x8434a5d090a4929d!8m2!3d38.2844091!4d-122.2639093!16s%2Fg%2F11ckvld41w!19sChIJb6YNP_0FhYARnZKkkNClNIQ,JM Landscape Services,,,Landscaper,"2141 Shurtleff Ave, Napa, CA 94559, United States","7PMP+QC Napa, California, USA",https://jm-landscaping.wixsite.com/jmlandscaping,+1 707-346-7631,Open · Closes 6 pm,,https://lh3.googleusercontent.com/gps-cs-s/APNQkAHjgvq-AJPZnCjg9cj2ExRqnCoqmJJlweyVoVdQA5c78kVlCPV6JJr3-ZiNvHcqKlER50Q99rTlkoONQt9VJodznLHfrh87NmZl-YMsaSJF9G67JGzKKnVgTvd8X_pAl3XpK5GGYSXxXfM=w426-h240-k-no,true,7 am–6 pm,7 am–6 pm,7 am–6 pm,7 am–6 pm,7 am–6 pm,7 am–6 pm,7 am–6 pm,"https://www.google.com/maps/search/commercial+landscaping+businesses+in+Napa+Napa+CA/@38.2975381,-122.286865,14z",2026-04-29T19:55:12.575Z,,
https://www.google.com/maps/place/Studio+1515+Landscape+Architect/data=!4m7!3m6!1s0x808507d74ca01207:0xce676bad76eb4409!8m2!3d38.2955878!4d-122.2877117!16s%2Fg%2F11h5n7sbtm!19sChIJBxKgTNcHhYARCUTrdq1rZ84,Studio 1515 Landscape Architect,5.0,2,Landscape architect,"1426 4th St, Napa, CA 94559, United States","7PW6+6W Napa, California, USA",https://studio1515napa.com/,+1 707-252-6115,Open · Closes 5 pm,,https://lh3.googleusercontent.com/gps-cs-s/APNQkAHhkdRN15NwmYvsyxKqiTG-QKVKHaQ6eiir5RSOyDSVaCm1BdspAhxdMHUb-ReoTWlbI2Dpd4Et5sETyYvZfCbdrzGQO-zqOMexbxrw4XjiYxZCUOvFBWkLoKIaPy2ySCigxjyp=w408-h544-k-no,true,8 am–5 pm,8 am–5 pm,8 am–5 pm,Closed,Closed,8 am–5 pm,8 am–5 pm,"https://www.google.com/maps/search/commercial+landscaping+businesses+in+Napa+Napa+CA/@38.2975381,-122.286865,14z",2026-04-29T19:55:17.335Z,,
https://www.google.com/maps/place/Stone+%26+Soil+Landscaping+Co./data=!4m7!3m6!1s0x66657d2b98f73847:0x8d30906b7fa360aa!8m2!3d38.414389!4d-122.4208311!16s%2Fg%2F11ypslpqdq!19sChIJRzj3mCt9ZWYRqmCjf2uQMI0,Stone & Soil Landscaping Co.,5.0,11,Landscaper,,,,+1 707-590-5264,Open · Closes 5 pm,,https://lh3.googleusercontent.com/gps-cs-s/APNQkAG7WeKoqY9jTV4qb4iMKfYJYrMrj1uexwAWSt9HS-yL-IpZKpL_8Q0gzXyocW4YG509hlPFWMQLyyjHShnkqZT6dqChGKfNtnpYyPFlz6US7498_54g8cN4fYwwz-T5vJTMe1hnIQ5cAw2v=w519-h240-k-no,true,8 am–5 pm,8 am–5 pm,8 am–5 pm,8 am–5 pm,Closed,8 am–5 pm,8 am–5 pm,"https://www.google.com/maps/search/commercial+landscaping+businesses+in+Napa+Napa+CA/@38.2975381,-122.286865,14z",2026-04-29T19:55:22.406Z,,
https://www.google.com/maps/place/Hector+Landscape/data=!4m7!3m6!1s0x80850708aceea453:0x61357837b64e0f!8m2!3d38.2903428!4d-122.302912!16s%2Fg%2F11vdn73bp6!19sChIJU6TurAgHhYARD062N3g1YQA,Hector Landscape,5.0,1,Landscaper,"2543 Aspen Ln, Napa, CA 94558, United States","7MRW+4R Napa, California, USA",,+1 707-593-7493,Open · Closes 5 pm,,https://streetviewpixels-pa.googleapis.com/v1/thumbnail?panoid=wLI732XufJS464EFGg51GQ&cb_client=search.gws-prod.gps&w=408&h=240&yaw=179.87852&pitch=0&thumbfov=100,true,9 am–5 pm,9 am–5 pm,9 am–5 pm,9 am–5 pm,Closed,9 am–5 pm,9 am–5 pm,"https://www.google.com/maps/search/commercial+landscaping+businesses+in+Napa+Napa+CA/@38.2975381,-122.286865,14z",2026-04-29T19:55:27.090Z,,
https://www.google.com/maps/place/Keystone+Yards+Landscaping+%26+Design/data=!4m7!3m6!1s0x95c3a6d5424218b:0x8208e7d1cca0a000!8m2!3d38.2914155!4d-122.5832996!16s%2Fg%2F11p0hhknrs!19sChIJiyEkVG06XAkRAKCgzNHnCII,Keystone Yards Landscaping & Design,5.0,47,Landscape designer,,,https://keystoneyards.com/,+1 415-649-9469,Open · Closes 7 pm,LGBTQ+ friendly,https://lh3.googleusercontent.com/gps-cs-s/APNQkAFl9I_3ncl3QkreIqTbr8P669juCcJR62P5yjafHK5PzLfuFsUIr6WJZ7Szzgwr-RQVn9UrLGDoTdyfO4bnCI6ZY_LtbKMpnxI_AJ8aZCUkSFiCuoIn0wPW7cOMjaHgBzZ4-HJ3=w408-h306-k-no,true,7 am–7 pm,7 am–7 pm,7 am–7 pm,7 am–7 pm,7 am–7 pm,7 am–7 pm,7 am–7 pm,"https://www.google.com/maps/search/commercial+landscaping+businesses+in+Napa+Napa+CA/@38.2975381,-122.286865,14z",2026-04-29T19:55:31.869Z,,
"https://www.google.com/maps/place/Skylark+Landscaping+Inc/@38.2873061,-122.2856725,17z/data=!3m1!4b1!4m6!3m5!1s0x8085061545f6ca91:0x76d87b18d90b27fa!8m2!3d38.2873061!4d-122.2856725!16s%2Fg%2F1tqt9x4z",Skylark Landscaping Inc,1.0,1,Landscaper,"68 Coombs St # M, Napa, CA 94559, United States","7PP7+WP Napa, California, USA",http://www.skylarklandscaping.com/,+1 707-257-7328,,,,false,,,,,,,,"https://www.google.com/maps/search/commercial+landscaping+businesses+in+Napa+Napa+CA/@38.2975381,-122.286865,14z",2026-04-29T19:55:36.708Z,,
https://www.google.com/maps/place/GAU+Landscaping+Inc/data=!4m7!3m6!1s0x206b9d597ca67005:0xf797d5c28c370af1!8m2!3d38.2805902!4d-122.2662084!16s%2Fg%2F11k43nn5nl!19sChIJBXCmfFmdayAR8Qo3jMLVl_c,GAU Landscaping Inc,5.0,1,Landscape designer,"2190 Marshall Ave, Napa, CA 94559, United States","7PJM+6G Napa, California, USA",http://www.gaulandscaping.com/,+1 707-332-7698,Open · Closes 5 pm,,https://lh3.googleusercontent.com/gps-cs-s/APNQkAFBrpXbwnKJZ4KbWPLLPT4SS9dPXN1O7Vcn2BVGVby_EviHAr_xars4pv2YAlKmJ2WQ8brfXf6OK5sFOKgHpMsuM2Cv6A8jfmGW3YGbZSmLqXr9NH84XkySa9Ng8dZFzpOfBzpy=w426-h240-k-no,true,9 am–5 pm,9 am–5 pm,9 am–5 pm,9 am–5 pm,Closed,9 am–5 pm,9 am–5 pm,"https://www.google.com/maps/search/commercial+landscaping+businesses+in+Napa+Napa+CA/@38.2975381,-122.286865,14z",2026-04-29T19:55:41.531Z,,
https://www.google.com/maps/place/Wine+Valley+Landscaping/data=!4m7!3m6!1s0x808506603997f791:0xb7018407f72eb65e!8m2!3d38.3060715!4d-122.2860809!16s%2Fg%2F1tg5zvzv!19sChIJkfeXOWAGhYARXrYu9weEAbc,Wine Valley Landscaping,3.0,2,Landscaper,"1729 Tanen St, Napa, CA 94559, United States","8P47+CH Napa, California, USA",,+1 707-257-6348,Open · Closes 3:30 pm,,https://streetviewpixels-pa.googleapis.com/v1/thumbnail?panoid=S2Z0w5GZ3W3lkg3HxciaWQ&cb_client=search.gws-prod.gps&w=408&h=240&yaw=186.58559&pitch=0&thumbfov=100,false,8:30 am–3:30 pm,8:30 am–3:30 pm,8:30 am–3:30 pm,Closed,Closed,8:30 am–3:30 pm,8:30 am–3:30 pm,"https://www.google.com/maps/search/commercial+landscaping+businesses+in+Napa+Napa+CA/@38.2975381,-122.286865,14z",2026-04-29T19:55:46.278Z,,
https://www.google.com/maps/place/Fowler+Landscapes/data=!4m7!3m6!1s0xaf52d071f7eb8d3f:0x97906cf0f6592a40!8m2!3d38.4298198!4d-122.4208311!16s%2Fg%2F11l6mbzpn5!19sChIJP43r93HQUq8RQCpZ9vBskJc,Fowler Landscapes,5.0,13,Landscaper,,,http://www.fowlerlandscapes.com/,+1 707-812-3735,Open · Closes 5 pm,,https://lh3.googleusercontent.com/gps-cs-s/APNQkAH0y2wH4fHsdL3Ey2LVUSxLqOn41UUycawebKH1-ygot8zjOqR9DtKiHRPZa5VR8S22oNnxo-Ktj1PzZ36O25rca_1Wb0wIm9PKQxHhRQ3C2E2fDC3Pjf0SOBfQeXIY8-5JxOUN9g=w408-h544-k-no,true,7 am–5 pm,7 am–5 am,7 am–5 pm,12 am–5 pm,Closed,7 am–5 pm,7 am–5 pm,"https://www.google.com/maps/search/commercial+landscaping+businesses+in+Napa+Napa+CA/@38.2975381,-122.286865,14z",2026-04-29T19:55:50.939Z,,
"https://www.google.com/maps/place/Crown+Hill+Stone+Supply,+LLC/data=!4m7!3m6!1s0x8085068aa35ed259:0xb8a089f10f9b0883!8m2!3d38.3072574!4d-122.2870073!16s%2Fg%2F1v75s3r4!19sChIJWdJeo4oGhYARgwibD_GJoLg","Crown Hill Stone Supply, LLC",4.2,39,Landscaping supply store,"1865 Tanen St, Napa, CA 94559, United States","8P47+W5 Napa, California, USA",http://www.crownhillstonesupply.com/,+1 707-255-1225,Open · Closes 5 pm,LGBTQ+ friendly,https://lh3.googleusercontent.com/gps-cs-s/APNQkAEjwCOK8QG0euwU5qLio1RHkAasXf1IB3BBASx9Vl0yHbvme0HgDA3dPa87UiyHe358ho8UQLHZS0qvSbwWX2-F9ue-v75_Ye69AlOtZdHHBxmYWMJqDVdXT3M3qVl6g_tLGItW=w408-h306-k-no,true,7 am–5 pm,7 am–5 pm,7 am–5 pm,7 am–5 pm,Closed,7 am–5 pm,7 am–5 pm,"https://www.google.com/maps/search/commercial+landscaping+businesses+in+Napa+Napa+CA/@38.2975381,-122.286865,14z",2026-04-29T19:55:55.854Z,· In-store shopping · In-store pick-up · Delivery,
https://www.google.com/maps/place/Horizon+Distributors/data=!4m7!3m6!1s0x808506e0c103b1c5:0xe9f72a8fbdbca4c1!8m2!3d38.3183431!4d-122.3064565!16s%2Fg%2F1trvlnmx!19sChIJxbEDweAGhYARwaS8vY8q9-k,Horizon Distributors,4.3,29,Landscaping supply store,"3229 California Blvd, Napa, CA 94558, United States","8M9V+8C Napa, California, USA",https://www.horizononline.com/landscape-supply-store/napa-ca,+1 707-255-7575,Open · Closes 4 pm,,https://lh3.googleusercontent.com/gps-cs-s/APNQkAE-YwrQ5pZOyAx9adreRfg_xaoWEz1x_s4lPjtgzdPpNtsQLLxWEnL7MxMw1L8GNpbPt3akTVcGp4ssRD42-c_2mv4Be6l9uo6VqpWf_kIvL7rjs75kOJ-lNtTJ9HyVjF0g2cc8s98UwZkH=w408-h344-k-no,true,7 am–4 pm,7 am–4 pm,7 am–4 pm,Closed,Closed,7 am–4 pm,7 am–4 pm,"https://www.google.com/maps/search/commercial+landscaping+businesses+in+Napa+Napa+CA/@38.2975381,-122.286865,14z",2026-04-29T19:56:01.019Z,· Delivery,
https://www.google.com/maps/place/Van+Winden%27s+Garden+Center/data=!4m7!3m6!1s0x808506e393dfa685:0x4b09f7a9957e2246!8m2!3d38.313803!4d-122.306213!16s%2Fg%2F1thkxh7f!19sChIJhabfk-MGhYARRiJ-lan3CUs,Van Winden's Garden Center,4.7,341,Garden center,"1805 Pueblo Ave, Napa, CA 94558, United States","8M7V+GG Napa, California, USA",http://www.vanwindens.com/,+1 707-255-8400,,,https://lh3.googleusercontent.com/gps-cs-s/APNQkAHNYvp3dNqgjlQb5ejx5oc_fNedDJ1KQddcLaGc5MAUgYMx4iI98qoIm1Jv74nHvKTXSD6DQDIij1jrqiZuKzC7pl2IUIwjWCuZjarwSlNPqTQF2n-bGG3EwocE5iAlzK-OpxA=w408-h306-k-no,true,10 am–5 pm,10 am–5 pm,9 am–5 pm,10 am–5 pm,Closed,Closed,10 am–5 pm,"https://www.google.com/maps/search/commercial+landscaping+businesses+in+Napa+Napa+CA/@38.2975381,-122.286865,14z",2026-04-29T19:56:06.142Z,· In-store shopping · In-store pick-up · Delivery,
https://www.google.com/maps/place/Valley+Yard+Works+Inc/data=!4m7!3m6!1s0x8e2da9d4e8dba543:0xa8289cf2f9cbf2f4!8m2!3d38.387637!4d-122.4208311!16s%2Fg%2F11y2p45d2m!19sChIJQ6Xb6NSpLY4R9PLL-fKcKKg,Valley Yard Works Inc,5.0,7,Landscaper,,,https://www.valleyyardworks.com/,+1 707-363-7454,Open · Closes 5 pm,,https://lh3.googleusercontent.com/gps-cs-s/APNQkAG2HJDnTTdR4S7HJcqXPIfv3OyQj1HrXaZzrcUDUMDtfDmt1XunUvrTbupMbNLgAX7kY9VHyMtZXbTXIUPUl1sq6grIXvRk7KTk6w95uijDOqcBOMNRlNxJhr0K9LcM5j8x3Q=w408-h306-k-no,true,7 am–5 pm,7 am–5 pm,7 am–5 pm,10 am–2 pm,10 am–2 pm,7 am–5 pm,7 am–5 pm,"https://www.google.com/maps/search/commercial+landscaping+businesses+in+Napa+Napa+CA/@38.2975381,-122.286865,14z",2026-04-29T19:56:10.969Z,,
https://www.google.com/maps/place/Skylark+Landscaping+Irrigation+Services/data=!4m7!3m6!1s0x8085061545f6ca91:0x12984f4ea3b42140!8m2!3d38.3047222!4d-122.2988889!16s%2Fg%2F1tf48cht!19sChIJkcr2RRUGhYARQCG0o05PmBI,Skylark Landscaping Irrigation Services,5.0,1,Landscaper,"Napa, CA 94558, United States",,,+1 707-257-7328,,,https://streetviewpixels-pa.googleapis.com/v1/thumbnail?panoid=RoU66fzorL1ZgDiiKttjKA&cb_client=search.gws-prod.gps&w=408&h=240&yaw=133.48091&pitch=0&thumbfov=100,false,,,,,,,,"https://www.google.com/maps/search/commercial+landscaping+businesses+in+Napa+Napa+CA/@38.2975381,-122.286865,14z",2026-04-29T19:56:13.733Z,,
https://www.google.com/maps/place/Ignacio+Gonzalez+Landscaping/data=!4m7!3m6!1s0x8666af8e0ec96ce5:0x8a081a332710ba7d!8m2!3d38.2797535!4d-122.290445!16s%2Fg%2F11ssjmlbw3!19sChIJ5WzJDo6vZoYRfboQJzMaCIo,Ignacio Gonzalez Landscaping,5.0,4,Landscaper,,,https://landscapernapa.com/,+1 707-603-5363,Open · Closes 9 pm,,https://lh3.googleusercontent.com/gps-cs-s/APNQkAG68oM6Bwchm0fW6XmTGbiEt3VyZ6a-DwN6uDu1aNgIGLxa0T4iY80i_PpCkCxX2B4d3v1YXqp9VmWlmmSuDvQvcqeNUu9zLiM48Y5qrSXVO7W41yWV2E61y2VbpkOLKcto41yr=w408-h272-k-no,true,8 am–9 pm,8 am–9 pm,8 am–9 pm,8 am–9 pm,8 am–9 pm,8 am–9 pm,8 am–9 pm,"https://www.google.com/maps/search/commercial+landscaping+businesses+in+Napa+Napa+CA/@38.2975381,-122.286865,14z",2026-04-29T19:56:18.542Z,,
https://www.google.com/maps/place/Carlos+Landscape+Inc./data=!4m7!3m6!1s0x808506f78f00e82f:0x33b9822ed950212b!8m2!3d38.3074024!4d-122.2817776!16s%2Fg%2F1vxw8h0j!19sChIJL-gAj_cGhYARKyFQ2S6CuTM,Carlos Landscape Inc.,,,Landscaper,"1106 Jordan Ln, Napa, CA 94559, United States","8P49+X7 Napa, California, USA",http://www.carloslandscapeinc.com/,+1 707-265-0846,Open · Closes 5 pm,,https://streetviewpixels-pa.googleapis.com/v1/thumbnail?panoid=SocsIMPExQ-t_4Fv0av_sA&cb_client=search.gws-prod.gps&w=408&h=240&yaw=79.93851&pitch=0&thumbfov=100,true,9 am–5 pm,9 am–5 pm,9 am–5 pm,9 am–12 pm,Closed,9 am–5 pm,9 am–5 pm,"https://www.google.com/maps/search/commercial+landscaping+businesses+in+Napa+Napa+CA/@38.2975381,-122.286865,14z",2026-04-29T19:56:23.431Z,,
https://www.google.com/maps/place/Vino+Design+Build/data=!4m7!3m6!1s0x808507ca475f49a1:0xdf39f621056ee374!8m2!3d38.2924999!4d-122.3014168!16s%2Fg%2F11gh_mhsrj!19sChIJoUlfR8oHhYARdONuBSH2Od8,Vino Design Build,4.7,48,General contractor,"2405 Laurel St Suite #104, Napa, CA 94558, United States","7MRX+XC Napa, California, USA",https://vinodesignbuild.com/,+1 707-681-5942,Open · Closes 5 pm,,https://lh3.googleusercontent.com/gps-cs-s/APNQkAGLSzt0EtbhynBkbjtBlxPTYBlxfJHWkQ-Tc4qiiaeNvI4CvaZlX0J7E1LD6LaIxGAo6Uz4fr0FMytudxDn5hLwyHDBnJUrfFKV2vZkpEjjeQ9fPPQymS87oy1DWluVpca-R8o=w408-h544-k-no,true,8 am–5 pm,8 am–5 pm,8 am–5 pm,8 am–5 pm,8 am–5 pm,8 am–5 pm,8 am–5 pm,"https://www.google.com/maps/search/commercial+landscaping+businesses+in+Napa+Napa+CA/@38.2975381,-122.286865,14z",2026-04-29T19:56:28.425Z,,
https://www.google.com/maps/place/Golden+Gate+Hardscape+Services/data=!4m7!3m6!1s0x679e8e75368ff7ff:0xb5cea8f3929e4056!8m2!3d38.2914155!4d-122.5832996!16s%2Fg%2F11rq1m1v8_!19sChIJ__ePNnWOnmcRVkCekvOozrU,Golden Gate Hardscape Services,5.0,5,Landscape designer,,,https://www.goldengatehardscapeservices.com/,+1 415-634-1224,Open · Closes 6 pm,LGBTQ+ friendly,https://lh3.googleusercontent.com/gps-cs-s/APNQkAFbXKqx8y0ECIqFdRh0BIjOP-9VnS4iIt6hJxO6Bx455eMoCX7T9GWOQIgdx6h37UTC1P8VIfySHje0FDvjjrKHernI1ZO_UY44f9Y3wOlxNBR_GKmfHYc9WnC1Mc8vGs-Ou962=w408-h306-k-no,true,7 am–6 pm,7 am–6 pm,7 am–6 pm,9 am–5 pm,Closed,7 am–6 pm,7 am–6 pm,"https://www.google.com/maps/search/commercial+landscaping+businesses+in+Napa+Napa+CA/@38.2975381,-122.286865,14z",2026-04-29T19:56:33.312Z,,
https://www.google.com/maps/place/Oak+Design+%26+Build/data=!4m7!3m6!1s0x8085072e50cee33d:0xb6cfca2fc0fa34b!8m2!3d38.3068945!4d-122.2983939!16s%2Fg%2F11jclyp544!19sChIJPePOUC4HhYARS6MP_KL8bAs,Oak Design & Build,5.0,3,General contractor,"2227 York St, Napa, CA 94559, United States","8P42+QJ Napa, California, USA",http://www.oakdesignbuild.com/,+1 707-681-5858,Open · Closes 4:30 pm,,https://lh3.googleusercontent.com/gps-cs-s/APNQkAEbd_Ab_0RTi5J4Fw5jWfUTHgDmuyYleKsG2FlL-7tgi9QvFjfXLIichQKwtU4a5lEV8AdsUT8AyjiPq69VZwP_dQxkY4cNwNHPbz91t3Nl9uJASN2gS6mdguSWwkfiP3GuM5HlSaOp5OyL=w408-h272-k-no,true,9 am–4:30 pm,9 am–4:30 pm,9 am–4:30 am,Closed,Closed,9 am–4:30 pm,9 am–4:30 pm,"https://www.google.com/maps/search/commercial+landscaping+businesses+in+Napa+Napa+CA/@38.2975381,-122.286865,14z",2026-04-29T19:56:38.064Z,,
https://www.google.com/maps/place/Quality+Incorporated+Sitework+%26+Underground/data=!4m7!3m6!1s0x8085072f9fbbad15:0xe7a696d6bfcab391!8m2!3d38.3033849!4d-122.2936674!16s%2Fg%2F11p470_jz0!19sChIJFa27ny8HhYARkbPKv9aWpuc,Quality Incorporated Sitework & Underground,5.0,2,Excavating contractor,"1718 Jefferson St, Napa, CA 94559, United States","8P34+9G Napa, California, USA",http://www.qualityisu.com/,+1 707-257-7386,Open · Closes 5 pm,,https://lh3.googleusercontent.com/gps-cs-s/APNQkAGYwe5je_CAidIm3yr-ZKHLtihVM_fdeS7ZKdbr0a46zmp4Af-xqVgiC4F_A0lRee9j7rFCPiXuOccuDe6Cu6ls2imViZ-zjKWhxLgm97HL4hMbfk9AgVLb3a5P4cVTrB2_hWM=w408-h306-k-no,true,8 am–5 pm,8 am–5 pm,8 am–5 pm,Closed,Closed,8 am–5 pm,8 am–5 pm,"https://www.google.com/maps/search/commercial+landscaping+businesses+in+Napa+Napa+CA/@38.2975381,-122.286865,14z",2026-04-29T19:56:42.843Z,,
https://www.google.com/maps/place/Oxbow+Pool+and+Landscape+Contractors/data=!4m7!3m6!1s0x808506507e300001:0x70165cf929195b1b!8m2!3d38.2281879!4d-122.2565767!16s%2Fg%2F11h3vc2n27!19sChIJAQAwflAGhYARG1sZKflcFnA,Oxbow Pool and Landscape Contractors,5.0,1,Swimming pool contractor,"103 Camino Oruga, Napa, CA 94558, United States","6PHV+79 Napa, California, USA",http://oxbowplc.com/,+1 707-339-6001,Open · Closes 5 pm,,https://streetviewpixels-pa.googleapis.com/v1/thumbnail?panoid=Ulub7GvlkAoK7wpcArxP4Q&cb_client=search.gws-prod.gps&w=408&h=240&yaw=224.07663&pitch=0&thumbfov=100,true,7 am–5 pm,7 am–5 pm,7 am–5 pm,Closed,Closed,7 am–5 pm,7 am–5 pm,"https://www.google.com/maps/search/commercial+landscaping+businesses+in+Napa+Napa+CA/@38.2975381,-122.286865,14z",2026-04-29T19:56:47.740Z,,
https://www.google.com/maps/place/Rick+Robben+Construction/data=!4m7!3m6!1s0x80850706016ac4bf:0xf0a880554bc4656c!8m2!3d38.3187025!4d-122.3258785!16s%2Fg%2F11jv23_fpl!19sChIJv8RqAQYHhYARbGXES1WAqPA,Rick Robben Construction,4.8,19,General contractor,"2586 Redwood Rd, Napa, CA 94558, United States","8M9F+FJ Napa, California, USA",https://rickrobbenconstructionnapa.com/,+1 707-332-7575,Open · Closes 5 pm,,https://lh3.googleusercontent.com/gps-cs-s/APNQkAE7JNLgYQrH6tClsCteT4FL5TQQksXVGFL1tR2ycTDOnAgSMk5GUhiFmmZUPaNqTZd4m7VeHsKdH5cikqTSexwdMTDAW0rHqWB-3T0R8u5DQxmbJ4kr-427VYrvLC6QS6LNWOtA=w408-h308-k-no,true,9 am–5 pm,9 am–5 pm,9 am–5 pm,Closed,Closed,9 am–5 pm,9 am–5 pm,"https://www.google.com/maps/search/commercial+landscaping+businesses+in+Napa+Napa+CA/@38.2975381,-122.286865,14z",2026-04-29T19:56:53.048Z,,
https://www.google.com/maps/place/K%26S+Asphalt+Solutions/data=!4m7!3m6!1s0x808505d20521b1df:0x5bd9d5b625e295ec!8m2!3d38.8102655!4d-122.762341!16s%2Fg%2F11h40yfw6b!19sChIJ37EhBdIFhYAR7JXiJbbV2Vs,K&S Asphalt Solutions,5.0,16,Asphalt contractor,,,https://kandsasphaltsolutions.com/,+1 707-307-9240,Open · Closes 5 pm,Identifies as indigenous-owned,https://lh3.googleusercontent.com/gps-cs-s/APNQkAGXUANGEwujuzkyxB76wQQTDtU4ROmCtHuTKCbTkQvXZIhuiDEfyLtTS5vXuCVz_Rw0gefDnRDDL84j--hiNsUYoilM3WClwdnukByITFYPGsWnW7Vf95YUtcInU-sBubPJVLw=w426-h240-k-no,true,8 am–5 pm,8 am–5 pm,8 am–5 pm,8 am–12 pm,Closed,8 am–5 pm,8 am–5 pm,"https://www.google.com/maps/search/commercial+landscaping+businesses+in+Napa+Napa+CA/@38.2975381,-122.286865,14z",2026-04-29T19:56:58.148Z,,
https://www.google.com/maps/place/The+Pruner+Warehouse/data=!4m7!3m6!1s0x808506510ad33163:0x628e40f5b179f9db!8m2!3d38.2945614!4d-122.3037186!16s%2Fg%2F1tdbwzsf!19sChIJYzHTClEGhYAR2_l5sfVAjmI,The Pruner Warehouse,4.3,23,Garden center,"2565 Kilburn Ave, Napa, CA 94558, United States","7MVW+RG Napa, California, USA",http://www.theprunerwarehouse.com/,+1 707-259-1507,Open · Closes 5 pm,,https://lh3.googleusercontent.com/gps-cs-s/APNQkAGNF2nwoyPauxeA73hH9DtVddsWWEEJnFX2Am15aFQkacRFbM6uC9RYmXx2LsSAJ5DFOBpD0kcxUrQJwzh6du8Z0K_BMzDfpAqLF-z5n7XnAj-FQx3v6Qf9LiIwzzP5JIo2GeDr=w426-h240-k-no,true,8 am–5 pm,8 am–5 pm,8 am–5 pm,Closed,Closed,8 am–5 pm,8 am–5 pm,"https://www.google.com/maps/search/commercial+landscaping+businesses+in+Napa+Napa+CA/@38.2975381,-122.286865,14z",2026-04-29T19:57:03.330Z,· Delivery,
"https://www.google.com/maps/place/GSM+landscape+architects,+inc./data=!4m7!3m6!1s0x80850661ba91b6c7:0xd0934c472578df64!8m2!3d38.305907!4d-122.284317!16s%2Fg%2F1hm44gb_5!19sChIJx7aRumEGhYARZN94JUdMk9A","GSM landscape architects, inc.",,,Landscape architect,"1700 Soscol Ave, Napa, CA 94559, United States","8P48+97 Napa, California, USA",http://www.gsmlainc.com/,+1 707-255-4630,,,https://streetviewpixels-pa.googleapis.com/v1/thumbnail?panoid=Fe1rBuPF9jqHGQwSpG1xWQ&cb_client=search.gws-prod.gps&w=408&h=240&yaw=262.8934&pitch=0&thumbfov=100,false,,,,,,,,"https://www.google.com/maps/search/commercial+landscaping+businesses+in+Napa+Napa+CA/@38.2975381,-122.286865,14z",2026-04-29T19:57:06.158Z,,
https://www.google.com/maps/place/Bluestone+Pool+%26+Landscape/data=!4m7!3m6!1s0x8085071d3addf089:0x9f502740f220d093!8m2!3d38.3089929!4d-122.3127147!16s%2Fg%2F1tj4yyfv!19sChIJifDdOh0HhYARk9Ag8kAnUJ8,Bluestone Pool & Landscape,3.3,3,Swimming pool contractor,"2547 Emerson St, Napa, CA 94558, United States","8M5P+HW Napa, California, USA",http://www.bluestonepool.com/,+1 707-224-2412,,,https://streetviewpixels-pa.googleapis.com/v1/thumbnail?panoid=B-gz3WFPYMxHyGHYCuXWBA&cb_client=search.gws-prod.gps&w=408&h=240&yaw=248.43967&pitch=0&thumbfov=100,true,,,,,,,,"https://www.google.com/maps/search/commercial+landscaping+businesses+in+Napa+Napa+CA/@38.2975381,-122.286865,14z",2026-04-29T19:57:09.078Z,,
https://www.google.com/maps/place/Napa+Valley+Tree+Svc/data=!4m7!3m6!1s0x808505e2200fc3c3:0xcec1ae1c9f3cc01d!8m2!3d38.2904796!4d-122.263926!16s%2Fg%2F1v4pt6lp!19sChIJw8MPIOIFhYARHcA8nxyuwc4,Napa Valley Tree Svc,5.0,1,Tree service,"2023 Hillside Dr, Napa, CA 94559, United States","7PRP+5C Napa, California, USA",,+1 707-226-3602,,,https://streetviewpixels-pa.googleapis.com/v1/thumbnail?panoid=GUNyqo4FsoKY6odIkhApbg&cb_client=search.gws-prod.gps&w=408&h=240&yaw=168.52892&pitch=0&thumbfov=100,true,,,,,,,,"https://www.google.com/maps/search/commercial+landscaping+businesses+in+Napa+Napa+CA/@38.2975381,-122.286865,14z",2026-04-29T19:57:11.734Z,,
https://www.google.com/maps/place/Wyatt+Irrigation+Supply+Inc/data=!4m7!3m6!1s0x808500cefb3935dd:0xa40d5d92f8e28715!8m2!3d38.339598!4d-122.325371!16s%2Fg%2F1thqgzqv!19sChIJ3TU5-84AhYARFYfi-JJdDaQ,Wyatt Irrigation Supply Inc,4.8,38,Lawn sprinkler system contractor,"4407 Solano Ave, Napa, CA 94558, United States","8MQF+RV Napa, California, USA",http://wyattsupply.com/,+1 707-251-3747,Open · Closes 5 pm,,https://lh3.googleusercontent.com/gps-cs-s/APNQkAHzuZjQczAj2pvSeGxjbca41R14MiLgdN2n3XpGBj2tv8I4iG5zyEuNilvuh9-kbaKh9mzi_xfKiJnYkni7XMaYf4-Lutssk3Sv2wsgNYar1sI_ViiUWm34EfhakFnVlCrtu9R9mg=w408-h306-k-no,false,7 am–5 pm,7 am–5 pm,7 am–5 pm,7 am–12 pm,Closed,7 am–5 pm,7 am–5 pm,"https://www.google.com/maps/search/commercial+landscaping+businesses+in+Napa+Napa+CA/@38.2975381,-122.286865,14z",2026-04-29T19:57:17.034Z,,
https://www.google.com/maps/place/Natures+Way+Landscape+Services+Inc/data=!4m7!3m6!1s0x808504414ca140a5:0x6d0427c495855b02!8m2!3d38.33602!4d-122.238074!16s%2Fg%2F1tlmnk4t!19sChIJpUChTEEEhYARAluFlcQnBG0,Natures Way Landscape Services Inc,5.0,2,Landscaper,"1176 Mt George Ave, Napa, CA 94558, United States","8QP6+CQ Napa, California, USA",,+1 707-224-3522,,,https://streetviewpixels-pa.googleapis.com/v1/thumbnail?panoid=OSZdMjGh3601TUVWpdTwJg&cb_client=search.gws-prod.gps&w=408&h=240&yaw=356.4406&pitch=0&thumbfov=100,false,,,,,,,,"https://www.google.com/maps/search/commercial+landscaping+businesses+in+Napa+Napa+CA/@38.2975381,-122.286865,14z",2026-04-29T19:57:19.824Z,,
https://www.google.com/maps/place/Landscaping+Of+The+Valley/data=!4m7!3m6!1s0x8085079d544e062b:0x16132478deee623a!8m2!3d38.40337!4d-122.4131975!16s%2Fg%2F11lg2k_4c4!19sChIJKwZOVJ0HhYAROmLu3ngkExY,Landscaping Of The Valley,1.0,1,Landscaper,,,https://landscapingofthevalley.com/,+1 707-758-0968,Open · Closes 5 pm,,https://lh3.googleusercontent.com/gps-cs-s/APNQkAFETCChfrlr1y1gBFENkIXUD7Jo9cgmdGxoVXpvFDaamEGIfqbYUlSbpQoVHhi-jD_0p8Vrx8vMKDmh2mvn6DIsckK9fQfiqjid_p9UuI1kAMjS3rQ2_emvQYMLACTLrLdv8vNP6Q=w426-h240-k-no,true,9 am–5 pm,9 am–5 pm,9 am–5 pm,Closed,Closed,9 am–5 pm,9 am–5 pm,"https://www.google.com/maps/search/commercial+landscaping+businesses+in+Napa+Napa+CA/@38.2975381,-122.286865,14z",2026-04-29T19:57:24.801Z,,
https://www.google.com/maps/place/Outdoor+Supply+Hardware/data=!4m7!3m6!1s0x808507113ba10725:0x93407076f066b9fc!8m2!3d38.3232277!4d-122.3096001!16s%2Fg%2F11fn73_h7q!19sChIJJQehOxEHhYAR_Llm8HZwQJM,Outdoor Supply Hardware,4.4,308,Hardware store,"3980 Bel Aire Plaza, Napa, CA 94558, United States","8MFR+75 Napa, California, USA",http://www.outdoorsupplyhardware.com/?utm_source=GMB&utm_medium=Organic&utm_campaign=GMB&utm_content=Napa,+1 707-690-0366,"Open · Closes 8 pm

Updated by this business 7 weeks ago",,https://lh3.googleusercontent.com/gps-cs-s/APNQkAGoxIPJOgnnbWFEG4PekgYmGuyX28MCw_1DFGqHWBN840G4premtbCl_DFTFAjLrYUzDVi1-8VQBnJZkJ4BPIpF7O04wpcuWfAGf7zl-gADKsI4uwvHgntlrhc5TeK8qd-R3U6_=w408-h306-k-no,true,7 am–8 pm,7 am–8 pm,7 am–8 pm,7 am–8 pm,8 am–6 pm,7 am–8 pm,7 am–8 pm,"https://www.google.com/maps/search/commercial+landscaping+businesses+in+Napa+Napa+CA/@38.2975381,-122.286865,14z",2026-04-29T19:57:30.373Z,"Retail chain stocking hardware, home-improvement & gardening supplies in a warehouse setting. · In-store shopping · In-store pick-up",
https://www.google.com/maps/place/Mario%27s+Construction+%26+Welding/data=!4m7!3m6!1s0x5dada5df9df31f9:0xd5ba1b9457b95127!8m2!3d38.3077064!4d-122.2857471!16s%2Fg%2F11vd70274k!19sChIJ-THf-V3a2gURJ1G5V5QbutU,Mario's Construction & Welding,5.0,9,General contractor,"1841 Soscol Ave, Napa, CA 94559, United States","8P57+3P Napa, California, USA",https://tiny.cc/mconstruction,+1 707-320-3299,Open · Closes 5 pm,,https://lh3.googleusercontent.com/gps-cs-s/APNQkAGUax_HEov-oYKXP1nrMbQvZ_IxGOx9vrBI6PPcFT27ax6nZqD2NF7lCE7aAe7Yp50mBmM4Xkno51SpzqH4918y-54C2myfpLAzcmefCeHQYe3cLfp9YHEHAJ6a9xzQvv_tm5sW=w408-h543-k-no,true,8 am–5 pm,8 am–5 pm,8 am–5 pm,Closed,Closed,8 am–5 pm,8 am–5 pm,"https://www.google.com/maps/search/commercial+landscaping+businesses+in+Napa+Napa+CA/@38.2975381,-122.286865,14z",2026-04-29T19:57:35.423Z,,
https://www.google.com/maps/place/Wine+Country+Landscape+Maintenance/data=!4m7!3m6!1s0x808506386e2bcd65:0xfcdc1ef178855b1c!8m2!3d38.3176405!4d-122.3026461!16s%2Fg%2F1260_blbv!19sChIJZc0rbjgGhYARHFuFePEe3Pw,Wine Country Landscape Maintenance,,,Landscaper,"1485 Sherman Ave, Napa, CA 94559, United States","8M9W+3W Napa, California, USA",,+1 707-257-6059,,,https://streetviewpixels-pa.googleapis.com/v1/thumbnail?panoid=YC1MLLdzhKhcHTUVpivBLw&cb_client=search.gws-prod.gps&w=408&h=240&yaw=170.0764&pitch=0&thumbfov=100,false,,,,,,,,"https://www.google.com/maps/search/commercial+landscaping+businesses+in+Napa+Napa+CA/@38.2975381,-122.286865,14z",2026-04-29T19:57:38.249Z,,
https://www.google.com/maps/place/Diaz+Landscaping/data=!4m7!3m6!1s0x808506dc1fefdb7b:0xdc16c127c49a7add!8m2!3d38.4461515!4d-122.762341!16s%2Fg%2F1262_85b0!19sChIJe9vvH9wGhYAR3XqaxCfBFtw,Diaz Landscaping,5.0,1,Landscaper,,,http://diazlandscapings.com/,+1 707-312-0910,Open · Closes 4 pm,,https://lh3.googleusercontent.com/gps-cs-s/APNQkAEh_oE88MTTfhurgmNWp19l5xjUmOj92y5qWNFT2ZUXPYG3keTi6E2bgxg4NMdLiVNAZPSPnPyytgtw7MzRGxgbfUJIM6s1BRR4qVTs8T-3n1FrKcFajB2QribtEoTjc7OYU4XS=w408-h306-k-no,true,7:30 am–4 pm,7:30 am–4 pm,7 am–4:30 pm,8 am–12 pm,Closed,7:30 am–4 pm,7:30 am–4 pm,"https://www.google.com/maps/search/commercial+landscaping+businesses+in+Napa+Napa+CA/@38.2975381,-122.286865,14z",2026-04-29T19:57:42.923Z,,
https://www.google.com/maps/place/Palmas+Landscaping+%26+Fencing/data=!4m7!3m6!1s0xf710f1974947b19:0x8583a8b80818c702!8m2!3d38.2797535!4d-122.290445!16s%2Fg%2F11py_hx3j9!19sChIJGXuUdBkPcQ8RAscYCLiog4U,Palmas Landscaping & Fencing,,,Landscape designer,,,http://www.palmaslandscapingandfencing.com/,+1 707-227-7856,Open · Closes 8 pm,,https://lh3.googleusercontent.com/gps-cs-s/APNQkAEcCYHrwioAf9nbW2HBgp1wtd4JpCCZev0gs7zNE5e0dmo1rj0EAV32GMRZuLOJObdJ1z8cJjgTYSC9LgOwckQk7NglkSr5bBlVTy_fD0Y-wMbb-S1_ziDKwnCEOgN8QNO0xpyy=w408-h544-k-no,true,8 am–8 pm,8 am–8 pm,8 am–8 pm,8 am–8 pm,8 am–8 pm,8 am–8 pm,8 am–8 pm,"https://www.google.com/maps/search/commercial+landscaping+businesses+in+Napa+Napa+CA/@38.2975381,-122.286865,14z",2026-04-29T19:57:47.604Z,,
"https://www.google.com/maps/place/Signum+Architecture,+LLP/data=!4m7!3m6!1s0x8084509805eaf173:0xdaf7171dc2770971!8m2!3d38.296054!4d-122.2910131!16s%2Fg%2F12jsfzgp5!19sChIJc_HqBZhQhIARcQl3wh0X99o","Signum Architecture, LLP",5.0,3,Architect,"1675 2nd St, Napa, CA 94559, United States","7PW5+CH Napa, California, USA",http://www.signumarchitecture.com/,+1 707-963-8831,Open · Closes 5:30 pm,,https://lh3.googleusercontent.com/gps-cs-s/APNQkAGajrvc7KumolkJ-6Hn1ropzG9TwODGh8oKouG_cwZCW_GmHRyz-GtExJ1JwaGR746tkhSObAtO19D_O29Hu95hzBdFiN2Ix4aKaVXVZ6PCZu0IlV3ovjkjkNhVIXoYmCmwe3YM-Q=w408-h272-k-no,true,8:30 am–5:30 pm,8:30 am–5:30 pm,8:30 am–5:30 pm,Closed,Closed,8:30 am–5:30 pm,8:30 am–5:30 pm,"https://www.google.com/maps/search/commercial+landscaping+businesses+in+Napa+Napa+CA/@38.2975381,-122.286865,14z",2026-04-29T19:57:52.484Z,,
https://www.google.com/maps/place/Good+Stump+Removal/data=!4m7!3m6!1s0x8085071b6baa7059:0x5cf7da47defdab83!8m2!3d38.3081128!4d-122.3176473!16s%2Fg%2F11fy4b2fjf!19sChIJWXCqaxsHhYARg6v93kfa91w,Good Stump Removal,5.0,10,Tree service,"2588 Greenwood Ct, Napa, CA 94558, United States","8M5J+6W Napa, California, USA",,+1 707-363-7580,Open · Closes 5 pm,,https://lh3.googleusercontent.com/gps-cs-s/APNQkAFs7aNI4FuxEmDXHdjNVUNp-FKmxvTuDPN3vtnPA-tQuRHuvE0Gtsu-_ucvEO2SQ__wIy0C-LUzU6N-0nnj9bZD8on8pn3c-jEOsiKwULk_6ZV4Qi_8sCsXCncECOysL62Y3_3T=w426-h240-k-no,true,8 am–5 pm,8 am–5 pm,8 am–5 am,8 am–5 pm,Closed,8 am–5 pm,8 am–5 pm,"https://www.google.com/maps/search/commercial+landscaping+businesses+in+Napa+Napa+CA/@38.2975381,-122.286865,14z",2026-04-29T19:57:57.435Z,,
https://www.google.com/maps/place/GOLD+STAR/data=!4m7!3m6!1s0xab32117b98fd38c1:0xa68b478fac743469!8m2!3d38.2386946!4d-122.187036!16s%2Fg%2F11x5gxwsnb!19sChIJwTj9mHsRMqsRaTR0rI9Hi6Y,GOLD STAR,5.0,9,Pressure washing service,,,,+1 707-312-2884,Open · Closes 10 pm,,https://lh3.googleusercontent.com/gps-cs-s/APNQkAFjOMGZIiDAHuWM7VFSGzpJSaZDldy4AOnP-v185FeYlNfeD548MY8pOoDXHXE8Al317DOWXoRlCLA71rej7CRCxrjggDbJAhJBR15LorLwEGmkpZCgA07tbSrmSWpsT2f66EyZB9ivkpve=w408-h306-k-no,true,9 am–10 pm,9 am–10 pm,9 am–10 pm,9 am–10 pm,Closed,9 am–10 pm,9 am–10 pm,"https://www.google.com/maps/search/commercial+landscaping+businesses+in+Napa+Napa+CA/@38.2975381,-122.286865,14z",2026-04-29T19:58:02.064Z,,
https://www.google.com/maps/place/EO%26A+%7C+PLACE/data=!4m7!3m6!1s0x8085072886522ecb:0xc9d35b3e0e923bb7!8m2!3d38.2966198!4d-122.2917422!16s%2Fg%2F11bx5p48g3!19sChIJyy5ShigHhYARtzuSDj5b08k,EO&A | PLACE,5.0,216,Real estate agency,"1700 2nd St Suite 315, Napa, CA 94559, United States","7PW5+J8 Napa, California, USA",http://www.eoanda.com/,+1 707-200-1009,Open · Closes 8 pm,Identifies as women-owned,https://lh3.googleusercontent.com/gps-cs-s/APNQkAE6DKMdJucC4hWwOlSneLqV6gmcYpt7Z9v-NEN2SyFwuLZNUvrivBNAfSsQ5H0NEjrbLNCOMVAtZbM2hfegfAt6x-G2K-NJ998qBUbwcYPYU3J8m_Rtnln46SrSXo03bOlzTxcYSM21kfEw=w408-h272-k-no,true,7 am–8 pm,7 am–8 pm,7 am–8 pm,7 am–8 pm,7 am–8 pm,7 am–8 pm,7 am–8 pm,"https://www.google.com/maps/search/commercial+landscaping+businesses+in+Napa+Napa+CA/@38.2975381,-122.286865,14z",2026-04-29T19:58:07.148Z,,
https://www.google.com/maps/place/G+C+Landscaping/data=!4m7!3m6!1s0x71d93b30e293ced:0x8b734a8ac5dff37f!8m2!3d38.2797535!4d-122.290445!16s%2Fg%2F11v0dbqfll!19sChIJ7TwpDrOTHQcRf_PfxYpKc4s,G C Landscaping,5.0,2,Landscaper,,,https://landscapernapa-ca.com/,+1 707-340-7891,Open · Closes 8 pm,,https://lh3.googleusercontent.com/gps-cs-s/APNQkAHh7qgVikFw4fcIXlqAEtG8yM_HunLx30JVjDN_B5DH8I1UK7eTYmIA0K8HbD1fUQ14OHbH_SVbTtLZPolRUhX-PpZcFyUSsOySWqHj1ICChFJVJRqZuk7n7KenK15f2S33U8tsqQ=w408-h272-k-no,true,8 am–8 pm,8 am–8 pm,8 am–8 pm,8 am–8 pm,Closed,8 am–8 pm,8 am–8 pm,"https://www.google.com/maps/search/commercial+landscaping+businesses+in+Napa+Napa+CA/@38.2975381,-122.286865,14z",2026-04-29T19:58:12.257Z,,
https://www.google.com/maps/place/Great+Scapes+Landscaping/data=!4m7!3m6!1s0x808506f5d462a5a5:0x102514e59ac289c1!8m2!3d38.3222305!4d-122.31777!16s%2Fg%2F1td0gqy7!19sChIJpaVi1PUGhYARwYnCmuUUJRA,Great Scapes Landscaping,,,Landscape designer,,,,+1 707-252-1700,Open · Closes 5 pm,,https://lh3.googleusercontent.com/gps-cs-s/APNQkAFvVKKkjEExMbI4hv6gW6EWb8fXQtmHQJFWju_HKVJVtCnW3s8vfsManux2iOBwaTDnzI1_kX3_92QuKiPgiC7vVg0iPxuWSj93iWxATTzC09m4SWrahrW-OQt9PQ5-rBaBcbdM=w408-h408-k-no,true,9 am–5 pm,9 am–5 pm,9 am–5 pm,Closed,Closed,9 am–5 pm,9 am–5 pm,"https://www.google.com/maps/search/commercial+landscaping+businesses+in+Napa+Napa+CA/@38.2975381,-122.286865,14z",2026-04-29T19:58:17.234Z,,
https://www.google.com/maps/place/Neadho+Landscaping/data=!4m7!3m6!1s0x80850711c75aaaab:0x261ea1d56227b379!8m2!3d38.40337!4d-122.4131975!16s%2Fg%2F11ggr57r1h!19sChIJq6paxxEHhYARebMnYtWhHiY,Neadho Landscaping,5.0,3,Landscaper,,,http://neadholandscaping.com/,+1 707-292-6594,Open · Closes 8 pm,,https://lh3.googleusercontent.com/gps-cs-s/APNQkAEHGtekEa2r67ipDXTs9cYz1wSLFbHgsar6JLHiWSFbSZ1ItQj44V0-QOZ3Ks_mrJrYXlVWo28oY94gZebMc763ZPmkx11p0ICq0wYpGnNzekvqiXcGBVQ1nvlS5utoxVA00Wl5=w408-h306-k-no,true,8 am–8 pm,8 am–8 pm,8 am–8 pm,8 am–8 pm,8 am–8 pm,8 am–8 pm,8 am–8 pm,"https://www.google.com/maps/search/commercial+landscaping+businesses+in+Napa+Napa+CA/@38.2975381,-122.286865,14z",2026-04-29T19:58:22.137Z,,
https://www.google.com/maps/place/Don+John+Landscaping/data=!4m7!3m6!1s0x808506fb77ae92af:0x89d83ea66f9af1a2!8m2!3d38.5096164!4d-122.3540065!16s%2Fg%2F1td58v6f!19sChIJr5Kud_sGhYARovGab6Y-2Ik,Don John Landscaping,,,Landscape designer,,,,+1 707-224-9427,Open · Closes 3:30 pm,,https://lh3.googleusercontent.com/gps-cs-s/APNQkAHXxAcZHOHNtX0BmTLnTNN8m-yw1FFNtiswEJ6VKy_dSELxLVQU38zx614qxc2uAD3HZtVQaux_df5EKTLtPgk9hnb8FEkS8xG9e2fFq-T-Flo9oah4tTHmLq6mGzJASAXYaLRoGA=w408-h272-k-no,true,7 am–3:30 pm,7 am–3:30 pm,7 am–3:30 pm,Closed,Closed,7 am–3:30 pm,7 am–3:30 pm,"https://www.google.com/maps/search/commercial+landscaping+businesses+in+Napa+Napa+CA/@38.2975381,-122.286865,14z",2026-04-29T19:58:26.784Z,,
https://www.google.com/maps/place/Franks+Landscaping+and+Concrete/data=!4m7!3m6!1s0x808506fad3f1d18b:0x1c68ddecefa2dca7!8m2!3d38.190058!4d-122.5508554!16s%2Fg%2F11hbg9zh7t!19sChIJi9Hx0_oGhYARp9yi7-zdaBw,Franks Landscaping and Concrete,2.3,3,Construction company,,,,+1 707-738-0214,,,https://lh3.googleusercontent.com/gps-cs-s/APNQkAGxi43OkzsgRX4d962y3vIMyrMSvCjDh65ZHwqCeRWPCa8BI7HVHFbluR4DGkL9xzDHHuNtnEhk53IdkRyIw_etsfQo-8TArZsKZtJ9sL11epulsDYA-C7nIXEqPbXbYlk7pync=w408-h304-k-no,true,,,,,,,,"https://www.google.com/maps/search/commercial+landscaping+businesses+in+Napa+Napa+CA/@38.2975381,-122.286865,14z",2026-04-29T19:58:29.422Z,,
https://www.google.com/maps/place/St+Clair+Brown+Winery+%26+Brewery/data=!4m7!3m6!1s0x8085066058e44759:0x881cd86f06d5c40b!8m2!3d38.3049921!4d-122.2861398!16s%2Fg%2F12hp3rjbg!19sChIJWUfkWGAGhYARC8TVBm_YHIg,St Clair Brown Winery & Brewery,4.7,230,Winery,"816 Vallejo St, Napa, CA 94559, United States","8P37+XG Napa, California, USA",https://www.stclairbrown.com/,+1 707-255-5591,Closed · Opens 12 pm Thu,,https://lh3.googleusercontent.com/gps-cs-s/APNQkAEph_i1Y1PRC8CcAN-098Mkdot-yi1RBbO5QLIiOCQRpO3RFxzNnob7EVJz2YuJVnB9OWSJJAfnw-jWJ2vWe6NJn4ECbjh9zBT3jPY4fPmDqSIYGx_y5z_1E6M24XJxgPsgPU0M=w408-h272-k-no,true,Closed,12–6 pm,12–6 pm,12–6 pm,12–6 pm,12–6 pm,Closed,"https://www.google.com/maps/search/commercial+landscaping+businesses+in+Napa+Napa+CA/@38.2975381,-122.286865,14z",2026-04-29T19:58:34.412Z,Local wine & beer poured in a glass greenhouse plus a spacious outdoor setting with gardens & trees.,
https://www.google.com/maps/place/Taitahi+Landscaping/data=!4m7!3m6!1s0x808506d81124ce17:0xc6d152edebe5bdd9!8m2!3d38.3273465!4d-122.3097527!16s%2Fg%2F1tfbhywt!19sChIJF84kEdgGhYAR2b3l6-1S0cY,Taitahi Landscaping,,,Landscaper,"1716 Tallac St, Napa, CA 94558, United States","8MGR+W3 Napa, California, USA",,+1 707-258-0337,,,https://streetviewpixels-pa.googleapis.com/v1/thumbnail?panoid=ni2y-0h1eOdypz5Sd3fAOQ&cb_client=search.gws-prod.gps&w=408&h=240&yaw=351.1408&pitch=0&thumbfov=100,false,,,,,,,,"https://www.google.com/maps/search/commercial+landscaping+businesses+in+Napa+Napa+CA/@38.2975381,-122.286865,14z",2026-04-29T19:58:37.045Z,,
https://www.google.com/maps/place/PRIMESCAPE+landscaping/data=!4m7!3m6!1s0x412690b2860162b7:0x3847ab21da143906!8m2!3d38.3334235!4d-122.3074993!16s%2Fg%2F11yjcq0qxf!19sChIJt2IBhrKQJkERBjkU2iGrRzg,PRIMESCAPE landscaping,,,Gardener,"1454 Trower Ave, Napa, CA 94558, United States","8MMV+92 Napa, California, USA",http://primescapelandscaping.com/,+1 707-230-9811,Closed · Opens 8:30 am Fri,,https://lh3.googleusercontent.com/gps-cs-s/APNQkAFU4WuidNAqzgD1mckwkHCO-EmOK9FvFapzmqdZj2LZ6gi-t9-7A5-SfJEC9YgXjZvI6XbXgNhOz9pSRHQHrmOXjbflBSBlczlSQUvhy22ABbHcHPdI0M5aEHilr8cGvMBGVHt6bJjLzsWX=w408-h725-k-no,true,Closed,Closed,8:30 am–6:30 pm,7 am–5 am,Closed,Closed,Closed,"https://www.google.com/maps/search/commercial+landscaping+businesses+in+Napa+Napa+CA/@38.2975381,-122.286865,14z",2026-04-29T19:58:41.688Z,,
https://www.google.com/maps/place/System+Pavers/data=!4m7!3m6!1s0x808507f2a3b847e5:0xb5fedb4013408403!8m2!3d38.2981995!4d-122.2884522!16s%2Fg%2F11wtk3zclh!19sChIJ5Ue4o_IHhYARA4RAE0Db_rU,System Pavers,,,Paving contractor,"1300 1st St Suite 368, Napa, CA 94559, United States","7PX6+7J Napa, California, USA",https://systempavers.com/,+1 707-266-7966,Open · Closes 7 pm,,https://streetviewpixels-pa.googleapis.com/v1/thumbnail?panoid=dAo0fs95fEijbOqv_V52SQ&cb_client=search.gws-prod.gps&w=408&h=240&yaw=137.62059&pitch=0&thumbfov=100,true,6 am–7 pm,6 am–7 pm,6 am–7 pm,6 am–7 pm,8 am–5 pm,6 am–7 pm,6 am–7 pm,"https://www.google.com/maps/search/commercial+landscaping+businesses+in+Napa+Napa+CA/@38.2975381,-122.286865,14z",2026-04-29T19:58:46.298Z,,
https://www.google.com/maps/place/William+Snowden+Landscp+%26+Design/data=!4m7!3m6!1s0x808506f215c3ba83:0x3feff925d765efd5!8m2!3d38.3133678!4d-122.2926208!16s%2Fg%2F1tqclfkg!19sChIJg7rDFfIGhYAR1e9l1yX57z8,William Snowden Landscp & Design,,,Landscape designer,"2429 Yajome St, Napa, CA 94558, United States","8P74+8X Napa, California, USA",,+1 707-259-1133,,,https://streetviewpixels-pa.googleapis.com/v1/thumbnail?panoid=yRKkuO7cGojXBaJokwL0mA&cb_client=search.gws-prod.gps&w=408&h=240&yaw=252.33212&pitch=0&thumbfov=100,false,,,,,,,,"https://www.google.com/maps/search/commercial+landscaping+businesses+in+Napa+Napa+CA/@38.2975381,-122.286865,14z",2026-04-29T19:58:48.906Z,,
https://www.google.com/maps/place/MEL+Electric/data=!4m7!3m6!1s0x8085071e7c761a4b:0x2757ad604b1e6047!8m2!3d38.2587139!4d-122.2717063!16s%2Fg%2F11csry8095!19sChIJSxp2fB4HhYARR2AeS2CtVyc,MEL Electric,4.9,111,Electrician,"902 Enterprise Way suite g, Napa, CA 94558, United States","7P5H+F8 Napa, California, USA",http://www.melelectricinc.com/,+1 707-666-2976,Open · Closes 4 pm,,https://lh3.googleusercontent.com/gps-cs-s/APNQkAHSx8pWB-hx1UKrlh50K4Kk7t2p_W_zG-l-vGRBlZHvuHBhNbxSCpu4ewU8KLTlKtz9SWp0FXKCFmG761Pdf3a35DaiMzhrpRQgFOvF-_tX17lb9D1EmNVsvBZOpwv9Fw-pI362=w408-h306-k-no,true,8 am–4 pm,8 am–4 pm,8 am–4 pm,Closed,Closed,8 am–4 pm,8 am–4 pm,"https://www.google.com/maps/search/commercial+landscaping+businesses+in+Napa+Napa+CA/@38.2975381,-122.286865,14z",2026-04-29T19:58:53.709Z,,
https://www.google.com/maps/place/Cesar%27s+Landscaping+Services+LLC/data=!4m7!3m6!1s0x653fccad6b0e6629:0xde13c5c2ee695cd4!8m2!3d38.1651867!4d-122.2548426!16s%2Fg%2F11rm_vy9y_!19sChIJKWYOa63MP2UR1Fxp7sLFE94,Cesar's Landscaping Services LLC,4.9,33,Landscaper,"101 W American Canyon Rd, American Canyon, CA 94503, United States","5P8W+33 American Canyon, California, USA",,+1 707-812-9432,Open · Closes 5:30 pm,LGBTQ+ friendly,https://lh3.googleusercontent.com/gps-cs-s/APNQkAEAGeGC1p-7Nje9yJQ5pHDucrBn4yFBUWN_2NmNu-i8e4r6UUCfMCDiyihABjyv5u0YKYQNg7OyW0hCJYl0M6f3_ynO654-JDTao5hrA8fZNeM4gD87Hwu667AyaUQDu8vff59E1w=w408-h306-k-no,true,8 am–5:30 pm,8 am–5:30 pm,8 am–5:30 pm,8 am–2 pm,Closed,8 am–5:30 pm,8 am–5:30 pm,"https://www.google.com/maps/search/commercial+landscaping+businesses+in+Napa+Napa+CA/@38.2975381,-122.286865,14z",2026-04-29T19:58:58.762Z,,
https://www.google.com/maps/place/PRIMOS+Landscape+Design+%26+Build/data=!4m7!3m6!1s0x6ef8f08978a4b0f1:0x402088ceebaace45!8m2!3d38.414389!4d-122.4208311!16s%2Fg%2F11nhhpv1yd!19sChIJ8bCkeInw-G4RRc6q686IIEA,PRIMOS Landscape Design & Build,,,Landscaper,,,https://www.facebook.com/profile.php?id=61560799104460&mibextid=ZbWKwL,+1 707-804-7299,Open · Closes 6:30 pm,,https://lh3.googleusercontent.com/gps-cs-s/APNQkAFer2PctxnL271ra4K6SgpOJh8pYVnUZf0vv2AIkwUzf8SqRqCjElHn-GbN9XglWieoGguawWiEa5TgHTMV58wcozLLkP_AwhNuZWbMTs6C1vzOcHQieg3iN4Mg4V7D9-LFVg2TfN_Twrg=w408-h333-k-no,true,6 am–6:30 pm,6 am–6:30 pm,6 am–6:30 pm,6 am–6:30 pm,6 am–6:30 pm,6 am–6:30 pm,6 am–6:30 pm,"https://www.google.com/maps/search/commercial+landscaping+businesses+in+Napa+Napa+CA/@38.2975381,-122.286865,14z",2026-04-29T19:59:03.651Z,,
https://www.google.com/maps/place/Able+Janitorial+Services/data=!4m7!3m6!1s0x808506dfe88461b3:0x85aa0ba9f489a324!8m2!3d38.3166598!4d-122.3066141!16s%2Fg%2F1tgfqbkd!19sChIJs2GE6N8GhYARJKOJ9KkLqoU,Able Janitorial Services,4.8,6,Cleaning service,"3149 California Blvd # H, Napa, CA 94558, United States","8M8V+M9 Napa, California, USA",http://www.ablejanitorialnapa.com/,+1 707-224-1075,Open · Closes 4 pm,,https://streetviewpixels-pa.googleapis.com/v1/thumbnail?panoid=MvRYQRlQqXT12N68EiFYow&cb_client=search.gws-prod.gps&w=408&h=240&yaw=137.71384&pitch=0&thumbfov=100,false,9 am–4 pm,9 am–4 pm,9 am–4 pm,Closed,Closed,9 am–4 pm,9 am–4 pm,"https://www.google.com/maps/search/commercial+landscaping+businesses+in+Napa+Napa+CA/@38.2975381,-122.286865,14z",2026-04-29T19:59:08.997Z,,
https://www.google.com/maps/place/Wine+Country+Pavers/data=!4m7!3m6!1s0x808573138d2d917f:0x469f5778e5f1c0a2!8m2!3d38.2297123!4d-122.2569352!16s%2Fg%2F11b75kqv3x!19sChIJf5EtjRNzhYARosDx5XhXn0Y,Wine Country Pavers,4.5,10,Paving contractor,"135 Camino Dorado Suite #9, Napa, CA 94558, United States","6PHV+V6 Napa, California, USA",https://winecountrypavers.com/,+1 707-205-1265,Open · Closes 6 pm,LGBTQ+ friendly,https://lh3.googleusercontent.com/gps-cs-s/APNQkAEnsjdmZ314NPCGdeS_2GNm_Ifq7eG4hCwwv6OMUrl_mk05M8xEhaBhCL3py9SzJqLnvxFq1B0mODJA8N7voQkcet_1VPHlqCwgNwqEA0ezLazcViO4ExZO4lrZdkcjTy5X5_Gtng=w426-h240-k-no,true,9 am–6 pm,9 am–6 pm,9 am–6 pm,9 am–6 pm,Closed,9 am–6 pm,9 am–6 pm,"https://www.google.com/maps/search/commercial+landscaping+businesses+in+Napa+Napa+CA/@38.2975381,-122.286865,14z",2026-04-29T19:59:13.827Z,,
https://www.google.com/maps/place/Ochoa%27s+Landscaping/data=!4m7!3m6!1s0x828b9083114d39ff:0x2df0fc2a486611be!8m2!3d38.4298198!4d-122.4208311!16s%2Fg%2F11yrnxfqqc!19sChIJ_zlNEYOQi4IRvhFmSCr88C0,Ochoa's Landscaping,,,Landscaper,,,https://www.ochoalandscape.com/,+1 707-332-6213,Open · Closes 5 pm,,https://lh3.googleusercontent.com/gps-cs-s/APNQkAFvPWAH1pM9v42BvLlVyHjAkUQoLZVc2-b5915b6FKfBZvzy6TYFtS3cfKq-zMETDmBS1vNm5YC5xD1vacTmMB73QHUuijW8TwQrwXL6cRvJzNEDBS00_ZNNtVYZkm4qn4qhsFJJIOP8rNs=w408-h408-k-no,true,8 am–5 pm,8 am–5 pm,8 am–5 pm,8 am–4 pm,Closed,8 am–5 pm,8 am–5 pm,"https://www.google.com/maps/search/commercial+landscaping+businesses+in+Napa+Napa+CA/@38.2975381,-122.286865,14z",2026-04-29T19:59:18.450Z,,
https://www.google.com/maps/place/G%26A+landscaping+maintenance/data=!4m7!3m6!1s0x21b58cb10f5c83d5:0xf93e2f7114e2cdcd!8m2!3d38.1165755!4d-122.276235!16s%2Fg%2F11nbj6gvb4!19sChIJ1YNcD7GMtSERzc3iFHEvPvk,G&A landscaping maintenance,,,Landscaper,,,https://gandalandscaping.com/,+1 707-758-8677,Open · Closes 5 am Thu,,https://lh3.googleusercontent.com/gps-cs-s/APNQkAHzMG0XQgYwX-UbBQS47VPnN2J-ZSLuwSwcX04R6hrH3ZGMUWC0EHmATNd2X3jk7eaeDIR835tQchq7mjbDAoFztr5F0F4nJobFkodkrkg7L7PyXLrtdwGitWBTVOWu4oh0CbBppng4CDti=w408-h306-k-no,true,7 am–5 am,7 am–5 am,7 am–5 am,7 am–5 am,Closed,7 am–5 am,7 am–5 am,"https://www.google.com/maps/search/commercial+landscaping+businesses+in+Napa+Napa+CA/@38.2975381,-122.286865,14z",2026-04-29T19:59:23.434Z,,
https://www.google.com/maps/place/Dynamite+Construction/data=!4m7!3m6!1s0x2472dcf8667df6e5:0xe05ed91bca761760!8m2!3d37.878638!4d-122.4203375!16s%2Fg%2F11vwxy0p88!19sChIJ5fZ9ZvjcciQRYBd2yhvZXuA,Dynamite Construction,5.0,19,General contractor,,,https://www.dynamitebuilds.com/?utm_source=google&utm_medium=business_profile&utm_campaign=website,+1 415-707-3543,Open · Closes 6 pm,,https://lh3.googleusercontent.com/gps-cs-s/APNQkAGUBCCct2tFPbNec8UsgJc8BgdUvCncMpOuM42sbIKUIy7ubSZpNiv1enbctGMu9kuUzF9sPL0YWRSOEFOR6VHPL5_AzrcGNO6-HZ9n2tAAhxcQSh8grTP2xsiwVbHRjAJhAD07b13bbFGl=w408-h272-k-no,true,8 am–6 pm,8 am–6 pm,8 am–6 pm,8 am–6 pm,8 am–6 pm,8 am–6 pm,8 am–6 pm,"https://www.google.com/maps/search/commercial+landscaping+businesses+in+Napa+Napa+CA/@38.2975381,-122.286865,14z",2026-04-29T19:59:28.411Z,,
https://www.google.com/maps/place/Sf+Landscape%2FHandyman/data=!4m7!3m6!1s0x8085036d56bf2ebd:0x340709815c70a30e!8m2!3d38.3692319!4d-122.261641!16s%2Fg%2F11jmxk54pp!19sChIJvS6_Vm0DhYARDqNwXIEJBzQ,Sf Landscape/Handyman,1.0,1,Landscaper,"2331 Atlas Peak Rd, Napa, CA 94558, United States","9P9Q+M8 Napa, California, USA",,+1 707-307-9901,Open · Closes 4 pm,,https://lh3.googleusercontent.com/gps-cs-s/APNQkAGB5w-nb2PlKywW2iIxQbgEfaQyQBROs3rGtZXv_5jA6Qx0L2llYx8yFh2YPp5PXXmvg7Ig38csaPJCV7sxqWcjxWjk4G567H1ssSBIxWEjfTvxUSGmYtGNzmdvVULAOrT2nz0=w408-h306-k-no,true,7:30 am–4 pm,7:30 am–4 pm,7:30 am–4 pm,Closed,Closed,7:30 am–4 pm,7:30 am–4 pm,"https://www.google.com/maps/search/commercial+landscaping+businesses+in+Napa+Napa+CA/@38.2975381,-122.286865,14z",2026-04-29T19:59:33.340Z,,
https://www.google.com/maps/place/Custom+Landscaping/data=!4m7!3m6!1s0x808507ff6150417f:0x8faf1e205097cf28!8m2!3d38.5096164!4d-122.3540065!16s%2Fg%2F11rgx11h18!19sChIJf0FQYf8HhYARKM-XUCAer48,Custom Landscaping,,,Landscaper,,,,+1 707-253-7566,Open · Closes 5 pm,,https://lh3.googleusercontent.com/gps-cs-s/APNQkAEgf7MPxPFDHlx9qVAvPsvXWFtONAqM57vgGkgt51wXGd2cS9Acxl8VNH1I2R74SnpPUGV34zBuyVKC2mT5qAKuBFhme91k6tXSuH0lT9_r_5z31SxQs5alAsN_HpxTbYin3zA=w408-h544-k-no,true,8 am–5 pm,8 am–5 pm,8 am–5 pm,Closed,Closed,8 am–5 pm,8 am–5 pm,"https://www.google.com/maps/search/commercial+landscaping+businesses+in+Napa+Napa+CA/@38.2975381,-122.286865,14z",2026-04-29T19:59:37.993Z,,
"https://www.google.com/maps/place/VillaTopLandscape/@38.4298199,-122.4208311,11z/data=!3m1!4b1!4m6!3m5!1s0x207bcabcdd307693:0x1a1dba578df3ae84!8m2!3d38.4298198!4d-122.4208311!16s%2Fg%2F11nc8y221v",VillaTopLandscape,,,Landscaper,,,,+1 707-396-6721,Open · Closes 6 pm,,,true,6 am–6 pm,6 am–6 pm,6 am–6 pm,6 am–6 pm,Closed,6 am–6 pm,6 am–6 pm,"https://www.google.com/maps/search/commercial+landscaping+businesses+in+Napa+Napa+CA/@38.2975381,-122.286865,14z",2026-04-29T19:59:44.501Z,,
"https://www.google.com/maps/place/Ironside+Construction/@38.4480104,-122.612885,9z/data=!3m1!4b1!4m6!3m5!1s0x808507ecbe14fb5d:0x52c44c1fb58eecc2!8m2!3d38.4480104!4d-122.612885!16s%2Fg%2F11j2z3ry_4",Ironside Construction,5.0,5,Construction company,,,https://ironsideconstruction.com/,+1 707-815-7179,Open · Closes 5 pm,,,true,9 am–5 pm,9 am–5 pm,9 am–5 pm,Closed,Closed,9 am–5 pm,9 am–5 pm,"https://www.google.com/maps/search/commercial+landscaping+businesses+in+Napa+Napa+CA/@38.2975381,-122.286865,14z",2026-04-29T19:59:51.313Z,,
https://www.google.com/maps/place/Churchill+Manor/data=!4m10!3m9!1s0x8085066bdbe2c889:0xd27b0e29c28b07db!5m2!4m1!1i2!8m2!3d38.293033!4d-122.2843027!16s%2Fg%2F1tdk0tb4!19sChIJicji22sGhYAR2weLwikOe9I,Churchill Manor,4.9,187,,"485 Brown St, Napa, CA 94559, United States","7PV8+67 Napa, California, USA",https://churchillmanor.com/,+1 707-253-7733,,,https://lh3.googleusercontent.com/gps-cs-s/APNQkAGmaztBMk4tSeC0KXygnY0As095tgpfkjQebLpttVZwOS9ADqJ7ljvqmjW8k051hi7gCerKiMv8zO1rmgDrB42w0U8ZHtREFgCeyesw1S7MQZV5dOwlgMty2GMFzmJ3t07FCYi4=w408-h306-k-no,false,,,,,,,,"https://www.google.com/maps/search/commercial+landscaping+businesses+in+Napa+Napa+CA/@38.2975381,-122.286865,14z",2026-04-29T19:59:54.351Z,,
https://www.google.com/maps/place/Carlos+Landscape/data=!4m7!3m6!1s0x80850868036ea8d3:0x98a49693c4eecb93!8m2!3d38.2391403!4d-122.3228631!16s%2Fg%2F1263jc19s!19sChIJ06huA2gIhYARk8vuxJOWpJg,Carlos Landscape,,,Landscaper,"1601 South Ave, Napa, CA 94559, United States","6MQG+MV Napa, California, USA",,+1 707-265-0846,,,https://lh3.googleusercontent.com/gps-cs-s/APNQkAGxed3KbnAjBT_wOSWgUcv9gbEsi8GCBYdgyLJwlE6oppTLMydN5_gYS7WdAMiWyMIU_IgfZuuY-fRVVIo_4imfL3WNWMkLKZAX2jQTh-0Wa-o3XnT0dhFVQastYYVhfGNnBKo=w426-h240-k-no,false,,,,,,,,"https://www.google.com/maps/search/commercial+landscaping+businesses+in+Napa+Napa+CA/@38.2975381,-122.286865,14z",2026-04-29T19:59:56.765Z,,
https://www.google.com/maps/place/River+Terrace+Inn/data=!4m10!3m9!1s0x8085066171018845:0xfed47069f4dc6be9!5m2!4m1!1i2!8m2!3d38.3050799!4d-122.2832897!16s%2Fg%2F1tx8tfdd!19sChIJRYgBcWEGhYAR6Wvc9Glw1P4,River Terrace Inn,4.3,751,,"1600 Soscol Ave, Napa, CA 94559, United States","8P48+2M Napa, California, USA",https://www.marriott.com/en-us/hotels/sfont-river-terrace-inn/overview/?scid=f2ae0541-1279-4f24-b197-a979c79310b0,+1 707-927-2217,,,https://lh3.googleusercontent.com/gps-cs-s/APNQkAGib2gRxs9eRFaOhlPo8JA9iz2XrJKbxtgu3S3nByMIjBj5h7ZYMVlJNgdy2_3A2sEMp2N9hPcN97jJlLBhHjvpIfRHSutPCLpq4QjONQwyp8NUEisCADAqj1xITbNwCj7xWVpCY3PBmS8B=w408-h272-k-no,true,,,,,,,,"https://www.google.com/maps/search/commercial+landscaping+businesses+in+Napa+Napa+CA/@38.2975381,-122.286865,14z",2026-04-29T19:59:59.987Z,,
https://www.google.com/maps/place/New+Roots+Landscaping/data=!4m7!3m6!1s0x80850778d1d01313:0xf19816f60ab5d40b!8m2!3d38.40337!4d-122.4131975!16s%2Fg%2F11t5jqrx39!19sChIJExPQ0XgHhYARC9S1CvYWmPE,New Roots Landscaping,,,Landscaper,,,http://www.newrootsnapa.com/,+1 707-236-7308,Open · Closes 5 pm,,https://lh3.googleusercontent.com/gps-cs-s/APNQkAFYGZqS2gupFYKDm1-OGQ6PzPtoryMuChyN7S-zMv3y5c77v5-rqFKDuYGa16CLn7u6Pqg7hsoLMTocTfjxEvcpMLmYlaPcjHbNLfdqN-MASUG8mULIRLnqLKAbEGd-sKE18GJi=w408-h306-k-no,true,8 am–5 pm,8 am–5 pm,8 am–5 pm,Closed,Closed,8 am–5 pm,8 am–5 pm,"https://www.google.com/maps/search/commercial+landscaping+businesses+in+Napa+Napa+CA/@38.2975381,-122.286865,14z",2026-04-29T20:00:04.461Z,,
https://www.google.com/maps/place/The+Land+Collaborative/data=!4m7!3m6!1s0x8085a2d2d2566d87:0xb1ab16e2f61832a9!8m2!3d38.07041!4d-122.537091!16s%2Fg%2F11c0w14v28!19sChIJh21W0tKihYARqTIY9uIWq7E,The Land Collaborative,,,Landscape architect,"26 Hamilton Dr a, Novato, CA 94949, United States","3FC7+55 Novato, California, USA",https://www.thelandcollaborative.com/,+1 415-819-5263,Open · Closes 5 pm,,https://lh3.googleusercontent.com/gps-cs-s/APNQkAFBjcbAUF0Jt6XDuW-LxHZ4YfPEuzfJMJJ6KdltQ4n_3t4D29Tt5it1OpDnfb09C5ZN2cDbeswJFBBIAu0tqmmRaHic3iB-v_9_odluaSyqomZrklynKEPUkzfzhL-m-amv7Fav=w408-h408-k-no,true,8 am–5 pm,8 am–5 pm,8 am–5 pm,Closed,Closed,8 am–5 pm,8 am–5 pm,"https://www.google.com/maps/search/commercial+landscaping+businesses+in+Napa+Napa+CA/@38.2975381,-122.286865,14z",2026-04-29T20:00:09.111Z,,
https://www.google.com/maps/place/Johnston+General+Engineering/data=!4m7!3m6!1s0x808507666f081ef3:0x3526dddcbcbc2b71!8m2!3d38.339701!4d-122.612885!16s%2Fg%2F11hbqslkw5!19sChIJ8x4Ib2YHhYARcSu8vNzdJjU,Johnston General Engineering,4.4,7,Excavating contractor,,,https://johnstonexcavation.com/,+1 707-337-8032,Open · Closes 5 pm,,https://lh3.googleusercontent.com/gps-cs-s/APNQkAGmXJWNTg4-tC0rea8yTA0JzRLQmHG7kh6FjI1ZQxIp5g6HRH1LqboC6xgJBUllV83r1g0DBIrdHzupeVEwTrB1nF02kWFz_Kg_PPHQtNlzKNNSHRVx7tBTDMU_RdmX6mr98TSNEQ=w408-h544-k-no,true,7 am–5 pm,7 am–5 pm,7 am–5 pm,8 am–5 pm,Closed,7 am–5 pm,7 am–5 pm,"https://www.google.com/maps/search/commercial+landscaping+businesses+in+Napa+Napa+CA/@38.2975381,-122.286865,14z",2026-04-29T20:00:14.231Z,,
https://www.google.com/maps/place/Cresco+Equipment+Rentals/data=!4m7!3m6!1s0x8085093320af78df:0xf22b2a1d3fc1f4af!8m2!3d38.2613854!4d-122.2739841!16s%2Fg%2F11sv_6mj94!19sChIJ33ivIDMJhYARr_TBPx0qK_I,Cresco Equipment Rentals,5.0,6,Equipment rental agency,"50 Enterprise Ct, Napa, CA 94558, United States","7P6G+HC Napa, California, USA",https://www.crescorent.com/,+1 707-260-1040,Open · Closes 5 pm,,https://streetviewpixels-pa.googleapis.com/v1/thumbnail?panoid=TnMdrwQv6uA1hFKSFgygtA&cb_client=search.gws-prod.gps&w=408&h=240&yaw=9.445294&pitch=0&thumbfov=100,true,7 am–5 pm,7 am–5 pm,7 am–5 pm,Closed,Closed,7 am–5 pm,7 am–5 pm,"https://www.google.com/maps/search/commercial+landscaping+businesses+in+Napa+Napa+CA/@38.2975381,-122.286865,14z",2026-04-29T20:00:19.058Z,,
https://www.google.com/maps/place/Hudson+Napa+Valley/data=!4m7!3m6!1s0x808507f9978c0061:0x90f68c7eccc446ae!8m2!3d38.2572263!4d-122.3602588!16s%2Fg%2F1td9dzws!19sChIJYQCMl_kHhYARrkbEzH6M9pA,Hudson Napa Valley,4.9,34,Winery,"5398 Sonoma Hwy, Napa, CA 94559, United States","7J4Q+VV Napa, California, USA",http://hudsonranch.com/,+1 707-255-1345,Open · Closes 4 pm,,https://lh3.googleusercontent.com/gps-cs-s/APNQkAGzRIzQQwmEvDbvcwNMNhK4w92y66dGCmXn_Ppuqb7URBmI65TWTA4VxU8j7Rxu2rzSYz5vgJyo8XnrpYJGljK6U-inkNE8MsADZu8bHncJWvUjQQzCd8XhCIkpCEudw8WgYFa9YA=w637-h240-k-no,true,10 am–4 pm,10 am–4 pm,10 am–4 pm,10 am–4 pm,10 am–4 pm,10 am–4 pm,10 am–4 pm,"https://www.google.com/maps/search/commercial+landscaping+businesses+in+Napa+Napa+CA/@38.2975381,-122.286865,14z",2026-04-29T20:00:23.954Z,· Delivery,
https://www.google.com/maps/place/United+Rentals/data=!4m7!3m6!1s0x8085068aa35ed259:0xac23a9d514e80e75!8m2!3d38.3082441!4d-122.2855598!16s%2Fg%2F1tdj4fgt!19sChIJWdJeo4oGhYARdQ7oFNWpI6w,United Rentals,4.0,41,Equipment rental agency,"1855 Soscol Ave, Napa, CA 94559, United States","8P57+7Q Napa, California, USA",https://www.unitedrentals.com/locations/ca/napa/equipment-tool-rentals/545?utm_source=google&utm_medium=distrib&utm_campaign=yext,+1 707-255-1066,"Open · Closes 5 pm

Confirmed by this business 4 weeks ago",,https://lh3.googleusercontent.com/gps-cs-s/APNQkAFXe9kfavy4Nqk5H0mCpOcyNnq7e_gdPN4KRdZz0wu8ZBKlZfuTNQiL1UvRy5Z9SlZSxkYcrr3R6FyeeKQsKAG-V4AO5pwuLI_wILUpbadhKmu5iw5GDILOU0sytjFWlvatMFtFo_NLtu61=w426-h240-k-no,true,7 am–5 pm,7 am–5 pm,7 am–5 pm,Closed,Closed,7 am–5 pm,7 am–5 pm,"https://www.google.com/maps/search/commercial+landscaping+businesses+in+Napa+Napa+CA/@38.2975381,-122.286865,14z",2026-04-29T20:00:28.913Z,,
https://www.google.com/maps/place/Eternal+Landscape+Solutions%C2%AE/data=!4m7!3m6!1s0x8085af599c7760d3:0x286268fd186fc17d!8m2!3d38.46878!4d-122.846947!16s%2Fg%2F11cm83mpyq!19sChIJ02B3nFmvhYARfcFvGP1oYig,Eternal Landscape Solutions®,5.0,14,Landscaper,,,https://eternallandscapesolutions.com/,+1 707-939-9612,Open · Closes 5 pm,Identifies as Latino-owned,https://lh3.googleusercontent.com/gps-cs-s/APNQkAHCIyydMvfYAq2XcdcOeMik3kFDoz1mpDJp6lmw3-x98R1XzrsafM5VewRphXVzor6KyiNZc6DwVwVaksxJ2v1fSU_qbslLkzDDHrNeQbWdQFYQqezIwWNhU996mt_4-7Y6vwA64Q=w489-h240-k-no,true,7 am–5 pm,7 am–5 pm,7 am–5 pm,Closed,Closed,7 am–5 pm,7 am–5 pm,"https://www.google.com/maps/search/commercial+landscaping+businesses+in+Napa+Napa+CA/@38.2975381,-122.286865,14z",2026-04-29T20:00:33.582Z,,
"https://www.google.com/maps/place/Napa+New+Image+Landscaping+Services/@38.2797535,-122.290445,12z/data=!3m1!4b1!4m6!3m5!1s0x4f5102da1fbf1cb7:0x5a9b39a7ed707c99!8m2!3d38.2797535!4d-122.290445!16s%2Fg%2F11qg7tz3v4",Napa New Image Landscaping Services,,,Landscaper,,,,+1 707-307-9555,Open · Closes 6 pm,,,true,8 am–6 pm,8 am–6 pm,8 am–6 pm,8 am–4 pm,11 am–4 pm,8 am–6 pm,8 am–6 pm,"https://www.google.com/maps/search/commercial+landscaping+businesses+in+Napa+Napa+CA/@38.2975381,-122.286865,14z",2026-04-29T20:00:40.680Z,,
https://www.google.com/maps/place/Chris+Keller%27s+Tree+Service/data=!4m7!3m6!1s0x80850662df6d6cad:0xb49fbb1eeb5b9af9!8m2!3d38.2797535!4d-122.290445!16s%2Fg%2F12642npk4!19sChIJrWxt32IGhYAR-Zpb6x67n7Q,Chris Keller's Tree Service,4.9,23,Tree service,,,,+1 707-319-8059,Open 24 hours,,https://lh3.googleusercontent.com/gps-cs-s/APNQkAFXwHALh34tLIN-yrWnKhKgiKH0RLBR_qAunhq_3FzIF4l1b71LBjpyOguluSPkGz0AHyFoE51HTxYObRK0E8jfvmzUHybA1Kho-QJPzf0ZsSBsAV521H37jzRc1LvYko65Aa3e6w=w427-h240-k-no,true,Open 24 hours,Open 24 hours,Open 24 hours,Open 24 hours,Open 24 hours,Open 24 hours,Open 24 hours,"https://www.google.com/maps/search/commercial+landscaping+businesses+in+Napa+Napa+CA/@38.2975381,-122.286865,14z",2026-04-29T20:00:45.522Z,,
https://www.google.com/maps/place/Lab+Vineyards/data=!4m7!3m6!1s0xa25f6bb5ecf9ebe9:0x81745f7f09942ae!8m2!3d39.037865!4d-123.098134!16s%2Fg%2F11s5c77cjm!19sChIJ6ev57LVrX6IRrkKZ8PdFFwg,Lab Vineyards,,,Landscaper,,,http://labvineyards.com/,+1 707-387-6944,Open · Closes 6 pm,,https://lh3.googleusercontent.com/gps-cs-s/APNQkAFZ2rQt8AWgNy_3UsodKPospv6O4QGfHFpFiJlmhEnYjJFnLlVe1y3L_JzlMaiwuLYwovUH5_pbaw8gFfcUYSdAtI8RRc_zTDSHmwirr50sR304_NcfLcfMehTglB_K6kz90CGgAw=w408-h408-k-no,true,6:30 am–6 pm,6:30 am–6 pm,6:30 am–6 pm,Closed,Closed,6:30 am–6 pm,6:30 am–6 pm,"https://www.google.com/maps/search/commercial+landscaping+businesses+in+Napa+Napa+CA/@38.2975381,-122.286865,14z",2026-04-29T20:00:50.086Z,,
"https://www.google.com/maps/place/R+%26+M+Grading+Inc/@38.335896,-122.288843,17z/data=!3m1!4b1!4m6!3m5!1s0x808506c83d283429:0x837d6aa6d2845b81!8m2!3d38.335896!4d-122.288843!16s%2Fg%2F1tknknrk",R & M Grading Inc,,,Excavating contractor,"2200 Big Ranch Rd, Napa, CA 94558, United States","8PP6+9F Napa, California, USA",,+1 707-255-5009,,,,false,,,,,,,,"https://www.google.com/maps/search/commercial+landscaping+businesses+in+Napa+Napa+CA/@38.2975381,-122.286865,14z",2026-04-29T20:00:54.653Z,,
https://www.google.com/maps/place/C+%26+C+Landscape/data=!4m7!3m6!1s0x808507e319aa83c3:0x9da9d1d503e65698!8m2!3d38.5096164!4d-122.3540065!16s%2Fg%2F11pbvjqmk_!19sChIJw4OqGeMHhYARmFbmA9XRqZ0,C & C Landscape,,,Landscaper,,,,+1 707-900-0093,Open · Closes 5 pm,,https://lh3.googleusercontent.com/gps-cs-s/APNQkAFjMxtU85uOWlUDVQxlkcpmedk3oVMxlxd1NFhN4RYuHZTMwkyt7DCxiVj_wN1BOiUjK_E3IKoPUkUewrkK8bndFSuHf03RqUb5m0ctPqErboj5PdZZuB-SVxr4RVXpyRap_8XX=w408-h265-k-no,true,8 am–5 pm,8 am–5 pm,8 am–5 pm,10 am–4 pm,10 am–4 pm,8 am–5 pm,8 am–5 pm,"https://www.google.com/maps/search/commercial+landscaping+businesses+in+Napa+Napa+CA/@38.2975381,-122.286865,14z",2026-04-29T20:00:59.552Z,,
https://www.google.com/maps/place/Mitchell%27s+Landscaping/data=!4m7!3m6!1s0x8575c342ba323835:0xcfc899488c7d0a23!8m2!3d38.252328!4d-122.252985!16s%2Fg%2F11w3st49yz!19sChIJNTgyukLDdYURIwp9jEiZyM8,Mitchell's Landscaping,5.0,25,Landscaper,,,http://www.mitch-landscaping.com/,+1 707-334-9424,Open · Closes 6 pm,,https://lh3.googleusercontent.com/gps-cs-s/APNQkAGDFqIHzX4OqsPVrF912mWpKMJtJlKNOyigRuzL9vwEHalUcsoKqpESncf-X9_MBNFZwJjZ6mgVs5-mys1ZUe_46Cm0fFMtgQXCGN222shWqe1pYCFXmPzNep4zB9RhjFtf-Ux4ErhIX4Q=w408-h544-k-no,true,7 am–6 pm,7 am–6 pm,7 am–6 pm,7 am–6 pm,Closed,7 am–12 am,"12–6 am, 7 am–6 pm","https://www.google.com/maps/search/commercial+landscaping+businesses+in+Napa+Napa+CA/@38.2975381,-122.286865,14z",2026-04-29T20:01:04.364Z,,
https://www.google.com/maps/place/Zeller%27s+Ace+Hardware/data=!4m7!3m6!1s0x808506680c25a061:0xfbaec9d5051a3b70!8m2!3d38.2968172!4d-122.287164!16s%2Fg%2F1td13hcq!19sChIJYaAlDGgGhYARcDsaBdXJrvs,Zeller's Ace Hardware,4.7,204,Hardware store,"819 Randolph St, Napa, CA 94559, United States","7PW7+P4 Napa, California, USA",http://www.acehardware.com/store-details/08310?utm_source=google&utm_medium=local&utm_campaign=localmaps&utm_content=08310,+1 707-224-0204,"Open · Closes 6 pm

Confirmed by this business 12 weeks ago",,https://lh3.googleusercontent.com/gps-cs-s/APNQkAF8oeOyYg-QJDz1VlVHvPQUDkheBYEJIIO8uJbqfh1NjVW76didB8X4jymiG6KMRfAASLL7J3jOIqpxFBuQpOCykim7nLT0XCMmxle9wNgSfXU-EB5x6YL0ENJEic7FxjuHq8U=w408-h307-k-no,true,7:30 am–6 pm,7:30 am–6 pm,7:30 am–6 pm,7:30 am–5 pm,8 am–5 pm,7:30 am–6 pm,7:30 am–6 pm,"https://www.google.com/maps/search/commercial+landscaping+businesses+in+Napa+Napa+CA/@38.2975381,-122.286865,14z",2026-04-29T20:01:09.314Z,"Hardware store stocking household tools, garden supplies, home decor & more. · In-store shopping · In-store pick-up · Delivery",
"https://www.google.com/maps/place/Napa+Spotlight+Media,+Inc./data=!4m7!3m6!1s0x8085071366dc2eb9:0x31b11f2032d1d62c!8m2!3d46.423669!4d-129.9427086!16s%2Fg%2F11fy4plsd1!19sChIJuS7cZhMHhYARLNbRMiAfsTE","Napa Spotlight Media, Inc.",5.0,8,Internet marketing service,,,http://www.napaspotlightmedia.com/,+1 707-637-4694,Open · Closes 5 pm,LGBTQ+ friendly,https://lh3.googleusercontent.com/gps-cs-s/APNQkAEfD3gYLfUu63oUPgdtklL7CBh72JNWfwyCrGinhrPAGmspwRz7y_3CdiJtL1Jet6oiyItnm09pbj9OVTEmEL-46aSlO-hmy1T8lavt0ln3ULnJl4ZjrzVW3TNZOaGNChIMpUbYQgo_kPNy=w426-h240-k-no,true,9 am–5 pm,9 am–5 pm,9 am–5 pm,Closed,Closed,9 am–5 pm,9 am–5 pm,"https://www.google.com/maps/search/commercial+landscaping+businesses+in+Napa+Napa+CA/@38.2975381,-122.286865,14z",2026-04-29T20:01:14.667Z,,
https://www.google.com/maps/place/Man-G0+Gardening+and+tree+Services+%2F+Roberto/data=!4m7!3m6!1s0x80851429bdc3ffff:0x4e9e5827d822dad7!8m2!3d38.2640695!4d-122.086456!16s%2Fg%2F11s6b2jpmy!19sChIJ___DvSkUhYAR19oi2CdYnk4,Man-G0 Gardening and tree Services / Roberto,5.0,43,Lawn care service,,,http://man-gogardening.com/,+1 707-310-0483,Open · Closes 9 pm,,https://lh3.googleusercontent.com/gps-cs-s/APNQkAEXxTRIK6_gWGnJiqazO5lRn6nIdLPCjATJ6GCKpH_xvapHYUPm_FSGUekWkn-yScUrIRkRrP9KsdS8C1yDcZTxt7acZ55PIdL9BljCJH4Ju6MPx8PcfhT9ihxs17JoRY43kD5Xsg=w408-h544-k-no,true,6 am–9 pm,6 am–9 pm,6 am–9 pm,6 am–9 pm,6 am–9 pm,6 am–9 pm,6 am–9 pm,"https://www.google.com/maps/search/commercial+landscaping+businesses+in+Napa+Napa+CA/@38.2975381,-122.286865,14z",2026-04-29T20:01:19.370Z,,
https://www.google.com/maps/place/Gomez+Landscaping/data=!4m7!3m6!1s0x808507ffdbb112cd:0x95d6a11c8960a753!8m2!3d38.2797535!4d-122.290445!16s%2Fg%2F11j2skytpb!19sChIJzRKx2_8HhYARU6dgiRyh1pU,Gomez Landscaping,,,Landscaper,,,,+1 707-287-8704,Open · Closes 6 pm,,https://lh3.googleusercontent.com/gps-cs-s/APNQkAGCNfI8x7YXtSmd3OPo6iEiOwWaCu8Cz4jTbZdsi-YrPsLk1E7W6gKOqRIOmpoTnKVP646GhqHB46CGGCB-tuU3SG1eMjZPBqR81v20bzpkmccFvmi8ct7e1wx_G8NW0J5-qJDalg=w408-h306-k-no,true,7 am–6 pm,7 am–6 pm,7 am–6 pm,7 am–6 pm,Closed,7 am–6 pm,7 am–6 pm,"https://www.google.com/maps/search/commercial+landscaping+businesses+in+Napa+Napa+CA/@38.2975381,-122.286865,14z",2026-04-29T20:01:24.311Z,,
https://www.google.com/maps/place/Carneros+Resort+and+Spa/data=!4m10!3m9!1s0x808507e03777f8eb:0x720d3f5cc7fbec95!5m2!4m1!1i2!8m2!3d38.2557099!4d-122.3351096!16s%2Fm%2F0669mw5!19sChIJ6_h3N-AHhYARlez7x1w_DXI,Carneros Resort and Spa,4.6,1373,,"4048 Sonoma Hwy, Napa, CA 94559, United States","7M47+7X Napa, California, USA",http://www.carnerosresort.com/,+1 866-860-2328,,,https://lh3.googleusercontent.com/gps-cs-s/APNQkAEO74mdJX3iM8SRyXnWp0ACUpfE2L-iVjm9QPjjFO-gdn-BYKCJFXxhJNqhaf2912HHwnmJA2mDmkmDAdtkPpEo71OwKksG9emJm8jtVY4453Yhg4h9pCtg-y5zy_ml3DhWFqNlPA=w408-h351-k-no,true,,,,,,,,"https://www.google.com/maps/search/commercial+landscaping+businesses+in+Napa+Napa+CA/@38.2975381,-122.286865,14z",2026-04-29T20:01:27.463Z,,
"https://www.google.com/maps/place/J.+%26.+G+landscaping/@38.2797535,-122.290445,12z/data=!3m1!4b1!4m6!3m5!1s0x808507656b6f17ed:0xa54e6a7cbcb42a2f!8m2!3d38.2797535!4d-122.290445!16s%2Fg%2F11ls4pmgp2",J. &. G landscaping,,,Landscaper,,,,+1 603-852-8042,Open · Closes 8 pm,,,true,5 am–8 pm,5 am–8 pm,5 am–8 pm,5 am–8 pm,9 am–5 pm,5 am–8 pm,5 am–8 pm,"https://www.google.com/maps/search/commercial+landscaping+businesses+in+Napa+Napa+CA/@38.2975381,-122.286865,14z",2026-04-29T20:01:34.002Z,,
https://www.google.com/maps/place/Mighty+Men+Services/data=!4m7!3m6!1s0x808f7f5407e95a03:0x3ea076775c562a73!8m2!3d38.1189484!4d-122.5048962!16s%2Fg%2F11gv_y2w3g!19sChIJA1rpB1R_j4ARcypWXHd2oD4,Mighty Men Services,4.5,91,Animal control service,,,https://www.mightymenservices.com/,+1 925-725-5392,Open · Closes 5 pm,Identifies as women-owned,https://lh3.googleusercontent.com/gps-cs-s/APNQkAGXFR5B30owtCjmvAQtd9u0wSiydagGdkD5pLI3BZFjK0ZblUKPeUfri-6H18kYETezMPX7qiCwxHzsUYCtOMwvONaMHr_t04MhWM8cdG2kHyAnKqrtUbgHbWOS4FotyQ1ccXET8wwm8otO=w408-h306-k-no,true,8 am–5 pm,8 am–5 pm,8 am–5 pm,8 am–2 pm,8 am–2 pm,8 am–5 pm,8 am–5 pm,"https://www.google.com/maps/search/commercial+landscaping+businesses+in+Napa+Napa+CA/@38.2975381,-122.286865,14z",2026-04-29T20:01:39.026Z,,
https://www.google.com/maps/place/Artesa+Vineyards+%26+Winery/data=!4m7!3m6!1s0x8085078858b67f91:0x2e1518c25ad63a91!8m2!3d38.269161!4d-122.355377!16s%2Fm%2F04gcq5n!19sChIJkX-2WIgHhYARkTrWWsIYFS4,Artesa Vineyards & Winery,4.1,810,Winery,"1345 Henry Rd, Napa, CA 94559, United States","7J9V+MR Napa, California, USA",https://www.artesawinery.com/,+1 707-200-2038,Open · Closes 5 pm,,https://lh3.googleusercontent.com/gps-cs-s/APNQkAF57dEzZpZVabYLM0f4arqNohXXC-TG39LbTjbRJBY6em9MYQoMLzn7QkNaFfMs06tG8eSDw_xJfzPnLGoZ1HVDJaxy7-S8mRM1KVTFWied_m73p0L0CJ7egOHD56iDY1eLJDQRcA=w408-h309-k-no,true,10:30 am–5 pm,10:30 am–5 pm,10:30 am–5 pm,10:30 am–5 pm,10:30 am–5 pm,10:30 am–5 pm,10:30 am–5 pm,"https://www.google.com/maps/search/commercial+landscaping+businesses+in+Napa+Napa+CA/@38.2975381,-122.286865,14z",2026-04-29T20:01:44.166Z,· Delivery,
https://www.google.com/maps/place/Skywood+Landscaping/data=!4m7!3m6!1s0x27e21cc5c9102e81:0xdbc32bf650fb566e!8m2!3d38.2225!4d-122.363311!16s%2Fg%2F11rg91gqqk!19sChIJgS4QycUc4icRblb7UPYrw9s,Skywood Landscaping,4.9,79,Landscaper,,,http://www.skywoodlandscaping.com/,+1 707-774-5499,Open · Closes 10 pm,,https://lh3.googleusercontent.com/gps-cs-s/APNQkAHn2ZoF7WFqJzUOBgv-Ba11a91tBjHXyBlKPbDvG7rQC1OGyeegle3020070Y_UMYwR7hKwmerPNNe-HS_Tg2dlnRA5zNKtBmQb3m6l1nYih9JauqRQXqooSxvnxkzf8_bsgiDub_sBUr9V=w408-h886-k-no,true,7 am–10 pm,7 am–10 pm,7 am–10 pm,7 am–10 pm,7 am–10 pm,7 am–10 pm,7 am–10 pm,"https://www.google.com/maps/search/commercial+landscaping+businesses+in+Napa+Napa+CA/@38.2975381,-122.286865,14z",2026-04-29T20:01:49.189Z,,
https://www.google.com/maps/place/Lori+Cagwin+Landscape+Architecture/data=!4m7!3m6!1s0x80845559f7df9c4b:0xeb7846b5459c79b9!8m2!3d38.4073718!4d-122.3618133!16s%2Fg%2F1v3gs3m3!19sChIJS5zf91lVhIARuXmcRbVGeOs,Lori Cagwin Landscape Architecture,,,Landscape architect,"11 Jasmine St, Yountville, CA 94599, United States","CJ4Q+W7 Yountville, California, USA",http://www.loricagwin.com/,+1 707-945-0835,Closed · Opens 9 am Sun,Identifies as women-owned,https://lh3.googleusercontent.com/gps-cs-s/APNQkAGfgBAmKJ0WIuF9ZHI5vvJFmNIt5kQi0pfe3UoCfN-4ykvigcuo5G9_no3aFLKM8EdJxKbiVa1m3p1asmVNT6SKwoBHPBlHwhgSGWv0fEzb3InGU2UrnAayGPYA5OHOFCsdXUod=w408-h306-k-no,true,Closed,Closed,Closed,Closed,9 am–5 pm,Closed,Closed,"https://www.google.com/maps/search/commercial+landscaping+businesses+in+Yountville+Napa+CA/@38.4015781,-122.3608105,14z",2026-04-29T20:02:10.172Z,,
https://www.google.com/maps/place/Yountville+Public+Works/data=!4m7!3m6!1s0x80845556cb20e63b:0x29494be22d01f2a0!8m2!3d38.4037373!4d-122.3614256!16s%2Fg%2F1vpfjrwl!19sChIJO-Ygy1ZVhIARoPIBLeJLSSk,Yountville Public Works,4.0,1,Paving contractor,"6550 Yount St, Yountville, CA 94599, United States","CJ3Q+FC Yountville, California, USA",https://www.townofyountville.com/302/Public-Works,+1 707-944-2655,Open · Closes 5 pm,,https://lh3.googleusercontent.com/gps-cs-s/APNQkAHQtg6NG8CcIlvJ2FVBStlfBWX7-lxRBkd2MwcdUx1oXJJ95VKjUAKnaOxw-K2DV4Qa12eJCG-uJSPbgyOmvtRh5GpyTcMlG6sDpynVIA8_fuvcmijqn59zjnxdLKsp44OtfZqP=w408-h306-k-no,false,8 am–5 pm,8 am–5 pm,8 am–5 pm,Closed,Closed,8 am–5 pm,8 am–5 pm,"https://www.google.com/maps/search/commercial+landscaping+businesses+in+Yountville+Napa+CA/@38.4015781,-122.3608105,14z",2026-04-29T20:02:14.841Z,,
https://www.google.com/maps/place/Chandon/data=!4m7!3m6!1s0x808455531ce9c6eb:0xcc736a61256e7bef!8m2!3d38.3957877!4d-122.3651405!16s%2Fm%2F02r5c01!19sChIJ68bpHFNVhIAR73tuJWFqc8w,Chandon,4.1,665,Winery,"1 California Dr, Yountville, CA 94599, United States","9JWM+8W Yountville, California, USA",https://www.chandon.com/,+1 707-204-7461,Open · Closes 4:15 pm,,https://lh3.googleusercontent.com/gps-cs-s/APNQkAF8xLNg-GfcpMT7Rb8IwJtcj7lJPgu56ZYZj-JQGf6r42hZqvDiu4bCx1UQ0uUJ5woUMXc4Kw8qAEXzTFMGdDfY5LFcRVa-jujWWLThCKPbljjkHWobRcgeAPyC5GcrKrGbC5YcSw=w408-h272-k-no,true,10 am–4:15 pm,10 am–4:15 pm,10 am–4:15 pm,10 am–4:15 pm,10 am–4:15 pm,10 am–4:15 pm,Closed,"https://www.google.com/maps/search/commercial+landscaping+businesses+in+Yountville+Napa+CA/@38.4015781,-122.3608105,14z",2026-04-29T20:02:20.459Z,· Delivery,
https://www.google.com/maps/place/Odette+Estate+Winery/data=!4m7!3m6!1s0x80850021339ce29d:0x5cac349d8ff7fa34!8m2!3d38.4063013!4d-122.3284792!16s%2Fg%2F1hdztz6vz!19sChIJneKcMyEAhYARNPr3j500rFw,Odette Estate Winery,4.8,246,Winery,"5998 Silverado Trail, Napa, CA 94558, United States","CM4C+GJ Napa, California, USA",https://www.odetteestate.com/,+1 707-224-7533,Open · Closes 4 pm,LGBTQ+ friendly,https://lh3.googleusercontent.com/gps-cs-s/APNQkAEt7iXk2kxAF4TBqdXWCyrjIzvLfXMb3K3R2yyP811PtM3Rnb7Z05rgx2P3QPlKXDCwFj3yFxQI-O8hDDX6roWBzmA5fxDWzBHKLvJPjOGyK0RWZ0Mkf1IUug4GBjghkn99BraU=w408-h272-k-no,true,10 am–4 pm,10 am–4 pm,10 am–4 pm,10 am–4 pm,10 am–4 pm,10 am–4 pm,10 am–4 pm,"https://www.google.com/maps/search/commercial+landscaping+businesses+in+Yountville+Napa+CA/@38.4015781,-122.3608105,14z",2026-04-29T20:02:25.409Z,"Sustainable winery with striking, contemporary tasting rooms, also offering food pairings & tours. · Delivery",
https://www.google.com/maps/place/Piazza+Del+Dotto+Winery+%26+Caves/data=!4m7!3m6!1s0x8084550f31cf3351:0xffe0d09c76b93110!8m2!3d38.421763!4d-122.388032!16s%2Fg%2F11c1xgs9w7!19sChIJUTPPMQ9VhIAREDG5dpzQ4P8,Piazza Del Dotto Winery & Caves,4.6,186,Winery,"7466 St Helena Hwy, Napa, CA 94558, United States","CJC6+PQ Napa, California, USA",http://www.deldottovineyards.com/,+1 707-963-2134,Open · Closes 5 pm,,https://lh3.googleusercontent.com/gps-cs-s/APNQkAE_-C_8lNOiCF3Tz27KpA4UPuv1uE5FObPSmvlY-Ltz-5SY02hacNjGw3gQebUuDvQlTtgy5E9xHEiAszz6QU-_GmlhFg89z83sNmS_T4JCXhhRmiKIqs9afBa551FrqERQbTOA=w408-h257-k-no,true,11 am–5 pm,11 am–5 pm,10 am–5 pm,10 am–5 pm,10 am–5 pm,11 am–5 pm,11 am–5 pm,"https://www.google.com/maps/search/commercial+landscaping+businesses+in+Yountville+Napa+CA/@38.4015781,-122.3608105,14z",2026-04-29T20:02:30.383Z,Local wines & Californian small plates in a country-chic tasting venue with Italian accents. · Delivery,
https://www.google.com/maps/place/The+Estate+Yountville/data=!4m10!3m9!1s0x80845515543d9dbf:0xc1eb367cdfd10645!5m2!4m1!1i2!8m2!3d38.3994682!4d-122.3595121!16s%2Fg%2F11m7c0mc5f!19sChIJv509VBVVhIARRQbR33w268E,The Estate Yountville,4.5,160,,"6481 Washington St, Yountville, CA 94599, United States","9JXR+Q5 Yountville, California, USA",https://www.theestateyountville.com/,+1 707-927-2130,,,https://lh3.googleusercontent.com/gps-cs-s/APNQkAEjOFsba4v8qq_pS52Pp6gPJZ1_UU2kizyzXhMkvM23tNZPQcy7DUKA8h-UIgkO6X3qQrJpqlhMihBWBaWzOR5POGmtiUa_M2Q5Clm8il9Qz1Ki9WtXs_VfXIRZpdCi4gPGmt1d-A=w408-h308-k-no,true,,,,,,,,"https://www.google.com/maps/search/commercial+landscaping+businesses+in+Yountville+Napa+CA/@38.4015781,-122.3608105,14z",2026-04-29T20:02:33.545Z,,
https://www.google.com/maps/place/Pine+Ridge+Vineyards/data=!4m7!3m6!1s0x8085002023465df5:0xbc241d79ea06faf4!8m2!3d38.4053712!4d-122.3322906!16s%2Fm%2F042_n4j!19sChIJ9V1GIyAAhYAR9PoG6nkdJLw,Pine Ridge Vineyards,4.5,291,Winery,"5901 Silverado Trail, Napa, CA 94558, United States","CM49+43 Napa, California, USA",https://www.pineridgevineyards.com/,+1 800-575-9777,Open · Closes 4:30 pm,LGBTQ+ friendly,https://lh3.googleusercontent.com/gps-cs-s/APNQkAE17xdptD1_zl4Tr_lQFh_mvaggwaaxavnVnfh9MXqFaF8qwJNCN_elrntUKI4CtX6rOi8hn9lp72sLlP8PqIGjUY7FPYbOzbWRX0JMxpBymB5AjU3pxrpcLHDz0jxRj_S99ot2=w408-h272-k-no,true,10 am–4:30 pm,10 am–4:30 pm,10 am–4:30 pm,10 am–4:30 pm,10 am–4:30 pm,10 am–4:30 pm,10 am–4:30 pm,"https://www.google.com/maps/search/commercial+landscaping+businesses+in+Yountville+Napa+CA/@38.4015781,-122.3608105,14z",2026-04-29T20:02:38.427Z,· Kerbside pickup · Delivery,
https://www.google.com/maps/place/Chimney+Rock+Winery/data=!4m7!3m6!1s0x8085004baa063e8f:0x9ae974c57de7dc86!8m2!3d38.3905225!4d-122.3136325!16s%2Fm%2F03yxxmn!19sChIJjz4GqksAhYARhtznfcV06Zo,Chimney Rock Winery,4.5,341,Winery,"5350 Silverado Trail, Napa, CA 94558, United States","9MRP+6G Napa, California, USA",http://www.chimneyrock.com/,+1 707-257-2641,Open · Closes 5 pm,,https://lh3.googleusercontent.com/gps-cs-s/APNQkAG-ZR0vJoKi0VuWlIh8lz-6mNTekrY94wVGZU3LQfc__Q2GwmERyr5IIO2UU7PtPnOdCBClbtar4277TQuiOLx04FNr3QmfNzT9EVLS6uLRZw-NgifOflL6f5JGJIpYGqXeToN8ow=w450-h240-k-no,true,10 am–5 pm,10 am–5 pm,10 am–5 pm,10 am–5 pm,10 am–5 pm,10 am–5 pm,10 am–5 pm,"https://www.google.com/maps/search/commercial+landscaping+businesses+in+Yountville+Napa+CA/@38.4015781,-122.3608105,14z",2026-04-29T20:02:44.073Z,· Delivery,
https://www.google.com/maps/place/Cowell+%26+Company+Landscape+Management/data=!4m7!3m6!1s0x8085076ac7439e7d:0xe9b0104f02810fbf!8m2!3d38.2797535!4d-122.290445!16s%2Fg%2F1thx4883!19sChIJfZ5Dx2oHhYARvw-BAk8QsOk,Cowell & Company Landscape Management,5.0,1,Lawn care service,,,,+1 707-333-2065,Open · Closes 5 pm,,https://lh3.googleusercontent.com/gps-cs-s/APNQkAEP4BrpjP1Kvl-AYUlRi8kJcWpLWuhC1qZpfYOHFD4HH2-910hXG0HUyrDOBaCKQse1uOVMHy29Z3pQsDHMAcG6rEoqEyq7cCb6S7C6D0Lid9S1Eg_WDL9eJKobfWhAj1jI_bcS=w426-h240-k-no,true,7 am–5 pm,7 am–5 pm,7 am–5 pm,Closed,Closed,7 am–5 pm,7 am–5 pm,"https://www.google.com/maps/search/commercial+landscaping+businesses+in+Yountville+Napa+CA/@38.4015781,-122.3608105,14z",2026-04-29T20:02:48.659Z,,
https://www.google.com/maps/place/Vintage+House+at+The+Estate+Yountville/data=!4m10!3m9!1s0x8084555105a665c1:0x8c859cc583309d76!5m2!4m1!1i2!8m2!3d38.4031019!4d-122.364082!16s%2Fg%2F1tfls76v!19sChIJwWWmBVFVhIARdp0wg8WchYw,Vintage House at The Estate Yountville,4.4,343,,"6541 Washington St, Yountville, CA 94599, United States","CJ3P+69 Yountville, California, USA",https://www.theestateyountville.com/stay/vintage-house/,+1 707-927-2188,,,https://lh3.googleusercontent.com/gps-cs-s/APNQkAFZRtl8ANTLhRx4xItS9kSzDUOOVlh_KviApSgw8hNXhzRB-3SiyBxbUX5DTW3FO3vFCjBYnEnv0yLPV4BfH769wXb7NzluHJQOYTWhr_z60NIeCEfae6my_TCZOoCStJsDrXtk=w408-h272-k-no,true,,,,,,,,"https://www.google.com/maps/search/commercial+landscaping+businesses+in+Yountville+Napa+CA/@38.4015781,-122.3608105,14z",2026-04-29T20:02:51.727Z,,
https://www.google.com/maps/place/Hotel+Villagio+at+The+Estate+Yountville/data=!4m10!3m9!1s0x80845554616ca791:0xb86c1e4a36432a2f!5m2!4m1!1i2!8m2!3d38.3994713!4d-122.3595167!16s%2Fg%2F1v_0jzsh!19sChIJkadsYVRVhIARLypDNkoebLg,Hotel Villagio at The Estate Yountville,4.3,393,,"6481 Washington St, Yountville, CA 94599, United States","9JXR+Q5 Yountville, California, USA",https://www.theestateyountville.com/stay/hotel-villagio/,+1 707-927-2130,,,https://lh3.googleusercontent.com/gps-cs-s/APNQkAF4hb4hwVYs0YPxcoCenJ1gwRjxWnsqwmZu_rAaMAdjsDWS3g0RZpZ4fJ7i0i8veKhxLXiXxNsxDWVBKuaccl0bcEPPOw8cMHKBhjzxtveu79MiVKGND6p4gYhMarj8FQnkQvmk=w450-h240-k-no,true,,,,,,,,"https://www.google.com/maps/search/commercial+landscaping+businesses+in+Yountville+Napa+CA/@38.4015781,-122.3608105,14z",2026-04-29T20:02:55.123Z,,
https://www.google.com/maps/place/JL+Landscape+Design/data=!4m7!3m6!1s0xa046159fdd6f69af:0x19c0ba12fdf55cb6!8m2!3d38.339701!4d-122.846947!16s%2Fg%2F11l33jwnsv!19sChIJr2lv3Z8VRqARtlz1_RK6wBk,JL Landscape Design,5.0,1,Landscape designer,,,https://www.jl-landscapedesign.com/,+1 707-477-3367,Open · Closes 5 pm,,https://lh3.googleusercontent.com/gps-cs-s/APNQkAFwFK8dZ82YF7SiQNswGzoQB5h0Y5a8hKQDW9blSiD3r1OqFpflgm2-okd6fu2ubIP-MG49BNee3kYaqA51-Xqft4cOCGOeUo09vUL66bT-HO0O_fQXiuJY_iJNEvBy68FT0g=w408-h510-k-no,true,9 am–5 pm,9 am–5 pm,9 am–5 pm,9 am–5 pm,9 am–5 pm,9 am–5 pm,9 am–5 pm,"https://www.google.com/maps/search/commercial+landscaping+businesses+in+Yountville+Napa+CA/@38.4015781,-122.3608105,14z",2026-04-29T20:02:59.672Z,,
https://www.google.com/maps/place/Vin+%26+Vin+Landscaping/data=!4m7!3m6!1s0x808457ef7ab563b9:0x4985ec5922db6c2d!8m2!3d38.387637!4d-122.4208311!16s%2Fg%2F11rqxv_y50!19sChIJuWO1eu9XhIARLWzbIlnshUk,Vin & Vin Landscaping,5.0,26,Lawn sprinkler system contractor,,,http://vinandvinlandscaping.com/,+1 707-639-6005,Open · Closes 5:30 pm,,https://lh3.googleusercontent.com/gps-cs-s/APNQkAEV9v27RK2iVZneceBbBg0CW5FwNK52VpwQJNXklxcubUDxy-Amd2AI0clKy0rA1i-XnZaM1_V0mcwciygzzVjJmsJC-GBmqz98trNOzcwTBXLlQOk1UbUkporh7O0pNiM2GBxa-7IvesD_=w408-h441-k-no,true,8 am–5:30 pm,8 am–5:30 pm,8 am–5:30 pm,8 am–5:30 pm,Closed,8 am–5:30 pm,8 am–5:30 pm,"https://www.google.com/maps/search/commercial+landscaping+businesses+in+Yountville+Napa+CA/@38.4015781,-122.3608105,14z",2026-04-29T20:03:04.450Z,,
https://www.google.com/maps/place/Napa+Valley+Lodge/data=!4m10!3m9!1s0x808455452bde0961:0x1ed3968d175fa0cc!5m2!4m1!1i2!8m2!3d38.4069505!4d-122.368022!16s%2Fg%2F1xg5sx65!19sChIJYQneK0VVhIARzKBfF42W0x4,Napa Valley Lodge,4.6,353,,"2230 Madison St, Yountville, CA 94599, United States","CJ4J+QQ Yountville, California, USA",https://www.napavalleylodge.com/?utm_source=google&utm_medium=bizlisting&utm_campaign=google_places,+1 888-944-3545,,,https://lh3.googleusercontent.com/gps-cs-s/APNQkAHGajgxweBfVKjkab6HTNlqIo3hXX0n86BGqpqy9p8ObmW_b7gMuHAU8gVqgjFyYRkR7iR-uLX4G-5FwLgP20lNlKLrVp3Gso95Com2BckJkYPloeb5KLeLAcKlqe5Jb5ZuDjBf=w408-h272-k-no,true,,,,,,,,"https://www.google.com/maps/search/commercial+landscaping+businesses+in+Yountville+Napa+CA/@38.4015781,-122.3608105,14z",2026-04-29T20:03:07.651Z,,
https://www.google.com/maps/place/Nickel+%26+Nickel/data=!4m7!3m6!1s0x8084543466038ced:0x932f3459a09749eb!8m2!3d38.4428171!4d-122.4071479!16s%2Fm%2F042zwjm!19sChIJ7YwDZjRUhIAR60mXoFk0L5M,Nickel & Nickel,4.8,449,Winery,"8164 St Helena Hwy, Oakville, CA 94562, United States","CHVV+44 Oakville, California, USA",https://farniente.com/visit-nickel-and-nickel?utm_source=google&utm_medium=organic&utm_campaign=gbp,+1 707-967-9600,Open · Closes 4:30 pm,,https://lh3.googleusercontent.com/gps-cs-s/APNQkAHCPE54n4ua1aM3daP_FscsQjjD-JjChD9CY_wj7WAbkw92Y410wnBaQ9I6GCSJ-5cm-xiT-TDEk0FANWhxB0kuqxcCgcDVpJnMwrBRm_12hf2oc2dFOL9YkXv4hRPUaRy2-DHJ=w529-h240-k-no,true,10 am–4:30 pm,10 am–4:30 pm,10 am–4:30 pm,10 am–4:30 pm,10 am–4:30 pm,10 am–4:30 pm,10 am–4:30 pm,"https://www.google.com/maps/search/commercial+landscaping+businesses+in+Yountville+Napa+CA/@38.4015781,-122.3608105,14z",2026-04-29T20:03:12.699Z,,
https://www.google.com/maps/place/BayTerra+Landscapes+Inc/data=!4m7!3m6!1s0xade15fc3f7c562af:0xdf3eafb0ef3f0ac7!8m2!3d38.3481575!4d-122.5343295!16s%2Fg%2F11thplyy2j!19sChIJr2LF98Nf4a0Rxwo_77CvPt8,BayTerra Landscapes Inc,5.0,15,Landscape designer,,,https://www.bayterralandscapesinc.com/?utm_source=google&utm_medium=organic&utm_campaign=gbp,+1 707-348-0660,Open · Closes 5 pm,LGBTQ+ friendly,https://lh3.googleusercontent.com/gps-cs-s/APNQkAEdmS0_W5-L140TiYkdRzBfAoUS4f2AIXzRoNnU-DQ_Py4b22mOtWQLTq3kAffgyLelt7GqcAqeXcdZDiGeQsMxqLB29bKIfQoB3kyREwG9JtkKCOHy0YsV3OAPQJq9r973Q0pbi1BptcI=w408-h272-k-no,true,7 am–5 pm,7 am–5 pm,7 am–5 pm,Closed,Closed,7 am–5 pm,7 am–5 pm,"https://www.google.com/maps/search/commercial+landscaping+businesses+in+Yountville+Napa+CA/@38.4015781,-122.3608105,14z",2026-04-29T20:03:17.668Z,,
https://www.google.com/maps/place/Pulido+Land+Management/data=!4m7!3m6!1s0x4de4f8a928781e9d:0x517b1757db9ebcf7!8m2!3d38.4128976!4d-122.934248!16s%2Fg%2F11xyy4jddp!19sChIJnR54KKn45E0R97ye21cXe1E,Pulido Land Management,5.0,4,Lawn care service,,,https://www.pulidolandmanagement.com/,+1 707-721-4788,Open · Closes 5 pm,LGBTQ+ friendly,https://lh3.googleusercontent.com/gps-cs-s/APNQkAF0tS0Zf3xN8BuYyqVTLPecLwTuJfVcHXv48C-l3z1pgCY9tx07AOVMZN4N1gmqz5v-tsW7Kt7qFHayuIN30MkQGAaGIKLxHKfFx_OqtF5dRnRW0ddVuKdFdnCor3i2mDWpKmj3AS_Qt4Xg=w408-h306-k-no,true,7 am–5 pm,7 am–5 pm,7 am–5 pm,Closed,Closed,7 am–5 pm,7 am–5 pm,"https://www.google.com/maps/search/commercial+landscaping+businesses+in+Yountville+Napa+CA/@38.4015781,-122.3608105,14z",2026-04-29T20:03:22.319Z,,
https://www.google.com/maps/place/Prestige+Landscaping/data=!4m7!3m6!1s0x8084fd156332719d:0x1aa09cb6e02fc978!8m2!3d38.387637!4d-122.4208311!16s%2Fg%2F11r9drmsl0!19sChIJnXEyYxX9hIAReMkv4LacoBo,Prestige Landscaping,5.0,6,Lawn care service,,,http://prestigelcm.com/,+1 707-501-3575,Open · Closes 5 pm,Identifies as Latino-owned,https://lh3.googleusercontent.com/gps-cs-s/APNQkAFG7mTA48nPAcq-IG5UQAnOQsMa1dppPxA1ib5NIe8jq4a1QwBdbaeHxURKDqY3Su3vX69clhanfb0_W0NraHgAqCS2sNoRAqkJJHgS7T49V9H6YWRgDud7WnO5uI1l4sGaNP-U63sKkGFq=w640-h240-k-no,true,7 am–5 pm,7 am–5 pm,7 am–5 pm,7 am–5 pm,7 am–5 pm,7 am–5 pm,7 am–5 pm,"https://www.google.com/maps/search/commercial+landscaping+businesses+in+Yountville+Napa+CA/@38.4015781,-122.3608105,14z",2026-04-29T20:03:26.936Z,,
https://www.google.com/maps/place/Paz+Landscape/data=!4m7!3m6!1s0x80844e0c2ba236a1:0xfd5659cd0d5ebb2a!8m2!3d38.3284476!4d-122.4885341!16s%2Fg%2F1tdd0xl5!19sChIJoTaiKwxOhIARKrteDc1ZVv0,Paz Landscape,5.0,12,Landscaper,"16789 CA-12, Sonoma, CA 95476, United States","8GH6+9H Sonoma, California, USA",http://www.pazlandscape.net/,+1 707-833-4010,Open · Closes 5 pm,,https://lh3.googleusercontent.com/gps-cs-s/APNQkAHQ_o2JqCcQkixqIlNR12o4qEJXK74V2o4tSyAPWifapLRNWFfcVYuFaeI4JTuNBZjjc7b7K-XGHcyIb0L7Iw_zIhzAZVja-UnhM2i01_rOraXNKIRtSG_5fKDQAvZ_GEqD5LcdPTNth97J=w426-h240-k-no,true,8:30 am–5 pm,8:30 am–5 pm,8:30 am–5 pm,8:30 am–2 pm,Closed,8:30 am–5 pm,8:30 am–5 pm,"https://www.google.com/maps/search/commercial+landscaping+businesses+in+Yountville+Napa+CA/@38.4015781,-122.3608105,14z",2026-04-29T20:03:31.959Z,,
https://www.google.com/maps/place/Wine+Country+Landscaping/data=!4m7!3m6!1s0xa1236d36734471d3:0xd8bce8939aef7219!8m2!3d38.3024278!4d-122.4855984!16s%2Fg%2F11sstb_ddm!19sChIJ03FEczZtI6ERGXLvmpPovNg,Wine Country Landscaping,5.0,16,Landscaper,"365 W Verano Ave, Sonoma, CA 95476, United States","8G27+XQ Sonoma, California, USA",http://wcllandscaping.com/,+1 707-815-0557,Open · Closes 6 pm,,https://lh3.googleusercontent.com/gps-cs-s/APNQkAEXB2KjauL4ENSZ1tfJpHahRiZPh56GDrDBuk6PrqVNEpTeXLdOP8I42XIho6CEzDMgIeKQBHumgxb-mJqkjE2XOmpgbvaFXitzfytR07grFjUI2SKBcMDqp56TeEyIjSJdWNSJZ0pBpapV=w408-h306-k-no,true,8 am–6 pm,8 am–6 pm,8 am–6 pm,8 am–6 pm,Closed,8 am–6 pm,8 am–6 pm,"https://www.google.com/maps/search/commercial+landscaping+businesses+in+Yountville+Napa+CA/@38.4015781,-122.3608105,14z",2026-04-29T20:03:36.721Z,,
"https://www.google.com/maps/place/Reyes+Landscape+Construction/@38.3340091,-122.9362369,9z/data=!3m1!4b1!4m6!3m5!1s0x8085ac34ede7f9bb:0xcfc9b2c3f00edf88!8m2!3d38.3340091!4d-122.936237!16s%2Fg%2F11b70l__6z",Reyes Landscape Construction,5.0,1,Landscape architect,,,http://www.reyeslandscape.com/,+1 415-747-8633,Open · Closes 4:30 pm,Identifies as Latino-owned,,true,7:30 am–4:30 pm,7:30 am–4:30 pm,7:30 am–4:30 pm,Closed,Closed,7:30 am–4:30 pm,7:30 am–4:30 pm,"https://www.google.com/maps/search/commercial+landscaping+businesses+in+Yountville+Napa+CA/@38.4015781,-122.3608105,14z",2026-04-29T20:03:43.602Z,,
https://www.google.com/maps/place/Inspired+Landscapes+LLC/data=!4m7!3m6!1s0x2095f1efc1e1a271:0x1bb480d15e26242a!8m2!3d38.66074!4d-122.855648!16s%2Fg%2F11rzjbh2gv!19sChIJcaLhwe_xlSARKiQmXtGAtBs,Inspired Landscapes LLC,5.0,26,Landscaper,"1130 Alexander Valley Rd, Healdsburg, CA 95448, United States","M46V+7P Healdsburg, California, USA",http://inspiredlandscapesllc.com/,+1 707-874-5810,Open · Closes 5:30 pm,,https://lh3.googleusercontent.com/gps-cs-s/APNQkAFxk_dJ8SdIOJGZM59rByMVygjuYcXBqKNkMdL0Q1qXa_fWhWrK9U6V0YgX3pwtve46KdWoYAOEJ_b7pB-yo_G3T14cwv3g8qsDSeQjxMluRpSI4ujUol8k1wNUUmgIh30LEscvDA=w408-h306-k-no,true,7 am–5:30 pm,7 am–5:30 pm,7 am–5:30 pm,Closed,Closed,7 am–5:30 pm,7 am–5:30 pm,"https://www.google.com/maps/search/commercial+landscaping+businesses+in+Yountville+Napa+CA/@38.4015781,-122.3608105,14z",2026-04-29T20:03:48.609Z,,
https://www.google.com/maps/place/From+the+Ground+Up/data=!4m7!3m6!1s0x8085ac4e3f381af7:0xada491e78732ea3d!8m2!3d38.339701!4d-122.59796!16s%2Fg%2F11fy54plhv!19sChIJ9xo4P06shYARPeoyh-eRpK0,From the Ground Up,5.0,5,Landscape designer,,,https://www.bassettlandscapes.com/,+1 707-321-0720,Open · Closes 6 pm,,https://lh3.googleusercontent.com/gps-cs-s/APNQkAH4FMckki-dA__KEnr5jRAu99Tv5bUII2QMliiozO8AZB6VNgiYNLpO0xB6oL90KISEef7ZO8y-DcYmnuUxYZBpCyxoLMiJgMk3aAayc9fOaOQHPC8NBc8pJAnIB2Pr_--6-ixs7Q=w427-h240-k-no,true,7 am–6 pm,7 am–6 pm,7 am–6 pm,7 am–2 pm,Closed,7 am–6 pm,7 am–6 pm,"https://www.google.com/maps/search/commercial+landscaping+businesses+in+Yountville+Napa+CA/@38.4015781,-122.3608105,14z",2026-04-29T20:03:57.829Z,,
"https://www.google.com/maps/place/Waldron+Landscape/@38.2910901,-122.448986,14z/data=!3m1!4b1!4m6!3m5!1s0x8085a92bc5ca81bb:0x9a2a500845a2f47b!8m2!3d38.29109!4d-122.448986!16s%2Fg%2F1tftlfq3",Waldron Landscape,3.5,8,Landscape designer,,,http://www.waldronlandscape.com/,+1 707-996-5868,Open · Closes 4:30 pm,,,true,8 am–4:30 pm,8 am–4:30 pm,8 am–4:30 pm,Closed,Closed,8 am–4:30 pm,8 am–4:30 pm,"https://www.google.com/maps/search/commercial+landscaping+businesses+in+Yountville+Napa+CA/@38.4015781,-122.3608105,14z",2026-04-29T20:04:04.851Z,,
https://www.google.com/maps/place/Darioush+Winery/data=!4m7!3m6!1s0x808501112769b36d:0x34a75890b94d659b!8m2!3d38.367522!4d-122.2945869!16s%2Fm%2F0431kyy!19sChIJbbNpJxEBhYARm2VNuZBYpzQ,Darioush Winery,4.6,649,Winery,"4240 Silverado Trail, Napa, CA 94558, United States","9P94+25 Napa, California, USA",https://www.darioush.com/,+1 707-257-2345,Open · Closes 5 pm,,https://lh3.googleusercontent.com/gps-cs-s/APNQkAHBr-k1WV7nK_91Yeyf-M2ydK3SyH1pKAca8hyEGz1zi0v0D4QgzG_b1Dr-aV4OqdLGpii_eycTbZgX_5oamFddhRSzw_XmEzma-ea39IzQCDLGVvuklPH1FSBfiR9uhtzIS4oIaA=w408-h272-k-no,true,10 am–5 pm,10 am–5 pm,10 am–5 pm,10 am–5 pm,10 am–5 pm,10 am–5 pm,10 am–5 pm,"https://www.google.com/maps/search/commercial+landscaping+businesses+in+Yountville+Napa+CA/@38.4015781,-122.3608105,14z",2026-04-29T20:04:09.812Z,· Delivery,
https://www.google.com/maps/place/Vista+Landscape/data=!4m7!3m6!1s0x8085a933d06bca31:0xce871258cdaa8bba!8m2!3d38.2856733!4d-122.4355563!16s%2Fg%2F1tk1n6mn!19sChIJMcpr0DOphYARuouqzVgSh84,Vista Landscape,5.0,1,Landscape designer,"19700 8th St E, Sonoma, CA 95476, United States","7HP7+7Q Sonoma, California, USA",http://www.vistalandscapesonoma.com/,+1 707-938-2808,,,https://lh3.googleusercontent.com/gps-cs-s/APNQkAHk-kWUtqZOZBWfnzDUVhg_duJHwPZARvg-iB3saRMA5Zd8m_3NekIJi1fjreruKdn92OIB-SsB6OLpUR9aRWPflz8JJ0Rl68CYzWFaw5jqdGAPg5QgBi_Bf2XU9L5r6G_8OSEegCRChQU=w426-h240-k-no,true,,,,,,,,"https://www.google.com/maps/search/commercial+landscaping+businesses+in+Yountville+Napa+CA/@38.4015781,-122.3608105,14z",2026-04-29T20:04:12.588Z,,
"https://www.google.com/maps/place/Olive+Branch+Landscaping/@38.449198,-122.3929673,17z/data=!3m1!4b1!4m6!3m5!1s0x808455ced5f0d295:0x303a7ed870d89a45!8m2!3d38.449198!4d-122.3929673!16s%2Fg%2F11ghr0kk98",Olive Branch Landscaping,,,Contractor,"7867 Money Rd, Napa, CA 94558, United States","CJX4+MR Napa, California, USA",,+1 707-815-6118,,,,false,,,,,,,,"https://www.google.com/maps/search/commercial+landscaping+businesses+in+Yountville+Napa+CA/@38.4015781,-122.3608105,14z",2026-04-29T20:04:17.214Z,,
https://www.google.com/maps/place/Scott+Anderson+Landscape+%26+Maintenance/data=!4m7!3m6!1s0x8085ac24cfae7003:0xca431fac53b3d3ca!8m2!3d38.301226!4d-122.4742889!16s%2Fg%2F1hc79cft0!19sChIJA3CuzySshYARytOzU6wfQ8o,Scott Anderson Landscape & Maintenance,5.0,3,Landscape architect,"19080 Lomita Ave Building 1, Sonoma, CA 95476, United States","8G2G+F7 Sonoma, California, USA",http://www.scottandersonlandscaping.com/,+1 707-343-1840,Open · Closes 4 pm,LGBTQ+ friendly,https://lh3.googleusercontent.com/gps-cs-s/APNQkAE9jLOV5f7iGcuZodYmWp8Y0TyDS4JSnOSfDeXzhxYbB4W7tCdcvApo98islbwaF3hbkMd4IBCvnmrwh7jAEL92mImsdvmpLzQG5xsEkRvJdQ9XEM1tSOCIDQuXt74BQrW-AK6O7nV1cf8=w408-h244-k-no,true,8 am–4 pm,8 am–4 pm,8 am–4 pm,Closed,Closed,8 am–4 pm,8 am–4 pm,"https://www.google.com/maps/search/commercial+landscaping+businesses+in+Yountville+Napa+CA/@38.4015781,-122.3608105,14z",2026-04-29T20:04:22.068Z,,
https://www.google.com/maps/place/Wheeler+Farms/data=!4m7!3m6!1s0x808457282ee8e1d1:0x7e49c023c514f4c4!8m2!3d38.487409!4d-122.437755!16s%2Fg%2F11c75vr5q7!19sChIJ0eHoLihXhIARxPQUxSPASX4,Wheeler Farms,4.9,35,Winery,"588 Zinfandel Ln, St Helena, CA 94574, United States","FHP6+XV St Helena, California, USA",http://www.wheelerfarmswine.com/,+1 707-200-8500,"Open · Closes 4 pm

Updated by others 5 days ago",,https://lh3.googleusercontent.com/gps-cs-s/APNQkAGsG6v1fBXbfLBfjoe4qCV6REbwWdx5uHmRZlie6_F8pEGf3exYcF8kwqLAYbcUEI3YempLRKFbCKXdZfL1B1AXiT2CtSysjBpUUAandWuT4qNrwN4Y7vt61-S75vFBRdVaMi9SKA=w408-h306-k-no,true,10 am–4 pm,10 am–4 pm,10 am–4 pm,10 am–4 pm,Closed,Closed,10 am–4 pm,"https://www.google.com/maps/search/commercial+landscaping+businesses+in+Yountville+Napa+CA/@38.4015781,-122.3608105,14z",2026-04-29T20:04:27.263Z,· Delivery,
https://www.google.com/maps/place/I+Maria+White+Landscape+Architecture/data=!4m7!3m6!1s0x80845181a9c6d765:0x22772e3793ccd3db!8m2!3d38.5046895!4d-122.4643509!16s%2Fg%2F11lrbw25gv!19sChIJZdfGqYFRhIAR29PMkzcudyI,I Maria White Landscape Architecture,5.0,2,Landscape architect,"935 Pope St, St Helena, CA 94574, United States","GG3P+V7 St Helena, California, USA",http://www.imariawhite.com/,+1 707-210-2128,,,https://lh3.googleusercontent.com/gps-cs-s/APNQkAFTN0fMbHfPXM7mJKawnWUtCXUlE1v0Cc_-wadyZbVgl1wFhdSVvQaxDzqb6Y6igidUX7Qed_38H2VfMkYUG4iG0D2sz-0aeB9krwWuW2JkZJlWg_KGBihRCfVeF_Y04KzLbh42WGFOc7wv=w408-h306-k-no,true,,,,,,,,"https://www.google.com/maps/search/commercial+landscaping+businesses+in+St.+Helena+Napa+CA/@38.5052429,-122.4703868,14z",2026-04-29T20:04:46.712Z,,
https://www.google.com/maps/place/Wendt+%E2%80%A2+LA/data=!4m7!3m6!1s0x808450984a6fffff:0xb231365687e7c56d!8m2!3d38.505925!4d-122.4719877!16s%2Fg%2F11h06mywk4!19sChIJ__9vSphQhIARbcXnh1Y2MbI,Wendt • LA,,,Landscaper,"1485 Main St, St Helena, CA 94574, United States","GG4H+96 St Helena, California, USA",http://www.wendtla.com/contact/,+1 707-968-5238,Open · Closes 5 pm,,https://streetviewpixels-pa.googleapis.com/v1/thumbnail?panoid=gtth__iIvpU6KfidgpT8-g&cb_client=search.gws-prod.gps&w=408&h=240&yaw=72.20557&pitch=0&thumbfov=100,false,"8 am–12 pm, 1–5 pm","8 am–12 pm, 1–5 pm","8 am–12 pm, 1–5 pm",Closed,Closed,"8 am–12 pm, 1–5 pm","8 am–12 pm, 1–5 pm","https://www.google.com/maps/search/commercial+landscaping+businesses+in+St.+Helena+Napa+CA/@38.5052429,-122.4703868,14z",2026-04-29T20:04:51.356Z,,
https://www.google.com/maps/place/Autumn+Skies+Landscapes/data=!4m7!3m6!1s0x80845bddef4a004b:0x2fb99b6552355eb4!8m2!3d38.5757868!4d-122.4530711!16s%2Fg%2F1vr1wvxd!19sChIJSwBK791bhIARtF41UmWbuS8,Autumn Skies Landscapes,5.0,1,Landscape designer,"430 Madia Ln, Angwin, CA 94508, United States","HGGW+8Q Angwin, California, USA",http://www.autumnskieslandscapes.com/,+1 707-965-1363,Open · Closes 4 pm,,https://lh3.googleusercontent.com/gps-cs-s/APNQkAFZl4xu80o1tdqQ-7pADKMFQKpI1_vq_PKfwNbkFQFDu4GRvbAdCy1Yhj3o29XUd7fzm67p8mGnxLB3Mfwq8ovXxBb-2mpDKuq5y6_99qzJYWLYPjyaKkdIp33Y6cc-cgMzVO9MSgmtSEgq=w426-h240-k-no,true,7:30 am–4 pm,7:30 am–4 pm,7:30 am–4 pm,Closed,Closed,7:30 am–4 pm,7:30 am–4 pm,"https://www.google.com/maps/search/commercial+landscaping+businesses+in+St.+Helena+Napa+CA/@38.5052429,-122.4703868,14z",2026-04-29T20:04:56.087Z,,
https://www.google.com/maps/place/Shamrock+Building+Materials/data=!4m7!3m6!1s0x808450bff8c8a059:0x950a0059dc416ca0!8m2!3d38.4975185!4d-122.4668362!16s%2Fg%2F113k55n3r!19sChIJWaDI-L9QhIARoGxB3FkACpU,Shamrock Building Materials,4.3,18,Landscaping supply store,"1505 Charter Oak Ave, St Helena, CA 94574, United States","FGXM+27 St Helena, California, USA",http://www.shamrockmaterials.com/,+1 707-963-7977,Open · Closes 3:30 pm,,https://lh3.googleusercontent.com/gps-cs-s/APNQkAHj1I05eeHCZPj1HyKCdm--PygsLc58yvCUjCDDiFNzZQv-x8T3pdk_A-EbJQt8jemMUmrrEswrzrfhZaPHw1VkcrCF719VfcCR7kdfUxPZs-BUQrnrqZ-rV_vL7NGqxn5uEtPakL4Z1GI=w408-h306-k-no,true,7 am–3:30 pm,7 am–3:30 pm,7 am–3:30 pm,8 am–2 pm,Closed,7 am–3:30 pm,7 am–3:30 pm,"https://www.google.com/maps/search/commercial+landscaping+businesses+in+St.+Helena+Napa+CA/@38.5052429,-122.4703868,14z",2026-04-29T20:05:01.103Z,· Delivery,
https://www.google.com/maps/place/Central+Valley/data=!4m7!3m6!1s0x808450c883f3cbe7:0x6598b2a1ecef121d!8m2!3d38.496493!4d-122.457185!16s%2Fg%2F1tfls76r!19sChIJ58vzg8hQhIARHRLv7KGymGU,Central Valley,4.0,69,Building materials supplier,"1100 Vintage Ave, St Helena, CA 94574, United States","FGWV+H4 St Helena, California, USA",http://www.central-valley.com/,+1 707-286-1400,"Open · Closes 5 pm

Updated by this business 8 weeks ago",,https://lh3.googleusercontent.com/gps-cs-s/APNQkAHgqHfJ7BI4Vj53oq2jmw_OfduUEOTJtWuf_Y3ADHVcycPsee6xD8k0OJxthu0gU39esaTy7B4Db1aL8y0cm3wgqrPNBHCmR_42HzMiBW2QFj0f8FsiP8jOqNJokZ6lVYEaqmCJ=w408-h272-k-no,true,6 am–5 pm,6 am–5 pm,6 am–5 pm,8 am–4 pm,Closed,6 am–5 pm,6 am–5 pm,"https://www.google.com/maps/search/commercial+landscaping+businesses+in+St.+Helena+Napa+CA/@38.5052429,-122.4703868,14z",2026-04-29T20:05:05.937Z,,
"https://www.google.com/maps/place/Crown+Hill+Stone+Supply,+LLC/data=!4m7!3m6!1s0x808450c8dc7a6093:0x7a4e68c48ed2ab34!8m2!3d38.4966981!4d-122.456081!16s%2Fg%2F11bwfk6wyd!19sChIJk2B63MhQhIARNKvSjsRoTno","Crown Hill Stone Supply, LLC",3.3,4,Landscaping supply store,"1151 Vintage Ave, St Helena, CA 94574, United States","FGWV+MH St Helena, California, USA",http://www.crownhillstonesupply.com/,+1 707-968-5596,Open · Closes 4 pm,LGBTQ+ friendly,https://lh3.googleusercontent.com/gps-cs-s/APNQkAHZbgzUHiY62JTILc-KIk6UYou2alZNFAYrDDi9zvt-oLJlvC91Pyy3dmn55OgxqP6qScrbzylDs1kQasv0AJ8vc_rT5BFlmgbR7Hyovz0vNkKjhFomsYpi-u26k7vjmBeRykQQ=w408-h306-k-no,true,"7:30–11:30 am, 12–4 pm","7:30–11:30 am, 12–4 pm","7:30–11:30 am, 12–4 pm",Closed,Closed,"7–11:30 am, 12–4 pm","7:30–11:30 am, 12–4 pm","https://www.google.com/maps/search/commercial+landscaping+businesses+in+St.+Helena+Napa+CA/@38.5052429,-122.4703868,14z",2026-04-29T20:05:10.954Z,· In-store shopping · In-store pick-up · Delivery,
https://www.google.com/maps/place/Spring+Mountain+Vineyard/data=!4m7!3m6!1s0x8084507fe3119def:0xe9f059891d4d1a4!8m2!3d38.5070904!4d-122.4921781!16s%2Fg%2F1tr7d0b7!19sChIJ750R439QhIARpNHUkZgFnw4,Spring Mountain Vineyard,4.8,188,Vineyard,"2805 Spring Mountain Rd, St Helena, CA 94574, United States","GG45+R4 St Helena, California, USA",http://www.springmountainvineyard.com/,+1 707-967-4186,Open · Closes 5:30 pm,,https://lh3.googleusercontent.com/gps-cs-s/APNQkAFwTrWfjMqa-gTnlsun79Lun9GCz1kor1rMsP91MJGS0q9bNYjCY8c9KG2kaIGfvFZXcnw7WArG75aNsQgd1jk8wcNteOjmwn-DymY0IYfR11vH5LCIjeA0w4sfDjToaxbdtKbFOg=w408-h541-k-no,true,9:30 am–5:30 pm,9:30 am–5:30 pm,9:30 am–5:30 pm,9:30 am–5:30 pm,9:30 am–5:30 pm,9:30 am–5:30 pm,9:30 am–5:30 pm,"https://www.google.com/maps/search/commercial+landscaping+businesses+in+St.+Helena+Napa+CA/@38.5052429,-122.4703868,14z",2026-04-29T20:05:16.049Z,"Wine estate with hillside vineyards, a garden and olive trees, offering tours & tastings.",
https://www.google.com/maps/place/Beringer+Vineyards/data=!4m7!3m6!1s0x8084509d45cb1cbd:0x8f4fe3f8a7b8de48!8m2!3d38.5111235!4d-122.4808592!16s%2Fm%2F052556_!19sChIJvRzLRZ1QhIARSN64p_jjT48,Beringer Vineyards,4.3,997,Winery,"2000 Main St, St Helena, CA 94574, United States","GG69+CM St Helena, California, USA",https://www.beringer.com/,+1 707-257-5771,Open · Closes 5 pm,,https://lh3.googleusercontent.com/gps-cs-s/APNQkAFmtgEb6l1-xHQx_ZITCVSAyEYmBPdR4wujV_monWDeou2_bd5DgG4NjAXH73ckYuEIZok4nzVCOKFwi1VoQ7-_de4QtOGeKvTIpOW0UPrwdpSH5NgsYAAEnLrSYR2gGzsGJpT0YQ=w408-h271-k-no,true,10 am–5 pm,10 am–5 pm,10 am–5 pm,10 am–5 pm,10 am–5 pm,10 am–5 pm,10 am–5 pm,"https://www.google.com/maps/search/commercial+landscaping+businesses+in+St.+Helena+Napa+CA/@38.5052429,-122.4703868,14z",2026-04-29T20:05:21.072Z,· Kerbside pickup · Delivery,
https://www.google.com/maps/place/Steves+Hardware+Inc/data=!4m7!3m6!1s0x80845097ff19fa7f:0xf3780d9c599b65b8!8m2!3d38.5053636!4d-122.4697668!16s%2Fg%2F1tc_r76b!19sChIJf_oZ_5dQhIARuGWbWZwNePM,Steves Hardware Inc,4.6,91,Hardware store,"1370 Main St, St Helena, CA 94574, United States","GG4J+43 St Helena, California, USA",http://www.acehardware.com/store-details/00915?utm_source=google&utm_medium=local&utm_campaign=localmaps&utm_content=00915,+1 707-963-3423,Open · Closes 6 pm,,https://lh3.googleusercontent.com/gps-cs-s/APNQkAEJUQn8wL-Wd3S1IgmFbRjyfU2_IGTMO2nwtCTVxhlwcifNB955dcbUKr2Ats6pBoAVkYplszWJK6_6PpcxvPXWNLEqKbJA6ohDjRrc2HZyP15TuQPy2n1rTFt_LwAn7v58x1nx=w426-h240-k-no,true,7:30 am–6 pm,7:30 am–6 pm,7:30 am–6 pm,7:30 am–5 pm,9 am–4 pm,7:30 am–6 pm,7:30 am–6 pm,"https://www.google.com/maps/search/commercial+landscaping+businesses+in+St.+Helena+Napa+CA/@38.5052429,-122.4703868,14z",2026-04-29T20:05:25.990Z,"Hardware store stocking household tools, garden supplies, home decor & more. · In-store shopping · In-store pick-up",
https://www.google.com/maps/place/St+Helena+Self+Storage/data=!4m7!3m6!1s0x808450c853a04be5:0x1a5c1b9c0314ad29!8m2!3d38.4980546!4d-122.4552115!16s%2Fg%2F1td0ypr_!19sChIJ5UugU8hQhIARKa0UA5wbXBo,St Helena Self Storage,4.8,10,Self-storage facility,"950 Vintage Ave, St Helena, CA 94574, United States","FGXV+6W St Helena, California, USA",,+1 707-963-8199,,,https://lh3.googleusercontent.com/gps-cs-s/APNQkAHjflbRNbYkPl6zEaz1aTPqnvMlZrFom5rxXksbiSdJbKL8dU9YqZm8ZAM8R_dwOCODM0yzhjwlcwZMPDwnvtW36xDark0VykCZTPM43Sd5kj3jKCni2BcLtiDlURqOaXTmY0e0=w408-h544-k-no,false,,,,,,,,"https://www.google.com/maps/search/commercial+landscaping+businesses+in+St.+Helena+Napa+CA/@38.5052429,-122.4703868,14z",2026-04-29T20:05:28.950Z,,
https://www.google.com/maps/place/Sutter+Home+Winery/data=!4m7!3m6!1s0x808450d1dc86996d:0xd7423a7f63ca22ff!8m2!3d38.4911298!4d-122.45399!16s%2Fg%2F1thxl8s8!19sChIJbZmG3NFQhIAR_yLKY386Qtc,Sutter Home Winery,4.1,222,Winery,"277 St Helena Hwy, St Helena, CA 94574, United States","FGRW+FC St Helena, California, USA",https://www.sutterhome.com/,+1 707-302-3296,Closed · Opens 10 am Thu,,https://lh3.googleusercontent.com/gps-cs-s/APNQkAGkGG4lmRz-cspke6Jfq9M7D122LHL81Rk4GvA2Yf31L-Ax4l2VjNwxezrY-CNug9I9A__D_tqHTwgoIoStKamZBtnZZ0qOqYRQlva9QFelv4EcD6wFU-bV4Gjmba8uHas8Mgo=w408-h306-k-no,true,Closed,10 am–5 pm,10 am–5 pm,10 am–5 pm,10 am–5 pm,10 am–5 pm,Closed,"https://www.google.com/maps/search/commercial+landscaping+businesses+in+St.+Helena+Napa+CA/@38.5052429,-122.4703868,14z",2026-04-29T20:05:34.268Z,· Delivery,
https://www.google.com/maps/place/st.helena+landscape+service/data=!4m7!3m6!1s0x6ac65c8652008d1:0xc44c54d5cad88eb6!8m2!3d38.5228206!4d-122.464481!16s%2Fg%2F11q3q6p5gb!19sChIJ0QggZchlrAYRto7YytVUTMQ,st.helena landscape service,,,Landscaper,,,,+1 707-337-6199,,,https://lh3.googleusercontent.com/gps-cs-s/APNQkAHogoQ2gn4hfzuCr2wi_gaZqWznzQBRSg2QrCnH6pbhXJ7S4GY8B-C0kFE2BTWIAaPwDT6JgTjhcZN-3Vw-uUrdVE_AHu472Ce92viPzZ-dnLhkZQNpBLcOdcTLXVqc2FgHNprl=w408-h255-k-no,true,,,,,,,,"https://www.google.com/maps/search/commercial+landscaping+businesses+in+St.+Helena+Napa+CA/@38.5052429,-122.4703868,14z",2026-04-29T20:05:36.953Z,,
https://www.google.com/maps/place/Victor+Landscaping/data=!4m7!3m6!1s0x643db70abcfbf269:0x94aa4d49978022e4!8m2!3d38.4061646!4d-122.4131975!16s%2Fg%2F11vbz5yqjr!19sChIJafL7vAq3PWQR5CKAl0lNqpQ,Victor Landscaping,,,Landscaper,,,https://victorlandscapingnapa.com/,+1 707-740-5194,Open · Closes 5 pm,,https://lh3.googleusercontent.com/gps-cs-s/APNQkAGvBnYxCjsDyEVG67OM4mq5L1-iemgR9RnjzoWphiDusUqyGk5nm4naTLkWFsxYoTXGUwQPYQOHSF-xY4WxfLz78VCQ79wYI7k32hyyjVDEtqqrAqa0bvtYr4VdcKhN6sOiKaVMcA=w408-h544-k-no,true,7 am–5 pm,7 am–5 pm,7 am–5 pm,7 am–5 pm,Closed,7 am–5 pm,7 am–5 pm,"https://www.google.com/maps/search/commercial+landscaping+businesses+in+St.+Helena+Napa+CA/@38.5052429,-122.4703868,14z",2026-04-29T20:05:41.601Z,,
https://www.google.com/maps/place/Sonoma+Valley+Landscape/data=!4m7!3m6!1s0x2af58a8c57b80fbd:0x8b5c9b6b9029e2e8!8m2!3d38.4630881!4d-122.9899756!16s%2Fg%2F11xkxk4p12!19sChIJvQ-4V4yK9SoR6OIpkGubXIs,Sonoma Valley Landscape,5.0,10,Landscaper,,,https://sonomavalleylandscape.com/,+1 707-217-4988,Open · Closes 6 pm,,https://lh3.googleusercontent.com/gps-cs-s/APNQkAGUzlpLM_tvydQsDb9w2gF9dwyB-UPtfsts1_627rPHV29eDPAfeB_olAGz3N3FnyjU9XcgH__I53fFyLC8QXnuA4C8PRZZWtnvHn4EpaYSTiDbXPSIKLTcqm7CVB8MPFqYlOMUeVyFw0VA=w408-h544-k-no,true,9 am–6 pm,9 am–6 pm,9 am–6 pm,9 am–6 pm,Closed,9 am–6 pm,9 am–6 pm,"https://www.google.com/maps/search/commercial+landscaping+businesses+in+St.+Helena+Napa+CA/@38.5052429,-122.4703868,14z",2026-04-29T20:05:46.303Z,,
https://www.google.com/maps/place/DEXTER+Estate+Landscapes/data=!4m7!3m6!1s0x808443ee3daa2d03:0x58acb5dcc037e4cf!8m2!3d38.5766989!4d-122.5741899!16s%2Fg%2F1vv2sg90!19sChIJAy2qPe5DhIARz-Q3wNy1rFg,DEXTER Estate Landscapes,5.0,1,Landscaper,"509 Washington St B, Calistoga, CA 94515, United States","HCGG+M8 Calistoga, California, USA",https://www.dexterestatelandscapes.com/,+1 707-963-9244,Open · Closes 4:30 pm,,https://lh3.googleusercontent.com/gps-cs-s/APNQkAH65uzUbbGY5QZZQLwpXougjB2AoOkxTdUfV4s7whlINyRLh0yqr1Iaa46A112IRpFzr6LGI30bbvsg7g57nSfa5-gbD-ZatYffFcCBvGwvIGreDfznqEiHn-OcK38aWRlgvPzbHQ=w408-h272-k-no,true,8 am–4:30 pm,8 am–4:30 pm,8 am–4:30 pm,Closed,Closed,8 am–4:30 pm,8 am–4:30 pm,"https://www.google.com/maps/search/commercial+landscaping+businesses+in+St.+Helena+Napa+CA/@38.5052429,-122.4703868,14z",2026-04-29T20:05:51.297Z,,
"https://www.google.com/maps/place/Blakeley+Landscaping+Inc./@38.579376,-122.605034,17z/data=!3m1!4b1!4m6!3m5!1s0x808443b627c08ebf:0x33023a2f9e7b2373!8m2!3d38.579376!4d-122.605034!16s%2Fg%2F1ty74g_w",Blakeley Landscaping Inc.,5.0,1,Landscaper,"520 Franz Valley School Rd, Calistoga, CA 94515, United States","H9HV+QX Calistoga, California, USA",http://blakeleylandscaping.com/,+1 707-942-2203,Open · Closes 4 pm,,,true,8 am–4 pm,8 am–4 pm,8 am–4 pm,Closed,Closed,8 am–4 pm,8 am–4 pm,"https://www.google.com/maps/search/commercial+landscaping+businesses+in+St.+Helena+Napa+CA/@38.5052429,-122.4703868,14z",2026-04-29T20:05:58.247Z,,
https://www.google.com/maps/place/Sherwin+Family+Vineyards/data=!4m7!3m6!1s0x8084452717205cdb:0xd604451c42598d67!8m2!3d38.5312645!4d-122.5567986!16s%2Fg%2F1tdmf2tw!19sChIJ21wgFydFhIARZ41ZQhxFBNY,Sherwin Family Vineyards,4.9,69,Winery,"4060 Spring Mountain Rd, St Helena, CA 94574, United States","GCJV+G7 St Helena, California, USA",https://www.sherwinfamilyvineyards.com/,+1 707-963-1154,Open · Closes 3 pm,,https://lh3.googleusercontent.com/gps-cs-s/APNQkAFKfuaAOB2onN9Cwk59EO8EC0tW3fTFncrw9E0khswml8yLuz8vKI85doQlqm4vs5uDMW7cnCXywwFm3KoXF72WJKie29ESZZ5puATZFSFD8VuBc4BIyDNVz5aOFXgCalX87pLw_g=w408-h272-k-no,true,10 am–3 pm,10 am–3 pm,10 am–3 pm,10 am–3 pm,10 am–3 pm,10 am–3 pm,10 am–3 pm,"https://www.google.com/maps/search/commercial+landscaping+businesses+in+St.+Helena+Napa+CA/@38.5052429,-122.4703868,14z",2026-04-29T20:06:03.118Z,· Delivery,
https://www.google.com/maps/place/Ch%C3%A2teau+Boswell+Winery/data=!4m7!3m6!1s0x80845b0f58120b75:0x7443dc38c6c1f586!8m2!3d38.544506!4d-122.48925!16s%2Fg%2F1tm29x5j!19sChIJdQsSWA9bhIARhvXBxjjcQ3Q,Château Boswell Winery,4.7,16,Winery,"3468 Silverado Trail N, St Helena, CA 94574, United States","GGV6+R8 St Helena, California, USA",http://www.chateauboswell.com/,+1 707-963-5472,Open · Closes 4 pm,,https://lh3.googleusercontent.com/gps-cs-s/APNQkAEOlMV82pyL3VTs5UCOf0_GmbkOnkrY2qIia6o6QUyoYTpj-IEV6MYHG2NO0zjAHOXw_f8fexqBkBsS3gW-7_6a514ugP32KCeKiW1BK_qT3tpyB_yYefzvi6xoiHJyLc7GV5W-=w426-h240-k-no,false,10 am–4 pm,10 am–4 pm,10 am–4 pm,10 am–4 pm,Closed,Closed,10 am–4 pm,"https://www.google.com/maps/search/commercial+landscaping+businesses+in+St.+Helena+Napa+CA/@38.5052429,-122.4703868,14z",2026-04-29T20:06:07.933Z,,
https://www.google.com/maps/place/Fire+Break+Designs/data=!4m7!3m6!1s0x66807910066905c9:0xd3a96608bc358723!8m2!3d38.4298198!4d-122.4208311!16s%2Fg%2F11xz5dmkgz!19sChIJyQVpBhB5gGYRI4c1vAhmqdM,Fire Break Designs,,,Landscaper,,,http://www.firebreakdesigns.com/,+1 707-232-5905,Open · Closes 6 pm,,https://lh3.googleusercontent.com/gps-cs-s/APNQkAFfefc2yX5cenjwy4dD57KsTbQpWHtIlyHPT7y2JRmaHARx-AR6tbumJ9_LoBrIzaVKMMpHLD0ZSpje4cleQJP--bl7Bh7mq-0Trey63s5NMPVzKX8guFq1q3g5yNdz57p3NY3s=w408-h326-k-no,true,6 am–6 pm,6 am–6 pm,6 am–6 pm,6 am–6 pm,6 am–6 pm,6 am–6 pm,6 am–6 pm,"https://www.google.com/maps/search/commercial+landscaping+businesses+in+St.+Helena+Napa+CA/@38.5052429,-122.4703868,14z",2026-04-29T20:06:12.577Z,,
https://www.google.com/maps/place/Palmatum+Landscapes/data=!4m7!3m6!1s0x8e03ffe4570998af:0x8960059bbb8e295e!8m2!3d38.339701!4d-122.846947!16s%2Fg%2F11vswkdxl6!19sChIJr5gJV-T_A44RXimOu5sFYIk,Palmatum Landscapes,4.8,5,Landscaper,,,https://palmatumlandscapes.net/home,+1 707-515-5468,Open · Closes 5 pm,,https://lh3.googleusercontent.com/gps-cs-s/APNQkAH2Cd1gtskOYajea8VwA_s_gHyvFi3mha-9dbF1bHl32lN-9og9fbLR-IMhI_bjwIn7hfC8WNgPb7xAlgF6U_MUCo-O7jDmlKC4vQ50tQsnv1YwcycmF44O0-6IDtEU_aagTOBJ=w408-h306-k-no,true,8 am–5 pm,8 am–5 pm,8 am–5 pm,Closed,Closed,8 am–5 pm,8 am–5 pm,"https://www.google.com/maps/search/commercial+landscaping+businesses+in+St.+Helena+Napa+CA/@38.5052429,-122.4703868,14z",2026-04-29T20:06:17.691Z,,
https://www.google.com/maps/place/Sasha+Moravec+Architectural+Photography/data=!4m7!3m6!1s0x808451b9794be9d1:0x5c8b945e82183ce!8m2!3d38.5045878!4d-122.4687054!16s%2Fg%2F11pv0ld2pg!19sChIJ0elLeblRhIARzoMh6EW5yAU,Sasha Moravec Architectural Photography,5.0,3,Commercial photographer,"1308 Main St Suite 103, St Helena, CA 94574, United States","GG3J+RG St Helena, California, USA",https://www.sashamoravec.com/,+1 707-853-9529,Open · Closes 10 pm,Identifies as women-owned,https://lh3.googleusercontent.com/gps-cs-s/APNQkAEMYsdHtxoeqb7WzxHbh9-YS2IRP7rqpF_5fOW9htIYTJ0yg8dC8L0Sxla5gMuSwx26X1lzcvFowhTUIW29XmmJU3U--G3sJmHZEY5dQhAeE2fbgi-xcD3u9dJKCTUKrYuKeVy_1g=w408-h287-k-no,true,8 am–10 pm,8 am–10 pm,8 am–10 pm,8 am–10 pm,8 am–10 pm,8 am–10 pm,8 am–10 pm,"https://www.google.com/maps/search/commercial+landscaping+businesses+in+St.+Helena+Napa+CA/@38.5052429,-122.4703868,14z",2026-04-29T20:06:22.425Z,,
https://www.google.com/maps/place/Warner+Landscape+Construction/data=!4m7!3m6!1s0x9f884865f137c81:0x1d346880054e7056!8m2!3d38.339701!4d-122.846947!16s%2Fg%2F11nns8n06g!19sChIJgXwTX4aE-AkRVnBOBYBoNB0,Warner Landscape Construction,5.0,50,Landscaper,,,http://www.warnerlc.com/,+1 707-307-9550,Open · Closes 4:30 pm,,https://lh3.googleusercontent.com/gps-cs-s/APNQkAHqg3X0ETFgJEC-jo3CNEg0DAXdpK57icePBcdsNXasauOpJ0deEjjrbU6-Pd_SHrnfJl4JOSqu57151gslfkNzBNI4tmdYpmIqpFU39b9Z71vJy7SYQJNwI5IXG4e0KLNHoeKMnyV7XO8=w408-h306-k-no,true,8 am–4:30 pm,8 am–4:30 pm,8 am–4:30 pm,Closed,Closed,8 am–4:30 pm,8 am–4:30 pm,"https://www.google.com/maps/search/commercial+landscaping+businesses+in+St.+Helena+Napa+CA/@38.5052429,-122.4703868,14z",2026-04-29T20:06:27.317Z,,
https://www.google.com/maps/place/Sequoia+Landscape+Materials/data=!4m7!3m6!1s0x808447f16dcc7835:0xa3bf8f14fc4cbdbd!8m2!3d38.4528848!4d-122.7103035!16s%2Fg%2F1td7ccfq!19sChIJNXjMbfFHhIARvb1M_BSPv6M,Sequoia Landscape Materials,4.6,87,Landscaping supply store,"1330 King St, Santa Rosa, CA 95403, United States","F73Q+5V Santa Rosa, California, USA",http://www.sequoiascape.com/,+1 707-527-5512,Open · Closes 4 pm,,https://lh3.googleusercontent.com/gps-cs-s/APNQkAF6B6neHJQWepZKI9UOpQU95jMJtCaNdLEptmBOatCzk3uGvIVB3o9e1uBChyJWZAPt5cpJihuYpPcPof12yoqT589lUwTb9HExwnQ_ydXPtIGbBMPFGDRulT0RuiD19pBkbVWp=w408-h544-k-no,true,8 am–4 pm,8 am–4 pm,8 am–4 pm,8 am–3 pm,Closed,8 am–4 pm,8 am–4 pm,"https://www.google.com/maps/search/commercial+landscaping+businesses+in+St.+Helena+Napa+CA/@38.5052429,-122.4703868,14z",2026-04-29T20:06:32.161Z,· In-store pick-up · Delivery,
https://www.google.com/maps/place/Perez+General+Jobs+Landscaping/data=!4m7!3m6!1s0x622d3892b7deca9d:0xfd02b16edf30d099!8m2!3d38.4856186!4d-122.73646!16s%2Fg%2F11kjh59hw0!19sChIJncret5I4LWIRmdAw326xAv0,Perez General Jobs Landscaping,5.0,43,Landscaper,,,https://landscapersantarosa-ca.com/,+1 707-376-5978,Open · Closes 8 pm,,https://lh3.googleusercontent.com/gps-cs-s/APNQkAHoCp3wdHH4QTmFTj4nIqgvlpkyoVwgIyjZqHak50-3_2ros2va-LBrCqpl_HaQ_qKnf0HRJnIoMC_zwj9dl4XEK77Jna7lKnvVR0nGWA--ZMZAtNDLFZO0a4Or5UjFXnGR6BalgvL8kU1p=w408-h306-k-no,true,7 am–8 pm,7 am–8 pm,7 am–8 pm,8 am–5 pm,8 am–5 pm,7 am–8 pm,7 am–8 pm,"https://www.google.com/maps/search/commercial+landscaping+businesses+in+St.+Helena+Napa+CA/@38.5052429,-122.4703868,14z",2026-04-29T20:06:37.053Z,,
"https://www.google.com/maps/place/Green+Vine+Landscaping,+Inc./data=!4m7!3m6!1s0x80844af7e3b6540b:0x6cbe81e38c0f4688!8m2!3d38.451317!4d-122.7339299!16s%2Fg%2F1ts2_hhl!19sChIJC1S24_dKhIARiEYPjOOBvmw","Green Vine Landscaping, Inc.",4.8,98,Landscaper,"1400 N Dutton Ave STE 21, Santa Rosa, CA 95401, United States","F728+GC Santa Rosa, California, USA",https://greenvinelandscaping.com/,+1 707-217-7507,Open · Closes 4:30 pm,,https://lh3.googleusercontent.com/gps-cs-s/APNQkAGcKOxu3VycCRWaHL_N0lfnEwDWTCHigiaoAwACLeZIIeTZ2AAoX-9CzTfcyLo_vmqDKywuFS2AMGLMBf0owqgGu3oL_pCDgLkECN8dIE7r8SQ6Y7CxX929Cv5RZoPOgfaOnrx5DGpNLcWQ=w426-h240-k-no,true,8 am–4:30 pm,8 am–4:30 pm,8 am–4:30 pm,Closed,Closed,8 am–4:30 pm,8 am–4:30 pm,"https://www.google.com/maps/search/commercial+landscaping+businesses+in+St.+Helena+Napa+CA/@38.5052429,-122.4703868,14z",2026-04-29T20:06:42.164Z,,
https://www.google.com/maps/place/WildCat+Patrol+Landscape+Corp/data=!4m7!3m6!1s0x405bb9ccd30682d3:0xccc766672a49c013!8m2!3d38.8950365!4d-122.6581595!16s%2Fg%2F11ww3_w3pg!19sChIJ04IG08y5W0ARE8BJKmdmx8w,WildCat Patrol Landscape Corp,5.0,1,Landscaper,,,https://www.landscapersthelenaca.com/,+1 707-236-4281,Open · Closes 4:30 pm,Identifies as Latino-owned,https://lh3.googleusercontent.com/gps-cs-s/APNQkAFgI1bRaIRodmcWhv6JUD5ic4PTCbqDMrVxvFk3zMzLzrIlOP_IiZZi1CQdYv4luj-mqtYsRs2qB8Obk68s3bOLp2etOyn1nYFUaV6FxRkwz8hXk42V1iw1trvoUIJste5nObA=w408-h306-k-no,true,8 am–4:30 pm,8 am–4:30 pm,8 am–4:30 pm,8 am–2 pm,Closed,8 am–4:30 pm,8 am–5 pm,"https://www.google.com/maps/search/commercial+landscaping+businesses+in+St.+Helena+Napa+CA/@38.5052429,-122.4703868,14z",2026-04-29T20:06:51.609Z,,
https://www.google.com/maps/place/Vicelandscape/data=!4m7!3m6!1s0x808447e9d6176cf7:0x34e4ef44dfafaecc!8m2!3d38.4410281!4d-122.7094184!16s%2Fg%2F1tfh4wmj!19sChIJ92wX1ulHhIARzK6v30Tv5DQ,Vicelandscape,5.0,43,Landscaper,"809 2nd St, Santa Rosa, CA 95404, United States","C7RR+C6 Santa Rosa, California, USA",https://vicelandscape.com/,+1 707-542-8597,Open 24 hours,,https://lh3.googleusercontent.com/gps-cs-s/APNQkAE8zqu4FjxlsbOWU1tlhcEZv7GepPG18871-ci0A7iKGKxSVJGjrikB0yRgKGojy3ptgZMThROc0Md3LlePJdzEqETM9MiDfwUWqJrnu48LIoPa-TLJDW_bp0NwMcm6fL9F5DsNwQ=w408-h306-k-no,true,Open 24 hours,Open 24 hours,Open 24 hours,Open 24 hours,Open 24 hours,Open 24 hours,Open 24 hours,"https://www.google.com/maps/search/commercial+landscaping+businesses+in+St.+Helena+Napa+CA/@38.5052429,-122.4703868,14z",2026-04-29T20:06:56.484Z,,
https://www.google.com/maps/place/Wells+Fargo+Advisors/data=!4m7!3m6!1s0x808451c5c889d6c3:0x451952c035a67487!8m2!3d38.5027701!4d-122.4671415!16s%2Fg%2F11symp7jvv!19sChIJw9aJyMVRhIARh3SmNcBSGUU,Wells Fargo Advisors,,,Investment service,"1107 Main St, St Helena, CA 94574, United States","GG3M+44 St Helena, California, USA",,+1 707-963-3607,,,https://streetviewpixels-pa.googleapis.com/v1/thumbnail?panoid=D25jR3W3Tc5yJQuAKAKOuQ&cb_client=search.gws-prod.gps&w=408&h=240&yaw=210.90797&pitch=0&thumbfov=100,true,,,,,,,,"https://www.google.com/maps/search/commercial+landscaping+businesses+in+St.+Helena+Napa+CA/@38.5052429,-122.4703868,14z",2026-04-29T20:06:59.119Z,,
https://www.google.com/maps/place/LandZen+Landscape+Design/data=!4m7!3m6!1s0x8084478d71bedc41:0x942721dc9f453f61!8m2!3d38.4614014!4d-122.7077883!16s%2Fg%2F11c58prr_5!19sChIJQdy-cY1HhIARYT9Fn9whJ5Q,LandZen Landscape Design,4.7,15,Landscape designer,"1050 Danbeck Ave, Santa Rosa, CA 95404, United States","F76R+HV Santa Rosa, California, USA",http://landzen.com/,+1 707-591-1629,Open · Closes 5 pm,,https://lh3.googleusercontent.com/gps-cs-s/APNQkAGTbLXhvYfvlplySGs1mKXI17oxGYFaNSqDLqQd7e8uXgxmxyTlrnCqt4p80OiNH8Mj5hnbfQ0MwEF8w1kw2JB94nGrWhSG7naugNbNWAuPNod5ZvYRq8xKkWNeePdjRu2hO7Iu=w408-h272-k-no,true,8 am–5 pm,8 am–5 pm,8 am–5 pm,Closed,Closed,8 am–5 pm,8 am–5 pm,"https://www.google.com/maps/search/commercial+landscaping+businesses+in+St.+Helena+Napa+CA/@38.5052429,-122.4703868,14z",2026-04-29T20:07:11.303Z,,
https://www.google.com/maps/place/Cakebread+Cellars/data=!4m7!3m6!1s0x8084543030d9124b:0x3780e44e9899431a!8m2!3d38.4477904!4d-122.4108888!16s%2Fm%2F011q073r!19sChIJSxLZMDBUhIARGkOZmE7kgDc,Cakebread Cellars,4.7,679,Winery,"8300 St Helena Hwy, Rutherford, CA 94573, United States","CHXQ+4J Rutherford, California, USA",http://www.cakebread.com/,+1 800-588-0298,Open · Closes 4 pm,,https://lh3.googleusercontent.com/gps-cs-s/APNQkAEEgy9Lcz-H_x3romVdr54vxp4IJ010s_RyulSrLIWm4fe8u6068hTqvKqPwfi1iGFFFeKSEnn63GIxB1yInUY8kPkTxvnlbr0hlxwJnGpiy_1OIlriwTNrl6UyG0-aTa9mvVNsBw=w408-h271-k-no,true,10 am–4 pm,10 am–4 pm,10 am–4 pm,10 am–4 pm,10 am–4 pm,10 am–4 pm,10 am–4 pm,"https://www.google.com/maps/search/commercial+landscaping+businesses+in+St.+Helena+Napa+CA/@38.5052429,-122.4703868,14z",2026-04-29T20:07:16.428Z,Guests taste wine in nine country-chic rooms & a glass-walled bottle library at this modern venue. · Delivery,
https://www.google.com/maps/place/Caymus+Vineyards/data=!4m7!3m6!1s0x808450981dfaa891:0xb48cf880dbbb4ff8!8m2!3d38.4712049!4d-122.3979952!16s%2Fm%2F03yx3zc!19sChIJkaj6HZhQhIAR-E-724D4jLQ,Caymus Vineyards,4.7,1112,Winery,"8700 Conn Creek Rd, Rutherford, CA 94573, United States","FJC2+FR Rutherford, California, USA",http://www.caymus.com/,+1 707-967-3010,Open · Closes 4:30 pm,,https://lh3.googleusercontent.com/gps-cs-s/APNQkAFm5U7LKGxZZwnHpevbEzCVXagzyuoAuq8Vmn9wWNlc4a1mKcjavF4W62sF71ISiW3zezUQkLu8X3It6__L9FI0UrXs2oPI3D3ivQWKx5LTh-RNvGaySOBkILzhOQaWgVb2YP2cnA=w408-h306-k-no,true,9:30 am–4:30 pm,9:30 am–4:30 pm,9:30 am–4:30 pm,9:30 am–4:30 pm,9:30 am–4:30 pm,9:30 am–4:30 pm,9:30 am–4:30 pm,"https://www.google.com/maps/search/commercial+landscaping+businesses+in+St.+Helena+Napa+CA/@38.5052429,-122.4703868,14z",2026-04-29T20:07:21.341Z,· Delivery,
https://www.google.com/maps/place/Ridge+Landscape/data=!4m7!3m6!1s0x80841150d7565d5f:0xfdda16a85705595d!8m2!3d38.614169!4d-122.8776575!16s%2Fg%2F11nxvhqtm5!19sChIJX11W11ARhIARXVkFV6gW2v0,Ridge Landscape,4.7,23,Landscaper,"160 Foss Creek Cir #1311, Healdsburg, CA 95448, United States","J47C+MW Healdsburg, California, USA",https://www.ridge-landscape.com/,+1 707-582-0170,Open · Closes 5 pm,,https://lh3.googleusercontent.com/gps-cs-s/APNQkAE2LXw5jmMatEVBNrjwfekchro7JPj0LRCSBK44CsJUxvpL7LVzo8wj7R5dnyKNkxPPzE8IrAoLF_PwkQdU3uvCo5YRkz0mwWsU0w53PyrE_OGtksS3Heq_4F8jI7ckXYCg5Ty1bA=w408-h306-k-no,true,6 am–5 pm,6 am–5 pm,6 am–5 pm,6 am–5 pm,Closed,6 am–5 pm,6 am–5 pm,"https://www.google.com/maps/search/commercial+landscaping+businesses+in+St.+Helena+Napa+CA/@38.5052429,-122.4703868,14z",2026-04-29T20:07:26.587Z,,
https://www.google.com/maps/place/Larkmead+Vineyards/data=!4m7!3m6!1s0x80845b46164cc683:0x584d08b1fd7ac451!8m2!3d38.5587193!4d-122.5245894!16s%2Fg%2F1wc485p6!19sChIJg8ZMFkZbhIARUcR6_bEITVg,Larkmead Vineyards,4.4,49,Vineyard,"1100 Larkmead Ln, Calistoga, CA 94515, United States","HF5G+F5 Calistoga, California, USA",http://www.larkmead.com/,+1 707-942-0167,,,https://lh3.googleusercontent.com/gps-cs-s/APNQkAEyVaVtrA8OwSxrQqrWQh7eiE8hNAHJ1PQAmqv_cvcdj-DMgPlgVXeO2k4hHUv-etebKhpagjEYdArn0NqDQxGttJrQi7Py7vz3BsdXCcpt3rqBsYsN5W-2cDOUd9iJ3ooslz8v=w408-h305-k-no,true,10 am–3:30 pm,10 am–3:30 pm,10 am–3:30 pm,10 am–3:30 pm,10 am–3:30 pm,10 am–3:30 pm,10 am–3:30 pm,"https://www.google.com/maps/search/commercial+landscaping+businesses+in+St.+Helena+Napa+CA/@38.5052429,-122.4703868,14z",2026-04-29T20:07:31.517Z,,
https://www.google.com/maps/place/Amado+Landscaping/data=!4m7!3m6!1s0x4fbe42ceb0756711:0x3bbd47f5acc9f645!8m2!3d38.5096164!4d-122.3540065!16s%2Fg%2F11whrm_6mh!19sChIJEWd1sM5Cvk8RRfbJrPVHvTs,Amado Landscaping,,,Landscaper,,,https://amadolandscapingca.com/,+1 707-397-9472,Open · Closes 5 pm,,https://lh3.googleusercontent.com/gps-cs-s/APNQkAFOOJxonZWLsE-rDRSiZiVXQbylRH1OhMLjtQDMT0m2oLLM4yb5oYAVTAOIERK4dIiWhGMp9LZg7ogRVb3TamSce-g9uUKzyem_vspZvWwSBCB8TvDZ65yAYnI7tSOi2rWTLySSDOkvO6ZZ=w426-h240-k-no,true,8 am–5 pm,8 am–5 pm,8 am–5 pm,8 am–5 pm,Closed,8 am–5 pm,8 am–5 pm,"https://www.google.com/maps/search/commercial+landscaping+businesses+in+St.+Helena+Napa+CA/@38.5052429,-122.4703868,14z",2026-04-29T20:07:36.171Z,,
https://www.google.com/maps/place/Valley+Oak+Landscaping/data=!4m7!3m6!1s0x808449e6dfc0855f:0x5ec2b3b7c4c52a4e!8m2!3d38.5210995!4d-122.7935146!16s%2Fg%2F11f55jjhs8!19sChIJX4XA3-ZJhIARTirFxLezwl4,Valley Oak Landscaping,4.8,38,Landscaper,"930 Shiloh Rd, Windsor, CA 95492, United States","G6C4+CH Windsor, California, USA",https://valleyoaklandscaping.com/,+1 707-889-0579,Open · Closes 5:30 pm,,https://lh3.googleusercontent.com/gps-cs-s/APNQkAHXsgldRdORp1lqqrKX_Y8PUdtt3zqRFyAuoHPicUlUxdg_Yoq8Aj4rE3SP4m0ItKDdBxorPENVIhqh9uRn60VkOhW5P1CDLoI7C_5LpnRent2eetpIH9dTENMtst67UUV3tVxD=w408-h306-k-no,true,7 am–5:30 pm,7 am–5:30 pm,Closed,Closed,Closed,7 am–5:30 pm,7 am–5:30 pm,"https://www.google.com/maps/search/commercial+landscaping+businesses+in+St.+Helena+Napa+CA/@38.5052429,-122.4703868,14z",2026-04-29T20:07:41.302Z,,
https://www.google.com/maps/place/Amado+Landscaping/data=!4m7!3m6!1s0x4d7ea7a45196abdf:0x7bf65b9cc3d2cec4!8m2!3d38.5096164!4d-122.3540065!16s%2Fg%2F11lt9_p4tj!19sChIJ36uWUaSnfk0RxM7Sw5xb9ns,Amado Landscaping,,,Landscaper,,,https://www.amadolandscapingca.com/,+1 707-397-9472,Open · Closes 5 pm,,https://lh3.googleusercontent.com/gps-cs-s/APNQkAFdwLd9nvHs6gAQ-kmJKaYgh132of63rI_gnLYDbRgQpiF4eF-HaQIYQdX3-INibx0YKBTHbffUyWXdQQDvWtOTRXfrEvnC-fFcL3TJHrxS0AOUUlNgHOkomshxtV-_p8tBbGeGpfdLn8LV=w426-h240-k-no,true,8 am–5 pm,8 am–5 pm,8 am–5 pm,8 am–5 pm,Closed,8 am–5 pm,8 am–5 pm,"https://www.google.com/maps/search/commercial+landscaping+businesses+in+St.+Helena+Napa+CA/@38.5052429,-122.4703868,14z",2026-04-29T20:07:45.874Z,,
https://www.google.com/maps/place/MDL+landscapes/data=!4m7!3m6!1s0x808447cf25f143e1:0xe11e8824454c0228!8m2!3d38.4362325!4d-122.7022381!16s%2Fg%2F11lljqs1hf!19sChIJ4UPxJc9HhIARKAJMRSSIHuE,MDL landscapes,5.0,13,Landscape designer,,,https://mdlandscapes.net/,+1 707-536-6048,Open · Closes 5 pm,,https://lh3.googleusercontent.com/gps-cs-s/APNQkAFePfy_ES2whFsgNPgvyiLwTH2bRT1OXxdO2Tf7mWMxDAyov91ciUMy2KERjr3ssO-NVqiTh9IpkM8_IZvoZ2iFzxhD_D0734ednKSDX-toUILPvH7P9coEtcqbXiaJYVvMdkQ=w408-h306-k-no,true,9 am–5 pm,9 am–5 pm,9 am–5 pm,Closed,Closed,9 am–5 pm,9 am–5 pm,"https://www.google.com/maps/search/commercial+landscaping+businesses+in+St.+Helena+Napa+CA/@38.5052429,-122.4703868,14z",2026-04-29T20:07:50.831Z,,
https://www.google.com/maps/place/Turnbull+Wine+Cellars/data=!4m7!3m6!1s0x8084543159e47ebf:0x15ea63f0cf50e048!8m2!3d38.4445482!4d-122.4083986!16s%2Fm%2F03nzfd7!19sChIJv37kWTFUhIARSOBQz_Bj6hU,Turnbull Wine Cellars,4.5,171,Winery,"8210 St Helena Hwy, Oakville, CA 94562, United States","CHVR+RJ Oakville, California, USA",http://www.turnbullwines.com/,+1 707-963-5839,Open · Closes 4 pm,,https://lh3.googleusercontent.com/gps-cs-s/APNQkAECZDg4HDijZsVva2HHpfGsj2wUCe7e3ZDmxlSHVCLyzmpENlXCayWQ_OcH6TZmD3piKE2IElzu54qf9HSjsFn9TsE5ePJRy3fm0ZB6wSM8Kk8JBF8ZHz8YMUXOz_QWqhdPiCqp=w408-h258-k-no,true,10 am–4 pm,10 am–4 pm,10 am–4 pm,10 am–4 pm,10 am–4 pm,10 am–4 pm,10 am–4 pm,"https://www.google.com/maps/search/commercial+landscaping+businesses+in+St.+Helena+Napa+CA/@38.5052429,-122.4703868,14z",2026-04-29T20:07:55.730Z,· Dogs allowed,
"https://www.google.com/maps/place/Landesign+Construction+%26+Maintenance,+Inc./data=!4m7!3m6!1s0x808448f0bd1b8973:0x297d79a5422e02f0!8m2!3d38.5108677!4d-122.7878964!16s%2Fg%2F12hz48x_t!19sChIJc4kbvfBIhIAR8AIuQqV5fSk","Landesign Construction & Maintenance, Inc.",4.8,60,Landscaper,"1328 Airport Blvd, Santa Rosa, CA 95403, United States","G666+8R Santa Rosa, California, USA",https://www.landesign-inc.com/,+1 707-833-7630,Open · Closes 4 pm,,https://lh3.googleusercontent.com/gps-cs-s/APNQkAHhgLr7HiZdSjsbSJNHEyRKrMVtSfJ5P2Qk3nBQeCg9wiKKTw1LueF417t0A7z8ne7qYwsv0kcLiRIK4X3Mb1zWxEWwAO1vlh2amSlS3L7QHDkBWYzfr8uyARHLpREtuunt6hMAcMWtqzEy=w408-h272-k-no,true,8 am–4 pm,8 am–4 pm,8 am–4 pm,Closed,Closed,8 am–4 pm,8 am–4 pm,"https://www.google.com/maps/search/commercial+landscaping+businesses+in+St.+Helena+Napa+CA/@38.5052429,-122.4703868,14z",2026-04-29T20:08:00.509Z,,
https://www.google.com/maps/place/ECOS+Land+Services/data=!4m7!3m6!1s0x2e150ff92d599f5:0x98968723a7fce90b!8m2!3d38.698251!4d-122.846947!16s%2Fg%2F11z0wd7pvb!19sChIJ9ZnVkv9Q4QIRC-n8pyOHlpg,ECOS Land Services,5.0,4,Landscaper,,,https://www.ecoslandservices.com/,+1 707-721-6355,Open · Closes 5 pm,,https://lh3.googleusercontent.com/gps-cs-s/APNQkAExog7j6IlNtm-B_YTmOdBqtDI8mfdKajWkc-6fuCvUbOPV0M5yBMaSvr2E2rbho9tLenNsj_qG-Gm01tWTnJh3kvyQvxiDcYSyhqV7VfMie5TGGWdA1r4vfcYejQkwXpxUqzcVDgv3GZc=w408-h306-k-no,true,7 am–5 pm,7 am–5 pm,7 am–5 pm,Closed,Closed,7 am–5 pm,7 am–5 pm,"https://www.google.com/maps/search/commercial+landscaping+businesses+in+St.+Helena+Napa+CA/@38.5052429,-122.4703868,14z",2026-04-29T20:08:14.899Z,,
https://www.google.com/maps/place/iGreen+Landscaping+Company/data=!4m7!3m6!1s0x80850d66bf7fc247:0xa97ded21b663bb13!8m2!3d38.318599!4d-122.2482385!16s%2Fg%2F11gl4l5l4l!19sChIJR8J_v2YNhYARE7tjtiHtfak,iGreen Landscaping Company,5.0,10,Landscaper,,,http://igreenlandscaping.net/,+1 707-771-0653,Open · Closes 5 pm,,https://lh3.googleusercontent.com/gps-cs-s/APNQkAFmPhsFN5qcLigrWnfEDesfXL6E7roomyV2Whh0nIa996wYQ9Kf-ik7CeNVwJmvBbHDJN1UJ8ArPoM_HmnQnA7A6oyMxghvxYU06V02aLkTvdOdIPy55d8u1HAgTjof0EOETqed-A=w408-h306-k-no,true,8 am–5 pm,8 am–5 pm,8 am–5 pm,8 am–5 pm,Closed,8 am–5 pm,8 am–5 pm,"https://www.google.com/maps/search/commercial+landscaping+businesses+in+St.+Helena+Napa+CA/@38.5052429,-122.4703868,14z",2026-04-29T20:08:19.632Z,,
https://www.google.com/maps/place/A%26J+Yard+Service/data=!4m7!3m6!1s0x6608604e8c4c3259:0x93e6513b631fac01!8m2!3d38.4630881!4d-122.9899756!16s%2Fg%2F11vly54prn!19sChIJWTJMjE5gCGYRAawfYztR5pM,A&J Yard Service,4.9,75,Tree service,,,https://ajyardservice.com/,+1 707-940-1259,Open · Closes 5 pm,,https://lh3.googleusercontent.com/gps-cs-s/APNQkAHyPIPTCkJBXt8BkSzxHI6WaPBt8MPEu_1HeSbf5wFJfjU-mUljR0dnhujIvY3TPrlu2j0YW9K70oQyLnQ9uPsdlOcPDm3fLPnryHaCN-Fz4FEpvsJzAa4rqZ4ZTEqvGVgnMh_VVTuzcpoY=w408-h544-k-no,true,9 am–5 pm,9 am–5 pm,9 am–5 pm,9 am–5 pm,Closed,9 am–5 pm,9 am–5 pm,"https://www.google.com/maps/search/commercial+landscaping+businesses+in+St.+Helena+Napa+CA/@38.5052429,-122.4703868,14z",2026-04-29T20:08:24.371Z,,
https://www.google.com/maps/place/Sonoma+Succulents+Landscape+Design/data=!4m7!3m6!1s0x4eb6d120a6899fd7:0x6973e13483ce26d2!8m2!3d38.46878!4d-122.846947!16s%2Fg%2F11ksbd7_l4!19sChIJ15-JpiDRtk4R0ibOgzThc2k,Sonoma Succulents Landscape Design,5.0,2,Landscape designer,,,https://www.sonomasucculentsdesign.com/,+1 707-228-8636,Open · Closes 5 pm,LGBTQ+ friendly,https://lh3.googleusercontent.com/gps-cs-s/APNQkAGfbW6xxmtX5XU1nZ3DhJd68Qb58MOtdvGcSKP3chlCGSl0_MvEdjVuvRI2grk69TDDCPDNdn5Yv1R1QM05YD3puhpkhDGbNuyhlrekGmz6f0uKO1PX39n6s-6wLNUJXLP9Q3Lurg=w408-h306-k-no,true,9 am–5 pm,9 am–5 pm,9 am–5 pm,Closed,Closed,9 am–5 pm,9 am–5 pm,"https://www.google.com/maps/search/commercial+landscaping+businesses+in+St.+Helena+Napa+CA/@38.5052429,-122.4703868,14z",2026-04-29T20:08:29.095Z,,
"https://www.google.com/maps/place/JBS+Landscaping+Co./@38.2224999,-122.625261,10z/data=!3m1!4b1!4m6!3m5!1s0x8085b15911ac1447:0x2f4c4f13b979371d!8m2!3d38.2225!4d-122.625261!16s%2Fg%2F1tk_jyp6",JBS Landscaping Co.,4.9,10,Landscaper,,,https://landscaperpetaluma.com/,+1 707-338-2553,Open · Closes 5 pm,Identifies as Latino-owned,,true,7 am–5 pm,7 am–5 pm,7 am–5 pm,Closed,Open 24 hours,7 am–5 pm,7 am–5 pm,"https://www.google.com/maps/search/commercial+landscaping+businesses+in+St.+Helena+Napa+CA/@38.5052429,-122.4703868,14z",2026-04-29T20:08:35.767Z,,
https://www.google.com/maps/place/True+North+Landscapes/data=!4m7!3m6!1s0x8084494192d3f72f:0x94e51369022b1385!8m2!3d38.4251118!4d-122.7102579!16s%2Fg%2F11h04b2qx4!19sChIJL_fTkkFJhIARhRMrAmkT5ZQ,True North Landscapes,3.1,13,Landscaper,"1285 Petaluma Hill Rd A, Santa Rosa, CA 95405, United States","C7GQ+2V Santa Rosa, California, USA",http://www.truenorthlandscapes.com/,+1 707-978-2111,Open · Closes 4 pm,,https://lh3.googleusercontent.com/gps-cs-s/APNQkAErs94LOwxMuzNFxB66INqKF01RXhYMUR1xKXYiZ2FasSCNmrsE_509hD46R-dQVuPN2pPJ-WkM9x7TAZV8PU-la3eaaQBOe0FxQGubj3jfydh7k4UMds4cOAfEM3PMb1jx4asD6g=w408-h406-k-no,true,8 am–4 pm,8 am–4 pm,8 am–4 pm,Closed,Closed,8 am–4 pm,8 am–4 pm,"https://www.google.com/maps/search/commercial+landscaping+businesses+in+St.+Helena+Napa+CA/@38.5052429,-122.4703868,14z",2026-04-29T20:08:40.898Z,,
https://www.google.com/maps/place/Wheeler+Zamaroni/data=!4m7!3m6!1s0x8084483547677627:0x9e45b797cc0edddc!8m2!3d38.406972!4d-122.6999526!16s%2Fg%2F1tptqv3q!19sChIJJ3ZnRzVIhIAR3N0OzJe3RZ4,Wheeler Zamaroni,4.1,54,Building materials store,"3500 Petaluma Hill Rd, Santa Rosa, CA 95404, United States","C842+Q2 Santa Rosa, California, USA",http://www.wzsupply.com/,+1 707-543-8400,Open · Closes 4:30 pm,,https://lh3.googleusercontent.com/gps-cs-s/APNQkAF7oACI2FymgMMQcLrz04RqVghqNgqjvnJ3Fy8L_TWBnDG6b6YEYUAiOmhdabtOCrS2REHU_xpRYBq0eWZF4yRjKEaSPfN4WQ0HqizcxaEEBfxDu2iSc0irUatpNLVxu7XwdUMkjyGpzeUb=w408-h544-k-no,true,7 am–4:30 pm,7 am–4:30 pm,7 am–4:30 pm,8 am–4 pm,Closed,7 am–4:30 pm,7 am–4:30 pm,"https://www.google.com/maps/search/commercial+landscaping+businesses+in+St.+Helena+Napa+CA/@38.5052429,-122.4703868,14z",2026-04-29T20:08:45.903Z,"Landscape & building materials, plus stone fabrication, for commercial & residential properties. · In-store pick-up · Delivery",
https://www.google.com/maps/place/Northview+Landscaping/data=!4m7!3m6!1s0x80843fe97a43f8bb:0x7a5f201b2685f496!8m2!3d38.4856186!4d-122.73646!16s%2Fg%2F11fjmv9kkx!19sChIJu_hDeuk_hIARlvSFJhsgX3o,Northview Landscaping,4.7,11,Landscaper,,,https://northviewlandscape.com/?utm_source=organic&utm_medium=gbp&utm_term=website,+1 707-657-9508,Open · Closes 5 pm,,https://lh3.googleusercontent.com/gps-cs-s/APNQkAEe3pxDfj0QwQHH1G4GZWA9q5PKpvagI8IexMuQ9g7X5dGOFCtDPT1mOxHAaRAzjSyNQ_caQkAYyI8c5ky5t5orqm5-iqhKE0RJfkroYG0SOiTAqRtKAIjtbWmw_po0YKs0sK2XHw=w426-h240-k-no,true,8 am–5 pm,8 am–5 pm,8 am–5 pm,Closed,Closed,8 am–5 pm,8 am–5 pm,"https://www.google.com/maps/search/commercial+landscaping+businesses+in+St.+Helena+Napa+CA/@38.5052429,-122.4703868,14z",2026-04-29T20:08:50.771Z,,
https://www.google.com/maps/place/Sonoma+Valley+Lawn-Care+LLC/data=!4m7!3m6!1s0xaae6c7d0aa7388ed:0x2f8028d5d0c2d5b5!8m2!3d39.302947!4d-101.7257825!16s%2Fg%2F11xfjgyqrc!19sChIJ7YhzqtDH5qoRtdXC0NUogC8,Sonoma Valley Lawn-Care LLC,5.0,4,Landscape designer,,,http://www.sonomavalleylawn.com/,+1 707-933-7063,Open · Closes 7 pm,,https://lh3.googleusercontent.com/gps-cs-s/APNQkAGsP0NSos8uafg031noV95NP2acPZ1ihA1J_l36CmU5h3eSMB50g3-ftc0_d41J4R9TWwu1fsCy5yVRaym7Oad4vhz9BDQ9Wlu52zgh30i8npBXkyB-a6vXT-WnwC5LjugZj4OfTa4lARI=w426-h240-k-no,true,7 am–7 pm,7 am–7 pm,7 am–7 pm,7 am–7 pm,Closed,7 am–7 pm,7 am–7 pm,"https://www.google.com/maps/search/commercial+landscaping+businesses+in+St.+Helena+Napa+CA/@38.5052429,-122.4703868,14z",2026-04-29T20:08:55.710Z,,
https://www.google.com/maps/place/Norcal+Outdoor+Services/data=!4m7!3m6!1s0xe5ca40cd0d541af:0x757c20ee702efd4!8m2!3d38.339701!4d-122.846947!16s%2Fg%2F11z117ks0q!19sChIJr0HV0AykXA4R1O8C5w7CVwc,Norcal Outdoor Services,,,Landscape designer,,,https://norcaloutdoorservices.lovable.app/,+1 707-480-3442,Open · Closes 8 pm,,https://lh3.googleusercontent.com/gps-cs-s/APNQkAEwnf5go7elm13EIZzO36kc9BzsLskxPHZv_Qxlo02pOnvdrCGjzr8jg4pO479hFcBVYKbIg_9W9Jo6x97h0THycr0gjIgTYmiVjSavtoKsbBGoK8ah2HUPCk8IJF4mYW14AkPuJ7sNJq3A=w475-h240-k-no,true,6 am–8 pm,6 am–8 pm,6 am–8 pm,6 am–8 pm,Closed,6 am–8 pm,6 am–8 pm,"https://www.google.com/maps/search/commercial+landscaping+businesses+in+St.+Helena+Napa+CA/@38.5052429,-122.4703868,14z",2026-04-29T20:09:00.374Z,,
"https://www.google.com/maps/place/Helmer+%26+Sons/@38.5916699,-122.4378529,17z/data=!3m1!4b1!4m6!3m5!1s0x80845950dd2b031d:0x2b1d84a5921da6c2!8m2!3d38.5916699!4d-122.4378529!16s%2Fg%2F1wn_6b40",Helmer & Sons,5.0,1,Construction company,"910 Howell Mountain Rd, Angwin, CA 94508, United States","HHR6+MV Angwin, California, USA",,+1 707-965-2425,,,,false,,,,,,,,"https://www.google.com/maps/search/commercial+landscaping+businesses+in+St.+Helena+Napa+CA/@38.5052429,-122.4703868,14z",2026-04-29T20:09:05.227Z,,
https://www.google.com/maps/place/Palmer+Landscape+Irrigation/data=!4m7!3m6!1s0xa43be793055c687:0x706efe3da644e7aa!8m2!3d38.39487!4d-122.9899756!16s%2Fg%2F11wvy4vq_8!19sChIJh8ZVMHm-QwoRqudEpj3-bnA,Palmer Landscape Irrigation,5.0,10,Repair service,,,https://palmerli.com/,+1 707-721-9023,Open · Closes 6 pm,,https://lh3.googleusercontent.com/gps-cs-s/APNQkAHoMPWu98PN6jgysRc7t-6k335GdbCwJCcnXnzBO-RdoMBFajv2xuzVSu4eXAihhz5S5KvwRJRLO3_rKm4VcKlsBFnAD4AZqsZtVsQoe4kcIm_T15pGLhR9uoq4PH3ahXYS59s=w408-h374-k-no,true,8 am–6 pm,8 am–6 pm,8 am–6 pm,9 am–5 pm,Closed,8 am–6 pm,8 am–6 pm,"https://www.google.com/maps/search/commercial+landscaping+businesses+in+St.+Helena+Napa+CA/@38.5052429,-122.4703868,14z",2026-04-29T20:09:09.989Z,,
"https://www.google.com/maps/place/Ruiz+Landscaping/@38.688795,-122.687084,10z/data=!3m1!4b1!4m6!3m5!1s0x47292bdc42e6b8e1:0x282827120ecc3e09!8m2!3d38.688795!4d-122.687084!16s%2Fg%2F11vql05xb_",Ruiz Landscaping,5.0,18,Landscaper,,,http://ruizlandscapinginc.net/,+1 707-235-0405,Open · Closes 6 pm,,,true,7:30 am–6 pm,7:30 am–6 pm,7:30 am–6 pm,Closed,Closed,7:30 am–6 pm,7:30 am–6 pm,"https://www.google.com/maps/search/commercial+landscaping+businesses+in+St.+Helena+Napa+CA/@38.5052429,-122.4703868,14z",2026-04-29T20:09:16.739Z,,
"https://www.google.com/maps/place/Sakai+Building+%26+Landscaping/@38.5977943,-122.5995308,17z/data=!3m1!4b1!4m6!3m5!1s0x8084424605434f95:0x1aef1982c119b3dc!8m2!3d38.5977943!4d-122.5995308!16s%2Fg%2F1tql4_j_",Sakai Building & Landscaping,,,Landscaper,"1340 Tubbs Ln, Calistoga, CA 94515, United States","HCX2+45 Calistoga, California, USA",,+1 707-942-8933,,,,true,,,,,,,,"https://www.google.com/maps/search/commercial+landscaping+businesses+in+Calistoga+Napa+CA/@38.5787965,-122.5797054,14z",2026-04-29T20:09:36.660Z,,
https://www.google.com/maps/place/Jonathon+Plant+Associates/data=!4m7!3m6!1s0x80844230f81f1c03:0x97107a3eb8d2c573!8m2!3d38.590753!4d-122.613536!16s%2Fg%2F1tx1tdsy!19sChIJAxwf-DBChIARc8XSuD56EJc,Jonathon Plant Associates,,,Landscape designer,"1330 Firview Dr, Calistoga, CA 94515, United States","H9RP+8H Calistoga, California, USA",,+1 707-942-8950,,,https://streetviewpixels-pa.googleapis.com/v1/thumbnail?panoid=ZiqAcKALCpsUNYIFb6Uu-g&cb_client=search.gws-prod.gps&w=408&h=240&yaw=278.43948&pitch=0&thumbfov=100,false,,,,,,,,"https://www.google.com/maps/search/commercial+landscaping+businesses+in+Calistoga+Napa+CA/@38.5787965,-122.5797054,14z",2026-04-29T20:09:39.248Z,,
https://www.google.com/maps/place/Mr.+Roses+Landscaping/data=!4m7!3m6!1s0x8bf9d3bf8a9193eb:0x4351db806324fa46!8m2!3d35.80717!4d-120.6394355!16s%2Fg%2F11v67bb6w3!19sChIJ65ORir_T-YsRRvokY4DbUUM,Mr. Roses Landscaping,,,Landscaper,,,,+1 707-582-2026,Open · Closes 4:30 pm,,https://lh3.googleusercontent.com/gps-cs-s/APNQkAFsTNSq1xd3f0P45Z6eOcPR3mFOx22N8QGiZuF-kd9nF6LvigdkIa0UvD0-yQWNs5MJt0ozqlSJD-L3DybhEVHlVm365qNOXxa9JabOWiFjUlgQavyKJz7l4bN10LYyhdH_Jdfm=w420-h240-k-no,true,10 am–4:30 pm,10 am–4:30 pm,10 am–4:30 pm,Closed,Closed,7 am–4:30 pm,10 am–4:30 pm,"https://www.google.com/maps/search/commercial+landscaping+businesses+in+Calistoga+Napa+CA/@38.5787965,-122.5797054,14z",2026-04-29T20:09:43.900Z,,
https://www.google.com/maps/place/Shergill%27s+Landscape/data=!4m7!3m6!1s0x80850c788175a977:0x61da577dddb5ef40!8m2!3d38.1687082!4d-122.2652233!16s%2Fg%2F1v6l7qd1!19sChIJd6l1gXgMhYARQO-13X1X2mE,Shergill's Landscape,4.3,10,Landscape designer,"55 Wentworth Ct, American Canyon, CA 94503, United States","5P9M+FW American Canyon, California, USA",http://shergill.design/,+1 707-648-7955,,,https://streetviewpixels-pa.googleapis.com/v1/thumbnail?panoid=sR4E4-nby2UX0KcgbVx6qw&cb_client=search.gws-prod.gps&w=408&h=240&yaw=176.15526&pitch=0&thumbfov=100,true,,,,,,,,"https://www.google.com/maps/search/commercial+landscaping+businesses+in+American+Canyon+Napa+CA/@38.1749178,-122.2608044,14z",2026-04-29T20:10:04.661Z,,
https://www.google.com/maps/place/Advance+Landscaping/data=!4m7!3m6!1s0x80850c9247ad98a3:0x8a08ee01377731ae!8m2!3d38.1562851!4d-122.2469139!16s%2Fg%2F1trsy6qr!19sChIJo5itR5IMhYARrjF3NwHuCIo,Advance Landscaping,5.0,2,Landscaper,"18 Oriole Ct, American Canyon, CA 94503, United States","5Q43+G6 American Canyon, California, USA",,+1 707-342-2987,,,https://lh3.googleusercontent.com/gps-cs-s/APNQkAGR-biflM4I0YNBUH9vSBnHTnx3c34HzejgBZjegPmjlAWMnhRxYK4_10Iamfl2EZ18SZ2oCGW5spPwEAcytFGHTwfvFyogRyhneHgkz4u4qB4aPIwTyl0icZVD01WzH484Wqc1=w408-h306-k-no,true,,,,,,,,"https://www.google.com/maps/search/commercial+landscaping+businesses+in+American+Canyon+Napa+CA/@38.1749178,-122.2608044,14z",2026-04-29T20:10:07.394Z,,
https://www.google.com/maps/place/American+Canyon+Landscape/data=!4m7!3m6!1s0x80850daae58e2b63:0x6b8954ac849ff885!8m2!3d38.1568546!4d-122.2567414!16s%2Fg%2F11y33k323l!19sChIJYyuO5aoNhYARhfifhKxUiWs,American Canyon Landscape,,,Landscaper,"26 Stetson Dr, American Canyon, CA 94503, United States","5P4V+P8 American Canyon, California, USA",https://www.americancanyonlandscape.com/,+1 707-655-5826,Open 24 hours,,https://lh3.googleusercontent.com/gps-cs-s/APNQkAEP0jd1MKVL-_UaYMbqBo11h3neRBafLsVSFyYVwo8cRB-m5TVUB29tYyEFw3SiwZa8xZkBJ7TpfZrm1i4Rn9F01a3WTU83iIXW3EtVLN2_1YhynrrMzcQLAyuDoC7v8wyLQ8s=w408-h255-k-no,true,Open 24 hours,Open 24 hours,Open 24 hours,Open 24 hours,Open 24 hours,Open 24 hours,Open 24 hours,"https://www.google.com/maps/search/commercial+landscaping+businesses+in+American+Canyon+Napa+CA/@38.1749178,-122.2608044,14z",2026-04-29T20:10:12.175Z,,
https://www.google.com/maps/place/BrightView+Landscapes/data=!4m7!3m6!1s0x80850ecf047015a1:0xad4fdbc22e90e0d!8m2!3d38.1922121!4d-122.2547!16s%2Fg%2F1tdvkdjb!19sChIJoRVwBM8OhYARDQ7pIrz91Ao,BrightView Landscapes,3.9,7,Landscaper,"4100 Paoli Loop Rd, American Canyon, CA 94503, United States","5PRW+V4 American Canyon, California, USA",https://www.brightview.com/local/american-canyon-ca/landscape-services,+1 707-251-8872,Open · Closes 5 pm,,https://streetviewpixels-pa.googleapis.com/v1/thumbnail?panoid=JNX7AkgSfJsDSPQXsU8uPw&cb_client=search.gws-prod.gps&w=408&h=240&yaw=115.19097&pitch=0&thumbfov=100,true,8 am–5 pm,8 am–5 pm,8 am–5 pm,Closed,Closed,8 am–5 pm,8 am–5 pm,"https://www.google.com/maps/search/commercial+landscaping+businesses+in+American+Canyon+Napa+CA/@38.1749178,-122.2608044,14z",2026-04-29T20:10:17.005Z,,
https://www.google.com/maps/place/Mike%27s+Gardening+Service/data=!4m7!3m6!1s0x80850c91c40aaaff:0x13bb6fafcb15e206!8m2!3d38.156111!4d-122.250146!16s%2Fg%2F11c4bnzqkr!19sChIJ_6oKxJEMhYARBuIVy69vuxM,Mike's Gardening Service,3.7,3,Landscaper,"9 Vine Terrace Way, American Canyon, CA 94503, United States","5P4X+CW American Canyon, California, USA",,+1 707-373-8428,Open · Closes 4 pm,,https://lh3.googleusercontent.com/gps-cs-s/APNQkAEG0doD5ZgZxdmZQLM2oOD_0Pr_BrW-fWnlft759vlYK-Afx3wcIxC1XxUl2mM5HQ03Ap5tQW4gUvnxgCOTCry8wgeuQ0yN7AufW8agE-_EvZrO76D9_A4i3FNZjnXTi1C1Mkos=w408-h544-k-no,true,8 am–4 pm,8 am–4 pm,8 am–4 pm,8 am–4 pm,Closed,8 am–4 pm,8 am–4 pm,"https://www.google.com/maps/search/commercial+landscaping+businesses+in+American+Canyon+Napa+CA/@38.1749178,-122.2608044,14z",2026-04-29T20:10:21.895Z,,
"https://www.google.com/maps/place/Crown+Landscape+Contractors,+Inc/data=!4m7!3m6!1s0x80850c91d289e49f:0xe227b42144089826!8m2!3d37.2695056!4d-119.306607!16s%2Fg%2F1hhvt3vz7!19sChIJn-SJ0pEMhYARJpgIRCG0J-I","Crown Landscape Contractors, Inc",5.0,3,Landscaper,,,http://www.crownlandscapecontractors.com/,+1 707-704-6273,Open · Closes 6 pm,LGBTQ+ friendly,https://lh3.googleusercontent.com/gps-cs-s/APNQkAFLBbB2f4UhJZgq37W65Y6-8mDpkextVhdbo_JkyXuoyk4TDEr9jsHFYsNucSV_sn1-f-eTMWzNeiO8m3kKOH9L5xBqGRjh7AlGxr_z_qJ4d5Aob8YRfZdEmiOoxjG5xOIopUBsZOogcvDj=w408-h544-k-no,true,7 am–6 pm,7 am–6 pm,7 am–6 pm,7 am–4 pm,Closed,7 am–6 pm,7 am–6 pm,"https://www.google.com/maps/search/commercial+landscaping+businesses+in+American+Canyon+Napa+CA/@38.1749178,-122.2608044,14z",2026-04-29T20:10:26.535Z,,
"https://www.google.com/maps/place/Broadway+Landscape+Materials/@38.1724202,-122.25461,17z/data=!3m1!4b1!4m6!3m5!1s0x80850dce8f890bed:0x515ecc9790f12a71!8m2!3d38.1724202!4d-122.25461!16s%2Fg%2F11t0w1ncj9",Broadway Landscape Materials,2.8,5,Landscaping supply store,"3631 Broadway, American Canyon, CA 94503, United States","5PCW+X5 American Canyon, California, USA",http://www.broadwaylandscapematerials.com/,+1 707-643-6321,Open · Closes 5 pm,,,true,7 am–5 pm,7 am–5 pm,7 am–5 pm,7 am–5 pm,Closed,7 am–5 pm,7 am–5 pm,"https://www.google.com/maps/search/commercial+landscaping+businesses+in+American+Canyon+Napa+CA/@38.1749178,-122.2608044,14z",2026-04-29T20:10:33.751Z,· Delivery,
https://www.google.com/maps/place/Black+Mountain+Landscape+Maintenance/data=!4m7!3m6!1s0x2716c9dae8d2b2d7:0xa59d7bfdf19d6bd0!8m2!3d38.2726825!4d-122.2872945!16s%2Fg%2F11zkpy8tk4!19sChIJ17LS6NrJFicR0Gud8f17naU,Black Mountain Landscape Maintenance,5.0,5,Lawn care service,,,http://bmlandscapemaintenance.com/,+1 707-654-9772,Open · Closes 4:30 pm,,https://lh3.googleusercontent.com/gps-cs-s/APNQkAE48-71uSEo24rV1-XldAU-xljtj43I-z3FuD6ltlwhu7vLMujpR-skB-VAdDV5SzXI01wqXBVnK5_Hjy8eHGwDYZaPN9-IjQHtA0qa2tB_VIaNtJyRovUi_y9GLc4CEIhtSmmX9UjUQNA=w408-h305-k-no,true,8 am–4:30 pm,8 am–4:30 pm,8 am–4:30 pm,8 am–12 pm,Closed,8 am–4:30 pm,8 am–4:30 pm,"https://www.google.com/maps/search/commercial+landscaping+businesses+in+American+Canyon+Napa+CA/@38.1749178,-122.2608044,14z",2026-04-29T20:10:38.498Z,,
"https://www.google.com/maps/place/Crown+Hill+Stone+Supply,+LLC/data=!4m7!3m6!1s0x80850bff60ce32d5:0x106258f60859095b!8m2!3d38.1960681!4d-122.2657137!16s%2Fg%2F11btwvrv59!19sChIJ1TLOYP8LhYARWwlZCPZYYhA","Crown Hill Stone Supply, LLC",4.4,26,Landscaping supply store,"650 Green Island Rd, American Canyon, CA 94503, United States","5PWM+CP American Canyon, California, USA",http://www.crownhillstonesupply.com/,+1 707-642-6162,Open · Closes 4 pm,LGBTQ+ friendly,https://lh3.googleusercontent.com/gps-cs-s/APNQkAGSCkBdvSS4QghgXn8xD8QDHb12V-foF6Fi9TXPQ_Y8ywA-MG2zLLufoEMK89AcBzQ4TO6o_9gWV3VPTTFzb-hbB_vBcG30YJWsyqa5Z8H7s5XPYZWE_bMSgZowpJ2_Ct3a8FLJ_TDnWvn3=w426-h240-k-no,true,7 am–4 pm,7 am–4 pm,7 am–4 pm,7 am–4 pm,Closed,7 am–4 pm,7 am–4 pm,"https://www.google.com/maps/search/commercial+landscaping+businesses+in+American+Canyon+Napa+CA/@38.1749178,-122.2608044,14z",2026-04-29T20:10:43.539Z,· In-store shopping · In-store pick-up · Delivery,
https://www.google.com/maps/place/Always+green+landscape/data=!4m7!3m6!1s0x80850bb89a2ba03d:0xf0ea41718235a51d!8m2!3d38.1745339!4d-122.2687119!16s%2Fg%2F11vxcbtzyq!19sChIJPaArmrgLhYARHaU1gnFB6vA,Always green landscape,,,Landscaper,"514 Rio Del Mar, American Canyon, CA 94503, United States","5PFJ+RG American Canyon, California, USA",https://alwaysgreenlandscapinganddesign.com/,+1 707-342-6123,Open 24 hours,,https://lh3.googleusercontent.com/gps-cs-s/APNQkAE-l0fvHFtT_5vH6UIfr8-wEQlGiuRAReo5GIXK-Zb3d7_z-z4oK8LkFKuezCIASzRDBAL8ZbgWG4FGKruQaXO14fzm_DNHplUvP_YtFe3taErDzFpNSscWs9u-nQYpmese4cOGsQ=w408-h306-k-no,true,Open 24 hours,Open 24 hours,Open 24 hours,Open 24 hours,Open 24 hours,Open 24 hours,Open 24 hours,"https://www.google.com/maps/search/commercial+landscaping+businesses+in+American+Canyon+Napa+CA/@38.1749178,-122.2608044,14z",2026-04-29T20:10:48.131Z,,
"https://www.google.com/maps/place/Tinas+Plant+Solutions/@38.4480104,-122.1199446,9z/data=!3m1!4b1!4m6!3m5!1s0x4cc7233c04ab86c9:0x16bf9e8beb6ab38d!8m2!3d38.4480104!4d-122.1199446!16s%2Fg%2F11qb3y1kw7",Tinas Plant Solutions,5.0,1,Landscape designer,,,,+1 707-655-3098,Open 24 hours,,,true,Open 24 hours,Open 24 hours,Open 24 hours,Open 24 hours,Open 24 hours,Open 24 hours,Open 24 hours,"https://www.google.com/maps/search/commercial+landscaping+businesses+in+American+Canyon+Napa+CA/@38.1749178,-122.2608044,14z",2026-04-29T20:10:55.081Z,,
https://www.google.com/maps/place/Lazaro%27s+Lic+Landscaping/data=!4m7!3m6!1s0x8085736d406f63bf:0xfe67be1c647cafbd!8m2!3d37.808366!4d-122.215962!16s%2Fg%2F11mvnlkgr9!19sChIJv2NvQG1zhYARva98ZBy-Z_4,Lazaro's Lic Landscaping,4.9,17,Landscaper,,,,+1 707-694-2971,Open 24 hours,LGBTQ+ friendly,https://lh3.googleusercontent.com/gps-cs-s/APNQkAGulTKM31w_mWTtnlsn2FkKloio87bjy0F1rB1_Opyeq92sGm4H2uFn_zUapgPHD8_m36XgpklRfTAFT7DmvwTwoxH5mt2WeHOZm_-5YJGWoypslVg764S7XZoSDoq76pLYRbFG=w408-h306-k-no,true,Open 24 hours,Open 24 hours,Open 24 hours,Open 24 hours,Open 24 hours,Open 24 hours,Open 24 hours,"https://www.google.com/maps/search/commercial+landscaping+businesses+in+American+Canyon+Napa+CA/@38.1749178,-122.2608044,14z",2026-04-29T20:11:00.041Z,,
https://www.google.com/maps/place/Prado%27s+Landscaping/data=!4m7!3m6!1s0x80850ce889949aff:0x368660ce839a8ff2!8m2!3d38.07626!4d-122.846947!16s%2Fg%2F1tg6qbhz!19sChIJ_5qUiegMhYAR8o-ag85ghjY,Prado's Landscaping,5.0,3,Landscaper,,,http://www.pradoslandscaping.com/,+1 415-302-0371,,,https://lh3.googleusercontent.com/gps-cs-s/APNQkAEMhoYoaFdN3QnuGpD-39rwVzgiwJohNHxjsnD0MBfIG4j82r1dmD6PaQA2Ea75dF-09IrEEX6ys7ETbKkQeFi4MMI4PyDt5uGWa5tijj_zq3rejPWV2at44IUz9usNoqaEk5P4=w408-h271-k-no,true,,,,,,,,"https://www.google.com/maps/search/commercial+landscaping+businesses+in+American+Canyon+Napa+CA/@38.1749178,-122.2608044,14z",2026-04-29T20:11:02.685Z,,
https://www.google.com/maps/place/Mid+City+Nursery/data=!4m7!3m6!1s0x80850c652cfb76bf:0x16e152cad4e52023!8m2!3d38.172698!4d-122.2545254!16s%2Fg%2F1th5768q!19sChIJv3b7LGUMhYARIyDl1MpS4RY,Mid City Nursery,4.8,610,Garden center,"3635 Broadway, American Canyon, CA 94503, United States","5PFW+35 American Canyon, California, USA",http://www.midcitynursery.com/,+1 707-642-4167,Open · Closes 5 pm,,https://lh3.googleusercontent.com/gps-cs-s/APNQkAEnaA47xZPb-GUH8av4inGyLfy_uIN2Y_hp3aQq4QbPomYC5dcHZrWMyEBdXq1ev1yj1IpihlIr24Pe6Nn1SvYksNdF6y3bDi1IMA2m8a1zNfKFToXzXzcsOd9excUrpspP4VCF=w408-h544-k-no,true,9 am–5 pm,9 am–5 pm,9 am–5 pm,9 am–5 pm,Closed,Closed,9 am–5 pm,"https://www.google.com/maps/search/commercial+landscaping+businesses+in+American+Canyon+Napa+CA/@38.1749178,-122.2608044,14z",2026-04-29T20:11:07.597Z,· In-store pick-up · Delivery,
https://www.google.com/maps/place/Rojas+Landscaping/data=!4m7!3m6!1s0xa4f90953378a9757:0xbe7d847be51a396d!8m2!3d38.2075184!4d-122.230965!16s%2Fg%2F11yrfq7hmh!19sChIJV5eKN1MJ-aQRbTka5XuEfb4,Rojas Landscaping,,,Dock builder,,,,+1 707-317-3206,Open · Closes 5 pm,,https://lh3.googleusercontent.com/gps-cs-s/APNQkAHNPKUgoz8uR9aVQIa7X5Fxbaq9Psvz2MEk27Z0mPy8JPfmVpjxCLbTPdYX_d5LKtjTRJxUCIek5dJEVQaYUZ9_bcd378ywpyQ7Bs3Mol391lHcU6FUwGFUeXn6YG_aNdpkJ_LigQOTEJ6p=w427-h240-k-no,true,8 am–5 pm,8 am–5 pm,8 am–5 pm,8 am–12 pm,Closed,8 am–5 pm,8 am–5 pm,"https://www.google.com/maps/search/commercial+landscaping+businesses+in+American+Canyon+Napa+CA/@38.1749178,-122.2608044,14z",2026-04-29T20:11:12.173Z,,
https://www.google.com/maps/place/Green+World+Construction+Inc/data=!4m7!3m6!1s0x2261b553c7bac31b:0xeeb63977090f17fc!8m2!3d38.157577!4d-122.260138!16s%2Fg%2F11vysmfzp3!19sChIJG8O6x1O1YSIR_BcPCXc5tu4,Green World Construction Inc,5.0,3,Remodeler,"620 Kilpatrick St, American Canyon, CA 94503, United States","5P5Q+2W American Canyon, California, USA",http://www.greenworldconstructioninc.com/,+1 510-860-1396,Open · Closes 5:30 pm,Identifies as Latino-owned,https://lh3.googleusercontent.com/gps-cs-s/APNQkAGo9MjqwP4Tx_PL_BGo6itlXul0hl6U5-JgjT0lsLIBkSLxbOD6aku2swtGp_LxqNMNQsEOdq2Iw9hr91RopuZeVgtGgJ5o_sptO0QBZif_5C56W-26DUM-KF6vUq67V38ProCZoXmfDgo=w408-h544-k-no,true,7:30 am–5:30 pm,7:30 am–5:30 pm,7:30 am–5:30 pm,9 am–5 pm,9 am–5 pm,7:30 am–5:30 pm,7:30 am–5:30 pm,"https://www.google.com/maps/search/commercial+landscaping+businesses+in+American+Canyon+Napa+CA/@38.1749178,-122.2608044,14z",2026-04-29T20:11:17.723Z,,
https://www.google.com/maps/place/LandCare/data=!4m7!3m6!1s0x8085125cc7694fc9:0xf63445c536a53d8f!8m2!3d38.2135651!4d-122.2534366!16s%2Fg%2F11bz0d7v0r!19sChIJyU9px1wShYARjz2lNsVFNPY,LandCare,1.9,9,Landscaper,"10 Case Ct, American Canyon, CA 94503, United States","6P7W+CJ American Canyon, California, USA",http://landcare.com/,+1 707-864-5594,Open · Closes 3:30 pm,,https://lh3.googleusercontent.com/gps-cs-s/APNQkAFa8vYs5Qyx0_TT5Cxy-_zm9_LQ79gPLSeXvJ8J-8PrzCgpuXC6zfCC-IyFq94iGgWn3rNsusdGGFHJOU1LLoi26O_4YpawXcLgbIUQLKqXHeQ2719jWW-3ietnlubZoVuNlVaW4w=w408-h408-k-no,true,6:30 am–3:30 pm,6:30 am–3:30 pm,6:30 am–3:30 pm,Closed,Closed,6:30 am–3:30 pm,6:30 am–3:30 pm,"https://www.google.com/maps/search/commercial+landscaping+businesses+in+American+Canyon+Napa+CA/@38.1749178,-122.2608044,14z",2026-04-29T20:11:22.598Z,,
https://www.google.com/maps/place/Guardian+Tree+Experts/data=!4m7!3m6!1s0x655ffb506020bc13:0xad9de8c5fe326cf7!8m2!3d38.2797535!4d-122.351995!16s%2Fg%2F11t6t_bk91!19sChIJE7wgYFD7X2UR92wy_sXona0,Guardian Tree Experts,5.0,3,Tree service,,,https://guardiantreeexpert.com/,+1 707-307-9800,Open · Closes 5 pm,,https://lh3.googleusercontent.com/gps-cs-s/APNQkAGyBiQwyUbT2wNuZfsnTSMucFFAyOIkv95HJ0PGokDLCItuk0pxO_oR5YR2HMPMC85NRRMxC81gpuFLVY7WJ2LamfeJkWPI04LzBs3kXmcvqIuWtIX4lxermkqWlFA7zeg1lF7s=w408-h353-k-no,true,8 am–5 pm,8 am–5 pm,8 am–5 pm,8 am–3 pm,Closed,8 am–5 pm,8 am–5 pm,"https://www.google.com/maps/search/commercial+landscaping+businesses+in+American+Canyon+Napa+CA/@38.1749178,-122.2608044,14z",2026-04-29T20:11:27.403Z,,
https://www.google.com/maps/place/zamora+eco-landscapes/data=!4m7!3m6!1s0x80850b6f8ddf3db1:0x4d39fb0b6f014ee5!8m2!3d38.1546256!4d-122.2685534!16s%2Fg%2F11px31wdrd!19sChIJsT3fjW8LhYAR5U4Bbwv7OU0,zamora eco-landscapes,,,Landscape designer,"1534 Severus Dr, Vallejo, CA 94589, United States","5P3J+VH Vallejo, California, USA",,+1 415-419-4075,Open · Closes 5 pm,,https://lh3.googleusercontent.com/gps-cs-s/APNQkAHakzvIwHJr-pyYNqTwkt6XL41Ck1eXglaO7D5YJi3XMIeGscfvJpa3NW540LlrFRyGE6rRMbOgqSH8cbEkWa4XwBZadEzHQiZ8puPH8J6FvNANuOn6ofmNXqXNLDBz6-VvfRw=w408-h544-k-no,true,8 am–5 pm,8 am–5 pm,8 am–5 pm,8 am–12 pm,Closed,8 am–5 pm,8 am–5 pm,"https://www.google.com/maps/search/commercial+landscaping+businesses+in+American+Canyon+Napa+CA/@38.1749178,-122.2608044,14z",2026-04-29T20:11:32.116Z,,
https://www.google.com/maps/place/Crown+Hill+Materials/data=!4m7!3m6!1s0x80850cb056b1c48d:0x6129a37eb2608597!8m2!3d38.1352726!4d-122.252153!16s%2Fg%2F1tdfcb0d!19sChIJjcSxVrAMhYARl4Vgsn6jKWE,Crown Hill Materials,4.4,74,Building materials supplier,"1888 Broadway, Vallejo, CA 94589, United States","4PPX+44 Vallejo, California, USA",http://www.crownhillmaterials.com/,+1 707-552-3686,Open · Closes 3 pm,,https://lh3.googleusercontent.com/gps-cs-s/APNQkAHMZ5GIwL3WO-C57wYgiWboH8sskjdc8ofKPFbGhxSh30vO4MjEhZz-BdcjZXopYaayAOeherw12XVmNhodOUgyiLFoywJmtvDPvubwOJAJDVs6BS4URhXK0VApB2ZxLuruL58B7Q=w426-h240-k-no,true,7 am–3 pm,7 am–3 pm,7 am–3 pm,7 am–2 pm,Closed,7 am–3 pm,7 am–3 pm,"https://www.google.com/maps/search/commercial+landscaping+businesses+in+American+Canyon+Napa+CA/@38.1749178,-122.2608044,14z",2026-04-29T20:11:37.375Z,,
https://www.google.com/maps/place/Sanchez+Brothers+Landscaping+-+Bay+Area+Landscape+Design/data=!4m7!3m6!1s0x808572e26059d2db:0xfb324d8dc92d680d!8m2!3d38.1120948!4d-122.2187219!16s%2Fg%2F11d_tssj7d!19sChIJ29JZYOJyhYARDWgtyY1NMvs,Sanchez Brothers Landscaping - Bay Area Landscape Design,4.0,14,Landscaper,"1245 Hale St, Vallejo, CA 94591, United States","4Q6J+RG Vallejo, California, USA",http://sbrotherslandscaping.com/,+1 510-710-5012,Open · Closes 5 pm,,https://lh3.googleusercontent.com/gps-cs-s/APNQkAEILONDscbGy_ie49eIZi-pP0k5VIkkFJPgR3LR3yecdGXKUzIQ8mMGABvgEzj75f3s9oveMIT0NnP7Lyef9yVAAvMrkilx6DKOIMrA7HviTtGTuT-Ns5eEJV2R7gkbIWY5Qpz_=w551-h240-k-no,true,8 am–5 pm,8 am–5 pm,8 am–5 pm,8 am–1 pm,Closed,8 am–5 pm,8 am–5 pm,"https://www.google.com/maps/search/commercial+landscaping+businesses+in+American+Canyon+Napa+CA/@38.1749178,-122.2608044,14z",2026-04-29T20:11:42.476Z,,
https://www.google.com/maps/place/United+Rentals/data=!4m7!3m6!1s0x80850c030fa44e23:0xd1132ef3dd0807a1!8m2!3d38.2001922!4d-122.2567204!16s%2Fg%2F119x3pdlm!19sChIJI06kDwMMhYARoQcI3fMuE9E,United Rentals,4.8,15,Equipment rental agency,"5505 CA-29, American Canyon, CA 94503, United States","6P2V+38 American Canyon, California, USA",https://www.unitedrentals.com/locations/ca/american-canyon/equipment-tool-rentals/90d?utm_source=google&utm_medium=distrib&utm_campaign=yext,+1 707-251-9953,Open · Closes 5 pm,,https://lh3.googleusercontent.com/gps-cs-s/APNQkAEIDx9B439Gkft1u-NgYOmhKq8wUmDHX0WfqS2KDdSxrlEKFOi-xI__IU__WagMMFYcxHKbhn8zaWEGfu2h494vRx95SaU6_4OqXABzE6Gqv7RpkH1-TPAhn3g9mplmP51Sn_YeUiDWhng=w426-h240-k-no,true,7 am–5 pm,7 am–5 pm,7 am–5 pm,Closed,Closed,7 am–5 pm,7 am–5 pm,"https://www.google.com/maps/search/commercial+landscaping+businesses+in+American+Canyon+Napa+CA/@38.1749178,-122.2608044,14z",2026-04-29T20:11:47.274Z,,
https://www.google.com/maps/place/Lazaro%27s+Lic+Landscaping/data=!4m7!3m6!1s0x4bc0d5ac1f11c84d:0xe454d02fda4dc11b!8m2!3d38.1393324!4d-122.2760765!16s%2Fg%2F11y5m2xfjf!19sChIJTcgRH6zVwEsRG8FN2i_QVOQ,Lazaro's Lic Landscaping,5.0,5,Landscaper,,,https://lazarosliclandscapingca.com/,+1 707-694-2971,Open · Closes 5 pm,,https://lh3.googleusercontent.com/gps-cs-s/APNQkAEeExUf1rPNitp-cpvozku8XjHQhKLTCWJKnHkmHKyFCZDuHlAoYL_3uPrWou6NkHUiyqW1dJnxztoKLk78WzaB08S_-ct5qRjoMo3XmSqROG8yKAOsKG9IiX1K34DvK2vwfvLM1A=w408-h408-k-no,true,8 am–5 pm,8 am–5 pm,8 am–5 pm,Closed,Closed,8 am–5 pm,8 am–5 pm,"https://www.google.com/maps/search/commercial+landscaping+businesses+in+American+Canyon+Napa+CA/@38.1749178,-122.2608044,14z",2026-04-29T20:11:52.136Z,,
https://www.google.com/maps/place/All+season+landscaping+LLC/data=!4m7!3m6!1s0xaef31da153aeb10b:0x3504ae2284cb6b4c!8m2!3d38.2853855!4d-122.0001215!16s%2Fg%2F11kk5qmwly!19sChIJC7GuU6Ed864RTGvLhCKuBDU,All season landscaping LLC,5.0,45,Landscaper,,,https://allseasonlandscapingllc.com/,+1 707-688-4024,Open · Closes 5 pm,,https://lh3.googleusercontent.com/gps-cs-s/APNQkAHieqjSVQlaXjmTq25on3nkyb7jWaCNIcIfj4lsxjEu-Vg2GIu7e0kTl55vWrW10RDc6-BCTNpSzYmxPMVTLLMzWFi4GTrSxISt36JcwEH5KLc0EU1aZ6bmkByW-cY4_fUyFS_j_JuqMtLw=w408-h510-k-no,true,7:30 am–5 pm,7:30 am–5 pm,7:30 am–5 pm,7:30 am–2:30 pm,Closed,7:30 am–5 pm,7:30 am–5 pm,"https://www.google.com/maps/search/commercial+landscaping+businesses+in+American+Canyon+Napa+CA/@38.1749178,-122.2608044,14z",2026-04-29T20:11:57.190Z,,
https://www.google.com/maps/place/Yard+landscaping/data=!4m7!3m6!1s0x80850dcd47ac7201:0xbfb8597ebf39a21d!8m2!3d37.2695056!4d-119.306607!16s%2Fg%2F11gm8r76yy!19sChIJAXKsR80NhYARHaI5v35ZuL8,Yard landscaping,,,Gardener,,,,+1 707-641-5559,Open · Closes 5 am Thu,,https://lh3.googleusercontent.com/gps-cs-s/APNQkAFTxTFY_BNZMNpmiEkz0vS35tLQkViupLQgp2Bt3ZlPh-I9zfIQ4bwzPuIiMVPKq4bThnx4loXVOpwZR7agFSGzktnmjdZh41OWrmK03XsQc9vVC2H1nbEpScZ9OV3vn0lroHkhEw=w426-h240-k-no,true,8 am–5 am,8 am–5 am,8 am–5 am,9 am–4 am,Closed,8 am–5 am,8 am–5 am,"https://www.google.com/maps/search/commercial+landscaping+businesses+in+American+Canyon+Napa+CA/@38.1749178,-122.2608044,14z",2026-04-29T20:12:01.768Z,,
"https://www.google.com/maps/place/TAJ+Construction,+Inc./data=!4m7!3m6!1s0x80850bd3f05ab699:0xe6bc629b6024c1ba!8m2!3d38.1534685!4d-122.2741366!16s%2Fg%2F11j8kz0431!19sChIJmbZa8NMLhYARusEkYJtivOY","TAJ Construction, Inc.",5.0,37,General contractor,"663 Newport Way, Vallejo, CA 94589, United States","5P3G+98 Vallejo, California, USA",http://www.tajconstruction-inc.com/,+1 415-465-2228,Open · Closes 7 pm,,https://lh3.googleusercontent.com/gps-cs-s/APNQkAGQbYrhtOjomJK2NwRkmhJ-TWHVtsR-J9aT7gAXeLTWVACZVLElA3G-V2n8oqUIsNsyUMZlN5NAMjXAC8GbkzC93QvZlUCpH9ROOrNzgWJ6FdsTCyMpZouz5K52L41YswzAdVBd=w408-h269-k-no,true,7 am–7 pm,7 am–7 pm,7 am–7 pm,7 am–7 pm,10 am–4:30 pm,7 am–7 pm,7 am–7 pm,"https://www.google.com/maps/search/commercial+landscaping+businesses+in+American+Canyon+Napa+CA/@38.1749178,-122.2608044,14z",2026-04-29T20:12:07.427Z,,
https://www.google.com/maps/place/Genesis+Landscape+and+Hardscape+Brothers/data=!4m7!3m6!1s0x89c077a0c51bb281:0x36d56a6ca2939283!8m2!3d38.1165755!4d-122.276235!16s%2Fg%2F11s8z87mg2!19sChIJgbIbxaB3wIkRg5KTomxq1TY,Genesis Landscape and Hardscape Brothers,5.0,1,Landscaper,,,,+1 707-289-3600,Open · Closes 6 pm,,https://lh3.googleusercontent.com/gps-cs-s/APNQkAGTqF5bmMAg4S_Hbq82lqi-B5v7y-f3Rs3Owo3krSOFiFbCX-N0vtvx60eIBtvillrSA0DZa6qxbacvOoKco-uILXi2NOsAEAXDAs6vFcNFf8h-pSIaeFPNzSooxsC_E3ypFKnbyw=w408-h306-k-no,true,6 am–6 pm,6 am–6 pm,6 am–6 pm,6 am–6 pm,6 am–6 pm,6 am–6 pm,6 am–6 pm,"https://www.google.com/maps/search/commercial+landscaping+businesses+in+American+Canyon+Napa+CA/@38.1749178,-122.2608044,14z",2026-04-29T20:12:12.150Z,,
https://www.google.com/maps/place/Tree+Service+Pro+Vallejo/data=!4m7!3m6!1s0x808573f25469d527:0xde0b7414dc934dc2!8m2!3d38.1286565!4d-122.2382748!16s%2Fg%2F11fktz9s92!19sChIJJ9VpVPJzhYARwk2T3BR0C94,Tree Service Pro Vallejo,5.0,40,Tree service,"351 Los Cerritos Dr, Vallejo, CA 94589, United States","4QH6+FM Vallejo, California, USA",http://treeservicevallejo.com/,+1 707-244-9177,Open 24 hours,,https://lh3.googleusercontent.com/gps-cs-s/APNQkAFPY4nUkw_bNbkmaDKgZMObyNGC2O976pcJNja55HzyDcCB_uvkknf9CI79Yn-ZusKSacsoVmaG3cgY_jvvi3Wbh0_6VybQ769LXX_mCFtrMplrVgijaDAhQyaOPpWbt3s6HHGNZYw6Qe8=w408-h544-k-no,true,Open 24 hours,Open 24 hours,Open 24 hours,Open 24 hours,Open 24 hours,Open 24 hours,Open 24 hours,"https://www.google.com/maps/search/commercial+landscaping+businesses+in+American+Canyon+Napa+CA/@38.1749178,-122.2608044,14z",2026-04-29T20:12:17.100Z,,
https://www.google.com/maps/place/HP+Hardscape+and+Construction/data=!4m7!3m6!1s0x89d012e99932daaf:0xa3d959bb0e3a55b3!8m2!3d38.183754!4d-122.256178!16s%2Fg%2F11z17jyr0y!19sChIJr9oymekS0IkRs1U6DrtZ2aM,HP Hardscape and Construction,5.0,3,Landscaper,,,https://hphardscapeandconstruction.com/,+1 707-654-0436,Open · Closes 7:30 pm,,https://lh3.googleusercontent.com/gps-cs-s/APNQkAFTuITGweme_Cb-YmE9p4rFQmxIEmShq_2_9AaJv8mQ_OJ4EeoeHCZ2iisUi8U4ICz5_-gpBzq1t_ZTuBC-EXahpUev8WZbD7cydKro0ad3mJu9t3IapD-0LzsTtRDf_jRUjp1jIgsmp5E=w408-h544-k-no,true,7:30 am–7:30 pm,7:30 am–7:30 pm,7:30 am–7:30 pm,7:30 am–7:30 pm,7:30 am–7:30 pm,7:30 am–7:30 pm,7:30 am–7:30 pm,"https://www.google.com/maps/search/commercial+landscaping+businesses+in+American+Canyon+Napa+CA/@38.1749178,-122.2608044,14z",2026-04-29T20:12:21.916Z,,
"https://www.google.com/maps/place/Lazaro's+Lic+Landscaping/@36.406386,-120.3710575,7z/data=!3m1!4b1!4m6!3m5!1s0x485a18557847b925:0x62bea9e706a3141c!8m2!3d36.406386!4d-120.3710575!16s%2Fg%2F11yb092jzw",Lazaro's Lic Landscaping,5.0,10,Landscaper,,,,+1 707-694-2971,Open 24 hours,,,true,Open 24 hours,Open 24 hours,Open 24 hours,Open 24 hours,Open 24 hours,Open 24 hours,Open 24 hours,"https://www.google.com/maps/search/commercial+landscaping+businesses+in+American+Canyon+Napa+CA/@38.1749178,-122.2608044,14z",2026-04-29T20:12:28.706Z,,
"https://www.google.com/maps/place/Bay+Star+Landscaping/@38.1904225,-122.255092,13z/data=!3m1!4b1!4m6!3m5!1s0x80850db6581b93bd:0xa3d21a51e158c2fb!8m2!3d38.1904225!4d-122.255092!16s%2Fg%2F11fmzt9gbd",Bay Star Landscaping,,,Landscaper,,,,+1 510-301-1219,Open 24 hours,,,true,Open 24 hours,Open 24 hours,Open 24 hours,Open 24 hours,Open 24 hours,Open 24 hours,Open 24 hours,"https://www.google.com/maps/search/commercial+landscaping+businesses+in+American+Canyon+Napa+CA/@38.1749178,-122.2608044,14z",2026-04-29T20:12:35.533Z,,
"https://www.google.com/maps/place/Peter+Ellis+-+Same+Day+Hauling,+Land+Clearing,+Demolition,+%26+Landscaping+Services/data=!4m7!3m6!1s0x80850d6b7ef6d7ef:0xe48ae6c73d638ebf!8m2!3d38.1393324!4d-122.2760765!16s%2Fg%2F11qywtd1tp!19sChIJ79f2fmsNhYARv45jPcfmiuQ","Peter Ellis - Same Day Hauling, Land Clearing, Demolition, & Landscaping Services",,,Construction company,,,,+1 707-337-7005,Open · Closes 7 pm,,https://lh3.googleusercontent.com/gps-cs-s/APNQkAGa3vY-CJSQoiaBp3kagwbcYdCgXIyan9CHjK2n6_zD8EDdSx4e0T_ysnzjb8c1_nqwIMUkyMNo0MaQ0ZqEsyP0VLd8PgFpaHhQF0n6-2Rqw3ZJH2qAIapTVyViFORdyUYkAYrC=w408-h306-k-no,true,7 am–7 pm,7 am–7 pm,7 am–7 pm,7 am–7 pm,7 am–7 pm,7 am–7 pm,7 am–7 pm,"https://www.google.com/maps/search/commercial+landscaping+businesses+in+American+Canyon+Napa+CA/@38.1749178,-122.2608044,14z",2026-04-29T20:12:40.404Z,,
https://www.google.com/maps/place/Landscaping+genesis/data=!4m7!3m6!1s0xa0651472ab95c235:0x1940322ba7ec3791!8m2!3d38.1180879!4d-122.2525826!16s%2Fg%2F11k9jh_d9n!19sChIJNcKVq3IUZaARkTfspysyQBk,Landscaping genesis,5.0,2,Gardener,"235 Couch St, Vallejo, CA 94590, United States","4P9W+6X Vallejo, California, USA",https://glandscapingandhardscapingbrothers.com/,+1 415-532-9749,Open · Closes 7 pm,,https://streetviewpixels-pa.googleapis.com/v1/thumbnail?panoid=uY25BOE-dW4vTWONAv9Q0Q&cb_client=search.gws-prod.gps&w=408&h=240&yaw=273.80804&pitch=0&thumbfov=100,true,7 am–7 pm,7 am–7 pm,7 am–7 pm,8 am–5 pm,Closed,7 am–6 pm,7 am–7 pm,"https://www.google.com/maps/search/commercial+landscaping+businesses+in+American+Canyon+Napa+CA/@38.1749178,-122.2608044,14z",2026-04-29T20:12:45.942Z,,
https://www.google.com/maps/place/Anariba+Construcion+co/data=!4m7!3m6!1s0x808f7ddeaf67a783:0x29d150daee6fe209!8m2!3d38.1520352!4d-122.2507418!16s%2Fg%2F11hgd3sy3y!19sChIJg6dnr959j4ARCeJv7tpQ0Sk,Anariba Construcion co,,,Remodeler,"127 Purdue Dr, Vallejo, CA 94589, United States","5P2X+RP Vallejo, California, USA",http://anaribaconstruction.com/,+1 650-759-4209,Closed · Opens 10:30 am Mon,,https://lh3.googleusercontent.com/gps-cs-s/APNQkAHVzMEiSl_Nboc1O7Ureq2eRrsRwn_7PIrabL32SGrs2TaqhLIab2h2iG5qaJnFjz__9fHgFWLaFkhKnNFUodd2JYZHilpi7UE44UuYoLvG1gRDT025iCLP4r62mh7-kphzsF5b2Q=w408-h306-k-no,true,Closed,Closed,Closed,Closed,Closed,10:30 am–5 pm,Closed,"https://www.google.com/maps/search/commercial+landscaping+businesses+in+American+Canyon+Napa+CA/@38.1749178,-122.2608044,14z",2026-04-29T20:12:51.029Z,,
https://www.google.com/maps/place/SPM+Landscaping/data=!4m7!3m6!1s0x80850cb3b251d1e1:0x183c90e77d6de7da!8m2!3d38.1312733!4d-122.2509892!16s%2Fg%2F11c544k2s5!19sChIJ4dFRsrMMhYAR2udtfeeQPBg,SPM Landscaping,5.0,3,Landscaper,"219 El Sendero, Vallejo, CA 94589, United States","4PJX+GJ Vallejo, California, USA",,+1 707-642-6068,,,https://lh3.googleusercontent.com/gps-cs-s/APNQkAE6GyJ1rFnKOdXULuLUqjiszSbuzDDYU-HDy-pioVupqOnU8YsTd3ts0vqom33JZIJ61IyZyHE1v_5ne6KzL1mo1bKz9mgQO7sEJ4_a587Is8MHh8b9nDYiewjmUStZnI9qDjc=w408-h725-k-no,false,,,,,,,,"https://www.google.com/maps/search/commercial+landscaping+businesses+in+American+Canyon+Napa+CA/@38.1749178,-122.2608044,14z",2026-04-29T20:12:54.320Z,,
https://www.google.com/maps/place/ROCK+LANDSCAPING/data=!4m7!3m6!1s0x7fa4872e971c95f:0x9f98eb55f302a23f!8m2!3d38.085382!4d-122.363898!16s%2Fg%2F11z4t3n969!19sChIJX8lx6XJI-gcRP6IC81XrmJ8,ROCK LANDSCAPING,5.0,6,Landscaper,,,https://www.rocklandscapingcompany.com/,+1 707-310-3839,"Open · Closes 4:30 pm

Updated by this business 2 weeks ago",Identifies as Latino-owned,https://lh3.googleusercontent.com/gps-cs-s/APNQkAGBeda87DRtrymfhHB1vrYirASZpZTCD57vg2u7jKdh2BZUTOR0Nn83yYnyStIbnLuSMGMa05o5poEsaIFCjPkswrOxp5cspSEp7PTUGpKyPrXGql2wnyZIXafrjatFBougKuyFhdrUDYeX=w408-h306-k-no,true,8 am–4:30 pm,8 am–4:30 pm,8 am–4:30 pm,Closed,Closed,8 am–4:30 pm,8 am–4:30 pm,"https://www.google.com/maps/search/commercial+landscaping+businesses+in+American+Canyon+Napa+CA/@38.1749178,-122.2608044,14z",2026-04-29T20:12:59.220Z,,
"https://www.google.com/maps/place/Miguel's+Landscaping+%26+Fence/@37.8786379,-122.4203375,8z/data=!3m1!4b1!4m6!3m5!1s0xac51c2d130d3b6eb:0x1c73a14bf94902d7!8m2!3d37.878638!4d-122.4203375!16s%2Fg%2F11x7ht9bky",Miguel's Landscaping & Fence,2.7,3,Landscaper,,,https://www.miguelslandscapingandfence.com/,+1 707-721-5849,Open · Closes 6 pm,,,true,8 am–6 pm,8 am–6 pm,8 am–6 pm,Closed,Closed,8 am–6 pm,8 am–6 pm,"https://www.google.com/maps/search/commercial+landscaping+businesses+in+American+Canyon+Napa+CA/@38.1749178,-122.2608044,14z",2026-04-29T20:13:06.204Z,,
https://www.google.com/maps/place/Crown+Hill+Ready+Mix/data=!4m7!3m6!1s0x80850d5854c25a9d:0x5d09fa06ed89266!8m2!3d38.135418!4d-122.252975!16s%2Fg%2F11h52q43vg!19sChIJnVrCVFgNhYARZpLYbqCf0AU,Crown Hill Ready Mix,4.0,4,Ready mix concrete supplier,"1887 Broadway, Vallejo, CA 94589, United States","4PPW+5R Vallejo, California, USA",http://crownhillrdymix.com/,+1 707-649-2243,Open · Closes 5:30 pm,,https://lh3.googleusercontent.com/gps-cs-s/APNQkAEW3xR-zqj-qKK4kYTyXuxRMV_WwxH25TEvBCaiZhoYUuhFT_LacQxgLZDzGoQ13FsXwaR7E1E3TbFwMFlxyoKH8WHoL2uFkftx_Y0IjkCj_2V7Q7YFyqQc-kJEZGndP6ax-29q=w408-h262-k-no,true,7 am–5:30 pm,7 am–5:30 pm,7 am–5:30 pm,7 am–5 pm,Closed,7 am–5:30 pm,7 am–5:30 pm,"https://www.google.com/maps/search/commercial+landscaping+businesses+in+American+Canyon+Napa+CA/@38.1749178,-122.2608044,14z",2026-04-29T20:13:15.804Z,,
"https://www.google.com/maps/place/A+Plus+Tree,+LLC/data=!4m7!3m6!1s0x8085748354181fe3:0x46cecc5e8675679a!8m2!3d38.1686032!4d-122.2102317!16s%2Fg%2F1tdzrc7_!19sChIJ4x8YVIN0hYARmmd1hl7MzkY","A Plus Tree, LLC",4.0,65,Tree service,"2475 American Canyon Rd, Vallejo, CA 94503, United States","5Q9Q+CW Vallejo, California, USA",https://aplustree.com/?utm_source=gmb&utm_medium=organic,+1 866-815-2525,Open · Closes 6 pm,,https://lh3.googleusercontent.com/gps-cs-s/APNQkAFPrRz0Ej-FcwlgiPzji88nPcmKeobWd22uFUMrQvK9NpY4355e1Oo2AnyrX37NSi14tnq5VX4jwMG-C3I_qA8Kdi8Zn51NjNTGXbsrFIBaaNJKrec-DlMCyFWFwfErP-fK984=w408-h408-k-no,true,7 am–6 pm,7 am–6 pm,7 am–6 pm,Closed,Closed,7 am–6 pm,7 am–6 pm,"https://www.google.com/maps/search/commercial+landscaping+businesses+in+American+Canyon+Napa+CA/@38.1749178,-122.2608044,14z",2026-04-29T20:13:21.343Z,,
https://www.google.com/maps/place/Quality+Landscaping+and+Maintenance/data=!4m7!3m6!1s0x808572dd9c1ad685:0xe24ad01b2bb9bd78!8m2!3d38.1250503!4d-122.1965766!16s%2Fg%2F1tj3l98j!19sChIJhdYanN1yhYAReL25KxvQSuI,Quality Landscaping and Maintenance,2.7,7,Landscape designer,"6274 Pebble Beach Dr, Vallejo, CA 94591, United States","4RG3+29 Vallejo, California, USA",,+1 707-643-5422,Open · Closes 5 pm,,https://lh3.googleusercontent.com/gps-cs-s/APNQkAF8eUBUlG5oY4oO5qBYQj8yBkdPaM4DW6Ncx3V3RLo02oSJW3u-5HMeePWfQI0BVigW9llM1pOShembsyqsG_Mt9GYXlopWVErJedCNYMbDaWPoavojSsJNo32NjPbBylZF4DU=w408-h544-k-no,true,7 am–5 pm,7 am–5 pm,7 am–5 pm,7 am–5 pm,7 am–5 pm,7 am–5 pm,7 am–5 pm,"https://www.google.com/maps/search/commercial+landscaping+businesses+in+American+Canyon+Napa+CA/@38.1749178,-122.2608044,14z",2026-04-29T20:13:26.426Z,,
https://www.google.com/maps/place/V%26C+Landscape.inc/data=!4m7!3m6!1s0xac1fc648d511b777:0xb835293c36777a15!8m2!3d38.4298198!4d-122.4208311!16s%2Fg%2F11k4bdqpy0!19sChIJd7cR1UjGH6wRFXp3NjwpNbg,V&C Landscape.inc,,,Landscaper,,,http://v-c-landscape-inc.com/,+1 707-478-8047,Open · Closes 4 pm,,https://lh3.googleusercontent.com/gps-cs-s/APNQkAHirZdTNlAvB30NuhVxaQxDHCwiQxspEEjTRWqFZgwFkNqxulO19yUFufoeG6HT0cdSBefjeIdx-RW_Ca30Vdua8rL0-1Su_JCx4tl1azXAaqNPI2ouJ9BS5hA8JYhHzbKcETmP=w408-h305-k-no,true,7 am–4 pm,7 am–4 pm,7 am–4 pm,Closed,Closed,7 am–4 pm,7 am–4 pm,"https://www.google.com/maps/search/commercial+landscaping+businesses+in+American+Canyon+Napa+CA/@38.1749178,-122.2608044,14z",2026-04-29T20:13:30.988Z,,
"https://www.google.com/maps/place/RAY%27S+TREE+SERVICES,+INC./data=!4m7!3m6!1s0x80850d5674bc7eeb:0x182723b2fbacf119!8m2!3d38.1301898!4d-122.251772!16s%2Fg%2F11q1rh9rq2!19sChIJ6368dFYNhYARGfGs-7IjJxg","RAY'S TREE SERVICES, INC.",4.9,59,Tree service,"1760 Broadway, Vallejo, CA 94589, United States","4PJX+37 Vallejo, California, USA",,+1 707-554-0639,Open · Closes 7 pm,,https://lh3.googleusercontent.com/gps-cs-s/APNQkAGNBQQBAh-EJEC5udfr2FnlA9TIpmBQrhPGXQ4OtDZR2RZQhM8E8Fte9GHIVESsqiZ6TLPRdSol-krnaFpuiJ1TEA2jRsOSG-9dB43jsBKkKQKyfNBwto6GhqYZAcyzaIaYzLRf=w408-h408-k-no,true,7 am–7 pm,7 am–7 pm,7 am–7 pm,7 am–7 pm,Closed,7 am–7 pm,7 am–7 pm,"https://www.google.com/maps/search/commercial+landscaping+businesses+in+American+Canyon+Napa+CA/@38.1749178,-122.2608044,14z",2026-04-29T20:13:35.891Z,,
"https://www.google.com/maps/place/Roger's+Gardening+Services/@38.1324035,-122.245226,12z/data=!3m1!4b1!4m6!3m5!1s0x808573226c6a8ead:0x5ffbc50f6d75fb96!8m2!3d38.1324035!4d-122.245226!16s%2Fg%2F1v9408vz",Roger's Gardening Services,4.2,6,Gardener,,,,+1 707-704-4713,Open · Closes 7 pm,,,true,8 am–7 pm,8 am–7 pm,8 am–7 pm,8 am–7 pm,8 am–7 pm,8 am–7 pm,8 am–7 pm,"https://www.google.com/maps/search/commercial+landscaping+businesses+in+American+Canyon+Napa+CA/@38.1749178,-122.2608044,14z",2026-04-29T20:13:42.686Z,,
https://www.google.com/maps/place/Moore+and+Sons+Junk+Removal/data=!4m7!3m6!1s0x808573d9bae5d12d:0xbdbede08f0e2e005!8m2!3d38.1456671!4d-122.231864!16s%2Fg%2F11hyr558lz!19sChIJLdHlutlzhYARBeDi8Ajevr0,Moore and Sons Junk Removal,5.0,295,Garbage collection service,"323 Mark Ave, Vallejo, CA 94589, United States","4QW9+77 Vallejo, California, USA",http://mooreandsonsjunkremoval.com/?utm_source=gmb&utm_medium=referral,+1 707-655-6391,Open 24 hours,,https://lh3.googleusercontent.com/gps-cs-s/APNQkAFbLvWAi_v9qE9-43U-ILHYDgV0eAhwE-yuRLClU9EmSTcTtfjtzNP6le3auvREuihl0Fd_gxisWIeEfX1seQ2Rc87T64rATeETCyq6XAd5njCY2DfOWb9xuVqBidRQ9uM41HCced8HUBfz=w408-h306-k-no,true,Open 24 hours,Open 24 hours,Open 24 hours,Open 24 hours,Open 24 hours,Open 24 hours,Open 24 hours,"https://www.google.com/maps/search/commercial+landscaping+businesses+in+American+Canyon+Napa+CA/@38.1749178,-122.2608044,14z",2026-04-29T20:13:47.929Z,,
https://www.google.com/maps/place/Tractor+Supply+Co./data=!4m7!3m6!1s0x80850c0d59aca15f:0xeaf67d0c85be3621!8m2!3d38.1864408!4d-122.2540387!16s%2Fg%2F11c5xvmwc_!19sChIJX6GsWQ0MhYARITa-hQx99uo,Tractor Supply Co.,4.4,425,Animal feed store,"418 Napa Junction Rd, American Canyon, CA 94503, United States","5PPW+H9 American Canyon, California, USA",https://www.tractorsupply.com/tsc/store_Americancanyon-CA-94503_2079,+1 707-558-0588,"Open · Closes 9 pm

Updated by this business 3 weeks ago",,https://lh3.googleusercontent.com/gps-cs-s/APNQkAERJlnoy2ipVeDTUUqJMmFcBXOEb8zjPlH3Zr8E_JSgRBxCPUR4zAeRNpfxJemv3GxYJ7_nWllzLiV2jxVDU5gJgZ3hAuf1T6C-846oZsPqaq4mnjwuqyFF0jWKgpjbhbeviJcwj0AX-Zg=w408-h306-k-no,true,8 am–9 pm,8 am–9 pm,8 am–9 pm,8 am–9 pm,9 am–7 pm,8 am–9 pm,8 am–9 pm,"https://www.google.com/maps/search/commercial+landscaping+businesses+in+American+Canyon+Napa+CA/@38.1749178,-122.2608044,14z",2026-04-29T20:13:53.207Z,"Chain with a wide variety of agricultural & livestock supplies, plus tools, workwear & boots. · In-store shopping · Kerbside pickup · Delivery",
https://www.google.com/maps/place/Fairfield+by+Marriott+Inn+%26+Suites+Napa+American+Canyon/data=!4m10!3m9!1s0x80850c6fe1dba929:0x6f1d3905a1972121!5m2!4m1!1i2!8m2!3d38.1755037!4d-122.2527971!16s%2Fg%2F1vd959tj!19sChIJKanb4W8MhYARISGXoQU5HW8,Fairfield by Marriott Inn & Suites Napa American Canyon,4.1,503,,"3800 Broadway #29, American Canyon, CA 94503, United States","5PGW+6V American Canyon, California, USA",https://www.marriott.com/en-us/hotels/sfoac-fairfield-inn-and-suites-napa-american-canyon/overview/?scid=f2ae0541-1279-4f24-b197-a979c79310b0,+1 707-643-3800,,,https://lh3.googleusercontent.com/gps-cs-s/APNQkAGbYg3aji1SH7mgGCoj4Kl7bThjOmVK_Gn2SGGuYY2SczxTHRJTxSuAqvNnTqBhimjV16k-OlNVQXUYPqZODA0pIpCqYHnE24W8zO8D6xoidt2HsZUQ6DQstmDIFyPOuEZP75mxV01HunsD=w426-h240-k-no,true,,,,,,,,"https://www.google.com/maps/search/commercial+landscaping+businesses+in+American+Canyon+Napa+CA/@38.1749178,-122.2608044,14z",2026-04-29T20:13:56.454Z,,
https://www.google.com/maps/place/Santini+Landscaping/data=!4m7!3m6!1s0x44ceecc938c93823:0xc28e7f81dd854a6b!8m2!3d38.0992775!4d-122.247568!16s%2Fg%2F11rvfxjnnw!19sChIJIzjJOMnszkQRa0qF3YF_jsI,Santini Landscaping,5.0,1,Landscape architect,,,,+1 707-712-0862,Open · Closes 5 pm,,https://lh3.googleusercontent.com/gps-cs-s/APNQkAETzv1Wxn7Fnns07qrRM4ZxWAmbiCTJGU4GBdG6Bpv1PkkaPpPT7r38iPePRDzguOYaUPd2nSlTlb91hNTRWO6uL8bH_g4bwsOhvaE6y66iTa9Nf7jLyY8RKl2y2pgp3QXfd85V=w426-h240-k-no,true,8 am–5 pm,8 am–5 pm,8 am–5 pm,8 am–5 pm,8 am–5 pm,8 am–5 pm,8 am–5 pm,"https://www.google.com/maps/search/commercial+landscaping+businesses+in+American+Canyon+Napa+CA/@38.1749178,-122.2608044,14z",2026-04-29T20:14:01.132Z,,
https://www.google.com/maps/place/POOP+911+North+Bay/data=!4m7!3m6!1s0x80850c7d507b0cab:0xd76c6fa6f736f5be!8m2!3d37.4113999!4d-122.1704962!16s%2Fg%2F1tyt5ktz!19sChIJqwx7UH0MhYARvvU296ZvbNc,POOP 911 North Bay,4.9,189,Waste management service,,,https://www.poop911.com/service-area/california/north-bay-san-francisco-pooper-scooper-service,+1 877-766-7911,Open · Closes 8 pm,,https://lh3.googleusercontent.com/gps-cs-s/APNQkAETePr_YtNB9Tgj435E97KDMZhafi88F2A8e_X1CdanZ9aGQCZoIKQWDlKmFvstlN68O4nX3UyF47dM5yr8QziF6J0aolWSq6OvcY1ogEG07RvediLAqyQv7q7uL7oFwJvnRqQl=w408-h289-k-no,true,8 am–8 pm,8 am–8 pm,8 am–8 pm,8 am–8 pm,8 am–8 pm,8 am–8 pm,8 am–8 pm,"https://www.google.com/maps/search/commercial+landscaping+businesses+in+American+Canyon+Napa+CA/@38.1749178,-122.2608044,14z",2026-04-29T20:14:06.051Z,,
https://www.google.com/maps/place/Brigandi%27s+Lawn+Service/data=!4m7!3m6!1s0x80857358ecc8f657:0xc49bcd78ea98e236!8m2!3d36.563073!4d-120.3811964!16s%2Fg%2F11bzypnjt4!19sChIJV_bI7FhzhYARNuKY6njNm8Q,Brigandi's Lawn Service,3.5,6,Landscaper,,,https://brigandilawnserviceca.com/,+1 707-342-1118,Open · Closes 6 pm,LGBTQ+ friendly,https://lh3.googleusercontent.com/gps-cs-s/APNQkAGX_htB2b8kLNIABpdk3umxGwhd352cUna-g66WPYE82B23xPbH4ogJIogYfotGE_pG5oVaKJKM916TGDfA29q-ME_KLfOqdX42VREkbCGlTvufT-pW3EC2Cbct5ivAPowbnA=w449-h240-k-no,true,7:30 am–6 pm,7:30 am–6 pm,7:30 am–6 pm,Closed,Closed,7:30 am–6 pm,7:30 am–6 pm,"https://www.google.com/maps/search/commercial+landscaping+businesses+in+American+Canyon+Napa+CA/@38.1749178,-122.2608044,14z",2026-04-29T20:14:10.981Z,,
https://www.google.com/maps/place/Hoang+Landscaping+%26+Professional+Concrete+Services/data=!4m7!3m6!1s0x2ee117b937897a93:0xb2c30ddb141ee83c!8m2!3d36.538052!4d-120.3984535!16s%2Fg%2F11kpkbfrdq!19sChIJk3qJN7kX4S4RPOgeFNsNw7I,Hoang Landscaping & Professional Concrete Services,,,Concrete contractor,,,http://hoanglandscapingcorporation.com/,+1 510-949-6058,Open · Closes 5 pm,Identifies as Asian-owned,https://lh3.googleusercontent.com/gps-cs-s/APNQkAFqgDR4PjSvIPuWWoN8945NohyHsyhQG5T99EzZmsPFtQmRyVHFGOHSUJZyezbBDKJS_A-pu3pqHUi5zDDYgUwko2NawHjMOcSVJZowLhKfY_XuGd5Dtjc_yWSuczEuXxDKnXaBQQ=w408-h306-k-no,true,8 am–5 pm,8 am–5 pm,8 am–5 pm,8 am–5 pm,Closed,8 am–5 pm,8 am–5 pm,"https://www.google.com/maps/search/commercial+landscaping+businesses+in+American+Canyon+Napa+CA/@38.1749178,-122.2608044,14z",2026-04-29T20:14:15.627Z,,
https://www.google.com/maps/place/Campos+Landscaping/data=!4m7!3m6!1s0x808573b1a006dd73:0xd7cd9e11f387864e!8m2!3d38.228301!4d-122.1394385!16s%2Fg%2F11j4fc5f7x!19sChIJc90GoLFzhYARToaH8xGezdc,Campos Landscaping,4.8,19,Landscaper,,,https://www.camposlandscaping.net/,+1 707-213-5588,Open · Closes 6 pm,,https://lh3.googleusercontent.com/gps-cs-s/APNQkAG_wS1rICQxGyRmbGhb8PdFctZuRSIJFsDdP12zIXtu5RNCPq-PHj_KN6SstmjvZ-Z-a46Uhi7CxemyVnvDIgcpbDSX2sgBu115lhCwS_1CPWGauLECGYeYXv3Ila8JYZFiIs-9EA6QCKmV=w408-h306-k-no,true,7 am–6 pm,7 am–6 pm,7 am–6 pm,7 am–6 pm,Closed,7 am–6 pm,7 am–6 pm,"https://www.google.com/maps/search/commercial+landscaping+businesses+in+American+Canyon+Napa+CA/@38.1749178,-122.2608044,14z",2026-04-29T20:14:20.564Z,,
https://www.google.com/maps/place/Born+Again+Landscaping/data=!4m7!3m6!1s0x4e85f82bff9ac3f5:0x17101c1a5ddfa045!8m2!3d38.2758714!4d-122.1501695!16s%2Fg%2F11ln1874hp!19sChIJ9cOa_yv4hU4RRaDfXRocEBc,Born Again Landscaping,5.0,1,Gardener,,,https://bornagainlandscaping.com/,+1 707-460-8132,Open · Closes 5:30 pm,LGBTQ+ friendly,https://lh3.googleusercontent.com/gps-cs-s/APNQkAE_qUAUXmW2lg4o9N1Lyto9nuomZiSZBkWFfmsWwInvBAIQySAR7ZmQ6qbpgwhKDyMO5dl4w6i4SL62nGk3VP16XQQvQ3k2RJ2M-4uprX3wPZEafQTkv1kFg8EzqSvXr8uVBfhEV6wqNVVg=w408-h533-k-no,true,8 am–5:30 pm,8:30 am–5:30 pm,8 am–5:30 pm,9 am–5 pm,Closed,8 am–5:30 pm,8 am–5:30 pm,"https://www.google.com/maps/search/commercial+landscaping+businesses+in+American+Canyon+Napa+CA/@38.1749178,-122.2608044,14z",2026-04-29T20:14:25.378Z,,
https://www.google.com/maps/place/Blue+Oak+Tree+Services/data=!4m7!3m6!1s0xa3f81817c0604357:0xced80858b895a1d8!8m2!3d38.3727633!4d-121.874757!16s%2Fg%2F11t445f8ps!19sChIJV0NgwBcY-KMR2KGVuFgI2M4,Blue Oak Tree Services,5.0,2,Tree service,,,,+1 707-801-0526,Open · Closes 4 pm,,https://lh3.googleusercontent.com/gps-cs-s/APNQkAFXPs1_RtowGoWvCtzqBJSQLLxw9RM9Ocvg4_Yhu0PP25rPZ0GYvdhxpbaWIpXT2dnpM8b8LlHCbhuozPwfnCjf1PyHJ7fOIzx-SpBcXRn7rkdpIuc_6to-fYj4VoMdf1qnDFg=w408-h544-k-no,true,7 am–4 pm,7 am–4 pm,7 am–4 pm,7 am–4 pm,Closed,7 am–4 pm,7 am–4 pm,"https://www.google.com/maps/search/commercial+landscaping+businesses+in+American+Canyon+Napa+CA/@38.1749178,-122.2608044,14z",2026-04-29T20:14:30.052Z,,
"https://www.google.com/maps/place/Cervantes+Landscape,+LLC/data=!4m7!3m6!1s0x8085adb3a2faaaab:0x78fe55e11ba3a072!8m2!3d38.3052069!4d-122.4954077!16s%2Fg%2F11nnwg3mqw!19sChIJq6r6orOthYARcqCjG-FV_ng","Cervantes Landscape, LLC",4.2,5,Landscaper,"18440 Arnold Dr, Sonoma, CA 95476, United States","8G43+3R Sonoma, California, USA",https://cervanteslandscape.com/contact-us,+1 707-321-6749,Open · Closes 4 pm,,https://streetviewpixels-pa.googleapis.com/v1/thumbnail?panoid=MLQYqCGkllBS0YFmcYTU4w&cb_client=search.gws-prod.gps&w=408&h=240&yaw=256.73984&pitch=0&thumbfov=100,true,7:30 am–4 pm,7:30 am–4 pm,7:30 am–4 pm,Closed,Closed,7:30 am–4 pm,7:30 am–4 pm,"https://www.google.com/maps/search/commercial+landscaping+businesses+in+Rutherford+Napa+CA/@38.4591012,-122.4225638,14z",2026-04-29T20:15:10.505Z,,
https://www.google.com/maps/place/Sierra+Tree+Company/data=!4m7!3m6!1s0x808439a50a06a43d:0x8eec9c6875d4bbed!8m2!3d38.34687!4d-122.708401!16s%2Fg%2F11j1bryxmf!19sChIJPaQGCqU5hIAR7bvUdWic7I4,Sierra Tree Company,4.8,41,Tree service,"6366 Commerce Blvd #107, Rohnert Park, CA 94928, United States","87WR+PJ Rohnert Park, California, USA",https://sierratreecompany.com/,+1 707-495-0597,Open · Closes 5:30 pm,Identifies as Latino-owned,https://lh3.googleusercontent.com/gps-cs-s/APNQkAHvflvAEqPd-WMIt10oeQD33kmuoSR0TxZaaJKuXgnr9crC6c4PSumspC_tpY1O3hbmrvoGaBoYcuLEek-3W8c_2W8Z3wVKsf1XZcvf_c1NUh1s37tkJZAvUS6uEUEJ4OVuqMy6=w426-h240-k-no,true,8 am–5:30 pm,8 am–5:30 pm,8 am–5:30 pm,8 am–5:30 pm,Closed,8 am–5:30 pm,8 am–5:30 pm,"https://www.google.com/maps/search/commercial+landscaping+businesses+in+Rutherford+Napa+CA/@38.4591012,-122.4225638,14z",2026-04-29T20:15:15.412Z,,
https://www.google.com/maps/place/Killer+B+Gardens/data=!4m7!3m6!1s0xaa5fe1e40ec4cc69:0x74764ac5d79f0030!8m2!3d38.4630881!4d-122.9899756!16s%2Fg%2F11xdh7mv3k!19sChIJaczEDuThX6oRMACf18VKdnQ,Killer B Gardens,5.0,2,Landscape designer,,,https://killerbgardens.com/,,Open · Closes 5 pm,LGBTQ+ friendly,https://lh3.googleusercontent.com/gps-cs-s/APNQkAEJk4xp4QRgA0g-85nha9QkdkdrHPdI8p3ttoaqzCNg4jSJfKhjm1VTQ-3_S1ivTkvOdUE3ArJ83ZOZ3G93JsrajVP44cf73FYL7MueYSvU19hrf1bTk38TMV82iG6iJQVxIrDJvg=w408-h306-k-no,true,8 am–5 pm,8 am–5 pm,8 am–5 pm,Closed,Closed,8 am–5 pm,8 am–5 pm,"https://www.google.com/maps/search/commercial+landscaping+businesses+in+Rutherford+Napa+CA/@38.4591012,-122.4225638,14z",2026-04-29T20:15:20.426Z,,
https://www.google.com/maps/place/Green+Giant+Landscape+Design/data=!4m7!3m6!1s0x8085ac2c394dbc51:0x5d0ec197b4ac9cd4!8m2!3d38.2889707!4d-122.487422!16s%2Fg%2F1tfzxqjc!19sChIJUbxNOSyshYAR1JystJfBDl0,Green Giant Landscape Design,5.0,3,Landscaper,"19500 Cypress Rd, Sonoma, CA 95476, United States","7GQ7+H2 Sonoma, California, USA",https://www.greengiantlandscapedesign.com/,+1 707-321-7385,Open · Closes 5 pm,,https://lh3.googleusercontent.com/gps-cs-s/APNQkAF4ZhOHuymuTN2RzfSqYtfU7GjF4-qBWNToW80m3Wx-GHuTpBAJyaqSZntZeildUceEN4wTN0kYalrTvXyNQ_lWMtaYBhuFVFTjqCrJ-gLh9KKyJ9P9oMR5UeVotY6d4YuE4CGF=w408-h272-k-no,true,7 am–5 pm,7 am–5 pm,7 am–5 pm,Closed,Closed,7 am–5 pm,7 am–5 pm,"https://www.google.com/maps/search/commercial+landscaping+businesses+in+Rutherford+Napa+CA/@38.4591012,-122.4225638,14z",2026-04-29T20:15:25.551Z,,
https://www.google.com/maps/place/Miki%E2%80%99s+landscaping+service+and+construction/data=!4m7!3m6!1s0x8085ad63883a351d:0x46baae2a0036e1c6!8m2!3d38.3014298!4d-122.4739527!16s%2Fg%2F11vzmql8j8!19sChIJHTU6iGOthYARxuE2ACquukY,Miki’s landscaping service and construction,5.0,5,Landscaper,"849 Melrose Ct, Sonoma, CA 95476, United States","8G2G+HC Sonoma, California, USA",https://avocado-kazoo-ltry.squarespace.com/,+1 909-262-2186,Open · Closes 5 pm,,https://lh3.googleusercontent.com/gps-cs-s/APNQkAHvloIEwnSHRKAurb_YaA4EOEpxAHdnBiXbdBLRo4J0vqdV-vFLbdCarM0zHFTLTqZsIdZy7XgiBY8s0tp_EgcZaUcqhcZuMUjpyJFMzSj28TKirLTDj2Y5OuryQVcDuJM_JCO0Ga8Jcgo=w408-h306-k-no,true,7 am–5 pm,7 am–5 pm,7 am–5 pm,Closed,Closed,7 am–5 pm,7 am–5 pm,"https://www.google.com/maps/search/commercial+landscaping+businesses+in+Rutherford+Napa+CA/@38.4591012,-122.4225638,14z",2026-04-29T20:15:30.442Z,,
https://www.google.com/maps/place/Howell+Mountain+Ace+Hardware/data=!4m7!3m6!1s0x8084597b774bcd09:0xb171260777847864!8m2!3d38.5708381!4d-122.4436407!16s%2Fg%2F1tdvkdhg!19sChIJCc1Ld3tZhIARZHiEdwcmcbE,Howell Mountain Ace Hardware,4.4,10,Hardware store,"15 Angwin Ave, Angwin, CA 94508, United States","HHC4+8G Angwin, California, USA",http://www.howellmountainace.com/?utm_source=google&utm_medium=local&utm_campaign=localmaps&utm_content=06041,+1 707-965-7537,Open · Closes 7 pm,,https://lh3.googleusercontent.com/gps-cs-s/APNQkAGsVs-jyl6d5Slj0rLC5pRss7RYI0F2D-AWebGfHLujiryo0uJroIpVFDAlgcwV_5KYkzu_iCrurrtxiMphVXC_B4jiKOIey2P_KSp0pZ0M1rs-NzhRv5Zr0pU6qwVQW3SyWMQF=w426-h240-k-no,true,7 am–7 pm,7 am–7 pm,7 am–5 pm,Closed,8 am–7 pm,7 am–7 pm,7 am–7 pm,"https://www.google.com/maps/search/commercial+landscaping+businesses+in+Angwin+Napa+CA/@38.5757402,-122.4499796,14z",2026-04-29T20:16:03.253Z,"Hardware store stocking household tools, garden supplies, home decor & more. · In-store shopping · In-store pick-up",
https://www.google.com/maps/place/J+%26+C+Landscaping+Services/data=!4m7!3m6!1s0x32f9bf45b876ff1:0x1112335b2dbe4876!8m2!3d38.4630881!4d-122.9899756!16s%2Fg%2F11y32sy3hz!19sChIJ8W-HW_SbLwMRdki-LVszEhE,J & C Landscaping Services,4.7,13,Landscape designer,,,http://www.jclandscapingservices.org/,+1 707-478-1192,Open · Closes 6 pm,,https://lh3.googleusercontent.com/gps-cs-s/APNQkAGmD6vrnSsELw1wCH4t_XkrIU3Qe0TDNO5xcOcp-hZEc4aB0cEclxx6GxilQy5wALQM4pZyeZbFZjTPEqecrhhUMbHqnmxoBTbNj5O9d9kyAUzMh2zm-Mh0Iq5JISek6_jaTZAfAw=w513-h240-k-no,true,8 am–6 pm,8 am–5:30 pm,8 am–5:30 pm,9 am–5 pm,Closed,8 am–6 pm,8 am–6 pm,"https://www.google.com/maps/search/commercial+landscaping+businesses+in+Angwin+Napa+CA/@38.5757402,-122.4499796,14z",2026-04-29T20:16:17.647Z,,
https://www.google.com/maps/place/Steve+Mows+Lawn+%26+Landscape+Maintenance/data=!4m7!3m6!1s0x808506f57a7561f1:0xffda78b00ec35609!8m2!3d38.5096164!4d-122.3540065!16s%2Fg%2F11hd4ytx53!19sChIJ8WF1evUGhYARCVbDDrB42v8,Steve Mows Lawn & Landscape Maintenance,5.0,1,Landscaper,,,,+1 707-799-4738,Open · Closes 7 pm,,https://lh3.googleusercontent.com/gps-cs-s/APNQkAEdyOMgciZkcGbaTno7CB9eTU4c8mTzwInvD6ZyaqfAOfUOgLZPhepD54zcaLHLV8fW2e_UR58qaDNT5vahn4_jrtKbBHw_ytNC9AYqjH6csyOoNQHoCQFjVXy2avRmklbcHIdo=w408-h272-k-no,true,7 am–7 pm,7 am–7 pm,7 am–7 pm,7 am–7 pm,Closed,7 am–7 pm,7 am–7 pm,"https://www.google.com/maps/search/commercial+landscaping+businesses+in+Angwin+Napa+CA/@38.5757402,-122.4499796,14z",2026-04-29T20:16:22.267Z,,
https://www.google.com/maps/place/West+Bay+Garden+Co/data=!4m7!3m6!1s0x468ed0680c3926cb:0x14c8132844ca2d0d!8m2!3d38.4656821!4d-122.725743!16s%2Fg%2F11v5jf2dtr!19sChIJyyY5DGjQjkYRDS3KRCgTyBQ,West Bay Garden Co,5.0,7,Landscaper,,,https://landscaperinsantarosaca.com/,,Open 24 hours,,https://lh3.googleusercontent.com/gps-cs-s/APNQkAEbRIXAZ2Mf0y3aknWz6GneQB96j4PLSgpHv8xnodSiHavKWjPlIPt1I7w5sRrEu9CDSch4lGoYxa_GGzR5964tXn2kxEn6e5TtY8M666p4hu182we0Bv_OlUPqmUrN75TALsm4OvF-gG4r=w408-h272-k-no,true,Open 24 hours,Open 24 hours,Open 24 hours,Open 24 hours,Open 24 hours,Open 24 hours,Open 24 hours,"https://www.google.com/maps/search/commercial+landscaping+businesses+in+Angwin+Napa+CA/@38.5757402,-122.4499796,14z",2026-04-29T20:16:31.462Z,,
https://www.google.com/maps/place/Cagwin+%26+Dorward+Landscape/data=!4m7!3m6!1s0x8085bc835fc2b3a7:0xc9719e8a7cb15fda!8m2!3d38.2318038!4d-122.6032638!16s%2Fg%2F1vyxjn6p!19sChIJp7PCX4O8hYAR2l-xfIqecck,Cagwin & Dorward Landscape,3.4,10,Landscaper,"1422 Technology Ln, Petaluma, CA 94954, United States","69JW+PM Petaluma, California, USA",https://www.cagwin.com/,+1 800-891-7710,Open · Closes 5 pm,,https://lh3.googleusercontent.com/gps-cs-s/APNQkAH_cZ0J3E2yyAshnE0LInvd7jSzgYO583bdOoi2XDTuQ0LoCditFRBpZcokl2m9IXuydm-2-Fh7293k1eaQOkxrgeUxOr9DcwxsOSshEs91OJxZ61DjGEvabZtl2bbMb9Rib8LfWQ=w408-h272-k-no,true,7 am–5 pm,7 am–5 pm,7 am–5 pm,Closed,Closed,7 am–5 pm,7 am–5 pm,"https://www.google.com/maps/search/commercial+landscaping+businesses+in+Angwin+Napa+CA/@38.5757402,-122.4499796,14z",2026-04-29T20:16:36.440Z,,
https://www.google.com/maps/place/Rancho+Landscape+Supply/data=!4m7!3m6!1s0x80846f6f07ce4191:0x21b88bb093830146!8m2!3d38.7308828!4d-122.6216739!16s%2Fg%2F11v5sfy2yt!19sChIJkUHOB29vhIARRgGDk7CLuCE,Rancho Landscape Supply,4.6,5,Building materials store,"22220 E Rd, Middletown, CA 95461, United States","P9JH+98 Middletown, California, USA",,+1 707-775-1608,,,https://streetviewpixels-pa.googleapis.com/v1/thumbnail?panoid=fO8eUTc8Rhlcb5WNKFjvoA&cb_client=search.gws-prod.gps&w=408&h=240&yaw=62.13937&pitch=0&thumbfov=100,false,,,,,,,,"https://www.google.com/maps/search/commercial+landscaping+businesses+in+Angwin+Napa+CA/@38.5757402,-122.4499796,14z",2026-04-29T20:16:45.741Z,· Delivery,
https://www.google.com/maps/place/Susie+Dowd+Markarian+Landscape+Design/data=!4m7!3m6!1s0x808447e6a856d8e5:0xef068651faae150a!8m2!3d38.4585844!4d-122.6844212!16s%2Fg%2F1txc77p1!19sChIJ5dhWqOZHhIARChWu-lGGBu8,Susie Dowd Markarian Landscape Design,5.0,2,Landscape designer,"608 Los Olivos Ct, Santa Rosa, CA 95404, United States","F858+C6 Santa Rosa, California, USA",http://www.bloomful.com/,+1 707-537-0508,,,https://lh3.googleusercontent.com/gps-cs-s/APNQkAEBmxAGU9ltUFUd2iEyzRmAJ9w5CsdA3BYcbz3FPweVB7EpyCOtr8fnp-kftCeCBfU806ZIaFZ5bRqmgtCzV-0wwoyDB7sI6eT3kbERfplhMLUwpRHmPvUdmUtUHCctnh9V0eZXRA=w408-h544-k-no,true,,,,,,,,"https://www.google.com/maps/search/commercial+landscaping+businesses+in+Angwin+Napa+CA/@38.5757402,-122.4499796,14z",2026-04-29T20:16:48.368Z,,
https://www.google.com/maps/place/Nieto+Landscaping+%26+Maintenance/data=!4m7!3m6!1s0x72e8510d3cdb3c5:0x3b43a74769f5aab7!8m2!3d38.339701!4d-122.612885!16s%2Fg%2F11tcj9rjzd!19sChIJxbPN0xCFLgcRt6r1aUenQzs,Nieto Landscaping & Maintenance,4.9,16,Landscaper,,,https://www.nietolandscapes.com/,+1 707-239-0158,Open · Closes 5 pm,,https://lh3.googleusercontent.com/gps-cs-s/APNQkAGaleMNRMdLeaURcDcI7CcuvyU7NHDoUL9qQstpuDcb2-zWIXLpi40rR4qhB3dMA3CK8E8d8ZEGV8sdyDVTgK2dUWzVlffKx-MNXvV9lKvXmRub8S9oVyaBY7g8e3qje6H747z8amsfLeY0=w408-h544-k-no,true,9 am–5 pm,9 am–5 pm,9 am–5 pm,9 am–5 pm,Closed,9 am–5 pm,9 am–5 pm,"https://www.google.com/maps/search/commercial+landscaping+businesses+in+Angwin+Napa+CA/@38.5757402,-122.4499796,14z",2026-04-29T20:16:53.169Z,,
https://www.google.com/maps/place/Star+Gardens/data=!4m7!3m6!1s0x80846e6d9d13a18d:0x77a84537db0cfb5e!8m2!3d38.749171!4d-122.615618!16s%2Fg%2F1tftx58d!19sChIJjaETnW1uhIARXvsM2zdFqHc,Star Gardens,4.8,68,Plant nursery,"21288 Washington St, Middletown, CA 95461, United States","P9XM+MQ Middletown, California, USA",http://stargardens.biz/,+1 707-987-0998,"Open · Closes 5 pm

Updated by this business 8 weeks ago",,https://lh3.googleusercontent.com/gps-cs-s/APNQkAGlCcM0NY3iHbAtYs7n2_f9mN9VYiisxns4TzWmyjiObeEz5-4l8fs-iDfBWrEvqFST_oH6853eEdFfMAvsSBofYdF-pa5JeLeaRWRv0ci3rhgg2KkquUaXXfdF18iHzNOT4UMeMQ=w408-h306-k-no,true,9 am–5 pm,9 am–5 pm,9 am–5 pm,9 am–5 pm,9 am–5 pm,9 am–5 pm,9 am–5 pm,"https://www.google.com/maps/search/commercial+landscaping+businesses+in+Angwin+Napa+CA/@38.5757402,-122.4499796,14z",2026-04-29T20:16:58.410Z,· Dogs allowed,
https://www.google.com/maps/place/Newton+Vineyard/data=!4m7!3m6!1s0x8084508d926ccd9b:0xbda138e2d4c8b98f!8m2!3d38.592233!4d-122.6051792!16zL20vMDUwNjlj!19sChIJm81sko1QhIARj7nI1OI4ob0,Newton Vineyard,4.8,47,Winery,"1171 Tubbs Ln, Calistoga, CA 94515, United States","H9RV+VW Calistoga, California, USA",http://newtonvineyard.com/,+1 707-204-7423,Open · Closes 5 pm,,https://lh3.googleusercontent.com/gps-cs-s/APNQkAFcDh43EGm4ZOUaZZ2xv5FZtnlC45Pedywon3pxs-Ikh8k4_hUHzAGsinuZ_HM0W08HuszjfMIdX16TnHlobZrx4OIKw0Ok4adpzoE9uCat1S-XUj-5p9naopLKBY7RD_1U-hJn2A=w408-h306-k-no,true,10 am–5 pm,10 am–5 pm,10 am–5 pm,10 am–5 pm,10 am–5 pm,Closed,Closed,"https://www.google.com/maps/search/commercial+landscaping+businesses+in+Angwin+Napa+CA/@38.5757402,-122.4499796,14z",2026-04-29T20:17:07.917Z,"Tastings plus tours of formal gardens & underground barrel caves, with elevated Napa Valley views.",
https://www.google.com/maps/place/Yvonne+Rich+-+Napa+Valley+Luxury+Real+Estate/data=!4m7!3m6!1s0x808450bd587f88f7:0x93b0a18bcb9f866e!8m2!3d38.504847!4d-122.4692866!16s%2Fg%2F1tj57_g_!19sChIJ94h_WL1QhIARboafy4uhsJM,Yvonne Rich - Napa Valley Luxury Real Estate,5.0,8,Real estate agency,"1338 Main St, St Helena, CA 94574, United States","GG3J+W7 St Helena, California, USA",https://www.fabulousnapavalley.com/,+1 707-486-9229,Open · Closes 6 pm,,https://lh3.googleusercontent.com/gps-cs-s/APNQkAHXOp2adQb_osTQmCOD3qcf-L-XnhoPJUDFQsVw3taVGbCElRB4_7sGt-yhHIEjij3fl1M6cne0hyBOMLnOJzUXrw6rRllSnpiEa0HJU7dpWwwY6C4bV8lLfnDt3fltEYcMupAl=w408-h272-k-no,true,9 am–6 pm,9 am–6 pm,9 am–6 pm,9 am–6 pm,9 am–6 pm,9 am–6 pm,9 am–6 pm,"https://www.google.com/maps/search/commercial+landscaping+businesses+in+Deer+Park+Napa+CA/@38.5326858,-122.4697022,14z",2026-04-29T20:17:40.402Z,,
https://www.google.com/maps/place/JP%26BG+LANDSCAPE/data=!4m7!3m6!1s0x8085af40791e0d2d:0x8bf90106234de15f!8m2!3d38.3430124!4d-122.5137209!16s%2Fg%2F11hzsnw_d8!19sChIJLQ0eeUCvhYARX-FNIwYB-Ys,JP&BG LANDSCAPE,,,Landscaper,"15205 Arnold Dr, Glen Ellen, CA 95442, United States","8FVP+6G Glen Ellen, California, USA",,+1 707-260-4377,Open · Closes 4 pm,,https://lh3.googleusercontent.com/gps-cs-s/APNQkAF_tkrqY-JFLi7pWC3rWuJroysSWYXz_syjv7EkO86pcGg5tZlb547kPH0eoQr8LDEQILNoyh2B7B9dfjgH8FRqQNuAZNlFSkqqgV1m41K4SaZ2U-wgxZw3E1gwfxuzQMXnDbM1wg=w408-h306-k-no,true,7 am–4 pm,7 am–4 pm,7 am–4 pm,7 am–4 pm,Closed,7 am–4 pm,7 am–4 pm,"https://www.google.com/maps/search/commercial+landscaping+businesses+in+Deer+Park+Napa+CA/@38.5326858,-122.4697022,14z",2026-04-29T20:17:50.120Z,,
https://www.google.com/maps/place/Le+Jardinier+Landscape+Management+%26+Construction/data=!4m7!3m6!1s0x8085bc9dcb824fab:0x76b63ab611424847!8m2!3d38.107499!4d-122.577574!16s%2Fg%2F1tj73t_w!19sChIJq0-Cy528hYARR0hCEbY6tnY,Le Jardinier Landscape Management & Construction,5.0,6,Landscaper,"936 b 7th St #305, Novato, CA 94947, United States","4C4C+XX Novato, California, USA",http://www.ljmarin.com/,+1 415-385-3478,Open · Closes 5 pm,,https://lh3.googleusercontent.com/gps-cs-s/APNQkAF23SDBMka6QT1g1BY4WrwDyrVFgI3LQCnoEKQoUOxFjAZgWRVEJJEfHgvIxOYndxwKx885boUqPfLUi3ruYqocQdbdIPTdVK0ztSb0r_FaSVxCfQmAfs3PejPiuGj6x-Rpysi4=w426-h240-k-no,true,8 am–5 pm,8 am–5 pm,8 am–5 pm,8 am–5 pm,Closed,8 am–5 pm,8 am–5 pm,"https://www.google.com/maps/search/commercial+landscaping+businesses+in+Deer+Park+Napa+CA/@38.5326858,-122.4697022,14z",2026-04-29T20:17:59.484Z,,
https://www.google.com/maps/place/Reyes+Landscape+Construction/data=!4m7!3m6!1s0x8085976c1b87cb2d:0xfbacf07a7527f38f!8m2!3d37.9831375!4d-122.5545483!16s%2Fg%2F11b76lpmjd!19sChIJLcuHG2yXhYARj_MndXrwrPs,Reyes Landscape Construction,4.7,15,Landscape architect,"107 Wimbledon Way, San Rafael, CA 94901, United States","XCMW+75 San Rafael, California, USA",https://www.reyeslandscape.com/,+1 415-747-8633,Open · Closes 4:30 pm,Identifies as Latino-owned,https://lh3.googleusercontent.com/gps-cs-s/APNQkAH3vDktZ3EH-IER8etdzrHUtWx6I2Sp893lM3iJHKt2kNVQk_0wIoM39GxaPXeBp2AdFSz9pKQ-TG8_xbYAI-bneeI0lpzf_LEC6rfLnyOajUGu1d62WuHe6QBGe9rNDNoqSWMMJKAT6Je-=w408-h273-k-no,true,7:30 am–4:30 pm,7:30 am–4:30 pm,7:30 am–4:30 pm,Closed,Closed,7:30 am–4:30 pm,7:30 am–4:30 pm,"https://www.google.com/maps/search/commercial+landscaping+businesses+in+Deer+Park+Napa+CA/@38.5326858,-122.4697022,14z",2026-04-29T20:18:08.831Z,,
https://www.google.com/maps/place/TLC+Tree+and+Landscape+Care/data=!4m7!3m6!1s0x8085ad8086998503:0xa8a32f2d1a014e8e!8m2!3d38.339048!4d-122.571157!16s%2Fg%2F11j7jgtp6w!19sChIJA4WZhoCthYARjk4BGi0vo6g,TLC Tree and Landscape Care,5.0,9,Tree service,,,https://treetlc.com/?utm_source=google&utm_medium=local&utm_campaign=1&utm_content=primary,+1 707-318-9913,Open · Closes 5 pm,,https://lh3.googleusercontent.com/gps-cs-s/APNQkAGUWNotqo6O45lilRilNXtgVQfoZpoNPUUB8dtH1Nr9njLRbctgWbU_B7Ujtwd_QFS8O1az3PxCsg1fXIaJSyZd4CPmVj_Q-XdZFALZPRGkF2kfFfIkH9MBJunkQuzaw6egvHqVYW8qfcY=w408-h272-k-no,true,8 am–5 pm,8 am–5 pm,8 am–5 pm,Closed,Closed,8 am–5 pm,8 am–5 pm,"https://www.google.com/maps/search/commercial+landscaping+businesses+in+Deer+Park+Napa+CA/@38.5326858,-122.4697022,14z",2026-04-29T20:18:13.744Z,,
https://www.google.com/maps/place/JV+Landscape/data=!4m7!3m6!1s0x8b06b714468f6d15:0x878cd014ba711bf6!8m2!3d38.339701!4d-122.846947!16s%2Fg%2F11sgvhtlp4!19sChIJFW2PRhS3BosR9htxuhTQjIc,JV Landscape,4.8,42,Landscaper,,,http://jvlandscapesoco.com/,+1 707-529-6666,Open · Closes 5 pm,,https://lh3.googleusercontent.com/gps-cs-s/APNQkAENoFwA3I-POwU15MGDkRCQ_FfiM47-SmIDUGzQ7_Xnsujf_IUkMOfL9rmcwcwx6XzfHenMn7rjC2QD98FMbgi2f0-mHVEAxKX2yND1DOsFY_eF29hcak-m94GUiT7bQm5faAPY=w443-h240-k-no,true,8 am–5 pm,8 am–5 pm,8 am–5 pm,Closed,Closed,8 am–5 pm,8 am–5 pm,"https://www.google.com/maps/search/commercial+landscaping+businesses+in+Deer+Park+Napa+CA/@38.5326858,-122.4697022,14z",2026-04-29T20:18:18.443Z,,
https://www.google.com/maps/place/McHale%27s+Custom+Gardening/data=!4m7!3m6!1s0x6a12bfe41bc4cf65:0xbad57dbc2c08ab1d!8m2!3d38.0681646!4d-122.7409885!16s%2Fg%2F11y57781p_!19sChIJZc_EG-S_EmoRHasILLx91bo,McHale's Custom Gardening,5.0,11,Landscaper,,,https://www.mchalesgardening.com/,+1 415-858-4549,Open · Closes 10 pm,,https://lh3.googleusercontent.com/gps-cs-s/APNQkAELD9NLUtkpyMPxl7oyNS2dlrijVPxuFCTr_OzW2ajEkvqUEUirLNdmWsxI9w-pt-1dequ9ctboNwg6BASJmQlpfg8JYdnquG0HCbPkGh4Gd3qLLlp98MaYTy9AUkYX3tqX9P0qSg=w408-h306-k-no,true,7 am–10 pm,7 am–10 pm,7 am–10 pm,7 am–10 pm,8 am–6 pm,7 am–10 pm,7 am–10 pm,"https://www.google.com/maps/search/commercial+landscaping+businesses+in+Deer+Park+Napa+CA/@38.5326858,-122.4697022,14z",2026-04-29T20:18:23.206Z,,
https://www.google.com/maps/place/Complete+Landscape+-+Landscaping+and+Maintenance/data=!4m7!3m6!1s0x808557a3be2298ff:0x4799e8aee894200d!8m2!3d38.0028361!4d-121.7210326!16s%2Fg%2F11fj7p3dxy!19sChIJ_5givqNXhYARDSCU6K7omUc,Complete Landscape - Landscaping and Maintenance,5.0,55,Gardener,"159 Edmeades Ct, Oakley, CA 94561, United States","273H+4H Oakley, California, USA",https://completecleanyard.com/?utm_source=google_profile&utm_campaign=localo&utm_medium=mainlink,,Open · Closes 6 pm,,https://lh3.googleusercontent.com/gps-cs-s/APNQkAH8lAfHW8947KMkJgCMt1qpC5gCQBDtxgb54P_-IMi73xiNzInGSmsN2I_kA5MT4y-2N239Q1767m46YTZsxyYeZcLN4ExChUVDPbGoh8RX98lFhum2ls8M7mOL3ZhN-bSFD2tAzg=w408-h306-k-no,true,8 am–6 pm,8 am–6 pm,8 am–6 pm,8 am–6 pm,Closed,8 am–6 pm,8 am–6 pm,"https://www.google.com/maps/search/commercial+landscaping+businesses+in+Oakville+Napa+CA/@38.4366996,-122.402785,14z",2026-04-29T20:19:06.963Z,,
https://www.google.com/maps/place/El+Prado+Landscape/data=!4m7!3m6!1s0x838927c372031691:0x4ac72b803e8867a4!8m2!3d38.29109!4d-122.448986!16s%2Fg%2F11mdpbdftj!19sChIJkRYDcsMniYMRpGeIPoArx0o,El Prado Landscape,5.0,2,Landscaper,,,https://elpradolandscape.com/,+1 831-588-2871,Open · Closes 5 pm,,https://lh3.googleusercontent.com/gps-cs-s/APNQkAE6jKkuBubwH3QMrtOJ8FPUWll8CGyAg1UOrKPiS-GJ6o1vOXT169a-lYZ_xriSwaPZFd2OcvgLnTv9LCxIdlUDrEPikZJ7qJqNQL9bpey2R1r1jcWydPlMVALVneEvfcAfhLUCnLWhWDXF=w408-h544-k-no,true,7 am–5 pm,7 am–5 pm,7 am–5 pm,7 am–5 pm,Closed,7 am–5 pm,7 am–5 pm,"https://www.google.com/maps/search/commercial+landscaping+businesses+in+Oakville+Napa+CA/@38.4366996,-122.402785,14z",2026-04-29T20:19:11.706Z,,
https://www.google.com/maps/place/Brodie+Castle+Landcare/data=!4m7!3m6!1s0x8084318cba7fb49f:0x968cc215c75277eb!8m2!3d38.4717835!4d-122.73464!16s%2Fg%2F11hfwcjsd3!19sChIJn7R_uowxhIAR63dSxxXCjJY,Brodie Castle Landcare,5.0,38,Lawn sprinkler system contractor,"880 Piner Rd, Santa Rosa, CA 95403, United States","F7C8+P4 Santa Rosa, California, USA",http://brodiecastlelandcare.com/,+1 707-331-9679,Open · Closes 5 pm,,https://lh3.googleusercontent.com/gps-cs-s/APNQkAHwjxGgICK8EiAUuLmYw9z3Z24EGLBrG8wN7VuzOW2tGd-1I2SL9IOA2we8pdI8bc1W8MvHMYxt-pHw_muvjJLgS2UsRwcK_1uOmH-VqSmyu8PFkeLE8j8W_qRDhFGaIGUF7VgQxA=w408-h272-k-no,true,8 am–5 pm,8 am–5 pm,8 am–5 pm,8 am–5 pm,Closed,8 am–5 pm,8 am–5 pm,"https://www.google.com/maps/search/commercial+landscaping+businesses+in+Pope+Valley+Napa+CA/@38.6151837,-122.427757,14z",2026-04-29T20:19:53.158Z,,
"https://www.google.com/maps/place/Manzanita+Landscape+Construction,+Inc./data=!4m7!3m6!1s0x4d5cc11275f1bc0b:0x70110d7e1025c5ca!8m2!3d38.4630881!4d-122.9899756!16s%2Fg%2F11xf84bh1m!19sChIJC7zxdRLBXE0RysUlEH4NEXA","Manzanita Landscape Construction, Inc.",5.0,1,Landscaper,,,https://www.manzanitalc.com/,+1 707-575-3775,Open · Closes 5 pm,,https://lh3.googleusercontent.com/gps-cs-s/APNQkAFd0AeE1HTo26Cewsv7n3_shnh86SgOSX5DrqrSP3HhXNXAF-PNRww-rzYasb1xOk31tf0UQYDI0gGun69PSNc3wC9f8TmT3bUcoh6YmJwL03RY994FoZRGwVWU4xl0g2i7ME7Ktg_uufRV=w408-h306-k-no,true,9 am–5 pm,9 am–5 pm,9 am–5 pm,Closed,Closed,9 am–5 pm,9 am–5 pm,"https://www.google.com/maps/search/commercial+landscaping+businesses+in+Pope+Valley+Napa+CA/@38.6151837,-122.427757,14z",2026-04-29T20:19:57.890Z,,
https://www.google.com/maps/place/Bowman+Landscaping/data=!4m7!3m6!1s0x80843de4daf631b7:0x75cb7567a9ef20c9!8m2!3d38.538077!4d-122.7903392!16s%2Fg%2F1tks6jn4!19sChIJtzH22uQ9hIARySDvqWd1y3U,Bowman Landscaping,5.0,10,Landscaper,"108 Thrushwing Ave, Windsor, CA 95492, United States","G6Q5+6V Windsor, California, USA",https://bowmanandsonlandscaping.com/,+1 707-206-1425,Open · Closes 5 pm,,https://lh3.googleusercontent.com/gps-cs-s/APNQkAHT2awu7hS4CbSogBqD0hfpzvtSRndBgXVA0UKDjg9GQOf8-0f2mkbfYFn_kgVLLcIpIJsUcG4CS5NgjH7DhVcqAOAwLwyYURWPdsNdAXLA9zdUFhxIu8BHK9ev3MotF-fyMVVm=w408-h272-k-no,true,8 am–5 pm,8 am–5 pm,8 am–5 pm,Closed,Closed,8 am–5 pm,8 am–5 pm,"https://www.google.com/maps/search/commercial+landscaping+businesses+in+Pope+Valley+Napa+CA/@38.6151837,-122.427757,14z",2026-04-29T20:20:07.299Z,,
https://www.google.com/maps/place/Verawood+Landscape/data=!4m7!3m6!1s0xa5e5a081b10f2e6b:0x9e5f05d456a6ff0e!8m2!3d37.995123!4d-122.5211674!16s%2Fg%2F11vh_3v_f7!19sChIJay4PsYGg5aURDv-mVtQFX54,Verawood Landscape,5.0,13,Landscaper,,,http://www.verawoodlandscape.com/,+1 415-870-3690,Open · Closes 4:30 pm,,https://lh3.googleusercontent.com/gps-cs-s/APNQkAGjPXXGSzhQ4olFrb797ubWwsq7QfMXWEFiLRMxfB8z6hJOLHzFKroKoHkhls-cl587O6Yd0PjE0aMGfHek_D3SxihCZcwt4ZQ0U7bJEgpyJn78WkPfqziZOT3fsoAOSzjY1VLQJaHvdCD4=w408-h306-k-no,true,8 am–4:30 pm,8 am–4:30 pm,8 am–4:30 pm,Closed,Closed,8 am–4:30 pm,8 am–4:30 pm,"https://www.google.com/maps/search/commercial+landscaping+businesses+in+Pope+Valley+Napa+CA/@38.6151837,-122.427757,14z",2026-04-29T20:20:23.629Z,,
https://www.google.com/maps/place/JLP+Landscape+Contracting+Inc/data=!4m7!3m6!1s0x808447fc07005b43:0xa22b939ec0befce8!8m2!3d38.4660182!4d-122.7300344!16s%2Fg%2F1tgtfqky!19sChIJQ1sAB_xHhIAR6Py-wJ6TK6I,JLP Landscape Contracting Inc,2.3,3,General contractor,"1150 State Farm Dr, Santa Rosa, CA 95403, United States","F789+CX Santa Rosa, California, USA",https://www.jlpland.com/,+1 707-526-6285,,,https://streetviewpixels-pa.googleapis.com/v1/thumbnail?panoid=CYeiVslD534zrjwQP7VjCQ&cb_client=search.gws-prod.gps&w=408&h=240&yaw=118.86299&pitch=0&thumbfov=100,false,,,,,,,,"https://www.google.com/maps/search/commercial+landscaping+businesses+in+Pope+Valley+Napa+CA/@38.6151837,-122.427757,14z",2026-04-29T20:20:26.175Z,,
https://www.google.com/maps/place/Elemental+Land+Management/data=!4m7!3m6!1s0x20067981a944d4d9:0xd7e56e52ea70efb9!8m2!3d38.4630881!4d-122.9899756!16s%2Fg%2F11msvc63jk!19sChIJ2dREqYF5BiARue9w6lJu5dc,Elemental Land Management,5.0,2,Landscaper,,,https://elmdefense.com/,+1 707-364-0809,Open · Closes 5 pm,LGBTQ+ friendly,https://lh3.googleusercontent.com/gps-cs-s/APNQkAHCCc8pkZVkB6Gg8Gn4Bq0uFjnXshZLozjJicw0V1in58c1BG2LXaoSn6OAaYsxNOzcuy4Fc8u9kAIvWi-FzEIrZQnI_t6o47AvAvt4V9VNZnwFTZm6r9OE4NfK0N3dcyhTw_Ivx0048JrT=w408-h544-k-no,true,8 am–5 pm,8 am–5 pm,8 am–5 pm,8 am–5 pm,Closed,8 am–5 pm,8 am–5 pm,"https://www.google.com/maps/search/commercial+landscaping+businesses+in+Pope+Valley+Napa+CA/@38.6151837,-122.427757,14z",2026-04-29T20:20:30.730Z,,
"https://www.google.com/maps/place/Santiago's+Landscaping,+LLC/@38.4630881,-122.9899755,10z/data=!3m1!4b1!4m6!3m5!1s0x8b6d143a9a4de8fb:0x6684af636c46386b!8m2!3d38.4630881!4d-122.9899756!16s%2Fg%2F11wh69c2tv","Santiago's Landscaping, LLC",5.0,13,Landscaper,,,https://www.santiagoslandscaping.net/,+1 707-328-9945,Open · Closes 5 pm,,,true,8 am–5 pm,8 am–5 pm,8 am–5 pm,8 am–5 pm,Closed,8 am–5 pm,8 am–5 pm,"https://www.google.com/maps/search/commercial+landscaping+businesses+in+Pope+Valley+Napa+CA/@38.6151837,-122.427757,14z",2026-04-29T20:20:37.494Z,,
https://www.google.com/maps/place/Village+Landscape+Architecture/data=!4m7!3m6!1s0x808447f103aa116f:0xf8de4b5339a5f20f!8m2!3d38.339701!4d-122.846947!16s%2Fg%2F11j2c55574!19sChIJbxGqA_FHhIARD_KlOVNL3vg,Village Landscape Architecture,5.0,1,Landscape architect,,,http://villscapes.com/,+1 707-583-9209,Open · Closes 5 pm,,https://lh3.googleusercontent.com/gps-cs-s/APNQkAFT3r__gedPyxpxKy0AfwfAA95hoBJsKOPIjYkPCkWUxk1Pvm4RDWkFFGOosck_Hpi7Egb5Oefdk0wbzHep-4S0sTI8O6GhxBR17qFH4l-IVnLCPRzOaCGy14lqqWIZijZC-p3U=w408-h292-k-no,true,8:30 am–5 pm,8:30 am–5 pm,8:30 am–5 pm,Closed,Closed,8:30 am–5 pm,8:30 am–5 pm,"https://www.google.com/maps/search/commercial+landscaping+businesses+in+Pope+Valley+Napa+CA/@38.6151837,-122.427757,14z",2026-04-29T20:20:42.315Z,,
https://www.google.com/maps/place/A-2-Z+Landscaping/data=!4m7!3m6!1s0x80853d14b3970bc7:0x85ba7cf5c5586b5b!8m2!3d38.421295!4d-121.9521255!16s%2Fg%2F1hc47wmps!19sChIJxwuXsxQ9hYARW2tYxfV8uoU,A-2-Z Landscaping,4.5,37,Landscaper,"7402 Paddon Rd, Vacaville, CA 95688, United States","C2CX+G4 Vacaville, California, USA",https://www.a2zlandscaping.com/,+1 707-425-2500,"Open · Closes 4 pm

Confirmed by this business 6 weeks ago",Identifies as veteran-owned,https://lh3.googleusercontent.com/gps-cs-s/APNQkAGW2x1YGO84Yx02AiNResthGxWpxJd6HxqLjNg7x9JuFiWWefRo6tp1rgZGyMZYq0w5D6UGZKXmfPHQ4Jppcg9QZBzie-qn6S2jK4vvWgnasTbbtQfUxobyB9cSlypgH0O6nsepCn9LknU=w426-h240-k-no,true,8 am–4 pm,8 am–4 pm,8 am–4 pm,Closed,Closed,8 am–4 pm,8 am–4 pm,"https://www.google.com/maps/search/commercial+landscaping+businesses+in+Lake+Berryessa+Napa+CA/@38.6097407,-122.254045,14z",2026-04-29T20:21:17.119Z,,
https://www.google.com/maps/place/Baldo%27s+Landscaping/data=!4m7!3m6!1s0x808517487480a6ab:0x412dfbb1870478b0!8m2!3d38.4274935!4d-121.97613!16s%2Fg%2F11h5rzv1d5!19sChIJq6aAdEgXhYARsHgEh7H7LUE,Baldo's Landscaping,5.0,10,Landscaper,,,https://landscapervacavilleca.com/,+1 707-216-0075,Open · Closes 5 pm,,https://lh3.googleusercontent.com/gps-cs-s/APNQkAGfJ1TYpH4l4h7MtMKga0pRqwVnemOQ9Nui6IzzgDe0ur0OunUfCWEv7keuARuuRKf1wzn-nRYuQtrlkr9gxbfT59aCBytpLZfiTeYB7BqItZ4uM6o_6KOWt9aTMRZQTVP1XF-c=w408-h306-k-no,true,7 am–5 pm,7 am–5 pm,7 am–5 pm,Closed,Closed,7 am–5 pm,7 am–5 pm,"https://www.google.com/maps/search/commercial+landscaping+businesses+in+Lake+Berryessa+Napa+CA/@38.6097407,-122.254045,14z",2026-04-29T20:21:21.764Z,,
https://www.google.com/maps/place/Zoe+landscaping/data=!4m7!3m6!1s0x80852354471dfd3b:0x7ad7b08f5bd793a8!8m2!3d38.3647418!4d-121.9771492!16s%2Fg%2F11t831pvwt!19sChIJO_0dR1QjhYARqJPXW4-w13o,Zoe landscaping,4.9,27,Landscaper,"312 Brown St SPC 17, Vacaville, CA 95688, United States","927F+V4 Vacaville, California, USA",https://zoelandscapinginc.com/,+1 707-628-1974,Open · Closes 5:30 pm,,https://lh3.googleusercontent.com/gps-cs-s/APNQkAGrjsZ9GYqrRAteANuVoYt3ZepuW7Eqm72Ha4LNP-nJ4ahNoSXz6OKue65ZB2ZD28Kq2WUJYaFbyPpqJnVmIOYtVlvzZvXzSnX45JgnFMsMpNNdOHjNwt1VRxxsl5ey2c5QdYgt=w408-h408-k-no,true,7 am–5:30 pm,7 am–5:30 pm,7 am–5:30 pm,7 am–5:30 pm,Closed,7 am–5:30 pm,7 am–5:30 pm,"https://www.google.com/maps/search/commercial+landscaping+businesses+in+Lake+Berryessa+Napa+CA/@38.6097407,-122.254045,14z",2026-04-29T20:21:31.479Z,,
"https://www.google.com/maps/place/Green+Dreams,+Inc.+Landscaping/data=!4m7!3m6!1s0x80851f34145488a9:0x11231dff52f2043e!8m2!3d38.3222305!4d-121.83685!16s%2Fg%2F1tfly32_!19sChIJqYhUFDQfhYARPgTyUv8dIxE","Green Dreams, Inc. Landscaping",3.0,2,Landscaper,,,,+1 707-373-5356,Open · Closes 5 pm,,https://lh3.googleusercontent.com/gps-cs-s/APNQkAGpVHn_1gz2H45YBE1AanSWVv91v-kFFG3-TfkkP-zcTAK3A6ZmFLrERG1U3kDABwYhLbLp2WyEJwbJCZ-gkExwS2Xq1yklKB5RKpmy_8ATJ0Sfeu81otWBnOhbv2RoeSpRydqL=w408-h378-k-no,true,7 am–5 pm,7 am–5 pm,7 am–5 pm,7 am–5 pm,Closed,7 am–5 pm,7 am–5 pm,"https://www.google.com/maps/search/commercial+landscaping+businesses+in+Lake+Berryessa+Napa+CA/@38.6097407,-122.254045,14z",2026-04-29T20:21:36.202Z,,
https://www.google.com/maps/place/Turfworks+Inc/data=!4m7!3m6!1s0x80853d56c065e85b:0x2601a44b2fed09e6!8m2!3d38.3541292!4d-121.988426!16s%2Fg%2F1tfrs470!19sChIJW-hlwFY9hYAR5gntL0ukASY,Turfworks Inc,4.7,17,Landscaper,"421 Boyd St #13, Vacaville, CA 95688, United States","9236+MJ Vacaville, California, USA",http://www.turfworksinc.com/,+1 707-452-9957,Open · Closes 5 pm,,https://lh3.googleusercontent.com/gps-cs-s/APNQkAH5fDeiAYjpalXFaWQFrM_zV0F_jWn8_dZA2YeLGb_jPwMbU07eaChk5IqEenR-U_KIVG6Sd31lqAOkAsI_lEFJ3Z8v0ObXkKuN414W0HXhz1gwdzLAuHjAMn3UaY84-0yvISoG=w408-h306-k-no,true,8 am–5 pm,8 am–5 pm,8 am–5 pm,Closed,Closed,8 am–5 pm,8 am–5 pm,"https://www.google.com/maps/search/commercial+landscaping+businesses+in+Lake+Berryessa+Napa+CA/@38.6097407,-122.254045,14z",2026-04-29T20:21:41.065Z,,
https://www.google.com/maps/place/Sea+of+Green+Lawn+Care+and+Landscaping/data=!4m7!3m6!1s0x808523eda00c7e55:0xac6cca23c9a82ab3!8m2!3d38.3633927!4d-121.9715858!16s%2Fg%2F11j959wd_9!19sChIJVX4MoO0jhYARsyqoySPKbKw,Sea of Green Lawn Care and Landscaping,4.8,24,Landscaper,"130 Allison Ct, Vacaville, CA 95688, United States","927H+99 Vacaville, California, USA",http://seaofgreenlawnservice.com/,+1 707-816-9401,Open · Closes 4:30 pm,,https://lh3.googleusercontent.com/gps-cs-s/APNQkAE4kJgaT5y98YZr1YWqlRaVl7N8ZaPdk2TI7birTjwARDZr9rmADyJ6t9oi8kIjR27V56JO1QUzhQhO-t2tBqlfAh3eUD6XJQ8M-T-2w6MSDpA2IKkkznVutyV41p4K9PF8mJs=w408-h306-k-no,true,8:30 am–4:30 pm,8:30 am–4:30 pm,8:30 am–4:30 pm,8:30 am–4:30 pm,Closed,8:30 am–4:30 pm,8:30 am–4:30 pm,"https://www.google.com/maps/search/commercial+landscaping+businesses+in+Lake+Berryessa+Napa+CA/@38.6097407,-122.254045,14z",2026-04-29T20:21:45.939Z,,
https://www.google.com/maps/place/Moises+L+Landscape+LLC/data=!4m7!3m6!1s0x808439559aea6b7b:0x7789cb900a663485!8m2!3d38.448282!4d-122.746134!16s%2Fg%2F11ssd7406j!19sChIJe2vqmlU5hIARhTRmCpDLiXc,Moises L Landscape LLC,5.0,12,Landscaper,"1432 Ridley Ave, Santa Rosa, CA 95401, United States","C7X3+8G Santa Rosa, California, USA",http://moisesllandscape.com/,+1 707-280-0754,Open · Closes 5 pm,,https://lh3.googleusercontent.com/gps-cs-s/APNQkAEROlWlepXuH5WtJj13pzKunKPyM3rtxxCepdhXa9ZeXQE1K6q5OBO0BYCqFM9kRplmjvazxdiDseEZ04Y6Dj1_VFwZIoGppzPRbk2cgSUOp9n0ApC7OjEfY5QVNWHgHtvSuS98SEH4ydoR=w426-h240-k-no,true,7 am–5 pm,7 am–5 pm,7 am–5 pm,Closed,Closed,7 am–5 pm,7 am–5 pm,"https://www.google.com/maps/search/commercial+landscaping+businesses+in+Lake+Berryessa+Napa+CA/@38.6097407,-122.254045,14z",2026-04-29T20:21:50.775Z,,
https://www.google.com/maps/place/Greg%27s+Rototilling+And+Landscaping/data=!4m7!3m6!1s0x80851fd508ec884f:0x93eea9ff9beb9ab3!8m2!3d38.4955071!4d-122.0356954!16s%2Fg%2F11f08f0gkd!19sChIJT4jsCNUfhYARs5rrm_-p7pM,Greg's Rototilling And Landscaping,5.0,2,Landscaper,"3430 Sackett Ln, Winters, CA 95694, United States","FXW7+6P Winters, California, USA",https://www.gregsrototillingandlandscaping.com/,+1 707-480-3809,Open · Closes 6 pm,,https://lh3.googleusercontent.com/gps-cs-s/APNQkAFrqumvpgriU5MzyisJOsb6CrmhySMHrwU22gilvzWl7bN4Cf9rqrXQ8t41-bD_ttFSi5YL3c1_-bX3oq4fzXBwwZpa6mciZJ7xSSeue15s36NXs5uUQk0rbqzT27NAK7hQLNiO=w426-h240-k-no,true,8 am–6 pm,8 am–6 pm,8 am–6 pm,8 am–6 pm,8 am–6 pm,8 am–6 pm,8 am–6 pm,"https://www.google.com/maps/search/commercial+landscaping+businesses+in+Lake+Berryessa+Napa+CA/@38.6097407,-122.254045,14z",2026-04-29T20:21:55.820Z,,
https://www.google.com/maps/place/Valley+Vista+Landscaping/data=!4m7!3m6!1s0xa00c030e5c918927:0xb01bb9d1cb8bcd4e!8m2!3d38.1287906!4d-121.987843!16s%2Fg%2F11x19lcmpp!19sChIJJ4mRXA4DDKARTs2Ly9G5G7A,Valley Vista Landscaping,5.0,10,Landscaper,,,https://valleyvistalandscapingca.com/,+1 925-477-5060,Open · Closes 5 pm,,https://lh3.googleusercontent.com/gps-cs-s/APNQkAEcWoS0HN3hugocWgL3At995Rf6PLWQjBR3jFPKFb1tbmtRXFPY7d2ZAStO9St08pjBy0ywTv7uNXZFYkiNEtmJMKx_wKPyoTkofO94kv5HxbkltsgMVdqdsSylHXyi9UTy465oG26ChWij=w426-h240-k-no,true,8 am–5 pm,8 am–5 pm,8 am–5 pm,Closed,Closed,8 am–5 pm,8 am–5 pm,"https://www.google.com/maps/search/commercial+landscaping+businesses+in+Lake+Berryessa+Napa+CA/@38.6097407,-122.254045,14z",2026-04-29T20:22:00.507Z,,
"https://www.google.com/maps/place/AEON+Landscape+Architecture,+Inc./data=!4m7!3m6!1s0xab5cdaceffbf0409:0xd76ae796604bde04!8m2!3d37.2695056!4d-119.306607!16s%2Fg%2F11s0jfhddh!19sChIJCQS__87aXKsRBN5LYJbnatc","AEON Landscape Architecture, Inc.",5.0,2,Landscape architect,,,https://www.aeonlandscape.com/,+1 707-469-3900,Open · Closes 5 pm,,https://lh3.googleusercontent.com/gps-cs-s/APNQkAE1bCgwM4UDmBYdehncsxc3bsPLyvR-OHFSyWCXpzsmWcQXNhnZFpXjxcgsJ90ou1_0BTfjOSviBanvGsD7_7knyD4aMWQAgX2xFCgVd7_57To8evmwsDq5P1_wHu8jyXM0qLUo4A=w408-h387-k-no,true,9 am–5 pm,9 am–5 pm,9 am–5 pm,Closed,Closed,9 am–5 pm,9 am–5 pm,"https://www.google.com/maps/search/commercial+landscaping+businesses+in+Lake+Berryessa+Napa+CA/@38.6097407,-122.254045,14z",2026-04-29T20:22:05.265Z,,
https://www.google.com/maps/place/Landscape+and+Paver+Works/data=!4m7!3m6!1s0x8085187ed85826f3:0x2e32db65cdcd9132!8m2!3d38.3222305!4d-122.0808034!16s%2Fg%2F1q67rbz33!19sChIJ8yZY2H4YhYARMpHNzWXbMi4,Landscape and Paver Works,5.0,1,Landscaper,,,http://landscapeandpaverworks.com/,+1 707-628-3150,Open · Closes 5 pm,,https://lh3.googleusercontent.com/gps-cs-s/APNQkAGHrLLmzRm_wt9-MbLse74dLDITBih1_lwbnMhxQz9B5NRrOmR69_eL0YN4qdFR7XcoTe2vaXIrimXP2KoiDHCqxKBpwElXsJDj5WQYtdFzedSpHcncGQrPtU8Vr4xZzLo0KcfIGw=w408-h271-k-no,true,8 am–5 pm,8 am–5 pm,8 am–5 pm,Closed,Closed,8 am–5 pm,8 am–5 pm,"https://www.google.com/maps/search/commercial+landscaping+businesses+in+Lake+Berryessa+Napa+CA/@38.6097407,-122.254045,14z",2026-04-29T20:22:09.887Z,,
https://www.google.com/maps/place/Creative+Image+Landscaping/data=!4m7!3m6!1s0x80853c562c024267:0x2bea9bca292e94c0!8m2!3d38.2853855!4d-122.0001215!16s%2Fg%2F1tdhf6pt!19sChIJZ0ICLFY8hYARwJQuKcqb6is,Creative Image Landscaping,5.0,3,Landscaper,,,http://www.creativeimagelandscaping.com/,+1 707-689-3934,Open · Closes 5 pm,,https://lh3.googleusercontent.com/gps-cs-s/APNQkAGywiM2WD6KfEMut5gipn05rr7OBN4o5sjj2XhleNT0LpL9uBHywVlG0rxSWR1StpMSOoq0bWbD1vK8iJAwhrTJSUP-FWMf4LVMPyFoclySMRIFzbQ3z5ppTO3inlfviBy9RZ7U=w408-h306-k-no,true,9 am–5 pm,9 am–5 pm,9 am–5 pm,Closed,Closed,9 am–5 pm,9 am–5 pm,"https://www.google.com/maps/search/commercial+landscaping+businesses+in+Lake+Berryessa+Napa+CA/@38.6097407,-122.254045,14z",2026-04-29T20:22:14.796Z,,
https://www.google.com/maps/place/Affordable+Lawn+Service+%26+Sprinkler+Repairs/data=!4m7!3m6!1s0x8085224e3cc7ef3f:0xf39147c36ae6823f!8m2!3d38.4178659!4d-121.9548984!16s%2Fg%2F11csb15wyj!19sChIJP-_HPE4ihYARP4LmasNHkfM,Affordable Lawn Service & Sprinkler Repairs,4.7,76,Lawn care service,"4715 Midway Rd, Vacaville, CA 95688, United States","C29W+42 Vacaville, California, USA",http://affordablelawnservice.com/,+1 707-718-4980,Open · Closes 6 pm,Identifies as veteran-owned,https://lh3.googleusercontent.com/gps-cs-s/APNQkAHN3HMRwBop0QxFJdnrNGKHFExv3Z9F_-G3WdimSLa_UhHQt9sbxn91Z0qhBR3fZDBwugyHx5--7fBSdCEX3vjC0aY71Oygi9k8-QzIZUWdKOyYq3CQvFLJXwdOcOXxyzgWkwS4=w408-h306-k-no,true,7 am–6 pm,7 am–6 pm,7 am–6 pm,7 am–6 pm,7 am–6 pm,7 am–6 pm,7 am–6 pm,"https://www.google.com/maps/search/commercial+landscaping+businesses+in+Lake+Berryessa+Napa+CA/@38.6097407,-122.254045,14z",2026-04-29T20:22:19.911Z,,
https://www.google.com/maps/place/West+Bear+Landscapes/data=!4m7!3m6!1s0x6cb660a323ff9863:0xd072b4a058ab2dbb!8m2!3d38.3567225!4d-122.7079156!16s%2Fg%2F11pt_7vchn!19sChIJY5j_I6NgtmwRuy2rWKC0ctA,West Bear Landscapes,5.0,24,Landscaper,,,http://www.westbearlandscapes.com/,+1 727-542-6196,Open · Closes 5 pm,,https://lh3.googleusercontent.com/gps-cs-s/APNQkAGCemV0MG6-3uptXYsrB-2wxr3nt3wN1MXcbVdxRs37s4BFMjHLoI8_UBZi2ShfF6COAe6_kNFGBi_P_jD949DGmgQK5w4sUKRT6nhD1aeKFWPV_Zg1FpNEUn5AwZE38KrMoYy-bw=w408-h906-k-no,true,9 am–5 pm,9 am–5 pm,9 am–5 pm,Closed,Closed,9 am–5 pm,9 am–5 pm,"https://www.google.com/maps/search/commercial+landscaping+businesses+in+Lake+Berryessa+Napa+CA/@38.6097407,-122.254045,14z",2026-04-29T20:22:24.622Z,,
https://www.google.com/maps/place/Yard+Bros+Landscaping/data=!4m7!3m6!1s0x2d4283f4c966ed93:0xaf2804dd4e9166c5!8m2!3d38.3669995!4d-121.9232206!16s%2Fg%2F11stt6zn0c!19sChIJk-1myfSDQi0RxWaRTt0EKK8,Yard Bros Landscaping,5.0,6,Landscaper,,,http://www.yardbrosllc.com/,+1 707-469-3572,Open · Closes 5 pm,,https://lh3.googleusercontent.com/gps-cs-s/APNQkAHvUsSPTpeejhtuuD1vFd-CLQOXEnIblU3Bc4BzFuiP8YwpiULIr6XhGaim_0WUUCr36UsieQvco6F9-yIdrj3I8L50ChUidrRZoc9y2MMNC2ilFo6mXeS2AF2pyl2XVABjU92v=w408-h306-k-no,true,7 am–5 pm,7 am–5 pm,7 am–5 pm,Closed,Closed,7 am–5 pm,7 am–5 pm,"https://www.google.com/maps/search/commercial+landscaping+businesses+in+Lake+Berryessa+Napa+CA/@38.6097407,-122.254045,14z",2026-04-29T20:22:29.423Z,,
"https://www.google.com/maps/place/NC+Foliage+%26+Landscaping,+Inc./data=!4m7!3m6!1s0x8084df934bae2315:0x9bf5836c2d1659e4!8m2!3d38.5303504!4d-121.9697952!16s%2Fg%2F1tcz_rgc!19sChIJFSOuS5PfhIAR5FkWLWyD9Zs","NC Foliage & Landscaping, Inc.",3.3,3,Landscaper,"1029 Railroad Ave, Winters, CA 95694, United States","G2JJ+43 Winters, California, USA",http://www.ncfoliagelandscaping.com/,+1 530-795-2498,"Open · Closes 6 pm

Confirmed by this business 6 weeks ago",,https://streetviewpixels-pa.googleapis.com/v1/thumbnail?panoid=WQ0mA8-HqdAkFxyPpPY-6Q&cb_client=search.gws-prod.gps&w=408&h=240&yaw=313.5977&pitch=0&thumbfov=100,true,8 am–6 pm,8 am–6 pm,8 am–6 pm,Closed,Closed,8 am–6 pm,8 am–6 pm,"https://www.google.com/maps/search/commercial+landscaping+businesses+in+Lake+Berryessa+Napa+CA/@38.6097407,-122.254045,14z",2026-04-29T20:22:34.335Z,,
"https://www.google.com/maps/place/Ferreira%E2%80%99s+Landscape+Maintenance/@38.4388441,-122.013332,17z/data=!3m1!4b1!4m6!3m5!1s0x80851f47c8676e2b:0x49d900ffa828b47a!8m2!3d38.4388441!4d-122.013332!16s%2Fg%2F11cnc0zvcc",Ferreira’s Landscape Maintenance,3.0,2,Landscaper,"7716 Elaine Wy, Vacaville, CA 95688, United States","CXQP+GM Vacaville, California, USA",,+1 707-592-9788,,,,false,,,,,,,,"https://www.google.com/maps/search/commercial+landscaping+businesses+in+Lake+Berryessa+Napa+CA/@38.6097407,-122.254045,14z",2026-04-29T20:22:38.939Z,,
https://www.google.com/maps/place/Cardonas+Landscaping+%26+Maintenance/data=!4m7!3m6!1s0x8084dfeda65b2d95:0xc1a52ccffa033d5c!8m2!3d38.5274095!4d-121.9732089!16s%2Fg%2F1261myg8t!19sChIJlS1bpu3fhIARXD0D-s8spcE,Cardonas Landscaping & Maintenance,4.7,6,Landscaper,"800 Carrion Cir, Winters, CA 95694, United States","G2GG+XP Winters, California, USA",,+1 530-795-4406,,,https://lh3.googleusercontent.com/gps-cs-s/APNQkAGvZdZi2qOxO8xLXncX1ELixYc_cy6xxHiGOIo1KogF5WzcAjkmmXpBVYTnyFfuhx9lgmCJSoQecR82FBkF8_D8A1L_WHworxXowIr-W00Q_GbzibclI3jWWqc3OY2jarf_F_Wuiw=w408-h544-k-no,false,,,,,,,,"https://www.google.com/maps/search/commercial+landscaping+businesses+in+Lake+Berryessa+Napa+CA/@38.6097407,-122.254045,14z",2026-04-29T20:22:42.121Z,,
https://www.google.com/maps/place/Gomez+Landscaping/data=!4m7!3m6!1s0x80850c870fc2e771:0xb31f4a2237e9d2ad!8m2!3d38.339701!4d-122.0808034!16s%2Fg%2F1wfvmwl3!19sChIJcefCD4cMhYARrdLpNyJKH7M,Gomez Landscaping,,,Landscaper,,,,+1 707-373-2375,Open · Closes 5:30 pm,,https://lh3.googleusercontent.com/gps-cs-s/APNQkAH9iyw83fjlS0G9OyxPHanSIXR4eKDpcxOucc8tI5cICReQ4EiqZE6X37e8SG68Em9BaGbiWVC-l-jhdGXEQUsSjvDuHa5PySbfshmqA_36shE5iyZ67UVgECbVHH8-ykMDfxXx9g=w408-h306-k-no,true,7 am–5:30 pm,7 am–5:30 pm,7 am–5:30 pm,8 am–4:30 pm,Closed,7 am–5:30 pm,7 am–5:30 pm,"https://www.google.com/maps/search/commercial+landscaping+businesses+in+Lake+Berryessa+Napa+CA/@38.6097407,-122.254045,14z",2026-04-29T20:22:51.208Z,,
https://www.google.com/maps/place/Jhony%27s+Landscaping/data=!4m7!3m6!1s0x2dc97abf7ac95ea5:0xff752f3ae995c616!8m2!3d38.617104!4d-121.9615325!16s%2Fg%2F11z30cz09j!19sChIJpV7Jer96yS0RFsaV6Tovdf8,Jhony's Landscaping,,,Landscaper,,,https://jhonyslandscapingca.com/,+1 530-746-1297,Open · Closes 5 pm,,https://lh3.googleusercontent.com/gps-cs-s/APNQkAFqjEns3eA6fpzboKHeLHkEe76HjIWFyTvXNnj0aP4dHYfeiZIFLUVCmJwCHzHnOk9gNnirfzJIPXpe4U5j4Jh9lIMqvJS0t-R0IW8PdBOmcyFO08KaquycZ-XcWXF2m6UVpsjCrKhUqyu3=w408-h306-k-no,true,7 am–5 pm,7 am–5 pm,7 am–5 pm,7 am–5 pm,Closed,7 am–5 pm,7 am–5 pm,"https://www.google.com/maps/search/commercial+landscaping+businesses+in+Lake+Berryessa+Napa+CA/@38.6097407,-122.254045,14z",2026-04-29T20:22:55.755Z,,
https://www.google.com/maps/place/C.L.+Smith+Trucking+Landscape+Materials/data=!4m7!3m6!1s0x8084d08111343c5d:0xd99300e89091549e!8m2!3d38.6774826!4d-121.8065414!16s%2Fg%2F1tfq4wkf!19sChIJXTw0EYHQhIARnlSRkOgAk9k,C.L. Smith Trucking Landscape Materials,4.8,54,Mulch supplier,"37763 CA-16, Woodland, CA 95695, United States","M5GV+X9 Woodland, California, USA",http://clsmithtrucking.com/,+1 530-662-2633,"Open · Closes 5 pm

Confirmed by this business 2 weeks ago",,https://lh3.googleusercontent.com/gps-cs-s/APNQkAHFgz0I7cpB1FMbQniU6YnXtAHVzcpnFvl3ZUAN5PYn28n1lzvkCsfoUul1lNyAfrmMKsaJMnUaNgeEuu9Z_7ULmarmSomknuIzimdcjueOSA7Ho4Oc9hyq96QPPgFTY0-faL-plQ=w426-h240-k-no,true,8 am–5 pm,8 am–5 pm,8 am–5 pm,8 am–1 pm,Closed,8 am–5 pm,8 am–5 pm,"https://www.google.com/maps/search/commercial+landscaping+businesses+in+Lake+Berryessa+Napa+CA/@38.6097407,-122.254045,14z",2026-04-29T20:23:00.702Z,,
https://www.google.com/maps/place/Bouchaine+Vineyards/data=!4m7!3m6!1s0x808508361861f781:0x550ee35331e9a294!8m2!3d38.2257934!4d-122.3321085!16s%2Fg%2F1v7pyq0n!19sChIJgfdhGDYIhYARlKLpMVPjDlU,Bouchaine Vineyards,4.7,257,Winery,"1075 Buchli Station Rd, Napa, CA 94559, United States","6MG9+85 Napa, California, USA",http://www.bouchaine.com/,+1 707-252-9065,Open · Closes 4:30 pm,LGBTQ+ friendly,https://lh3.googleusercontent.com/gps-cs-s/APNQkAEwh79LRSuD36VLmsuiB7nvciSytOLScJ4PW83Ths5A8A8Dt6YpgFEQRQzZNACNwejHdjMPpoMO3JQclKesBwWGabQL2CGcXGEtKcYPGejYL9cqmOIw3URLWvIGhu6BKZ6HNqcoDw=w426-h240-k-no,true,10 am–4:30 pm,10 am–4:30 pm,10 am–4:30 pm,10 am–4:30 pm,10 am–4:30 pm,10 am–4:30 pm,10 am–4:30 pm,"https://www.google.com/maps/search/commercial+landscaping+businesses+in+Cuttings+Wharf+Napa+CA/@38.22667,-122.30778,14z",2026-04-29T20:23:22.597Z,"Wine tasting in a stylish locale with a reclaimed cypress bar, stone fireplace & vineyard views. · Delivery",
https://www.google.com/maps/place/Pacific+Landscapes/data=!4m7!3m6!1s0x80850ecfb5ac0a81:0x5f2cf01d8fa73c6c!8m2!3d38.2297261!4d-122.2569486!16s%2Fg%2F1tdbwzss!19sChIJgQqstc8OhYARbDynjx3wLF8,Pacific Landscapes,,,Landscaper,"135 Camino Dorado, Napa, CA 94558, United States","6PHV+V6 Napa, California, USA",,+1 707-252-3004,,,https://streetviewpixels-pa.googleapis.com/v1/thumbnail?panoid=nYhK4wxY0AT_tPDHV6_C9Q&cb_client=search.gws-prod.gps&w=408&h=240&yaw=315.36774&pitch=0&thumbfov=100,false,,,,,,,,"https://www.google.com/maps/search/commercial+landscaping+businesses+in+Cuttings+Wharf+Napa+CA/@38.22667,-122.30778,14z",2026-04-29T20:23:25.448Z,,
https://www.google.com/maps/place/Tony%27s+Landscaping+and+tree+services/data=!4m7!3m6!1s0x80850146d0935461:0x8ba8ccff1d7ce8f!8m2!3d38.3408485!4d-122.3198909!16s%2Fg%2F11pv0hkc3j!19sChIJYVST0EYBhYARj87X8c-Mugg,Tony's Landscaping and tree services,5.0,2,Lawn care service,"3122 Encanto Dr, Napa, CA 94558, United States","8MRJ+82 Napa, California, USA",,+1 707-363-4640,Open · Closes 5 pm,,https://lh3.googleusercontent.com/gps-cs-s/APNQkAFC0XXMRQC_i5ZEEBFGEeQ4Q9K1dvbxFShnAm2vl0P3Z8SL_Q3Ft1nxgoonFo3jAdERx92nR_IRd_24h0xosZ1quh5nSNYa9lc0oglt56RBRGLzKjDcJC3PUhuYylUac9gl6Zor=w507-h240-k-no,true,7 am–5 pm,7 am–5 pm,7 am–5 pm,7 am–5 pm,8 am–4 pm,7 am–5 pm,7 am–5 pm,"https://www.google.com/maps/search/commercial+landscaping+businesses+in+Cuttings+Wharf+Napa+CA/@38.22667,-122.30778,14z",2026-04-29T20:23:41.393Z,,
https://www.google.com/maps/place/YardBros/data=!4m7!3m6!1s0x809898dba78e1381:0xf6c56e6dacfabb3d!8m2!3d38.4220263!4d-121.8608045!16s%2Fg%2F11s56w364l!19sChIJgROOp9uYmIARPbv6rG1uxfY,YardBros,5.0,27,Landscaper,,,https://www.yardbrosllc.com/,+1 707-469-3572,Open 24 hours,,https://lh3.googleusercontent.com/gps-cs-s/APNQkAEgt7nsf7wH7paxZ4UYMTWSpnn9AcaXNMGapS65kqR9IiB9OxoPd_RxxQLgap44ux9w9V8ZNzbjDCSS1_kQtig_O5mdLsPXWHyRVN4nqhCJZaeFk-_hqMa6GXu-WbYRIApyjDAQ=w408-h408-k-no,true,Open 24 hours,Open 24 hours,Open 24 hours,Open 24 hours,Open 24 hours,Open 24 hours,Open 24 hours,"https://www.google.com/maps/search/commercial+landscaping+businesses+in+Berryessa+Highlands+Napa+CA/@38.5146298,-122.1877519,14z",2026-04-29T20:24:22.641Z,,
https://www.google.com/maps/place/Live+Oak+Landscape+Construction+Co./data=!4m7!3m6!1s0x80853d54403194ff:0x920c3868f126af08!8m2!3d38.3554035!4d-121.9786009!16s%2Fg%2F1tywy53w!19sChIJ_5QxQFQ9hYARCK8m8Wg4DJI,Live Oak Landscape Construction Co.,5.0,10,Landscaper,"1021 Mason St Suite 19, Vacaville, CA 95688, United States","924C+5H Vacaville, California, USA",http://www.liveoaklandscapers.com/,+1 707-592-0581,"Open · Closes 8 pm

Updated by this business 10 weeks ago",,https://lh3.googleusercontent.com/gps-cs-s/APNQkAHtEEa7R-WAPc35DWC4uEFHb12JtUAmng_P_sMwymJqM8mNLuShmIc60C38uYOOjJXM-FHCRZdz8p3HdS3OB-zYwCW8H5i0jnFhr8f_1AMDSGtoVYmk34xv5TSsAn7OClpr7RPR=w422-h240-k-no,true,8 am–8 pm,8 am–8 pm,8 am–8 pm,8 am–8 pm,Closed,8 am–8 pm,8 am–8 pm,"https://www.google.com/maps/search/commercial+landscaping+businesses+in+Berryessa+Highlands+Napa+CA/@38.5146298,-122.1877519,14z",2026-04-29T20:24:32.151Z,,
https://www.google.com/maps/place/Rosas+Landscape/data=!4m7!3m6!1s0x47ba4d4a49c49edf:0xce7c76ed4cc3b393!8m2!3d38.3177366!4d-122.0275215!16s%2Fg%2F11ygprb107!19sChIJ357ESUpNukcRk7PDTO12fM4,Rosas Landscape,5.0,6,Landscaper,,,,+1 707-290-8110,Open 24 hours,,https://lh3.googleusercontent.com/gps-cs-s/APNQkAG5YS-XObauiar6BCai7wlj7RYmV90hbH5uy5_qpw69PFXonjImMr-f5Xg7o2JnJN0XKTsnxZcPKhZEMkb8mQaIa0axeeU4x081xvjvnRMNPDVJ3vILeoeaSp5jnMZ81DqBn568Dotu8WY=w408-h306-k-no,true,Open 24 hours,Open 24 hours,Open 24 hours,Open 24 hours,Open 24 hours,Open 24 hours,Open 24 hours,"https://www.google.com/maps/search/commercial+landscaping+businesses+in+Berryessa+Highlands+Napa+CA/@38.5146298,-122.1877519,14z",2026-04-29T20:24:36.838Z,,
https://www.google.com/maps/place/J.A.P.+Landscape+Construction+Inc./data=!4m7!3m6!1s0xa9d51cafbaacb4e9:0xd65bc23b7c749e0d!8m2!3d38.4471408!4d-121.8608045!16s%2Fg%2F11y2p7mqnv!19sChIJ6bSsuq8c1akRDZ50fDvCW9Y,J.A.P. Landscape Construction Inc.,5.0,5,Landscaper,,,https://japlandscape.com/,+1 707-628-9255,Open · Closes 5 pm,,https://lh3.googleusercontent.com/gps-cs-s/APNQkAGxvEHzJ01LFVrVMLe9Acf2aydP3xn5aT2w2Vi0kRvrdpMR9O2rclfz7Gt450wlYMV4UpUuBhRnKdZlqVU0o0d8jk6lgUit4vWhn1EcGdTQeXWfqZnshOw_rwd-RATAmAVUlWnK=w494-h240-k-no,true,8 am–5 pm,8 am–5 pm,8 am–5 pm,9 am–2 pm,Closed,8 am–5 pm,8 am–5 pm,"https://www.google.com/maps/search/commercial+landscaping+businesses+in+Berryessa+Highlands+Napa+CA/@38.5146298,-122.1877519,14z",2026-04-29T20:24:41.552Z,,
https://www.google.com/maps/place/CL+Green/data=!4m7!3m6!1s0x87dbb9cde9f44e1b:0xda33d20e05bf4ac9!8m2!3d38.3566125!4d-121.801589!16s%2Fg%2F11scrywr95!19sChIJG0706c2524cRyUq_BQ7SM9o,CL Green,5.0,22,Landscaper,,,https://landscaperinvacavilleca.com/,+1 707-249-7181,Open · Closes 8 pm,LGBTQ+ friendly,https://lh3.googleusercontent.com/gps-cs-s/APNQkAFKSXnlbRS4eo7xhvrTHXHwzH_vAKPxMiYr-34wjOYn19YiUtiaGvNFdADH4nCIVzpM2gLNmyAdF_Tle7oDacDT3p66Qzg5Dk_IfPFP0DCif7Kqbj1X2xeXnmm9MUKa31GzjDvhwkTq7XSL=w408-h306-k-no,true,7:30 am–8 pm,7:30 am–8 pm,7:30 am–8 pm,7:30 am–8 pm,Closed,7:30 am–8 pm,7:30 am–8 pm,"https://www.google.com/maps/search/commercial+landscaping+businesses+in+Berryessa+Highlands+Napa+CA/@38.5146298,-122.1877519,14z",2026-04-29T20:24:46.860Z,,
https://www.google.com/maps/place/Behr+Landscape+Inc./data=!4m7!3m6!1s0x8085181d148af71b:0x4a6c354c0540308b!8m2!3d38.3561278!4d-122.0059336!16s%2Fg%2F1tf_njdd!19sChIJG_eKFB0YhYARizBABUw1bEo,Behr Landscape Inc.,5.0,3,Landscaper,"550 Buck Ave, Vacaville, CA 95688, United States","9X4V+FJ Vacaville, California, USA",http://www.behrlandscape.com/,+1 707-718-4135,Open · Closes 5:30 pm,,https://streetviewpixels-pa.googleapis.com/v1/thumbnail?panoid=Mhf4P6EKKUdOmT-Hx36Nlw&cb_client=search.gws-prod.gps&w=408&h=240&yaw=354.5126&pitch=0&thumbfov=100,true,8:30 am–5:30 pm,8:30 am–5:30 pm,8:30 am–5:30 pm,Closed,Closed,8:30 am–5:30 pm,8:30 am–5:30 pm,"https://www.google.com/maps/search/commercial+landscaping+businesses+in+Berryessa+Highlands+Napa+CA/@38.5146298,-122.1877519,14z",2026-04-29T20:24:51.620Z,,
https://www.google.com/maps/place/Rain+Forest+Gardening+Services/data=!4m7!3m6!1s0x80853d005a15057d:0x2cf9e73715674fcf!8m2!3d38.3177366!4d-122.0312346!16s%2Fg%2F11rvf5k2d3!19sChIJfQUVWgA9hYARz09nFTfn-Sw,Rain Forest Gardening Services,5.0,2,Landscaper,,,,+1 707-329-3044,Open · Closes 8 pm,,https://lh3.googleusercontent.com/gps-cs-s/APNQkAGHrhVwDbtbPoJa3P7wNosHi2x05Tuk8fH4v13e7DJZy6aWztv1Dht-dD6WNaKZIESuzpjRPlNT0qpCDAbsBRRIJ0j9KBoTfI0o9C9L5dGa0r5FYrepFO4C85-BapGui38HYerIng=w408-h272-k-no,true,8 am–8 pm,8 am–8 pm,8 am–8 pm,Closed,Closed,8 am–8 pm,8 am–8 pm,"https://www.google.com/maps/search/commercial+landscaping+businesses+in+Berryessa+Highlands+Napa+CA/@38.5146298,-122.1877519,14z",2026-04-29T20:24:56.368Z,,
https://www.google.com/maps/place/JG+Landscaping/data=!4m7!3m6!1s0x80853d20ed5c264f:0xcf9e7fd93ba210b1!8m2!3d38.3620735!4d-121.979921!16s%2Fg%2F11wfrgh_p7!19sChIJTyZc7SA9hYARsRCiO9l_ns8,JG Landscaping,5.0,6,Landscaper,"130 Scoggins Ct, Vacaville, CA 95688, United States","926C+R2 Vacaville, California, USA",https://jglandscapingcontractor.com/,+1 707-592-2444,Open · Closes 5 pm,,https://lh3.googleusercontent.com/gps-cs-s/APNQkAF5nes6yluEkEQak0SERgBA7WoAJnXXzhvvWZJCVI2-_NnQJqDophumkVta0RZ7rqI2KdWNr-tNg7HDxlQu2KB1cNXoeQq4w59wuoQR9SGMv_hEBPVIqg4DuwdKnp9sLLK2zu0HR4YYx7dQ=w426-h240-k-no,true,8 am–5 pm,8 am–5 pm,8 am–5 pm,Closed,Closed,8 am–5 pm,8 am–5 pm,"https://www.google.com/maps/search/commercial+landscaping+businesses+in+Berryessa+Highlands+Napa+CA/@38.5146298,-122.1877519,14z",2026-04-29T20:25:01.240Z,,
https://www.google.com/maps/place/Old+Oak+Landscaping/data=!4m7!3m6!1s0x37cc4840a2ff3a5:0xa85d9785f45e0885!8m2!3d38.6095181!4d-121.7779494!16s%2Fg%2F11st8fz0r_!19sChIJpfMvCoTEfAMRhQhe9IWXXag,Old Oak Landscaping,5.0,1,Landscaper,,,http://www.oldoaklandscaping.net/,+1 530-392-6427,Open · Closes 4 pm,,https://lh3.googleusercontent.com/gps-cs-s/APNQkAF-zRP7awmlFQyulNbDs4POYuS4zP9Ic46umZe1ymreVO4ErGeh1i-hiLVHx30IRW6S0eKx3CeLo6bk1GmJbnXZ_DMPLlLXemvN3BJez2OC-PdyblGrILxIaP5nJP62bT3C0WQ=w408-h408-k-no,true,8 am–4 pm,8 am–4 pm,8 am–4 pm,Closed,Closed,8 am–4 pm,8 am–4 pm,"https://www.google.com/maps/search/commercial+landscaping+businesses+in+Berryessa+Highlands+Napa+CA/@38.5146298,-122.1877519,14z",2026-04-29T20:25:15.534Z,,
https://www.google.com/maps/place/Neadho+Landscaping+Co./data=!4m7!3m6!1s0x80850711c7422d11:0xeae5ddb6ba0d9d15!8m2!3d38.3053645!4d-122.3259084!16s%2Fg%2F11sw6rg41w!19sChIJES1CxxEHhYARFZ0Nurbd5eo,Neadho Landscaping Co.,,,Landscaper,"1026 Woodlawn Dr, Napa, CA 94558, United States","8M4F+4J Napa, California, USA",,+1 707-292-6594,Temporarily closed,,https://streetviewpixels-pa.googleapis.com/v1/thumbnail?panoid=8gfcgFr12I6b86wqNHluaw&cb_client=search.gws-prod.gps&w=408&h=240&yaw=93.54253&pitch=0&thumbfov=100,false,,,,,,,,"https://www.google.com/maps/search/commercial+landscaping+businesses+in+Berryessa+Estates+Napa+CA/@38.2975381,-122.286865,14z",2026-04-29T20:25:40.955Z,,
https://www.google.com/maps/place/Roche+%2B+Roche+Landscape+Architecture/data=!4m7!3m6!1s0x8085a92d9d7a7649:0x6e7dcff216f3dab3!8m2!3d38.2820706!4d-122.4596282!16s%2Fg%2F1wk7r296!19sChIJSXZ6nS2phYARs9rzFvLPfW4,Roche + Roche Landscape Architecture,5.0,1,Landscape architect,"1055 Broadway suite g, Sonoma, CA 95476, United States","7GJR+R4 Sonoma, California, USA",http://www.rocheandroche.com/,+1 707-933-8302,,,https://streetviewpixels-pa.googleapis.com/v1/thumbnail?panoid=jbVtVGd1luCHTkDm-4GgJg&cb_client=search.gws-prod.gps&w=408&h=240&yaw=186.20984&pitch=0&thumbfov=100,true,,,,,,,,"https://www.google.com/maps/search/commercial+landscaping+businesses+in+Berryessa+Estates+Napa+CA/@38.2975381,-122.286865,14z",2026-04-29T20:26:28.846Z,,
https://www.google.com/maps/place/GIL%27S+LITTLE+COMPANY/data=!4m7!3m6!1s0x42a000f5d4f2f7a5:0xbd8dbbf0311ff20d!8m2!3d38.2797535!4d-122.290445!16s%2Fg%2F11xmnzzl5n!19sChIJpffy1PUAoEIRDfIfMfC7jb0,GIL'S LITTLE COMPANY,,,Landscaper,,,,+1 707-919-9654,,,https://lh3.googleusercontent.com/gps-cs-s/APNQkAHCYsxKE_QispSOrK720MeDXwD9eyMQ0nlTEK42BcKhzMiviIHfp1t550O0DmZ5n5ThLgw1E-byB4K66CQ9UvNlFL92pTebyTb2CmMPFOz8SbmpT1qb_QO_ktvwDqWSC_MxaEd-A_TOii-M=w408-h544-k-no,true,,,,,,,,"https://www.google.com/maps/search/commercial+landscaping+businesses+in+Berryessa+Estates+Napa+CA/@38.2975381,-122.286865,14z",2026-04-29T20:26:31.232Z,,
https://www.google.com/maps/place/Monticello+Vineyards/data=!4m7!3m6!1s0x8085011fd3eb3d65:0x429089eff35325d7!8m2!3d38.3589809!4d-122.3104149!16s%2Fg%2F1q5bnmwr9!19sChIJZT3r0x8BhYAR1yVT8--JkEI,Monticello Vineyards,4.8,808,Winery,"4242 Big Ranch Rd, Napa, CA 94558, United States","9M5Q+HR Napa, California, USA",http://www.monticellonapa.com/,+1 707-253-2802,"Open · Closes 4:30 pm

Updated by this business 7 days ago",LGBTQ+ friendly,https://lh3.googleusercontent.com/gps-cs-s/APNQkAFJS8kG0gK0jSwmhAAiim5zUrnWvVDhyhZKKkq59AU-9O_rsedu83wMr2dU10orFX_K-ZxyhHXT51yV-Sy-tL-I06XE5FzwYBi1GDHjs1PPCABUA39ycmROBlLg3HcXBMjyAk6-RxFagO6E=w408-h272-k-no,true,10:30 am–4:30 pm,10:30 am–4:30 pm,10:30 am–4:30 pm,10:30 am–4:30 pm,10:30 am–4:30 pm,10:30 am–4:30 pm,10:30 am–4:30 pm,"https://www.google.com/maps/search/commercial+landscaping+businesses+in+Monticello+Napa+CA/@38.3589809,-122.3104149,14z",2026-04-29T20:26:55.069Z,"Modern, family-run & solar-powered winery, with tasting sessions & extensive gardens. · Delivery",
https://www.google.com/maps/place/Calderon+Landscaping+Services/data=!4m7!3m6!1s0x4787e71b72edaac9:0x49480b3455f14b3c!8m2!3d38.123587!4d-122.4249684!16s%2Fg%2F11t7l_2t2p!19sChIJyartchvnh0cRPEvxVTQLSEk,Calderon Landscaping Services,5.0,5,Landscape designer,,,http://www.calderonlandscapingservices.net/,+1 415-786-7292,Open · Closes 5 pm,,https://lh3.googleusercontent.com/gps-cs-s/APNQkAFeUtXup6D3Se-ptiDUNAUxlpkaGGcF05Y7whV_mMJKMQhmMTv-RurXGB7Y3_I7ctTOsX9aukIY0zArWOV_fDfOPic-VVIlXphfROU16ONPOcwA_vSfNOMjrzqY60frv7-TRgnY=w408-h544-k-no,true,8 am–5 pm,8 am–5 pm,8 am–5 pm,8 am–12 pm,Closed,8 am–5 pm,8 am–5 pm,"https://www.google.com/maps/search/commercial+landscaping+businesses+in+Capell+Valley+Napa+CA/@38.478919,-122.2319079,14z",2026-04-29T20:27:30.795Z,,
https://www.google.com/maps/place/Evergreen+Garden+Company/data=!4m7!3m6!1s0x808f8ba6f92bc65d:0x96738b04fc02e465!8m2!3d37.7964215!4d-121.9239199!16s%2Fg%2F1thzp3fn!19sChIJXcYr-aaLj4ARZeQC_ASLc5Y,Evergreen Garden Company,5.0,3,Landscaper,,,,+1 925-753-5936,Open · Closes 5 pm,,https://lh3.googleusercontent.com/gps-cs-s/APNQkAG42zXTFrP57pSuh2xbNmKAth-UL7MCSRBeRHVVC2Y46h8lOsvEanru_c1WNZUo9kkD2YkCMh1C0MIutdOUlf_w8vRc7144yiQDyT2Pga3z5-Vv90YExsvXXiqt4IP-12j1WgU=w408-h258-k-no,true,9 am–5 pm,9 am–5 pm,9 am–5 pm,Closed,Closed,9 am–5 pm,9 am–5 pm,"https://www.google.com/maps/search/commercial+landscaping+businesses+in+Capell+Valley+Napa+CA/@38.478919,-122.2319079,14z",2026-04-29T20:27:42.270Z,,
https://www.google.com/maps/place/Valiente+Landscape+Contractor/data=!4m7!3m6!1s0x49388acb93fb00e1:0xe39371766a37c0ed!8m2!3d38.246373!4d-122.9571385!16s%2Fg%2F11vwg61s0j!19sChIJ4QD7k8uKOEkR7cA3anZxk-M,Valiente Landscape Contractor,5.0,3,Landscaper,,,https://www.valientelandscaping.com/,+1 415-521-9527,Open · Closes 5 pm,,https://lh3.googleusercontent.com/gps-cs-s/APNQkAHVmoscTWmH4EVlL-eSqDPdRbBsqbmNHciVQA30JKLQ0VEP1UeZgbG5tZOhfp4vwEe5_-pkmAhIXYMHLBEEiez-hgrWVeaGmOIYxu93AKhdaF1FjxRN67vzkOPR6uB2ZQjTJZqX=w408-h494-k-no,true,8 am–5 pm,8 am–5 pm,8 am–5 pm,8 am–4 pm,Closed,8 am–5 pm,8 am–5 pm,"https://www.google.com/maps/search/commercial+landscaping+businesses+in+Capell+Valley+Napa+CA/@38.478919,-122.2319079,14z",2026-04-29T20:27:46.856Z,,
https://www.google.com/maps/place/Will%27s+C-27+Landscaping/data=!4m7!3m6!1s0x2b8319980077cb5b:0x4c9afc4bf83ab845!8m2!3d38.0681646!4d-122.7409885!16s%2Fg%2F11rsgvhxvt!19sChIJW8t3AJgZgysRRbg6-Ev8mkw,Will's C-27 Landscaping,5.0,16,Landscaper,,,,,Open · Closes 6:30 pm,,https://lh3.googleusercontent.com/gps-cs-s/APNQkAEF-LVKxiK9Ne2ZmQfis1HhDj4xRFyWR0x5aLlFaUTwZoaz3j90fxbJVgV4x_LV_gEPKJBaClFb88TYy3Z27mY3Dtyu7ZSiJnfwxVScu7EHJti1U0H7QcEBnsFek0miaFYwYfnp=w408-h307-k-no,true,8 am–6:30 pm,9 am–5:30 pm,8 am–5 pm,Closed,Closed,9 am–5:30 pm,9 am–5 pm,"https://www.google.com/maps/search/commercial+landscaping+businesses+in+Capell+Valley+Napa+CA/@38.478919,-122.2319079,14z",2026-04-29T20:27:51.536Z,,
https://www.google.com/maps/place/Juarez+Landscaping+Services/data=!4m7!3m6!1s0x6851a0c99ff49bfb:0x13763bc90cd5d0fc!8m2!3d38.4076748!4d-99.8909171!16s%2Fg%2F11y2msc_8j!19sChIJ-5v0n8mgUWgR_NDVDMk7dhM,Juarez Landscaping Services,5.0,4,Landscaper,,,https://juarezlandscapingmarin.com/,+1 415-240-9584,Open · Closes 7 pm,,https://lh3.googleusercontent.com/gps-cs-s/APNQkAGpBhqzzhnnVFZ0xauUMsKQPKBhldY4-gOQE3MbTsqE3S2yDMbGlGsWgMQnLUmlJs2RPzBuC97FDfWRQaTnl9fe_UZGZ30RCIGB2zr2ujN6l2iyI1nfYeR89ZMFXtfmnkYIkplGhC-K6awo=w408-h306-k-no,true,7 am–7 pm,7 am–7 pm,7 am–7 pm,8 am–6 pm,Closed,7 am–7 pm,7 am–7 pm,"https://www.google.com/maps/search/commercial+landscaping+businesses+in+Capell+Valley+Napa+CA/@38.478919,-122.2319079,14z",2026-04-29T20:27:56.388Z,,
https://www.google.com/maps/place/SC+Landscape/data=!4m7!3m6!1s0x2450df335a7d025d:0xa91309f29309ce17!8m2!3d37.8372305!4d-121.9515864!16s%2Fg%2F11ycc39c4n!19sChIJXQJ9WjPfUCQRF84Jk_IJE6k,SC Landscape,5.0,6,Landscaper,,,,+1 925-329-9061,Open · Closes 5:30 pm,,https://lh3.googleusercontent.com/gps-cs-s/APNQkAFDx2QGJjjETZUyUlSrhkhHWxZJ2Tk5yqdpNkKzl38UezLRg0ZEPO3rqpX8yb53Zh_sTrWRya-nw7WqsifAEy17cS8eDJoxlxCJH2uay2P5TnMws41LC2zr6I9sHHp8dqX09bh_=w408-h508-k-no,true,8 am–5:30 pm,8 am–5:30 pm,8 am–5:30 pm,8 am–5:30 pm,Closed,8 am–5:30 pm,8 am–5:30 pm,"https://www.google.com/maps/search/commercial+landscaping+businesses+in+Capell+Valley+Napa+CA/@38.478919,-122.2319079,14z",2026-04-29T20:28:01.048Z,,
https://www.google.com/maps/place/Gilley+Garden+Designs/data=!4m7!3m6!1s0x8084498f6073eb31:0x395c667992d43448!8m2!3d38.46878!4d-122.846947!16s%2Fg%2F11qsx2wtd0!19sChIJMetzYI9JhIARSDTUknlmXDk,Gilley Garden Designs,5.0,3,Landscaper,,,http://gilleygardendesigns.com/,+1 707-328-9499,Open · Closes 4 pm,,https://lh3.googleusercontent.com/gps-cs-s/APNQkAGv7rv2muL3GgK1oYzElj-IEAIVkP-EEkAHs8qohUH8eYTnge2jy_F2050JBp4qK_aqy1v2MPF60wqVG6TDOhQGeoCdcQJaSpNl8xFNw3dKmeLrt1KCYXFi5Q7ZazzVdiMYgrg=w408-h271-k-no,true,8 am–4 pm,8 am–4 pm,8 am–4 pm,Closed,Closed,8 am–4 pm,8 am–4 pm,"https://www.google.com/maps/search/commercial+landscaping+businesses+in+Capell+Valley+Napa+CA/@38.478919,-122.2319079,14z",2026-04-29T20:28:06.137Z,,
https://www.google.com/maps/place/The+Yard+Landscaping+Design/data=!4m7!3m6!1s0xf406d6172b6b97b:0x60a5263693317a91!8m2!3d38.4298198!4d-122.4208311!16s%2Fg%2F11l6bf34xd!19sChIJe7m2cmFtQA8RkXoxkzYmpWA,The Yard Landscaping Design,,,Landscaper,,,,+1 628-269-9582,Open · Closes 4:30 pm,,https://lh3.googleusercontent.com/gps-cs-s/APNQkAH0f1Gsy821juti-SxKDHjZmdEAB740use2WndOFfmxovrc8xXHNf-Uwdm31-YqGe2JCxmjiP14-5g68sw8U-uZzynImeQUyKkx3N8xkRmY86PlKzeR75F34E92KdPnVr-G3Gt7rA=w630-h240-k-no,true,7 am–4:30 pm,7 am–4:30 pm,7 am–4:30 pm,9 am–1 pm,9 am–1 pm,7 am–4:30 pm,7 am–4:30 pm,"https://www.google.com/maps/search/commercial+landscaping+businesses+in+Capell+Valley+Napa+CA/@38.478919,-122.2319079,14z",2026-04-29T20:28:10.755Z,,
https://www.google.com/maps/place/Venturo%27s+Landscaping+Service/data=!4m7!3m6!1s0x80859be38f6d3605:0x6caf2f9aba8e44b9!8m2!3d37.2695056!4d-119.306607!16s%2Fg%2F11s345_k4y!19sChIJBTZtj-ObhYARuUSOupovr2w,Venturo's Landscaping Service,4.5,8,Landscaper,,,https://landscaperinsanrafaelca.com/,+1 415-532-6938,Open · Closes 5 pm,,https://lh3.googleusercontent.com/gps-cs-s/APNQkAHfADtJ9VqSxkPMEm5aqGiWrLs_6uE79I8F4L7zHlWHjjDWuHu9RVNnePYKgJYircBHowcbb4UTsSvaVoBQCvxQl18GT1x5XhGXnTVb0od2uJNh8duGuy6E-Raksl0JVE2hyD9iNA=w408-h306-k-no,true,7 am–5 pm,7 am–5 pm,7 am–5 pm,7 am–5 pm,7 am–5 pm,7 am–5 pm,7 am–5 pm,"https://www.google.com/maps/search/commercial+landscaping+businesses+in+Capell+Valley+Napa+CA/@38.478919,-122.2319079,14z",2026-04-29T20:28:15.431Z,,
https://www.google.com/maps/place/Westcoast+Hardscape/data=!4m7!3m6!1s0x808557aa688d2065:0xb3fc3987862256c8!8m2!3d37.4964269!4d-122.1704881!16s%2Fg%2F11vqh3s5cd!19sChIJZSCNaKpXhYARyFYihoc5_LM,Westcoast Hardscape,5.0,9,Landscaper,,,https://www.westcoasthardscape.com/,+1 650-333-8694,Open · Closes 5 pm,,https://lh3.googleusercontent.com/gps-cs-s/APNQkAFGFOMHeLoqYIPaD7g8S5aVKAHHUQ2Tf0bwahxtGQPS1DVYVbHyL4J0CRHuxB3y7hHUBu3QvyOpx5JrjrlCA5SJwlrI0rD0VkwxVrzCyBD_gQlu1LU4RmfPMy161HECMZ0P8fNm=w408-h539-k-no,true,8 am–5 pm,8 am–5 pm,8 am–5 pm,9 am–5 pm,Closed,8 am–5 pm,8 am–5 pm,"https://www.google.com/maps/search/commercial+landscaping+businesses+in+Capell+Valley+Napa+CA/@38.478919,-122.2319079,14z",2026-04-29T20:28:20.116Z,,
"https://www.google.com/maps/place/Crown+Landscape+Contractors,+Inc/data=!4m7!3m6!1s0xa19e4120d5a952ed:0x4be7a7231592c62d!8m2!3d38.4298198!4d-122.4208311!16s%2Fg%2F11vx6jgy3b!19sChIJ7VKp1SBBnqERLcaSFSOn50s","Crown Landscape Contractors, Inc",,,Contractor,,,https://www.crownlandscapecontractors.com/,+1 707-704-6273,Open · Closes 6 pm,,https://lh3.googleusercontent.com/gps-cs-s/APNQkAH02ukKfAYYUCvm06LM5rdOhinO4V94_weQxtsloaWx-tOvRBL9SGsD6j6TdD4fRcqto3vpCopcZtSJs3Nkb-BdQtBmH0MyCf8FaShWCTEMBI9dWlq_sZa8CXthHMkNxQSTfq-A=w408-h306-k-no,true,7 am–6 pm,7 am–6 pm,7 am–6 pm,8 am–1 pm,Closed,7 am–6 pm,7 am–6 pm,"https://www.google.com/maps/search/commercial+landscaping+businesses+in+Capell+Valley+Napa+CA/@38.478919,-122.2319079,14z",2026-04-29T20:28:24.770Z,,
https://www.google.com/maps/place/Genesis+Landscape+Inc/data=!4m7!3m6!1s0x80855781053b82d9:0xe86252f363bac169!8m2!3d37.9935246!4d-121.8074724!16s%2Fg%2F11hy9p8jnd!19sChIJ2YI7BYFXhYARacG6Y_NSYug,Genesis Landscape Inc,2.0,1,Landscaper,"2901 Lone Tree Wy, Antioch, CA 94509, United States","X5VV+C2 Antioch, California, USA",http://www.genesislandscape.net/,,Closed · Opens 9 am Sat,,https://streetviewpixels-pa.googleapis.com/v1/thumbnail?panoid=oeLHvVKxv7Kmdg9q997vPA&cb_client=search.gws-prod.gps&w=408&h=240&yaw=79.56088&pitch=0&thumbfov=100,false,Closed,Closed,Closed,9 am–5 pm,9 am–5 pm,Closed,Closed,"https://www.google.com/maps/search/commercial+landscaping+businesses+in+Capell+Valley+Napa+CA/@38.478919,-122.2319079,14z",2026-04-29T20:28:29.831Z,,
https://www.google.com/maps/place/Velasco+Landscaping/data=!4m7!3m6!1s0xa1e50f284fb1384f:0xa67b0025856feb79!8m2!3d36.929358!4d-121.8118934!16s%2Fg%2F11x5tyx6zf!19sChIJTzixTygP5aEReetvhSUAe6Y,Velasco Landscaping,5.0,37,Landscaper,,,https://velascolandscapingservices.com/,+1 831-585-8017,Open · Closes 5 pm,LGBTQ+ friendly,https://lh3.googleusercontent.com/gps-cs-s/APNQkAFUUd5wfvBOnnO2ioAlgkLwnm2ySViqAjGmCtWSlHHyqADjQzFxJpkR6fJsd2PlFYMoFaEhzAouBvkX6w6t19sFVSAkOncokwkcCy95tNDQrrzYy9FK0J_FTk6TpzEcBTjpHYFiaxW5ZdUj=w408-h298-k-no,true,8 am–5 pm,8 am–5 pm,8 am–5 pm,Closed,Closed,8 am–5 pm,8 am–5 pm,"https://www.google.com/maps/search/commercial+landscaping+businesses+in+Capell+Valley+Napa+CA/@38.478919,-122.2319079,14z",2026-04-29T20:28:34.537Z,,
"https://www.google.com/maps/place/Oliver's+Landscaping+%26+Yard+Service/@37.8372305,-121.8315265,10z/data=!3m1!4b1!4m6!3m5!1s0x808fddd81f57b805:0xcb4f4bf9c36e8015!8m2!3d37.8372305!4d-121.8315265!16s%2Fg%2F11h6cs3366",Oliver's Landscaping & Yard Service,5.0,2,Landscaper,,,,+1 925-695-5428,Open · Closes 5 pm,,,true,8 am–5 pm,8 am–5 pm,8 am–5 pm,8 am–5 pm,Closed,8 am–5 pm,8 am–5 pm,"https://www.google.com/maps/search/commercial+landscaping+businesses+in+Capell+Valley+Napa+CA/@38.478919,-122.2319079,14z",2026-04-29T20:28:41.309Z,,
https://www.google.com/maps/place/Bay+Area+Landscaping/data=!4m7!3m6!1s0x6474a541456c5c8d:0xccd04145398a90f5!8m2!3d37.8372305!4d-121.8905409!16s%2Fg%2F11trgwk1hf!19sChIJjVxsRUGldGQR9ZCKOUVB0Mw,Bay Area Landscaping,,,Landscaper,,,https://bayarealandscapingca.net/,+1 925-765-1316,Open · Closes 3:30 pm,,https://lh3.googleusercontent.com/gps-cs-s/APNQkAHedvNsW13nq8xSWqYFtVXIwdgWzHrCF5SEtX5-xNQ8jV35LpbLU-Dt4VJN1n0HRPTNxicTpGP9Z7NXmGitK_EybvLdt-rUyq9JcenOUNsTsy8louhL5JUlySyyGNcdgESXofjfGg=w408-h306-k-no,true,7 am–3:30 pm,7 am–3:30 pm,7 am–3:30 pm,Closed,Closed,7 am–3:30 pm,7 am–3:30 pm,"https://www.google.com/maps/search/commercial+landscaping+businesses+in+Capell+Valley+Napa+CA/@38.478919,-122.2319079,14z",2026-04-29T20:28:45.730Z,,
https://www.google.com/maps/place/Lawn+%26+Garden/data=!4m7!3m6!1s0x8085167d3ac9c307:0x84c27b2acf650635!8m2!3d38.2785647!4d-122.0361951!16s%2Fg%2F11h_wzb14g!19sChIJB8PJOn0WhYARNQZlzyp7woQ,Lawn & Garden,,,Landscaper,"Fairfield, CA 94533, United States","7XH7+CG Fairfield, California, USA",,,,,https://streetviewpixels-pa.googleapis.com/v1/thumbnail?panoid=g1f8yKMr0LLlY06QdhorTw&cb_client=search.gws-prod.gps&w=408&h=240&yaw=355.20673&pitch=0&thumbfov=100,false,,,,,,,,"https://www.google.com/maps/search/commercial+landscaping+businesses+in+Capell+Valley+Napa+CA/@38.478919,-122.2319079,14z",2026-04-29T20:28:48.576Z,,
https://www.google.com/maps/place/GH+landscepe+%26+Maintenance/data=!4m7!3m6!1s0xbaed7f852c7de61:0xf66c3c1db627ef52!8m2!3d38.4630881!4d-122.9899756!16s%2Fg%2F11shd833bb!19sChIJYd7HUvjXrgsRUu8nth08bPY,GH landscepe & Maintenance,,,Landscaper,,,,+1 707-230-9529,Open · Closes 5 pm,,https://lh3.googleusercontent.com/gps-cs-s/APNQkAHYs31JCa_wCR6iWMAxl5EFZKgIOTZYdyvQpuskZ9AywTLbzVSn5C3dVqp-ZAArhn3YnG6n551DeV8YTp2LLZFic7w-xkf0gMLB56PpUcGZM_ZmBr9uJw6tgYVRkWOsJ7CtqBqM=w408-h306-k-no,true,7 am–5 pm,7 am–5 pm,7 am–5 pm,8 am–5 pm,Closed,7 am–5 pm,7 am–5 pm,"https://www.google.com/maps/search/commercial+landscaping+businesses+in+Capell+Valley+Napa+CA/@38.478919,-122.2319079,14z",2026-04-29T20:28:53.212Z,,
,,,,,,,,,,,,,,,,,,,,"https://www.google.com/maps/search/commercial+landscaping+businesses+in+Wooden+Valley+Napa+CA/@38.2975381,-122.286865,14z",2026-04-29T20:29:51.941Z,,No new results found
https://www.google.com/maps/place/Silverado+Resort/data=!4m10!3m9!1s0x80850400b7f7d393:0x95218919c7014838!5m2!4m1!1i2!8m2!3d38.3491745!4d-122.2656878!16s%2Fm%2F02vwqdq!19sChIJk9P3twAEhYAROEgBxxmJIZU,Silverado Resort,4.3,2920,,"1600 Atlas Peak Rd, Napa, CA 94558, United States","8PXM+MP Napa, California, USA",https://www.silveradoresort.com/,+1 707-257-0200,,,https://lh3.googleusercontent.com/gps-cs-s/APNQkAGfHzwVACl93IIHWBNggDwjXoes4jfAT278spSJoEiQZ_WQ2dY7HRFv98Qi2CG7uBGpvs1WIrB3xfvuEtSGyCmKJeN_KtJOZQbibm1n3YJDMZU74c0tA9dwU0-hjd7aQBVizCxO2sCBTwfN=w408-h305-k-no,true,,,,,,,,"https://www.google.com/maps/search/commercial+landscaping+businesses+in+Silverado+Napa+CA/@38.3483878,-122.2673178,14z",2026-04-29T20:30:21.444Z,,
https://www.google.com/maps/place/Silverado+Farming+Co/data=!4m7!3m6!1s0x8085066555f60b27:0xe2bbab4592701871!8m2!3d38.3004121!4d-122.27713!16s%2Fg%2F1tplqjxy!19sChIJJwv2VWUGhYARcRhwkkWru-I,Silverado Farming Co,4.5,13,Farm,"390 Taylor St, Napa, CA 94559, United States","8P2F+54 Napa, California, USA",http://www.silveradofarming.com/,+1 707-251-9081,,,https://lh3.googleusercontent.com/gps-cs-s/APNQkAGCUHVLrZY_Ork3qHBD5T3BcuPvL2K_cjPdnX6dDGM9-G8C-1_EWit2FP3f8CZLjyzh50Qna7Qib5tXpVWTyfJU6qTzzWcJLG2gOJkNVVl4faBBJJi5FLXNV2r3uShkGtHww2_tBg=w408-h306-k-no,false,,,,,,,,"https://www.google.com/maps/search/commercial+landscaping+businesses+in+Silverado+Napa+CA/@38.3483878,-122.2673178,14z",2026-04-29T20:30:24.114Z,,
https://www.google.com/maps/place/California+Landscaping+DP/data=!4m7!3m6!1s0x8085154d8bf09bb3:0xdd04847a1e58f13d!8m2!3d38.0795486!4d-122.0001215!16s%2Fg%2F11swj1t1hb!19sChIJs5vwi00VhYARPfFYHnqEBN0,California Landscaping DP,4.5,17,Landscaper,,,https://www.californialandscapingdp.com/,+1 707-989-6771,Open 24 hours,,https://lh3.googleusercontent.com/gps-cs-s/APNQkAGME5bgcCG7TNoYCJbdOn5G_6fjiumUw3_GE-G6wlIJtkyY6GjCOGVX44mr7989Lc0kAarm2ivz_KfJD9vOUDWpzHcUdlERWC1j7rSS-vQ8_KKM-fCsmjCKAHtS2irWytDJdnY=w408-h408-k-no,true,Open 24 hours,Open 24 hours,Open 24 hours,Open 24 hours,Open 24 hours,Open 24 hours,Open 24 hours,"https://www.google.com/maps/search/commercial+landscaping+businesses+in+Silverado+Napa+CA/@38.3483878,-122.2673178,14z",2026-04-29T20:30:28.988Z,,
https://www.google.com/maps/place/Lawnscape+Solutions+LLC/data=!4m7!3m6!1s0x6055150e59a732b3:0x35e782d1824de133!8m2!3d38.3249739!4d-122.0135844!16s%2Fg%2F11v5xqrsyh!19sChIJszKnWQ4VVWARM-FNgtGC5zU,Lawnscape Solutions LLC,5.0,19,Landscaper,,,,+1 707-501-8241,Open · Closes 5 pm,,https://lh3.googleusercontent.com/gps-cs-s/APNQkAGya0UvGxgla2agIFFM8TmwRWT2zb9kDqNk99B3qRqymQoniSWfqXv9_0KGdxp1ZADKYWHbHBRTfMFU780d00rueJU8SZn_Rbft1yYsrL-66gXi2t8eNaPUxobdMu24YBpBH8an=w408-h544-k-no,true,7 am–5 pm,7 am–5 pm,7 am–5 pm,Closed,Closed,7 am–5 pm,7 am–5 pm,"https://www.google.com/maps/search/commercial+landscaping+businesses+in+Circle+Oaks+Napa+CA/@38.4100612,-122.2106431,14z",2026-04-29T20:31:26.380Z,,
"https://www.google.com/maps/place/Eco+Scapes+Lawn+Care+,Lighting+%26+Irrigation/data=!4m7!3m6!1s0x808515183c141881:0x9eb9df5204c30d0e!8m2!3d38.2914155!4d-122.3343125!16s%2Fg%2F11k6shvzhq!19sChIJgRgUPBgVhYARDg3DBFLfuZ4","Eco Scapes Lawn Care ,Lighting & Irrigation",4.9,94,Lawn care service,,,https://ecoscapeslandcare.com/,+1 707-803-9734,Open 24 hours,,https://lh3.googleusercontent.com/gps-cs-s/APNQkAH66VkfiulwU_rjP8tHsY_JGMEnPEEqyHVscz5QqVYLRKDVGweuVfpqDHcP5QfeZ2DH7xUmnsrc_Qhz1l46gsQ8dxZ9CJxWjp5p0-_FgpMFhoaqW_4E-KA9_Wu7HMyzG4Et3Ctu=w408-h306-k-no,true,Open 24 hours,Open 24 hours,Open 24 hours,Open 24 hours,Open 24 hours,Open 24 hours,Open 24 hours,"https://www.google.com/maps/search/commercial+landscaping+businesses+in+Circle+Oaks+Napa+CA/@38.4100612,-122.2106431,14z",2026-04-29T20:31:43.144Z,,
https://www.google.com/maps/place/Coombsville+Vintners+and+Growers/data=!4m7!3m6!1s0x80850668747b00ad:0x5b60fe43f5065587!8m2!3d38.2971707!4d-122.2864459!16s%2Fm%2F0hr4gfq!19sChIJrQB7dGgGhYARh1UG9UP-YFs,Coombsville Vintners and Growers,4.0,1,Association / Organization,"820 Randolph St, Napa, CA 94559, United States","7PW7+VC Napa, California, USA",http://coombsvillenapa.org/,,Open · Closes 5 pm,,https://lh3.googleusercontent.com/gps-cs-s/APNQkAFxnkeLZiaCz8kyVtPPp8wAf-hjRB-Mj42OVwDJdYd5m7LGEBss0OJx5zcRTyJsooUIAgkjQz5jP5rW4WgaI3MDP36ivaAJNyB4HK6fDXJG0bOTJDrR8tFbHCHlwb_f5sq4IoZR=w408-h306-k-no,true,9 am–5 pm,9 am–5 pm,9 am–5 pm,9 am–5 pm,9 am–5 pm,9 am–5 pm,9 am–5 pm,"https://www.google.com/maps/search/commercial+landscaping+businesses+in+Coombsville+Napa+CA/@38.2971707,-122.2864459,14z",2026-04-29T20:32:15.922Z,"Association of Coombsville wine producers, focusing on Bordelais varietals, with tasting events.",
"https://www.google.com/maps/place/De+Reza+Landscapeing,+inc./data=!4m7!3m6!1s0x20c7d4c65aed4efb:0x5ba9d5ffa46b132c!8m2!3d38.4298198!4d-122.4208311!16s%2Fg%2F11wc4dg_m8!19sChIJ-07tWsbUxyARLBNrpP_VqVs","De Reza Landscapeing, inc.",,,Landscaper,,,,+1 707-292-4797,Open · Closes 5 pm,Identifies as Latino-owned,https://lh3.googleusercontent.com/gps-cs-s/APNQkAHQnx32PgEZfBjXwCanZmhQKp7aGykjtBiJ2W4gMp3ZLdr71cg6XUMJdAsip8zD_tIet49vsWIIu2PQmKxqtcSa7WwAI4_svFmCpIcUmuoR0C7_wHZK_lKJ009NnLn7Hug96nzOjw=w408-h544-k-no,true,8 am–5 pm,8 am–5 pm,8 am–5 pm,8 am–12 pm,Closed,8 am–5 pm,8 am–5 pm,"https://www.google.com/maps/search/commercial+landscaping+businesses+in+Coombsville+Napa+CA/@38.2971707,-122.2864459,14z",2026-04-29T20:32:45.409Z,,