placeUrl,title,rating,reviewCount,category,address,plusCode,website,phoneNumber,currentStatus,imgUrl,isClaimed,wednesday,thursday,friday,saturday,sunday,monday,tuesday,query,timestamp,attributes,info,isBlackOwned
https://www.google.com/maps/place/Horticare+Landscape+Companies/data=!4m7!3m6!1s0x87d2a63b8a08008b:0x71f4e54faa18640f!8m2!3d34.7123765!4d-92.3896607!16s%2Fg%2F1wcxdmv4!19sChIJiwAIijum0ocRD2QYqk_l9HE,Horticare Landscape Companies,4.4,34,Landscaper,"10200 Colonel Glenn Rd, Little Rock, AR 72204, United States","PJ66+X4 Little Rock, Arkansas, USA",https://horticare.net/,+1 501-407-2727,Closes soon · 4:30 pm · Opens 7:30 am Thu,https://lh3.googleusercontent.com/gps-cs-s/APNQkAG6IkrDWcPiDCDYT1FgkepHvrLgGpm3JC-ayeY6DijYNT0EBulGxg6Xekzra-BeqFdml5sTnUmTgfnUJhI_CAGC3jWuNmA2JQasSkbv-GDMoHCc8sBeXLjBkTKXTXWMhrI3TeXFXlMVSQji=w426-h240-k-no,true,7:30 am–4:30 pm,7:30 am–4:30 pm,7:30 am–4:30 pm,Closed,Closed,7:30 am–4:30 pm,7:30 am–4:30 pm,"https://www.google.com/maps/search/commercial+landscaping+businesses+in+Hillcrest+Little+Rock+AR/@34.7547449,-92.3246274,14z",2026-04-29T21:28:23.797Z,,,
https://www.google.com/maps/place/Hillcrest+Lawn+Care+LLC/data=!4m7!3m6!1s0x87d2a38286c91815:0xb37434dfc212baf0!8m2!3d34.7602061!4d-92.3422436!16s%2Fg%2F1tscpk16!19sChIJFRjJhoKj0ocR8LoSwt80dLM,Hillcrest Lawn Care LLC,3.0,2,Landscaper,"6201 I St, Little Rock, AR 72207, United States","QM65+34 Little Rock, Arkansas, USA",,+1 501-666-9405,,https://streetviewpixels-pa.googleapis.com/v1/thumbnail?panoid=Hz0M4DFPG5yhfyLjN_k3uA&cb_client=search.gws-prod.gps&w=408&h=240&yaw=285.78247&pitch=0&thumbfov=100,false,,,,,,,,"https://www.google.com/maps/search/commercial+landscaping+businesses+in+Hillcrest+Little+Rock+AR/@34.7547449,-92.3246274,14z",2026-04-29T21:28:26.379Z,,,
https://www.google.com/maps/place/Arkansas+Luxury+Lawns+%26+Greens/data=!4m7!3m6!1s0x87d2a3899c18bb2b:0xc1cd4887295cafc7!8m2!3d34.7690059!4d-92.3362893!16s%2Fg%2F11h77vhrvr!19sChIJK7sYnImj0ocRx69cKYdIzcE,Arkansas Luxury Lawns & Greens,4.9,28,Lawn care service,"1818 N Taylor St, Little Rock, AR 72207, United States","QM97+JF Little Rock, Arkansas, USA",https://www.arkansasluxurylawns.com/,+1 501-222-4519,,https://lh3.googleusercontent.com/gps-cs-s/APNQkAEgNzpJ8n-wym9CaV1hVrGlOwob0f1L9Gb7Dtz-yB5q1X_qyvGNkPUaeiBV11dDUWtDVOJy14aMe-qRS1AILjX26hHylnS_yd0RYzSWn5_n9cuQ3DjleyNKF4l0G96YcAlahyfjOw=w408-h272-k-no,true,,,,,,,,"https://www.google.com/maps/search/commercial+landscaping+businesses+in+Hillcrest+Little+Rock+AR/@34.7547449,-92.3246274,14z",2026-04-29T21:28:28.990Z,,,
https://www.google.com/maps/place/Botanica+Gardens/data=!4m7!3m6!1s0x87d2a34fb6011589:0x101702f03af4b162!8m2!3d34.7650829!4d-92.3099532!16s%2Fg%2F1tdw3_zc!19sChIJiRUBtk-j0ocRYrH0OvACFxA,Botanica Gardens,4.4,56,Garden center,"1601 Rebsamen Park Rd, Little Rock, AR 72202, United States","QM8R+22 Little Rock, Arkansas, USA",http://www.botanicagardens.com/,+1 501-614-3000,"Closes soon · 5 pm · Opens 9 am Thu

Updated by this business 4 weeks ago",https://lh3.googleusercontent.com/gps-cs-s/APNQkAG8_lKz_gVfxC7Ahz7Q_-yok7c7H7_AEjJHgD-EdJ9ZYr4DD0L9nyA8qdcXYrMpNvhuxpeM1ucE1-dPvmTLSN2D1Loe9Et7rpKl5TznWEE-P8OE0nmPOQSRlTXXJVakrouJhQ1WLhNtAiBv=w408-h306-k-no,true,9 am–5 pm,9 am–5 pm,9 am–5 pm,9 am–5 pm,12–5 pm,9 am–5 pm,9 am–5 pm,"https://www.google.com/maps/search/commercial+landscaping+businesses+in+Hillcrest+Little+Rock+AR/@34.7547449,-92.3246274,14z",2026-04-29T21:28:33.244Z,· In-store pick-up,,
https://www.google.com/maps/place/Going+the+Extra+Mile+Landscaping/data=!4m7!3m6!1s0x87d2bb4fb48ddd2f:0x574fc1a0b1593776!8m2!3d34.672406!4d-92.247966!16s%2Fg%2F1th7nfgt!19sChIJL92NtE-70ocRdjdZsaDBT1c,Going the Extra Mile Landscaping,4.7,82,Landscape designer,"1607 E Dixon Rd, Little Rock, AR 72206, United States","MQC2+XR Little Rock, Arkansas, USA",https://gtemlawnservice.com/,+1 501-214-8246,Open · Closes 5:30 pm,https://lh3.googleusercontent.com/gps-cs-s/APNQkAFigrekUG7_bDGihFR6ueUARxUKhD4EapLzUU_kK4gYrN7ewnSabUDmX5BzbZwkDnn84eTWcB2UqzLyMFaa6rM2UXx_mWy6a8dwgWvzOzTBsi5HqSs4FYsQe2IHBsHdrNvPsInhdg=w408-h544-k-no,true,7:30 am–5:30 pm,7:30 am–5:30 pm,7:30 am–5:30 pm,Closed,Closed,7:30 am–5:30 pm,7:30 am–5:30 pm,"https://www.google.com/maps/search/commercial+landscaping+businesses+in+Hillcrest+Little+Rock+AR/@34.7547449,-92.3246274,14z",2026-04-29T21:28:37.490Z,,,
https://www.google.com/maps/place/Jones+Landscaping+%26+Lawn+Services/data=!4m7!3m6!1s0x87d2a373eff00001:0x4d82739ce50a3a9f!8m2!3d34.7690599!4d-92.3363!16s%2Fg%2F11vkr39wv6!19sChIJAQDw73Oj0ocRnzoK5Zxzgk0,Jones Landscaping & Lawn Services,5.0,1,Landscaper,"1818 N Taylor St, Little Rock, AR 72207, United States","QM97+JF Little Rock, Arkansas, USA",https://joneslandscaping.net/contact-us/,+1 501-888-8789,,https://lh3.googleusercontent.com/gps-cs-s/APNQkAE63vPW5GaoWOLQY0fvQ5gXYIz2E8vKMLVgGhNTs86fmIh17-ISpxuDw8b13JWcLXlm44jSrvtDEkJJNb7GGrnDtuY8PXBJOb10OwrI_o2MzoL_eT2QUKNKyHn_xQ2OotDRO6f5AB9d80DX=w408-h408-k-no,false,,,,,,,,"https://www.google.com/maps/search/commercial+landscaping+businesses+in+Hillcrest+Little+Rock+AR/@34.7547449,-92.3246274,14z",2026-04-29T21:28:39.771Z,,,
https://www.google.com/maps/place/Little+Rock+Landscape+INC/data=!4m7!3m6!1s0x87d2a9461dca6d2d:0x7eb6238d7c9ae766!8m2!3d34.6646503!4d-92.2606159!16s%2Fg%2F11h2pw1kqm!19sChIJLW3KHUap0ocRZueafI0jtn4,Little Rock Landscape INC,4.5,15,Landscaper,"9000 Construction Pl, Little Rock, AR 72206, United States","MP7Q+VQ Little Rock, Arkansas, USA",http://www.lrlandscape.com/,+1 501-847-4820,Closed · Opens 8 am Thu,https://lh3.googleusercontent.com/gps-cs-s/APNQkAH6vVpC3ZM9nO9ECj2nDE1a6jt3cAqxHj8JTUDMRqXnHCr-_HkJoBjRQQGOtmPPtC39iGtMSMD0iBhvqlW25gj5Qg-qynhbkkkDV1spzs0lMievG2OmUl52EgFASwEiVX0dHhW3=w408-h274-k-no,true,8 am–4 pm,8 am–4 pm,8 am–4 pm,Closed,Closed,8 am–4 pm,8 am–4 pm,"https://www.google.com/maps/search/commercial+landscaping+businesses+in+Hillcrest+Little+Rock+AR/@34.7547449,-92.3246274,14z",2026-04-29T21:28:44.048Z,,,
https://www.google.com/maps/place/Healthy+Lawns+%26+Shrubs+Inc/data=!4m7!3m6!1s0x87d2a471b66ddd3f:0xcf12b6c2dae4eb8f!8m2!3d34.7414934!4d-92.3546852!16s%2Fg%2F1tr9nz2b!19sChIJP91ttnGk0ocRj-vk2sK2Es8,Healthy Lawns & Shrubs Inc,2.5,6,Lawn care service,"7225 W 12th St, Little Rock, AR 72204, United States","PJRW+H4 Little Rock, Arkansas, USA",http://www.healthylawnsandshrubs.com/,+1 501-227-6143,Closes soon · 4:30 pm · Opens 8 am Thu,https://streetviewpixels-pa.googleapis.com/v1/thumbnail?panoid=TZTUH4nMXGXRJLhWVAxFrA&cb_client=search.gws-prod.gps&w=408&h=240&yaw=183.12857&pitch=0&thumbfov=100,true,8 am–4:30 pm,8 am–4:30 pm,8 am–4:30 pm,Closed,Closed,8 am–4:30 pm,8 am–4:30 pm,"https://www.google.com/maps/search/commercial+landscaping+businesses+in+Hillcrest+Little+Rock+AR/@34.7547449,-92.3246274,14z",2026-04-29T21:28:48.516Z,,,
"https://www.google.com/maps/place/BETTER+LAWNS+AND+GARDENS,+INC./data=!4m7!3m6!1s0x87cd5f51437de615:0xddd404c41271e9b!8m2!3d34.7520665!4d-92.3701921!16s%2Fg%2F11hcp1b_8y!19sChIJFeZ9Q1FfzYcRmx4nQUxA3Q0","BETTER LAWNS AND GARDENS, INC.",4.8,8,Lawn care service,"8600 Cunningham Lake Rd, Little Rock, AR 72205, United States","QJ2H+RW Little Rock, Arkansas, USA",http://betterlawnsar.com/,+1 501-454-9803,,https://lh3.googleusercontent.com/gps-cs-s/APNQkAHF5VFcUcpS7jJn4x2qv1JnM9tRzvUZJcTt745tAe2YS12t8OWKPCm-P8gW2tRxF5CAWmR4gEQVPN6slXtw7N2vs6VMTaMkdH4RD-Ruh9S4YYXoYvU6nlhA41y0PUJUUxLqDFqw=w408-h544-k-no,true,,,,,,,,"https://www.google.com/maps/search/commercial+landscaping+businesses+in+Hillcrest+Little+Rock+AR/@34.7547449,-92.3246274,14z",2026-04-29T21:28:52.036Z,,,
https://www.google.com/maps/place/Walker+Landscape+Management/data=!4m7!3m6!1s0x87d2a1344fb15e69:0x13f04315485e9411!8m2!3d34.7693335!4d-92.2506983!16s%2Fg%2F1tql59m4!19sChIJaV6xTzSh0ocREZReSBVD8BM,Walker Landscape Management,5.0,3,Landscaper,"1304 N Hills Blvd, North Little Rock, AR 72114, United States","QP9X+PP North Little Rock, Arkansas, USA",https://www.wlmlandscapingar.com/,+1 501-835-0578,Closes soon · 5 pm · Opens 8 am Thu,https://lh3.googleusercontent.com/gps-cs-s/APNQkAGgWHP8fxTuw_fg0bU2cD3wZDbv6LT2FVX_CciLSD4zyMA8qFrGouwp2FJjKg3xTBGaMQh_iW2d_8XxuzJ5eHo_-HaHrY96pa2eteWnvISSqTPKbJpyhyfgiZsL7VQlmEGnl5g=w408-h306-k-no,true,8 am–5 pm,8 am–5 pm,8 am–5 pm,Closed,Closed,8 am–5 pm,8 am–5 pm,"https://www.google.com/maps/search/commercial+landscaping+businesses+in+Hillcrest+Little+Rock+AR/@34.7547449,-92.3246274,14z",2026-04-29T21:28:58.343Z,,,
https://www.google.com/maps/place/Elite+Grounds+Lawn+%26+Landscaping/data=!4m7!3m6!1s0x2d3dd549c6720def:0xbc8cb7eee059e13b!8m2!3d34.7757681!4d-92.5436473!16s%2Fg%2F11txtbp_j3!19sChIJ7w1yxknVPS0RO-FZ4O63jLw,Elite Grounds Lawn & Landscaping,5.0,82,Lawn care service,"2025 Roberts Rd, Little Rock, AR 72223, United States","QFG4+8G Little Rock, Arkansas, USA",https://elitegroundlawnandlandscaping.com/,+1 501-503-8577,Open · Closes 8 pm,https://lh3.googleusercontent.com/gps-cs-s/APNQkAHY1_VB-jcKlTFDYLd0ehYAm07Sf8NMq869JqO34eOvMoK0Vnah6zL3ZHS4eznZiPLH2NHtBMa6ljG34SBgdJZss7ADYhlJTdx7rTJ4CzGntpYdiaqVkIbsuB9p41jnd3jh92iJ=w408-h408-k-no,true,7 am–8 pm,7 am–8 pm,7 am–8 pm,6 am–10 pm,9 am–5 pm,7 am–8 pm,7 am–8 pm,"https://www.google.com/maps/search/commercial+landscaping+businesses+in+Hillcrest+Little+Rock+AR/@34.7547449,-92.3246274,14z",2026-04-29T21:29:04.628Z,,,
https://www.google.com/maps/place/Exterior+Solutions/data=!4m7!3m6!1s0x87d2a7644708945b:0x37089dfe50f33212!8m2!3d34.7352303!4d-92.4033889!16s%2Fg%2F11k9p3j1st!19sChIJW5QIR2Sn0ocREjLzUP6dCDc,Exterior Solutions,5.0,49,Landscaper,"2107 Hickorynut Ct, Little Rock, AR 72211, United States","PHPW+3J Little Rock, Arkansas, USA",https://www.exteriorsolutionsar.com/,+1 501-551-4303,Open 24 hours,https://lh3.googleusercontent.com/gps-cs-s/APNQkAEi7LnsKQS0EQoBjsapoPtalyXFUnhr5Op0pJkOuMsbpvTR4vNJc7PMbLo4VmNBOGC7m3NGHAUm8QxJ3kxdHrDjFdLoSZIruS-l1WIz4ctfTlVeNqAOyzPXRh-KnfzMfe2bl5SBSSP7y_Q=w408-h720-k-no,true,Open 24 hours,Open 24 hours,Open 24 hours,Open 24 hours,Open 24 hours,Open 24 hours,Open 24 hours,"https://www.google.com/maps/search/commercial+landscaping+businesses+in+Hillcrest+Little+Rock+AR/@34.7547449,-92.3246274,14z",2026-04-29T21:29:10.905Z,,,
https://www.google.com/maps/place/A%26M+landscaping/data=!4m7!3m6!1s0x87d2a5d447eebe23:0xc16c466242e6d83b!8m2!3d34.7232649!4d-92.3720603!16s%2Fg%2F11xdrm9b0y!19sChIJI77uR9Sl0ocRO9jmQmJGbME,A&M landscaping,4.8,6,Gardener,"3300 Longcoy St, Little Rock, AR 72204, United States","PJFH+85 Little Rock, Arkansas, USA",https://www.facebook.com/profile.php?id=61575295601034,+1 501-442-7455,Open · Closes 7 pm,https://lh3.googleusercontent.com/gps-cs-s/APNQkAExQUBPrerKkqs7Me5CjAIXuUC-AtP5SZpDFTixUCPW0UER54gssLpd28jPB_uw0RNWdNwXhgjeWLvk2ZtTnPC0rRbfTv6pr73k7CDecNkdz8IQtFNGU6hH9vD_k5CkOrjhymmlG8XZVL_w=w408-h883-k-no,true,7 am–7 pm,7 am–7 pm,7 am–7 pm,7 am–7 pm,Closed,7 am–7 pm,7 am–7 pm,"https://www.google.com/maps/search/commercial+landscaping+businesses+in+Hillcrest+Little+Rock+AR/@34.7547449,-92.3246274,14z",2026-04-29T21:29:15.320Z,,,
https://www.google.com/maps/place/Conserva+Irrigation+of+Little+Rock/data=!4m7!3m6!1s0x29a1d08c9ce00dcd:0x9f0388da84156609!8m2!3d34.869953!4d-92.319275!16s%2Fg%2F11xzm89l53!19sChIJzQ3gnIzQoSkRCWYVhNqIA58,Conserva Irrigation of Little Rock,4.9,17,Lawn sprinkler system contractor,,,https://www.conservairrigation.com/little-rock/,+1 501-273-3577,,https://lh3.googleusercontent.com/gps-cs-s/APNQkAEreVFlRPXarI9t6sqICtmLgeAu1MqpS_CuTIqDwKAJJH1-FSug6RtHpqQndrF2K4_g98KrMIQH3mKbjFAocdiTOcbHLFNMshUOJ616tYH_jn_tD02TXfaboibRXE29r-_cD1aS4SFZMs6t=w426-h240-k-no,true,,,,,,,,"https://www.google.com/maps/search/commercial+landscaping+businesses+in+Hillcrest+Little+Rock+AR/@34.7547449,-92.3246274,14z",2026-04-29T21:29:19.674Z,,,
https://www.google.com/maps/place/Grand+Designs/data=!4m7!3m6!1s0x87d2a3946e726e45:0x8a630d8b7c7df94c!8m2!3d34.7686546!4d-92.358567!16s%2Fg%2F1tj9cjn2!19sChIJRW5ybpSj0ocRTPl9fIsNY4o,Grand Designs,5.0,1,Landscape designer,"1720 N Mississippi St, Little Rock, AR 72207, United States","QJ9R+FH Little Rock, Arkansas, USA",http://granddesigns.us/,+1 501-224-8580,,https://streetviewpixels-pa.googleapis.com/v1/thumbnail?panoid=8j20emterV2Ce7VDYgipWw&cb_client=search.gws-prod.gps&w=408&h=240&yaw=262.28986&pitch=0&thumbfov=100,false,,,,,,,,"https://www.google.com/maps/search/commercial+landscaping+businesses+in+Hillcrest+Little+Rock+AR/@34.7547449,-92.3246274,14z",2026-04-29T21:29:21.853Z,,,
https://www.google.com/maps/place/Cantrell+Gardens+Nursery/data=!4m7!3m6!1s0x87d2a3bff5313733:0xf3cadb0d0ae14fd9!8m2!3d34.7750018!4d-92.3615338!16s%2Fg%2F1tltmxkd!19sChIJMzcx9b-j0ocR2U_hCg3byvM,Cantrell Gardens Nursery,4.9,49,Garden center,"7800 Cantrell Rd, Little Rock, AR 72227, United States","QJGQ+29 Little Rock, Arkansas, USA",http://www.cantrellgardens.com/,+1 501-225-1030,"Closes soon · 5 pm · Opens 8 am Thu

Updated by others 5 weeks ago",https://lh3.googleusercontent.com/gps-cs-s/APNQkAEs39wynK5lTFUX6UuNZKSJT-SNkVR8Wc8vpzjXeyLdp_WWl14gm74S_-__0lgA9d1h5QW7tW2sNHaPABFv6t4BuDGV7hQY6frbTbbR4vIWgqqRr161DX-Vl_di1h1c841DvUs=w453-h240-k-no,true,8 am–5 pm,8 am–5 pm,8 am–5 pm,8 am–5 pm,11 am–5 pm,8 am–5 pm,8 am–5 pm,"https://www.google.com/maps/search/commercial+landscaping+businesses+in+Hillcrest+Little+Rock+AR/@34.7547449,-92.3246274,14z",2026-04-29T21:29:26.208Z,· In-store shopping · In-store pick-up · Delivery,,
https://www.google.com/maps/place/Solid+Rock+Land+Management+LLC/data=!4m7!3m6!1s0xb5668c1f055ae97:0x18f72cd1d2e2a752!8m2!3d34.7867234!4d-92.325456!16s%2Fg%2F11n40v0hd2!19sChIJl65V8MFoVgsRUqfi0tEs9xg,Solid Rock Land Management LLC,,,Landscaper,,,https://www.facebook.com/profile.php?id=61587706065502,+1 870-819-7239,Open · Closes 6 pm,https://lh3.googleusercontent.com/gps-cs-s/APNQkAGbphCfUipafrpgTDFx4By9iyOPUYO1mOZmcCoS-wXlZr3Fwu_Ar3ObOtL26w66oJUTKgIByddGTsLG2_CJ7eSO_HCyAhaD78SNWUY9Iwh0i7KQf_xbF2DEVm0d-e1zhSeMhtlfWoPoDTa-=w408-h306-k-no,true,7 am–6 pm,7 am–6 pm,7 am–6 pm,8 am–3 pm,Closed,7 am–6 pm,7 am–6 pm,"https://www.google.com/maps/search/commercial+landscaping+businesses+in+Hillcrest+Little+Rock+AR/@34.7547449,-92.3246274,14z",2026-04-29T21:29:30.425Z,,,
https://www.google.com/maps/place/Hocott%27s+Garden+Center/data=!4m7!3m6!1s0x87d2a36550a9f521:0x3a45e6fd2f8604d2!8m2!3d34.762863!4d-92.331331!16s%2Fg%2F1td2n06p!19sChIJIfWpUGWj0ocR0gSGL_3mRTo,Hocott's Garden Center,4.4,70,Garden center,"3612 Kavanaugh Blvd, Little Rock, AR 72205, United States","QM79+4F Little Rock, Arkansas, USA",http://www.hocottslandscaping.com/,+1 501-647-6171,"Closes soon · 5 pm · Opens 10 am Thu

Updated by this business 6 weeks ago",https://lh3.googleusercontent.com/gps-cs-s/APNQkAEkUQm62fIl9d3fhoG1Ey2N8-USaWwDedlpI9FqO0leWCXNKiIfniPZk0l8ITdx0ueTUMkidftJJTVgvenZ8WDarRhFqtjBDbzE7O4QZQYcAYNc4NNUqignx5Lt6ce9VjKKrmJfUA=w408-h544-k-no,true,10 am–5 pm,10 am–5 pm,10 am–5 pm,10 am–5 pm,Closed,Closed,Closed,"https://www.google.com/maps/search/commercial+landscaping+businesses+in+Hillcrest+Little+Rock+AR/@34.7547449,-92.3246274,14z",2026-04-29T21:29:34.871Z,· In-store pick-up,,
https://www.google.com/maps/place/Apex+Lawns/data=!4m7!3m6!1s0x6be4603d5af5b2b9:0xb5db65eef4021934!8m2!3d34.7532762!4d-92.3869612!16s%2Fg%2F11scn10qcx!19sChIJubL1Wj1g5GsRNBkC9O5l27U,Apex Lawns,4.6,21,Lawn care service,"10201 W Markham St Ste 328, Little Rock, AR 72205, United States","QJ37+86 Little Rock, Arkansas, USA",https://apexlawnslr.com/,+1 501-710-6800,Closes soon · 4:30 pm · Opens 8 am Thu,https://lh3.googleusercontent.com/gps-cs-s/APNQkAFMAPd8CSR4aAr9dvHp7huzvbFBrXYAJI2hB58fFoPQKHVGn9cSKowLyo0rfMMiv03EC_RbaKEwlZLvAJyLUzefk7FKD52XJfSKdUbAhqNiwj8iEX3V61pRZZbqRV8XNkALkGHuZavLXNQ=w408-h307-k-no,true,8 am–4:30 pm,8 am–4:30 pm,8 am–4:30 pm,Closed,Closed,8 am–4:30 pm,8 am–4:30 pm,"https://www.google.com/maps/search/commercial+landscaping+businesses+in+Hillcrest+Little+Rock+AR/@34.7547449,-92.3246274,14z",2026-04-29T21:29:39.378Z,,LGBTQ+ friendly,
https://www.google.com/maps/place/Picture+Perfect+Lawns/data=!4m7!3m6!1s0x87d2a3c0aa3aaaab:0xcd3c302ab625f311!8m2!3d34.800367!4d-92.3136551!16s%2Fg%2F11hckk8gr3!19sChIJq6o6qsCj0ocREfMltiowPM0,Picture Perfect Lawns,4.9,64,Lawn care service,,,http://pictureperfectlawns.com/,+1 501-399-4040,Open · Closes 5:30 pm,https://lh3.googleusercontent.com/gps-cs-s/APNQkAFJ6cifmj8ZcUdnwBkgdFHByuUqm2XbH3MXnEGOdq8TdM6SLH_ZnHGyTihJQO-sEGJcKwWtsj601SMrH5gNM_z_mC9B_QDootV3uprVuCd7-Mk2ML3bNgwYsLk-UfWwYULtH-PrKuhcRUZY=w408-h306-k-no,true,7:30 am–5:30 pm,7:30 am–5:30 pm,7:30 am–5:30 pm,Closed,Closed,7:30 am–5:30 pm,7:30 am–5:30 pm,"https://www.google.com/maps/search/commercial+landscaping+businesses+in+Hillcrest+Little+Rock+AR/@34.7547449,-92.3246274,14z",2026-04-29T21:29:43.775Z,,,
https://www.google.com/maps/place/DC+CUSTOM+CREATIONS/data=!4m7!3m6!1s0x8709263e1104340f:0x4b73a36c8754d140!8m2!3d34.7743018!4d-92.3798599!16s%2Fg%2F11z2g1tkq9!19sChIJDzQEET4mCYcRQNFUh2yjc0s,DC CUSTOM CREATIONS,5.0,1,Landscape designer,"12 Wellington Ct, Little Rock, AR 72227, United States","QJFC+P3 Little Rock, Arkansas, USA",,+1 501-216-3660,"Open · Closes 9 pm

Confirmed by this business 6 weeks ago",https://streetviewpixels-pa.googleapis.com/v1/thumbnail?panoid=8gSdt65xanOP8eKnh3rcYw&cb_client=search.gws-prod.gps&w=408&h=240&yaw=326.3199&pitch=0&thumbfov=100,true,9 am–9 pm,9 am–9 pm,9 am–9 pm,9 am–9 pm,9 am–9 pm,9 am–9 pm,9 am–9 pm,"https://www.google.com/maps/search/commercial+landscaping+businesses+in+Hillcrest+Little+Rock+AR/@34.7547449,-92.3246274,14z",2026-04-29T21:29:48.075Z,,LGBTQ+ friendly,
"https://www.google.com/maps/place/Terra+Corporation/@34.7281934,-92.325456,11z/data=!3m1!4b1!4m6!3m5!1s0x453b7be46a9e6db9:0x1267ebfc5e2f310c!8m2!3d34.7281934!4d-92.325456!16s%2Fg%2F11vy7ry9rl",Terra Corporation,4.4,9,Landscaper,,,https://terracorporationar.com/,+1 501-350-4908,Closes soon · 5 pm · Opens 8 am Thu,,true,8 am–5 pm,8 am–5 pm,8 am–5 pm,Closed,Closed,8 am–5 pm,8 am–5 pm,"https://www.google.com/maps/search/commercial+landscaping+businesses+in+Hillcrest+Little+Rock+AR/@34.7547449,-92.3246274,14z",2026-04-29T21:29:54.218Z,,,
https://www.google.com/maps/place/Tree+Docs/data=!4m7!3m6!1s0x87d2bb5effffffff:0xd966031dd4b99c67!8m2!3d34.7499657!4d-92.2852014!16s%2Fg%2F1263hg2pv!19sChIJ_____1670ocRZ5y51B0DZtk,Tree Docs,4.6,19,Tree service,"Little Rock, AR 72201, United States",,https://www.treedocstreeservice.com/,+1 501-517-6054,Open 24 hours,https://lh3.googleusercontent.com/gps-cs-s/APNQkAFPEhoyGI4Ar_3WBVhZJgswyY1loEGGmwS-b9WzTKKY_Nz5visq5hbN4r1vY4DnhKqKWaudFp7s81vXh5zMjEoLdEB8Se1ELVdATv2iyy44wfD9OdcKngM6WGuL_UyXlblFsnMKsqG934BL=w408-h906-k-no,false,Open 24 hours,Open 24 hours,Open 24 hours,Open 24 hours,Open 24 hours,Open 24 hours,Open 24 hours,"https://www.google.com/maps/search/commercial+landscaping+businesses+in+Hillcrest+Little+Rock+AR/@34.7547449,-92.3246274,14z",2026-04-29T21:29:58.554Z,,,
https://www.google.com/maps/place/National+Putting+Greens+%26+Turf/data=!4m7!3m6!1s0x87d2bb64ffffffff:0xb6ab84db23370fe6!8m2!3d34.7499657!4d-92.2852014!16s%2Fg%2F1th5d2sx!19sChIJ_____2S70ocR5g83I9uEq7Y,National Putting Greens & Turf,5.0,1,Landscape designer,"Little Rock, AR 72201, United States",,http://www.nationalgreens.com/,+1 501-744-5592,,https://streetviewpixels-pa.googleapis.com/v1/thumbnail?panoid=bHSrIUi_vtvUrLlo3QjDtw&cb_client=search.gws-prod.gps&w=408&h=240&yaw=163.09563&pitch=0&thumbfov=100,false,,,,,,,,"https://www.google.com/maps/search/commercial+landscaping+businesses+in+Hillcrest+Little+Rock+AR/@34.7547449,-92.3246274,14z",2026-04-29T21:30:00.824Z,,,
https://www.google.com/maps/place/Arkansas+Landscape+Systems/data=!4m7!3m6!1s0x87d2bca7daf4f01d:0x3197e24661699faa!8m2!3d34.7544136!4d-92.2918983!16s%2Fg%2F1260wp3t1!19sChIJHfD02qe80ocRqp9pYUbilzE,Arkansas Landscape Systems,,,Landscaper,"1900 Cantrell Rd, Little Rock, AR 72202, United States","QP35+Q6 Little Rock, Arkansas, USA",,+1 501-324-1400,,https://streetviewpixels-pa.googleapis.com/v1/thumbnail?panoid=fadKV65TomFF8104KMhyNQ&cb_client=search.gws-prod.gps&w=408&h=240&yaw=77.46039&pitch=0&thumbfov=100,false,,,,,,,,"https://www.google.com/maps/search/commercial+landscaping+businesses+in+Hillcrest+Little+Rock+AR/@34.7547449,-92.3246274,14z",2026-04-29T21:30:02.996Z,,,
https://www.google.com/maps/place/The+Grounds+Guys+of+Greater+Little+Rock/data=!4m7!3m6!1s0x87cd590555555555:0xa8d7cf9a726ebe19!8m2!3d34.7073201!4d-92.421083!16s%2Fg%2F1hd_08g7h!19sChIJVVVVVQVZzYcRGb5ucprP16g,The Grounds Guys of Greater Little Rock,4.5,44,Lawn care service,"13311 Lawson Rd Suite A, Little Rock, AR 72210, United States","PH4H+WH Little Rock, Arkansas, USA",https://www.groundsguys.com/locations/greater-little-rock/?cid=LSTL_GUY000204&utm_source=gmb&utm_campaign=local&utm_medium=organic,+1 501-859-0016,"Open 24 hours

Confirmed by this business 5 weeks ago",https://lh3.googleusercontent.com/gps-cs-s/APNQkAFBRDg1Hyr5b3XCao0JV8B41wWRJ8bYC2s986wUFSzDPVV_LipgI-ya-erJWa04TE0kXTdpiYyjdbtzeVy0VfeVdMJ_gRN5MPJsC0GHG4e5apRzQgJdtpYFk51mYNDUzIkp4E-y=w426-h240-k-no,true,Open 24 hours,Open 24 hours,Open 24 hours,Open 24 hours,Open 24 hours,Open 24 hours,Open 24 hours,"https://www.google.com/maps/search/commercial+landscaping+businesses+in+Hillcrest+Little+Rock+AR/@34.7547449,-92.3246274,14z",2026-04-29T21:30:07.525Z,,,
https://www.google.com/maps/place/Mike+Litwa+Sprinkler+Repair/data=!4m7!3m6!1s0x87d2a3abe716114b:0xb709ae776726cc1e!8m2!3d34.723729!4d-92.336112!16s%2Fg%2F1td_c6hk!19sChIJSxEW56uj0ocRHswmZ3euCbc,Mike Litwa Sprinkler Repair,4.1,17,Lawn sprinkler system contractor,,,https://mikelitwasprinklers.com/,+1 501-347-4589,Open 24 hours,https://lh3.googleusercontent.com/gps-cs-s/APNQkAFbz5hN5V4-jx4ZZyNYCMHGHlOSsxqKMBiOhFWR0Y1YuDFXTKNLWUhvpaeasap5iaKBdcaiE54WFF28kqGGGm4fTak1S-YV-hp4JTsjHOsfOZr07QkjbuS-_i_VOhUfUrRr2XQZHQ=w408-h261-k-no,true,Open 24 hours,Open 24 hours,Open 24 hours,Open 24 hours,Open 24 hours,Open 24 hours,Open 24 hours,"https://www.google.com/maps/search/commercial+landscaping+businesses+in+Hillcrest+Little+Rock+AR/@34.7547449,-92.3246274,14z",2026-04-29T21:30:11.814Z,,,
https://www.google.com/maps/place/TEC+Electric/data=!4m7!3m6!1s0x87d2bc9446b03c55:0x956278890ad4eee4!8m2!3d34.77108!4d-92.279379!16s%2Fg%2F11g9nlh9sj!19sChIJVTywRpS80ocR5O7UCol4YpU,TEC Electric,3.7,3,Landscaping supply store,"1120 W Short 17th St, North Little Rock, AR 72114, United States","QPCC+C6 North Little Rock, Arkansas, USA",http://www.tecelectric.com/,+1 870-932-7252,Closes soon · 5 pm · Opens 7:30 am Thu,https://streetviewpixels-pa.googleapis.com/v1/thumbnail?panoid=1koY8zNvb-0ZzgFqRJ0HAQ&cb_client=search.gws-prod.gps&w=408&h=240&yaw=282.87643&pitch=0&thumbfov=100,true,7:30 am–5 pm,7:30 am–5 pm,7:30 am–5 pm,9 am–1 pm,Closed,7:30 am–5 pm,7:30 am–5 pm,"https://www.google.com/maps/search/commercial+landscaping+businesses+in+Hillcrest+Little+Rock+AR/@34.7547449,-92.3246274,14z",2026-04-29T21:30:16.164Z,· In-store pick-up · Delivery,,
https://www.google.com/maps/place/Forefathers+making+fathers+Forefathers+Ministries+landscaping+Base/data=!4m7!3m6!1s0x87d2a362f10a0a25:0x7d4a97122504cbf6!8m2!3d34.7679333!4d-92.3543814!16s%2Fg%2F11sgkdh45d!19sChIJJQoK8WKj0ocR9ssEJRKXSn0,Forefathers making fathers Forefathers Ministries landscaping Base,5.0,6,Landscape designer,"7203 Indiana Ave, Little Rock, AR 72207, United States","QJ9W+56 Little Rock, Arkansas, USA",,+1 501-502-5705,"Closes soon · 5 pm · Opens 9 am Thu

Updated by others 1 week ago",https://lh3.googleusercontent.com/gps-cs-s/APNQkAGAeeUoQLnsC7iGK1p95UogSNi4Yj6dtJPyO8BQFLcJ0bPjyxjDOhTvMt0jJkMyJMR7lptFnk-E4g4bVClEcKRC9cywYsP4a_0X5CsqXzHCRrOCiC2F1Z__vIQfwaRHKTORt99D=w426-h240-k-no,true,9 am–5 pm,9 am–5 pm,9 am–5 pm,Closed,Closed,9 am–5 pm,9 am–5 pm,"https://www.google.com/maps/search/commercial+landscaping+businesses+in+Hillcrest+Little+Rock+AR/@34.7547449,-92.3246274,14z",2026-04-29T21:30:20.497Z,,,true
https://www.google.com/maps/place/Raney+Landscape+Inc/data=!4m7!3m6!1s0x87d2a166ce12fe87:0x7346786b769b2b50!8m2!3d34.776391!4d-92.3866845!16s%2Fg%2F1v1tnm8j!19sChIJh_4Szmah0ocRUCubdmt4RnM,Raney Landscape Inc,5.0,2,Landscaper,"41 Colony Rd, Little Rock, AR 72227, United States","QJG7+H8 Little Rock, Arkansas, USA",,+1 501-590-2216,,https://streetviewpixels-pa.googleapis.com/v1/thumbnail?panoid=XVrsgkafNue-mixnKFOBRQ&cb_client=search.gws-prod.gps&w=408&h=240&yaw=120.40168&pitch=0&thumbfov=100,false,,,,,,,,"https://www.google.com/maps/search/commercial+landscaping+businesses+in+Hillcrest+Little+Rock+AR/@34.7547449,-92.3246274,14z",2026-04-29T21:30:22.857Z,,,
https://www.google.com/maps/place/Fairway+Lawns+of+Little+Rock/data=!4m7!3m6!1s0x87d2a688b78f7cad:0x2434ac0335ff229d!8m2!3d34.7110683!4d-92.3923966!16s%2Fg%2F1thvhgnd!19sChIJrXyPt4im0ocRnSL_NQOsNCQ,Fairway Lawns of Little Rock,4.4,390,Lawn care service,"10401 Colonel Glenn Rd, Little Rock, AR 72204, United States","PJ65+C2 Little Rock, Arkansas, USA",https://fairwaylawns.com/location/little-rock-ar/?utm_source=gbp&utm_medium=organic&utm_campaign=gbp-listing&utm_content=little-rock-branch,+1 844-587-8590,,https://lh3.googleusercontent.com/gps-cs-s/APNQkAEtqiARz4MFul0a9g_866qw8ILscPtSphvx5992rPAndD6vUGDwLkIS4YyAMVIs6fmB5hQaWlZRxjTE02U_mQnVcTGCuzWvfGvV98DDS762p0sIPKY7CBPmKsqgUwKeHwadyz9Ui0gVVsI=w426-h240-k-no,true,Open 24 hours,Open 24 hours,Open 24 hours,Open 24 hours,Open 24 hours,Open 24 hours,Open 24 hours,"https://www.google.com/maps/search/commercial+landscaping+businesses+in+Hillcrest+Little+Rock+AR/@34.7547449,-92.3246274,14z",2026-04-29T21:30:27.208Z,,,
https://www.google.com/maps/place/Earth+Designs/data=!4m7!3m6!1s0xa81f28f2eaf1ef75:0x1f5ca024a80a27a3!8m2!3d34.624132!4d-92.639854!16s%2Fg%2F11l33jkq45!19sChIJde_x6vIoH6gRoycKqCSgXB8,Earth Designs,,,Landscape designer,,,https://www.earthdesignsar.com/,+1 501-690-4600,Closes soon · 5 pm · Opens 8 am Thu,https://lh3.googleusercontent.com/gps-cs-s/APNQkAFWfkbZOKe6uIdej57A9HOKI8nKd2xRk29HTia-_JIjB5Rb9QqAe_A7Ei0v4My-T8_H0aG1lfKqSI0mC7CgUpkR22iB59nnX74z3SBMQG0NLXSFVW3MwESBM39MJw-LoiWEWkrH=w408-h272-k-no,true,8 am–5 pm,8 am–5 pm,8 am–5 pm,Closed,Closed,8 am–5 pm,8 am–5 pm,"https://www.google.com/maps/search/commercial+landscaping+businesses+in+Hillcrest+Little+Rock+AR/@34.7547449,-92.3246274,14z",2026-04-29T21:30:31.406Z,,,
https://www.google.com/maps/place/Natural+State+Horticare/data=!4m7!3m6!1s0x87d2bcfc30760665:0xb402c48848644a59!8m2!3d34.8123427!4d-92.312072!16s%2Fg%2F11bxg0m0gp!19sChIJZQZ2MPy80ocRWUpkSIjEArQ,Natural State Horticare,4.7,68,Lawn care service,"4135 Crystal Hill Rd Suite B, North Little Rock, AR 72118, United States","RM6Q+W5 North Little Rock, Arkansas, USA",https://naturalstatehorticare.com/,+1 501-681-3465,Closes soon · 5 pm · Opens 9 am Thu,https://lh3.googleusercontent.com/gps-cs-s/APNQkAF2Os8hCFHYUDFdzyv2_N3m4d991CDApKZMZD_T6p7WQuQZwQ60Q4n4OMptSR6PAbHEH6Z03DarcYagNbyAqvMvRufQeBBzEyIFcgNEqz3p_dhk28TwpXoSEPsm_fsxgxb5cYmFnQ=w426-h240-k-no,true,9 am–5 pm,9 am–5 pm,9 am–5 pm,Closed,Closed,9 am–5 pm,9 am–5 pm,"https://www.google.com/maps/search/commercial+landscaping+businesses+in+Hillcrest+Little+Rock+AR/@34.7547449,-92.3246274,14z",2026-04-29T21:30:35.789Z,,,
https://www.google.com/maps/place/P.+Allen+Smith+%26+Associates/data=!4m7!3m6!1s0x87d2bb6a845a243d:0xee7defdcc98d8ad6!8m2!3d34.7324422!4d-92.2787782!16s%2Fg%2F11y_jvlgvm!19sChIJPSRahGq70ocR1oqNydzvfe4,P. Allen Smith & Associates,,,Landscape designer,"1722 Broadway St, Little Rock, AR 72206, United States","PPJC+XF Little Rock, Arkansas, USA",https://pallensmithandassociates.com/,+1 501-376-1894,"Closed · Opens 9:30 am Thu

Confirmed by this business 8 weeks ago",https://lh3.googleusercontent.com/gps-cs-s/APNQkAH2pyGAvRV-GMOh3MMIAUwbdzxwYadnCU9HFO49PL05XTdYuAEQKQhdLC93cXuMbJhTYAIRXfRUs7jQndUtAiN6JPVDd4SR1rF635BGFH91IMrkOtfgOJPJ2EbqskQ-7Pjm6kklfnJRy_gg=w408-h409-k-no,true,9:30 am–4:30 pm,9:30 am–4:30 pm,9:30 am–4:30 pm,Closed,Closed,9:30 am–4:30 pm,9:30 am–4:30 pm,"https://www.google.com/maps/search/commercial+landscaping+businesses+in+Hillcrest+Little+Rock+AR/@34.7547449,-92.3246274,14z",2026-04-29T21:30:40.041Z,,,
https://www.google.com/maps/place/Stewart+Clark+Inc/data=!4m7!3m6!1s0x87d2bb4955555555:0xff124725702aabe!8m2!3d34.723729!4d-92.336112!16s%2Fg%2F1tdcgxg7!19sChIJVVVVVUm70ocRvqoCV3Ik8Q8,Stewart Clark Inc,5.0,5,Landscaper,,,https://www.facebook.com/stewartclarkinc,+1 501-350-2450,Open · Closes 6 pm,https://lh3.googleusercontent.com/gps-cs-s/APNQkAE4ffAX87Hnfu9yrYQUHyFSLGJScTFflN4zN7HjTcaIFu20dr_hONfI-wF1sX99oIaq0TCljGbHxKwG19hR1Ogmm3Ysh1j6gHlQpKkn4urL-NHbx4oVlyAA5Iuuw1QaIMW1zX0d=w408-h544-k-no,true,7 am–6 pm,7 am–6 pm,7 am–6 pm,9 am–5 pm,Closed,7 am–6 pm,7 am–6 pm,"https://www.google.com/maps/search/commercial+landscaping+businesses+in+Hillcrest+Little+Rock+AR/@34.7547449,-92.3246274,14z",2026-04-29T21:30:44.371Z,,,
https://www.google.com/maps/place/Gray+Innovative+Solutions/data=!4m7!3m6!1s0x87d2a3622cca7651:0x95b166e64fc8bf13!8m2!3d34.7629977!4d-92.3465689!16s%2Fg%2F11w96d29cw!19sChIJUXbKLGKj0ocRE7_IT-ZmsZU,Gray Innovative Solutions,5.0,4,Consultant,"6600 Evergreen Dr, Little Rock, AR 72207, United States","QM73+59 Little Rock, Arkansas, USA",,+1 469-550-8790,,https://streetviewpixels-pa.googleapis.com/v1/thumbnail?panoid=jlGml_s3voozWfisA0ApOA&cb_client=search.gws-prod.gps&w=408&h=240&yaw=353.8811&pitch=0&thumbfov=100,true,,,,,,,,"https://www.google.com/maps/search/commercial+landscaping+businesses+in+Hillcrest+Little+Rock+AR/@34.7547449,-92.3246274,14z",2026-04-29T21:30:47.003Z,,,
https://www.google.com/maps/place/Evolution+Concrete+LLC/data=!4m7!3m6!1s0x87d2a682cd43a69f:0xd90357a16d5fd69b!8m2!3d34.7864704!4d-92.6136225!16s%2Fg%2F1q5btbdsb!19sChIJn6ZDzYKm0ocRm9ZfbaFXA9k,Evolution Concrete LLC,3.9,15,Concrete contractor,,,http://www.evolcrete.com/,+1 501-920-3285,Closes soon · 5:30 pm · Opens 8:30 am Thu,https://lh3.googleusercontent.com/gps-cs-s/APNQkAGGC4I6LvaDnOKLOO-dw2VY5YMQuorhWXZNeYn21IVVEFw-wnkcU4gugTPO4IN0PM4tJW42wy2FjdsXYTVBy8z5I2Q-eg5WcSZpRdamrDQwttqrSLuErzYwxMBcYE5Hd5rBnss2=w426-h240-k-no,true,8:30 am–5:30 pm,8:30 am–5:30 pm,8:30 am–5:30 pm,Closed,Closed,8:30 am–5:30 pm,8:30 am–5:30 pm,"https://www.google.com/maps/search/commercial+landscaping+businesses+in+Hillcrest+Little+Rock+AR/@34.7547449,-92.3246274,14z",2026-04-29T21:30:51.404Z,,,
https://www.google.com/maps/place/BratchCo+Site+Solutions/data=!4m7!3m6!1s0x2acf56d05e6820ef:0xafc711351c8d1d76!8m2!3d34.7520156!4d-92.129428!16s%2Fg%2F11vscxbp1l!19sChIJ7yBoXtBWzyoRdh2NHDURx68,BratchCo Site Solutions,5.0,16,Excavating contractor,,,https://arkansasconstructionservices.com/,+1 501-940-9017,Open 24 hours,https://lh3.googleusercontent.com/gps-cs-s/APNQkAGL5uhQTZ1njeCOO7sNFdXCo8t9fcQntj1_D-PBFQ0yXfutcJyrJzKMUyfdBocXadzjPBU6nYQoLya2oDclqOUTscB70cboxyxAOSoFrfFfq1WU_i-1aTqaNGBgSaAINHoEUqP3GM9CiAw=w408-h544-k-no,true,Open 24 hours,Open 24 hours,Open 24 hours,Open 24 hours,Open 24 hours,Open 24 hours,Open 24 hours,"https://www.google.com/maps/search/commercial+landscaping+businesses+in+Hillcrest+Little+Rock+AR/@34.7547449,-92.3246274,14z",2026-04-29T21:30:55.671Z,,,
"https://www.google.com/maps/place/C%26C+Lawn+Service+Care,+LLC/data=!4m7!3m6!1s0x87d2a1316e8561e9:0x5643cbcc3fa083ea!8m2!3d34.7533859!4d-92.3906896!16s%2Fg%2F11p5ksdrgg!19sChIJ6WGFbjGh0ocR6oOgP8zLQ1Y","C&C Lawn Service Care, LLC",4.0,10,Lawn care service,"10515 W Markham St Suite K5, Little Rock, AR 72205, United States","QJ35+9P Little Rock, Arkansas, USA",http://www.candclawns.com/,+1 501-779-8454,Closed · Opens 8 am Thu,https://lh3.googleusercontent.com/gps-cs-s/APNQkAEouAY1UT_Xzx4WiBAgH81qAs_qSZ16bJ-LeTJmI8u5Pmav0pay2ojbbdUudrpihBrz3_eoGkojJfSyeWxe0bhD8hKWN9NGTVFKRwgC8icjBElS3eUa_4OYEd7aqF0qPxcXMCiI=w408-h544-k-no,true,8 am–4:30 pm,8 am–4:30 pm,8 am–4:30 pm,8 am–1 pm,Closed,8 am–4:30 pm,8 am–4:30 pm,"https://www.google.com/maps/search/commercial+landscaping+businesses+in+Hillcrest+Little+Rock+AR/@34.7547449,-92.3246274,14z",2026-04-29T21:31:00.010Z,,,
https://www.google.com/maps/place/L.C+Landscape+Hardscape+and+Fencing/data=!4m7!3m6!1s0x859847e2b89c6da3:0x4df37e592f40a6ff!8m2!3d34.8993276!4d-91.5199895!16s%2Fg%2F11yd8mljnv!19sChIJo22cuOJHmIUR_6ZAL1l-800,L.C Landscape Hardscape and Fencing,,,Landscaper,,,https://lclandscapehardscapeandfencing.com/,+1 501-984-7452,Closes soon · 5 pm · Opens 7 am Thu,https://lh3.googleusercontent.com/gps-cs-s/APNQkAFnuWy8DE2REGix_vyXSruYIawkT0-1DemHAQGS5JcX5uBNoq7E_LyoGx7JQRzp8jWqj-sfFHw7Uy6Fi9pIP6J_iEUjGgc6VnAJ5jsCk2lPOZRlqnpoarU7_AvBkYO9SYAd0GBvthmHgQqm=w426-h240-k-no,true,7 am–5 pm,7 am–5 pm,7 am–5 pm,7 am–5 pm,Closed,7 am–5 pm,7 am–5 pm,"https://www.google.com/maps/search/commercial+landscaping+businesses+in+Hillcrest+Little+Rock+AR/@34.7547449,-92.3246274,14z",2026-04-29T21:31:04.183Z,,,
https://www.google.com/maps/place/Hays+Property+Solutions/data=!4m7!3m6!1s0x87d2a1b615497f7b:0xfe3d55470f949bf5!8m2!3d34.7956076!4d-92.4041028!16s%2Fg%2F11k0534j21!19sChIJe39JFbah0ocR9ZuUD0dVPf4,Hays Property Solutions,5.0,22,Construction company,"11610 Pleasant Ridge Rd Ste 103-186, Little Rock, AR 72223, United States","QHWW+69 Little Rock, Arkansas, USA",http://haysps.com/,+1 501-830-7174,Closes soon · 5 pm · Opens 9 am Thu,https://lh3.googleusercontent.com/gps-cs-s/APNQkAFmnmTSEceYuCA3Hg6UqRES3jZFbuovnybsC2qFEKpaWPWz2CZOcFX7Lz-Uju1RlmeOHPdPgWu5bsTaoQ2XHWnSwx2GLqaj15N0HYj6XrNNFLC65LdA95x0Hxi-LP_AYcQ7kPen9g=w408-h544-k-no,true,9 am–5 pm,9 am–5 pm,9 am–5 pm,Closed,Closed,9 am–5 pm,9 am–5 pm,"https://www.google.com/maps/search/commercial+landscaping+businesses+in+Hillcrest+Little+Rock+AR/@34.7547449,-92.3246274,14z",2026-04-29T21:31:08.513Z,,,
https://www.google.com/maps/place/JC+Landscaping+Services+INC/data=!4m7!3m6!1s0x2750a89c830d7ddd:0x6cc84197bc6b6f42!8m2!3d34.8402919!4d-92.3136551!16s%2Fg%2F11wfs92j6z!19sChIJ3X0Ng5yoUCcRQm9rvJdByGw,JC Landscaping Services INC,5.0,24,Landscaper,,,https://www.jclandscapingar.com/,+1 870-830-4566,Open · Closes 6:30 pm,https://lh3.googleusercontent.com/gps-cs-s/APNQkAE2KgPoFaBYrIdfkYD2YtreMILbKuGM-ekm6UrGMoy6O-GIaFJOZM5k3gwEiC7BUe86IMg7bQvijEiqzT8iM4cPyj3EbTgOhUeJ1A5NgG9oc7gYlB_jzOoNwRoRpDwIcemzFwFX=w408-h306-k-no,true,7 am–6:30 pm,7 am–6:30 pm,7 am–6:30 pm,Closed,Closed,7 am–6:30 pm,7 am–6:30 pm,"https://www.google.com/maps/search/commercial+landscaping+businesses+in+Hillcrest+Little+Rock+AR/@34.7547449,-92.3246274,14z",2026-04-29T21:31:13.036Z,,,
https://www.google.com/maps/place/Lawn+ReLeaf/data=!4m7!3m6!1s0x87d2bc07c61240e3:0x6dade8c01edb18f!8m2!3d34.7669895!4d-92.3098805!16s%2Fg%2F11bbrkttbf!19sChIJ40ASxge80ocRj7HtAYze2gY,Lawn ReLeaf,4.1,44,Lawn care service,,,https://www.lawnreleaf.com/,+1 501-476-0540,Closes soon · 5 pm · Opens 8 am Thu,https://lh3.googleusercontent.com/gps-cs-s/APNQkAFKd9il3STNbo4c_uwKVB49tHghm2eRQWpPr1r7cYPRNENubDA3mOq7LwMtqUL7sZKp1biRVJYJUMkwOFILAYLbRgJ5HphxVgIs9v8OF3nL2-l_YMAefy-auTU9cevOvwb9gss=w882-h240-k-no,true,8 am–5 pm,8 am–5 pm,8 am–5 pm,Closed,Closed,8 am–5 pm,8 am–5 pm,"https://www.google.com/maps/search/commercial+landscaping+businesses+in+Hillcrest+Little+Rock+AR/@34.7547449,-92.3246274,14z",2026-04-29T21:31:17.276Z,,,
"https://www.google.com/maps/place/McClelland+Consulting+Engineers,+Inc.+-+Little+Rock/data=!4m7!3m6!1s0x87d2bb6103f9e667:0x310811d8d54d1953!8m2!3d34.7422503!4d-92.3563939!16s%2Fg%2F1tnqhjhs!19sChIJZ-b5A2G70ocRUxlN1dgRCDE","McClelland Consulting Engineers, Inc. - Little Rock",4.8,10,Civil engineer,"7302 Kanis Rd, Little Rock, AR 72204, United States","PJRV+WC Little Rock, Arkansas, USA",https://www.mce.us.com/,+1 501-371-0272,Closes soon · 5 pm · Opens 8 am Thu,https://streetviewpixels-pa.googleapis.com/v1/thumbnail?panoid=MjOf8LIBK2NlatmNowy6bQ&cb_client=search.gws-prod.gps&w=408&h=240&yaw=245.12396&pitch=0&thumbfov=100,true,8 am–5 pm,8 am–5 pm,8 am–12 pm,Closed,Closed,8 am–5 pm,8 am–5 pm,"https://www.google.com/maps/search/commercial+landscaping+businesses+in+Hillcrest+Little+Rock+AR/@34.7547449,-92.3246274,14z",2026-04-29T21:31:21.484Z,,,
https://www.google.com/maps/place/Solid+As+A+Rock+Landscaping/data=!4m7!3m6!1s0x87d2a5da281d771d:0x1b7633cc6f662c39!8m2!3d34.721214!4d-92.3761215!16s%2Fg%2F11flc4b4rx!19sChIJHXcdKNql0ocROSxmb8wzdhs,Solid As A Rock Landscaping,3.4,5,Landscaper,,,,+1 501-246-2416,Open · Closes 7 pm,https://lh3.googleusercontent.com/gps-cs-s/APNQkAFTo9TWrxnaWctM7YB1LcOxMoR7HA3GagDsWC0d27relSW2aNiJaThxOA1SpNpzG87_7I7Z4UpZZ1G0r4Qb3JejkvGjnoBzIq61miRYvMJu7uj5_P3hknZER0aJ7h-7ZwtcrrMz=w408-h478-k-no,true,7 am–7 pm,7 am–7 pm,7 am–7 pm,7 am–7 pm,Closed,7 am–7 pm,7 am–7 pm,"https://www.google.com/maps/search/commercial+landscaping+businesses+in+Hillcrest+Little+Rock+AR/@34.7547449,-92.3246274,14z",2026-04-29T21:31:25.738Z,,,
"https://www.google.com/maps/place/Paul's+Landscaping%2FIrrigation/@34.7139496,-92.3540615,9z/data=!3m1!4b1!4m6!3m5!1s0x87d2a69d32e7bd73:0x500f1443ef3986fd!8m2!3d34.7139496!4d-92.3540615!16s%2Fg%2F1tjyp7l7",Paul's Landscaping/Irrigation,4.0,4,Landscaper,,,,+1 501-612-3283,Open · Closes 7 pm,,true,7 am–7 pm,7 am–7 pm,7 am–7 pm,Closed,Closed,7 am–7 pm,7 am–7 pm,"https://www.google.com/maps/search/commercial+landscaping+businesses+in+Hillcrest+Little+Rock+AR/@34.7547449,-92.3246274,14z",2026-04-29T21:31:31.870Z,,,
https://www.google.com/maps/place/Ramirez+Contractors/data=!4m7!3m6!1s0x87d2a3d90b35acc5:0x3ef398208e5d2067!8m2!3d34.8062652!4d-92.352639!16s%2Fg%2F11y3dyn8cb!19sChIJxaw1C9mj0ocRZyBdjiCY8z4,Ramirez Contractors,5.0,12,Construction company,"4801 Northshore Dr Unit 116, North Little Rock, AR 72118, United States","RJ4W+GW North Little Rock, Arkansas, USA",https://ramirezcontractors.com/,+1 501-612-6844,Closes soon · 5 pm · Opens 9 am Thu,https://streetviewpixels-pa.googleapis.com/v1/thumbnail?panoid=8omSrJuaQyPVDEhYnl0Yuw&cb_client=search.gws-prod.gps&w=408&h=240&yaw=253.11746&pitch=0&thumbfov=100,true,9 am–5 pm,9 am–5 pm,9 am–5 pm,9 am–12 pm,Closed,9 am–5 pm,9 am–5 pm,"https://www.google.com/maps/search/commercial+landscaping+businesses+in+Hillcrest+Little+Rock+AR/@34.7547449,-92.3246274,14z",2026-04-29T21:31:36.401Z,,,
https://www.google.com/maps/place/Providence+Design/data=!4m7!3m6!1s0x87d2bca8ffce1461:0x2a86edd0589e69e!8m2!3d34.7559226!4d-92.2963665!16s%2Fg%2F1pt_871h8!19sChIJYRTO_6i80ocRnuaJBd1uqAI,Providence Design,4.9,44,Interior designer,"2314 Cantrell Rd, Little Rock, AR 72202, United States","QP43+9F Little Rock, Arkansas, USA",http://providenceltddesign.com/,+1 501-372-1886,Closes soon · 5 pm · Opens 10 am Thu,https://lh3.googleusercontent.com/gps-cs-s/APNQkAEgcTHTEF-iJKJf65iC1rO6xbajQuH81TqkA5SpK4G6AtDr-8qRj2V-wJi2WRbKKhmW2gDBqOdWHS6cYOlO4fj1L4Nkp0xh_mRSyR6i3CBdRwdcOJ7q8YY6psblu7WyQKaB1ytp=w408-h515-k-no,true,10 am–5 pm,10 am–5 pm,10 am–5 pm,Closed,Closed,10 am–5 pm,10 am–5 pm,"https://www.google.com/maps/search/commercial+landscaping+businesses+in+Hillcrest+Little+Rock+AR/@34.7547449,-92.3246274,14z",2026-04-29T21:31:40.950Z,,Identifies as women-owned,
https://www.google.com/maps/place/Loyal+Lawns+%26+Landscaping/data=!4m7!3m6!1s0x54a4654eef2ac9b:0x706c3f618cc8e397!8m2!3d34.8402919!4d-92.3136551!16s%2Fg%2F11m782vykj!19sChIJm6zy7lRGSgURl-PIjGE_bHA,Loyal Lawns & Landscaping,5.0,10,Landscape architect,,,,+1 501-428-6996,Open · Closes 7 pm,https://lh3.googleusercontent.com/gps-cs-s/APNQkAGYjNn79zs_rpjYo9o0Kq0l9RAedCkba4igD3Rfo8GadLrv8-ZGYikwsHVpk9dA6t_SANXU1M3FEOuJUNT4Ylsd6gUVd00ZACeK9E4vHky4-4hfL-ab20FdCOxOOtHVtvUNjzIopA=w408-h306-k-no,true,7 am–7 pm,7 am–7 pm,7 am–7 pm,7 am–7 pm,Closed,7 am–7 pm,7 am–7 pm,"https://www.google.com/maps/search/commercial+landscaping+businesses+in+Hillcrest+Little+Rock+AR/@34.7547449,-92.3246274,14z",2026-04-29T21:31:45.569Z,,,
https://www.google.com/maps/place/East+Harding+Construction/data=!4m7!3m6!1s0x87d2bcacff0e6c79:0xeaf5e45a0dc83de3!8m2!3d34.761167!4d-92.299656!16s%2Fg%2F1tjy20rp!19sChIJeWwO_6y80ocR4z3IDVrk9eo,East Harding Construction,4.4,12,Construction company,"2230 Cottondale Ln #3, Little Rock, AR 72202, United States","QP62+F4 Little Rock, Arkansas, USA",https://eastharding.com/,+1 501-661-1646,Closes soon · 5 pm · Opens 8 am Thu,https://lh3.googleusercontent.com/gps-cs-s/APNQkAFcaFzG7nOj5wwSzwkJZJGZL1sZIgrrmrt8aZe0b--c_DnmoCG80Su1h9pfksZfyEUfu1W5NI4yUo0gFJw23UHTeTUnjHG-Bl8DVZt2a5jkh8zzsgT2DS9jibO8GqQ6OWQQZ0Xj=w408-h268-k-no,true,8 am–5 pm,8 am–5 pm,8 am–5 pm,Closed,Closed,8 am–5 pm,8 am–5 pm,"https://www.google.com/maps/search/commercial+landscaping+businesses+in+Hillcrest+Little+Rock+AR/@34.7547449,-92.3246274,14z",2026-04-29T21:31:50.100Z,,,
"https://www.google.com/maps/place/Jones+Landscaping+%26+Lawn+Services,+Inc./data=!4m7!3m6!1s0x87d2aefd325fbf9f:0x41dd166095229d18!8m2!3d35.2923641!4d-93.1237235!16s%2Fg%2F1thkxt41!19sChIJn79fMv2u0ocRGJ0ilWAW3UE","Jones Landscaping & Lawn Services, Inc.",4.1,25,Landscape designer,,,http://www.joneslandscaping.net/,+1 501-888-8789,Closes soon · 5 pm · Opens 7 am Thu,https://lh3.googleusercontent.com/gps-cs-s/APNQkAGlUBmBdLhTehF8di2adn3wDsHyc8hWOBXIoDtP0oPHPL9Qlgw1TiRrBhiUV5DIv5MjZV1ZU_cejNea8D9eEOnKIq7aT8MDJQkgMVPfPhLgP4SKZVQWgGrnN54K8_VJ6Ml1HCg=w408-h306-k-no,true,7 am–5 pm,7 am–5 pm,7 am–5 pm,8 am–5 pm,Closed,7 am–5 pm,7 am–5 pm,"https://www.google.com/maps/search/commercial+landscaping+businesses+in+Hillcrest+Little+Rock+AR/@34.7547449,-92.3246274,14z",2026-04-29T21:31:54.456Z,,,
https://www.google.com/maps/place/Creative+lawn+care+services+LLC/data=!4m7!3m6!1s0x24440ae65d666309:0x12a33fdc26996bc9!8m2!3d34.723729!4d-92.336112!16s%2Fg%2F11x7rf9ddl!19sChIJCWNmXeYKRCQRyWuZJtw_oxI,Creative lawn care services LLC,5.0,2,Lawn care service,,,,+1 501-454-9053,Closed · Opens 7 am Thu,https://lh3.googleusercontent.com/gps-cs-s/APNQkAFGHLP-qJKBVfa07Xdy4UixhDnxWsY5sOprn_TEeR3Yf-RFc8pqs8NYwTqSutkaH7ljBkazLVy8osy4ovdx7T1UtuS8pe1LKFHZC1BaoHSI0SLHMF9ZimASBnHlFYLkh7gEfwjfgCft830=w408-h544-k-no,true,7 am–4:30 pm,7 am–4:30 pm,7 am–4:30 pm,Closed,Closed,7 am–4:30 pm,7 am–4:30 pm,"https://www.google.com/maps/search/commercial+landscaping+businesses+in+Hillcrest+Little+Rock+AR/@34.7547449,-92.3246274,14z",2026-04-29T21:31:58.988Z,,,true
https://www.google.com/maps/place/Maple+Leaf+Lawns+%26+Sprinkler/data=!4m7!3m6!1s0x808316aa55506ae7:0x7abadc1d093bbcbb!8m2!3d34.7864704!4d-92.579287!16s%2Fg%2F11tn5ygdd4!19sChIJ52pQVaoWg4ARu7w7CR3cuno,Maple Leaf Lawns & Sprinkler,5.0,3,Lawn care service,,,https://www.mapleleaflawns.com/,+1 501-519-1114,Closes soon · 5 pm · Opens 9 am Thu,https://lh3.googleusercontent.com/gps-cs-s/APNQkAGorWOv2SNQcTVf48ZLGKP8Cp4KSNRD2qJu3IaNOKYkkvAYs_tobV_1GhEZkldjnK8NlKV57-S66WRKDIEbqsmDHZvsLqdlH4Xt0Js6uP_O8a1Cb7zoShuDyOXLQ-DkWA5Xcx3K=w408-h272-k-no,true,9 am–5 pm,9 am–5 pm,9 am–5 pm,Closed,Closed,9 am–5 pm,9 am–5 pm,"https://www.google.com/maps/search/commercial+landscaping+businesses+in+Hillcrest+Little+Rock+AR/@34.7547449,-92.3246274,14z",2026-04-29T21:32:03.458Z,,,
"https://www.google.com/maps/place/Cole+and+Sons+Cleaning,+LLC+-+Garden+Cleaning+%26+Landscape+Cleanup+Services/@34.7520156,-92.129428,7z/data=!3m1!4b1!4m6!3m5!1s0x87d2a53bb1087405:0xc9874e1224a9775f!8m2!3d34.7520156!4d-92.129428!16s%2Fg%2F11gr2ql57d","Cole and Sons Cleaning, LLC - Garden Cleaning & Landscape Cleanup Services",5.0,2,Landscaper,,,http://coleandsonlawncare.com/,+1 501-454-7685,Open · Closes 8 pm,,true,6 am–8 pm,6 am–8 pm,6 am–8 pm,6 am–8 pm,Closed,6 am–8 pm,6:30 am–8 pm,"https://www.google.com/maps/search/commercial+landscaping+businesses+in+Hillcrest+Little+Rock+AR/@34.7547449,-92.3246274,14z",2026-04-29T21:32:09.764Z,,,
https://www.google.com/maps/place/Fences+and+Landscape+Inc+%7C+Fence+Contractor+%7C+Landscape+%7C+Fence+Install+%7C+Landscaping+%7CAR/data=!4m7!3m6!1s0x87d2a58951cf2cc3:0x4a7ea54974e2e7ae!8m2!3d34.673886!4d-92.3751769!16s%2Fg%2F11j0c0nk0r!19sChIJwyzPUYml0ocRrufidEmlfko,Fences and Landscape Inc | Fence Contractor | Landscape | Fence Install | Landscaping |AR,5.0,9,Fence contractor,"8533 Mabelvale Pike, Little Rock, AR 72209, United States","MJFF+HW Little Rock, Arkansas, USA",,+1 501-650-6833,Open · Closes 6 pm,https://lh3.googleusercontent.com/gps-cs-s/APNQkAGn_d7mcDYmRLCyA9sHQhQiAKywW98D_x9Z0iNSeKu8EQ6cZ65lsUzozkgxv2oh_734WKdkIFH1LT361w8-D1WltgGFtxb8NPuzum7dv78Scqnq-zLFQwzRtHvXHQgNepJrac0=w1234-h240-k-no,true,8 am–6 pm,8 am–6 pm,8 am–6 pm,10 am–4 pm,Closed,8 am–6 pm,8 am–6 pm,"https://www.google.com/maps/search/commercial+landscaping+businesses+in+Hillcrest+Little+Rock+AR/@34.7547449,-92.3246274,14z",2026-04-29T21:32:14.167Z,,,
https://www.google.com/maps/place/GREEN+LIGHT+LANDSCAPING+AND+OTHER+STUFF2+LLC/data=!4m7!3m6!1s0x87d2a72a7a553605:0x14c0e54d830fdd1d!8m2!3d34.7481288!4d-92.3988925!16s%2Fg%2F11y87fdrr7!19sChIJBTZVeiqn0ocRHd0Pg03lwBQ,GREEN LIGHT LANDSCAPING AND OTHER STUFF2 LLC,,,Landscape architect,"600 Hardin Rd, Little Rock, AR 72211, United States","PJX2+7C Little Rock, Arkansas, USA",,+1 501-350-3086,Open 24 hours,https://lh3.googleusercontent.com/gps-cs-s/APNQkAEi6M88LlfdkXkoMIc0j1n3Yhp9P-KJKI8mTVNAS1zEpnVs6642nv8DxB852XLJpt46sqTc1QemhYgYKxQ-Yk03wSV55fgRbja5mW8LyXzgmMpVWc5i2DMsgE65Ilu3Nd92WOHO=w426-h240-k-no,true,Open 24 hours,Open 24 hours,Open 24 hours,Open 24 hours,Open 24 hours,Open 24 hours,Open 24 hours,"https://www.google.com/maps/search/commercial+landscaping+businesses+in+Hillcrest+Little+Rock+AR/@34.7547449,-92.3246274,14z",2026-04-29T21:32:18.331Z,,,
https://www.google.com/maps/place/Plantopia+Home+and+Garden/data=!4m7!3m6!1s0x87d2bc39150ed225:0x322a9c8347786fd3!8m2!3d34.7826834!4d-92.2397788!16s%2Fg%2F11b7q158dk!19sChIJJdIOFTm80ocR0294R4OcKjI,Plantopia Home and Garden,4.5,123,Store,"3101 N Hills Blvd, North Little Rock, AR 72116, United States","QQM6+33 North Little Rock, Arkansas, USA",http://www.plantopianlr.com/,+1 501-812-5900,"Closes soon · 5 pm · Opens 8 am Thu

Updated by this business 8 weeks ago",https://lh3.googleusercontent.com/gps-cs-s/APNQkAEB8asBCez0_XmyliqIpUOIeD1Zm8bJEoMErrUyowfBZPT3laMZRKGwx1iBGD64fw8yJ4K3YuAarGgop7eLEM1feGbK--V3onSmOxj8hBqcLwNYdoiFu25Iz1auKOWd2qJXvZKE=w433-h240-k-no,true,8 am–5 pm,8 am–5 pm,8 am–5 pm,8 am–5 pm,11 am–5 pm,8 am–5 pm,8 am–5 pm,"https://www.google.com/maps/search/commercial+landscaping+businesses+in+Hillcrest+Little+Rock+AR/@34.7547449,-92.3246274,14z",2026-04-29T21:32:22.906Z,· Kerbside pickup · Delivery,,
https://www.google.com/maps/place/Parker+Landscape+%26+Design/data=!4m7!3m6!1s0x87d2a3be90f3f72b:0xe4309c5d75056b3c!8m2!3d35.5322505!4d-93.2384309!16s%2Fg%2F11h84t_dlk!19sChIJK_fzkL6j0ocRPGsFdV2cMOQ,Parker Landscape & Design,,,Landscape architect,,,http://www.parkerlanddesign.com/,+1 501-351-5118,Closes soon · 5 pm · Opens 8 am Thu,https://lh3.googleusercontent.com/gps-cs-s/APNQkAEXw2pq_9qMN6wb7hLdMs-BL8a6crk7uDtcJxJwOEoL9_eOpS_RNrpX3qeBF0dxDdBinzRfS4r5lmMzkU6PlWeWiHTbNLN_ZLy7eMB6QDZuwJCF_w5zlrMCKH58vGtZy-z9MrQv=w408-h408-k-no,true,8 am–5 pm,8 am–5 pm,8 am–5 pm,Closed,Closed,8 am–5 pm,8 am–5 pm,"https://www.google.com/maps/search/commercial+landscaping+businesses+in+Hillcrest+Little+Rock+AR/@34.7547449,-92.3246274,14z",2026-04-29T21:32:27.089Z,,,
https://www.google.com/maps/place/The+Good+Earth+Garden+Center/data=!4m7!3m6!1s0x87d2a0669fa9190f:0xedc029cf89fa9448!8m2!3d34.802059!4d-92.446342!16s%2Fg%2F1thn611c!19sChIJDxmpn2ag0ocRSJT6ic8pwO0,The Good Earth Garden Center,4.7,276,Garden center,"15601 Cantrell Rd, Little Rock, AR 72223, United States","RH23+RF Little Rock, Arkansas, USA",http://www.thegoodearthgarden.com/,+1 501-868-4666,"Open · Closes 6 pm

Updated by this business 8 weeks ago",https://lh3.googleusercontent.com/gps-cs-s/APNQkAEiRbbozc2I0V_7WSYVY8RRiWUs6T56ZbIkdHxFSLZl9BOMND8PuTF3tY0DlGzsnXwK1SR1tv1zcJUxRik3szTAc3iFxrQDEv4aSQ64doR45p-08EkhZobwlvtgaTa7SY33jsw2I-JVQyiH=w408-h305-k-no,true,7 am–6 pm,7 am–6 pm,7 am–6 pm,7 am–6 pm,11 am–5 pm,7 am–6 pm,7 am–6 pm,"https://www.google.com/maps/search/commercial+landscaping+businesses+in+Hillcrest+Little+Rock+AR/@34.7547449,-92.3246274,14z",2026-04-29T21:32:31.402Z,"Sizable garden center offering a wide array of plants & flowers, plus a gift shop & seasonal events. · In-store shopping · In-store pick-up · Delivery",,
https://www.google.com/maps/place/Kelly+Care+Lawns/data=!4m7!3m6!1s0x274ed12e8824ef7b:0x91301dfce198fdf0!8m2!3d39.7605336!4d-107.3979436!16s%2Fg%2F11xvm5b572!19sChIJe-8kiC7RTicR8P2Y4fwdMJE,Kelly Care Lawns,5.0,5,Landscaper,,,https://kellycarelawns.com/,+1 501-902-9042,Open · Closes 9 pm,https://lh3.googleusercontent.com/gps-cs-s/APNQkAHKuIEQPvCx3GjxA3OLTihsmkMSiQmSoMjBZEBzWSDlf94dJNfAcJjyfBkvbz1JycnMgKHrX8hW4dfL5OAh-bLDA9qmVIYRoe2W5REATcd5i30JZfJWo1UoQt8r6X82-ZSNhgd3JjxHWnaB=w408-h725-k-no,true,6 am–9 pm,6 am–9 pm,6 am–9 pm,6 am–9 pm,9 am–9 pm,6 am–9 pm,6 am–9 pm,"https://www.google.com/maps/search/commercial+landscaping+businesses+in+Hillcrest+Little+Rock+AR/@34.7547449,-92.3246274,14z",2026-04-29T21:32:35.619Z,,Identifies as veteran-owned,
"https://www.google.com/maps/place/TurfMaster,+Inc./data=!4m7!3m6!1s0x87d2be8692456929:0x44427b015104bea!8m2!3d34.7939976!4d-92.2172327!16s%2Fg%2F1tdcs1tx!19sChIJKWlFkoa-0ocR6ksQFbAnRAQ","TurfMaster, Inc.",4.4,15,Lawn care service,"4263 E 43rd St, North Little Rock, AR 72117, United States","QQVM+H4 North Little Rock, Arkansas, USA",http://turfmasterlittlerock.com/,+1 501-372-2442,Closes soon · 5 pm · Opens 8 am Thu,https://streetviewpixels-pa.googleapis.com/v1/thumbnail?panoid=3k9yGG9NmwaLXLtdc4HCGA&cb_client=search.gws-prod.gps&w=408&h=240&yaw=355.2256&pitch=0&thumbfov=100,true,8 am–5 pm,8 am–5 pm,8 am–5 pm,Closed,Closed,8 am–5 pm,8 am–5 pm,"https://www.google.com/maps/search/commercial+landscaping+businesses+in+Hillcrest+Little+Rock+AR/@34.7547449,-92.3246274,14z",2026-04-29T21:32:39.980Z,,,
https://www.google.com/maps/place/Little+Rock+Lawns/data=!4m7!3m6!1s0x87cd5c47a77ef111:0x85f3092e549f9b75!8m2!3d34.7783124!4d-92.5591504!16s%2Fg%2F11cs1c41_c!19sChIJEfF-p0dczYcRdZufVC4J84U,Little Rock Lawns,4.3,24,Lawn care service,"2324 Ferncliff Rd, Little Rock, AR 72223, United States","QCHR+88 Little Rock, Arkansas, USA",https://littlerocklawns.com/,+1 501-257-0323,Open · Closes 6 pm,https://lh3.googleusercontent.com/gps-cs-s/APNQkAFca1wKS8it9UKB9IfOsjfx_AhdpALE6JhBsFJhuKZzMazjg9hQ7mo3Pi2JAooqn9gclP1Xcz7GdcayOREdwEYrpOzE18aUE9BENgHJJWCYuu9XFU43i9zocYFhAaTgz6G4VOCn=w408-h544-k-no,true,8 am–6 pm,8 am–6 pm,8 am–6 pm,8 am–6 pm,8 am–6 pm,8 am–6 pm,8 am–6 pm,"https://www.google.com/maps/search/commercial+landscaping+businesses+in+Hillcrest+Little+Rock+AR/@34.7547449,-92.3246274,14z",2026-04-29T21:32:44.401Z,,,
https://www.google.com/maps/place/Sprinklerman+Irrigation/data=!4m7!3m6!1s0x87d2bb64ffffffff:0x6850cbacaea670e3!8m2!3d34.7197001!4d-92.394872!16s%2Fg%2F1t_hzj8w!19sChIJ_____2S70ocR43CmrqzLUGg,Sprinklerman Irrigation,4.4,7,Lawn sprinkler system contractor,"3623 Old Shackleford Rd, Little Rock, AR 72204, United States","PJ94+V3 Little Rock, Arkansas, USA",https://www.the1stsprinklerman.com/,+1 501-225-7210,Closes soon · 4:45 pm · Opens 8 am Thu,https://streetviewpixels-pa.googleapis.com/v1/thumbnail?panoid=bsWLHKLhYA6EUjUNDARLKw&cb_client=search.gws-prod.gps&w=408&h=240&yaw=84.059296&pitch=0&thumbfov=100,true,8 am–4:45 pm,8 am–4:45 pm,8 am–4:45 pm,Closed,Closed,8 am–4:45 pm,8 am–4:45 pm,"https://www.google.com/maps/search/commercial+landscaping+businesses+in+Hillcrest+Little+Rock+AR/@34.7547449,-92.3246274,14z",2026-04-29T21:32:49.006Z,,,
https://www.google.com/maps/place/ExWorx+Land+Solutions/data=!4m7!3m6!1s0xc5ceba839af8877:0x759a27ab91de25ee!8m2!3d35.15991!4d-91.8794366!16s%2Fg%2F11xtkzxyhm!19sChIJd4ivOajrXAwR7iXekasnmnU,ExWorx Land Solutions,5.0,11,Excavating contractor,,,https://exworxlandsolutions.com/,+1 501-596-4656,Open 24 hours,https://lh3.googleusercontent.com/gps-cs-s/APNQkAGwILz-d80upQ5n28TximVky2ZkgnDYz_5vPQBqmnXBGiYdKgj3aL7FxQIxN43S5IZ-guWR8x2uNDmOW713SitHYZ92Wz6s8cV499O6l8rolhR5lNrAKK0W1xVt17RKodrnUiOM61lThEU=w408-h544-k-no,true,Open 24 hours,Open 24 hours,Open 24 hours,Open 24 hours,Open 24 hours,Open 24 hours,Open 24 hours,"https://www.google.com/maps/search/commercial+landscaping+businesses+in+Hillcrest+Little+Rock+AR/@34.7547449,-92.3246274,14z",2026-04-29T21:32:53.504Z,,,
https://www.google.com/maps/place/Grounds+Masters+Landscaping/data=!4m7!3m6!1s0x87d2a71b9e67e6e9:0x612da6c96925dce3!8m2!3d34.719752!4d-92.426812!16s%2Fg%2F1tg5vldq!19sChIJ6eZnnhun0ocR49wlacmmLWE,Grounds Masters Landscaping,5.0,2,Landscaper,"13800 Cooper Orbit Cove, Little Rock, AR 72210, United States","PH9F+W7 Little Rock, Arkansas, USA",,+1 501-219-2296,,https://streetviewpixels-pa.googleapis.com/v1/thumbnail?panoid=iqFx_ecM71LCQZ3JQqYBXw&cb_client=search.gws-prod.gps&w=408&h=240&yaw=91.24681&pitch=0&thumbfov=100,false,,,,,,,,"https://www.google.com/maps/search/commercial+landscaping+businesses+in+Hillcrest+Little+Rock+AR/@34.7547449,-92.3246274,14z",2026-04-29T21:32:55.694Z,,,
https://www.google.com/maps/place/Dokes+Family+Lawncare/data=!4m7!3m6!1s0x5dbca592d86d4a3:0xf24c2b57939a64c3!8m2!3d34.7845615!4d-92.297334!16s%2Fg%2F11z3w8p9y0!19sChIJo9SGLVnK2wURw2Sak1crTPI,Dokes Family Lawncare,5.0,8,Landscaper,,,,+1 501-407-8081,Open 24 hours,https://lh3.googleusercontent.com/gps-cs-s/APNQkAEZIfCXGJ3ULKGs7niFjLtBfaXWQ_XOAt18JxbB_jc2RJAK--6DILQ3ie8co05EwzyH18ZJX7aWMSYzwZxjdiiwujrRrjEh45nRGu8R4baSa7mleqvkQQUvHCcYOiko0-aGJ1XDfe2CF6tQ=w408-h614-k-no,true,Open 24 hours,Open 24 hours,Open 24 hours,Open 24 hours,Open 24 hours,Open 24 hours,Open 24 hours,"https://www.google.com/maps/search/commercial+landscaping+businesses+in+Hillcrest+Little+Rock+AR/@34.7547449,-92.3246274,14z",2026-04-29T21:33:00.016Z,,,
https://www.google.com/maps/place/Arbor+Landscape/data=!4m7!3m6!1s0x87d2bcf8489043ed:0x168df5903cad72f9!8m2!3d34.7067573!4d-92.4461452!16s%2Fg%2F1td6bdtf!19sChIJ7UOQSPi80ocR-XKtPJD1jRY,Arbor Landscape,4.0,8,Landscape designer,"15525 Lawson Rd, Little Rock, AR 72210, United States","PH43+PG Little Rock, Arkansas, USA",,+1 501-663-1900,Closes soon · 5 pm · Opens 7:30 am Thu,https://lh3.googleusercontent.com/gps-cs-s/APNQkAG4gHadgCsDk9lJP8UBelBJpXL_z-Qz_7FfW85OAd-kUyFg7a7eS7FiK_oeJWsa0E2BKap6BjBqa2lufIsBzzFU6aFYt3_pfG9-mp1F_4QijOFyvzGpIVMEP8Ra5IYVOofaVeOe=w408-h306-k-no,true,7:30 am–5 pm,7:30 am–5 pm,7:30 am–5 pm,7:30 am–5 pm,Closed,7:30 am–5 pm,7:30 am–5 pm,"https://www.google.com/maps/search/commercial+landscaping+businesses+in+Hillcrest+Little+Rock+AR/@34.7547449,-92.3246274,14z",2026-04-29T21:33:04.587Z,,,
https://www.google.com/maps/place/Arbor+Pointe+at+Hillcrest/data=!4m7!3m6!1s0x87d2a36f68bcf449:0xe6432239332ed3b!8m2!3d34.7635864!4d-92.3298704!16s%2Fg%2F1tdcs1t2!19sChIJSfS8aG-j0ocRO-0ykyMyZA4,Arbor Pointe at Hillcrest,2.8,83,Apartment rental agency,"3802 Kavanaugh Blvd, Little Rock, AR 72205, United States","QM7C+C3 Little Rock, Arkansas, USA",https://www.arborpointehillcrestapartments.com/?rcstdid=Mg%3D%3D-YRjTEizZPgM%3D&utm_source=GMB&utm_medium=organic,+1 501-298-1209,"Open · Closes 6 pm

Confirmed by this business 4 weeks ago",https://lh3.googleusercontent.com/gps-cs-s/APNQkAHJ8lnMbl8nYxnxzgxDPSk3W61qf3XdMuxUkvpoa3UIiL-ceK_BaEdY3aXfeumNBOiwZBMP_jKvqejEVAfMIqTCeSaMZYMl7fpFFZIMbBbvMAm6Pxte43bsr8cokTUiyIM0rhwrSw=w408-h306-k-no,true,9 am–6 pm,9 am–6 pm,9 am–6 pm,10 am–5 pm,Closed,9 am–6 pm,9 am–6 pm,"https://www.google.com/maps/search/commercial+landscaping+businesses+in+Hillcrest+Little+Rock+AR/@34.7547449,-92.3246274,14z",2026-04-29T21:33:09.086Z,· Dogs allowed,,
"https://www.google.com/maps/place/Doremus+Landscape+%26+Sprinkler+-+Sprinkler+Repair+Service+%26+Landscaping+Contractor+Little+Rock,+AR/data=!4m7!3m6!1s0x87d2bb64ffffffff:0xaadb7192240b78f1!8m2!3d34.8308498!4d-92.3840761!16s%2Fg%2F1tfjlnv8!19sChIJ_____2S70ocR8XgLJJJx26o","Doremus Landscape & Sprinkler - Sprinkler Repair Service & Landscaping Contractor Little Rock, AR",2.8,4,Lawn sprinkler system contractor,"5 Collins Industrial Pl, Maumelle, AR 72113, United States","RJJ8+89 Maumelle, Arkansas, USA",,+1 501-943-4513,Closes soon · 5 pm · Opens 9 am Thu,https://lh3.googleusercontent.com/gps-cs-s/APNQkAGFMp4HH7qTDy6O4RVrQjZ57SGYCCm-P_9k_BxqvU2UDtHTZMjX1Z4_jZJfWUs7xJUWp1rYn3ATVT4kmnhDoFOqyLS2rq_T6_knIci28XJuPr0Y7SlIPrVqpPaXSXjLMJAvg8OUhg=w408-h306-k-no,true,9 am–5 pm,9 am–5 pm,9 am–5 pm,Closed,Closed,9 am–5 pm,9 am–5 pm,"https://www.google.com/maps/search/commercial+landscaping+businesses+in+Hillcrest+Little+Rock+AR/@34.7547449,-92.3246274,14z",2026-04-29T21:33:13.423Z,,,
https://www.google.com/maps/place/Kraftco+Hardware/data=!4m7!3m6!1s0x87d2a399885cb589:0x1cbd4deb687925f7!8m2!3d34.7681173!4d-92.3500483!16s%2Fg%2F1td7zmgc!19sChIJibVciJmj0ocR9yV5aOtNvRw,Kraftco Hardware,4.5,71,Hardware store,"6711 Cantrell Rd, Little Rock, AR 72207, United States","QJ9X+6X Little Rock, Arkansas, USA",http://kraftcohardware.com/,+1 501-666-5471,Closes soon · 5:30 pm · Opens 8 am Thu,https://lh3.googleusercontent.com/gps-cs-s/APNQkAGiIbowVqNrbULu_iBOfM1VZ9_lTvsiyr9EBPKMnrhsUSOY1rs31tZy_KkoooI_hsAcle_sXOuoW201vDqq1e3hNBZgzARq57f4MAGhPVHlx01um8PsCLT3pwKYAEistrE2ahk=w408-h306-k-no,true,8 am–5:30 pm,8 am–5:30 pm,8 am–5:30 pm,9 am–5 pm,Closed,8 am–5:30 pm,8 am–5:30 pm,"https://www.google.com/maps/search/commercial+landscaping+businesses+in+Hillcrest+Little+Rock+AR/@34.7547449,-92.3246274,14z",2026-04-29T21:33:17.755Z,,,
https://www.google.com/maps/place/Kelly+Landworks/data=!4m7!3m6!1s0xb409bdfd9cdcefd:0x814f4cd814c4fde3!8m2!3d35.3455026!4d-92.4390554!16s%2Fg%2F11xsmq63k3!19sChIJ_c7N2d-bQAsR4_3EFNhMT4E,Kelly Landworks,5.0,1,Excavating contractor,,,https://www.kellylandworks.com/,+1 501-349-4119,,https://lh3.googleusercontent.com/gps-cs-s/APNQkAEdsatY5-r6qoOmjQp7TL-6nQH0BVpUVfGkfHEhHbJi17-G4CT9LaYgmXLfi7PlRN8uRQ7fcNkSOL2vOy7Szh51i-KtL8OJ1M5EF1VMUEfFZ5Baioji1SFYw7Asz4jWl6cG8BJ_nNfZIrc=w408-h544-k-no,true,,,,,,,,"https://www.google.com/maps/search/commercial+landscaping+businesses+in+Hillcrest+Little+Rock+AR/@34.7547449,-92.3246274,14z",2026-04-29T21:33:19.894Z,,,
https://www.google.com/maps/place/Top+Garden+Solutions/data=!4m7!3m6!1s0x19cf5bf29e08859:0x9ede9c373917be5!8m2!3d34.721214!4d-92.4036499!16s%2Fg%2F11y4lm_3qg!19sChIJWYjgKb_1nAER5XuRc8Pp7Qk,Top Garden Solutions,4.8,22,Lawn care service,,,https://topgardensolutions.com/,+1 501-563-0017,Open · Closes 7 pm,https://lh3.googleusercontent.com/gps-cs-s/APNQkAFsFDoKNhUcrBi9_V6--tDK4I-WlkYPjQSLiX9EcMiMgOi6_MOOkmeCezyFbXVqFuLICj9TtJkrwuxONDIC9uPTsJmFWpAYxHnHKR2ui1DcSogaJVCHJkg3smusHNvRzCvtGGY=w408-h720-k-no,true,6 am–7 pm,6 am–7 pm,6 am–7 pm,6 am–7 pm,10 am–5 pm,6 am–7 pm,6 am–7 pm,"https://www.google.com/maps/search/commercial+landscaping+businesses+in+Hillcrest+Little+Rock+AR/@34.7547449,-92.3246274,14z",2026-04-29T21:33:24.123Z,,,
https://www.google.com/maps/place/Mouride+Service+Pros/data=!4m7!3m6!1s0x6d828feb84da0977:0x976a2239077dc5bf!8m2!3d34.8180194!4d-92.364322!16s%2Fg%2F11vq2z49vj!19sChIJdwnahOuPgm0Rv8V9Bzkiapc,Mouride Service Pros,5.0,20,Landscaper,,,https://www.facebook.com/MourideServicePros?mibextid=2JQ9oc,+1 501-471-5671,Open · Closes 7 pm,https://lh3.googleusercontent.com/gps-cs-s/APNQkAHhBZaB8ZMyiDwWmKKVV5yEVwEqopMzm-NENLB16DBw0i9El81vQnJLI5nO8UUIhBOGYngsuSXvKMwO5F3ibKO8VdzEAuRZy5q-yVY6EYo266bFF5IQWhOsgiDEiK-Xkorqk7HTpaxc0XU=w408-h410-k-no,true,6 am–7 pm,6 am–7 pm,6 am–7 pm,6 am–7 pm,Closed,6 am–7 pm,6 am–7 pm,"https://www.google.com/maps/search/commercial+landscaping+businesses+in+Hillcrest+Little+Rock+AR/@34.7547449,-92.3246274,14z",2026-04-29T21:33:28.394Z,,,
"https://www.google.com/maps/place/ReNew+Garden+Creations,+LLC/data=!4m7!3m6!1s0x87cd5f1a39050efb:0x4b7a9e4c27d493c6!8m2!3d34.815915!4d-92.484317!16s%2Fg%2F11gxn7zptl!19sChIJ-w4FORpfzYcRxpPUJ0yeeks","ReNew Garden Creations, LLC",5.0,10,Landscape lighting designer,,,https://www.renewgardencreations.com/,+1 501-247-6683,Closes soon · 5 pm · Opens 8 am Thu,https://lh3.googleusercontent.com/gps-cs-s/APNQkAHipB8E6xQG0EgofalXfXW9U2rQ7XRluQRG_Bd3Vghf1EMrYRWUXgK3Yj5BU6qcCtJj9-8mL4MDSg_F05NG4Ng4QuHHQEwhRanV7a6p9sOtzWxRjbhQEuvrTRt1BWAG6peyj61X=w408-h410-k-no,true,8 am–5 pm,8 am–5 pm,8 am–5 pm,8 am–12 pm,Closed,8 am–5 pm,8 am–5 pm,"https://www.google.com/maps/search/commercial+landscaping+businesses+in+Hillcrest+Little+Rock+AR/@34.7547449,-92.3246274,14z",2026-04-29T21:33:32.822Z,,,
"https://www.google.com/maps/place/Dreamscape+Lawns/@34.707724,-92.3949665,9z/data=!3m1!4b1!4m6!3m5!1s0xd98e8e8be213113:0x7d430b5ec9fbe060!8m2!3d34.707724!4d-92.3949665!16s%2Fg%2F11z1rmt9m3",Dreamscape Lawns,5.0,7,Landscaper,,,http://www.dreamscapelawnsar.com/,+1 501-908-0586,Open · Closes 7 pm,,true,7 am–7 pm,7 am–7 pm,7 am–7 pm,7 am–7 pm,7 am–7 pm,7 am–7 pm,7 am–7 pm,"https://www.google.com/maps/search/commercial+landscaping+businesses+in+Hillcrest+Little+Rock+AR/@34.7547449,-92.3246274,14z",2026-04-29T21:33:39.043Z,,,
https://www.google.com/maps/place/TLS+Lawn+Care+%26+Fertilization+Services/data=!4m7!3m6!1s0x87d2a1fa3f31c9c1:0x6080ca70819e590a!8m2!3d34.8299934!4d-92.3874207!16s%2Fg%2F1tptr47t!19sChIJwckxP_qh0ocRClmegXDKgGA,TLS Lawn Care & Fertilization Services,4.3,28,Lawn care service,"22 Collins Industrial Pl, Maumelle, AR 72113, United States","RJH7+X2 Maumelle, Arkansas, USA",https://www.totallandscapesolutions.net/residential?utm_campaign=gmb,+1 501-812-0050,Closes soon · 5 pm · Opens 8 am Thu,https://lh3.googleusercontent.com/gps-cs-s/APNQkAEQdhh60dbnH-qR9HGvhVDzKPHE147-eTZb6X_1S9th_QS7ER53xBV0Tl5jDKlh_2HOa2btSqd7i-SO2w6exCnSqxghNUnwBnu_oPnQRARa48nrMod6ptqaWmUzTlQAKrdj_D8b=w408-h272-k-no,true,8 am–5 pm,8 am–5 pm,8 am–5 pm,Closed,Closed,8 am–5 pm,8 am–5 pm,"https://www.google.com/maps/search/commercial+landscaping+businesses+in+Hillcrest+Little+Rock+AR/@34.7547449,-92.3246274,14z",2026-04-29T21:33:43.389Z,,,
"https://www.google.com/maps/place/Hairston+Lawn+Care+and+Landscaping/@34.7586853,-92.4089433,17z/data=!3m1!4b1!4m6!3m5!1s0x87d2a150feb594cb:0x86b1486490bd5402!8m2!3d34.7586853!4d-92.4089433!16s%2Fg%2F11jn6rlb8y",Hairston Lawn Care and Landscaping,4.7,3,Lawn care service,"501 Napa Valley Dr, Little Rock, AR 72211, United States","QH5R+FC Little Rock, Arkansas, USA",http://facebook.com/Hairstonlawncareandlandscaping,+1 501-351-8804,Open · Closes 7 pm,,true,7 am–7 pm,7 am–7 pm,7 am–7 pm,7 am–7 pm,Closed,7 am–7 pm,7 am–7 pm,"https://www.google.com/maps/search/commercial+landscaping+businesses+in+Hillcrest+Little+Rock+AR/@34.7547449,-92.3246274,14z",2026-04-29T21:33:49.606Z,,,
https://www.google.com/maps/place/Tipton%27s+Lawn+%26+Landscaping/data=!4m7!3m6!1s0x87d2bd2055d52655:0xc08cf95028dad0ec!8m2!3d34.8015178!4d-92.2840371!16s%2Fg%2F1th57j91!19sChIJVSbVVSC90ocR7NDaKFD5jMA,Tipton's Lawn & Landscaping,,,Landscaper,"5525 Arrowhead Rd, Little Rock, AR 72201, United States","RP28+J9 Little Rock, Arkansas, USA",,+1 501-429-4092,,https://streetviewpixels-pa.googleapis.com/v1/thumbnail?panoid=ANzYR-209SZQ7W7gl7LTMg&cb_client=search.gws-prod.gps&w=408&h=240&yaw=308.21722&pitch=0&thumbfov=100,false,,,,,,,,"https://www.google.com/maps/search/commercial+landscaping+businesses+in+Hillcrest+Little+Rock+AR/@34.7547449,-92.3246274,14z",2026-04-29T21:33:52.059Z,,,
https://www.google.com/maps/place/Landscape+Associates+LLC/data=!4m7!3m6!1s0x87d2a1ff172e303b:0x587b1dea7d5b538!8m2!3d34.8353736!4d-92.3830617!16s%2Fg%2F1tcy4vnz!19sChIJOzAuF_-h0ocROLXVp96xhwU,Landscape Associates LLC,4.5,2,Landscape architect,"8013 Counts Massie Rd, Maumelle, AR 72113, United States","RJP8+4Q Maumelle, Arkansas, USA",http://www.landscapeassociatesar.com/,+1 501-758-8711,Closes soon · 5 pm · Opens 8 am Thu,https://streetviewpixels-pa.googleapis.com/v1/thumbnail?panoid=Lf57-13xeJA_UyR4uJFUvg&cb_client=search.gws-prod.gps&w=408&h=240&yaw=0.6375822&pitch=0&thumbfov=100,false,8 am–5 pm,8 am–5 pm,8 am–5 pm,Closed,Closed,8 am–5 pm,8 am–5 pm,"https://www.google.com/maps/search/commercial+landscaping+businesses+in+Hillcrest+Little+Rock+AR/@34.7547449,-92.3246274,14z",2026-04-29T21:33:56.384Z,,,
https://www.google.com/maps/place/Dogtown+Services/data=!4m7!3m6!1s0x866320856034203:0x26bffc494e8280e8!8m2!3d35.320153!4d-92.46471!16s%2Fg%2F11zk3k_h43!19sChIJA0IDVggyZggR6ICCTkn8vyY,Dogtown Services,5.0,5,Junk removal service,,,https://www.dogtownservicesar.com/,+1 501-590-9376,Open · Closes 7 pm,https://lh3.googleusercontent.com/gps-cs-s/APNQkAGpSdR9nioD5LnlwOasE-AsNjraSlIbFdRysJxQb9wktqK0PeWcYSnweKb0iNPQEr6p31s-W-KmeQAuktIXNtOB7wNb7PSQBgh044Y83-MCVGm94BqLPkUaaur3-huq0_3h-pcggi_Ug1Wb=w408-h306-k-no,true,7 am–7 pm,7 am–7 pm,7 am–7 pm,7 am–7 pm,Closed,7 am–7 pm,7 am–7 pm,"https://www.google.com/maps/search/commercial+landscaping+businesses+in+Hillcrest+Little+Rock+AR/@34.7547449,-92.3246274,14z",2026-04-29T21:34:00.639Z,,,
https://www.google.com/maps/place/Davenport+Landscape+Management/data=!4m7!3m6!1s0x87d2bd398bfd978f:0xfc0898633708c691!8m2!3d34.7807965!4d-92.270655!16s%2Fg%2F11fmv2lr17!19sChIJj5f9izm90ocRkcYIN2OYCPw,Davenport Landscape Management,5.0,3,Lawn care service,,,https://www.davenportlandscapemanagement.com/?utm_source=GMB&utm_medium=Local&utm_campaign=GMB%20Listing,+1 501-786-1360,Open · Closes 8 pm,https://lh3.googleusercontent.com/gps-cs-s/APNQkAF2ZeKRWK0kn2PvAFnxdGgR1T0GWm36VmWgImbPVhhKJlpFOAiquI37Qhqh34NgO0H5_sQvmHNnnIXa3rHAbT0cblv9MVDeIpK5wKuwS_QWFQPY4YzfMD5GG6iVB6shOfdUXZ_iyA=w408-h406-k-no,true,8 am–8 pm,8 am–8 pm,8 am–8 pm,Closed,Closed,8 am–8 pm,8 am–8 pm,"https://www.google.com/maps/search/commercial+landscaping+businesses+in+Hillcrest+Little+Rock+AR/@34.7547449,-92.3246274,14z",2026-04-29T21:34:04.988Z,,,
https://www.google.com/maps/place/QUICK+%26+INTEGRAL+SOLUTIONS+LLC/data=!4m7!3m6!1s0x674a9eabc5eb432f:0xe7bd3c666f5585a2!8m2!3d34.8303539!4d-92.3136551!16s%2Fg%2F11vz8y_nfk!19sChIJL0PrxaueSmcRooVVb2Y8vec,QUICK & INTEGRAL SOLUTIONS LLC,5.0,1,Handyman/Handywoman/Handyperson,,,https://quickais.com/,,Open · Closes 7 pm,https://lh3.googleusercontent.com/gps-cs-s/APNQkAHCRCVk5Ep3gyaWErF7x-kCcQWhvJU0uDwWQmXzLDvmEXUIMav2ca7Q96Yaw8XFR1fOODtQfwMdgKb0cI1vY6Xa4ltx_v3m2JqMa9-JNnWCiteMJjQsTBYiOi0JEORIzEVd_J6t=w408-h544-k-no,true,7 am–7 pm,7 am–7 pm,7 am–7 pm,7 am–7 pm,7 am–2 pm,7 am–7 pm,7 am–7 pm,"https://www.google.com/maps/search/commercial+landscaping+businesses+in+Hillcrest+Little+Rock+AR/@34.7547449,-92.3246274,14z",2026-04-29T21:34:09.196Z,,,
https://www.google.com/maps/place/Genesis+Lawn+and+Landscape/data=!4m7!3m6!1s0x87d2a357e5b42731:0x976c2ae63cecfa41!8m2!3d34.8860674!4d-92.3425809!16s%2Fg%2F1tjl6fs6!19sChIJMSe05Vej0ocRQfrsPOYqbJc,Genesis Lawn and Landscape,4.2,43,Landscaper,,,,+1 501-868-1842,Open · Closes 6 pm,https://lh3.googleusercontent.com/gps-cs-s/APNQkAGARpzVrX5q4EWUEitLof3RXsE892F1krdMzQFLlieWE7tR29hn7m_Y_KL5SilWEUOEUVc5FSxDllCw2JNrgjqAhkG1jOpZfFH0N-TE5ZzaCL26wn8h0wRpeUyiICa5ohUl6GKXfg=w408-h306-k-no,true,8 am–6 pm,8 am–6 pm,8 am–6 pm,8 am–6 pm,Closed,8 am–6 pm,8 am–6 pm,"https://www.google.com/maps/search/commercial+landscaping+businesses+in+Hillcrest+Little+Rock+AR/@34.7547449,-92.3246274,14z",2026-04-29T21:34:13.412Z,,,
https://www.google.com/maps/place/James+Professional+Home+Remodeling/data=!4m7!3m6!1s0x87d2a572eb2f1b37:0x3b8742a7748dcefa!8m2!3d34.723729!4d-92.336112!16s%2Fg%2F11q1p3zmkq!19sChIJNxsv63Kl0ocR-s6NdKdChzs,James Professional Home Remodeling,5.0,1,General contractor,,,http://remodelerlittlerockar.com/,+1 501-300-5933,Open 24 hours,https://lh3.googleusercontent.com/gps-cs-s/APNQkAGxoKSx62OK2jIFZdPsufAgLYWHC_kKu4hrX6ktqQI6nRZpckgTKnEU_f6amBZB9Bflm6TDESgnx4UcP-kNWOZPnR2HfZCiRNIQB4gRvYd5bclNQfDVGFd26FNUM5iqpTSxpXCE=w408-h306-k-no,true,Open 24 hours,Open 24 hours,Open 24 hours,Open 24 hours,Open 24 hours,Open 24 hours,Open 24 hours,"https://www.google.com/maps/search/commercial+landscaping+businesses+in+Hillcrest+Little+Rock+AR/@34.7547449,-92.3246274,14z",2026-04-29T21:34:17.898Z,,,
https://www.google.com/maps/place/3+Parks+Landscaping/data=!4m7!3m6!1s0x87d2bd9994931aa1:0xb8bdd7754b088745!8m2!3d34.7520156!4d-92.129428!16s%2Fg%2F11bx5pbmxw!19sChIJoRqTlJm90ocRRYcIS3XXvbg,3 Parks Landscaping,3.0,2,Landscape designer,,,,+1 501-766-4766,Open · Closes 6 pm,https://lh3.googleusercontent.com/gps-cs-s/APNQkAFc5jzstFrf1Ud3Q1DlHcEBua78FuuqzmEnLb2z-7bt7xrV2NQClcB0NHMN_2HQSVLEQY9X9QxJcPdvh9PImoING2K6L_SCWys4HOXXiplZOEjfqCLhyBPJgx68AZnaalxrKGeN=w408-h306-k-no,true,8 am–6 pm,8 am–6 pm,8 am–6 pm,8 am–6 pm,Closed,8 am–6 pm,8 am–6 pm,"https://www.google.com/maps/search/commercial+landscaping+businesses+in+Hillcrest+Little+Rock+AR/@34.7547449,-92.3246274,14z",2026-04-29T21:34:22.038Z,,,
https://www.google.com/maps/place/Schneider+Lawn+Care+LLC/data=!4m7!3m6!1s0x87cd5bf8c6d60a47:0x81d1f791c34935a3!8m2!3d34.746028!4d-92.545466!16s%2Fg%2F11bzzw3p0d!19sChIJRwrWxvhbzYcRozVJw5H30YE,Schneider Lawn Care LLC,4.0,4,Lawn care service,"24900 Colonel Glenn Rd, Little Rock, AR 72210, United States","PFW3+CR Little Rock, Arkansas, USA",http://www.schneiderlandscape.com/,+1 501-821-9929,Closes soon · 5 pm · Opens 8 am Thu,https://streetviewpixels-pa.googleapis.com/v1/thumbnail?panoid=3OSYMW4fLvfn82QRdZxEwA&cb_client=search.gws-prod.gps&w=408&h=240&yaw=13.810332&pitch=0&thumbfov=100,false,8 am–5 pm,8 am–5 pm,8 am–5 pm,Closed,Closed,8 am–5 pm,8 am–5 pm,"https://www.google.com/maps/search/commercial+landscaping+businesses+in+Hillcrest+Little+Rock+AR/@34.7547449,-92.3246274,14z",2026-04-29T21:34:26.260Z,,,
https://www.google.com/maps/place/Fuller+%26+Son+Hardware/data=!4m7!3m6!1s0x87d2a15500b99d4d:0xa5ea7362397d9e96!8m2!3d34.7530562!4d-92.3837849!16s%2Fg%2F1tcx_cbv!19sChIJTZ25AFWh0ocRlp59OWJz6qU,Fuller & Son Hardware,4.7,222,Hardware store,"9815 W Markham St, Little Rock, AR 72205, United States","QJ38+6F Little Rock, Arkansas, USA",https://fullerandson.com/,+1 501-227-4440,Open · Closes 6 pm,https://lh3.googleusercontent.com/gps-cs-s/APNQkAFVeI-9fFoKJ99kpX05U0y7MO_loVL8mEBlTwjyvIr92EwoKu6B8YD2GiPYA3zIe-8izyEVB_yjNtTKJdZVhFDMviiyf9bIAHPMZNTlWDShJ7oMpOPZjJMhUr6nOIoqxKgY1URXMw=w408-h306-k-no,true,7:30 am–6 pm,7:30 am–6 pm,7:30 am–6 pm,8 am–5 pm,Closed,7:30 am–6 pm,7:30 am–6 pm,"https://www.google.com/maps/search/commercial+landscaping+businesses+in+Hillcrest+Little+Rock+AR/@34.7547449,-92.3246274,14z",2026-04-29T21:34:30.687Z,· In-store pick-up,,
https://www.google.com/maps/place/Hawkes+Lawn+Care/data=!4m7!3m6!1s0x87d2bd1877a7091f:0x5f9ac9dcf0b936db!8m2!3d34.80603!4d-92.282591!16s%2Fg%2F1tfc2kbs!19sChIJHwmndxi90ocR2za58NzJml8,Hawkes Lawn Care,3.7,3,Landscaper,"5502 Green Valley Ave, North Little Rock, AR 72118, United States","RP48+CX North Little Rock, Arkansas, USA",,+1 501-771-2239,,https://lh3.googleusercontent.com/gps-cs-s/APNQkAHlNraSOtkrs6DeqV-eGzPNmh3ZHEgVPdNAXb8494oQcVsFL2GP2xEbbV45iRGT-AcpfPP0WLHa94xkNydlkB2-yg50CoEMWpTEFk9ghzV49laHK6xV7OuAHFODHHHaYdX4jKpU=w408-h306-k-no,false,,,,,,,,"https://www.google.com/maps/search/commercial+landscaping+businesses+in+Hillcrest+Little+Rock+AR/@34.7547449,-92.3246274,14z",2026-04-29T21:34:32.908Z,,,
https://www.google.com/maps/place/Moreira%27s+Landscaping/data=!4m7!3m6!1s0x49bf530296638215:0xd1a78e283ef91417!8m2!3d34.723729!4d-92.336112!16s%2Fg%2F11mc9_160d!19sChIJFYJjlgJTv0kRFxT5PiiOp9E,Moreira's Landscaping,,,Landscaper,,,https://moreiralandscaping.com/,+1 501-299-9287,Open · Closes 7 pm,https://lh3.googleusercontent.com/gps-cs-s/APNQkAFutp1Q5o2LcA3CLAg5ogoC6H0nMsQBqnOCQMAcI65QSWPiZAVwTwCUOIe77QZph5S5PXr_buRsVWbWGwKN5BE6qlebyLqL1wg4mLgu22B7HI4k2xG990nIaC0nIY19W4E6FTCq6AHs4IW7=w408-h306-k-no,true,6 am–7 pm,6 am–7 pm,6 am–7 pm,6 am–7 pm,Closed,6 am–7 pm,6 am–7 pm,"https://www.google.com/maps/search/commercial+landscaping+businesses+in+Hillcrest+Little+Rock+AR/@34.7547449,-92.3246274,14z",2026-04-29T21:34:37.099Z,,,
https://www.google.com/maps/place/Mulch+That+Matters/data=!4m7!3m6!1s0x87d2bb1d38feb989:0x1c24eb3531d017a2!8m2!3d34.7344664!4d-92.2486259!16s%2Fg%2F11h714gjk_!19sChIJibn-OB270ocRohfQMTXrJBw,Mulch That Matters,3.0,5,Landscaping supply store,"1888 E 14th St, Little Rock, AR 72202, United States","PQM2+QG Little Rock, Arkansas, USA",https://www.mulchthatmatters.com/,+1 501-753-2580,Closed · Opens 8:30 am Thu,https://lh3.googleusercontent.com/gps-cs-s/APNQkAHvf3CVA4YfbIg6HctsLShCAFtG0PyojltGHnpMRu0qkvdsD8BiJFMlPbCOY8X4jQ70SuAycKWgymLf0AArxDu5_zp90HFCUnR3a6fIeG2O69rueHNNDgcuRRfinXS2YhFAp6A_sg=w408-h544-k-no,true,"8:30 am–12 pm, 12:30–3 pm","8:30 am–12 pm, 12:30–3 pm","8:30 am–12 pm, 12:30–3 pm",Closed,Closed,"8:30 am–12 pm, 12:30–3 pm","8:30 am–12 pm, 12:30–3 pm","https://www.google.com/maps/search/commercial+landscaping+businesses+in+Hillcrest+Little+Rock+AR/@34.7547449,-92.3246274,14z",2026-04-29T21:34:41.698Z,· Delivery,,
https://www.google.com/maps/place/Grulke+Construction+LLC/data=!4m7!3m6!1s0x43f8b3c63f22a5b:0x7561bd527f00398!8m2!3d34.751529!4d-92.3098805!16s%2Fg%2F11x92_cqq8!19sChIJWyryYzyLPwQRmAPwJ9UbVgc,Grulke Construction LLC,,,Custom home builder,,,,+1 870-718-9905,Open 24 hours,https://lh3.googleusercontent.com/gps-cs-s/APNQkAFx37hS7SVu1bnGq9eHHUwNG89Y1838UTZCwa1q5cKKVAe4tyHyBTC8tsNg5XYYwfg8Z5rbDFbTdnDy4mTtM10KzukvB1_PCManSRb126HEvVwgINwJ_3PGGjTCDFIjdL_P5DFTXYDT-XA=w408-h272-k-no,true,Open 24 hours,Open 24 hours,Open 24 hours,Open 24 hours,Open 24 hours,Open 24 hours,Open 24 hours,"https://www.google.com/maps/search/commercial+landscaping+businesses+in+Hillcrest+Little+Rock+AR/@34.7547449,-92.3246274,14z",2026-04-29T21:34:45.812Z,,,
https://www.google.com/maps/place/Capital+City+Tree+Service/data=!4m7!3m6!1s0x87d2af013140b027:0xb4c385460575de7e!8m2!3d34.7475127!4d-92.3949132!16s%2Fg%2F1tf02__6!19sChIJJ7BAMQGv0ocRft51BUaFw7Q,Capital City Tree Service,4.8,159,Tree service,"650 S Shackleford Rd Suite 400-FF, Little Rock, AR 72211, United States","PJX4+22 Little Rock, Arkansas, USA",https://www.capcitytreeservice.com/,+1 501-686-2097,Open 24 hours,https://lh3.googleusercontent.com/gps-cs-s/APNQkAFucwBlZoqlExEwmNJZkBStcQk2TNvmqjZEJbKsuEzLWnTS_2EebqFaA642XlfT4wvvBvShNR56Lp7OiXQSgxWuj9Gsv21jDK1OMFnhb5ug6DyKBK0nPK-QkUAQgqKEZanKNi92=w426-h240-k-no,true,Open 24 hours,Open 24 hours,Open 24 hours,Open 24 hours,Open 24 hours,Open 24 hours,Open 24 hours,"https://www.google.com/maps/search/commercial+landscaping+businesses+in+Hillcrest+Little+Rock+AR/@34.7547449,-92.3246274,14z",2026-04-29T21:34:50.099Z,,,
https://www.google.com/maps/place/Liberty+lawn+%26+landscape+LLC/data=!4m7!3m6!1s0xa2bbebf415d8bbf9:0xc2eb5d7ce923b344!8m2!3d34.7152726!4d-92.481347!16s%2Fg%2F11pck_kl79!19sChIJ-bvYFfTru6IRRLMj6Xxd68I,Liberty lawn & landscape LLC,5.0,4,Lawn care service,"18527 Lawson Rd, Little Rock, AR 72210, United States","PG89+4F Little Rock, Arkansas, USA",,+1 501-352-3653,Closes soon · 5 pm · Opens 8 am Thu,https://streetviewpixels-pa.googleapis.com/v1/thumbnail?panoid=6-nEUbF4dx4IW7WYOJh34g&cb_client=search.gws-prod.gps&w=408&h=240&yaw=212.46004&pitch=0&thumbfov=100,true,8 am–5 pm,8 am–5 pm,8 am–5 pm,8 am–2 pm,Closed,8 am–5 pm,8 am–5 pm,"https://www.google.com/maps/search/commercial+landscaping+businesses+in+Hillcrest+Little+Rock+AR/@34.7547449,-92.3246274,14z",2026-04-29T21:34:54.446Z,,,
https://www.google.com/maps/place/Brothers+Tree+Service/data=!4m7!3m6!1s0x87d2bc870d33ffff:0x255c50985608198!8m2!3d34.7608704!4d-92.2641808!16s%2Fg%2F11kc8mh02x!19sChIJ__8zDYe80ocRmIFghQnFVQI,Brothers Tree Service,4.9,24,Tree service,"723 N Olive St, North Little Rock, AR 72114, United States","QP6P+88 North Little Rock, Arkansas, USA",https://brotherstreeservicearkansas.com/contact-us/,+1 501-952-1192,,https://lh3.googleusercontent.com/gps-cs-s/APNQkAHhTjLS13ffgN4JlwJTSjsnbLBNjc9Db3HUirfOFBRtzVWDIAK_Sk8aYAqTUwJfT6xzwNt_HP2nyI7vHLxSYqKeV9p6YrOkbpKURz563au4bJ5y8XprYRNKSGmVIvpuugameBp-ZEBOUqc=w408-h544-k-no,false,,,,,,,,"https://www.google.com/maps/search/commercial+landscaping+businesses+in+Hillcrest+Little+Rock+AR/@34.7547449,-92.3246274,14z",2026-04-29T21:34:56.633Z,,,
https://www.google.com/maps/place/Foundation+Pro/data=!4m7!3m6!1s0x87d2bc62365d5cfd:0x6c8042c90b64a9b4!8m2!3d34.7685204!4d-92.2609404!16s%2Fg%2F1tdkms25!19sChIJ_VxdNmK80ocRtKlkC8lCgGw,Foundation Pro,4.9,352,Foundation,"1500 N Locust St, North Little Rock, AR 72114, United States","QP9Q+CJ North Little Rock, Arkansas, USA",https://foundationpro.com/,+1 501-753-1009,"Closes soon · 5 pm · Opens 6 am Thu

Updated by this business 9 weeks ago",https://lh3.googleusercontent.com/gps-cs-s/APNQkAG2iIiJEwz0_aNYUEC8O4zP-nZ2e45AxSZJmoqH39vxvbQVdACAWyQXMqKJu7a-XjTGhol6ARYP1uedGGiufpo04nP1Z7vu9g_lavmC-shM2EB-6DghvRfWiW5VdtHgVr2bt2kQ4A=w408-h304-k-no,true,6 am–5 pm,6 am–5 pm,6 am–5 pm,Closed,Closed,6 am–5 pm,6 am–5 pm,"https://www.google.com/maps/search/commercial+landscaping+businesses+in+Hillcrest+Little+Rock+AR/@34.7547449,-92.3246274,14z",2026-04-29T21:35:00.966Z,,,
https://www.google.com/maps/place/ASAP+Site+Services/data=!4m7!3m6!1s0x87d2a373eff00001:0xddb622e06b690236!8m2!3d34.7690599!4d-92.3363!16s%2Fg%2F11y3j3vcrs!19sChIJAQDw73Oj0ocRNgJpa-Aitt0,ASAP Site Services,,,Waste management service,"1818 N Taylor St, Little Rock, AR 72207, United States","QM97+JF Little Rock, Arkansas, USA",http://littlerockdumpsterrentalprices.com/,+1 501-588-8253,,https://streetviewpixels-pa.googleapis.com/v1/thumbnail?panoid=pegLb4RxPx_cnKgC6XPsUw&cb_client=search.gws-prod.gps&w=408&h=240&yaw=196.51443&pitch=0&thumbfov=100,false,,,,,,,,"https://www.google.com/maps/search/commercial+landscaping+businesses+in+Hillcrest+Little+Rock+AR/@34.7547449,-92.3246274,14z",2026-04-29T21:35:03.378Z,,,
https://www.google.com/maps/place/Garden+Center+at+Tractor+Supply/data=!4m7!3m6!1s0x87d2a778fe5c7343:0x4bd151c43e1286cf!8m2!3d34.7094818!4d-92.3970396!16s%2Fg%2F11l2lqllfb!19sChIJQ3Nc_nin0ocRz4YSPsRR0Us,Garden Center at Tractor Supply,5.0,4,Garden center,"10801 Colonel Glenn Sq, Little Rock, AR 72204, United States","PJ53+Q5 Little Rock, Arkansas, USA",https://www.tractorsupply.com/tsc/services/garden-center-LittleRock-AR-72204-1376,+1 501-954-7451,Open · Closes 9 pm,https://lh3.googleusercontent.com/gps-cs-s/APNQkAHowkWnVWxWirmHifcy5NpJD0McvpMDPONReIkmHzAoypK-wWmUQHUJ-Z-2HZ6gZyh9pLPvFFVTqlxJw9fEZnEddT7uOtS-S_EvmwzUa8G8zhNXmP_VNruCHZa1uXOTlc6bbkQT=w408-h271-k-no,true,8 am–9 pm,8 am–9 pm,8 am–9 pm,8 am–9 pm,9 am–7 pm,8 am–9 pm,8 am–9 pm,"https://www.google.com/maps/search/commercial+landscaping+businesses+in+Hillcrest+Little+Rock+AR/@34.7547449,-92.3246274,14z",2026-04-29T21:35:07.615Z,· In-store shopping · In-store pick-up · Delivery,,
https://www.google.com/maps/place/Riverhouse+Apartments/data=!4m7!3m6!1s0x87d2a34df38c0ea1:0x82370e92fd99454a!8m2!3d34.7642153!4d-92.3070299!16s%2Fg%2F11b77xmzz8!19sChIJoQ6M802j0ocRSkWZ_ZION4I,Riverhouse Apartments,4.3,135,Apartment complex,"1200 Brookwood Dr, Little Rock, AR 72202, United States","QM7V+M5 Little Rock, Arkansas, USA",http://www.riverhouselittlerock.com/,+1 501-725-8777,Open · Closes 6 pm,https://lh3.googleusercontent.com/gps-cs-s/APNQkAE-Pz6iupGh_d_HU-YPxJubLBA8vhpyW81OicQJZM3VPOcgDnYLBTyOMfpayGBrXPEUl4PJtTg4nxM2kp62YMUkkdXUY6oz63XLdF4VeKFInRXPVMIa9E9Q1fZaWLMgqNRP2A45sg=w408-h255-k-no,true,9 am–6 pm,9 am–6 pm,9 am–6 pm,Closed,Closed,9 am–6 pm,9 am–6 pm,"https://www.google.com/maps/search/commercial+landscaping+businesses+in+Hillcrest+Little+Rock+AR/@34.7547449,-92.3246274,14z",2026-04-29T21:35:11.947Z,· Dogs allowed,,
https://www.google.com/maps/place/TruGreen+Lawn+Care/data=!4m7!3m6!1s0x87d2a59f1a0cffb3:0x664f6d3be383ba2e!8m2!3d34.683207!4d-92.3452066!16s%2Fg%2F1tjwj8qf!19sChIJs_8MGp-l0ocRLrqD4zttT2Y,TruGreen Lawn Care,4.3,577,Lawn care service,"6101 Forbing Rd, Little Rock, AR 72209, United States","MMM3+7W Little Rock, Arkansas, USA",https://www.trugreen.com/local-lawn-care/arkansas/little-rock/?utm_source=gmb&utm_channel=organic,+1 833-418-5004,,https://lh3.googleusercontent.com/gps-cs-s/APNQkAFlETpbcnrUpWmEx9e3yFilNiGeAnh1q4Zuo1xsuAhWdWROVX2eWM0pruhSuULt1t_dRc1R3mi_4qdVgix2GTuS-dPlRmLAXLuekJiUyHR-wqPaWo3UqgoaRSL_kT484qMWT1sl0v0R4XYQ=w426-h240-k-no,true,8 am–6 pm,8 am–6 pm,8 am–6 pm,8 am–12 pm,Closed,8 am–6 pm,8 am–6 pm,"https://www.google.com/maps/search/commercial+landscaping+businesses+in+Hillcrest+Little+Rock+AR/@34.7547449,-92.3246274,14z",2026-04-29T21:35:16.319Z,,,
https://www.google.com/maps/place/K3+Tree+Care/data=!4m7!3m6!1s0x87d283ef00859c1d:0x9e89295008150338!8m2!3d34.1924385!4d-92.6829605!16s%2Fg%2F11sp_zn267!19sChIJHZyFAO-D0ocROAMVCFApiZ4,K3 Tree Care,5.0,34,Tree service,,,https://www.k3treecare.com/,+1 501-918-9918,Open 24 hours,https://lh3.googleusercontent.com/gps-cs-s/APNQkAE4KAgI9LJIgamfdVl5QAsZX9dHceWYPUAc09xhAeAkz-c0Ydw1Nw6-mhDjX3OtTJKFn0jqBQw1ZSGzUlEqYw72UYxURIknYhuLuL4oa5Lksgy1Ofzo4vag0fyoy9PbwRr9PrUO=w408-h272-k-no,true,Open 24 hours,Open 24 hours,Open 24 hours,Open 24 hours,Open 24 hours,Open 24 hours,Open 24 hours,"https://www.google.com/maps/search/commercial+landscaping+businesses+in+Hillcrest+Little+Rock+AR/@34.7547449,-92.3246274,14z",2026-04-29T21:35:20.543Z,,,
https://www.google.com/maps/place/UltraGreen+Lawn+Service/data=!4m7!3m6!1s0x87d2a1fef7360099:0xfc0f1ad9b5aa433e!8m2!3d34.8256444!4d-92.3764085!16s%2Fg%2F1txy2wmt!19sChIJmQA29_6h0ocRPkOqtdkaD_w,UltraGreen Lawn Service,4.2,209,Lawn care service,"10401 Maumelle Blvd, Maumelle, AR 72113, United States","RJGF+7C Maumelle, Arkansas, USA",https://www.myultragreen.com/,+1 501-299-9485,Closes soon · 5 pm · Opens 9 am Thu,https://lh3.googleusercontent.com/gps-cs-s/APNQkAGasavACD7kQkFKBNrDRMpo-u2IckL424VWwrMLt4u-8pr4qpJSD6B1DWjDEkE46gHobo9j9kPKoN9BvNk77N7zU0wE0v7NR6hU1DEA1cByK23RNjjQWH7v1ruwkNBe4unI2cW1hQ=w496-h240-k-no,true,9 am–5 pm,9 am–5 pm,9 am–5 pm,Closed,Closed,9 am–5 pm,9 am–5 pm,"https://www.google.com/maps/search/commercial+landscaping+businesses+in+Hillcrest+Little+Rock+AR/@34.7547449,-92.3246274,14z",2026-04-29T21:35:24.878Z,,,
https://www.google.com/maps/place/ABC+Block+%26+Brick/data=!4m7!3m6!1s0x87d2a66bf5cf3827:0x24730981bafc4d2e!8m2!3d34.6892099!4d-92.3986129!16s%2Fg%2F1tl_m7q7!19sChIJJzjP9Wum0ocRLk38uoEJcyQ,ABC Block & Brick,3.9,23,Concrete product supplier,"6902 Brodie Ln, Little Rock, AR 72204, United States","MJQ2+MH Little Rock, Arkansas, USA",http://www.abcblock.com/,+1 800-455-2027,Closes soon · 5 pm · Opens 7 am Thu,https://lh3.googleusercontent.com/gps-cs-s/APNQkAHj9VNQUIK1-kfLiBdnF7zGTv6C73ypX_j9ru0aeb4v2srtvU55CIzUAmSbOo_oVFBDVRLUqahSACUsj33frpCtEJLnsJyk7WdHMy3Do50KSFkETYXKFVKHXgcBjXnbAYack_ZgnQ=w424-h240-k-no,true,7 am–5 pm,7 am–5 pm,7 am–5 pm,Closed,Closed,7 am–5 pm,7 am–5 pm,"https://www.google.com/maps/search/commercial+landscaping+businesses+in+Hillcrest+Little+Rock+AR/@34.7547449,-92.3246274,14z",2026-04-29T21:35:29.348Z,,,
https://www.google.com/maps/place/Farmers%27+Association-+Little+Rock/data=!4m7!3m6!1s0x87d2a42a8c697d83:0x410b028bc6b936dc!8m2!3d34.7089654!4d-92.3800327!16s%2Fg%2F1w04kn32!19sChIJg31pjCqk0ocR3Da5xosCC0E,Farmers' Association- Little Rock,4.7,547,Animal feed store,"4816 Stagecoach Rd, Little Rock, AR 72204, United States","PJ59+HX Little Rock, Arkansas, USA",http://www.farmersassociation.com/,+1 501-565-0961,Open · Closes 6 pm,https://lh3.googleusercontent.com/gps-cs-s/APNQkAGaVulqMdKARli5zpF5OIlRRYz0Q9CL7CCDoz53i6qHrY42DD_H85fzh3kGMtVL6GPaB-HpVnq9vmaH7K4OOGdVLJokfe-f_-jwbI7YM5LrhiZIco_iEGHkeLZ12n2B-1v0ykbT=w426-h240-k-no,true,7:30 am–6 pm,7:30 am–6 pm,7:30 am–6 pm,7:30 am–6 pm,Closed,7:30 am–6 pm,7:30 am–6 pm,"https://www.google.com/maps/search/commercial+landscaping+businesses+in+Hillcrest+Little+Rock+AR/@34.7547449,-92.3246274,14z",2026-04-29T21:35:33.662Z,· In-store pick-up,,
https://www.google.com/maps/place/Wayne+Moore+Construction/data=!4m7!3m6!1s0x87d2a395521f1fdb:0x763de918760e3677!8m2!3d34.7727963!4d-92.3610891!16s%2Fg%2F1tf2yb55!19sChIJ2x8fUpWj0ocRdzYOdhjpPXY,Wayne Moore Construction,,,Home builder,"2121 Watt St # E, Little Rock, AR 72227, United States","QJFQ+4H Little Rock, Arkansas, USA",,+1 501-228-5515,,https://streetviewpixels-pa.googleapis.com/v1/thumbnail?panoid=e6p2_CO0_emIzq9DHs1RjQ&cb_client=search.gws-prod.gps&w=408&h=240&yaw=92.27279&pitch=0&thumbfov=100,false,,,,,,,,"https://www.google.com/maps/search/commercial+landscaping+businesses+in+Hillcrest+Little+Rock+AR/@34.7547449,-92.3246274,14z",2026-04-29T21:35:35.777Z,,,
https://www.google.com/maps/place/Leaf+Removal+%26+More/data=!4m7!3m6!1s0x87d2b091124f7c1d:0xcd84705e4939ad00!8m2!3d34.65!4d-92.25!16s%2Fg%2F1tg8k7zs!19sChIJHXxPEpGw0ocRAK05SV5whM0,Leaf Removal & More,5.0,1,Landscaper,"Little Rock, AR 72216, United States","MQ22+22 Little Rock, Arkansas, USA",,+1 501-612-1675,Open · Closes 6 pm,https://streetviewpixels-pa.googleapis.com/v1/thumbnail?panoid=vZF2hhNElPQM8pdMUnIdBA&cb_client=search.gws-prod.gps&w=408&h=240&yaw=203.58624&pitch=0&thumbfov=100,false,10 am–6 pm,10 am–6 pm,10 am–6 pm,10 am–6 pm,Closed,10 am–6 pm,10 am–6 pm,"https://www.google.com/maps/search/commercial+landscaping+businesses+in+Hillcrest+Little+Rock+AR/@34.7547449,-92.3246274,14z",2026-04-29T21:35:40.141Z,,,
https://www.google.com/maps/place/Tree+Problem+Solvers+Tree+Service/data=!4m7!3m6!1s0x87c9733737e1cca3:0x20008ff88b03d077!8m2!3d34.9397496!4d-92.3197016!16s%2Fg%2F11g_zfqhx1!19sChIJo8zhNzdzyYcRd9ADi_iPACA,Tree Problem Solvers Tree Service,4.9,140,Tree service,,,https://treeproblemsolvers.com/,,Open 24 hours,https://lh3.googleusercontent.com/gps-cs-s/APNQkAGLCxMBG5YIQqkxDaYXkYZce1Le61RUjwTLKOucQRlnijvnODyFavVy3QaXifWm8fCFeOJXfXLPYt8cOICEFeT_2c4HoiW1zolzbdqBJ4_-WsGLnyDE6CmCWPwdFiVFh_BArBvB=w426-h240-k-no,true,Open 24 hours,Open 24 hours,Open 24 hours,Open 24 hours,Open 24 hours,Open 24 hours,Open 24 hours,"https://www.google.com/maps/search/commercial+landscaping+businesses+in+Hillcrest+Little+Rock+AR/@34.7547449,-92.3246274,14z",2026-04-29T21:35:44.581Z,,,
"https://www.google.com/maps/place/Melissa+V.+Stone,+EXP+Realty/data=!4m7!3m6!1s0x87d2bb8c7d338aab:0x843cd12fb4258757!8m2!3d34.7454105!4d-92.2749654!16s%2Fg%2F11spn4p785!19sChIJq4ozfYy70ocRV4cltC_RPIQ","Melissa V. Stone, EXP Realty",5.0,23,Real estate agent,"400 W Capitol Ave Ste 1743, Little Rock, AR 72201, United States","PPWG+52 Little Rock, Arkansas, USA",http://melissavstone.exprealty.com/,+1 501-517-1455,,https://streetviewpixels-pa.googleapis.com/v1/thumbnail?panoid=Tl7GHfb5dAQyPdVCgYIVSg&cb_client=search.gws-prod.gps&w=408&h=240&yaw=192.81784&pitch=0&thumbfov=100,true,Open 24 hours,Open 24 hours,Open 24 hours,Open 24 hours,Open 24 hours,Open 24 hours,Open 24 hours,"https://www.google.com/maps/search/commercial+landscaping+businesses+in+Hillcrest+Little+Rock+AR/@34.7547449,-92.3246274,14z",2026-04-29T21:35:49.000Z,,Identifies as women-owned,
https://www.google.com/maps/place/Park+At+Riverdale+Apartments/data=!4m7!3m6!1s0x87d2a3497b12e8e3:0x97e93b06ec407f76!8m2!3d34.7707625!4d-92.3086661!16s%2Fg%2F1tvgvwnj!19sChIJ4-gSe0mj0ocRdn9A7AY76Zc,Park At Riverdale Apartments,3.9,21,Apartment building,"2200 Riverfront Dr, Little Rock, AR 72202, United States","QMCR+8G Little Rock, Arkansas, USA",https://parkatriverdale.com/,+1 501-663-2000,Closes soon · 5:30 pm · Opens 9 am Thu,https://lh3.googleusercontent.com/gps-cs-s/APNQkAE_KxbOsTXs73pzy_nA8BUku0tQRDSod__HYZvYR36m6yxV65woqx8ed5OJAO6VCNz3SRXksLiqGAa5byroeRJMFd1oqiN00Oh-PjyqRVuB9iJf9QKsxpT6BQ70ov0nJsHyPAIY=w408-h306-k-no,true,9 am–5:30 pm,9 am–5:30 pm,9 am–5:30 pm,10 am–5 pm,Closed,9 am–5:30 pm,9 am–5:30 pm,"https://www.google.com/maps/search/commercial+landscaping+businesses+in+Hillcrest+Little+Rock+AR/@34.7547449,-92.3246274,14z",2026-04-29T21:35:53.561Z,· Dogs allowed,,
https://www.google.com/maps/place/Huerta+Landscaping/data=!4m7!3m6!1s0x87cd58fd3aa31165:0x7ebc1543ec7fc75c!8m2!3d34.7520156!4d-92.129428!16s%2Fg%2F1th63xkd!19sChIJZRGjOv1YzYcRXMd_7EMVvH4,Huerta Landscaping,4.3,3,Landscaper,,,,+1 501-529-2094,Open · Closes 7 pm,https://lh3.googleusercontent.com/gps-cs-s/APNQkAFmoOGnPLjVGEU9PupkO3gcg-yraRF_WIsH7bEHb0qCWzGJ_mxC0IO0_13nc-lY-pjKBWZPd07rblUqMr7Jox8ISysPnWU5n4jGNXyJRNG_DHMPfSM8DSIuslFDdTFmabNjdk-n5w=w428-h240-k-no,true,7 am–7 pm,7 am–7 pm,7 am–7 pm,7 am–7 pm,7 am–7 pm,7 am–7 pm,7 am–7 pm,"https://www.google.com/maps/search/commercial+landscaping+businesses+in+Hillcrest+Little+Rock+AR/@34.7547449,-92.3246274,14z",2026-04-29T21:35:57.812Z,,,
https://www.google.com/maps/place/SGC+Inc.+Concrete+and+Landscaping/data=!4m7!3m6!1s0x67f65fee1b84d045:0xd1ba85af83ee88f1!8m2!3d34.7520156!4d-92.129428!16s%2Fg%2F11wr45pc8q!19sChIJRdCEG-5f9mcR8Yjug6-FutE,SGC Inc. Concrete and Landscaping,,,Concrete contractor,,,,+1 501-734-9400,Open · Closes 7 pm,https://lh3.googleusercontent.com/gps-cs-s/APNQkAGjtbtS6jQV7RfbDWq9CPzK0taLqyRUyKWoqrYjQMDJ2HeAh_yNcM_UZbv2sq-Lai73mVW6XX9HLsnoXe11tUds8H39Hm95nGBBMaInQ_nfsYmAnGTnRLi3TSSz7Q6ho1N6ENc=w408-h408-k-no,true,7 am–7 pm,7 am–7 pm,7 am–7 pm,7 am–7 pm,7 am–7 pm,7 am–7 pm,7 am–7 pm,"https://www.google.com/maps/search/commercial+landscaping+businesses+in+Hillcrest+Little+Rock+AR/@34.7547449,-92.3246274,14z",2026-04-29T21:36:01.977Z,,,
https://www.google.com/maps/place/Tri-County+Sprinkler+and+Irrigation/data=!4m7!3m6!1s0xa859ebb67c71e1b:0x6d17c04e1fcee566!8m2!3d34.644681!4d-92.3136551!16s%2Fg%2F11kj3dml61!19sChIJGx7HZ7uehQoRZuXOH07AF20,Tri-County Sprinkler and Irrigation,5.0,3,Landscape designer,,,https://tricountysprinkler.com/,+1 501-303-0189,Open · Closes 6 pm,https://lh3.googleusercontent.com/gps-cs-s/APNQkAEP_3MDF0bTtufJcM1YHGBHI6iLf5H2BjdXjmEMYUGPYBQFsomNb2Vfbggbi2p8dgCxVknWOrzprTVu1R7UvLbW1JCZPNSYGQIcJNlkl3h8G9y2HXRdIOJsspAOIEPHF4SRrPqv=w408-h291-k-no,true,7 am–6 pm,7 am–6 pm,7 am–6 pm,Closed,Closed,7 am–6 pm,7 am–6 pm,"https://www.google.com/maps/search/commercial+landscaping+businesses+in+Hillcrest+Little+Rock+AR/@34.7547449,-92.3246274,14z",2026-04-29T21:36:06.293Z,,,
https://www.google.com/maps/place/Copper+Canyon+Inc/data=!4m7!3m6!1s0x87cd572ab8550fbf:0x4f67667cefb1530a!8m2!3d34.6454746!4d-92.596283!16s%2Fg%2F1tcwrp1s!19sChIJvw9VuCpXzYcRClOx73xmZ08,Copper Canyon Inc,4.0,12,Landscaper,,,https://www.bentonlandscaping.com/,+1 501-575-0643,Closes soon · 5 pm · Opens 8 am Thu,https://lh3.googleusercontent.com/gps-cs-s/APNQkAFpK0BDwlZUqV0H0o5eDY52vhrzov-qQqQaRaVfaa_NNJnA3D8gbH60NK0PfxlMB9U80r1avyMdk7kwn2ZqAH1GInf-sCiTbkh8tBU3E-YkacN92dR18Xyh6-Nm_-FaBmJp4yyw=w408-h541-k-no,true,8 am–5 pm,8 am–5 pm,8 am–5 pm,Closed,Closed,8 am–5 pm,8 am–5 pm,"https://www.google.com/maps/search/commercial+landscaping+businesses+in+Hillcrest+Little+Rock+AR/@34.7547449,-92.3246274,14z",2026-04-29T21:36:10.492Z,,,
https://www.google.com/maps/place/Westlake+Corporate+Park/data=!4m7!3m6!1s0x87d2a6c6168d2933:0x64c32165046027c7!8m2!3d34.7394192!4d-92.3974177!16s%2Fg%2F1vn9pml1!19sChIJMymNFsam0ocRxydgBGUhw2Q,Westlake Corporate Park,4.5,94,Business center,"10809 Executive Center Dr Ste 111, Little Rock, AR 72211, United States","PJQ3+Q2 Little Rock, Arkansas, USA",,+1 501-224-1200,,https://lh3.googleusercontent.com/gps-cs-s/APNQkAFK7OSMkmtsEcIpOE_bApwYqTbrn_-pGyDvn0PtjUzHOdWFm501B00ttUkPkLipk2ks4PfHiqFZWj_I1elFJnJiN0TpOvX0Rf6oOc77MaBz5y9pg4P_n_r7jxrT8hXatB2EkoXw=w408-h544-k-no,false,,,,,,,,"https://www.google.com/maps/search/commercial+landscaping+businesses+in+Hillcrest+Little+Rock+AR/@34.7547449,-92.3246274,14z",2026-04-29T21:36:13.105Z,,,
https://www.google.com/maps/place/lawnGeeks/data=!4m7!3m6!1s0x250520b662a4723:0x992d4f9b122cd920!8m2!3d34.751529!4d-92.3098805!16s%2Fg%2F11y3hm_p6_!19sChIJI0cqZgtSUAIRINksEptPLZk,lawnGeeks,5.0,22,Lawn care service,,,,+1 501-515-2240,Open · Closes 6 pm,https://lh3.googleusercontent.com/gps-cs-s/APNQkAHAUhMbHpQud8t_WgCaGoUtoEbFizksfpYT8hbvnaLhd6O__MNEW4nm678J0NKlw_yK94ml_0aC9C4xSP96-u5_rTTbWqJ_OD14TQYwFV0oLwTwZOiv7AqyiiMtqR66SaO23RmZdfVzOdUN=w408-h544-k-no,true,8 am–6 pm,8 am–6 pm,8 am–6 pm,8 am–6 pm,Closed,8 am–6 pm,8:30 am–6:30 pm,"https://www.google.com/maps/search/commercial+landscaping+businesses+in+Hillcrest+Little+Rock+AR/@34.7547449,-92.3246274,14z",2026-04-29T21:36:17.424Z,,,
https://www.google.com/maps/place/James+Home+Maintenance/data=!4m7!3m6!1s0x2dcce73a3733b245:0xc7aca01f4e090e41!8m2!3d34.723729!4d-92.336112!16s%2Fg%2F11tg490r6t!19sChIJRbIzNzrnzC0RQQ4JTh-grMc,James Home Maintenance,4.6,61,Handyman/Handywoman/Handyperson,,,https://handymanlittlerockar.com/,+1 501-394-5161,Closes soon · 5 pm · Opens 8 am Thu,https://lh3.googleusercontent.com/gps-cs-s/APNQkAHNqTrKICptU2NQJcEEWB03R4jQ-FDqwnlV9k0fiGrp8MPpcqxw38Lo9Uw6Gh46OlpxnHAozP-GyhiQxl_DWYBiHYxdJJAefuGMQOjJRFUMKX8HGuE3iZyqXWdA83x2qi3OwOEbbw=w408-h544-k-no,true,8 am–5 pm,8 am–5 pm,8 am–5 pm,Closed,Closed,8 am–5 pm,8 am–5 pm,"https://www.google.com/maps/search/commercial+landscaping+businesses+in+Hillcrest+Little+Rock+AR/@34.7547449,-92.3246274,14z",2026-04-29T21:36:21.627Z,,,
https://www.google.com/maps/place/East+End+Landscape+and+Irrigation/data=!4m7!3m6!1s0x68b5f1f3accef3d3:0x9382bce3c85d08a4!8m2!3d34.5651031!4d-92.3279208!16s%2Fg%2F11y30qknzb!19sChIJ0_POrPPxtWgRpAhdyOO8gpM,East End Landscape and Irrigation,,,Landscaper,"3741 Promise Land Rd, Little Rock, AR 72206, United States","HM8C+2R Little Rock, Arkansas, USA",https://www.facebook.com/share/1CPUHAusNN/,+1 501-200-2883,Open · Closes 7 pm,https://lh3.googleusercontent.com/gps-cs-s/APNQkAGzCtOC1WeDrlAFwY8tjRhIO8ZjVPVTHM50dOD26hGeNeoQAWr9TFQjGIyeeUamx-pStym1Qo5eBs_SKP7vN0PRjwdjgSeAPkrl95KokbY9tO1CZC-g694mT9zhtR_NuhABWqip-mWsKvuL=w408-h544-k-no,true,5 am–7 pm,5 am–7 pm,5 am–7 pm,5 am–7 pm,Closed,5 am–7 pm,5 am–7 pm,"https://www.google.com/maps/search/commercial+landscaping+businesses+in+Hillcrest+Little+Rock+AR/@34.7547449,-92.3246274,14z",2026-04-29T21:36:25.798Z,,,
https://www.google.com/maps/place/American+Structure+Inc./data=!4m7!3m6!1s0x87d2bcdb91758455:0xe93d66aa78359b12!8m2!3d34.815151!4d-92.1751467!16s%2Fg%2F12628p7sf!19sChIJVYR1kdu80ocREps1eKpmPek,American Structure Inc.,4.8,153,General contractor,"300 Trammel Rd, North Little Rock, AR 72117, United States","RR8F+3W North Little Rock, Arkansas, USA",http://americanstructure.com/,+1 501-812-4231,Closes soon · 5 pm · Opens 7 am Thu,https://lh3.googleusercontent.com/gps-cs-s/APNQkAFgwZEP1Rzq5mrxAdC14fC_ECuUTWBVhSIwoK6SpR1QpsEtH7niJXIRbeLN01Qt2vn-qjcxr4TqhrGaTtrZk-Fe8iSlqUam7MP0E5SjP9bW9i1Ktk5JWlBtM1jLXenc4BmG2CI6=w408-h246-k-no,true,7 am–5 pm,7 am–5 pm,7 am–5 pm,Closed,Closed,7 am–5 pm,7 am–5 pm,"https://www.google.com/maps/search/commercial+landscaping+businesses+in+Hillcrest+Little+Rock+AR/@34.7547449,-92.3246274,14z",2026-04-29T21:36:30.149Z,,,
https://www.google.com/maps/place/Lawnly/data=!4m7!3m6!1s0x87d2a3e05d1a4651:0x7ec9021d79e20b9c!8m2!3d34.7139496!4d-92.3540615!16s%2Fg%2F11c0vwb1j3!19sChIJUUYaXeCj0ocRnAvieR0CyX4,Lawnly,3.0,4,Lawn care service,,,http://www.lawnly.com/,+1 479-966-9389,Open · Closes 12 am,https://lh3.googleusercontent.com/gps-cs-s/APNQkAFHPMINyMhGo-RWsTJSnOkQfbTgCmMRaepCTKlj8GusMbUdqWzQ--JrFmvre5gh68Pye7eo2L8ua2dw0unlPVupjdN8lTnwS96Ort_9wQtTJbBVMCz2PU5AaBqNnBZXe8dDlDJj=w720-h240-k-no,true,6 am–12 am,6 am–12 am,6 am–12 am,6 am–12 am,6 am–12 am,6 am–12 am,6 am–12 am,"https://www.google.com/maps/search/commercial+landscaping+businesses+in+Hillcrest+Little+Rock+AR/@34.7547449,-92.3246274,14z",2026-04-29T21:36:34.298Z,,,
https://www.google.com/maps/place/Vanston+Horticultural+Services/data=!4m7!3m6!1s0x87d2a38507d04dfb:0x52aeacd2279db4e5!8m2!3d34.889667!4d-92.3540615!16s%2Fg%2F11gnp4pvtb!19sChIJ-03QB4Wj0ocR5bSdJ9KsrlI,Vanston Horticultural Services,,,Landscaper,,,,+1 501-413-4188,,https://lh3.googleusercontent.com/gps-cs-s/APNQkAH5irny0IwkKNAX5FiGyzqMzdj-OWKY1XSvZPfpScpiMLPnpE6UIVgAcKncyWHiIABTwbyng7SQ21nE_fm8Fu4ESL0W0ne81s1g6d_RfmDeuTrfTGn_2VYVMWNXhHdhdMBLOiA=w484-h240-k-no,true,,,,,,,,"https://www.google.com/maps/search/commercial+landscaping+businesses+in+Hillcrest+Little+Rock+AR/@34.7547449,-92.3246274,14z",2026-04-29T21:36:36.557Z,,,
https://www.google.com/maps/place/Rock+Property+LLC/data=!4m7!3m6!1s0x67e8a47ccfe2871f:0x37385e8cdf5308c8!8m2!3d34.751529!4d-92.3098805!16s%2Fg%2F11ryf2ypvr!19sChIJH4fiz3yk6GcRyAhT34xeODc,Rock Property LLC,5.0,1,Construction company,,,https://constructionlittlerockar.com/,,Closes soon · 5 pm · Opens 8 am Thu,https://lh3.googleusercontent.com/gps-cs-s/APNQkAHEg-mjfnjAMTd4NaY6H7njjeESqHSwFQPZgPShrOpby820SUqj7btmim5o9fxFWQY0ET0qghgLATWe4SsS99XtiF60b9-0ckQHym7bko2yJfZXdcLOfEtiP--XZmjT1fngH_ScJJjdwGjl=w408-h306-k-no,true,8 am–5 pm,8 am–5 pm,8 am–5 pm,8 am–5 pm,8 am–5 pm,8 am–5 pm,8 am–5 pm,"https://www.google.com/maps/search/commercial+landscaping+businesses+in+Hillcrest+Little+Rock+AR/@34.7547449,-92.3246274,14z",2026-04-29T21:36:40.847Z,,,
https://www.google.com/maps/place/GreensKeeper/data=!4m7!3m6!1s0x87cd4cc6e2ec8b59:0x6d16bab5b07e768c!8m2!3d34.5716655!4d-92.5696129!16s%2Fg%2F11c6ts3q0s!19sChIJWYvs4sZMzYcRjHZ-sLW6Fm0,GreensKeeper,5.0,15,Lawn care service,"1 Alcoa Blvd, Benton, AR 72015, United States","HCCJ+M5 Benton, Arkansas, USA",https://m.facebook.com/greenskeeperlawncare/,+1 501-722-3464,Closes soon · 5 pm · Opens 8 am Thu,https://lh3.googleusercontent.com/gps-cs-s/APNQkAE08L50Ik5m5dM9-iP6XvBK4wZo62YMbilNoKENscR3gDnT1caEyyb2wjEmqxCKGCzRx17JsqyVmfLIv0g8UK0tieTB000yqSbWzddwJuZ7OCqi8HgQzbz0Doc7D2SvJreWB5S8=w408-h805-k-no,true,8 am–5 pm,8 am–5 pm,8 am–5 pm,Closed,Closed,8 am–5 pm,8 am–5 pm,"https://www.google.com/maps/search/commercial+landscaping+businesses+in+Benton+Little+Rock+AR/@34.5693083,-92.585378,14z",2026-04-29T21:36:59.649Z,,,
https://www.google.com/maps/place/Roseberry+Landscape+Services/data=!4m7!3m6!1s0x87cd5228e7322bd7:0xf2e6c4f5488c7fb5!8m2!3d34.5648969!4d-92.5907437!16s%2Fg%2F11c530mhrg!19sChIJ1ysy5yhSzYcRtX-MSPXE5vI,Roseberry Landscape Services,3.5,8,Landscape designer,"409 W Sevier St, Benton, AR 72015, United States","HC75+XP Benton, Arkansas, USA",http://roseberrylandscape.com/,+1 501-722-8547,Closed · Opens 8 am Thu,https://streetviewpixels-pa.googleapis.com/v1/thumbnail?panoid=84_rSeieeqho4_UBAvpVCQ&cb_client=search.gws-prod.gps&w=408&h=240&yaw=5.2535295&pitch=0&thumbfov=100,true,8 am–3:30 pm,8 am–3:30 pm,8 am–3:30 pm,Closed,Closed,8 am–3:30 am,8 am–3:30 pm,"https://www.google.com/maps/search/commercial+landscaping+businesses+in+Benton+Little+Rock+AR/@34.5693083,-92.585378,14z",2026-04-29T21:37:03.977Z,,,
https://www.google.com/maps/place/Sanders+Ground+Essentials+Inc/data=!4m7!3m6!1s0x87cd517f518b953b:0x7c375e6beb68d449!8m2!3d34.574854!4d-92.575844!16s%2Fg%2F1tgzbwng!19sChIJO5WLUX9RzYcRSdRo62teN3w,Sanders Ground Essentials Inc,4.3,53,Lawn care service,"1215 Military Rd #1, Benton, AR 72015, United States","HCFF+WM Benton, Arkansas, USA",http://www.sandersground.com/,+1 501-315-9395,Closes soon · 5 pm · Opens 9 am Thu,https://streetviewpixels-pa.googleapis.com/v1/thumbnail?panoid=4he-VpUYYXRIWrDDUtU5RQ&cb_client=search.gws-prod.gps&w=408&h=240&yaw=23.808773&pitch=0&thumbfov=100,true,9 am–5 pm,9 am–5 pm,9 am–5 pm,Closed,Closed,9 am–5 pm,9 am–5 pm,"https://www.google.com/maps/search/commercial+landscaping+businesses+in+Benton+Little+Rock+AR/@34.5693083,-92.585378,14z",2026-04-29T21:37:08.278Z,,,
https://www.google.com/maps/place/A+Caddie%27s+Touch+Lawn+And+Landscape/data=!4m7!3m6!1s0x87cd512eaf684c45:0xead24ba4b244af1a!8m2!3d34.6112181!4d-92.5339834!16s%2Fg%2F11g1mc_tc3!19sChIJRUxory5RzYcRGq9EsqRL0uo,A Caddie's Touch Lawn And Landscape,5.0,1,Landscaper,"Benton, AR 72019, United States","JF68+FC Benton, Arkansas, USA",https://www.facebook.com/ACaddiesTouch/,+1 501-794-2770,Open · Closes 8 pm,https://lh3.googleusercontent.com/gps-cs-s/APNQkAHbLblWYGbBpXjWk-hxsS5FuKxtW-udb33UUkI3K50p3wmPryWTIiLXWFIJB8SAsc9YfwE57h5Zmy38HFBZM8Rq5bxBN90PoLkbnLZFJsdwXz-Pr4nzGNsNWODE40nJzjnY4xnI=w411-h240-k-no,false,8 am–8 pm,8 am–8 pm,8 am–8 pm,8 am–8 pm,Closed,8 am–8 pm,8 am–8 pm,"https://www.google.com/maps/search/commercial+landscaping+businesses+in+Benton+Little+Rock+AR/@34.5693083,-92.585378,14z",2026-04-29T21:37:12.573Z,,,
https://www.google.com/maps/place/Garden+Designs+by+R%26L+LLC/data=!4m7!3m6!1s0x87cd570370546c77:0xb474bbd47af8681e!8m2!3d34.5916051!4d-92.4986055!16s%2Fg%2F11q97t60ds!19sChIJd2xUcANXzYcRHmj4etS7dLQ,Garden Designs by R&L LLC,4.8,39,Landscaper,"807 SW 4th St, Bryant, AR 72022, United States","HGR2+JH Bryant, Arkansas, USA",https://www.gardendesignsbyrandl.com/,+1 501-804-3443,Open · Closes 7 pm,https://lh3.googleusercontent.com/gps-cs-s/APNQkAF_x6jv8-QWehP4baESrdcbwvw2yydfPKdQ6CvUTP3k_oIdjKj4IHArDWAMhU0Xy_9IXKUZ1sinwRHjhRVdDizXOyEX6Wc24PVXh3yllhkOxK3RD7RxS6Da7lCxUPISGdcdXYwz=w426-h240-k-no,true,7 am–7 pm,7 am–7 pm,7 am–7 pm,7 am–7 pm,7 am–7 pm,7 am–7 pm,7 am–7 pm,"https://www.google.com/maps/search/commercial+landscaping+businesses+in+Benton+Little+Rock+AR/@34.5693083,-92.585378,14z",2026-04-29T21:37:17.010Z,,LGBTQ+ friendly,
https://www.google.com/maps/place/McCallister%E2%80%98s+Garden+Center/data=!4m7!3m6!1s0x87cd519614ba774d:0x2f50ed2e8e3dac55!8m2!3d34.5906624!4d-92.5925062!16s%2Fg%2F12hm_s2zw!19sChIJTXe6FJZRzYcRVaw9ji7tUC8,McCallister‘s Garden Center,4.9,128,Landscaping supply store,"2719 Salt Creek Rd, Benton, AR 72019, United States","HCR4+7X Benton, Arkansas, USA",https://www.mclandscapeandgarden.com/home,+1 501-574-1522,"Closes soon · 5 pm · Opens 8 am Thu

Updated by this business 8 weeks ago",https://lh3.googleusercontent.com/gps-cs-s/APNQkAGJ86hbg8K-Q3mqFVe_SjAcg1AILk2zQ-DXVL2nEAxKTiXfZq9yTnoejb6p4kK4VyRbh-YZ6ZGmOwkWnu6N5qU7T5LVIu3vUC5QXOVptuhxxO5O3o9w7_HOmBNaGNDq9d0WqsT5DaaXeQwq=w408-h306-k-no,true,8 am–5 pm,8 am–5 pm,8 am–5 pm,8 am–4 pm,Closed,8 am–5 pm,8 am–5 pm,"https://www.google.com/maps/search/commercial+landscaping+businesses+in+Benton+Little+Rock+AR/@34.5693083,-92.585378,14z",2026-04-29T21:37:21.511Z,· In-store shopping · Delivery,,
https://www.google.com/maps/place/Sam+Johnson+Construction+Inc/data=!4m7!3m6!1s0x87cd515423249013:0x2f9062f260f8e373!8m2!3d34.5747004!4d-92.5439143!16s%2Fg%2F1x6q28p9!19sChIJE5AkI1RRzYcRc-P4YPJikC8,Sam Johnson Construction Inc,4.5,36,Excavating contractor,"3701 Alcoa Rd, Benton, AR 72015, United States","HFF4+VC Benton, Arkansas, USA",http://www.samjohnsonconstruction.com/,+1 501-315-0358,Closed · Opens 8 am Thu,https://lh3.googleusercontent.com/gps-cs-s/APNQkAHfBf5t5eDGqyW7WqzJJfCQ_MFIob_PhNJ_Nli3RFadA9b5ZX0cxpB_cqxSyXecp-FQ70WOKuhcvbbksM9ZpgLVcUHpbz7oJnzhwg1z8FOfcfBp2wXw17L1zEClzv6Xomt85RFA=w408-h525-k-no,true,8 am–4 pm,8 am–4 pm,8 am–4 pm,Closed,Closed,8 am–4 pm,8 am–4 pm,"https://www.google.com/maps/search/commercial+landscaping+businesses+in+Benton+Little+Rock+AR/@34.5693083,-92.585378,14z",2026-04-29T21:37:25.777Z,,,
https://www.google.com/maps/place/Point+of+View+Landscape+LLC/data=!4m7!3m6!1s0x87cd517944811e71:0xe46f2f8960a6fddb!8m2!3d34.6198678!4d-92.5583868!16s%2Fg%2F11wq8cjqx2!19sChIJcR6BRHlRzYcR2_2mYIkvb-Q,Point of View Landscape LLC,5.0,21,Landscape designer,"6069 Gregory Rd, Benton, AR 72019, United States","JC9R+WJ Benton, Arkansas, USA",,+1 501-239-1923,Open · Closes 6 pm,https://lh3.googleusercontent.com/gps-cs-s/APNQkAGu7s7ucD9kOfuShEf2J0kkProkSzC38l8PoV2TfsSR-FHbSbrl7PapjT757ljZyEYJER-6yfmIYqr-bHM2U0g9ET0lfk5KQaX2GXadJUUwFaRHpzjI_gjYzxVT_TWVcdyjZLk=w408-h544-k-no,true,8 am–6 pm,8 am–6 pm,8 am–6 pm,8 am–6 pm,Closed,8 am–6 pm,8 am–6 pm,"https://www.google.com/maps/search/commercial+landscaping+businesses+in+Benton+Little+Rock+AR/@34.5693083,-92.585378,14z",2026-04-29T21:37:30.133Z,,,
https://www.google.com/maps/place/J%27s+Green+Lawns+Forever/data=!4m7!3m6!1s0x87cd53bdaef091e7:0x36662b51a4450b25!8m2!3d34.6539325!4d-92.407973!16s%2Fg%2F11t0qw_1zq!19sChIJ55Hwrr1TzYcRJQtFpFErZjY,J's Green Lawns Forever,4.8,16,Lawn care service,,,http://www.jsgreenlawnsforever.com/,+1 501-842-4641,Open · Closes 6 pm,https://lh3.googleusercontent.com/gps-cs-s/APNQkAH8aI-DrHpzeBa1Z-0bvvgsfmVRHndPa-ZSFJ8xZtTQwl17bsGz_aKH7UpYxThKeKcMLj6I9yzlu_HvDW34pYfQI645RqzNFSOpGKMnC1bsNk9pSmesTicUlbZdAs3fN-iAJO9Wlwn769F5=w408-h272-k-no,true,7 am–6 pm,7 am–6 pm,7 am–6 pm,7 am–6 pm,7 am–6 pm,7 am–6 pm,7 am–6 pm,"https://www.google.com/maps/search/commercial+landscaping+businesses+in+Benton+Little+Rock+AR/@34.5693083,-92.585378,14z",2026-04-29T21:37:34.309Z,,LGBTQ+ friendly,
https://www.google.com/maps/place/Advantage+Lawn+%26+Landscape+Inc/data=!4m7!3m6!1s0x87cd50bfed7376fd:0x368c3533d77471e2!8m2!3d34.5829899!4d-92.6242476!16s%2Fg%2F1tfj3pvm!19sChIJ_XZz7b9QzYcR4nF01zM1jDY,Advantage Lawn & Landscape Inc,3.7,3,Landscaper,"2114 Southland Cir, Benton, AR 72019, United States","H9MG+58 Benton, Arkansas, USA",,+1 501-412-3464,Closes soon · 5:30 pm · Opens 7:30 am Thu,https://streetviewpixels-pa.googleapis.com/v1/thumbnail?panoid=txupAAZtjtNCzWkx-5PCEw&cb_client=search.gws-prod.gps&w=408&h=240&yaw=286.97864&pitch=0&thumbfov=100,true,7:30 am–5:30 pm,7:30 am–5:30 pm,7:30 am–5:30 pm,Closed,Closed,7:30 am–5:30 pm,7:30 am–5:30 pm,"https://www.google.com/maps/search/commercial+landscaping+businesses+in+Benton+Little+Rock+AR/@34.5693083,-92.585378,14z",2026-04-29T21:37:38.535Z,,,
https://www.google.com/maps/place/Folsom+Mulch+%26+More/data=!4m7!3m6!1s0x87cd516c9b986021:0x6ea17e051545eb9e!8m2!3d34.5905617!4d-92.5647326!16s%2Fg%2F11fzf4xh2d!19sChIJIWCYm2xRzYcRnutFFQV-oW4,Folsom Mulch & More,4.1,14,Mulch supplier,"1810 Thomas Rd Suite C, Benton, AR 72019, United States","HCRP+64 Benton, Arkansas, USA",http://www.folsommulch.com/,+1 501-650-3478,Closed · Opens 8 am Thu,https://lh3.googleusercontent.com/gps-cs-s/APNQkAEGWhSu7_gnNWyrhkSp0pNin5VWaJCKr-sdUhrE5yfbfCT7_rIqmxQcsiPsn9qNeDAzIlcmkfi9kVxSj-wStmtXi9qagox8wBwcTOwoRJtrKoS2NFGhhrO68bzXkHnC7hzjrVI2=w408-h272-k-no,true,8 am–12 pm,8 am–12 pm,8 am–12 pm,Closed,Closed,8 am–12 pm,8 am–12 pm,"https://www.google.com/maps/search/commercial+landscaping+businesses+in+Benton+Little+Rock+AR/@34.5693083,-92.585378,14z",2026-04-29T21:37:43.073Z,,,
https://www.google.com/maps/place/Augusta+Lawn+Care+of+Saline/data=!4m7!3m6!1s0x87d2bb1d20fbde99:0x50411beaa7a38424!8m2!3d34.617236!4d-92.5145035!16s%2Fg%2F11j4pp_dnt!19sChIJmd77IB270ocRJISjp-obQVA,Augusta Lawn Care of Saline,4.9,80,Lawn care service,"3705 Hwy 5 N, Bryant, AR 72022, United States","JF8P+V5 Bryant, Arkansas, USA",https://www.augustalawncareservices.com/saline,+1 501-303-6214,,https://lh3.googleusercontent.com/gps-cs-s/APNQkAEmLxINEHOvqqOcU7mbI_3zsVfpJXPizgeya9acUSYG81f3NCS3Lfbj9OrW8ZcEtX0L3laMs-QdIu3bedUmyPC3tKTFoSP_xTWzBr7XYlo0HqOhVR4XSVL2lVeGM7uGv62W65I=w408-h271-k-no,true,,,,,,,,"https://www.google.com/maps/search/commercial+landscaping+businesses+in+Benton+Little+Rock+AR/@34.5693083,-92.585378,14z",2026-04-29T21:37:45.214Z,,,
https://www.google.com/maps/place/Growing+Green/data=!4m7!3m6!1s0x87cd5228d5b38895:0xaed79d0b35d03fcd!8m2!3d34.5645371!4d-92.586828!16s%2Fg%2F1tfb72j2!19sChIJlYiz1ShSzYcRzT_QNQud164,Growing Green,5.0,2,Lawn sprinkler system contractor,"Benton, AR 72019, United States",,,+1 501-316-5089,,https://streetviewpixels-pa.googleapis.com/v1/thumbnail?panoid=njTL3xIQHXpaVPCAXoU6HA&cb_client=search.gws-prod.gps&w=408&h=240&yaw=179.8376&pitch=0&thumbfov=100,false,,,,,,,,"https://www.google.com/maps/search/commercial+landscaping+businesses+in+Benton+Little+Rock+AR/@34.5693083,-92.585378,14z",2026-04-29T21:37:47.366Z,,,
https://www.google.com/maps/place/Outdoor+creations/data=!4m7!3m6!1s0x87cd53e88f9d5171:0x8a70bd31f6ee1801!8m2!3d34.5455577!4d-92.5904606!16s%2Fg%2F11f9tq5_4z!19sChIJcVGdj-hTzYcRARju9jG9cIo,Outdoor creations,3.7,6,Landscape designer,"314 W Woodlawn St, Benton, AR 72015, United States","GCW5+6R Benton, Arkansas, USA",,+1 501-249-7102,Open · Closes 9 pm,https://lh3.googleusercontent.com/gps-cs-s/APNQkAHA_7X-TZx8aePA1_eZmJNV0vsYPjGFo-2M27u6Qodo3OpLJSCeIKxr9iX1rsJbv6Mb4aMuakaBj0Z-pax0he0jLmhTFe4rrpx_IZOqn8hOuUc4hdxfYIKAORw9_y5IAAF5vPQ=w426-h240-k-no,true,7 am–9 pm,7 am–9 pm,7 am–9 pm,9 am–2 pm,Closed,7 am–9 pm,7 am–9 pm,"https://www.google.com/maps/search/commercial+landscaping+businesses+in+Benton+Little+Rock+AR/@34.5693083,-92.585378,14z",2026-04-29T21:37:51.565Z,,,
https://www.google.com/maps/place/Big+Oak+Lawn+and+Landscape/data=!4m7!3m6!1s0x87cd570bf63e5257:0x17b9940ea5b63ff2!8m2!3d34.6453746!4d-92.521905!16s%2Fg%2F11ng0tl36p!19sChIJV1I-9gtXzYcR8j-2pQ6UuRc,Big Oak Lawn and Landscape,5.0,3,Lawn care service,,,,+1 501-672-2336,Open · Closes 9 pm,https://lh3.googleusercontent.com/gps-cs-s/APNQkAFnjai00PtQ-pB_QKP3O8Ir057wzTM9Y7chZN069ZWwGVzpTSfHWRkTl4bS-dL2y3IhPpjWlewGjz7tO-DGVOhkf7bRfO4cx2d-TrsDQ3DPvBwx9kIFkyUgNJvz5zb4HjFrO44N=w408-h306-k-no,true,7 am–9 pm,7 am–9 pm,7 am–9 pm,10 am–9 pm,10 am–9 pm,7 am–9 pm,7 am–9 pm,"https://www.google.com/maps/search/commercial+landscaping+businesses+in+Benton+Little+Rock+AR/@34.5693083,-92.585378,14z",2026-04-29T21:37:55.746Z,,,
"https://www.google.com/maps/place/Brister+Lawncare/@34.6350194,-92.659745,10z/data=!3m1!4b1!4m6!3m5!1s0x87cd513c7833f4bb:0xe3735d24f4eff763!8m2!3d34.6350194!4d-92.659745!16s%2Fg%2F11xg6z90rj",Brister Lawncare,5.0,8,Lawn care service,,,http://bristerlawncare.com/,+1 501-482-1842,Open · Closes 9 pm,,true,6 am–9 pm,6 am–9 pm,6 am–9 pm,6 am–9 pm,6 am–9 pm,6 am–9 pm,6 am–9 pm,"https://www.google.com/maps/search/commercial+landscaping+businesses+in+Benton+Little+Rock+AR/@34.5693083,-92.585378,14z",2026-04-29T21:38:01.858Z,,,
"https://www.google.com/maps/place/Lights+by+Sparky,+LLC/data=!4m7!3m6!1s0x87cd51b74745a213:0x53b10c73c30b0299!8m2!3d34.5520644!4d-92.5991222!16s%2Fg%2F11cn0k_zq3!19sChIJE6JFR7dRzYcRmQILw3MMsVM","Lights by Sparky, LLC",4.6,89,Landscape lighting designer,"1301 River St, Benton, AR 72015, United States","HC22+R9 Benton, Arkansas, USA",https://www.lightsbysparky.com/,+1 501-317-5736,Open · Closes 7 pm,https://lh3.googleusercontent.com/gps-cs-s/APNQkAHd4RDAXbCvKmgBD9PjZapj4Cw1Oz4MrnQbQhstB58tF22t65CGmRbrsb_d5-3b2u-xnu5c269C69YZ0vQ3JgAAFW12aLdhappdJHJXX06THv_lTOwKxiBK2vXSPtVzHDpCDRXKOA=w408-h306-k-no,true,8 am–7 pm,8 am–7 pm,8 am–7 pm,8 am–7 pm,Closed,8 am–7 pm,8 am–7 pm,"https://www.google.com/maps/search/commercial+landscaping+businesses+in+Benton+Little+Rock+AR/@34.5693083,-92.585378,14z",2026-04-29T21:38:06.570Z,,,
https://www.google.com/maps/place/Fall+River+Lawn+%26+Landscape/data=!4m7!3m6!1s0x87cd4c637e030d05:0xa19d831424ce4283!8m2!3d34.5976565!4d-92.55006!16s%2Fg%2F1jkyts5bf!19sChIJBQ0DfmNMzYcRg0LOJBSDnaE,Fall River Lawn & Landscape,4.6,31,Lawn care service,,,,+1 501-436-4444,,https://lh3.googleusercontent.com/gps-cs-s/APNQkAE1fKj5y2MI-3A6zvqwGNHmQ2R_pUtBUtzOo2RT6TiD-PKUVu-7W9lU4rgIyPM-94nAmxdCDZWr9y44kXU-QIanYP0DVfD-OGca-5WGkm613lOojCSy4dBdiryLWw6A6Xqj3bk=w408-h306-k-no,true,,,,,,,,"https://www.google.com/maps/search/commercial+landscaping+businesses+in+Benton+Little+Rock+AR/@34.5693083,-92.585378,14z",2026-04-29T21:38:08.752Z,,,
https://www.google.com/maps/place/Another+Season+Home+and+Garden/data=!4m7!3m6!1s0x87cd5180325acea9:0x95771d0e3d2ccfef!8m2!3d34.5725708!4d-92.5799384!16s%2Fg%2F1tf7y7n5!19sChIJqc5aMoBRzYcR788sPQ4dd5U,Another Season Home and Garden,4.7,72,Garden center,"520 Alcoa Blvd, Benton, AR 72015, United States","HCFC+22 Benton, Arkansas, USA",http://www.anotherseasonar.com/,+1 501-431-2444,"Closes soon · 5 pm · Opens 7:30 am Thu

Updated by this business 6 weeks ago",https://lh3.googleusercontent.com/gps-cs-s/APNQkAEnIDUt9WoD8oilK1BOZdUMy-NQ58np95S89JBmMzxPKFGs6k_jwIYdQjhs3UdmAIHqIdUKISHkT1FLENjRRNqJ9XWWoBs_EpGepIWtL2Cfpt6o7njhBWjVF9AWPCbvmBrhTbDc9QdzIP17=w408-h544-k-no,true,7:30 am–5 pm,7:30 am–5 pm,7:30 am–5 pm,8 am–4 pm,11 am–4 pm,7:30 am–5 pm,7:30 am–5 pm,"https://www.google.com/maps/search/commercial+landscaping+businesses+in+Benton+Little+Rock+AR/@34.5693083,-92.585378,14z",2026-04-29T21:38:13.152Z,· In-store shopping · Kerbside pickup · Delivery,Identifies as women-owned,
https://www.google.com/maps/place/Reyes+Tree+Service/data=!4m7!3m6!1s0x87cd511845f9ac89:0x7e30d8c3d9e4e459!8m2!3d34.5850316!4d-92.5726909!16s%2Fg%2F11n5rz8vm6!19sChIJiaz5RRhRzYcRWeTk2cPYMH4,Reyes Tree Service,5.0,66,Tree service,"18008 I-30, Benton, AR 72019, United States","HCPG+2W Benton, Arkansas, USA",https://www.reyestreesservice.com/,+1 501-952-4174,Closes soon · 5 pm · Opens 6 am Thu,https://lh3.googleusercontent.com/gps-cs-s/APNQkAHm3M1JbhdSCtuRkk8b-ga76lJ6rp4Y9P5yVBlpy4Z3drEMCfYDt15WNDB_Mr_cYEi6VRA9RBYvClzLDwc4e2PxRdMPE1Jva7Em5C7l83xrzTxmQPqaf6uFWIOCdrQlBF-fwMqd4g=w425-h240-k-no,true,6 am–5 pm,6 am–5 pm,6 am–5 pm,6 am–5 pm,Closed,6 am–5 pm,6 am–5 pm,"https://www.google.com/maps/search/commercial+landscaping+businesses+in+Benton+Little+Rock+AR/@34.5693083,-92.585378,14z",2026-04-29T21:38:17.585Z,,,
https://www.google.com/maps/place/Two+Buds+Landscaping/data=!4m7!3m6!1s0x6d67f73bb77d0a17:0x57ff4655b2fff6ab!8m2!3d34.592167!4d-92.581392!16s%2Fg%2F11v150s413!19sChIJFwp9tzv3Z20Rq_b_slVG_1c,Two Buds Landscaping,5.0,2,Landscaper,,,,+1 501-860-9108,Open · Closes 6 pm,https://lh3.googleusercontent.com/gps-cs-s/APNQkAGcLuMiabYimcSek5nL7u8fULGTu4p4JC8ZqM4rTOzGRnFQPWgmCNwqFAGfF8Wva8Chl7xbyCzCOOvIXEqUwTV7oWr4yF-WJg645qX9gyk_rAu_f5ovK8-A4IXtPnRcghV7WfwQ=w408-h578-k-no,true,8 am–6 pm,8 am–6 pm,8 am–6 pm,8 am–6 pm,Closed,8 am–6 pm,8 am–6 pm,"https://www.google.com/maps/search/commercial+landscaping+businesses+in+Benton+Little+Rock+AR/@34.5693083,-92.585378,14z",2026-04-29T21:38:21.815Z,,LGBTQ+ friendly,
https://www.google.com/maps/place/Moore+Earthworks+LLC/data=!4m7!3m6!1s0x2b5677c9a3149f73:0xb395fe5fd7325178!8m2!3d34.7968941!4d-92.3767525!16s%2Fg%2F11ybv3kqsd!19sChIJc58Uo8l3VisReFEy11_-lbM,Moore Earthworks LLC,5.0,6,Excavating contractor,,,https://www.mooreearthworks.com/,+1 501-773-8801,Closes soon · 5 pm · Opens 7 am Thu,https://lh3.googleusercontent.com/gps-cs-s/APNQkAGSi14k3K6RNByLtXgHru1Eb7onWsK7Z_zOCfzecD6mGtMxICVgnasiDt98HmIEGrg_NBAbJANfTE6-lvn_DFeNDEt_9V8Z6HzLOixVOhHW1sIY8RR4GiZRjX-xWLvGBp8kAo9SuA=w408-h306-k-no,true,7 am–5 pm,7 am–5 pm,7 am–5 pm,8 am–5 pm,Closed,7 am–5 pm,7 am–5 pm,"https://www.google.com/maps/search/commercial+landscaping+businesses+in+Benton+Little+Rock+AR/@34.5693083,-92.585378,14z",2026-04-29T21:38:26.053Z,,,
https://www.google.com/maps/place/Folsom+Tree+Service/data=!4m7!3m6!1s0x87cd5228d5b38895:0xda6f3d96cbc9ee4e!8m2!3d34.5904883!4d-92.5647606!16s%2Fg%2F1td2vfc9!19sChIJlYiz1ShSzYcRTu7Jy5Y9b9o,Folsom Tree Service,4.5,41,Tree service,"1810 Thomas Rd, Benton, AR 72015, United States","HCRP+53 Benton, Arkansas, USA",http://www.folsomtreesvc.com/,+1 501-326-9800,Open 24 hours,https://lh3.googleusercontent.com/gps-cs-s/APNQkAGnJkqNRwe0u91a4BaHwx0oESoGDeOPYwZjXtj7n6ENq5XbULRUxcCf1Owwv3IYsMMW_yazu55gol311JEAOArQ9Z0S4x1pUozjFOurjLuoB2cBgvNMfulFOVkGUxxlWzMx1V4jbQ=w408-h408-k-no,true,Open 24 hours,Open 24 hours,Open 24 hours,Open 24 hours,Open 24 hours,Open 24 hours,Open 24 hours,"https://www.google.com/maps/search/commercial+landscaping+businesses+in+Benton+Little+Rock+AR/@34.5693083,-92.585378,14z",2026-04-29T21:38:30.654Z,,,
https://www.google.com/maps/place/C+%26+B+Curb+Appeal/data=!4m7!3m6!1s0x84dafc4fd761aeed:0x89b5123d63d13b81!8m2!3d34.6333671!4d-92.579287!16s%2Fg%2F11rd29dn2v!19sChIJ7a5h10_82oQRgTvRYz0StYk,C & B Curb Appeal,5.0,2,Pressure washing service,,,,+1 501-860-8911,Open 24 hours,https://lh3.googleusercontent.com/gps-cs-s/APNQkAF3Y2ZxLOd0spE4rAhwLPpS9C8S9SqEcko3GvfWFr4AYj8zUmyzoTBGJufd3xO267aCMCkFMQG3ZkLYQ3nf7D2S8Uis-JuhXqqT4RADLbdVBhHh_mhrebxhYfHC67T4xSHWmDBC=w426-h240-k-no,true,Open 24 hours,Open 24 hours,Open 24 hours,Closed,Closed,Open 24 hours,Open 24 hours,"https://www.google.com/maps/search/commercial+landscaping+businesses+in+Benton+Little+Rock+AR/@34.5693083,-92.585378,14z",2026-04-29T21:38:34.791Z,,,
https://www.google.com/maps/place/Garden+Center+at+Tractor+Supply/data=!4m7!3m6!1s0x87cd515ebb09cb51:0xbe8162ee8e685c70!8m2!3d34.5813669!4d-92.5814639!16s%2Fg%2F11svyrdwct!19sChIJUcsJu15RzYcRcFxoju5igb4,Garden Center at Tractor Supply,5.0,3,Garden center,"17318 I-30, Benton, AR 72019, United States","HCJ9+GC Benton, Arkansas, USA",https://www.tractorsupply.com/tsc/services/garden-center-Benton-AR-72019-768,+1 501-778-2685,Open · Closes 9 pm,https://lh3.googleusercontent.com/gps-cs-s/APNQkAHSitJyCM-d3KaZH7hgRVv0Zi94CQHnZ7hen3zNUsGR79h5DbJUJPJPKyD_McKti491Ke3kXTIm8QS9aA_h9XQ29j3CUJ0p_70mQVl2AjixdzMuKz7Moo2ltmfweDfQKy_A4y7q=w426-h240-k-no,true,8 am–9 pm,8 am–9 pm,8 am–9 pm,8 am–9 pm,9 am–7 pm,8 am–9 pm,8 am–9 pm,"https://www.google.com/maps/search/commercial+landscaping+businesses+in+Benton+Little+Rock+AR/@34.5693083,-92.585378,14z",2026-04-29T21:38:39.104Z,· In-store shopping · In-store pick-up · Delivery,,
https://www.google.com/maps/place/Benton+Bryant+Lawn+Care/data=!4m7!3m6!1s0x87cd57679e7c390f:0xc547bc4a6ad43567!8m2!3d35.4611255!4d-92.227209!16s%2Fg%2F11mwy36qn3!19sChIJDzl8nmdXzYcRZzXUakq8R8U,Benton Bryant Lawn Care,5.0,57,Lawn care service,,,https://bentonbryantlawncare.com/,+1 501-602-0988,Closes soon · 5 pm · Opens 7:30 am Thu,https://lh3.googleusercontent.com/gps-cs-s/APNQkAEWPrOGdGWmAbxNeJoo3eI5WarGj2hE5LeAyXtyzXK93RDXiyE19ANEJqTBwqbFpMmp7jjqMhREKiyp76LGkuEKT31zui72z_SfnRVYkpkYtW_2jwNuRBifda4Z29rcDMN1ElXk=w408-h306-k-no,true,7:30 am–5 pm,7:30 am–5 pm,7:30 am–5 pm,Closed,Closed,7:30 am–5 pm,7:30 am–5 pm,"https://www.google.com/maps/search/commercial+landscaping+businesses+in+Benton+Little+Rock+AR/@34.5693083,-92.585378,14z",2026-04-29T21:38:43.397Z,,,
https://www.google.com/maps/place/Arkansas+Leak+Detection/data=!4m7!3m6!1s0x4b87e9fe66c3294d:0x4e876a4cfc8563e5!8m2!3d34.5836155!4d-92.5697016!16s%2Fg%2F11tx6_3r17!19sChIJTSnDZv7ph0sR5WOF_Exqh04,Arkansas Leak Detection,4.9,396,Plumber,"2022 Military Rd, Benton, AR 72015, United States","HCMJ+C4 Benton, Arkansas, USA",https://arkansasleaks.com/,+1 501-850-6674,Open 24 hours,https://lh3.googleusercontent.com/gps-cs-s/APNQkAGxpPMBBi86W5yJ-5ghcECYTdD5Bsu64XcIHGG1_0pymgEKb0q4m-mzz3ud0u7Ip_g08lT38oq1YMS0fjxzn9vhiYsc9cy_prmLzcAwRd9eFXvX97c2Y9OiMCLiNavYrfusesaq=w408-h544-k-no,true,Open 24 hours,Open 24 hours,Open 24 hours,Open 24 hours,Open 24 hours,Open 24 hours,Open 24 hours,"https://www.google.com/maps/search/commercial+landscaping+businesses+in+Benton+Little+Rock+AR/@34.5693083,-92.585378,14z",2026-04-29T21:38:47.692Z,,,
"https://www.google.com/maps/place/River+Valley+Horticultural+Products,+Inc.%2FSite+One+Landscape+Supply/data=!4m7!3m6!1s0x87cd5912628b9a69:0xe8897c318b12c99e!8m2!3d34.7162004!4d-92.5170468!16s%2Fg%2F1ttq2mzc!19sChIJaZqLYhJZzYcRnskSizF8ieg","River Valley Horticultural Products, Inc./Site One Landscape Supply",4.8,183,Landscaping supply store,"21701 Lawson Rd, Little Rock, AR 72210, United States","PF8M+F5 Little Rock, Arkansas, USA",https://www.rivervalleyhp.com/,+1 501-821-4770,"Closes soon · 5 pm · Opens 7 am Thu

Updated by this business 2 weeks ago",https://lh3.googleusercontent.com/gps-cs-s/APNQkAE5MX-SLWLUXpnV3yN72PdmgSyhwIbyMgLFMBEytETd10dwe8VQoIKeTaiV6AEUWH37nbkkRj-kqZ0cia4RyGyXrX4c4KuUwtl8mBc5Qx0gXAs5ocFg3fmZBAhdD3ZnuQo4XvQq=w427-h240-k-no,true,7 am–5 pm,7 am–5 pm,7 am–5 pm,7 am–5 pm,Closed,7 am–5 pm,7 am–5 pm,"https://www.google.com/maps/search/commercial+landscaping+businesses+in+Benton+Little+Rock+AR/@34.5693083,-92.585378,14z",2026-04-29T21:38:52.148Z,· In-store pick-up · Delivery,,
https://www.google.com/maps/place/Walk+By+Faith+Landscape/data=!4m7!3m6!1s0x87cd5641be937fe5:0x27cf51061dc080!8m2!3d34.7520156!4d-92.129428!16s%2Fg%2F11ckr5mn54!19sChIJ5X-TvkFWzYcRgMAdBlHPJwA,Walk By Faith Landscape,5.0,1,Lawn care service,,,http://www.wbyflandscape.net/,+1 501-653-8031,Closes soon · 5 pm · Opens 8 am Thu,https://lh3.googleusercontent.com/gps-cs-s/APNQkAFb1-ZDuH03IKAlYk6-oH_CP8CsbjjjUe81WXibqoK_pARHLWxJIrHRGY5cA0n1agkJEJUCr6z5fGN8-oNqcGvds6QLAyeZJ0_xXt_8rNLfzIXL591N9cwj9e3fnHGGtlakLbgw=w408-h354-k-no,true,8 am–5 pm,8 am–5 pm,8 am–5 pm,Closed,Closed,8 am–5 pm,8 am–5 pm,"https://www.google.com/maps/search/commercial+landscaping+businesses+in+Benton+Little+Rock+AR/@34.5693083,-92.585378,14z",2026-04-29T21:38:56.333Z,,,
https://www.google.com/maps/place/Bright+Green+Lawn+Service/data=!4m7!3m6!1s0x87cd508ef84fcd49:0xb7177fbbc1591075!8m2!3d34.6442498!4d-92.5719379!16s%2Fg%2F11h9x4smjz!19sChIJSc1P-I5QzYcRdRBZwbt_F7c,Bright Green Lawn Service,5.0,7,Lawn care service,"925 Joyce Dr, Benton, AR 72019, United States","JCVH+M6 Benton, Arkansas, USA",,+1 501-326-2203,Open · Closes 6 am Thu,https://lh3.googleusercontent.com/gps-cs-s/APNQkAHpJtBjjqZYrBwbGVTPMtRaA8hmUOhmSkt3qEayY1n0r5gOohj8K8RzZoaJp9wTXtNRQ2o3XkS4ZjGKGbkp6jqvpWw_rS_Dfm9HDUsigLjP_lg-t5ZQhDLTMF3IDvzZ_y1GrlMi=w408-h547-k-no,true,"12–6 am, 8 am–12 am","12–6 am, 8 am–12 am",12–8 am,5:30–8 am,5:30 am–12 am,"12–5 am, 8 am–12 am","12–6 am, 8 am–12 am","https://www.google.com/maps/search/commercial+landscaping+businesses+in+Benton+Little+Rock+AR/@34.5693083,-92.585378,14z",2026-04-29T21:39:00.522Z,,,
https://www.google.com/maps/place/Exterior+Solutions/data=!4m7!3m6!1s0x87cd51e843a33c53:0x4801e7045353c936!8m2!3d34.6779536!4d-92.402353!16s%2Fg%2F11r3kq6n6_!19sChIJUzyjQ-hRzYcRNslTUwTnAUg,Exterior Solutions,5.0,24,Lawn care service,,,https://www.exteriorsolutionsar.com/,+1 501-551-4303,Closes soon · 5 pm · Opens 7 am Thu,https://lh3.googleusercontent.com/gps-cs-s/APNQkAHWkcazGOp-WK4hqjnmrH5MgtK0rBAQwV1cY4C8ttvSrb-0eSkVVBXACQ5t6Rn8-mljjfbNBJtuaj0lr49RkFikTrSFYGXka4fxfeQ3DNi6se4tgZUsZ1-8miwJCHRKT_Qa8Fbp=w408-h544-k-no,true,7 am–5 pm,7 am–5 pm,7 am–5 pm,Closed,Closed,7 am–5 pm,7 am–5 pm,"https://www.google.com/maps/search/commercial+landscaping+businesses+in+Benton+Little+Rock+AR/@34.5693083,-92.585378,14z",2026-04-29T21:39:04.622Z,,,
https://www.google.com/maps/place/Growing+Green/data=!4m7!3m6!1s0x87cd503dea9a7585:0x9bbb66484884b0d0!8m2!3d34.6344791!4d-92.6051813!16s%2Fg%2F11csqwss4h!19sChIJhXWa6j1QzYcR0LCESEhmu5s,Growing Green,5.0,1,Lawn sprinkler system contractor,"7066 Skyline Dr, Benton, AR 72019, United States","J9MV+QW Benton, Arkansas, USA",,+1 501-786-6440,,https://streetviewpixels-pa.googleapis.com/v1/thumbnail?panoid=wxIYcXmdrmoU_ScwA65iRA&cb_client=search.gws-prod.gps&w=408&h=240&yaw=106.29996&pitch=0&thumbfov=100,true,,,,,,,,"https://www.google.com/maps/search/commercial+landscaping+businesses+in+Benton+Little+Rock+AR/@34.5693083,-92.585378,14z",2026-04-29T21:39:06.778Z,,,
https://www.google.com/maps/place/Luminous+Landscaping/data=!4m7!3m6!1s0xaaecf257abaab281:0x2713822d1b82b77f!8m2!3d34.6779536!4d-92.402353!16s%2Fg%2F11xg56020s!19sChIJgbKqq1fy7KoRf7eCGy2CEyc,Luminous Landscaping,5.0,8,Landscape lighting designer,,,https://luminouslandscaping.com/,+1 501-381-7644,Closes soon · 5:30 pm · Opens 7 am Thu,https://lh3.googleusercontent.com/gps-cs-s/APNQkAHha744MK97ioUq2GwUvU4cVMVsw4SlUBLNLOONk6dDuDG7NgL66mTm0QTLskNAWtU4xkEpQcp8Tye_ZEdUq_Yg2asdRsKqBZyAuxD7bZ57LaljXtUCM21iFN6FggjZUGExwmFhdnqrhjE=w408-h408-k-no,true,7 am–5:30 pm,7 am–5:30 pm,7 am–5:30 pm,Closed,Closed,7 am–5:30 pm,7 am–5:30 pm,"https://www.google.com/maps/search/commercial+landscaping+businesses+in+Benton+Little+Rock+AR/@34.5693083,-92.585378,14z",2026-04-29T21:39:10.904Z,,,
https://www.google.com/maps/place/County+Line+Construction+LLC/data=!4m7!3m6!1s0x8d91f9aabb836b4d:0xa2c595c490057160!8m2!3d34.710579!4d-92.402353!16s%2Fg%2F11rxrwsb1_!19sChIJTWuDu6r5kY0RYHEFkMSVxaI,County Line Construction LLC,5.0,50,General contractor,,,https://countylineconstructionllc.com/,+1 501-860-2242,Closes soon · 5 pm · Opens 7 am Thu,https://lh3.googleusercontent.com/gps-cs-s/APNQkAGpOVOw1J93hftqLqfrwRbyI713EP3NKZz_Dx7h9Ib08TswS-ohXc8znKO4QTa0OEWVrWMvROFlsyXDfxkK64OvfnEIwAC5SoOwFNzhwF4zP5FV2E__HAxwSnueYW--O-Ejua_r=w408-h306-k-no,true,7 am–5 pm,7 am–5 pm,7 am–4 pm,9 am–3 pm,Closed,7 am–5 pm,7 am–5 pm,"https://www.google.com/maps/search/commercial+landscaping+businesses+in+Benton+Little+Rock+AR/@34.5693083,-92.585378,14z",2026-04-29T21:39:15.267Z,,,
https://www.google.com/maps/place/Old+South+Artificial+Lawn+and+Greens/data=!4m7!3m6!1s0x6052c67ad5db56f:0x594dc4466d04bda7!8m2!3d34.6259953!4d-92.4947285!16s%2Fg%2F11vs2cx8pj!19sChIJb7VdrWcsBQYRp70EbUbETVk,Old South Artificial Lawn and Greens,5.0,73,Turf supplier,"207 Progress Wy Suite 100, Bryant, AR 72022, United States","JGG4+94 Bryant, Arkansas, USA",https://www.oldsouthturf.com/,+1 501-231-7407,Closes soon · 5 pm · Opens 8 am Thu,https://lh3.googleusercontent.com/gps-cs-s/APNQkAFr4A6MnRoziGrfU8fkfz29dGO3aJpx0xLzavoYh2iU1TIMT-7AaT5wejB9y5T7VYf1Nks6A-pfZj6zKRpNDkAiQG_arvQ4Ob93r0tHsNBj9uOhydlYCI_Lz5smgGxOshbFpU5wf57tWPnC=w426-h240-k-no,true,8 am–5 pm,8 am–5 pm,8 am–5 pm,8 am–12 pm,Closed,8 am–5 pm,8 am–5 pm,"https://www.google.com/maps/search/commercial+landscaping+businesses+in+Benton+Little+Rock+AR/@34.5693083,-92.585378,14z",2026-04-29T21:39:19.571Z,,,
https://www.google.com/maps/place/Rodgers+Lawn+Care/data=!4m7!3m6!1s0x87cd573c3c7838d9:0xb024b0f276e81e16!8m2!3d34.4838426!4d-92.5251466!16s%2Fg%2F11kg_zpvrz!19sChIJ2Th4PDxXzYcRFh7odvKwJLA,Rodgers Lawn Care,4.9,9,Flooring contractor,,,,+1 501-213-8614,Open · Closes 8 pm,https://lh3.googleusercontent.com/gps-cs-s/APNQkAHuzFUfCGok17GuS4cDRbRhwAOrWQWjB09pQl_uhoPgRtyWevcnisbFoViXvEV8MYBr444JyA6yyOnEAVJE3sUWGKdgOd0T92FB16QOM4pW6kxbzhOJTJrykuJ4aSWrSwiSTuBf=w408-h544-k-no,true,7 am–8 pm,7 am–9 pm,7 am–9 pm,7 am–9 pm,7 am–9 pm,7 am–9 pm,7 am–9 pm,"https://www.google.com/maps/search/commercial+landscaping+businesses+in+Benton+Little+Rock+AR/@34.5693083,-92.585378,14z",2026-04-29T21:39:23.703Z,,,
https://www.google.com/maps/place/Roe+Painting+Co+Inc/data=!4m7!3m6!1s0x87cd56cbc8dfb2c5:0xbe2f0f96b1240de0!8m2!3d34.5962339!4d-92.5356249!16s%2Fg%2F1tgqjyyp!19sChIJxbLfyMtWzYcR4A0ksZYPL74,Roe Painting Co Inc,3.4,5,Painter,"4413 Boone Rd, Benton, AR 72015, United States","HFW7+FQ Benton, Arkansas, USA",,+1 501-847-4783,,https://streetviewpixels-pa.googleapis.com/v1/thumbnail?panoid=7qmKVTj-T3HE8OULQEoP6g&cb_client=search.gws-prod.gps&w=408&h=240&yaw=162.66818&pitch=0&thumbfov=100,false,,,,,,,,"https://www.google.com/maps/search/commercial+landscaping+businesses+in+Benton+Little+Rock+AR/@34.5693083,-92.585378,14z",2026-04-29T21:39:25.809Z,,,
https://www.google.com/maps/place/Off+Duty+Lawn+Services/data=!4m7!3m6!1s0x4282ad042a03886f:0x69251a361952525b!8m2!3d34.7127535!4d-92.5523924!16s%2Fg%2F11n4s6nscc!19sChIJb4gDKgStgkIRW1JSGTYaJWk,Off Duty Lawn Services,5.0,22,Lawn care service,,,,+1 757-602-7940,"Open 24 hours

Confirmed by this business 7 weeks ago",https://lh3.googleusercontent.com/gps-cs-s/APNQkAHvnAMLW8zR_IuB6EiGEIh8ZVPHqkmy7lRv5HVBH8_FUkOn_ox4r5AkJmZog-wMBBOTSD6KJhzGzOEUD7tc7WJ0ckaBxvja5N9gkY5kugv34i-TM7a9YLtrF38MDYMXpaFhc53keNZbju4=w408-h544-k-no,true,Open 24 hours,Open 24 hours,Open 24 hours,Open 24 hours,Open 24 hours,Open 24 hours,Open 24 hours,"https://www.google.com/maps/search/commercial+landscaping+businesses+in+Benton+Little+Rock+AR/@34.5693083,-92.585378,14z",2026-04-29T21:39:30.133Z,,,
https://www.google.com/maps/place/Derryberry+Lawn+%26+Landscape/data=!4m7!3m6!1s0x5b8f7c9174f294b:0x45efbca5febeba!8m2!3d34.5736355!4d-92.5516475!16s%2Fg%2F11t85p1n57!19sChIJSylPF8n3uAURur7-pbzvRQA,Derryberry Lawn & Landscape,5.0,12,Lawn care service,,,http://www.derryberrylawnandlandscape.com/,+1 501-951-2436,Open · Closes 10 pm,https://lh3.googleusercontent.com/gps-cs-s/APNQkAH9Y3hyiJw-oxODBB4vgtB5Ry4ZddHLoU0BBL1grnUHL1BLCsu5S6aWonXGZI9vNJUEQkE4nifgGiAUz2laKoY59xVq4Q3z7xBaJ74hIKkm9m32CfWP53Fv4BB8etWamAKLB1vY=w425-h240-k-no,true,10 am–10 pm,10 am–10 pm,10 am–10 pm,Closed,Closed,10 am–10 pm,10 am–10 pm,"https://www.google.com/maps/search/commercial+landscaping+businesses+in+Benton+Little+Rock+AR/@34.5693083,-92.585378,14z",2026-04-29T21:39:34.304Z,,,
"https://www.google.com/maps/place/Precision+Lawn,+Lawn+%26+Landscape/data=!4m7!3m6!1s0xa2bfec18b8771d69:0xfaebe5a6a75f4e36!8m2!3d34.5736355!4d-92.55568!16s%2Fg%2F11nc50w60d!19sChIJaR13uBjsv6IRNk5fp6bl6_o","Precision Lawn, Lawn & Landscape",5.0,4,Landscaper,,,,+1 870-949-5568,Closes soon · 5 pm · Opens 8 am Thu,https://lh3.googleusercontent.com/gps-cs-s/APNQkAEPNYlHVdiXXBUVgfGNGpJuTJP1TCeehKraL4rDUNTYNMoe1viOGs_m1OrwPcvK6bKpHe6TUj6hCQbJTWtsGeVhS4MPU75ZyRpaHg9naUv_brA2NXdXZsce-OYJiqLRAydJiFvrAWPz3ls=w408-h306-k-no,true,8 am–5 pm,8 am–5 pm,8 am–5 pm,8 am–12 pm,Closed,8 am–5 pm,8 am–5 pm,"https://www.google.com/maps/search/commercial+landscaping+businesses+in+Benton+Little+Rock+AR/@34.5693083,-92.585378,14z",2026-04-29T21:39:38.700Z,,,
"https://www.google.com/maps/place/Ozark+Exteriors,+LLC/data=!4m7!3m6!1s0x87cd5770dc291fb9:0xb12415f59b195a40!8m2!3d34.5999206!4d-92.5358276!16s%2Fg%2F11lcf_q61f!19sChIJuR8p3HBXzYcRQFoZm_UVJLE","Ozark Exteriors, LLC",5.0,15,Roofing contractor,"6910 Alcoa Rd, Benton, AR 72015, United States","HFX7+XM Benton, Arkansas, USA",,+1 501-408-2336,Open · Closes 6:30 pm,https://streetviewpixels-pa.googleapis.com/v1/thumbnail?panoid=e_8yGOeFkEFvrihfPlY_ig&cb_client=search.gws-prod.gps&w=408&h=240&yaw=273.4244&pitch=0&thumbfov=100,true,7 am–6:30 pm,7 am–6:30 pm,7 am–5 pm,9 am–3 pm,Closed,7 am–6:30 pm,7 am–6:30 pm,"https://www.google.com/maps/search/commercial+landscaping+businesses+in+Benton+Little+Rock+AR/@34.5693083,-92.585378,14z",2026-04-29T21:39:43.035Z,,,
https://www.google.com/maps/place/Arkansas+Lawn+and+Landscape+LLC/data=!4m7!3m6!1s0x87cd579026bfa249:0x50780456f6981189!8m2!3d34.6339713!4d-92.4825215!16s%2Fg%2F11fjbm5lfk!19sChIJSaK_JpBXzYcRiRGY9lYEeFA,Arkansas Lawn and Landscape LLC,3.0,2,Landscaper,"6804-6898, AR-5, Bryant, AR 72022, United States","JGM8+HX Bryant, Arkansas, USA",https://www.facebook.com/arkansaslawnandlandscape/,+1 501-580-8574,,https://streetviewpixels-pa.googleapis.com/v1/thumbnail?panoid=D8kLmB9o3jqlOX1f_YpamQ&cb_client=search.gws-prod.gps&w=408&h=240&yaw=334.1992&pitch=0&thumbfov=100,false,,,,,,,,"https://www.google.com/maps/search/commercial+landscaping+businesses+in+Benton+Little+Rock+AR/@34.5693083,-92.585378,14z",2026-04-29T21:39:45.227Z,,,
https://www.google.com/maps/place/Big+Tex+Trailer+World+-+Benton/data=!4m7!3m6!1s0x87cd51308cff692d:0xfd07c5be26ce296e!8m2!3d34.592654!4d-92.562824!16s%2Fg%2F1v2gf8v5!19sChIJLWn_jDBRzYcRbinOJr7FB_0,Big Tex Trailer World - Benton,4.8,242,Trailer dealer,"18812 I-30, Benton, AR 72019, United States","HCVP+3V Benton, Arkansas, USA",https://www.bigtextrailerworld.com/location/benton/?utm_source=google&utm_medium=organic&utm_campaign=gmb&utm_content=bentonar,+1 501-271-3737,Closes soon · 5 pm · Opens 8 am Thu,https://lh3.googleusercontent.com/gps-cs-s/APNQkAHebHh2IGAURJ-KwGBQPACHP2CUB2rVcpJUBnWKttc6IWxPVpQFfxd0QjJXvwx4dgQbhUyWj2VGtX49XY6W_cIVxJ_EXcInW6Khxh-v1_SpF-p4aA950LRgkENkFUgDMQg49Q3JwREMIx8=w408-h408-k-no,true,8 am–5 pm,8 am–5 pm,8 am–5 pm,Closed,Closed,8 am–5 pm,8 am–5 pm,"https://www.google.com/maps/search/commercial+landscaping+businesses+in+Benton+Little+Rock+AR/@34.5693083,-92.585378,14z",2026-04-29T21:39:49.463Z,· In-store shopping · Kerbside pickup,,
https://www.google.com/maps/place/Lawn+Doctor+of+Little+Rock/data=!4m7!3m6!1s0x87d2a80a7d089abb:0xd3cfe91160adc04a!8m2!3d34.779102!4d-92.476249!16s%2Fg%2F1thy0bd1!19sChIJu5oIfQqo0ocRSsCtYBHpz9M,Lawn Doctor of Little Rock,4.9,628,Lawn care service,,,https://www.lawndoctor.com/littlerock-ar?utm_source=googlebusinessprofile&utm_medium=organic&utm_campaign=Qiigo,+1 501-455-4800,Closed · Opens 8 am Thu,https://lh3.googleusercontent.com/gps-cs-s/APNQkAHOBmI34xdwAIHRjpNFFOmF-a1hZKRCSBYFAwFsmuYuiL7yIqbXBouGrMdEPU58FzDO8_Gt5mRP0GT1TbjNVC2ywh_Kqgr9ktI3kJNOG6XzIZYIEzLbmDlua-ciqHdCBeQy2Xlp=w408-h408-k-no,true,8 am–4:30 pm,8 am–4:30 pm,8 am–4:30 pm,Closed,Closed,8 am–4:30 pm,8 am–4:30 pm,"https://www.google.com/maps/search/commercial+landscaping+businesses+in+Benton+Little+Rock+AR/@34.5693083,-92.585378,14z",2026-04-29T21:39:53.774Z,,,
"https://www.google.com/maps/place/Arkansas+HydroSeed,+Inc./data=!4m7!3m6!1s0x87cd4d759af268f3:0x996f015576f62635!8m2!3d34.6104716!4d-92.4856317!16s%2Fg%2F1hc5yqc8k!19sChIJ82jymnVNzYcRNSb2dlUBb5k","Arkansas HydroSeed, Inc.",4.3,3,Landscaper,"605 Ruth Dr, Bryant, AR 72022, United States","JG67+5P Bryant, Arkansas, USA",http://www.arkansashydroseed.com/,+1 501-315-7333,Closes soon · 5 pm · Opens 8 am Thu,https://streetviewpixels-pa.googleapis.com/v1/thumbnail?panoid=271gLp3J2wrayrjFEuh8gg&cb_client=search.gws-prod.gps&w=408&h=240&yaw=6.6122446&pitch=0&thumbfov=100,true,8 am–5 pm,8 am–5 pm,8 am–5 pm,8 am–5 pm,8 am–5 pm,8 am–5 pm,8 am–5 pm,"https://www.google.com/maps/search/commercial+landscaping+businesses+in+Benton+Little+Rock+AR/@34.5693083,-92.585378,14z",2026-04-29T21:39:58.082Z,,,
"https://www.google.com/maps/place/Fetterman+%26+Sons+Irrigation/@34.7520156,-92.129428,7z/data=!3m1!4b1!4m6!3m5!1s0x87cd52435f5141e5:0xcf1f4653de21bd06!8m2!3d34.7520156!4d-92.129428!16s%2Fg%2F11byx87gyw",Fetterman & Sons Irrigation,,,Landscaper,,,https://fettermanandsons.wixsite.com/website,+1 501-326-9290,Open · Closes 7 pm,,true,7 am–7 pm,7 am–7 pm,7 am–7 pm,7 am–7 pm,Closed,7 am–7 pm,7 am–7 pm,"https://www.google.com/maps/search/commercial+landscaping+businesses+in+Benton+Little+Rock+AR/@34.5693083,-92.585378,14z",2026-04-29T21:40:04.450Z,,,
https://www.google.com/maps/place/Eca+Construction+LLC/data=!4m7!3m6!1s0x87cd51975a848d77:0xaa32cc40accba5fd!8m2!3d34.094478!4d-86.174427!16s%2Fg%2F11smzm1dfn!19sChIJd42EWpdRzYcR_aXLrEDMMqo,Eca Construction LLC,5.0,1,General contractor,,,,+1 205-237-0704,Closes soon · 5 pm · Opens 7 am Thu,https://lh3.googleusercontent.com/gps-cs-s/APNQkAEevZ1uTv8FtMEudhmByB_IzvYGrs_DQIMvFHCkohfzXp5P7QFlgGqf_yrdSPKn5BIo87dQbCteVYLcks2cST1Jbp_TBYZ86yY7NT6ZvTpqmubDCARt6UfwMbUPs6F5CrDVjjU2=w408-h544-k-no,true,7 am–5 pm,7 am–5 pm,7 am–5 pm,7 am–5 pm,Closed,7 am–5 pm,7 am–5 pm,"https://www.google.com/maps/search/commercial+landscaping+businesses+in+Benton+Little+Rock+AR/@34.5693083,-92.585378,14z",2026-04-29T21:40:08.615Z,,,
"https://www.google.com/maps/place/Rocky+Retreat+Landscaping+%26+Lawn+Care/@34.5383455,-92.818893,11z/data=!3m1!4b1!4m6!3m5!1s0x87cd53125160746d:0xa5567e9950fcf544!8m2!3d34.5383455!4d-92.818893!16s%2Fg%2F11hmyvdh1z",Rocky Retreat Landscaping & Lawn Care,,,Landscaper,,,,+1 501-658-5075,,,true,,,,,,,,"https://www.google.com/maps/search/commercial+landscaping+businesses+in+Benton+Little+Rock+AR/@34.5693083,-92.585378,14z",2026-04-29T21:40:12.629Z,,,
https://www.google.com/maps/place/All+Seasons+Outdoor+Services+LLC/data=!4m7!3m6!1s0x87d29f169b72e81f:0xe9ee830c8b3e37e8!8m2!3d34.876678!4d-92.32459!16s%2Fg%2F1tdyr9_r!19sChIJH-hymxaf0ocR6Dc-iwyD7uk,All Seasons Outdoor Services LLC,4.6,32,Lawn sprinkler system contractor,"Dean Dr, North Little Rock, AR 72118, United States","VMGG+M5 North Little Rock, Arkansas, USA",,+1 501-352-0597,Open · Closes 7 pm,https://lh3.googleusercontent.com/gps-cs-s/APNQkAEXUIePzCSHcO1Uid55NzDrqhi4-CX5ILvHcmc1I-fbspAu7KUTOHQmjtxE6578O-MkaJXaioczdQVHL3BDSPM4Dsw1nO4DVEpRuGPL5ov778d-Vo1OC9HnnGZtEOWEeTzwhD9_M1C7QLNs=w408-h685-k-no,true,7 am–7 pm,7 am–7 pm,7 am–7 pm,Closed,Closed,7 am–7 pm,7 am–7 pm,"https://www.google.com/maps/search/commercial+landscaping+businesses+in+Benton+Little+Rock+AR/@34.5693083,-92.585378,14z",2026-04-29T21:40:16.847Z,,,
https://www.google.com/maps/place/Garden+Center+at+The+Home+Depot/data=!4m7!3m6!1s0x87cd5184f7a5a371:0xaab9f6bd053205d5!8m2!3d34.5780893!4d-92.586036!16s%2Fg%2F11c2pf8z7r!19sChIJcaOl94RRzYcR1QUyBb32uao,Garden Center at The Home Depot,4.2,13,Garden center,"17060 I-30, Benton, AR 72019, United States","HCH7+6H Benton, Arkansas, USA",https://www.homedepot.com/l/Benton/AR/Benton/72019/1405/garden-center?emt=GCGoogleMaps,+1 501-860-6288,"Open · Closes 10 pm

Confirmed by this business 2 weeks ago",https://lh3.googleusercontent.com/gps-cs-s/APNQkAGEeYX-ZLNFs2YquH6W24NhAeZpBsZH-nbOyyTP-20dLQIeZgTK8X3KRGhcLPic49XP9ggbMMFSrCA2axwQcQdrCajiFemTYC5Jqi9rl7oj66_K2iDWE22-Y3bYYbjZTQab-tNnyYW-Mc4=w412-h240-k-no,true,6 am–10 pm,6 am–10 pm,6 am–10 pm,6 am–10 pm,8 am–8 pm,6 am–10 pm,6 am–10 pm,"https://www.google.com/maps/search/commercial+landscaping+businesses+in+Benton+Little+Rock+AR/@34.5693083,-92.585378,14z",2026-04-29T21:40:21.149Z,· Kerbside pickup · Delivery,,
https://www.google.com/maps/place/Jedidiah+Sawyer+Tree+Service/data=!4m7!3m6!1s0x87cd5214cdddd839:0x6e4dfa35b1a14b4e!8m2!3d34.602333!4d-92.4803922!16s%2Fg%2F11b5qyv0p4!19sChIJOdjdzRRSzYcRTkuhsTX6TW4,Jedidiah Sawyer Tree Service,5.0,184,Tree service,"806 Mills Park Rd, Bryant, AR 72022, United States","JG29+WR Bryant, Arkansas, USA",https://www.isawyertree.com/,+1 501-596-6293,Open 24 hours,https://lh3.googleusercontent.com/gps-cs-s/APNQkAF6OtVWIxG94vls0f16Uh9DqDzGP7oeoSfVg2NT8bN294vZ_ShaT0IrEMkLgyNSU0KI7lXNN-e_qDhNKeLqjVKt0IuvUT4S03GBfDI8s7INGOpvL4FN9AYMZowWw6ZivYGQKDJd0g=w426-h240-k-no,true,Open 24 hours,Open 24 hours,Open 24 hours,Open 24 hours,Open 24 hours,Open 24 hours,Open 24 hours,"https://www.google.com/maps/search/commercial+landscaping+businesses+in+Benton+Little+Rock+AR/@34.5693083,-92.585378,14z",2026-04-29T21:40:25.533Z,,,
https://www.google.com/maps/place/Walmart+Garden+Center/data=!4m7!3m6!1s0x87cd51826a4a476d:0xee8d2909192a1095!8m2!3d34.577236!4d-92.5801778!16s%2Fg%2F11g8_pltxb!19sChIJbUdKaoJRzYcRlRAqGQkpje4,Walmart Garden Center,5.0,2,Garden center,"17309 I-30, Benton, AR 72015, United States","HCG9+VW Benton, Arkansas, USA",https://www.walmart.com/store/85-benton-ar/patio-garden-services/?veh=seo_loc,+1 833-600-0406,Open · Closes 11 pm,https://lh3.googleusercontent.com/gps-cs-s/APNQkAFg5uhvjDjD0xCYRTNRdCBwL4iNXqkSBj7R5EvsAQ_CchqQcY2OssGiefmVDg2w6vVmSUtquIuWzRqRiD2Nzg21rfyY4hY7R-0IEodL5Zd1_ncZ4jsZzsp_C_IcdzEZij2s6VmR=w426-h240-k-no,true,6 am–11 pm,6 am–11 pm,6 am–11 pm,6 am–11 pm,6 am–11 pm,6 am–11 pm,6 am–11 pm,"https://www.google.com/maps/search/commercial+landscaping+businesses+in+Benton+Little+Rock+AR/@34.5693083,-92.585378,14z",2026-04-29T21:40:29.698Z,· In-store shopping · In-store pick-up · Delivery,,
https://www.google.com/maps/place/J.+McKissick+Landscape+and+Design/data=!4m7!3m6!1s0x87d2af3cca718e37:0x94a1009d4eb2167c!8m2!3d34.582617!4d-92.383983!16s%2Fg%2F11c60my9jx!19sChIJN45xyjyv0ocRfBayTp0AoZQ,J. McKissick Landscape and Design,2.4,5,Landscape designer,,,http://jmckissick.com/,+1 501-562-1899,Closes soon · 5 pm · Opens 8 am Thu,https://lh3.googleusercontent.com/gps-cs-s/APNQkAFW5pyiJ0rimt9mfOKCHyAQNXrqTyBsV3p15ZdTDG8UKlLH80G9_o7u3jvA_Po7V9YnyKO8wBDafVArtiCMUGPvqZt6VTMXXywU68RAK2PS5_HGeOQMUq10sRTXhtizYIZn89K9=w408-h306-k-no,true,8 am–5 pm,8 am–5 pm,8 am–5 pm,8 am–5 pm,8 am–5 pm,8 am–5 pm,8 am–5 pm,"https://www.google.com/maps/search/commercial+landscaping+businesses+in+Benton+Little+Rock+AR/@34.5693083,-92.585378,14z",2026-04-29T21:40:33.916Z,,,
https://www.google.com/maps/place/Tractor+Supply+Co./data=!4m7!3m6!1s0x87cd51843c7b0577:0x67815d90986ad918!8m2!3d34.5813669!4d-92.5814639!16s%2Fg%2F1wbf_ykd!19sChIJdwV7PIRRzYcRGNlqmJBdgWc,Tractor Supply Co.,4.2,431,Animal feed store,"17318 I-30, Benton, AR 72019, United States","HCJ9+GC Benton, Arkansas, USA",https://www.tractorsupply.com/tsc/store_Benton-AR-72019_768,+1 501-778-2685,"Open · Closes 9 pm

Updated by this business 3 weeks ago",https://lh3.googleusercontent.com/gps-cs-s/APNQkAGu4apJowJ7cE36rHDDgNDcjFehFU8m28e122q-4o03tD9BJCvt5jHjB8cn7isJlpCxhW3riVacbl0DZmL10zlLeJAHyluwSzZILtt1ykdIBXFj1f3w3J4mnTQ4me-ERaLhKCtmKthKODcT=w408-h306-k-no,true,8 am–9 pm,8 am–9 pm,8 am–9 pm,8 am–9 pm,9 am–7 pm,8 am–9 pm,8 am–9 pm,"https://www.google.com/maps/search/commercial+landscaping+businesses+in+Benton+Little+Rock+AR/@34.5693083,-92.585378,14z",2026-04-29T21:40:38.246Z,"Chain with a wide variety of agricultural & livestock supplies, plus tools, workwear & boots. · In-store shopping · Kerbside pickup · Delivery",,
https://www.google.com/maps/place/Val-Trax/data=!4m7!3m6!1s0x415a92e13aacdacb:0x34bed32b2be0d8b1!8m2!3d34.7864704!4d-92.6136225!16s%2Fg%2F11q2ncsbz1!19sChIJy9qsOuGSWkERsdjgKyvTvjQ,Val-Trax,,,Excavating contractor,,,https://www.facebook.com/ValTraxLLC/,+1 501-786-7858,Open · Closes 6 pm,https://lh3.googleusercontent.com/gps-cs-s/APNQkAH5BtdlqRKw2LeIr3Q5hNnhVa4Ml4d5SOLRiruPTZZEe7oTD8u9BJTHyL5e6WPbrUSID1no3pm9bg_NZArSxa2TkfNLDv3HmzBGvutpglp7ckQzu7EQQnmp5PBe0N5P4IKRv2wE=w493-h240-k-no,true,8 am–6 pm,8 am–6 pm,8 am–6 pm,8 am–6 pm,8 am–6 pm,8 am–6 pm,8 am–6 pm,"https://www.google.com/maps/search/commercial+landscaping+businesses+in+Benton+Little+Rock+AR/@34.5693083,-92.585378,14z",2026-04-29T21:40:42.439Z,,,
https://www.google.com/maps/place/BLACKBURN+LAWN+AN+LANDSCAPING/data=!4m7!3m6!1s0xaa485a1db6a3b90f:0xc59f3c9a20be3c7c!8m2!3d34.596329!4d-92.6129594!16s%2Fg%2F11n_ynsrgl!19sChIJD7mjth1aSKoRfDy-IJo8n8U,BLACKBURN LAWN AN LANDSCAPING,5.0,3,Landscaper,,,,+1 870-941-1082,Closed · Opens 8 am Thu,https://lh3.googleusercontent.com/gps-cs-s/APNQkAFPLIOtN0LOFN1TQmfdvVFGo0jXCbLCZhGTNGBVi_LOKvOr6isjHZotMYqJJuhcGuFatyQs-XpYp1HOjQvCg2JdAJfBYKdSUt5XeLow_RqrWHAwtR6sOJN-lz57l65NubKEoCrZ=w408-h544-k-no,true,8 am–4 pm,8 am–4 pm,8 am–4 pm,Closed,Closed,8 am–4 pm,8 am–4 pm,"https://www.google.com/maps/search/commercial+landscaping+businesses+in+Benton+Little+Rock+AR/@34.5693083,-92.585378,14z",2026-04-29T21:40:47.036Z,,,
https://www.google.com/maps/place/The+Nurserie+Farm+%26+Garden+Market/data=!4m7!3m6!1s0x87d2a7cb9897bc5b:0xeda800ba77d34f5e!8m2!3d34.6258579!4d-92.4947978!16s%2Fg%2F11j8rh8bbl!19sChIJW7yXmMun0ocRXk_Td7oAqO0,The Nurserie Farm & Garden Market,4.8,100,Garden center,"205 Progress Wy #300, Bryant, AR 72022, United States","JGG4+83 Bryant, Arkansas, USA",http://thenurserie.com/,+1 501-438-0808,Closes soon · 5:30 pm · Opens 10 am Thu,https://lh3.googleusercontent.com/gps-cs-s/APNQkAEjO7mj9xn3wlad9i6y9wccDUCFCHD9Qqo2TBX1CTsxEPZEMOPfFISyMavXffwfzy5iMR3kSXsK1q3GjZy_EzgbrjXGNcpRsVGpFMZB0ePYiWVVsEjusSUAUzT7wvahLVdRFE3l=w408-h544-k-no,true,10 am–5:30 pm,10 am–5:30 pm,10 am–5:30 pm,9 am–4 pm,Closed,10 am–5:30 pm,10 am–5:30 pm,"https://www.google.com/maps/search/commercial+landscaping+businesses+in+Benton+Little+Rock+AR/@34.5693083,-92.585378,14z",2026-04-29T21:40:51.309Z,· In-store shopping · Kerbside pickup · Delivery,,
https://www.google.com/maps/place/Unique+Lawn+Care+and+landscape/data=!4m7!3m6!1s0x87cd5664ee4f84b5:0xc0a6007d587c4c54!8m2!3d34.5848664!4d-92.4933849!16s%2Fg%2F11c0ptln0n!19sChIJtYRP7mRWzYcRVEx8WH0ApsA,Unique Lawn Care and landscape,,,Landscape designer,"106 Kevin Cove, Bryant, AR 72022, United States","HGM4+WJ Bryant, Arkansas, USA",,+1 501-909-3351,Open · Closes 7 pm,https://streetviewpixels-pa.googleapis.com/v1/thumbnail?panoid=ucJWoxHFd0rXNmZKNre-Vw&cb_client=search.gws-prod.gps&w=408&h=240&yaw=130.52235&pitch=0&thumbfov=100,false,7 am–7 pm,7 am–7 pm,7 am–7 pm,7 am–7 pm,Closed,7 am–7 pm,7 am–7 pm,"https://www.google.com/maps/search/commercial+landscaping+businesses+in+Benton+Little+Rock+AR/@34.5693083,-92.585378,14z",2026-04-29T21:40:55.410Z,,,
https://www.google.com/maps/place/Harbor+Freight/data=!4m7!3m6!1s0x87cd5179b0d80863:0xdcd1322d3a462000!8m2!3d34.5793462!4d-92.5763041!16s%2Fg%2F11g8vd414k!19sChIJYwjYsHlRzYcRACBGOi0y0dw,Harbor Freight,4.4,816,Hardware store,"1504 Military Rd Suite C, Benton, AR 72015, United States","HCHF+PF Benton, Arkansas, USA",https://www.harborfreight.com/storelocator/1504-military-rd-ste-c-benton-72015?number=814,+1 501-778-1237,Open · Closes 8 pm,https://lh3.googleusercontent.com/gps-cs-s/APNQkAHZwgRWAGzgR-BA2FKHG87WI8WsZ8VKdpWYdTplAMFWV0NMJwHyZlXJn6ARy3z9jZk1390GCekpByUUgZcZjAK6jI0L7kP0xZ4sDqnSbUx5sauuRMpz9p-AANzwl_Lnw78TlntILzXM-few=w426-h240-k-no,true,8 am–8 pm,8 am–8 pm,8 am–8 pm,8 am–8 pm,9 am–6 pm,8 am–8 pm,8 am–8 pm,"https://www.google.com/maps/search/commercial+landscaping+businesses+in+Benton+Little+Rock+AR/@34.5693083,-92.585378,14z",2026-04-29T21:40:59.779Z,"Retail chain carrying a wide range of tools, hardware & other products for the home, garden & car.",,
https://www.google.com/maps/place/Brown%27s+Roofing/data=!4m7!3m6!1s0x87d2a1e7e06f1b0f:0xd909bda1a4abf7e3!8m2!3d34.599263!4d-92.5292804!16s%2Fg%2F11ssdfsxsb!19sChIJDxtv4Oeh0ocR4_erpKG9Cdk,Brown's Roofing,5.0,197,Roofing contractor,"3825 Mt Carmel Rd FL 2, Bryant, AR 72022, United States","HFXC+P7 Bryant, Arkansas, USA",https://brownsroofingla.com/little-rock/?utm_source=google&utm_medium=organic&utm_campaign=gmb,+1 501-710-5856,Closes soon · 5 pm · Opens 8 am Thu,https://lh3.googleusercontent.com/gps-cs-s/APNQkAErUa27Xe4w-lw0OYSqQWGr27yCQPjfrcGLUudBLeMWycqeCnkmd1kF1dSGngSyD1xpdZcVlmQ0V5iu1ztYHEUGTHeal1w1fC-IwdhgNsmWbA9LfhmMHhmTx3HdLmiiwy1LPBmhyngMezT9=w426-h240-k-no,true,8 am–5 pm,8 am–5 pm,8 am–5 pm,Closed,Closed,8 am–5 pm,8 am–5 pm,"https://www.google.com/maps/search/commercial+landscaping+businesses+in+Benton+Little+Rock+AR/@34.5693083,-92.585378,14z",2026-04-29T21:41:04.174Z,,,
https://www.google.com/maps/place/MARK+Investments+of+Saline+County/data=!4m7!3m6!1s0x8a29818d203c6533:0x110f234e93d8d7e0!8m2!3d35.2293881!4d-93.1636461!16s%2Fg%2F11vrs0j_fq!19sChIJM2U8II2BKYoR4NfYk04jDxE,MARK Investments of Saline County,5.0,1,Custom home builder,,,https://www.markinvestments.homes/,+1 501-529-5588,Closed · Opens 7:30 am Thu,https://lh3.googleusercontent.com/gps-cs-s/APNQkAGmGjcVeT6Wou2zhFnw0hzrutOXTLUxitszJFMCzNRJVjc52Rz91xmD-Z-XmRthgUuHuGD4IsZ9wjYmeOBHfPHuTacm9-_3_KBarC0ryqMwsdCI7iMmx-jnWJ1vP63s56TFp0k=w408-h306-k-no,true,7:30 am–4:30 pm,7:30 am–4:30 pm,7:30 am–4:30 pm,Closed,Closed,7:30 am–4:30 am,7:30 am–4:30 pm,"https://www.google.com/maps/search/commercial+landscaping+businesses+in+Benton+Little+Rock+AR/@34.5693083,-92.585378,14z",2026-04-29T21:41:08.672Z,,,
https://www.google.com/maps/place/Southern+Pines+Landscaping+and+Excavation/data=!4m7!3m6!1s0x45fb36f8ce951e99:0x96ebaf6e15c2e134!8m2!3d34.9582844!4d-92.1239249!16s%2Fg%2F11vpncr4xs!19sChIJmR6Vzvg2-0URNOHCFW6v65Y,Southern Pines Landscaping and Excavation,5.0,16,Drainage service,,,http://www.splexcavation.com/,+1 501-424-1755,Open · Closes 6 pm,https://lh3.googleusercontent.com/gps-cs-s/APNQkAGSK4Lg42HxrxUZRZYE1KuyJA9ybD3hZ2gH535noio5HTUbpxNKlDlVbqQyz5UvLHlnXOye5Hj7VYJeVUTGpBzeqeAcrCu_JENmhe28cYyrbH0GJ7-FOjtHQ28PaIOHktAa5Ai_ZHXJkGhw=w643-h240-k-no,true,8 am–6 pm,8 am–6 pm,9 am–4 pm,Closed,Closed,8 am–6 pm,8 am–6 pm,"https://www.google.com/maps/search/commercial+landscaping+businesses+in+Benton+Little+Rock+AR/@34.5693083,-92.585378,14z",2026-04-29T21:41:12.969Z,,Identifies as veteran-owned,
https://www.google.com/maps/place/Mary%27s+Place/data=!4m7!3m6!1s0x87cd571e0872568f:0x6c33f233bc5b9f3!8m2!3d34.6168918!4d-92.5145465!16s%2Fg%2F1td0bgkh!19sChIJj1ZyCB5XzYcR87nFOyM_wwY,Mary's Place,4.5,144,Garden center,"3705 AR-5, Bryant, AR 72022, United States","JF8P+Q5 Bryant, Arkansas, USA",https://www.facebook.com/profile.php?id=100049526024137,+1 501-847-3900,Closes soon · 5:30 pm · Opens 9 am Thu,https://lh3.googleusercontent.com/gps-cs-s/APNQkAGWahpOg81IkPRtA93sov6vsEb_gYeQrUMHBug2gUabAh8_pLeVni6opjv_GudFMzNbDXeZjo1eMNifg8oG_zsp0-Iv_D3R9A7TXYZuakm_q-iQVxa5aTF8SzF_BJNXqMn1s_s=w408-h725-k-no,true,9 am–5:30 pm,9 am–6 pm,9 am–6 pm,9 am–6 pm,Closed,9 am–6 pm,9 am–6 pm,"https://www.google.com/maps/search/commercial+landscaping+businesses+in+Benton+Little+Rock+AR/@34.5693083,-92.585378,14z",2026-04-29T21:41:23.431Z,,,
https://www.google.com/maps/place/Homes+By+Ibarra/data=!4m7!3m6!1s0x46ecf5063d25fff7:0xb915c52b65a0e84e!8m2!3d34.6779536!4d-92.402353!16s%2Fg%2F11vpxbp33f!19sChIJ9_8lPQb17EYRTuigZSvFFbk,Homes By Ibarra,5.0,3,Home builder,,,https://homesbyibarra.com/,+1 501-213-5648,Open · Closes 6 pm,https://lh3.googleusercontent.com/gps-cs-s/APNQkAGeur7zt7Vb5GNzRcl-_qD2AZ8Ak5Qj9zuGZr0V4XVyvD-L2fm3ZcYLHt33abTRd1jEh6h5ev5kPkhvXr_0CypBbpKzwt78827qmVuohav47qnk3qRb6NTaTrDM69RXWfr7Q5aN=w408-h544-k-no,true,8 am–6 pm,8 am–6 pm,8 am–6 pm,8 am–6 pm,8 am–12 am,"12–6 am, 8 am–6 pm",8 am–6 pm,"https://www.google.com/maps/search/commercial+landscaping+businesses+in+Benton+Little+Rock+AR/@34.5693083,-92.585378,14z",2026-04-29T21:41:33.960Z,,,
https://www.google.com/maps/place/National+Putting+Greens+%26+Lawn/data=!4m7!3m6!1s0x87cd564555555555:0x9afabadecdc257b8!8m2!3d34.6050315!4d-92.4900943!16s%2Fg%2F126158rhk!19sChIJVVVVVUVWzYcRuFfCzd66-po,National Putting Greens & Lawn,,,Landscaper,"Bryant, AR 72022, United States",,http://www.nationalgreens.com/,+1 501-455-4653,,https://streetviewpixels-pa.googleapis.com/v1/thumbnail?panoid=kJMvAw7WEWPsYe7dOq_q6A&cb_client=search.gws-prod.gps&w=408&h=240&yaw=276.24228&pitch=0&thumbfov=100,false,,,,,,,,"https://www.google.com/maps/search/commercial+landscaping+businesses+in+Benton+Little+Rock+AR/@34.5693083,-92.585378,14z",2026-04-29T21:41:36.052Z,,,
https://www.google.com/maps/place/Burchett%27s+Landscape+%26+Maintenance/data=!4m7!3m6!1s0x87d2bcf7772543e7:0xa6c1275b455140f4!8m2!3d34.7853697!4d-92.2658041!16s%2Fg%2F1tm88zpj!19sChIJ50Mld_e80ocR9EBRRVsnwaY,Burchett's Landscape & Maintenance,5.0,2,Landscaper,"North Little Rock, AR 72116, United States","QPPM+4M North Little Rock, Arkansas, USA",,+1 501-753-8170,,https://streetviewpixels-pa.googleapis.com/v1/thumbnail?panoid=r75_jCOfCmQLrOLwg6OuKQ&cb_client=search.gws-prod.gps&w=408&h=240&yaw=298.71555&pitch=0&thumbfov=100,false,,,,,,,,"https://www.google.com/maps/search/commercial+landscaping+businesses+in+Benton+Little+Rock+AR/@34.5693083,-92.585378,14z",2026-04-29T21:41:38.152Z,,,
https://www.google.com/maps/place/Victory+Lawn+%26+Landscaping/data=!4m7!3m6!1s0x23c01cdacefb1119:0x4324403f9efa51f4!8m2!3d34.855871!4d-92.1867595!16s%2Fg%2F11rwn66tf7!19sChIJGRH7ztocwCMR9FH6nj9AJEM,Victory Lawn & Landscaping,4.6,22,Landscape designer,,,,+1 501-744-4293,Open 24 hours,https://lh3.googleusercontent.com/gps-cs-s/APNQkAHQFJT2fLyBGry7FoHveFPGrnDd5srM_3kpc8zUvUvMwUDlcPPGRrW2a6UEaLT7OJ_W2vHDT2gNf8jmD5QDVNaG8GkMGx6d5-LvCmT8ICC9mcTsnQeKdbJ5Kjg_9puSIGF8Iqk=w408-h306-k-no,true,Open 24 hours,Open 24 hours,Open 24 hours,Open 24 hours,Open 24 hours,Open 24 hours,Open 24 hours,"https://www.google.com/maps/search/commercial+landscaping+businesses+in+Benton+Little+Rock+AR/@34.5693083,-92.585378,14z",2026-04-29T21:41:42.377Z,,,
https://www.google.com/maps/place/RTM+Landscaping/data=!4m7!3m6!1s0x2e76df05a1559e39:0x57c5c30b856be303!8m2!3d34.6199605!4d-92.669612!16s%2Fg%2F11ts9p394h!19sChIJOZ5VoQXfdi4RA-NrhQvDxVc,RTM Landscaping,,,Landscaper,,,,+1 501-909-2997,Closes soon · 5 pm · Opens 8 am Thu,https://lh3.googleusercontent.com/gps-cs-s/APNQkAEovY-nQ9d65H8N70d1RZwF8sUqCwkCxwprunllQICnv7qrbZbiy9pzvwmX5v5OZYxfOUCSm9ai1_bhKxQe8oS9tX9ufW9put7WFQFdq9GhQ8GMLLC5APbshoAhtOZ6BEdZ3NgG=w408-h306-k-no,true,8 am–5 pm,8 am–5 pm,8 am–5 pm,Closed,Closed,8 am–5 pm,8 am–5 pm,"https://www.google.com/maps/search/commercial+landscaping+businesses+in+Benton+Little+Rock+AR/@34.5693083,-92.585378,14z",2026-04-29T21:41:46.525Z,,,
https://www.google.com/maps/place/Bennett+Brothers+Stone+of+I-30+Inc./data=!4m7!3m6!1s0x87d2a8643d958e47:0xecd55f29eeedc42!8m2!3d34.635809!4d-92.459188!16s%2Fg%2F11cs3zy4mn!19sChIJR46VPWSo0ocRQtzunvJVzQ4,Bennett Brothers Stone of I-30 Inc.,4.8,16,Stone supplier,"25418 I-30, Bryant, AR 72022, United States","JGPR+88 Bryant, Arkansas, USA",https://bennettbrothersstone.com/,+1 501-847-3300,Closed · Opens 7 am Thu,https://lh3.googleusercontent.com/gps-cs-s/APNQkAEzx3dG9rGwFVIlO_OERJsTq3L0iYk9BAyTOdwB1GDdq15BrvrRKWNTkm_XjebtzCFCv972wpgVNYUBiXxaevVtiw2NduPGI7vj-d3p9fG0lSg1_xnv9hH-lU4TXYWgw-3kjExT=w408-h272-k-no,true,7 am–4:30 pm,7 am–4:30 pm,7 am–4:30 pm,Closed,Closed,7 am–4:30 pm,7 am–4:30 pm,"https://www.google.com/maps/search/commercial+landscaping+businesses+in+Bryant+Little+Rock+AR/@34.624568,-92.4995407,14z",2026-04-29T21:42:04.982Z,,,
https://www.google.com/maps/place/River+Valley+Tractor/data=!4m7!3m6!1s0x87d2a81a012cb545:0x6fadf93daefedd3d!8m2!3d34.6283493!4d-92.4786682!16s%2Fg%2F1tf87mjh!19sChIJRbUsARqo0ocRPd3-rj35rW8,River Valley Tractor,4.7,411,Tractor dealer,"24218 I-30, Bryant, AR 72022, United States","JGHC+8G Bryant, Arkansas, USA",https://www.rivervalleytractor.com/,+1 501-847-9043,Closes soon · 5 pm · Opens 7:30 am Thu,https://lh3.googleusercontent.com/gps-cs-s/APNQkAEAi7uex2CoIoh-KMivMfzHFf9E-IpL0UG0HWpmPdPIcIkncTRE6x713sId3qqKwz5xXb7idWtScI6Pz0kqmea6KaXUJ3Eecv8H2g36Y98JOh4FytY9z6V0QiBxgKxmMfx9vQbHtg=w455-h240-k-no,true,7:30 am–5 pm,7:30 am–5 pm,7:30 am–5 pm,8 am–12 pm,Closed,7:30 am–5 pm,7:30 am–5 pm,"https://www.google.com/maps/search/commercial+landscaping+businesses+in+Bryant+Little+Rock+AR/@34.624568,-92.4995407,14z",2026-04-29T21:42:09.288Z,· In-store shopping · In-store pick-up · Delivery,LGBTQ+ friendly,
https://www.google.com/maps/place/CRW+Landscaping+LLC+DBA+Precision+Lawn+%26+Landscape/data=!4m7!3m6!1s0x4e46589c97d23fdf:0x76db1898a8206a31!8m2!3d34.6453746!4d-92.521905!16s%2Fg%2F11yjkh6ycy!19sChIJ3z_Sl5xYRk4RMWogqJgY23Y,CRW Landscaping LLC DBA Precision Lawn & Landscape,5.0,1,Lawn care service,,,https://sites.google.com/view/precisionlawncentralar/home?fbclid=IwVERDUAMdXVRleHRuA2FlbQIxMAABHp1y6zcfNPfLnP7UWtfFbTZnT65GSdzPXFmA6dGWQFFDecEnQwto-Rc2NVYq_aem_NZlawg9hR6y0wx04EeV1nA,+1 501-722-8742,,https://lh3.googleusercontent.com/gps-cs-s/APNQkAEWBZznod37guhZlsW3Q1TontuCaqmdEMmlAavYcB-F7BgDuebqsuoBwAYrHTu4uMejjONcQx7fQMzHurnpnQyoC6jHpY9VqqHQFLMQLA2xDCq-M50ScDURWPddboZ6QbbeX4Y6CKLpJCA=w408-h544-k-no,true,,,,,,,,"https://www.google.com/maps/search/commercial+landscaping+businesses+in+Bryant+Little+Rock+AR/@34.624568,-92.4995407,14z",2026-04-29T21:42:11.383Z,,,
https://www.google.com/maps/place/Riggs+Cat+Rentals/data=!4m7!3m6!1s0x87cd521b7e728b4d:0xf6736b54c2ffbbc2!8m2!3d34.6036359!4d-92.537049!16s%2Fg%2F1tffvghw!19sChIJTYtyfhtSzYcRwrv_wlRrc_Y,Riggs Cat Rentals,4.2,87,Equipment rental agency,"20453 I-30, Benton, AR 72015, United States","JF37+F5 Benton, Arkansas, USA",https://riggsrents.com/,+1 501-570-4300,Closes soon · 5 pm · Opens 7:30 am Thu,https://lh3.googleusercontent.com/gps-cs-s/APNQkAH5d_5Z51QQRBnvuXP8J84nB69HEvh-ddF3S6qyEak0KRFiE1H5mhnv6sQAtG2G-NyxDJ6DYpxge4yPYPcCEUZO17wPJIcT6AMN-LyUvlQjtTQRTErbp6gOxDMVfGJwgT8tcdLoQUlKah0=w426-h240-k-no,true,7:30 am–5 pm,7:30 am–5 pm,7:30 am–5 pm,Closed,Closed,7:30 am–5 pm,7:30 am–5 pm,"https://www.google.com/maps/search/commercial+landscaping+businesses+in+Bryant+Little+Rock+AR/@34.624568,-92.4995407,14z",2026-04-29T21:42:21.794Z,,,
"https://www.google.com/maps/place/Country+Inn+%26+Suites+by+Radisson,+Bryant+%28Little+Rock%29,+AR/data=!4m10!3m9!1s0x87cd57abd87fca1b:0x4d15ac4339d4cab9!5m2!4m1!1i2!8m2!3d34.6214727!4d-92.4967663!16s%2Fg%2F11c1w7hhrg!19sChIJG8p_2KtXzYcRucrUOUOsFU0","Country Inn & Suites by Radisson, Bryant (Little Rock), AR",3.8,366,,"2915 Main St, Bryant, AR 72022, United States","JGC3+H7 Bryant, Arkansas, USA",https://www.choicehotels.com/arkansas/bryant/country-inn-suites-hotels/ar365?mc=llgoxxpx,+1 501-847-0900,,https://lh3.googleusercontent.com/gps-cs-s/APNQkAHDtdmvJGRGBUcYXQawGTzUI0COr8ZMmEljL878SCyBvCVESH409gprSqOxzXxqZC6H5zvgHNtIpzTO3egN_a1PiMyDxwXCGb4uqk0ZATE41Sj8EH_0mFpKdguoTyrfBjfm_uIH4ueZSKr8=w426-h240-k-no,true,,,,,,,,"https://www.google.com/maps/search/commercial+landscaping+businesses+in+Bryant+Little+Rock+AR/@34.624568,-92.4995407,14z",2026-04-29T21:42:24.491Z,,,
https://www.google.com/maps/place/Coleman%27s+Lawn+Care+Services/data=!4m7!3m6!1s0x80ff33c105db9b23:0x7b092a0e61123249!8m2!3d34.738786!4d-92.363575!16s%2Fg%2F11y3dx6qdg!19sChIJI5vbBcEz_4ARSTISYQ4qCXs,Coleman's Lawn Care Services,4.9,52,Lawn care service,,,https://www.activemember.com/colemanslawncareservices,+1 501-960-2175,Open · Closes 7 pm,https://lh3.googleusercontent.com/gps-cs-s/APNQkAHs7fUpJ2lW4b_GuTMHAAA3-dGD1inIoSHI0_trVxZ-LukoumoJM4F1HY05WQ0M0e51Ju44li2Z52fPH797vTWPTw8DbOCWItbDy-NdRZPLdtpv53_m8xsJPeP5PezlOmHEbRj-=w426-h240-k-no,true,7 am–7 pm,7 am–7 pm,7 am–7 pm,7 am–2 pm,Closed,7 am–7 pm,7 am–7 pm,"https://www.google.com/maps/search/commercial+landscaping+businesses+in+Bryant+Little+Rock+AR/@34.624568,-92.4995407,14z",2026-04-29T21:42:28.695Z,,,
https://www.google.com/maps/place/Hw+services+of+Arkansas/data=!4m7!3m6!1s0x641146de4cd44941:0xd1c82f60143114b3!8m2!3d34.8180194!4d-92.3167155!16s%2Fg%2F11sxvxhs3c!19sChIJQUnUTN5GEWQRsxQxFGAvyNE,Hw services of Arkansas,4.8,17,Carpenter,,,,+1 501-471-5010,Open 24 hours,https://lh3.googleusercontent.com/gps-cs-s/APNQkAFqAqhsBk_BLcB0hGTpxVojEYykCM88uCAYQvBH-KQhQGw8zBSzCJYbL365mgUmah5pwDZ8KFtE-uL_B4rY7uE9ywwNzppAG9eWB5M3VUCbTGS_4p4InYiacV7zUrb2UBPwkT9syQ=w408-h514-k-no,true,Open 24 hours,Open 24 hours,Open 24 hours,Open 24 hours,Closed,Open 24 hours,Open 24 hours,"https://www.google.com/maps/search/commercial+landscaping+businesses+in+Bryant+Little+Rock+AR/@34.624568,-92.4995407,14z",2026-04-29T21:42:32.981Z,,,
https://www.google.com/maps/place/Walmart+Garden+Center/data=!4m7!3m6!1s0x87cd57a8d5393ae5:0x2949cdf3a7068e82!8m2!3d34.6242002!4d-92.4951201!16s%2Fg%2F11d_8x4gbd!19sChIJ5To51ahXzYcRgo4Gp_PNSSk,Walmart Garden Center,5.0,2,Garden center,"400 Bryant Ave, Bryant, AR 72022, United States","JGF3+MX Bryant, Arkansas, USA",https://www.walmart.com/store/3230-bryant-ar/patio-garden-services/?veh=seo_loc,+1 501-847-2857,Open · Closes 11 pm,https://lh3.googleusercontent.com/gps-cs-s/APNQkAGNnHWPBsAIUc97w3sGzGhMJ1lXvmXidIGU8zQ4aPqbC952E_xrKFGUDY2Q8dllxVG2PC7tudPV7TeTXwKgZ28GbQAM0TLwrU6ocwya_eOq5MwZ2XUJPIst6WUPpnN4td0bCDM=w425-h240-k-no,true,6 am–11 pm,6 am–11 pm,6 am–11 pm,6 am–11 pm,6 am–11 pm,6 am–11 pm,6 am–11 pm,"https://www.google.com/maps/search/commercial+landscaping+businesses+in+Bryant+Little+Rock+AR/@34.624568,-92.4995407,14z",2026-04-29T21:42:37.181Z,· In-store shopping · Kerbside pickup · Delivery,,
https://www.google.com/maps/place/Bass+Pro+Shops/data=!4m7!3m6!1s0x87d2a89ce503960b:0x6d152a6f30478f14!8m2!3d34.658703!4d-92.4092138!16s%2Fg%2F1yglpdg8m!19sChIJC5YD5Zyo0ocRFI9HMG8qFW0,Bass Pro Shops,4.5,4957,Sporting goods store,"1 Bass Pro Dr, Little Rock, AR 72210, United States","MH5R+F8 Little Rock, Arkansas, USA",https://stores.basspro.com/us/ar/little-rock/1-bass-pro-dr.html?y_source=1_MzAxMTU1MS03MTUtbG9jYXRpb24ud2Vic2l0ZQ%3D%3D,+1 501-954-4500,"Open · Closes 9 pm

Confirmed by this business 3 weeks ago",https://lh3.googleusercontent.com/gps-cs-s/APNQkAEAzEjCnSl7Jm5oPHPt0LwjfPCagqUViKsxMedPQTkjbRIB9UwmnTR_mToMIRuSojO1hbnwAPKZ1qJrzaannVKbsYvI0aQhBfopGDEWtctyPDrf_AoPL5ihlb504YzQyTw0sgeMyNrk9RE=w408-h544-k-no,true,9 am–9 pm,9 am–9 pm,9 am–9 pm,9 am–9 pm,10 am–7 pm,9 am–9 pm,9 am–9 pm,"https://www.google.com/maps/search/commercial+landscaping+businesses+in+Bryant+Little+Rock+AR/@34.624568,-92.4995407,14z",2026-04-29T21:42:48.072Z,"Chain known for its large, wilderness-themed stores & wide array of hunting, fishing & outdoor gear. · In-store shopping · Kerbside pickup",,
https://www.google.com/maps/place/Lowe%27s+Home+Improvement/data=!4m7!3m6!1s0x87cd57ab3cc966cd:0x8172eb81c6c55349!8m2!3d34.617094!4d-92.496878!16s%2Fg%2F1trsyjxc!19sChIJzWbJPKtXzYcRSVPFxoHrcoE,Lowe's Home Improvement,4.1,1783,Home improvement store,"2330 N Reynolds Rd, Bryant, AR 72022, United States","JG83+R6 Bryant, Arkansas, USA",https://www.lowes.com/store/AR-Bryant/2471?cm_mmc=lod-_-c-_-lcl-_-awr-_-yxt-_-go-_-2471-_-na-_-0-_-0&y_source=1_MTE4MzQwNy03MTUtbG9jYXRpb24ud2Vic2l0ZQ%3D%3D,+1 501-213-2000,,https://lh3.googleusercontent.com/gps-cs-s/APNQkAHgkDBHr0AQjRdAKOyj95lV3m2AmwAhh2rBKYOileSXiQP7jdYVLz90vrRLcyMgFX3p7NbUpxVolnDHNyQcFd4enTZ1yQDmN__sNw2hjJCafxhZAEnIZlqnJecPOFr6_8NpR6CnkPvVuIv0=w408-h272-k-no,true,3–8 pm,3–8 pm,3–8 pm,Closed,Closed,3–8 pm,3–8 pm,"https://www.google.com/maps/search/commercial+landscaping+businesses+in+Bryant+Little+Rock+AR/@34.624568,-92.4995407,14z",2026-04-29T21:42:52.508Z,"Home improvement chain for appliances & gardening supplies, plus tools & hardware. · In-store shopping · In-store pick-up · Delivery",,
https://www.google.com/maps/place/La+Quinta+Inn+%26+Suites+by+Wyndham+Little+Rock+-+Bryant/data=!4m10!3m9!1s0x87cd5700b027df47:0xb8e4aae3703ed469!5m2!4m1!1i2!8m2!3d34.6213317!4d-92.5010943!16s%2Fg%2F1td33l1n!19sChIJR98nsABXzYcRadQ-cOOq5Lg,La Quinta Inn & Suites by Wyndham Little Rock - Bryant,4.4,1042,,"408 W Commerce St, Bryant, AR 72022, United States","JFCX+GH Bryant, Arkansas, USA",https://www.wyndhamhotels.com/laquinta/bryant-arkansas/la-quinta-little-rock-bryant/overview?CID=LC:6ysy27krtpcrqev:52764&iata=00093796,+1 501-847-9494,,https://lh3.googleusercontent.com/gps-cs-s/APNQkAH4WJCY_XG_M6bg-2jvMaDilKyPMARRJqFkQrXA93Y3dg3YUQyEWULRM9I2f8RAa-SbPODtTPYeP5iDeT4_XHTi2oPt23TmpEry3dtjrFsAhZrVvcjI8lBy4xNmqFlxm3eEaKP97QZ_PyMS=w408-h292-k-no,true,,,,,,,,"https://www.google.com/maps/search/commercial+landscaping+businesses+in+Bryant+Little+Rock+AR/@34.624568,-92.4995407,14z",2026-04-29T21:42:54.981Z,,,
https://www.google.com/maps/place/Family+of+Many+Trades/data=!4m7!3m6!1s0x87d2ad3633a47fcd:0x19189f39a26e1761!8m2!3d34.540127!4d-92.3732253!16s%2Fg%2F11l30k_sbc!19sChIJzX-kMzat0ocRYRduojmfGBk,Family of Many Trades,4.8,17,Handyman/Handywoman/Handyperson,"8012 Short Ln, Mabelvale, AR 72103, United States","GJRG+3P Mabelvale, Little Rock, AR, USA",https://familyofmanytrades.com/,+1 501-414-4604,Open · Closes 7 pm,https://lh3.googleusercontent.com/gps-cs-s/APNQkAGYVX2U8AXBxXzAJT8gaFVbH_xRNjZR2HGITMOYvfKbbo1c3Tmol8mJW05XSIOM43nyNfLjGblo5Bi3LIJHgbVoo_5O_3xbdqdT883sBS-pd5jijfoU5rMdrI6ajG38HkPgOIQbNg=w408-h544-k-no,true,7 am–7 pm,7 am–7 pm,7 am–7 pm,8 am–4 pm,12–4 pm,7 am–7 pm,7 am–7 pm,"https://www.google.com/maps/search/commercial+landscaping+businesses+in+Bryant+Little+Rock+AR/@34.624568,-92.4995407,14z",2026-04-29T21:42:59.294Z,,,
https://www.google.com/maps/place/Juan%27s+Lawns/data=!4m7!3m6!1s0x87d29f21b68ad735:0x291bb7d6bb20fd75!8m2!3d34.7563544!4d-92.3098805!16s%2Fg%2F1w96h891!19sChIJNdeKtiGf0ocRdf0gu9a3Gyk,Juan's Lawns,4.4,29,Landscaper,,,http://www.juans-lawns.com/,+1 501-454-4691,Closes soon · 5 pm · Opens 7 am Thu,https://lh3.googleusercontent.com/gps-cs-s/APNQkAEPdfl9eg_h6F7u1uHSJ2nAEvOCqGbPBynQJWgX5eg2MLSdcWIs1DeHKayStlITqYM4tUGoAyFHbhEqna07zB5pg46B28pSqV9-2mx4vtGoXiVCDuMBZHQLHzwZ-TK423-j96FsSQ=w408-h269-k-no,true,7 am–5 pm,7 am–5 pm,7 am–5 pm,Closed,Closed,7 am–5 pm,7 am–5 pm,"https://www.google.com/maps/search/commercial+landscaping+businesses+in+Bryant+Little+Rock+AR/@34.624568,-92.4995407,14z",2026-04-29T21:43:03.533Z,,LGBTQ+ friendly,
https://www.google.com/maps/place/McKenzie+Landscaping+%26+Sweepmaster+Inc/data=!4m7!3m6!1s0x87cd603c2e3d1e93:0x8b7f2d6bfcd796af!8m2!3d34.9004766!4d-92.5186405!16s%2Fg%2F11b6gpqj60!19sChIJkx49LjxgzYcRr5bX_Gstf4s,McKenzie Landscaping & Sweepmaster Inc,4.0,8,Landscaper,,,http://mckenzielandscape.com/,+1 501-868-5632,Open 24 hours,https://lh3.googleusercontent.com/gps-cs-s/APNQkAEXdWVteQUzh1f_0EaNGzsjRZoYB14X7_kX8wavzzSZ4ufSNllEvAyGLMYPg1OHkbbVrcbgrZYRPtRSQcaTRPD3Iza7D5uFIQjutP3aBZ9AUWXITVt7OsWprKy0rEpPnyNysXU=w408-h278-k-no,true,Open 24 hours,Open 24 hours,Open 24 hours,Open 24 hours,Open 24 hours,Open 24 hours,Open 24 hours,"https://www.google.com/maps/search/commercial+landscaping+businesses+in+Bryant+Little+Rock+AR/@34.624568,-92.4995407,14z",2026-04-29T21:43:07.693Z,,,
"https://www.google.com/maps/place/Byrons+lawn+care+%26+landscaping,+Lawn+care+%26+landscaping+Little+Rock,+AR/data=!4m7!3m6!1s0x87d2a56f45595555:0xb25c94bf318746b0!8m2!3d34.738786!4d-92.364872!16s%2Fg%2F11gg_wky46!19sChIJVVVZRW-l0ocRsEaHMb-UXLI","Byrons lawn care & landscaping, Lawn care & landscaping Little Rock, AR",4.6,13,Lawn care service,,,,+1 501-258-2000,Open · Closes 7 pm,https://lh3.googleusercontent.com/gps-cs-s/APNQkAEV7RXh-v3vdlWhRTzXKx3cvqnQ_Mm8EwOPk-F61cYXGSLXFuh2oqwpQNNJ7MZrEjhvXl34p-vdHYZcp6tLiWt3icRYSqZLgb_Mg5XS3QwPI_LzdLVOsOfvurV5a2x2oFuNn2A=w408-h544-k-no,true,7 am–7 pm,7 am–7 pm,7 am–7 pm,7 am–7 pm,Closed,7 am–7 pm,7 am–7 pm,"https://www.google.com/maps/search/commercial+landscaping+businesses+in+Bryant+Little+Rock+AR/@34.624568,-92.4995407,14z",2026-04-29T21:43:12.208Z,,,
https://www.google.com/maps/place/Lazer+Property+Services/data=!4m7!3m6!1s0x85d0b52f3a14fec5:0x46deafb889bdab86!8m2!3d34.456881!4d-92.630941!16s%2Fg%2F11pf1smn78!19sChIJxf4UOi-10IURhqu9ibiv3kY,Lazer Property Services,5.0,8,Landscaper,,,http://www.lazerpropertyservices.com/,+1 870-210-2000,Closes soon · 5 pm · Opens 8 am Thu,https://lh3.googleusercontent.com/gps-cs-s/APNQkAFPXwGqdr9a0Rz6zfATJk45YAiYUXKnYzbP-Qcbt3AR-sfVP7SJaNu9EMPdE0jAumJ6PoGyRDbMtq-moLd6Wp_LZ-bNekwxERo59IhZGpsTSo5FsH1T5kmxAmJqv4r1XtXQWtEFvQ=w408-h306-k-no,true,8 am–5 pm,8 am–5 pm,8 am–5 pm,Closed,Closed,8 am–5 pm,8 am–5 pm,"https://www.google.com/maps/search/commercial+landscaping+businesses+in+Bryant+Little+Rock+AR/@34.624568,-92.4995407,14z",2026-04-29T21:43:16.356Z,,,
https://www.google.com/maps/place/Target/data=!4m7!3m6!1s0x87cd56d01cf481a3:0xa8774da2eb0cf548!8m2!3d34.6040376!4d-92.5301614!16s%2Fg%2F1tdgvy5s!19sChIJo4H0HNBWzYcRSPUM66JNd6g,Target,4.2,551,Department store,"7377 Alcoa Rd, Bryant, AR 72022, United States","JF39+JW Bryant, Arkansas, USA",https://www.target.com/sl/bryant/2204,+1 501-776-4360,,https://lh3.googleusercontent.com/gps-cs-s/APNQkAG0kltc9ggRY2QqGfG5b7JYE3d_labJ3vR-Ifg383SHwGDSduyPYhD4wzr4hnKtklJ7KlrrTYLFWjP4Tuchi9BogXqDEBze4OgRlrJ-QwTY0x4uALiu-BClKcNhMOG8TVEHgg_c=w506-h240-k-no,true,Closed,11 am–7 pm,11 am–7 pm,11 am–7 pm,11 am–7 pm,11 am–7 pm,Closed,"https://www.google.com/maps/search/commercial+landscaping+businesses+in+Bryant+Little+Rock+AR/@34.624568,-92.4995407,14z",2026-04-29T21:43:20.740Z,"Retail chain offering home goods, clothing, electronics & more, plus exclusive designer collections. · In-store shopping · Kerbside pickup · Delivery",,
https://www.google.com/maps/place/B%26C+Lawn+and+Tree+LLC/data=!4m7!3m6!1s0x2aeb5b415ec69459:0xb03fb6e8677deddf!8m2!3d34.7845095!4d-92.6117754!16s%2Fg%2F11wfhs7ytz!19sChIJWZTGXkFb6yoR3-19Z-i2P7A,B&C Lawn and Tree LLC,5.0,1,Lawn care service,,,,+1 501-914-9029,Closed · Opens 8 am Thu,https://lh3.googleusercontent.com/gps-cs-s/APNQkAECoaGglyejpuN0lOwZADjts-wERQKUuaTL0AZQv37BmRShgO8kqYMyKoBWatUfwnK8ULOZDRoaqKVujzKCCcEWMeDFvXZelhMU8FM674o9m2-pMImkXZ6vKJ8ECNpYq1fszaQOTvznUIk=w408-h544-k-no,true,8 am–3:30 pm,8 am–3:30 pm,8 am–3:30 pm,Closed,Closed,8 am–3:30 pm,8 am–3:30 pm,"https://www.google.com/maps/search/commercial+landscaping+businesses+in+Bryant+Little+Rock+AR/@34.624568,-92.4995407,14z",2026-04-29T21:43:24.925Z,,,
https://www.google.com/maps/place/Midtown+landscaping+and+tree/data=!4m7!3m6!1s0x8530db7255fe98a1:0x91d51fd1d9fd5934!8m2!3d34.855871!4d-92.1867595!16s%2Fg%2F11wnql37fw!19sChIJoZj-VXLbMIURNFn92dEf1ZE,Midtown landscaping and tree,5.0,4,Lawn care service,,,https://www.midtownlandscapingandtreeservice.com/,+1 501-424-7922,Open · Closes 7 pm,https://lh3.googleusercontent.com/gps-cs-s/APNQkAFZqbfGLQHg3m83oRp6WuF_8swjJ3Hfe2I7fWD2bTWbdG-NmWupshZsKJ8bYNVCfKZfgoa81LtCcCq0SfpjTuhxK_obwT2Zlywq0vYGWEBtpwxkYWU8ndZaMSbO4nlk3YOYIU3x8IjRo3Nr=w408-h306-k-no,true,9 am–7 pm,9 am–7 pm,9 am–7 pm,9 am–7 pm,9 am–7 pm,9 am–7 pm,9 am–7 pm,"https://www.google.com/maps/search/commercial+landscaping+businesses+in+Bryant+Little+Rock+AR/@34.624568,-92.4995407,14z",2026-04-29T21:43:29.047Z,,,
https://www.google.com/maps/place/SM+Landscaping+Solutions/data=!4m7!3m6!1s0x2428dff7ea0cdc6f:0x66a6bede122d0048!8m2!3d34.7564005!4d-92.3129096!16s%2Fg%2F11rpf_2w0r!19sChIJb9wM6vffKCQRSAAtEt6-pmY,SM Landscaping Solutions,5.0,1,Lawn care service,,,https://www.facebook.com/SM-Landscaping-Solutions-LLC-103645724726399/,+1 501-269-5974,Open · Closes 7 pm,https://lh3.googleusercontent.com/gps-cs-s/APNQkAH18asgAhDU4jMgubJymPfQlkZTSe69bg8ahgEMmG4LMsi6BErpGCQnplVNK7FdsJ07DejKpogrZmiBleCexxq101SgIHIAefycJNCiRXTBQHhN8guQ98dpcsMQfbFAsQAmR6A=w408-h306-k-no,true,7 am–7 pm,7 am–7 pm,7 am–7 pm,7 am–7 pm,7 am–7 pm,7 am–7 pm,7 am–7 pm,"https://www.google.com/maps/search/commercial+landscaping+businesses+in+Bryant+Little+Rock+AR/@34.624568,-92.4995407,14z",2026-04-29T21:43:33.359Z,,,
https://www.google.com/maps/place/Howard+And+Sons+Lawn+Care+And+Drainage+Solutions/data=!4m7!3m6!1s0x87d2a717b6cbba9f:0xd6a47443997ddc8a!8m2!3d34.7403784!4d-92.4397505!16s%2Fg%2F11kqq_hvn1!19sChIJn7rLthen0ocRitx9mUN0pNY,Howard And Sons Lawn Care And Drainage Solutions,,,Lawn care service,"9 Pennsylvania Ct, Little Rock, AR 72223, United States","PHR6+53 Little Rock, Arkansas, USA",,+1 501-414-6743,Open · Closes 7 pm,https://lh3.googleusercontent.com/gps-cs-s/APNQkAEbjs4arAHfpfXM1cbG6Bk30Nsxm1QzVUTBVHdwd1fWvTexRPUyKxacqCfPKPaPujPNYHKAlhyJxBtwo-yEI_CQfviZPuu8P7EBRnB_T3RtXcfqdiLes6ALN2Pl5akIAbKB_dRgnA=w408-h306-k-no,true,9 am–7 pm,9 am–7 pm,9 am–7 pm,9 am–7 pm,9 am–7 pm,9 am–7:09 pm,9 am–7 pm,"https://www.google.com/maps/search/commercial+landscaping+businesses+in+Bryant+Little+Rock+AR/@34.624568,-92.4995407,14z",2026-04-29T21:43:37.607Z,,,
https://www.google.com/maps/place/B+%26+B+Lawns/data=!4m7!3m6!1s0x87d2b94b116d72d7:0xcb12c579ea1b8c54!8m2!3d34.7523052!4d-92.2072586!16s%2Fg%2F1tjfbt21!19sChIJ13JtEUu50ocRVIwb6nnFEss,B & B Lawns,5.0,1,Landscaper,"209 Mills St, North Little Rock, AR 72117, United States","QQ2V+W3 North Little Rock, Arkansas, USA",,+1 501-960-1680,,https://streetviewpixels-pa.googleapis.com/v1/thumbnail?panoid=VMG70VCYPp1tNAgLMaLObA&cb_client=search.gws-prod.gps&w=408&h=240&yaw=293.4027&pitch=0&thumbfov=100,false,,,,,,,,"https://www.google.com/maps/search/commercial+landscaping+businesses+in+Bryant+Little+Rock+AR/@34.624568,-92.4995407,14z",2026-04-29T21:43:39.686Z,,,
https://www.google.com/maps/place/Walmart+Supercenter/data=!4m7!3m6!1s0x87cd57aed0dba163:0x3161edbe2e70187c!8m2!3d34.6238568!4d-92.4945568!16s%2Fg%2F1td6h00c!19sChIJY6Hb0K5XzYcRfBhwLr7tYTE,Walmart Supercenter,3.9,4741,Department store,"400 Bryant Ave, Bryant, AR 72022, United States","JGF4+G5 Bryant, Arkansas, USA",https://www.walmart.com/store/3230-bryant-ar/?veh=seo_loc,+1 501-847-2857,,https://lh3.googleusercontent.com/gps-cs-s/APNQkAF_9NkN8iBOqxlaXATqDolX-pSxMhiAsgnZ5bkjCTDAFPhm5gh_bycDRKTD_z3QFeoSUbSCMRyF5yLNEWMJW4Hf_pz1Z2arlaQtOLolV0UhM4-ZGLP204yvZBk1nMCyg4hJqTFenahfu00=w408-h355-k-no,true,8 am–8 pm,8 am–8 pm,8 am–8 pm,8 am–8 pm,8 am–8 pm,8 am–8 pm,8 am–8 pm,"https://www.google.com/maps/search/commercial+landscaping+businesses+in+Bryant+Little+Rock+AR/@34.624568,-92.4995407,14z",2026-04-29T21:43:44.163Z,· In-store shopping · Kerbside pickup · Delivery,,
https://www.google.com/maps/place/Gordon%27s+Complete+Lawn+Care+%26+Gutter+Cleaning/data=!4m7!3m6!1s0x87d2bcabd4fb5bc7:0xadf4167db9afe9f7!8m2!3d34.8180194!4d-92.392453!16s%2Fg%2F11f31h02_8!19sChIJx1v71Ku80ocR9-mvuX0W9K0,Gordon's Complete Lawn Care & Gutter Cleaning,4.6,86,Gutter cleaning service,,,https://www.gordonscompletelawncare.com/,+1 501-658-9286,Closes soon · 5 pm · Opens 8 am Thu,https://lh3.googleusercontent.com/gps-cs-s/APNQkAF5xNKKBWqDmNVsfY8cblxEUMDYR7kknru0YuobU6XjoZT-_zPTphSyxppqdcVoJXUoL-SJjBtznK92SEVL68kEMAgU9CgyGjRXJBq2XUTpGeKBoH2u3KW_9eU9JldaEzH8J2K5=w408-h271-k-no,true,8 am–5 pm,8 am–5 pm,8 am–5 pm,9–11 am,Closed,8 am–5 pm,8 am–5 pm,"https://www.google.com/maps/search/commercial+landscaping+businesses+in+Bryant+Little+Rock+AR/@34.624568,-92.4995407,14z",2026-04-29T21:43:48.456Z,,,
https://www.google.com/maps/place/GreenScape+Lawn+Solutions+LLC/data=!4m7!3m6!1s0x7d9e8fc6c3cc7b9:0xb908095904828817!8m2!3d34.7845615!4d-92.297334!16s%2Fg%2F11whrywwtj!19sChIJucc8bPzo2QcRF4iCBFkJCLk,GreenScape Lawn Solutions LLC,5.0,1,Lawn care service,,,https://greenscapelawnsolutionllc.com/,+1 501-349-3757,Closes soon · 5 pm · Opens 8 am Thu,https://lh3.googleusercontent.com/gps-cs-s/APNQkAHWLQmRdLSDnCxeiTaIuM7c5bceXQ2dmZM1ud5y6tCeozTd6ChIAe907GXGS2VxczjPSxtJwcC_9jGnTmAZrEtdPAO9KXSSPbgiG4qtLT91iZK6VZ4O5Bi0ZQgJPlbdWRCnlVWp=w408-h544-k-no,true,8 am–5 pm,8 am–5 pm,8 am–5 pm,Closed,Closed,8 am–5 pm,8 am–5 pm,"https://www.google.com/maps/search/commercial+landscaping+businesses+in+Bryant+Little+Rock+AR/@34.624568,-92.4995407,14z",2026-04-29T21:43:52.570Z,,Identifies as veteran-owned,
https://www.google.com/maps/place/Dylan+Tree+Services+LLC/data=!4m7!3m6!1s0x6afb7aa58bdfce45:0xb279a1209d105ec!8m2!3d34.646181!4d-92.2876456!16s%2Fg%2F11tff7py9b!19sChIJRc7fi6V6-2oR7AXRCRKaJws,Dylan Tree Services LLC,5.0,275,Tree service,,,http://www.dylantreeservicesllc.com/,+1 501-541-6073,Open · Closes 6 pm,https://lh3.googleusercontent.com/gps-cs-s/APNQkAFMnwvOhy3HxnGo6jTaBa-DKr1UpDmQDjWLlcQu-6CI97C7tPBwtbimhw2ewtENaPFRt3ppyPNh1q-8Cf1KPXojlehWE0FWfglWQAjea-zXRKWzWg7WrmT3EyzDYvUptgtYZBbU7bl2qGRV=w408-h544-k-no,true,7 am–6 pm,7 am–6 pm,7 am–6 pm,8 am–5 pm,8 am–5 pm,7 am–6 pm,7 am–6 pm,"https://www.google.com/maps/search/commercial+landscaping+businesses+in+Bryant+Little+Rock+AR/@34.624568,-92.4995407,14z",2026-04-29T21:43:56.949Z,,,
https://www.google.com/maps/place/Garcia+%26+Son+Roofing+%26+Gutters/data=!4m7!3m6!1s0x87cd590541351c1d:0xd14cdbd0bfcf7501!8m2!3d34.646181!4d-92.5251466!16s%2Fg%2F1tg7sk37!19sChIJHRw1QQVZzYcRAXXPv9DbTNE,Garcia & Son Roofing & Gutters,4.6,166,Roofing contractor,,,https://www.garciaandsonroofing.com/,+1 501-424-6757,Open 24 hours,https://lh3.googleusercontent.com/gps-cs-s/APNQkAHNEkDOfYAP6GpuqMvi99wgQzii8sU1JVP0tMF6jPY8hdr62Pg-adl-HlxPySsNr15cpx7GLWTf-W0balpnRpvhQv1Ma4mqx0hBVubxhDwq7NJcoBFlIevtoFh_j9ap7OQrgS4O=w426-h240-k-no,true,Open 24 hours,Open 24 hours,Open 24 hours,Open 24 hours,Open 24 hours,Open 24 hours,Open 24 hours,"https://www.google.com/maps/search/commercial+landscaping+businesses+in+Bryant+Little+Rock+AR/@34.624568,-92.4995407,14z",2026-04-29T21:44:01.235Z,,,
"https://www.google.com/maps/place/Clark%27s+Client+Services,+LLC/data=!4m7!3m6!1s0x862d4bb6b8696047:0x995043e8400a7f0d!8m2!3d34.7520156!4d-92.129428!16s%2Fg%2F1vc8258g!19sChIJR2BpuLZLLYYRDX8KQOhDUJk","Clark's Client Services, LLC",4.5,12,Contractor,,,https://www.clarksclientservices.com/,+1 501-226-2003,Open · Closes 6 pm,https://lh3.googleusercontent.com/gps-cs-s/APNQkAGdXTgmzSRQ643WNseu7xgwKuKCcmVbWTI_FjD0Jd_chxC1nEl5UfFvMq3VcoZuSy8ayV37r2xGcZLFlEs-JXV8Sz2vqalmX3S17PZdc8axIloIZZPoiqOd9xbL0qmdNUVcAHWp=w426-h240-k-no,true,8 am–6 pm,8 am–6 pm,8 am–6 pm,Closed,Closed,8 am–6 pm,8 am–6 pm,"https://www.google.com/maps/search/commercial+landscaping+businesses+in+Bryant+Little+Rock+AR/@34.624568,-92.4995407,14z",2026-04-29T21:44:05.407Z,,,
https://www.google.com/maps/place/Little+Rock+Sod+Company/data=!4m7!3m6!1s0x639cbdc3f1e83d7:0xb5f8465ebf58f088!8m2!3d34.723729!4d-92.336112!16s%2Fg%2F11sdr0g3tx!19sChIJ14MeP9zLOQYRiPBYv15G-LU,Little Rock Sod Company,5.0,11,Sod supplier,,,https://www.littlerocksodcompany.com/,+1 501-999-0947,Closes soon · 5 pm · Opens 8 am Thu,https://lh3.googleusercontent.com/gps-cs-s/APNQkAGqXJvfzOUahYtbOk9Tx9Vkfy0WlEYUOhKuU75PfgUeIUdZefw10Ie93W1joD_c8wDu0zE8lB9h7NeWkD_O-fRRvUnrcaVBDW1HU4_x0KXC-bvinXoJY18DzUdYEv2gjCeP_p5x=w426-h240-k-no,true,8 am–5 pm,8 am–5 pm,8 am–5 pm,8 am–3 pm,Closed,8 am–5 pm,8 am–5 pm,"https://www.google.com/maps/search/commercial+landscaping+businesses+in+Bryant+Little+Rock+AR/@34.624568,-92.4995407,14z",2026-04-29T21:44:09.631Z,,,
https://www.google.com/maps/place/Dollar+General/data=!4m7!3m6!1s0x87cd571e69c4af8f:0x495e06f3ba6bf044!8m2!3d34.6169958!4d-92.5164215!16s%2Fg%2F1262lmkbh!19sChIJj6_EaR5XzYcRRPBruvMGXkk,Dollar General,4.2,226,Dollar store,"2415 Springhill Rd, Bryant, AR 72022, United States","JF8M+QC Bryant, Arkansas, USA",https://www.dollargeneral.com/store-directory/ar/bryant/13365,+1 501-481-1270,Open · Closes 10 pm,https://lh3.googleusercontent.com/gps-cs-s/APNQkAHTIqtRZx5quc1R65q83ZwbfwyNK-nW2y8weK5GjbJDpkkvBu7zec-jjjkX0gRgjArTH257T26_ambbcyjmlkM-F1W_wnUI7IF9NkBM4i8tq6iydALp4_Yjyy9eVl-5Crj8M4JmBxoBe7nC=w408-h612-k-no,true,8 am–10 pm,8 am–10 pm,8 am–10 pm,8 am–10 pm,8 am–10 pm,8 am–10 pm,8 am–10 pm,"https://www.google.com/maps/search/commercial+landscaping+businesses+in+Bryant+Little+Rock+AR/@34.624568,-92.4995407,14z",2026-04-29T21:44:14.111Z,"Bargain retail chain selling a range of household goods, groceries, beauty products & more. · In-store shopping · Delivery",,
https://www.google.com/maps/place/Dollar+General/data=!4m7!3m6!1s0x87cd56555a3fbac3:0xe80eedd5f2b3b19b!8m2!3d34.6151143!4d-92.4997741!16s%2Fg%2F1tp_6y6y!19sChIJw7o_WlVWzYcRm7Gz8tXtDug,Dollar General,4.0,217,Dollar store,"2205 N Reynolds Rd, Bryant, AR 72022, United States","JG82+23 Bryant, Arkansas, USA",https://www.dollargeneral.com/store-directory/ar/bryant/2020,+1 501-481-1210,Open · Closes 9 pm,https://lh3.googleusercontent.com/gps-cs-s/APNQkAE9_XaylycGbD9qZ-Dpi9cTFG5fQH1822Cd3xVyCbojWbnHzTk9iUiymbT2HNSI0QIXAtNmlHeNf5sNBC2zHpsiChQybEeA9vUuMXIeLDD8XWx7hPBpYeR1UCX7ivX0Fao_AynsKrZEhpXi=w408-h612-k-no,true,8 am–9 pm,8 am–9 pm,8 am–9 pm,8 am–9 pm,8 am–9 pm,8 am–9 pm,8 am–9 pm,"https://www.google.com/maps/search/commercial+landscaping+businesses+in+Bryant+Little+Rock+AR/@34.624568,-92.4995407,14z",2026-04-29T21:44:18.727Z,"Bargain retail chain selling a range of household goods, groceries, beauty products & more. · In-store shopping · Delivery",,
https://www.google.com/maps/place/More+Handy+Company+%28Furniture+Assembly+and+Installation%29/data=!4m7!3m6!1s0x4d76b5321312b34f:0x582d511a99f63f14!8m2!3d34.5915425!4d-92.3688325!16s%2Fg%2F11rtvvcs8_!19sChIJT7MSEzK1dk0RFD_2mRpRLVg,More Handy Company (Furniture Assembly and Installation),5.0,32,Handyman/Handywoman/Handyperson,,,https://www.morehandycompany.com/,+1 501-500-2701,Open · Closes 6 pm,https://lh3.googleusercontent.com/gps-cs-s/APNQkAHrk2kQgc_HkX_jX_3hmRTX72EXS4MksH5Cjz4TXGnmQpO7SAVek7skyLncigZRCfecWPOfZJojyaMYxz4tT18ETXhia8cUXQ7orAihXhpKqGuaoLIRzdY3Vgwo-P4W-WcZ7JggzjblnY3o=w408-h594-k-no,true,8 am–6 pm,8 am–6 pm,8 am–6 pm,8 am–2 pm,Closed,8 am–6 pm,8 am–6 pm,"https://www.google.com/maps/search/commercial+landscaping+businesses+in+Bryant+Little+Rock+AR/@34.624568,-92.4995407,14z",2026-04-29T21:44:22.886Z,,,
https://www.google.com/maps/place/The+Fellas/data=!4m7!3m6!1s0xa3f0faea605b2d1d:0x509d0a21247dff63!8m2!3d34.723729!4d-92.336112!16s%2Fg%2F11vyqgmqnt!19sChIJHS1bYOr68KMRY_99JCEKnVA,The Fellas,5.0,1,Pressure washing service,,,https://the-fellas.com/,+1 501-400-4530,Open 24 hours,https://lh3.googleusercontent.com/gps-cs-s/APNQkAE5pPDgqB-Mqig9_IU62y5zFQo6S-um2omsJ8cVAlHOYQFlSNm2QDXB1nDUypZJopQRyUbEf-HgU0lPdjVoIHszLRe1LIUWyTdCfPdHjSYJhsLgOWBO3itCPSXwQ1gBqytlZQcMIw=w408-h395-k-no,true,Open 24 hours,Open 24 hours,Open 24 hours,Open 24 hours,Open 24 hours,Open 24 hours,Open 24 hours,"https://www.google.com/maps/search/commercial+landscaping+businesses+in+Bryant+Little+Rock+AR/@34.624568,-92.4995407,14z",2026-04-29T21:44:27.093Z,,,
https://www.google.com/maps/place/Kroger+Marketplace/data=!4m7!3m6!1s0x87cd51309d85704f:0x76c3a7f9f414bb80!8m2!3d34.610649!4d-92.530793!16s%2Fg%2F11bw6qkqvl!19sChIJT3CFnTBRzYcRgLsU9Pmnw3Y,Kroger Marketplace,4.3,1103,Grocery store,"20820 I-30, Benton, AR 72019, United States","JF69+7M Benton, Arkansas, USA",https://www.kroger.com/stores/grocery/ar/benton/benton-marketplace/025/00629?cid=loc_02500629_gmb,+1 501-574-3880,,https://lh3.googleusercontent.com/gps-cs-s/APNQkAFrCXyDa4L3wFOgxwXzXZk5X4pqWzoOVgjKMZs-ojVZZQ79rGdGt-ep9B6UM4R9SNNwNQ5yqArjv4_tul8rrFlsV-o9RLuuPVKHm-eAfQ4E2C0K7EWvdY0ts49XlWEdjIRlDcIe=w408-h544-k-no,true,"8 am–1 pm, 1:30–7 pm","8 am–1 pm, 1:30–7 pm","8 am–1 pm, 1:30–7 pm","9 am–1 pm, 1:30–6 pm","10 am–1 pm, 1:30–5 pm","8 am–1 pm, 1:30–7 pm","8 am–1 pm, 1:30–7 pm","https://www.google.com/maps/search/commercial+landscaping+businesses+in+Bryant+Little+Rock+AR/@34.624568,-92.4995407,14z",2026-04-29T21:44:31.589Z,"Large supermarket chain with deli & bakery departments, plus health & beauty products. · In-store shopping · Kerbside pickup · Delivery",LGBTQ+ friendly,
https://www.google.com/maps/place/American+Lawn+%26+Landscape/data=!4m7!3m6!1s0x87d2ed3f45d8e6ff:0xb0044528c4f2015e!8m2!3d34.9930146!4d-92.0564375!16s%2Fg%2F11c6v_dbbf!19sChIJ_-bYRT_t0ocRXgHyxChFBLA,American Lawn & Landscape,5.0,3,Lawn care service,,,,+1 501-988-0025,Open · Closes 7 pm,https://lh3.googleusercontent.com/gps-cs-s/APNQkAGf8L5RiiThhELsi1Nq4tYizMmxQ5hHHFvq_XtIa4wfuo5dMDJOSIzujeaAPX1ypKH0wLkCo6M-wMd414ux8FY6amL8oHVpzSDOujXxBZ2pZy5pEJpy26eVp9QWu6ucQgLjccT7=w408-h306-k-no,true,7 am–7 pm,7 am–7 pm,7 am–7 pm,7 am–7 pm,Closed,7 am–7 pm,7 am–7 pm,"https://www.google.com/maps/search/commercial+landscaping+businesses+in+Bryant+Little+Rock+AR/@34.624568,-92.4995407,14z",2026-04-29T21:44:35.705Z,,,
https://www.google.com/maps/place/Decker+Lawnscape+LLC/data=!4m7!3m6!1s0x87d2a3fceaeb2119:0x57a35feeddf1bd15!8m2!3d34.723729!4d-92.336112!16s%2Fg%2F11h9kzvv3c!19sChIJGSHr6vyj0ocRFb3x3e5fo1c,Decker Lawnscape LLC,3.0,2,Lawn care service,,,,+1 501-247-4776,Closes soon · 5 pm · Opens 8 am Thu,https://lh3.googleusercontent.com/gps-cs-s/APNQkAHDGehOCpdJKXPIWeLixFLjDkAzbFUA63su3goX_rhmrBFd1BhDl8kP1_7810o2d2JtqI8k2DdXkVVHoGTZYtZ3XdVt7qjHiUeGN_FqzY0Zl-j3e_XZ0v3pQu0H8gyw9uCqNjSw=w408-h282-k-no,true,8 am–5 pm,8 am–5 pm,8 am–5 pm,8 am–5 pm,12 am–5 pm,8 am–5 pm,8 am–5 pm,"https://www.google.com/maps/search/commercial+landscaping+businesses+in+Bryant+Little+Rock+AR/@34.624568,-92.4995407,14z",2026-04-29T21:44:40.291Z,,,
https://www.google.com/maps/place/Garden+Valley+Lawn+Care/data=!4m7!3m6!1s0x2e13363f79431099:0x56bd867af9212db3!8m2!3d34.7460205!4d-92.473215!16s%2Fg%2F11rq988q2y!19sChIJmRBDeT82Ey4Rsy0h-XqGvVY,Garden Valley Lawn Care,5.0,1,Lawn care service,,,,+1 501-350-4333,Open · Closes 7 pm,https://lh3.googleusercontent.com/gps-cs-s/APNQkAEZsuNrd9ORhqruoRz2mez8UlMnUCFLV5egWGT-vlGHu3gK3H58-t46w-hIzJhOi1MWh1kEFH3ulk3HjjatSBihV5H1qGclkfo3RJe4x4rcmHiHiKPjoKV0yJbRjIVQdh8QAmY1=w408-h272-k-no,true,8 am–7 pm,8 am–7 pm,8 am–7 pm,Closed,Closed,8 am–7 pm,8 am–7 pm,"https://www.google.com/maps/search/commercial+landscaping+businesses+in+Bryant+Little+Rock+AR/@34.624568,-92.4995407,14z",2026-04-29T21:44:44.438Z,,,
https://www.google.com/maps/place/Vega%27s+Landscaping/data=!4m7!3m6!1s0x85a11aad14b5fd33:0x7ca2d1a484baa3fc!8m2!3d34.723729!4d-92.336112!16s%2Fg%2F11synrzcs6!19sChIJM_21FK0aoYUR_KO6hKTRonw,Vega's Landscaping,,,Landscaper,,,https://m.facebook.com/vegaslandscaping1/,+1 501-413-0986,Open · Closes 7 pm,https://lh3.googleusercontent.com/gps-cs-s/APNQkAEfFgeqgT29KWdbWm0vWpbM_FeKHtrsm_JU-onop6ehMtUxRcZYhicVQxrIRnpqws06VCpkMu4hdjPuQzlpuQneTB_0lXkf53VC9Ii5IxCXnQaqpxhY05meBqwEiF5Jb1-nVhBp=w408-h306-k-no,true,7 am–7 pm,7 am–7 pm,7 am–7 pm,7 am–7 pm,8 am–3 pm,7 am–7 pm,7 am–7 pm,"https://www.google.com/maps/search/commercial+landscaping+businesses+in+Bryant+Little+Rock+AR/@34.624568,-92.4995407,14z",2026-04-29T21:44:48.532Z,,,
https://www.google.com/maps/place/Vasquez+Tree+Service/data=!4m7!3m6!1s0x87d2af3f92796dbd:0xb009ddd0ec98518c!8m2!3d34.723729!4d-92.336112!16s%2Fg%2F1q69sdjc7!19sChIJvW15kj-v0ocRjFGY7NDdCbA,Vasquez Tree Service,4.7,129,Tree service,,,http://treeserviceslittlerock.net/?utm_source=gmb&utm_medium=organic,+1 501-817-7174,Open · Closes 7 pm,https://lh3.googleusercontent.com/gps-cs-s/APNQkAGPVWicluKK1rn6T6y6R5vL90gBnfH7wm59Tf-4pt3sWT2bq32QfIcUDRto8LNRg5c4-oSmQjxENctfjcFe-x1NFZDd8vMs7ufuzGrGVGp-q2rFl7TbCLZb55C8zHY-f0juxerD=w408-h318-k-no,true,7 am–7 pm,7 am–7 pm,7 am–7 pm,7 am–7 pm,7 am–7 pm,7 am–7 pm,7 am–7 pm,"https://www.google.com/maps/search/commercial+landscaping+businesses+in+Bryant+Little+Rock+AR/@34.624568,-92.4995407,14z",2026-04-29T21:44:52.882Z,,,
https://www.google.com/maps/place/Better+Business+Bureau+Serving+Arkansas/data=!4m7!3m6!1s0x87d2a6d1bd5b2f93:0x2f2acfc2a7e0b30a!8m2!3d34.8065435!4d-92.4671425!16s%2Fg%2F1vpfk1wt!19sChIJky9bvdGm0ocRCrPgp8LPKi8,Better Business Bureau Serving Arkansas,3.2,83,Non-profit organization,"17711 Cantrell Rd, Little Rock, AR 72223, United States","RG4M+J4 Little Rock, Arkansas, USA",http://www.bbb.org/ar,+1 501-664-4888,Closes soon · 5 pm · Opens 8 am Thu,https://lh3.googleusercontent.com/gps-cs-s/APNQkAGrJEJVYuZ_SsDLeb0Uj1ZjY-gwoHbahVsIcEm0QR-udVgFKj1k-15VbNkCv6aCMIpLvhIcXyEabnNvPndzAwBtFaGNy0U1-degptwDylYWWnmXmwsyr9SrYBtStekcz82vkkRw=w480-h240-k-no,true,8 am–5 pm,8 am–5 pm,8 am–5 pm,Closed,Closed,8 am–5 pm,8 am–5 pm,"https://www.google.com/maps/search/commercial+landscaping+businesses+in+Bryant+Little+Rock+AR/@34.624568,-92.4995407,14z",2026-04-29T21:44:57.244Z,,,
https://www.google.com/maps/place/Cuttin%27+It+Close+Lawn+and+Landscaping/data=!4m7!3m6!1s0x87d2df7cd2ed3c9b:0x13cf5b9949e9d616!8m2!3d34.831429!4d-92.1998075!16s%2Fg%2F11h21nkxtj!19sChIJmzzt0nzf0ocRFtbpSZlbzxM,Cuttin' It Close Lawn and Landscaping,1.0,1,Landscaper,,,,+1 501-920-2651,Open · Closes 8 pm,https://lh3.googleusercontent.com/gps-cs-s/APNQkAGt863BlUK_e2YznBSzJLQvSyHA6GAjW7U-FiYh-OW5MbrSjrosoq8IkYCBIVxxN9QCS06qaNil3ALb7Hx8K989Ez8FA6H58uGpgwj8qXigbFypx8NAehtwK34t0An-TfkewTc=w426-h240-k-no,true,8 am–8 pm,8 am–8 pm,8 am–8 pm,8 am–8 pm,Closed,8 am–8 pm,8 am–8 pm,"https://www.google.com/maps/search/commercial+landscaping+businesses+in+Bryant+Little+Rock+AR/@34.624568,-92.4995407,14z",2026-04-29T21:45:01.704Z,,,
https://www.google.com/maps/place/Dollar+General/data=!4m7!3m6!1s0x87cd5765e2e1c117:0x20ff6b1232b6bd27!8m2!3d34.6505791!4d-92.5152309!16s%2Fg%2F11d_ddbtp7!19sChIJF8Hh4mVXzYcRJ722MhJr_yA,Dollar General,4.2,145,Dollar store,"6015 Springhill Rd, Alexander, AR 72002, United States","MF2M+6W Alexander, Arkansas, USA",https://www.dollargeneral.com/store-directory/ar/alexander/18146,+1 501-943-5465,Open · Closes 10 pm,https://lh3.googleusercontent.com/gps-cs-s/APNQkAEmNNGFHQlJ8SXhmJ_ZFeaQ8eJ8DMCD6gNxZEZPMrRdmKGWFr15B9CgjARIk4HbbFLWqy6aNAa5sC7em_ZUJn6ZRd2iMNDILoXJaCpldYXzwsTB2ef5ycmOjySdiaGPJ-G3p5Hj2HSMbZ0W=w408-h612-k-no,true,7 am–10 pm,7 am–10 pm,7 am–10 pm,7 am–10 pm,7 am–10 pm,7 am–10 pm,7 am–10 pm,"https://www.google.com/maps/search/commercial+landscaping+businesses+in+Bryant+Little+Rock+AR/@34.624568,-92.4995407,14z",2026-04-29T21:45:06.238Z,"Bargain retail chain selling a range of household goods, groceries, beauty products & more. · In-store shopping · Delivery",,
"https://www.google.com/maps/place/Hays+Property+Solutions/@34.8402919,-92.3761215,10z/data=!3m1!4b1!4m6!3m5!1s0x2cbb1a78f2372739:0x65d36bf72772993d!8m2!3d34.8402919!4d-92.3761215!16s%2Fg%2F11tcfrptkz",Hays Property Solutions,,,Construction company,,,http://haysps.com/,+1 501-830-7174,Closes soon · 5 pm · Opens 8 am Thu,,true,8 am–5 pm,8 am–5 pm,8 am–5 pm,Closed,Closed,8 am–5 pm,8 am–5 pm,"https://www.google.com/maps/search/commercial+landscaping+businesses+in+Bryant+Little+Rock+AR/@34.624568,-92.4995407,14z",2026-04-29T21:45:12.334Z,,,
https://www.google.com/maps/place/Dollar+General/data=!4m7!3m6!1s0x87d2a8197bd96799:0xc3bd7d450a69108b!8m2!3d34.6449806!4d-92.4535324!16s%2Fg%2F1x5qt9mx!19sChIJmWfZexmo0ocRixBpCkV9vcM,Dollar General,4.0,250,Dollar store,"9433 AR-5 N, Alexander, AR 72002, United States","JGVW+XH Alexander, Arkansas, USA",https://www.dollargeneral.com/store-directory/ar/alexander/8028,+1 501-481-1200,Open · Closes 10 pm,https://lh3.googleusercontent.com/gps-cs-s/APNQkAFloWX8n38GRsB-a7v55jw-g2BRhZibLnD352hzlPTVAujz4eHs9fTTMdDUPzlklGb5dZ70HlvV7-8qYjpUEVLcc_1sA4NoYn5Tyf8cXNSVGnNQAH87fAGoCO6sZdv8GpcFHQqeizZiBQQ=w408-h612-k-no,true,8 am–10 pm,8 am–10 pm,8 am–10 pm,8 am–10 pm,8 am–10 pm,8 am–10 pm,8 am–10 pm,"https://www.google.com/maps/search/commercial+landscaping+businesses+in+Bryant+Little+Rock+AR/@34.624568,-92.4995407,14z",2026-04-29T21:45:16.730Z,"Bargain retail chain selling a range of household goods, groceries, beauty products & more. · In-store shopping · Delivery",,
https://www.google.com/maps/place/Diamond+State+Plumbing/data=!4m7!3m6!1s0x87d2a1313d09cc83:0xe51331f92d36055d!8m2!3d34.7582743!4d-92.3981211!16s%2Fg%2F11ghqc8mw5!19sChIJg8wJPTGh0ocRXQU2LfkxE-U,Diamond State Plumbing,4.8,198,Plumber,"506 Mimi Ln, Little Rock, AR 72211, United States","QJ52+8Q Little Rock, Arkansas, USA",https://www.diamondstateplumbing.net/,+1 501-585-5454,Closes soon · 5 pm · Opens 8 am Thu,https://lh3.googleusercontent.com/gps-cs-s/APNQkAGwl8X0ZTR2UCrHSj54DJthofd8JY4l9yQ0RPx8e_6XLLvEp7h3YxNGlAS080HJmVlPZKC_lCgBBJq2MWsNeLFsN4mQj-1Xlg5AXu8xVj448t114xAbjLWM5Su6xKuYL8BwlpY9ITsSg1F4=w408-h541-k-no,true,8 am–5 pm,8 am–5 pm,8 am–5 pm,Closed,Closed,8 am–5 pm,8 am–5 pm,"https://www.google.com/maps/search/commercial+landscaping+businesses+in+Bryant+Little+Rock+AR/@34.624568,-92.4995407,14z",2026-04-29T21:45:21.040Z,,LGBTQ+ friendly,
"https://www.google.com/maps/place/Little+Rock+Lawncare+%26+Landscp/@35.7692859,-85.8411625,6z/data=!3m1!4b1!4m6!3m5!1s0x87d2a5c54456c139:0x25a2cdc136b4bffc!8m2!3d35.7692859!4d-85.8411625!16s%2Fg%2F1thl5zh8",Little Rock Lawncare & Landscp,,,Lawn care service,,,,+1 501-562-6437,Closed · Opens 8 am Thu,,true,8 am–4 pm,8 am–4 pm,8 am–4 pm,Closed,Closed,8 am–4 pm,8 am–4 pm,"https://www.google.com/maps/search/commercial+landscaping+businesses+in+Bryant+Little+Rock+AR/@34.624568,-92.4995407,14z",2026-04-29T21:45:27.327Z,,,
https://www.google.com/maps/place/Sam+The+Concrete+Man+Little+Rock/data=!4m7!3m6!1s0x87d2bb7819c5b7d5:0x6fdb44fc95401f5!8m2!3d34.642541!4d-92.4365716!16s%2Fg%2F11smb4xv2j!19sChIJ1bfFGXi70ocR9QFUyU-0_QY,Sam The Concrete Man Little Rock,4.7,32,Concrete contractor,,,https://samtheconcreteman.com/arkansas/,+1 501-542-4001,,https://lh3.googleusercontent.com/gps-cs-s/APNQkAEd9gOcgD_9Nvc1Q8D94oh8FGoNcF6JKpB0QLjzVsr5n9v_JpRWydOyFUVod5p5wybCMCuUrAGDOtseJLOUjxOyCdOdtTfs5DWw6RgNbEb-sx-Cel6oLHwCXaBy-JPdpN7elXj2=w408-h306-k-no,true,,,,,,,,"https://www.google.com/maps/search/commercial+landscaping+businesses+in+Bryant+Little+Rock+AR/@34.624568,-92.4995407,14z",2026-04-29T21:45:29.556Z,,,true
https://www.google.com/maps/place/J%26A+Landscaping/data=!4m7!3m6!1s0x87d2bb6659725175:0x32cdd3e60b92b598!8m2!3d34.7317675!4d-92.2854788!16s%2Fg%2F11r10lsjkd!19sChIJdVFyWWa70ocRmLWSC-bTzTI,J&A Landscaping,5.0,3,Lawn care service,"S Ringo St, Little Rock, AR 72206, United States","PPJ7+PR Little Rock, Arkansas, USA",http://jalandscaping.net/?utm_source=gmb&utm_medium=referral,+1 501-618-5013,Open · Closes 6 pm,https://lh3.googleusercontent.com/gps-cs-s/APNQkAE8hyInNckNX5-WM9GkgP4415zFnZDZFVn324LipPLufi6aAKWSIL-Uf950SHOFD85ZnGBvuC5KHNPFLVBmBTZ4gAPgdX35DeJChVaC2XrKJICVB2f8er4Jx3BBNYnvptYd3BRA=w408-h306-k-no,true,6 am–6 pm,6 am–6 pm,6 am–6 pm,6 am–6 pm,Closed,6 am–6 pm,6 am–6 pm,"https://www.google.com/maps/search/commercial+landscaping+businesses+in+Heights+Little+Rock+AR/@34.7766427,-92.3344892,14z",2026-04-29T21:46:00.808Z,,,true
https://www.google.com/maps/place/Easy+On+The+Green+Lawn+Care/data=!4m7!3m6!1s0x45494bc4cd4d7ca3:0xeacb236fc00e1468!8m2!3d34.710579!4d-92.402353!16s%2Fg%2F11spx8l4l4!19sChIJo3xNzcRLSUURaBQOwG8jy-o,Easy On The Green Lawn Care,5.0,68,Landscaper,,,http://www.easyonthegreen.com/,+1 501-830-4449,Open · Closes 6:30 pm,https://lh3.googleusercontent.com/gps-cs-s/APNQkAEZfS-FvwQhqQ0SmHLLfs8bZgysit6Lf3SwTxG0-W2yZJJu8OK106MlPLt10czYF4-FiKMmmAMoIa55MzN3HWR0Y-f2lmyUE5xxLqRBW3oCaVSzhv-_fD4rMHMbyYiX1P0i4vTIBNPdNZui=w408-h408-k-no,true,7 am–6:30 pm,7 am–6:30 pm,7 am–6:30 pm,8 am–6:30 pm,11 am–5 pm,7 am–6:30 pm,7 am–6:30 pm,"https://www.google.com/maps/search/commercial+landscaping+businesses+in+Heights+Little+Rock+AR/@34.7766427,-92.3344892,14z",2026-04-29T21:46:05.119Z,,,
https://www.google.com/maps/place/Arkansas+Sod+%26+Turf+Farm/data=!4m7!3m6!1s0x87d2c6471bb6690b:0x4ce25a02efbfad0b!8m2!3d34.8173818!4d-92.3338963!16s%2Fg%2F1tl4dkn5!19sChIJC2m2G0fG0ocRC62_7wJa4kw,Arkansas Sod & Turf Farm,4.1,107,Sod supplier,"6200 Crystal Hill Rd, North Little Rock, AR 72118, United States","RM88+XC North Little Rock, Arkansas, USA",,+1 501-753-5377,Closed · Opens 8 am Thu,https://lh3.googleusercontent.com/gps-cs-s/APNQkAG_vwJcvoO9jdlzxrQ-lEHP8JjujRecI4D5SQG5mhxDS2fZdYcrMwJlp-c4JKAYoyzYGIYVnntsSSheqe4BYyL1U_3YVhsA1zPlGlQGrYxXtZFxYRYz0PvDQo0bPZIW39jcGXcwGg=w408-h306-k-no,false,8 am–4 pm,8 am–4 pm,8 am–4 pm,Closed,Closed,8 am–4 pm,8 am–4 pm,"https://www.google.com/maps/search/commercial+landscaping+businesses+in+Heights+Little+Rock+AR/@34.7766427,-92.3344892,14z",2026-04-29T21:46:22.137Z,,,
https://www.google.com/maps/place/Henry+Norwood+Masonry/data=!4m7!3m6!1s0x87d2a05390ec41e5:0xafde49d594edd337!8m2!3d34.8005492!4d-92.4240399!16s%2Fg%2F1w15zzr9!19sChIJ5UHskFOg0ocRN9PtlNVJ3q8,Henry Norwood Masonry,4.0,8,Masonry contractor,"13641 AR-10, Little Rock, AR 72212, United States","RH2G+69 Little Rock, Arkansas, USA",https://www.facebook.com/Norwood-Masonry-Landscape-Design-LLC-100667141871876/,+1 501-516-5973,Open 24 hours,https://lh3.googleusercontent.com/gps-cs-s/APNQkAGftN7yOiYXaTvcHTcMDNFzEyiiiDHHJrGefa9tZZCnqS15T60CCaQvxXRhaBdR7FPfvMs0jqE-QfZxTdt0CsgOOaP1iaMXRJwaK5b6RdkKlDhmajkHCl2_QR-pDVIqO6kypXRj1A=w408-h905-k-no,true,Open 24 hours,Open 24 hours,Open 24 hours,Open 24 hours,Open 24 hours,Open 24 hours,Open 24 hours,"https://www.google.com/maps/search/commercial+landscaping+businesses+in+Heights+Little+Rock+AR/@34.7766427,-92.3344892,14z",2026-04-29T21:46:26.481Z,,,
https://www.google.com/maps/place/Core+Foundation+Repair+and+More/data=!4m7!3m6!1s0x82cf7ce91116f8c1:0xba2e1ee21e651d1!8m2!3d34.8001944!4d-92.2883501!16s%2Fg%2F11wbstn2zn!19sChIJwfgWEel8z4IR0VHmIe7hogs,Core Foundation Repair and More,5.0,8,Concrete contractor,"5009 Lynn Ln, North Little Rock, AR 72118, United States","RP26+3M North Little Rock, Arkansas, USA",https://foundationcontractornorthlittlerock.com/,+1 501-273-2330,"Open 24 hours

Updated by this business 12 weeks ago",https://lh3.googleusercontent.com/gps-cs-s/APNQkAHPNcrKm1stBgD7Vp5_jxMCKcQYvDLcZBJXNyguw6gnFtvz-GuGQGYgZC8gfu-O91Mg7034zF6LDoQTyT_pWP9pfpfUC43EUDVizJ1BBUgol63rwG9qHZM8dgB0781Lm6dHPoUAVQ=w408-h306-k-no,true,Open 24 hours,Open 24 hours,Open 24 hours,Open 24 hours,Open 24 hours,Open 24 hours,Open 24 hours,"https://www.google.com/maps/search/commercial+landscaping+businesses+in+Heights+Little+Rock+AR/@34.7766427,-92.3344892,14z",2026-04-29T21:46:31.020Z,,,
https://www.google.com/maps/place/ArkDiamond+Construction+Services+LLC/data=!4m7!3m6!1s0x2a5bcf5ae8a4a595:0xb208d2b3858330a3!8m2!3d34.7437089!4d-92.4241524!16s%2Fg%2F11q4f033fs!19sChIJlaWk6FrPWyoRozCDhbPSCLI,ArkDiamond Construction Services LLC,4.9,37,Contractor,"13501 Kanis Rd Unit 2, Little Rock, AR 72211, United States","PHVG+F8 Little Rock, Arkansas, USA",https://arkdiamondconstructionservices.com/,+1 501-269-7235,Closes soon · 5 pm · Opens 7 am Thu,https://lh3.googleusercontent.com/gps-cs-s/APNQkAH9FuD1VkZn8dtoDbci1hVD2JSRYFIOZzsAzTHNidDeeCb1VrEqbQ-0K4uTOLRpPOTj_EBSOCEXBxYjck0mEhqyRMBeotXwJQfbFhOmoo-jUdbEfmkhqs-jvmf6v9bVQD12NKs=w408-h272-k-no,true,7 am–5 pm,7 am–5 pm,7 am–5 pm,8 am–12 pm,Closed,7 am–5 pm,7 am–5 pm,"https://www.google.com/maps/search/commercial+landscaping+businesses+in+Heights+Little+Rock+AR/@34.7766427,-92.3344892,14z",2026-04-29T21:46:35.332Z,,LGBTQ+ friendly,
https://www.google.com/maps/place/Pugh%27s+Earthworks/data=!4m7!3m6!1s0x87d298aa66314c65:0xd9012284e1f4cc69!8m2!3d34.8403667!4d-92.3783421!16s%2Fg%2F11clwq42ch!19sChIJZUwxZqqY0ocRacz04YQiAdk,Pugh's Earthworks,3.3,8,Landscaper,"8950 Commerce Cove, Maumelle, AR 72113, United States","RJRC+4M Maumelle, Arkansas, USA",https://www.pughsearthworks.com/,+1 501-562-0275,Closes soon · 5 pm · Opens 8 am Thu,https://lh3.googleusercontent.com/gps-cs-s/APNQkAGXekJaZYJEa19xh1bXZC03ZhwWBp_2fen1ie41Rl-IbOwqj5L4ujtt0ef0IEIvdwQzXD8UhNnny_YE4ZBSm8Y-bewmnBuvimG_dxnhi_aSEtI2Yva6dAg2nWggorJFbSgwhBWTYQ=w427-h240-k-no,true,8 am–5 pm,8 am–5 pm,8 am–5 pm,Closed,Closed,8 am–5 pm,8 am–5 pm,"https://www.google.com/maps/search/commercial+landscaping+businesses+in+Heights+Little+Rock+AR/@34.7766427,-92.3344892,14z",2026-04-29T21:46:39.628Z,,,
https://www.google.com/maps/place/Lawnserve+of+AR/data=!4m7!3m6!1s0x87d29f3fc2ade18f:0x701294c77f8d4888!8m2!3d34.8335313!4d-92.4070106!16s%2Fg%2F124yqszt1!19sChIJj-Gtwj-f0ocRiEiNf8eUEnA,Lawnserve of AR,4.5,19,Lawn care service,"37 Danube Dr, Maumelle, AR 72113, United States","RHMV+C5 Maumelle, Arkansas, USA",https://www.lawnserveofar.com/,+1 501-800-7644,Closes soon · 5 pm · Opens 8 am Thu,https://streetviewpixels-pa.googleapis.com/v1/thumbnail?panoid=Mb6Gn1M7S_gPoMvfHG-bYw&cb_client=search.gws-prod.gps&w=408&h=240&yaw=221.31078&pitch=0&thumbfov=100,true,8 am–5 pm,8 am–5 pm,8 am–5 pm,Closed,Closed,8 am–5 pm,8 am–5 pm,"https://www.google.com/maps/search/commercial+landscaping+businesses+in+Heights+Little+Rock+AR/@34.7766427,-92.3344892,14z",2026-04-29T21:46:43.907Z,,,
https://www.google.com/maps/place/Bengtson+Landscape+Inc/data=!4m7!3m6!1s0x87d29f63786a980b:0x84af27451421edf8!8m2!3d34.8435112!4d-92.408554!16s%2Fg%2F1tggv1c8!19sChIJC5hqeGOf0ocR-O0hFEUnr4Q,Bengtson Landscape Inc,5.0,3,Landscaper,"9 Hogan Dr, Maumelle, AR 72113, United States","RHVR+CH Maumelle, Arkansas, USA",,+1 501-803-4722,,https://streetviewpixels-pa.googleapis.com/v1/thumbnail?panoid=QsNoCeiNYvYEoWqscnSjgg&cb_client=search.gws-prod.gps&w=408&h=240&yaw=301.0405&pitch=0&thumbfov=100,false,,,,,,,,"https://www.google.com/maps/search/commercial+landscaping+businesses+in+Heights+Little+Rock+AR/@34.7766427,-92.3344892,14z",2026-04-29T21:46:46.060Z,,,
https://www.google.com/maps/place/Maumelle+Nursery/data=!4m7!3m6!1s0x87d2a1f0122984ad:0x759179e9ebbcc840!8m2!3d34.8265366!4d-92.3893246!16s%2Fg%2F1tcyxzdx!19sChIJrYQpEvCh0ocRQMi86-l5kXU,Maumelle Nursery,4.3,16,Plant nursery,"11700 Maumelle Blvd, North Little Rock, AR 72113, United States","RJG6+J7 North Little Rock, Arkansas, USA",,+1 501-758-0002,Closed · Opens 8 am Thu,https://lh3.googleusercontent.com/gps-cs-s/APNQkAFxP09tMMQT85PtRPI-VhSesF-JMgpRUO1o7Ug1wkOwGfFkQkOS0k72GxJYB5GGwoU5KJM_Ytq9ijybj7F7kNWWJMOLtvlH8bcAssUh9gWqzC0sptVh7MJnoH9Z3GmeV4Po8tWb=w426-h240-k-no,false,8 am–4:30 pm,8 am–4:30 pm,8 am–4:30 pm,8 am–4:30 pm,Closed,8 am–4:30 pm,8 am–4:30 pm,"https://www.google.com/maps/search/commercial+landscaping+businesses+in+Heights+Little+Rock+AR/@34.7766427,-92.3344892,14z",2026-04-29T21:46:50.562Z,,,
https://www.google.com/maps/place/Park+Heights+Apartments/data=!4m7!3m6!1s0x87d2a390af03ff13:0xb6aace64829dc357!8m2!3d34.767403!4d-92.3517059!16s%2Fg%2F1w112qn9!19sChIJE_8Dr5Cj0ocRV8OdgmTOqrY,Park Heights Apartments,4.4,138,Apartment building,"1701 N Bryant St, Little Rock, AR 72207, United States","QJ8X+X8 Little Rock, Arkansas, USA",,+1 501-663-8220,,https://lh3.googleusercontent.com/gps-cs-s/APNQkAFzV52wKcWmvDlgyJ2KWXrqsY6al5YYVZDVVNFAr6jYAwwhB2E6LD4kLUrWRUsXcW_nZ_yFBRUGZb-ZY80dKhOHuk2xtgYoOqY1DX7IbDLDnJydeaXwe5r4Jan3Iq-FiJtK2MFK=w408-h544-k-no,true,,,,,,,,"https://www.google.com/maps/search/commercial+landscaping+businesses+in+Heights+Little+Rock+AR/@34.7766427,-92.3344892,14z",2026-04-29T21:46:55.115Z,,,
https://www.google.com/maps/place/North+Little+Rock+Tree+Services/data=!4m7!3m6!1s0x87d2a5073b985e9b:0x720cf99c66ef38e!8m2!3d34.817582!4d-92.367185!16s%2Fg%2F11gxr2p9x3!19sChIJm16YOwel0ocRjvNuxpnPIAc,North Little Rock Tree Services,5.0,1,Tree service,"9450 Maumelle Blvd, North Little Rock, AR 72113, United States","RJ9M+24 North Little Rock, Arkansas, USA",,,Closes soon · 5 pm · Opens 9 am Thu,https://streetviewpixels-pa.googleapis.com/v1/thumbnail?panoid=0KkEDxe1T1Zu_mF2UulhFA&cb_client=search.gws-prod.gps&w=408&h=240&yaw=224.9789&pitch=0&thumbfov=100,false,9 am–5 pm,9 am–5 pm,9 am–5 pm,Closed,Closed,9 am–5 pm,9 am–5 pm,"https://www.google.com/maps/search/commercial+landscaping+businesses+in+Heights+Little+Rock+AR/@34.7766427,-92.3344892,14z",2026-04-29T21:46:59.332Z,,,
https://www.google.com/maps/place/The+Lawn+Crew+-+Little+Rock/data=!4m7!3m6!1s0x2bb8776f45e9bfe7:0x8e0e6d88c585aa4!8m2!3d34.7669895!4d-92.3098805!16s%2Fg%2F11ltwsrx07!19sChIJ57_pRW93uCsRpFpYjNjm4Ag,The Lawn Crew - Little Rock,5.0,6,Lawn care service,,,https://www.thelawncrewlr.com/,+1 501-231-2538,Closes soon · 5 pm · Opens 9 am Thu,https://lh3.googleusercontent.com/gps-cs-s/APNQkAHLr1Ffel_0lqulpEQCOWNnn7D8MZ_ZyhVFsJ53WJ_BRinGdMjQkqmXBCO2X1H3T7GeOVhAJDDAX0vW3rFGpKvhzaT1dPCDWsOF_0OuPECt6p9yqLDTH2M4UKond09SBKI5t_XnfeevG6I=w546-h240-k-no,true,9 am–5 pm,9 am–5 pm,9 am–5 pm,Closed,Closed,9 am–5 pm,9 am–5 pm,"https://www.google.com/maps/search/commercial+landscaping+businesses+in+Heights+Little+Rock+AR/@34.7766427,-92.3344892,14z",2026-04-29T21:47:03.711Z,,LGBTQ+ friendly,
https://www.google.com/maps/place/Stanley+Hardware/data=!4m7!3m6!1s0x87d2bcd8d1771151:0x51e0d6e0c31a91ac!8m2!3d34.7946496!4d-92.2880486!16s%2Fg%2F1tx_6x9w!19sChIJURF30di80ocRrJEaw-DW4FE,Stanley Hardware,4.6,269,Plumbing supply store,"4308 MacArthur Dr, North Little Rock, AR 72118, United States","QPV6+VQ North Little Rock, Arkansas, USA",https://www.stanleyhardwarenlr.com/,+1 501-753-2470,"Open · Closes 6 pm

Confirmed by this business 2 weeks ago",https://lh3.googleusercontent.com/gps-cs-s/APNQkAGVzDZcit7PVc6git4nybecDAANiYIRmHHoFpbNvLQb6qC7haQV_m5qSYMlz_fscksNT2Ek2d3nBavX1kcCJRquAmX3OXX-NoGkFxvskjeeJuwhdpGieRds21RBt6Kn-6-rwlBUhw=w426-h240-k-no,true,7:30 am–6 pm,7:30 am–6 pm,7:30 am–6 pm,7:30 am–4 pm,Closed,7:30 am–6 pm,7:30 am–6 pm,"https://www.google.com/maps/search/commercial+landscaping+businesses+in+Heights+Little+Rock+AR/@34.7766427,-92.3344892,14z",2026-04-29T21:47:08.027Z,· In-store shopping · In-store pick-up,,
https://www.google.com/maps/place/Twin+City+Grading+and+Landscaping/data=!4m7!3m6!1s0x87d2a4a149eb7281:0xc82b3488b5de90ea!8m2!3d34.8974544!4d-92.3522535!16s%2Fg%2F1thlnm38!19sChIJgXLrSaGk0ocR6pDetYg0K8g,Twin City Grading and Landscaping,5.0,3,Contractor,"4522 E Cedar Ln, North Little Rock, AR 72118, United States","VJWX+X3 North Little Rock, Arkansas, USA",,+1 501-912-8869,Closes soon · 5 pm · Opens 8 am Thu,https://lh3.googleusercontent.com/gps-cs-s/APNQkAGr4mCerg0rqE7dknRT0cnpr-t12VO9qZCjkNzhhdljvEZ5eIM_nihIzf-gRxEUzi3imWk65AIx6H8nnpZ4jBQRX_UK1qL4S0irpg_aURHHp9PENPq3oFPTffj6CADyrHcbcJKHyg=w408-h544-k-no,true,8 am–5 pm,8 am–5 pm,8 am–5 pm,Closed,Closed,8 am–5 pm,8 am–5 pm,"https://www.google.com/maps/search/commercial+landscaping+businesses+in+Heights+Little+Rock+AR/@34.7766427,-92.3344892,14z",2026-04-29T21:47:12.233Z,,,
https://www.google.com/maps/place/Derden+Landscape+%26+Supply+%26+Culverts/data=!4m7!3m6!1s0x87cd7e6e75716591:0xc95d8f60e44f145!8m2!3d35.1446888!4d-92.4021397!16s%2Fg%2F11b6xkd_45!19sChIJkWVxdW5-zYcRRfFEDvbYlQw,Derden Landscape & Supply & Culverts,5.0,24,Landscaping supply store,"50 Stanford Rd, Conway, AR 72032, United States","4HVX+V4 Conway, Arkansas, USA",http://www.derdenlandscapesupply.com/,+1 501-514-3864,,https://lh3.googleusercontent.com/gps-cs-s/APNQkAFcxRI2BTGTUhMdLsRttPiShFQQ96phi6dmAhTbuThhKA0J5WdkeGdFwv5U7U_YJ5NPP9STbkMWA9SzDy2X_Albt-rcGtA0zx4fZ3-yxfSyI1ctitoI6V4fOAXbXFJwbsjtiZBQ=w408-h270-k-no,true,9 am–5 pm,9 am–5 pm,9 am–5 pm,9 am–5 pm,Closed,9 am–5 pm,9 am–5 pm,"https://www.google.com/maps/search/commercial+landscaping+businesses+in+Conway+Little+Rock+AR/@34.7269418,-92.3344892,14z",2026-04-29T21:47:28.167Z,· Delivery,,
https://www.google.com/maps/place/Buzz+Landscaping/data=!4m7!3m6!1s0x87d29b035c408905:0x3169a38687c5d485!8m2!3d35.0729224!4d-92.4842289!16s%2Fg%2F1v76_5x3!19sChIJBYlAXAOb0ocRhdTFh4ajaTE,Buzz Landscaping,4.3,23,Landscape designer,,,http://www.buzzlandscaping.com/,+1 501-730-4515,Open · Closes 6 pm,https://lh3.googleusercontent.com/gps-cs-s/APNQkAF6CfeLTN6C7EGQ21AOF6bmlVzlIXg76CJ0X8Zw-AVRPms4ncOkFfEMD_UYw7t3WkkzgH8mqmaQsTTiYFmVXrCPgsFmzwHGFyXmgGX46CHJsPbxJ54oODq34Yc8fbm1BHFe9Cl2=w426-h240-k-no,true,8 am–6 pm,8 am–6 pm,8 am–6 pm,Closed,Closed,8 am–6 pm,8 am–6 pm,"https://www.google.com/maps/search/commercial+landscaping+businesses+in+Conway+Little+Rock+AR/@34.7269418,-92.3344892,14z",2026-04-29T21:47:32.417Z,,,
https://www.google.com/maps/place/Affordable+Lawn+Care/data=!4m7!3m6!1s0x87cd7d8955adc6a7:0xff7c13fa03af05df!8m2!3d35.074262!4d-92.4651729!16s%2Fg%2F1yg4tsh92!19sChIJp8atVYl9zYcR3wWvA_oTfP8,Affordable Lawn Care,4.6,54,Lawn care service,"125 Oaklawn Dr, Conway, AR 72034, United States","3GFM+PW Conway, Arkansas, USA",http://affordablelawncare.net/,+1 501-358-8594,Open · Closes 9 pm,https://lh3.googleusercontent.com/gps-cs-s/APNQkAH7_cV1W_5rBV6hees5eeNGPoAHO0sl9-vZRgnyGcNY_QZ8PNJVcr3yolaKIZ9TE7-fcSUyoj5b-lPWMNMWTu4VAkP3r_qpf1ZpsdsT706aHINQbZgAewBxI3YISbWXBFWVsGnx=w408-h367-k-no,true,6 am–9 pm,6 am–9 pm,6 am–9 pm,6 am–9 pm,6 am–9 pm,6 am–9 pm,6 am–9 pm,"https://www.google.com/maps/search/commercial+landscaping+businesses+in+Conway+Little+Rock+AR/@34.7269418,-92.3344892,14z",2026-04-29T21:47:36.658Z,,,
https://www.google.com/maps/place/Olive+Branch/data=!4m7!3m6!1s0x87d285d5ca255555:0x2b93f50295e24d08!8m2!3d35.0249734!4d-92.4508582!16s%2Fg%2F11hzytcjw7!19sChIJVVUlytWF0ocRCE3ilQL1kys,Olive Branch,4.7,66,Lawn care service,"15 B Mill Pond Rd, Conway, AR 72034, United States","2GFX+XM Conway, Arkansas, USA",https://www.olivebranchar.com/,+1 501-513-7573,Closed · Opens 7:30 am Thu,https://lh3.googleusercontent.com/gps-cs-s/APNQkAHmqDuoi7u0ddTBMCBU6vjKPIXU5sm7_U8gew5s1ngAMpe-D1j6T7eMo39CiGmGQ5TFwwIz6A21huqaGKyckA0ORul142Kve1ih803nlMvzfN7M34by3Dj0ymISEAuHH_usupxe=w408-h612-k-no,true,7:30 am–3:30 pm,7:30 am–3:30 pm,7:30 am–3:30 pm,Closed,Closed,7:30 am–3:30 pm,7:30 am–3:30 pm,"https://www.google.com/maps/search/commercial+landscaping+businesses+in+Conway+Little+Rock+AR/@34.7269418,-92.3344892,14z",2026-04-29T21:47:41.168Z,,,
https://www.google.com/maps/place/Yardman+Johnson+Lawn+Care+Services/data=!4m7!3m6!1s0x87d2820ee79a2abf:0x3d1547f29342b79a!8m2!3d35.087842!4d-92.454176!16s%2Fg%2F11fylnq1jr!19sChIJvyqa5w6C0ocRmrdCk_JHFT0,Yardman Johnson Lawn Care Services,4.7,24,Lawn care service,"725 Donaghey Ave, Conway, AR 72034, United States","3GQW+48 Conway, Arkansas, USA",http://www.yardmanjohnson.com/,+1 501-514-8443,Open 24 hours,https://lh3.googleusercontent.com/gps-cs-s/APNQkAHuF7BQerkzR_jEPIqlYDAwCxrWXiib0vLgcm0awef0tn7-9um-Ab7seFmjcsDSYmH1aPtpgl6c8R3SlugK6NWsek4SXlG9oAAJ2tmvMgfuiX_cRa0dbZmTVaNK4MzfXWxnVqbYDA=w408-h306-k-no,true,Open 24 hours,Open 24 hours,Open 24 hours,Open 24 hours,Open 24 hours,Open 24 hours,Open 24 hours,"https://www.google.com/maps/search/commercial+landscaping+businesses+in+Conway+Little+Rock+AR/@34.7269418,-92.3344892,14z",2026-04-29T21:47:45.520Z,,,true
https://www.google.com/maps/place/Conway+Sprinkler+%26+Landscape/data=!4m7!3m6!1s0x87d28217b4c735e5:0x6e7f2213277574b0!8m2!3d35.0291109!4d-92.423168!16s%2Fg%2F1v7tlxsx!19sChIJ5TXHtBeC0ocRsHR1JxMif24,Conway Sprinkler & Landscape,3.3,7,Landscaper,"259 Sturgis Rd, Conway, AR 72034, United States","2HHG+JP Conway, Arkansas, USA",http://www.conway-sprinkler.com/,+1 501-329-4066,Closes soon · 5 pm · Opens 8 am Thu,https://lh3.googleusercontent.com/gps-cs-s/APNQkAH2xEjRhn0zJ93SvcKriaYTw0HcMHFUQn7wpEq2puSK2LZOAWQVdi4Iw2jk-Isd39jvYJlc_HQU8zDiyIGWtmCcnGDL8-_QYtWVlMZubc508h5UrvBekEFKDuUiFZiJp7u6_Z8zQQ=w408-h306-k-no,true,8 am–5 pm,8 am–5 pm,8 am–5 pm,Closed,Closed,8 am–5 pm,8 am–5 pm,"https://www.google.com/maps/search/commercial+landscaping+businesses+in+Conway+Little+Rock+AR/@34.7269418,-92.3344892,14z",2026-04-29T21:47:49.905Z,,,
"https://www.google.com/maps/place/Cunningham+Lawn+Care,+LLC/data=!4m7!3m6!1s0x87cd7e3a44227671:0xbd8cefe4395cef3f!8m2!3d35.1328417!4d-92.4732679!16s%2Fg%2F11b6t22f2p!19sChIJcXYiRDp-zYcRP-9cOeTvjL0","Cunningham Lawn Care, LLC",5.0,65,Lawn care service,"58 Gold Mine Springs Rd, Conway, AR 72032, United States","4GMG+4M Conway, Arkansas, USA",http://www.cunninghamlawncare.com/,,Closed · Opens 8 am Thu,https://streetviewpixels-pa.googleapis.com/v1/thumbnail?panoid=s9F7xl3gGkwRwwqttrCAfQ&cb_client=search.gws-prod.gps&w=408&h=240&yaw=75.07826&pitch=0&thumbfov=100,true,8 am–4 pm,8 am–4 pm,8 am–4 pm,Closed,Closed,8 am–4 pm,8 am–4 pm,"https://www.google.com/maps/search/commercial+landscaping+businesses+in+Conway+Little+Rock+AR/@34.7269418,-92.3344892,14z",2026-04-29T21:47:54.497Z,,,
https://www.google.com/maps/place/Outdoor+World+Lawn+Service/data=!4m7!3m6!1s0x87d281b6fd02f4b7:0x94dbd6a41794d0bc!8m2!3d35.1383619!4d-92.4376783!16s%2Fg%2F1264gkl8w!19sChIJt_QC_baB0ocRvNCUF6TW25Q,Outdoor World Lawn Service,3.7,6,Lawn care service,"11 Beaverfork Rd, Conway, AR 72032, United States","4HQ6+8W Conway, Arkansas, USA",http://outdoorworldinc.com/,+1 501-514-5508,Open · Closes 5 am Thu,https://lh3.googleusercontent.com/gps-cs-s/APNQkAEeEu3vCAy8T3EG4N20StmUnPPIzqt0AZIn8fdULz_6DRrZ15iglQRsdT1XweSI_1ABgWzueL54ewMLsi6Z7UCboiltFa5p2Ld9HvEJan6PE2n5pcL8umYZ4EEspunQQ4axt-O17Q=w408-h306-k-no,true,7 am–5 am,7 am–5 am,7 am–5 am,7 am–5 am,7 am–5 am,7 am–5 am,7 am–5 am,"https://www.google.com/maps/search/commercial+landscaping+businesses+in+Conway+Little+Rock+AR/@34.7269418,-92.3344892,14z",2026-04-29T21:48:05.266Z,,,
https://www.google.com/maps/place/Landscape+Y+irrigaci%C3%B3n+Cux/data=!4m7!3m6!1s0x87d2a5ebafa96727:0xb7fc2fb4c02cdb59!8m2!3d34.6726468!4d-92.332168!16s%2Fg%2F11v9b_z1w8!19sChIJJ2epr-ul0ocRWdsswLQv_Lc,Landscape Y irrigación Cux,5.0,2,Landscaper,"8485 Stanton Rd lot, Little Rock, AR 72209, United States","MMF9+34 Little Rock, Arkansas, USA",,+1 501-412-0422,"Closes soon · 5 pm · Opens 7 am Thu

Updated by this business 3 weeks ago",https://lh3.googleusercontent.com/gps-cs-s/APNQkAGwlTzud3CcJzCAEZA3YZUnEz6fhYnJ9Eawkl_noKuI74zrKOOt3-SjgRkCtkXIPMazMnplb-mltpnuA7pxI8Kwtq9gMpgDT02sOXD1UrDOTLWbQALS5KdhEyZPm3SRrlhT6e2tzw=w408-h544-k-no,true,7:30 am–5 pm,7 am–5 pm,7 am–5 pm,8 am–2:30 pm,Closed,7:30 am–5:30 pm,7:30 am–5:30 am,"https://www.google.com/maps/search/commercial+landscaping+businesses+in+Conway+Little+Rock+AR/@34.7269418,-92.3344892,14z",2026-04-29T21:48:09.479Z,,Identifies as Latino-owned,
https://www.google.com/maps/place/Southern+Grounds+Landscaping+and+Land+Management+LLC./data=!4m7!3m6!1s0x2ec0f55fe2d37539:0xe7e427592af43be8!8m2!3d35.273797!4d-92.3787261!16s%2Fg%2F11wc292643!19sChIJOXXT4l_1wC4R6Dv0Klkn5Oc,Southern Grounds Landscaping and Land Management LLC.,5.0,12,Landscaper,,,https://www.southerngroundlandscaping.com/,+1 501-339-3969,Open · Closes 6 pm,https://lh3.googleusercontent.com/gps-cs-s/APNQkAH9yKsoV4DsgNV5mDsTucTKndt2AnUlO9VaWamNDrE0WRFUEN4jrsCRDq7xkJQ9BMfoWDKVMIU7WxGKXzOLoOwQV-t5rC90WCJcvrJqHf-JD5GuNtYOV1RKcIzKLA1F0LvoIwB48g=w408-h413-k-no,true,8 am–6 pm,8 am–6 pm,8 am–4 pm,Closed,Closed,8 am–6 pm,8 am–6 pm,"https://www.google.com/maps/search/commercial+landscaping+businesses+in+Conway+Little+Rock+AR/@34.7269418,-92.3344892,14z",2026-04-29T21:48:13.663Z,,,
"https://www.google.com/maps/place/Southern+Lawn+Service,+LLC/data=!4m7!3m6!1s0x87d2823cb93c5e95:0xc5ce78dd5477043c!8m2!3d35.081385!4d-92.2919282!16s%2Fg%2F11c53s20ds!19sChIJlV48uTyC0ocRPAR3VN14zsU","Southern Lawn Service, LLC",3.2,20,Lawn care service,"1 Lee Rd, Conway, AR 72032, United States","3PJ5+H6 Conway, Arkansas, USA",http://southernlawnservice.net/,+1 501-514-3463,Closes soon · 5 pm · Opens 8 am Thu,https://lh3.googleusercontent.com/gps-cs-s/APNQkAGxh7fYmdBsqLbKVS26dgVEoo8nCrXd-7WJO2wRxoZ2CQaCULsxZ2Ydxx9rjAgEVzIJ7-2vgWTvtNfBCOOvYc-i_sE50zHWBhV0pEJcYoQDka7AhhqV5VwJ4CgVGTziq7Gnx65v=w408-h306-k-no,true,8 am–5 pm,8 am–5 pm,8 am–5 pm,7 am–4 pm,Closed,8 am–5 pm,8 am–5 pm,"https://www.google.com/maps/search/commercial+landscaping+businesses+in+Conway+Little+Rock+AR/@34.7269418,-92.3344892,14z",2026-04-29T21:48:24.093Z,,,
https://www.google.com/maps/place/The+Plant+Outlet+Shrub+and+Tree+Lot/data=!4m7!3m6!1s0x87cd7dd2f56fe0ef:0xa72af0cb8b508f6e!8m2!3d35.0917608!4d-92.4975603!16s%2Fg%2F11g9q6xgw6!19sChIJ7-Bv9dJ9zYcRbo9Qi8vwKqc,The Plant Outlet Shrub and Tree Lot,4.6,23,Landscaping supply store,"820 Hogan Ln, Conway, AR 72034, United States","3GR2+PX Conway, Arkansas, USA",http://www.arkansasplantoutlet.com/,+1 501-336-0080,"Open · Closes 7 pm

Updated by others 5 weeks ago",https://lh3.googleusercontent.com/gps-cs-s/APNQkAFdT9NppkimnIUtZhIjUx7KLCDCu5DdTOFBQ8zkN34OIthSnLKCRkvVVLqWafblRaYWXLH9o8BZx81CbBC9p0BjRUNyiZmh-zYPp63O3D-PKI0_mBmhDDa5Ycrb5yE9LiYk2Aty=w426-h240-k-no,false,7 am–7 pm,7 am–7 pm,7 am–7 pm,7 am–7 pm,8 am–7 pm,7 am–7 pm,7 am–7 pm,"https://www.google.com/maps/search/commercial+landscaping+businesses+in+Conway+Little+Rock+AR/@34.7269418,-92.3344892,14z",2026-04-29T21:48:28.775Z,,,
https://www.google.com/maps/place/Heritage+Landscape+Supply/data=!4m7!3m6!1s0x87d2a5f37e8a7f09:0x9dbd045a89fb09fb!8m2!3d34.6878082!4d-92.3082601!16s%2Fg%2F11t9fc_rpk!19sChIJCX-KfvOl0ocR-wn7iVoEvZ0,Heritage Landscape Supply,5.0,8,Irrigation equipment supplier,"6600 I-30 Suite A, Little Rock, AR 72209, United States","MMQR+4M Little Rock, Arkansas, USA",https://www.heritagelandscapesupplygroup.com/en/distributor-network/DAVLROC/,+1 501-314-0003,"Closed · Opens 7 am Thu

Confirmed by this business 4 weeks ago",https://streetviewpixels-pa.googleapis.com/v1/thumbnail?panoid=Lg4CLux9svkeAEvdokGNhw&cb_client=search.gws-prod.gps&w=408&h=240&yaw=288.48276&pitch=0&thumbfov=100,true,7 am–4 pm,7 am–4 pm,7 am–4 pm,Closed,Closed,7 am–4 pm,7 am–4 pm,"https://www.google.com/maps/search/commercial+landscaping+businesses+in+Conway+Little+Rock+AR/@34.7269418,-92.3344892,14z",2026-04-29T21:48:39.239Z,,,
"https://www.google.com/maps/place/Buzz+Landscaping/@34.9820647,-92.3463412,17z/data=!3m1!4b1!4m6!3m5!1s0x87d29b035cf48e65:0x5323e6af88c3971d!8m2!3d34.9820647!4d-92.3463412!16s%2Fg%2F11wvpwt487",Buzz Landscaping,5.0,1,,"425 Clinton Rd, Conway, AR 72032, United States","XMJ3+RF Conway, Arkansas, USA",https://www.buzzlandscaping.com/contact-us,+1 501-730-4515,,,false,,,,,,,,"https://www.google.com/maps/search/commercial+landscaping+businesses+in+Conway+Little+Rock+AR/@34.7269418,-92.3344892,14z",2026-04-29T21:48:43.335Z,,,
https://www.google.com/maps/place/The+Plant+Outlet/data=!4m7!3m6!1s0x87cd7dd2e433ea79:0xcf111f882fa76d33!8m2!3d35.0924952!4d-92.4983042!16s%2Fg%2F1v5fsfkq!19sChIJeeoz5NJ9zYcRM22nL4gfEc8,The Plant Outlet,4.4,167,Garden center,"827 Hogan Ln, Conway, AR 72034, United States","3GR2+XM Conway, Arkansas, USA",http://www.arkansasplantoutlet.com/,+1 501-513-0080,"Open · Closes 7 pm

Updated by this business 5 weeks ago",https://lh3.googleusercontent.com/gps-cs-s/APNQkAG1LzGHPfFw1J7EWqrDKHiiQbF0Mp8eLCkMxD8P9RBA7RT_9hBCgF-FuGiqFz-41DvFxKe1jO342C7i_XBYgBosYQUTvkBDABsZJzJnMhKZBky6MbQw7nxoyMjX5JgpAbPXSAVncQ=w408-h725-k-no,true,8 am–7 pm,8 am–7 pm,8 am–7 pm,8 am–7 pm,8 am–7 pm,8 am–7 pm,8 am–7 pm,"https://www.google.com/maps/search/commercial+landscaping+businesses+in+Conway+Little+Rock+AR/@34.7269418,-92.3344892,14z",2026-04-29T21:48:47.676Z,· In-store pick-up,,
https://www.google.com/maps/place/Solid+As+A+Rock/data=!4m7!3m6!1s0x87d2a5f44077b377:0xc13a5c982cdbe585!8m2!3d34.6668457!4d-92.3653773!16s%2Fg%2F11bwfm90xp!19sChIJd7N3QPSl0ocRheXbLJhcOsE,Solid As A Rock,3.3,3,Contractor,"18 Hatfield Dr, Little Rock, AR 72209, United States","MJ8M+PR Little Rock, Arkansas, USA",http://www.solidasarockarkansas.com/,+1 501-246-2416,,https://streetviewpixels-pa.googleapis.com/v1/thumbnail?panoid=sf_d2wpkhDg1bekVKVxgOA&cb_client=search.gws-prod.gps&w=408&h=240&yaw=9.259863&pitch=0&thumbfov=100,true,,,,,,,,"https://www.google.com/maps/search/commercial+landscaping+businesses+in+Conway+Little+Rock+AR/@34.7269418,-92.3344892,14z",2026-04-29T21:48:50.198Z,,,
https://www.google.com/maps/place/Guevara+Landscaping+LLC/data=!4m7!3m6!1s0x4b1fec3dc58754e5:0x50f3426136df2bcc!8m2!3d34.646181!4d-92.5251466!16s%2Fg%2F11z5t59dkk!19sChIJ5VSHxT3sH0sRzCvfNmFC81A,Guevara Landscaping LLC,5.0,1,Landscaper,,,https://www.guevaralandscaping.com/contact,+1 501-298-5863,Open 24 hours,https://lh3.googleusercontent.com/gps-cs-s/APNQkAH5lPxo9EAqS0rEg4MvU1wym7CLoVu6Y-80TyrDa9EYkinAXPxBcYU4R5YPczJOloef9dLej6XLYkV8pz_QPebpmv0SujDwWmG5j6-zMF96ACo8obQDVT5Xpl-4bk-f4FB5YDY1pSvUlsvs=w408-h716-k-no,true,Open 24 hours,Open 24 hours,Open 24 hours,Open 24 hours,Closed,Open 24 hours,Open 24 hours,"https://www.google.com/maps/search/commercial+landscaping+businesses+in+Conway+Little+Rock+AR/@34.7269418,-92.3344892,14z",2026-04-29T21:48:54.650Z,,Identifies as Latino-owned,
https://www.google.com/maps/place/Aly+Landscaping+Service/data=!4m7!3m6!1s0x87d2a51527f48b15:0x2bb6d6ee3c6681d5!8m2!3d34.6723902!4d-92.359635!16s%2Fg%2F11j8v92_6q!19sChIJFYv0JxWl0ocR1YFmPO7Wtis,Aly Landscaping Service,,,Landscaper,"7411 Dahlia Dr, Little Rock, AR 72209, United States","MJCR+X4 Little Rock, Arkansas, USA",,+1 501-454-0534,Open · Closes 8 pm,https://lh3.googleusercontent.com/gps-cs-s/APNQkAHhQ_kSB7UMEX-O-IeKBR5Gze5Lm93qcySbczEmuA-2CKOQfJVqm3WydlJ3d-2rKfe-qe3iaXwMTuPEZq80yTLrhgc7hyJQXgf0eX90BYcWV2K0SN8tLD-JOj7xXiWRbGfyGbxj=w408-h306-k-no,false,6 am–8 pm,6 am–8 pm,6 am–8 pm,6 am–8 pm,Closed,6 am–8 pm,6 am–8 pm,"https://www.google.com/maps/search/commercial+landscaping+businesses+in+Conway+Little+Rock+AR/@34.7269418,-92.3344892,14z",2026-04-29T21:48:58.859Z,,,
https://www.google.com/maps/place/Conway+Lawn+Care/data=!4m7!3m6!1s0x87d28ff3dfd88ac5:0x59cd0eebe97e13f7!8m2!3d35.145506!4d-92.1046519!16s%2Fg%2F11f75q0vzb!19sChIJxYrY3_OP0ocR9xN-6esOzVk,Conway Lawn Care,4.9,44,Lawn care service,,,,+1 501-230-0988,Open · Closes 8 pm,https://lh3.googleusercontent.com/gps-cs-s/APNQkAFIHnZaA_qP9_DK72U5FzN9XDGQCbp0FKJgnk6CrzEXFFZzAxliF5uQzpLx4WXHI3BVtNw00mOewjcWdqctHbKwXtLLfoi7NAPYCXsD-KQPSqXXQE6JDb1AzdJ99-xodYQVqzU6=w408-h306-k-no,true,8 am–8 pm,8 am–8 pm,8 am–6 pm,8 am–6 pm,Closed,8 am–8 pm,8 am–8 pm,"https://www.google.com/maps/search/commercial+landscaping+businesses+in+Conway+Little+Rock+AR/@34.7269418,-92.3344892,14z",2026-04-29T21:49:03.140Z,,,
https://www.google.com/maps/place/Roland+Lawncare+%26Landscaping/data=!4m7!3m6!1s0x87d2af66635d1cd5:0xc6f9bb65bc9adc1a!8m2!3d34.7520156!4d-92.129428!16s%2Fg%2F11g8v2nnn2!19sChIJ1RxdY2av0ocRGtyavGW7-cY,Roland Lawncare &Landscaping,4.8,18,Landscaper,,,,+1 501-551-0663,Open · Closes 9 pm,https://lh3.googleusercontent.com/gps-cs-s/APNQkAErdLu4oElMRS8ZKXUpzzt2mFuUzpWjx9p12u_JOyqzLtL-Dgl_0r5mLMVq3wDbQg7N1yXlbKrLy319wgOa5-f7kxV0MmzqYUNPFBoHWjw1iwY7FfTh2NkYuFo0lOkTTuqkwuKK=w426-h240-k-no,true,7 am–9 pm,7 am–9 pm,7 am–9 pm,7 am–9 pm,9 am–6 pm,7 am–9 pm,7 am–9 pm,"https://www.google.com/maps/search/commercial+landscaping+businesses+in+Conway+Little+Rock+AR/@34.7269418,-92.3344892,14z",2026-04-29T21:49:07.294Z,,,
https://www.google.com/maps/place/ABC+Block+%26+Brick/data=!4m7!3m6!1s0x87d2a569539fa319:0x2b09f3d5e55d2da8!8m2!3d34.6797332!4d-92.3272215!16s%2Fg%2F12hs5r6b8!19sChIJGaOfU2ml0ocRqC1d5dXzCSs,ABC Block & Brick,5.0,5,Building materials store,"7720 I-30 #7720, Little Rock, AR 72209, United States","MMHF+V4 Little Rock, Arkansas, USA",,+1 501-246-3028,Closes soon · 5 pm · Opens 7 am Thu,https://lh3.googleusercontent.com/gps-cs-s/APNQkAGAkQiPJAyBV49JuyxjGbI8t3a-l6lt0Fh6s2QiIJeXJSILiZbn3u73tEVKSh8MPOyj5YxWq8U9PKoQsHmxA0QjIPDOCZkHBbO62iXfZYvx-h9JgzVelKMa8D09gD69fZhRbGHb=w426-h240-k-no,true,7 am–5 pm,7 am–5 pm,7 am–5 pm,Closed,Closed,7 am–5 pm,7 am–5 pm,"https://www.google.com/maps/search/commercial+landscaping+businesses+in+Conway+Little+Rock+AR/@34.7269418,-92.3344892,14z",2026-04-29T21:49:11.513Z,· In-store shopping · In-store pick-up · Delivery,,
https://www.google.com/maps/place/Collins+Sprinkler+Repair+%26+Landscape+Lighting+Inc./data=!4m7!3m6!1s0x87d2a1df4f6a47ef:0x52c047df4c77dc76!8m2!3d34.7999024!4d-92.4536802!16s%2Fg%2F11jh4mkzpf!19sChIJ70dqT9-h0ocRdtx3TN9HwFI,Collins Sprinkler Repair & Landscape Lighting Inc.,4.9,85,Lawn sprinkler system contractor,"16506 Lamarche Dr, Little Rock, AR 72223, United States","QGXW+XG Little Rock, Arkansas, USA",,+1 501-868-7744,Closes soon · 5 pm · Opens 8 am Thu,https://lh3.googleusercontent.com/gps-cs-s/APNQkAGOzTS4fkqaW4LWxxm-YhfJSokKktsQr14PfFVs9O5kFBTCuxW-Vh6cXkR-2Z7h-pBzEyN-cYXxPjhMtetHIeEHa6ebBWibZRwIC-RGp2_VjmGUikg4qy3HU7eR9WjLdKssZ2Zo=w408-h544-k-no,true,8 am–5 pm,8 am–5 pm,8 am–5 pm,Closed,Closed,8 am–5 pm,8 am–5 pm,"https://www.google.com/maps/search/commercial+landscaping+businesses+in+John+Barrow+Little+Rock+AR/@34.7209576,-92.3819068,14z",2026-04-29T21:49:49.471Z,,,
https://www.google.com/maps/place/Bret+Franks+Construction+Inc/data=!4m7!3m6!1s0x87d2a6dc4fb329b7:0xb69de0e77488de9c!8m2!3d34.7313969!4d-92.4141514!16s%2Fg%2F1tgw5kjm!19sChIJtymzT9ym0ocRnN6IdOfgnbY,Bret Franks Construction Inc,5.0,2,Construction company,"27 Deerberry Forest Cir, Little Rock, AR 72211, United States","PHJP+H8 Little Rock, Arkansas, USA",http://www.bretfranks.com/,+1 501-680-1238,Closes soon · 5 pm · Opens 8 am Thu,https://lh3.googleusercontent.com/gps-cs-s/APNQkAHsGYRrjOSzhHp804uCgSS18ghqg6K-9Gf2QZOHwPveSTFH6d3g9bJ7hYcLJH8mHDoWNdYd2jBrEwWY2bTeL5Q9FpJc0QT-3nLZKHjrJk0r60FMUhA3h8rrmLbKCSniaeG0nxpsbg=w408-h266-k-no,true,8 am–5 pm,8 am–5 pm,8 am–5 pm,Closed,Closed,8 am–5 pm,8 am–5 pm,"https://www.google.com/maps/search/commercial+landscaping+businesses+in+John+Barrow+Little+Rock+AR/@34.7209576,-92.3819068,14z",2026-04-29T21:49:53.751Z,,,
https://www.google.com/maps/place/Cleve+Addie+Inc./data=!4m7!3m6!1s0x87d2a50829c76e35:0x8f1df47fb2462675!8m2!3d34.6893265!4d-92.3484576!16s%2Fg%2F1thq5v08!19sChIJNW7HKQil0ocRdSZGsn_0HY8,Cleve Addie Inc.,4.1,125,Lawn mower repair service,"6620 S University Ave, Little Rock, AR 72209, United States","MMQ2+PJ Little Rock, Arkansas, USA",https://www.walker.com/dealer/cleve-addie,+1 501-565-5747,"Closes soon · 5 pm · Opens 7:30 am Thu

Updated by this business 3 weeks ago",https://lh3.googleusercontent.com/gps-cs-s/APNQkAFQ7SOiF7UYoplBkl5FCgBpcSDvCJeImHQB-vFRaKbDtew2bZxLEafJigChp74GLEglCLIOeST12di368QZhDk64bd7Y-J1THcdH5Ao9TNDRESyVFcoqXA9C8zVOviiDZ48bPtPrcxcpD03=w408-h408-k-no,true,7:30 am–5 pm,7:30 am–5 pm,7:30 am–5 pm,8 am–12 pm,Closed,7:30 am–5 pm,7:30 am–5 pm,"https://www.google.com/maps/search/commercial+landscaping+businesses+in+John+Barrow+Little+Rock+AR/@34.7209576,-92.3819068,14z",2026-04-29T21:49:58.332Z,,,
https://www.google.com/maps/place/DESKI+Construction/data=!4m7!3m6!1s0x87d2a54df38dd653:0x53c546ff6e685cbc!8m2!3d34.717074!4d-92.392453!16s%2Fg%2F11k_9q3w6y!19sChIJU9aN802l0ocRvFxobv9GxVM,DESKI Construction,5.0,3,General contractor,,,https://www.deskiconstructionllc.com/?utm_source=omg-gbp&utm_medium=webclick+,+1 501-912-5729,,https://lh3.googleusercontent.com/gps-cs-s/APNQkAEy4gD0s1vVehvcMyEbnkBya-0VK9DowBKHOfbT2PfHTBLMolDBaJ4IDlTn6H4z86f9dOHoTxAJuZjl4WCdZcev0BvSd2v4HChADBAQ_GiOvY9meUc0kqCzTSJcRChf0fHUo1MP3g=w408-h406-k-no,true,7 am–5 pm,7 am–5 pm,7 am–5 pm,7 am–12 pm,Closed,7 am–5 pm,7 am–5 pm,"https://www.google.com/maps/search/commercial+landscaping+businesses+in+John+Barrow+Little+Rock+AR/@34.7209576,-92.3819068,14z",2026-04-29T21:50:02.686Z,,Identifies as women-owned,
https://www.google.com/maps/place/The+Center+at+Ten/data=!4m7!3m6!1s0x87d2a1abbccd9e2d:0x32887bd0d56964b5!8m2!3d34.7457394!4d-92.4016516!16s%2Fg%2F11fnb25x5z!19sChIJLZ7NvKuh0ocRtWRp1dB7iDI,The Center at Ten,4.4,55,Business center,"1015 Embassy Suites Dr, Little Rock, AR 72211, United States","PHWX+78 Little Rock, Arkansas, USA",,,,https://lh3.googleusercontent.com/gps-cs-s/APNQkAGfJ_f0lzOXaZO0gsFaK57VlBmcVohJjxVzvuwMZlMugG8CtWgp5pp44J_zPdDNa3qFim4AmGi-EHRmwh2knN_hdwXNpWGyGZ0hE5CKR_fKA-JGrz6uoA0WjxIV0CU2FxHltirW=w408-h544-k-no,false,,,,,,,,"https://www.google.com/maps/search/commercial+landscaping+businesses+in+John+Barrow+Little+Rock+AR/@34.7209576,-92.3819068,14z",2026-04-29T21:50:04.945Z,,,
https://www.google.com/maps/place/Lumber+One+Home+Center-Little+Rock/data=!4m7!3m6!1s0x87d2a68c3db80d91:0xb78e33e596dc796a!8m2!3d34.7133643!4d-92.3964619!16s%2Fg%2F11n__vphfv!19sChIJkQ24PYym0ocRanncluUzjrc,Lumber One Home Center-Little Rock,4.5,108,Hardware store,"10800 Colonel Glenn Rd, Little Rock, AR 72204, United States","PJ73+8C Little Rock, Arkansas, USA",https://lumber1.com/?utm_source=google&utm_medium=local&utm_campaign=localmaps&utm_content=18440,+1 501-406-1082,"Open · Closes 6 pm

Confirmed by this business 3 weeks ago",https://lh3.googleusercontent.com/gps-cs-s/APNQkAGs0Bs7owdM6K2CRdAJE5qzi60S717P9qfi2vZAqbC0Fi6tBgPAYK-FfejNHk9vhcNhyQeo8vaTHx9rPosQdUUjFHrJkuU3H3lPXKPaY_kzDtM_9KJ90LlODTrlHhQpOt3o6HGq=w408-h306-k-no,true,7 am–6 pm,7 am–6 pm,7 am–6 pm,7 am–6 pm,9 am–5 pm,7 am–6 pm,7 am–6 pm,"https://www.google.com/maps/search/commercial+landscaping+businesses+in+John+Barrow+Little+Rock+AR/@34.7209576,-92.3819068,14z",2026-04-29T21:50:09.348Z,· Delivery,,
https://www.google.com/maps/place/Leafscape/data=!4m7!3m6!1s0x87cd5f2129637cc3:0xc46963f3c9da1f00!8m2!3d34.7132468!4d-92.4777361!16s%2Fg%2F1vpq7d_p!19sChIJw3xjKSFfzYcRAB_ayfNjacQ,Leafscape,4.6,27,Interior plant service,"18305 Lawson Rd, Little Rock, AR 72210, United States","PG7C+7W Little Rock, Arkansas, USA",https://leafscapedesigns.com/,+1 501-821-5770,Closes soon · 5 pm · Opens 8 am Thu,https://lh3.googleusercontent.com/gps-cs-s/APNQkAFww6iGs7apZLLuJsvjCI-OyhZZSLxtLZITpFCkEVF5AvefMJfh_8RpZuVxCN66TYlikazNsHF2vCxXNeil1jXXrTFvKuKEH4AbHm6XU9Zr4thHUvIK4Q7EROcjVkaD68pyzK6l1w=w408-h272-k-no,true,8 am–5 pm,8 am–5 pm,8 am–3 pm,Closed,Closed,8 am–5 pm,8 am–5 pm,"https://www.google.com/maps/search/commercial+landscaping+businesses+in+John+Barrow+Little+Rock+AR/@34.7209576,-92.3819068,14z",2026-04-29T21:50:13.741Z,,Identifies as women-owned,
https://www.google.com/maps/place/Luis%27+Tree+Service/data=!4m7!3m6!1s0x87d2a4ae7b347b0d:0x95319049eb0ccafd!8m2!3d34.6721254!4d-92.3327634!16s%2Fg%2F1th49yb3!19sChIJDXs0e66k0ocR_coM60mQMZU,Luis' Tree Service,4.8,46,Tree service,"8503 Stanton Rd, Little Rock, AR 72209, United States","MMC8+VV Little Rock, Arkansas, USA",http://luistreeservicear.com/,+1 501-952-6685,Open · Closes 7 pm,https://lh3.googleusercontent.com/gps-cs-s/APNQkAEldKjXXtqmN3R8SfeyhEGmp7cbYrbwGv_zw4nPe4nUOkf6jq9yvSgwhvAPcpi2fjv7laY4nGah_ulJibudf03Zm3qDQUNbOAqFRSJM0eK543w6GrjUuj2uA6gETzjhdhbW_kMn=w427-h240-k-no,true,7 am–7 pm,7 am–7 pm,7 am–7 pm,7 am–7 pm,Closed,7 am–7 pm,7 am–7 pm,"https://www.google.com/maps/search/commercial+landscaping+businesses+in+John+Barrow+Little+Rock+AR/@34.7209576,-92.3819068,14z",2026-04-29T21:50:18.138Z,,,
https://www.google.com/maps/place/Tree+Service+Experts+Little+Rock/data=!4m7!3m6!1s0x87d2a78fb3844197:0x2d34a3c6be5ce87d!8m2!3d34.737446!4d-92.4045077!16s%2Fg%2F11kypm09t2!19sChIJl0GEs4-n0ocRfehcvsajNC0,Tree Service Experts Little Rock,,,Tree service,"10929 Executive Center Dr, Little Rock, AR 72211, United States","PHPW+X5 Little Rock, Arkansas, USA",,+1 501-290-4322,Open · Closes 8 pm,https://lh3.googleusercontent.com/gps-cs-s/APNQkAEz5XXHrdb-_ROB4OKh7kg80lRtAUEAXBtw2-XKG2-gICK3g-CsMzJHCdRyyRX1af17WY_PYtbBiNI9VaeLx59HdGACORS0peDQ3rlo2a2pL1AF8jW_FwW1Gj7r4HJ7fBBFfUba2w=w408-h271-k-no,false,8 am–8 pm,8 am–8 pm,8 am–8 pm,8 am–8 pm,8 am–8 pm,8 am–8 pm,8 am–8 pm,"https://www.google.com/maps/search/commercial+landscaping+businesses+in+John+Barrow+Little+Rock+AR/@34.7209576,-92.3819068,14z",2026-04-29T21:50:22.637Z,,,
https://www.google.com/maps/place/Modern+Storage%C2%AE+West+Little+Rock/data=!4m7!3m6!1s0x87d2a6cac23e7f35:0xc9d025ca156c84b9!8m2!3d34.749278!4d-92.4021533!16s%2Fg%2F11c619lkqf!19sChIJNX8-wsqm0ocRuYRsFcol0Mk,Modern Storage® West Little Rock,4.9,2398,Self-storage facility,"601 Autumn Rd, Little Rock, AR 72211, United States","PHXX+P4 Little Rock, Arkansas, USA",https://www.modernstorage.com/,+1 501-812-6500,,https://lh3.googleusercontent.com/gps-cs-s/APNQkAF-P6qEBL98mrEQq5Bq_071SZtKtmTht77T3Nbo0i8ve6r0rCcG70NSfbooLoi2tUHbYf0d1yyw-_dhf-hKU_Snl2TgRJIIyceIYybNCJdfNXpJHG0eSw3qtZdJ6jiMon78k4vZ3-f0NEN0=w426-h240-k-no,true,,,,,,,,"https://www.google.com/maps/search/commercial+landscaping+businesses+in+John+Barrow+Little+Rock+AR/@34.7209576,-92.3819068,14z",2026-04-29T21:50:27.046Z,,,
https://www.google.com/maps/place/West+Tree+Service/data=!4m7!3m6!1s0x87d2a59f5261df39:0xd62ce84d77839fe2!8m2!3d34.6842362!4d-92.3465112!16s%2Fg%2F1tjyv445!19sChIJOd9hUp-l0ocR4p-Dd03oLNY,West Tree Service,2.9,106,Tree service,"6300 Forbing Rd, Little Rock, AR 72209, United States","MMM3+M9 Little Rock, Arkansas, USA",http://www.westtree.com/,+1 501-568-5111,Closes soon · 5 pm · Opens 8 am Thu,https://lh3.googleusercontent.com/gps-cs-s/APNQkAF_me7_UxJ9DLKKssoGHB9bxSpKg-aQ_QTZNDWBEwYCiRJ8H42I33eMh3gsa9EEyeXuBEusMSXQvxRq93iYGVkrl-2RVm8FzuuksAjp2FqE8-JFP4nop2ZBL6SdzSaTlppXATg=w408-h725-k-no,true,8 am–5 pm,8 am–5 pm,8 am–5 pm,Closed,Closed,8 am–5 pm,8 am–5 pm,"https://www.google.com/maps/search/commercial+landscaping+businesses+in+John+Barrow+Little+Rock+AR/@34.7209576,-92.3819068,14z",2026-04-29T21:50:31.296Z,,,
https://www.google.com/maps/place/Hugg+%26+Hall+Equipment+Co./data=!4m7!3m6!1s0x87d2a540c53f7b69:0x9df689bb09b88c8!8m2!3d34.6840574!4d-92.3186968!16s%2Fg%2F1tf_nvcv!19sChIJaXs_xUCl0ocRyIibsJto3wk,Hugg & Hall Equipment Co.,4.5,68,Equipment supplier,"7201 Scott Hamilton Dr, Little Rock, AR 72209, United States","MMMJ+JG Little Rock, Arkansas, USA",http://www.hugghall.com/,+1 501-562-1262,,https://lh3.googleusercontent.com/gps-cs-s/APNQkAGVU8ME0rz68dVO0x9CAWuHzR0QCY2FEIyMpBckBYnVqRkuhw4nm-Wn1dK2YR5VF9YwHoL4MrUFE6-b9c0OJ0uXCphOeg56Jn20_pccd9vA3B1PxTy5pUMLm79wtuWSzYxpI9ISEaFa3MsB=w408-h306-k-no,true,,,,,,,,"https://www.google.com/maps/search/commercial+landscaping+businesses+in+John+Barrow+Little+Rock+AR/@34.7209576,-92.3819068,14z",2026-04-29T21:50:35.582Z,,,
https://www.google.com/maps/place/The+Grounds+Guys+of+North+Little+Rock/data=!4m7!3m6!1s0x892df2d166b3b8cb:0x977ca0fa9aa37cf5!8m2!3d34.829734!4d-92.1881868!16s%2Fg%2F11lcprdyn9!19sChIJy7izZtHyLYkR9XyjmvqgfJc,The Grounds Guys of North Little Rock,4.6,20,Landscaper,"406 Manson Rd Suite 310, Sherwood, AR 72120, United States","RRH6+VP Sherwood, Arkansas, USA",https://www.groundsguys.com/locations/north-little-rock/?cid=LSTL_GUY000204&utm_source=gmb&utm_campaign=local&utm_medium=organic,+1 512-384-1915,Open · Closes 9 pm,https://lh3.googleusercontent.com/gps-cs-s/APNQkAF8IGXdh5PTTx006CObMcK4tD92WGtHzr6iGmKBDqhLE5qICymgsyWzSOYytO5_4LyY2qVjtDVIVabzNCyI1gh9FDqfBVNzLaKd9stl1tU4bf-AtKkwKPI6_O6dTxcyBWhW1yiupOy93ndR=w408-h306-k-no,true,7 am–9 pm,7 am–9 pm,7 am–9 pm,8 am–5 pm,8 am–5 pm,7 am–9 pm,7 am–9 pm,"https://www.google.com/maps/search/commercial+landscaping+businesses+in+John+Barrow+Little+Rock+AR/@34.7209576,-92.3819068,14z",2026-04-29T21:50:39.938Z,,,
https://www.google.com/maps/place/Riverside+Exterior+Cleaning/data=!4m7!3m6!1s0x87d2a7273d543e55:0xa0b687fa4804c16!8m2!3d34.8579064!4d-92.3425809!16s%2Fg%2F11fqsv25zj!19sChIJVT5UPSen0ocRFkyApH9oCwo,Riverside Exterior Cleaning,5.0,150,Pressure washing service,,,https://www.riversideexteriorcleaning.com/,+1 501-547-8749,Closes soon · 5 pm · Opens 8 am Thu,https://lh3.googleusercontent.com/gps-cs-s/APNQkAHPPxTcJzQp3l9oNXm9Y0C6VbNBJ5tqJXhi8nRoVUgjf7A6bgn1rlcHPED26fhgT24xgTkzEzM9J9UG16VrFWpImH6rHDqXu7tRovJKjPNsw_84MTSuIJNkuznMtxflEwwKhXPF=w408-h270-k-no,true,8 am–5 pm,8 am–5 pm,8 am–5 pm,Closed,Closed,8 am–5 pm,8 am–5 pm,"https://www.google.com/maps/search/commercial+landscaping+businesses+in+John+Barrow+Little+Rock+AR/@34.7209576,-92.3819068,14z",2026-04-29T21:50:44.446Z,,,
https://www.google.com/maps/place/Morales+Tree+Service+LLC/data=!4m7!3m6!1s0xdc128fcfa2b8eaf:0xe62a16c8a3f28bd1!8m2!3d34.7845615!4d-92.297334!16s%2Fg%2F11vqlzyp94!19sChIJr44r-vwowQ0R0Yvyo8gWKuY,Morales Tree Service LLC,4.9,75,Tree service,,,https://moralestreeservice.net/,+1 501-563-1749,Open · Closes 7:30 pm,https://lh3.googleusercontent.com/gps-cs-s/APNQkAHHiEVinde7pGQRmpzGbJ38cVi17xSIc5iCcgojO7xa726-ykTUg8USio6zwHPYzUjEaQ_QZWnKuLnbZ9k59xrkW3O9OAuGWAEmbl56rWovRXoX_Cj9V68fg5CjkMQYtxzbUhe9hA=w408-h544-k-no,true,7 am–7:30 pm,7 am–7:30 pm,7 am–7:30 pm,7 am–7:30 pm,Closed,7 am–7:30 pm,7 am–7:30 pm,"https://www.google.com/maps/search/commercial+landscaping+businesses+in+John+Barrow+Little+Rock+AR/@34.7209576,-92.3819068,14z",2026-04-29T21:50:48.683Z,,,
https://www.google.com/maps/place/Rowan+Park+Apartment+Homes/data=!4m7!3m6!1s0x87d2a72d99844097:0xb701b6553c94ff00!8m2!3d34.7468321!4d-92.4298273!16s%2Fg%2F12609p806!19sChIJl0CEmS2n0ocRAP-UPFW2Abc,Rowan Park Apartment Homes,4.6,94,Apartment rental agency,"1000 Kirby Rd, Little Rock, AR 72211, United States","PHWC+P3 Little Rock, Arkansas, USA",http://www.aspensquare.com/apartments/arkansas/little-rock/rowan-park?utm_source=google&utm_medium=referral,+1 501-356-3322,"Closes soon · 5:30 pm · Opens 8:30 am Thu

Updated by this business 6 weeks ago",https://lh3.googleusercontent.com/gps-cs-s/APNQkAEEMSW42e9KD9cUUwBwuYRvkL3U_Q4lVinSX2_IggHcmvwbYCW_CiN--1twVZ_HiHW8fhgG14UoHTYqDrqLnPRhECK8G-bBsVaehTVZeslxCgcUrU8EJ0OokeqqnqWXng_9Cd3l=w408-h246-k-no,true,8:30 am–5:30 pm,8:30 am–5:30 pm,8:30 am–5:30 pm,Closed,Closed,8:30 am–5:30 pm,8:30 am–5:30 pm,"https://www.google.com/maps/search/commercial+landscaping+businesses+in+John+Barrow+Little+Rock+AR/@34.7209576,-92.3819068,14z",2026-04-29T21:50:53.201Z,,,
https://www.google.com/maps/place/Reyes+Construction+%26+Landscaping/data=!4m7!3m6!1s0x87d2af93fc99d665:0xe7bb85efe42d2b0a!8m2!3d34.7301806!4d-92.520024!16s%2Fg%2F11n0b6c8zy!19sChIJZdaZ_JOv0ocRCist5O-Fu-c,Reyes Construction & Landscaping,1.0,1,Construction company,,,,+1 501-744-1597,Closes soon · 5 pm · Opens 8 am Thu,https://lh3.googleusercontent.com/gps-cs-s/APNQkAG8HVpBSv-KPG-wcpOw_tard6ZeD4sJofQSgR72IhA65qS21k4zsSaWaRMUp0hN66NHzWioWWuyfcjt4ZLli2f4on_YMgXzf7dGHZyjdUx3axiYFtxLSGyiJQjVg0ygwxSC4i-mxA=w458-h240-k-no,true,8 am–5 pm,8 am–5 pm,8 am–5 pm,8 am–5 pm,Closed,8 am–5 pm,8 am–5 pm,"https://www.google.com/maps/search/commercial+landscaping+businesses+in+John+Barrow+Little+Rock+AR/@34.7209576,-92.3819068,14z",2026-04-29T21:50:57.573Z,,,
https://www.google.com/maps/place/Worley+Building+Products/data=!4m7!3m6!1s0x87d2a146b75a2afb:0x5c68b234d0425d98!8m2!3d34.76661!4d-92.397174!16s%2Fg%2F1tmxx3j_!19sChIJ-ypat0ah0ocRmF1C0DSyaFw,Worley Building Products,,,Hardware store,"8 Shackleford Plaza Suite 303, Little Rock, AR 72211, United States","QJ83+J4 Little Rock, Arkansas, USA",,+1 501-224-6020,Closes soon · 5 pm · Opens 8 am Thu,https://streetviewpixels-pa.googleapis.com/v1/thumbnail?panoid=lQgRcQYyg69II1jjX5dykQ&cb_client=search.gws-prod.gps&w=408&h=240&yaw=54.01627&pitch=0&thumbfov=100,false,8 am–5 pm,8 am–5 pm,8 am–5 pm,8:30 am–3 pm,Closed,8 am–5 pm,8 am–5 pm,"https://www.google.com/maps/search/commercial+landscaping+businesses+in+John+Barrow+Little+Rock+AR/@34.7209576,-92.3819068,14z",2026-04-29T21:51:01.826Z,· In-store pick-up · Delivery,,
"https://www.google.com/maps/place/Bill%27s+Fence+Co.,+Inc/data=!4m7!3m6!1s0x87d2a700fedf7873:0xb88716ed71c943c1!8m2!3d34.6754188!4d-92.4114394!16s%2Fg%2F11ks0jpf8b!19sChIJc3jf_gCn0ocRwUPJce0Wh7g","Bill's Fence Co., Inc",4.7,23,Fence contractor,"8207 Stagecoach Rd, Little Rock, AR 72210, United States","MHGQ+5C Little Rock, Arkansas, USA",https://billsfenceco.com/,+1 501-681-0500,Closes soon · 5 pm · Opens 7 am Thu,https://lh3.googleusercontent.com/gps-cs-s/APNQkAGTiaYnapbaE0BTAiASV_w7h9AosYe9QGnnod8_iIb6onemHGCBaVbS8n0q1Uu3cCtHQZQaMxB5Iczf3T9zpsP80Wf7-FoNO2lWyupWCCMPjQOL52YwV_y67l1sOiK0N3i7cUUJ=w408-h306-k-no,true,7 am–5 pm,7 am–5 pm,7 am–5 pm,Closed,Closed,7 am–5 pm,7 am–5 pm,"https://www.google.com/maps/search/commercial+landscaping+businesses+in+John+Barrow+Little+Rock+AR/@34.7209576,-92.3819068,14z",2026-04-29T21:51:06.577Z,,,
https://www.google.com/maps/place/Harbor+Freight/data=!4m7!3m6!1s0x87d2a4f8071587e5:0x228b7fe7dd52725f!8m2!3d34.7159843!4d-92.3406219!16s%2Fg%2F1tdm47_c!19sChIJ5YcVB_ik0ocRX3JS3ed_iyI,Harbor Freight,4.4,1227,Hardware store,"3901 S University Ave Suite 6, Little Rock, AR 72204, United States","PM85+9Q Little Rock, Arkansas, USA",https://www.harborfreight.com/storelocator/3901-s-university-ave-suite-6-little-rock-72204?number=94,+1 501-562-6262,Open · Closes 8 pm,https://lh3.googleusercontent.com/gps-cs-s/APNQkAENnGJ1xs7AwzL3oHnwgyBPCAljiQNV8cRkGfbYKHN9CiO2w2B55fUHoaz5hSnu0MZvW0_uwX7cY3sSOWQS_I5EELGT5SDEeNNkgMB0liNeJWjYB0y3OjClSJWGFMPKvEdAHJwL=w408-h542-k-no,true,8 am–8 pm,8 am–8 pm,8 am–8 pm,8 am–8 pm,9 am–6 pm,8 am–8 pm,8 am–8 pm,"https://www.google.com/maps/search/commercial+landscaping+businesses+in+John+Barrow+Little+Rock+AR/@34.7209576,-92.3819068,14z",2026-04-29T21:51:11.008Z,"Retail chain carrying a wide range of tools, hardware & other products for the home, garden & car. · In-store pick-up",,
https://www.google.com/maps/place/Imprenta+Printing+and+Signs/data=!4m7!3m6!1s0x87d2a58326b8a245:0xde8315598586806!8m2!3d34.6700522!4d-92.3612988!16s%2Fg%2F1tfzmwgx!19sChIJRaK4JoOl0ocRBmhYmFUx6A0,Imprenta Printing and Signs,4.9,214,Print shop,"7524 Baseline Rd, Little Rock, AR 72209, United States","MJCQ+2F Little Rock, Arkansas, USA",http://www.imprentaprinting.net/,+1 501-570-0333,Open · Closes 6 pm,https://lh3.googleusercontent.com/gps-cs-s/APNQkAHu1ZaN4PYO_svRh3fy3Sphjj76Ge5y13ZhuB_2wb1PlvKMeOG7fpMvzbh0mit4pCwRiuYjZhN5BaRhhKXh96x_Dpf4cs3U-VF_wozryUCj6OkqbCMjqn57s139CGOxI3pEn1YF=w426-h240-k-no,true,9 am–6 pm,9 am–6 pm,9 am–6 pm,9 am–1 pm,Closed,9 am–6 pm,9 am–6 pm,"https://www.google.com/maps/search/commercial+landscaping+businesses+in+John+Barrow+Little+Rock+AR/@34.7209576,-92.3819068,14z",2026-04-29T21:51:15.295Z,· In-store shopping · In-store pick-up · Delivery,,
https://www.google.com/maps/place/Tractor+Supply+Co./data=!4m7!3m6!1s0x87d2a68c8866199b:0x5d5aa059817c163b!8m2!3d34.7096185!4d-92.3970074!16s%2Fg%2F1v3lqh5g!19sChIJmxlmiIym0ocROxZ8gVmgWl0,Tractor Supply Co.,4.3,379,Animal feed store,"10801 Colonel Glenn Sq, Little Rock, AR 72204, United States","PJ53+R5 Little Rock, Arkansas, USA",https://www.tractorsupply.com/tsc/store_Littlerock-AR-72204_1376,+1 501-954-7451,"Open · Closes 9 pm

Updated by this business 3 weeks ago",https://lh3.googleusercontent.com/gps-cs-s/APNQkAEWp3F8Pgyu-J0A92wulRKE-HDCYWyI0DlLlaJkYHNRcctAcMtdD8EnxQbpkXJVZzMMdawHPnffIuDVIlg_NDREyzT-_msdh342y2CXS6UXU52fKzyOQhw4M4t8V3iRpzeuWk_xh2wVqjj5=w408-h306-k-no,true,8 am–9 pm,8 am–9 pm,8 am–9 pm,8 am–9 pm,9 am–7 pm,8 am–9 pm,8 am–9 pm,"https://www.google.com/maps/search/commercial+landscaping+businesses+in+John+Barrow+Little+Rock+AR/@34.7209576,-92.3819068,14z",2026-04-29T21:51:20.205Z,"Chain with a wide variety of agricultural & livestock supplies, plus tools, workwear & boots. · In-store shopping · Kerbside pickup · Delivery",,
"https://www.google.com/maps/place/ELS+Lawn+Service,+LLC/data=!4m7!3m6!1s0x8a0bd847fd44362b:0x14e624e9483f8953!8m2!3d34.720518!4d-92.579287!16s%2Fg%2F11kc8nnl6n!19sChIJKzZE_UfYC4oRU4k_SOkk5hQ","ELS Lawn Service, LLC",,,Landscaper,,,,+1 501-554-3721,Closes soon · 5:30 pm · Opens 7 am Thu,https://lh3.googleusercontent.com/gps-cs-s/APNQkAHxyCNEqkHw-LOdWP9mzCTGjFdx6sJITzb34syDSTq7JQdFPDKyJPbqEJKCYT2FeWFDnd8ZfnvDzubCXLmwgy4MbocmYBYEAGI8SSS1fbsr9S21Mc75VaGPspDnlpXw4xUNvg=w408-h544-k-no,true,7 am–5:30 pm,7 am–5:30 pm,7 am–5:30 pm,7 am–5:30 pm,Closed,7 am–5:30 pm,7 am–5:30 pm,"https://www.google.com/maps/search/commercial+landscaping+businesses+in+John+Barrow+Little+Rock+AR/@34.7209576,-92.3819068,14z",2026-04-29T21:51:24.364Z,,,
https://www.google.com/maps/place/Northern+Tool+%2B+Equipment/data=!4m7!3m6!1s0x87d2a5fcaef9c3c3:0x39e637ac77c9e176!8m2!3d34.6719808!4d-92.3777414!16s%2Fg%2F11f4qgzwgw!19sChIJw8P5rvyl0ocRduHJd6w35jk,Northern Tool + Equipment,4.5,410,Tool store,"10010 I-30, Little Rock, AR 72209, United States","MJCC+QW Little Rock, Arkansas, USA",https://www.northerntool.com/store/littlerockar-store-littlerock-ar,+1 501-918-0212,Open · Closes 7 pm,https://lh3.googleusercontent.com/gps-cs-s/APNQkAFZyAm1OJMVn3cnHaDGs2bwA9ET19tjVMIYNpxL_hNZUkw3f8bME8ZghNHx-P1JObSFI4vlr7SvYNuZFHTvm-n2rIFlHsSL_7zZEHgxz7mrq4rVbRRlvMqScVB1bBklIMFI3Ep4=w408-h272-k-no,true,7 am–7 pm,7 am–7 pm,7 am–7 pm,8 am–6 pm,9 am–5 pm,7 am–7 pm,7 am–7 pm,"https://www.google.com/maps/search/commercial+landscaping+businesses+in+John+Barrow+Little+Rock+AR/@34.7209576,-92.3819068,14z",2026-04-29T21:51:29.083Z,Chain carrying a vast selection of tools & equipment for do-it-yourself & construction projects. · In-store shopping · In-store pick-up · Delivery,,
https://www.google.com/maps/place/SiteOne+Landscape+Supply/data=!4m7!3m6!1s0x87d29f4000000069:0x7f564c6c94b08d75!8m2!3d34.8621864!4d-92.3973614!16s%2Fg%2F1tdgvy9l!19sChIJaQAAAECf0ocRdY2wlGxMVn8,SiteOne Landscape Supply,4.7,32,Landscaping supply store,"601 Murphy Dr, Maumelle, AR 72113, United States","VJ63+V3 Maumelle, Arkansas, USA",https://www.siteone.com/en/store/572,+1 501-791-3484,"Closed · Opens 7 am Thu

Updated by this business 5 weeks ago",https://lh3.googleusercontent.com/gps-cs-s/APNQkAFBookUwMeUyfvISPqddIO0Vp4g9tkn1gFskq2S6u-5pdH6puX5cJdpBYvw_plouhoB7d5WSHQXTPmTXXsLckpQ-ndmoW3DkwI_9vE7RklYmhzi58SPzVGMQ-w2gZfcge-4Gr5ufNRA-2Y=w426-h240-k-no,true,7 am–4:30 pm,7 am–4:30 pm,7 am–4:30 pm,7–11 am,Closed,7 am–4:30 pm,7 am–4:30 pm,"https://www.google.com/maps/search/commercial+landscaping+businesses+in+Maumelle+Little+Rock+AR/@34.8700046,-92.3977509,14z",2026-04-29T21:51:48.007Z,"Resource for landscaping materials & supplies, including compost, mulches, sand & natural flagstone. · In-store shopping · Kerbside pickup · Delivery",,
https://www.google.com/maps/place/Golden+View+Lawn+Care/data=!4m7!3m6!1s0x87d29f490921f8b7:0xe1aa1dd348d4543f!8m2!3d34.8525397!4d-92.4081601!16s%2Fg%2F11k02vsvkg!19sChIJt_ghCUmf0ocRP1TUSNMdquE,Golden View Lawn Care,5.0,2,Lawn care service,"100 Park Dr #1231, Maumelle, AR 72113, United States","VH3R+2P Maumelle, Arkansas, USA",,+1 870-682-3795,Open 24 hours,https://lh3.googleusercontent.com/gps-cs-s/APNQkAG-glXbrR4azrVYSHQ8e9YqxRyyPdNkLV5uoLLnmr_BpPovps_P-Gu1BrNRwizawxIHWNGta4qrNRUhOHdAlO2prgWxpNL_zuxYhUH299xtPYsAMIbJRoIVQxcHWCOZpdDOpY-4tQ=w408-h271-k-no,true,Open 24 hours,Open 24 hours,Open 24 hours,Open 24 hours,Open 24 hours,Open 24 hours,Open 24 hours,"https://www.google.com/maps/search/commercial+landscaping+businesses+in+Maumelle+Little+Rock+AR/@34.8700046,-92.3977509,14z",2026-04-29T21:51:52.443Z,,,
https://www.google.com/maps/place/NLS+Lawn+%26+Landscape/data=!4m7!3m6!1s0x98dccde01f2457b:0x1c1e20c9b22fdf31!8m2!3d34.8860674!4d-92.3425809!16s%2Fg%2F11v0zxdk08!19sChIJe0XyAd7MjQkRMd8vsskgHhw,NLS Lawn & Landscape,5.0,38,Lawn care service,,,http://www.nlslawn.com/,+1 501-519-3055,Closes soon · 5 pm · Opens 8 am Thu,https://lh3.googleusercontent.com/gps-cs-s/APNQkAG_Nm-npr-G8ecxhO2tJ-ghlxYThXp2BME2-4xxuL2gdMuo335dptkOa-P_CXwOvPzTINDeD8uefU3l-1RoTic2-qcCa-CAlwTiGIV2yvy43I9u2BttZyEl0ZZgXqmU92C0Zf5DjrPs-eQ=w408-h250-k-no,true,8 am–5 pm,8 am–5 pm,8 am–5 pm,8 am–5 pm,Closed,8 am–5 pm,8 am–5 pm,"https://www.google.com/maps/search/commercial+landscaping+businesses+in+Maumelle+Little+Rock+AR/@34.8700046,-92.3977509,14z",2026-04-29T21:51:56.743Z,,,
https://www.google.com/maps/place/Delta+Grass+Masters+LLC/data=!4m7!3m6!1s0x87d29ee3e03c2fe9:0xe3ac3d54418d0603!8m2!3d34.8870883!4d-92.4060469!16s%2Fg%2F1tdmqlfc!19sChIJ6S884OOe0ocRAwaNQVQ9rOM,Delta Grass Masters LLC,4.0,4,Landscaper,"23114 AR-365, North Little Rock, AR 72113, United States","VHPV+RH North Little Rock, Arkansas, USA",,+1 501-803-9005,,https://lh3.googleusercontent.com/gps-cs-s/APNQkAG4ittLJtV4OqvGgee2gDMj_iMYHn335_smpM8TVX1Oe3X79HtIaaNF043JM8BEzuV-sVg0ztH62ZU5DNDXcAVIWUnFIbCJEa5r_21QoDFHaRxhRdg3IL1x2Ds97gSShj6xo9izeA=w426-h240-k-no,true,,,,,,,,"https://www.google.com/maps/search/commercial+landscaping+businesses+in+Maumelle+Little+Rock+AR/@34.8700046,-92.3977509,14z",2026-04-29T21:51:58.899Z,,,
https://www.google.com/maps/place/Service+Lawn+%26+Shrub/data=!4m7!3m6!1s0x87d29f169b72e81f:0xe9db8a58895d6653!8m2!3d34.8496309!4d-92.3747677!16s%2Fg%2F1tj4z7b5!19sChIJH-hymxaf0ocRU2ZdiViK2-k,Service Lawn & Shrub,4.0,8,Lawn care service,"212 Corondelet Ln, Maumelle, AR 72113, United States","RJXG+V3 Maumelle, Arkansas, USA",,+1 501-851-4224,Closed · Opens 7:30 am Thu,https://streetviewpixels-pa.googleapis.com/v1/thumbnail?panoid=bRcSVLaOH593IvSCfxBEFA&cb_client=search.gws-prod.gps&w=408&h=240&yaw=172.68274&pitch=0&thumbfov=100,false,7:30 am–4 pm,7:30 am–4 pm,7:30 am–4 pm,8 am–12 pm,Closed,7:30 am–4 pm,7:30 am–4 pm,"https://www.google.com/maps/search/commercial+landscaping+businesses+in+Maumelle+Little+Rock+AR/@34.8700046,-92.3977509,14z",2026-04-29T21:52:03.215Z,,,
"https://www.google.com/maps/place/Signature+Garden+Stylist,+LLC/data=!4m7!3m6!1s0x8300c2dd73ea25d7:0x90d201a93dfa580f!8m2!3d39.7605336!4d-107.3979436!16s%2Fg%2F11yskzt81g!19sChIJ1yXqc93CAIMRD1j6PakB0pA","Signature Garden Stylist, LLC",5.0,4,Landscaper,,,https://www.facebook.com/signaturegardenstylist,+1 612-269-6581,Open 24 hours,https://lh3.googleusercontent.com/gps-cs-s/APNQkAEY-CH_66tHOnF55oUIp15sZzwGBKTERLGyRqj0PEzqci-Hzb_YoWYwNJlTcd0DcMr_YFP2uXo3Ph9jCDEgRc-tMBKUDjuakegD-8X8tbRzshNbbxbR1kci0cu6-nXc85dpS6JEVcl-9js=w408-h544-k-no,true,Open 24 hours,Open 24 hours,Open 24 hours,Open 24 hours,Closed,Open 24 hours,Open 24 hours,"https://www.google.com/maps/search/commercial+landscaping+businesses+in+Maumelle+Little+Rock+AR/@34.8700046,-92.3977509,14z",2026-04-29T21:52:07.575Z,,,
https://www.google.com/maps/place/Waterscapes+by+Nolan+Pools/data=!4m7!3m6!1s0x87d2a215dbacb5af:0x21f7031edc0f90ef!8m2!3d34.841643!4d-92.3785487!16s%2Fg%2F1vl9s0cl!19sChIJr7Ws2xWi0ocR75AP3B4D9yE,Waterscapes by Nolan Pools,3.1,8,Swimming pool contractor,"9100 Commerce Cove, Maumelle, AR 72113, United States","RJRC+MH Maumelle, Arkansas, USA",https://waterscapespoolsandspas.com/,+1 501-771-9710,Closes soon · 5 pm · Opens 10 am Thu,https://lh3.googleusercontent.com/gps-cs-s/APNQkAGGEnhSBsN-4oZCJ6XbzeYchPEOBuZDFMfogtglNw4Sx94uI8XeXPIwQ3tjuxSI2iPtkFLRaGjNvjQyHihuj11c2Kr99lOw8OXLChUWCzhzvNJhFMGh7Zw0K1Zi-_Md2ua6qw9HWw=w408-h306-k-no,true,10 am–5 pm,10 am–5 pm,10 am–5 pm,Closed,Closed,10 am–5 pm,10 am–5 pm,"https://www.google.com/maps/search/commercial+landscaping+businesses+in+Maumelle+Little+Rock+AR/@34.8700046,-92.3977509,14z",2026-04-29T21:52:11.932Z,,,
https://www.google.com/maps/place/Ally+Roofing+%26+Construction+LLC/data=!4m7!3m6!1s0x87d29f0bd9c29899:0xc8e48e36f1de72a9!8m2!3d34.8569183!4d-92.4071575!16s%2Fg%2F11fw8jbgpk!19sChIJmZjC2Quf0ocRqXLe8TaO5Mg,Ally Roofing & Construction LLC,4.9,130,Roofing contractor,"501 Millwood Cir # C, Maumelle, AR 72113, United States","VH4V+Q4 Maumelle, Arkansas, USA",http://www.allyroofers.com/,+1 501-553-1025,Closed · Opens 10 am Thu,https://lh3.googleusercontent.com/gps-cs-s/APNQkAEK2i1nQUBmuwFB8PWwwVP-iJpCTqcGYp5FuhwscSViikjZZARQINp-l7zj7K5EhykX4r_A8x7m7-3eGHDmLng0LsObqDqCKNKPorJlwnrSyMjnVCKEMt9qv_t_rsWe0GAXUOnq=w408-h306-k-no,true,10 am–4 pm,10 am–4 pm,10 am–3 pm,Closed,Closed,10 am–4 pm,10 am–4 pm,"https://www.google.com/maps/search/commercial+landscaping+businesses+in+Maumelle+Little+Rock+AR/@34.8700046,-92.3977509,14z",2026-04-29T21:52:16.397Z,,,
"https://www.google.com/maps/place/West+Termite,+Pest+%26+Lawn/data=!4m7!3m6!1s0x87d2a13d14d46da9:0xeb70cccd944f0e2a!8m2!3d34.8295053!4d-92.3823122!16s%2Fg%2F11hdf5lsj0!19sChIJqW3UFD2h0ocRKg5PlM3McOs","West Termite, Pest & Lawn",4.9,171,Pest control service,"7510 Counts Massie Rd, Maumelle, AR 72113, United States","RJH9+R3 Maumelle, Arkansas, USA",https://westtermite.com/locations/little-rock/,+1 501-246-4489,Closes soon · 5 pm · Opens 8 am Thu,https://lh3.googleusercontent.com/gps-cs-s/APNQkAGbfxZ_2N97fKc8BDSPRgQ5YdTX20ZI_OTUOD8nMh1oo594CC8-O2SelYgUCsxT5YV9drFj3HzYlxqKoxrQCXo9jTngobOekHx598k8Ss2A5Idb9w4H_rvEzO-AOIjeaRXPOHRV=w408-h272-k-no,true,8 am–5 pm,8 am–5 pm,8 am–5 pm,Closed,Closed,8 am–5 pm,8 am–5 pm,"https://www.google.com/maps/search/commercial+landscaping+businesses+in+Maumelle+Little+Rock+AR/@34.8700046,-92.3977509,14z",2026-04-29T21:52:20.738Z,,,
https://www.google.com/maps/place/Holiday+Inn+Express+%26+Suites+Maumelle+-+Little+Rock+NW+by+IHG/data=!4m10!3m9!1s0x87d29f2a77e5ffb5:0xb7d22a20b73022aa!5m2!4m1!1i2!8m2!3d34.882089!4d-92.385007!16s%2Fg%2F1tgq75jy!19sChIJtf_ldyqf0ocRqiIwtyAq0rc,Holiday Inn Express & Suites Maumelle - Little Rock NW by IHG,4.4,591,,"200 Holiday Dr, Maumelle, AR 72113, United States","VJJ7+RX Maumelle, Arkansas, USA",https://www.ihg.com/holidayinnexpress/hotels/us/en/maumelle/litma/hoteldetail?cm_mmc=GoogleMaps-_-EX-_-US-_-LITMA,+1 501-851-4422,,https://lh3.googleusercontent.com/gps-cs-s/APNQkAG-w1sqrcqn68Ek37IbM9mSwpqx1u6L55KWxCLRbiRHspLawc5fzgL9IDLkDqud-rPOQX_DnyaDtgMXYXoGyIuz6yCPehFf8eoNmGSWs62nQc1ZILtwi6Wb3FWomagXGFCfWzdEQg=w408-h266-k-no,true,,,,,,,,"https://www.google.com/maps/search/commercial+landscaping+businesses+in+Maumelle+Little+Rock+AR/@34.8700046,-92.3977509,14z",2026-04-29T21:52:23.151Z,,,
https://www.google.com/maps/place/The+Orange+Dumpster+Company/data=!4m7!3m6!1s0x87d29f9606d79f73:0x1153365215843317!8m2!3d34.8896578!4d-92.418289!16s%2Fg%2F11y9pcfx00!19sChIJc5_XBpaf0ocRFzOEFVI2UxE,The Orange Dumpster Company,5.0,1,Dumpster rental service,"24318 AR-365, Maumelle, AR 72113, United States","VHQJ+VM Maumelle, Arkansas, USA",https://orangedumpstercompany.com/,+1 501-240-7539,Open · Closes 6 pm,https://lh3.googleusercontent.com/gps-cs-s/APNQkAH3jWkLDtfzg2TvxZ_1Mf855NDp3Mm07qtif6jI5bEQjZcirohITxrnhHRWSqLLmM0IDEWpPHPcEta0HdPvL-fq8AttGMs6s7TML5GDqE9FTQ3jl1ITm1dUoivCSAlTcyL9BUYnPQ=w408-h408-k-no,true,7 am–6 pm,7 am–6 pm,7 am–6 pm,Closed,Closed,7 am–6 pm,7 am–6 pm,"https://www.google.com/maps/search/commercial+landscaping+businesses+in+Maumelle+Little+Rock+AR/@34.8700046,-92.3977509,14z",2026-04-29T21:52:27.441Z,,,
https://www.google.com/maps/place/Pure+Cleaning+Services+Inc/data=!4m7!3m6!1s0x87d29ed1117eb4d7:0x60b09f89d13cc09a!8m2!3d34.887585!4d-92.3766387!16s%2Fg%2F1trc5hfd!19sChIJ17R-EdGe0ocRmsA80YmfsGA,Pure Cleaning Services Inc,5.0,4,House cleaning service,"18815 MacArthur Dr, North Little Rock, AR 72118, United States","VJQF+28 North Little Rock, Arkansas, USA",,+1 501-580-1661,Open · Closes 6 pm,https://streetviewpixels-pa.googleapis.com/v1/thumbnail?panoid=HmrOaJLa_gbMFD3KFk4RyA&cb_client=search.gws-prod.gps&w=408&h=240&yaw=115.96776&pitch=0&thumbfov=100,false,8 am–6 pm,8 am–6 pm,8 am–6 pm,9 am–2 pm,Closed,8 am–6 pm,8 am–6 pm,"https://www.google.com/maps/search/commercial+landscaping+businesses+in+Maumelle+Little+Rock+AR/@34.8700046,-92.3977509,14z",2026-04-29T21:52:31.755Z,,,
https://www.google.com/maps/place/RichSmith+Management/data=!4m7!3m6!1s0x87d2a215db4d8f43:0x8ee64d3a99d4b74f!8m2!3d34.821666!4d-92.3708208!16s%2Fg%2F1vd3wb70!19sChIJQ49N2xWi0ocRT7fUmTpN5o4,RichSmith Management,3.9,133,Property management company,"9808 Maumelle Blvd, North Little Rock, AR 72113, United States","RJCH+MM North Little Rock, Arkansas, USA",http://www.richsmithmanagement.com/,+1 501-219-2808,Closes soon · 5 pm · Opens 8 am Thu,https://lh3.googleusercontent.com/gps-cs-s/APNQkAH23i76hsH9xA0nsByOTk1iCS4yuZHV5RtOfosGqqCfRDyNHrgP-PVbUx2CYpTEWBMD94DblRZ3Lscomj7Tf9WWvHzPFvpmS0KqziFHf2lNhWtdGzMuXMCYgRewsyc2MmUDO9xCcQ=w408-h527-k-no,true,8 am–5 pm,8 am–5 pm,8 am–5 pm,Closed,Closed,8 am–5 pm,8 am–5 pm,"https://www.google.com/maps/search/commercial+landscaping+businesses+in+Maumelle+Little+Rock+AR/@34.8700046,-92.3977509,14z",2026-04-29T21:52:36.032Z,,,
https://www.google.com/maps/place/Lawn+Love+Lawn+Care+of+Little+Rock/data=!4m7!3m6!1s0x87d2eb5b3879b8f9:0x86ef08d69435f8c4!8m2!3d34.723729!4d-92.336112!16s%2Fg%2F11k6x4ss0m!19sChIJ-bh5OFvr0ocRxPg1lNYI74Y,Lawn Love Lawn Care of Little Rock,4.6,111,Lawn care service,,,https://lawnlove.com/arkansas/little-rock-lawn-care?utm_source=Google&utm_medium=Places&utm_campaign=LittleRock,+1 501-251-6097,Open · Closes 8 pm,https://lh3.googleusercontent.com/gps-cs-s/APNQkAG7QIMDPrpEJ0aWKV1C5AhL9YpV7k9STPbqI5oz7oqAKP4dKmIX2P7W3cpB5MBlb_2_LeD8O_X3uC8BhgSYG7eSVU4ThIBuJ64M0Oa5lipAbFRKRptcd7HL25MAu1_nweg5We1t=w457-h240-k-no,true,6 am–8 pm,6 am–8 pm,6 am–8 pm,6 am–8 pm,6 am–8 pm,6 am–8 pm,6 am–8 pm,"https://www.google.com/maps/search/commercial+landscaping+businesses+in+Maumelle+Little+Rock+AR/@34.8700046,-92.3977509,14z",2026-04-29T21:52:40.570Z,,,
https://www.google.com/maps/place/Ski+Brothers+Heat+and+Air/data=!4m7!3m6!1s0x87d2bd00f10ad24d:0xeaaa29f49228525d!8m2!3d34.878239!4d-92.3468676!16s%2Fg%2F11h3lf42qn!19sChIJTdIK8QC90ocRXVIokvQpquo,Ski Brothers Heat and Air,5.0,721,HVAC contractor,"15310 MacArthur Dr, North Little Rock, AR 72118, United States","VMH3+77 North Little Rock, Arkansas, USA",https://skibrothershvac.com/,+1 501-397-1670,"Open 24 hours

Confirmed by this business 7 days ago",https://lh3.googleusercontent.com/gps-cs-s/APNQkAEzUc07k3NfglQv6_T-RO96BSwO-5D6bdycUCcXe9F0SqWlRoKbfyjh0_W2mwMdxx8ONxg3DeFUsjLTBBnbJq3uGZqv9rug-tFmF4CC7OWRjdKk5W-0_85tT3ztju0BH4PNYpBalQ=w408-h306-k-no,true,Open 24 hours,Open 24 hours,Open 24 hours,Open 24 hours,Open 24 hours,Open 24 hours,Open 24 hours,"https://www.google.com/maps/search/commercial+landscaping+businesses+in+Maumelle+Little+Rock+AR/@34.8700046,-92.3977509,14z",2026-04-29T21:52:44.946Z,,,
https://www.google.com/maps/place/White+Oak+Apartments/data=!4m7!3m6!1s0x87d2a202070530e7:0x24b7fe0d2da5567e!8m2!3d34.8335552!4d-92.3795734!16s%2Fg%2F11b76fhk7f!19sChIJ5zAFBwKi0ocRflalLQ3-tyQ,White Oak Apartments,4.6,161,Apartment complex,"10701 Burkhalter Haas Rd, North Little Rock, AR 72113, United States","RJMC+C5 North Little Rock, Arkansas, USA",https://npmainc.com/listing/white-oak/,+1 501-482-6782,Closes soon · 5:30 pm · Opens 8:30 am Thu,https://lh3.googleusercontent.com/gps-cs-s/APNQkAEzMdbCFrt1OIX01LsAMZ18Cn7ArHeF6S2KBW9JhACFJcOnqGeENsqoQjafxGAYsUnOMgazbHtOukFWTpn0EUdXQSowe-kMKfAnzbwEzxHLkjHpF_SyZ7-f5eM7dvfGDMIohms6=w426-h240-k-no,true,8:30 am–5:30 pm,8:30 am–5:30 pm,8:30 am–5:30 pm,Closed,Closed,8:30 am–5:30 pm,8:30 am–5:30 pm,"https://www.google.com/maps/search/commercial+landscaping+businesses+in+Maumelle+Little+Rock+AR/@34.8700046,-92.3977509,14z",2026-04-29T21:52:49.544Z,· Dogs allowed,,
https://www.google.com/maps/place/J+%26+M+Farms/data=!4m7!3m6!1s0x87d2a04dbbb35b5b:0xa46b86469d657419!8m2!3d34.80708!4d-92.4241611!16s%2Fg%2F126305tpz!19sChIJW1uzu02g0ocRGXRlnUaGa6Q,J & M Farms,5.0,1,Farm,"13623 Rivercrest Dr, Little Rock, AR 72212, United States","RH4G+R8 Little Rock, Arkansas, USA",,+1 501-690-3478,,https://streetviewpixels-pa.googleapis.com/v1/thumbnail?panoid=mnKoyLYbOx2eaf8vtMEqww&cb_client=search.gws-prod.gps&w=408&h=240&yaw=175.36069&pitch=0&thumbfov=100,false,,,,,,,,"https://www.google.com/maps/search/commercial+landscaping+businesses+in+Maumelle+Little+Rock+AR/@34.8700046,-92.3977509,14z",2026-04-29T21:52:52.196Z,,,
https://www.google.com/maps/place/Green+acres+landscaping/data=!4m7!3m6!1s0x87d2ed0cf957c7f1:0xb3b6420895ca5cdb!8m2!3d34.9803425!4d-92.030904!16s%2Fg%2F11jx4kq_24!19sChIJ8cdX-Qzt0ocR21zKlQhCtrM,Green acres landscaping,4.5,22,Drainage service,,,,+1 501-743-7051,,https://lh3.googleusercontent.com/gps-cs-s/APNQkAGCUuN9UtHWJPQOqfaI6NfyI8RNo9dnrQMm9qLmKE0Qc2hzuqP9bPwQPuWw0KAiMgpxFLVJX-L3TkwKteWK0uXRRD8Z2IEfMCp5nggH5G6Ypa0s95qGXw48jzhIaiQTdcDVQ3io=w408-h569-k-no,true,,,,,,,,"https://www.google.com/maps/search/commercial+landscaping+businesses+in+Maumelle+Little+Rock+AR/@34.8700046,-92.3977509,14z",2026-04-29T21:53:07.800Z,,,
"https://www.google.com/maps/place/Clippers+Lawns+%26+Landscapes+Inc./@34.723729,-92.336112,11z/data=!3m1!4b1!4m6!3m5!1s0x87cd5f427c9e103f:0x46ea54cc8ee5649a!8m2!3d34.723729!4d-92.336112!16s%2Fg%2F11ftjwvdk7",Clippers Lawns & Landscapes Inc.,2.5,2,Landscaper,,,,+1 501-952-8836,Closes soon · 5 pm · Opens 8 am Thu,,true,8 am–5 pm,8 am–5 pm,8 am–5 pm,Closed,Closed,8 am–5 pm,8 am–5 pm,"https://www.google.com/maps/search/commercial+landscaping+businesses+in+Maumelle+Little+Rock+AR/@34.8700046,-92.3977509,14z",2026-04-29T21:53:14.042Z,,,
https://www.google.com/maps/place/R%26L+Landscaping+LLC./data=!4m7!3m6!1s0x87d2bd517d4716fd:0xab09f3970f37facf!8m2!3d34.889667!4d-92.3540615!16s%2Fg%2F11g1gs78qg!19sChIJ_RZHfVG90ocRz_o3D5fzCas,R&L Landscaping LLC.,,,Landscaper,,,,+1 501-271-9001,Closes soon · 5:30 pm · Opens 7:30 am Thu,https://lh3.googleusercontent.com/gps-cs-s/APNQkAFCyjZR80-Xa-zWAqDxFHaQ4njJ4kCoBq4kqe3yJgbK50VM6IWPBRq87bmdHlTEwB5HpRK2yOhF8e3MU_ZsYw9CGTIoYFuc91h6gJI44KHOWDgKVlNUTp-7wK-iZ-OSa8nzuhx5GA=w426-h240-k-no,true,7:30 am–5:30 pm,7:30 am–5:30 pm,7:30 am–5:30 pm,9 am–1 pm,Closed,7:30 am–5:30 pm,7:30 am–5:30 pm,"https://www.google.com/maps/search/commercial+landscaping+businesses+in+Maumelle+Little+Rock+AR/@34.8700046,-92.3977509,14z",2026-04-29T21:53:18.319Z,,,
https://www.google.com/maps/place/Landscape+Specialists/data=!4m7!3m6!1s0x87d29606a66dd2ab:0xe9bf13b27d3695cf!8m2!3d34.848402!4d-92.2283269!16s%2Fg%2F1vs1sdqh!19sChIJq9JtpgaW0ocRz5U2fbITv-k,Landscape Specialists,3.7,3,Landscaper,"10306 AR-107, Sherwood, AR 72120, United States","RQXC+9M Sherwood, Arkansas, USA",,+1 501-223-2221,,https://streetviewpixels-pa.googleapis.com/v1/thumbnail?panoid=lWlijEj4F9ksfX51HP52Lw&cb_client=search.gws-prod.gps&w=408&h=240&yaw=129.46547&pitch=0&thumbfov=100,false,,,,,,,,"https://www.google.com/maps/search/commercial+landscaping+businesses+in+Maumelle+Little+Rock+AR/@34.8700046,-92.3977509,14z",2026-04-29T21:53:20.761Z,,,
https://www.google.com/maps/place/Tyler%27s+Lawn+%26+Landscaping/data=!4m7!3m6!1s0x87d298363d2162ad:0x1c5b594c34c675f7!8m2!3d34.8776619!4d-92.3215127!16s%2Fg%2F11bc73f7cw!19sChIJrWIhPTaY0ocR93XGNExZWxw,Tyler's Lawn & Landscaping,,,Lawn care service,"14111 Helenwood Dr, North Little Rock, AR 72118, United States","VMHH+39 North Little Rock, Arkansas, USA",,+1 501-920-8809,,https://streetviewpixels-pa.googleapis.com/v1/thumbnail?panoid=6TSsRbgzW4aErCp5yVN64w&cb_client=search.gws-prod.gps&w=408&h=240&yaw=173.5507&pitch=0&thumbfov=100,false,,,,,,,,"https://www.google.com/maps/search/commercial+landscaping+businesses+in+Maumelle+Little+Rock+AR/@34.8700046,-92.3977509,14z",2026-04-29T21:53:23.162Z,,,
"https://www.google.com/maps/place/Garden+Bee+Designs,+LLC/@34.723729,-92.336112,11z/data=!3m1!4b1!4m6!3m5!1s0x6204db42fcbb05e9:0x5d5e8fd53ccbef9d!8m2!3d34.723729!4d-92.336112!16s%2Fg%2F11q2qx3r7t","Garden Bee Designs, LLC",,,Landscape designer,,,http://www.gardenbeedesigns.com/,+1 501-712-3373,Closed · Opens 10 am Thu,,true,Closed,10 am–6 pm,10 am–6 pm,9 am–6 pm,Closed,9 am–6 pm,Closed,"https://www.google.com/maps/search/commercial+landscaping+businesses+in+Maumelle+Little+Rock+AR/@34.8700046,-92.3977509,14z",2026-04-29T21:53:29.380Z,,LGBTQ+ friendly,
https://www.google.com/maps/place/Goodhart+Outdoor+Sprinkler+Service/data=!4m7!3m6!1s0x87d29da20465f743:0xf6831a77a6e97d1b!8m2!3d34.8402919!4d-92.3136551!16s%2Fg%2F11f5bygj4h!19sChIJQ_dlBKKd0ocRG33ppncag_Y,Goodhart Outdoor Sprinkler Service,4.6,9,Lawn sprinkler system contractor,,,http://goodhartsprinklers.com/,+1 501-734-8041,Closes soon · 5 pm · Opens 9 am Thu,https://lh3.googleusercontent.com/gps-cs-s/APNQkAGYaJg77MkpjSZAcoeyrDYK-8lAw03yHqrUHQwSY9RpAYq6bj0pWKLB5FZBwovyjh64DqzdYfrngPhKhR2WSIWwBi5U5iSte67FZi50P3KiixFN6fBAarRFGD6sySjeE0uIEpoo=w408-h724-k-no,true,9 am–5 pm,9 am–5 pm,9 am–5 pm,Closed,Closed,9 am–5 pm,9 am–5 pm,"https://www.google.com/maps/search/commercial+landscaping+businesses+in+Maumelle+Little+Rock+AR/@34.8700046,-92.3977509,14z",2026-04-29T21:53:34.026Z,,,
https://www.google.com/maps/place/Walmart+Garden+Center/data=!4m7!3m6!1s0x87d2a1e43edb64c9:0xf59067d32822b026!8m2!3d34.8317082!4d-92.3946067!16s%2Fg%2F11dftx8377!19sChIJyWTbPuSh0ocRJrAiKNNnkPU,Walmart Garden Center,4.5,2,Garden center,"12001 Maumelle Blvd, North Little Rock, AR 72113, United States","RJJ4+M5 North Little Rock, Arkansas, USA",https://www.walmart.com/store/4460-north-little-rock-ar/patio-garden-services/?veh=seo_loc,+1 501-851-6102,Open · Closes 11 pm,https://streetviewpixels-pa.googleapis.com/v1/thumbnail?panoid=7p8svoSp8g00U1VN39D14g&cb_client=search.gws-prod.gps&w=408&h=240&yaw=256.75366&pitch=0&thumbfov=100,true,6 am–11 pm,6 am–11 pm,6 am–11 pm,6 am–11 pm,6 am–11 pm,6 am–11 pm,6 am–11 pm,"https://www.google.com/maps/search/commercial+landscaping+businesses+in+Maumelle+Little+Rock+AR/@34.8700046,-92.3977509,14z",2026-04-29T21:53:38.315Z,· In-store shopping · In-store pick-up · Delivery,,
https://www.google.com/maps/place/Everyday+landscaping/data=!4m7!3m6!1s0x87d2ab7ab4654979:0xbf8707c3589e6b95!8m2!3d34.5429678!4d-92.4048865!16s%2Fg%2F11x09f4k0s!19sChIJeUlltHqr0ocRlWueWMMHh78,Everyday landscaping,5.0,2,Lawn care service,"10922 Billy Williams Dr, Mabelvale, AR 72103, United States","GHVW+52 Mabelvale, Little Rock, AR, USA",http://heverydaylandscaping.net/,+1 501-478-0400,Closes soon · 5 pm · Opens 7 am Thu,https://streetviewpixels-pa.googleapis.com/v1/thumbnail?panoid=srxlkleIPghdwIsmHA2JzA&cb_client=search.gws-prod.gps&w=408&h=240&yaw=42.88171&pitch=0&thumbfov=100,true,7 am–5 pm,7 am–5 pm,7 am–5 pm,Closed,Closed,7 am–7 pm,7 am–5 pm,"https://www.google.com/maps/search/commercial+landscaping+businesses+in+Maumelle+Little+Rock+AR/@34.8700046,-92.3977509,14z",2026-04-29T21:53:42.630Z,,,
https://www.google.com/maps/place/Jeremy%27s/data=!4m7!3m6!1s0x87d2de9f360688a5:0xbc93a5612e2f6409!8m2!3d34.769445!4d-92.1726769!16s%2Fg%2F1tdn4mx9!19sChIJpYgGNp_e0ocRCWQvLmGlk7w,Jeremy's,1.0,1,Lawn sprinkler system contractor,"8307 US-70, North Little Rock, AR 72117, United States","QR9G+QW North Little Rock, Arkansas, USA",,+1 501-837-4220,Closes soon · 5 pm · Opens 8 am Thu,https://streetviewpixels-pa.googleapis.com/v1/thumbnail?panoid=Sixtlf6jcUVqAbKNO1Tl7g&cb_client=search.gws-prod.gps&w=408&h=240&yaw=357.7842&pitch=0&thumbfov=100,false,8 am–5 pm,8 am–5 pm,8 am–5 pm,Closed,Closed,8 am–5 pm,8 am–5 pm,"https://www.google.com/maps/search/commercial+landscaping+businesses+in+Maumelle+Little+Rock+AR/@34.8700046,-92.3977509,14z",2026-04-29T21:53:47.185Z,,,
https://www.google.com/maps/place/Poppy%27s+Irrigation/data=!4m7!3m6!1s0x87d2bf3b12eb837b:0x881792082e5709cf!8m2!3d34.7520156!4d-92.129428!16s%2Fg%2F12vs6gl5z!19sChIJe4PrEju_0ocRzwlXLgiSF4g,Poppy's Irrigation,4.9,101,Lawn sprinkler system contractor,,,https://www.poppyslawncare.com/,+1 501-225-5333,Closed · Opens 8 am Thu,https://lh3.googleusercontent.com/gps-cs-s/APNQkAFPr7sCfmfqJzAw8QqR4mUG9RzmeXwzAchlb-76PzF4qP0MQN0wGHOHYF3kThUgpLh6jN1rdvJXV_yFTbQI7Ncc5W-b8S-sL4abqOfZqECM4mKZcP9cmvm51Q8b3Yqeu3ZsF6ZL=w408-h544-k-no,true,8 am–4 pm,8 am–4 pm,8 am–4 pm,Closed,Closed,8 am–4 pm,8 am–4 pm,"https://www.google.com/maps/search/commercial+landscaping+businesses+in+Maumelle+Little+Rock+AR/@34.8700046,-92.3977509,14z",2026-04-29T21:53:51.305Z,,,
https://www.google.com/maps/place/Parkinson+Building+Group/data=!4m7!3m6!1s0x87d2a7296e76e9fb:0x80f6e16ce3ed134c!8m2!3d34.8098674!4d-92.4726049!16s%2Fg%2F1thz25tn!19sChIJ--l2bimn0ocRTBPt42zh9oA,Parkinson Building Group,4.6,9,Custom home builder,"18122 Cantrell Rd, Little Rock, AR 72223, United States","RG5G+WX Little Rock, Arkansas, USA",https://parkinsonbuildinggroup.com/,+1 501-954-8570,Closed · Opens 8 am Thu,https://lh3.googleusercontent.com/gps-cs-s/APNQkAGyJAysts6vFYJF-3IW5OJLZqfHX2-gWYM_wbyVA3-gfqVxeOOtx90U3idbS8x1o40TbL5qiFgkQInMtJm2EBr8wHv3QriGDmwFjsucSi_Nzt1wvRAG6hvjxbDF9jfzc6h3_Zc4=w427-h240-k-no,true,8 am–4 pm,8 am–4 pm,8 am–4 pm,Closed,Closed,8 am–4 pm,8 am–4 pm,"https://www.google.com/maps/search/commercial+landscaping+businesses+in+Maumelle+Little+Rock+AR/@34.8700046,-92.3977509,14z",2026-04-29T21:53:55.520Z,,,
https://www.google.com/maps/place/Emerald+Landscape/data=!4m7!3m6!1s0x2140d4efd7e0a19d:0x51afacb59cbd1933!8m2!3d34.723729!4d-92.336112!16s%2Fg%2F11yyjp9blh!19sChIJnaHg1-_UQCERMxm9nLWsr1E,Emerald Landscape,1.0,1,Landscaper,,,https://linktr.ee/EmeraldLandscape,+1 501-830-7976,Open 24 hours,https://lh3.googleusercontent.com/gps-cs-s/APNQkAEu1vAMkWhkQRDbQcYgXJmVNrzM-10tZzyJC5O17g0f222OToe_hEOXZTe8xjv6sPat9yuqdny5yUMpZrkU_I15QQ43owa-c5RKUA_8eIi8sEgibIInOfvKjkzqkJ-3-HQPCMwPYWmfYIGe=w408-h544-k-no,true,Open 24 hours,Open 24 hours,Open 24 hours,Open 24 hours,Open 24 hours,Open 24 hours,Open 24 hours,"https://www.google.com/maps/search/commercial+landscaping+businesses+in+Walnut+Valley+Little+Rock+AR/@34.7630025,-92.3974086,14z",2026-04-29T21:54:39.302Z,,,
https://www.google.com/maps/place/Calais+Forest/data=!4m7!3m6!1s0x87d2a12f05bd96a7:0x6f2361d2b86bbf69!8m2!3d34.7595311!4d-92.4139216!16s%2Fg%2F1td1qdvs!19sChIJp5a9BS-h0ocRab9ruNJhI28,Calais Forest,2.9,86,Apartment complex,"500 Napa Valley Dr, Little Rock, AR 72211, United States","QH5P+RC Little Rock, Arkansas, USA",https://www.maac.com/arkansas/little-rock/calais-forest,+1 501-223-8348,Closes soon · 5:30 pm · Opens 8:30 am Thu,https://lh3.googleusercontent.com/gps-cs-s/APNQkAHxankOrogPmUrZ6k3ir_QoDF7nkaCvY2e2zKwg9kLMFLSOGU-NHTzR7q_LP1TZq0Kv4ffReWYUahnqvQ9fbFJwC2j0PYrnidoemtMLIwTYl4oiCkiknPAJvrshAd4HWo8DQ_L85Q=w519-h240-k-no,false,8:30 am–5:30 pm,8:30 am–5:30 pm,8:30 am–5:30 pm,10 am–5 pm,Closed,8:30 am–5:30 pm,8:30 am–5:30 pm,"https://www.google.com/maps/search/commercial+landscaping+businesses+in+Walnut+Valley+Little+Rock+AR/@34.7630025,-92.3974086,14z",2026-04-29T21:54:43.771Z,,,
https://www.google.com/maps/place/Arbors+of+Pleasant+Valley/data=!4m7!3m6!1s0x87d2a13de90fcc99:0x529c1d5ea3a21b53!8m2!3d34.7721098!4d-92.4059537!16s%2Fg%2F1thvhgm_!19sChIJmcwP6T2h0ocRUxuio14dnFI,Arbors of Pleasant Valley,4.1,168,Apartment complex,"2020 Hinson Loop Rd, Little Rock, AR 72212, United States","QHCV+RJ Little Rock, Arkansas, USA",https://www.caseusa.com/apartments/ar/little-rock/arbors-of-pleasant-valley/?utm_source=GBP&utm_medium=organic&utm_campaign=arbors-of-pleasant-valley,+1 844-829-7926,Closes soon · 5:30 pm · Opens 8:30 am Thu,https://lh3.googleusercontent.com/gps-cs-s/APNQkAFblydNe4TyVQ2YJqjyR2xFRovtdYWM23-P4sobYw3y0-Y3_1E7lWl4TyuwSEKCsmdrf-38YHVBV19IoW1oErhtrYNtXWYgco9I-RAhvj_BRsx3DpQrFUVhkb_TKme_lqiFiQDfMq47rvFc=w408-h272-k-no,true,8:30 am–5:30 pm,8:30 am–5:30 pm,8:30 am–5 pm,10 am–3 pm,Closed,8:30 am–5:30 pm,8:30 am–5:30 pm,"https://www.google.com/maps/search/commercial+landscaping+businesses+in+Walnut+Valley+Little+Rock+AR/@34.7630025,-92.3974086,14z",2026-04-29T21:54:48.428Z,· Dogs allowed,,
https://www.google.com/maps/place/Landmark+Apartments/data=!4m7!3m6!1s0x87d2a737fa4f564b:0xfde96492c13a9a2!8m2!3d34.7384835!4d-92.441373!16s%2Fg%2F11g9f3tc0c!19sChIJS1ZP-jen0ocRoqkTLEmW3g8,Landmark Apartments,4.5,207,Apartment building,"16000 Rushmore Ave, Little Rock, AR 72223, United States","PHQ5+9F Little Rock, Arkansas, USA",http://www.landmarklr.com/?utm_source=Google&utm_medium=Soci&utm_campaign=Soci&utm_term=apartments%20in%20West%20Little%20Rock,+1 501-460-4578,"Open · Closes 6 pm

Confirmed by this business 2 weeks ago",https://lh3.googleusercontent.com/gps-cs-s/APNQkAFM2xf6fumThlV1cVX3vbMunBkbG0LpuNOGKnENiWatPyokuLYMM3f0eCK-9RvllZ09aDjD_JH7t0nVd7SZDh3--izoxmySiXwbvD-lFeFJos7xeGnoGv8ecvfaxlPPdT86jWz1=w408-h272-k-no,true,8 am–6 pm,8 am–6 pm,8 am–6 pm,10 am–6 pm,Closed,8 am–6 pm,8 am–6 pm,"https://www.google.com/maps/search/commercial+landscaping+businesses+in+Walnut+Valley+Little+Rock+AR/@34.7630025,-92.3974086,14z",2026-04-29T21:54:52.783Z,· Dogs allowed,,
https://www.google.com/maps/place/The+Lennox/data=!4m7!3m6!1s0x87d2a1305bc5bee9:0xc68fd6831b5343b1!8m2!3d34.7593209!4d-92.4091384!16s%2Fg%2F1tctmb05!19sChIJ6b7FWzCh0ocRsUNTG4PWj8Y,The Lennox,3.1,87,Apartment complex,"601 Napa Valley Dr, Little Rock, AR 72211, United States","QH5R+P8 Little Rock, Arkansas, USA",https://www.thelennoxlittlerock.com/,+1 501-225-1812,,https://lh3.googleusercontent.com/gps-cs-s/APNQkAFXhJwuXwvQJ22Z3Svn1qGk7fZFBewKvEIo1D3yFn4osj1P6G4vsRXITrAvKfk96BfUNOv_2HIlsW97xUsHOCGdqHyE1zMJU3BkAPr__QVvTmSZw3Zgn8x08fKxmtl-QaJtDq-U=w408-h306-k-no,true,,,,,,,,"https://www.google.com/maps/search/commercial+landscaping+businesses+in+Walnut+Valley+Little+Rock+AR/@34.7630025,-92.3974086,14z",2026-04-29T21:54:55.237Z,· Dogs allowed,,
https://www.google.com/maps/place/VaVia+Dumpster+Rental+Little+Rock/data=!4m7!3m6!1s0x87d2bb257f4d5c9d:0x4ba656b198359407!8m2!3d34.7336777!4d-92.2477837!16s%2Fg%2F11x6wbdv2h!19sChIJnVxNfyW70ocRB5Q1mLFWpks,VaVia Dumpster Rental Little Rock,5.0,8,Dumpster rental service,"1300 Bond Ave, Little Rock, AR 72202, United States","PQM2+FV Little Rock, Arkansas, USA",https://govavia.com/little-rock-ar-dumpster-rental/,+1 501-298-3300,Closed · Opens 7 am Thu,https://streetviewpixels-pa.googleapis.com/v1/thumbnail?panoid=xD8eaWentdgk6I_Iipa-7Q&cb_client=search.gws-prod.gps&w=408&h=240&yaw=247.61647&pitch=0&thumbfov=100,true,7 am–4 pm,7 am–4 pm,7 am–4 pm,Closed,Closed,7 am–4 pm,7 am–4 pm,"https://www.google.com/maps/search/commercial+landscaping+businesses+in+North+Little+Rock+Little+Rock+AR/@34.756104,-92.2677497,14z",2026-04-29T21:55:26.834Z,,,
https://www.google.com/maps/place/American+Composting+Inc/data=!4m7!3m6!1s0x87d2c7504bbbfa19:0xe5df00f827b548a7!8m2!3d34.7451918!4d-92.1344912!16s%2Fg%2F1tfmjbqq!19sChIJGfq7S1DH0ocRp0i1J_gA3-U,American Composting Inc,4.5,61,Landscaping supply store,"11911 Faulkner Lake Rd, North Little Rock, AR 72117, United States","PVW8+36 North Little Rock, Arkansas, USA",http://www.americancomposting.com/,+1 501-945-8888,Closed · Opens 7:30 am Thu,https://lh3.googleusercontent.com/gps-cs-s/APNQkAF6zK_CPDKrIhX_P88AUdaMhCzVNx_A4MsFV0HsvpK2yRh_MqlDikFN0oQPTpoM8zD6wOq_DnvNvuuqGenty0kUiOIjTtO24vTYCtsx-gfD0GgtWwbEiTgEqRinpDEgSYmAK1d_=w408-h544-k-no,true,7:30 am–4 pm,7:30 am–4 pm,7:30 am–4 pm,8 am–12 pm,Closed,7:30 am–4 pm,7:30 am–4 pm,"https://www.google.com/maps/search/commercial+landscaping+businesses+in+North+Little+Rock+Little+Rock+AR/@34.756104,-92.2677497,14z",2026-04-29T21:55:43.909Z,· In-store pick-up · Delivery,,
https://www.google.com/maps/place/A+Cut+Above+Lawn+Care+%26+Pressure+Washing/data=!4m7!3m6!1s0x87d2be698e0f01ed:0x98ffcea912687d4d!8m2!3d34.7864704!4d-92.551156!16s%2Fg%2F1262g9x_j!19sChIJ7QEPjmm-0ocRTX1oEqnO_5g,A Cut Above Lawn Care & Pressure Washing,5.0,15,Pressure washing service,,,http://www.lawncarelittlerock.com/,+1 501-940-0288,Open · Closes 7 pm,https://lh3.googleusercontent.com/gps-cs-s/APNQkAHtpnZZzBCG2E11CvAyGYelha_xqVe04XbvjN15sY4-YVvS8gbndWDI2amnTKq55UrsSzslTnnz03dHdR7hAhu2kkRoYiso7JcWN8M5PfaPmJpyW_9agy0c1JRJR6Rb0MjzPcIZ=w426-h240-k-no,true,7 am–7 pm,7 am–7 pm,7 am–7 pm,7 am–7 pm,Closed,7 am–7 pm,7 am–7 pm,"https://www.google.com/maps/search/commercial+landscaping+businesses+in+North+Little+Rock+Little+Rock+AR/@34.756104,-92.2677497,14z",2026-04-29T21:55:48.089Z,,,
https://www.google.com/maps/place/McMurrian+Home+%26+Lawn+Care+LLC/data=!4m7!3m6!1s0x87d2eb34d918749f:0xc94981d8f9d62bfc!8m2!3d34.8402919!4d-92.3136551!16s%2Fg%2F11r8w0w9wy!19sChIJn3QY2TTr0ocR_CvW-diBSck,McMurrian Home & Lawn Care LLC,5.0,9,Lawn care service,,,,+1 501-596-2730,Open · Closes 7 pm,https://lh3.googleusercontent.com/gps-cs-s/APNQkAEUYiX2XyUlVtdHfeq3hLVaLKTOKxfc25MKAEa-9UfM1tQe5Pbt5MXdoNFfZw4Rd4mO-B9HWumRESGhkxHEbPjmGynS8bNP2TN_r62fOLvbxcUamZeX6G_Ca0tO9tj7oCEm-pk1=w408-h306-k-no,true,7 am–7 pm,7 am–7 pm,7 am–7 pm,7 am–2 pm,Closed,7 am–7 pm,7 am–7 pm,"https://www.google.com/maps/search/commercial+landscaping+businesses+in+North+Little+Rock+Little+Rock+AR/@34.756104,-92.2677497,14z",2026-04-29T21:55:52.229Z,,,true
https://www.google.com/maps/place/All+Seasons+Construction+Inc/data=!4m7!3m6!1s0x87d2be55fbfe4f35:0xdabe6f371c1ba1b5!8m2!3d34.7989346!4d-92.1889409!16s%2Fg%2F1v7py_zg!19sChIJNU_--1W-0ocRtaEbHDdvvto,All Seasons Construction Inc,3.5,4,Concrete contractor,"509 E 50th St, North Little Rock, AR 72117, United States","QRX6+HC North Little Rock, Arkansas, USA",,+1 501-945-9503,,https://streetviewpixels-pa.googleapis.com/v1/thumbnail?panoid=9yc0X5-JZms_ZbGdMoTrvA&cb_client=search.gws-prod.gps&w=408&h=240&yaw=4.809546&pitch=0&thumbfov=100,false,,,,,,,,"https://www.google.com/maps/search/commercial+landscaping+businesses+in+North+Little+Rock+Little+Rock+AR/@34.756104,-92.2677497,14z",2026-04-29T21:56:00.619Z,,,
https://www.google.com/maps/place/Curb+Appeal+Creations/data=!4m7!3m6!1s0xa926fb1365dd4dcf:0xa4aacb66c14d664!8m2!3d34.7563544!4d-92.3098805!16s%2Fg%2F11q2_kbyjw!19sChIJz03dZRP7JqkRZNYUbLasSgo,Curb Appeal Creations,,,Landscape designer,,,http://www.curbappealcreations.com/,+1 501-436-9778,Closes soon · 5 pm · Opens 9 am Thu,https://lh3.googleusercontent.com/gps-cs-s/APNQkAGh2LGi3bWNt177bQW89hk5_5VVSUGOJ9gASvzfOO41QwfZYwUJg1sSz0t6uXL_yjN5ObrxfG2UnaF7O9ysTQUoVqIGFkmahgDf8uit55gte0y4-PBu9eKdhTz2A6ep7xxO0Hia=w408-h271-k-no,true,9 am–5 pm,9 am–5 pm,9 am–4 pm,Closed,Closed,9 am–5 pm,9 am–5 pm,"https://www.google.com/maps/search/commercial+landscaping+businesses+in+North+Little+Rock+Little+Rock+AR/@34.756104,-92.2677497,14z",2026-04-29T21:56:05.030Z,,,
https://www.google.com/maps/place/Arkansas+Foundation+and+Drain/data=!4m7!3m6!1s0x87d2835d21054337:0xba8e45197cb60aeb!8m2!3d34.80288!4d-92.2153516!16s%2Fg%2F11tg006b3_!19sChIJN0MFIV2D0ocR6wq2fBlFjro,Arkansas Foundation and Drain,4.6,11,Construction company,"5318 McClanahan Dr, North Little Rock, AR 72116, United States","RQ3M+5V North Little Rock, Arkansas, USA",https://arkansasfoundationanddrain.com/,+1 501-516-1206,Closes soon · 5 pm · Opens 8 am Thu,https://lh3.googleusercontent.com/gps-cs-s/APNQkAEmeoSQ4HWuhEvcVnxkn3M75SkRlk1fzFIQat6fguNwBxbhBrW5YbFx8iSkUAD1Svm8q6nsbtLAvlXI_xwuvMMD5KHH0CY_8fkKwy3QJzDOJ8uRAVAKZ9-qUDX1g-Y3J71Y0-M=w408-h544-k-no,true,8 am–5 pm,8 am–5 pm,8 am–5 pm,12–5 pm,12–5 pm,8 am–5 pm,8 am–5 pm,"https://www.google.com/maps/search/commercial+landscaping+businesses+in+North+Little+Rock+Little+Rock+AR/@34.756104,-92.2677497,14z",2026-04-29T21:56:09.314Z,,,
https://www.google.com/maps/place/TNT+Landscape+%26+Design/data=!4m7!3m6!1s0x87d2bb80f8aa6549:0xb71f0483e087f5a9!8m2!3d34.7060122!4d-92.2478668!16s%2Fg%2F11yh2jzh25!19sChIJSWWq-IC70ocRqfWH4IMEH7c,TNT Landscape & Design,,,Landscape designer,"4721 Springer Blvd, Little Rock, AR 72206, United States","PQ42+CV Little Rock, Arkansas, USA",,+1 501-613-9879,,https://streetviewpixels-pa.googleapis.com/v1/thumbnail?panoid=zp1Dw1ZXZAF2TcxRl4f2eQ&cb_client=search.gws-prod.gps&w=408&h=240&yaw=16.217611&pitch=0&thumbfov=100,true,,,,,,,,"https://www.google.com/maps/search/commercial+landscaping+businesses+in+North+Little+Rock+Little+Rock+AR/@34.756104,-92.2677497,14z",2026-04-29T21:56:11.434Z,,,
https://www.google.com/maps/place/Garden+Center+at+Tractor+Supply/data=!4m7!3m6!1s0x87d2bffa600a14e1:0xc39c2504eeb9a3ea!8m2!3d34.8025135!4d-92.2115898!16s%2Fg%2F11y34559v1!19sChIJ4RQKYPq_0ocR6qO57gQlnMM,Garden Center at Tractor Supply,4.0,1,Garden center,"5470 Landers Rd, North Little Rock, AR 72117, United States","RQ3Q+29 North Little Rock, Arkansas, USA",https://www.tractorsupply.com/tsc/services/garden-center-NorthLittleRock-AR-72117-133,+1 501-945-2906,Open · Closes 9 pm,https://lh3.googleusercontent.com/gps-cs-s/APNQkAEjpLGXgLwPUSubYWMHdLlgDlVWRYoIMLVvTJM2aq_PWiO2TXDGaLya8E_STASw5ekAXczpLzuv1uYDUN2vGw6L3XypXLLc_3KB-H1KCp6KWAHfkKeQWKX_nRsls604RYqHT_VD=w408-h271-k-no,true,8 am–9 pm,8 am–9 pm,8 am–9 pm,8 am–9 pm,9 am–7 pm,8 am–9 pm,8 am–9 pm,"https://www.google.com/maps/search/commercial+landscaping+businesses+in+North+Little+Rock+Little+Rock+AR/@34.756104,-92.2677497,14z",2026-04-29T21:56:15.643Z,· In-store pick-up · Delivery,,
https://www.google.com/maps/place/Dougan+Asphalt+Paving+Co/data=!4m7!3m6!1s0x87d2bf3b452096a5:0x42359c0145c7be6b!8m2!3d34.7711414!4d-92.1728288!16s%2Fg%2F1tnjk310!19sChIJpZYgRTu_0ocRa77HRQGcNUI,Dougan Asphalt Paving Co,5.0,2,Paving contractor,"8205 US-70, North Little Rock, AR 72117, United States","QRCG+FV North Little Rock, Arkansas, USA",,+1 501-955-0800,Closes soon · 5 pm · Opens 8 am Thu,https://lh3.googleusercontent.com/gps-cs-s/APNQkAHqK369TmAoHfVlU1ga1EUrRKNuaEnpZRG_xcINAjeIY12KWo2ebcxt2YLNEdyUjEBo_1w5Swn1Yz7NZTxYeHZJR1tQxDJSO4e1B9embDAbBghagkjuJLYrp8OFl-uwvk01wmn0=w412-h240-k-no,true,8 am–5 pm,8 am–5 pm,8 am–5 pm,Closed,Closed,8 am–5 pm,8 am–5 pm,"https://www.google.com/maps/search/commercial+landscaping+businesses+in+North+Little+Rock+Little+Rock+AR/@34.756104,-92.2677497,14z",2026-04-29T21:56:19.861Z,,,