placeUrl,title,rating,reviewCount,category,address,plusCode,website,phoneNumber,currentStatus,imgUrl,isClaimed,query,timestamp,wednesday,thursday,friday,saturday,sunday,monday,tuesday,info,attributes,isBlackOwned,error
https://www.google.com/maps/place/Adams+Tree+Service+Inc/data=!4m7!3m6!1s0x88531a9d2e8cc6bd:0x1c4c2ac2d297ebcf!8m2!3d36.0108474!4d-79.8863365!16s%2Fg%2F1tkrmhpj!19sChIJvcaMLp0aU4gRz-uX0sIqTBw,Adams Tree Service Inc,5.0,8,Tree service,"3220 Forsyth Dr, Greensboro, NC 27407, United States","2467+8F Greensboro, North Carolina, USA",,+1 336-852-2536,,https://streetviewpixels-pa.googleapis.com/v1/thumbnail?panoid=QOjoVItl7NfJDTtSyHCrSw&cb_client=search.gws-prod.gps&w=408&h=240&yaw=244.0242&pitch=0&thumbfov=100,true,"https://www.google.com/maps/search/tree+service+businesses+in+Adams+Farm+Greensboro+NC/@36.0237585,-79.9052768,14z",2026-04-29T05:27:41.546Z,,,,,,,,,,,
"https://www.google.com/maps/place/General+Tree+Service,+Inc./data=!4m7!3m6!1s0x8853108283861d05:0xae6f2aa0d86c515f!8m2!3d36.0066312!4d-79.8656256!16s%2Fg%2F11f30s_5v5!19sChIJBR2Gg4IQU4gRX1Fs2KAqb64","General Tree Service, Inc.",5.0,30,Tree service,"4013 Groometown Rd, Greensboro, NC 27407, United States","244M+MP Greensboro, North Carolina, USA",https://generaltreeservicenc.com/,+1 336-213-3449,Closed · Opens 8 am,https://lh3.googleusercontent.com/gps-cs-s/APNQkAEKS8055JeL1mfQUcJn6h4qT5zZgDzIz9c2rn-HelwpqkWheAgpM3xdKiX9JcGXOvAHjU7Jxy2-NLXIqpeJrHTMd3TH6dAxa9X5VEkb5B0Xjq6lgiUD4fRK2dXDZKZEHosMUQem=w408-h306-k-no,true,"https://www.google.com/maps/search/tree+service+businesses+in+Adams+Farm+Greensboro+NC/@36.0237585,-79.9052768,14z",2026-04-29T05:27:47.328Z,8 am–5 pm,8 am–5 pm,8 am–5 pm,Closed,Closed,8 am–5 pm,8 am–5 pm,,,,
https://www.google.com/maps/place/The+Davey+Tree+Expert+Company/data=!4m7!3m6!1s0x885304942bf7373f:0x35204177c0e05248!8m2!3d36.0833572!4d-79.9448487!16s%2Fg%2F1whdk17y!19sChIJPzf3K5QEU4gRSFLgwHdBIDU,The Davey Tree Expert Company,4.9,434,Tree service,"7609 Boeing Dr, Greensboro, NC 27409, United States","33M4+83 Greensboro, North Carolina, USA",http://www.davey.com/local-offices/triad-tree-service-and-lawn-service/?utm_source=gmb&utm_medium=organic&utm_campaign=rc_triad,+1 336-554-7865,"Closed · Opens 8 am

Updated by this business 10 weeks ago",https://lh3.googleusercontent.com/gps-cs-s/APNQkAE1g3yk5g5LdZP3eXtYn-2ZnO3Ymdi4TNLBuEvtj9O7AqNtRXNDGm4ax7VuOxmq78Gf3uZW9_o-Vm_jVr5FBGTRg26QlYcdx2s3l1hhp8-vwsp17eBfYvI38Cyz3EFrExWb74iJtKybUNk=w408-h544-k-no,true,"https://www.google.com/maps/search/tree+service+businesses+in+Adams+Farm+Greensboro+NC/@36.0237585,-79.9052768,14z",2026-04-29T05:27:52.218Z,8 am–5 pm,8 am–5 pm,8 am–5 pm,Closed,Closed,8 am–5 pm,8 am–5 pm,,,,
https://www.google.com/maps/place/Greensboro+Tree+Service/data=!4m7!3m6!1s0x885305dbea686511:0x476815e9b53a5e79!8m2!3d36.0972109!4d-79.9964597!16s%2Fg%2F11ymnddxfg!19sChIJEWVo6tsFU4gReV46tekVaEc,Greensboro Tree Service,5.0,14,Tree service,"3303 Sandy Ridge Rd, Colfax, NC 27235, United States","32W3+VC Colfax, North Carolina, USA",,+1 336-586-6177,Open 24 hours,https://lh3.googleusercontent.com/gps-cs-s/APNQkAEw343_JH_R-nvd3s10ll82g_R5ukNJZ8Qt29dGGoZqhGuWStQhEOIIX_6lPQZtzx_0pGisg3bTDiGhzuZV3Rqr6LQ2XIIYQt0hPHKYoJp2dRHXVbOsZpVYyHO5OH5njR223R29T4CUHdNY=w408-h544-k-no,true,"https://www.google.com/maps/search/tree+service+businesses+in+Adams+Farm+Greensboro+NC/@36.0237585,-79.9052768,14z",2026-04-29T05:27:57.620Z,Open 24 hours,Open 24 hours,Open 24 hours,Open 24 hours,Open 24 hours,Open 24 hours,Open 24 hours,,,,
https://www.google.com/maps/place/God%27s+Way+Tree+Service/data=!4m7!3m6!1s0x88531913bea5b535:0x7fd70ca405b699a3!8m2!3d36.0424292!4d-79.815995!16s%2Fg%2F11ft48mhqc!19sChIJNbWlvhMZU4gRo5m2BaQM138,God's Way Tree Service,4.5,160,Tree service,"2511 Freeman Mill Rd, Greensboro, NC 27406, United States","25RM+XJ Greensboro, North Carolina, USA",http://www.godswaytreeservice.com/,+1 336-296-1632,"Open 24 hours

Confirmed by this business 11 weeks ago",https://lh3.googleusercontent.com/gps-cs-s/APNQkAGFQpHlzSOJ_Tfsh7XymSzqxIUXcRp-ZTkOw8DWVHkg9ddGTUDbeXra6wHafMEIjeruvGQ5iUmCRDmWYMhkCxJp-K9mxdVrYbpY-gvhaIhUl-G9RMLglSgEevjUQCzKqqZlQFrM=w426-h240-k-no,true,"https://www.google.com/maps/search/tree+service+businesses+in+Adams+Farm+Greensboro+NC/@36.0237585,-79.9052768,14z",2026-04-29T05:28:02.464Z,Open 24 hours,Open 24 hours,Open 24 hours,Open 24 hours,Open 24 hours,Open 24 hours,Open 24 hours,,,,
https://www.google.com/maps/place/JR+Tree+Service+%26+Landscaping/data=!4m7!3m6!1s0x88531963dcc377e1:0x778099c5cda1bfd9!8m2!3d36.0620338!4d-79.8256849!16s%2Fg%2F11bzx1zkl3!19sChIJ4XfD3GMZU4gR2b-hzcWZgHc,JR Tree Service & Landscaping,4.9,51,Tree service,"1916 Oakland Ave, Greensboro, NC 27403, United States","356F+RP Greensboro, North Carolina, USA",https://jrtree.com/?utm_source=gbp&utm_medium=organic&utm_campaign=gbp_link_click,+1 336-282-2902,Open 24 hours,https://lh3.googleusercontent.com/gps-cs-s/APNQkAHykpCXJYzXbUUSKZbuo_XOKrKrNwBx4178kfP5CiG3A7bOFgMlddSpi70VDtqg-CHdhMMvAnejZDx4kD5I0NVx0ogBz8uewjdai8SZHeTaNVeW81ljOsvtpkUMlABJB1rq4mztYA=w408-h544-k-no,true,"https://www.google.com/maps/search/tree+service+businesses+in+Adams+Farm+Greensboro+NC/@36.0237585,-79.9052768,14z",2026-04-29T05:28:07.242Z,Open 24 hours,Open 24 hours,Open 24 hours,Open 24 hours,Open 24 hours,Open 24 hours,Open 24 hours,Identifies as veteran-owned,,,
https://www.google.com/maps/place/Mel%E2%80%99s+Tree+Service/data=!4m7!3m6!1s0x88531e58cb339db5:0xecd7cd3707b62b17!8m2!3d36.0377405!4d-79.7567512!16s%2Fg%2F11fzf3_d_b!19sChIJtZ0zy1geU4gRFyu2BzfN1-w,Mel’s Tree Service,4.9,327,Tree service,"1608 Sharpe Rd, Greensboro, NC 27406, United States","26QV+37 Greensboro, North Carolina, USA",https://www.meltreeservice.com/,+1 336-554-3274,Open 24 hours,https://lh3.googleusercontent.com/gps-cs-s/APNQkAFNehwwB3MZIogsedec7Ks_BhmX6dC4q-D7AhI9wGedT7yGMFx6ggh4lT5K8EoWgq6E_Y2drzMD7AIqZlV86aaS-LoZn82fav2YCUxpb98wsPUwqFuC0v09zR5R2j8NyQIBXLdtcw=w408-h544-k-no,true,"https://www.google.com/maps/search/tree+service+businesses+in+Adams+Farm+Greensboro+NC/@36.0237585,-79.9052768,14z",2026-04-29T05:28:12.173Z,Open 24 hours,Open 24 hours,Open 24 hours,Open 24 hours,Closed,Open 24 hours,Open 24 hours,,,,
https://www.google.com/maps/place/Triad+Tree+Removal/data=!4m7!3m6!1s0x720f2e87424567b:0xcdc72d183dd8930!8m2!3d35.9918478!4d-79.7779008!16s%2Fg%2F11rhw07pml!19sChIJe1YkdOjyIAcRMIndg9Fy3Aw,Triad Tree Removal,5.0,220,Tree service,"4262 Pleasant Garden Rd, Greensboro, NC 27406, United States","X6RC+PR Greensboro, North Carolina, USA",,+1 336-908-7990,Open 24 hours,https://lh3.googleusercontent.com/gps-cs-s/APNQkAFkz9Kd6mvVimp_d9YX_7iWN2IsafUbrHlmIcaJIU_KVN9IH018oCmmtMT7WxHFbmdXM0WCoQ6XOchPWaOUojvJd7D85uBDo3-yBKXril7kg7SEg6j94JUKG1qJG8v2MYUl-BNP=w408-h306-k-no,true,"https://www.google.com/maps/search/tree+service+businesses+in+Adams+Farm+Greensboro+NC/@36.0237585,-79.9052768,14z",2026-04-29T05:28:17.106Z,Open 24 hours,Open 24 hours,Open 24 hours,Open 24 hours,Open 24 hours,Open 24 hours,Open 24 hours,,,,
https://www.google.com/maps/place/A2Z+Solutions+Tree+Service+LLC/data=!4m7!3m6!1s0x2e39e2bb9d9a95e5:0x56fe0f272f38ca88!8m2!3d35.9576218!4d-79.8544595!16s%2Fg%2F11w46wdncl!19sChIJ5ZWanbviOS4RiMo4LycP_lY,A2Z Solutions Tree Service LLC,5.0,34,Tree service,"1432 Burnetts Chapel Rd, Greensboro, NC 27407, United States","X45W+26 Greensboro, North Carolina, USA",https://www.a2zsolutionstreeservice.com/,+1 336-382-9361,Open 24 hours,https://lh3.googleusercontent.com/gps-cs-s/APNQkAGI1LvRGqQWg05vmrZ04VYgqgjSl49RUJZ9afS6NAjDnhO7uikqFiWZ73A7Qw4rQBdjgrvi4o-WFnXBx1y1u1Q6pIzFwl_nmEItbD1zhnScT6OYkP6xLDOk3U8Y_3PZSP6zdC1h=w408-h306-k-no,true,"https://www.google.com/maps/search/tree+service+businesses+in+Adams+Farm+Greensboro+NC/@36.0237585,-79.9052768,14z",2026-04-29T05:28:22.053Z,Open 24 hours,Open 24 hours,Open 24 hours,8 am–10 pm,9 am–9 pm,Open 24 hours,Open 24 hours,,,,
"https://www.google.com/maps/place/JD+TREE,+LLC/data=!4m7!3m6!1s0x885319cb7cbf5afd:0xaa7b040951dba4aa!8m2!3d36.067177!4d-79.8022009!16s%2Fg%2F11jjjz9bft!19sChIJ_Vq_fMsZU4gRqqTbUQkEe6o","JD TREE, LLC",4.8,49,Tree service,"909 Morehead Ave C, Greensboro, NC 27403, United States","358X+V4 Greensboro, North Carolina, USA",https://jdtreenc.com/,+1 919-818-0575,Open 24 hours,https://lh3.googleusercontent.com/gps-cs-s/APNQkAFdOB81WdrvWOs58UC_QGa2RpHKHjA00H9tUZdvq0u3rBrq5h38elAJripfNaoqvmT4MPSMCWUpQsXPoc9c6iBXIbd8HEHa1Ck847A4qMnYcwF2gIT8Cl_Js1pbLksHRA-2td39=w408-h544-k-no,true,"https://www.google.com/maps/search/tree+service+businesses+in+Adams+Farm+Greensboro+NC/@36.0237585,-79.9052768,14z",2026-04-29T05:28:27.028Z,Open 24 hours,Open 24 hours,Open 24 hours,Open 24 hours,Open 24 hours,Open 24 hours,Open 24 hours,,,,
https://www.google.com/maps/place/Joel%27s+tree+service/data=!4m7!3m6!1s0x6da20c2ab3aa375d:0xb114306fe94b0468!8m2!3d36.095535!4d-79.8143016!16s%2Fg%2F11lp0163mt!19sChIJXTeqsyoMom0RaARL6W8wFLE,Joel's tree service,5.0,27,Tree service,,,https://www.facebook.com/profile.php?id=61561911502669&mibextid=ZbWKwL,+1 336-497-8237,Open 24 hours,https://lh3.googleusercontent.com/gps-cs-s/APNQkAFSTB6-eldCmAvxvsyaX1eThr3r5drMB_zDppiGRJM2j2p9xaK0edu_zOKk5JrALfhjVqlK9OkdLXdE7zrXYRzFgPRS1ISafIc41vJb35JX-xopDV0tXR67oUNojCfp_jXsr649qQ=w408-h725-k-no,true,"https://www.google.com/maps/search/tree+service+businesses+in+Adams+Farm+Greensboro+NC/@36.0237585,-79.9052768,14z",2026-04-29T05:28:31.578Z,Open 24 hours,Open 24 hours,Open 24 hours,Open 24 hours,Open 24 hours,Open 24 hours,Open 24 hours,,,,
https://www.google.com/maps/place/Shelton+Tree+Service/data=!4m7!3m6!1s0x88531b81d1ea262d:0xe7cb83c9f0d3fbfd!8m2!3d36.1164504!4d-79.7053076!16s%2Fg%2F11bvt47xrw!19sChIJLSbq0YEbU4gR_fvT8MmDy-c,Shelton Tree Service,4.8,256,Tree service,,,https://sheltontreeservice.us/,+1 336-988-7318,Open 24 hours,https://lh3.googleusercontent.com/gps-cs-s/APNQkAEI8s0qRz1AOWNDwWXpAfb_JWAzVb0rO3V32U38t5yUe6cD_j0V-jS50ns0kUc-x4k6MeFGN-QKpabfS7ZBtgNHM6N459AKgvPHl9J4WzFI8J67Z7SyRtAq_qfJnQyumv9gFwxoocxxyWUr=w408-h306-k-no,true,"https://www.google.com/maps/search/tree+service+businesses+in+Adams+Farm+Greensboro+NC/@36.0237585,-79.9052768,14z",2026-04-29T05:28:36.219Z,Open 24 hours,Open 24 hours,Open 24 hours,Open 24 hours,Open 24 hours,Open 24 hours,Open 24 hours,,,,
https://www.google.com/maps/place/H+%26+B+Stump+Removal+%26+Tree+Services/data=!4m7!3m6!1s0x88531086908dbf91:0x8d4dfa64697dc490!8m2!3d36.0003534!4d-79.870698!16s%2Fg%2F1vyk365h!19sChIJkb-NkIYQU4gRkMR9aWT6TY0,H & B Stump Removal & Tree Services,4.0,36,Tree service,"4426 Green Lake Ct #8243, Greensboro, NC 27407, United States","242H+4P Greensboro, North Carolina, USA",http://www.stumpandtree.com/,+1 336-855-7589,Closed · Opens 8 am,https://lh3.googleusercontent.com/gps-cs-s/APNQkAGV8cqdQhmJ1zfzZ8KWX1iYRpTgy_xhq9pVV6lBMnpw4rdiNvkbCpllL3WkRbz-LDicOl8Qzz6fSAFcttebgHqMzEggUd4qB4YZvckoIo1zQBl5s2g6WHzozp5fUCyOVW6Z0G6i7Q=w408-h306-k-no,true,"https://www.google.com/maps/search/tree+service+businesses+in+Adams+Farm+Greensboro+NC/@36.0237585,-79.9052768,14z",2026-04-29T05:28:41.088Z,8 am–5 pm,8 am–5 pm,8 am–5 pm,Closed,Closed,8 am–5 pm,8 am–5 pm,,,,
https://www.google.com/maps/place/Highlander+Tree+Service+LLC/data=!4m7!3m6!1s0x681d928be08d882d:0x67038c0cae8f5d01!8m2!3d36.029493!4d-79.825538!16s%2Fg%2F11t7nfc8cd!19sChIJLYiN4IuSHWgRAV2PrgyMA2c,Highlander Tree Service LLC,4.8,21,Tree service,"2935 Branderwood Dr, Greensboro, NC 27406, United States","25HF+QQ Greensboro, North Carolina, USA",https://highlandertreeservicellc.com/,+1 336-253-4712,Open 24 hours,https://lh3.googleusercontent.com/gps-cs-s/APNQkAHcarkoeclo3FxLQwre41pyOxDXBzK1TGKisRI89LPGOuJM6o8DX9vL_fe-5hI3yKXwby3W5jNULFZV_UIkBQcJt7mocFT93_UO-DBM899SxuvXCDNMcSiXtSlzvKphpFfW0Q4jvANPOr0y=w408-h544-k-no,true,"https://www.google.com/maps/search/tree+service+businesses+in+Adams+Farm+Greensboro+NC/@36.0237585,-79.9052768,14z",2026-04-29T05:28:46.001Z,Open 24 hours,Open 24 hours,Open 24 hours,Open 24 hours,Open 24 hours,Open 24 hours,Open 24 hours,,,,
https://www.google.com/maps/place/Penny%27s+Tree+Service/data=!4m7!3m6!1s0x8853a881e59b10fb:0x861942a7d17739fd!8m2!3d36.038743!4d-79.965067!16s%2Fg%2F11btz3dxnr!19sChIJ-xCb5YGoU4gR_Tl30adCGYY,Penny's Tree Service,4.9,179,Tree service,"3980 Premier Dr, High Point, NC 27265, United States","22QM+FX High Point, North Carolina, USA",https://www.pennystreeservice.com/?utm_source=omg-gbp&utm_medium=webclick,+1 336-829-4471,Open 24 hours,https://lh3.googleusercontent.com/gps-cs-s/APNQkAGCsVQ7DMs09TiPFv21rTpC6ft9Hu343oEuakQ9hY-9owARnXumBWSnOypsuRjtAlFw5RBnxh7k8mkkr5MV6zvGCCBznsOrxdUdQwEv_9fJ1J0HKYz1zhTOBX_8MV8cvcoQM1nb=w425-h240-k-no,true,"https://www.google.com/maps/search/tree+service+businesses+in+Adams+Farm+Greensboro+NC/@36.0237585,-79.9052768,14z",2026-04-29T05:28:50.903Z,Open 24 hours,Open 24 hours,Open 24 hours,Open 24 hours,Open 24 hours,Open 24 hours,Open 24 hours,,,,
https://www.google.com/maps/place/Trim+Pro+Tree+%26+Landscaping/data=!4m7!3m6!1s0x8853098fbaf7a92f:0x40959111f7a9c958!8m2!3d36.0120228!4d-79.9753742!16s%2Fg%2F11j8ksc5s0!19sChIJL6n3uo8JU4gRWMmp9xGRlUA,Trim Pro Tree & Landscaping,4.8,118,Tree service,"3642 Sunset Hollow Dr, High Point, NC 27265, United States","226F+RV High Point, North Carolina, USA",http://trimprotree.us/,+1 336-596-1305,Open 24 hours,https://lh3.googleusercontent.com/gps-cs-s/APNQkAEzsZt_oviXzls-whkEu5aqS3Z80gIZKkPW2_aArv2oDu67hotVHy4mi3tGLatdzjwk56ejhNC0_vDVvamBZn9dPi0_WzgHhlNGZZaBPeMXhOrLZ732rJj-blT80Ty4ggo3KK-lE7Zi7ttt=w408-h725-k-no,true,"https://www.google.com/maps/search/tree+service+businesses+in+Adams+Farm+Greensboro+NC/@36.0237585,-79.9052768,14z",2026-04-29T05:28:55.985Z,Open 24 hours,Open 24 hours,Open 24 hours,Open 24 hours,Open 24 hours,Open 24 hours,Open 24 hours,,,,
https://www.google.com/maps/place/Trees+Done+Right/data=!4m7!3m6!1s0x88531a4a86302191:0x29d13ec8c5ccb96e!8m2!3d36.0274029!4d-79.87664!16s%2Fg%2F11b8zyfv3j!19sChIJkSEwhkoaU4gRbrnMxcg-0Sk,Trees Done Right,5.0,3,Tree service,,,,,Closed · Opens 7:30 am,https://lh3.googleusercontent.com/gps-cs-s/APNQkAFPrJ3mbPlZYdGl1FWXxf30N3aVIGa0u1yMeSxAYseSI9gVMuxCVyvQu9zjJ9p91Y9OKBtFBKGvsRjQ-kth9S10U2zEm7yxiZ7PVMb-t5oJj9eORRMjnZcUZiPTzqdfk5BwZImB=w823-h240-k-no,true,"https://www.google.com/maps/search/tree+service+businesses+in+Adams+Farm+Greensboro+NC/@36.0237585,-79.9052768,14z",2026-04-29T05:29:00.563Z,7:30 am–7:30 pm,7:30 am–7:30 pm,7:30 am–7:30 pm,7:30 am–7:30 pm,Closed,7:30 am–7:30 pm,7:30 am–7:30 pm,,,,
https://www.google.com/maps/place/Dillon+Tree+Service/data=!4m7!3m6!1s0x8853038af4546c55:0x65a071aea7d9d38!8m2!3d36.133272!4d-80.0076607!16s%2Fg%2F11j9758klz!19sChIJVWxU9IoDU4gROJ196hoHWgY,Dillon Tree Service,4.9,177,Tree service,"8665 Bull Rd, Colfax, NC 27235, United States","4XMR+8W Colfax, North Carolina, USA",https://www.dillontreeservice.com/,+1 336-996-6156,"Open 24 hours

Confirmed by this business 11 weeks ago",https://lh3.googleusercontent.com/gps-cs-s/APNQkAERjk_QC22COUCJyXOIcVzJp0MxmsxhI_ShUzrmuHqRmjaeHUtq5I01M8O2faRpLbZj5JL1VmjlnEZvKEOoY6HQh7lxOrpzNr8Blvqab3tfG9qutTdG0u05njnCcl3uuTef6R88=w426-h240-k-no,true,"https://www.google.com/maps/search/tree+service+businesses+in+Adams+Farm+Greensboro+NC/@36.0237585,-79.9052768,14z",2026-04-29T05:29:05.534Z,Open 24 hours,Open 24 hours,Open 24 hours,Open 24 hours,Open 24 hours,Open 24 hours,Open 24 hours,Identifies as women-owned,,,
https://www.google.com/maps/place/Gate+City+Tree+Service/data=!4m7!3m6!1s0x823a64778334445f:0x153d79a5bcd926c!8m2!3d36.0636701!4d-79.8139154!16s%2Fg%2F11y3m_25_1!19sChIJX0Q0g3dkOoIRbJLNW5rXUwE,Gate City Tree Service,5.0,22,Tree service,,,https://gatecitytreeservicellc.com/,+1 336-253-1735,Closed · Opens 7 am,https://lh3.googleusercontent.com/gps-cs-s/APNQkAFZ6wB_okNhI70mfji1kn-M0VqjlI3RMINnt0ERa1OkzFG9oDTITHbCC19vWGr2yGG48y2FDjA87_QPsBP1PkGhH0SlT3eC2hclWeElh7YztHAMybVMZ56R-PuBDBMeunJ1VGgmyA4Okjcc=w408-h305-k-no,true,"https://www.google.com/maps/search/tree+service+businesses+in+Adams+Farm+Greensboro+NC/@36.0237585,-79.9052768,14z",2026-04-29T05:29:10.392Z,7 am–7 pm,7 am–7 pm,7 am–7 pm,7 am–7 pm,7 am–7 pm,7 am–7 pm,7 am–7 pm,Identifies as Latino-owned,,,
https://www.google.com/maps/place/Arbor+Masters+Tree+Service/data=!4m7!3m6!1s0x8852e3b27884a99b:0x3c6d781dd16c54d9!8m2!3d36.2249178!4d-79.8632942!16s%2Fg%2F11h3vbx7h7!19sChIJm6mEeLLjUogR2VRs0R14bTw,Arbor Masters Tree Service,4.6,36,Tree service,"6435 Lake Brandt Rd, Summerfield, NC 27358, United States","64FP+XM Summerfield, North Carolina, USA",https://www.arbormastersnc.com/,+1 336-344-9420,Closed · Opens 9 am,https://lh3.googleusercontent.com/gps-cs-s/APNQkAHyoz4wmztf84emsIXxg5e1gmMzQ_zskzeI5tZ23XG_2bHBUAEJaj5MbWSzskSVqzXxVSnvWpm_0-QEAgrg8bwhd3GUCHKDzF_iDxh84mMOwgptPVvtZIQvFKFLyxr6b6Z-G8dn=w426-h240-k-no,true,"https://www.google.com/maps/search/tree+service+businesses+in+Summerfield+Greensboro+NC/@36.2087468,-79.9047583,14z",2026-04-29T05:29:30.932Z,9 am–5 pm,9 am–5 pm,9 am–5 pm,Closed,Closed,9 am–5 pm,9 am–5 pm,,,,
"https://www.google.com/maps/place/Summit+Tree+Care,+LLC/data=!4m7!3m6!1s0x6607e6f3853e4177:0x81325a3fa8478a2e!8m2!3d36.149278!4d-79.989604!16s%2Fg%2F11t2q5g469!19sChIJd0E-hfPmB2YRLopHqD9aMoE","Summit Tree Care, LLC",5.0,70,Tree service,,,https://summittreecarenc.com/,+1 336-848-1266,,https://lh3.googleusercontent.com/gps-cs-s/APNQkAFqFMGLuWxePp6DymXW6qUHoyH6iaRoRkug6Eg6eQGVkDrHYWWa2oSH-V-BLBCXKhG3wA4g706uyk4kdecWGcHMIL5l6EUF3CPEFKKKwNJckiZnJbGNEJutyj_PZ7d6CfTiQgMZ7w=w426-h240-k-no,true,"https://www.google.com/maps/search/tree+service+businesses+in+Summerfield+Greensboro+NC/@36.2087468,-79.9047583,14z",2026-04-29T05:29:33.563Z,,,,,,,,,,,
https://www.google.com/maps/place/Dillard%27s+Tree+Service/data=!4m7!3m6!1s0x8e6ddfce508d3c31:0xcf685ba2e73ea300!8m2!3d36.0822875!4d-79.9983986!16s%2Fg%2F11v3h4yfmk!19sChIJMTyNUM7fbY4RAKM-56JbaM8,Dillard's Tree Service,5.0,51,Tree service,,,https://www.dillardstreeservice.com/,+1 336-402-8138,Open 24 hours,https://lh3.googleusercontent.com/gps-cs-s/APNQkAHul4YHBfuNKIm-paLAf9BpuvBK6TJGmuexDvuMWCC16QIW7NYhjFODmXOriEPNxsTeMhMmuKxGK1diN9RJOm4Co40Fb5TrwMzUW5OZlEZipv005fyZ5hJQJ8UZ_a4nlBDZU_ZIiPyB8S4j=w408-h544-k-no,true,"https://www.google.com/maps/search/tree+service+businesses+in+Summerfield+Greensboro+NC/@36.2087468,-79.9047583,14z",2026-04-29T05:29:38.278Z,Open 24 hours,Open 24 hours,Open 24 hours,Open 24 hours,Open 24 hours,Open 24 hours,Open 24 hours,,,,
https://www.google.com/maps/place/Quality+Stump+%26+Tree/data=!4m7!3m6!1s0x8852e36506c7ef0f:0x64cc959a766078de!8m2!3d36.258499!4d-79.888223!16s%2Fg%2F1tfczh_z!19sChIJD-_HBmXjUogR3nhgdpqVzGQ,Quality Stump & Tree,5.0,11,Tree service,"153 Lake Dr, Summerfield, NC 27358, United States","7456+9P Summerfield, North Carolina, USA",http://www.qualitystumpandtree.com/,+1 336-643-9018,,https://lh3.googleusercontent.com/gps-cs-s/APNQkAHmBBGnEDCv7hj8xPUQkbfV8QRbJ5QEmpN1QkQIiK41MR7XtklOD1C15wAuisBbHasBSvAuAzXx98SDXcBN614S2DOAwcIevnFXx7fOcsK7Xj-ejRFWQR7LTWk8HRQMlTKUlMs=w408-h273-k-no,true,"https://www.google.com/maps/search/tree+service+businesses+in+Summerfield+Greensboro+NC/@36.2087468,-79.9047583,14z",2026-04-29T05:29:41.105Z,,,,,,,,,,,
https://www.google.com/maps/place/D+C+Tree+Service/data=!4m7!3m6!1s0x885302d2998a9e31:0xf4e76831525f46d3!8m2!3d36.0785174!4d-79.7896394!16s%2Fg%2F1tv3pcw1!19sChIJMZ6KmdICU4gR00ZfUjFo5_Q,D C Tree Service,4.4,16,Tree service,,,http://dctreeservicegso.com/,+1 336-210-9089,Closed · Opens 8 am,https://lh3.googleusercontent.com/gps-cs-s/APNQkAHDU9LoPU86YvFI_PNa_EpT3k_PTCpE_MSvcVGRG-ttmEHKRaVnENpVTM95DklApMorhSy6yrnLKBBAq4jFs8MRTJbPxPPSByLhECyYcY6tSvUwjvrVobZGk2gYWnn7jAXuYSNhDg=w426-h240-k-no,true,"https://www.google.com/maps/search/tree+service+businesses+in+Summerfield+Greensboro+NC/@36.2087468,-79.9047583,14z",2026-04-29T05:29:45.803Z,8 am–6 pm,8 am–6 pm,8 am–6 pm,8 am–6 pm,Closed,8 am–6 pm,8 am–6 pm,,,,
https://www.google.com/maps/place/Bullard+Tree+Care+%26+Landscaping/data=!4m7!3m6!1s0x88531cfaaaaaaaab:0xad085d34b757718c!8m2!3d36.1270825!4d-79.8857199!16s%2Fg%2F1vnrlqln!19sChIJq6qqqvocU4gRjHFXtzRdCK0,Bullard Tree Care & Landscaping,4.7,15,Tree service,"Greensboro, NC 27410, United States","44G7+RP Greensboro, North Carolina, USA",,+1 336-706-1931,,https://lh3.googleusercontent.com/gps-cs-s/APNQkAFeIEckJxV9y2VYvrt5YcsmFqL5gwMtZEXVuf9cbA3pD3Eg05Ilp4_I8Y8h_1x6KK_Js8Xvr7xlhf68HJseF2MHcUKBlPkiWmlK_QuaEpOgOW7Ee9lOF87EVUjazVoYAiBXVkB8=w408-h337-k-no,false,"https://www.google.com/maps/search/tree+service+businesses+in+Summerfield+Greensboro+NC/@36.2087468,-79.9047583,14z",2026-04-29T05:29:48.472Z,,,,,,,,,,,
"https://www.google.com/maps/place/Bill%27s+Tree+Service,+Inc/data=!4m7!3m6!1s0x88531cc29668209d:0x51d9f04ded98ac8d!8m2!3d36.1253741!4d-79.8977969!16s%2Fg%2F1tg3bt4g!19sChIJnSBolsIcU4gRjayY7U3w2VE","Bill's Tree Service, Inc",4.3,35,Tree service,"2028 Fleming Rd, Greensboro, NC 27410, United States","44G2+4V Greensboro, North Carolina, USA",http://billstreeinc.com/,+1 336-605-5733,Closed · Opens 8 am,https://lh3.googleusercontent.com/gps-cs-s/APNQkAGofHXx8RCzZmcESHKerdwlXMpRoVIXA1QrBaZV0-KXi3Ig0eNFNUsbGHIAOYoL-j1bG3_PMuql_FRcwkvsBSybbkE8VD1f5Nl6HUyvrFcouFOtkiM9i2j98_o_1yJAFNN8cRsL=w408-h544-k-no,true,"https://www.google.com/maps/search/tree+service+businesses+in+Summerfield+Greensboro+NC/@36.2087468,-79.9047583,14z",2026-04-29T05:29:53.606Z,8 am–5 pm,8 am–5 pm,8 am–5 pm,Closed,Closed,8 am–5 pm,8 am–5 pm,,,,
https://www.google.com/maps/place/E%26J+Tree+LLC/data=!4m7!3m6!1s0x8852e30a22c92485:0xe929e7d16edccf20!8m2!3d36.2101093!4d-79.8689931!16s%2Fg%2F11jc9lb1b7!19sChIJhSTJIgrjUogRIM_cbtHnKek,E&J Tree LLC,,,Tree service,"3502 Windswept Dr, Summerfield, NC 27358, United States","646J+2C Summerfield, North Carolina, USA",,+1 303-250-4239,,https://streetviewpixels-pa.googleapis.com/v1/thumbnail?panoid=frS0oqxLpiGFevcfyzOCcQ&cb_client=search.gws-prod.gps&w=408&h=240&yaw=299.5592&pitch=0&thumbfov=100,true,"https://www.google.com/maps/search/tree+service+businesses+in+Summerfield+Greensboro+NC/@36.2087468,-79.9047583,14z",2026-04-29T05:29:56.159Z,,,,,,,,,,,
https://www.google.com/maps/place/Triad+Land+WorX+LLC/data=!4m7!3m6!1s0xf60e501df98d73:0xe9c64610595ef67f!8m2!3d36.0274029!4d-79.87664!16s%2Fg%2F11lyn66kq4!19sChIJc435HVAO9gARf_ZeWRBGxuk,Triad Land WorX LLC,5.0,18,Landscaper,,,https://www.triadlandworx.com/,+1 336-510-8900,Closed · Opens 7 am,https://lh3.googleusercontent.com/gps-cs-s/APNQkAEgPDOB_X035lnreBCU_GLyuNORhFFWnzVmdp6q6dTiM5VwPFulY8UM733-xaQ9qpqgB8VVuAUlRbmXKBqYLdnyVyGxd2VnrNPrJn3tOP3VBcSvp-jHnpAm1sALTZ7ONX8p3fQvK9PLkWLd=w408-h306-k-no,true,"https://www.google.com/maps/search/tree+service+businesses+in+Summerfield+Greensboro+NC/@36.2087468,-79.9047583,14z",2026-04-29T05:30:00.891Z,7 am–8 pm,7 am–8 pm,7 am–8 pm,7 am–8 pm,Closed,7 am–8 pm,7 am–8 pm,,,,
https://www.google.com/maps/place/A+Sharper+Image+Complete+Home+Care+Inc./data=!4m7!3m6!1s0x8852e2c78d1bffff:0x2b6a9297d22d0da5!8m2!3d36.204574!4d-79.9065669!16s%2Fg%2F11hzys_h0n!19sChIJ__8bjcfiUogRpQ0t0peSais,A Sharper Image Complete Home Care Inc.,4.7,18,Landscaper,"5109 Medearis St, Summerfield, NC 27358, United States","633V+R9 Summerfield, North Carolina, USA",https://www.asharperimageinc.com/,+1 336-708-0477,Closed · Opens 7 am,https://lh3.googleusercontent.com/gps-cs-s/APNQkAGN7ythaKG5RUbSMEOCsKbWRP9_jcWVyDANqThmz-TSAPwAVPhPv7AW_79LZQ0jXLSIxtb9tvpD8VYt1SBV-odEUQd9I2-h2Jv0QNRwE-pYw7fgWveSy-OtK1mPBnhWnF-4pte4Aw=w426-h240-k-no,true,"https://www.google.com/maps/search/tree+service+businesses+in+Summerfield+Greensboro+NC/@36.2087468,-79.9047583,14z",2026-04-29T05:30:05.769Z,7 am–7 pm,7 am–7 pm,7 am–7 pm,8 am–2:30 pm,Closed,7 am–7 pm,7 am–7 pm,,,,
https://www.google.com/maps/place/Gnarly+Stump+Grinding+and+Landscape/data=!4m7!3m6!1s0xaab377d041cfbbbf:0x20b9e41fec5aa00e!8m2!3d36.128114!4d-79.572848!16s%2Fg%2F11rh_ncm4p!19sChIJv7vPQdB3s6oRDqBa7B_kuSA,Gnarly Stump Grinding and Landscape,4.9,35,Tree service,,,https://gnarlystumpgrindin.wixsite.com/gnarlystumpgrinding,+1 336-260-2997,Open 24 hours,https://lh3.googleusercontent.com/gps-cs-s/APNQkAF2deb16a_2K1eLhdhYKwSHbt3pdBHE9LPEtQ0ZJE8eoB-9_Da-VDOMtUIrqE_lm4WwUgTAlzVf8n42qJR2RBkLg12z6cEzfXWoz9Bs1Qd33E8AeHKJzxqPLlCMLyrqEUqwZTKQ=w408-h306-k-no,true,"https://www.google.com/maps/search/tree+service+businesses+in+Summerfield+Greensboro+NC/@36.2087468,-79.9047583,14z",2026-04-29T05:30:10.420Z,Open 24 hours,Open 24 hours,Open 24 hours,Open 24 hours,Open 24 hours,Open 24 hours,Open 24 hours,,,,
https://www.google.com/maps/place/Rlayang+Tree+Service+LLC/data=!4m7!3m6!1s0x88531fdd86959883:0x1496774ae492fef9!8m2!3d36.1324902!4d-79.7995242!16s%2Fg%2F11j0ww7czb!19sChIJg5iVht0fU4gR-f6S5Ep3lhQ,Rlayang Tree Service LLC,5.0,164,Tree service,"4102 Bell Orchard Dr, Greensboro, NC 27455, United States","46J2+X5 Greensboro, North Carolina, USA",https://rlayangtreeservice.com/#experience,+1 336-254-0597,"Open 24 hours

Updated by this business 3 weeks ago",https://lh3.googleusercontent.com/gps-cs-s/APNQkAGVHAAFsoicy-edb2PJ0M193J7kMpLO1P33vHaxL8cR0VvQJeTz1qvQjvx5-IC6sVtYdAK8Qx6f_aHG3nfDZOwGAPeSVMUaMrwe1EZTxPsGLVN_eeDJgBihkuAFmtcwY2UWTtw=w408-h265-k-no,true,"https://www.google.com/maps/search/tree+service+businesses+in+Summerfield+Greensboro+NC/@36.2087468,-79.9047583,14z",2026-04-29T05:30:15.381Z,Open 24 hours,Open 24 hours,Open 24 hours,Open 24 hours,Closed,Open 24 hours,Open 24 hours,,,,
https://www.google.com/maps/place/GT%27s+Tree+Service/data=!4m7!3m6!1s0x8334b286dd066a4b:0xaa3aaedd2c80f1e3!8m2!3d36.1950382!4d-79.9698863!16s%2Fg%2F11w25zjqr9!19sChIJS2oG3YayNIMR4_GALN2uOqo,GT's Tree Service,5.0,38,Tree service,"8207 E Harrell Rd, Oak Ridge, NC 27310, United States","52WJ+22 Oak Ridge, North Carolina, USA",http://gtstreeservicenc.com/,+1 336-432-6010,"Open 24 hours

Updated by this business 4 weeks ago",https://lh3.googleusercontent.com/gps-cs-s/APNQkAHZDzZLUEUlXV6NoRBtSNgGXBCWQ14Qq4M0GZbogPRINE2RGGozMWoA71MOIjQQjNdUpd6xYtLkFDk19guJ6vBYsdGvz5Mps59oDPs3MTABoFvql8C5k07zjY75vH67b_vnqy2f2w=w408-h272-k-no,true,"https://www.google.com/maps/search/tree+service+businesses+in+Summerfield+Greensboro+NC/@36.2087468,-79.9047583,14z",2026-04-29T05:30:20.267Z,Open 24 hours,Open 24 hours,Open 24 hours,Open 24 hours,Open 24 hours,Open 24 hours,Open 24 hours,,,,
https://www.google.com/maps/place/Summerfield+Farms/data=!4m7!3m6!1s0x8852e2a4dfe714e7:0x7ff9424ff2fb61e!8m2!3d36.1919804!4d-79.9050235!16s%2Fg%2F1pv5x5xdz!19sChIJ5xTn36TiUogRHrYv_ySU_wc,Summerfield Farms,4.8,675,Farm,"3203 Pleasant Ridge Rd, Summerfield, NC 27358, United States","53RV+QX Summerfield, North Carolina, USA",https://www.summerfieldfarms.com/,+1 336-643-2006,"Closed · Opens 9 am

Updated by this business 8 weeks ago",https://lh3.googleusercontent.com/gps-cs-s/APNQkAHRrjIHEVCW21sx6CAqKDV42q9CJmCiGQz_3oRYm5dLLf4I88IH4Oln8VWNE-gtX5pUO66WoHfUP_Ksj3xOHuVA254tRav0i_22lezQ24sP-j_DE8snb83B5zOgvXipkLwHRH3q=w408-h272-k-no,true,"https://www.google.com/maps/search/tree+service+businesses+in+Summerfield+Greensboro+NC/@36.2087468,-79.9047583,14z",2026-04-29T05:30:25.119Z,9 am–7 pm,9 am–8 pm,9 am–8 pm,9 am–8 pm,1–7 pm,9 am–7 pm,9 am–7 pm,LGBTQ+ friendly,· Dogs allowed,,
https://www.google.com/maps/place/The+Garden+Outlet/data=!4m7!3m6!1s0x8852e2daace07bc5:0x6fb18a96a8fbdee6!8m2!3d36.215653!4d-79.907279!16s%2Fg%2F1tdv_l78!19sChIJxXvgrNriUogR5t77qJaKsW8,The Garden Outlet,4.4,50,Garden center,"5124 US-220, Summerfield, NC 27358, United States","638V+73 Summerfield, North Carolina, USA",http://www.gardenoutletnc.com/,+1 336-643-0898,Closed · Opens 8 am,https://lh3.googleusercontent.com/gps-cs-s/APNQkAEbwY8ZKpun4E55g6NGbm1XtvTQr5fjBCIgt_VTby0xm9EHh6LxrUjvL3jbc-yaY0dSF2G5WVeGSa9j21rRX0y3S7UZMEDTjT11p9zjxiooGe7Uv5PnwTgCM1T6KMLLa48BqTZNRw=w408-h364-k-no,true,"https://www.google.com/maps/search/tree+service+businesses+in+Summerfield+Greensboro+NC/@36.2087468,-79.9047583,14z",2026-04-29T05:30:29.998Z,8 am–5:30 pm,8 am–5:30 pm,8 am–5:30 pm,8 am–3 pm,Closed,8 am–5:30 pm,8 am–5:30 pm,,· Delivery,,
https://www.google.com/maps/place/Southern+Outdoor+Living/data=!4m7!3m6!1s0x8852e23da275a145:0x9aaf65aa8daf1908!8m2!3d36.2002587!4d-79.8447118!16s%2Fg%2F12m927qp6!19sChIJRaF1oj3iUogRCBmvjaplr5o,Southern Outdoor Living,4.6,74,Landscaper,"1000 North Carolina Hwy 150, Summerfield, NC 27358, United States","6524+44 Summerfield, North Carolina, USA",https://www.wemakedirtlookgood.com/?utm_source=GMB&utm_medium=Website&utm_campaign=mapstakeover,+1 336-365-9000,Closed · Opens 8 am,https://lh3.googleusercontent.com/gps-cs-s/APNQkAFRRnBGLqE27OwHCWQaxrRT96ZUamEK_Bv5XHvoYaJI90lcjm5J1A9t5gAUcUZkN5bgTM5TaSHrmQg-Sei81_0xrhF1wbyHBl3sQwpyvsIVKqdZYuHuxyfY3IOYY3wM78sHSSF_=w408-h306-k-no,true,"https://www.google.com/maps/search/tree+service+businesses+in+Summerfield+Greensboro+NC/@36.2087468,-79.9047583,14z",2026-04-29T05:30:34.921Z,8 am–4 pm,8 am–4 pm,8 am–4 pm,8 am–4 pm,8 am–4 pm,8 am–4 pm,8 am–4 pm,,,,
https://www.google.com/maps/place/Land+Werks+NC/data=!4m7!3m6!1s0x2287c5f37466dd5:0xdca036e67360fa72!8m2!3d35.5848795!4d-79.87664!16s%2Fg%2F11pv9vkcdh!19sChIJ1W1GN198KAIRcvpgc-Y2oNw,Land Werks NC,5.0,1,Tree service,,,https://landwerksnc.com/,+1 336-279-5911,Closed · Opens 6 am,https://lh3.googleusercontent.com/gps-cs-s/APNQkAEsmJVLoYs5mZ52mKw_ua8m93RIW9c8weMgINFyDMVbKhoQaZh2vpGzKED-G20YcA8sb0ib0iIgni5VH-3hPr-ICiF5_O1HdKUUiKsE9_tZKLbtPJ6Nsjy4MCC39RtWr-SiCCFG=w408-h260-k-no,true,"https://www.google.com/maps/search/tree+service+businesses+in+Summerfield+Greensboro+NC/@36.2087468,-79.9047583,14z",2026-04-29T05:30:39.671Z,6 am–9 pm,6 am–9 pm,6 am–9 pm,6 am–9 pm,Closed,6 am–9 pm,6 am–9 pm,,,,
https://www.google.com/maps/place/Triple+A+Tree+Service+LLC/data=!4m7!3m6!1s0x88531fbbfc568469:0xe874959dffd3bd4c!8m2!3d36.1134912!4d-79.7618057!16s%2Fg%2F11wwgfl5k_!19sChIJaYRW_LsfU4gRTL3T_52VdOg,Triple A Tree Service LLC,5.0,64,Tree service,"3101 Orange St, Greensboro, NC 27405, United States","467Q+97 Greensboro, North Carolina, USA",https://www.tripleatreeservicesllc.com/,+1 336-339-4055,Closed · Opens 6 am,https://lh3.googleusercontent.com/gps-cs-s/APNQkAHrzppb7Mx1aGrHQzDSVdtricmyN3xJECyQyMPeZYy3IMXrxzcV-JIZIGCUgcgCNgzMJENfOwLRaxwTRNgCGeK8bprSTnp4il_6fwcq15DWRRq5M8fmmIRVlFTTk1JgjOCh6BAKph81SrDb=w426-h240-k-no,true,"https://www.google.com/maps/search/tree+service+businesses+in+Summerfield+Greensboro+NC/@36.2087468,-79.9047583,14z",2026-04-29T05:30:44.428Z,6 am–9 pm,6 am–9 pm,6 am–9 pm,6 am–9 pm,7 am–8 pm,6 am–9 pm,6 am–9 pm,,,,
"https://www.google.com/maps/place/Forestry+Systems,+Inc./data=!4m7!3m6!1s0x8852e2c8979f2b0d:0xcfa718dcc353f9cc!8m2!3d36.207869!4d-79.9086497!16s%2Fg%2F1v470166!19sChIJDSufl8jiUogRzPlTw9wYp88","Forestry Systems, Inc.",5.0,4,Software company,"4105 Oak Ridge Rd, Summerfield, NC 27358, United States","635R+4G Summerfield, North Carolina, USA",http://www.forestrysystems.com/,+1 800-868-2559,Closed · Opens 8:30 am,https://streetviewpixels-pa.googleapis.com/v1/thumbnail?panoid=p07qBPgIYB0V-e2VsSX1mw&cb_client=search.gws-prod.gps&w=408&h=240&yaw=340.16492&pitch=0&thumbfov=100,false,"https://www.google.com/maps/search/tree+service+businesses+in+Summerfield+Greensboro+NC/@36.2087468,-79.9047583,14z",2026-04-29T05:30:49.115Z,8:30 am–4 pm,8:30 am–4 pm,8:30 am–4 pm,Closed,Closed,8:30 am–4 pm,8:30 am–4 pm,,,,
https://www.google.com/maps/place/Integrity+Tree+Service+Inc./data=!4m7!3m6!1s0x4647c741de360675:0x65ab50bc62b4d21a!8m2!3d36.172138!4d-79.9954134!16s%2Fg%2F11p118x9f8!19sChIJdQY23kHHR0YRGtK0YrxQq2U,Integrity Tree Service Inc.,4.6,43,Tree service,,,https://integritytreeservicenc.com/,+1 336-981-8077,,https://lh3.googleusercontent.com/gps-cs-s/APNQkAE1ueGR9COZXUvbkD-GgylTdbwtXDjQ79AiBdpLulMKBwn2WqRKI86uhKO641q3-AfgPl5_290WeAf2KmTaoZxrs94xMpGIZy_MHmygsBf9hJbi-vOmZrw-orXzerKf2aTx23jHnw=w408-h544-k-no,true,"https://www.google.com/maps/search/tree+service+businesses+in+Summerfield+Greensboro+NC/@36.2087468,-79.9047583,14z",2026-04-29T05:30:51.654Z,,,,,,,,,,,
https://www.google.com/maps/place/Pegram+Tree+Services/data=!4m7!3m6!1s0x88531a6fffffffff:0xa2da37cf4f40a201!8m2!3d36.095535!4d-79.8143016!16s%2Fg%2F1tdy9s5b!19sChIJ_____28aU4gRAaJAT8832qI,Pegram Tree Services,4.8,59,Tree service,,,https://pegramtreeservice.us/,+1 336-852-0222,Closed · Opens 8 am,https://lh3.googleusercontent.com/gps-cs-s/APNQkAEqMhO4mCYlWWyvSfZq8PmM2RN847k8cXe71-KJe00bCoa1hrQ3SVeWfsPKNo7io8H2_TYHl7lbis_tupOt0Zdeju9JvizoeyFyNRB8s1qoKmXp5psrYxwC-inv4mr2GhCdj7J2=w408-h544-k-no,true,"https://www.google.com/maps/search/tree+service+businesses+in+Summerfield+Greensboro+NC/@36.2087468,-79.9047583,14z",2026-04-29T05:30:56.271Z,8 am–8 pm,8 am–8 pm,8 am–8 pm,Closed,Closed,8 am–8 pm,8 am–8 pm,,,,
https://www.google.com/maps/place/Gnarly+By+Nature+Tree+Service/data=!4m7!3m6!1s0x4212944ed8035c55:0xe1f34ba6bb201904!8m2!3d36.0822875!4d-79.7624672!16s%2Fg%2F11y4bjb0qz!19sChIJVVwD2E6UEkIRBBkgu6ZL8-E,Gnarly By Nature Tree Service,5.0,35,Tree service,,,http://www.gnarlybynaturetreeservice.com/,+1 336-708-8367,Closed · Opens 7 am,https://lh3.googleusercontent.com/gps-cs-s/APNQkAHXs53g6GBvLUFDF8hUYIpJwZXEDvY2o03iwqkEEd1bmZrhbzOQpL7LMdGO4bOevXFU6gKBduH8OyJ2VYFo5r7cyRCDSJ9_YUnFXP6ptWUdN-9oRiuCkdSqiohwBDzS5v_8j7M=w426-h240-k-no,true,"https://www.google.com/maps/search/tree+service+businesses+in+Summerfield+Greensboro+NC/@36.2087468,-79.9047583,14z",2026-04-29T05:31:01.184Z,7 am–5 pm,7 am–5 pm,7 am–5 pm,Closed,Closed,7 am–5 pm,7 am–5 pm,,,,
https://www.google.com/maps/place/C+Tree+Removal+Services/data=!4m7!3m6!1s0x831b13549a72eb33:0x527aafe0bae11409!8m2!3d36.1827108!4d-79.7832!16s%2Fg%2F11szc0r2t4!19sChIJM-tymlQTG4MRCRThuuCvelI,C Tree Removal Services,4.6,10,Tree service,"330 Archergate Rd, Browns Summit, NC 27214, United States","56M8+3P Browns Summit, North Carolina, USA",https://ctreeremoval.com/?utm_source=omg-gbp&utm_medium=webclick,+1 336-209-3793,Closed · Opens 9 am,https://lh3.googleusercontent.com/gps-cs-s/APNQkAGQRQ6jVTOVEq9CZR56EwnhOFasXSyrM_L0FpPZwSO0KEHbkKlX56DXDbTBipr3vfSf5MSb5bggrraaEd-lBxUrS9CI4Y4m3QlEZbpbPaagZq0VJfzdE08ZQOU7Kp0TyJyiAx_YRg=w408-h306-k-no,true,"https://www.google.com/maps/search/tree+service+businesses+in+Summerfield+Greensboro+NC/@36.2087468,-79.9047583,14z",2026-04-29T05:31:05.879Z,9 am–5 pm,9 am–5 pm,9 am–5 pm,Closed,Closed,9 am–5 pm,9 am–5 pm,,,,
https://www.google.com/maps/place/Wiley%27s+Landscaping+%26+Tree+Services/data=!4m7!3m6!1s0x88531a6fffffffff:0xbd649ce20f027491!8m2!3d36.1141525!4d-79.8143016!16s%2Fg%2F113dtfz4d!19sChIJ_____28aU4gRkXQCD-KcZL0,Wiley's Landscaping & Tree Services,4.9,28,Landscaping supply store,,,https://wileyslandscapingtreeservices.com/,+1 336-681-2985,,https://lh3.googleusercontent.com/gps-cs-s/APNQkAFxT7eKFR3KE43utAOAzNmjdZGbA0d_Q72Neh_iHP9y7SWgh76pfhzJ5WhybCm9jMkBGwWE8OywKgO_G8M6ng8iVjYqW1nZ8SMtazE7hZNwY8egyBkhroC4uzx_q1y3hCtjRDoH=w408-h544-k-no,true,"https://www.google.com/maps/search/tree+service+businesses+in+Summerfield+Greensboro+NC/@36.2087468,-79.9047583,14z",2026-04-29T05:31:08.429Z,,,,,,,,LGBTQ+ friendly,,true,
https://www.google.com/maps/place/Good+Roofs+and+Tree+Services/data=!4m7!3m6!1s0x44b46cf4888c709d:0x5b8b2d5074c074d!8m2!3d36.019785!4d-79.9764094!16s%2Fg%2F11x_p474y3!19sChIJnXCMiPRstEQRTQdMB9WyuAU,Good Roofs and Tree Services,5.0,19,Roofing contractor,,,https://goodroofandtree.com/,+1 336-338-8066,Open 24 hours,https://lh3.googleusercontent.com/gps-cs-s/APNQkAG5uzpcySre4ntz8B7N8Bfb_OEQ9aYhLqsPwZ3KAnLICYkMenuvJsGAEIMJzKnwKT-U82nzOwbtroFXzooWyf6O1cY_gtUme04lk0QI4TIQsMmGYjSdVQcMHnWDieUC5mQDcEqPC6EKJBRz=w408-h306-k-no,true,"https://www.google.com/maps/search/tree+service+businesses+in+Summerfield+Greensboro+NC/@36.2087468,-79.9047583,14z",2026-04-29T05:31:13.240Z,Open 24 hours,Open 24 hours,Open 24 hours,Open 24 hours,Open 24 hours,Open 24 hours,Open 24 hours,LGBTQ+ friendly,,,
https://www.google.com/maps/place/Pro+Care+Restoration/data=!4m7!3m6!1s0x8852efa086f88c63:0xbdb4151b909e5dac!8m2!3d36.2221949!4d-79.9102185!16s%2Fg%2F11qpg69mgy!19sChIJY4z4hqDvUogRrF2ekBsVtL0,Pro Care Restoration,4.8,105,Water damage restoration service,"5332 US-220, Summerfield, NC 27358, United States","63CQ+VW Summerfield, North Carolina, USA",https://www.procarerestorations.com/,+1 336-864-9598,Open 24 hours,https://lh3.googleusercontent.com/gps-cs-s/APNQkAFzHo-0-WyLIImygQg1xLpcmgXm9TVl5l5jh7Mdppra78jhowb-EXZXif7eijfV_AWE__ncZJmKeEzFVL8O9x2ICe8wXr7guNnO1FYAI18UPqmvF3zRs7EWRXqtRCTFTRYsGDaZ3g=w408-h274-k-no,true,"https://www.google.com/maps/search/tree+service+businesses+in+Summerfield+Greensboro+NC/@36.2087468,-79.9047583,14z",2026-04-29T05:31:19.134Z,Open 24 hours,Open 24 hours,Open 24 hours,Open 24 hours,Open 24 hours,Open 24 hours,Open 24 hours,,,,
"https://www.google.com/maps/place/Top+Knotch+Services,+Inc./data=!4m7!3m6!1s0x8852e19e3a70b301:0xa01858aea34690c5!8m2!3d36.189356!4d-79.7964055!16s%2Fg%2F11ggrvskg8!19sChIJAbNwOp7hUogRxZBGo65YGKA","Top Knotch Services, Inc.",4.9,41,Landscaper,,,https://topknotchservicesinc.jobbersites.com/,+1 336-292-0431,Closed · Opens 8 am,https://lh3.googleusercontent.com/gps-cs-s/APNQkAGaSKqlohy2DtjhLgFwCUN5lDUy9RMhMGwuMsX9TlgrUD8BfP9r_i0eJK8c-7gyFziQ3iEnU2tSH9TLzOM1IG0oboPTPXAUQAjyXcydw1LJJh0UGCYfyznPrQFJDqv18nT3LPoB6w=w408-h406-k-no,true,"https://www.google.com/maps/search/tree+service+businesses+in+Summerfield+Greensboro+NC/@36.2087468,-79.9047583,14z",2026-04-29T05:31:24.176Z,8 am–5 pm,8 am–5 pm,8 am–5 pm,Closed,Closed,8 am–5 pm,8 am–5 pm,LGBTQ+ friendly,,,
https://www.google.com/maps/place/Carolina+Stump+%26+Tree+Services+Inc/data=!4m7!3m6!1s0x8852fc8f2e0f6bd5:0x4d1f1b39c2164484!8m2!3d36.260055!4d-79.958062!16s%2Fg%2F1wc31yx2!19sChIJ1WsPLo_8UogRhEQWwjkbH00,Carolina Stump & Tree Services Inc,5.0,7,Tree service,"263 Lauren Rd, Stokesdale, NC 27357, United States","726R+2Q Stokesdale, North Carolina, USA",,+1 336-643-9332,,https://lh3.googleusercontent.com/gps-cs-s/APNQkAF0BhPddM0rC22bD3rODa5VHfnqlN4KwxdpQ5Xm-imC-1qykYJOo5I2Odd9UlZRTRCQpFK3z9Lr5edJ14Lx1xfaO9U65bGQjEmjnvo2rOxrc9b65vs-dDnzZmVwIjseGKl-DUdX1w=w408-h306-k-no,false,"https://www.google.com/maps/search/tree+service+businesses+in+Summerfield+Greensboro+NC/@36.2087468,-79.9047583,14z",2026-04-29T05:31:26.835Z,,,,,,,,,,,
"https://www.google.com/maps/place/Blue+Oaks+Tree+Care/@35.856682,-79.6526669,6z/data=!3m1!4b1!4m6!3m5!1s0x22cff96b317af46b:0x2a01989777b45cc9!8m2!3d35.856682!4d-79.652667!16s%2Fg%2F11ykn4kk5l",Blue Oaks Tree Care,5.0,2,Logging contractor,,,,+1 707-510-1084,Open 24 hours,,true,"https://www.google.com/maps/search/tree+service+businesses+in+Summerfield+Greensboro+NC/@36.2087468,-79.9047583,14z",2026-04-29T05:31:33.409Z,Open 24 hours,Open 24 hours,Open 24 hours,Open 24 hours,Open 24 hours,Open 24 hours,Open 24 hours,,,,
https://www.google.com/maps/place/Apex+Family+Tree+Service+LLC/data=!4m7!3m6!1s0x687e5aee7411d737:0x5058a0ae7f8e55e3!8m2!3d36.095535!4d-79.8143016!16s%2Fg%2F11q95bk3yn!19sChIJN9cRdO5afmgR41WOf66gWFA,Apex Family Tree Service LLC,5.0,74,Tree service,,,https://apexfamilytree.com/,+1 336-989-6465,Closed · Opens 7 am,https://lh3.googleusercontent.com/gps-cs-s/APNQkAHa0njLdKoayJPjPKbdNEQVKuTVJIvf4zFdm07aZZZMAcXTNcrG_3aP8v-uYZ1-KROuNyymBaFKxxuTOV9M-8vQg6uTR_if9GzRj6rQTBhikD8SUkc_ouxkOm8e7rlFUdFAO1Bq=w416-h240-k-no,true,"https://www.google.com/maps/search/tree+service+businesses+in+Summerfield+Greensboro+NC/@36.2087468,-79.9047583,14z",2026-04-29T05:31:38.243Z,7 am–7 pm,7 am–7 pm,7 am–7 pm,7 am–7 pm,Closed,7 am–7 pm,7 am–7 pm,,,,
https://www.google.com/maps/place/Tree+Experts/data=!4m7!3m6!1s0x8853183fffffffff:0x2e4abe471fda911b!8m2!3d36.0745926!4d-79.8750293!16s%2Fg%2F1tffq109!19sChIJ_____z8YU4gRG5HaH0e-Si4,Tree Experts,4.4,12,Tree service,"4921 Kenview St, Greensboro, NC 27410, United States","34FF+RX Greensboro, North Carolina, USA",https://treeexpertsgso.com/,+1 336-681-3972,Closed · Opens 8 am,https://lh3.googleusercontent.com/gps-cs-s/APNQkAEPQHFmno7Mk_iQAT5ZU8Zy1ySoPRWJOWQIGv7-bcN7K9JeHW_HSPgy8kbj87i752CY1bypuGUaesdTleItvf_wd5bre78Ce7jY4vzVvdNU6QLySHQ-YJIw9495vulJ88dmq5DQPh4oXjOu=w408-h500-k-no,false,"https://www.google.com/maps/search/tree+service+businesses+in+Summerfield+Greensboro+NC/@36.2087468,-79.9047583,14z",2026-04-29T05:31:43.011Z,8 am–5 pm,8 am–5 pm,8 am–5 pm,Closed,Closed,8 am–5 pm,8 am–5 pm,,,,
https://www.google.com/maps/place/Triad+Arborist+llc/data=!4m7!3m6!1s0x88531b89a7eb7327:0x44e80441e48a8712!8m2!3d36.06521!4d-79.9983986!16s%2Fg%2F11w9rxk0pm!19sChIJJ3Prp4kbU4gREoeK5EEE6EQ,Triad Arborist llc,5.0,54,Tree service,,,https://triadarborist.com/,+1 336-253-7856,Closed · Opens 8 am,https://lh3.googleusercontent.com/gps-cs-s/APNQkAEnnIv3Yq2wJifJVrq9A5TyqJFF_vAIZv3l1CihFKSV0jUbh9O3ChMN3q4W4sb8Z8hlrlWKnMPOmOKMDMC3AIuPl5T1llPyC3tSOqm9fEXgIh-nLyec_fQY7DF9-fWMzvej2nxClA=w408-h544-k-no,true,"https://www.google.com/maps/search/tree+service+businesses+in+Summerfield+Greensboro+NC/@36.2087468,-79.9047583,14z",2026-04-29T05:31:47.856Z,8 am–5 pm,8 am–5 pm,8 am–5 pm,Closed,Closed,8 am–5 pm,8 am–5 pm,,,,
"https://www.google.com/maps/place/Shelton+Tree+Service,+LLC/data=!4m7!3m6!1s0x2540c5db4a0da5c7:0xdfe6666e2409891!8m2!3d36.2273414!4d-79.8621595!16s%2Fg%2F11t1mwry28!19sChIJx6UNStvFQCURkZhA4mZm_g0","Shelton Tree Service, LLC",4.7,37,Tree service,,,,+1 336-901-1042,Open 24 hours,https://lh3.googleusercontent.com/gps-cs-s/APNQkAHTxu-cXyYddrUkwDRjIS82qjd7TE18Osjv1NvkAUZMhU0ziNO-dVdMRlBg5GjDvWbpKmHxQUtJ26iOD12NzVDOzOOQAXCG9jFSIL9yVJkK59HfCUELI_g65POQpoB0wP4hrtkD-Q=w408-h425-k-no,true,"https://www.google.com/maps/search/tree+service+businesses+in+Summerfield+Greensboro+NC/@36.2087468,-79.9047583,14z",2026-04-29T05:31:52.618Z,Open 24 hours,Open 24 hours,Open 24 hours,Open 24 hours,Open 24 hours,Open 24 hours,Open 24 hours,,,,
https://www.google.com/maps/place/Green+Bear+Tree+Service+LLC/data=!4m7!3m6!1s0x88530130fa2a97ed:0xc569e12414a41293!8m2!3d36.1686194!4d-80.0943251!16s%2Fg%2F11vrd7fls1!19sChIJ7Zcq-jABU4gRkxKkFCThacU,Green Bear Tree Service LLC,5.0,197,Tree service,"1801 Larkhill Ct, Kernersville, NC 27284, United States","5W94+C7 Kernersville, North Carolina, USA",http://www.greenbeartreeservice.com/?utm_campaign=gmb,+1 336-360-5326,Open 24 hours,https://lh3.googleusercontent.com/gps-cs-s/APNQkAEfU5gKUkWg-6ehggYG2n73G_P8vVeAQQwbjAAEqb9ynT6t9pUjQBsDXDfA0xSKaznrTU2QddBoPgw64rgKBIYba1aNzQfZiT5n59esSj_F5jGqlaG-6DWcNXerLGzvnMZfXYXOmr2tUXmn=w648-h240-k-no,true,"https://www.google.com/maps/search/tree+service+businesses+in+Summerfield+Greensboro+NC/@36.2087468,-79.9047583,14z",2026-04-29T05:31:57.545Z,Open 24 hours,Open 24 hours,Open 24 hours,Open 24 hours,Open 24 hours,Open 24 hours,Open 24 hours,Identifies as Latino-owned,,,
https://www.google.com/maps/place/Hunt+Tree+Service/data=!4m7!3m6!1s0x885323213866fd1b:0xcb9849de300b2dcd!8m2!3d36.0093228!4d-79.6923781!16s%2Fg%2F1tgxjrx3!19sChIJG_1mOCEjU4gRzS0LMN5JmMs,Hunt Tree Service,4.3,31,Tree service,"2377 Alamance Church Rd, Greensboro, NC 27406, United States","2855+P2 Greensboro, North Carolina, USA",http://www.huntstree.com/,+1 336-697-1155,Closed · Opens 8 am,https://lh3.googleusercontent.com/gps-cs-s/APNQkAGdVGK7OJL9owzX_M106ZYS8yrD_c_gsQHKr-oc1TkD1Uq98VC1eX-FKUF34AEd0wBRw-ORIRZkJIgvnOtQ79NedRiJeJ1ofFBsx5Bf-Kuxi94x7vm4Kk_S_RIwmscwyHa0xH2X=w426-h240-k-no,true,"https://www.google.com/maps/search/tree+service+businesses+in+Summerfield+Greensboro+NC/@36.2087468,-79.9047583,14z",2026-04-29T05:32:02.379Z,8 am–5 pm,8 am–5 pm,8 am–5 pm,Closed,Closed,8 am–5 pm,8 am–5 pm,,,,
https://www.google.com/maps/place/Cone+Grading+and+Land+Clearing/data=!4m7!3m6!1s0x4b1ccd12ea67c589:0xd74d7f60c1bc4515!8m2!3d36.111168!4d-79.881846!16s%2Fg%2F11y5z7bhhs!19sChIJicVn6hLNHEsRFUW8wWB_Tdc,Cone Grading and Land Clearing,5.0,8,Excavating contractor,,,https://conegradingandlandclearing.com/,+1 980-333-8306,Closed · Opens 8 am,https://lh3.googleusercontent.com/gps-cs-s/APNQkAGshXk9xqxyQCquDsNDTFUVQlBYTiGLviKB68uPk76a-7KGWJ4J863kbyst8K5hUtuXpbC_VarDWuSlsf0jldzn0HSLDU8dncrCzQ5yHnftg8aOVPHlr5yBE88SVifBqgkZr9XO=w408-h272-k-no,true,"https://www.google.com/maps/search/tree+service+businesses+in+Summerfield+Greensboro+NC/@36.2087468,-79.9047583,14z",2026-04-29T05:32:07.235Z,8 am–10 pm,8 am–10 pm,8 am–10 pm,8 am–10 pm,8 am–10 pm,8 am–10 pm,8 am–10 pm,,,,
https://www.google.com/maps/place/All+Green+Tree+Care+Removal+and+Landscape+LLC/data=!4m7!3m6!1s0x89e9d5c074db2f6f:0x86cc3ccca5e3de6!8m2!3d36.0797125!4d-79.9940158!16s%2Fg%2F11j68j4nvv!19sChIJby_bdMDV6YkR5j1eyszDbAg,All Green Tree Care Removal and Landscape LLC,4.8,163,Tree service,"2519 Sandy Ridge Rd, High Point, NC 27265, United States","32H4+V9 High Point, North Carolina, USA",http://besttreework.com/,+1 743-224-5201,Open 24 hours,https://lh3.googleusercontent.com/gps-cs-s/APNQkAEvURNQ-sdgC97plBuefziY0nz7jPzuNCGDM5MWe0rKeQqYXwKzI7Z9E2A96XG9LPLNv1Uy4fA1BN0Ohfr-koYEuU-4ovPPJ89_Zlg9ZXd-ZF0vlGBsJS51TEWiAkBsJ-9sKOE0=w426-h240-k-no,true,"https://www.google.com/maps/search/tree+service+businesses+in+Summerfield+Greensboro+NC/@36.2087468,-79.9047583,14z",2026-04-29T05:32:12.322Z,Open 24 hours,Open 24 hours,Open 24 hours,Open 24 hours,Open 24 hours,Open 24 hours,Open 24 hours,,,,
https://www.google.com/maps/place/Green+Limb+Tree+Service/data=!4m7!3m6!1s0x6d7c9cb3d8fd3b7f:0xe3e27cf466aad4f7!8m2!3d36.0972205!4d-79.728503!16s%2Fg%2F11y321mf5z!19sChIJfzv92LOcfG0R99SqZvR84uM,Green Limb Tree Service,4.8,24,Tree service,,,https://www.greenlimbtreeservice.com/,+1 336-254-7993,Closed · Opens 9 am,https://lh3.googleusercontent.com/gps-cs-s/APNQkAHxf_Zlz7mTDQSRTSgh7wPC9lV-anZabndBwjd9N_y5eoyED4zdbOiqcGzaUWnTZSVr0-xStqOoTKsBaz9QBOlEYfKHOyCpEcgDfthjqKwfp0lVZCXMCosPD7ZfVfl6bM7cZvgYotra9y28=w408-h544-k-no,true,"https://www.google.com/maps/search/tree+service+businesses+in+Summerfield+Greensboro+NC/@36.2087468,-79.9047583,14z",2026-04-29T05:32:17.139Z,9 am–6 pm,9 am–6 pm,9 am–6 pm,Closed,Closed,9 am–6 pm,9 am–6 pm,,,,
https://www.google.com/maps/place/D%26A+Tree+Service/data=!4m7!3m6!1s0x88530fd9eaa36227:0xcfae86bbb5de40ce!8m2!3d35.9089761!4d-80.0513178!16s%2Fg%2F11w_pb_d2_!19sChIJJ2Kj6tkPU4gRzkDetbuGrs8,D&A Tree Service,4.9,124,Tree service,,,https://www.datreeservice.com/,+1 336-491-5268,"Open 24 hours

Confirmed by this business 12 weeks ago",https://lh3.googleusercontent.com/gps-cs-s/APNQkAGxPZLcv_asuFPFU2TZoOkREw2um9HUKR5UpnR24UcgBo_DY6aOfulOM5Y3ZBshZfm79w40ApejjTfQoZ6LmcQ-C3N_b8sd8vhr9rkjLdiaPbZPeadEBhPfUr5krLP4AWhbNC7pgxXA45Q=w408-h724-k-no,true,"https://www.google.com/maps/search/tree+service+businesses+in+Summerfield+Greensboro+NC/@36.2087468,-79.9047583,14z",2026-04-29T05:32:22.065Z,Open 24 hours,Open 24 hours,Open 24 hours,Open 24 hours,Open 24 hours,Open 24 hours,Open 24 hours,LGBTQ+ friendly,,,
https://www.google.com/maps/place/F%26R+Tree+Service/data=!4m7!3m6!1s0x8852e0613e83ffff:0x84f6533c2656ff66!8m2!3d36.2086642!4d-79.758541!16s%2Fg%2F11fll6k200!19sChIJ__-DPmHgUogRZv9WJjxT9oQ,F&R Tree Service,5.0,1,Tree service,"7701 French Dr, Browns Summit, NC 27214, United States","665R+FH Browns Summit, North Carolina, USA",,+1 281-763-0297,Closed · Opens 8 am,https://streetviewpixels-pa.googleapis.com/v1/thumbnail?panoid=nQwIuXWa5_eKD7551EIxhQ&cb_client=search.gws-prod.gps&w=408&h=240&yaw=6.6828856&pitch=0&thumbfov=100,true,"https://www.google.com/maps/search/tree+service+businesses+in+Summerfield+Greensboro+NC/@36.2087468,-79.9047583,14z",2026-04-29T05:32:26.925Z,8 am–5 pm,8 am–5 pm,8 am–5 pm,8 am–5 pm,Closed,8 am–5 pm,8 am–5 pm,,,,
"https://www.google.com/maps/place/Highlands+Tree+Service,+LLC/data=!4m7!3m6!1s0x88531fa90c1fefbf:0x86a5023d5a863092!8m2!3d35.9323895!4d-79.8790197!16s%2Fg%2F11fky_qgd1!19sChIJv-8fDKkfU4gRkjCGWj0CpYY","Highlands Tree Service, LLC",4.8,18,Tree service,,,http://www.highlandstreeservicellc.com/,+1 984-538-0244,Closed · Opens 8 am,https://lh3.googleusercontent.com/gps-cs-s/APNQkAHw691dTXWveZqztQ72eZ0iqgD95r1TVvdzWI0bPsAk09JZb7JXKtRklTYpNdH1qMtQ1g1xZYb7LxAjdnnWpZrQfAD2GEublzEl0NFVtKq1wes30qJzMO4XknuUS1kWPGMFAJ6WVA=w408-h272-k-no,true,"https://www.google.com/maps/search/tree+service+businesses+in+Summerfield+Greensboro+NC/@36.2087468,-79.9047583,14z",2026-04-29T05:32:31.613Z,8 am–5 pm,8 am–5 pm,8 am–5 pm,9 am–3 pm,Closed,8 am–5 pm,8 am–5 pm,,,,
https://www.google.com/maps/place/Tabitha%27s+Closet/data=!4m7!3m6!1s0x8852e3a115a91f91:0x63607767fbcc4b34!8m2!3d36.1931695!4d-79.8922029!16s%2Fg%2F1tfstl0n!19sChIJkR-pFaHjUogRNEvM-2d3YGM,Tabitha's Closet,4.9,59,Thrift store,"4547-B US-220, Summerfield, NC 27358, United States","54V5+74 Summerfield, North Carolina, USA",https://www.tabithaministry.org/closet,+1 336-643-1630,Closed · Opens 10 am,https://lh3.googleusercontent.com/gps-cs-s/APNQkAHBSu6q_tRO9nIRN1hl298lJDxabu4z1D8w2LOWX8nIrnU6FxIZ-pe7LD3e_gBnwckzfNWaIywyJNWpCo7DIDRmjod8YKiYtyr_xshU6N6_3Dbsol0SqDdfqrcwo5EAyFWqyZavgg=w426-h240-k-no,true,"https://www.google.com/maps/search/tree+service+businesses+in+Summerfield+Greensboro+NC/@36.2087468,-79.9047583,14z",2026-04-29T05:32:36.735Z,10 am–6 pm,10 am–6 pm,10 am–4 pm,10 am–4 pm,Closed,Closed,10 am–2 pm,,· In-store shopping,,
https://www.google.com/maps/place/NC+Tree+Company/data=!4m7!3m6!1s0xabb424aa8abf760b:0x521796a48d8266df!8m2!3d35.913772!4d-79.881846!16s%2Fg%2F11x2lqwknh!19sChIJC3a_iqoktKsR32aCjaSWF1I,NC Tree Company,4.9,17,Tree service,,,https://nctreecompany.com/,+1 336-420-5670,Closed · Opens 7 am,https://lh3.googleusercontent.com/gps-cs-s/APNQkAE8sTDxriAIhWWXjBou1svSxmJ2lm2P9v6QVADervp8g3WA8JTlyU9ev7LqKA_sxHRM65WsExzKxrVC-uNxxImOT0DoZDR1zQ4w5Vte4fsgLTcsPK2ngAtzP-Frh9OTEoyVf4JJ=w408-h272-k-no,true,"https://www.google.com/maps/search/tree+service+businesses+in+Summerfield+Greensboro+NC/@36.2087468,-79.9047583,14z",2026-04-29T05:32:41.518Z,7 am–7 pm,7 am–7 pm,7 am–7 pm,7 am–7 pm,Closed,7 am–7 pm,7 am–7 pm,,,,
https://www.google.com/maps/place/Southern+Lights+Outdoor+Lighting+%26+Audio/data=!4m7!3m6!1s0x8852e23da2777799:0xf74b7785667c5044!8m2!3d36.2017005!4d-79.8432201!16s%2Fg%2F1tv24vmm!19sChIJmXd3oj3iUogRRFB8ZoV3S_c,Southern Lights Outdoor Lighting & Audio,5.0,171,Landscape lighting designer,"6212 Lake Brandt Rd, Summerfield, NC 27358, United States","6524+MP Summerfield, North Carolina, USA",https://www.southernlights.com/,+1 336-560-8802,Closed · Opens 8 am,https://lh3.googleusercontent.com/gps-cs-s/APNQkAFtO5BcVmSr9FGdpb7ZFi4tCKq3pZPVcKga0nD1yIy1f59t1R167fScRTjVHofRQRkAG0IR4aMyiJo5aFqbHjkmLrJHzok0ma8f60UQmfWWSgHa33UVhaJztFC1ClRPpDx4SSQ0=w408-h408-k-no,true,"https://www.google.com/maps/search/tree+service+businesses+in+Summerfield+Greensboro+NC/@36.2087468,-79.9047583,14z",2026-04-29T05:32:46.339Z,8 am–4:30 pm,8 am–4:30 pm,8 am–4:30 pm,Closed,Closed,8 am–4:30 pm,8 am–4:30 pm,,,,
https://www.google.com/maps/place/A+Limb+To+Trim+Tree+Service/data=!4m7!3m6!1s0x88532e96f46ef56f:0x34312a3a726bd75e!8m2!3d36.0424526!4d-79.5066656!16s%2Fg%2F11c3znz6pb!19sChIJb_Vu9JYuU4gRXtdrcjoqMTQ,A Limb To Trim Tree Service,4.6,112,Tree service,,,,+1 336-213-8939,Closed · Opens 7 am,https://lh3.googleusercontent.com/gps-cs-s/APNQkAHcR9Gif8GmT_98u4nCaKAfeZp5N6iFgTCsw1_PXgNhtgJRFDprWK6l42K1n9t4ZI6_wNFsW1_dpQaAQ77FBFC_-YkaiPQpG2F-WZ_78mWEn_6cW3O-JuM8bi_FS8qM5IeJN4gz=w408-h544-k-no,true,"https://www.google.com/maps/search/tree+service+businesses+in+Summerfield+Greensboro+NC/@36.2087468,-79.9047583,14z",2026-04-29T05:32:51.209Z,7 am–7 pm,7 am–7 pm,7 am–7 pm,7 am–7 pm,Closed,7 am–7 pm,7 am–7 pm,,,,
https://www.google.com/maps/place/Johnson+Tree+and+Property+Maintenace/data=!4m7!3m6!1s0x8852ecd051cfbaf1:0x66d8ed24ddb52983!8m2!3d36.5137833!4d-79.8652451!16s%2Fg%2F11dd_mjl4z!19sChIJ8brPUdDsUogRgym13STt2GY,Johnson Tree and Property Maintenace,4.8,42,Tree service,"613 Boone Road, Eden, NC 27288, United States","G47M+GW Eden, North Carolina, USA",https://www.facebook.com/323TREE,+1 336-323-8733,Open 24 hours,https://lh3.googleusercontent.com/gps-cs-s/APNQkAERK8nSeeuHTr62BvhdV1th4v0tvKnJBGKsK5BcAnJ9jXMud_hbRy3a1z7JYLLRVyyy0z4Czv1QKmDYxccMw9sU4yxR-ctcs_Dt_lUSU72lZtagF9b7_eWIVZeIps1xeENL6Bhs=w408-h544-k-no,true,"https://www.google.com/maps/search/tree+service+businesses+in+Summerfield+Greensboro+NC/@36.2087468,-79.9047583,14z",2026-04-29T05:32:56.459Z,Open 24 hours,Open 24 hours,Open 24 hours,Open 24 hours,Open 24 hours,Open 24 hours,Open 24 hours,,,,
"https://www.google.com/maps/place/Trees+Are+Us,+Carolina+Tree+Service,+Alamance+Gaddy+Tree+Service/data=!4m7!3m6!1s0x88532d73a3386b11:0x832c6076a570e70f!8m2!3d36.0222651!4d-79.4630494!16s%2Fg%2F11nmlzwj5l!19sChIJEWs4o3MtU4gRD-dwpXZgLIM","Trees Are Us, Carolina Tree Service, Alamance Gaddy Tree Service",4.8,156,Tree service,"2233 Bellemont-Alamance Rd, Burlington, NC 27215, United States","2GCP+WQ Burlington, North Carolina, USA",http://www.nctreesareus.com/,+1 336-584-6988,Closed · Opens 8 am,https://lh3.googleusercontent.com/gps-cs-s/APNQkAFHrSDfZGA7Eh-EHhNlAXak6516dzzFSM7Kdp98E8DAz-DR187SkVk-sEqjOqAjwaPYO62AL2BA66rQKnl2Skds0H7HyVeWdi6jioeJGq11XPR6Q8jNo3M6iKQqnkaiJi-CWO8=w426-h240-k-no,true,"https://www.google.com/maps/search/tree+service+businesses+in+Summerfield+Greensboro+NC/@36.2087468,-79.9047583,14z",2026-04-29T05:33:01.645Z,8 am–5 pm,8 am–5 pm,8 am–5 pm,Closed,Closed,8 am–5 pm,8 am–5 pm,Identifies as Latino-owned,,,
https://www.google.com/maps/place/Golden+Antiques+%26+Treasures/data=!4m7!3m6!1s0x8852e299e4ee3b97:0xe70f2145ca71dba2!8m2!3d36.19167!4d-79.8920709!16s%2Fg%2F11b8r8fy71!19sChIJlzvu5JniUogRottxykUhD-c,Golden Antiques & Treasures,4.6,431,Antique store,"4537 US-220, Summerfield, NC 27358, United States","54R5+M5 Summerfield, North Carolina, USA",http://www.goldenantiquestreasures.com/,+1 336-643-6994,Closed · Opens 10 am,https://lh3.googleusercontent.com/gps-cs-s/APNQkAHt7ECGIsR2K12O_OBnkqyPuZncpL_98kVjVlYFZYM6_9xLGzbkUs8XBOIU8n53BA6j74irwlX3e9GaPirmwDC3mpZ68KIgCkBbKDWA6qz7049BU4DwJlWfRoUr0geiPeMpXCcw=w408-h408-k-no,true,"https://www.google.com/maps/search/tree+service+businesses+in+Summerfield+Greensboro+NC/@36.2087468,-79.9047583,14z",2026-04-29T05:33:06.602Z,10 am–6 pm,10 am–6 pm,10 am–6 pm,10 am–6 pm,12–6 pm,10 am–6 pm,10 am–6 pm,Identifies as women-owned,· In-store shopping,,
https://www.google.com/maps/place/Your+Way+Lawn+and+Tree/data=!4m7!3m6!1s0x6d2e15e649c77881:0xd49be3632da643bc!8m2!3d36.009825!4d-79.7399953!16s%2Fg%2F11s65k3l06!19sChIJgXjHSeYVLm0RvEOmLWPjm9Q,Your Way Lawn and Tree,5.0,72,Tree service,,,https://yourwaylawnandtreenc.com/,+1 336-338-9057,Open 24 hours,https://lh3.googleusercontent.com/gps-cs-s/APNQkAHtfQJo6Bo4ewD5vEG2mpxPtR001JPyU10Z2kuMI9qqmgiOoFaTQaMycxxdofUCaiEN4mo5JnWg4fYq2l4O0ODjDXP572YQ9DpHQreS5erZ3zqA7xulPbABghrH06_0nqL5pgouNh54LG2-=w408-h544-k-no,true,"https://www.google.com/maps/search/tree+service+businesses+in+Summerfield+Greensboro+NC/@36.2087468,-79.9047583,14z",2026-04-29T05:33:11.390Z,Open 24 hours,Open 24 hours,Open 24 hours,Open 24 hours,Open 24 hours,Open 24 hours,Open 24 hours,,,,
https://www.google.com/maps/place/Jasper%E2%80%99s+Outdoor+Solutions/data=!4m7!3m6!1s0xee77f9a1f6d390d:0x71e2fc0c7eea9bb3!8m2!3d36.1164504!4d-79.881846!16s%2Fg%2F11k52vzj3g!19sChIJDTltH5p_5w4Rs5vqfgz84nE,Jasper’s Outdoor Solutions,,,Landscaper,,,http://jaspersoutdoorsolutions.com/?utm_source=gmb&utm_medium=referral,+1 336-686-6738,Closed · Opens 7 am,https://lh3.googleusercontent.com/gps-cs-s/APNQkAFwMVQUwYEL8LusJ6wJM28K_9Pd7IFxLzedRXohNtilA0xjbv5n-Uddsg0aXOpySRd5_4TV9YLxhrZZZHIgW3_hJW8dzXwpTxDORVnacvW1MXAtgHDH85YCY4EobismnAv3IK-iTAhCeH3f=w408-h306-k-no,true,"https://www.google.com/maps/search/tree+service+businesses+in+Summerfield+Greensboro+NC/@36.2087468,-79.9047583,14z",2026-04-29T05:33:16.001Z,7 am–6 pm,7 am–6 pm,7 am–6 pm,8 am–1 pm,Closed,7 am–6 pm,7 am–6 pm,,,,
https://www.google.com/maps/place/GLS+Landscaping+%26+Maintenance/data=!4m7!3m6!1s0x8853021419e5b341:0x43e62d6c3114b800!8m2!3d36.1728627!4d-79.987318!16s%2Fg%2F1hc20rzj3!19sChIJQbPlGRQCU4gRALgUMWwt5kM,GLS Landscaping & Maintenance,4.2,61,Landscaper,"1692 NC-68 # J, Oak Ridge, NC 27310, United States","52F7+43 Oak Ridge, North Carolina, USA",http://www.glsmaintenancenow.com/?utm_campaign=gmb,+1 336-962-6778,Closed · Opens 8 am,https://lh3.googleusercontent.com/gps-cs-s/APNQkAGA2A8dOAEknkkCwPaxBXoTdDotx2hhIbZ-g_NQEqlQAXopGghtbnMSRtFSvRr1P3-Ff72cWb9xhrwVllO4EnK8hLhZj_17Ly-zOu-dPLqyytTrWZbYO_cMCy3PrDGDcHbNZ5ja=w408-h250-k-no,true,"https://www.google.com/maps/search/tree+service+businesses+in+Summerfield+Greensboro+NC/@36.2087468,-79.9047583,14z",2026-04-29T05:33:20.957Z,8 am–5 pm,8 am–5 pm,8 am–5 pm,Closed,Closed,8 am–5 pm,8 am–5 pm,,,,
https://www.google.com/maps/place/Carolina+Outdoor+Construction/data=!4m7!3m6!1s0x65823e40320e64cf:0xc13079c41ba2fa15!8m2!3d36.0822875!4d-79.881846!16s%2Fg%2F11rpkcdvzw!19sChIJz2QOMkA-gmURFfqiG8R5MME,Carolina Outdoor Construction,4.8,21,Landscaper,,,,+1 336-337-9646,Closed · Opens 8 am,https://lh3.googleusercontent.com/gps-cs-s/APNQkAGe97E6PaXPZGHQ0XqXhUA5RjNRI9rOOY-6fWoECTi8mmK4o-_taoWv1Y-SzIbE3M4ZhU0qOuCcEeKXbcQF7e77IxSRLUPv0_-TOu1bUtYvVDN5MAdwqusQ-bCYCx3nGJxMq9Rn-P1GcjNq=w408-h306-k-no,true,"https://www.google.com/maps/search/tree+service+businesses+in+Summerfield+Greensboro+NC/@36.2087468,-79.9047583,14z",2026-04-29T05:33:25.765Z,8 am–8 pm,8 am–8 pm,8 am–8 pm,9 am–5 pm,Closed,8 am–8 pm,8 am–8 pm,,,,
https://www.google.com/maps/place/GLI+Landscaping/data=!4m7!3m6!1s0x88531dcfc65d6bc7:0xc1ae6697865c55fb!8m2!3d36.095535!4d-79.8143016!16s%2Fg%2F11dx92f51l!19sChIJx2tdxs8dU4gR-1VchpdmrsE,GLI Landscaping,4.8,20,Landscaper,,,http://www.landscapeservicegreensboro.com/,+1 336-908-9654,Closed · Opens 8 am,https://lh3.googleusercontent.com/gps-cs-s/APNQkAFoD-wRT4LKnPHItG6bz5myFiMODfFrqwF8fdah3D4vqU_WebYjsPMFYVTd_pMfISAvsqCgMLyLFjRYS7m1NDR3MjNQt821o6eIgyBpQSIZVCBNy1sLfQYdgoaEqcUDzjzfrqkTXw=w556-h240-k-no,true,"https://www.google.com/maps/search/tree+service+businesses+in+Summerfield+Greensboro+NC/@36.2087468,-79.9047583,14z",2026-04-29T05:33:30.507Z,8 am–5 pm,8 am–5 pm,8 am–5 pm,8 am–5 pm,1–5 pm,8 am–5 pm,8 am–5 pm,,,,
https://www.google.com/maps/place/Ramirez+Landscaping+%26+Lighting/data=!4m7!3m6!1s0x88531bed6a8507d7:0x2430ce5f307c0a58!8m2!3d36.0650084!4d-79.8414545!16s%2Fg%2F11mhqj_71b!19sChIJ1weFau0bU4gRWAp8MF_OMCQ,Ramirez Landscaping & Lighting,4.8,79,Landscaper,,,https://www.ramirezlandl.com/?utm_source=google&utm_medium=local&utm_campaign=gbp&utm_content=website_button,+1 336-900-2727,Closed · Opens 8 am,https://lh3.googleusercontent.com/gps-cs-s/APNQkAEZ77ScjRnCzMA-88K04ecqfltB_UR9FYqqWLNFI5wRV-0_SN_1ArLPeAjfEFOx_RtkxZZXUuaIPvdfj-nN9BI1GINy29GuoMze5tSTVNAdhY1uxbZWxHYUA0UjITkZFE6K-xys=w408-h306-k-no,true,"https://www.google.com/maps/search/tree+service+businesses+in+Summerfield+Greensboro+NC/@36.2087468,-79.9047583,14z",2026-04-29T05:33:35.158Z,8 am–5 pm,8 am–5 pm,8 am–5 pm,8 am–5 pm,Closed,8 am–5 pm,8 am–5 pm,,,,
https://www.google.com/maps/place/Northwest+Guilford+Farmers%E2%80%99+Market/data=!4m7!3m6!1s0x8852e3f2b8edb09b:0xac6bc86993319e79!8m2!3d36.1962139!4d-79.896836!16s%2Fg%2F11y4y40x7d!19sChIJm7DtuPLjUogReZ4xk2nIa6w,Northwest Guilford Farmers’ Market,5.0,7,Farmers' market,"7200 Summerfield Rd, Summerfield, NC 27358, United States","54W3+F7 Summerfield, North Carolina, USA",https://northwestguilfordfarmersmarket.com/,+1 336-817-7765,,https://lh3.googleusercontent.com/gps-cs-s/APNQkAGf9GOcJuwW48w7_rehoJXJlCoHUbY-r4wggaQw4cfhk2qKyKg8wcMgM-qK_0A-n-i959ClD8Wzh_7nCNUfvfAV_jIqC9TIP1oSWpTl_cxwCtGuYGvbkmFkyrSGaCBHxtEIJZQ=w408-h725-k-no,true,"https://www.google.com/maps/search/tree+service+businesses+in+Summerfield+Greensboro+NC/@36.2087468,-79.9047583,14z",2026-04-29T05:33:39.802Z,5–6:30 pm,Closed,Closed,Closed,Closed,Closed,Closed,LGBTQ+ friendly,· Dogs allowed,,
https://www.google.com/maps/place/Cut+Right+Tree+Service/data=!4m7!3m6!1s0x885319c73a09c9d1:0x786aca70bd0ec49b!8m2!3d35.9899165!4d-79.763839!16s%2Fg%2F11b77js3lj!19sChIJ0ckJOscZU4gRm8QOvXDKang,Cut Right Tree Service,4.8,17,Tree service,,,http://www.greensboronctreetrimming.com/,+1 336-327-6049,Closed · Opens 7 am,https://lh3.googleusercontent.com/gps-cs-s/APNQkAEvjq_sunGvWV7rgUeOCuPE0-zBnHEXmIYVqYRiwbjBHYMIhHn3lz09uVap5knv2r5NmSgR2dZG-d9YtcF306QpSWTYo2wZ1mFGOYBKABVNWYWa-oQavDcJf8MZhhJYN2JPUWNC=w430-h240-k-no,true,"https://www.google.com/maps/search/tree+service+businesses+in+Summerfield+Greensboro+NC/@36.2087468,-79.9047583,14z",2026-04-29T05:33:44.545Z,7 am–5 pm,7 am–5 pm,7 am–5 pm,Closed,Closed,7 am–5 pm,7 am–5 pm,,,,
https://www.google.com/maps/place/Lindbergh%27s+Tree+Service+Greensboro/data=!4m7!3m6!1s0x88531962e3fec6d5:0xa5970f108440f078!8m2!3d36.0785174!4d-79.7896394!16s%2Fg%2F11fk4dsszs!19sChIJ1cb-42IZU4gRePBAhBAPl6U,Lindbergh's Tree Service Greensboro,4.3,11,Tree service,,,https://www.treeservicegreensboro.net/,+1 336-347-1875,Open 24 hours,https://lh3.googleusercontent.com/gps-cs-s/APNQkAEeD7XOM3NrU2vB6J0i0HBm6NPxof4eZCvpW6rTzG7tCySa0WWE5-1KXxROprpkAA7UySxUSSOjv7aQacKhqZXdesCTKOGBapuudxgc3C_qUz6iuNROcWq5rU_nOuJLBG4_UkiC=w408-h272-k-no,true,"https://www.google.com/maps/search/tree+service+businesses+in+Summerfield+Greensboro+NC/@36.2087468,-79.9047583,14z",2026-04-29T05:33:49.542Z,Open 24 hours,Open 24 hours,Open 24 hours,Open 24 hours,Open 24 hours,Open 24 hours,Open 24 hours,LGBTQ+ friendly,,,
https://www.google.com/maps/place/Brad%27s+Bobcat+%26+Hauling+Services/data=!4m7!3m6!1s0x8852fc388ab715bf:0x97e831e3d587e74b!8m2!3d35.312504!4d-79.86097!16s%2Fg%2F11c58t74s1!19sChIJvxW3ijj8UogRS-eH1eMx6Jc,Brad's Bobcat & Hauling Services,3.0,2,Landscaper,,,,+1 336-362-3647,,https://lh3.googleusercontent.com/gps-cs-s/APNQkAGp9oL0GvvUol35SbW7ChLN2BcrXeb70qpyTHm3ZDWuAR491uiNgT3PkAnE3faC8XdfqkO4OEgsWJMd8i4iNqKgRljpBPfNmpxs9R9GsADrBfGhoWH_enStIx34R5khlXp2I4quTQ=w408-h299-k-no,true,"https://www.google.com/maps/search/tree+service+businesses+in+Summerfield+Greensboro+NC/@36.2087468,-79.9047583,14z",2026-04-29T05:33:52.167Z,,,,,,,,,,,
https://www.google.com/maps/place/Guilford+Tree+Service+Inc./data=!4m7!3m6!1s0x885319e42326aaab:0xbdf7646aa6db2cfb!8m2!3d36.095535!4d-79.8143016!16s%2Fg%2F11f57v67jk!19sChIJq6omI-QZU4gR-yzbpmpk970,Guilford Tree Service Inc.,3.0,2,Tree service,,,,+1 336-338-7026,Open 24 hours,https://lh3.googleusercontent.com/gps-cs-s/APNQkAFk8wTXb-kjW02chiTi__cT5eaR50IcPxth4fBkOULHOoCjwOUbwNhWmGdFPbJwAm_eFH0vzQC0asVXu2loyL1RuwQ4l5_TIvu1k4r4jaVWogJbVFhtfOts7J1yknY8SLoDOuZ9=w408-h272-k-no,true,"https://www.google.com/maps/search/tree+service+businesses+in+Summerfield+Greensboro+NC/@36.2087468,-79.9047583,14z",2026-04-29T05:33:56.931Z,Open 24 hours,Open 24 hours,Open 24 hours,Open 24 hours,Closed,Open 24 hours,Open 24 hours,,,,
https://www.google.com/maps/place/IVY+AWAY!/data=!4m7!3m6!1s0x88531e982a0f24cb:0xf0b5d0e08713ae3b!8m2!3d36.1465045!4d-79.7896394!16s%2Fg%2F11g6bvwk2l!19sChIJyyQPKpgeU4gRO64Th-DQtfA,IVY AWAY!,,,Tree service,,,http://ivyaway.page.tl/,+1 336-929-8911,Closes soon · 2 am · Reopens 9 am,https://lh3.googleusercontent.com/gps-cs-s/APNQkAGNYvVOZkGO5HVUoaxWLi8aT3vV-EsoOQ9DmBOQWDTHT0scL5PK3_botmjV7Kk1TBDVU9Cx1NSbq5Ngi6ASEDtgGKadZZtULa6Nskcasuuw7lCtfqi1Non0DuAuB7t0ymLPxYsFCQ=w408-h680-k-no,true,"https://www.google.com/maps/search/tree+service+businesses+in+Summerfield+Greensboro+NC/@36.2087468,-79.9047583,14z",2026-04-29T05:34:01.466Z,9 am–2 am,9 am–2 am,9 am–2 am,9 am–5 am,Closed,9 am–2 am,9 am–2 am,,,,
https://www.google.com/maps/place/Beaver+Outdoor+Solutions/data=!4m7!3m6!1s0x885319547567355b:0xdded9f0978a06365!8m2!3d36.06521!4d-79.9983986!16s%2Fg%2F11hyjw8l31!19sChIJWzVndVQZU4gRZWOgeAmf7d0,Beaver Outdoor Solutions,5.0,2,Landscaper,,,http://beaveroutdoorsolutions.com/,+1 336-414-3652,Closed · Opens 8 am,https://lh3.googleusercontent.com/gps-cs-s/APNQkAGPE1RiCXXTtoDzPHfQQeokQYFsBP3gPOvLgvpQz3VK7f3HYIy7XQ9zkO4q26JUp0_UeDN-XhWDOdNsqxR0Ky-kIhud50RVTomdAcXFd1686oIrCTWBbxpNSStQ6q1HFgrypEbY=w457-h240-k-no,true,"https://www.google.com/maps/search/tree+service+businesses+in+Summerfield+Greensboro+NC/@36.2087468,-79.9047583,14z",2026-04-29T05:34:06.124Z,8 am–5 pm,8 am–5 pm,8 am–5 pm,Closed,Closed,8 am–5 pm,8 am–5 pm,,,,
https://www.google.com/maps/place/A+Sharper+Image+Complete+Home+Care+Inc./data=!4m7!3m6!1s0x8ac9c16b81e031db:0xa7bca07dcadaffd8!8m2!3d36.095535!4d-79.8143016!16s%2Fg%2F11lyz55sss!19sChIJ2zHggWvByYoR2P_ayn2gvKc,A Sharper Image Complete Home Care Inc.,5.0,1,Landscaper,,,https://www.asharperimageinc.com/,+1 336-708-0477,Closed · Opens 7 am,https://lh3.googleusercontent.com/gps-cs-s/APNQkAFkDqpIg87Uli_FAzdnOX4CJelaLT1QPkGqjXgql1iEsPYmkuIhi5v3fOOaZlodFVGtBaqWecMNlbqfnoYWHgRAQHEM3wiuKMrMhNeMHUCY8qmp1DrY0_LL320IhxO4uXVaPx8JqBIq4WNT=w408-h306-k-no,true,"https://www.google.com/maps/search/tree+service+businesses+in+Summerfield+Greensboro+NC/@36.2087468,-79.9047583,14z",2026-04-29T05:34:11.077Z,7 am–7 pm,7 am–7 pm,7 am–7 pm,8 am–2:30 am,Closed,7:30 am–7 pm,7 am–7 pm,,,,
https://www.google.com/maps/place/LBL+Outdoor+Solutions/data=!4m7!3m6!1s0xa66095b4067177ff:0x880f6c41a9b0a09f!8m2!3d35.730983!4d-79.744128!16s%2Fg%2F11x7h0yz6z!19sChIJ_3dxBrSVYKYRn6CwqUFsD4g,LBL Outdoor Solutions,5.0,19,Landscaper,,,https://linktr.ee/LBLOutdoorSolutions,+1 336-500-5567,Closed · Opens 9 am,https://lh3.googleusercontent.com/gps-cs-s/APNQkAGan0YVp3-ij3tYAG4gtjP-MXZR9NMnjE49Zjhddz3nARX6ClU9ku2gzDZdGfKkN57mk0h2Dyt9CB-5lIQhd5To3ACBd_1VTXoTI5I4uPYf0dVrr5Ur0Wbepnekyl9mtje540mQl5qWfnmY=w408-h544-k-no,true,"https://www.google.com/maps/search/tree+service+businesses+in+Summerfield+Greensboro+NC/@36.2087468,-79.9047583,14z",2026-04-29T05:34:15.695Z,9 am–5 pm,9 am–5 pm,9 am–5 pm,Closed,Closed,9 am–5 pm,9 am–5 pm,,,,
https://www.google.com/maps/place/Creative+Garden+Spaces/data=!4m7!3m6!1s0x8852fdeb5678723d:0xa71464787995ec76!8m2!3d46.423669!4d-129.9427086!16s%2Fg%2F1thkxz84!19sChIJPXJ4Vuv9UogRduyVeXhkFKc,Creative Garden Spaces,5.0,3,Landscape designer,,,,+1 336-644-7663,,https://lh3.googleusercontent.com/gps-cs-s/APNQkAGORrSeUUbrH05aYxjTQlnD-FEZ7T-8zfxGnYNrwDCUUFd3_fyYOvF1kKzUsw80FyNJc5Ojqj25Af6yf50STfl7nYPOw1zMnx-qBhRJWixUCqKjwLHmcBX9_itNYktQu0gHfXfoww=w408-h306-k-no,true,"https://www.google.com/maps/search/tree+service+businesses+in+Summerfield+Greensboro+NC/@36.2087468,-79.9047583,14z",2026-04-29T05:34:18.228Z,,,,,,,,,,,
https://www.google.com/maps/place/Wolfe+Forestry+Mulching/data=!4m7!3m6!1s0x8852e5e2f5c4f63b:0xfde0eb2c87e9c0f0!8m2!3d36.1597231!4d-79.8414545!16s%2Fg%2F11f5q99jjv!19sChIJO_bE9eLlUogR8MDphyzr4P0,Wolfe Forestry Mulching,4.8,30,Forestry service,,,https://wolfemulching.com/,+1 336-541-5055,Closed · Opens 8 am,https://lh3.googleusercontent.com/gps-cs-s/APNQkAGID-PmDCtJag8OYTnRIO8oQWcd_L_jl9Md4mqCFdijAAu4bZu_TeVR2OAnvn8M2LBun7J0cJrzISRTYJmgb7TwCB1rcxJCQ-FxOylxjWGGZA0GnhlGdWmhMjb7XsUo5UmNj0s2=w408-h306-k-no,true,"https://www.google.com/maps/search/tree+service+businesses+in+Summerfield+Greensboro+NC/@36.2087468,-79.9047583,14z",2026-04-29T05:34:23.056Z,8 am–5 pm,8 am–5 pm,8 am–5 pm,Closed,Closed,8 am–5 pm,8 am–5 pm,LGBTQ+ friendly,,,
https://www.google.com/maps/place/Fred+%26+Dot+Wagoner+Christmas+Trees/data=!4m7!3m6!1s0x88531ea0c4616b23:0xf9cf94158666b3a2!8m2!3d36.0907455!4d-79.8122554!16s%2Fg%2F1ptyy2fqc!19sChIJI2thxKAeU4gRorNmhhWUz_k,Fred & Dot Wagoner Christmas Trees,4.0,27,Christmas tree farm,"1703 Battleground Ave, Greensboro, NC 27408, United States","35RQ+73 Greensboro, North Carolina, USA",http://www.fredanddotwagonerchristmastrees.com/,+1 336-288-4536,Closed · Opens 1 pm,https://lh3.googleusercontent.com/gps-cs-s/APNQkAE7-Rk_Gr-nhobdPiBGjlgwSriul7ma_RF96RJ-5i87Rz1ROcutsBFgeVdZji5063Hfa6eLV5iyKr0oTE8p7gjOPValhEs7q177J4c2C-NPVuHtwzcbQr4nSAM7b2LSrDIUAN-W=w408-h883-k-no,true,"https://www.google.com/maps/search/tree+service+businesses+in+Summerfield+Greensboro+NC/@36.2087468,-79.9047583,14z",2026-04-29T05:34:27.812Z,1–8 pm,1–8 pm,1–8 pm,1–8 pm,1–8 pm,1–8 pm,1–8 pm,,,,
https://www.google.com/maps/place/Mabe%27s+Tree+Service/data=!4m7!3m6!1s0x88530b4e03c22fad:0xbd80c8eb38c5b8f6!8m2!3d35.8863898!4d-80.071048!16s%2Fg%2F11h9l89x7h!19sChIJrS_CA04LU4gR9rjFOOvIgL0,Mabe's Tree Service,4.8,65,Tree service,"808 Trinity St, Thomasville, NC 27360, United States","VWPH+HH Thomasville, North Carolina, USA",https://www.mabestreeservicenc.com/,+1 336-223-5546,Open 24 hours,https://lh3.googleusercontent.com/gps-cs-s/APNQkAEKsNUOjhcP8HnzPj8w6a1mSzSz0_aE6MqtoZE7v6_U3JBqMcjz5RCvdAaDqcNi_grLF9pYIE4Xo0pmMQfp3jl2-Slme5pFo8ofAOP8u9iF4HR_i5x2OVR63pVsXP78MeXvioi_=w426-h240-k-no,true,"https://www.google.com/maps/search/tree+service+businesses+in+Summerfield+Greensboro+NC/@36.2087468,-79.9047583,14z",2026-04-29T05:34:32.736Z,Open 24 hours,Open 24 hours,Open 24 hours,Open 24 hours,Open 24 hours,Open 24 hours,Open 24 hours,,,,
https://www.google.com/maps/place/Beyond+The+Leaf+Tree+%26+Stump+Removal/data=!4m7!3m6!1s0x88530f87cef33e6f:0x191bc4923f3b2201!8m2!3d40.141348!4d-77.0291916!16s%2Fg%2F11fv6sks9q!19sChIJbz7zzocPU4gRASI7P5LEGxk,Beyond The Leaf Tree & Stump Removal,5.0,9,Tree service,,,,+1 336-888-9745,Closed · Opens 7 am,https://lh3.googleusercontent.com/gps-cs-s/APNQkAFLXYNA3vduhZYXGlxPfUMJk-DSuNCNP8ncopL6x92ZmziHrp_I-OC3PNFgWnxGnWOjpVkZM3PO-Dy2k8C57OhKJxHR8flqKMgxHWhc-ITr3nn5dupAkjRIAHN60JAaX55snvbs=w426-h240-k-no,true,"https://www.google.com/maps/search/tree+service+businesses+in+Summerfield+Greensboro+NC/@36.2087468,-79.9047583,14z",2026-04-29T05:34:37.622Z,7 am–9 pm,7 am–9 pm,7 am–9 pm,7 am–9 pm,Closed,7 am–9 pm,7 am–9 pm,,,,
https://www.google.com/maps/place/God%27s+Way+Tree+Service/data=!4m7!3m6!1s0x8853056e4a1a56a9:0x878015fdac7f85a1!8m2!3d35.999729!4d-79.927987!16s%2Fg%2F11dyzh1gll!19sChIJqVYaSm4FU4gRoYV_rP0VgIc,God's Way Tree Service,4.2,5,Tree service,,,,+1 336-558-7814,Closed · Opens 8 am,https://lh3.googleusercontent.com/gps-cs-s/APNQkAElCDvQcaedGo7jq7hhSm7PXrun4nkWGNKZuv_PzJQj1Qo9Uu1Vx7Ex3xtWA63GIl_rdGBdAW98VOsHuFSSx1bDPU_HtOVTLajwa4yfqREQSNml9_v3K2-l59FJ_FuSm4l986hEHQ=w408-h544-k-no,true,"https://www.google.com/maps/search/tree+service+businesses+in+Summerfield+Greensboro+NC/@36.2087468,-79.9047583,14z",2026-04-29T05:34:42.224Z,8 am–5 pm,8 am–5 pm,8 am–5 pm,Closed,Closed,8 am–5 pm,8 am–5 pm,,,,
https://www.google.com/maps/place/Earth+Stone+Services/data=!4m7!3m6!1s0x88531f3373a622cb:0x7900566870621312!8m2!3d36.0870604!4d-79.7691551!16s%2Fg%2F11fy4nk0zg!19sChIJyyKmczMfU4gREhNicGhWAHk,Earth Stone Services,4.9,85,Landscaper,"1040 E Lindsay St, Greensboro, NC 27405, United States","36PJ+R8 Greensboro, North Carolina, USA",https://www.earthstoneservices.com/,+1 336-501-5038,Closed · Opens 8 am,https://lh3.googleusercontent.com/gps-cs-s/APNQkAHQZS2C1wHY1yEFM8ZtKFLGXLQds2gHYmbNU-9U7AVE_6dtQQUUq9fkGcTusB1mdeK1KtBGEQT2slZ9xBSf7K8Uximv9oN_UlqEprY6FLtwlAX8V6S0FEWlhielRlC0IdsdWMRTTFK4AYCL=w408-h544-k-no,true,"https://www.google.com/maps/search/tree+service+businesses+in+Summerfield+Greensboro+NC/@36.2087468,-79.9047583,14z",2026-04-29T05:34:47.066Z,8 am–5 pm,8 am–5 pm,8 am–5 pm,8 am–5 pm,Closed,8 am–5 pm,8 am–5 pm,Identifies as Latino-owned,,,
https://www.google.com/maps/place/Judah%E2%80%99s+Tree+Service/data=!4m7!3m6!1s0x2e90775fb0c9e51:0xca274a0419e1b1e0!8m2!3d35.1705075!4d-79.86097!16s%2Fg%2F11kj19p8cx!19sChIJUZ4M-3UH6QIR4LHhGQRKJ8o,Judah’s Tree Service,5.0,7,Tree service,,,https://www.judahstreeservice.com/,+1 336-618-7747,Open 24 hours,https://lh3.googleusercontent.com/gps-cs-s/APNQkAHoQnB15A2taTWoZVQqVPXD7cP_-cb7s78JOC0aft86pqB4e76jeVTsQu8PGlaND3CV0njxOcRvJsGNWgbfjUYrZPPDjf6H_r4n177q1Kf5i0QIFnEkX9LRRnn8knjJPL9ozRgA=w408-h408-k-no,true,"https://www.google.com/maps/search/tree+service+businesses+in+Summerfield+Greensboro+NC/@36.2087468,-79.9047583,14z",2026-04-29T05:34:51.930Z,Open 24 hours,Open 24 hours,Open 24 hours,Open 24 hours,Open 24 hours,Open 24 hours,Open 24 hours,,,,
https://www.google.com/maps/place/Green+Shark+Lawn+Care/data=!4m7!3m6!1s0x88531f7726ff9421:0x8569eac3115d0155!8m2!3d36.2212734!4d-79.743462!16s%2Fg%2F11g_rzyxf!19sChIJIZT_JncfU4gRVQFdEcPqaYU,Green Shark Lawn Care,4.3,6,Lawn care service,,,http://greensharklc.com/,+1 336-965-2577,Closed · Opens 7 am,https://lh3.googleusercontent.com/gps-cs-s/APNQkAG2V9MQwYUeukgDF8kFDclfYqBtQ9Esl2UJsfa6W9g7xrgmFGPE6ebM6bZ-bee8rKeGCaGHHrnnBXfzxN0JIHs83qCDDNLgEzhm62TDzHgw_INXbpWZOwmrD2Kn1QIO6fu0QA=w408-h306-k-no,true,"https://www.google.com/maps/search/tree+service+businesses+in+Summerfield+Greensboro+NC/@36.2087468,-79.9047583,14z",2026-04-29T05:34:56.714Z,7 am–7 pm,7 am–7 pm,7 am–7 pm,7 am–12 pm,Closed,7 am–7 pm,7 am–7 pm,,,,
https://www.google.com/maps/place/Sage+Green+Lawn+Care/data=!4m7!3m6!1s0x8e34c0155c798d93:0xa78a615710539c8c!8m2!3d36.1164504!4d-79.881846!16s%2Fg%2F11s9ybycwy!19sChIJk415XBXANI4RjJxTEFdhiqc,Sage Green Lawn Care,5.0,11,Landscaper,,,http://sagegreenlawncare.com/,+1 336-392-2926,Closed · Opens 7 am,https://lh3.googleusercontent.com/gps-cs-s/APNQkAEL6p0I3Hj61WLDF2A8qUYWxr7dGeyQ7oFX6krvFI9_no5xyYcY7w7cs_6CekEiOgE5hF_PPjdbE2-rfAXPhKmUz83hRPx2lGLYHrATLBJqDaMa8aKo0TAnblks7omveEwU8K2F=w408-h306-k-no,true,"https://www.google.com/maps/search/tree+service+businesses+in+Summerfield+Greensboro+NC/@36.2087468,-79.9047583,14z",2026-04-29T05:35:01.396Z,7 am–8 pm,7 am–8 pm,7 am–8 pm,7 am–8 pm,7 am–8 pm,7 am–8 pm,7 am–8 pm,,,,
https://www.google.com/maps/place/Piedmont+Timber+-+Full+Service+Timber+Company/data=!4m7!3m6!1s0x8853192b732583eb:0xc31e11a0b5c8a284!8m2!3d36.0843159!4d-79.7890422!16s%2Fg%2F1thghr19!19sChIJ64MlcysZU4gRhKLItaARHsM,Piedmont Timber - Full Service Timber Company,4.0,8,Forestry service,"826 N Elm St, Greensboro, NC 27401, United States","36M6+P9 Greensboro, North Carolina, USA",http://www.piedmonttimber.com/,+1 336-272-9221,Closed · Opens 9 am,https://streetviewpixels-pa.googleapis.com/v1/thumbnail?panoid=upl_TZvvP0u6nayFvpw9WQ&cb_client=search.gws-prod.gps&w=408&h=240&yaw=106.95282&pitch=0&thumbfov=100,true,"https://www.google.com/maps/search/tree+service+businesses+in+Summerfield+Greensboro+NC/@36.2087468,-79.9047583,14z",2026-04-29T05:35:06.100Z,9 am–4 pm,9 am–4 pm,9 am–12 pm,Closed,Closed,9 am–4 pm,9 am–4 pm,,,,
https://www.google.com/maps/place/God%27s+Way+Tree+Service/data=!4m7!3m6!1s0x88531f602926aaab:0x704f80217a52f92f!8m2!3d36.1060455!4d-79.7402678!16s%2Fg%2F11qqv36vd1!19sChIJq6omKWAfU4gRL_lSeiGAT3A,God's Way Tree Service,,,Tree service,"1706 Woodridge Ave, Greensboro, NC 27405, United States","4745+CV Greensboro, North Carolina, USA",https://www.godswaytreeservice.com/,+1 336-558-7814,Closed · Opens 7 am,https://streetviewpixels-pa.googleapis.com/v1/thumbnail?panoid=pgep0oTyl6ZUe0jAmGPUSQ&cb_client=search.gws-prod.gps&w=408&h=240&yaw=101.11086&pitch=0&thumbfov=100,false,"https://www.google.com/maps/search/tree+service+businesses+in+Summerfield+Greensboro+NC/@36.2087468,-79.9047583,14z",2026-04-29T05:35:10.809Z,7 am–7 pm,7 am–7 pm,7 am–7 pm,Closed,Closed,7 am–7 pm,7 am–7 pm,,,,
https://www.google.com/maps/place/Bur-Mil+Park/data=!4m7!3m6!1s0x88531d757e4ee4c7:0xbd638c69b42ef109!8m2!3d36.1676538!4d-79.8693332!16s%2Fm%2F0jytb6p!19sChIJx-ROfnUdU4gRCfEutGmMY70,Bur-Mil Park,4.6,1270,Park,"5834 Bur-Mill Club Rd, Greensboro, NC 27410, United States","549J+37 Greensboro, North Carolina, USA",https://www.guilfordcountync.gov/our-county/county-parks,+1 336-641-2020,Closed · Opens 8 am,https://lh3.googleusercontent.com/gps-cs-s/APNQkAG1snPKWztgkDbWCpJMlTcgnD9U4CYeltiMxR5TZcpxWiuAVyZSCg3yLd0VqNKVvjE6Z-qwAmMdp7Pza4omE37S3ox4RoUHZVKSCdWq7GNQSpv0Uqf6mjQ0ab2S16nYb8FeapSr2w=w408-h306-k-no,true,"https://www.google.com/maps/search/tree+service+businesses+in+Summerfield+Greensboro+NC/@36.2087468,-79.9047583,14z",2026-04-29T05:35:15.890Z,8 am–8 pm,8 am–8 pm,8 am–8 pm,8 am–8 pm,8 am–8 pm,8 am–8 pm,8 am–8 pm,,"Outdoor destination features golf, a pool, tennis, trails for hiking & biking in 250 leafy acres. · Dogs allowed",,
https://www.google.com/maps/place/Carter%27s+Tree+%26+Stump/data=!4m7!3m6!1s0x885311e2d9e8da91:0x4f6c60e77ec3336!8m2!3d36.03034!4d-79.8790197!16s%2Fg%2F11h1hp7c8m!19sChIJkdro2eIRU4gRNjPsdw7G9gQ,Carter's Tree & Stump,5.0,14,Tree service,,,http://www.carterstreeandstump.com/,+1 336-442-1727,Closed · Opens 7 am,https://lh3.googleusercontent.com/gps-cs-s/APNQkAELIWfgLzW0MZmHMGRH2T1FVKfK_z7zhUwW2Z8phFxLYB0UIuadvkGLUdA9JJqIgyDFBPln0Bku9aWWwPQ9enKhHxMvo3dgqsbmlLoEmXX6OD3ShIV3A7Arf85MBZ1QOA_FqL0Ufw=w408-h320-k-no,true,"https://www.google.com/maps/search/tree+service+businesses+in+Summerfield+Greensboro+NC/@36.2087468,-79.9047583,14z",2026-04-29T05:35:20.778Z,7 am–7 pm,7 am–7 pm,7 am–7 pm,7 am–12 pm,Closed,7 am–7 pm,7 am–7 pm,,,,
https://www.google.com/maps/place/RestorePro+Reconstruction+Inc./data=!4m7!3m6!1s0x88531bd53a3d73f7:0x2e07894c2398ccc6!8m2!3d36.0616419!4d-79.8621503!16s%2Fg%2F11ll9cxntg!19sChIJ93M9OtUbU4gRxsyYI0yJBy4,RestorePro Reconstruction Inc.,4.9,224,Water damage restoration service,"3408 W Wendover Ave A, Greensboro, NC 27407, United States","346Q+M4 Greensboro, North Carolina, USA",https://fleetdamagerestoration.com/restorepro/locations/nc/restorepro-damage-restoration-of-greensboro/?utm_campaign=gmb,+1 336-600-4343,Open 24 hours,https://lh3.googleusercontent.com/gps-cs-s/APNQkAEnYnr2CmDJ4oF6FVf0cpBgJwv8w6bDAfpDd4nM-KWLHkjjv9xgNi8M6v3YYspwwHQAsnGSdVvlRObCOn5EovsGA0n4_i-XaWHO7TBzo0QVfwIRpEUOSTpOAMUdg7KFGBwP0siPcc1WMX4D=w408-h306-k-no,true,"https://www.google.com/maps/search/tree+service+businesses+in+Summerfield+Greensboro+NC/@36.2087468,-79.9047583,14z",2026-04-29T05:35:25.534Z,Open 24 hours,Open 24 hours,Open 24 hours,Open 24 hours,Open 24 hours,Open 24 hours,Open 24 hours,,,,
https://www.google.com/maps/place/Eminent+Tree+Care+LLC/data=!4m7!3m6!1s0x885329de5a3b6055:0xda22db306cddc997!8m2!3d36.095535!4d-79.6724508!16s%2Fg%2F11j8_rc4b6!19sChIJVWA7Wt4pU4gRl8ndbDDbIto,Eminent Tree Care LLC,5.0,18,Tree service,,,https://eminenttree15.wixsite.com/eminenttreecare,+1 336-675-1582,Open 24 hours,https://lh3.googleusercontent.com/gps-cs-s/APNQkAHe7311L7xcAN6_qpU04pCTDNwoxaabyJq5IDA2dNzkUrrNYY8kJSOWtE5j0u7XgAphZJKCnudPwQOKI-Nny98Pgfho16pssAlcNxI9it6Pvh2eSSN9PoiUbNbVZOBIfFprPv2u=w426-h240-k-no,true,"https://www.google.com/maps/search/tree+service+businesses+in+Summerfield+Greensboro+NC/@36.2087468,-79.9047583,14z",2026-04-29T05:35:30.160Z,Open 24 hours,Open 24 hours,Open 24 hours,Open 24 hours,Open 24 hours,Open 24 hours,Open 24 hours,,,,
https://www.google.com/maps/place/Brown%27s+Arbor+Care/data=!4m7!3m6!1s0x89ad3a994890e5c5:0xb089df8fe86f42aa!8m2!3d36.3172468!4d-79.1937107!16s%2Fg%2F11cjp9q9gq!19sChIJxeWQSJk6rYkRqkJv6I_fibA,Brown's Arbor Care,5.0,25,Tree service,"3161 John Oakley Rd, Prospect Hill, NC 27314, United States","8R84+VG Prospect Hill, North Carolina, USA",http://brownsarborcare.com/,+1 336-525-1209,Closed · Opens 8 am,https://lh3.googleusercontent.com/gps-cs-s/APNQkAFM9sml_qgDi7VoGfuigf9K1n7EKh6m_DEBSOoFXZFT4X3riasM0XfWYWL3HLGScOnGJTRSf2PY_cnP_D9wT8vsa4jb07HdzVnXF-kXs4a6xSNkWNyIQZwofDGCYywc4OBbyzlma7WpnRdt=w408-h306-k-no,true,"https://www.google.com/maps/search/tree+service+businesses+in+Summerfield+Greensboro+NC/@36.2087468,-79.9047583,14z",2026-04-29T05:35:35.056Z,8 am–5 pm,8 am–5 pm,8 am–5 pm,Closed,Closed,8 am–5 pm,8 am–5 pm,,,,
https://www.google.com/maps/place/Greensboro+Arboretum/data=!4m7!3m6!1s0x88531be813fcd9a7:0x7c277e25e9a05fdf!8m2!3d36.0731652!4d-79.8375635!16zL20vMGQyM3Zs!19sChIJp9n8E-gbU4gR31-g6SV-J3w,Greensboro Arboretum,4.8,2199,Botanical garden,"3299 Starmount Dr, Greensboro, NC 27403, United States","35F6+7X Greensboro, North Carolina, USA",http://greensborobeautiful.org/gardens/greensboro_arboretum.php,+1 336-373-4334,,https://lh3.googleusercontent.com/gps-cs-s/APNQkAHu7QVx0wRnC1ASVz6GgeKXPWLM9TPxDYGk1ns_uBQtfDBFUNmisfJ3DEVIzPIfZa2Ncff7AbiCeBpKmHrPzLVXtjG2wUg_BAZJvO3C14GtD8d1IPnIP8uCoWIqS2P_HYpYQ5_H=w426-h240-k-no,true,"https://www.google.com/maps/search/tree+service+businesses+in+Summerfield+Greensboro+NC/@36.2087468,-79.9047583,14z",2026-04-29T05:35:38.057Z,,,,,,,,,14 separate plant collections are found in this 17-acre education-oriented display garden.,,
https://www.google.com/maps/place/Worsham+Landscaping/data=!4m7!3m6!1s0x88531e952ab4d6d1:0x382f616b9355d446!8m2!3d36.0281629!4d-79.87664!16s%2Fg%2F11b5ytpyzc!19sChIJ0da0KpUeU4gRRtRVk2thLzg,Worsham Landscaping,5.0,4,Landscaper,,,,+1 336-772-6636,Closed · Opens 8 am,https://lh3.googleusercontent.com/gps-cs-s/APNQkAHZR2-7ItjzPDKh6fH2sxzxbsQzvxLdY04q0hLPrQlHrV0-MXtQf6PCH0-ILwziv62kGWxS4l1SRjjwkz3YyOmEGmeKr6c0sGZXmpBjb_YkusJ2rsW4DKyQnR7OjjXq73ew1dDupw=w408-h408-k-no,true,"https://www.google.com/maps/search/tree+service+businesses+in+Summerfield+Greensboro+NC/@36.2087468,-79.9047583,14z",2026-04-29T05:35:42.878Z,8 am–5 pm,8 am–5 pm,8 am–5 pm,9 am–2 pm,Closed,8 am–5 pm,8 am–5 pm,,,,
"https://www.google.com/maps/place/Pine+Needle+Operating+Co+LLC/@36.213768,-79.9685897,17z/data=!3m1!4b1!4m6!3m5!1s0x8852fda3e4bc51eb:0x7c0ce9ee2bb4f19b!8m2!3d36.213768!4d-79.9685897!16s%2Fg%2F1tnssml9",Pine Needle Operating Co LLC,4.7,3,Gas company,"8001 Haw River Rd, Stokesdale, NC 27357, United States","627J+GH Stokesdale, North Carolina, USA",,+1 336-643-2190,,,false,"https://www.google.com/maps/search/tree+service+businesses+in+Summerfield+Greensboro+NC/@36.2087468,-79.9047583,14z",2026-04-29T05:35:47.570Z,,,,,,,,,,,
https://www.google.com/maps/place/B+%26+R+Tree+Services+Mobile/data=!4m7!3m6!1s0x88530e4e7ebc65cb:0x4119f48183a3dd9b!8m2!3d35.9653853!4d-79.9503138!16s%2Fg%2F1w4f8t8r!19sChIJy2W8fk4OU4gRm92jg4H0GUE,B & R Tree Services Mobile,4.4,30,Tree service,"3116 Wayne Ave, High Point, NC 27260, United States","X28X+5V High Point, North Carolina, USA",https://www.treeservicegreensboro.net/,+1 336-847-8276,,https://lh3.googleusercontent.com/gps-cs-s/APNQkAFLsjJzzX4sTWAPx7Jj77Pthkobd1s7cgtlg1TTzi6-8IvYZFWC6ZbDZ5vnTFn1isImCqvVKPg87ITVQg_KmO0xPW11qp4xwmHaSMadx4j2ams3LnVsKquSP3_xuylHI-geP9yw=w408-h306-k-no,false,"https://www.google.com/maps/search/tree+service+businesses+in+Jamestown+Greensboro+NC/@35.9943032,-79.9353141,14z",2026-04-29T05:36:06.014Z,,,,,,,,,,,
"https://www.google.com/maps/place/Lee%27s+Tree+Services,+NC/data=!4m7!3m6!1s0x88530962e107f8db:0xb161f0c94b7a75a3!8m2!3d35.9677796!4d-80.0141052!16s%2Fg%2F11tryhkn7d!19sChIJ2_gH4WIJU4gRo3V6S8nwYbE","Lee's Tree Services, NC",4.9,248,Tree service,"Pkwy Ave E, High Point, NC 27262, United States","XX9P+49 High Point, North Carolina, USA",http://www.leestreeservicesnc.com/,+1 336-687-2934,Open 24 hours,https://lh3.googleusercontent.com/gps-cs-s/APNQkAHNzO5tAzzpmMfzIbpD4gGgGz-FhhYO6UMJ_hbBx6gsTl4lJ2ZTqGyGUx8j1RXE7R1DNgkH5F7devU5BtypiigTBg0V25kiT8zXGlQ0KTJ37ymblVKHINogsk1ZibCHLTsgbK1d=w426-h240-k-no,true,"https://www.google.com/maps/search/tree+service+businesses+in+Jamestown+Greensboro+NC/@35.9943032,-79.9353141,14z",2026-04-29T05:36:10.813Z,Open 24 hours,Open 24 hours,Open 24 hours,Open 24 hours,Open 24 hours,Open 24 hours,Open 24 hours,,,,
https://www.google.com/maps/place/Green+Oak+Tree+Experts/data=!4m7!3m6!1s0x87129555ad59547d:0x4e6e0cd8f027a25c!8m2!3d36.020761!4d-80.039979!16s%2Fg%2F11yck7hsj8!19sChIJfVRZrVWVEocRXKIn8NgMbk4,Green Oak Tree Experts,5.0,159,Tree service,"114 Buena Vista Ave, High Point, NC 27265, United States","2XC6+82 High Point, North Carolina, USA",http://greenoaktreeexperts.com/,+1 336-991-3450,Open 24 hours,https://lh3.googleusercontent.com/gps-cs-s/APNQkAHSyTjPTpSAzi9Y_acooe38wCrBmnDvZ6VD-94pwrpBINhxDK74yvHvKLNGSKeyMrpKNhTXR5anHZ1Bo-8Fd2zWcbC_vMmVWf8_7bVhvNcXybEXAJNm1H9rg6Hv8VGbacjMDXPsHS6-ES3d=w408-h272-k-no,true,"https://www.google.com/maps/search/tree+service+businesses+in+Jamestown+Greensboro+NC/@35.9943032,-79.9353141,14z",2026-04-29T05:36:15.807Z,Open 24 hours,Open 24 hours,Open 24 hours,Open 24 hours,Open 24 hours,Open 24 hours,Open 24 hours,,,,
https://www.google.com/maps/place/Sedgefield+Lawn+%26+Landscape+Supply/data=!4m7!3m6!1s0x88531b564944d04d:0xca345ed129e5f76d!8m2!3d36.0163397!4d-79.9019307!16s%2Fg%2F11mjftd7jz!19sChIJTdBESVYbU4gRbfflKdFeNMo,Sedgefield Lawn & Landscape Supply,4.9,18,Landscaping supply store,"5111 Mackay Rd, Jamestown, NC 27282, United States","238X+G6 Jamestown, North Carolina, USA",http://www.sedgefieldlandscapesupply.com/?utm_source=local&utm_medium=organic&utm_campaign=googlemybusiness,+1 336-933-6512,"Closed · Opens 7:30 am

Confirmed by this business 7 weeks ago",https://lh3.googleusercontent.com/gps-cs-s/APNQkAFRy5AOXE6A9DETwhT8P47IG36sFG_-oLo3pzLuV1Yh-nkbYKe4JzFdurNTtYPUDcbPm3D8C4tzppjx7BJ42kLANpvk1SleTCOtVYFFzkXHv524g_Goa41urnJbjkJaKm7Eizfagn61uoY=w408-h306-k-no,true,"https://www.google.com/maps/search/tree+service+businesses+in+Jamestown+Greensboro+NC/@35.9943032,-79.9353141,14z",2026-04-29T05:36:20.656Z,7:30 am–5 pm,7:30 am–5 pm,7:30 am–5 pm,7:30 am–12 pm,Closed,7:30 am–5 pm,7:30 am–5 pm,Identifies as women-owned,· In-store shopping · In-store pick-up · Delivery,,
"https://www.google.com/maps/place/Sedgefield+Outdoor+Equipment,+Inc./data=!4m7!3m6!1s0x88531aa38d43f0a7:0xdfa62f669a16ffb0!8m2!3d36.0168054!4d-79.9018481!16s%2Fg%2F1wbryh0d!19sChIJp_BDjaMaU4gRsP8WmmYvpt8","Sedgefield Outdoor Equipment, Inc.",4.6,123,Lawn mower store,"5111 Mackay Rd, Jamestown, NC 27282, United States","238X+P7 Jamestown, North Carolina, USA",http://www.sedgefieldoutdoor.com/,+1 336-854-5511,"Closed · Opens 7:30 am

Updated by this business 6 weeks ago",https://lh3.googleusercontent.com/gps-cs-s/APNQkAHDo1lq5JHCZgqjBV1BtJ0rkYbGvZ5NSGdoUVLlxGKUyeuddqqm5ZJPEDhZ6LEhdOrH5izgr6GNyEyIiuacIUD3H-Z1YolbQhyx5zxPR_h7MWA0e--rh_ejwF6eCBhcm2a5Chuu=w408-h306-k-no,true,"https://www.google.com/maps/search/tree+service+businesses+in+Jamestown+Greensboro+NC/@35.9943032,-79.9353141,14z",2026-04-29T05:36:25.418Z,7:30 am–5 pm,7:30 am–5 pm,7:30 am–5 pm,8 am–12 pm,Closed,7:30 am–5 pm,7:30 am–5 pm,,· In-store shopping · Kerbside pickup · Delivery,,
https://www.google.com/maps/place/Beaver+Outdoor+Solutions+LLC/data=!4m7!3m6!1s0x88530540a9343099:0x51ed09a43a096cee!8m2!3d35.9622264!4d-79.8979417!16s%2Fg%2F11h4tr7m9x!19sChIJmTA0qUAFU4gR7mwJOqQJ7VE,Beaver Outdoor Solutions LLC,4.7,63,Landscaper,"4520 Vickery Chapel Rd, Jamestown, NC 27282, United States","X462+VR Jamestown, North Carolina, USA",http://www.beaveroutdoorsolutions.com/,+1 336-414-3652,Closed · Opens 8 am,https://lh3.googleusercontent.com/gps-cs-s/APNQkAHcxO-RDMF0ZrnznHxzTHSeHc-Em0uSo-pcCl0p90OYXsWZ4KvkdyxZrLIaXOgdL8DxXlZREBrTIBziCJYQ7_nVE52-6dKv1bmoVQBbeWZwN8jp1sjSS_GvutJ6ADXIbTLGD-xXJA=w408-h306-k-no,false,"https://www.google.com/maps/search/tree+service+businesses+in+Jamestown+Greensboro+NC/@35.9943032,-79.9353141,14z",2026-04-29T05:36:30.370Z,8 am–5 pm,8 am–5 pm,8 am–5 pm,Closed,Closed,8 am–5 pm,8 am–5 pm,,,,
https://www.google.com/maps/place/Furman+Landscaping/data=!4m7!3m6!1s0x2ef870acbe3d4cf5:0x7872bc588d7b89b3!8m2!3d36.0138822!4d-79.9053844!16s%2Fg%2F11x31t8dw2!19sChIJ9Uw9vqxw-C4Rs4l7jVi8cng,Furman Landscaping,5.0,20,Landscaper,"5508 Westerborne Dr, Greensboro, NC 27407, United States","237V+HR Greensboro, North Carolina, USA",https://www.furmanlandscaping.com/,+1 336-340-5403,Closed · Opens 8 am,https://lh3.googleusercontent.com/gps-cs-s/APNQkAHRFQtbH8TKdc2nq0eIECQpcaNdCv6h_FdPpA6fX_OwLSfFPtvuiHLjWEeO45lp4EU_HL-aPRsG3SddsxcF-aWpH0lGBI1zbCQxShjcSUis3dTFUJBhVi8Tv1mRPCwHk-yV7ykbsFvwEvRr=w408-h307-k-no,true,"https://www.google.com/maps/search/tree+service+businesses+in+Jamestown+Greensboro+NC/@35.9943032,-79.9353141,14z",2026-04-29T05:36:35.191Z,8 am–9 pm,8 am–9 pm,8 am–9 pm,9 am–6 pm,12–6 pm,8 am–9 pm,8 am–9 pm,,,,
https://www.google.com/maps/place/Quality+landscaping+%26+Facility+Services+LLC/data=!4m7!3m6!1s0xa4fe8d7dcdbdbf17:0x7cea9bc441333335!8m2!3d36.06521!4d-79.8790197!16s%2Fg%2F11rzqgjwfk!19sChIJF7-9zX2N_qQRNTMzQcSb6nw,Quality landscaping & Facility Services LLC,5.0,20,Landscaper,,,https://qualitylandscaping34.wixsite.com/qualitylandscapingho,+1 336-906-4785,Closed · Opens 6 am,https://lh3.googleusercontent.com/gps-cs-s/APNQkAEFHpO023iChTpMQznluugd1qmbKvyun8X4YiBja_1Q6OerSuOzTwa9nkNqllkfPXk7TiDetWsVSkIYtdfRlnz6NRmHf9rF-_LEVrlMblEvGS_HT0Yq5pOYfAZAXnp8yf2OQrJS=w408-h306-k-no,true,"https://www.google.com/maps/search/tree+service+businesses+in+Jamestown+Greensboro+NC/@35.9943032,-79.9353141,14z",2026-04-29T05:36:39.860Z,6 am–8 pm,6 am–8 pm,6 am–8 pm,6 am–8 pm,Closed,6 am–8 pm,6 am–8 pm,,,,
https://www.google.com/maps/place/My+Tractor+Guy+Grading+%26+Excavation/data=!4m7!3m6!1s0x88530f072bd0577f:0x789105427d3f390a!8m2!3d35.9704996!4d-79.9286779!16s%2Fg%2F11fv4f955m!19sChIJf1fQKwcPU4gRCjk_fUIFkXg,My Tractor Guy Grading & Excavation,5.0,23,Excavating contractor,"5054 Harvey Rd, Jamestown, NC 27282, United States","X3CC+5G Jamestown, North Carolina, USA",https://www.mytractorguy.com/,+1 336-446-9405,"Closed · Opens 7 am

Updated by this business 3 weeks ago",https://lh3.googleusercontent.com/gps-cs-s/APNQkAGlEC9TbGozbLRW-3jOHFihuv1HF4Bt2adpxHTICfxE6MYZxL-Ih-Hxypq5EgmImdfJ6bpnM7PEgg7yC6i8yTQMFbrIRfJ2l8w2Zg8YMlGu2yu0DRRNyfDRIOIG16tJ6Fm1bKJY=w426-h240-k-no,true,"https://www.google.com/maps/search/tree+service+businesses+in+Jamestown+Greensboro+NC/@35.9943032,-79.9353141,14z",2026-04-29T05:36:44.763Z,7 am–5:30 pm,7 am–5:30 pm,7 am–5:30 pm,Closed,Closed,7 am–5:30 pm,7 am–5:30 pm,LGBTQ+ friendly,,,
https://www.google.com/maps/place/Evergreen+Tree+Service+LLC/data=!4m7!3m6!1s0xaf0c238f50cd977b:0x10329974b2a6cd5a!8m2!3d36.0299675!4d-79.8270371!16s%2Fg%2F11xd1_385t!19sChIJe5fNUI8jDK8RWs2msnSZMhA,Evergreen Tree Service LLC,5.0,9,Arborist service,"3008 Branderwood Dr, Greensboro, NC 27406, United States","25HF+X5 Greensboro, North Carolina, USA",https://ncevergreentreeservice.com/,+1 336-210-2101,Open 24 hours,https://lh3.googleusercontent.com/gps-cs-s/APNQkAEhvdiTMlAX-xwPk5yS4fLJQOiMM779oguZ-i-SSOdBFPLJ6JsWJNMsLnvzHK8w6aG8tB8g32X8j0wbBOxk3NHUu-1g1IAY7bRcRqGl3s8SBS8AtOOb8EqGeb_hliffPOH5XD2Bh3hye2H7=w408-h720-k-no,true,"https://www.google.com/maps/search/tree+service+businesses+in+Jamestown+Greensboro+NC/@35.9943032,-79.9353141,14z",2026-04-29T05:36:49.688Z,Open 24 hours,Open 24 hours,Open 24 hours,Open 24 hours,Open 24 hours,Open 24 hours,Open 24 hours,,,,
https://www.google.com/maps/place/Gate+City+Foundation+Drainage/data=!4m7!3m6!1s0x885311adc40afff1:0x396d40e2ff8390fb!8m2!3d36.0231835!4d-79.874052!16s%2Fg%2F11h0zf_3hv!19sChIJ8f8KxK0RU4gR-5CD_-JAbTk,Gate City Foundation Drainage,4.6,41,Drainage service,,,https://www.gatecityfoundationdrainage.com/?utm_source=google&utm_medium=wix_google_business_profile&utm_campaign=16900628717221365591,+1 336-209-7367,Closed · Opens 9 am,https://lh3.googleusercontent.com/gps-cs-s/APNQkAEX8qW_W9DgZDwv5yuJFX8V-phIS9Ec4BcFX8sMh_YfHGzIkyHm_4s3WPhM1md6tCXMa-qCguNcSd2uElaoXFuGIhzspeznh50WUeRrtACLGzEX45dpXTdwQ6kZYZWRwcqoiLoY=w408-h544-k-no,true,"https://www.google.com/maps/search/tree+service+businesses+in+Jamestown+Greensboro+NC/@35.9943032,-79.9353141,14z",2026-04-29T05:36:54.442Z,9 am–5 pm,9 am–5 pm,9 am–5 pm,9 am–5 pm,9 am–5 pm,9 am–5 pm,9 am–5 pm,,,,
https://www.google.com/maps/place/Galloni%27s+Triad+Door+Service/data=!4m7!3m6!1s0x88530fe911645adb:0x36740e0627a50bdc!8m2!3d35.9948023!4d-79.934274!16s%2Fg%2F11hcw4p7vs!19sChIJ21pkEekPU4gR3AulJwYOdDY,Galloni's Triad Door Service,5.0,380,Garage door supplier,"101 Depot St, Jamestown, NC 27282, United States","X3V8+W7 Jamestown, North Carolina, USA",https://www.gallonistriaddoor.com/,+1 336-887-1612,Closed · Opens 8 am,https://lh3.googleusercontent.com/gps-cs-s/APNQkAGRv04LzaxIm4034Sb8-XsvlrJ9AZH6JjOFZ7n25eP0BzqPSbUn-fnLOIp3gHSxhJKAqxM4ISL4kBAKA5FNMvmEr5tEskf0sk0YPY03v4PeX8BJrrc03uSJk6Oixc2YjR52dmP4Bw=w408-h510-k-no,true,"https://www.google.com/maps/search/tree+service+businesses+in+Jamestown+Greensboro+NC/@35.9943032,-79.9353141,14z",2026-04-29T05:36:59.164Z,8 am–5 pm,8 am–5 pm,8 am–5 pm,Closed,Closed,8 am–5 pm,8 am–5 pm,,,,
https://www.google.com/maps/place/Piedmont+Tree+Services/data=!4m7!3m6!1s0x8853a540ba199cbd:0x956e34bcfb70669e!8m2!3d35.9310652!4d-80.0358544!16s%2Fg%2F11h7b3bgtz!19sChIJvZwZukClU4gRnmZw-7w0bpU,Piedmont Tree Services,4.1,33,Tree service,"1209 Elgin Ave, High Point, NC 27262, United States","WXJ7+CM High Point, North Carolina, USA",https://piedmonttreeservicellc.com/,+1 336-355-3504,Closed · Opens 6 am,https://lh3.googleusercontent.com/gps-cs-s/APNQkAFdT4wfYXmILdzxmal0gytpEtGjPLEJk555w6g9GsaqWptAgf9IclBrfx6oCAPmVi_CCB6XG7-NLC9NfSkUZU5lW2rQIfkFJXN5X1gqDgsDXsJrle4xRk3n_lGreHuaqx7FVLkJ=w426-h240-k-no,true,"https://www.google.com/maps/search/tree+service+businesses+in+Jamestown+Greensboro+NC/@35.9943032,-79.9353141,14z",2026-04-29T05:37:04.135Z,6 am–8 pm,6 am–8 pm,6 am–8 pm,6 am–8 pm,Closed,6 am–8 pm,6 am–8 pm,,,,
https://www.google.com/maps/place/A%26M+Crane+and+Rigging/data=!4m7!3m6!1s0x88530e4713ac6889:0xe5dd463e3b61d104!8m2!3d35.9554189!4d-79.9439365!16s%2Fg%2F1ts3g9kh!19sChIJiWisE0cOU4gRBNFhOz5G3eU,A&M Crane and Rigging,4.9,86,Crane service,"1212 Elon Pl, High Point, NC 27263, United States","X344+5C High Point, North Carolina, USA",https://www.amcranes.com/,+1 336-889-6000,Open 24 hours,https://lh3.googleusercontent.com/gps-cs-s/APNQkAGyDzleKIxgb1T42skWbQPpce0SMbPw8ow0Rg1jGEngbCBi4JDeEtefpVLIiG5Ou891M4gbEntMJoIpU5HTq_3xmJ3Kk1weHeuen9LwgroCqbAVY1IOjIukYKhloTSROuPiZOL0=w426-h240-k-no,true,"https://www.google.com/maps/search/tree+service+businesses+in+Jamestown+Greensboro+NC/@35.9943032,-79.9353141,14z",2026-04-29T05:37:09.040Z,Open 24 hours,Open 24 hours,Open 24 hours,Open 24 hours,Open 24 hours,Open 24 hours,Open 24 hours,,,,
https://www.google.com/maps/place/Ventura+Tree+Services+LLC/data=!4m7!3m6!1s0xa334ef8a7f6957f1:0x7920ab8b1c242016!8m2!3d35.9682876!4d-79.994653!16s%2Fg%2F11vsrwts8z!19sChIJ8Vdpf4rvNKMRFiAkHIurIHk,Ventura Tree Services LLC,4.6,16,Tree service,,,https://www.venturatreeservicenc.com/,+1 336-223-3711,Closed · Opens 8 am,https://lh3.googleusercontent.com/gps-cs-s/APNQkAEzYWSfTTpCLpAnolJqbqw3bU4AcR8i6BV6vUQo4uJEQy9sA5dYDKsNFWwnjkWasM7Jey3zXLdFj8Af-BwbvFPZl6RvIyUs95v_fnjwE7NJeA-Am1QF4_opjjbJp_XmflTfq2g1=w408-h543-k-no,true,"https://www.google.com/maps/search/tree+service+businesses+in+Jamestown+Greensboro+NC/@35.9943032,-79.9353141,14z",2026-04-29T05:37:13.745Z,8 am–5 pm,8 am–5 pm,8 am–5 pm,8 am–12 pm,Closed,8 am–5 pm,8 am–5 pm,,,,
https://www.google.com/maps/place/Johnny+on+the+spot+LLC/data=!4m7!3m6!1s0x88530fc8764587f9:0xbf22b3be3d0f7f6d!8m2!3d35.9346875!4d-79.8790197!16s%2Fg%2F11h1kdfv91!19sChIJ-YdFdsgPU4gRbX8PPb6zIr8,Johnny on the spot LLC,5.0,62,Contractor,,,,+1 336-833-7270,Closed · Opens 9 am,https://lh3.googleusercontent.com/gps-cs-s/APNQkAEjpYO5jltLnQyM4K0N3aUHyv3WoY3lqZdg4sblc0kJ2FqtpY_L1Ls2Vjfe5BLAm8kj63OdVmW36ixMN5ORPrw58k4gOVkGCgGSK40pLZCvg1j5xFdmxoKivlPCqCAdu-o_9a4xZE2qzj6g=w426-h240-k-no,true,"https://www.google.com/maps/search/tree+service+businesses+in+Jamestown+Greensboro+NC/@35.9943032,-79.9353141,14z",2026-04-29T05:37:18.745Z,9 am–5 pm,9 am–5 pm,9 am–5 pm,9 am–3 pm,Closed,9 am–5 pm,9 am–5 pm,LGBTQ+ friendly,,,
https://www.google.com/maps/place/Traynham+Farm+%26+Country/data=!4m7!3m6!1s0x893778533c1bacb7:0x7e924d09f50d31d7!8m2!3d35.7439921!4d-80.003371!16s%2Fg%2F11qbj95l3l!19sChIJt6wbPFN4N4kR1zEN9QlNkn4,Traynham Farm & Country,5.0,16,Landscaper,,,,+1 336-689-6187,Closed · Opens 7 am,https://lh3.googleusercontent.com/gps-cs-s/APNQkAGLoKsFWvdrPGXwysAu9Ib6la8N90ksTyrHmMbycdlI6XvegPQIRaFikoJRmPjutH3ZBtrLTiO03kMrd9Js4Z36cFFdrT1TCRfS-sS_EoR9nCXBCO_FxuLsZH-XnUqO_vR2cjW8=w426-h240-k-no,true,"https://www.google.com/maps/search/tree+service+businesses+in+Jamestown+Greensboro+NC/@35.9943032,-79.9353141,14z",2026-04-29T05:37:23.526Z,7 am–11 pm,7 am–11 pm,7 am–11 pm,7 am–11 pm,7 am–11 pm,7 am–11 pm,7 am–11 pm,,,,
"https://www.google.com/maps/place/TSNY+Consulting,+LLC/data=!4m7!3m6!1s0x6185342aceccb4f3:0x30c9d11189aee888!8m2!3d35.9936635!4d-79.9332832!16s%2Fg%2F11lf02vmf6!19sChIJ87TMzio0hWERiOiuiRHRyTA","TSNY Consulting, LLC",5.0,10,Notary public,"207 Oakdale Rd Suite C, Jamestown, NC 27282, United States","X3V8+FM Jamestown, North Carolina, USA",http://tnsyconsulting.com/,+1 336-491-0014,Closed · Opens 10 am,https://lh3.googleusercontent.com/gps-cs-s/APNQkAFb-izQOiho2jvFts3Zy0TQEp3g-HovtCR87eQCOY0zlOJqFn1OcedVTcQf12KUL_qFgAZDTkdWjIs6rg1v1RHee4Ca7LUNL0ipnCLT4zhP0qLaPFSoGCK7z96xafguoSpKDsSry8AHXOGo=w408-h544-k-no,true,"https://www.google.com/maps/search/tree+service+businesses+in+Jamestown+Greensboro+NC/@35.9943032,-79.9353141,14z",2026-04-29T05:37:28.235Z,10 am–6:30 pm,10 am–6:30 pm,10 am–6:30 pm,10 am–3 pm,Closed,10 am–6:30 pm,10 am–6:30 pm,LGBTQ+ friendly,,,
https://www.google.com/maps/place/Morales+Tree+Clearing+%26+Grading+LLC/data=!4m7!3m6!1s0x6e52acf52a308fed:0xd5fbbe44492c4f3c!8m2!3d36.082131!4d-79.92012!16s%2Fg%2F11vrhwz6ts!19sChIJ7Y8wKvWsUm4RPE8sSUS--9U,Morales Tree Clearing & Grading LLC,5.0,1,Landscaper,,,,+1 336-554-2997,Open 24 hours,https://lh3.googleusercontent.com/gps-cs-s/APNQkAFzitn7FAHKtJ7A-LeJsFS4NqW_1u_W2Q1rJ0E4d9g8EAHXqS65fy6ue3T6gCyxHG_K4n1uegsYwBMRSy5ZMPPZZEEFPKn28mNjY2oXSSZPCaQ1ZkxTuaRr_caUG_o8nBqLZKDYyQ=w408-h906-k-no,true,"https://www.google.com/maps/search/tree+service+businesses+in+Jamestown+Greensboro+NC/@35.9943032,-79.9353141,14z",2026-04-29T05:37:33.002Z,Open 24 hours,Open 24 hours,Open 24 hours,7 am–7 pm,7 am–7 pm,Open 24 hours,Open 24 hours,,,,
https://www.google.com/maps/place/Quality+Lawn+Care+%26+More+LLC/data=!4m7!3m6!1s0x64b9e02f32f9e827:0x428e635fca42d742!8m2!3d36.0822875!4d-79.8414545!16s%2Fg%2F11st_hlqkh!19sChIJJ-j5Mi_guWQRQtdCyl9jjkI,Quality Lawn Care & More LLC,4.7,12,Landscaper,,,https://www.facebook.com/people/Quality-Lawncare-More-LLC/100093121204443/,+1 336-341-5386,Closed · Opens 8 am,https://lh3.googleusercontent.com/gps-cs-s/APNQkAFpCBMImyrvaB6-wn6v2XkJWDyraULXjAaPoUMK6r0YxVvf8J8Ksc4GHXEkheoifMVVmE2WoL0jhOgVT3qMnNkDY4baTW4u_PMgL8Sd9lbfjSoLGZ_gsAoO8klrd3qNRorIoxNuSpx8Ki5M=w408-h306-k-no,true,"https://www.google.com/maps/search/tree+service+businesses+in+Jamestown+Greensboro+NC/@35.9943032,-79.9353141,14z",2026-04-29T05:37:37.656Z,8 am–6 pm,8 am–6 pm,8 am–6 pm,8 am–6 pm,Closed,8 am–6 pm,8 am–6 pm,,,,
https://www.google.com/maps/place/Sedgefield+Florist+%26+Gifts/data=!4m7!3m6!1s0x88531a8a24e38b7d:0x6d71709d4aa039f8!8m2!3d36.0137626!4d-79.8985525!16s%2Fg%2F1hc2c95m7!19sChIJfYvjJIoaU4gR-DmgSp1wcW0,Sedgefield Florist & Gifts,4.9,204,Florist,"5812 W Gate City Blvd A, Greensboro, NC 27407, United States","2472+GH Greensboro, North Carolina, USA",https://www.sedgefieldflorist.com/,+1 336-299-5810,,https://lh3.googleusercontent.com/gps-cs-s/APNQkAFyOqo4osWMSovJfTVRtHOvCXyXADACMZ-9j4oGep76SghFb2JHGahg5O2hZGhNQVWZ_ICBtkKcfHmH2zLbFV_AqJAVMKDL6vgCQrr4c79TbaFeA2yTkQVW5xNtVkBflxqQb1EW=w408-h544-k-no,true,"https://www.google.com/maps/search/tree+service+businesses+in+Jamestown+Greensboro+NC/@35.9943032,-79.9353141,14z",2026-04-29T05:37:42.856Z,Open 24 hours,Open 24 hours,Open 24 hours,Open 24 hours,Open 24 hours,Open 24 hours,Open 24 hours,,· In-store shopping · Kerbside pickup · Delivery,,
"https://www.google.com/maps/place/Bowie%27s+Outdoor+Services,+LLC./data=!4m7!3m6!1s0x46fc803e562045f:0x21b56e74a8d8c7c5!8m2!3d36.0260066!4d-79.881846!16s%2Fg%2F11jsvq1q0h!19sChIJXwRi5QPIbwQRxcfYqHRutSE","Bowie's Outdoor Services, LLC.",5.0,26,Tree service,,,https://www.bowiesoutdoorservicesllc.com/,+1 336-660-8858,Open 24 hours,https://lh3.googleusercontent.com/gps-cs-s/APNQkAExwTFo9wIUadPJamo-jg5sWylv9oO37mHq5y3EeU58akBXtuwRhqVXbASPpmap7JlQpgRkASCqV4WIiNNhYCVp1V8WwXCxKAYF_BB35LoaMa1_0-q6z3EMVoGm4rirRaLTEg_68QN6F_pY=w408-h408-k-no,true,"https://www.google.com/maps/search/tree+service+businesses+in+Jamestown+Greensboro+NC/@35.9943032,-79.9353141,14z",2026-04-29T05:37:47.792Z,Open 24 hours,Open 24 hours,Open 24 hours,Open 24 hours,Open 24 hours,Open 24 hours,Open 24 hours,Identifies as veteran-owned,,,
https://www.google.com/maps/place/TLS+Property+Services+-+High+Point+Professional+Commercial+%26+Residential+Landscape+Design/data=!4m7!3m6!1s0x88530fa5f22ab3c1:0x85b3ff6253f44088!8m2!3d36.0785174!4d-79.959262!16s%2Fg%2F11dfgtf1mr!19sChIJwbMq8qUPU4gRiED0U2L_s4U,TLS Property Services - High Point Professional Commercial & Residential Landscape Design,4.1,9,Landscape designer,,,,+1 336-804-0705,Closed · Opens 9 am,https://lh3.googleusercontent.com/gps-cs-s/APNQkAFnjIqoUTrjkUv2eRYuva6fqET8jEgTvA1tPmxyRnOKHzBPL-h6lSFBSzlwQmNIHcNWrpsKQURf8nWuzXkTX3ZCRXiXE2by8HT2J0raVKdSYGHaVsPIsnSpUnXEj3PFgaQ1acItaQ=w426-h240-k-no,true,"https://www.google.com/maps/search/tree+service+businesses+in+Jamestown+Greensboro+NC/@35.9943032,-79.9353141,14z",2026-04-29T05:37:52.555Z,9 am–5 pm,9 am–5 pm,9 am–5 pm,Closed,Closed,9 am–5 pm,9 am–5 pm,,,,
https://www.google.com/maps/place/The+Soap+Lady+Store/data=!4m7!3m6!1s0x88530fe972eb5201:0x33033082661b54e1!8m2!3d35.9942815!4d-79.9352445!16s%2Fg%2F1tglzpfk!19sChIJAVLrcukPU4gR4VQbZoIwAzM,The Soap Lady Store,4.8,96,Store,"106 E Main St, Jamestown, NC 27282, United States","X3V7+PW Jamestown, North Carolina, USA",http://thesoapladystore.com/,+1 336-883-7627,"Closed · Opens 10 am

Updated by this business 10 weeks ago",https://lh3.googleusercontent.com/gps-cs-s/APNQkAFzA7byFtpItFVkI9kuxTGeTsLsc6Qce6Ykgip-L1OJlb_DkAOmnB6Z8SW1KMmk29r5ODoLuCG-GQnYc2NPSACo-xfszAG17Agv26JuSlv5eXxCkjc_tD7JD1ugRO7S0-CInQ8mZSklKXrg=w408-h272-k-no,true,"https://www.google.com/maps/search/tree+service+businesses+in+Jamestown+Greensboro+NC/@35.9943032,-79.9353141,14z",2026-04-29T05:37:57.363Z,10 am–6 pm,10 am–6 pm,10 am–6 pm,10 am–4 pm,Closed,Closed,10 am–4 pm,LGBTQ+ friendly,· In-store shopping · In-store pick-up,,
https://www.google.com/maps/place/Kisses4Kate/data=!4m7!3m6!1s0x88530fe5424edfbb:0xa7ef55a016729106!8m2!3d35.9925736!4d-79.9520336!16s%2Fg%2F11k4lb6004!19sChIJu99OQuUPU4gRBpFyFqBV76c,Kisses4Kate,5.0,10,Gift shop,"705F W Main St, Jamestown, NC 27282, United States","X2VX+25 Jamestown, North Carolina, USA",http://www.kisses4kate.org/,+1 336-471-4863,Closed · Opens 1 pm,https://lh3.googleusercontent.com/gps-cs-s/APNQkAEz8WNg3NWVgJSVeF-WudZO9YGdgIz4Buh17omLV_c_74-3F9S9uWtSZMw4Ix0m-Me-uMWbuzOvso_GRs3yUB9gulE7Xw_t5C4uXwcyUiYls-e2_bhvSx229PT0RtGbBrqojws8=w408-h306-k-no,true,"https://www.google.com/maps/search/tree+service+businesses+in+Jamestown+Greensboro+NC/@35.9943032,-79.9353141,14z",2026-04-29T05:38:02.304Z,1–5 pm,1–5 pm,1–5 pm,1–5 pm,Closed,Closed,Closed,,,,
https://www.google.com/maps/place/Affordable+High+Point+Tree+Service/data=!4m7!3m6!1s0x88530efbdc632699:0xa456d2ab3fce42ee!8m2!3d35.8828279!4d-80.0245459!16s%2Fg%2F1vtqwt56!19sChIJmSZj3PsOU4gR7kLOP6vSVqQ,Affordable High Point Tree Service,4.5,30,Tree service,,,https://treeservicehighpoint.com/,+1 336-438-8910,Closed · Opens 7 am,https://lh3.googleusercontent.com/gps-cs-s/APNQkAGklF9zvhJob98nz9ceLFb1F4TGIthKb3HOEIzGK-Obl6cX2aFGyEVPxEjViAnXXoVuzgGXj2gXBgztTKYiVS126OHv43mn3IB733Imo8E9veF1q_CmUXY6WWITU0yqWF26V0FN=w408-h725-k-no,true,"https://www.google.com/maps/search/tree+service+businesses+in+Jamestown+Greensboro+NC/@35.9943032,-79.9353141,14z",2026-04-29T05:38:07.171Z,7 am–7 pm,7 am–7 pm,7 am–7 pm,7 am–7 pm,7 am–7 pm,7 am–7 pm,7 am–7 pm,,,,
https://www.google.com/maps/place/Avery+Body+%26+Trim+Shop/data=!4m7!3m6!1s0x88531aa0fbb6238d:0xd326e7154ff894d3!8m2!3d36.0120378!4d-79.8999215!16s%2Fg%2F1v96mhdh!19sChIJjSO2-6AaU4gR05T4TxXnJtM,Avery Body & Trim Shop,4.7,231,Auto body shop,"5828 W Gate City Blvd, Greensboro, NC 27407, United States","2462+R2 Greensboro, North Carolina, USA",http://www.averybody.com/contact.html,+1 336-294-1666,Closed · Opens 8 am,https://lh3.googleusercontent.com/gps-cs-s/APNQkAEtLkHuqTUPFVopi1Ls1vaocOZevXA9-GgJC3jgheQwo9MRAyycKDcAijjfJQv1hxyO0vqubJosIztBMS2T103wVX4imUzWU9Fcwo1jt9rYevALjz4iQr7buoVwAJJPWW0FhtuLkQ=w408-h306-k-no,true,"https://www.google.com/maps/search/tree+service+businesses+in+Jamestown+Greensboro+NC/@35.9943032,-79.9353141,14z",2026-04-29T05:38:12.053Z,8 am–5:30 pm,8 am–5:30 pm,8 am–5:30 pm,Closed,Closed,8 am–5:30 pm,8 am–5:30 pm,,,,
https://www.google.com/maps/place/Carolina+Cardinal+Hauling+and+Moving+LLC/data=!4m7!3m6!1s0x4209140177c28861:0xbc034274847f1f7f!8m2!3d35.6144484!4d-79.7401714!16s%2Fg%2F11xghbfp0m!19sChIJYYjCdwEUCUIRfx9_hHRCA7w,Carolina Cardinal Hauling and Moving LLC,5.0,6,Junk removal service,,,,+1 336-988-1060,Open 24 hours,https://lh3.googleusercontent.com/gps-cs-s/APNQkAH2ezXB_W4V4bm1Xu-qVWkgNoLdaKTecRDjmvbaX5qVbrBhZrWEOzT8rLIj5_pWvpQlGOYUUr1HO8jQtDoAigQgujK-yIZnSFvnHbpitIi0hquXGUYoD_9flAoGWn_f9Apsq1iF2v4znenA=w408-h306-k-no,true,"https://www.google.com/maps/search/tree+service+businesses+in+Jamestown+Greensboro+NC/@35.9943032,-79.9353141,14z",2026-04-29T05:38:16.854Z,Open 24 hours,Open 24 hours,Open 24 hours,Open 24 hours,Open 24 hours,Open 24 hours,Open 24 hours,,,,
https://www.google.com/maps/place/Second+Chance+Closet/data=!4m7!3m6!1s0x88530f0025e25eb7:0x3080a8b9d3198246!8m2!3d35.9955642!4d-79.9349122!16s%2Fg%2F11w8d4qf28!19sChIJt17iJQAPU4gRRoIZ07mogDA,Second Chance Closet,4.7,17,Thrift store,"124 E Main St, Jamestown, NC 27282, United States","X3W8+62 Jamestown, North Carolina, USA",,,Closed · Opens 11 am,https://lh3.googleusercontent.com/gps-cs-s/APNQkAFPIdfyYkCMpPggzyscrJaqBLwWBaWUghi1YPU5n7btM5yfToN_s0L9EaG4ODFy88rfX-LRySxwrKno2Xr5GM2BD2_SrPXxIyx_fpOIRxsl9rPdZUPnuCFU_eglApsrTPzMRUd7=w408-h544-k-no,false,"https://www.google.com/maps/search/tree+service+businesses+in+Jamestown+Greensboro+NC/@35.9943032,-79.9353141,14z",2026-04-29T05:38:21.571Z,11 am–5 pm,11 am–5 pm,11 am–5 pm,11 am–5 pm,Closed,Closed,11 am–5 pm,,,,
https://www.google.com/maps/place/Owensby+%28Trailer-Hitch-Center%29/data=!4m7!3m6!1s0x88531aa1a90a2e35:0x2aaf75305e859ec6!8m2!3d36.0128858!4d-79.8992645!16s%2Fg%2F1tc_x952!19sChIJNS4KqaEaU4gRxp6FXjB1ryo,Owensby (Trailer-Hitch-Center),4.6,76,Trailer repair shop,"5816 W Gate City Blvd, Greensboro, NC 27407, United States","2472+57 Greensboro, North Carolina, USA",http://www.facebook.com/owensbyenterprises,+1 336-299-5660,Closed · Opens 8 am,https://lh3.googleusercontent.com/gps-cs-s/APNQkAEUjfiXPkPjfYh3epXNnxRnSqTUip-uUQSXbhMkI_d_3yZB5o3zqhWD4TLlcYDMZgjI-owIGPtI1JZMRSwaqjStJqiVF0x0k1Y5XhlQdG2cNpy1q5L79tvhZfWE0A8qgAu4UBPCaA=w408-h306-k-no,true,"https://www.google.com/maps/search/tree+service+businesses+in+Jamestown+Greensboro+NC/@35.9943032,-79.9353141,14z",2026-04-29T05:38:26.280Z,8 am–5 pm,8 am–5 pm,8 am–5 pm,Closed,Closed,8 am–5 pm,8 am–5 pm,,,,
https://www.google.com/maps/place/HOME+SERVICES+OF+THE+TRIAD/data=!4m7!3m6!1s0x88530557ebfefbab:0xb75a5a1a9febe8ff!8m2!3d36.0234184!4d-80.01516!16s%2Fg%2F125_sqp8y!19sChIJq_v-61cFU4gR_-jrnxpaWrc,HOME SERVICES OF THE TRIAD,3.6,96,Plumber,,,,+1 336-484-1482,Closed · Opens 9 am,https://lh3.googleusercontent.com/gps-cs-s/APNQkAGVey2X231t20tljTWz_ZpjGbpolQKgQY3_ps6-GQEH3AL3vgyP-Zkj5Srg2gf7NHlBeqbTN6o7oI4W_ATzgwDofKnDfODKn65tHhTxZ6cAu3HNBXQORcynHMkfgjQmZw3GRWPh=w408-h871-k-no,true,"https://www.google.com/maps/search/tree+service+businesses+in+Jamestown+Greensboro+NC/@35.9943032,-79.9353141,14z",2026-04-29T05:38:31.293Z,9 am–6 pm,9 am–6 pm,9 am–6 pm,10:30 am–2:30 pm,Closed,9 am–6 pm,9 am–6 pm,LGBTQ+ friendly,,,
https://www.google.com/maps/place/JKO+Inks+%26+Promo+Print/data=!4m7!3m6!1s0x298cd01fc277584b:0xd142e536ca5dd672!8m2!3d35.1705075!4d-79.86097!16s%2Fg%2F11tnhsh5gv!19sChIJS1h3wh_QjCkRctZdyjblQtE,JKO Inks & Promo Print,5.0,16,Screen printing shop,,,,+1 336-307-5442,Open 24 hours,https://lh3.googleusercontent.com/gps-cs-s/APNQkAEiI72hDn17nakOOCiRHctyJx9zD1r7FS-Dj1eUuaaQrb9oMaW_rrD4UeHr2Lyiih6vERKipMcEAYcey4ui2_G8MITRIg2aZuCNL3tamCcmMY7mnKo2Z-zGVjgWTP44o4PLFlo=w408-h353-k-no,true,"https://www.google.com/maps/search/tree+service+businesses+in+Jamestown+Greensboro+NC/@35.9943032,-79.9353141,14z",2026-04-29T05:38:36.037Z,Open 24 hours,Open 24 hours,Open 24 hours,Closed,Closed,Open 24 hours,Open 24 hours,LGBTQ+ friendly,· Delivery,,
"https://www.google.com/maps/place/Rodriguez+Lanscape+Services/@35.915312,-79.8790197,10z/data=!3m1!4b1!4m6!3m5!1s0x88530fc11b4529ef:0x89d081388f9dea8e!8m2!3d35.915312!4d-79.8790197!16s%2Fg%2F11j1m82ldv",Rodriguez Lanscape Services,5.0,2,Landscaper,,,,+1 919-799-3404,Open 24 hours,,true,"https://www.google.com/maps/search/tree+service+businesses+in+Jamestown+Greensboro+NC/@35.9943032,-79.9353141,14z",2026-04-29T05:38:42.727Z,Open 24 hours,Open 24 hours,Open 24 hours,Open 24 hours,Closed,Open 24 hours,Open 24 hours,,,,
"https://www.google.com/maps/place/Absolute+Comfort+Heating+%26+Cooling,+Inc./data=!4m7!3m6!1s0x88530fea9fbae0f3:0x15edc2ef6352234e!8m2!3d35.9921346!4d-79.9400799!16s%2Fg%2F1tfv17s7!19sChIJ8-C6n-oPU4gRTiNSY-_C7RU","Absolute Comfort Heating & Cooling, Inc.",5.0,365,HVAC contractor,"205 W Main St, Jamestown, NC 27282, United States","X3R5+VX Jamestown, North Carolina, USA",http://yourabsolutecomfort.com/,+1 336-454-5786,Closed · Opens 8 am,https://lh3.googleusercontent.com/gps-cs-s/APNQkAH_xoSlQ1uAHTCjJPL7BCm1AbKaWS6KER_weDuK5OGnWI2vn6_LimpAyl8gjCjhE2VRbZ9Fte93MXCY8I6EIOU3jY026Trg8KoesDjllcz3q1ssQf5xKPWIizQREXRyR7dRDmqwf7xwMTZG=w408-h321-k-no,true,"https://www.google.com/maps/search/tree+service+businesses+in+Jamestown+Greensboro+NC/@35.9943032,-79.9353141,14z",2026-04-29T05:38:47.664Z,8 am–5 pm,8 am–5 pm,8 am–5 pm,Closed,Closed,8 am–5 pm,8 am–5 pm,,,,
https://www.google.com/maps/place/Pearson+Lawn+Service/data=!4m7!3m6!1s0x8dddb390a4fa6433:0x6b64aaf1bdbd1607!8m2!3d35.1705075!4d-79.86097!16s%2Fg%2F11ld83ksh2!19sChIJM2T6pJCz3Y0RBxa9vfGqZGs,Pearson Lawn Service,3.9,7,Landscaper,,,https://pearsonlawnservice.com/,+1 336-501-8986,Closed · Opens 8 am,https://lh3.googleusercontent.com/gps-cs-s/APNQkAF9GloSgCs0faKlFYMErVoFi5HJ-z94yjoVoq9418gUNGl7rsPZ-C7Hc9vjAeB4UPkRvJmLy-MhhH6mGo8fXPFXn4YKKVYW2Riw9Ftr2JQNewrhCcgSKxNiC72NMUx1XDcX51I=w408-h303-k-no,true,"https://www.google.com/maps/search/tree+service+businesses+in+Jamestown+Greensboro+NC/@35.9943032,-79.9353141,14z",2026-04-29T05:38:52.659Z,8 am–5 pm,8 am–5 pm,8 am–5 pm,8 am–12 pm,Closed,8 am–5 pm,8 am–5 pm,,,,
https://www.google.com/maps/place/Surface+Specialists+of+the+Triad/data=!4m7!3m6!1s0xa05e84dabd8d04c7:0xc53bfa3264010429!8m2!3d36.128114!4d-79.844339!16s%2Fg%2F11wmmtk322!19sChIJxwSNvdqEXqARKQQBZDL6O8U,Surface Specialists of the Triad,5.0,2,Bathroom remodeler,,,https://www.surfacespecialistsnc.com/,+1 336-471-9689,Closed · Opens 9 am,https://lh3.googleusercontent.com/gps-cs-s/APNQkAFMzQXKEtjrbKZPcasnJur7z-WraSHELcnVKJ43__rVLo8UeXJzZkzd-3ezRV5F8XAXTIW0dsxk9ImFT1TOVcPpFp6x3Lj7n1mBWvVqxpQIPq8Le87-gW6AIt1ngqGr1M5qnyHl=w408-h544-k-no,true,"https://www.google.com/maps/search/tree+service+businesses+in+Jamestown+Greensboro+NC/@35.9943032,-79.9353141,14z",2026-04-29T05:38:57.175Z,9 am–5 pm,9 am–5 pm,9 am–5 pm,Closed,Closed,9 am–5 pm,9 am–5 pm,,,,
https://www.google.com/maps/place/Union+Tree+Services+and+Lawn+Care/data=!4m7!3m6!1s0x2362f3196483f1db:0xb92eaa320b49def3!8m2!3d35.1705075!4d-79.86097!16s%2Fg%2F11w91w9b_l!19sChIJ2_GDZBnzYiMR895JCzKqLrk,Union Tree Services and Lawn Care,5.0,12,Landscaper,,,https://www.alfonsotreeservices.com/?utm_source=google&utm_medium=wix_google_business_profile&utm_campaign=8646330818313042165,+1 336-862-2669,Closed · Opens 7 am,https://lh3.googleusercontent.com/gps-cs-s/APNQkAEJeTLWlMG8ambwzBt5eYej84VgcVHBsTOL0xH-gfXPbHfkpyhn_PRx00xH4525a_HzNOjvF_B_SixCbJGxPKXVAFTK4js4tZ50_HRk0-4hgC69TpZHcMwG-lZgvmaH9xV7mBpA=w408-h544-k-no,true,"https://www.google.com/maps/search/tree+service+businesses+in+Jamestown+Greensboro+NC/@35.9943032,-79.9353141,14z",2026-04-29T05:39:01.997Z,7 am–8 pm,7 am–8 pm,7 am–8 pm,7 am–8 pm,7 am–8 pm,7 am–8 pm,7 am–8 pm,,,,
https://www.google.com/maps/place/High+Point+Landscaping/data=!4m7!3m6!1s0x88530f193882f6b9:0xa8714a30fd72c895!8m2!3d35.9641039!4d-80.016896!16s%2Fg%2F11kywh8qq5!19sChIJufaCOBkPU4gRlchy_TBKcag,High Point Landscaping,5.0,1,Landscaper,,,,+1 336-585-8355,Closed · Opens 8 am,https://lh3.googleusercontent.com/gps-cs-s/APNQkAHUONBy_1AG5wSQKtQayZX7N_gdWXQSP9NnVXgAuO8TQ42kby5dF3a-fXvl6PJZvBtnP4KoCH5I4IjQ8kqcZXd72aQxLB0j3obzqtn_Xben3Qql09uWHgt5EgskZU888s2MhNXZsQ=w623-h240-k-no,true,"https://www.google.com/maps/search/tree+service+businesses+in+Jamestown+Greensboro+NC/@35.9943032,-79.9353141,14z",2026-04-29T05:39:06.660Z,8 am–5 pm,8 am–5 pm,8 am–5 pm,8 am–5 pm,8 am–5 pm,8 am–5 pm,8 am–5 pm,,,,
https://www.google.com/maps/place/Heidy%E2%80%99s+Cleaning+Services/data=!4m7!3m6!1s0x88530f5f4776f4e7:0x866c85c99d66c60a!8m2!3d36.0418009!4d-79.9680652!16s%2Fg%2F11tp69z3ny!19sChIJ5_R2R18PU4gRCsZmncmFbIY,Heidy’s Cleaning Services,5.0,42,House cleaning service,,,https://heidyscleaningservices.com/,+1 336-804-9066,Closed · Opens 8 am,https://lh3.googleusercontent.com/gps-cs-s/APNQkAFxhFKT0J8dOG9fobsavqo_S7Fn0wsxAog2rRJteS86Qmy7Pw0U6fRTaAa4oz_dQlTUqhmhto5dghvn5jbeelxjUjGU_gak2E2lWSKgksMXosFaIbU5CL6tlvLbZbGxU2BcRYJjyp5Xd7xH=w408-h408-k-no,true,"https://www.google.com/maps/search/tree+service+businesses+in+Jamestown+Greensboro+NC/@35.9943032,-79.9353141,14z",2026-04-29T05:39:11.428Z,8 am–9 pm,8 am–9 pm,8 am–9 pm,9 am–10 pm,9 am–10 pm,8 am–9 pm,8 am–9 pm,Identifies as women-owned,,,
"https://www.google.com/maps/place/White+Collar+Cleaning,+LLC/data=!4m7!3m6!1s0x88530f0e0868f26b:0x70eaa3bc9ee1d001!8m2!3d35.1705075!4d-79.86097!16s%2Fg%2F11clyhhv8x!19sChIJa_JoCA4PU4gRAdDhnryj6nA","White Collar Cleaning, LLC",5.0,7,Cleaners,,,http://whitecollarcleaning.com/,+1 704-918-5035,Closed · Opens 7 am,https://lh3.googleusercontent.com/gps-cs-s/APNQkAE-TkqXVKNQWTpvefvw6vjY3IiuqAKXBsMvUeGofLm0TcCrav37phoaQ34iC9oJ_VFi5b_9uZ1ooz7ryAZUYj9nApHPJU8j_CL4Y28qi3bNxMTeG7x5EwRVqfOkmcPY4P5W8rDf=w426-h240-k-no,true,"https://www.google.com/maps/search/tree+service+businesses+in+Jamestown+Greensboro+NC/@35.9943032,-79.9353141,14z",2026-04-29T05:39:16.453Z,7 am–9 pm,7 am–9 pm,7 am–9 pm,7 am–9 pm,7 am–9 pm,7 am–9 pm,7 am–9 pm,,,,
https://www.google.com/maps/place/Ever+Green+Solutions/data=!4m7!3m6!1s0x8fc6c07ae6b7bad1:0xcdaecd288675566f!8m2!3d36.0045905!4d-79.9842985!16s%2Fg%2F11w1c7vdlk!19sChIJ0bq35nrAxo8Rb1Z1hijNrs0,Ever Green Solutions,5.0,2,Landscaper,,,https://lawncarehighpoint.com/,+1 336-905-3877,Closed · Opens 7 am,https://lh3.googleusercontent.com/gps-cs-s/APNQkAHTA4PTDoRFyr_kG9fq9Pbw0lQjDT8vxtgUq2VUcsspmmBI6A0mXZnf2s5WXhdVqFcfFjSUcvG51xzDiBTQnjQ2dsMc-YRVIWw4ozFiNx3meEQMMlUGB3cC6n1ljgFA-Q_ci3vZAw=w426-h240-k-no,true,"https://www.google.com/maps/search/tree+service+businesses+in+Jamestown+Greensboro+NC/@35.9943032,-79.9353141,14z",2026-04-29T05:39:21.057Z,7 am–5 pm,7 am–5 pm,7 am–5 pm,7 am–5 pm,Closed,7 am–5 pm,7 am–5 pm,,,,
"https://www.google.com/maps/place/AB+Siding+Construction+Corp/@36.0806829,-80.0245459,10z/data=!3m1!4b1!4m6!3m5!1s0x83c75568aa7d1db5:0x92d23e58d44fccd4!8m2!3d36.0806829!4d-80.0245459!16s%2Fg%2F11pkcqm0cj",AB Siding Construction Corp,5.0,1,Window installation service,,,,+1 336-920-8733,Closed · Opens 8 am,,true,"https://www.google.com/maps/search/tree+service+businesses+in+Jamestown+Greensboro+NC/@35.9943032,-79.9353141,14z",2026-04-29T05:39:27.672Z,8 am–5 pm,8 am–5 pm,8 am–5 pm,9 am–12 pm,Closed,8 am–5 pm,8 am–5 pm,,,,
"https://www.google.com/maps/place/Octavia+Harris+%2F+Crav+Life+Consulting,+L.L.C./data=!4m7!3m6!1s0x88530fe9597e4d61:0x45c624d3212f2720!8m2!3d36.095535!4d-79.8143016!16s%2Fg%2F11g6mh_mq4!19sChIJYU1-WekPU4gRICcvIdMkxkU","Octavia Harris / Crav Life Consulting, L.L.C.",5.0,11,Marketing consultant,,,http://www.octaviaharris.com/,+1 336-525-1314,Closed · Opens 10:30 am,https://lh3.googleusercontent.com/gps-cs-s/APNQkAESjKnt8axrzjrE5lw11jI7UpXdY9ud6OIyjoSUVqzvE8-4mUM6OuSj_d8GqCondQmMpKtEVq2f2zyfz6w6CVjetchmSS3F2Uc3rT1am7ERy9XOXO_45VKy3UgrhRTJ9cj86jkC=w426-h240-k-no,true,"https://www.google.com/maps/search/tree+service+businesses+in+Jamestown+Greensboro+NC/@35.9943032,-79.9353141,14z",2026-04-29T05:39:32.483Z,10:30 am–5 pm,10:30 am–5 pm,10:30 am–5 pm,Closed,Closed,10:30 am–5 pm,10:30 am–5 pm,Identifies as women-owned,,,
"https://www.google.com/maps/place/Furniture+Medic+by+Tom+DelVecchio/@36.0785174,-79.7836464,11z/data=!3m1!4b1!4m6!3m5!1s0x88530fb4b608120d:0x36b8882edd0ce585!8m2!3d36.0785174!4d-79.7836464!16s%2Fg%2F11b63fpdnb",Furniture Medic by Tom DelVecchio,5.0,1,Furniture repair shop,,,,+1 336-454-5529,Closed · Opens 10 am,,true,"https://www.google.com/maps/search/tree+service+businesses+in+Jamestown+Greensboro+NC/@35.9943032,-79.9353141,14z",2026-04-29T05:39:39.318Z,10 am–5 pm,10 am–5 pm,10 am–4 pm,Closed,Closed,10 am–5 pm,10 am–5 pm,,,,
https://www.google.com/maps/place/High+Performance+Contracting+Inc./data=!4m7!3m6!1s0xa3d65929633b627b:0x9d80f0c800761ade!8m2!3d36.06521!4d-80.6299506!16s%2Fg%2F11m603x0nk!19sChIJe2I7YylZ1qMR3hp2AMjwgJ0,High Performance Contracting Inc.,4.6,11,Dry wall contractor,,,https://hpcontractinginc.com/,+1 864-395-8839,Open 24 hours,https://lh3.googleusercontent.com/gps-cs-s/APNQkAFboQXWIb2JUI0B97q7a7kc08--XJBazWP_DLntHW-v1Ho80QuGLH_AB-U0jO9kBA47OU12yy7dBJA8NuWSo6qUfIQHb6vJMk54brn-iX2Csalu_eiIVl1pJrLSUZFzVaQnudDJx-741P0_=w408-h306-k-no,true,"https://www.google.com/maps/search/tree+service+businesses+in+Jamestown+Greensboro+NC/@35.9943032,-79.9353141,14z",2026-04-29T05:39:44.147Z,Open 24 hours,Open 24 hours,Open 24 hours,Open 24 hours,Open 24 hours,Open 24 hours,Open 24 hours,,,,
"https://www.google.com/maps/place/Home+Polish+%26+Crafts,+LLC/data=!4m7!3m6!1s0x885319b9acc9ad71:0x990e51c118a71dcb!8m2!3d35.730983!4d-79.744128!16s%2Fg%2F11jgzjf0cy!19sChIJca3JrLkZU4gRyx2nGMFRDpk","Home Polish & Crafts, LLC",5.0,12,Antique furniture restoration service,,,,+1 336-303-0542,Closed · Opens 9 am,https://lh3.googleusercontent.com/gps-cs-s/APNQkAE1t20JrppsuuWH0Tf2KzAlf8aHBgPfdZgybxo5ufk4Ilnnuojyo1JCPoCK-ClX5IxQsC7bld9mkrKXJZqWf7GC4OIvApNhTfvak4bPqutANjoM1oPpxKuKizjKpPo6eXhnTBcGjw=w408-h433-k-no,true,"https://www.google.com/maps/search/tree+service+businesses+in+Jamestown+Greensboro+NC/@35.9943032,-79.9353141,14z",2026-04-29T05:39:48.823Z,9 am–9 pm,9 am–9 pm,9 am–9 pm,9 am–9 pm,9 am–9 pm,9 am–9 pm,9 am–9 pm,LGBTQ+ friendly,,,
https://www.google.com/maps/place/Donte+Does+It+All/data=!4m7!3m6!1s0x74b4230d0afb393:0x28f7c00da8228f8!8m2!3d36.799801!4d-87.45875!16s%2Fg%2F11kqsjb4hg!19sChIJk7Ov0DBCSwcR-CiC2gB8jwI,Donte Does It All,4.3,12,Handyman/Handywoman/Handyperson,,,,+1 803-392-3379,,https://lh3.googleusercontent.com/gps-cs-s/APNQkAH-Q23mFRgCZs4EyzfdY6AqaVpw9qStOdqJOHCKbS5zlU4CO_Gew5Pjo1dwV9BORa9vIRDspUzfcIfhI0muGkw8b6Vq-Hn_sL3kryyemHIkecqTEnllcOHGa0hSNgf_YwK6b4A=w408-h340-k-no,true,"https://www.google.com/maps/search/tree+service+businesses+in+Jamestown+Greensboro+NC/@35.9943032,-79.9353141,14z",2026-04-29T05:39:53.754Z,Open 24 hours,Open 24 hours,Open 24 hours,Open 24 hours,Open 24 hours,Open 24 hours,Open 24 hours,,,true,
https://www.google.com/maps/place/Cedar+%26+Ash+Design+Build/data=!4m7!3m6!1s0xa4ab3d0344f6b1ad:0x2f17a5b833651438!8m2!3d36.0247235!4d-79.6907626!16s%2Fg%2F11y25vf6hg!19sChIJrbH2RAM9q6QROBRlM7ilFy8,Cedar & Ash Design Build,5.0,3,Custom home builder,,,https://builtwithcedar.com/,+1 336-471-6028,Closed · Opens 9 am,https://lh3.googleusercontent.com/gps-cs-s/APNQkAF7-6yiz7Ek8UOCaj63bd00hAQipe-vFXACuOmBPCEZEBQM44M02LVvGy_b6qUGokmZnnFBFjgmqeEDS0I8PT7_zJJa5fqAqqwlqG-84Fjm7t5u76GotaitpALjl4djWM2QImxO=w408-h544-k-no,true,"https://www.google.com/maps/search/tree+service+businesses+in+Jamestown+Greensboro+NC/@35.9943032,-79.9353141,14z",2026-04-29T05:39:58.812Z,9 am–5 pm,9 am–5 pm,9 am–4:30 pm,Closed,Closed,9 am–5 pm,9 am–5 pm,,,,
https://www.google.com/maps/place/Howerton+Locksmiths/data=!4m7!3m6!1s0x88530fa534ce05df:0x851b894a292d2375!8m2!3d35.9698276!4d-79.8790197!16s%2Fg%2F11f3jgcjfw!19sChIJ3wXONKUPU4gRdSMtKUqJG4U,Howerton Locksmiths,4.7,109,Locksmith,,,,+1 336-549-4320,Open 24 hours,https://lh3.googleusercontent.com/gps-cs-s/APNQkAEeFKkrKCj-bE73EuUIQ2ip1KTqy1m7FQyVdz6bFuLDSUvELC79pFFYUkhO2A8RErVFYC53bxyMUWiuEtwComG0MTlk340mLsQ2S2J0oR5U_IR_8QjwpPbMqFCRjxIiJ3pyWzrK=w408-h471-k-no,true,"https://www.google.com/maps/search/tree+service+businesses+in+Jamestown+Greensboro+NC/@35.9943032,-79.9353141,14z",2026-04-29T05:40:03.461Z,Open 24 hours,Open 24 hours,Open 24 hours,Open 24 hours,Open 24 hours,Open 24 hours,Open 24 hours,Identifies as veteran-owned,,,
https://www.google.com/maps/place/Everything+Tree+NC/data=!4m7!3m6!1s0x88531df446d41475:0x9fe0690127379d9b!8m2!3d34.1705167!4d-77.9424637!16s%2Fg%2F11mvw0n9fy!19sChIJdRTURvQdU4gRm503JwFp4J8,Everything Tree NC,5.0,85,Tree service,"150 Bryan Rd, Wilmington, NC 28412, United States","53C5+62 Wilmington, North Carolina, USA",https://nceverythingtree.com/,+1 910-617-8850,Open 24 hours,https://lh3.googleusercontent.com/gps-cs-s/APNQkAGXpFL-hNpRfpyUl-NuJT0Q1ppwGEQXyQfvxgrHAjEqMWSAH0j0A7-VMbPI7m1wDvwf-8Fp8pL1xjwv8UNrI6aut_gKAfAHqV-eMLQM0qNQCs5EO-zZcloXQaCzG__liVMjY7D-MLjyWrU2=w408-h544-k-no,true,"https://www.google.com/maps/search/tree+service+businesses+in+Jamestown+Greensboro+NC/@35.9943032,-79.9353141,14z",2026-04-29T05:40:08.348Z,Open 24 hours,Open 24 hours,Open 24 hours,Open 24 hours,Open 24 hours,Open 24 hours,Open 24 hours,,,,
https://www.google.com/maps/place/Towforthelow/data=!4m7!3m6!1s0x29b274232293af0b:0x704bc782f781f8ab!8m2!3d36.0636701!4d-79.667975!16s%2Fg%2F11kb8wzkym!19sChIJC6-TIiN0sikRq_iB94LHS3A,Towforthelow,5.0,60,Towing service,,,,+1 336-497-7653,Closed · Opens 8 am,https://lh3.googleusercontent.com/gps-cs-s/APNQkAHt9vpP9fYZZ6sN8LrTcq_b-jAx-4RnyodDaXO_sFAwlKjC3-jd0sEcEp_QkxnEs0t7Yp8sR5oImOZdjBJJNEKDwzufiR5QEYdIoZDgquzoFP_QHxMc40W1I5iHRdS-Oa2TB_hN=w513-h240-k-no,true,"https://www.google.com/maps/search/tree+service+businesses+in+Jamestown+Greensboro+NC/@35.9943032,-79.9353141,14z",2026-04-29T05:40:13.121Z,8 am–5 pm,8 am–5 pm,8 am–5 pm,8 am–5 pm,8 am–5 pm,8 am–5 pm,8 am–5 pm,LGBTQ+ friendly,,true,
https://www.google.com/maps/place/Duran+Team+Construction/data=!4m7!3m6!1s0xad13e9c33be2f0a5:0xea564b8692f36d3d!8m2!3d35.9698276!4d-79.8790197!16s%2Fg%2F11n9dwvd6p!19sChIJpfDiO8PpE60RPW3zkoZLVuo,Duran Team Construction,5.0,14,General contractor,,,https://duranteamconstruction.com/,+1 336-862-6215,Closed · Opens 8 am,https://lh3.googleusercontent.com/gps-cs-s/APNQkAHwZ1_fOhQG5CSPZjQybIbMXwGddwu_Cfc8lN4emVU_8Df15e2wTvbupAXAQqL-S4_U09p0ijNIYaMnZB9JB3QxlHw6fyhoGDmeM3NV8c9O6MItlJ4O--UuKe60bIzTyHRdKf72j4_ae34=w408-h272-k-no,true,"https://www.google.com/maps/search/tree+service+businesses+in+Jamestown+Greensboro+NC/@35.9943032,-79.9353141,14z",2026-04-29T05:40:18.018Z,8 am–5 pm,8 am–5 pm,8 am–5 pm,Closed,Closed,8 am–5 pm,8 am–5 pm,,,,
https://www.google.com/maps/place/High+Point+Pegram+Tree+Service/data=!4m7!3m6!1s0x88530eca5b693c07:0xe75cb2c38be90302!8m2!3d36.0045905!4d-79.9842985!16s%2Fg%2F1tj_5yjq!19sChIJBzxpW8oOU4gRAgPpi8OyXOc,High Point Pegram Tree Service,4.0,5,Tree service,,,https://pegramtreeservicenc.com/,,Closed · Opens 9 am,https://lh3.googleusercontent.com/gps-cs-s/APNQkAFi_EB0d9zRrWf_3Ka7WQyRfzTdq2SNIYfLQ8CdgvsKgzqT9xxhNG8_m59c33zPKVqVlWWoD0obM6KPCoNpDvGk1giji9g5e6rKSPEt4JheeHDx4nPYZJwLTmpEjnrRP6LWA9s=w408-h290-k-no,true,"https://www.google.com/maps/search/tree+service+businesses+in+Jamestown+Greensboro+NC/@35.9943032,-79.9353141,14z",2026-04-29T05:40:22.884Z,9 am–5 pm,9 am–5 pm,9 am–5 pm,Closed,Closed,9 am–5 pm,9 am–5 pm,,,,
https://www.google.com/maps/place/Triad+Survey+Supplies/data=!4m7!3m6!1s0x88530fa84e50e497:0x6071a3381b1d225f!8m2!3d35.9863536!4d-79.9670114!16s%2Fg%2F11lp5vbgzy!19sChIJl-RQTqgPU4gRXyIdGzijcWA,Triad Survey Supplies,5.0,5,Construction equipment supplier,"1376 Ring St, High Point, NC 27260, United States","X2PM+G5 High Point, North Carolina, USA",http://triadsurveysupplies.com/,+1 336-471-0855,Closed · Opens 7:30 am,https://streetviewpixels-pa.googleapis.com/v1/thumbnail?panoid=P3cpY3-J0XVjiIirFi7lYQ&cb_client=search.gws-prod.gps&w=408&h=240&yaw=87.47618&pitch=0&thumbfov=100,true,"https://www.google.com/maps/search/tree+service+businesses+in+Jamestown+Greensboro+NC/@35.9943032,-79.9353141,14z",2026-04-29T05:40:27.790Z,7:30 am–5:30 pm,7:30 am–5:30 pm,7:30 am–5:30 pm,Closed,Closed,7:30 am–5:30 pm,7:30 am–5:30 pm,,,,
https://www.google.com/maps/place/Roma+paintign/data=!4m7!3m6!1s0x519252415f37b0d:0xa452b30f02a9a8f5!8m2!3d35.1705075!4d-79.86097!16s%2Fg%2F11y5gxl43p!19sChIJDXvzFSQlGQUR9aipAg-zUqQ,Roma paintign,3.7,6,Internet marketing service,,,,+1 336-307-8136,Open 24 hours,https://lh3.googleusercontent.com/gps-cs-s/APNQkAFSdg9g8U2Ca6teqfs6ix5WrXSP1laUTpTzHuyLz0xi-PEIQ78ehz_-ZFIwtU6hQ-53uLAgJCZ_L0NChQ5gl_zlPulooaPXyZWesmOXJIqayjK6gG8VSs50VjGPOsB8LTgBbxKjyw=w408-h724-k-no,true,"https://www.google.com/maps/search/tree+service+businesses+in+Jamestown+Greensboro+NC/@35.9943032,-79.9353141,14z",2026-04-29T05:40:32.469Z,Open 24 hours,Open 24 hours,Open 24 hours,Open 24 hours,Open 24 hours,Open 24 hours,Open 24 hours,,,,
https://www.google.com/maps/place/Alton+Builders+Llc/data=!4m7!3m6!1s0x260956d17bfa3409:0xf07c36f6080bce75!8m2!3d35.9698276!4d-79.9983986!16s%2Fg%2F11rrqnj34k!19sChIJCTT6e9FWCSYRdc4LCPY2fPA,Alton Builders Llc,5.0,6,Deck builder,,,https://altonbuildersllc.com/,+1 336-823-5278,Closed · Opens 8 am,https://lh3.googleusercontent.com/gps-cs-s/APNQkAH6U2W3FPnVQA_M9RyifOe_kTqZhJMTYvHWYJjr6PfNMwC-Fq1qgbswY7wiDIQsOfh4zz-i--O9Er7wN0pneINAlYnHpXGJ5h1b9Gp_lY8BruPCJXvZHO__zpMqmfruRddh6QjD=w408-h306-k-no,true,"https://www.google.com/maps/search/tree+service+businesses+in+Jamestown+Greensboro+NC/@35.9943032,-79.9353141,14z",2026-04-29T05:40:37.131Z,8 am–7 pm,8 am–7 pm,8 am–7 pm,9 am–1 pm,Closed,8 am–7 pm,8 am–7 pm,,,,
"https://www.google.com/maps/place/Rapid+Refurb,+LLC/data=!4m7!3m6!1s0x17288e4793af461:0x73ef42b7a07caa15!8m2!3d35.5949216!4d-80.0884304!16s%2Fg%2F11z4b0tpp4!19sChIJYfQ6eeSIcgERFap8oLdC73M","Rapid Refurb, LLC",,,General contractor,,,https://www.rapidrefurb.com/,+1 336-951-8534,Closed · Opens 8 am,https://lh3.googleusercontent.com/gps-cs-s/APNQkAFcXm8tXdtUpXxExn2r5Ajmp-kAVjB1vrzkxbZY6bj9xt_cEixzjWS2MplnD1I6g6GwFYGztbaSRMCDNj8YWyjn7qzl2elbmepdE8quSz5VMJpciEGfl_XbGgDdHL2x5YC2Jv2Bv3rlCJ5c=w408-h306-k-no,true,"https://www.google.com/maps/search/tree+service+businesses+in+Jamestown+Greensboro+NC/@35.9943032,-79.9353141,14z",2026-04-29T05:40:41.823Z,8 am–5 pm,8 am–5 pm,8 am–5 pm,Closed,Closed,8 am–5 pm,8 am–5 pm,,,,
"https://www.google.com/maps/place/O'Brien+Woodworking/@35.312504,-79.86097,7z/data=!3m1!4b1!4m6!3m5!1s0x88530f0ef1dfa363:0xa5c26c1cb79303fa!8m2!3d35.312504!4d-79.86097!16s%2Fg%2F11fjtnm2f8",O'Brien Woodworking,5.0,1,Woodworker,,,http://tabletommy.com/,+1 336-580-0271,Open 24 hours,,true,"https://www.google.com/maps/search/tree+service+businesses+in+Jamestown+Greensboro+NC/@35.9943032,-79.9353141,14z",2026-04-29T05:40:48.498Z,Open 24 hours,Open 24 hours,Open 24 hours,Open 24 hours,Closed,Open 24 hours,Open 24 hours,,,,
https://www.google.com/maps/place/Platinum+Level+Pressure+Washing/data=!4m7!3m6!1s0x8853058d09494dcd:0xb2612dc9c551047d!8m2!3d35.9698276!4d-80.021539!16s%2Fg%2F11h94mczb7!19sChIJzU1JCY0FU4gRfQRRxcktYbI,Platinum Level Pressure Washing,5.0,72,Pressure washing service,,,https://www.platinumpowerwashnc.com/pressure-washing-in-high-point-nc/?utm_source=gmb&utm_medium=organic&utm_campaign=High_Point,+1 336-281-9880,Closed · Opens 8 am,https://lh3.googleusercontent.com/gps-cs-s/APNQkAEj-__YIgy8V3Xto2MofMHlZ-js7D3K4VnhDvpNuX1v95Nlc1fxksG2fUabybxxjDD1u8OsT9hLtqfhCXwrnSxiRRwBhOiAMKUjh1-h_hHiFQqv8kMo-NSEX58UnavJUAJg-mNjQw=w426-h240-k-no,true,"https://www.google.com/maps/search/tree+service+businesses+in+Jamestown+Greensboro+NC/@35.9943032,-79.9353141,14z",2026-04-29T05:40:53.354Z,8 am–6 pm,8 am–6 pm,8 am–6 pm,8 am–2 pm,8 am–2 pm,8 am–6 pm,8 am–6 pm,,,,
https://www.google.com/maps/place/Piedmont+Shed+Works/data=!4m7!3m6!1s0x4697a3406c2b9225:0x1db2ae526d0a87db!8m2!3d36.06521!4d-79.9983986!16s%2Fg%2F11ywjvmfz0!19sChIJJZIrbECjl0YR24cKbVKush0,Piedmont Shed Works,5.0,1,Handyman/Handywoman/Handyperson,,,https://www.piedmontshedworks.com/,+1 336-501-7447,Closed · Opens 8 am,https://lh3.googleusercontent.com/gps-cs-s/APNQkAFzwMx9sqEjTj-7RZ6qDXMsp7ebcyBjxp_xsO6gcw6bV1WubM2xYKrRpLD0pPK97nG1wXXdZQ-oZrp4BFxhfPcTV6n0jsbDLLyV_jZGnqdQpp4DOlTIc0OAO0TYtePBM6eT5wqet77tjKJb=w408-h306-k-no,true,"https://www.google.com/maps/search/tree+service+businesses+in+Jamestown+Greensboro+NC/@35.9943032,-79.9353141,14z",2026-04-29T05:40:58.000Z,8 am–6 pm,8 am–6 pm,8 am–6 pm,8 am–6:30 pm,Closed,8 am–6 pm,8 am–6 pm,,,,
https://www.google.com/maps/place/High+Point+Tree+Services/data=!4m7!3m6!1s0x885309e69e9a54ff:0xfd09a4cdcf2296b7!8m2!3d35.9747995!4d-80.0175223!16s%2Fg%2F11h51fm6_p!19sChIJ_1SanuYJU4gRt5Yiz82kCf0,High Point Tree Services,5.0,1,Tree service,"1415 Welborn St Suite 102, High Point, NC 27262, United States","XXFJ+WX High Point, North Carolina, USA",,+1 336-739-5920,Closed · Opens 9 am,https://streetviewpixels-pa.googleapis.com/v1/thumbnail?panoid=L-ZcYsWcivg2SjJzWnhuMw&cb_client=search.gws-prod.gps&w=408&h=240&yaw=282.5075&pitch=0&thumbfov=100,false,"https://www.google.com/maps/search/tree+service+businesses+in+High+Point+Greensboro+NC/@35.9556923,-80.0053176,14z",2026-04-29T05:41:18.465Z,9 am–5 pm,9 am–5 pm,9 am–5 pm,Closed,Closed,9 am–5 pm,9 am–5 pm,Identifies as veteran-owned,,,
https://www.google.com/maps/place/High+Point+Tree+Removal/data=!4m7!3m6!1s0x8853090040958739:0x71d4eeba707d1fb!8m2!3d35.9695723!4d-80.0157851!16s%2Fg%2F11fpr_5r5q!19sChIJOYeVQAAJU4gR-9EHp-tOHQc,High Point Tree Removal,2.3,3,Tree service,"1109 N Main St, High Point, NC 27262, United States","XX9M+RM High Point, North Carolina, USA",https://highpointtreeremovalservices.com/,+1 336-923-7212,Closed · Opens 8 am,https://lh3.googleusercontent.com/gps-cs-s/APNQkAEQIRBSSGaxhFD7mJzOm4VKGNRO3CO01iIIt8sA_YTgeivOrvJSaufHWKGMsZxBgonUGRUhTgX4lqFR5L47sdSEOoKEGBbbYu2sp0Wex4S3KauIAfX-r6B0kfHZazx2s7-5zB1g=w426-h240-k-no,true,"https://www.google.com/maps/search/tree+service+businesses+in+High+Point+Greensboro+NC/@35.9556923,-80.0053176,14z",2026-04-29T05:41:23.127Z,8 am–7 pm,8 pm–12 am,12 am–7 pm,9 am–4 pm,9 am–4 pm,8 am–7 pm,8 am–7 pm,,,,
https://www.google.com/maps/place/A.Perez+Tree+Service+L.L.C./data=!4m7!3m6!1s0x88530eac2543fe2b:0x2a0950a1eee05f90!8m2!3d35.9398147!4d-80.0038146!16s%2Fg%2F11dyb9wpz4!19sChIJK_5DJawOU4gRkF_g7qFQCSo,A.Perez Tree Service L.L.C.,3.9,15,Tree service,"401 Coltrane Ave, High Point, NC 27260, United States","WXQW+WF High Point, North Carolina, USA",http://www.facebook.com/Apereztreeservice/,+1 336-289-3216,Closed · Opens 9 am,https://lh3.googleusercontent.com/gps-cs-s/APNQkAFk1nsUBoRYbTvJqbS2eiVYEohhWKXuOoduaOu2nuuVrYPuEIEryrQzCMozmabjhEdfHwP44gZov8HgbGYeK3WJEW44RIeNI3dMDRc9gjAQDjBOJZoAPMIwEDw0_lra0UgGcfm_=w408-h725-k-no,true,"https://www.google.com/maps/search/tree+service+businesses+in+High+Point+Greensboro+NC/@35.9556923,-80.0053176,14z",2026-04-29T05:41:27.941Z,9 am–5 pm,9 am–5 pm,9 am–5 pm,Closed,Closed,9 am–5 pm,9 am–5 pm,,,,
https://www.google.com/maps/place/Crump%E2%80%99s+Stumps-Stump+Grinding+%26+More+LLC/data=!4m7!3m6!1s0x88530947adb28f41:0x95b07fa945a24e57!8m2!3d35.9772098!4d-80.0126874!16s%2Fg%2F11rxtv03s5!19sChIJQY-yrUcJU4gRV06iRal_sJU,Crump’s Stumps-Stump Grinding & More LLC,5.0,19,Tree service,"1409 Blain St, 4529 Oak Hollow Dr, High Point, NC 27262, United States","XXGP+VW High Point, North Carolina, USA",,+1 336-317-5997,Open 24 hours,https://lh3.googleusercontent.com/gps-cs-s/APNQkAGGYP5E3Baz9-fNng8do8HWxE9eFqJLObVgGIPKzgcYY_u5NKM1LFoqigO6EvYuFGM2_4HKQLwPn3iuZWE8T0p-Afxsf3S4bGQ04ds2ye37zdkvQWlw-owRgiaTppo0rXAvZQ-K=w408-h544-k-no,true,"https://www.google.com/maps/search/tree+service+businesses+in+High+Point+Greensboro+NC/@35.9556923,-80.0053176,14z",2026-04-29T05:41:32.730Z,Open 24 hours,Open 24 hours,Open 24 hours,Open 24 hours,Open 24 hours,Open 24 hours,Open 24 hours,,,,
https://www.google.com/maps/place/Golden+Boy+Tree+Service/data=!4m7!3m6!1s0x8853085e0f13e27f:0xbf94a2dacaf0b5f7!8m2!3d36.001018!4d-80.058637!16s%2Fg%2F11hy9pf64q!19sChIJf-ITD14IU4gR97XwytqilL8,Golden Boy Tree Service,3.6,32,Tree service,"1230 Turtle Rock Way, High Point, NC 27265, United States","2W2R+CG High Point, North Carolina, USA",,,,https://lh3.googleusercontent.com/gps-cs-s/APNQkAEITSp0OvRCgLTXx9bqDkJx3THnmEH5_plOUTYqlLOXhCAJgvvHtWNRAIWAi_8sijhHx2GluWVUDwVUpuDvZ23BkJ17r-2UJugfIpzQvmhl1KhA30vA6VxIKDr_w-Xb3wZyvjml=w408-h905-k-no,false,"https://www.google.com/maps/search/tree+service+businesses+in+High+Point+Greensboro+NC/@35.9556923,-80.0053176,14z",2026-04-29T05:41:35.379Z,,,,,,,,,,,
https://www.google.com/maps/place/Ingram%E2%80%99s+Tree+Service/data=!4m7!3m6!1s0x88530d9461695555:0x46f3b77fa33a4291!8m2!3d35.9023059!4d-79.9371943!16s%2Fg%2F11fll61z2c!19sChIJVVVpYZQNU4gRkUI6o3-380Y,Ingram’s Tree Service,4.8,146,Tree service,"1410 Sagewood Ln, Archdale, NC 27263, United States","W327+W4 Archdale, North Carolina, USA",https://www.ingramstreeservice.com/,+1 336-471-4934,Closed · Opens 8 am,https://lh3.googleusercontent.com/gps-cs-s/APNQkAF4Kp6Apc9o0fSqx1N_s73HeYLCHixNViexJIQ3dR0cg0-RF3ZDb6UunITN64RLdeK0HyC3fBAtFUrHOcDgP_QhN63nj3_VZ0lVXfUL6fJO0lImZ58BR_rRFurkUP53R6T7de33ow=w408-h408-k-no,true,"https://www.google.com/maps/search/tree+service+businesses+in+High+Point+Greensboro+NC/@35.9556923,-80.0053176,14z",2026-04-29T05:41:40.668Z,8 am–8 pm,8 am–8 pm,8 am–8 pm,8 am–4 pm,Closed,8 am–8 pm,8 am–8 pm,,,,
https://www.google.com/maps/place/Triad+Precision+Landscaping/data=!4m7!3m6!1s0x885309dac1147a81:0x403109f5273ee53c!8m2!3d35.9947364!4d-80.0120148!16s%2Fg%2F11jcg0tdzl!19sChIJgXoUwdoJU4gRPOU-J_UJMUA,Triad Precision Landscaping,4.8,50,Landscaper,"3160 Windchase Ct, High Point, NC 27265, United States","XXVQ+V5 High Point, North Carolina, USA",https://triadprecisionlandscaping.com/,+1 336-483-4533,Closed · Opens 8 am,https://lh3.googleusercontent.com/gps-cs-s/APNQkAFeelvRBIVOo4uTU-ufwIk7JMkldzWxd0TiKkOBT2nzRID8fK-_h9jlDU0Xknw6-x4XHZZGpoNq5fIcAYwJgMdJRmW43h8_6QMMah5ONmHe_TcdnFJmKxkEjLYKUPr5e1IupbM=w408-h386-k-no,true,"https://www.google.com/maps/search/tree+service+businesses+in+High+Point+Greensboro+NC/@35.9556923,-80.0053176,14z",2026-04-29T05:41:45.457Z,8 am–5 pm,8 am–5 pm,8 am–5 pm,8 am–12 pm,Closed,8 am–5 pm,8 am–5 pm,,,,
https://www.google.com/maps/place/Good+Ole+Boys+Cleanup/data=!4m7!3m6!1s0x88530d762176beb9:0x8423b4284c460b0b!8m2!3d35.9434761!4d-80.0040943!16s%2Fg%2F11j5sr0v_g!19sChIJub52IXYNU4gRCwtGTCi0I4Q,Good Ole Boys Cleanup,4.9,153,Junk removal service,"805 S Elm St, High Point, NC 27260, United States","WXVW+99 High Point, North Carolina, USA",https://goodoleboyscleanup.com/,+1 336-586-5295,Closed · Opens 8 am,https://lh3.googleusercontent.com/gps-cs-s/APNQkAGpMQndBbLMr9iCV2WEBzJceeY9XIDY3sboongL62MSkRMGsW-Tawl1wUaZ8-3N964Y8lORNJNgViId3rP6Wywanb90YW3te8F-3aLCryvAugAi6Ibvwt2gf2uXgEYy39U0e5BwdQuWvSKy=w408-h307-k-no,true,"https://www.google.com/maps/search/tree+service+businesses+in+High+Point+Greensboro+NC/@35.9556923,-80.0053176,14z",2026-04-29T05:41:50.135Z,8 am–6 pm,8 am–6 pm,8 am–6 pm,9 am–1 pm,Closed,8 am–6 pm,8 am–6 pm,,,,
https://www.google.com/maps/place/316+Tree+Services+LLC/data=!4m7!3m6!1s0xaae84067c6fc2a01:0xa1107c07737b429!8m2!3d35.915312!4d-79.8790197!16s%2Fg%2F11m6z50dgh!19sChIJASr8xmdA6KoRKbQ3d8AHEQo,316 Tree Services LLC,5.0,8,Tree service,,,https://316trees.net/,+1 336-259-8460,Open 24 hours,https://lh3.googleusercontent.com/gps-cs-s/APNQkAFjj774niA55KAJugN5NtPRgEW_bB4DthOBwxkVYX110YZ_z9UVZso86XbkSxROdJTdrHq7_13W15oerk-wd0_r-aogMbVf-3fhpXgssAjzoIG0BW9MkNB_ccNmKePrmNqRiYKCFNZxTgk=w408-h541-k-no,true,"https://www.google.com/maps/search/tree+service+businesses+in+High+Point+Greensboro+NC/@35.9556923,-80.0053176,14z",2026-04-29T05:41:54.902Z,Open 24 hours,Open 24 hours,Open 24 hours,Open 24 hours,Open 24 hours,Open 24 hours,Open 24 hours,,,,
"https://www.google.com/maps/place/JD+Mills+Expert+Tree+Service+%7C+Tree+Service+in+High+Point,+NC/data=!4m7!3m6!1s0x88530b552f8f0f41:0x724e8fcc39e97e89!8m2!3d35.9084504!4d-80.0449231!16s%2Fg%2F11xv1mdgd1!19sChIJQQ-PL1ULU4gRiX7pOcyPTnI","JD Mills Expert Tree Service | Tree Service in High Point, NC",5.0,6,Tree service,"5624 Old Thomasville Rd, Archdale, NC 27263, United States","WX54+92 Archdale, North Carolina, USA",https://www.millsexperttreeservice.net/,+1 336-431-8162,"Closed · Opens 6 am

Confirmed by this business 4 weeks ago",https://lh3.googleusercontent.com/gps-cs-s/APNQkAGOLDEA8_qoHXxd4paYg5r_Vn_P_cBhkPpI8bwIfRtCzdNydnw4Ibxh9qHwRgm5g6ZQ_anuwkdRaAzavtd24sypb71SsNqXDgVOIjrSdndO01SJdFXFjVo5IES6j-lYf49F_VljvJzOvbNz=w408-h273-k-no,true,"https://www.google.com/maps/search/tree+service+businesses+in+High+Point+Greensboro+NC/@35.9556923,-80.0053176,14z",2026-04-29T05:41:59.768Z,6 am–10 pm,6 am–10 pm,6 am–10 pm,6 am–8 pm,Closed,6 am–10 pm,6 am–10 pm,LGBTQ+ friendly,,,
https://www.google.com/maps/place/Carolina+Mulching+Co./data=!4m7!3m6!1s0x88530baa212f5127:0x939bf11c63d99e51!8m2!3d35.9312587!4d-80.034146!16s%2Fg%2F11k_jp70h4!19sChIJJ1EvIaoLU4gRUZ7ZYxzxm5M,Carolina Mulching Co.,4.9,27,Forestry service,"2437 W English Rd, High Point, NC 27262, United States","WXJ8+G8 High Point, North Carolina, USA",https://www.carolinamulching.com/,+1 336-905-0064,"Closed · Opens 7:30 am

Confirmed by this business 2 weeks ago",https://lh3.googleusercontent.com/gps-cs-s/APNQkAEKafIZ04PPabgS3YKp-7hw2JIf55MbSYfh3fM99rx_GfMH-p5BwhxDWbhmCg_7MG9_eN1Aq_Lw5YrHBhU8QO58oArrif6FkCs0VOIhpixc_FOO2-Rxlv3BnR0GA1vLELVcOjcwxw=w408-h306-k-no,true,"https://www.google.com/maps/search/tree+service+businesses+in+High+Point+Greensboro+NC/@35.9556923,-80.0053176,14z",2026-04-29T05:42:04.726Z,7:30 am–5 pm,7:30 am–5 pm,7:30 am–5 pm,Closed,Closed,7:30 am–5 pm,7:30 am–5 pm,,,,
https://www.google.com/maps/place/Brown%27s+Stump+Removal/data=!4m7!3m6!1s0x885256f62d6a4749:0x74453649f629eb3!8m2!3d36.15258!4d-80.2436404!16s%2Fg%2F11cls8x3gt!19sChIJSUdqLfZWUogRs55in2RTRAc,Brown's Stump Removal,5.0,124,Tree service,,,https://brownstumpremoval.com/,+1 336-480-8598,Closed · Opens 8 am,https://lh3.googleusercontent.com/gps-cs-s/APNQkAGrnPAGhvgsqWDsI_WLoegjHhnL59zQhpeUmLtDsWkTcSzG2UXjzggXKw7izFlH7_RZWVw9fMn8CaGo2vpqu77H7LsGfLM3Ed42ACvW8phEJ43zNjYlWMIsMdAetUkhrevTVquWYwtkzQU=w408-h408-k-no,true,"https://www.google.com/maps/search/tree+service+businesses+in+High+Point+Greensboro+NC/@35.9556923,-80.0053176,14z",2026-04-29T05:42:09.636Z,8 am–8 pm,8 am–8 pm,8 am–8 pm,8 am–8 pm,Closed,8 am–8 pm,8 am–8 pm,,,,
"https://www.google.com/maps/place/Brad%E2%80%99s+Tree,+Lawn+%26+Garden/data=!4m7!3m6!1s0x88530a4dade2ff03:0x7ef3b9b0171a440!8m2!3d35.1705075!4d-79.86097!16s%2Fg%2F11g6p0qqbd!19sChIJA__irU0KU4gRQKRxAZs77wc","Brad’s Tree, Lawn & Garden",4.4,14,Tree service,,,,+1 336-762-3100,Open 24 hours,https://lh3.googleusercontent.com/gps-cs-s/APNQkAFeJG7VMxx-moR2V04K_KTrKQ1SI3DZnwGWXjFaOl6Y7xFc5k1GXqXD9P5DqeQvNrqkV3eAA_GeuUkCriznrYxlomHA68rm9eksEzesgB-4UkrujFNr7gjjkovsNM6KIRqXEaczAIy1D013=w408-h544-k-no,true,"https://www.google.com/maps/search/tree+service+businesses+in+High+Point+Greensboro+NC/@35.9556923,-80.0053176,14z",2026-04-29T05:42:14.384Z,Open 24 hours,Open 24 hours,Open 24 hours,Open 24 hours,Open 24 hours,Open 24 hours,Open 24 hours,,,,
https://www.google.com/maps/place/Stanley%27s+Simply+Green+Lawn/data=!4m7!3m6!1s0x885308d08538509f:0x73f50615028b424d!8m2!3d35.9844589!4d-80.0193447!16s%2Fg%2F1vy7h8f3!19sChIJn1A4hdAIU4gRTUKLAhUG9XM,Stanley's Simply Green Lawn,4.9,15,Lawn care service,"265 Eastchester Dr, High Point, NC 27262, United States","XXMJ+Q7 High Point, North Carolina, USA",http://stanleysimplygreen.com/,+1 336-687-3922,Closed · Opens 8 am,https://lh3.googleusercontent.com/gps-cs-s/APNQkAE6GYaezogK7_NNQUUyyOV8OtOoIb2F7TlW4fsZTznedgro6vz7zS9drvWZV2i0HWvGvXnJYamXnqJl-nO5RFK71-8nI7qHbAw_jN61DbvG9zttfDDCL3YU9xNdKNZwxXVBdILO=w408-h544-k-no,false,"https://www.google.com/maps/search/tree+service+businesses+in+High+Point+Greensboro+NC/@35.9556923,-80.0053176,14z",2026-04-29T05:42:19.057Z,8 am–8 pm,8 am–8 pm,8 am–8 pm,8 am–8 pm,Closed,8 am–8 pm,8 am–8 pm,,,,
https://www.google.com/maps/place/Cheap+Tree+5000/data=!4m7!3m6!1s0x4e31fe9a7dcc47bd:0xcef105324bf081aa!8m2!3d36.009825!4d-79.4284515!16s%2Fg%2F11vk4lv66y!19sChIJvUfMfZr-MU4RqoHwSzIF8c4,Cheap Tree 5000,5.0,108,Tree service,,,,+1 336-780-2455,Open 24 hours,https://lh3.googleusercontent.com/gps-cs-s/APNQkAERpmFlYidxz0Kt_vFvlGqy6LrxCQg0QdLlYUZnNVk0FLjVE23d8RPapKnIIRO67N3w45N-xH9Xbdjx8n0KAMkGrsBcH721HfiRcmgZjy6kNk7LvxxZYNmTa6jc_0e9rTiQUDot=w408-h535-k-no,true,"https://www.google.com/maps/search/tree+service+businesses+in+High+Point+Greensboro+NC/@35.9556923,-80.0053176,14z",2026-04-29T05:42:23.767Z,Open 24 hours,Open 24 hours,Open 24 hours,Open 24 hours,Open 24 hours,Open 24 hours,Open 24 hours,,,,
https://www.google.com/maps/place/Lawn+Masters/data=!4m7!3m6!1s0x6a3b97c1820c1819:0xa8fece9493d62528!8m2!3d35.9092081!4d-80.137497!16s%2Fg%2F11ss6gtpk_!19sChIJGRgMgsGXO2oRKCXWk5TO_qg,Lawn Masters,5.0,1,Lawn care service,,,,+1 336-960-6707,Closed · Opens 7 am,https://lh3.googleusercontent.com/gps-cs-s/APNQkAFMv-fTkzabg_TZKVnurstS_KoYv1lLBco8k20gEtpYLX2DZOZcv-A2nhqrztkCxBW0hrT6lFeQ_E0qPJwxB3JkhuyLqtnGbw7WSHlZKZalOACZhwXdFSobv60sjq_omxqwSZNf1w=w408-h544-k-no,true,"https://www.google.com/maps/search/tree+service+businesses+in+High+Point+Greensboro+NC/@35.9556923,-80.0053176,14z",2026-04-29T05:42:28.679Z,7 am–5 pm,7 am–5 pm,7 am–5 pm,7 am–5 pm,Closed,7 am–5 pm,7 am–5 pm,,,,
https://www.google.com/maps/place/BR+Tree+Service+LLC/data=!4m7!3m6!1s0xd4376443148c7ad:0x2ac1d72cdf285efe!8m2!3d35.913772!4d-79.5691024!16s%2Fg%2F11yhsttbvm!19sChIJrcdIMUR2Qw0R_l4o3yzXwSo,BR Tree Service LLC,5.0,9,Arborist service,,,,+1 336-454-9412,Open 24 hours,https://lh3.googleusercontent.com/gps-cs-s/APNQkAHRcRCMq_YOEFXTxZ7YpqlPuTEtVMrnaNJktdGhDuQf2G-J4zmiusS7aA2RUt0MDQ8-4VVbBnFLgqkOY52bGx7N-7YaMeJV6h4NuX-sxjZ60mSTz7Fuh_uNMoa9DiQSKHNsu6-3z7JKZoKa=w408-h883-k-no,true,"https://www.google.com/maps/search/tree+service+businesses+in+High+Point+Greensboro+NC/@35.9556923,-80.0053176,14z",2026-04-29T05:42:33.277Z,Open 24 hours,Open 24 hours,Open 24 hours,Open 24 hours,Open 24 hours,Open 24 hours,Open 24 hours,,,,
https://www.google.com/maps/place/Kerf+Tree+Services+LLC/data=!4m7!3m6!1s0x866179314b71606f:0x79078c38b0fac5c7!8m2!3d35.9323895!4d-79.9983986!16s%2Fg%2F11wb3v4c6j!19sChIJb2BxSzF5YYYRx8X6sDiMB3k,Kerf Tree Services LLC,5.0,12,Tree service,,,https://www.kerftreeservices.com/,+1 336-688-5530,Closed · Opens 6:30 am,https://lh3.googleusercontent.com/gps-cs-s/APNQkAHhqV1ZhW4NFL85iv_Om7RMxDrQqILgLpC8OJ1uACcyFKCDXLcuSAiaX7TjD1er0R1H5AuMBg_mQ2hGpj6D4mq4P7OZC0DTB-tHF47pAJls5QRSwQPE5Cj0MjcnJsHQZijdmlEy=w408-h725-k-no,true,"https://www.google.com/maps/search/tree+service+businesses+in+High+Point+Greensboro+NC/@35.9556923,-80.0053176,14z",2026-04-29T05:42:38.028Z,6:30 am–6:30 pm,6:30 am–6:30 pm,6:30 am–12 pm,9 am–12 pm,Closed,6:30 am–6:30 pm,6:30 am–6:30 pm,,,,
https://www.google.com/maps/place/Spruce+Landscape+Management+Inc/data=!4m7!3m6!1s0x8853094af0361111:0xaf0b7bb7d7c031c!8m2!3d35.9527097!4d-80.0109415!16s%2Fg%2F1ts1nbdc!19sChIJERE28EoJU4gRHAN8fbu38Ao,Spruce Landscape Management Inc,5.0,3,Landscape designer,"521 W Green Dr, High Point, NC 27260, United States","XX3Q+3J High Point, North Carolina, USA",http://www.sprucelm.com/,+1 336-889-5296,,https://lh3.googleusercontent.com/gps-cs-s/APNQkAFtONq_XKEVrNUdO9G55uwbrGcdPpf6apc-uozdZfNyX15lqsi7tBRrDoZ14TGBkzoVPNtIcgwLKlVBBLISqO6YsxCObs3KeqrFiQLONEJ9zSCWYZyfJw-6il27eIf-iSiZSLeQ=w426-h240-k-no,false,"https://www.google.com/maps/search/tree+service+businesses+in+High+Point+Greensboro+NC/@35.9556923,-80.0053176,14z",2026-04-29T05:42:40.587Z,,,,,,,,,,,
https://www.google.com/maps/place/Sanders+Tree+Solutions/data=!4m7!3m6!1s0x8853a72f91c9bfc3:0xa9dd5cbf4c34dec5!8m2!3d35.9535316!4d-80.134634!16s%2Fg%2F11hbpxks46!19sChIJw7_JkS-nU4gRxd40TL9c3ak,Sanders Tree Solutions,5.0,43,Tree service,"255 John Green Rd, Thomasville, NC 27360, United States","XV38+C4 Thomasville, North Carolina, USA",https://www.sanderstreenc.com/,+1 336-442-5033,Open 24 hours,https://lh3.googleusercontent.com/gps-cs-s/APNQkAH8_WhltgBKEvGr-fcyCFNP1TUslo4LK439CBdUe6BnrAtVZDo6fxEECBFADxPWwypNP2dbItfHr8zJYwI5_-5zqHg7QLP4Cq3G7Rx4-dPMBDIiHYv-dybT1JfaS0oiEztUJJk=w408-h544-k-no,true,"https://www.google.com/maps/search/tree+service+businesses+in+High+Point+Greensboro+NC/@35.9556923,-80.0053176,14z",2026-04-29T05:42:45.538Z,Open 24 hours,Open 24 hours,Open 24 hours,Open 24 hours,Open 24 hours,Open 24 hours,Open 24 hours,,,,
https://www.google.com/maps/place/Solid+Concrete+%26+Grading+LLC/data=!4m7!3m6!1s0x4e40c5bd566f863b:0x5096b80f1af668a4!8m2!3d35.1705075!4d-79.86097!16s%2Fg%2F11wvfpy0rs!19sChIJO4ZvVr3FQE4RpGj2Gg-4llA,Solid Concrete & Grading LLC,5.0,3,Concrete contractor,,,https://solidcarolina.com/,+1 336-989-6654,Open 24 hours,https://lh3.googleusercontent.com/gps-cs-s/APNQkAHOCbYOSEApM0a-45nf0a1UCzz0W-Udu8_zW7WPmCYiEf8JL9BdcmWSw5zNPNwRa7at2xIjjuEBv7okyUbFxsRDtmNnY1wnyUpiaqnLGQ7i4mMBEm5MICjzht_nsj9BBp_vtocLOPbS0U0=w408-h306-k-no,true,"https://www.google.com/maps/search/tree+service+businesses+in+High+Point+Greensboro+NC/@35.9556923,-80.0053176,14z",2026-04-29T05:42:50.562Z,Open 24 hours,Open 24 hours,Open 24 hours,Open 24 hours,Open 24 hours,Open 24 hours,Open 24 hours,,,,
https://www.google.com/maps/place/J+L+Lawn+%26+Landscaping+Inc/data=!4m7!3m6!1s0x88530eb67f312fd5:0xb30f7a839479019!8m2!3d35.9514485!4d-80.0032542!16s%2Fg%2F1v1slycg!19sChIJ1S8xf7YOU4gRGZBHOaj3MAs,J L Lawn & Landscaping Inc,2.5,2,Landscaper,"427 S Wrenn St, High Point, NC 27260, United States","XX2W+HM High Point, North Carolina, USA",https://jlexm.com/,+1 336-442-1613,,https://streetviewpixels-pa.googleapis.com/v1/thumbnail?panoid=rtuUTVgdoGlMgztq_yk8nw&cb_client=search.gws-prod.gps&w=408&h=240&yaw=81.149445&pitch=0&thumbfov=100,false,"https://www.google.com/maps/search/tree+service+businesses+in+High+Point+Greensboro+NC/@35.9556923,-80.0053176,14z",2026-04-29T05:42:53.039Z,,,,,,,,,,,
"https://www.google.com/maps/place/Dixon+Teams,+LLC/data=!4m7!3m6!1s0x2399ee20a5a5981f:0x3d0ffcb7b89090b8!8m2!3d35.1705075!4d-79.86097!16s%2Fg%2F11shm3bn0l!19sChIJH5ilpSDumSMRuJCQuLf8Dz0","Dixon Teams, LLC",5.0,7,Landscape designer,,,https://www.dixonteamsllc.com/,+1 336-276-3406,Closed · Opens 9 am,https://lh3.googleusercontent.com/gps-cs-s/APNQkAFU4s2CprJk3hHoq3aDOnrZX4burVXgM2ghWnxWgWABk6HoHeWDXCe_KhraHAYNkNKm0DLGCO9ianb03v3ReNf003pSk4JPygJSpDexQZMTj6rClG-RkmcioQ8nUuhWeUW03Uam7w=w426-h240-k-no,true,"https://www.google.com/maps/search/tree+service+businesses+in+High+Point+Greensboro+NC/@35.9556923,-80.0053176,14z",2026-04-29T05:42:57.821Z,9 am–5 pm,9 am–5 pm,9 am–5 pm,Closed,Closed,9 am–5 pm,9 am–5 pm,Identifies as veteran-owned,,,
https://www.google.com/maps/place/Tree+Monkeys+Tree+Service/data=!4m7!3m6!1s0x88530f480549fd8b:0x5cb3f21ec38855e3!8m2!3d36.609445!4d-79.744128!16s%2Fg%2F11c514phpl!19sChIJi_1JBUgPU4gR41WIwx7ys1w,Tree Monkeys Tree Service,4.3,26,Tree service,,,http://www.facebook.com/treemonkeyststm,+1 336-803-3601,Closed · Opens 8 am,https://lh3.googleusercontent.com/gps-cs-s/APNQkAGO7GTqSVlY5IqSMCqVUvfd9qymfQ2Vh15c9w1R4yRgGkmnBHE3wkjV-nlg3QCmos_pWpx8z2_c8NrksXe55hzlqXb66gIQj_V97yh4cYSdE5MuCyoTtP_PAHLTQ3kg4tFxVO9U6g=w426-h240-k-no,true,"https://www.google.com/maps/search/tree+service+businesses+in+High+Point+Greensboro+NC/@35.9556923,-80.0053176,14z",2026-04-29T05:43:02.613Z,8 am–9 pm,8 am–9 pm,8 am–9 pm,8 am–9 pm,8 am–8 pm,8 am–9 pm,8 am–9 pm,,,,
https://www.google.com/maps/place/Beeson+Hardware+Co/data=!4m7!3m6!1s0x88530ef9cf8a5d29:0xab6b369c1281a707!8m2!3d35.9641495!4d-79.967541!16s%2Fg%2F1tdzrvhp!19sChIJKV2Kz_kOU4gRB6eBEpw2a6s,Beeson Hardware Co,4.3,63,Hardware store,"201 Sheffield St, High Point, NC 27260, United States","X27J+MX High Point, North Carolina, USA",http://www.beesonhardware.com/,+1 336-821-2100,Closed · Opens 7 am,https://lh3.googleusercontent.com/gps-cs-s/APNQkAFv7_3TFZYOvki9GPX1gMUlt6rRxfwWYtAY6g6eKld-GQ2-1wTYqJr2LLa9MTnCfjXbsUrGaClTQtBWy1GSdYLyLILqAPPqnydE_u1ozKMr1fut9wIaaFO6ge6IbE1YksqAcovSNQ=w408-h255-k-no,true,"https://www.google.com/maps/search/tree+service+businesses+in+High+Point+Greensboro+NC/@35.9556923,-80.0053176,14z",2026-04-29T05:43:07.465Z,7 am–4 pm,7 am–4 pm,7 am–3 pm,Closed,Closed,7 am–4 pm,7 am–4 pm,,· Delivery,,
https://www.google.com/maps/place/Well+Done+Property+Appeal/data=!4m7!3m6!1s0x88530f2465f2c7dd:0x62aa754445d7f62e!8m2!3d34.299404!4d-78.6673159!16s%2Fg%2F11lqd15wxb!19sChIJ3cfyZSQPU4gRLvbXRUR1qmI,Well Done Property Appeal,5.0,1,Lawn care service,,,,+1 910-317-5589,Closed · Opens 9 am,https://lh3.googleusercontent.com/gps-cs-s/APNQkAGRbkwpeAibdRr-9XxNao7NiMbAoeNLFdF9DmA--gnhJUpoF0Y7lyZJd8o2cpuCoErB95pAzw8skuKtk6myKvedsh7dFeJ6Pwgu3JXJjFlUTN2FCxLDDVe-bZL6N7IVpx9MFn0=w408-h544-k-no,true,"https://www.google.com/maps/search/tree+service+businesses+in+High+Point+Greensboro+NC/@35.9556923,-80.0053176,14z",2026-04-29T05:43:12.447Z,9 am–5 pm,9 am–5 pm,9 am–5 pm,Closed,Closed,9 am–5 pm,9 am–5 pm,Identifies as women-owned,,true,
"https://www.google.com/maps/place/Highlands+Tree+Service,+LLC/data=!4m7!3m6!1s0x88531f6fa01e7ac7:0xaf4cde01229d2bc8!8m2!3d36.0936121!4d-79.766813!16s%2Fg%2F11zkgxx7d4!19sChIJx3oeoG8fU4gRyCudIgHeTK8","Highlands Tree Service, LLC",,,Tree service,"1800 Gatewood Ave, Greensboro, NC 27405, United States","36VM+C7 Greensboro, North Carolina, USA",https://www.highlandstreeservicellc.com/,+1 984-538-0244,Closed · Opens 8 am,https://streetviewpixels-pa.googleapis.com/v1/thumbnail?panoid=QK686wTZHszIJpvwYZjonw&cb_client=search.gws-prod.gps&w=408&h=240&yaw=32.91998&pitch=0&thumbfov=100,false,"https://www.google.com/maps/search/tree+service+businesses+in+High+Point+Greensboro+NC/@35.9556923,-80.0053176,14z",2026-04-29T05:43:17.141Z,8 am–5 pm,8 am–5 pm,8 am–5 pm,8 am–3 pm,Closed,8 am–5 pm,8 am–5 pm,,,,
https://www.google.com/maps/place/Sweetgum+Tree+Service+LLC/data=!4m7!3m6!1s0x4abb90f2ebda7f7b:0x3a841a410bec2db0!8m2!3d35.9641039!4d-80.016896!16s%2Fg%2F11yz7lky_j!19sChIJe3_a6_KQu0oRsC3sC0EahDo,Sweetgum Tree Service LLC,5.0,6,Tree service,,,,+1 336-686-5623,Closed · Opens 8 am,https://lh3.googleusercontent.com/gps-cs-s/APNQkAFTen7AHiL-rSx0QAaPCboMkISquBZWU8thrB4qjnxukilbMVaGcEiz0fgquuUIdhAEVjb4vcVxt7KHL7lI6wj01RGlsnVBigN_zIbdKh5lNZlG3uLcVjnPWiS5MdpIDKnhHfmtXrk0VYmB=w408-h538-k-no,true,"https://www.google.com/maps/search/tree+service+businesses+in+High+Point+Greensboro+NC/@35.9556923,-80.0053176,14z",2026-04-29T05:43:21.770Z,8 am–5 pm,8 am–5 pm,8 am–5 pm,8 am–5 pm,Closed,8 am–5 pm,8 am–5 pm,,,,
"https://www.google.com/maps/place/Hjaskberg,+LLC/data=!4m7!3m6!1s0x88530f270c9ef6c1:0x89bffda05b22994f!8m2!3d36.0636701!4d-79.8414545!16s%2Fg%2F11hfbjqxy5!19sChIJwfaeDCcPU4gRT5kiW6D9v4k","Hjaskberg, LLC",,,Landscaper,,,,+1 336-967-1610,Closed · Opens 8 am,https://lh3.googleusercontent.com/gps-cs-s/APNQkAF9e0u2UwAq0q8RB9Vvh08ydqVQ9nrMkNOZpEUn-GnhDbKIVofXEVhdcvlcjM_qwAyc-LuG7Ko131UIYutEWHQ0371iT4JxNkaRAln3jE841xQgXcJFPtZv2AOQ2CxEZ4q_aPZnCg=w408-h271-k-no,true,"https://www.google.com/maps/search/tree+service+businesses+in+High+Point+Greensboro+NC/@35.9556923,-80.0053176,14z",2026-04-29T05:43:26.308Z,8 am–8 pm,8 am–8 pm,8 am–8 pm,9 am–5 pm,9 am–5 pm,8 am–8 pm,8 am–8 pm,,,,
https://www.google.com/maps/place/Rick%27s+Lawncare+Service+LLC/data=!4m7!3m6!1s0x88530f046c32f7d9:0x541e20d91d6b7d1f!8m2!3d36.0231835!4d-79.874052!16s%2Fg%2F11r2d9ngcl!19sChIJ2fcybAQPU4gRH31rHdkgHlQ,Rick's Lawncare Service LLC,5.0,40,Lawn care service,,,,+1 336-338-8280,Closed · Opens 8 am,https://lh3.googleusercontent.com/gps-cs-s/APNQkAFw8URMPgEK3Y37RqFDfjAVuK08CSN9St0d8Y6w60rppTAtR9qp4r409fC1ma3Mthl8ZQUL1lsHheemNVcKs853CZI8RRTgxAM7eW8gj5NxZsG9M8g-OO3RZo3RBPgFGSPOwKX8VA=w426-h240-k-no,true,"https://www.google.com/maps/search/tree+service+businesses+in+High+Point+Greensboro+NC/@35.9556923,-80.0053176,14z",2026-04-29T05:43:31.101Z,8 am–5:30 pm,8 am–5:30 pm,8 am–5:30 pm,9 am–5 pm,Closed,8 am–5:30 pm,8 am–5:30 pm,,,,
https://www.google.com/maps/place/The+People%27s+Limo+Service/data=!4m7!3m6!1s0x88530eca5c97f6bd:0x7657885d8fc12c70!8m2!3d36.0045905!4d-79.9842985!16s%2Fg%2F1tl7pdz7!19sChIJvfaXXMoOU4gRcCzBj12IV3Y,The People's Limo Service,3.7,3,Limousine service,,,,,Open 24 hours,https://lh3.googleusercontent.com/gps-cs-s/APNQkAEs_H--2ORuzbrPKwKRy57-iOWkumWLotPvxQUKrwzw8V8urjUt4EV3QsdAKDmNKK56y9n2VN3WLRBFuqlbYaAV4qnff1bK_VaLyBedRjis3j-_ZeZ-FBmM7X3qf25DANvm7g=w408-h306-k-no,true,"https://www.google.com/maps/search/tree+service+businesses+in+High+Point+Greensboro+NC/@35.9556923,-80.0053176,14z",2026-04-29T05:43:36.140Z,Open 24 hours,Open 24 hours,Open 24 hours,Open 24 hours,Open 24 hours,Open 24 hours,Open 24 hours,,,,
https://www.google.com/maps/place/Vali%27s+Roofing+and+Remodeling+LLC/data=!4m7!3m6!1s0xaf023d947d49f6f1:0x4dcee3a67ee789fb!8m2!3d36.0280524!4d-79.7845276!16s%2Fg%2F11z1x96cvt!19sChIJ8fZJfZQ9Aq8R-4nnfqbjzk0,Vali's Roofing and Remodeling LLC,5.0,2,Remodeler,,,https://valiroofingandremodeling.com/,+1 336-214-8103,Closed · Opens 7 am,https://lh3.googleusercontent.com/gps-cs-s/APNQkAHKRk7aNfQ7Za9NphrwZkNleRbylXGl3vCEqGXmFLNFeviLto3eqNLOAdgPn2-MvWhKzcKX7eRMCkpT4ASNaHmqGKfF-6Eb03gGXUlRrNMMQNDLbzwjqHAEe7cznJ2NxN3WAOjKUnSyBKM=w408-h261-k-no,true,"https://www.google.com/maps/search/tree+service+businesses+in+High+Point+Greensboro+NC/@35.9556923,-80.0053176,14z",2026-04-29T05:43:40.845Z,7 am–7 pm,7 am–7 pm,7 am–7 pm,7 am–7 pm,7 am–7 pm,7 am–7 pm,7 am–7 pm,,,,
https://www.google.com/maps/place/Garcia+General+Construction+%26+Repair/data=!4m7!3m6!1s0x83202eee259dd213:0xfb70021e3840c7e9!8m2!3d35.9298606!4d-79.257182!16s%2Fg%2F11sb0jycx8!19sChIJE9KdJe4uIIMR6cdAOB4CcPs,Garcia General Construction & Repair,5.0,12,Construction company,,,https://garciageneralconstructionandrepairllc.com/,+1 919-824-4650,Open 24 hours,https://lh3.googleusercontent.com/gps-cs-s/APNQkAHoAuVtq9PoE78w1nFDtq6cQYjfk4Y-l7CFMamGAOssSObd5Qk42alGpjexilXDgHGyvghtTXMuVKvV7UNYT51fNJlfQp1H_TWu0fKzOGIxstb8hoDDsmxVbTkCGN_LAOxnzLkZsFMMSpxX=w408-h544-k-no,true,"https://www.google.com/maps/search/tree+service+businesses+in+High+Point+Greensboro+NC/@35.9556923,-80.0053176,14z",2026-04-29T05:43:52.280Z,Open 24 hours,Open 24 hours,Open 24 hours,Open 24 hours,Open 24 hours,Open 24 hours,Open 24 hours,LGBTQ+ friendly,,,
https://www.google.com/maps/place/urban+logistics/data=!4m7!3m6!1s0x88530957252e7711:0x21ace98b2b5a951c!8m2!3d36.609445!4d-79.744128!16s%2Fg%2F1tjdmfpt!19sChIJEXcuJVcJU4gRHJVaK4vprCE,urban logistics,2.3,3,Courier service,,,,+1 919-633-5320,,https://lh3.googleusercontent.com/gps-cs-s/APNQkAGu60WXobhM11xQnKXv6gVdEdq9NluMkJOkNI5AXtVb5vTv5kUCGXhfFjkOtqO6r3sWSyu3hbZe0WKiZuLWyykoLnRXhqpF2TewGE23S4k9A5EC3oe5PagbtzL_vDoz--Bslb8xbw=w408-h255-k-no,true,"https://www.google.com/maps/search/tree+service+businesses+in+High+Point+Greensboro+NC/@35.9556923,-80.0053176,14z",2026-04-29T05:43:55.264Z,,,,,,,,,,,
https://www.google.com/maps/place/Hero+Mold+Company/data=!4m7!3m6!1s0x88530fdd308f20a9:0x518856ce00ccaf75!8m2!3d35.989203!4d-79.959262!16s%2Fg%2F11fq0p2603!19sChIJqSCPMN0PU4gRda_MAM5WiFE,Hero Mold Company,4.9,33,Waterproofing service,,,https://heromoldcompany.com/high-point/,+1 336-203-7212,Open 24 hours,https://lh3.googleusercontent.com/gps-cs-s/APNQkAF-cgGA84RJJC4Wp_vQpsw4witvWUwl_YPkYJG0LMLvYaVt9Ivet0gTatNKfI5k0PVPqv6jVtJH5GWThmrFAQ3831x5ELmy3fMDZktYqR-f8VU6OGS7bQqmLT8NfPPJGKA0gvap0g=w408-h272-k-no,true,"https://www.google.com/maps/search/tree+service+businesses+in+High+Point+Greensboro+NC/@35.9556923,-80.0053176,14z",2026-04-29T05:43:59.932Z,Open 24 hours,Open 24 hours,Open 24 hours,Open 24 hours,Open 24 hours,Open 24 hours,Open 24 hours,,,,
https://www.google.com/maps/place/Molina%27s+Home+repairs+llc/data=!4m7!3m6!1s0x88530f0d583a79a5:0x3ac6cf7527c964e6!8m2!3d36.0247235!4d-79.9983986!16s%2Fg%2F11jgsbm2_n!19sChIJpXk6WA0PU4gR5mTJJ3XPxjo,Molina's Home repairs llc,5.0,2,Deck builder,,,http://molinashomerepair.com/?utm_source=gmb&utm_medium=referral,+1 336-253-9983,Open 24 hours,https://lh3.googleusercontent.com/gps-cs-s/APNQkAEwagI-q8wG6p6lCJw11OAFN06OZ10wDF54NnlgHXCp9R6Ajyy7hB74nTWIu8mqrXfHKL5TDFmzgKEFyWZIsBZQ31SsZMLW7NQv24axo076LbXd7N5vZGFFoTgEyS2R9ijRstTe=w426-h240-k-no,true,"https://www.google.com/maps/search/tree+service+businesses+in+High+Point+Greensboro+NC/@35.9556923,-80.0053176,14z",2026-04-29T05:44:04.558Z,Open 24 hours,Open 24 hours,Open 24 hours,Open 24 hours,Open 24 hours,Open 24 hours,Open 24 hours,,,,
https://www.google.com/maps/place/Cruz+Remodeling+verified/data=!4m7!3m6!1s0x4745f39668c11b51:0x91a679b1cbf21f12!8m2!3d35.806465!4d-79.9026746!16s%2Fg%2F11vb1b4rrq!19sChIJURvBaJbzRUcREh_yy7F5ppE,Cruz Remodeling verified,1.0,1,Landscaper,,,,+1 336-221-7003,Closed · Opens 7 am,https://lh3.googleusercontent.com/gps-cs-s/APNQkAHSqnqAhcWJz3We1p5QfrQSSks-_dxnC0UgdpuL2udp4NUgEwc9EM8mw-5DL5cVeBwZyQnqAAkBJ54JzxTDAt0bfVPjuWTA3oiofe7XJ6xbwCTReOjcAo3qfjEqSxaky3X0UcE=w408-h306-k-no,true,"https://www.google.com/maps/search/tree+service+businesses+in+High+Point+Greensboro+NC/@35.9556923,-80.0053176,14z",2026-04-29T05:44:09.228Z,7 am–5 pm,7 am–5 pm,7 am–5 pm,7 am–5 pm,Closed,7 am–5 pm,7 am–5 pm,,,,
https://www.google.com/maps/place/Floor+Shield+of+the+Triad/data=!4m7!3m6!1s0x3a2fcac6cfef463:0x21ca5bee11f951a8!8m2!3d36.0274029!4d-79.8498116!16s%2Fg%2F11q3_3z530!19sChIJY_T-bKz8ogMRqFH5Ee5byiE,Floor Shield of the Triad,5.0,16,Flooring contractor,,,https://www.floorshieldtriad.com/,+1 336-891-4585,Closed · Opens 8 am,https://lh3.googleusercontent.com/gps-cs-s/APNQkAEdwmFezPWSig-Skj-ccI6rkRW7aJ7XFIXqS6hNJDUeV-BPVxHdVcA31w6az7LiqjHS2bZXvqqLu37KNOgBwKpRzMsedXvmoq-e_fRs0OgGo75LHH-VlQdxlgVT2SxpYzFcaevQ=w408-h398-k-no,true,"https://www.google.com/maps/search/tree+service+businesses+in+High+Point+Greensboro+NC/@35.9556923,-80.0053176,14z",2026-04-29T05:44:13.962Z,8 am–5 pm,8 am–5 pm,8 am–5 pm,Closed,Closed,8 am–5 pm,8 am–5 pm,LGBTQ+ friendly,,,
https://www.google.com/maps/place/High+Point+McMaster%27s+Family+Flooring/data=!4m7!3m6!1s0x88530f0371050957:0x689fbfa23a08b64c!8m2!3d36.0045905!4d-79.9842985!16s%2Fg%2F11h8fp324w!19sChIJVwkFcQMPU4gRTLYIOqK_n2g,High Point McMaster's Family Flooring,5.0,2,Flooring contractor,,,,,Closed · Opens 8 am,https://lh3.googleusercontent.com/gps-cs-s/APNQkAGF3t6sohAG_LytpLhNwvos52NkLoqqYcRp08aScJgLQrR1VY5NvBUHFhYxGecnsQ3bsrHlG_FQBEQJkqm6vcnpAxtYCVmZglk420suBM-6r9T8TnrH5dXs0vUFyJyassT0PcK5fA=w408-h275-k-no,true,"https://www.google.com/maps/search/tree+service+businesses+in+High+Point+Greensboro+NC/@35.9556923,-80.0053176,14z",2026-04-29T05:44:18.938Z,8 am–7 pm,8 am–7 pm,8 am–7 pm,Closed,Closed,8 am–7 pm,8 am–7 pm,,,,
https://www.google.com/maps/place/Transou%27s+Septic+Tank+Service+%26+Rent-A-Jon/data=!4m7!3m6!1s0x8853b957e7a6fd6f:0x851d6db369dbe9e4!8m2!3d35.9543478!4d-80.0357041!16s%2Fg%2F1tgdp7xf!19sChIJb_2m51e5U4gR5OnbabNtHYU,Transou's Septic Tank Service & Rent-A-Jon,4.8,560,Septic system service,"1407 Chestnut Dr B, High Point, NC 27262, United States","XX37+PP High Point, North Carolina, USA",https://www.transousseptic.com/,+1 336-331-5712,Closed · Opens 8 am,https://lh3.googleusercontent.com/gps-cs-s/APNQkAGJkz-XmhdeT1ZdOfkQJjxE05J96SpqA1sfrdesl8f2O1PnzCIGEuHkqS160F3C7AGffo0LQ2RGzEW3YLee18wxiibT8qDCKgk2Rr6O71GeFYVdOJUH6vtRynZU4jLvGIB3F7w-75JmkT8=w426-h240-k-no,true,"https://www.google.com/maps/search/tree+service+businesses+in+High+Point+Greensboro+NC/@35.9556923,-80.0053176,14z",2026-04-29T05:44:23.872Z,8 am–5 pm,8 am–5 pm,8 am–5 pm,Closed,Closed,8 am–5 pm,8 am–5 pm,,,,
https://www.google.com/maps/place/Hira+Studio/data=!4m7!3m6!1s0x89a9f60ce05c929b:0xb6c212d0eaf6bfa1!8m2!3d36.0785174!4d-79.7896394!16s%2Fg%2F11g6qwbzq1!19sChIJm5Jc4Az2qYkRob_26tASwrY,Hira Studio,5.0,4,Design agency,,,,+1 336-505-9425,Closed · Opens 9 am,https://lh3.googleusercontent.com/gps-cs-s/APNQkAGz_FspK8J7_GSqaSyvxyYiinwelUaAqz2pC5Thiwqt1f3Ml5ajmhw6fooTNYispQO2jGg3dToDJP7p-OnrXpSGF6c0ogzrCiEPCE9E5na5Z-Im6cEs32McLUazLj0yQaN0Ia8=w546-h240-k-no,true,"https://www.google.com/maps/search/tree+service+businesses+in+High+Point+Greensboro+NC/@35.9556923,-80.0053176,14z",2026-04-29T05:44:28.569Z,9 am–5 pm,9 am–5 pm,9 am–5 pm,Closed,Closed,9 am–5 pm,9 am–5 pm,,,,
https://www.google.com/maps/place/AA+Painting+%26+Remodeling/data=!4m7!3m6!1s0x20ba55f695dbc5b9:0xad11bc7c0adb79ed!8m2!3d35.9646025!4d-79.829589!16s%2Fg%2F11vt5kz3_7!19sChIJucXblfZVuiAR7XnbCny8Ea0,AA Painting & Remodeling,5.0,23,Painter,,,https://www.aapaintingandremodeling.com/?utm_source=google&utm_medium=business_profile&utm_campaign=website,+1 336-307-4259,Closed · Opens 8 am,https://lh3.googleusercontent.com/gps-cs-s/APNQkAFZ2GnSTj9Z4u8rn4LCCjWlF0ePOPeZUAyJOmAfwnGMv6JDk4nPoYPjWfu3dOiHjT76YxZWRVGQa9fnQqY-BeXREZAk1umlp8bOVBEmWSGJm96_k6qG3keZD1vXRk-UJ3LUF2bI=w408-h306-k-no,true,"https://www.google.com/maps/search/tree+service+businesses+in+High+Point+Greensboro+NC/@35.9556923,-80.0053176,14z",2026-04-29T05:44:33.319Z,8 am–5 pm,8 am–5 pm,8 am–5 pm,8 am–12 pm,Closed,8 am–5 pm,8 am–5 pm,LGBTQ+ friendly,,,
https://www.google.com/maps/place/Wendell+Construction+LLC/data=!4m7!3m6!1s0x631bb6363c2a6f69:0x5955a62238f0cd6d!8m2!3d36.06521!4d-79.9983986!16s%2Fg%2F11v62zslxm!19sChIJaW8qPDa2G2MRbc3wOCKmVVk,Wendell Construction LLC,5.0,23,Construction company,,,,+1 336-780-0973,Closed · Opens 7 am,https://lh3.googleusercontent.com/gps-cs-s/APNQkAGNzAW6ErC6CNeTjBspIYXrlnmIFmaLXGE27p3tXJtChOsMbUcc7_WyQ34Fwk_th3hXJjWf9-u27N5hVCU27nvfYZsL3JMtIa1fMOWgZ4Cm0GNHHZQ652dUrlFU-4yONTXVb5Tf4gHTWaPD=w408-h306-k-no,true,"https://www.google.com/maps/search/tree+service+businesses+in+High+Point+Greensboro+NC/@35.9556923,-80.0053176,14z",2026-04-29T05:44:38.154Z,7 am–8 pm,7 am–8 pm,7 am–8 pm,7 am–8 pm,Closed,7 am–8 pm,7 am–8 pm,,,,
"https://www.google.com/maps/place/Top+Notch+Tree+n+Stump+Removal/@35.90507,-79.9508209,12z/data=!3m1!4b1!4m6!3m5!1s0x63a271ee144a54a1:0xafa9665c02fe0ad0!8m2!3d35.90507!4d-79.9508209!16s%2Fg%2F11t9v6jtcm",Top Notch Tree n Stump Removal,1.0,1,Tree service,,,,+1 336-965-1206,Closed · Opens 8 am,,true,"https://www.google.com/maps/search/tree+service+businesses+in+High+Point+Greensboro+NC/@35.9556923,-80.0053176,14z",2026-04-29T05:44:45.012Z,8 am–6 pm,8 am–6 pm,8 am–6 pm,Closed,Closed,8 am–6 pm,8 am–6 pm,,,,
"https://www.google.com/maps/place/Craven-Johnson-Pollock,+Inc./data=!4m7!3m6!1s0x8853092d5f93a581:0x71c459670cd803e1!8m2!3d35.9652748!4d-80.0104839!16s%2Fg%2F1td48p72!19sChIJgaWTXy0JU4gR4QPYDGdZxHE","Craven-Johnson-Pollock, Inc.",3.4,62,Real estate agency,"615 B, 615 N Hamilton St, High Point, NC 27262, United States","XX8Q+4R High Point, North Carolina, USA",http://www.cjprealtors.com/,+1 336-884-4555,Closed · Opens 8:30 am,https://streetviewpixels-pa.googleapis.com/v1/thumbnail?panoid=f-4GBAliiLYe80E9qHh8nw&cb_client=search.gws-prod.gps&w=408&h=240&yaw=310.97375&pitch=0&thumbfov=100,true,"https://www.google.com/maps/search/tree+service+businesses+in+High+Point+Greensboro+NC/@35.9556923,-80.0053176,14z",2026-04-29T05:44:49.869Z,8:30 am–5 pm,8:30 am–5 pm,8:30 am–5 pm,Closed,Closed,8:30 am–5 pm,8:30 am–5 pm,,,,
https://www.google.com/maps/place/Custom+Designs+Contracting+Group/data=!4m7!3m6!1s0x8853092813126de7:0x458b4e12b0cbaa9a!8m2!3d36.0231835!4d-79.881846!16s%2Fg%2F1tdzgptp!19sChIJ520SEygJU4gRmqrLsBJOi0U,Custom Designs Contracting Group,4.3,11,Contractor,,,http://customdesignscontracting.net/,+1 336-885-5324,Closed · Opens 9:30 am,https://lh3.googleusercontent.com/gps-cs-s/APNQkAET9PlVmydfoVgmE1YZOvwpBiXcCZFZrmJUZyA4L0aA5uP-TtMWPQcKbR-_mk6yRaL0opBoCdl_rsKZvoyrNfdk-wOad-V7n9_FnPy-nOCyIBS8B074D3pO7PS0OLAy5w3cIuI=w408-h306-k-no,true,"https://www.google.com/maps/search/tree+service+businesses+in+High+Point+Greensboro+NC/@35.9556923,-80.0053176,14z",2026-04-29T05:44:54.523Z,9:30 am–5:30 pm,9:30 am–5:30 pm,9:30 am–2 pm,Closed,Closed,9:30 am–5:30 pm,9:30 am–5:30 pm,,,,
https://www.google.com/maps/place/Carolina+Cookie+Company/data=!4m7!3m6!1s0x88531f34a18f70e9:0x219a0563fbd3bca2!8m2!3d35.9303074!4d-79.9721606!16s%2Fg%2F1tfb2py7!19sChIJ6XCPoTQfU4gRorzT-2MFmiE,Carolina Cookie Company,4.6,953,Cookie shop,"819 Baker Rd, High Point, NC 27263, United States","W2JH+44 High Point, North Carolina, USA",https://www.carolinacookie.com/?utm_source=google&utm_medium=organic&utm_campaign=gmb,+1 800-447-5797,Closed · Opens 8:30 am,https://lh3.googleusercontent.com/gps-cs-s/APNQkAF0rJmvNJDKRDe4RLhMSyDjZ_o1gj4GH5f4lO914LR6avZO7Z3FCaHWaR4d6P0sp_w6eA6oZVFjSz_HVJ5HjKlW9pdR93vz5im_Wg-5WK1CcuxaCRKXz4VNKKu77O9i5bkRsuvI=w408-h473-k-no,true,"https://www.google.com/maps/search/tree+service+businesses+in+High+Point+Greensboro+NC/@35.9556923,-80.0053176,14z",2026-04-29T05:44:59.454Z,8:30 am–5 pm,8:30 am–5 pm,8:30 am–5 pm,Closed,Closed,8:30 am–5 pm,8:30 am–5 pm,,· Takeaway · Delivery · Dine-in,,
https://www.google.com/maps/place/DPJ+Clearing+%26+Grading/data=!4m7!3m6!1s0x2f4f66b7f8767b43:0x41cd3cdbd792ddac!8m2!3d36.004821!4d-79.9648472!16s%2Fg%2F11q3719c90!19sChIJQ3t2-LdmTy8RrN2S19s8zUE,DPJ Clearing & Grading,5.0,7,Excavating contractor,,,,+1 336-688-2694,Closed · Opens 7 am,https://lh3.googleusercontent.com/gps-cs-s/APNQkAG9wqU0X-cfV49YRfab8X4dv0Deah6ruzMMH_5xi_gmin1ipYeA3U9Lu7okCbx8iwaxBC15Ig_lVnJ1xvJlJL_VJvY6QbTVWJg0oi6fDVw4rRGydXjfoireq4s4VMGm3shIZTFhrQ=w408-h544-k-no,true,"https://www.google.com/maps/search/tree+service+businesses+in+High+Point+Greensboro+NC/@35.9556923,-80.0053176,14z",2026-04-29T05:45:04.451Z,7 am–8 pm,7 am–8 pm,7 am–8 pm,7 am–7 pm,Closed,7 am–8 pm,7 am–8 pm,,,,
https://www.google.com/maps/place/Compton%27s+Tree+Service+Inc/data=!4m7!3m6!1s0x88530732ce759f49:0xad05ff668b06c887!8m2!3d36.0814818!4d-80.0526402!16s%2Fg%2F1tfkx00m!19sChIJSZ91zjIHU4gRh8gGi2b_Ba0,Compton's Tree Service Inc,4.9,112,Tree service,"1590 Slate Rd, Kernersville, NC 27284, United States","3WJW+HW Kernersville, North Carolina, USA",https://www.comptonstreeservice.com/,+1 336-993-4069,Open 24 hours,https://lh3.googleusercontent.com/gps-cs-s/APNQkAE76XrwjqakR_5tLUxPepBQ1vOarQMZDFYb48uKFPVVVyd2uCd6MAIXKYXdf4-hVnCyS6Lx4VRPn9s-sy7aF-BKcjTVmbJwrtZQnVHyd1iDIVZ3NxU7Wkm4gzUvdloXEC_WMYdz4GKeiZCO=w408-h306-k-no,true,"https://www.google.com/maps/search/tree+service+businesses+in+Oak+Ridge+Greensboro+NC/@36.1734694,-79.9889277,14z",2026-04-29T05:45:20.238Z,Open 24 hours,Open 24 hours,Open 24 hours,Open 24 hours,Open 24 hours,Open 24 hours,Open 24 hours,,,,
https://www.google.com/maps/place/Lambert%27s+Lawn+Care+%26+Landscape+Design/data=!4m7!3m6!1s0x88531ca3bb423363:0x2bec905ec36c9adf!8m2!3d36.1622862!4d-80.0203292!16s%2Fg%2F1tff3r55!19sChIJYzNCu6McU4gR35psw16Q7Cs,Lambert's Lawn Care & Landscape Design,4.7,15,Landscape designer,"5719 Oakhurst Downs Dr, Oak Ridge, NC 27310, United States","5X6H+WV Oak Ridge, North Carolina, USA",,+1 336-317-5447,Closed · Opens 8 am,https://lh3.googleusercontent.com/gps-cs-s/APNQkAFBafPZYgbCxt3xp9s0Ab2tHIkHSAHgZXnFSqzaxZCVnzuR9FOaXahxYN-_uZoID6OsmptOZgwlHr0g2NdZd75TtCe9z0uTzohtIBuYfaGChw7SiAYwjyR1naFbTSOwxaId2_lx=w425-h240-k-no,true,"https://www.google.com/maps/search/tree+service+businesses+in+Oak+Ridge+Greensboro+NC/@36.1734694,-79.9889277,14z",2026-04-29T05:45:25.425Z,8 am–5 pm,8 am–5 pm,8 am–5 pm,Closed,Closed,8 am–5 pm,8 am–5 pm,,,,
https://www.google.com/maps/place/Curtis+Tree+Service/data=!4m7!3m6!1s0x885306c2ca43d419:0xcaf6c2546f75e394!8m2!3d36.088057!4d-80.042429!16s%2Fg%2F1v_0kftq!19sChIJGdRDysIGU4gRlON1b1TC9so,Curtis Tree Service,4.9,72,Tree service,"718 Steen Rd, Kernersville, NC 27284, United States","3XQ5+62 Kernersville, North Carolina, USA",,+1 336-993-8582,Open 24 hours,https://lh3.googleusercontent.com/gps-cs-s/APNQkAHrM2qZPmTYsgxVEygREoM4s-ILIaxcikMIIBSbz20yVku7CPstknQjK_DOLh3tGO4p_fZVpe3iyMzzIJLi9xGNaIlkEdkLUBI71p-2Hy3Gp59Qqmvg1tE_DO-Z11CAZlo_LhpR=w426-h240-k-no,true,"https://www.google.com/maps/search/tree+service+businesses+in+Oak+Ridge+Greensboro+NC/@36.1734694,-79.9889277,14z",2026-04-29T05:45:36.989Z,Open 24 hours,Open 24 hours,Open 24 hours,Open 24 hours,Open 24 hours,Open 24 hours,Open 24 hours,,,,
https://www.google.com/maps/place/Ferguson+Tree+%26+Property+Maintenance/data=!4m7!3m6!1s0x8852fbe9fea826b9:0xf094ae86ee8d5713!8m2!3d36.296912!4d-79.992348!16s%2Fg%2F11clwcp_bm!19sChIJuSao_un7UogRE1eN7oaulPA,Ferguson Tree & Property Maintenance,3.9,7,Tree service,"450 Stanley Rd, Stokesdale, NC 27357, United States","72W5+Q3 Stokesdale, North Carolina, USA",http://www.fergusontreeandproperty.com/,+1 336-496-2103,Open 24 hours,https://streetviewpixels-pa.googleapis.com/v1/thumbnail?panoid=qqlMVvpC6fZ_V3dwRn3GMA&cb_client=search.gws-prod.gps&w=408&h=240&yaw=222.87682&pitch=0&thumbfov=100,false,"https://www.google.com/maps/search/tree+service+businesses+in+Oak+Ridge+Greensboro+NC/@36.1734694,-79.9889277,14z",2026-04-29T05:45:41.780Z,Open 24 hours,Open 24 hours,Open 24 hours,Open 24 hours,Open 24 hours,Open 24 hours,Open 24 hours,,,,
https://www.google.com/maps/place/Gordon+Landscaping+LLC/data=!4m7!3m6!1s0xae0b17e21b1f58eb:0x3c0d6069d4e35105!8m2!3d36.1837735!4d-80.0468427!16s%2Fg%2F11lyj46fr8!19sChIJ61gfG-IXC64RBVHj1GlgDTw,Gordon Landscaping LLC,5.0,5,Tree service,"0 Pumpkin Ridge Rd, Kernersville, NC 27284, United States","5XM3+G7 Kernersville, North Carolina, USA",http://gordonlandscapingllc.carrd.co/,+1 336-337-5497,,https://lh3.googleusercontent.com/gps-cs-s/APNQkAH5JafcG_usm6LLICy4MgqfbPEzq4_mjVUH3oPcEcw3pHWvr6ldLhoEEYV7GCThV9U9EOQ2D9FfiZihac8yvI9frdeAkUWZwd2aa2wuJBoKm4cXzcUx_IEkidK3BUt2N409Mw939w_epJE=w408-h408-k-no,true,"https://www.google.com/maps/search/tree+service+businesses+in+Oak+Ridge+Greensboro+NC/@36.1734694,-79.9889277,14z",2026-04-29T05:45:44.559Z,,,,,,,,,,,
https://www.google.com/maps/place/Bn+Tree+Service/data=!4m7!3m6!1s0x88531e963903ffff:0xeade2da8b854991e!8m2!3d36.1113862!4d-79.8147579!16s%2Fg%2F11h3vbp77d!19sChIJ__8DOZYeU4gRHplUuKgt3uo,Bn Tree Service,4.3,4,Tree service,"2802 Dellwood Dr, Greensboro, NC 27408, United States","456P+H3 Greensboro, North Carolina, USA",,,,https://streetviewpixels-pa.googleapis.com/v1/thumbnail?panoid=njnCrZ4DzPjx9dN9cW5xDA&cb_client=search.gws-prod.gps&w=408&h=240&yaw=79.56556&pitch=0&thumbfov=100,false,"https://www.google.com/maps/search/tree+service+businesses+in+Oak+Ridge+Greensboro+NC/@36.1734694,-79.9889277,14z",2026-04-29T05:45:47.246Z,,,,,,,,,,,
https://www.google.com/maps/place/Southern+Lawns/data=!4m7!3m6!1s0x88531c23ea96c1d9:0x1337b31ea9e85dc0!8m2!3d36.1794934!4d-79.9975916!16s%2Fg%2F1hc33l4q1!19sChIJ2cGW6iMcU4gRwF3oqR6zNxM,Southern Lawns,5.0,1,Lawn care service,"Oak Ridge, NC 27310, United States","52H2+QX Oak Ridge, North Carolina, USA",https://www.southernlawnsmaintenanceandcare.com/,+1 336-808-1309,Closed · Opens 8 am,https://lh3.googleusercontent.com/gps-cs-s/APNQkAEbBp8PEgMGAcTg2E6128cQRRaESJ7c--3hawdH95rk2PO6xeUv-jIs-07_JsYx1WDZUsoA4ddMnV2-JLHFtq5kpTuVRjU275PPiar_sDqr8VFbZxHpNnGK8IMMtO0XCzcbIRbu=w408-h544-k-no,false,"https://www.google.com/maps/search/tree+service+businesses+in+Oak+Ridge+Greensboro+NC/@36.1734694,-79.9889277,14z",2026-04-29T05:45:51.875Z,8 am–5 pm,8 am–5 pm,8 am–5 pm,8 am–5 pm,Closed,8 am–5 pm,8 am–5 pm,,,,
https://www.google.com/maps/place/Nature%27s+Select%C2%AE+Lawn+Care/data=!4m7!3m6!1s0x88531cbecbee2aa5:0xddb91d9bcdfdcddd!8m2!3d36.1135004!4d-79.9036775!16s%2Fg%2F1hc1j33vq!19sChIJpSruy74cU4gR3c39zZsdud0,Nature's Select® Lawn Care,4.8,87,Lawn care service,"5577 Garden Village Way, Greensboro, NC 27410, United States","437W+CG Greensboro, North Carolina, USA",https://www.naturesselect.com/location/greensboro/?utm_source=google&utm_medium=organic&utm_campaign=gmb-greensboro,+1 336-544-4554,"Closed · Opens 8 am

Confirmed by this business 5 weeks ago",https://lh3.googleusercontent.com/gps-cs-s/APNQkAGhR6cx5DWKpch3QLV_OOoVulysqXr9BqVChvgu_bJVVLAdforeYGXQrfB3aMf2F-lE3lhQcSWypfPYxFDAX1-088q4wyK8wV-Gm0DjjQ4SOJR4TbGJYTBfV3CzBIxM7pOYMXU=w426-h240-k-no,true,"https://www.google.com/maps/search/tree+service+businesses+in+Oak+Ridge+Greensboro+NC/@36.1734694,-79.9889277,14z",2026-04-29T05:45:56.749Z,8 am–5 pm,8 am–5 pm,8 am–5 pm,Closed,Closed,8 am–5 pm,8 am–5 pm,,,,
https://www.google.com/maps/place/Santos+Hardscape+%26+Tree+Services+LLC/data=!4m7!3m6!1s0x885301f1a29d524b:0x5fa9d9caf1fb68c5!8m2!3d35.8379214!4d-80.0185528!16s%2Fg%2F11vqvvpmgd!19sChIJS1KdovEBU4gRxWj78crZqV8,Santos Hardscape & Tree Services LLC,4.9,70,Gardener,,,https://santoshardscapes.com/,+1 336-254-8155,Open · Closes 5 am · Reopens 8 am,https://lh3.googleusercontent.com/gps-cs-s/APNQkAHk0Bjdc-PNfJfz_u9fIDS_sn5T-Ib0h65wDKe2b2LBSX6AGjydro8aar5mmJMn4KEk7bJZkYJMv67gxFcX22kmVWnINtfGEI_h_5j513K_R_vM29SWF1pESTSnP1DPYYQ0_L7lXNJN7MG7=w426-h240-k-no,true,"https://www.google.com/maps/search/tree+service+businesses+in+Oak+Ridge+Greensboro+NC/@36.1734694,-79.9889277,14z",2026-04-29T05:46:01.555Z,8 am–5 pm,8 am–5 am,8 am–5 pm,Closed,Closed,8 am–5 pm,8 am–5 am,,,,
https://www.google.com/maps/place/GrowinGreen/data=!4m7!3m6!1s0x88530132eed6228d:0xc620139ae5035053!8m2!3d36.1095714!4d-80.0406192!16s%2Fg%2F1tjy261x!19sChIJjSLW7jIBU4gRU1AD5ZoTIMY,GrowinGreen,4.6,221,Lawn care service,"1403 Old Greensboro Rd, Kernersville, NC 27284, United States","4X55+RQ Kernersville, North Carolina, USA",https://www.growingreen.com/?utm_source=gbp&utm_medium=organic&utm_campaign=gbp-kernersville,+1 336-854-7999,Closed · Opens 8 am,https://lh3.googleusercontent.com/gps-cs-s/APNQkAEZgfo9tKVN3qOsPhsZWJKZZARPbWLiV_AErUP0UhMOjgI18fo5hC5Ndsi1egcezXQzfXBKS3m0Y7n03-g9huq76xZc0_vBgz2xPk-z7PWyA-OMuMWI_nr2NNWKkzqFla8HpHBY-ZRpIr4=w408-h306-k-no,true,"https://www.google.com/maps/search/tree+service+businesses+in+Oak+Ridge+Greensboro+NC/@36.1734694,-79.9889277,14z",2026-04-29T05:46:06.385Z,8 am–5 pm,8 am–5 pm,8 am–5 pm,Closed,Closed,8 am–5 pm,8 am–5 pm,,,,
"https://www.google.com/maps/place/New+Nature+Landscapes+Inc/@36.1649457,-80.0267437,17z/data=!3m1!4b1!4m6!3m5!1s0x8853019122ba7361:0x6513d945533694ff!8m2!3d36.1649457!4d-80.0267437!16s%2Fg%2F1tcwgpcs",New Nature Landscapes Inc,5.0,1,Landscaper,"8827 Colt Rd, Oak Ridge, NC 27310, United States","5X7F+X8 Oak Ridge, North Carolina, USA",http://www.newnature.biz/,+1 336-382-7086,Closed · Opens 7:30 am,,false,"https://www.google.com/maps/search/tree+service+businesses+in+Oak+Ridge+Greensboro+NC/@36.1734694,-79.9889277,14z",2026-04-29T05:46:13.425Z,7:30 am–8 pm,7:30 am–8 pm,7:30 am–8 pm,7:30 am–8 pm,Closed,7:30 am–8 pm,7:30 am–8 pm,,,,
https://www.google.com/maps/place/Southern+Pride+Tree+Services/data=!4m7!3m6!1s0x8852fd79755fc1bf:0x1c8288c77d78e3c1!8m2!3d36.256445!4d-79.9299605!16s%2Fg%2F11jn3r70t_!19sChIJv8FfdXn9UogRweN4fceIghw,Southern Pride Tree Services,,,Tree service,"261 Ogburn Mill Rd, Stokesdale, NC 27357, United States","734C+H2 Stokesdale, North Carolina, USA",,+1 336-908-3108,Closed · Opens 9 am,https://lh3.googleusercontent.com/gps-cs-s/APNQkAH2h_IJcKg6NwVdx9btTpeoXDA4QnVnjJlTThM6BTy7C3sJtEScHuSzW8dqGVpbjFLsUtZPu4kApCi6bvpv5EpagFMytfi0TFA-EudSCBKcKEuKxbwXjDu4O7qsYSVgUNYi3p6o3w=w408-h408-k-no,true,"https://www.google.com/maps/search/tree+service+businesses+in+Stokesdale+Greensboro+NC/@36.2370802,-79.979483,14z",2026-04-29T05:46:26.325Z,9 am–5 pm,9 am–5 pm,9 am–5 pm,Closed,Closed,9 am–5 pm,9 am–5 pm,,,,
https://www.google.com/maps/place/Guilford+Garden+Center+%28Milner+Dr+Location%29/data=!4m7!3m6!1s0x88531b64ea560745:0xf39c4c0f288133f9!8m2!3d36.087985!4d-79.88723!16s%2Fg%2F1tdzgpvk!19sChIJRQdW6mQbU4gR-TOBKA9MnPM,Guilford Garden Center (Milner Dr Location),4.8,673,Garden center,"701 Milner Dr, Greensboro, NC 27410, United States","34Q7+54 Greensboro, North Carolina, USA",https://guilfordgardencenter.com/?utm_source=gbp&utm_medium=organic&utm_campaign=gbp_link_click,+1 336-299-1535,"Closed · Opens 9 am

Updated by phone call 3 weeks ago",https://lh3.googleusercontent.com/gps-cs-s/APNQkAHULW2CbPonmIfDGh--wvrRyq7YyqP6EHIDBRHIqcd6rcVlxhpX5w1p7Vz9iTFh19WuDJt33O1lCnxVVUfRDImi-62RcIRnvyTMJpIrYcaV_1XDouJy8AAaUPxzGxNvPWt7y0o=w426-h240-k-no,true,"https://www.google.com/maps/search/tree+service+businesses+in+Lindley+Park+Greensboro+NC/@36.0664935,-79.8380778,14z",2026-04-29T05:46:54.480Z,9 am–5 pm,9 am–5 pm,9 am–5 pm,9 am–5 pm,12–5 pm,9 am–5 pm,9 am–5 pm,LGBTQ+ friendly,· In-store shopping · Kerbside pickup · Delivery,,
https://www.google.com/maps/place/Bruce+Wagoner+Christmas+Trees/data=!4m7!3m6!1s0x88531b0e14f76365:0x4adfdc27051937b9!8m2!3d36.0875277!4d-79.835818!16s%2Fg%2F11sby96h9v!19sChIJZWP3FA4bU4gRuTcZBSfc30o,Bruce Wagoner Christmas Trees,5.0,3,Christmas tree farm,"3205 Northline Ave, Greensboro, NC 27408, United States","35Q7+2M Greensboro, North Carolina, USA",http://www.wagonersnursery.com/christmas-trees,+1 336-516-3493,Closed · Opens 10 am,https://lh3.googleusercontent.com/gps-cs-s/APNQkAFGzbqyk4JW9bD7tCy6u36VDaX6oSD7L1k8lo9zgeC0vbIOx8-vh5kZWvbi0xFIIRfxn8rS4sCQX54IKjhT0oxBgdMBpwfGL-ew2cMzq7I6JxkeHaIuBrf-aNhUEvR0ZXr7Wifm=w408-h271-k-no,true,"https://www.google.com/maps/search/tree+service+businesses+in+Lindley+Park+Greensboro+NC/@36.0664935,-79.8380778,14z",2026-04-29T05:46:59.110Z,10 am–8 pm,10 am–8 pm,10 am–8 pm,10 am–8 pm,10 am–8 pm,10 am–8 pm,10 am–8 pm,,,,
https://www.google.com/maps/place/The+Big+Greenhouse/data=!4m7!3m6!1s0x88531bb83ff37f35:0xc2ba573c921eeea!8m2!3d36.0611055!4d-79.8535909!16s%2Fg%2F1txnq4s6!19sChIJNX_zP7gbU4gR6u4hyXOlKww,The Big Greenhouse,4.6,138,Garden center,"3600 Spring Garden St, Greensboro, NC 27407, United States","346W+CH Greensboro, North Carolina, USA",,+1 336-852-4451,"Closed · Opens 10 am

Updated by this business 3 weeks ago",https://lh3.googleusercontent.com/gps-cs-s/APNQkAGQa4sDXWEH_UMiIPIFju6okD9ihbpIPwfDVdsbyEsAtcibIN_h7tox46dee8-jv_CEK8j74WHboczbMG-pShURiaZlViRRdTa7OuJJpb6j07cIELjfxh8lsrM3uYlJr-1hku-WqmU7nmg=w408-h405-k-no,true,"https://www.google.com/maps/search/tree+service+businesses+in+Lindley+Park+Greensboro+NC/@36.0664935,-79.8380778,14z",2026-04-29T05:47:03.935Z,10 am–4 pm,10 am–4 pm,10 am–4 pm,10 am–4 pm,Closed,10 am–4 pm,10 am–4 pm,,,,
https://www.google.com/maps/place/ArborMax+Tree+Service/data=!4m7!3m6!1s0x8853195dd48c2f1f:0x1f5a6946d34b8e4f!8m2!3d36.08268!4d-79.76559!16s%2Fg%2F11t6px1_yk!19sChIJHy-M1F0ZU4gRT45L00ZpWh8,ArborMax Tree Service,4.4,7,Tree service,"816-b Post St, Greensboro, NC 27405, United States","36MM+3Q Greensboro, North Carolina, USA",,+1 336-660-7037,Open 24 hours,https://lh3.googleusercontent.com/gps-cs-s/APNQkAEcnqoxxxNruLa5RJbk4m8cF9eS_IDSlaW9KU7nXwO1amgg4T-ZS5zMyAfwWOaE9gujK9v9A_lhYpIG47-TOHh-haHXwlND5366mXLDJSFWKCSY5BNxNFhTzL8VMXUs2EE8lt0taw=w408-h243-k-no,true,"https://www.google.com/maps/search/tree+service+businesses+in+Lindley+Park+Greensboro+NC/@36.0664935,-79.8380778,14z",2026-04-29T05:47:09.135Z,Open 24 hours,Open 24 hours,Open 24 hours,Open 24 hours,Open 24 hours,Open 24 hours,Open 24 hours,,,,
https://www.google.com/maps/place/Cransten/data=!4m7!3m6!1s0x88531fe5cafe91f9:0xe964a7394a28581b!8m2!3d36.0925353!4d-79.8218844!16s%2Fg%2F11h3g76d5p!19sChIJ-ZH-yuUfU4gRG1goSjmnZOk,Cransten,5.0,45,Handyman/Handywoman/Handyperson,"717 Green Valley Rd Suite 200, Greensboro, NC 27408, United States","35VH+26 Greensboro, North Carolina, USA",https://cransten.com/greensborohandymanandremodeling,+1 336-904-3020,Closed · Opens 8 am,https://lh3.googleusercontent.com/gps-cs-s/APNQkAF_vxkD6ADEvpp_8oFrwHR1ilrgrmxHxBdsmcQe4ste8b3s4AwPQXzSozT1jwa9PeO7nUTubSU0yYZpSXEZsI8L8FkG29McuM2zFGl5UjMTwHTbmG4N2cotClVB3-ZDVtkMH5kt=w408-h544-k-no,true,"https://www.google.com/maps/search/tree+service+businesses+in+Lindley+Park+Greensboro+NC/@36.0664935,-79.8380778,14z",2026-04-29T05:47:13.958Z,8 am–5 pm,8 am–5 pm,8 am–5 pm,Closed,Closed,8 am–5 pm,8 am–5 pm,,,,
https://www.google.com/maps/place/Safari+Nation+Greensboro/data=!4m7!3m6!1s0x88531bbffa09fdd3:0xd64d9469094386c8!8m2!3d36.0699348!4d-79.8525262!16s%2Fg%2F1261cjzcn!19sChIJ0_0J-r8bU4gRyIZDCWmUTdY,Safari Nation Greensboro,4.5,1491,Children's amusement center,"3900 W Market St, Greensboro, NC 27407, United States","349W+XX Greensboro, North Carolina, USA",http://thesafarination.com/,+1 336-315-5115,Closed · Opens 10 am,https://lh3.googleusercontent.com/gps-cs-s/APNQkAF-AL9jjHZTcZ3RhLahXXFpAWw8z0udf9afXLYv_lNsk-2PZyfmn-5IReepWUiVsPARfirNMXymgcBuKuP_rkhIbvu8Jj4S_BJnSUsLo5W7Lc5o5QgPaTJs8J-jnJrZJ_s3QV_J=w567-h240-k-no,true,"https://www.google.com/maps/search/tree+service+businesses+in+Lindley+Park+Greensboro+NC/@36.0664935,-79.8380778,14z",2026-04-29T05:47:18.822Z,10 am–6 pm,10 am–6 pm,10 am–7 pm,10 am–8 pm,12–7 pm,10 am–6 pm,Closed,,,,
https://www.google.com/maps/place/Greensboro+Christmas+Lights/data=!4m7!3m6!1s0x88531b4eb740f3d9:0x35b4a0559e20bd86!8m2!3d36.0618!4d-79.86281!16s%2Fg%2F11x97lrz9f!19sChIJ2fNAt04bU4gRhr0gnlWgtDU,Greensboro Christmas Lights,4.9,50,Landscape lighting designer,"3404 W Wendover Ave A, Greensboro, NC 27407, United States","346P+PV Greensboro, North Carolina, USA",https://www.greensboroholidaylights.com/,+1 336-270-9125,Closed · Opens 9 am,https://lh3.googleusercontent.com/gps-cs-s/APNQkAHFgyYp-iRygUuHJdF85PcEwWVzLy-T_HkUnJMWDXfOgm9F71jzCySsIbnWfgCXqT5WBDtsdPrj4RjwibFXzhNvFM3n__xqWe9WXeiWm57El2yU9a1WY6IrTlcsMHA1eLtvZ4BM-NXkH5K7=w408-h291-k-no,true,"https://www.google.com/maps/search/tree+service+businesses+in+Lindley+Park+Greensboro+NC/@36.0664935,-79.8380778,14z",2026-04-29T05:47:23.721Z,9 am–6 pm,9 am–6 pm,9 am–6 pm,9 am–2 pm,9 am–2 pm,9 am–6 pm,9 am–6 pm,,,,
https://www.google.com/maps/place/Carolina+Home+Specialists/data=!4m7!3m6!1s0x88531966bea2615d:0xdc3fcf359707eeec!8m2!3d36.0632285!4d-79.822616!16s%2Fg%2F11ggz66pf3!19sChIJXWGivmYZU4gR7O4HlzXPP9w,Carolina Home Specialists,4.8,181,Roofing contractor,"1819 Spring Garden St suite e, Greensboro, NC 27403, United States","357G+7X Greensboro, North Carolina, USA",https://carolinahomespecialists.com/?utm_source=gbp&utm_medium=organic,+1 978-581-6757,Closed · Opens 8:30 am,https://lh3.googleusercontent.com/gps-cs-s/APNQkAGSF_SgE8KPrcYC9oOTXbEOVV_T5zUOxEbPiHUr_et0dPAbsKuQoPwZoMs4ABOC94ZqAHnI-H6VnHOkD5YO4zy6QzuownTMtN61_gH9jt_6TXweGnHViKnAposAoyHrlFRhkz4C=w408-h288-k-no,true,"https://www.google.com/maps/search/tree+service+businesses+in+Lindley+Park+Greensboro+NC/@36.0664935,-79.8380778,14z",2026-04-29T05:47:28.595Z,8:30 am–5:30 pm,8:30 am–5:30 pm,8:30 am–5:30 pm,Closed,Closed,8:30 am–5:30 pm,8:30 am–5:30 pm,,,,
https://www.google.com/maps/place/Torres+Landscaping+%26+Lawn+care/data=!4m7!3m6!1s0x4b072ea969a39863:0x75ccb0136b8525d3!8m2!3d36.0636701!4d-79.881846!16s%2Fg%2F11s47pyl9p!19sChIJY5ijaakuB0sR0yWFaxOwzHU,Torres Landscaping & Lawn care,5.0,8,Landscaping supply store,,,http://torreslandscapingandlawncare.com/,+1 336-340-6506,Closed · Opens 9 am,https://lh3.googleusercontent.com/gps-cs-s/APNQkAGeikOtGZ8B5L4lXu7TYeenSXv4fh2tGEtuz189xmbySjboIdcJp0FZqcfRyVNvmk7KCcEZlIQgEN5QNsskSEkS6I78ugGAVpTKHnVtPB2w00foIwiP0JTpl_Bb7HmDdJQNF_EMbQ=w408-h544-k-no,true,"https://www.google.com/maps/search/tree+service+businesses+in+Lindley+Park+Greensboro+NC/@36.0664935,-79.8380778,14z",2026-04-29T05:47:33.524Z,9 am–6 pm,9 am–6 pm,9 am–6 pm,9 am–6 pm,9 am–6 pm,9 am–6 pm,9 am–6 pm,,,,
https://www.google.com/maps/place/Athena+Print+Solutions/data=!4m7!3m6!1s0x88531b05ff02fef3:0xc3f841168415e759!8m2!3d36.0620906!4d-79.8802207!16s%2Fg%2F1tdkycs9!19sChIJ8_4C_wUbU4gRWecVhBZB-MM,Athena Print Solutions,4.9,33,Print shop,"602 Edwardia Dr, Greensboro, NC 27409, United States","3469+RW Greensboro, North Carolina, USA",http://athenagso.com/,+1 336-852-5190,Closed · Opens 8:30 am,https://lh3.googleusercontent.com/gps-cs-s/APNQkAHk-4RtM5e2v3oKFeZAK1f-QD1zM6tRHQYf1QRg1cQ9vcH8k0RmcUgisXiQ6X_MhROetcf0dTyPJKBTonkyNKjXYEaBelE-jwXQPIcXjrOXlOx5b9SWWhBBmi9We2jRD76ptG_tIg=w408-h270-k-no,true,"https://www.google.com/maps/search/tree+service+businesses+in+Lindley+Park+Greensboro+NC/@36.0664935,-79.8380778,14z",2026-04-29T05:47:38.480Z,8:30 am–5 pm,8:30 am–5 pm,8:30 am–5 pm,Closed,Closed,8:30 am–5 pm,8:30 am–5 pm,LGBTQ+ friendly,"Print & copy chain also offering binding, direct mailing, design & marketing services.",,
https://www.google.com/maps/place/Leonard+Truck+Outfitters/data=!4m7!3m6!1s0x88531b05ae855e6f:0xf88d37f08adc72ae!8m2!3d36.0601427!4d-79.8823388!16s%2Fg%2F1tdvv_y8!19sChIJb16FrgUbU4gRrnLcivA3jfg,Leonard Truck Outfitters,4.8,195,Truck accessories store,"4010 W Wendover Ave, Greensboro, NC 27407, United States","3469+33 Greensboro, North Carolina, USA",http://leonardusa.com/,+1 336-294-3293,"Closed · Opens 8 am

Confirmed by this business 2 weeks ago",https://lh3.googleusercontent.com/gps-cs-s/APNQkAF0HFyo27044_2mXWRiPrL8Hjn9CddabL8wRDk0JxLZcLKDt4_1uqAP1PMJLdOnUBFgcJZoKf1ZpGKNmP2hgG9mSVI_PO_LDHQ6hrl2AjrYXw-RC42cFK100pFuVTJOgSYWcB1v=w408-h306-k-no,true,"https://www.google.com/maps/search/tree+service+businesses+in+Lindley+Park+Greensboro+NC/@36.0664935,-79.8380778,14z",2026-04-29T05:47:43.335Z,8 am–6 pm,8 am–6 pm,8 am–6 pm,9 am–3 pm,Closed,8 am–6 pm,8 am–6 pm,,· In-store shopping · In-store pick-up · Delivery,,
https://www.google.com/maps/place/LoadUp+Junk+Removal/data=!4m7!3m6!1s0x88531b32827ad907:0xf8e18f71b425aac1!8m2!3d36.0470563!4d-79.8403973!16s%2Fg%2F11tnk66zkp!19sChIJB9l6gjIbU4gRwaoltHGP4fg,LoadUp Junk Removal,4.8,395,Waste management service,"2211 W Meadowview Rd Suite 103, Greensboro, NC 27407, United States","25W5+RR Greensboro, North Carolina, USA",https://goloadup.com/junk-removal/nc/greensboro/?utm_source=google&utm_medium=organic&utm_campaign=gmb&utm_content=greensboro-nc-110,+1 877-431-8354,Closed · Opens 8 am,https://lh3.googleusercontent.com/gps-cs-s/APNQkAGiS8KcWE77om6aZEhy8zRuybZw49I87Ksp7Lzj7YOJ7iJQWSXSAplu2zvFq6TFELIJb0iNDSw76HDOHrSzdyQjf7Y_b1QVp3aMw9U9YYIr3J6mapSacqixFc3q6dJLEy6oz5b_E1AWg7ue=w408-h272-k-no,true,"https://www.google.com/maps/search/tree+service+businesses+in+Lindley+Park+Greensboro+NC/@36.0664935,-79.8380778,14z",2026-04-29T05:47:48.203Z,8 am–8 pm,8 am–8 pm,8 am–8 pm,8 am–8 pm,8 am–8 pm,8 am–8 pm,8 am–8 pm,,,,
https://www.google.com/maps/place/Four+Seasons+Landscaping+and+Pruning+LLC/data=!4m7!3m6!1s0xaf44a29625775325:0x1fc06119dea3f7fe!8m2!3d36.0231835!4d-79.881846!16s%2Fg%2F11p003bzvr!19sChIJJVN3JZaiRK8R_vej3hlhwB8,Four Seasons Landscaping and Pruning LLC,4.8,9,Landscaper,,,,+1 336-587-5350,Closed · Opens 8 am,https://lh3.googleusercontent.com/gps-cs-s/APNQkAG6HlN_wDNiXoW-caEPzPsPkIj0Aa2O9NMCc5cioySDMUR3w7CxX_nEzAOVDBxBb0-u2bF2ymDcrDd7-wgLqXLCalQFlTkzumxDmriRzWAJXRM0Oh7VkLLwxSiziq-OCuIIAAyi=w425-h240-k-no,true,"https://www.google.com/maps/search/tree+service+businesses+in+Lindley+Park+Greensboro+NC/@36.0664935,-79.8380778,14z",2026-04-29T05:47:52.925Z,8 am–7 pm,8 am–7 pm,8 am–7 pm,8 am–7 pm,8 am–7 pm,8 am–7 pm,8 am–7 pm,,,,
https://www.google.com/maps/place/DoubleTree+by+Hilton+Hotel+Greensboro/data=!4m10!3m9!1s0x88531a2d6bd70ea5:0x43fd86227de1c905!5m2!4m1!1i2!8m2!3d36.0461788!4d-79.8398638!16s%2Fg%2F1tj7499r!19sChIJpQ7Xay0aU4gRBcnhfSKG_UM,DoubleTree by Hilton Hotel Greensboro,4.0,1273,,"3030 W Gate City Blvd, Greensboro, NC 27403, United States","25W6+F3 Greensboro, North Carolina, USA",https://www.hilton.com/en/hotels/gsphpdt-doubletree-greensboro/?SEO_id=GMB-AMER-DT-GSPHPDT&y_source=1_MTM3MjUxNC03MTUtbG9jYXRpb24ud2Vic2l0ZQ%3D%3D,+1 336-292-4004,,https://lh3.googleusercontent.com/gps-cs-s/APNQkAFU2pePmPx3tMuNUhQDO49Y2PW5jjeC4izqCBsaIpSR4-y8slNVRmeeAnBdF9iCYYzg_FTzaSUXE11kWYvwlFkD6IoWbSIw8qufRV9Pbp8VwOEtB4UnyCXUcNqEkm4xo_ePDWrBFg=w427-h240-k-no,true,"https://www.google.com/maps/search/tree+service+businesses+in+Lindley+Park+Greensboro+NC/@36.0664935,-79.8380778,14z",2026-04-29T05:47:56.244Z,,,,,,,,,,,
https://www.google.com/maps/place/Plants+and+Answers+Florist/data=!4m7!3m6!1s0x8853193b0f32b2a5:0xafb5911b07df7584!8m2!3d36.0731366!4d-79.7985984!16s%2Fg%2F1tsyqg_h!19sChIJpbIyDzsZU4gRhHXfBxuRta8,Plants and Answers Florist,4.9,97,Florist,"700 W Market St, Greensboro, NC 27401, United States","36F2+7H Greensboro, North Carolina, USA",https://www.plantsandanswersflorist.com/?utm_source=google&utm_medium=gbp&y_source=1_MjA4OTQ3NDUtNzE1LWxvY2F0aW9uLndlYnNpdGU%3D,+1 336-274-8933,Closed · Opens 9 am,https://lh3.googleusercontent.com/gps-cs-s/APNQkAFNR1Twz_rx0hu1rU4_bCJ1uvk27YNul2vTm_SFZMnczwFoisudukgYQzVOnAjS-jjCe3nlPuSKAJEYifi9l2e-bLcJgGalswFhKinKpW_N6BklmOn1lT8USjqUPe3F17ImokSfoc-toXWx=w408-h544-k-no,true,"https://www.google.com/maps/search/tree+service+businesses+in+Lindley+Park+Greensboro+NC/@36.0664935,-79.8380778,14z",2026-04-29T05:48:01.013Z,9 am–4 pm,9 am–4 pm,9 am–4 pm,9 am–12 pm,Closed,9 am–4 pm,9 am–4 pm,,· In-store pick-up · Delivery,,
https://www.google.com/maps/place/Randy+McManus+Designs/data=!4m7!3m6!1s0x88531eb5412f352b:0x92d34f16d218f89e!8m2!3d36.0904039!4d-79.810457!16s%2Fg%2F1th292w7!19sChIJKzUvQbUeU4gRnvgY0hZP05I,Randy McManus Designs,4.8,211,Florist,"1616 Battleground Ave D1, Greensboro, NC 27408, United States","35RQ+5R Greensboro, North Carolina, USA",http://www.randymcmanusdesigns.com/,+1 336-691-0051,Closed · Opens 9:30 am,https://lh3.googleusercontent.com/gps-cs-s/APNQkAHRdnXtVGZx2nxdb2fhBODeQR0zXqhRi4RWWfd3w0tjEUBax7vJhgTUBYg6mCn1Vu9mOtaEFU3CFGJjYUU1ny2V5DMQz9ZlzgXwDl04Ea6CzKRe3uUb5SIczEpUCcYpmqwZ2nQj=w408-h544-k-no,true,"https://www.google.com/maps/search/tree+service+businesses+in+Lindley+Park+Greensboro+NC/@36.0664935,-79.8380778,14z",2026-04-29T05:48:05.956Z,9:30 am–5 pm,9:30 am–5 pm,9:30 am–5:30 pm,10 am–2 pm,Closed,9:30 am–5 pm,9:30 am–5 pm,,· In-store shopping · In-store pick-up · Delivery,,
"https://www.google.com/maps/place/Center+City+Park+@+Greensboro+Downtown+Parks,+Inc./data=!4m7!3m6!1s0x885319266f7558f5:0xe64855e8449313fe!8m2!3d36.0740079!4d-79.7895705!16s%2Fm%2F0k27g9k!19sChIJ9Vh1byYZU4gR_hOTROhVSOY","Center City Park @ Greensboro Downtown Parks, Inc.",4.6,2054,Park,"200 N Elm St, Greensboro, NC 27401, United States","36F6+J5 Greensboro, North Carolina, USA",http://www.greensborodowntownparks.org/,+1 336-373-7533,Closed · Opens 7 am,https://lh3.googleusercontent.com/gps-cs-s/APNQkAGo_uwqiyaxAcYvDnMTGLW0jLR62Em67CZKa3sc3Pjs7AMtYolwEV8eJbYI9RqxLzI0DfiD3i9ye_Apx3X_UAC1pPQ1vwl9ilxXfj0zXIG9W1AaOizrOSLUJlmAI91Dmz8g1WOiEw=w408-h272-k-no,true,"https://www.google.com/maps/search/tree+service+businesses+in+Lindley+Park+Greensboro+NC/@36.0664935,-79.8380778,14z",2026-04-29T05:48:11.007Z,7 am–10 pm,7 am–10 pm,7 am–10 pm,7 am–10 pm,7 am–10 pm,7 am–10 pm,7 am–10 pm,,"Popular neighborhood green space with unique architectural & landscape features, plus a fountain. · Dogs allowed",,
https://www.google.com/maps/place/Plants+%26+Answers/data=!4m7!3m6!1s0x88531bb83e8ee1d5:0x97d91722741abb5a!8m2!3d36.061059!4d-79.8536578!16s%2Fg%2F1vxzb9yg!19sChIJ1eGOPrgbU4gRWrsadCIX2Zc,Plants & Answers,4.8,21,E-commerce service,"3600 Spring Garden St, Greensboro, NC 27407, United States","346W+CG Greensboro, North Carolina, USA",,+1 336-852-4451,Closed · Opens 11 am,https://lh3.googleusercontent.com/gps-cs-s/APNQkAFnnh1HoWlzy9HvUkGbXLNEFNL8y_sJtdrv4QIt4Qb88AuMh0B8aKqifpBFLBR5pRvv5sh12gE_9BJ1x_A6WHChLDownlb_dCG4xfxyLHBU7qF3ceKQ0FtnYIvkoBr6JzIttBQ=w408-h544-k-no,false,"https://www.google.com/maps/search/tree+service+businesses+in+Lindley+Park+Greensboro+NC/@36.0664935,-79.8380778,14z",2026-04-29T05:48:15.879Z,11 am–4 pm,11 am–4 pm,11 am–4 pm,11 am–4 pm,Closed,11 am–4 pm,11 am–4 pm,,,,
https://www.google.com/maps/place/The+Salvation+Army/data=!4m7!3m6!1s0x8853196ed679be21:0xfcfeebc4876b8043!8m2!3d36.0601403!4d-79.7992591!16s%2Fg%2F1thxwx_k!19sChIJIb551m4ZU4gRQ4Brh8Tr_vw,The Salvation Army,4.4,74,Church,"1001 Freeman Mill Rd, Greensboro, NC 27406, United States","3662+37 Greensboro, North Carolina, USA",https://southernusa.salvationarmy.org/greensboro/,+1 336-273-5572,,https://lh3.googleusercontent.com/gps-cs-s/APNQkAHU226HPjF4CKAwGj2rqeMWJ9wBXtEJ5AmTOR-xZA0BHFtj0GWycan6rJPysZRCxpMWKAVAaay2dzfqOYPkQGCOtdqSp0U4-zza2RaroqpfJU2cyVgVegms3w0wR2JyvFI7SZk6=w408-h265-k-no,true,"https://www.google.com/maps/search/tree+service+businesses+in+Lindley+Park+Greensboro+NC/@36.0664935,-79.8380778,14z",2026-04-29T05:48:18.952Z,,,,,,,,,,,
https://www.google.com/maps/place/ResCo+Roofing+Co/data=!4m7!3m6!1s0x43cf5ebfc3865277:0x550eb2942d6b2542!8m2!3d36.0911382!4d-79.815852!16s%2Fg%2F11sd77b65x!19sChIJd1KGw79ez0MRQiVrLZSyDlU,ResCo Roofing Co,4.8,45,Roofing contractor,"806 Green Valley Rd Suite 200 PMB 1009, Greensboro, NC 27408, United States","35RM+FM Greensboro, North Carolina, USA",https://rescoroofing.com/?utm_source=google&utm_medium=organic&utm_campaign=gmb,+1 336-365-9484,Open 24 hours,https://lh3.googleusercontent.com/gps-cs-s/APNQkAEv3228zv1ZSFVN6p9KzFlta2WvkIy4_X_PwSCo9qLWsmUKte5BjEZTvHFDBZhN7fitg4Qsh7inAPjggpYimPLUawIHhVLCuEdUwCT92sfNd6aY8XdwECVtp4kz-sTc4LRmVXxCh9-Wi8E=w458-h240-k-no,true,"https://www.google.com/maps/search/tree+service+businesses+in+Lindley+Park+Greensboro+NC/@36.0664935,-79.8380778,14z",2026-04-29T05:48:23.677Z,Open 24 hours,Open 24 hours,Open 24 hours,Open 24 hours,Open 24 hours,Open 24 hours,Open 24 hours,,,,
"https://www.google.com/maps/place/Junk+Raider+-+Junk+Removal+of+Greensboro,+NC/data=!4m7!3m6!1s0x88531f68ed9605a1:0xd016b707ab52993c!8m2!3d36.0936907!4d-79.8131957!16s%2Fg%2F11rpd8c52y!19sChIJoQWW7WgfU4gRPJlSqwe3FtA","Junk Raider - Junk Removal of Greensboro, NC",5.0,99,Waste management service,"1852 Banking St, Greensboro, NC 27408, United States","35VP+FP Greensboro, North Carolina, USA",http://www.junkraider.com/,+1 336-999-9440,Open 24 hours,https://lh3.googleusercontent.com/gps-cs-s/APNQkAE0dh3gtTUFi6nupP4UBteOmtWG7mRNmIPs37ZGABNB8BJfly32LSrLI3b2_DLMNznO0pabOM-tvmoxUtVC3NUd2m4WXg-1rTjuXEVDA5qmEVZnqamwLKR3hzfzZ9SJtBV7MJzoaA=w408-h544-k-no,true,"https://www.google.com/maps/search/tree+service+businesses+in+Lindley+Park+Greensboro+NC/@36.0664935,-79.8380778,14z",2026-04-29T05:48:28.445Z,Open 24 hours,Open 24 hours,Open 24 hours,Open 24 hours,Closed,Open 24 hours,Open 24 hours,,,,
https://www.google.com/maps/place/Israel+Garcia+Painting+LLC/data=!4m7!3m6!1s0x88531f75c6ddd79d:0xf186253e1fd0cb9!8m2!3d36.0491918!4d-79.8701243!16s%2Fg%2F11r8qgq82z!19sChIJndfdxnUfU4gRuQz94VNiGA8,Israel Garcia Painting LLC,4.7,36,Painter,"1418 Boston Rd, Greensboro, NC 27407, United States","24XH+MX Greensboro, North Carolina, USA",https://israelgarciapaintingllc.com/,+1 336-929-0700,Closed · Opens 8 am,https://lh3.googleusercontent.com/gps-cs-s/APNQkAH-lb9zQHvy7yXHPp6DuH5XSx3WLny2ptdqmwPivpgeBj7p4f06_D_PUrPwyrV9_73PAFh7TOOJVgWWn49oL5opBAwcdoeS5N-jKaHWd6G-PGyvFAiTse-WsYOFFZIa3SjwPilO=w408-h266-k-no,true,"https://www.google.com/maps/search/tree+service+businesses+in+Lindley+Park+Greensboro+NC/@36.0664935,-79.8380778,14z",2026-04-29T05:48:33.388Z,8 am–5 pm,8 am–5 pm,8 am–5 pm,Closed,Closed,8 am–5 pm,8 am–5 pm,,,,
https://www.google.com/maps/place/Mynt+Property+Management/data=!4m7!3m6!1s0x88531fa5553180d3:0x216bf00651e4f321!8m2!3d36.0911382!4d-79.815852!16s%2Fg%2F11vpy1h1c4!19sChIJ04AxVaUfU4gRIfPkUQbwayE,Mynt Property Management,,,Property maintenance,"806 Green Valley Rd Suite 200, Greensboro, NC 27408, United States","35RM+FM Greensboro, North Carolina, USA",https://www.myntpropertiesmgnt.com/,+1 919-257-3230,Closed · Opens 8 am,https://lh3.googleusercontent.com/gps-cs-s/APNQkAE5-8FS089WLxwzArrY_NDwyVA-o8mip67EGPZExady0XBV-yT-AjmjoET_FQIhW145v0eEo8wpE1_7yQqUvRASJJB-I156C1RpcMviVDv6KMPQwsGeziBllN8mxs_Id2Ohg-Mt=w408-h544-k-no,false,"https://www.google.com/maps/search/tree+service+businesses+in+Lindley+Park+Greensboro+NC/@36.0664935,-79.8380778,14z",2026-04-29T05:48:38.043Z,8 am–8 pm,8 am–8 pm,8 am–8 pm,8:30 am–6:30 pm,Closed,8 am–8 pm,8 am–8 pm,,,,
https://www.google.com/maps/place/Greensboro+Parks+%26+Recreation/data=!4m7!3m6!1s0x885318d1317941d3:0xedb20c13567a9b4c!8m2!3d36.0700596!4d-79.7914092!16s%2Fg%2F1tdch1md!19sChIJ00F5MdEYU4gRTJt6VhMMsu0,Greensboro Parks & Recreation,4.3,70,Park,"301 S Greene St #110, Greensboro, NC 27401, United States","36C5+2C Greensboro, North Carolina, USA",https://www.greensboro-nc.gov/departments/parks-recreation,+1 336-373-2558,Closed · Opens 8 am,https://lh3.googleusercontent.com/gps-cs-s/APNQkAHX5jn5iQWXM-8hPvW9H8mlxCf6GoGEXj5nLvnw-1zrmzHgpb6w-VbZPyHntj3tLh0Enoiu5t4a_iHK-I0pvVAsLrn1GVZL_zGhARJ93ko4_oj71P5CfIM2KXWiTmiQlH8CUrSk=w408-h839-k-no,true,"https://www.google.com/maps/search/tree+service+businesses+in+Lindley+Park+Greensboro+NC/@36.0664935,-79.8380778,14z",2026-04-29T05:48:43.318Z,8 am–5 pm,8 am–5 pm,8 am–5 pm,Closed,Closed,8 am–5 pm,8 am–5 pm,,,,
"https://www.google.com/maps/place/We'll+Make+Your+Garden+Green+and+Gorgeous/@36.0472695,-79.8699446,17z/data=!3m1!4b1!4m6!3m5!1s0x88531a5466a0ffff:0x2df81258c027a2ba!8m2!3d36.0472695!4d-79.8699446!16s%2Fg%2F11t13skvvq",We'll Make Your Garden Green and Gorgeous,,,Landscaper,"7 Cobble Ln, Greensboro, NC 27407, United States","24WJ+W2 Greensboro, North Carolina, USA",,+1 336-850-6887,,,false,"https://www.google.com/maps/search/tree+service+businesses+in+Lindley+Park+Greensboro+NC/@36.0664935,-79.8380778,14z",2026-04-29T05:48:47.879Z,,,,,,,,,,,
https://www.google.com/maps/place/Peak+Performance/data=!4m7!3m6!1s0x88531fd0ecfb35c7:0xce200a6103cb63ca!8m2!3d36.0661937!4d-79.7909446!16s%2Fg%2F11sk1237k4!19sChIJxzX77NAfU4gRymPLA2EKIM4,Peak Performance,5.0,134,Roofing contractor,"532 S Elm St STE 200, Greensboro, NC 27406, United States","3685+FJ Greensboro, North Carolina, USA",http://www.peakperformanceroofers.com/,+1 336-491-0994,Open 24 hours,https://lh3.googleusercontent.com/gps-cs-s/APNQkAFfmk8RtVsk9JpD7iiHVQ1xpzRaNesRgeVGaCIJGusncA2qf1cI0vNaGIDKUXYXFs_qYBmvvpuyA1l0erpWmHoCyK0nStlugvdJBSa7EdOmxZiB05Q6lADLO_GS8anI5FAv4tA=w408-h305-k-no,true,"https://www.google.com/maps/search/tree+service+businesses+in+Lindley+Park+Greensboro+NC/@36.0664935,-79.8380778,14z",2026-04-29T05:48:52.795Z,Open 24 hours,Open 24 hours,Open 24 hours,Open 24 hours,Open 24 hours,Open 24 hours,Open 24 hours,,,,
https://www.google.com/maps/place/Garner+Landscaping+And+Removal+LLC/data=!4m7!3m6!1s0x88534159d638879f:0x18b7024d944ce402!8m2!3d35.913772!4d-79.8414545!16s%2Fg%2F11kgk_0gcn!19sChIJn4c41llBU4gRAuRMlE0Ctxg,Garner Landscaping And Removal LLC,4.8,18,Landscaper,,,https://garnerslandscapingllc.com/,+1 336-653-0198,Closed · Opens 8 am,https://lh3.googleusercontent.com/gps-cs-s/APNQkAGcl0ZboteC__46kRYTtfCKq6aavwJODJQnDBjN9l0Jdr1rv6r-4Wa5ua_ZHWXsyU3JTpKmouQsp4xs8YbFD3oqlQURZuW4Zzq22iZeA6K7sDPGI7FPyKFtnztDp_mG9_vzDxZo=w408-h306-k-no,true,"https://www.google.com/maps/search/tree+service+businesses+in+Lindley+Park+Greensboro+NC/@36.0664935,-79.8380778,14z",2026-04-29T05:48:58.402Z,8 am–5 pm,8 am–5 pm,8 am–5 pm,Closed,Closed,8 am–5 pm,8 am–5 pm,,,,
https://www.google.com/maps/place/Recycles+Bike+Shop/data=!4m7!3m6!1s0x8853193e22367909:0xb7aa95d9648d9e7e!8m2!3d36.0666867!4d-79.803077!16s%2Fg%2F1hc0whz3k!19sChIJCXk2Ij4ZU4gRfp6NZNmVqrc,Recycles Bike Shop,4.9,180,Bicycle repair shop,"908 Spring Garden St, Greensboro, NC 27403, United States","358W+MQ Greensboro, North Carolina, USA",http://www.recyclesbikeshop.com/,+1 336-370-9099,Closed · Opens 11 am,https://lh3.googleusercontent.com/gps-cs-s/APNQkAFQ2x5RJbUTaZHFBihe_ajBu25qP0Dt9bja_Ru5AeWKjb0R4tUYYPP9hAhh3Om_sqc5wrizrDEiZ_OdmqCN9F3pUd5Rt0GWzwoG8tQQaKR7m0FrVixNrThlXX5sor70QjaUJPVj=w426-h240-k-no,true,"https://www.google.com/maps/search/tree+service+businesses+in+Lindley+Park+Greensboro+NC/@36.0664935,-79.8380778,14z",2026-04-29T05:49:04.411Z,11 am–6 pm,11 am–6 pm,11 am–6 pm,12–5 pm,Closed,11 am–6 pm,11 am–6 pm,,,,
https://www.google.com/maps/place/Slatter+Management+Services+Inc/data=!4m7!3m6!1s0x88531bc072280b4b:0x81d16300c6660118!8m2!3d36.0517021!4d-79.8826997!16s%2Fg%2F1tdnltvj!19sChIJSwsocsAbU4gRGAFmxgBj0YE,Slatter Management Services Inc,4.2,457,Property management company,"4900 Koger Blvd STE 100, Greensboro, NC 27407, United States","3428+MW Greensboro, North Carolina, USA",https://www.slatterhoamanagement.com/?utm_source=gbp&utm_medium=organic&utm_campaign=gbp_link_click,+1 336-272-0641,Closed · Opens 8:30 am,https://lh3.googleusercontent.com/gps-cs-s/APNQkAGpIwwPbQ8YtnD45qMLMhmpz97nK2qXx3cPooeo5patzON_q_WnK_wRH4IVUz804mTE42cVuhVJw1TwcwBHnijjhjdpONYsnT9EPyM1ca37FdN5z5Ue6pgS9dh0s-pabwoqHAVp=w408-h271-k-no,true,"https://www.google.com/maps/search/tree+service+businesses+in+Lindley+Park+Greensboro+NC/@36.0664935,-79.8380778,14z",2026-04-29T05:49:09.262Z,"8:30 am–12 pm, 1–4:30 pm","8:30 am–12 pm, 1–4:30 pm","8:30 am–12 pm, 1–4 pm",Closed,Closed,"8:30 am–12 pm, 1–4:30 pm","8:30 am–12 pm, 1–4:30 pm",,,,
https://www.google.com/maps/place/Law+Office+of+Adam+P+Soltys/data=!4m7!3m6!1s0x88531928a30fd8d5:0x6f34578478465b43!8m2!3d36.077974!4d-79.7961373!16s%2Fg%2F113g7_d6d!19sChIJ1dgPoygZU4gRQ1tGeIRXNG8,Law Office of Adam P Soltys,4.2,52,Lawyer,"421 N Edgeworth St, Greensboro, NC 27401, United States","36H3+5G Greensboro, North Carolina, USA",http://www.soltyslaw.com/,+1 336-686-3563,Closed · Opens 8:30 am,https://streetviewpixels-pa.googleapis.com/v1/thumbnail?panoid=XfLGHTUV4kOxDlCVziug_Q&cb_client=search.gws-prod.gps&w=408&h=240&yaw=286.90616&pitch=0&thumbfov=100,false,"https://www.google.com/maps/search/tree+service+businesses+in+Lindley+Park+Greensboro+NC/@36.0664935,-79.8380778,14z",2026-04-29T05:49:14.380Z,8:30 am–4 pm,8:30 am–4 pm,8:30 am–4 pm,Closed,Closed,8:30 am–4 pm,8:30 am–4 pm,,,,
https://www.google.com/maps/place/Reconsidered+Goods/data=!4m7!3m6!1s0x88531bd02166bf91:0xc59beda123e4ce88!8m2!3d36.0678679!4d-79.8673248!16s%2Fg%2F11c594xs4j!19sChIJkb9mIdAbU4gRiM7kI6Htm8U,Reconsidered Goods,4.7,639,Home goods store,"4118 Spring Garden St, Greensboro, NC 27407, United States","349M+43 Greensboro, North Carolina, USA",http://www.reconsideredgoods.org/,+1 336-298-8156,"Closed · Opens 10 am

Updated by this business 5 weeks ago",https://lh3.googleusercontent.com/gps-cs-s/APNQkAFyQ9NHZ3avhSMMa1s0EZkdFTCqANnHGuqXZtFlO3KPH04MBav_2I3DvXc-GwvOOYMhl41fR1lBvzi5uEJFn9Ad_6LBg1V20TEcMdsy6AoqyeGT1ZpAEBzHPBQZOMjmHWVjQvclYQ=w408-h306-k-no,true,"https://www.google.com/maps/search/tree+service+businesses+in+Lindley+Park+Greensboro+NC/@36.0664935,-79.8380778,14z",2026-04-29T05:49:19.480Z,10 am–6 pm,12–6 pm,10 am–6 pm,10 am–6 pm,12–6 pm,Closed,10 am–6 pm,Identifies as women-owned,,,
"https://www.google.com/maps/place/JR+Tree+Service/@36.1467205,-80.207295,10z/data=!3m1!4b1!4m6!3m5!1s0xa770412a322f3085:0x6aa1aa52b9921adf!8m2!3d36.1467205!4d-80.207295!16s%2Fg%2F11rzpx_9j6",JR Tree Service,,,Tree service,,,http://www.jrtree.com/,+1 336-282-2902,Closed · Opens 8 am,,true,"https://www.google.com/maps/search/tree+service+businesses+in+Lindley+Park+Greensboro+NC/@36.0664935,-79.8380778,14z",2026-04-29T05:49:26.561Z,8 am–5 pm,8 am–5 pm,8 am–5 pm,Closed,Closed,8 am–5 pm,8 am–5 pm,,,,
https://www.google.com/maps/place/SP+Custom+Fencing+%26+Custom+Buildings/data=!4m7!3m6!1s0x8853a08c6437c8eb:0x4e746013da0cd091!8m2!3d35.913772!4d-79.5334466!16s%2Fg%2F11hy9nqd8x!19sChIJ68g3ZIygU4gRkdAM2hNgdE4,SP Custom Fencing & Custom Buildings,4.6,52,Fence contractor,,,https://spcustomfencing.com/,+1 336-971-4134,Closed · Opens 9 am,https://lh3.googleusercontent.com/gps-cs-s/APNQkAE9U18WODAsq37XeAo3nJPyQxZ5xchyQp-j7DIyB-LPA_xQQNrDxBTw5On_PmdlRwLth_UY_BCNR1Ijcejb_AUWNEeIA7KnZJYeTuQT5_9_6ltXFKJoDFVWBTs1wRZXyIBmEGq-2zB27Zo=w408-h304-k-no,true,"https://www.google.com/maps/search/tree+service+businesses+in+Lindley+Park+Greensboro+NC/@36.0664935,-79.8380778,14z",2026-04-29T05:49:31.290Z,9 am–7 pm,9 am–7 pm,9 am–7 pm,9 am–7 pm,Closed,9 am–7 pm,9 am–7 pm,,,,
https://www.google.com/maps/place/Schnabel+Engineering/data=!4m7!3m6!1s0x88531bb07ad208dd:0x9bedb12aedb14aef!8m2!3d36.0578915!4d-79.8629091!16s%2Fg%2F1tw_nz5w!19sChIJ3QjSerAbU4gR70qx7Sqx7Zs,Schnabel Engineering,5.0,3,Civil engineering company,"1​1-A Oak Branch Drive, Greensboro, NC 27407, United States","345P+5R Greensboro, North Carolina, USA",https://www.schnabel-eng.com/,+1 336-274-9456,Closed · Opens 8 am,https://streetviewpixels-pa.googleapis.com/v1/thumbnail?panoid=MgovSYLo-3lSrpDzSHfAVw&cb_client=search.gws-prod.gps&w=408&h=240&yaw=190.15489&pitch=0&thumbfov=100,true,"https://www.google.com/maps/search/tree+service+businesses+in+Lindley+Park+Greensboro+NC/@36.0664935,-79.8380778,14z",2026-04-29T05:49:35.987Z,8 am–5 pm,8 am–5 pm,8 am–5 pm,Closed,Closed,8 am–5 pm,8 am–5 pm,,,,
https://www.google.com/maps/place/WOWFIX+Window+and+Door+Services+%7C+Greensboro/data=!4m7!3m6!1s0x88531be35216bd09:0x8daf5348bef23747!8m2!3d36.0618048!4d-79.836815!16s%2Fg%2F11kpgf8j2v!19sChIJCb0WUuMbU4gRRzfyvkhTr40,WOWFIX Window and Door Services | Greensboro,4.6,87,Window installation service,"1006 S Lindell Rd, Greensboro, NC 27403, United States","3567+P7 Greensboro, North Carolina, USA",https://wowfix.us/,+1 704-397-3354,Open 24 hours,https://lh3.googleusercontent.com/gps-cs-s/APNQkAHy97c7wBWI_ZdZQicuEoU4GEpNkIWxz_pxsXCDQLDSfDFREnSN4wCSkokcu0Lgd5t33SumAsEKdT82bOdd8RDky7vIlnNu8D0C-eZ3HypYqfTsCvD9TmUcVEVVMv1Z6IYba0o=w408-h306-k-no,true,"https://www.google.com/maps/search/tree+service+businesses+in+Lindley+Park+Greensboro+NC/@36.0664935,-79.8380778,14z",2026-04-29T05:49:40.871Z,Open 24 hours,Open 24 hours,Open 24 hours,Open 24 hours,Open 24 hours,Open 24 hours,Open 24 hours,,,,
https://www.google.com/maps/place/Aycock+Frame+%26+Body+Shop/data=!4m7!3m6!1s0x88531998cfe131d1:0xd750adadde548177!8m2!3d36.0615581!4d-79.8151602!16s%2Fg%2F1tfl0xn_!19sChIJ0THhz5gZU4gRd4FU3q2tUNc,Aycock Frame & Body Shop,4.6,225,Auto body shop,"811 S Josephine Boyd St, Greensboro, NC 27403, United States","356M+JW Greensboro, North Carolina, USA",https://www.aycockframeandbodyshop.com/,+1 336-272-1313,"Closed · Opens 9 am

Updated by this business 10 weeks ago",https://lh3.googleusercontent.com/gps-cs-s/APNQkAHM1Km6_TXf-wW-yFcr2lTp9hqqwWnm8Rgr93C1db0iJc7jHISrmfnR9fEU3mAmZ20aKKxXw4kUZbXNSdI3Bw-d7LF4T0gl5Nr8HOzuUsD3QnSP_v_OCGPZ2bjXEZMfWQt9VfrJHw=w921-h240-k-no,true,"https://www.google.com/maps/search/tree+service+businesses+in+Lindley+Park+Greensboro+NC/@36.0664935,-79.8380778,14z",2026-04-29T05:49:45.914Z,9 am–6 pm,9 am–6 pm,9 am–6 pm,Closed,Closed,9 am–6 pm,9 am–6 pm,,,,
https://www.google.com/maps/place/Gate+City+Gardening+and+Brew/data=!4m7!3m6!1s0x88531bad4218883f:0x540212c17dd67c42!8m2!3d36.0844264!4d-79.8043801!16s%2Fg%2F11khw24n5n!19sChIJP4gYQq0bU4gRQnzWfcESAlQ,Gate City Gardening and Brew,5.0,24,Organic shop,"1111-A Grecade St, Greensboro, NC 27408, United States","35MW+Q6 Greensboro, North Carolina, USA",http://www.gatecitygardening.com/,+1 336-271-3373,Closed · Opens 10 am,https://lh3.googleusercontent.com/gps-cs-s/APNQkAGDzq8GaBrLBMzwucUgA4Tc2Ze77f3dsqpqomevCeammx5hnwXic3qKeC3lp_oO2FaaUFP_-nE9CTALomjM4fblL5qlvWPoEGcgLJ9NY30VIWJBPTIAB8TWwmF33e-Bid0XNuY7xvyubY4=w408-h544-k-no,true,"https://www.google.com/maps/search/tree+service+businesses+in+Lindley+Park+Greensboro+NC/@36.0664935,-79.8380778,14z",2026-04-29T05:49:50.985Z,10 am–6 pm,10 am–6 pm,10 am–6 pm,10 am–5 pm,Closed,10 am–6 pm,10 am–6 pm,,,,
https://www.google.com/maps/place/Downtown+Greensboro+Inc/data=!4m7!3m6!1s0x885319267d057b1d:0x23f73a72ae4a5068!8m2!3d36.0661937!4d-79.7909446!16s%2Fg%2F1v1vdx4n!19sChIJHXsFfSYZU4gRaFBKrnI69yM,Downtown Greensboro Inc,3.9,36,Non-profit organization,"532 S Elm St, Greensboro, NC 27406, United States","3685+FJ Greensboro, North Carolina, USA",http://www.downtowngreensboro.org/,+1 336-379-0060,Closed · Opens 8:30 am,https://lh3.googleusercontent.com/gps-cs-s/APNQkAEgewWb0APgt3UxOXg09hmKYBPoP5yNRXWrp9xYcnabyTKP2oNnPqsB9llX8PXenTp-lI7NzGbLKGKNvzAiCZ0P_Afoe7Hi4JMzwboEK9gpPKtwjVmYUYQ0bHRbqWOorxLIu24QmQ=w408-h306-k-no,true,"https://www.google.com/maps/search/tree+service+businesses+in+Lindley+Park+Greensboro+NC/@36.0664935,-79.8380778,14z",2026-04-29T05:49:55.898Z,8:30 am–5 pm,8:30 am–5 pm,8:30 am–5 pm,Closed,Closed,8:30 am–5 pm,8:30 am–5 pm,,,,
https://www.google.com/maps/place/MLC+Outdoors+%28Landscape+Management%2FLawn+Care%2FFertilizer%29/data=!4m7!3m6!1s0x88531bfe8f1d7ca3:0x5ecbd1838d42127e!8m2!3d36.0850417!4d-79.8325412!16s%2Fg%2F1hhj0pj7w!19sChIJo3wdj_4bU4gRfhJCjYPRy14,MLC Outdoors (Landscape Management/Lawn Care/Fertilizer),,,Lawn care service,"610 Pembroke Rd #4306, Greensboro, NC 27404, United States","35P8+2X Greensboro, North Carolina, USA",,+1 336-681-8641,Closed · Opens 8 am,https://lh3.googleusercontent.com/gps-cs-s/APNQkAHAEaswZcjDqmkbd_ceCaLrq7oSRp_1192RttQNcy3T-KesCcgXdmvNjracu8v8IyhRlxI1WV0MejunqL3dKD5SAZRhF1Tk4Awn139nKZlM-ZSpug2bupG4T4WUzMuk3x-TiM5S5A=w408-h326-k-no,true,"https://www.google.com/maps/search/tree+service+businesses+in+Lindley+Park+Greensboro+NC/@36.0664935,-79.8380778,14z",2026-04-29T05:50:00.568Z,8 am–5 pm,8 am–5 pm,8 am–5 pm,Closed,Closed,8 am–5 pm,8 am–5 pm,,,,
https://www.google.com/maps/place/Purr+Life+Luxury+Cat+Resort+%26+Grooming:+Greensboro/data=!4m7!3m6!1s0x88531f8b73417a37:0x5eed4feb67f932f0!8m2!3d36.0900249!4d-79.8101563!16s%2Fg%2F11fn9vjgfm!19sChIJN3pBc4sfU4gR8DL5Z-tP7V4,Purr Life Luxury Cat Resort & Grooming: Greensboro,4.9,242,Cat boarding service,"1604 Battleground Ave Ste A, Greensboro, NC 27408, United States","35RQ+2W Greensboro, North Carolina, USA",https://purrlifecatresort.com/,+1 336-907-4747,Closed · Opens 8:30 am,https://lh3.googleusercontent.com/gps-cs-s/APNQkAHLoE5Iu-VqGxY6DAeur1oPYohI0S2OPrmf_yedLGl-gFSWaEOxnFkC8mBgEiDd1hpVGgLhfHIQ-OE2xuac_0Xr6OGjioUrNqRgGn2nR7p-djEBCPuoHSZ-n9v-eex38BVB880X=w412-h240-k-no,true,"https://www.google.com/maps/search/tree+service+businesses+in+Lindley+Park+Greensboro+NC/@36.0664935,-79.8380778,14z",2026-04-29T05:50:05.430Z,8:30 am–5:30 pm,8:30 am–5:30 pm,8:30 am–5:30 pm,9 am–1 pm,9 am–12 pm,8:30 am–5:30 pm,8:30 am–5:30 pm,Identifies as women-owned,,,
"https://www.google.com/maps/place/5+Star+Roofing+%26+Restoration,+LLC/data=!4m7!3m6!1s0x88531bc07c30b2a5:0x5679cac89c55ab77!8m2!3d36.0668914!4d-79.8616109!16s%2Fg%2F11j43jxv0g!19sChIJpbIwfMAbU4gRd6tVnMjKeVY","5 Star Roofing & Restoration, LLC",4.9,494,Roofing contractor,"115 Pomona Dr, Greensboro, NC 27407, United States","348Q+Q9 Greensboro, North Carolina, USA",https://5starroofingusa.com/greensboro,+1 336-810-8801,Open 24 hours,https://lh3.googleusercontent.com/gps-cs-s/APNQkAG5HLKDbSMcH_2H0xkPVcPGA8fmbEHr8AnIQZOLifiV-QkNWpBvcOBrEj5pB73aSSFypWmXI10tvLaubdkjZ9tdBIliSRlgkRgD1fiyaTH_BK6eFoMEquddnT-dPm0e8fiG_6oNtj-1qrWh=w408-h344-k-no,true,"https://www.google.com/maps/search/tree+service+businesses+in+Lindley+Park+Greensboro+NC/@36.0664935,-79.8380778,14z",2026-04-29T05:50:10.602Z,Open 24 hours,Open 24 hours,Open 24 hours,Open 24 hours,Open 24 hours,Open 24 hours,Open 24 hours,Identifies as women-owned,,,
https://www.google.com/maps/place/TRC+Roofing+%26+Construction/data=!4m7!3m6!1s0x885318c1b6d89d2b:0x63a2ab7d5e05433!8m2!3d36.0925353!4d-79.8218844!16s%2Fg%2F11c1p58j7v!19sChIJK53YtsEYU4gRM1Tg1bcqOgY,TRC Roofing & Construction,4.4,44,Roofing contractor,"717 Green Valley Rd Suite 200, Greensboro, NC 27408, United States","35VH+26 Greensboro, North Carolina, USA",http://www.trc-industrialroofing.com/,+1 336-327-2509,Closed · Opens 7 am,https://lh3.googleusercontent.com/gps-cs-s/APNQkAE7b7ybQc6-Xg0wfhA1QeyAsCMpofuO1muMOmnyTNFH-Rlhfz1Nzq6P2MDA0oy74zAlk9m28iGYz0hsQhTcxLeknhBCXG-jSsbTNMSYHZXxAxNiaVM7qJjldZbLfJfsktvRCN5mrw=w408-h306-k-no,true,"https://www.google.com/maps/search/tree+service+businesses+in+Lindley+Park+Greensboro+NC/@36.0664935,-79.8380778,14z",2026-04-29T05:50:15.467Z,7 am–7 pm,7 am–7 pm,7 am–7 pm,7 am–7 pm,7 am–7 pm,7 am–7 pm,7 am–7 pm,,,,
https://www.google.com/maps/place/Innovation+Station+LLC/data=!4m7!3m6!1s0x885319b4ee583351:0x5d782b6aededdac0!8m2!3d36.0676046!4d-79.8643806!16s%2Fg%2F11bywkq32_!19sChIJUTNY7rQZU4gRwNrt7WoreF0,Innovation Station LLC,4.3,22,Marketing consultant,"5 Dundas Cir suite m, Greensboro, NC 27407, United States","349P+26 Greensboro, North Carolina, USA",https://innovationstationllc.com/,+1 336-285-9283,Closed · Opens 9 am,https://streetviewpixels-pa.googleapis.com/v1/thumbnail?panoid=5pjtBijYvG0AF2VGid_TRw&cb_client=search.gws-prod.gps&w=408&h=240&yaw=140.16028&pitch=0&thumbfov=100,false,"https://www.google.com/maps/search/tree+service+businesses+in+Lindley+Park+Greensboro+NC/@36.0664935,-79.8380778,14z",2026-04-29T05:50:20.230Z,9 am–5 pm,9 am–5 pm,9 am–5 pm,9 am–1 pm,Closed,9 am–5 pm,9 am–5 pm,,,,
https://www.google.com/maps/place/Aurora+Roofing+Gutters+Junk+Removal/data=!4m7!3m6!1s0x88531eac50981cd3:0x6e2981e61672fd7f!8m2!3d36.056865!4d-79.8306306!16s%2Fg%2F11dyxsdcv3!19sChIJ0xyYUKweU4gRf_1yFuaBKW4,Aurora Roofing Gutters Junk Removal,4.6,1210,Roofing contractor,"2416 Husbands St B, Greensboro, NC 27407, United States","3549+PP Greensboro, North Carolina, USA",https://auroraproservices.com/,+1 336-255-8225,Closed · Opens 7 am,https://lh3.googleusercontent.com/gps-cs-s/APNQkAGJ1Ov9_3DxBSkk87WrII8TAomL0mm7mM38aZybPl8qB7xRhAwd6YI-FvmfTvUINQWfiXObr4S6ariUKVueMmi52vKDbBKnG_dy57nudaJaGsJ2Nn9DWMUuGk7wTp3ZMvNPUWvK=w425-h240-k-no,true,"https://www.google.com/maps/search/tree+service+businesses+in+Lindley+Park+Greensboro+NC/@36.0664935,-79.8380778,14z",2026-04-29T05:50:25.125Z,7 am–7 pm,7 am–7 pm,7 am–7 pm,9 am–3 pm,Closed,7 am–7 pm,7 am–7 pm,,,,
https://www.google.com/maps/place/Free+U+Bail+Bonds/data=!4m7!3m6!1s0x885319231d18de93:0x30434c8bfe43b144!8m2!3d36.0682402!4d-79.7940717!16s%2Fg%2F1260krs2k!19sChIJk94YHSMZU4gRRLFD_otMQzA,Free U Bail Bonds,4.7,52,Bail bonds service,"421 Eugene Ct, Greensboro, NC 27401, United States","3694+79 Greensboro, North Carolina, USA",http://www.freeubailbondsnc.com/,+1 336-333-0088,Open 24 hours,https://lh3.googleusercontent.com/gps-cs-s/APNQkAGVOsMDjcBdjvmqzI20URIt6QmhM4HEzr5coNrGPjKFKioeMGoXzC_aTyRK0mgHhKILzpLCGHYmDenmQBCyO5d_Fxrx5px4Wt0mk3CJFFAlRvyS8jLZA6Yk-q3BsA-GlOyj754=w408-h725-k-no,true,"https://www.google.com/maps/search/tree+service+businesses+in+Lindley+Park+Greensboro+NC/@36.0664935,-79.8380778,14z",2026-04-29T05:50:30.021Z,Open 24 hours,Open 24 hours,Open 24 hours,Open 24 hours,Open 24 hours,Open 24 hours,Open 24 hours,,,,
https://www.google.com/maps/place/ProColor+Collision+Greensboro+West/data=!4m7!3m6!1s0x885319180113e1c3:0xad223a9be5e531b0!8m2!3d36.0602776!4d-79.8469229!16s%2Fg%2F1tdm4f8l!19sChIJw-ETARgZU4gRsDHl5Zs6Iq0,ProColor Collision Greensboro West,4.5,167,Auto body shop,"3125 Spring Garden St, Greensboro, NC 27407, United States","3563+46 Greensboro, North Carolina, USA",https://www.procolor.com/en-us/shop/greensboro-west/,+1 336-272-6242,Closed · Opens 8 am,https://lh3.googleusercontent.com/gps-cs-s/APNQkAHWe2CBn7o_NnjPL4FkAAxNDMaWgp3nmtEH-sugYwXsZ5ECiOv7aXMMn6fnkl_t4cEzGBPgXXkUlWqZnaqC1awhn3UNiKXN1fsU5nrIlSTjzPQRtCvMEklOiDVW7hbwpSg4nx_CXQ=w408-h306-k-no,true,"https://www.google.com/maps/search/tree+service+businesses+in+Lindley+Park+Greensboro+NC/@36.0664935,-79.8380778,14z",2026-04-29T05:50:35.032Z,8 am–5 pm,8 am–5 pm,8 am–5 pm,Closed,Closed,8 am–5 pm,8 am–5 pm,Identifies as veteran-owned,,,
https://www.google.com/maps/place/Flower+Queen/data=!4m7!3m6!1s0x88531a60baee20bd:0x48abe98f3e0da6ea!8m2!3d36.0375583!4d-79.856446!16s%2Fg%2F11f2qyzbls!19sChIJvSDuumAaU4gR6qYNPo_pq0g,Flower Queen,4.9,196,Florist,"3819 W Gate City Blvd E, Greensboro, NC 27407, United States","24QV+2C Greensboro, North Carolina, USA",http://myflowerqueen.com/?utm_source=google&utm_medium=organic&utm_campaign=gmb&utm_content=main_button,+1 336-291-8330,"Closed · Opens 9:30 am

Updated by this business 3 weeks ago",https://lh3.googleusercontent.com/gps-cs-s/APNQkAHSKUacTgz2gTsEiThn0RbkpX7fE6zQDEawyOuNZc1KyLXHvDE6sOyfPp0Yqmb2GyWRc8Cc0PCPoil6eVa01f7ktSi5ir7UKhqn9Y_9P7MaQ7e_WDwkCNgZPo23WQ4gGnX1JMw80yXSLFI=w408-h482-k-no,true,"https://www.google.com/maps/search/tree+service+businesses+in+Lindley+Park+Greensboro+NC/@36.0664935,-79.8380778,14z",2026-04-29T05:50:39.931Z,9:30 am–6 pm,9:30 am–6 pm,9:30 am–6 pm,9:30 am–6 pm,Closed,9:30 am–6 pm,Closed,,· Delivery,,
"https://www.google.com/maps/place/Association+Management+Group-+Greensboro,+Burlington+Metro/data=!4m7!3m6!1s0x8853193afdf43d2b:0x8ba5919068d21b40!8m2!3d36.074124!4d-79.797733!16s%2Fg%2F1tdk5wr9!19sChIJKz30_ToZU4gRQBvSaJCRpYs","Association Management Group- Greensboro, Burlington Metro",4.7,936,Property management company,"614 W Friendly Ave, Greensboro, NC 27401, United States","36F2+JW Greensboro, North Carolina, USA",http://www.amgworld.com/,+1 336-273-8600,Closed · Opens 9 am,https://lh3.googleusercontent.com/gps-cs-s/APNQkAHXKx67fM9xOB42TnIrKPr_4LKkqSu-ch0xRIjn2vdKbhvopKklxNoz0enAmVuHBe7XYNNCpwwmg5xi09q3l5gAIWuDO3_7wBPYODTNSB2oibRSrtqRb-HBTll7ORKFRV4SoQoj58xEBjk=w424-h240-k-no,true,"https://www.google.com/maps/search/tree+service+businesses+in+Lindley+Park+Greensboro+NC/@36.0664935,-79.8380778,14z",2026-04-29T05:50:44.771Z,9 am–5 pm,9 am–5 pm,9 am–5 pm,Closed,Closed,9 am–5 pm,9 am–5 pm,,,,
https://www.google.com/maps/place/Crawlspace+Depot/data=!4m7!3m6!1s0x8853193082679263:0x20708bd015564c56!8m2!3d36.0767774!4d-79.7992655!16s%2Fg%2F11b6ll360z!19sChIJY5JngjAZU4gRVkxWFdCLcCA,Crawlspace Depot,4.6,34,Distribution service,"412 Prescott St, Greensboro, NC 27401, United States","36G2+P7 Greensboro, North Carolina, USA",http://www.crawlspacedepot.com/,+1 888-331-9991,Closed · Opens 8 am,https://lh3.googleusercontent.com/gps-cs-s/APNQkAGe-H0ZWkwI2WtTgQ7JSTPnP4cARUx-qjBQDyGnTH4QjjPUjZRh8khWgkfQ3G5V7Z3CSk37CSvqWeJJQW-jr2a5M0lNzv3dt6uUp97PbJXmP6qVHrdQUDhfYh4evY2no0yVQSOC=w408-h272-k-no,true,"https://www.google.com/maps/search/tree+service+businesses+in+Lindley+Park+Greensboro+NC/@36.0664935,-79.8380778,14z",2026-04-29T05:50:49.688Z,8 am–5 pm,8 am–5 pm,8 am–5 pm,Closed,Closed,8 am–5 pm,8 am–5 pm,,,,
https://www.google.com/maps/place/Drury+Inn+%26+Suites+Greensboro/data=!4m10!3m9!1s0x88531a311316029f:0x1f776f19a1b33473!5m2!4m1!1i2!8m2!3d36.0422239!4d-79.8447134!16s%2Fg%2F1tkc7crm!19sChIJnwIWEzEaU4gRczSzoRlvdx8,Drury Inn & Suites Greensboro,4.4,1231,,"3220 W Gate City Blvd, Greensboro, NC 27407, United States","25R4+V4 Greensboro, North Carolina, USA",https://www.druryhotels.com/locations/greensboro-nc/drury-inn-and-suites-greensboro?utm_campaign=gmb&utm_medium=organic&utm_source=local2,+1 336-856-9696,,https://lh3.googleusercontent.com/gps-cs-s/APNQkAE67BmBVUkfC46pEBQhJn90VTEX2gMiqUqNLwk3fjNDkBDLj0lP833TO3poRBi3WxBCF2ujP5-vZjAAZYTmukEb3ukGGte2Wh5-x9d2-dYxe4Q3mWcLwPwKydHHJRxfqiYMYQgXzj4FHYnG=w408-h272-k-no,true,"https://www.google.com/maps/search/tree+service+businesses+in+Lindley+Park+Greensboro+NC/@36.0664935,-79.8380778,14z",2026-04-29T05:50:52.778Z,,,,,,,,,,,
https://www.google.com/maps/place/Holiday+Inn+Greensboro+Coliseum+by+IHG/data=!4m10!3m9!1s0x88531bd4c86fc695:0x13081fe7e0f6416c!5m2!4m1!1i2!8m2!3d36.0477935!4d-79.8350018!16s%2Fg%2F1tk23mxy!19sChIJlcZvyNQbU4gRbEH24OcfCBM,Holiday Inn Greensboro Coliseum by IHG,4.3,782,,"3005 W Gate City Blvd, Greensboro, NC 27403, United States","25X7+4X Greensboro, North Carolina, USA",https://www.ihg.com/holidayinn/hotels/us/en/greensboro/gsohi/hoteldetail?cm_mmc=GoogleMaps-_-HI-_-US-_-GSOHI,+1 336-294-4565,,https://lh3.googleusercontent.com/gps-cs-s/APNQkAE2St-10jMmFdjSQ6JDXiCWsyzuCSrk_SHRvLK0FKjEPvnl3hpb_byoun0L9rOGeB3KUyPrZQifijGwfKfMmqhai0bqSe56LkTbe-iYhsoJQYYSsDpAAnCl9TYG7ouIZBM_CVTs=w408-h306-k-no,true,"https://www.google.com/maps/search/tree+service+businesses+in+Lindley+Park+Greensboro+NC/@36.0664935,-79.8380778,14z",2026-04-29T05:50:56.199Z,,,,,,,,,,,
https://www.google.com/maps/place/Jobe+Custom+Homes/data=!4m7!3m6!1s0x8853192fdf59619b:0x261a0733c94b7e24!8m2!3d36.0859161!4d-79.7952253!16s%2Fg%2F1tfqm26d!19sChIJm2FZ3y8ZU4gRJH5LyTMHGiY,Jobe Custom Homes,5.0,3,Home builder,"409-A Parkway Ave, Greensboro, NC 27401, United States","36P3+9W Greensboro, North Carolina, USA",https://jobecustomhomes.com/,+1 336-272-2772,Closed · Opens 8 am,https://streetviewpixels-pa.googleapis.com/v1/thumbnail?panoid=GSzkdIIq-Ab7HxSC2akUug&cb_client=search.gws-prod.gps&w=408&h=240&yaw=43.849422&pitch=0&thumbfov=100,true,"https://www.google.com/maps/search/tree+service+businesses+in+Lindley+Park+Greensboro+NC/@36.0664935,-79.8380778,14z",2026-04-29T05:51:00.940Z,8 am–5 pm,8 am–5 pm,8 am–5 pm,Closed,Closed,8 am–5 pm,8 am–5 pm,,,,
https://www.google.com/maps/place/Palmetto+Equity+Group/data=!4m7!3m6!1s0x8853192ad36789a3:0xffbddf3baaf05c09!8m2!3d36.0883569!4d-79.8079181!16s%2Fg%2F1v6p9k4s!19sChIJo4ln0yoZU4gRCVzwqjvfvf8,Palmetto Equity Group,4.0,141,Real estate agency,"7 Battleground Ct Suite 100, Greensboro, NC 27408, United States","35QR+8R Greensboro, North Carolina, USA",http://www.palmettoequity.com/,+1 336-271-3020,Closed · Opens 9 am,https://lh3.googleusercontent.com/gps-cs-s/APNQkAHaMXjr_iYcYGvxE4CvC-SQMJal80m7F6qOJuJ31xdG2rVdBZhQ8w0-xyK4Psd9gnipQq3-mIjeMfIWFNNfmuca6G3VaI2yPiVLRoRTz-y3IrCaibwqVt1bF2sb2djqnNW6cgfzIw=w408-h267-k-no,true,"https://www.google.com/maps/search/tree+service+businesses+in+Lindley+Park+Greensboro+NC/@36.0664935,-79.8380778,14z",2026-04-29T05:51:05.831Z,9 am–5 pm,9 am–5 pm,9 am–5 pm,Closed,Closed,9 am–5 pm,9 am–5 pm,LGBTQ+ friendly,,,
https://www.google.com/maps/place/Martir%27s+Landscaping+and+Tree+Services+LLC/data=!4m7!3m6!1s0x8853b71f0ad43605:0x5a9cea6076f0fc70!8m2!3d36.0735738!4d-80.3857444!16s%2Fg%2F11jvm5jc8_!19sChIJBTbUCh-3U4gRcPzwdmDqnFo,Martir's Landscaping and Tree Services LLC,5.0,102,Tree service,"5876 Marty Ln, Clemmons, NC 27012, United States","3JF7+CP Clemmons, North Carolina, USA",https://www.martirtreeservices.com/,+1 336-747-0864,Open 24 hours,https://lh3.googleusercontent.com/gps-cs-s/APNQkAFl1OqZpTWU81I9XiZZyyQIH1GWeaJkcVkqkGA9RWy_GkKDsAmUWMgj9xNKumJwmFffoZ_ihyBP6lAJHCi2eqSAbVaApzK68a30z3k-A12yKo4Fq7g1z7SL2ZBu8Y-E_J86rgBosg=w426-h240-k-no,true,"https://www.google.com/maps/search/tree+service+businesses+in+Lewsville+Greensboro+NC/@36.0970819,-80.4192216,14z",2026-04-29T05:51:26.042Z,Open 24 hours,Open 24 hours,Open 24 hours,Open 24 hours,Open 24 hours,Open 24 hours,Open 24 hours,,,,
"https://www.google.com/maps/place/Bobby%27s+Tree+Service,+Inc/data=!4m7!3m6!1s0x8853b7405ba29e97:0xe7fb579c79f0b2!8m2!3d36.0696992!4d-80.3858474!16s%2Fg%2F1vj5_xn7!19sChIJl56iW0C3U4gRsvB5nFf75wA","Bobby's Tree Service, Inc",4.7,48,Tree service,"6540 Holder Rd, Clemmons, NC 27012, United States","3J97+VM Clemmons, North Carolina, USA",http://www.bobbystreesvc.com/,+1 336-766-7261,"Closed · Opens 8 am

Confirmed by this business 2 weeks ago",https://lh3.googleusercontent.com/gps-cs-s/APNQkAEJeqvmbX2ToqCqCmLN3gUQ2cqB8sEEjjGokuJG5qLJTMgPIsoWGemwmLuUGwL3xSxT5y6ckEGCt1tsFlroMBryg4sWHPLaO3WT2m5O9mwDLBdqaTM_-SYVeL4kGIy9QF0EiV-4=w426-h240-k-no,true,"https://www.google.com/maps/search/tree+service+businesses+in+Lewsville+Greensboro+NC/@36.0970819,-80.4192216,14z",2026-04-29T05:51:30.687Z,8 am–6 pm,8 am–6 pm,8 am–6 pm,8 am–6 pm,Closed,8 am–6 pm,8 am–6 pm,,,,
https://www.google.com/maps/place/Dawson+Tree+Service/data=!4m7!3m6!1s0x8853b14f002dd4d9:0xb92ce621be0a288!8m2!3d36.069858!4d-80.3431144!16s%2Fg%2F1tc_9cn6!19sChIJ2dQtAE-xU4gRiKLgG2LOkgs,Dawson Tree Service,4.5,84,Tree service,"4787 Kirk Rd, Winston-Salem, NC 27103, United States","3M94+WQ Winston-Salem, North Carolina, USA",http://dawsontreeservice.com/,+1 336-345-2572,Closed · Opens 7 am,https://lh3.googleusercontent.com/gps-cs-s/APNQkAH6DzyRx0e8oQxU1VbaL5qeeH6XSxhHcZT1Naatf8FgiTxfgxOGmS0OV70ktHpjgwwlHK6CAL42VBqDT8cLMH-r9bnGvOB50mrTIc82zx0o_W-l0BC8Ub4mA63vkYgq4ixFIaNOuz2C_iQi=w408-h544-k-no,true,"https://www.google.com/maps/search/tree+service+businesses+in+Lewsville+Greensboro+NC/@36.0970819,-80.4192216,14z",2026-04-29T05:51:35.701Z,7 am–7 pm,7 am–7 pm,7 am–7 pm,7 am–7 pm,Closed,7 am–7 pm,7 am–7 pm,,,,
https://www.google.com/maps/place/Roels+Enterprise+and+Landscaping+LLC/data=!4m7!3m6!1s0x8853b328fc6fb307:0x7225534db2c84d4f!8m2!3d36.0997553!4d-80.4147715!16s%2Fg%2F11kwk1chf_!19sChIJB7Nv_CizU4gRT03Isk1TJXI,Roels Enterprise and Landscaping LLC,4.9,30,Landscaper,"#0, Lewisville, NC 27023, United States","3HXP+W3 Lewisville, North Carolina, USA",https://www.roelsenterprise.com/,+1 336-354-2311,Closed · Opens 7 am,https://lh3.googleusercontent.com/gps-cs-s/APNQkAHZnFzOyiRL_YPZli64cAx8J1QkdAIYXIGdLxRh7xoSy9QC2xrzrJvctKrOFnzYH-_doAF3f_HmgfbqVQWw02MKUZWLLKWxZcxUArFdKCZvx_S-W9YnxZNUrPMACjypTwvGAu7U=w408-h306-k-no,true,"https://www.google.com/maps/search/tree+service+businesses+in+Lewsville+Greensboro+NC/@36.0970819,-80.4192216,14z",2026-04-29T05:51:40.486Z,7 am–6 pm,7 am–6 pm,7 am–6 pm,7 am–6 pm,10 am–5 pm,7 am–6 pm,7 am–6 pm,,,,
https://www.google.com/maps/place/Pazcual+Lugo+Enterprise+LLC/data=!4m7!3m6!1s0x80591eaecfece21d:0x789de6984356223!8m2!3d36.0714275!4d-80.2886865!16s%2Fg%2F11smtx97sw!19sChIJHeLsz64eWYARI2I1hGneiQc,Pazcual Lugo Enterprise LLC,4.9,49,Landscaper,,,https://pazcuallugoenterprisellc.company/,+1 336-970-3025,Closed · Opens 7 am,https://lh3.googleusercontent.com/gps-cs-s/APNQkAHz5j1HSdgI9caC4U0x3EkZSQ-KlvkRQU8CG8cqOWYA4OM7OTukOofLuAU8enhlZpIm2nLW440ujy48ufESKeRMqqZLpu5aLbPwbYf9arpEdeVYqmpijSUviId8m347xHk3nF8R=w408-h544-k-no,true,"https://www.google.com/maps/search/tree+service+businesses+in+Lewsville+Greensboro+NC/@36.0970819,-80.4192216,14z",2026-04-29T05:51:45.164Z,7 am–6 pm,7 am–6 pm,7 am–6 pm,8 am–2 pm,Closed,7 am–6 pm,7 am–6 pm,,,,
https://www.google.com/maps/place/Roger%27s+Trees+%26+Nursery/data=!4m7!3m6!1s0x8853b6547154e041:0x58e05ba307305d4e!8m2!3d36.0989474!4d-80.4168189!16s%2Fg%2F11cncb91_w!19sChIJQeBUcVS2U4gRTl0wB6Nb4Fg,Roger's Trees & Nursery,4.6,76,Garden center,"6365 Shallowford Rd, Lewisville, NC 27023, United States","3HXM+H7 Lewisville, North Carolina, USA",,+1 336-408-1701,Closed · Opens 9 am,https://lh3.googleusercontent.com/gps-cs-s/APNQkAFMqtCw0IqVWTfB_esLrhh-hX-qRzwG4nE-dbtPTP5B5lV5OwKNn1hER-WAa70T2RI7CAaAp7L_052wmcJvU8T1RanKDyd7YQLFCDVuURcHCoZF0dPDrlHiqGbpUwahbtY49zqw=w408-h306-k-no,true,"https://www.google.com/maps/search/tree+service+businesses+in+Lewsville+Greensboro+NC/@36.0970819,-80.4192216,14z",2026-04-29T05:51:50.510Z,9 am–6 pm,9 am–6 pm,9 am–6 pm,9 am–5 pm,12–4 pm,9 am–6 pm,9 am–6 pm,,· In-store shopping,,
https://www.google.com/maps/place/Joe%27s+Landscaping+%26+Nursery+Co/data=!4m7!3m6!1s0x8853b70840a2721b:0xea3e569de14ef56f!8m2!3d36.0827053!4d-80.4114391!16s%2Fg%2F1tm8fph1!19sChIJG3KiQAi3U4gRb_VO4Z1WPuo,Joe's Landscaping & Nursery Co,3.4,92,Landscaper,"705 Lasley Rd, Lewisville, NC 27023, United States","3HMQ+3C Lewisville, North Carolina, USA",http://www.joeslandscapingandnursery.com/,+1 336-766-6513,Closed · Opens 7:30 am,https://lh3.googleusercontent.com/gps-cs-s/APNQkAHB0WaATSY9HiPR3R56iYiU5bn-hViUZNS0RlwH4NwJkSBB_ORnSv91JTm1LT7R6kukDv-p3y3qOl-q6YFeFqmY9lAfJg53y7R9rAp8Dl6IOVuKp4hHDgAP-hnnSnGYUDTaiSoY=w408-h544-k-no,false,"https://www.google.com/maps/search/tree+service+businesses+in+Lewsville+Greensboro+NC/@36.0970819,-80.4192216,14z",2026-04-29T05:51:55.093Z,7:30 am–4 pm,7:30 am–4 pm,7:30 am–4 pm,8 am–12 pm,Closed,7:30 am–4 pm,7:30 am–4 pm,,,,
https://www.google.com/maps/place/Wake+Tree+Service/data=!4m7!3m6!1s0x8853afa59ec4d1a7:0x7fb3425c5c11c542!8m2!3d36.153699!4d-80.245179!16s%2Fg%2F11qzfwwrmr!19sChIJp9HEnqWvU4gRQsURXFxCs38,Wake Tree Service,4.4,24,Tree service,,,http://waketreeservice.com/,+1 336-749-3900,Open 24 hours,https://lh3.googleusercontent.com/gps-cs-s/APNQkAGJCPTWs19-7kwKl19KaA-Y03POXzbOJmolkO0A24hEK5ADG-9pXoBH5a_KNZ8n63F4kI64Fxk_LuCF_wl-TnhmpxOhXSBdUkrtwZX-cizLgsAVsVMiRMkY3me4g-nwNwPMRU7d=w408-h544-k-no,true,"https://www.google.com/maps/search/tree+service+businesses+in+Lewsville+Greensboro+NC/@36.0970819,-80.4192216,14z",2026-04-29T05:51:59.739Z,Open 24 hours,Open 24 hours,Open 24 hours,Open 24 hours,Open 24 hours,Open 24 hours,Open 24 hours,,,,
https://www.google.com/maps/place/Lakeway+Landscaping/data=!4m7!3m6!1s0x8853b99187834e65:0xb5e80ae7063e390f!8m2!3d36.1102045!4d-80.4298785!16s%2Fg%2F1tfgkj5f!19sChIJZU6Dh5G5U4gRDzk-BucK6LU,Lakeway Landscaping,3.9,47,Landscape designer,,,https://lakewayoutdoor.com/,+1 336-766-2738,Closed · Opens 8 am,https://lh3.googleusercontent.com/gps-cs-s/APNQkAHwJpuAyakLYjBfr8ZoFy7wq-Wi36e5EYtA0kdlzyEjLc2YI7OvfK09IfuZCtAz_TO0Ry19f0zNC6an4Z4jcFoXrmzzXNHKhP9PUqHQb5sldsnZKAz-Lr3l_9y2g5PiZpEqgKsg_Q=w408-h306-k-no,true,"https://www.google.com/maps/search/tree+service+businesses+in+Lewsville+Greensboro+NC/@36.0970819,-80.4192216,14z",2026-04-29T05:52:04.631Z,8 am–5 pm,8 am–5 pm,8 am–5 pm,8 am–12 pm,Closed,8 am–5 pm,8 am–5 pm,,,,
https://www.google.com/maps/place/Tilson+Outdoors/data=!4m7!3m6!1s0x8853b79feef59d73:0xc8d54dc16db8a58b!8m2!3d36.0193124!4d-80.3167845!16s%2Fg%2F11c4925bd2!19sChIJc5317p-3U4gRi6W4bcFN1cg,Tilson Outdoors,5.0,23,Landscaper,,,https://tilsonoutdoors.com/?utm_campaign=gmb,+1 336-537-9507,Closed · Opens 8 am,https://lh3.googleusercontent.com/gps-cs-s/APNQkAGGwLbDdTcfacpYur8gb8GEUVfSNgIdiwLFxRUJn8-qgqQepYlCGDPVvWXrtAczGJeOBd7efwmiQIpLrnZ4r6UVFsX3pyRqdzsfqpQHjGPsSNvenAqYfXq5dmvfEmg9FFEqLDjJKQ=w426-h240-k-no,true,"https://www.google.com/maps/search/tree+service+businesses+in+Lewsville+Greensboro+NC/@36.0970819,-80.4192216,14z",2026-04-29T05:52:09.301Z,8 am–5 pm,8 am–5 pm,8 am–5 pm,Closed,Closed,8 am–5 pm,8 am–5 pm,,,,
https://www.google.com/maps/place/Triad+Land+Clearing/data=!4m7!3m6!1s0x6519e7de6d21aea3:0xab53f4e231e999fe!8m2!3d36.1075045!4d-80.243625!16s%2Fg%2F11v16v9g72!19sChIJo64hbd7nGWUR_pnpMeL0U6s,Triad Land Clearing,4.7,13,Forestry service,,,https://www.triadlandclearing.com/,+1 336-408-0104,Closed · Opens 8 am,https://lh3.googleusercontent.com/gps-cs-s/APNQkAEP9cAXE7UbuCIRvDZY_FIBrhCG9-v3T6MOwkTGpzMGpa8KMtph1Es93WgcTyJk3U1uAOIkBuuMzZy9xOs_w4EuLJ0w4acyytF0e6X9n7AFq63iQxDv4QwSHfRDUSjJluSqNugxVg=w459-h240-k-no,true,"https://www.google.com/maps/search/tree+service+businesses+in+Lewsville+Greensboro+NC/@36.0970819,-80.4192216,14z",2026-04-29T05:52:14.232Z,8 am–5 pm,8 am–5 pm,8:30 am–5 pm,Closed,Closed,8 am–5 pm,8 am–5 pm,LGBTQ+ friendly,,,
https://www.google.com/maps/place/Davis+Tree+Surgeons/data=!4m7!3m6!1s0x88524d6422f0f96d:0x1fb8e75add7a5b15!8m2!3d36.0748635!4d-80.2877706!16s%2Fg%2F11fs450_73!19sChIJbfnwImRNUogRFVt63VrnuB8,Davis Tree Surgeons,4.9,179,Tree service,"2746 Westmore Ct, Winston-Salem, NC 27103, United States","3PF6+WV Winston-Salem, North Carolina, USA",https://davistreesurgeon.com/,+1 888-309-0064,Closed · Opens 8 am,https://lh3.googleusercontent.com/gps-cs-s/APNQkAH18Jq7QdDc7eqyVWvAYriGDIyCVZtOLPrA3p0ma0HWR7Go1VZklRp117pxc2DQttGOJoTPvQ4CbdQAS6J0NwwreJBbLf4QTunUgMH4_V6nz53YHJ_QzVrwKZ5e5ztyD7WKr7D1ICX0qTk=w408-h544-k-no,true,"https://www.google.com/maps/search/tree+service+businesses+in+Lewsville+Greensboro+NC/@36.0970819,-80.4192216,14z",2026-04-29T05:52:19.252Z,8 am–7 pm,8 am–7 pm,8 am–7 pm,8 am–4 pm,8 am–2 pm,8 am–7 pm,8 am–7 pm,LGBTQ+ friendly,,,
https://www.google.com/maps/place/Piedmont+Forestry+Consultants/data=!4m7!3m6!1s0x8853c825e8d76381:0x7ec48e5bcfca72d0!8m2!3d36.087375!4d-80.4610992!16s%2Fg%2F1tlwgbnt!19sChIJgWPX6CXIU4gR0HLKz1uOxH4,Piedmont Forestry Consultants,1.0,1,Business management consultant,"150 Deer Run Dr, Lewisville, NC 27023, United States","3GPQ+XH Lewisville, North Carolina, USA",,+1 336-721-0816,Closed · Opens 9 am,https://streetviewpixels-pa.googleapis.com/v1/thumbnail?panoid=PJTME2nvt_luwO49GyzxKw&cb_client=search.gws-prod.gps&w=408&h=240&yaw=211.27129&pitch=0&thumbfov=100,true,"https://www.google.com/maps/search/tree+service+businesses+in+Lewsville+Greensboro+NC/@36.0970819,-80.4192216,14z",2026-04-29T05:52:23.917Z,9 am–5 pm,9 am–5 pm,9 am–5 pm,Closed,Closed,9 am–5 pm,9 am–5 pm,,,,
https://www.google.com/maps/place/Miller+Tree+Service/data=!4m7!3m6!1s0x8853bec524be824d:0x3910385597a7da59!8m2!3d35.9517553!4d-80.4032343!16s%2Fg%2F1w0j4x0w!19sChIJTYK-JMW-U4gRWdqnl1U4EDk,Miller Tree Service,4.9,490,Tree service,"443 Underpass Rd, Advance, NC 27006, United States","XH2W+PP Advance, North Carolina, USA",http://www.millertreeservice.com/,+1 336-998-1900,Closed · Opens 7 am,https://lh3.googleusercontent.com/gps-cs-s/APNQkAE2G9sd0gGt3zMlrP0Nq6r0a3sjZMAywHzlTKzYvk4juVe0oTPll8QIrhgjLDGOFGuTATuIC0jhNfrUMVwDV-UvNpDH7ccndfcx4qiJ7wGkKV2O_hSxUyv9z4JO0glQHHVsP3M=w408-h305-k-no,true,"https://www.google.com/maps/search/tree+service+businesses+in+Lewsville+Greensboro+NC/@36.0970819,-80.4192216,14z",2026-04-29T05:52:28.787Z,7 am–4 pm,7 am–4 pm,7 am–4 pm,Closed,Closed,7 am–4 pm,7 am–4 pm,,,,
https://www.google.com/maps/place/Grove+Park+Tree+Care/data=!4m7!3m6!1s0x8853b7e4d0253829:0x59dbc608bbcb325e!8m2!3d36.0418904!4d-80.3911504!16s%2Fg%2F11f_0_pryn!19sChIJKTgl0OS3U4gRXjLLuwjG21k,Grove Park Tree Care,5.0,59,Tree service,,,https://groveparktree.com/,+1 336-607-4802,Closed · Opens 8 am,https://lh3.googleusercontent.com/gps-cs-s/APNQkAERNjDU9OMNvqSxGU-1HwuMBDEs5QCEndeUliaGrHptozVQz7qifs2OtAUVCQm5X_6op8df-H-mdr_1gjRO7llVBijmodKq-sM9gikAmAIoZ5YW_fnuHs5kd2KFDFyuJccwoP8Oug=w408-h544-k-no,true,"https://www.google.com/maps/search/tree+service+businesses+in+Lewsville+Greensboro+NC/@36.0970819,-80.4192216,14z",2026-04-29T05:52:33.615Z,8 am–6 pm,8 am–6 pm,8 am–6 pm,10 am–4 pm,Closed,8 am–6 pm,8 am–6 pm,,,,
https://www.google.com/maps/place/Pazcual+Lugo+Enterprise/data=!4m7!3m6!1s0x8853b7da27e37885:0xe682b37c86faac9!8m2!3d36.075867!4d-80.414321!16s%2Fg%2F11m7qz7k4y!19sChIJhXjjJ9q3U4gRyapvyDcraA4,Pazcual Lugo Enterprise,4.5,31,Landscaper,,,,+1 336-407-9504,Closed · Opens 8 am,https://lh3.googleusercontent.com/gps-cs-s/APNQkAFF-BUeHU_G-GicTP5jW3CN7qZXE-C26PbGQ_XS_2sy_yXLnmEjvtVM5wz6BMYhffCT-IAzOVb8UmFV6eF6R6pU4JbOsZEEDnlyuzzmiBlEhIj6rUXUnc30hG9BZOELoO0-jcZfBQ=w408-h306-k-no,true,"https://www.google.com/maps/search/tree+service+businesses+in+Lewsville+Greensboro+NC/@36.0970819,-80.4192216,14z",2026-04-29T05:52:38.912Z,8 am–6 pm,8 am–6 pm,8 am–6 pm,9 am–12 pm,Closed,8 am–6 pm,8 am–6 pm,,,,
"https://www.google.com/maps/place/Piedmont+Lines,+LLC/data=!4m7!3m6!1s0xd5902975f9eccc5:0xfa02c29c474754ca!8m2!3d35.856339!4d-80.290676!16s%2Fg%2F11x8qr_t2c!19sChIJxcyeX5cCWQ0RylRHR5zCAvo","Piedmont Lines, LLC",5.0,10,Paving contractor,,,https://piedmontlines.com/,+1 336-501-1435,Open 24 hours,https://lh3.googleusercontent.com/gps-cs-s/APNQkAFkTKCk79abUcbd1smdM1KP1QgHoK1KHqQBF4UxJEMwYzmdiqS6otbjjRQh_EwPS1UVrPWYju7xmJ4srwtAFWYoQyIwDK1q_P14Ky3PdeRfiwru2GCXLohXyHU5sqRhRXcbhS__K9SeWhFg=w408-h306-k-no,true,"https://www.google.com/maps/search/tree+service+businesses+in+Lewsville+Greensboro+NC/@36.0970819,-80.4192216,14z",2026-04-29T05:52:43.627Z,Open 24 hours,Open 24 hours,Open 24 hours,Open 24 hours,Open 24 hours,Open 24 hours,Open 24 hours,,,,
https://www.google.com/maps/place/Tree+Service/data=!4m7!3m6!1s0x8853b6b2952b42a9:0x449197d56ac34a44!8m2!3d36.122574!4d-80.367412!16s%2Fg%2F11hc_xcy1z!19sChIJqUIrlbK2U4gRRErDatWXkUQ,Tree Service,,,Tree service,"5335 Robinhood Village Dr #126, Winston-Salem, NC 27106, United States","4JFM+22 Winston-Salem, North Carolina, USA",,+1 336-602-9841,Closed · Opens 8 am,https://lh3.googleusercontent.com/gps-cs-s/APNQkAFVHiVtyOTwTgjRVnZJuZNjb5vZ0wGOIIfkUAn3WteER90Qh7UM67r60m5n4bizDZHF-M3CAv10OVfdJDBYAlNRPKmxVYjIdTxr7VKv3L_rk7vMxjHCdZYCeXEGA5-kcCXsGU8=w408-h306-k-no,true,"https://www.google.com/maps/search/tree+service+businesses+in+Lewsville+Greensboro+NC/@36.0970819,-80.4192216,14z",2026-04-29T05:52:48.216Z,8 am–6 pm,Closed,8 am–6 pm,Closed,Closed,8 am–6 pm,8 am–6 pm,,,,
https://www.google.com/maps/place/Hayes+Grading+and+Construction+LLC/data=!4m7!3m6!1s0x8853b7ee7a8b24b9:0xe4f1ee3995c78452!8m2!3d36.1215879!4d-80.4114746!16s%2Fg%2F11y873_s5n!19sChIJuSSLeu63U4gRUoTHlTnu8eQ,Hayes Grading and Construction LLC,5.0,12,Earth works company,"1249 Meadow Chase Dr, Lewisville, NC 27023, United States","4HCQ+JC Lewisville, North Carolina, USA",https://hayesgrading.com/,+1 704-883-2334,Closed · Opens 8 am,https://lh3.googleusercontent.com/gps-cs-s/APNQkAHeJoA3ewRJxqEnSL5crPYGveO1EGspSQW0LYVS6kT9yppOSTXM5OK8NDVHwpeybsVxRx0bSN2M1YyrDw92zVaN7DauRiODBsyXbgVZ8h2xgkNzunfzL-TViT-oX15oLzEzkSE=w707-h240-k-no,true,"https://www.google.com/maps/search/tree+service+businesses+in+Lewsville+Greensboro+NC/@36.0970819,-80.4192216,14z",2026-04-29T05:52:53.016Z,8 am–6 pm,8 am–6 pm,8 am–6 pm,8 am–6 pm,Closed,8 am–6 pm,8 am–6 pm,,,,
https://www.google.com/maps/place/BXP+Landscape%2FBoxwoods/data=!4m7!3m6!1s0x8853b667dc9fa907:0x12bbe4424bfa6f6d!8m2!3d36.1191338!4d-80.4206406!16s%2Fg%2F11b6v3_chb!19sChIJB6mf3Ge2U4gRbW_6S0LkuxI,BXP Landscape/Boxwoods,4.0,2,Plant nursery,"7750 Seasons Hollow Rd, Lewisville, NC 27023, United States","4H9H+MP Lewisville, North Carolina, USA",,+1 336-945-0302,Closed · Opens 9 am,https://lh3.googleusercontent.com/gps-cs-s/APNQkAF1ZZ9NSIF4R7Mg_GCuwZV816RD7cPDtCZkUE-eit_f5k8M0ZEAyaNtymRPsEu1LqLCh5vvhJlOrFovqeZqZ2_brYFkm_Hc4x4LvrjsV1g8J4P9sVmEEFpwl2_OQhrujqEjRfcWzQ=w408-h408-k-no,true,"https://www.google.com/maps/search/tree+service+businesses+in+Lewsville+Greensboro+NC/@36.0970819,-80.4192216,14z",2026-04-29T05:52:57.804Z,9 am–4 pm,9 am–4 pm,9 am–4 pm,9 am–4 pm,Closed,9 am–4 pm,9 am–4 pm,,,,
https://www.google.com/maps/place/Fresh+Coat+Painters+of+Winston+Salem/data=!4m7!3m6!1s0x869794666533a8b3:0xe4f5a115c6a29ae2!8m2!3d36.0431766!4d-80.2361436!16s%2Fg%2F11vwlxgxhc!19sChIJs6gzZWaUl4YR4pqixhWh9eQ,Fresh Coat Painters of Winston Salem,5.0,70,Painting,,,https://freshcoatpainters.com/locations/winston-salem/,+1 336-800-8823,Open 24 hours,https://lh3.googleusercontent.com/gps-cs-s/APNQkAGGLLBMEdajWeOJAgTXi-ZpCwZPeWUluI72w3VR_zS4_UJeFELIgD0bYmp7iJp9grbuNhpiaj6XsIRYCOFzALfhkE5ajrfwahiLcOZ6_QZIjNuURGc0StMZjYJJM8xIgy6PhLzmD1CtZMEx=w408-h544-k-no,true,"https://www.google.com/maps/search/tree+service+businesses+in+Lewsville+Greensboro+NC/@36.0970819,-80.4192216,14z",2026-04-29T05:53:02.755Z,Open 24 hours,Open 24 hours,Open 24 hours,Open 24 hours,Open 24 hours,Open 24 hours,Open 24 hours,,,,
https://www.google.com/maps/place/Carolina+Integrity+Services+LLC/data=!4m7!3m6!1s0x66b2c101c5938ad7:0x199f65aba82cf9bd!8m2!3d36.0300185!4d-80.2125103!16s%2Fg%2F11y51c_fql!19sChIJ14qTxQHBsmYRvfksqKtlnxk,Carolina Integrity Services LLC,5.0,6,Construction company,,,,+1 336-468-7281,Open 24 hours,https://lh3.googleusercontent.com/gps-cs-s/APNQkAG9ySpVmI90x_cBGd3R1wWerIq87In6TIWn50_zo4xaOe4wtTmt41YxZ_f1nnTQAdBGatR2qQZmvHHg6atUYrZcINq8PKgMBgfLFt2AUF0f-1xH7O1yE9mwDRLz60RPdULMBbkK1SJLXC4=w408-h272-k-no,true,"https://www.google.com/maps/search/tree+service+businesses+in+Lewsville+Greensboro+NC/@36.0970819,-80.4192216,14z",2026-04-29T05:53:07.382Z,Open 24 hours,Open 24 hours,Open 24 hours,Open 24 hours,Open 24 hours,Open 24 hours,Open 24 hours,,,,
https://www.google.com/maps/place/EcoShield+Roofing/data=!4m7!3m6!1s0x88531f9a1970dec9:0xae1d034fa40ad2b!8m2!3d36.09436!4d-80.3768!16s%2Fg%2F11h6rvqvp8!19sChIJyd5wGZofU4gRK61A-jTQ4Qo,EcoShield Roofing,4.7,132,Roofing contractor,"5723 Country Club Rd #100, Winston-Salem, NC 27104, United States","3JVF+P7 Winston-Salem, North Carolina, USA",https://ecoshieldnc.com/?utm_campaign=gmb,+1 336-937-9673,"Open 24 hours

Confirmed by this business 2 weeks ago",https://lh3.googleusercontent.com/gps-cs-s/APNQkAGevjZxlmY3XE_o9_pxcBnKERME9jS6DVmfXO-ZsDlKqbiDvQKLX_OKQG5VQ9e_QvxRYyiH5jA7CXInxjAorabUE3n1Q3yql1LfOLEijeIUhq5pPf1B_-ewU_yrJefFxCal76zLokSsMx_A=w408-h308-k-no,true,"https://www.google.com/maps/search/tree+service+businesses+in+Lewsville+Greensboro+NC/@36.0970819,-80.4192216,14z",2026-04-29T05:53:12.285Z,Open 24 hours,Open 24 hours,Open 24 hours,Open 24 hours,Closed,Open 24 hours,Open 24 hours,,,,
https://www.google.com/maps/place/American+Junk+Removal/data=!4m7!3m6!1s0x8853b7ed94b68a23:0x1a3730acf3df6b91!8m2!3d36.0701403!4d-80.4138626!16s%2Fg%2F11qmr67ht3!19sChIJI4q2lO23U4gRkWvf86wwNxo,American Junk Removal,4.9,169,Junk removal service,"6550 Styers Ferry Rd, Clemmons, NC 27012, United States","3HCP+3F Clemmons, North Carolina, USA",https://www.americanjunk.com/,+1 336-933-6580,Open 24 hours,https://lh3.googleusercontent.com/gps-cs-s/APNQkAFstdk5JMdK507s_DV4qTFqsEpbgT7cFHPFd8GKTf4wi4AziT3Qdjf1bNP5e8HUtSyqxHNBsS87sZVVi5RHLLW3w8KgazYSDvOnyUkMMSAZjL6ZuX5tC3moGUC1AbOZeFY2NVC9ng=w426-h240-k-no,true,"https://www.google.com/maps/search/tree+service+businesses+in+Lewsville+Greensboro+NC/@36.0970819,-80.4192216,14z",2026-04-29T05:53:17.089Z,Open 24 hours,Open 24 hours,Open 24 hours,Open 24 hours,Open 24 hours,Open 24 hours,Open 24 hours,,,,
https://www.google.com/maps/place/Hastings+Land+Management/data=!4m7!3m6!1s0x81338f434e953da7:0x6d65b07d43ef94f2!8m2!3d30.4905595!4d-81.039611!16s%2Fg%2F11p66tkyp8!19sChIJpz2VTkOPM4ER8pTvQ32wZW0,Hastings Land Management,5.0,17,Excavating contractor,,,http://hastingslandmanagement.com/,+1 386-742-5263,Open 24 hours,https://lh3.googleusercontent.com/gps-cs-s/APNQkAFFMCd8Z7IWWrWLmp8YRIMLIg2mjNh732UqfjJzgWlFpX-GeRhsPgSoYoSkscowz4iXmYzMuk4-GtBSTzY0ambhchctmpcmqWLMgwNA526ghLNjiry5rcN9H_TS5VytW9g4_4c=w408-h306-k-no,true,"https://www.google.com/maps/search/tree+service+businesses+in+Lewsville+Greensboro+NC/@36.0970819,-80.4192216,14z",2026-04-29T05:53:21.817Z,Open 24 hours,Open 24 hours,Open 24 hours,Open 24 hours,9 am–12 pm,Open 24 hours,Open 24 hours,,,,
https://www.google.com/maps/place/Trim+and+Chopper/data=!4m7!3m6!1s0x76fb59505d3f9bd:0x3fc94ada7a6c5103!8m2!3d36.104665!4d-80.2886865!16s%2Fg%2F11skcg1bk3!19sChIJvfnTBZW1bwcRA1FsetpKyT8,Trim and Chopper,5.0,34,Lawn care service,,,http://trimandchopper.com/,+1 336-972-2625,Closed · Opens 9 am,https://lh3.googleusercontent.com/gps-cs-s/APNQkAGgYXuWcn7en9EV0Yp05ip3MIsezxzdnpx11wIXGToldwEwMt8W5q1ZtoWQAodOHPjU41jyMSk9ikA4DplmmP0OC50CnnrfLy4mlNqHSMh4bCkvgplT8BZ7Mn6suSpvyBBjteYp=w408-h544-k-no,true,"https://www.google.com/maps/search/tree+service+businesses+in+Lewsville+Greensboro+NC/@36.0970819,-80.4192216,14z",2026-04-29T05:53:26.764Z,9 am–5 pm,9 am–5 pm,9 am–5 pm,Closed,Closed,9 am–5 pm,9 am–5 pm,,,,
https://www.google.com/maps/place/J%26L+Waterproofing+Handyman+Services/data=!4m7!3m6!1s0x21f5a91d94ab5229:0xfac904bbab43544!8m2!3d35.1705075!4d-79.86097!16s%2Fg%2F11z1jg5_98!19sChIJKVKrlB2p9SERRDW0ukuQrA8,J&L Waterproofing Handyman Services,5.0,22,Waterproofing service,,,https://www.jlwaterproofinghandyman.com/,+1 336-464-7164,Closed · Opens 7 am,https://lh3.googleusercontent.com/gps-cs-s/APNQkAE9c_9anu9jcBdEurkqZoRU3KL4pRc8ls8mbZAsVEEj76IjYvZeztB5vGhjCmbiNNGY2L7Ff8gEueCOhdIvMU3pIiJ849pqsahKiGqAp8X2f_HZt32Yp4qTTSFiAYorRl4jOvnaxWi8Bkw=w408-h528-k-no,true,"https://www.google.com/maps/search/tree+service+businesses+in+Lewsville+Greensboro+NC/@36.0970819,-80.4192216,14z",2026-04-29T05:53:31.410Z,7 am–5 pm,7 am–5 pm,7 am–5 pm,7 am–5 pm,Closed,7 am–5 pm,7 am–5 pm,,,,
https://www.google.com/maps/place/Green+Energy+Handyman/data=!4m7!3m6!1s0x8853b7494de19d13:0x9f06355125dc20b7!8m2!3d36.015346!4d-80.458355!16s%2Fg%2F1tfw3r89!19sChIJE53hTUm3U4gRtyDcJVE1Bp8,Green Energy Handyman,5.0,1,Handyman/Handywoman/Handyperson,,,http://greenenergyhandyman.blogspot.com/,+1 336-416-8834,Closed · Opens 8 am,https://lh3.googleusercontent.com/gps-cs-s/APNQkAFSgeZRYocmpGtlFxnPnlSsISSNlMWtPw3TwK52VIL5q8I8xBZiLTYYzIagnAPBqle3EE-LRhgzEyQvWeyFw-XpC26zjNBUl_TIP1eKj4Ira2a9xRIgAcRZ6AN6dasEa2jaYwJv=w408-h306-k-no,true,"https://www.google.com/maps/search/tree+service+businesses+in+Lewsville+Greensboro+NC/@36.0970819,-80.4192216,14z",2026-04-29T05:53:35.982Z,8 am–5 pm,8 am–5 pm,8 am–5 pm,Closed,Closed,8 am–5 pm,8 am–5 pm,,,,
https://www.google.com/maps/place/Durwood+Tree+Service/data=!4m7!3m6!1s0x8853288e04e0f5ff:0xd7262ea05e39f01e!8m2!3d36.0980277!4d-79.5439566!16s%2Fg%2F11c58q8jzc!19sChIJ__XgBI4oU4gRHvA5XqAuJtc,Durwood Tree Service,4.8,23,Tree service,"716 Smith St, Gibsonville, NC 27249, United States","3FX4+6C Gibsonville, North Carolina, USA",http://www.durwoodtreeservice.com/,+1 336-516-0348,Open 24 hours,https://lh3.googleusercontent.com/gps-cs-s/APNQkAH01q089Z3O89UUlqchW5AUSfMIEhNIqhOBwzo97EXQE6rbMDXeieRQZvk5sZ3cGIiDCfdDFx3EJLZHOOFtsGckRMBsEPGy-eAY0RItR_Yie22MGuh-nQaUayEpM79L88YAWG4QV-fX3OEQ=w408-h544-k-no,true,"https://www.google.com/maps/search/tree+service+businesses+in+Lewsville+Greensboro+NC/@36.0970819,-80.4192216,14z",2026-04-29T05:53:41.070Z,Open 24 hours,Open 24 hours,Open 24 hours,Open 24 hours,Open 24 hours,Open 24 hours,Open 24 hours,,,,
https://www.google.com/maps/place/Green-Eyed+Designs/data=!4m7!3m6!1s0x8853b7813dc29987:0x3369518257f5b1a0!8m2!3d35.9842605!4d-81.140564!16s%2Fg%2F11h2hh8l54!19sChIJh5nCPYG3U4gRoLH1V4JRaTM,Green-Eyed Designs,5.0,13,Graphic designer,,,http://www.green-eyeddesigns.com/,+1 540-357-3807,Closed · Opens 8 am,https://lh3.googleusercontent.com/gps-cs-s/APNQkAFs2yONy4KtLDVcOxE7WgC9FvTn_Gw4JG6eimNQIpbYkzeIo0eiYjf3WdDw7BqfbtHu9mfOlozlp2L7mUxrT5VUOqmb8n7mPmGPc8X2d-qlqy5qQiPL6NUYd9Jq9EViC5weDsqjahlQbFfd=w408-h544-k-no,true,"https://www.google.com/maps/search/tree+service+businesses+in+Lewsville+Greensboro+NC/@36.0970819,-80.4192216,14z",2026-04-29T05:53:45.778Z,8 am–2:30 pm,8 am–2:30 pm,8 am–2:30 pm,Closed,Closed,8 am–2:30 pm,8 am–2:30 pm,LGBTQ+ friendly,,,
"https://www.google.com/maps/place/Minerva%27s+Cleaning+Service,+Inc./data=!4m7!3m6!1s0xe7dfb8cddef1a55:0x46653d9bda2c6dba!8m2!3d36.0714275!4d-80.04346!16s%2Fg%2F11ssyb5gjg!19sChIJVRrv3Yz7fQ4Rum0s2ps9ZUY","Minerva's Cleaning Service, Inc.",5.0,19,House cleaning service,,,https://minervascleaningservice.com/,+1 336-837-5439,Closed · Opens 8 am,https://lh3.googleusercontent.com/gps-cs-s/APNQkAGx7i303-yxZDAdNC8j8Ny6-TGh-qs8UyKT-Dl-RxuHjtrTXJI3kjAVHcEjaiv0Gs5dcHCiJSX5hmdZ05G07sez8VyzjcioKzgQyZiHwvxyZyRf04X47IyJ6c4a5PrJjUWtAOdE6Q=w408-h544-k-no,true,"https://www.google.com/maps/search/tree+service+businesses+in+Lewsville+Greensboro+NC/@36.0970819,-80.4192216,14z",2026-04-29T05:53:50.861Z,8 am–5 pm,8 am–5 pm,8 am–5 pm,Closed,Closed,8 am–5 pm,8 am–5 pm,Identifies as women-owned,,,
https://www.google.com/maps/place/Triad+Home+Improvements/data=!4m7!3m6!1s0x612acba9d155483d:0xb8d8fae72970204!8m2!3d36.1915424!4d-80.133991!16s%2Fg%2F11mlwg9hpf!19sChIJPUhV0anLKmERBAKXcq6PjQs,Triad Home Improvements,5.0,3,Construction company,,,https://triadhomeimprovements.com/,+1 336-765-8074,Closed · Opens 8:30 am,https://lh3.googleusercontent.com/gps-cs-s/APNQkAFJdU4Q6P3GlD9X6TbKm8R4aScuUc1rFh3F9J85eH1y6C1ssDfAg7wA0XuvK6gLSi22GCms4sxOF8IV62a6kwyTkSF-AnxE2ZFpNh0-_GLlAlVWmMTijJOcaFkw_unmhZdUiLQ7TWiFYaMC=w408-h544-k-no,true,"https://www.google.com/maps/search/tree+service+businesses+in+Lewsville+Greensboro+NC/@36.0970819,-80.4192216,14z",2026-04-29T05:53:55.487Z,8:30 am–5:30 pm,8:30 am–5:30 pm,8:30 am–5:30 pm,Closed,Closed,8:30 am–5:30 pm,8:30 am–5:30 pm,,,,
https://www.google.com/maps/place/Turf+Brothers/data=!4m7!3m6!1s0x6f1a25e18ce25fab:0x637dad5142fe97ae!8m2!3d36.0714275!4d-80.04346!16s%2Fg%2F11sp3fllh5!19sChIJq1_ijOElGm8Rrpf-QlGtfWM,Turf Brothers,5.0,5,Lawn care service,,,,+1 336-314-6098,Closed · Opens 8 am,https://lh3.googleusercontent.com/gps-cs-s/APNQkAEp0WkUwJ9lY4SJlvgR3ytT59maaPtDAMOt8gbuBHECXNapXO1Cao2DagA9rUv2YCFT_j8sroCELrYNjJfohj0zHNS5AYW-t0eTqbSiy_pFbU1mte_ylVp5C0UVD44EVPnipui80Q=w408-h306-k-no,true,"https://www.google.com/maps/search/tree+service+businesses+in+Lewsville+Greensboro+NC/@36.0970819,-80.4192216,14z",2026-04-29T05:54:00.202Z,8 am–5 pm,8 am–5 pm,8 am–5 pm,Closed,Closed,8 am–5 pm,8 am–5 pm,,,,
https://www.google.com/maps/place/ELIEZER+TREE+SERVICES/data=!4m7!3m6!1s0x46a4b53468ccf577:0x52c51ded2f95ac19!8m2!3d36.1467205!4d-80.2464316!16s%2Fg%2F11q8tmwsn3!19sChIJd_XMaDS1pEYRGayVL-0dxVI,ELIEZER TREE SERVICES,4.9,73,Tree service,,,https://eliezertreeservicesnc.com/,+1 336-770-8373,Open 24 hours,https://lh3.googleusercontent.com/gps-cs-s/APNQkAG2rxGZz7027Qg_aRTOjlqSWaYOmxS6oSzywUtjuwQTPv-1916S28wn5hQ5PGmFf2GLvu4guEWm9q2KPLpByE87MbKBuCc5Tk_GoJpJdzv1pQtLoL8ZJcW6tW3dlOPPsI8UHcZjGg=w408-h544-k-no,true,"https://www.google.com/maps/search/tree+service+businesses+in+Lewsville+Greensboro+NC/@36.0970819,-80.4192216,14z",2026-04-29T05:54:05.019Z,Open 24 hours,Open 24 hours,Open 24 hours,Open 24 hours,Open 24 hours,Open 24 hours,Open 24 hours,LGBTQ+ friendly,,,
https://www.google.com/maps/place/Pretty+Southern+Catering/data=!4m7!3m6!1s0x8853b7abebbe1457:0x520799239577bd40!8m2!3d36.097075!4d-79.9983986!16s%2Fg%2F11fqkxr7r6!19sChIJVxS-66u3U4gRQL13lSOZB1I,Pretty Southern Catering,4.8,22,Caterer,,,http://www.prettysoutherncatering.com/,+1 743-207-0259,Closed · Opens 9 am,https://lh3.googleusercontent.com/gps-cs-s/APNQkAH9670jznB3DiFK3yJIE1hP8cEw4I3a95ComEmcCJmsT9A2S3Wis9hBFZ0ChiOU6Oe-W4sOtANMf9PISspOpgpPBv_Ks_URYIUrv4WflMJoCYTiKCSuZLllX4DRyTxYUupeCsI=w408-h308-k-no,true,"https://www.google.com/maps/search/tree+service+businesses+in+Lewsville+Greensboro+NC/@36.0970819,-80.4192216,14z",2026-04-29T05:54:09.757Z,9 am–5 pm,9 am–5 pm,9 am–4 pm,10 am–4 pm,Closed,Closed,9 am–5 pm,,,,
https://www.google.com/maps/place/Timesavers+Home+Improvement/data=!4m7!3m6!1s0x63397a0cab74e293:0x66022cad62029eec!8m2!3d36.072603!4d-80.3813097!16s%2Fg%2F11rn9mm05g!19sChIJk-J0qwx6OWMR7J4CYq0sAmY,Timesavers Home Improvement,5.0,7,Handyman/Handywoman/Handyperson,"1525 Kenwalt Dr, Clemmons, NC 27012, United States","3JF9+2F Clemmons, North Carolina, USA",https://www.timesavershomeimprovement.com/,,Closed · Opens 7:30 am,https://lh3.googleusercontent.com/gps-cs-s/APNQkAFlGpkXJdwZamiFpd4WnXDOvPHHZuuNpr1MooEOEHTpMChtOlmMVswxJeHWFkU2LsViMK1GI8qK9yw20MbgcDtUw-HhH9nkx_EELNhQlpuDjdBf368TapAWZCEB0KS_mSX5NKfTqw=w408-h860-k-no,false,"https://www.google.com/maps/search/tree+service+businesses+in+Lewsville+Greensboro+NC/@36.0970819,-80.4192216,14z",2026-04-29T05:54:14.866Z,7:30 am–6 pm,7:30 am–6 pm,7:30 am–6 pm,7:30 am–6 pm,Closed,7:30 am–6 pm,7:30 am–6 pm,Identifies as women-owned,,,
https://www.google.com/maps/place/Tony+and+Shelly%27s+Tree+Service+Inc/data=!4m7!3m6!1s0x1a744524b1bc979:0x259ace5f854b383b!8m2!3d35.9916375!4d-80.4335201!16s%2Fg%2F11vrs8kf7v!19sChIJeckbS1JEpwEROzhLhV_OmiU,Tony and Shelly's Tree Service Inc,4.3,21,Tree service,,,,+1 727-768-1312,Open 24 hours,https://lh3.googleusercontent.com/gps-cs-s/APNQkAG4WUgd_T32J5BoWjMCmaTOC97mGxVcAqW9h8lSCWWkrUIStYxmRRf4QpkUT29BqlJMXMIe3qSkyIcJRH0abMBErqT8fmNgzMnXXd1C2_xVUEWjkq8BBvexFbCvfOZPyczQENGT=w408-h544-k-no,true,"https://www.google.com/maps/search/tree+service+businesses+in+Lewsville+Greensboro+NC/@36.0970819,-80.4192216,14z",2026-04-29T05:54:19.718Z,Open 24 hours,Open 24 hours,Open 24 hours,Open 24 hours,Closed,Open 24 hours,Open 24 hours,,,,
https://www.google.com/maps/place/Next+Generation+Tree+Service+and+Property+Management+LLC/data=!4m7!3m6!1s0xa4ff21961bffa121:0x239cde3c1f097177!8m2!3d36.1175481!4d-80.7943435!16s%2Fg%2F11t55mhb65!19sChIJIaH_G5Yh_6QRd3EJHzzenCM,Next Generation Tree Service and Property Management LLC,5.0,33,Tree service,"Hamptonville, NC 27020, United States","4694+27 Hamptonville, North Carolina, USA",https://nextgenerationtreeservice.com/contact-us/?fbclid=IwY2xjawKpYU1leHRuA2FlbQIxMQABHmBKSSfoaHYS84xJK37msj6UEHhJl6EyGTbokxUTmgxY0MslO9k-xUNKsvLF_aem_Hgk6IfSKjW0ngsy1PfU8Gw,+1 336-559-9188,Open 24 hours,https://lh3.googleusercontent.com/gps-cs-s/APNQkAHN-wMQ8DGSIj2pH5zoZ17zzhqrO4ChT6HuhTKxmqvd0e-oTH55XGNZ5uXSBiekzA4LwOFGqAUR-lnip4yDv8cr3kt7535FU8L8Dd0ERHMUdUmkTlfKBQa49CK3qKCVOZ8Gevea21mFyp1x=w408-h306-k-no,true,"https://www.google.com/maps/search/tree+service+businesses+in+Lewsville+Greensboro+NC/@36.0970819,-80.4192216,14z",2026-04-29T05:54:24.542Z,Open 24 hours,Open 24 hours,Open 24 hours,Open 24 hours,Open 24 hours,Open 24 hours,Open 24 hours,LGBTQ+ friendly,,,
https://www.google.com/maps/place/Yard+and+Home+NC/data=!4m7!3m6!1s0x8853b74546d588f7:0x3155aa17b3cd062f!8m2!3d36.104665!4d-80.2886865!16s%2Fg%2F11k9s7fqrv!19sChIJ94jVRkW3U4gRLwbNsxeqVTE,Yard and Home NC,5.0,3,Landscaper,,,http://transformingyards.com/,+1 336-930-4330,Closed · Opens 8 am,https://lh3.googleusercontent.com/gps-cs-s/APNQkAGUZix243erc1NS4L7V0TT-MT9rHebGE1RRbo_192bpDPNdZFR5WB6oMzeLLbjwmrtpqPnqCRxPqW-GJirAe7Mj0mvU1MqlqfKT5_5bVsQu6d-56iK9h3BXQ-Ln65CvhIjJ4ajvfA=w408-h306-k-no,true,"https://www.google.com/maps/search/tree+service+businesses+in+Lewsville+Greensboro+NC/@36.0970819,-80.4192216,14z",2026-04-29T05:54:29.295Z,8 am–7 pm,8 am–7 pm,8 am–7 pm,8 am–7 pm,1–7 pm,8 am–7 pm,8 am–7 pm,,,,
https://www.google.com/maps/place/Swanson+Interiors+LLC/data=!4m7!3m6!1s0x8853b722cac6b223:0xe0854af89132beda!8m2!3d36.06521!4d-80.04346!16s%2Fg%2F11mwrz6bnt!19sChIJI7LGyiK3U4gR2r4ykfhKheA,Swanson Interiors LLC,5.0,4,Interior designer,,,,+1 912-318-9112,Closed · Opens 7:30 am,https://lh3.googleusercontent.com/gps-cs-s/APNQkAEopZmjZmr4Qoq8lg7pYgpy6D6sgs62lhXu9CaV7pKBzAd-UWeBypvZZ1t5y3-BLF75_teUYLRdvIC7MRWNC23Y97ofeU0OA3MxAxLoHGj48TXuK6s6dI-bkHv__79WzvMy_hBlpA=w408-h544-k-no,true,"https://www.google.com/maps/search/tree+service+businesses+in+Lewsville+Greensboro+NC/@36.0970819,-80.4192216,14z",2026-04-29T05:54:34.036Z,7:30 am–6 pm,7:30 am–6 pm,7:30 am–6 pm,Closed,7:30 am–6 pm,7:30 am–6 pm,7:30 am–6 pm,,,,
https://www.google.com/maps/place/Twin+City+Catering+Company/data=!4m7!3m6!1s0x2c750f5e0fc8d01:0xbc3a6f90486f0db3!8m2!3d36.1075045!4d-80.243625!16s%2Fg%2F11mz2p6hxd!19sChIJAY384PVQxwIRsw1vSJBvOrw,Twin City Catering Company,5.0,12,Caterer,,,https://twincitycateringco.com/,+1 336-971-8267,Closed · Opens 8 am,https://lh3.googleusercontent.com/gps-cs-s/APNQkAEXuYeKSn9rgSgUCd6hHkh5vtPiR8CiC1J1uu7f1ixJGk3oX54HnpMST9oMQIyfmw2pBpkWe_7P93s7cIpMaRrvyy_9YJXpp9csf8zPW40ldk4Od7e4CAFSI-Fl3tSceNiTsDm6IdamokJQ=w408-h272-k-no,true,"https://www.google.com/maps/search/tree+service+businesses+in+Lewsville+Greensboro+NC/@36.0970819,-80.4192216,14z",2026-04-29T05:54:39.083Z,8 am–7 pm,8 am–7 pm,8 am–7 pm,8 am–12 am,12–7 am,8 am–7 pm,8 am–7 pm,,,,
https://www.google.com/maps/place/Near+Tree+Service/data=!4m7!3m6!1s0x8853a95642c38395:0x3f3029f62a1f40a8!8m2!3d35.9698276!4d-80.164383!16s%2Fg%2F11g2343b8g!19sChIJlYPDQlapU4gRqEAfKvYpMD8,Near Tree Service,5.0,23,Tree service,,,,+1 336-528-5834,,https://lh3.googleusercontent.com/gps-cs-s/APNQkAGkMqff3lOyZomor6dfC3TnOmM31kKi2WPFnvLOUiipGL-UuNcMgV5nOet0U6QZVXJWcmlL2OrtendlvxpRkir3gFanLY-c2hHaVZa23KJOReD0qEEAxEF3Q6Od-6WHHvsHEq8hFg=w408-h544-k-no,true,"https://www.google.com/maps/search/tree+service+businesses+in+Lewsville+Greensboro+NC/@36.0970819,-80.4192216,14z",2026-04-29T05:54:41.654Z,,,,,,,,,,,
https://www.google.com/maps/place/JB+Tile+Service/data=!4m7!3m6!1s0x8853b789fc0533c3:0xaf92f5e39035c56a!8m2!3d36.609445!4d-79.744128!16s%2Fg%2F11f9f1kd2l!19sChIJwzMF_Im3U4gRasU1kOP1kq8,JB Tile Service,5.0,2,Tile contractor,,,https://m.facebook.com/JBTileServices/,+1 336-409-9047,Closed · Opens 9 am,https://lh3.googleusercontent.com/gps-cs-s/APNQkAFqrE-3vL97DVI72icw8pJneIWgFhJ9AXHBwy1cbwEbx93v3bw6qFEAspFhWUnFqzIKyGiL_0MFygT1RN4pTEWIZpoauqEXdtm79QTQSwhvirZ4RpesXoHP4flcJ2laqoXXCwuH_Q=w408-h544-k-no,true,"https://www.google.com/maps/search/tree+service+businesses+in+Lewsville+Greensboro+NC/@36.0970819,-80.4192216,14z",2026-04-29T05:54:46.442Z,9 am–5 pm,9 am–5 pm,9 am–5 pm,9 am–5 pm,Closed,9 am–5 pm,9 am–5 pm,,,,
https://www.google.com/maps/place/Lewisville+Country+Market/data=!4m7!3m6!1s0x8853b6539eeaa269:0x82c7f2d38bc7cca6!8m2!3d36.0985577!4d-80.4170957!16s%2Fg%2F11csb06y6h!19sChIJaaLqnlO2U4gRpszHi9Pyx4I,Lewisville Country Market,4.6,158,Market,"6373 Shallowford Rd, Lewisville, NC 27023, United States","3HXM+C5 Lewisville, North Carolina, USA",https://www.facebook.com/LewisvilleCountryMarket/,+1 336-946-6532,Closed · Opens 9 am,https://lh3.googleusercontent.com/gps-cs-s/APNQkAFra46IRxWnxa1C1mdeVlPfgLQ_pRiS6J7TIe-8NrjBT0_dYfYyjwME2P2HYg2JV4IdYpgziIJyByNi0_ucqh8bRByI-J684FlGz4ZlsTewl8e_MKyc3AWIlBdAunq3z7wQCrCGXQ=w408-h306-k-no,true,"https://www.google.com/maps/search/tree+service+businesses+in+Lewsville+Greensboro+NC/@36.0970819,-80.4192216,14z",2026-04-29T05:54:51.308Z,9 am–6 pm,9 am–6 pm,9 am–6 pm,9 am–5 pm,12–4 pm,9 am–6 pm,9 am–6 pm,,,,
https://www.google.com/maps/place/Gelbin+Ellen+R/data=!4m7!3m6!1s0x8853b701e615017b:0x2bc9e3c8dd37788!8m2!3d36.0941199!4d-80.405951!16s%2Fg%2F1tg6wdb7!19sChIJewEV5gG3U4gRiHfTjTyevAI,Gelbin Ellen R,,,Lawyer,"743 Big Tree Dr, Lewisville, NC 27023, United States","3HVV+JJ Lewisville, North Carolina, USA",http://www.ellengelbin.com/,+1 336-945-0214,,https://streetviewpixels-pa.googleapis.com/v1/thumbnail?panoid=aDxYPhMk0JcjzT5O4BUkFA&cb_client=search.gws-prod.gps&w=408&h=240&yaw=327.6642&pitch=0&thumbfov=100,false,"https://www.google.com/maps/search/tree+service+businesses+in+Lewsville+Greensboro+NC/@36.0970819,-80.4192216,14z",2026-04-29T05:54:53.850Z,,,,,,,,,,,
https://www.google.com/maps/place/E%26E+Landscape+Solutions/data=!4m7!3m6!1s0x2294f4b43bc64505:0x12ce7126982daeac!8m2!3d36.104665!4d-80.2886865!16s%2Fg%2F11tsdn__sn!19sChIJBUXGO7T0lCIRrK4tmCZxzhI,E&E Landscape Solutions,5.0,1,Landscaper,,,https://www.eelandscapesolutions.com/,+1 336-705-9654,Closed · Opens 9 am,https://lh3.googleusercontent.com/gps-cs-s/APNQkAEOmBXAPk1fLCiE7CdKaRy9RfPiecEDqOSHvH2i8FKbjVmZQ_L8ozWTh99aKLUAS1nWTQfciDb9_LnSzKyRKRohEdl7jNDp5yD79yATBRBUyaD4Rx0tvmfKKwAZ1_C6jhbFEmc=w411-h240-k-no,true,"https://www.google.com/maps/search/tree+service+businesses+in+Lewsville+Greensboro+NC/@36.0970819,-80.4192216,14z",2026-04-29T05:54:58.559Z,9 am–5 pm,9 am–5 pm,9 am–5 pm,Closed,Closed,9 am–5 pm,9 am–5 pm,,,,
https://www.google.com/maps/place/The+Duggins+Xpress/data=!4m7!3m6!1s0x8853b70e491f8735:0xf8315418953a0421!8m2!3d32.0596725!4d-81.310589!16s%2Fg%2F11h7cq7wg9!19sChIJNYcfSQ63U4gRIQQ6lRhUMfg,The Duggins Xpress,5.0,5,Moving service,,,,+1 336-624-3075,Open 24 hours,https://lh3.googleusercontent.com/gps-cs-s/APNQkAH5arATf9aY8qgDH6_Blg8H5SzLhjODvwBRuSeoycPphffqjzrRPBAGNmTmdSeAkAnpsfvaVXwAzPg8fEsw6EL10FrHSVwJZqbB7kePA_r6SXrTUvV7XMPF64Qys6mMQk1BAZ0O=w428-h240-k-no,true,"https://www.google.com/maps/search/tree+service+businesses+in+Lewsville+Greensboro+NC/@36.0970819,-80.4192216,14z",2026-04-29T05:55:03.519Z,Open 24 hours,Open 24 hours,Open 24 hours,Open 24 hours,Open 24 hours,Open 24 hours,Open 24 hours,,,,
https://www.google.com/maps/place/Affordable+Tree+Removals/data=!4m7!3m6!1s0x885398984f0b569b:0x6bc783d799641bad!8m2!3d35.7654754!4d-80.2641196!16s%2Fg%2F1tjdxlzj!19sChIJm1YLT5iYU4gRrRtkmdeDx2s,Affordable Tree Removals,4.7,42,Tree service,,,https://www.affordabletreeremovals.com/,+1 336-225-7467,Open 24 hours,https://lh3.googleusercontent.com/gps-cs-s/APNQkAFTkXhOG7Vt1fkOatvmzIgRNPvpQcmEm87eJvhzJShUBYoL049913RLxVfnyCk1LNH62W2J_sfYAV0xjD4BLaMKW8nCuVyu4XsTrqMsNcR7qMtPLhw4gdtgrW19tyYRNu5SdBMlcQ=w408-h306-k-no,true,"https://www.google.com/maps/search/tree+service+businesses+in+Lewsville+Greensboro+NC/@36.0970819,-80.4192216,14z",2026-04-29T05:55:08.153Z,Open 24 hours,Open 24 hours,Open 24 hours,Open 24 hours,Open 24 hours,Open 24 hours,Open 24 hours,,,,
"https://www.google.com/maps/place/Econo-Rooter+of+the+Triad,+Inc./data=!4m7!3m6!1s0x8853b7688c51235f:0xb3d5c93ea9b1ba13!8m2!3d36.1075045!4d-80.243625!16s%2Fg%2F11hbt0xt71!19sChIJXyNRjGi3U4gRE7qxqT7J1bM","Econo-Rooter of the Triad, Inc.",5.0,3,Plumber,,,,+1 336-747-0278,Open 24 hours,https://lh3.googleusercontent.com/gps-cs-s/APNQkAHBboMSf-eYQyZ6UMimIGju18BBrLFtj6qez1oxcqo-LXXO6p-5LlP2OjuYoJHqhfh-i2Uy-3Lwc08do2XvUpmC-9Od6mKOap9tT6rXfR-YKq9zszxbrKMvY7wd9QAHDJLK7-maCg=w408-h544-k-no,true,"https://www.google.com/maps/search/tree+service+businesses+in+Lewsville+Greensboro+NC/@36.0970819,-80.4192216,14z",2026-04-29T05:55:12.939Z,Open 24 hours,Open 24 hours,Open 24 hours,Open 24 hours,Open 24 hours,Open 24 hours,Open 24 hours,,,,
https://www.google.com/maps/place/Nelson%27s+Tree+Service+NC+LLC/data=!4m7!3m6!1s0x88524f311a6daf6d:0x4f846656637ae0b2!8m2!3d36.0332449!4d-80.2436404!16s%2Fg%2F11frph9v16!19sChIJba9tGjFPUogRsuB6Y1ZmhE8,Nelson's Tree Service NC LLC,5.0,21,Tree service,,,http://www.nelsonstreeservice336.com/,+1 336-408-2762,Closed · Opens 7:30 am,https://lh3.googleusercontent.com/gps-cs-s/APNQkAFY8Khq_WwH9zepKz0S38JXVNWQv35P5xixNHHcdoSQ-L4vPFrJfrda4xCPHSmV3KGXjxgIKxqe-58Rzg6XoTsMtC2wUM2maw3qetlueTVvtl9ZvwjKXA4Amb9OayUejkolcwQN=w408-h544-k-no,true,"https://www.google.com/maps/search/tree+service+businesses+in+Lewsville+Greensboro+NC/@36.0970819,-80.4192216,14z",2026-04-29T05:55:17.650Z,7:30 am–5 pm,7:30 am–5 pm,Closed,Closed,Closed,7:30 am–5 pm,7:30 am–5 pm,,,,
https://www.google.com/maps/place/Chef+Amber+Sherri+Private+Chefs/data=!4m7!3m6!1s0x8853b7c02f982641:0xccd91e6b84341f56!8m2!3d36.1102045!4d-80.4298785!16s%2Fg%2F11fl4b8lt9!19sChIJQSaYL8C3U4gRVh80hGse2cw,Chef Amber Sherri Private Chefs,5.0,16,Caterer,,,,+1 704-230-6727,Closed · Opens 9 am,https://lh3.googleusercontent.com/gps-cs-s/APNQkAFiUyyL7E3TnEPD-wgJ12Kjgx9iRWg-YouqbLedKxs3Ac1XqdEpoG5c_dYo4_OZZpRtGxAoBA59YGN7iJ4vOzcZwo6gahXosD4J6VL-2z2FoI9ICPhGPtzk8xkKbMany-gqyfrT=w408-h306-k-no,true,"https://www.google.com/maps/search/tree+service+businesses+in+Lewsville+Greensboro+NC/@36.0970819,-80.4192216,14z",2026-04-29T05:55:22.293Z,9 am–7 pm,9 am–7 pm,9 am–7 pm,Closed,Closed,9 am–7 pm,9 am–7 pm,,,,
https://www.google.com/maps/place/The+Stocked+Pot+Culinary+Team+Building+Events/data=!4m7!3m6!1s0x8853b0eee130ae0b:0x856ea29ed4fc5888!8m2!3d36.0669564!4d-80.4294764!16s%2Fg%2F1tdcbhz1!19sChIJC64w4e6wU4gRiFj81J6iboU,The Stocked Pot Culinary Team Building Events,5.0,54,Cooking school,"8801 Kings Tree Rd, Lewisville, NC 27023, United States","3H8C+Q6 Lewisville, North Carolina, USA",https://funculinaryteambuilding.com/,+1 336-692-8624,Closed · Opens 8 am,https://lh3.googleusercontent.com/gps-cs-s/APNQkAHZ2WHwPdqbP0bY3UuC1uWwTZDKuHIdDh3FknNYlwIeY3euv-KPCMRthA7IgQKfL5oW_lB1LTHBzFV_uFbp6zuTHgzKZxiccKPkdmJy8632nnVurGuGKvfTkpE6cJvvrbcEZSdA=w408-h306-k-no,true,"https://www.google.com/maps/search/tree+service+businesses+in+Lewsville+Greensboro+NC/@36.0970819,-80.4192216,14z",2026-04-29T05:55:27.543Z,8 am–10 pm,8 am–10 pm,8 am–10 pm,8 am–10 pm,8 am–10 pm,8 am–10 pm,8 am–10 pm,,,,
https://www.google.com/maps/place/Mabe%27s+Roofing+Inc/data=!4m7!3m6!1s0x8853b7b5739acc39:0x7ff0811602e0e5d5!8m2!3d36.0948487!4d-80.3767611!16s%2Fg%2F11t6w0t26t!19sChIJOcyac7W3U4gR1eXgAhaB8H8,Mabe's Roofing Inc,4.9,104,Roofing contractor,"5723 Country Club Rd # G, Winston-Salem, NC 27104, United States","3JVF+W7 Winston-Salem, North Carolina, USA",https://mabesroofing.com/,+1 336-946-6509,,https://lh3.googleusercontent.com/gps-cs-s/APNQkAGybx67eWA0mDdEkQUbuHBNBdpGl_hBBmKXduu6aQsp5Q5MLe-fzVubZlrDshlKAgQIreXX5BfpQju1LFBgHvqdHxhN9_N7KqCuSDrVuDFkTlFBiD-9nKutB7fVkCymcjEMOsBX=w426-h240-k-no,true,"https://www.google.com/maps/search/tree+service+businesses+in+Lewsville+Greensboro+NC/@36.0970819,-80.4192216,14z",2026-04-29T05:55:32.372Z,Open 24 hours,Open 24 hours,Open 24 hours,Open 24 hours,Open 24 hours,Open 24 hours,Open 24 hours,,,,
"https://www.google.com/maps/place/Elite+Tree+Service,+LLC/data=!4m7!3m6!1s0x885251d994b06fcb:0x13fc4bf2c4e5f61f!8m2!3d35.8302144!4d-81.2265906!16s%2Fg%2F11rb9b4y89!19sChIJy2-wlNlRUogRH_blxPJL_BM","Elite Tree Service, LLC",4.7,46,Tree service,,,,+1 336-414-0165,Open 24 hours,https://lh3.googleusercontent.com/gps-cs-s/APNQkAHvve0G4kDwnY4rmPHP3FB56kaKKBlyCA5u9-1qHXwLQyuzGULe4fWGv1J54GHxnczT89G38uVOcWRZuCdPDRSkPgJSlH_V9ortR9GI8VzYJiV-pSt4WZkdRTT0PmknRNBLf0Xb=w408-h306-k-no,true,"https://www.google.com/maps/search/tree+service+businesses+in+Lewsville+Greensboro+NC/@36.0970819,-80.4192216,14z",2026-04-29T05:55:37.119Z,Open 24 hours,Open 24 hours,Open 24 hours,Open 24 hours,Open 24 hours,Open 24 hours,Open 24 hours,,,,
https://www.google.com/maps/place/Trees+R+Us/data=!4m7!3m6!1s0x9e0c3e96a0b1197:0x1519e7164f739226!8m2!3d36.0953456!4d-80.223258!16s%2Fg%2F11rcnkjqd_!19sChIJlxELaunD4AkRJpJzTxbnGRU,Trees R Us,5.0,19,Tree service,,,https://treesrusnc.com/?utm_source=omg-gbp&utm_medium=webclick,+1 336-558-2850,Closed · Opens 9 am,https://lh3.googleusercontent.com/gps-cs-s/APNQkAExiJP6Q8uxU1cnGrS65mqIHm6d2orVW4_g_ksJxRpFa7FokE2kWwSWIAes0fMlPhf7S6mmBMfR9Orq0IVLPVJVSHd9mQEuA7_zKItW2rLpZvDTreSB2g6FWd0D7sGRamQ2-IX-=w408-h306-k-no,true,"https://www.google.com/maps/search/tree+service+businesses+in+Lewsville+Greensboro+NC/@36.0970819,-80.4192216,14z",2026-04-29T05:55:41.915Z,9 am–7 pm,9 am–7 pm,9 am–7 pm,9 am–1 pm,Closed,9 am–7 pm,9 am–7 pm,,,,
https://www.google.com/maps/place/J+%26+A+Lawn+care+and+landscaping/data=!4m7!3m6!1s0x8853bb472e299733:0xf57e895d26234f7d!8m2!3d36.02969!4d-79.81367!16s%2Fg%2F11rzpnjljk!19sChIJM5cpLke7U4gRfU8jJl2JfvU,J & A Lawn care and landscaping,4.2,5,Lawn care service,"724 Creek Ridge Rd #87, Greensboro, NC 27406, United States","25HP+VG Greensboro, North Carolina, USA",,+1 910-995-4531,"Closed · Opens 7 am

Confirmed by this business 4 weeks ago",https://lh3.googleusercontent.com/gps-cs-s/APNQkAFD5WZeBgqNuzPBKNKRiWi0Rb5ufYzerIk3RpTrAuCCHDhfZNtL-Co7X7TNn2xiihAqdx6fb1sZx69QV8zPiEFHviPXlAsPRn5TxPzcHF1AqIR-6SOic3Q8HSa704BijszMNGE9=w408-h306-k-no,false,"https://www.google.com/maps/search/tree+service+businesses+in+Clemmons+Greensboro+NC/@36.0452145,-79.7943407,14z",2026-04-29T05:56:09.586Z,7 am–5 pm,7 am–5 pm,7 am–5 pm,Closed,Closed,7 am–5 pm,7 am–5 pm,Identifies as Latino-owned,,,
https://www.google.com/maps/place/SERVPRO+of+Greensboro+North/data=!4m7!3m6!1s0x8853184e5289b387:0x67cfd97a6f94569!8m2!3d36.0295666!4d-79.7765093!16s%2Fg%2F1tc_9cl0!19sChIJh7OJUk4YU4gRaUX5ppf9fAY,SERVPRO of Greensboro North,4.8,406,Water damage restoration service,"2902 Manufacturers Rd, Greensboro, NC 27406, United States","26HF+R9 Greensboro, North Carolina, USA",https://www.servpro.com/locations/nc/servpro-of-greensboro-north?utm_medium=organic&utm_source=gbp,+1 336-743-0731,,https://lh3.googleusercontent.com/gps-cs-s/APNQkAFa6_iPxhAdXB3ikpvu3b93kmDRVaCtAsBHUXLztfZsZ7KVL116fYyopHFTYxvmHiZcrE0rQm_Abm8rvsekKDhQxRS972F0wx5ROdnyYHzpXkjR0V8xqFIPl4VlrksnaI_7TTpKlq6QZ6Pw=w427-h240-k-no,true,"https://www.google.com/maps/search/tree+service+businesses+in+Clemmons+Greensboro+NC/@36.0452145,-79.7943407,14z",2026-04-29T05:56:14.564Z,Open 24 hours,Open 24 hours,Open 24 hours,Open 24 hours,Open 24 hours,Open 24 hours,Open 24 hours,,,,
https://www.google.com/maps/place/Clarolux+Landscape+Lighting/data=!4m7!3m6!1s0x88531f32e3f22a3f:0xb5075cdbc5943823!8m2!3d36.0271948!4d-79.8007673!16s%2Fg%2F1pp2twcft!19sChIJPyry4zIfU4gRIziUxdtcB7U,Clarolux Landscape Lighting,5.0,12,Landscape lighting designer,"2501 Greengate Dr, Greensboro, NC 27406, United States","25GX+VM Greensboro, North Carolina, USA",https://clarolux.com/,+1 336-378-6800,Closed · Opens 8 am,https://lh3.googleusercontent.com/gps-cs-s/APNQkAETlb9Nwp32MKRtVO5iqJz2RqISjp8QdqkSRIdxzSEUA1AUa92vnMbJaEAwCQsszAl7JY70kb8GwYk6bR0W0M0UuhzAnhKbv6slBwZ6sFLcSbKXcSvWQWm0L2W5yvgR62xQvgA9og=w408-h463-k-no,true,"https://www.google.com/maps/search/tree+service+businesses+in+Clemmons+Greensboro+NC/@36.0452145,-79.7943407,14z",2026-04-29T05:56:19.277Z,8 am–5 pm,8 am–5 pm,8 am–5 pm,Closed,Closed,8 am–5 pm,8 am–5 pm,,,,
https://www.google.com/maps/place/Skywalker+Roofing+Company/data=!4m7!3m6!1s0x8853192156b361ad:0x2667c8c5bf38db1b!8m2!3d36.070064!4d-79.790103!16s%2Fg%2F11hcxb039m!19sChIJrWGzViEZU4gRG9s4v8XIZyY,Skywalker Roofing Company,4.9,601,Roofing contractor,"301 S Elm St Ste 523, Greensboro, NC 27401, United States","36C5+2X Greensboro, North Carolina, USA",https://skywalkerroofingnc.com/greensboro-roofing-company?utm_campaign=gmb,+1 336-717-0234,Open 24 hours,https://lh3.googleusercontent.com/gps-cs-s/APNQkAHLxs2H40fsTBR4RbbWgSxTOrpv2EePO-e8CPuaU9pUpHpD0jj6xKGjtzksVMqvNk4RAq55Jb0FJPl4YFzpH_jlSo2_tC09gqbhJoxpBnYL5vvf8ciLelwsQx0pzYEUKnotDw=w408-h544-k-no,true,"https://www.google.com/maps/search/tree+service+businesses+in+Clemmons+Greensboro+NC/@36.0452145,-79.7943407,14z",2026-04-29T05:56:24.396Z,Open 24 hours,Open 24 hours,Open 24 hours,Open 24 hours,Open 24 hours,Open 24 hours,Open 24 hours,,,,
https://www.google.com/maps/place/Isaac%27s+Tree+Service+%26+More/data=!4m7!3m6!1s0x4746eeeb8575031d:0xcc7a28c89e7b415!8m2!3d36.0262559!4d-80.353472!16s%2Fg%2F11w9ytgsx3!19sChIJHQN1hevuRkcRFbTniYyixww,Isaac's Tree Service & More,4.9,112,Tree service,"3080 Wade Frye Ln, Winston-Salem, NC 27103, United States","2JGW+GJ Winston-Salem, North Carolina, USA",https://isaacstreeservicemore.co/,+1 336-979-8144,Open 24 hours,https://lh3.googleusercontent.com/gps-cs-s/APNQkAH7JhLTGMPkqSQoQNMy1nY1sjRWulobhVTWRHF7-HF5D28f_e8FgrNyRXv8yF7nPfBurEzx9pge8kYjrMlOwwInyN6ienaN8s-JBQB5PesAv6zoeW7g35ziw1cOM6iMhC8AIfdXlnldtaQ=w408-h544-k-no,true,"https://www.google.com/maps/search/tree+service+businesses+in+Clemmons+Greensboro+NC/@36.0452145,-79.7943407,14z",2026-04-29T05:56:29.349Z,Open 24 hours,Open 24 hours,Open 24 hours,Open 24 hours,Open 24 hours,Open 24 hours,Open 24 hours,,,,
https://www.google.com/maps/place/GreenMaster+Landscaping/data=!4m7!3m6!1s0x885319464412807f:0x3b87b5bbba4dd0af!8m2!3d36.0168608!4d-79.8204115!16s%2Fg%2F11qyr00slf!19sChIJf4ASREYZU4gRr9BNuru1hzs,GreenMaster Landscaping,5.0,7,Landscaper,"2104 Kylemore Dr, Greensboro, NC 27406, United States","258H+PR Greensboro, North Carolina, USA",,+1 336-840-8323,Closed · Opens 7 am,https://lh3.googleusercontent.com/gps-cs-s/APNQkAGxcld_9des-hGFBcvFM4Mkm3wV4h9N1aAYLGuO9KQ6440J--5yv6l01koY0uCgzi5ZYw8t7A_np8dZabxXUYh752gTS9kdfu4AEaUQXH_yT_2sHJ1rMdTo1bIpj7z5WhEHN8o=w427-h240-k-no,true,"https://www.google.com/maps/search/tree+service+businesses+in+Clemmons+Greensboro+NC/@36.0452145,-79.7943407,14z",2026-04-29T05:56:34.126Z,7 am–5:30 pm,7 am–5:30 pm,7 am–5:30 pm,Closed,Closed,7 am–5:30 pm,7 am–5:30 pm,,,,
"https://www.google.com/maps/place/The+Budd+Group+-+Greensboro,+NC/data=!4m7!3m6!1s0x8853192cf4bbb837:0x87c5287a3557b73f!8m2!3d36.0285325!4d-79.7817771!16s%2Fg%2F11x28v9l_g!19sChIJN7i79CwZU4gRP7dXNXooxYc","The Budd Group - Greensboro, NC",5.0,2,Janitorial service,"218 Industrial Ave, Greensboro, NC 27406, United States","26H9+C7 Greensboro, North Carolina, USA",https://www.buddgroup.com/our-service-locations/greensboro-north-carolina/,+1 336-272-4300,Closed · Opens 8 am,https://lh3.googleusercontent.com/gps-cs-s/APNQkAEdk4IJi0GYf5ZhyaRYK82QbpAUksp-6YtXPNXQyMqEY_ajXlBVnDygbBTlr5Xaq_Qj_eHgXj-RwX85eVbfEidwOLoJebtan55tZewItsxPCIKpQnEg9_dmb25k111gLydOxv8xy_HcaSFH=w408-h306-k-no,true,"https://www.google.com/maps/search/tree+service+businesses+in+Clemmons+Greensboro+NC/@36.0452145,-79.7943407,14z",2026-04-29T05:56:38.935Z,8 am–5 pm,8 am–5 pm,8 am–5 pm,Closed,Closed,8 am–5 pm,8 am–5 pm,,,,
https://www.google.com/maps/place/Aptive+Pest+Control/data=!4m7!3m6!1s0x885309f9dfdc1fa1:0x44fb2585add9e413!8m2!3d36.0296761!4d-79.7861274!16s%2Fg%2F11s2llhy7s!19sChIJoR_c3_kJU4gRE-TZrYUl-0Q,Aptive Pest Control,4.6,2054,Pest control service,"2909 Pacific Ave, Greensboro, NC 27406, United States","26H7+VG Greensboro, North Carolina, USA",https://aptivepestcontrol.com/locations/north-carolina-nc/high-point-pest-control/local-branch/?utm_source=google&utm_medium=LocalListings&utm_campaign=Local+Listings+62+Greensboro,+1 336-569-2436,,https://lh3.googleusercontent.com/gps-cs-s/APNQkAEtQDcNSCAvl_z0n62gNFYOB75PcceINMROcniL92FM7izdIhL7sd67bosBef2ZO-MS2wnf7NPINIJwdM6ZwTSbPp-0qN8iZiwEuQNu6FvFBNI3TpbbRa3Lq_iFUjXXTa6fdO4=w408-h272-k-no,true,"https://www.google.com/maps/search/tree+service+businesses+in+Clemmons+Greensboro+NC/@36.0452145,-79.7943407,14z",2026-04-29T05:56:43.944Z,Open 24 hours,Open 24 hours,Open 24 hours,Open 24 hours,Open 24 hours,Open 24 hours,Open 24 hours,,,,
https://www.google.com/maps/place/ATI+Restoration/data=!4m7!3m6!1s0x88531971e6bd8b45:0x599dc190aeef2e95!8m2!3d36.0295784!4d-79.7906813!16s%2Fg%2F11k0vnkvn4!19sChIJRYu95nEZU4gRlS7vrpDBnVk,ATI Restoration,4.8,44,Water damage restoration service,"105 Industrial Ave, Greensboro, NC 27406, United States","26H5+RP Greensboro, North Carolina, USA",https://atirestoration.com/regional-offices/greensboro-nc/?utm_source=citation&utm_medium=organic&utm_campaign=greensboro,+1 336-396-5501,"Open 24 hours

Confirmed by this business 9 weeks ago",https://lh3.googleusercontent.com/gps-cs-s/APNQkAEXApdulUcNvpjaQDzHiISJBI9nU15DQsPn8s-WUNyOPJLTAHHkb9XyUgWQX2O_7fCc1IgxOL27jW07K8Zdfkf3VZODpHrnTgJg0Cm8pFoosJ-z_zJfLVZCjkF3D_yMOn9hxNOrLK49gufi=w648-h240-k-no,true,"https://www.google.com/maps/search/tree+service+businesses+in+Clemmons+Greensboro+NC/@36.0452145,-79.7943407,14z",2026-04-29T05:56:49.096Z,Open 24 hours,Open 24 hours,Open 24 hours,Open 24 hours,Open 24 hours,Open 24 hours,Open 24 hours,,,,
"https://www.google.com/maps/place/Southern+Edge+Lawn+Care/@36.0822875,-79.8414545,11z/data=!3m1!4b1!4m6!3m5!1s0x88531da75f1cfa3d:0x55305477d041cdd1!8m2!3d36.0822875!4d-79.8414545!16s%2Fg%2F11knt73h4y",Southern Edge Lawn Care,5.0,19,Lawn care service,,,http://southernedgelawncare.com/,+1 336-382-8209,Closed · Opens 7:30 am,,true,"https://www.google.com/maps/search/tree+service+businesses+in+Clemmons+Greensboro+NC/@36.0452145,-79.7943407,14z",2026-04-29T05:56:55.881Z,7:30 am–5 pm,7:30 am–5 pm,7:30 am–5 pm,Closed,Closed,7:30 am–5 pm,7:30 am–5 pm,,,,
https://www.google.com/maps/place/Neal+Williams+Builders/data=!4m7!3m6!1s0x885319bd8961e53b:0xc7c067fd082396cc!8m2!3d36.009825!4d-79.4284515!16s%2Fg%2F11j08gvqmj!19sChIJO-Vhib0ZU4gRzJYjCP1nwMc,Neal Williams Builders,4.6,68,Water damage restoration service,,,https://www.neal-williams.com/?utm_source=google&utm_medium=business_profile&utm_campaign=website,+1 336-991-5252,Open 24 hours,https://lh3.googleusercontent.com/gps-cs-s/APNQkAFTrXAyYFOkDqxBvaopi5YKCtcWeJ_i38EoPwbs3R2G5R1Cy-R7Jeh_3sb1GgwNlXM24JD1bzaCeoZgS8Vv7HCrFdzp5h7zfGu4aIW9b5Zj1L7nbn5k2QMlIZW7T3TLrYgp2oFvIw=w408-h306-k-no,true,"https://www.google.com/maps/search/tree+service+businesses+in+Clemmons+Greensboro+NC/@36.0452145,-79.7943407,14z",2026-04-29T05:57:00.572Z,Open 24 hours,Open 24 hours,Open 24 hours,Open 24 hours,Open 24 hours,Open 24 hours,Open 24 hours,,,,
https://www.google.com/maps/place/P%E2%80%99s+Lawn+Services+LLC/data=!4m7!3m6!1s0x8c3c1a5caba22c2b:0x5b4ae3c4828f073c!8m2!3d36.095535!4d-79.8143016!16s%2Fg%2F11vbjbh7vd!19sChIJKyyiq1waPIwRPAePgsTjSls,P’s Lawn Services LLC,4.9,44,Landscaper,,,http://pslawnservicesllc.com/,+1 336-340-6388,,https://lh3.googleusercontent.com/gps-cs-s/APNQkAFBTjH3p7YcPtCXz3LCdNP-bfgbwqaNiUXGy60VfRU0e8uQLfn8q6Zp3L6bAGOdHkoG1ZaWMRXfx59_alyq1kyyKFDr_9hn5pp12boNBhVUvpDhDiTWgZOT8rInLnmgzILiPVh4XJokskg=w408-h408-k-no,true,"https://www.google.com/maps/search/tree+service+businesses+in+Clemmons+Greensboro+NC/@36.0452145,-79.7943407,14z",2026-04-29T05:57:03.355Z,,,,,,,,,,,
https://www.google.com/maps/place/Grainger+Industrial+Supply/data=!4m7!3m6!1s0x885319b93d1b45ef:0x93bdb4aaa01aaaac!8m2!3d36.026025!4d-79.800512!16s%2Fg%2F1tdz5jbz!19sChIJ70UbPbkZU4gRrKoaoKq0vZM,Grainger Industrial Supply,4.2,39,Tool store,"2506 Greengate Dr, Greensboro, NC 27406, United States","25GX+CQ Greensboro, North Carolina, USA",https://www.grainger.com/branch/Greensboro-Branch-328,+1 800-472-4643,Closed · Opens 7:30 am,https://lh3.googleusercontent.com/gps-cs-s/APNQkAFqsDSXywNKHHo-qltu4w5cxzgS_AwGcUCCcsUX2DFMpPmlhVHQoW8C0trbWlhM-D4mufOoGFfyAbEfS9jQKp7Rdf5E8RV6Hr71aaYDJNzKdLCRiVI_y7bBk1TvXPVTBPX3IMbh=w426-h240-k-no,true,"https://www.google.com/maps/search/tree+service+businesses+in+Clemmons+Greensboro+NC/@36.0452145,-79.7943407,14z",2026-04-29T05:57:08.242Z,7:30 am–4:30 pm,7:30 am–4:30 pm,7:30 am–4:30 pm,Closed,Closed,7:30 am–4:30 pm,7:30 am–4:30 pm,,"Chain offering a broad range of industrial equipment, maintenance supplies, tools & parts. · In-store shopping · Kerbside pickup · Delivery",,
https://www.google.com/maps/place/Gateway+Gardens/data=!4m7!3m6!1s0x88531899f2b5de69:0xad148c696cec8441!8m2!3d36.0565909!4d-79.7494626!16s%2Fg%2F11bbx07b74!19sChIJad618pkYU4gRQYTsbGmMFK0,Gateway Gardens,4.6,703,Garden,"2800 E Gate City Blvd, Greensboro, NC 27401, United States","3742+J6 Greensboro, North Carolina, USA",http://greensborobeautiful.org/gardens/gateway_gardens.php,+1 336-373-2567,Closed · Opens 8 am,https://lh3.googleusercontent.com/gps-cs-s/APNQkAFZHNVn_lv-ofnWNaxZ045ad8cmmPiyx1t-Q6DMvXTw6RiEA91cMUr19bNZiH5_WwD6uB-gakTf_JFf2XQVO_0sX3wD7VoNOUeQSjLZVeXA7s_CF1INEb4nbwUjZzaTiYsM-pI=w408-h544-k-no,false,"https://www.google.com/maps/search/tree+service+businesses+in+Clemmons+Greensboro+NC/@36.0452145,-79.7943407,14z",2026-04-29T05:57:13.852Z,8 am–7 pm,8 am–7 pm,8 am–7 pm,8 am–7 pm,8 am–7 pm,8 am–7 pm,8 am–7 pm,,"This 11-acre garden features various areas, including a playful children's garden & a rain garden.",,
https://www.google.com/maps/place/Vestal%27s+Florist/data=!4m7!3m6!1s0x88531a19f53ad8a7:0x6a5c01a9bf645c52!8m2!3d36.0205741!4d-79.8391085!16s%2Fg%2F1tgnsc3k!19sChIJp9g69RkaU4gRUlxkv6kBXGo,Vestal's Florist,4.6,94,Florist,"3001 Pinecroft Rd, Greensboro, NC 27407, United States","25C6+69 Greensboro, North Carolina, USA",http://www.vestalsflorist.com/?utm_source=google&utm_medium=organic&utm_campaign=gbp_website_link,+1 336-855-7645,,https://lh3.googleusercontent.com/gps-cs-s/APNQkAHudBj8aSv7mSLFXzns44STGmbqyfNuAklDm2Zxhxcl5D2rwVcO00qW6vv-7Z8F1u4VXXIKwIUjbHulBEhNBKAyb8PWTl5JzGCpB7q1eYDdsFBj16sD2bTiw64V1o3m0PN_QGEnoA=w408-h295-k-no,true,"https://www.google.com/maps/search/tree+service+businesses+in+Clemmons+Greensboro+NC/@36.0452145,-79.7943407,14z",2026-04-29T05:57:18.912Z,9 am–3 pm,9 am–3 pm,9 am–3 pm,9–11 am,Closed,9 am–3 pm,9 am–3 pm,LGBTQ+ friendly,· In-store shopping · Kerbside pickup · Delivery,,
https://www.google.com/maps/place/Alliance+Hose+%26+Tube+Works/data=!4m7!3m6!1s0x885319b16b986d13:0x43fc4d2ed23f70!8m2!3d36.0274591!4d-79.7922991!16s%2Fg%2F1tj7x21y!19sChIJE22Ya7EZU4gRcD_SLk38QwA,Alliance Hose & Tube Works,4.8,85,Industrial equipment supplier,"3012 S Elm-Eugene St F, Greensboro, NC 27406, United States","26G5+X3 Greensboro, North Carolina, USA",http://www.alliancehtw.com/,+1 336-378-9736,Closed · Opens 7 am,https://lh3.googleusercontent.com/gps-cs-s/APNQkAHvnYatJSf3EbI2KBKQ74iybjEdKHopggXXVQiw9xJxNpUcvB8iFW1OBC4JcVUskY7xq4cFlgXwfM9oYItNgUEwbu1tYdnmsEkw5Jj7-cgkz3ihGkZ7K3VeMumZzSZUh0M0PtiI-Q=w408-h306-k-no,true,"https://www.google.com/maps/search/tree+service+businesses+in+Clemmons+Greensboro+NC/@36.0452145,-79.7943407,14z",2026-04-29T05:57:23.692Z,7 am–5 pm,7 am–5 pm,7 am–5 pm,8 am–12 pm,Closed,7 am–5 pm,7 am–5 pm,,,,
https://www.google.com/maps/place/G.W+Landscaping+Inc/data=!4m7!3m6!1s0x8853190d70a57655:0x2c6bbf33c4959676!8m2!3d36.0129788!4d-79.7454522!16s%2Fg%2F11h7f7ct8g!19sChIJVXalcA0ZU4gRdpaVxDO_ayw,G.W Landscaping Inc,5.0,3,Landscaper,"1237A Wiley Lewis Rd, Greensboro, NC 27406, United States","2773+5R Greensboro, North Carolina, USA",https://gwlandscapinginc.com/,+1 336-382-4877,,https://lh3.googleusercontent.com/gps-cs-s/APNQkAEKxuSeml2sMYi1ZMx1qc04_kzxclx7MifjTARYPScwsP3rcH2lIfTrZmyZPDb-n76ilG8tlUrLk4EUOi1oVD-zjYwBvtBnDXKzHEs_6xRiP0uzatACBvNUqoTYBsjycjEuPxEu=w408-h544-k-no,true,"https://www.google.com/maps/search/tree+service+businesses+in+Clemmons+Greensboro+NC/@36.0452145,-79.7943407,14z",2026-04-29T05:57:26.440Z,,,,,,,,,,,
https://www.google.com/maps/place/Dodson+Pest+Control/data=!4m7!3m6!1s0x885318ad9eafee1d:0xb5ec42278815ea60!8m2!3d36.0801793!4d-79.7501515!16s%2Fg%2F1tnqhpmn!19sChIJHe6vnq0YU4gRYOoViCdC7LU,Dodson Pest Control,4.9,300,Pest control service,"2623 E Market St, Greensboro, NC 27401, United States","36JX+3W Greensboro, North Carolina, USA",https://www.dodsonbros.com/location/Greensboro/,+1 336-275-8483,Closed · Opens 8 am,https://lh3.googleusercontent.com/gps-cs-s/APNQkAGPPLW1eJcrIuG0LOObnOxwVAOElyYhk8iayrI1P3kKPmMVR4nVQjsNbuZnHgsVjl-hxh8DCo4EvGABImEzgx9RmW9lg0nca42IQ3gaIP5lTvXVtT_omha4qszt-O1t2nEphdKZcQsX3KWw=w408-h271-k-no,true,"https://www.google.com/maps/search/tree+service+businesses+in+Clemmons+Greensboro+NC/@36.0452145,-79.7943407,14z",2026-04-29T05:57:31.453Z,8 am–5 pm,8 am–5 pm,8 am–5 pm,Closed,Closed,8 am–5 pm,8 am–5 pm,,,,
https://www.google.com/maps/place/Gleason+Home+Improvements/data=!4m7!3m6!1s0x885305c45e67c5e9:0x53d48bf0d41c4f4e!8m2!3d36.0418009!4d-79.9983986!16s%2Fg%2F11fd4tdh65!19sChIJ6cVnXsQFU4gRTk8c1PCL1FM,Gleason Home Improvements,5.0,54,Siding contractor,,,https://gleasonhomeimprovements.com/,+1 336-804-5481,Closed · Opens 8 am,https://lh3.googleusercontent.com/gps-cs-s/APNQkAGVGbWAZI6AQw9NGbsU69-De2adtVaooNGgeaeyFjscNh3sb4Z-HSPI9bwFLUd0F5oSvxYwGT-F70l9IAWtNw8uZNR07ZOqW2Xids2AXNhj7MOZ4pv9WQ-Zh0JbT24_5RSd130Mng=w408-h434-k-no,true,"https://www.google.com/maps/search/tree+service+businesses+in+Clemmons+Greensboro+NC/@36.0452145,-79.7943407,14z",2026-04-29T05:57:36.528Z,8 am–5 pm,8 am–5 pm,8 am–5 pm,8 am–5 pm,Closed,8 am–5 pm,8 am–5 pm,LGBTQ+ friendly,,,
https://www.google.com/maps/place/F2+Roofing/data=!4m7!3m6!1s0x4cd06dcf756884ed:0xc32f90e0ff9d6f00!8m2!3d36.0357923!4d-79.7867457!16s%2Fg%2F11rtyl3rbb!19sChIJ7YRodc9t0EwRAG-d_-CQL8M,F2 Roofing,5.0,52,Roofing contractor,"200 Seneca Rd Unit B, Greensboro, NC 27406, United States","26P7+88 Greensboro, North Carolina, USA",https://f2propertysolutions.com/exterior-services-greensboro-nc/roofing/,+1 336-223-4442,Closed · Opens 9 am,https://lh3.googleusercontent.com/gps-cs-s/APNQkAEDw7UguuUik562bNk24y7G7XVDJubj88yoSfjotDxFrHodJrDtsBVkFCJUgkpbLgljW0V9ZmxXAbZJ2g0FPDTv6Aw1SdOY3WZmInVjyXAqJ6B0KStbquf8zvC_9rYDxdxvRyhy=w408-h408-k-no,true,"https://www.google.com/maps/search/tree+service+businesses+in+Clemmons+Greensboro+NC/@36.0452145,-79.7943407,14z",2026-04-29T05:57:41.485Z,9 am–6 pm,9 am–6 pm,9 am–6 pm,9 am–3 pm,Closed,9 am–6 pm,9 am–6 pm,Identifies as veteran-owned,,,
https://www.google.com/maps/place/North+Carolina+African+Services+Coalition/data=!4m7!3m6!1s0x885319267d057b1d:0xb768028039b217b!8m2!3d36.073422!4d-79.789285!16s%2Fg%2F1tdp5r88!19sChIJHXsFfSYZU4gReyGbAyiAdgs,North Carolina African Services Coalition,4.3,6,Non-profit organization,"122 N Elm St #1010, Greensboro, NC 27401, United States","36F6+97 Greensboro, North Carolina, USA",http://ascafrica.org/,+1 336-574-2677,Closed · Opens 9 am,https://lh3.googleusercontent.com/gps-cs-s/APNQkAGXpCObUEbGqi8ECll-TM5Cpk9GW84nIB0JESlsibyv2r-uvSCrCeP_wzUkkLbvneEAbX8TLogH2Y6aXUP_eUt834fwXdIrmr-mbJkQ54x1Q38EsSCQMNhUm1kzk7KbJYKZQqQcXQ=w408-h544-k-no,true,"https://www.google.com/maps/search/tree+service+businesses+in+Clemmons+Greensboro+NC/@36.0452145,-79.7943407,14z",2026-04-29T05:57:46.249Z,9 am–5 pm,9 am–5 pm,Closed,Closed,Closed,9 am–5 pm,9 am–5 pm,,,,
https://www.google.com/maps/place/Elite+Quality+Construction/data=!4m7!3m6!1s0x89acb94b8039a351:0x6664bd463b2aabd!8m2!3d35.5933816!4d-79.230029!16s%2Fg%2F11twq5g97g!19sChIJUaM5gEu5rIkRvaqyY9RLZgY,Elite Quality Construction,5.0,16,Remodeler,,,https://elitequalityconstructioninc.com/,+1 919-930-2620,Closed · Opens 8 am,https://lh3.googleusercontent.com/gps-cs-s/APNQkAFEoFqgTDeVRMnK5iwvf35d7i04QZ2xh2Nb5DuJHNTzdyOWAHoqixE-JpajrPhGe5a3Hzj720Y-dzEeVXhZpAOqExhgLlqkEQiQ7ToAqWeB4IXImYvYevZWla_phH39jjFWyG2xMhccucxc=w408-h306-k-no,true,"https://www.google.com/maps/search/tree+service+businesses+in+Clemmons+Greensboro+NC/@36.0452145,-79.7943407,14z",2026-04-29T05:57:57.856Z,8 am–5 pm,8 am–5 pm,8 am–5 pm,8 am–5 pm,Closed,8 am–5 pm,8 am–5 pm,LGBTQ+ friendly,,,
https://www.google.com/maps/place/AP+Lawn+and+Tree/data=!4m7!3m6!1s0x6e2ed55062d1eb51:0x2851d3b945168207!8m2!3d36.095535!4d-79.8143016!16s%2Fg%2F11k455q9h3!19sChIJUevRYlDVLm4RB4IWRbnTUSg,AP Lawn and Tree,5.0,1,Landscaper,,,,+1 336-974-4849,Closed · Opens 8 am,https://lh3.googleusercontent.com/gps-cs-s/APNQkAGBUHVW4tYXvzU1JYQFjwWGh9giiqDIakyVydiWJMEsf7xeZSpPIQ5gVO8WKfmk9N-K-esfz53kWj_9l266T7BWdqByxf6QipzSCVE5EvofUl3PiDCoc8URkJNTQJSgW7SdKhuWGQ=w427-h240-k-no,true,"https://www.google.com/maps/search/tree+service+businesses+in+Clemmons+Greensboro+NC/@36.0452145,-79.7943407,14z",2026-04-29T05:58:02.394Z,8 am–5 pm,8 am–5 pm,8 am–5 pm,Closed,Closed,8 am–5 pm,8 am–5 pm,,,,
https://www.google.com/maps/place/Spartan+Tree+Service+%26+Landscaping+llc/data=!4m7!3m6!1s0x50f2690f3f498ef:0x4660df50b1b04c78!8m2!3d36.0921403!4d-80.0640597!16s%2Fg%2F11y4hh0vs5!19sChIJ75j085AmDwUReEywsVDfYEY,Spartan Tree Service & Landscaping llc,5.0,100,Tree service,"1335 Hanes St, Kernersville, NC 27284, United States","3WRP+V9 Kernersville, North Carolina, USA",https://spartantreeservicenc.com/,+1 336-497-6842,Open 24 hours,https://lh3.googleusercontent.com/gps-cs-s/APNQkAGIA-KOqyuSYSRU6oz4Su16skp3rLqvZ3WbEqAFDG_2kYKg-y8tPFcOnTsaIN0Q7hElzjxCMIQPrri46JJdwVlezYGH57iXP-TsmalQWPZLYgSSA6Ccjx50pUgu-5xgic9MJgmLW_da5mv2=w408-h510-k-no,true,"https://www.google.com/maps/search/tree+service+businesses+in+Kernersville+Greensboro+NC/@36.1198588,-80.0736533,14z",2026-04-29T05:58:22.874Z,Open 24 hours,Open 24 hours,Open 24 hours,Open 24 hours,Open 24 hours,Open 24 hours,Open 24 hours,,,,
https://www.google.com/maps/place/Seamster+Tree+%26+Stumpdoctor/data=!4m7!3m6!1s0x8d3ec0eaec34d8ed:0x58c20490b1b477bf!8m2!3d36.0534745!4d-80.0441049!16s%2Fg%2F11trxybqzy!19sChIJ7dg07OrAPo0Rv3e0sZAEwlg,Seamster Tree & Stumpdoctor,5.0,100,Tree service,"2131 Rougemount Ln, Kernersville, NC 27284, United States","3X34+99 Kernersville, North Carolina, USA",https://seamstertree.com/,+1 336-991-4866,Open 24 hours,https://lh3.googleusercontent.com/gps-cs-s/APNQkAEM1mb5h3V74Y_saZDLfhkDPsn9UqIag_6Mm44TXXI74e8EEq6fkI1H39cu-Qtlcm67oPpE3KM3Mt9WA0zM2kLKkfVMPq8JYYLBWMZbC8p64wrD2EU7SIPugys_XE6K9JqyFiVIWJW3t5jb=w408-h306-k-no,true,"https://www.google.com/maps/search/tree+service+businesses+in+Kernersville+Greensboro+NC/@36.1198588,-80.0736533,14z",2026-04-29T05:58:27.842Z,Open 24 hours,Open 24 hours,Open 24 hours,Open 24 hours,Open 24 hours,Open 24 hours,Open 24 hours,LGBTQ+ friendly,,,
https://www.google.com/maps/place/K-Vegas+Tr%E2%80%8B%E2%80%8B%E2%80%8B%E2%80%8B%E2%80%8B%E2%80%8B%E2%80%8B%E2%80%8B%E2%80%8B%E2%80%8B%E2%80%8B%E2%80%8B%D0%B5%E2%80%8B%E2%80%8B%E2%80%8B%E2%80%8B%E2%80%8B%E2%80%8B%E2%80%8B%E2%80%8B%E2%80%8B%E2%80%8B%D0%B5+M%E2%80%8B%E2%80%8B%E2%80%8B%E2%80%8B%E2%80%8B%E2%80%8B%E2%80%8B%E2%80%8B%E2%80%8Bas%E2%80%8B%E2%80%8B%E2%80%8B%E2%80%8B%E2%80%8B%E2%80%8B%E2%80%8B%E2%80%8B%E2%80%8B%E2%80%8B%E2%80%8B%E2%80%8Bt%E2%80%8B%E2%80%8B%E2%80%8B%E2%80%8B%E2%80%8B%E2%80%8B%E2%80%8B%E2%80%8B%E2%80%8B%E2%80%8B%E2%80%8B%D0%B5%E2%80%8B%E2%80%8B%E2%80%8B%E2%80%8B%E2%80%8B%E2%80%8B%E2%80%8B%E2%80%8B%E2%80%8B%E2%80%8B%E2%80%8B%E2%80%8B%E2%80%8B%E2%80%8B%E2%80%8B%E2%80%8B%E2%80%8B%E2%80%8Brs/data=!4m7!3m6!1s0x8853018a04f32701:0x64e3ffd6149f05ec!8m2!3d36.1201486!4d-80.0727085!16s%2Fg%2F11v9_y0xct!19sChIJASfzBIoBU4gR7AWfFNb_42Q,K-Vegas Tr​​​​​​​​​​​​е​​​​​​​​​​е M​​​​​​​​​as​​​​​​​​​​​​t​​​​​​​​​​​е​​​​​​​​​​​​​​​​​​rs,5.0,4,Tree service,"104 Church Ln, Kernersville, NC 27284, United States","4WCG+3W Kernersville, North Carolina, USA",http://treeremovalkernersville.com/,+1 336-360-5033,Closed · Opens 8 am,https://streetviewpixels-pa.googleapis.com/v1/thumbnail?panoid=Va6noeTNPCRE-PZYL5n17Q&cb_client=search.gws-prod.gps&w=408&h=240&yaw=180.55927&pitch=0&thumbfov=100,false,"https://www.google.com/maps/search/tree+service+businesses+in+Kernersville+Greensboro+NC/@36.1198588,-80.0736533,14z",2026-04-29T05:58:32.712Z,8 am–8 pm,8 am–8 pm,8 am–8 pm,8 am–4 pm,Closed,8 am–8 pm,8 am–8 pm,,,,
https://www.google.com/maps/place/High+Point+Tree+%26+Fence/data=!4m7!3m6!1s0x88530c6d5f180919:0x62b123e428561253!8m2!3d35.934944!4d-80.111669!16s%2Fg%2F125_v2mlz!19sChIJGQkYX20MU4gRUxJWKOQjsWI,High Point Tree & Fence,4.8,137,Tree service,,,https://hptreeandfence.com/,+1 336-861-9058,Open 24 hours,https://lh3.googleusercontent.com/gps-cs-s/APNQkAFO5ET-U7nI1dTUh3xgtTON3HrZ6UjZNDhPDmkxUjwLY97jOPxjJ31KMJV_QwfvzbLbHcSvnN1GwLLSoVD-cCq2r1_yXFfgQJdz-SV9M0nEOJuuVCTwghWneegW0QnkYtSPmMwA=w408-h469-k-no,true,"https://www.google.com/maps/search/tree+service+businesses+in+Kernersville+Greensboro+NC/@36.1198588,-80.0736533,14z",2026-04-29T05:58:37.474Z,Open 24 hours,Open 24 hours,Open 24 hours,Open 24 hours,Open 24 hours,Open 24 hours,Open 24 hours,,,,
https://www.google.com/maps/place/JBeez+Outdoor+Experts+LLC/data=!4m7!3m6!1s0x8853a9f1bb526c3b:0x9d0e518da66ca28!8m2!3d36.1087596!4d-80.1442758!16s%2Fg%2F11r1nzq9rz!19sChIJO2xSu_GpU4gRKMpm2hjl0Ak,JBeez Outdoor Experts LLC,5.0,36,Tree service,"231 Stone Meadow Ct, Kernersville, NC 27284, United States","4V54+G7 Kernersville, North Carolina, USA",https://jbeezoutdoorexperts.com/,+1 336-862-0532,Open 24 hours,https://lh3.googleusercontent.com/gps-cs-s/APNQkAHMN1m1r6tO6aOzstMgnjpBguAMAoBljgJKtwGQsSp1t5pX_dViBlCohXmfpPcEe9meDyoQ7hShXA2Otl_JCWrLusftIOPw7UvoGcLDU0cM_hyToBLGl4jrgajfErgWNgr17KYoXrEyXdy4=w408-h544-k-no,true,"https://www.google.com/maps/search/tree+service+businesses+in+Kernersville+Greensboro+NC/@36.1198588,-80.0736533,14z",2026-04-29T05:58:42.304Z,Open 24 hours,Open 24 hours,Open 24 hours,Open 24 hours,Closed,Open 24 hours,Open 24 hours,,,,
https://www.google.com/maps/place/Land+Management+by+Sandel/data=!4m7!3m6!1s0x8853010d073e5353:0xe5a8e3bcd583ff12!8m2!3d36.1160093!4d-80.0541349!16s%2Fg%2F11k3h4rlrf!19sChIJU1M-Bw0BU4gREv-D1bzjqOU,Land Management by Sandel,5.0,1,Tree service,"211 Berry Garden Rd, Kernersville, NC 27284, United States","4W8W+C8 Kernersville, North Carolina, USA",https://land-mgmt.com/,+1 336-337-1523,Closed · Opens 8 am,https://lh3.googleusercontent.com/gps-cs-s/APNQkAGf0BHSmW4buCHXk7T5At8sr0tYfIMGBfAkGyQuKhOra-Vtfw4ZcOY_E2j3Tuj0DZyjxMlEPKyio99owd8GL5M6yL-RCOCjmYmVRxg-OMJ1o5ruTwt3Nvo_Tbw7twtdRSA0VM1k=w408-h306-k-no,true,"https://www.google.com/maps/search/tree+service+businesses+in+Kernersville+Greensboro+NC/@36.1198588,-80.0736533,14z",2026-04-29T05:58:47.322Z,8 am–3 pm,8 am–3 pm,Closed,Closed,Closed,8 am–3 pm,8 am–3 pm,,,,
"https://www.google.com/maps/place/Malboeuf+Landscaping,+Inc./data=!4m7!3m6!1s0x8853ab7c77309be9:0xca6d1f8082f32aa1!8m2!3d36.1306101!4d-80.110861!16s%2Fg%2F11fshjgz5_!19sChIJ6Zswd3yrU4gRoSrzgoAfbco","Malboeuf Landscaping, Inc.",5.0,31,Landscaper,"212 Oakmont Park Ct, Kernersville, NC 27284, United States","4VJQ+6M Kernersville, North Carolina, USA",https://malboeuflandscaping.com/,+1 336-254-2561,Closed · Opens 8 am,https://lh3.googleusercontent.com/gps-cs-s/APNQkAH8hm7vwX_W0dMCCqC-e_C1GOPzZ3XeBXYQqI_uurPLURz3w-l6HvUnWkPYQAfI3jbxz-BG9GFDitcUq2rBFODPpKZWcre1vedfB0pbGT8jwANL1xdJAeLGIEYiMuydNuflFQhLARt_AYyO=w408-h271-k-no,true,"https://www.google.com/maps/search/tree+service+businesses+in+Kernersville+Greensboro+NC/@36.1198588,-80.0736533,14z",2026-04-29T05:58:52.195Z,8 am–5 pm,8 am–5 pm,8 am–5 pm,Closed,Closed,8 am–5 pm,8 am–5 pm,,,,
https://www.google.com/maps/place/Santos+Hardscape+%26+Tree+Services+LLC/data=!4m7!3m6!1s0x885300e332085555:0xe1d7796c8972ab6!8m2!3d36.1411725!4d-80.0569958!16s%2Fg%2F11vm7gmdls!19sChIJVVUIMuMAU4gRtiqXyJZ3HQ4,Santos Hardscape & Tree Services LLC,5.0,10,Landscaper,"334 Green Holly Trail, Kernersville, NC 27284, United States","4WRV+F6 Kernersville, North Carolina, USA",https://www.santoshardscape.com/about-us,+1 336-254-8155,,https://lh3.googleusercontent.com/gps-cs-s/APNQkAEPgaMl2ibMRgpXNNWvuCM72URYRID6a-UiI1YmjcwxF7XvLlmIvTnxiPd0j1cUzE7DHjBNdabAYpRzdZQnYYQZAQGWZ4OuOnwvIrsVDllRay0srd_Dh-oqJ8TaqbOiQBK114of=w408-h306-k-no,false,"https://www.google.com/maps/search/tree+service+businesses+in+Kernersville+Greensboro+NC/@36.1198588,-80.0736533,14z",2026-04-29T05:58:54.991Z,,,,,,,,,,,
https://www.google.com/maps/place/Pruitt+Stump+Grinding/data=!4m7!3m6!1s0x203dff7b0dc1cd19:0xabbfe253bc35511f!8m2!3d36.1032617!4d-80.0843878!16s%2Fg%2F11ywwc1djg!19sChIJGc3BDXv_PSARH1E1vFPiv6s,Pruitt Stump Grinding,5.0,26,Tree service,"1145 Century Park Ave, Kernersville, NC 27284, United States","4W38+86 Kernersville, North Carolina, USA",,+1 336-339-1280,Closed · Opens 7 am,https://lh3.googleusercontent.com/gps-cs-s/APNQkAFVytuWdA2_DIK35rPuZN-8_9NCOiPR3rt8pOM2DKw8NgMWg6mI2IR4bU_JFprPM5VpCEB_yvE_qS2nU4H8GzwFUWyzwzymNyQWJZ1kNf1JeuH9dB_puSsmyptjVXmY2_qnd-1mRXoYeGjK=w408-h544-k-no,true,"https://www.google.com/maps/search/tree+service+businesses+in+Kernersville+Greensboro+NC/@36.1198588,-80.0736533,14z",2026-04-29T05:58:59.901Z,7 am–7 pm,7 am–7 pm,7 am–7 pm,7 am–5 pm,Closed,7 am–7 pm,7 am–7 pm,,,,
"https://www.google.com/maps/place/TRIAD+MULCH+SUPPLY,+INC./data=!4m7!3m6!1s0x885301338ed84215:0xda9461abed1d8f63!8m2!3d36.1111007!4d-80.0370347!16s%2Fg%2F1tflylfc!19sChIJFULYjjMBU4gRY48d7athlNo","TRIAD MULCH SUPPLY, INC.",4.7,115,Landscaping supply store,"1503 E Mountain St, Kernersville, NC 27284, United States","4X67+C5 Kernersville, North Carolina, USA",http://www.triadmulchsupply.com/,+1 336-993-2205,"Closed · Opens 8 am

Updated by this business 7 weeks ago",https://lh3.googleusercontent.com/gps-cs-s/APNQkAHvGDEVlB3zTkhuIbVb1xq0GMpVz2M6lckohZLzWJ2O8IMUh6i-dSQlFKs_mGeOIpmOrH1cS375axnk0SYbrLlgil0vM-N4ucN4xYbRVi1JOkpOQ1WJ_WQEDl_lPpKkKR60NvrN4g=w408-h306-k-no,true,"https://www.google.com/maps/search/tree+service+businesses+in+Kernersville+Greensboro+NC/@36.1198588,-80.0736533,14z",2026-04-29T05:59:04.718Z,8 am–5 pm,8 am–5 pm,8 am–5 pm,8 am–2 pm,Closed,8 am–5 pm,8 am–5 pm,,· In-store shopping · Kerbside pickup · Delivery,,
https://www.google.com/maps/place/Send+it+Trees/data=!4m7!3m6!1s0x88530131c3dbffff:0x43f3d4e2e912ce5!8m2!3d36.1148241!4d-80.041289!16s%2Fg%2F11sv1kwkd2!19sChIJ___bwzEBU4gR5SyRLk49PwQ,Send it Trees,,,Tree service,"177 Tysonridge Ct, Kernersville, NC 27284, United States","4X75+WF Kernersville, North Carolina, USA",,+1 336-354-3149,,https://streetviewpixels-pa.googleapis.com/v1/thumbnail?panoid=KBmJJ-oARLrybbKRBOM3iA&cb_client=search.gws-prod.gps&w=408&h=240&yaw=266.54865&pitch=0&thumbfov=100,false,"https://www.google.com/maps/search/tree+service+businesses+in+Kernersville+Greensboro+NC/@36.1198588,-80.0736533,14z",2026-04-29T05:59:07.553Z,,,,,,,,,,,
https://www.google.com/maps/place/Green+Scenes+Tree+Service/data=!4m7!3m6!1s0x8853adbaaaaaaaab:0xa17ab1a058eb98b8!8m2!3d36.097818!4d-80.1420546!16s%2Fg%2F1tdg__hz!19sChIJq6qqqrqtU4gRuJjrWKCxeqE,Green Scenes Tree Service,4.8,20,Tree service,,,http://www.greenscenestreeservice.net/,+1 336-749-2924,Closed · Opens 9 am,https://lh3.googleusercontent.com/gps-cs-s/APNQkAFaQQ8Z-WqIcAH2ZWAuJ_OlDkknm7l6r9oJytUuDf_qRGm4j88_xDwVtQEs5kYWUugvtYHyglwhyCPkkfgkHNL8ik5Rla5YmQeC54P_q2H4Ifk2Y2kOzxLaUB7zzL8ZyZ4V7tHG=w408-h544-k-no,true,"https://www.google.com/maps/search/tree+service+businesses+in+Kernersville+Greensboro+NC/@36.1198588,-80.0736533,14z",2026-04-29T05:59:12.258Z,9 am–5 pm,9 am–5 pm,9 am–5 pm,Closed,Closed,9 am–5 pm,9 am–5 pm,,,,
https://www.google.com/maps/place/JD+landscaping/data=!4m7!3m6!1s0x88530745e3164a6f:0x86c7f765ec5d59ef!8m2!3d36.09399!4d-80.06504!16s%2Fg%2F11pbb6c93r!19sChIJb0oW40UHU4gR71ld7GX3x4Y,JD landscaping,5.0,22,Landscaper,"1300 Shields Rd, Kernersville, NC 27284, United States","3WVM+HX Kernersville, North Carolina, USA",,+1 336-582-5186,Closed · Opens 8 am,https://lh3.googleusercontent.com/gps-cs-s/APNQkAFXYIw9EGxKf9X4_fFKjcVIsXmeFMeIcS3wTrin2EzBZLdifCJmjzO_jnHa1lQjnW6BQJXCNe-Lsm8mNc8TDBD0bJX0d0y2qzp90zxLCCOn-ysv7sTjs98Cpwa26FoXgtrS1obt=w408-h544-k-no,true,"https://www.google.com/maps/search/tree+service+businesses+in+Kernersville+Greensboro+NC/@36.1198588,-80.0736533,14z",2026-04-29T05:59:17.069Z,8 am–7 pm,8 am–7 pm,8 am–7 pm,9 am–5 pm,8 am–5 pm,8 am–7 pm,8 am–7 pm,,,,
https://www.google.com/maps/place/Five+Stone+Services/data=!4m7!3m6!1s0xae2ca513ddaa2251:0xeb4822c902ee1033!8m2!3d35.9922536!4d-80.04346!16s%2Fg%2F11yml_fsds!19sChIJUSKq3ROlLK4RMxDuAskiSOs,Five Stone Services,5.0,65,Plumber,,,https://www.fivestoneplumbing.com/?utm_source=google&utm_medium=organic&utm_campaign=gbp,+1 336-986-5432,Open 24 hours,https://lh3.googleusercontent.com/gps-cs-s/APNQkAF5mk-LNr27vfBs8EhrP1H3WGq3EvVOVXywI3jy5YewSdg9eynQxEG1IvydbLePTyX2fmfYRMHWxVDqU1qdqaMjXjWX9FrumV2UD10b5OzllweN1z3W-2KXaQmAZmbFYF-UoBVToGY-jork=w408-h544-k-no,true,"https://www.google.com/maps/search/tree+service+businesses+in+Kernersville+Greensboro+NC/@36.1198588,-80.0736533,14z",2026-04-29T05:59:21.848Z,Open 24 hours,Open 24 hours,Open 24 hours,Open 24 hours,Open 24 hours,Open 24 hours,Open 24 hours,,,,
https://www.google.com/maps/place/Battery+Tree/data=!4m7!3m6!1s0x8853073909f30fc7:0x9392c61e064c3c04!8m2!3d36.1025131!4d-80.0618111!16s%2Fg%2F1tgpbzr9!19sChIJxw_zCTkHU4gRBDxMBh7GkpM,Battery Tree,4.6,187,Battery store,"1070 NC-66, Kernersville, NC 27284, United States","4W3Q+27 Kernersville, North Carolina, USA",https://www.continentalbattery.com/,+1 336-993-3700,Closed · Opens 8 am,https://lh3.googleusercontent.com/gps-cs-s/APNQkAFZxZVu1s_FGfYFtI41OLJmBaGxWa7xDAydre9jxdrQ7GH8B9Zv9zFOpxQ-wb_MQtta3bk8g99V3IMkMyIRpZ6HCKQlq3EzPopVCoPJaPIMU9LD0NiYkTSdhYBqKYV98bpD3Q4=w408-h544-k-no,true,"https://www.google.com/maps/search/tree+service+businesses+in+Kernersville+Greensboro+NC/@36.1198588,-80.0736533,14z",2026-04-29T05:59:26.831Z,8 am–5 pm,8 am–5 pm,8 am–5 pm,Closed,Closed,8 am–5 pm,8 am–5 pm,Identifies as women-owned,,,
https://www.google.com/maps/place/Ideal+Landscaping+%26+Irrigation/data=!4m7!3m6!1s0x1525d3591dc9a29b:0xf965a90c8f34e1da!8m2!3d36.0906365!4d-80.0730927!16s%2Fg%2F1tfyf863!19sChIJm6LJHVnTJRUR2uE0jwypZfk,Ideal Landscaping & Irrigation,4.5,190,Landscaper,"226 Beeson Ct, Kernersville, NC 27284, United States","3WRG+7Q Kernersville, North Carolina, USA",https://www.ideallandscaping.net/?utm_source=google&utm_medium=organic&utm_campaign=gbp,+1 336-331-5463,Closed · Opens 8 am,https://lh3.googleusercontent.com/gps-cs-s/APNQkAHS8_uFW8gQutIFD73DrI6kMFbA61UnAO18WuW21MtoW8HBv3WqByp2NTjdSNHiqE7BJVc9NDXLi6MfeFnl1-Y0kDR-my7-ByAvcXaqgLW5RH67Yc8Iw6kt86ra6uOO-Xvx1C7hDHoRlU0=w408-h272-k-no,true,"https://www.google.com/maps/search/tree+service+businesses+in+Kernersville+Greensboro+NC/@36.1198588,-80.0736533,14z",2026-04-29T05:59:31.871Z,8 am–5 pm,8 am–5 pm,8 am–5 pm,Closed,Closed,8 am–5 pm,8 am–5 pm,,,,
https://www.google.com/maps/place/Harvin%27s+Hauling+%26+Landscaping+LLC/data=!4m7!3m6!1s0x8853a9359430f7ff:0x9eb2d77b4dea1bc!8m2!3d36.0893061!4d-80.1169138!16s%2Fg%2F11kqf_nt76!19sChIJ__cwlDWpU4gRvKHetHct6wk,Harvin's Hauling & Landscaping LLC,4.9,32,Landscaper,"837 Sedge Garden Rd, Kernersville, NC 27284, United States","3VQM+P6 Kernersville, North Carolina, USA",,+1 336-721-5094,Closed · Opens 8 am,https://lh3.googleusercontent.com/gps-cs-s/APNQkAFmBCEokStatvCFR44cufydJhJbEPnmJ5yGbef_8wcKqfOHk5_tOfxOFvG48SZB091vIEuHjk3F3qgc3ReC77fznJzKrRfk_cplKCU6V8OzSi7pSegnUGyO9qhu4MZdtm3XiiEv9A=w408-h306-k-no,true,"https://www.google.com/maps/search/tree+service+businesses+in+Kernersville+Greensboro+NC/@36.1198588,-80.0736533,14z",2026-04-29T05:59:36.726Z,8 am–6 pm,8 am–6 pm,8 am–6 pm,9 am–3 pm,Closed,8 am–6 pm,8 am–6 pm,,,true,
https://www.google.com/maps/place/Top+Rail+Fence+Triad+NC/data=!4m7!3m6!1s0xc1993090564c903:0xd604d949f46808f2!8m2!3d35.9994164!4d-80.068136!16s%2Fg%2F11kc9ct7ln!19sChIJA8lkBQmTGQwR8gho9EnZBNY,Top Rail Fence Triad NC,4.8,78,Fence contractor,,,https://toprailfences.com/triad/?utm_source=google&utm_medium=organic_gmb&utm_campaign=gmb,+1 336-559-4031,,https://lh3.googleusercontent.com/gps-cs-s/APNQkAFRVjHQsZel861c9b99nZtpbIaNUKCH-lHAZ7wzv0E7lnvTbAZQDODA0d8_4obT1l-YFDoZS-GovzGsAMRVBsB9LGqqmrl5SAzM9A6OQiuBlVtd7GAVyDqa4_ul7q2x3fa-clI=w427-h240-k-no,true,"https://www.google.com/maps/search/tree+service+businesses+in+Kernersville+Greensboro+NC/@36.1198588,-80.0736533,14z",2026-04-29T05:59:41.803Z,Open 24 hours,Open 24 hours,Open 24 hours,Open 24 hours,Open 24 hours,Open 24 hours,Open 24 hours,,,,
https://www.google.com/maps/place/Lawn+Doctor+of+Greensboro/data=!4m7!3m6!1s0x885349c7a4dd47fb:0x10f6e1a31b025bd7!8m2!3d36.1127923!4d-80.0509073!16s%2Fg%2F1tfvtn4w!19sChIJ-0fdpMdJU4gR11sCG6Ph9hA,Lawn Doctor of Greensboro,4.6,94,Lawn care service,"1027 E Mountain St Suite105, Kernersville, NC 27284, United States","4W7X+4J Kernersville, North Carolina, USA",https://www.lawndoctor.com/greensboro-nc/?utm_source=googlebusinessprofile&utm_medium=organic&utm_campaign=Qiigo,+1 336-497-4845,Closed · Opens 8 am,https://lh3.googleusercontent.com/gps-cs-s/APNQkAHzz4k1_VjDmyhCBx4HCzInabkFc6XOHHi5cgXZcbO3LN45eUeIhGe-dPiqQhgG4rm2KhFae8n0EJwSjMNdNDAGt4NzZWwRuysWdzzlVNIHDq_p90auz4VoJldo5MWxdfpXIDVZ9NqAugg4=w426-h240-k-no,true,"https://www.google.com/maps/search/tree+service+businesses+in+Kernersville+Greensboro+NC/@36.1198588,-80.0736533,14z",2026-04-29T05:59:46.573Z,8 am–5:30 pm,8 am–5:30 pm,8 am–5:30 pm,Closed,Closed,8 am–5:30 pm,8 am–5:30 pm,,,,
"https://www.google.com/maps/place/Porterfield%27s+Logistics,+Inc./data=!4m7!3m6!1s0x2e45dae3ed70c19d:0x67bc90d60dec3299!8m2!3d35.6650134!4d-80.078049!16s%2Fg%2F11yv1cz17l!19sChIJncFw7ePaRS4RmTLsDdaQvGc","Porterfield's Logistics, Inc.",5.0,17,Trucking company,,,,+1 336-995-4063,Open 24 hours,https://lh3.googleusercontent.com/gps-cs-s/APNQkAEzq0QzexbzLhlgKXSc8ePEsXuyceR0mxOGMEYsLcbBM6cW2DuEtTaDj3gMN0RDyb4BMleCMNwFn9Uh8hMkc9TvucwgsVy0xrjFUbpGe83bnTxjlOyORHIBBJnWa4_W1wtVylUp5hTUHewq=w408-h414-k-no,true,"https://www.google.com/maps/search/tree+service+businesses+in+Kernersville+Greensboro+NC/@36.1198588,-80.0736533,14z",2026-04-29T05:59:51.229Z,Open 24 hours,Open 24 hours,Open 24 hours,Open 24 hours,Open 24 hours,Open 24 hours,Open 24 hours,,,,
https://www.google.com/maps/place/Kernersville+Pumpkins+and+Christmas+Trees/data=!4m7!3m6!1s0x885300acd270fee9:0xfbbf100cf043733!8m2!3d36.11177!4d-80.0904905!16s%2Fg%2F11gbwz6r_x!19sChIJ6f5w0qwAU4gRMzcEzwDxuw8,Kernersville Pumpkins and Christmas Trees,4.6,57,Christmas market,"843 Old Winston Rd, Kernersville, NC 27284, United States","4W65+PR Kernersville, North Carolina, USA",https://www.facebook.com/Kernersvillepumpkinsandtrees/,,Closed · Opens 10 am,https://lh3.googleusercontent.com/gps-cs-s/APNQkAFVHyTsCjdkA3LIGKiMw4sFTOF-YashbNkBbJvt8r93CHXxHZROfuh2KWF_-R84cjVlLhi8W_mJ6PbSm-io8huCbdCK-x4y4GtKnQ3IYOzB9c9gPAyGrSi6dWldR_rc77JcZZCXnSUn2Pgi=w408-h544-k-no,true,"https://www.google.com/maps/search/tree+service+businesses+in+Kernersville+Greensboro+NC/@36.1198588,-80.0736533,14z",2026-04-29T05:59:56.509Z,10 am–8 pm,10 am–8 pm,10 am–8 pm,9 am–8 pm,9 am–8 pm,10 am–8 pm,10 am–8 pm,,,,
"https://www.google.com/maps/place/Need+A+Tree+Cut/@36.1061273,-80.0130458,17z/data=!3m1!4b1!4m6!3m5!1s0x88530125a1c6a1a9:0xa54dd471d6c4a726!8m2!3d36.1061273!4d-80.0130458!16s%2Fg%2F11rgb55zk0",Need A Tree Cut,5.0,1,Tree service,"210 Krusinski Ln, Colfax, NC 27235, United States","4X4P+FQ Colfax, North Carolina, USA",http://www.residentialtreeremovalsgreensboro.com/,+1 336-992-3400,,,true,"https://www.google.com/maps/search/tree+service+businesses+in+Kernersville+Greensboro+NC/@36.1198588,-80.0736533,14z",2026-04-29T06:00:01.147Z,,,,,,,,,,,
"https://www.google.com/maps/place/K%26S+Landscaping/@36.0418009,-80.1061566,11z/data=!3m1!4b1!4m6!3m5!1s0x89f3c011f2e3fa97:0xbb88d1158891fa96!8m2!3d36.0418009!4d-80.1061566!16s%2Fg%2F11l1kxs4zb",K&S Landscaping,4.0,4,Lawn care service,,,http://mykandslandscaping.com/,+1 336-402-3042,Closed · Opens 9 am,,true,"https://www.google.com/maps/search/tree+service+businesses+in+Kernersville+Greensboro+NC/@36.1198588,-80.0736533,14z",2026-04-29T06:00:07.778Z,9 am–8 pm,9 am–8 pm,9 am–8 pm,9 am–5 pm,Closed,9 am–8 pm,9 am–8 pm,,,,
https://www.google.com/maps/place/BrightView+Landscapes/data=!4m7!3m6!1s0x88530731e6e55555:0x1fe50f2b39968934!8m2!3d36.1033478!4d-80.0651932!16s%2Fg%2F11f54zmtqd!19sChIJVVXl5jEHU4gRNImWOSsP5R8,BrightView Landscapes,3.3,21,Landscaper,"1382 S Park Dr, Kernersville, NC 27284, United States","4W3M+8W Kernersville, North Carolina, USA",https://www.brightview.com/local/kenersville-nc-landscape-services,+1 336-497-5285,Closed · Opens 8 am,https://lh3.googleusercontent.com/gps-cs-s/APNQkAEF3JbHDECheFrFvqti49MOO312E51q5JnAR2AKrwcurUpB77Nu66xkAMeL3zdUvn4NP9WWMkv9gsZsd3yGs6M7s1QlsM5ysQgyN9ovRFS5kqiQ3zRM5DjqYE3dPvu1qujJJ6M=w426-h240-k-no,true,"https://www.google.com/maps/search/tree+service+businesses+in+Kernersville+Greensboro+NC/@36.1198588,-80.0736533,14z",2026-04-29T06:00:12.644Z,8 am–5 pm,8 am–5 pm,8 am–5 pm,Closed,Closed,8 am–5 pm,8 am–5 pm,,,,
https://www.google.com/maps/place/Triad+Greenscapes/data=!4m7!3m6!1s0x8853b188d97a4ab1:0x42172eb3d164964c!8m2!3d36.0806829!4d-80.0245459!16s%2Fg%2F1hc95gpv7!19sChIJsUp62YixU4gRTJZk0bMuF0I,Triad Greenscapes,5.0,3,Landscape designer,,,http://www.triadgreenscapes.com/,+1 336-661-5177,Closed · Opens 7 am,https://lh3.googleusercontent.com/gps-cs-s/APNQkAE3AiouI4QYyUkOnwIYXIU8RQCMXfes22HT_UaSewvgso8ksPIggtFI4cVx4o9GLmE8jbSzn_gg98Arl2ScDn6I3pYqmKKUI_J8JmlycjzzgBNgswQa8qyAZdUXSe8eHrcK2udiZw=w426-h240-k-no,true,"https://www.google.com/maps/search/tree+service+businesses+in+Kernersville+Greensboro+NC/@36.1198588,-80.0736533,14z",2026-04-29T06:00:17.700Z,7 am–5 pm,7 am–5 pm,7 am–5 pm,Closed,Closed,7 am–5 pm,7 am–5 pm,,,,
https://www.google.com/maps/place/Parkers+Painting+NC/data=!4m7!3m6!1s0x8853a950c23ca7bb:0xbcd5b27441cd720!8m2!3d35.1705075!4d-79.86097!16s%2Fg%2F11k04cxn1m!19sChIJu6c8wlCpU4gRINccRCdbzQs,Parkers Painting NC,5.0,42,Painting,,,https://parkerspaintingnc.com/,+1 336-987-3001,Closed · Opens 9 am,https://lh3.googleusercontent.com/gps-cs-s/APNQkAGU56uAdPJnIBpET5zStuBMKIfxvIHe9Y-Wk00bbXbzjMSXKhJqxARvDl59XYDjV5ssTiE2oRISzsdx5pdM6V6hN_LCc3cK22Nm9mhsOKZ4qrzjIe76iyXN-G45vED008XUf6c=w408-h544-k-no,true,"https://www.google.com/maps/search/tree+service+businesses+in+Kernersville+Greensboro+NC/@36.1198588,-80.0736533,14z",2026-04-29T06:00:22.331Z,9 am–6 pm,9 am–6 pm,9 am–6 pm,Closed,Closed,9 am–6 pm,9 am–6 pm,Identifies as veteran-owned,,,
https://www.google.com/maps/place/U.S.+Lawns-+Greensboro/data=!4m7!3m6!1s0x88530492e466a37f:0x9a6eb4c2009979c6!8m2!3d36.0285759!4d-79.749831!16s%2Fg%2F11clsczg5q!19sChIJf6Nm5JIEU4gRxnmZAMK0bpo,U.S. Lawns- Greensboro,4.0,20,Landscaper,,,https://uslawns.com/locations/nc/greensboro/,+1 336-345-9804,Open 24 hours,https://lh3.googleusercontent.com/gps-cs-s/APNQkAGGu4-9OCB8z48pu6G3IdH9xg0ADrf4rQcjoazKC_Q0wSIM6LwW23Le-AkLPR_I-6FhkwNHGuLVeaIBMSNcZmEZWY4olCVLFPZSdW43QgOuCPrPTA5QfqheEersK0gZwaQ7SQG0=w426-h240-k-no,true,"https://www.google.com/maps/search/tree+service+businesses+in+Kernersville+Greensboro+NC/@36.1198588,-80.0736533,14z",2026-04-29T06:00:27.095Z,Open 24 hours,Open 24 hours,Open 24 hours,Open 24 hours,Open 24 hours,Open 24 hours,Open 24 hours,,,,
https://www.google.com/maps/place/Spangler+Restoration/data=!4m7!3m6!1s0x8853a13a2c565787:0xd63545cdeee109ba!8m2!3d36.0967865!4d-80.0722197!16s%2Fg%2F11g1yrk_q8!19sChIJh1dWLDqhU4gRugnh7s1FNdY,Spangler Restoration,4.8,82,Water damage restoration service,"1231-1 Shields Rd, Kernersville, NC 27284, United States","3WWH+P4 Kernersville, North Carolina, USA",http://callspangler.com/,+1 336-579-0060,Open 24 hours,https://lh3.googleusercontent.com/gps-cs-s/APNQkAFhCgu41p2IqSPbIPd5Iwrg7jw8DKJ6X3r-B3MyUVXXkabdmujv6PFw2ToYpd3QPcP4_ol3NaKrDj0gvmKwgPMag0kxYFb7EZ7Hh9FH_68FhOCan933uLD_3E0KwtiPpZDWf7U=w408-h291-k-no,true,"https://www.google.com/maps/search/tree+service+businesses+in+Kernersville+Greensboro+NC/@36.1198588,-80.0736533,14z",2026-04-29T06:00:31.893Z,Open 24 hours,Open 24 hours,Open 24 hours,Open 24 hours,Open 24 hours,Open 24 hours,Open 24 hours,,,,
https://www.google.com/maps/place/Triad+Extra+Hands/data=!4m7!3m6!1s0x885301e15edd9055:0xb145e12044512f44!8m2!3d36.0822875!4d-79.8790197!16s%2Fg%2F11h5120rfw!19sChIJVZDdXuEBU4gRRC9RRCDhRbE,Triad Extra Hands,4.6,17,Property maintenance,,,http://www.triadextrahands.com/,+1 336-340-0848,Closed · Opens 8 am,https://lh3.googleusercontent.com/gps-cs-s/APNQkAGhVLYcGqcyBN1PulLg1_J8SStfZ8H2Rx_VKV6ce3MSBiDjiqpa5NSBAenpVnK6AvA3bss7IrUJPWWu4dDFw7pIXbXAe3IwW4l1aFMlMhd3A9r6ISQx7TcbtldgQw5h9FKnyBypNA=w426-h240-k-no,true,"https://www.google.com/maps/search/tree+service+businesses+in+Kernersville+Greensboro+NC/@36.1198588,-80.0736533,14z",2026-04-29T06:00:36.596Z,8 am–5 pm,8 am–5 pm,Closed,Closed,Closed,8 am–5 pm,8 am–5 pm,,,,
https://www.google.com/maps/place/Caudill%27s/data=!4m7!3m6!1s0x885300cf5a6498a1:0x2ce4209d70daccaa!8m2!3d36.1205812!4d-80.0695748!16s%2Fg%2F1262z0wdl!19sChIJoZhkWs8AU4gRqszacJ0g5Cw,Caudill's,4.9,273,Electrical installation service,"208 E Bodenhamer St, Kernersville, NC 27284, United States","4WCJ+65 Kernersville, North Carolina, USA",http://www.caudills.com/,+1 336-996-5151,Closed · Opens 8 am,https://lh3.googleusercontent.com/gps-cs-s/APNQkAFexsDVR5SqwwwqcqLQCYOKJK4JwBdpUFSFi8YHK0GmsmwMtQ6zTmDFNFT3d7RZH-08NqP8acx7M-HachGcEJ_9z1V-7tdIdluk0s_q0C6JZBOWennknhfDUR1tCWFPAPE5odd-h5sp27GH=w408-h306-k-no,true,"https://www.google.com/maps/search/tree+service+businesses+in+Kernersville+Greensboro+NC/@36.1198588,-80.0736533,14z",2026-04-29T06:00:41.657Z,8 am–5 pm,8 am–5 pm,8 am–5 pm,Closed,Closed,8 am–5 pm,8 am–5 pm,,,,
https://www.google.com/maps/place/Renew-It+Master/data=!4m7!3m6!1s0x88530754690621db:0x4c83f4dd91662be8!8m2!3d35.1705075!4d-79.86097!16s%2Fg%2F1tjyv9bn!19sChIJ2yEGaVQHU4gR6Ctmkd30g0w,Renew-It Master,4.9,23,Bathroom remodeler,,,https://renewitmaster.com/,+1 336-768-4474,Closed · Opens 9 am,https://lh3.googleusercontent.com/gps-cs-s/APNQkAGL5vlEXEMK3o4ycgTMRMwl0jNc4PJsWohusIy-NzEjClnmVHEeTjEUcy_hULe_AmzT1HEEHVCjTLSS29Y7aaZkLE1YwfXNLu_Vk1r0-8IKoYNscM-xceqi8RLPHirp10N5GNIF=w408-h544-k-no,true,"https://www.google.com/maps/search/tree+service+businesses+in+Kernersville+Greensboro+NC/@36.1198588,-80.0736533,14z",2026-04-29T06:00:46.353Z,9 am–5 pm,9 am–5 pm,9 am–5 pm,Closed,Closed,9 am–5 pm,9 am–5 pm,Identifies as women-owned,,,
"https://www.google.com/maps/place/JT+Integrity+Services,+LLC/data=!4m7!3m6!1s0x4ee82f851e07b6d7:0x657b932cd4766b12!8m2!3d36.097075!4d-79.9983986!16s%2Fg%2F11lcrwj9sm!19sChIJ17YHHoUv6E4REmt21CyTe2U","JT Integrity Services, LLC",5.0,13,Janitorial service,,,http://www.jtiservicesnc.com/,+1 743-213-7803,Open 24 hours,https://lh3.googleusercontent.com/gps-cs-s/APNQkAEMBoQv_b40a_Xfgw3jT6ARXQjfKqu-F_M_K24uu_DSll1QRpxVvAlXFngvsEDEkqaBSsNNXRJj9B5vPj9Ba2Yle3Fi1e34PolDzul0PSykpU1egKs4dtbgjmxld2XIalJRCyfobYevcA-z=w408-h544-k-no,true,"https://www.google.com/maps/search/tree+service+businesses+in+Kernersville+Greensboro+NC/@36.1198588,-80.0736533,14z",2026-04-29T06:00:51.022Z,Open 24 hours,Open 24 hours,Open 24 hours,Open 24 hours,Open 24 hours,Open 24 hours,Open 24 hours,,,,
https://www.google.com/maps/place/Rios+CDR+LLC/data=!4m7!3m6!1s0xa19c9793561fcb23:0x71622b2395239a7a!8m2!3d36.1366466!4d-80.133991!16s%2Fg%2F11ww_ktkvf!19sChIJI8sfVpOXnKERepojlSMrYnE,Rios CDR LLC,5.0,20,General contractor,,,https://rioscdr.com/,+1 336-905-1351,Open 24 hours,https://lh3.googleusercontent.com/gps-cs-s/APNQkAGfj8GmG4XsDFXy5n6NbkQzApYVb55NMxbOgslH2YN0dJZxb84nMJ2KF4OyhfnHLfRzOIlzR5MzEXk_YvHbIHvJSX7bVo5-2uGj2_icKKfHAuJMmuVVrv9ctWy_PwPhuPQ0NN46JE65_3VI=w408-h307-k-no,true,"https://www.google.com/maps/search/tree+service+businesses+in+Kernersville+Greensboro+NC/@36.1198588,-80.0736533,14z",2026-04-29T06:00:55.873Z,Open 24 hours,Open 24 hours,Open 24 hours,Open 24 hours,Closed,Open 24 hours,Open 24 hours,,,,
https://www.google.com/maps/place/DJ+Mover+Services/data=!4m7!3m6!1s0x455a1e3ee9c86d07:0x137d1eb260647963!8m2!3d35.915312!4d-79.9983986!16s%2Fg%2F11kq9cw9hj!19sChIJB23I6T4eWkURY3lkYLIefRM,DJ Mover Services,5.0,66,Moving service,,,https://djmoverservices.com/,+1 336-218-3100,Closed · Opens 8 am,https://lh3.googleusercontent.com/gps-cs-s/APNQkAGeH0-9p6jEKlC2jx1j_TmO8wF9Rd6MQcdPs1HTdX1nVBd8Hue-9fTGZPsB7hzwEICwHVf5wUe_zruaC4Wyjq0HNCQLYS2ug52ggihmVJYzShdJgpNJhGRZPs-HoBwBrtmmjv4hIbyImI15=w408-h544-k-no,true,"https://www.google.com/maps/search/tree+service+businesses+in+Kernersville+Greensboro+NC/@36.1198588,-80.0736533,14z",2026-04-29T06:01:00.571Z,8 am–8 pm,8 am–8 pm,8 am–8 pm,8 am–8 pm,8 am–8 pm,8 am–8 pm,8 am–8 pm,,,,
https://www.google.com/maps/place/Evangelista%27s+Electric/data=!4m7!3m6!1s0x88530727392b7297:0xa070e501a0650c2d!8m2!3d36.2211355!4d-79.8362005!16s%2Fg%2F11qt0l4dyn!19sChIJl3IrOScHU4gRLQxloAHlcKA,Evangelista's Electric,5.0,10,Electrician,,,https://www.evangelistaselectric.com/,+1 336-307-1024,Open 24 hours,https://lh3.googleusercontent.com/gps-cs-s/APNQkAGb7ZbjxDiPdH1EfXN3g9i0HcJsEtksFE3ipGBcYE_Hn1HZqOdX1d6dAWIaK3DKUGl6gmKQ8zzvePjcQy7XHUtx2K9OCamh_m5WBD3-PO-8jhu6MRrillnTZcKntdTT-uvWOCVr=w432-h240-k-no,true,"https://www.google.com/maps/search/tree+service+businesses+in+Kernersville+Greensboro+NC/@36.1198588,-80.0736533,14z",2026-04-29T06:01:05.608Z,Open 24 hours,Open 24 hours,Open 24 hours,Open 24 hours,Open 24 hours,Open 24 hours,Open 24 hours,,,,
"https://www.google.com/maps/place/Fair+Kernersville+Solutions/@35.1705075,-79.86097,7z/data=!3m1!4b1!4m6!3m5!1s0x8853011020bb0623:0x48a3bddbbccbb560!8m2!3d35.1705075!4d-79.86097!16s%2Fg%2F11nm_xs3y8",Fair Kernersville Solutions,5.0,1,General store,,,,+1 336-344-7481,Open 24 hours,,true,"https://www.google.com/maps/search/tree+service+businesses+in+Kernersville+Greensboro+NC/@36.1198588,-80.0736533,14z",2026-04-29T06:01:12.304Z,Open 24 hours,Open 24 hours,Open 24 hours,Open 24 hours,Open 24 hours,Open 24 hours,Open 24 hours,,,,
"https://www.google.com/maps/place/Diversified+Fence+Builders,+Inc./data=!4m7!3m6!1s0x885304b1b38a8e01:0x76f7fb65219465ee!8m2!3d36.0931112!4d-80.0598451!16s%2Fg%2F1tj9cpy6!19sChIJAY6Ks7EEU4gR7mWUIWX793Y","Diversified Fence Builders, Inc.",4.6,203,Fence contractor,"1411 Brookford Rd, Kernersville, NC 27284, United States","3WVR+63 Kernersville, North Carolina, USA",https://www.diversifiedfence.com/?utm_source=google+local&utm_medium=organic&utm_campaign=website+link,+1 336-510-5561,Closed · Opens 7:30 am,https://lh3.googleusercontent.com/gps-cs-s/APNQkAHCN7qozaikw2WcfoQzf-LiXNFNXnuSMHM70L1rRAwIjI0hCCoo-PbJTrIi6bQT1qK01fYTdZFlD3G6e_qfGzi3MgBIABpsDISxcNpf1ecjhJ7cw41lXJHJuIa3_-savI0UVRFj=w408-h296-k-no,true,"https://www.google.com/maps/search/tree+service+businesses+in+Kernersville+Greensboro+NC/@36.1198588,-80.0736533,14z",2026-04-29T06:01:17.177Z,7:30 am–4 pm,7:30 am–4 pm,7:30 am–4 pm,Closed,Closed,7:30 am–4 pm,7:30 am–4 pm,,,,
https://www.google.com/maps/place/Action+Well+%26+Pump+Of+Forsyth+County/data=!4m7!3m6!1s0x885300c85d178981:0x12965fda0f9cbc65!8m2!3d36.131917!4d-80.3043278!16s%2Fg%2F1tggpbb3!19sChIJgYkXXcgAU4gRZbycD9pflhI,Action Well & Pump Of Forsyth County,5.0,6,Well drilling contractor,,,http://www.actionwellandpump.com/,+1 336-993-1820,Open 24 hours,https://lh3.googleusercontent.com/gps-cs-s/APNQkAGg8wwQEtjQ8PPPFRD7gxX0-wtuFdEBZMEbHQllqBDPOAAQeB6THa36decPs9ZpH7vDJm4pMvLRecoJc84Is8gtl2RpaKuDM7RnyvrIiE9LKVr6Whhj4kL5fymv84EA_vxd-D73OVKbI5B2=w408-h306-k-no,true,"https://www.google.com/maps/search/tree+service+businesses+in+Kernersville+Greensboro+NC/@36.1198588,-80.0736533,14z",2026-04-29T06:01:21.974Z,Open 24 hours,Open 24 hours,Open 24 hours,Open 24 hours,Open 24 hours,Open 24 hours,Open 24 hours,LGBTQ+ friendly,,,
https://www.google.com/maps/place/Avanti+JMS+Accounting/data=!4m7!3m6!1s0x885301ab859db1d3:0xab0aaec7d4e886fe!8m2!3d35.1705075!4d-79.86097!16s%2Fg%2F11jnnqxk7s!19sChIJ07GdhasBU4gR_obo1MeuCqs,Avanti JMS Accounting,5.0,2,Accounting firm,,,http://www.avantijmsaccounting.com/,+1 336-726-4531,Closed · Opens 5 pm,https://lh3.googleusercontent.com/gps-cs-s/APNQkAGWqCq2qABklYLu01Ot_OnQHeCVWBcSoT6YqpFqppG6KdonFOwq8BcF9lOBHjo6Q8PuPvOr5u1z7FHX4VAhP2srB4T8nD93Hju0SWCkShwebgLLx_t_mVvZWa5I6idjHL6NreRJ=w426-h240-k-no,true,"https://www.google.com/maps/search/tree+service+businesses+in+Kernersville+Greensboro+NC/@36.1198588,-80.0736533,14z",2026-04-29T06:01:26.992Z,5–9 pm,5–9 pm,5–9 pm,10 am–9 pm,10 am–9 pm,5–9 pm,5–9 pm,,,,
https://www.google.com/maps/place/Rayco+Stone+-+Custom+Countertops/data=!4m7!3m6!1s0x885300bb641cd76d:0x72bf32c70dd9715d!8m2!3d35.8828279!4d-79.972211!16s%2Fg%2F12610w4xw!19sChIJbdccZLsAU4gRXXHZDccyv3I,Rayco Stone - Custom Countertops,5.0,8,Countertop store,,,,+1 336-493-3880,Closed · Opens 8 am,https://lh3.googleusercontent.com/gps-cs-s/APNQkAGuO15x7txGlsyLzS3CwsnLuqdKZsyoA1u-4ww09od77HaIhkDg6tMwveryaMwuVbEWxSRGCy4koOBigV9KRbhwpe4JGkwcKdy7xrFPUvf3P7ICIhY_qpkrUIrDh727z2NsaTWNaQ=w408-h306-k-no,true,"https://www.google.com/maps/search/tree+service+businesses+in+Kernersville+Greensboro+NC/@36.1198588,-80.0736533,14z",2026-04-29T06:01:31.648Z,8 am–7 pm,8 am–7 pm,8 am–7 pm,8 am–7 pm,Closed,8 am–7 pm,8 am–7 pm,,,,
https://www.google.com/maps/place/Sprenger%27s+Transport/data=!4m7!3m6!1s0x8853010fd01ba029:0xa9fdff7b95053b04!8m2!3d46.423669!4d-129.9427086!16s%2Fg%2F11jg60rp_m!19sChIJKaAb0A8BU4gRBDsFlXv__ak,Sprenger's Transport,5.0,5,Trucking company,,,http://sprengerstransport.com/,,Closed · Opens 7 am,https://lh3.googleusercontent.com/gps-cs-s/APNQkAG8WHX-Ryurb65loAS9HTcOCOjee4amYwQOGemRTFMNMiLegeVRYQ6T7kebhhIA7YMaSparYjB0_FG3GiQDO8RYZoHKmR8PlgxsQxnPiiVBIsBp24FFQaAwaXN9xlRhTdDtHGA=w408-h306-k-no,true,"https://www.google.com/maps/search/tree+service+businesses+in+Kernersville+Greensboro+NC/@36.1198588,-80.0736533,14z",2026-04-29T06:01:36.503Z,7 am–9 pm,7 am–9 pm,7 am–9 pm,7 am–9 pm,Closed,7 am–9 pm,7 am–9 pm,,,,
"https://www.google.com/maps/place/Hammer+Time+Remodeling+and+Repairs,+LLC/data=!4m7!3m6!1s0x6b2699c654a56ea1:0x551f3de827b27f19!8m2!3d35.9913685!4d-80.1135425!16s%2Fg%2F11ksw7xfcp!19sChIJoW6lVMaZJmsRGX-yJ-g9H1U","Hammer Time Remodeling and Repairs, LLC",4.8,19,Kitchen remodeler,,,https://www.hammertimeremodeling.com/,+1 336-259-8848,Closed · Opens 8 am,https://lh3.googleusercontent.com/gps-cs-s/APNQkAH4dzDNcVkpHKfQcFzZ-shr5i4gVE9TpEUhiOHW1aK4x8E2nKAlSD7FLy61cXi-RWN1VCUjjIfxbQ9TS3VaHGTUHnJxVavmiiJjTKAZm0UixKLoTaAcon3CyaIFTafusqtZ9al-PuoHoG0R=w408-h306-k-no,true,"https://www.google.com/maps/search/tree+service+businesses+in+Kernersville+Greensboro+NC/@36.1198588,-80.0736533,14z",2026-04-29T06:01:41.187Z,8 am–5 pm,8 am–5 pm,8 am–5 pm,Closed,Closed,8 am–5 pm,8 am–5 pm,,,,
https://www.google.com/maps/place/Kernersville+Glass+Services+Inc./data=!4m7!3m6!1s0x885300faef72ac77:0xe3270b9a9d4f8ad8!8m2!3d36.0806829!4d-80.0245459!16s%2Fg%2F1263gv8pd!19sChIJd6xy7_oAU4gR2IpPnZoLJ-M,Kernersville Glass Services Inc.,5.0,16,Glass & mirror shop,,,http://kernersvilleglassandmirror.com/,+1 336-833-3946,Closed · Opens 8 am,https://lh3.googleusercontent.com/gps-cs-s/APNQkAFm6PlKlx35zsUbo4-DLD-3Adve3NXXGCNJNKExE-XjXyzDeigE-XqV8BqwwnFQ8z8vqFEx1OBoDspdd8m77bqYIr8qda-2xtlDPa482RzoHC0BAcsjhW-Dt7hgPbmSxtNqZZol4Q=w426-h240-k-no,true,"https://www.google.com/maps/search/tree+service+businesses+in+Kernersville+Greensboro+NC/@36.1198588,-80.0736533,14z",2026-04-29T06:01:45.821Z,8 am–5 pm,8 am–5 pm,8 am–5 pm,Closed,Closed,8 am–5 pm,8 am–5 pm,,,,
https://www.google.com/maps/place/Empowered+Homefront/data=!4m7!3m6!1s0x24f043607099bec9:0x896a99b54fc3b175!8m2!3d46.423669!4d-129.9427086!16s%2Fg%2F11vr_ps6t8!19sChIJyb6ZcGBD8CQRdbHDT7WZaok,Empowered Homefront,5.0,3,Software company,,,https://www.empoweredhomefront.com/,,,https://lh3.googleusercontent.com/gps-cs-s/APNQkAGE0dXONhE5QTQYVlZkbUEzdRsJxZRetzj0YFucz7DEUbld2CHbzQReF0aOHvXkLohHZmvTs0Y9S1QOzX_n6Hx2i_tgVIqLu5V5OOQJv4yuuVtk7gIL04so--DEj59SQGAW4I3w0al4MHqi=w426-h240-k-no,true,"https://www.google.com/maps/search/tree+service+businesses+in+Kernersville+Greensboro+NC/@36.1198588,-80.0736533,14z",2026-04-29T06:01:48.806Z,,,,,,,,Identifies as veteran-owned,,,
https://www.google.com/maps/place/Celedon+Turf+%26+Concrete/data=!4m7!3m6!1s0x2400fa223e8187e5:0x224c31f507b58978!8m2!3d35.989203!4d-80.023334!16s%2Fg%2F11v_1hgt6m!19sChIJ5YeBPiL6ACQReIm1B_UxTCI,Celedon Turf & Concrete,4.8,5,Concrete contractor,,,https://celedonconcrete.com/,+1 336-399-2845,Closed · Opens 7 am,https://lh3.googleusercontent.com/gps-cs-s/APNQkAGioL6zGxuGwETFDPwsAtEcLCHSQNrb6JLlwyR2-ZgmBZrD7417gacUT82QpE8_l5vbxLszdyG2O12uzkM4u_xvk7erXo2p-ehDZeNsPGgwPW0N7DO9nl8WIi9nHRAurBnZ269ABw7jGnuv=w427-h240-k-no,true,"https://www.google.com/maps/search/tree+service+businesses+in+Kernersville+Greensboro+NC/@36.1198588,-80.0736533,14z",2026-04-29T06:01:53.442Z,7 am–6 pm,7 am–6 pm,7 am–6 pm,Closed,Closed,7 am–6 pm,7 am–6 pm,,,,
https://www.google.com/maps/place/Cedars+Design+Group/data=!4m7!3m6!1s0x6a69741b317572bb:0x159e14c42898dede!8m2!3d31.148672!4d-81.4243984!16s%2Fg%2F11yp09y8v0!19sChIJu3J1MRt0aWoR3t6YKMQUnhU,Cedars Design Group,,,Structural engineer,,,http://cedarsdesigngroup.com/,+1 239-272-2042,Closed · Opens 8 am,https://lh3.googleusercontent.com/gps-cs-s/APNQkAF8AD5bkPF0mXyAc4EyBcD-OOPHu82-h4Bmi6cwefstYIlvqA0htrZonJAmbFyWCJpkWx76YmdVR0TgNq5uFhN3ZzdM6AhEruUg3oLTiojBV3Cf5CNtb8RxgbJX7ZdgEotq1MHBE3bIy2U1=w408-h408-k-no,true,"https://www.google.com/maps/search/tree+service+businesses+in+Kernersville+Greensboro+NC/@36.1198588,-80.0736533,14z",2026-04-29T06:01:58.186Z,8 am–6 pm,8 am–6 pm,8 am–6 pm,8 am–6 pm,8 am–6 pm,8 am–6 pm,8 am–6 pm,,,,
https://www.google.com/maps/place/The+Cleaning+Authority+-+Winston-Salem/data=!4m7!3m6!1s0x88530753a6995197:0x3e0c8c0c90811751!8m2!3d36.1090601!4d-80.0908053!16s%2Fg%2F11bccm0t00!19sChIJl1GZplMHU4gRUReBkAyMDD4,The Cleaning Authority - Winston-Salem,4.7,255,House cleaning service,"556 Arbor Hill Rd m, Kernersville, NC 27284, United States","4W55+JM Kernersville, North Carolina, USA",https://www.thecleaningauthority.com/winstonsalem,+1 336-484-1926,Closed · Opens 8 am,https://lh3.googleusercontent.com/gps-cs-s/APNQkAF3Y9M4nhUic_xMgz9n4A867zsQAryeHlDYOBcR1BqO9jDVLgxyW2byWj2brIjvm5f7wKvJdCzxJOW1uPCWiDDA_uwCJw6B0fQ5o8SiLHXH-wbUZiz7_qvjWZjG0BRSpbtkIrbI=w408-h544-k-no,true,"https://www.google.com/maps/search/tree+service+businesses+in+Kernersville+Greensboro+NC/@36.1198588,-80.0736533,14z",2026-04-29T06:02:03.184Z,8 am–5 pm,8 am–5 pm,8 am–5 pm,Closed,Closed,8 am–5 pm,8 am–5 pm,,,,
https://www.google.com/maps/place/Mrs.+B%27s+Paperback+Exchange/data=!4m7!3m6!1s0x885300c7cd489ee3:0x7e82cb73c25bb3ea!8m2!3d36.1221163!4d-80.0729463!16s%2Fg%2F1tdx4v3z!19sChIJ455IzccAU4gR6rNbwnPLgn4,Mrs. B's Paperback Exchange,4.6,102,Used book store,"216 N Cherry St, Kernersville, NC 27284, United States","4WCG+RR Kernersville, North Carolina, USA",,+1 336-992-2665,"Closed · Opens 10 am

Updated by this business 7 weeks ago",https://lh3.googleusercontent.com/gps-cs-s/APNQkAHHrGEDFGas3x_hbryuPZ4SKse8tEX3zpW_uZww5FjmP3feN38AX7Co60J_9CU_Lime7cmSVfV-C6lfQ0QZziECLqaO8MoiLYZbrcAl-aSjPMsqefiC5bctbYCFZCJDfsrqsQ_PKg=w408-h541-k-no,true,"https://www.google.com/maps/search/tree+service+businesses+in+Kernersville+Greensboro+NC/@36.1198588,-80.0736533,14z",2026-04-29T06:02:07.998Z,10 am–5 pm,10 am–5 pm,10 am–5 pm,10 am–5 pm,Closed,Closed,10 am–5 pm,LGBTQ+ friendly,· In-store shopping,,
https://www.google.com/maps/place/Terminix+Triad/data=!4m7!3m6!1s0x8853073b375c602b:0xca03574264ce2cce!8m2!3d35.986905!4d-79.829589!16s%2Fg%2F11bw1wh50y!19sChIJK2BcNzsHU4gRzizOZEJXA8o,Terminix Triad,4.4,12,Pest control service,,,https://www.terminix-triad.com/pest-control-kernersville-nc?utm_source=gmb&utm_medium=organic&utm_campaign=gmb-kernersville,+1 336-234-3280,Open 24 hours,https://lh3.googleusercontent.com/gps-cs-s/APNQkAH_wSXt_6wuYDOarWKF2Uo3ayrc10SwGJmOPOMxfsqdtY011kwR6yPa4xL22cRWT4Gn8l1674RTBpKyxucrNRtAn5v-f17HLdtuyxQnQHiVkLqQHPeFs2qUBnOKu1lX3dvWxXip=w425-h240-k-no,true,"https://www.google.com/maps/search/tree+service+businesses+in+Kernersville+Greensboro+NC/@36.1198588,-80.0736533,14z",2026-04-29T06:02:13.107Z,Open 24 hours,Open 24 hours,Open 24 hours,Open 24 hours,Open 24 hours,Open 24 hours,Open 24 hours,,,,
"https://www.google.com/maps/place/Famosos+Tacos+%26+Burritos+Express/@36.0940011,-80.083565,13z/data=!3m1!4b1!4m6!3m5!1s0x404b3b2dbb1bc71d:0x31e652ca1d30e440!8m2!3d36.094001!4d-80.083565!16s%2Fg%2F11q3564vxp",Famosos Tacos & Burritos Express,5.0,2,Landscaper,,,,+1 704-550-9393,Closed · Opens 7 am,,true,"https://www.google.com/maps/search/tree+service+businesses+in+Kernersville+Greensboro+NC/@36.1198588,-80.0736533,14z",2026-04-29T06:02:19.727Z,7 am–5:30 pm,7 am–5:30 pm,7 am–5:30 pm,Closed,Closed,7 am–5:30 pm,7 am–5:30 pm,,,,
https://www.google.com/maps/place/Flooring+Today/data=!4m7!3m6!1s0x8853ad97b320d26d:0xdd04274e313179f8!8m2!3d36.06521!4d-80.04346!16s%2Fg%2F11bzrp4xy3!19sChIJbdIgs5etU4gR-HkxMU4nBN0,Flooring Today,4.2,17,Flooring contractor,,,,+1 336-682-7763,Closed · Opens 7 am,https://lh3.googleusercontent.com/gps-cs-s/APNQkAGKYuoSfo3hboRD9qr35CUCeKnnviI8EVwAn1BQmRG1nGFyCGJMxk1HylhlDz0yMARxYCDHE162sVQ34BHejLHoPJVIBHVhVhwV2NZelTV5UYYDDQfX4H5QKS7bXkeEzeBkZhszmQ=w408-h544-k-no,true,"https://www.google.com/maps/search/tree+service+businesses+in+Kernersville+Greensboro+NC/@36.1198588,-80.0736533,14z",2026-04-29T06:02:24.476Z,7 am–9 pm,7 am–9 pm,7 am–9 pm,7 am–9 pm,3–8 pm,7 am–9 pm,7 am–9 pm,,,,
https://www.google.com/maps/place/HousePro+Home+Improvement/data=!4m7!3m6!1s0x8853b9e8143c69b7:0xc023f9122934c5b7!8m2!3d36.0274029!4d-80.01516!16s%2Fg%2F1hjgjlw2r!19sChIJt2k8FOi5U4gRt8U0KRL5I8A,HousePro Home Improvement,4.8,18,Bathroom remodeler,,,https://houseprohomeimprovement.com/?utm_source=local&utm_medium=organic&utm_campaign=googlemybusiness,+1 336-698-9888,Closed · Opens 8 am,https://lh3.googleusercontent.com/gps-cs-s/APNQkAGObe2okrbwASDjzVjW2Qw8xTiwlRUFk0V69ME4zNXmKrXpBXWKYfn03DJqg8OZK8UXOeA12ba3pVmd4U3wn2ardut56ngzroREfAFeoSJtwYF8egL7pYOdIIh-J0PlmpY8czvQ=w408-h271-k-no,true,"https://www.google.com/maps/search/tree+service+businesses+in+Kernersville+Greensboro+NC/@36.1198588,-80.0736533,14z",2026-04-29T06:02:29.151Z,8 am–5 pm,8 am–5 pm,8 am–5 pm,Closed,Closed,8 am–5 pm,8 am–5 pm,,,,
https://www.google.com/maps/place/Batteries+Plus/data=!4m7!3m6!1s0x8853a91b360a6dc5:0x4ef29d5daa4c7185!8m2!3d36.1085004!4d-80.0987738!16s%2Fg%2F11sd9fnvvz!19sChIJxW0KNhupU4gRhXFMql2d8k4,Batteries Plus,3.9,37,Car battery store,"1040 S Main St Unit A, Kernersville, NC 27284, United States","4W52+CF Kernersville, North Carolina, USA",https://www.batteriesplus.com/store-locator/nc/kernersville/batteries-plus-1082?utm_source=gmb&utm_medium=local&utm_campaign=bpb&storecode=1082,+1 919-429-7641,Closed · Opens 8 am,https://lh3.googleusercontent.com/gps-cs-s/APNQkAG3YAEmC78hcqga4j_E55Z3Aw_x543_X4BUJx88bnSVsPu_aLNFFhvd-7pug8lFBx_n7vT8gnwz_c7haJyDKVAQBv_W2JugJE99lR5AKmYAcjApr0JMv0SlAPfa5cYveC1a39B-yQ=w408-h408-k-no,true,"https://www.google.com/maps/search/tree+service+businesses+in+Kernersville+Greensboro+NC/@36.1198588,-80.0736533,14z",2026-04-29T06:02:34.395Z,8 am–7 pm,8 am–7 pm,8 am–7 pm,9 am–7 pm,10 am–5 pm,8 am–7 pm,8 am–7 pm,,"Chain selling batteries for watches, phones & vehicles, plus replacement lightbulbs. · In-store shopping · In-store pick-up · Delivery",,
https://www.google.com/maps/place/Williams+United+L.L.C/data=!4m7!3m6!1s0x88530109a92136a3:0x20359337d2cedcac!8m2!3d46.423669!4d-129.9427086!16s%2Fg%2F11f733l8cl!19sChIJozYhqQkBU4gRrNzO0jeTNSA,Williams United L.L.C,4.1,7,Property maintenance,,,,+1 336-701-6059,Closed · Opens 9 am,https://lh3.googleusercontent.com/gps-cs-s/APNQkAFx7m8pYX900lgn34Mrxc3FhwxcpBxXvhQ7geSNXo2SP6XrUFChs9SD5Ok8wj-hxT2-7dsjPENoSErwoPWtqcNdR2N5YeYkJK_SZ369C_73BSCqoIqqU6DNA9iBJEfcUuUYKA88Lg=w408-h544-k-no,true,"https://www.google.com/maps/search/tree+service+businesses+in+Kernersville+Greensboro+NC/@36.1198588,-80.0736533,14z",2026-04-29T06:02:39.161Z,9 am–5 pm,9 am–5 pm,9 am–5 pm,9 am–5 pm,9 am–5 pm,9 am–5 pm,9 am–5 pm,,,,
https://www.google.com/maps/place/Haynes+Property+Services/data=!4m7!3m6!1s0x21795a25d8d4ddc1:0xe4d6e625ab9253fe!8m2!3d36.0822875!4d-79.9983986!16s%2Fg%2F11y98w_5tr!19sChIJwd3U2CVaeSER_lOSqyXm1uQ,Haynes Property Services,5.0,6,Landscaper,,,https://nextdoor.com/pages/haynes-home-services-kernersville-nc?init_source=org_pages&share_platform=10,+1 336-480-1430,Closed · Opens 7 am,https://lh3.googleusercontent.com/gps-cs-s/APNQkAEGSlRVzX9mR6zPZyHfIEiBvqhqbSIAFHSCXLHaQ0mdPDtVdg7L337ApI2i189Dz2xPjOlN8n-fUJcddx8fWgCm9QrxdphPasc0rme4a7rgAKl9JiHzxLA05oSSlupBrujvcp5vzA=w408-h306-k-no,true,"https://www.google.com/maps/search/tree+service+businesses+in+Kernersville+Greensboro+NC/@36.1198588,-80.0736533,14z",2026-04-29T06:02:44.110Z,7 am–7 pm,7 am–7 pm,7 am–7 pm,7 am–7 pm,Closed,7 am–7 pm,7 am–7 pm,,,,
"https://www.google.com/maps/place/SEO+Rocket/@35.8497089,-80.5295629,9z/data=!3m1!4b1!4m6!3m5!1s0x885300cee91912a7:0xff8293e603fc529d!8m2!3d35.8497089!4d-80.5295629!16s%2Fg%2F1tl1jlhl",SEO Rocket,4.9,18,Internet marketing service,,,https://seorocket.com/?utm_campaign=gmb&utm_medium=organic&utm_source=gmb_listing,+1 336-361-1477,Closed · Opens 9 am,,true,"https://www.google.com/maps/search/tree+service+businesses+in+Kernersville+Greensboro+NC/@36.1198588,-80.0736533,14z",2026-04-29T06:02:50.761Z,9 am–5 pm,9 am–5 pm,9 am–5 pm,Closed,Closed,9 am–5 pm,9 am–5 pm,,,,
https://www.google.com/maps/place/Dilligence+Heating+and+Air/data=!4m7!3m6!1s0x88530f75a9b3d7eb:0x2c011619389ed47c!8m2!3d36.0822875!4d-79.9983986!16s%2Fg%2F1tkp5p73!19sChIJ69ezqXUPU4gRfNSeOBkWASw,Dilligence Heating and Air,4.8,67,HVAC contractor,,,https://www.dilligenceheatingandair.com/,+1 336-875-5439,Closed · Opens 8 am,https://lh3.googleusercontent.com/gps-cs-s/APNQkAE4-aH9lNKwDnc16fL6TxjkFH1OLz3GApk6Egfk2M7CV1zJUlS2R5LS3KIKPxqj7X-lekk14BY9FAjwSreF5QwdbPSCGmFh2ExJsUdTgiYOdPW1SbyPhQppqFtet88zSIrhtKkP=w408-h725-k-no,true,"https://www.google.com/maps/search/tree+service+businesses+in+Kernersville+Greensboro+NC/@36.1198588,-80.0736533,14z",2026-04-29T06:02:56.109Z,8 am–5 pm,8 am–5 pm,8 am–5 pm,Closed,Closed,8 am–5 pm,8 am–5 pm,,,,
"https://www.google.com/maps/place/CJones+Plumbing,+Inc./data=!4m7!3m6!1s0x88530163bc3e2cf9:0x1c562c87a0b04692!8m2!3d36.1159711!4d-80.0571107!16s%2Fg%2F11t2fdjm9s!19sChIJ-Sw-vGMBU4gRkkawoIcsVhw","CJones Plumbing, Inc.",4.9,101,Plumber,"128 Majestic Way Ct, Kernersville, NC 27284, United States","4W8V+95 Kernersville, North Carolina, USA",http://cjonesinc.com/,+1 336-996-4707,Closed · Opens 8 am,https://lh3.googleusercontent.com/gps-cs-s/APNQkAGrfKhvtyPoeWAMV4m9FyOlSd2FrZS3EfdOBcojfxZFld5itt7CHF7CppbxTd2QPIVYoUKOx2LQ5-GWGWSHbJqRBdH2cAAIjG3WVZ44lwLaL2fMXZu0nXRv_qbrJjbCeffFGvnbzQ=w408-h544-k-no,true,"https://www.google.com/maps/search/tree+service+businesses+in+Kernersville+Greensboro+NC/@36.1198588,-80.0736533,14z",2026-04-29T06:03:01.059Z,8 am–5 pm,8 am–5 pm,8 am–5 pm,Closed,Closed,8 am–5 pm,8 am–5 pm,,,,
https://www.google.com/maps/place/NR+Tree+Service/data=!4m7!3m6!1s0x885306edff5403bf:0x330c9e90f82bf11!8m2!3d36.0822875!4d-79.989604!16s%2Fg%2F11cjhprj2x!19sChIJvwNU_-0GU4gREb-CD-nJMAM,NR Tree Service,4.7,7,Tree service,,,http://www.nrtreeservice.com/,+1 336-935-2596,Closed · Opens 8 am,https://lh3.googleusercontent.com/gps-cs-s/APNQkAFq-QjRegKCq6zqxOKW6qKDeF7ZrCs98TA-QwIIKAxBjLcG_Xn6E1MrPijuDOkH1zZKjJYQR8nQJIyF4qx3JYCrfGUIZ4RxCfBLYSf7XvAE9a-r7t3qPb44KLtwRlU6ahwNW5eCFA=w408-h544-k-no,true,"https://www.google.com/maps/search/tree+service+businesses+in+Kernersville+Greensboro+NC/@36.1198588,-80.0736533,14z",2026-04-29T06:03:05.749Z,8 am–6 pm,8 am–6 pm,8 am–6 pm,Closed,Closed,8 am–6 pm,8 am–6 pm,,,,
https://www.google.com/maps/place/Blaze+Tile/data=!4m7!3m6!1s0x8853ab9f201c7bf1:0x4d12022d8fb00885!8m2!3d36.0643406!4d-79.8818877!16s%2Fg%2F11r8pk2jf0!19sChIJ8XscIJ-rU4gRhQiwjy0CEk0,Blaze Tile,5.0,12,Tile contractor,,,,+1 336-709-8003,Closed · Opens 8 am,https://lh3.googleusercontent.com/gps-cs-s/APNQkAEK_wip1c0c7DVY3HU7xldTslZAGlxupsTotyNdLtuadcuUiGOV1C8uBxjPN9ACQ3GqYc9pyVq0BzH6vauSuhsr05AIhOtYyzD2zOHTdEXlmL1xSU63BpV4gJZxA3oCbOdjiFpalg=w408-h262-k-no,true,"https://www.google.com/maps/search/tree+service+businesses+in+Kernersville+Greensboro+NC/@36.1198588,-80.0736533,14z",2026-04-29T06:03:10.721Z,8 am–5 pm,8 am–5 pm,8 am–5 pm,9 am–5 pm,Closed,8 am–5 pm,8 am–5 pm,,,,
https://www.google.com/maps/place/EvoGutters/data=!4m7!3m6!1s0x88530148e3a3b67f:0xc55f8313e6ca936e!8m2!3d36.2270196!4d-79.9930006!16s%2Fg%2F11fwbhswxc!19sChIJf7aj40gBU4gRbpPK5hODX8U,EvoGutters,5.0,2,Gutter service,,,http://evogutter.com/,+1 336-970-9445,Closed · Opens 8 am,https://lh3.googleusercontent.com/gps-cs-s/APNQkAFako_dd0DW6pgrsqjTHJ4A2olC3mhztpiXE6e1luF8bWbuAV_2NNBSOIl0J7EFjGrVi2WU6zrku3UKjKA3g48w04IkwGQmqswBiC0QV8bZ5TQUilnve_1J0QunOW5TIsqXcYqX9Q=w408-h306-k-no,true,"https://www.google.com/maps/search/tree+service+businesses+in+Kernersville+Greensboro+NC/@36.1198588,-80.0736533,14z",2026-04-29T06:03:15.486Z,8 am–6 pm,8 am–6 pm,8 am–6 pm,8 am–3 pm,Closed,8 am–6 pm,8 am–6 pm,,,,
https://www.google.com/maps/place/Dinomite+Heating+and+Cooling/data=!4m7!3m6!1s0x885301e72740f579:0xdf0c9fa2b25a8304!8m2!3d36.1135622!4d-80.0526851!16s%2Fg%2F11sqx2p2bm!19sChIJefVAJ-cBU4gRBINasqKfDN8,Dinomite Heating and Cooling,5.0,443,HVAC contractor,"1023 E Mountain St Unit 103, Kernersville, NC 27284, United States","4W7W+CW Kernersville, North Carolina, USA",https://www.calldinomite.com/?utm_source=Google&utm_medium=Organic&utm_campaign=GBP,+1 336-281-5187,Closed · Opens 8 am,https://lh3.googleusercontent.com/gps-cs-s/APNQkAEkFiGowXpxcnZxLTBpUElipROQszdkLpvpwFxU90rAyJpSGyqxBH43z_nLO4sSR79RjHyVVvZDgM0vBfjtOi9OtxifoFW6Tfp6kpApOHhjAnUC6lIIbrBA-l8Uwh6IubScqh8jIg=w408-h272-k-no,true,"https://www.google.com/maps/search/tree+service+businesses+in+Kernersville+Greensboro+NC/@36.1198588,-80.0736533,14z",2026-04-29T06:03:20.625Z,8 am–5 pm,8 am–5 pm,8 am–5 pm,Closed,Closed,8 am–5 pm,8 am–5 pm,Identifies as veteran-owned,,,
"https://www.google.com/maps/place/Momentum+Bookkeeping,+LLC/data=!4m7!3m6!1s0x2b8d7029d7748699:0x82c80e3e4ef3605e!8m2!3d36.3509594!4d-85.471648!16s%2Fg%2F11tfmt959l!19sChIJmYZ01ylwjSsRXmDzTj4OyII","Momentum Bookkeeping, LLC",4.9,10,Accountant,,,http://www.momentumbookkeeping.net/,+1 843-957-5341,Closed · Opens 9 am,https://lh3.googleusercontent.com/gps-cs-s/APNQkAFs0Oa5gcCNJ2WHOtQ6qybnh56IZsA5Feo8rEMB7cSbP794tTiBfAmOSZJjExobhTZ-Wr_by6sWz8ih9YNSgApigjezNTT03Yo2cq4sbXS5IPw4frgmSoZFJvPhDMS2DSZhsMKp=w408-h541-k-no,true,"https://www.google.com/maps/search/tree+service+businesses+in+Kernersville+Greensboro+NC/@36.1198588,-80.0736533,14z",2026-04-29T06:03:25.385Z,9 am–4:30 pm,9 am–4:30 pm,9 am–4:30 pm,Closed,Closed,9 am–4:30 pm,9 am–4:30 pm,,,,
https://www.google.com/maps/place/RS+Dezern+Construction/data=!4m7!3m6!1s0xaf10114e9628b121:0xd94a40b6a8196cdf!8m2!3d36.06521!4d-79.9983986!16s%2Fg%2F11vb_1_l9p!19sChIJIbEolk4REK8R32wZqLZAStk,RS Dezern Construction,5.0,2,Custom home builder,,,http://www.rsdezernconstruction.com/,+1 336-420-8555,Closed · Opens 9 am,https://lh3.googleusercontent.com/gps-cs-s/APNQkAHAPuxoS2H4S9JKtU4uRPrvHhTwnpM3pYdD-Prb48blixXKlNYNLMYrI4O63jnqlXtgLB6dIgKlb5-hRBS_Pe422-sldtQWvHfA0X6jH0VXObPenW1t038pJsRhuvO2A1_DZwViRA=w408-h271-k-no,true,"https://www.google.com/maps/search/tree+service+businesses+in+Kernersville+Greensboro+NC/@36.1198588,-80.0736533,14z",2026-04-29T06:03:30.123Z,9 am–5 pm,9 am–5 pm,9 am–5 pm,Closed,Closed,9 am–5 pm,9 am–5 pm,,,,
"https://www.google.com/maps/place/Sanchez+Trejo+Flooring,+LLC/data=!4m7!3m6!1s0x852d64d18de40a81:0xf211f766be54ebdf!8m2!3d35.9633415!4d-79.4284515!16s%2Fg%2F11ywq5lczk!19sChIJgQrkjdFkLYUR3-tUvmb3EfI","Sanchez Trejo Flooring, LLC",,,General contractor,,,https://www.sancheztrejoflooringllckernersville.com/,+1 336-644-5858,Closed · Opens 7 am,https://lh3.googleusercontent.com/gps-cs-s/APNQkAE-lXE3_CQMTtyO7lb0wk0AttNQBtQIzIpUPHbCOZjcGlhDfZUXPbl9SdLeToB1zI5Bw6wKr-EjnVFuRQdHiuVro3HbxlYA7R35xvabyfdxVh-YxKO_HG_TVF0qv3rppRPkjpTUnNcJ7K2q=w408-h544-k-no,true,"https://www.google.com/maps/search/tree+service+businesses+in+Kernersville+Greensboro+NC/@36.1198588,-80.0736533,14z",2026-04-29T06:03:34.696Z,7 am–5 pm,7 am–5 pm,7 am–5 pm,7 am–5 pm,Closed,7 am–5 pm,7 am–5 pm,,,,
https://www.google.com/maps/place/Godspeed+Tree+Service+Inc/data=!4m7!3m6!1s0x8853a5c18f4fa275:0x8cff34357587cb7a!8m2!3d36.0114764!4d-80.2047251!16s%2Fg%2F1vppt6pk!19sChIJdaJPj8GlU4gResuHdTU0_4w,Godspeed Tree Service Inc,4.9,654,Tree service,"7208 Old Lexington Rd, Winston-Salem, NC 27107, United States","2Q6W+H4 Winston-Salem, North Carolina, USA",https://www.godspeedtree.com/?utm_source=gbp&utm_medium=local_organic&utm_campaign=gbp_listing,+1 336-399-8348,,https://lh3.googleusercontent.com/gps-cs-s/APNQkAEVCLl6NbpuUD0ykRprSVRO9kqjKgI4rnNf_6u6bb_TzQi62zcKrffGJnlCt33M4qNepfZEJKVZxAKVheeJ0PJvnrMyMSb1YpnewxIduqrITfJMIGxmWh6guoLsG6agBRtPznxf=w408-h306-k-no,true,"https://www.google.com/maps/search/tree+service+businesses+in+Winston+Salem+Greensboro+NC/@36.0948221,-80.2434028,14z",2026-04-29T06:03:55.758Z,Open 24 hours,Open 24 hours,Open 24 hours,Open 24 hours,Open 24 hours,Open 24 hours,Open 24 hours,Identifies as women-owned,,,
https://www.google.com/maps/place/Lusk+Tree+Services/data=!4m7!3m6!1s0x8853b39fc0e32ea7:0xa9fe0e2fc073a3ad!8m2!3d36.1746062!4d-80.3451245!16s%2Fg%2F1wc31y_6!19sChIJpy7jwJ-zU4gRraNzwC8O_qk,Lusk Tree Services,4.9,153,Tree service,"5118 N Causeway Rd, Winston-Salem, NC 27106, United States","5MF3+RX Winston-Salem, North Carolina, USA",https://www.lusktree.com/local-offices/winston-salem-tree-care-services/?utm_source=gmb&utm_medium=organic&utm_campaign=rc_winstonsalem,+1 336-930-0124,Closed · Opens 8 am,https://lh3.googleusercontent.com/gps-cs-s/APNQkAFQUybOpe5LHtFNWc7a4e4jjJ7LFQg-1bv87kDEG6bEWjcU5d6JanB-_CSji7vo-0iBOtEaAZjIQGughpdyKKLqTU3ZQZcAYDmjWtzxgknpwvLIQddXukrCZTR3K9Lr9oxSi3jFgw=w408-h272-k-no,true,"https://www.google.com/maps/search/tree+service+businesses+in+Winston+Salem+Greensboro+NC/@36.0948221,-80.2434028,14z",2026-04-29T06:04:00.701Z,8 am–4:30 pm,8 am–4:30 pm,8 am–4:30 pm,Closed,Closed,8 am–4:30 pm,8 am–4:30 pm,,,,
"https://www.google.com/maps/place/Nate%27s+Tree+Service,+Inc./data=!4m7!3m6!1s0x8853acc1e9140001:0xa62afc26b80489d9!8m2!3d36.1946915!4d-80.2706285!16s%2Fg%2F11ggbd4q68!19sChIJAQAU6cGsU4gR2YkEuCb8KqY","Nate's Tree Service, Inc.",4.8,51,Tree service,,,https://www.natestreesnc.com/,+1 336-829-6908,Closed · Opens 7 am,https://lh3.googleusercontent.com/gps-cs-s/APNQkAG3YXw6o20V1uePimr9xR3IMzn3ekNxt5hFBk3CqvUEi1H1ir-C-Gs-v8C6zJLZzjzAelm3Rl8LUS_ersTfzLDEDy8eSIBKNB03Nnl0qe0D3zb-moF2hOcxfkQcpful2iCpVYo=w408-h544-k-no,true,"https://www.google.com/maps/search/tree+service+businesses+in+Winston+Salem+Greensboro+NC/@36.0948221,-80.2434028,14z",2026-04-29T06:04:05.558Z,7 am–6 pm,7 am–6 pm,7 am–6 pm,8 am–12 pm,Closed,7 am–6 pm,7 am–6 pm,,,,
"https://www.google.com/maps/place/Superior+Lawn+And+Landscaping,+Inc./data=!4m7!3m6!1s0x8853b02d3f455555:0xd65ea056208daa31!8m2!3d36.0840177!4d-80.2864207!16s%2Fg%2F11hy9p67hz!19sChIJVVVFPy2wU4gRMaqNIFagXtY","Superior Lawn And Landscaping, Inc.",5.0,131,Excavating contractor,"612 Knollwood St, Winston-Salem, NC 27103, United States","3PM7+JC Winston-Salem, North Carolina, USA",https://www.superiorlawnandlandscapinginc.com/,+1 336-655-9941,Closed · Opens 8 am,https://lh3.googleusercontent.com/gps-cs-s/APNQkAGmX60TXOh80-f3oKzAiRJ2gu6E1nVbfeuq2DMLf6nuEzJDR6TvwNZmC4oB87XU8BZooqTL9y0VVH7qpsj6ERyhsg0q64ScFVEjVrG1fmqifSvd7BpAs53t-udu0bdrJIEg0Quy=w426-h240-k-no,true,"https://www.google.com/maps/search/tree+service+businesses+in+Winston+Salem+Greensboro+NC/@36.0948221,-80.2434028,14z",2026-04-29T06:04:10.320Z,8 am–5 pm,8 am–5 pm,8 am–5 pm,8 am–5 pm,Closed,8 am–5 pm,8 am–5 pm,,,,
https://www.google.com/maps/place/Ramirez+Landscaping/data=!4m7!3m6!1s0x8853afe5b20dbaf3:0x2936a582e1cd0259!8m2!3d36.0724713!4d-80.2203465!16s%2Fg%2F11gxxtwxtc!19sChIJ87oNsuWvU4gRWQLN4YKlNik,Ramirez Landscaping,5.0,1,Gardener,"1901s S Martin Luther King Jr Dr, Winston-Salem, NC 27107, United States","3QCH+XV Winston-Salem, North Carolina, USA",https://instagram.com/ramir_ezlandscaping?igshid=OGQ5ZDc2ODk2ZA==,+1 336-695-8420,Closed · Opens 8 am,https://lh3.googleusercontent.com/gps-cs-s/APNQkAFGdOMolDKq_FUJb5yq8Gibm96zSHcXpq6-UOm9tFWTyAtDyK9N-jeBde4l632f-EFYzX7zU-lg5kQyeyc3Jn9tcZImi5QwMpZTSdlS1tDEaYkb0-LlLTXarRTcO7n0leZy7Sg=w408-h725-k-no,true,"https://www.google.com/maps/search/tree+service+businesses+in+Winston+Salem+Greensboro+NC/@36.0948221,-80.2434028,14z",2026-04-29T06:04:15.172Z,8 am–7 pm,8 am–7 pm,8 am–7 pm,8 am–6 pm,8 am–4 pm,8 am–7 pm,8 am–7 pm,,,,
https://www.google.com/maps/place/R+%26+L+Landscaping+and+Tree+Service+LLC/data=!4m7!3m6!1s0x8853bba55c88ab33:0xad2071dafcda59a9!8m2!3d36.0161822!4d-80.3088843!16s%2Fg%2F11pwqgq2tz!19sChIJM6uIXKW7U4gRqVna_NpxIK0,R & L Landscaping and Tree Service LLC,4.9,32,Landscaper,"2878 Fraternity Church Rd, Winston-Salem, NC 27127, United States","2M8R+FC Winston-Salem, North Carolina, USA",http://innocent-pristine-yard-flow.base44.app/,+1 336-847-0227,Closed · Opens 6 am,https://lh3.googleusercontent.com/gps-cs-s/APNQkAHwIt7r2pgzCD0oIIfI_lZ3Lk3EYiOgTkPz-rpSOAKOdsODUlGE6o99MHOTpjiX9h5PQZj1Flz4ChjO3wMRJxvfPwY0rgOK8UDo4wIZCm1C0-buqmlDwtdSrZ3MsihXyeuPEzDP=w426-h240-k-no,true,"https://www.google.com/maps/search/tree+service+businesses+in+Winston+Salem+Greensboro+NC/@36.0948221,-80.2434028,14z",2026-04-29T06:04:20.110Z,6 am–8 pm,6 am–8 pm,6 am–8 pm,6 am–8 pm,Closed,6 am–8 pm,6 am–8 pm,,,,
https://www.google.com/maps/place/Skidmore%27s+Tree+Services/data=!4m7!3m6!1s0x8853adbaaaaaaaab:0xdbd6331cb3d4a0cf!8m2!3d36.0231762!4d-80.2573904!16s%2Fg%2F1tlw9slg!19sChIJq6qqqrqtU4gRz6DUsxwz1ts,Skidmore's Tree Services,5.0,8,Tree service,"1521 Chesborough Rd, Winston-Salem, NC 27127, United States","2PFV+72 Winston-Salem, North Carolina, USA",https://www.skidmorestreeservice.com/,+1 336-692-6754,,https://lh3.googleusercontent.com/gps-cs-s/APNQkAFujM4qsKwJSqcVeoM1A9-r6VKcXLqPKHkH-u0Eoj6WE96u1iQ4naxC8NDfokAHfHQejhT1K6lz4Mt7y8hSsAySJ8dNhugJkAIgsaKgP698KzSyk5OFQsdMpjCa7JD011J2rTQnCQ=w408-h544-k-no,true,"https://www.google.com/maps/search/tree+service+businesses+in+Winston+Salem+Greensboro+NC/@36.0948221,-80.2434028,14z",2026-04-29T06:04:22.772Z,,,,,,,,,,,
https://www.google.com/maps/place/A+Tree+Co/data=!4m7!3m6!1s0x8853bad000000001:0x11172029954951c0!8m2!3d36.0189256!4d-80.2141069!16s%2Fg%2F1260x8pbc!19sChIJAQAAANC6U4gRwFFJlSkgFxE,A Tree Co,5.0,11,Tree service,"4440 Old Lexington Rd, Winston-Salem, NC 27107, United States","2Q9P+H9 Winston-Salem, North Carolina, USA",,+1 336-830-1308,Closed · Opens 7 am,https://streetviewpixels-pa.googleapis.com/v1/thumbnail?panoid=EP72ypBMyyMrjIowL31xiQ&cb_client=search.gws-prod.gps&w=408&h=240&yaw=262.68582&pitch=0&thumbfov=100,true,"https://www.google.com/maps/search/tree+service+businesses+in+Winston+Salem+Greensboro+NC/@36.0948221,-80.2434028,14z",2026-04-29T06:04:27.635Z,7 am–7 pm,7 am–7 pm,7 am–7 pm,7 am–7 pm,7 am–7 pm,7 am–7 pm,7 am–7 pm,,,,
https://www.google.com/maps/place/Superior+Outdoor+Spaces/data=!4m7!3m6!1s0x8853af22e50450f3:0xd2a2855fae9f4dbc!8m2!3d36.0621165!4d-80.2063955!16s%2Fg%2F11j4q2vmfk!19sChIJ81AE5SKvU4gRvE2frl-FotI,Superior Outdoor Spaces,5.0,34,Deck builder,,,https://sostriad.com/,+1 336-530-5567,Closed · Opens 8 am,https://lh3.googleusercontent.com/gps-cs-s/APNQkAE2s1c-wDTVE7l5x9Q2zepGvLdrO9ABBsAyWe_qVZ_46STQvB14OHow5XjwcErBW-DDDZT3PUiLVrHEM6rGxdJ1HT0HwD96wR5I6MFVYFdUiT1czoKvTibMAcmHFWbL396gkUZwzw=w408-h306-k-no,true,"https://www.google.com/maps/search/tree+service+businesses+in+Winston+Salem+Greensboro+NC/@36.0948221,-80.2434028,14z",2026-04-29T06:04:32.326Z,8 am–8 pm,8 am–8 pm,8 am–8 pm,8 am–8 pm,Closed,8 am–8 pm,8 am–8 pm,,,,
https://www.google.com/maps/place/Slate+%26+Cedar/data=!4m7!3m6!1s0x8161a77f18671b05:0x9f043aa2f7bef2e1!8m2!3d36.06521!4d-80.04346!16s%2Fg%2F11sbzr_bgy!19sChIJBRtnGH-nYYER4fK-96I6BJ8,Slate & Cedar,5.0,29,Landscape designer,,,https://www.slatecedar.com/,+1 336-979-4283,Closed · Opens 7 am,https://lh3.googleusercontent.com/gps-cs-s/APNQkAH4JyUSNzCX8FIGYCwiJbODX71FcShin1Q-HxHnzM0mHiM1WbVoHGbP6egBITmRrc93Fb4oXlR2QE7gbpyVaoW47FPGKOoo69ZjQOoGOW_kSpwzYz5fiVw4LDsylqxSw3_dlzT1=w408-h408-k-no,true,"https://www.google.com/maps/search/tree+service+businesses+in+Winston+Salem+Greensboro+NC/@36.0948221,-80.2434028,14z",2026-04-29T06:04:37.143Z,7 am–6 pm,7 am–6 pm,7 am–6 pm,Closed,Closed,7 am–6 pm,7 am–6 pm,,,,
https://www.google.com/maps/place/The+Roof+Mentors/data=!4m7!3m6!1s0x8853bbc6a079a369:0xbd7ff38825b30618!8m2!3d36.1025147!4d-80.2595962!16s%2Fg%2F11t7dwr_zy!19sChIJaaN5oMa7U4gRGAazJYjzf70,The Roof Mentors,4.9,101,Roofing contractor,"427 W End Blvd, Winston-Salem, NC 27101, United States","4P3R+25 Winston-Salem, North Carolina, USA",https://theroofmentors.com/winston-salem-nc/,+1 336-920-7245,,https://lh3.googleusercontent.com/gps-cs-s/APNQkAH1HUYu91CyBLyQgXzkJKUJ3EG2Nfa9LunH2lsxZw4QfiILLA1_QEmONSHMe4FI7jH8TntghTr9qseTE9ta41g6hFKfeMnvx1PLrDKGlw1OwFwxYlReAVWtsYZ5pNZtN946V5SS=w408-h544-k-no,true,"https://www.google.com/maps/search/tree+service+businesses+in+Winston+Salem+Greensboro+NC/@36.0948221,-80.2434028,14z",2026-04-29T06:04:42.547Z,9 am–5 pm,9 am–5 pm,9 am–5 pm,Closed,Closed,9 am–5 pm,9 am–5 pm,,,,
https://www.google.com/maps/place/New+Garden+Landscaping+%26+Nursery/data=!4m7!3m6!1s0x8853b0c0fd273481:0xd78184295a45f68f!8m2!3d36.0612602!4d-80.2630339!16s%2Fg%2F1263yb4cq!19sChIJgTQn_cCwU4gRj_ZFWimEgdc,New Garden Landscaping & Nursery,4.5,15,Landscaper,"1312 Old Salisbury Rd, Winston-Salem, NC 27127, United States","3P6P+GQ Winston-Salem, North Carolina, USA",https://newgarden.com/location/landscaping-winston-salem,+1 336-771-7799,Closed · Opens 8 am,https://lh3.googleusercontent.com/gps-cs-s/APNQkAFA3k6Sg-AtcmF4aWKiTLYBkCS8ZmAXC9RJcQdgLc524fBEbc-L_Mvb2kA9Sbnyk199ceENgui6Abd8lA5-Fkuyp2HsLgoD7sBA6IhpV9ywOPXdoWpTi_s7jQW8zhM9VvQBvlwC6w=w408-h306-k-no,true,"https://www.google.com/maps/search/tree+service+businesses+in+Winston+Salem+Greensboro+NC/@36.0948221,-80.2434028,14z",2026-04-29T06:04:47.296Z,8 am–5 pm,8 am–5 pm,8 am–5 pm,Closed,Closed,8 am–5 pm,8 am–5 pm,,,,
https://www.google.com/maps/place/Triad+Weed+Free+of+Winston+Salem/data=!4m7!3m6!1s0x8853ba80d15ffb43:0x230011d9991e285d!8m2!3d36.0552629!4d-80.210621!16s%2Fg%2F11g6b3308s!19sChIJQ_tf0YC6U4gRXSgemdkRACM,Triad Weed Free of Winston Salem,3.7,43,Lawn care service,"1124 Louise Rd, Winston-Salem, NC 27107, United States","3Q4Q+4Q Winston-Salem, North Carolina, USA",http://www.triadweedfree.com/,+1 336-763-8482,Closed · Opens 8 am,https://lh3.googleusercontent.com/gps-cs-s/APNQkAE2i3cDmmsTQ-4fHK3dLFXPZ8onz06Zw1KwP59smrEf7cKm9yHAsyoI92FD5y50fXH_i2Gsdmn7IB-NIL89HPgfh-ckX8LCGGJBgAVKK2iaasFiFd-Q5taQ_Cz-XKctuMm9gGdG=w408-h271-k-no,true,"https://www.google.com/maps/search/tree+service+businesses+in+Winston+Salem+Greensboro+NC/@36.0948221,-80.2434028,14z",2026-04-29T06:04:51.965Z,8 am–6 pm,8 am–6 pm,8 am–6 pm,Closed,Closed,8 am–6 pm,8 am–6 pm,,,,
https://www.google.com/maps/place/Big+Anchor+Roofing+%26+Gutters/data=!4m7!3m6!1s0x885328f9d2a3c629:0x783d920494a783ca!8m2!3d36.0781137!4d-80.2363498!16s%2Fg%2F11c76r1w0b!19sChIJKcaj0vkoU4gRyoOnlASSPXg,Big Anchor Roofing & Gutters,4.9,208,Roofing contractor,"179 Waughtown St, Winston-Salem, NC 27127, United States","3QH7+6F Winston-Salem, North Carolina, USA",https://biganchorroofing.com/,+1 336-745-9534,,https://lh3.googleusercontent.com/gps-cs-s/APNQkAFP8GX197ZllyoeZU0YqFC6_XDleI8oTWubssWKM6O9DaTSd6OL23Pq92OL-UpOWhnfNw5H9Mgh55qZeFUFFF1BXNEzw43Ump_tWWW4cu6kBCNEEntmy6TdwwZ7X6o8jvCTIOoT1P7xy-BN=w408-h271-k-no,true,"https://www.google.com/maps/search/tree+service+businesses+in+Winston+Salem+Greensboro+NC/@36.0948221,-80.2434028,14z",2026-04-29T06:04:56.835Z,Open 24 hours,Open 24 hours,Open 24 hours,Open 24 hours,Open 24 hours,Open 24 hours,Open 24 hours,,,,
https://www.google.com/maps/place/Manco+Carriers/data=!4m7!3m6!1s0x8853bb472603a7ff:0x50ee9e742ec91c86!8m2!3d35.9698276!4d-80.164383!16s%2Fg%2F11gznyl7lp!19sChIJ_6cDJke7U4gRhhzJLnSe7lA,Manco Carriers,4.7,49,Moving service,,,http://mancocarriers.com/,+1 336-761-4050,Closed · Opens 6 am,https://lh3.googleusercontent.com/gps-cs-s/APNQkAFrLkb7Hw7exY1KsSZZoVPxJRm25JtElj9nhn3KIm7Gg_HoIpe6_4l3i8OQ1yuY274EjfJZR18dBweDMxumGAYcJrgSc8-ZWE29ZzJ0jASAJ9DgBLJTwGALBYHv8xvD3c3z9FvP=w513-h240-k-no,true,"https://www.google.com/maps/search/tree+service+businesses+in+Winston+Salem+Greensboro+NC/@36.0948221,-80.2434028,14z",2026-04-29T06:05:01.518Z,6 am–9 pm,6 am–9 pm,6 am–9 pm,6 am–9 pm,6 am–9 pm,6 am–9 pm,6 am–9 pm,,,,
https://www.google.com/maps/place/LoadUp+Junk+Removal/data=!4m7!3m6!1s0x8853afa906616c05:0xb6412c42f97e43a3!8m2!3d36.0987524!4d-80.2444644!16s%2Fg%2F11tnhsjp7c!19sChIJBWxhBqmvU4gRo0N--UIsQbY,LoadUp Junk Removal,4.9,408,Waste management service,"1 W 4th St Suite 640, Winston-Salem, NC 27101, United States","3QX4+G6 Winston-Salem, North Carolina, USA",https://goloadup.com/junk-removal/nc/winston-salem/?utm_source=google&utm_medium=organic&utm_campaign=gmb&utm_content=winstonsalem-nc-109,+1 877-431-8354,Closed · Opens 8 am,https://lh3.googleusercontent.com/gps-cs-s/APNQkAHM1sUVWggxL_CGH7XTcixxTOW_GAPM3rX_uMGOO9DQjTQZTm9BygvQJfuYgstkOQsYe796VZNepzPZM2Y3OqW81G6uVddEk1fvJZh9gwKOdEHPxyWoaCdM-06v2RCD2eaH3AXbXpC-dhY=w408-h272-k-no,true,"https://www.google.com/maps/search/tree+service+businesses+in+Winston+Salem+Greensboro+NC/@36.0948221,-80.2434028,14z",2026-04-29T06:05:06.760Z,8 am–8 pm,8 am–8 pm,8 am–8 pm,8 am–8 pm,8 am–8 pm,8 am–8 pm,8 am–8 pm,,,,
https://www.google.com/maps/place/Sharp+Edge+Enterprises+LLC/data=!4m7!3m6!1s0x25d55e347c57ca1f:0x302b3319fd09cb4!8m2!3d36.104665!4d-80.2886865!16s%2Fg%2F11s78b2x0n!19sChIJH8pXfDRe1SURtJzQnzGzAgM,Sharp Edge Enterprises LLC,5.0,5,Landscaper,,,https://www.sharpedgeenterprises.com/,+1 336-483-7505,Closed · Opens 7:30 am,https://lh3.googleusercontent.com/gps-cs-s/APNQkAFmfgy_MDGeJhqnu8EoOeQD4mn4H8ED4pRixbAnQiXm40YTna6_LIvEFHBemzY19ZwbVBJN_liPB_mIXMTIzTSPJRFYV591dPMCzUc4JBTeFRbVdfyMxAjlV-YbLwbpIWAm054l=w408-h758-k-no,true,"https://www.google.com/maps/search/tree+service+businesses+in+Winston+Salem+Greensboro+NC/@36.0948221,-80.2434028,14z",2026-04-29T06:05:11.521Z,7:30 am–6 pm,7:30 am–6 pm,7:30 am–6 pm,Closed,Closed,7:30 am–6 pm,7:30 am–6 pm,,,,
https://www.google.com/maps/place/Floricult+Gardens/data=!4m7!3m6!1s0xa1a002abd49ea20d:0x6f73a50a793b73c1!8m2!3d36.1075045!4d-80.243625!16s%2Fg%2F11vzg8n0_3!19sChIJDaKe1KsCoKERwXM7eQqlc28,Floricult Gardens,5.0,8,Landscape designer,,,https://floricult.com/,,Closed · Opens 8 am,https://lh3.googleusercontent.com/gps-cs-s/APNQkAFmW8E0z7WivSidVKpHo490AOCb6z-vkDFodcdIeAdBaQpiy1tTkZimhpqi-vOM9sh9gCGVZ0Y_DZRwm-wnLBYnLshZU61LA9z9v1eSUTz4RDWHwU3bGmoAZTA7nCEdASQM7QdPdQ=w408-h272-k-no,true,"https://www.google.com/maps/search/tree+service+businesses+in+Winston+Salem+Greensboro+NC/@36.0948221,-80.2434028,14z",2026-04-29T06:05:16.219Z,8 am–4 pm,8 am–4 pm,8 am–4 pm,Closed,Closed,8 am–4 pm,8 am–4 pm,,,,
https://www.google.com/maps/place/Outta+Here+NC+LLC/data=!4m7!3m6!1s0xa8ac7f449998c1e3:0xa3858b4bc3d84b24!8m2!3d36.06521!4d-79.9983986!16s%2Fg%2F11xkfy_mz7!19sChIJ48GYmUR_rKgRJEvYw0uLhaM,Outta Here NC LLC,5.0,35,Junk removal service,,,https://www.outtahere-nc.com/,+1 336-528-8929,Closed · Opens 8 am,https://lh3.googleusercontent.com/gps-cs-s/APNQkAHjPZ8IPaolsg2BXCZrhFfJHSrQ1LISlZK9f1No8v5Db_kNKjWC2ZBJ_ugP4Avk7vJ06vX4JhLM8o52bDNEcH3c3V1wTnmdvwHF6hh_QsR_rBQoO3lVtIFzTFtiwVJM6hATpD9vZAeZn6E=w408-h613-k-no,true,"https://www.google.com/maps/search/tree+service+businesses+in+Winston+Salem+Greensboro+NC/@36.0948221,-80.2434028,14z",2026-04-29T06:05:20.940Z,8 am–5 pm,8 am–5 pm,8 am–5 pm,8 am–5 pm,Closed,8 am–5 pm,8 am–5 pm,,,,
https://www.google.com/maps/place/Summit+Construction+Hardscape+LLC/data=!4m7!3m6!1s0x8853afd5563eaaab:0xabacebc6df76d433!8m2!3d36.083803!4d-80.2766674!16s%2Fg%2F11t2p_ny05!19sChIJq6o-VtWvU4gRM9R238brrKs,Summit Construction Hardscape LLC,4.5,55,Construction company,"2307 Westover Dr, Winston-Salem, NC 27103, United States","3PMF+G8 Winston-Salem, North Carolina, USA",https://www.summitconstructionhardscape.com/,+1 336-602-9384,Closed · Opens 8 am,https://lh3.googleusercontent.com/gps-cs-s/APNQkAHXWuCOeW-zZEuD0Z6qjTuKz5k6egcDcGAPHbeGVANCyk6wYT2vZLkxfwMXlpca_85UQSEOJfOFUSP0czhK2zcvKNDg6AP25AOanZqKoMHDVTJUx09K2iIVJ9DmJy9feBKVH4h-=w408-h408-k-no,true,"https://www.google.com/maps/search/tree+service+businesses+in+Winston+Salem+Greensboro+NC/@36.0948221,-80.2434028,14z",2026-04-29T06:05:25.754Z,8 am–5 pm,8 am–5 pm,8 am–5 pm,Closed,Closed,8 am–5 pm,8 am–5 pm,,,,
https://www.google.com/maps/place/Tide+Water+Movers+Piedmont+Triad/data=!4m7!3m6!1s0xaa3071b7cdc92317:0x157d77824dd20efa!8m2!3d36.1075045!4d-80.243625!16s%2Fg%2F11ypyry1n4!19sChIJFyPJzbdxMKoR-g7STYJ3fRU,Tide Water Movers Piedmont Triad,3.7,9,Moving service,,,https://www.tidewatermoverspiedmonttriad.com/,+1 336-900-8585,Closed · Opens 8 am,https://lh3.googleusercontent.com/gps-cs-s/APNQkAFpP4JEItKp6fFlKQ6xCx4Vz4NnfdThoZz1OnVQKIRSJZPnE9nQPs7Od2fwpcWv5kAHgs5mGdYLkSCPfSHzZYEcF_9pgDEACtsZrxIaQnwJRstCtv5OXjFp87CLoO28ie-L9_IFmw-r0oOD=w408-h544-k-no,true,"https://www.google.com/maps/search/tree+service+businesses+in+Winston+Salem+Greensboro+NC/@36.0948221,-80.2434028,14z",2026-04-29T06:05:30.649Z,8 am–8 pm,8 am–8 pm,8 am–8 pm,8 am–8 pm,8 am–8 pm,8 am–8 pm,8 am–8 pm,,,,
https://www.google.com/maps/place/T.+E.+Johnson+%26+Sons/data=!4m7!3m6!1s0x8853ae447c536095:0x43a0c391ac4ede86!8m2!3d36.098134!4d-80.257875!16s%2Fg%2F1tt8cznj!19sChIJlWBTfESuU4gRht5OrJHDoEM,T. E. Johnson & Sons,3.3,235,Property management company,"920 W 5th St, Winston-Salem, NC 27101, United States","3PXR+7V Winston-Salem, North Carolina, USA",http://www.tejrentals.com/,+1 336-722-6133,Closed · Opens 8:30 am,https://lh3.googleusercontent.com/gps-cs-s/APNQkAGO401HmChda29LYn0sDuIxAl9T0SrCytmAYD9GeCBrqxYC428oV2G0aCnzfbUu6MuRkswEZhATwxR1Wj6XE1QqNmPi-5ZV9F8-k2K2RxWpksoGwjBkfv29s_JHZmeI9ItEmno=w408-h544-k-no,true,"https://www.google.com/maps/search/tree+service+businesses+in+Winston+Salem+Greensboro+NC/@36.0948221,-80.2434028,14z",2026-04-29T06:05:35.500Z,8:30 am–5 pm,8:30 am–5 pm,8:30 am–5 pm,Closed,Closed,8:30 am–5 pm,8:30 am–5 pm,,,,
https://www.google.com/maps/place/ClearDefense+Pest+Control/data=!4m7!3m6!1s0x8853adf76c594a99:0xe216ee5b227f8d9a!8m2!3d36.1000405!4d-80.241261!16s%2Fg%2F11j7l6p1sz!19sChIJmUpZbPetU4gRmo1_IlvuFuI,ClearDefense Pest Control,5.0,2385,Pest control service,"486 N Patterson Ave Suite 232, Winston-Salem, NC 27101, United States","4Q25+2F Winston-Salem, North Carolina, USA",https://www.cleardefensepest.com/pest-control-winston-salem-nc/?utm_source=google&utm_medium=gbp&utm_campaign=website&utm_content=salem-nc,+1 336-666-2949,"Closed · Opens 7 am

Updated by this business 9 weeks ago",https://lh3.googleusercontent.com/gps-cs-s/APNQkAEGGERVNymaPGgK-1cNsMeAN8aLAWUD39uNjLpsVEILg9rMkL2T380xq-LqjSwMyKWpbJYvU3LwIdp28yeEB889jzzK23TWv7Lb960VrwahZUh5t86jyRFeoyQ9MGquTvF82kh8=w408-h266-k-no,true,"https://www.google.com/maps/search/tree+service+businesses+in+Winston+Salem+Greensboro+NC/@36.0948221,-80.2434028,14z",2026-04-29T06:05:40.491Z,7 am–9 pm,7 am–9 pm,7 am–9 pm,10 am–3 pm,Closed,7 am–9 pm,7 am–9 pm,,,,
https://www.google.com/maps/place/Spartan+Tree+Service+LLC/data=!4m7!3m6!1s0x6ab02771f65322df:0xf146519f856e8fb!8m2!3d36.135926!4d-80.2464316!16s%2Fg%2F11y5thtc4t!19sChIJ3yJT9nEnsGoR--hW-BllFA8,Spartan Tree Service LLC,5.0,37,Tree service,,,https://spartantreenc.com/,+1 336-863-8733,,https://lh3.googleusercontent.com/gps-cs-s/APNQkAHK0lvlYmQi50yHm8Twi737XRKxRkVC_-LjsWyQObr_y5aeWgieQcUWYfK7AYAsyqSc3fZTmm8yYuzWwGZ-OOERWlAUYg73cjZx-yZpnCb1WL5-HDaLq-eQYZecWuaLI78WUU0=w408-h326-k-no,true,"https://www.google.com/maps/search/tree+service+businesses+in+Winston+Salem+Greensboro+NC/@36.0948221,-80.2434028,14z",2026-04-29T06:05:43.201Z,,,,,,,,,,,
https://www.google.com/maps/place/Blue+Titan+Concierge+%7C+Junk+Removal+%26+Multifamily+Services/data=!4m7!3m6!1s0x6bfb0f714d55fedd:0xa38f2cd4ebbc62aa!8m2!3d36.1366466!4d-80.133991!16s%2Fg%2F11s_x2l1vy!19sChIJ3f5VTXEP-2sRqmK869Qsj6M,Blue Titan Concierge | Junk Removal & Multifamily Services,4.9,211,Junk removal service,,,https://www.gobluetitan.com/,+1 336-502-6503,Closed · Opens 8 am,https://lh3.googleusercontent.com/gps-cs-s/APNQkAGPwnvzDz_MBEwlDv-ApVplLWqOHbGDkPAh-hXQxiZCMITxtJPk6Yy8S3y4tWu6Uz6ET5inQ0QHrAi7WaC3ICfvhVZtHoMPAiHrr5a62Aa9RLPonBuI2dzXlx-jBbNDBYWCxt628g=w408-h377-k-no,true,"https://www.google.com/maps/search/tree+service+businesses+in+Winston+Salem+Greensboro+NC/@36.0948221,-80.2434028,14z",2026-04-29T06:05:47.925Z,8 am–6 pm,8 am–6 pm,8 am–6 pm,9 am–3 pm,Closed,8 am–6 pm,8 am–6 pm,,,true,
https://www.google.com/maps/place/Camel+Tow+LLC/data=!4m7!3m6!1s0x8da45827402ea095:0xb5f3beea71d27ec2!8m2!3d36.1075045!4d-80.243625!16s%2Fg%2F11kj8dt9dq!19sChIJlaAuQCdYpI0Rwn7Sceq-87U,Camel Tow LLC,4.7,175,Towing service,,,https://cameltowllc.com/?utm_source=omg-gbp&utm_medium=webclick,+1 336-848-2997,Closed · Opens 9 am,https://lh3.googleusercontent.com/gps-cs-s/APNQkAE1EFNucCtqB0nbpxMo7WjT6N6p3_uRjbzXj_pYY5XvuqO5proa3suS8vNY5jqf1S1yOKO0bOKXUdYiYDy8-NxhB7BGGijVOFfXzwwMALuNp2P3W_DD_CdnYHv-1Ykgl0eLEOzL-GKYsKk=w408-h544-k-no,true,"https://www.google.com/maps/search/tree+service+businesses+in+Winston+Salem+Greensboro+NC/@36.0948221,-80.2434028,14z",2026-04-29T06:05:53.274Z,9 am–9 pm,9 am–9 pm,Open 24 hours,Open 24 hours,Closed,9 am–9 pm,9 am–9 pm,LGBTQ+ friendly,,,
https://www.google.com/maps/place/Winston-Salem+Concrete+Contractors/data=!4m7!3m6!1s0x8853afd50470a775:0x65441161dd6bec46!8m2!3d36.1075045!4d-80.243625!16s%2Fg%2F11fj9xdrlm!19sChIJdadwBNWvU4gRRuxr3WERRGU,Winston-Salem Concrete Contractors,4.7,24,Concrete contractor,,,https://www.concretecontractorswinstonsalem.com/,+1 336-695-3173,Closed · Opens 7 am,https://lh3.googleusercontent.com/gps-cs-s/APNQkAHPnx4eb7dxKudXw5tg-NWgwNP-EIjohRoY3WTV9YUalqiOTaJ6OgQvPnoEhPGw4PI0qJ_r-8tsCxu7iJgXOFtbaftg1tcICR-3EcN2Ft-PrHX2aIwJ_49JSkjRU42kyF-btrhCAQ=w408-h271-k-no,true,"https://www.google.com/maps/search/tree+service+businesses+in+Winston+Salem+Greensboro+NC/@36.0948221,-80.2434028,14z",2026-04-29T06:05:58.026Z,7 am–7 pm,7 am–7 pm,7 am–7 pm,7 am–7 pm,7 am–7 pm,7 am–7 pm,7 am–7 pm,LGBTQ+ friendly,,,
https://www.google.com/maps/place/D+W+Tree+Care/data=!4m7!3m6!1s0x8853adbaaaaaaaab:0x86f32e0b912bc75!8m2!3d35.312504!4d-79.86097!16s%2Fg%2F1vr1xbd6!19sChIJq6qqqrqtU4gRdbwSueAybwg,D W Tree Care,4.3,6,Tree service,,,https://dwtreecare.com/,+1 336-782-2324,,https://lh3.googleusercontent.com/gps-cs-s/APNQkAG9mtm0BTKjxV_TBsWc77vOBGEXSx6qStTeqceMBmxy0USSoLYAvWXzqa8xlqJhMZQBboyDjoA1KAg_xzkShp24BoeLD0AcaXO-A1RbygQmmLMvknibD-9SK6oG6YJw569F5-UU=w408-h612-k-no,true,"https://www.google.com/maps/search/tree+service+businesses+in+Winston+Salem+Greensboro+NC/@36.0948221,-80.2434028,14z",2026-04-29T06:06:00.774Z,,,,,,,,,,,
https://www.google.com/maps/place/Shred+Nations/data=!4m7!3m6!1s0x8853afbdc0dcef1d:0x7ab50585a0ededff!8m2!3d36.1013448!4d-80.2455064!16s%2Fg%2F11flzqmjtf!19sChIJHe_cwL2vU4gR_-3toIUFtXo,Shred Nations,4.9,10,Shredding service,"550 N Liberty St, Winston-Salem, NC 27101, United States","4Q23+GQ Winston-Salem, North Carolina, USA",https://www.shrednations.com/nc/the-ups-store-19880-27101/?utm_source=gmb&utm_medium=retail&utm_campaign=shred-retail-marketing-google,+1 336-245-9924,Closed · Opens 8:30 am,https://lh3.googleusercontent.com/gps-cs-s/APNQkAGrkglbqGtmzifWVv_cSFrM65p7kVQDekUEOak5MWou3dJD6ZAOlSxVgR1NUXR0DLJN8MzVkRrd2HLmE97VuxRVgDVDKgtgpAtbW2UuP2WID1b-gxosxn5oQrrcxs0c5cohyxkJ=w408-h272-k-no,true,"https://www.google.com/maps/search/tree+service+businesses+in+Winston+Salem+Greensboro+NC/@36.0948221,-80.2434028,14z",2026-04-29T06:06:05.476Z,8:30 am–7 pm,8:30 am–7 pm,8:30 am–7 pm,9 am–2:30 pm,10 am–3 pm,8:30 am–7 pm,8:30 am–7 pm,Identifies as women-owned,,,
https://www.google.com/maps/place/Vicast+Landscaping+LLC/data=!4m7!3m6!1s0x8853b1b019af1093:0x24f414b429588e62!8m2!3d36.1075045!4d-80.243625!16s%2Fg%2F11rlp41ck4!19sChIJkxCvGbCxU4gRYo5YKbQU9CQ,Vicast Landscaping LLC,5.0,3,Landscape designer,,,,+1 336-970-1324,Closed · Opens 8 am,https://lh3.googleusercontent.com/gps-cs-s/APNQkAFu9UX0TFnzHWdVeF5aU6QTUOKOzo3Cgn0XxyJQrHv7Dywjn_FqLt1OmxU-3U6h6lBc-cViXT18TcyqXWDAWFpP9xfxwpJeXXz_wRXAYHDqFLWXRGDKdh5zzNT-h2A4wqAneUioww=w473-h240-k-no,true,"https://www.google.com/maps/search/tree+service+businesses+in+Winston+Salem+Greensboro+NC/@36.0948221,-80.2434028,14z",2026-04-29T06:06:10.175Z,8 am–6 pm,8 am–6 pm,8 am–6 pm,8 am–6 pm,Closed,8 am–6 pm,8 am–6 pm,,,,
https://www.google.com/maps/place/Paws+%26+Plants+-+WSNC/data=!4m7!3m6!1s0x81efed562df5372b:0x57795e95d39d4e4c!8m2!3d35.7812674!4d-79.7401714!16s%2Fg%2F11l39395y3!19sChIJKzf1LVbt74ERTE6d05VeeVc,Paws & Plants - WSNC,5.0,7,Pet sitter,,,https://www.pawsandplantswsnc.com/,+1 601-517-5965,Open 24 hours,https://lh3.googleusercontent.com/gps-cs-s/APNQkAEdJ0lCaZ5R7KaxEQkck_b6-ITm-kQ7SgHX8ZHsfkPJoxr8ND6cwYHQ-4wVcsm50yHAmMSrMn5zM3IgqOoR5TSkDS4GCSsEJ42hFl9a4j97-mL8fW1tfM6v8MHab0ASQXxIZC7R=w408-h544-k-no,true,"https://www.google.com/maps/search/tree+service+businesses+in+Winston+Salem+Greensboro+NC/@36.0948221,-80.2434028,14z",2026-04-29T06:06:15.190Z,Open 24 hours,Open 24 hours,Open 24 hours,Open 24 hours,Open 24 hours,Open 24 hours,Open 24 hours,,,,
https://www.google.com/maps/place/Winston+Salem+Painting/data=!4m7!3m6!1s0x8853ae6ffe16d127:0x5f22890c40adfb8c!8m2!3d36.097075!4d-79.9983986!16s%2Fg%2F11fy4kx1tq!19sChIJJ9EW_m-uU4gRjPutQAyJIl8,Winston Salem Painting,5.0,5,Painter,,,https://www.wspainter.com/,+1 336-276-0294,Closed · Opens 8 am,https://lh3.googleusercontent.com/gps-cs-s/APNQkAFOQEvQtkcTpn2tLBxPCCRzgiDKF6k6LPdbHCikVkgZwcxMVUicMih85RYxvvL27cc9CsxnOYr4TvobRUJuPyZFwyBz05vf2e5yHXBpe6RAjQ5IRtr5VcjZO-OEyJZLsJufiafrKw=w408-h243-k-no,true,"https://www.google.com/maps/search/tree+service+businesses+in+Winston+Salem+Greensboro+NC/@36.0948221,-80.2434028,14z",2026-04-29T06:06:20.023Z,8 am–6 pm,8 am–6 pm,8 am–6 pm,Closed,Closed,8 am–6 pm,8 am–6 pm,,,,
https://www.google.com/maps/place/Terra+Art+Gardens/data=!4m7!3m6!1s0x2156b5b6917c7bf7:0xbe10c714184dab5d!8m2!3d35.1705075!4d-79.86097!16s%2Fg%2F11wmzlh631!19sChIJ93t8kba1ViERXatNGBTHEL4,Terra Art Gardens,5.0,7,Landscape designer,,,https://www.terraartgardens.com/,,,https://lh3.googleusercontent.com/gps-cs-s/APNQkAH4I9TdXNAKN1Qi1tKt4LSqYqIABzMuneCiFjkaXQhq-owkC1rim2DOXkAtkNNYujVQ-k_0o4bPsiYrY3H7I7PAUc8s-eVI4ziSMsp7q7y9cvzwLwmJHyrLNPVa4X-2XNnzDqmN=w408-h306-k-no,true,"https://www.google.com/maps/search/tree+service+businesses+in+Winston+Salem+Greensboro+NC/@36.0948221,-80.2434028,14z",2026-04-29T06:06:22.692Z,,,,,,,,,,,
https://www.google.com/maps/place/CATS/data=!4m7!3m6!1s0x8853afd9ee0350cb:0x69d9b7696e7678d9!8m2!3d36.0021364!4d-80.120117!16s%2Fg%2F1vn196x9!19sChIJy1AD7tmvU4gR2Xh2bmm32Wk,CATS,4.6,9,Computer repair service,,,https://www.catsws.com/,+1 336-499-1915,Closed · Opens 9 am,https://lh3.googleusercontent.com/gps-cs-s/APNQkAFScUCeFQSKnAK2Lh17QawDfADsSuztop98N0GfrF0RLTC0F9wAgqFuXsO8w2fMh5QEdmplot52Ht02uxKizKJt4e_Nw3i9Ba0u6EG_2CX3Rn_OH0fvGsxkqkOMcVg0h4Yvs37Jy7vx_6Nq=w408-h528-k-no,true,"https://www.google.com/maps/search/tree+service+businesses+in+Winston+Salem+Greensboro+NC/@36.0948221,-80.2434028,14z",2026-04-29T06:06:27.380Z,9 am–5 pm,9 am–5 pm,9 am–5 pm,Closed,Closed,9 am–5 pm,9 am–5 pm,LGBTQ+ friendly,,,
https://www.google.com/maps/place/Oliver+Rendon+Home+and+Landscaping+Services/data=!4m7!3m6!1s0x8853af5f9824b4b3:0xaa3c0d01cdd0d7de!8m2!3d36.1075045!4d-80.243625!16s%2Fg%2F11j2p5hrzv!19sChIJs7QkmF-vU4gR3tfQzQENPKo,Oliver Rendon Home and Landscaping Services,5.0,1,Landscaper,,,https://oliverrendonhomeservices.yolasite.com/,+1 336-986-3863,Closed · Opens 8 am,https://lh3.googleusercontent.com/gps-cs-s/APNQkAGP9pORefQPjzgE13vQcV0Xd7pq2UrptgHkIVljMKWdf71mX0iP-LmekwWWjxi-hkY1bK8S_pLxLJ4KISyLbXQFjJCMKhg4GGEn0xFWq0__yoe1j2x7-QbiqcJtbE4X6mLI0ytz=w408-h343-k-no,true,"https://www.google.com/maps/search/tree+service+businesses+in+Winston+Salem+Greensboro+NC/@36.0948221,-80.2434028,14z",2026-04-29T06:06:32.023Z,8 am–5 pm,8 am–5 pm,8 am–5 pm,Closed,Closed,8 am–5 pm,8 am–5 pm,,,,
https://www.google.com/maps/place/InsideOut+Interior+%26+Exterior+Design/data=!4m7!3m6!1s0x8853b02b8f9e46a7:0x96d8ae6b7bde295b!8m2!3d37.5936171!4d-79.420915!16s%2Fg%2F1tfzn0w6!19sChIJp0aejyuwU4gRWynee2uu2JY,InsideOut Interior & Exterior Design,5.0,2,Interior designer,,,http://www.insideoutdesignsnc.com/,+1 336-723-6000,,https://lh3.googleusercontent.com/gps-cs-s/APNQkAHmF5B08KYlH-IpAfeol7z9PTjMEDcn_JjfA-uDs_P3rK5UiPo6_nCgdEwcIRJ82DIwxPl17RTXXRT3k5EGwqZkSh7Cu47cfUWzqAZYoJn7QvLlAMYQRjMLdzukn4tWnIU6zfqz=w408-h326-k-no,true,"https://www.google.com/maps/search/tree+service+businesses+in+Winston+Salem+Greensboro+NC/@36.0948221,-80.2434028,14z",2026-04-29T06:06:34.912Z,,,,,,,,Identifies as women-owned,,,
https://www.google.com/maps/place/Hernandez+Tree+Service/data=!4m7!3m6!1s0x8853adbae353d4e9:0x2f4c9614fa1d1a00!8m2!3d36.2382465!4d-80.4446675!16s%2Fg%2F11qq6c6f1m!19sChIJ6dRT47qtU4gRABod-hSWTC8,Hernandez Tree Service,4.6,11,Tree service,,,,+1 336-429-7499,Closed · Opens 7 am,https://lh3.googleusercontent.com/gps-cs-s/APNQkAGcHtYWkLjAMe6V3o_Q1jW-c05l4GWYLoE77ulSbafCJnuDHFmXe-4PUlnagBSBWk6RpcwoV8C6yuuPS7yqiDrag4HKZH7LFLZjtvWcyk3CKDtglzv4BCtpjaaxTSLosVcMfusRxw=w408-h544-k-no,true,"https://www.google.com/maps/search/tree+service+businesses+in+Winston+Salem+Greensboro+NC/@36.0948221,-80.2434028,14z",2026-04-29T06:06:39.583Z,7 am–8 pm,7 am–8 pm,7 am–8 pm,7 am–8 pm,Closed,7 am–8 pm,7 am–8 pm,,,,
https://www.google.com/maps/place/Hero+Mold+Company/data=!4m7!3m6!1s0x8853af2260457adf:0x1ff754a92513d65e!8m2!3d36.115775!4d-80.0636825!16s%2Fg%2F11h8k3ldfn!19sChIJ33pFYCKvU4gRXtYTJalU9x8,Hero Mold Company,4.9,23,Waterproofing service,,,https://heromoldcompany.com/winston-salem/,+1 336-439-3594,Open 24 hours,https://lh3.googleusercontent.com/gps-cs-s/APNQkAG9Lcy3qUSavrFlB5PMZivaiU6OLzge10bmiL1AXIRxno08JtbEADY_hSOHCWgP2esghSPWm4aznGgb2d_o5tWoXHVR0VmD25Bheeea20dKze8GSH8vqgjz3oGcR0LXEOjBNFA=w426-h240-k-no,true,"https://www.google.com/maps/search/tree+service+businesses+in+Winston+Salem+Greensboro+NC/@36.0948221,-80.2434028,14z",2026-04-29T06:06:44.312Z,Open 24 hours,Open 24 hours,Open 24 hours,Open 24 hours,Open 24 hours,Open 24 hours,Open 24 hours,,,,
https://www.google.com/maps/place/Freedom+Creative+Solutions/data=!4m7!3m6!1s0x8853ae3e76b44f1b:0xb5f5681178f5067d!8m2!3d36.0713348!4d-80.254433!16s%2Fg%2F1tgf3xr4!19sChIJG0-0dj6uU4gRfQb1eBFo9bU,Freedom Creative Solutions,5.0,93,Print shop,"2101 Peters Creek Pkwy Ste 4, Winston-Salem, NC 27127, United States","3PCW+G6 Winston-Salem, North Carolina, USA",http://freedomcreativesolutions.com/,+1 336-602-1901,Closed · Opens 9 am,https://lh3.googleusercontent.com/gps-cs-s/APNQkAF9rrex5dBCrLm7zBocMU2B0GryYabxaDBMHvZAWNtRUggnKQjONsPgMjw7c-VjH5TfYAAotmQIh0iPcOPdMD0tyeTTERSeJMCic32nZ2BvCNlejZoHGUH3OAeb0ekqLRoX_ObtYg=w408-h272-k-no,true,"https://www.google.com/maps/search/tree+service+businesses+in+Winston+Salem+Greensboro+NC/@36.0948221,-80.2434028,14z",2026-04-29T06:06:49.158Z,9 am–5 pm,9 am–5 pm,9 am–5 pm,Closed,Closed,9 am–5 pm,9 am–5 pm,LGBTQ+ friendly,· In-store pick-up · Delivery,,
https://www.google.com/maps/place/Muncy+Quality+Services/data=!4m7!3m6!1s0x8853af8e7f992a4d:0x1741147ca85c1f5e!8m2!3d36.0274029!4d-80.2070004!16s%2Fg%2F1tfvhxqn!19sChIJTSqZf46vU4gRXh9cqHwUQRc,Muncy Quality Services,5.0,3,Electrician,,,http://muncyqualityservices.com/,+1 336-782-0224,Closed · Opens 8:30 am,https://lh3.googleusercontent.com/gps-cs-s/APNQkAFdDqW71sjSONe4HXMukV58nADgv3OKVD0Rz7HGa8uXxEYUKSHe-X3FlSMbEcH5a7fVwCE5rRB7FWbumTR8__-fw0yarJ3nsK8JyuI2Lhb4xPJImIgXbCFw-EvQr2zlUFnbqhPVQQ=w408-h540-k-no,true,"https://www.google.com/maps/search/tree+service+businesses+in+Winston+Salem+Greensboro+NC/@36.0948221,-80.2434028,14z",2026-04-29T06:06:53.841Z,8:30 am–6 pm,8:30 am–6 pm,8:30 am–6 pm,Closed,Closed,8:30 am–6 pm,8:30 am–6 pm,,,,
https://www.google.com/maps/place/Strong/data=!4m7!3m6!1s0x88714e439ffe0ab9:0x8e21082fad00a542!8m2!3d36.0440989!4d-80.021539!16s%2Fg%2F11y3sbf3_v!19sChIJuQr-n0NOcYgRQqUArS8IIY4,Strong,5.0,17,Water damage restoration service,,,,+1 401-285-2255,Open 24 hours,https://lh3.googleusercontent.com/gps-cs-s/APNQkAHp6FCv9iv5gnlkGH04MutN1ZF6O7xRN-EJ72oSepcdUV_MWaaHtZL52ULBfkX2yrd5aaWZS1O10OQKD3XWnP1L5IriLrgPvZMt5x8xQw3N18wU5uilagJgfdpuBjgq-gJ3lXjXAQ=w408-h305-k-no,true,"https://www.google.com/maps/search/tree+service+businesses+in+Winston+Salem+Greensboro+NC/@36.0948221,-80.2434028,14z",2026-04-29T06:06:59.110Z,Open 24 hours,Open 24 hours,Open 24 hours,Open 24 hours,Open 24 hours,Open 24 hours,Open 24 hours,,,,
https://www.google.com/maps/place/Quality+Oil+Company/data=!4m7!3m6!1s0x8853afc3f4e02529:0xdd24fff3c27f4d88!8m2!3d36.0665708!4d-80.2621466!16s%2Fg%2F1tx4q1gy!19sChIJKSXg9MOvU4gRiE1_wvP_JN0,Quality Oil Company,4.7,654,Fuel supplier,"1540 Silas Creek Pkwy, Winston-Salem, NC 27127, United States","3P8Q+J4 Winston-Salem, North Carolina, USA",https://qualityoilnc.com/,+1 336-722-3441,Closed · Opens 8 am,https://lh3.googleusercontent.com/gps-cs-s/APNQkAF3PxVUvvWF1itISnMHmwNOe5_Y_xCthMnrdMqmHWw7mMzYxh33E_DXmD0dyntSrYyCmiJxVcTiHNk8UGFrOEvTgTL8UaSX88PUztg8bA_YwUodupYTyCjmpx3CP34Il_6a7pjh=w426-h240-k-no,true,"https://www.google.com/maps/search/tree+service+businesses+in+Winston+Salem+Greensboro+NC/@36.0948221,-80.2434028,14z",2026-04-29T06:07:04.031Z,8 am–5 pm,8 am–5 pm,8 am–5 pm,Closed,Closed,8 am–5 pm,8 am–5 pm,,,,
https://www.google.com/maps/place/Frost+Renovation/data=!4m7!3m6!1s0x885b9ba0ec2fe30d:0x8e3c7f3a0c97d37!8m2!3d36.1334994!4d-80.685967!16s%2Fg%2F11h3ld_8xn!19sChIJDeMv7KCbW4gRN33JoPPH4wg,Frost Renovation,4.8,25,Bathroom remodeler,,,https://frostrenovation.com/,+1 336-940-9618,Closed · Opens 9 am,https://lh3.googleusercontent.com/gps-cs-s/APNQkAHnNSWPrxqcfqk3h8XQlneg1unuGkzKQlLFb6bPDFINUhm9UoHq4-4Z6kIWvUUfm2shT4UNpP_QAINIQfGvwjwzFJ8BVVS4Xlxm3geYQV16manESgXYznqk2uR47zGAPsl63tX5=w408-h874-k-no,true,"https://www.google.com/maps/search/tree+service+businesses+in+Winston+Salem+Greensboro+NC/@36.0948221,-80.2434028,14z",2026-04-29T06:07:08.810Z,9 am–5 pm,9 am–5 pm,9 am–5 pm,Closed,Closed,9 am–5 pm,9 am–5 pm,,,,
https://www.google.com/maps/place/Xcel+Bulk+Logistics/data=!4m7!3m6!1s0x6b264e16c90ee209:0xff465e7d37d9972f!8m2!3d34.9108845!4d-82.738463!16s%2Fg%2F11nxc2vw7y!19sChIJCeIOyRZOJmsRL5fZN31eRv8,Xcel Bulk Logistics,4.0,6,Trucking company,,,https://www.xcelbulk.com/,+1 743-219-2080,Open 24 hours,https://lh3.googleusercontent.com/gps-cs-s/APNQkAGZqJz_gIkh-9r-2_iqjNaHrl9bU24E8H0eWoClDDJypcW4VsV2Saw2oWGD7ne1p5cCEOsv4KkXylA4JynGyAO_whewiUMOAzGYVYOG38u6DbxsdqMrOl41HQYD4M81gSpYuWU=w408-h306-k-no,true,"https://www.google.com/maps/search/tree+service+businesses+in+Winston+Salem+Greensboro+NC/@36.0948221,-80.2434028,14z",2026-04-29T06:07:13.544Z,Open 24 hours,Open 24 hours,Open 24 hours,Closed,Closed,Open 24 hours,Open 24 hours,,,,
"https://www.google.com/maps/place/YohDev/@36.06521,-79.9983986,10z/data=!3m1!4b1!4m6!3m5!1s0x8853af72f84eb741:0x694c9e47fdecae4c!8m2!3d36.06521!4d-79.9983986!16s%2Fg%2F11h391r7pq",YohDev,5.0,24,Website designer,,,https://yohdev.com/,+1 336-701-5618,Closed · Opens 9 am,,true,"https://www.google.com/maps/search/tree+service+businesses+in+Winston+Salem+Greensboro+NC/@36.0948221,-80.2434028,14z",2026-04-29T06:07:20.275Z,9 am–5 pm,9 am–5 pm,9 am–5 pm,Closed,Closed,9 am–5 pm,9 am–5 pm,,,,
https://www.google.com/maps/place/DBS+Towing+Near+Me/data=!4m7!3m6!1s0x2c39a8f60e4f5705:0xbbad60c233341e25!8m2!3d36.1075045!4d-80.243625!16s%2Fg%2F11y4qbdxlp!19sChIJBVdPDvaoOSwRJR40M8Jgrbs,DBS Towing Near Me,5.0,15,Towing service,,,http://www.dbstowing.com/,+1 336-231-1888,Closed · Opens 8 am,https://lh3.googleusercontent.com/gps-cs-s/APNQkAF4gIFhZD2TQk3hxBWd9qHWF1-PFRQdTynh9rUOfNl-gjVybGQuduhEhRvmUFcDc5alpzO0hgBF3RCkF7Kp333Kii9Bz0sRVTHcKzDFufote0KOG5RrJfus1qupL_5RDyQGSq4REsWUElA=w408-h544-k-no,true,"https://www.google.com/maps/search/tree+service+businesses+in+Winston+Salem+Greensboro+NC/@36.0948221,-80.2434028,14z",2026-04-29T06:07:25.325Z,8 am–10 pm,8 am–10 pm,8 am–10 pm,10 am–5 pm,Closed,8 am–10 pm,8 am–10 pm,,,,
"https://www.google.com/maps/place/Dynamic+Outdoor+Solutions,+LLC/data=!4m7!3m6!1s0x102b8f880995653:0x981d1a7a8d947c54!8m2!3d36.0274029!4d-80.1592535!16s%2Fg%2F11vszkpn05!19sChIJU1aZgPi4AgERVHyUjXoaHZg","Dynamic Outdoor Solutions, LLC",5.0,8,Landscaper,,,https://dosnc.com/,+1 336-283-7876,Closed · Opens 7 am,https://lh3.googleusercontent.com/gps-cs-s/APNQkAEvOcWuPG5LTvyx_orPuNKR4wbk6UM9D3LaH-26wuuP7E4FbkG8Mn2Ct98EWQTJM2twt2kSTq6Md01Quy0pg2NwdNbmxFgpIF9a63oajtRDhZB4smEQV2uE80BOf_pdInnXgpePUA=w408-h306-k-no,true,"https://www.google.com/maps/search/tree+service+businesses+in+Winston+Salem+Greensboro+NC/@36.0948221,-80.2434028,14z",2026-04-29T06:07:30.037Z,7 am–5 pm,7 am–5 pm,7 am–5 pm,Closed,Closed,7 am–5 pm,7 am–5 pm,,,,
https://www.google.com/maps/place/Budget+Dumpster+%28Winston-Salem%29/data=!4m7!3m6!1s0x8853ae64a22025a7:0x31c24217d3902d0!8m2!3d35.8828279!4d-80.2759005!16s%2Fg%2F11d_290d8w!19sChIJpyUgomSuU4gR0AI5fSEkHAM,Budget Dumpster (Winston-Salem),4.1,52,Dumpster rental service,,,https://www.budgetdumpster.com/locations/budget-dumpster-winston-salem-dumpster-rental.php?utm_campaign=winston-salem-nc_local&utm_medium=organic&utm_source=gbp,+1 336-231-3589,,https://lh3.googleusercontent.com/gps-cs-s/APNQkAG3LbIPRRgCmGZ6F5CyKAwf_sBN8tP93EzSzVBkstQslS7R78D5nweBiBfPokYNyGOpMPPKaps_BPCI2u1nQA6xn3RsS7bS1xm4hRbOr1-ASSmJxEuDPHew70aSsdzdXFsxVXkrmw=w427-h240-k-no,true,"https://www.google.com/maps/search/tree+service+businesses+in+Winston+Salem+Greensboro+NC/@36.0948221,-80.2434028,14z",2026-04-29T06:07:34.801Z,Open 24 hours,Open 24 hours,Open 24 hours,Open 24 hours,Open 24 hours,Open 24 hours,Open 24 hours,LGBTQ+ friendly,,,
"https://www.google.com/maps/place/Renaissance+Solutions/@36.1075045,-80.2436251,11z/data=!3m1!4b1!4m6!3m5!1s0x8853af1a620d92ad:0x9b152178e9538381!8m2!3d36.1075045!4d-80.243625!16s%2Fg%2F11fwbxcm11",Renaissance Solutions,5.0,2,Air conditioning contractor,,,,+1 336-909-9980,Open 24 hours,,true,"https://www.google.com/maps/search/tree+service+businesses+in+Winston+Salem+Greensboro+NC/@36.0948221,-80.2434028,14z",2026-04-29T06:07:41.406Z,Open 24 hours,Open 24 hours,Open 24 hours,Open 24 hours,Open 24 hours,Open 24 hours,Open 24 hours,Identifies as veteran-owned,,,
https://www.google.com/maps/place/Duke+Energy+Carolinas+LLC/data=!4m7!3m6!1s0x8853af8fc9e198e5:0x7aa4e4b2b1644f48!8m2!3d36.1115523!4d-80.2425277!16s%2Fg%2F11h5vjrgbw!19sChIJ5ZjhyY-vU4gRSE9ksbLkpHo,Duke Energy Carolinas LLC,2.0,77,Electric utility company,"1312 Patterson Ave, Winston-Salem, NC 27105, United States","4Q64+JX Winston-Salem, North Carolina, USA",https://www.duke-energy.com/home,+1 800-777-9898,Closed · Opens 7 am,https://lh3.googleusercontent.com/gps-cs-s/APNQkAFX2Fp-9bhAyv5jTc7lqzFwVZZoDKynWEBEaMz3ShcbraTi2XHGOnakUaX5eK84A2vYUWrnubsrz5TZlYVeRoB7A4e1PaT-2C4yNemgAI9qHA9CxLTlEZ6Yc84vXmS3sEqtg4zpfu0uQ8Ou=w408-h725-k-no,false,"https://www.google.com/maps/search/tree+service+businesses+in+Winston+Salem+Greensboro+NC/@36.0948221,-80.2434028,14z",2026-04-29T06:07:48.674Z,7 am–7 pm,7 am–7 pm,7 am–7 pm,Closed,Closed,7 am–7 pm,7 am–7 pm,,,,
"https://www.google.com/maps/place/East+Attachments,+LLC/data=!4m7!3m6!1s0x8853add0daadbb2b:0xb9935ee8f96a471!8m2!3d36.1302098!4d-80.2408358!16s%2Fg%2F11bw3d4t6q!19sChIJK7ut2tCtU4gRcaSWj-41mQs","East Attachments, LLC",4.5,18,Steel fabricator,"3079 Indiana Ave, Winston-Salem, NC 27105, United States","4QJ5+3M Winston-Salem, North Carolina, USA",https://www.eastattachments.com/,+1 336-829-5016,Closed · Opens 9 am,https://lh3.googleusercontent.com/gps-cs-s/APNQkAGaVmPIKzWOHc2mE-iMyTT1sTwkdR7ojduZZ1VkiBtYtNgAAMDQc7WsKnQXwtk7af2TD7tJWevBU5a7p81s9dKuaCquA6LoACXWMiCfFxZLjdvEJ-kj5S08MWIywIW4DIbtdYP4H-WvRlI=w408-h541-k-no,true,"https://www.google.com/maps/search/tree+service+businesses+in+Winston+Salem+Greensboro+NC/@36.0948221,-80.2434028,14z",2026-04-29T06:07:53.541Z,9 am–5 pm,9 am–5 pm,9 am–5 pm,Closed,Closed,9 am–5 pm,9 am–5 pm,,,,
https://www.google.com/maps/place/Shavers+SubContracting+LLC/data=!4m7!3m6!1s0x69eb8c46d54f8075:0xa0ef1fbccb902829!8m2!3d36.0274029!4d-80.2070004!16s%2Fg%2F11nns5q6m5!19sChIJdYBP1UaM62kRKSiQy7wf76A,Shavers SubContracting LLC,4.5,2,Roofing contractor,,,,+1 336-262-6330,Closed · Opens 7 am,https://lh3.googleusercontent.com/gps-cs-s/APNQkAFm8Ran4zWpQcvrbXMA5jcF1p5hIxyknXLB9nhWBfQ0o5cdXgLAurf9fxmEJcV0oPsy0ENYnmbI3Iyv_PJgwa2-LxkZ_ezmbht8Nu87yOwuhfnvsSobnYtpIwzPojXP-0hnLkou=w408-h265-k-no,true,"https://www.google.com/maps/search/tree+service+businesses+in+Winston+Salem+Greensboro+NC/@36.0948221,-80.2434028,14z",2026-04-29T06:07:58.496Z,7 am–5 pm,7 am–5 pm,7 am–5 pm,7 am–3 pm,Closed,7 am–5 pm,7 am–5 pm,,,,
https://www.google.com/maps/place/Cut+and+Roll+Painting/data=!4m7!3m6!1s0x8853a97fe927bfc5:0xc5de482e3e5e1aab!8m2!3d36.1075045!4d-80.243625!16s%2Fg%2F11pz1b3hz6!19sChIJxb8n6X-pU4gRqxpePi5I3sU,Cut and Roll Painting,4.6,9,Painter,,,https://cutandrollpainting.net/,+1 336-414-3557,Closed · Opens 6 am,https://lh3.googleusercontent.com/gps-cs-s/APNQkAEW2L0oVRG1Y6eRx0driYL-8aEriE03ODKqkj_UG74fWxXraLMlFWmspq4RMIZTQYWskWBGVElRzCq7-_vblax2wp44-gdPmgWarbN1xov18Tmc3n5XiSbKY0M9mbKDx3-ctwXxwg=w426-h240-k-no,true,"https://www.google.com/maps/search/tree+service+businesses+in+Winston+Salem+Greensboro+NC/@36.0948221,-80.2434028,14z",2026-04-29T06:08:03.468Z,6 am–10 pm,6 am–10 pm,6 am–10 pm,6 am–10 pm,6 am–10 pm,6 am–10 pm,6 am–10 pm,,,,
"https://www.google.com/maps/place/Printer+Repair+Group+-+Winston+Salem,+NC/data=!4m7!3m6!1s0x8853b025e725aaab:0xb394023765e3fbb3!8m2!3d35.915312!4d-80.290676!16s%2Fg%2F11f5jqbj6p!19sChIJq6ol5yWwU4gRs_vjZTcClLM","Printer Repair Group - Winston Salem, NC",1.0,1,Printer repair service,,,https://printerrepairgroup.com/printer-repair/winston-salem-nc/,+1 336-443-9068,Closed · Opens 8 am,https://lh3.googleusercontent.com/gps-cs-s/APNQkAExpLNuwMCbHtAtGlZTtOcweh_iZQJxfDnWLDiqeLaRq2IXMzuPDHeY3LVGQxPE0sid-SdGgMT4kDngWYmOeQfxnBUWvXVxUeQ-om3E6lUNaSzOeNVyvudY6n_7UiEp3YeSFHTLOw=w426-h240-k-no,true,"https://www.google.com/maps/search/tree+service+businesses+in+Winston+Salem+Greensboro+NC/@36.0948221,-80.2434028,14z",2026-04-29T06:08:08.909Z,8 am–5 pm,8 am–5 pm,8 am–5 pm,Closed,Closed,8 am–5 pm,8 am–5 pm,,,,
https://www.google.com/maps/place/iAM+Movers+INC/data=!4m7!3m6!1s0x8853afa27b919ba7:0x94495ee20f6f15e0!8m2!3d35.1705075!4d-79.86097!16s%2Fg%2F11gmwq2s6p!19sChIJp5uRe6KvU4gR4BVvD-JeSZQ,iAM Movers INC,5.0,4,Moving service,,,,+1 336-287-2005,Closed · Opens 8 am,https://lh3.googleusercontent.com/gps-cs-s/APNQkAGZhT9nGspzm11856uOQmeHR9kAJH3SE_Y1cUVsQ-E-S6eOF6ULno7thEqBGn0oSQRP11Fn1066sUOt7C3soh5IbrhE9dpHIPJjN9dXm-3AfhRh4PANSxdImosDp2ciMt7ATqfdSg=w408-h544-k-no,true,"https://www.google.com/maps/search/tree+service+businesses+in+Winston+Salem+Greensboro+NC/@36.0948221,-80.2434028,14z",2026-04-29T06:08:13.674Z,8 am–5 pm,8 am–5 pm,8 am–5 pm,8 am–5 pm,8 am–5 pm,8 am–5 pm,8 am–5 pm,,,,
https://www.google.com/maps/place/Mellow+Mushroom+Winston-Salem/data=!4m7!3m6!1s0x8853ae440a55351d:0x6cc7a33a1a8f35c2!8m2!3d36.0978817!4d-80.2476914!16s%2Fg%2F1tgcyrzm!19sChIJHTVVCkSuU4gRwjWPGjqjx2w,Mellow Mushroom Winston-Salem,4.3,2891,Pizza restaurant,"314 W 4th St, Winston-Salem, NC 27101, United States","3QX2+5W Winston-Salem, North Carolina, USA",https://www.mellowmushroom.com/locations/nc/winston-salem/314-w-4th-st?utm_source=ExtNet&utm_medium=Yext,+1 336-245-2820,Closed · Opens 11 am,https://lh3.googleusercontent.com/gps-cs-s/APNQkAGRJ6eBJJUSfy-Nk1uUOlcLP3M3I7xtQApmH1LbHSpKZq1uxbzkCAfpS_2XypztJMcFqcmOhgPfRhGBh3lsDsLGNaLOD2Iqda9oGPZaXFxHbmUCu_Ojab-UzPfBnvcKkauHGSU=w408-h272-k-no,true,"https://www.google.com/maps/search/tree+service+businesses+in+Winston+Salem+Greensboro+NC/@36.0948221,-80.2434028,14z",2026-04-29T06:08:18.721Z,11 am–10 pm,11 am–10 pm,11 am–11 pm,11 am–11 pm,11 am–10 pm,11 am–10 pm,11 am–10 pm,,"Funky, art-filled chain pizzeria featuring craft beer, calzones & creative stone-baked pizzas. · Dine-in · Takeaway · No-contact delivery",,
https://www.google.com/maps/place/East+Construction+Company+llc/data=!4m7!3m6!1s0x8853afd892691187:0x9609e088ae815256!8m2!3d36.073867!4d-80.233542!16s%2Fg%2F11wpzk9q_0!19sChIJhxFpktivU4gRVlKBrojgCZY,East Construction Company llc,,,Concrete contractor,"1705 Center St, Winston-Salem, NC 27127, United States","3QF8+GH Winston-Salem, North Carolina, USA",,+1 336-865-4852,Closed · Opens 6 am Mon,https://lh3.googleusercontent.com/gps-cs-s/APNQkAHTFK__FLgBym_NdEgAwq4Y1BLH1RkwdiV2_Oq5_z6dPGCE-CrAp_2RDpDTT029MHRbEQj7g6MuNMr0u9noZz5TDcfnOjm4jhyhi68YYj81ZsOctv59pRNMx064kmwgy9Vse_DbpQ=w408-h408-k-no,true,"https://www.google.com/maps/search/tree+service+businesses+in+Winston+Salem+Greensboro+NC/@36.0948221,-80.2434028,14z",2026-04-29T06:08:23.446Z,Closed,Closed,Closed,Closed,Closed,6–7:30 am,Closed,,,,
"https://www.google.com/maps/place/Anything+Fiberglass+Repair/@35.6144484,-80.330586,9z/data=!3m1!4b1!4m6!3m5!1s0x8853a35a94cd0fef:0x57c923138940667d!8m2!3d35.6144484!4d-80.330586!16s%2Fg%2F11rbyvncxx",Anything Fiberglass Repair,5.0,9,Fiberglass repair service,,,https://www.facebook.com/anythingfiberglassrepair,+1 704-680-8404,,,true,"https://www.google.com/maps/search/tree+service+businesses+in+Winston+Salem+Greensboro+NC/@36.0948221,-80.2434028,14z",2026-04-29T06:08:28.004Z,,,,,,,,,,,
https://www.google.com/maps/place/Atomic+Events+%26+Rental+LLC/data=!4m7!3m6!1s0xa51f8a674bcdb131:0xdd3eb445d04ff5ab!8m2!3d35.928645!4d-79.720729!16s%2Fg%2F11shjg47g2!19sChIJMbHNS2eKH6URq_VP0EW0Pt0,Atomic Events & Rental LLC,5.0,8,Balloon artist,,,https://atomic-events-rental-llc.square.site/,+1 336-473-4020,,https://lh3.googleusercontent.com/gps-cs-s/APNQkAHTTZqoFUskhWdNHaqphGaJFZO30JK01fUxCifdPO_aIHmtPr_wsMaQLJJPwe1T9AIWgN6rJvV5dOGZeivXCwHBw7QM1RyNoyjBe1SZVpPborj0-RnamHBT0Um0J_PYUH7kkBA=w408-h725-k-no,true,"https://www.google.com/maps/search/tree+service+businesses+in+Winston+Salem+Greensboro+NC/@36.0948221,-80.2434028,14z",2026-04-29T06:08:33.115Z,9 am–7 pm,9 am–7 pm,9 am–8 pm,9 am–6 pm,9 am–7 pm,9 am–7 pm,9 am–7 pm,LGBTQ+ friendly,,true,
https://www.google.com/maps/place/Pro+Wildlife+Removal+Winston+Salem/data=!4m7!3m6!1s0x8853b9e8104654c5:0x2ed51763e9ed80cc!8m2!3d36.0332449!4d-80.2436404!16s%2Fg%2F11f24zpv9x!19sChIJxVRGEOi5U4gRzIDt6WMX1S4,Pro Wildlife Removal Winston Salem,4.3,88,Pest control service,,,http://winstonsalempestwildlife.com/,+1 336-303-4150,Open 24 hours,https://lh3.googleusercontent.com/gps-cs-s/APNQkAEVtGI1dMYnLnPEEeYee8V7g_5_9ldM8jSPzJtaZSDs_2q8HTrA9vlpC7OKvnRyPFiFTRRbrzORk3jtnG4x5JrEpDWlbH9qiglfgJrFOlwvSSr4DZsOPhKD3VMZPqxC8FfBTzgMDA=w426-h240-k-no,true,"https://www.google.com/maps/search/tree+service+businesses+in+Winston+Salem+Greensboro+NC/@36.0948221,-80.2434028,14z",2026-04-29T06:08:38.099Z,Open 24 hours,Open 24 hours,Open 24 hours,Open 24 hours,Open 24 hours,Open 24 hours,Open 24 hours,,,,
https://www.google.com/maps/place/Salem+Graphic+%26+Trade+Co/data=!4m7!3m6!1s0x8853afaddf4c7269:0xe64d9b494344fd6b!8m2!3d46.423669!4d-129.9427086!16s%2Fg%2F11ghs800b8!19sChIJaXJM362vU4gRa_1EQ0mbTeY,Salem Graphic & Trade Co,1.0,2,Promotional products supplier,,,,+1 336-793-4030,Closed · Opens 10 am,https://lh3.googleusercontent.com/gps-cs-s/APNQkAFqEPOzmxTn9DrwVWZbZDZIawGNL3bYXXCZAddkrEyezxghXSqxllImJ5MyS1D17rOpyNn-hOrydytmTluBoYptCmPfRP-JwwEsRDGlk3xzBN_CS1lvx-A6oN3wKv4wUaq2JFFSqA=w408-h420-k-no,true,"https://www.google.com/maps/search/tree+service+businesses+in+Winston+Salem+Greensboro+NC/@36.0948221,-80.2434028,14z",2026-04-29T06:08:42.758Z,10 am–5 pm,10 am–5 pm,10 am–5 pm,Closed,Closed,10 am–5 pm,10 am–5 pm,,,,
https://www.google.com/maps/place/Renewal+by+Andersen+Window+Replacement/data=!4m7!3m6!1s0x8853afc201a827d9:0xc7f494c531ab3bb5!8m2!3d36.0274029!4d-80.2070004!16s%2Fg%2F11g4jtrn5s!19sChIJ2SeoAcKvU4gRtTurMcWU9Mc,Renewal by Andersen Window Replacement,2.3,3,Window installation service,,,,+1 336-446-9927,Closed · Opens 7 am,https://lh3.googleusercontent.com/gps-cs-s/APNQkAEg2kNo1qM8DjnnQzsfnlmeiVclVgTg6AxXqKDqIAhDYESJ-6Wg7yUhHOlzKCpR1qGxNYyF29rVN_q-m4G6uRK_OvoAeWRxSMQ2vvSbVNJQ0eu0vG1FjWjWjeYA_iYZA6jh5LOWvA=w408-h271-k-no,true,"https://www.google.com/maps/search/tree+service+businesses+in+Winston+Salem+Greensboro+NC/@36.0948221,-80.2434028,14z",2026-04-29T06:08:49.966Z,7 am–7 pm,7 am–7 pm,7 am–7 pm,7 am–7 pm,7 am–7 pm,7 am–7 pm,7 am–7 pm,,,,
https://www.google.com/maps/place/Delicious+%28by+Shereen%29/data=!4m7!3m6!1s0x4642faa5a9d10dd5:0x1ce2141c2dcd7746!8m2!3d36.06521!4d-80.186304!16s%2Fg%2F11rpd9rn6x!19sChIJ1Q3RqaX6QkYRRnfNLRwU4hw,Delicious (by Shereen),5.0,19,Caterer,,,http://deliciousbyshereen.com/,+1 336-422-7980,,https://lh3.googleusercontent.com/gps-cs-s/APNQkAEZhWVbD_OeVcD2RIfr5We32PAxGiE3wecC1dce4a7-f7s1XEaIZ7Gm_kgA4zE2-h9pdDjckIK9koMv6GV5DzL_-CB4Y7fm6KjH_O_ha0Cx8entqr1L4vAQW9CRAlEiiVZUFXpxcQ=w408-h505-k-no,true,"https://www.google.com/maps/search/tree+service+businesses+in+Winston+Salem+Greensboro+NC/@36.0948221,-80.2434028,14z",2026-04-29T06:08:53.761Z,,,,,,,,Identifies as women-owned,,,
https://www.google.com/maps/place/Umstead+Outdoors/data=!4m7!3m6!1s0x4085a6163f51175b:0x78af429613ed9d8c!8m2!3d36.1355735!4d-80.3242325!16s%2Fg%2F11tnp25zb3!19sChIJWxdRPxamhUARjJ3tE5ZCr3g,Umstead Outdoors,5.0,41,Lawn care service,,,http://umsteadoutdoors.com/,+1 336-850-6897,Closed · Opens 9 am,https://lh3.googleusercontent.com/gps-cs-s/APNQkAH-9bjUo1lGkN9kt_opDwYA2vabqPDJ4i0Y-zbkCeyIkPz2d88YCHcOyQuxmr974HYHMADiWGLnP0Dd00HSFZbYL62Hov1cDVtFls_RF-KSBQ7ZjV0mne3A5DAYFUgRjeEm9Vap=w408-h544-k-no,true,"https://www.google.com/maps/search/tree+service+businesses+in+Winston+Salem+Greensboro+NC/@36.0948221,-80.2434028,14z",2026-04-29T06:08:58.749Z,9 am–5 pm,9 am–5 pm,9 am–5 pm,Closed,Closed,9 am–5 pm,9 am–5 pm,LGBTQ+ friendly,,,
https://www.google.com/maps/place/The+Handyman/data=!4m7!3m6!1s0xe22fd7dfefd8b1d:0xd704dfc6711b5e75!8m2!3d36.1114425!4d-80.021539!16s%2Fg%2F11rghcsc21!19sChIJHYv9_n39Ig4RdV4bccbfBNc,The Handyman,,,Tree service,,,,+1 336-955-6261,Open 24 hours,https://lh3.googleusercontent.com/gps-cs-s/APNQkAEA15auLWXBF4bdve7oHPryEIuvFdkc5Ababk0fYFYZi3k4ADwrLybK2lpoeIJgkIwCadYrTtLXQyxxj9OFxACPZVvLVORE-BnzWG4ToAy2URLQbq-c3NDxXfY6TX6iFv5wxkfU=w408-h306-k-no,true,"https://www.google.com/maps/search/tree+service+businesses+in+Winston+Salem+Greensboro+NC/@36.0948221,-80.2434028,14z",2026-04-29T06:09:03.413Z,Open 24 hours,Open 24 hours,Open 24 hours,Open 24 hours,Open 24 hours,Open 24 hours,Open 24 hours,,,,
https://www.google.com/maps/place/Haul+Away+Junk+Removal+Winston-Salem/data=!4m7!3m6!1s0x5a065f224b4b269:0xf69d1b245d78c153!8m2!3d36.1075045!4d-80.243625!16s%2Fg%2F11q2y1c99z!19sChIJabK0JPJloAURU8F4XSQbnfY,Haul Away Junk Removal Winston-Salem,5.0,38,Waste management service,,,,+1 336-864-6182,Closed · Opens 8 am,https://lh3.googleusercontent.com/gps-cs-s/APNQkAFf86kBXWIcqJQgFdqbI3hoAJmJE_pPBU0mlH2mRYBky6-utrS6wzTRc1ykPwmiyvLoEa1scP1OcEcxWZSjLgfOEGwZzs4S1jL1J0oXtA66Sa0tA4zlIh-lJMIkI5HaiW7oZzbM=w408-h306-k-no,true,"https://www.google.com/maps/search/tree+service+businesses+in+Winston+Salem+Greensboro+NC/@36.0948221,-80.2434028,14z",2026-04-29T06:09:08.503Z,8 am–5 pm,8 am–5 pm,8 am–5 pm,8 am–5 pm,Closed,8 am–5 pm,8:30 am–5 pm,,,,
https://www.google.com/maps/place/Hornet+Restoration/data=!4m7!3m6!1s0xa2a771eda58ffbcd:0x6b0128f93691454!8m2!3d35.814463!4d-80.5359025!16s%2Fg%2F11xcwh35_b!19sChIJzfuPpe1xp6IRVBRpk48SsAY,Hornet Restoration,5.0,661,Water damage restoration service,,,,+1 336-905-1446,Open 24 hours,https://lh3.googleusercontent.com/gps-cs-s/APNQkAEdsJ1IYuowO3J9EuVCmuk-cgg4OyppUjsceyv3lOOS0cpj-dk8lDkazsw0dhkfgNrGLFXZbM3WD_CUl3GNl7KozzIbq2L7qD0BU4noDi0sT33plkGvEGg7uDeB1aD4aOaFKgLfVglSw-Da=w408-h291-k-no,true,"https://www.google.com/maps/search/tree+service+businesses+in+Winston+Salem+Greensboro+NC/@36.0948221,-80.2434028,14z",2026-04-29T06:09:13.796Z,Open 24 hours,Open 24 hours,Open 24 hours,Open 24 hours,Open 24 hours,Open 24 hours,Open 24 hours,,,,
https://www.google.com/maps/place/Greensboro+Landscaping/data=!4m7!3m6!1s0x88531fdfe796a627:0x9ebc6add72eb9c96!8m2!3d36.1008286!4d-79.803868!16s%2Fg%2F11vf8yycpt!19sChIJJ6aW598fU4gRlpzrct1qvJ4,Greensboro Landscaping,4.7,35,Landscaper,"1801 Nottingham Rd, Greensboro, NC 27408, United States","452W+8F Greensboro, North Carolina, USA",https://www.landscaping-greensboro.com/,+1 336-717-8747,Closed · Opens 7 am,https://lh3.googleusercontent.com/gps-cs-s/APNQkAFqXYbYcDwSMyuhn1OGmNljwpRTMeFkBBg9ZFOMhg754GVu7c665-7apRLnOlxP6Npr9hdCuwixbDVtq0aKebSonZojNaCtJRicDGADMaCcWtAY8TudARv-jeOQPMF1tc_fKwnHQA=w408-h272-k-no,true,"https://www.google.com/maps/search/tree+service+businesses+in+Fisher+Park+Greensboro+NC/@36.0824765,-79.7890462,14z",2026-04-29T06:09:40.298Z,7 am–5 pm,7 am–5 pm,7 am–5 pm,Closed,Closed,7 am–5 pm,7 am–5 pm,,,,
https://www.google.com/maps/place/Pro+Earth+Landscaping/data=!4m7!3m6!1s0x88531fc2f2d8b08d:0xb14b91d7f58f1de6!8m2!3d36.1071601!4d-79.8248375!16s%2Fg%2F11rc6lsn9w!19sChIJjbDY8sIfU4gR5h2P9deRS7E,Pro Earth Landscaping,4.9,33,Landscaper,"2807 Branchwood Dr, Greensboro, NC 27408, United States","454G+V3 Greensboro, North Carolina, USA",http://www.pro-earth-landscaping.com/,+1 336-451-9232,Closed · Opens 8 am,https://lh3.googleusercontent.com/gps-cs-s/APNQkAFAr9hL7B6c2NoUHD2htPu1PMiO7Ollmlew1WriJFOcFn1-EkZy2gGu1pTjS_oV4eJPPuumufB6DTwFMCXqdoXRhbJ_48-gJbu9PgtcADv3sKzApN3M-FcwsTya_JzsFlVJP-hGIQ=w408-h306-k-no,true,"https://www.google.com/maps/search/tree+service+businesses+in+Fisher+Park+Greensboro+NC/@36.0824765,-79.7890462,14z",2026-04-29T06:09:45.488Z,8 am–6 pm,8 am–6 pm,8 am–6 pm,8 am–6 pm,Closed,8 am–6 pm,8 am–6 pm,,,,
"https://www.google.com/maps/place/Cardinal+Landscape+%26+Grounds+Maintenance,+Inc./data=!4m7!3m6!1s0x88531c1d68c022ed:0x613f5fa6dede628f!8m2!3d36.1080816!4d-79.8260957!16s%2Fg%2F1tf_n_pl!19sChIJ7SLAaB0cU4gRj2Le3qZfP2E","Cardinal Landscape & Grounds Maintenance, Inc.",4.5,8,Landscaper,"2309 W Cone Blvd Suite 150-D, Greensboro, NC 27408, United States","455F+6H Greensboro, North Carolina, USA",https://www.cardinallawnmaint.com/,+1 336-288-0048,Closed · Opens 8 am,https://lh3.googleusercontent.com/gps-cs-s/APNQkAHWp9KUWcYcVVpDGLumNQuB5FOUYi8lD04RtKPRFprT-OBv8c2xOcK8APNq1p4LZXboiOOhE5xSA5hUVldejJhVj4bROqPHDZ2Ahml75YGvZo9l6_IP74P8Pv_g3MzsZqyZZR4=w408-h305-k-no,true,"https://www.google.com/maps/search/tree+service+businesses+in+Fisher+Park+Greensboro+NC/@36.0824765,-79.7890462,14z",2026-04-29T06:09:57.446Z,8 am–5 pm,8 am–5 pm,8 am–5 pm,Closed,Closed,8 am–5 pm,8 am–5 pm,,,,
https://www.google.com/maps/place/Fleet-Plummer:+Home+and+Style/data=!4m7!3m6!1s0x88531ea6e50cb14f:0xea7483887effb698!8m2!3d36.1042123!4d-79.8262198!16s%2Fg%2F1tn01yd7!19sChIJT7EM5aYeU4gRmLb_foiDdOo,Fleet-Plummer: Home and Style,4.5,249,Home goods store,"2437 Battleground Ave, Greensboro, NC 27408, United States","453F+MG Greensboro, North Carolina, USA",https://www.fleetplummer.com/,+1 336-282-6970,Closed · Opens 9:30 am,https://lh3.googleusercontent.com/gps-cs-s/APNQkAGAYjC5CXJV-XUI3DNHgvX7aPeTJH_si-0Mva8F8AN8XRJcBr2J6CuaDZFiM1QRL_CNouthFl74O3-zdENrTXr5XWYf_FWV6VHqHaX4qmSa0_rTZwh7uaMQCAHdLoshd8EeoV56=w408-h873-k-no,true,"https://www.google.com/maps/search/tree+service+businesses+in+Fisher+Park+Greensboro+NC/@36.0824765,-79.7890462,14z",2026-04-29T06:10:03.051Z,9:30 am–6:30 pm,9:30 am–6:30 pm,9:30 am–6:30 pm,9:30 am–6:30 pm,Closed,9:30 am–6:30 pm,9:30 am–6:30 pm,,· In-store shopping · In-store pick-up · Delivery,,
https://www.google.com/maps/place/Mosquito+Squad+Plus+of+the+Triad/data=!4m7!3m6!1s0x88531eb3a8a8421f:0xc3e2f1da54606cc3!8m2!3d36.0895514!4d-79.7824756!16s%2Fg%2F1thzvhg3!19sChIJH0KoqLMeU4gRw2xgVNrx4sM,Mosquito Squad Plus of the Triad,4.9,489,Pest control service,"1405 Yanceyville St Ste A, Greensboro, NC 27405, United States","36Q9+R2 Greensboro, North Carolina, USA",https://www.mosquitosquad.com/triad/,+1 336-923-7854,Open 24 hours,https://lh3.googleusercontent.com/gps-cs-s/APNQkAE6lf9XojnkshEm_dusOv61LnJrlukPbi3RhVAeuUJNV019AXUR6ao6PT_PXBaqwRm99FMvyB3G2h8DpTDWzbTT8D4AjWH0MeaQU9yonuiTWBiVnLFVn4dwd9_nHnNWh56RC4_JxLofHI2q=w408-h272-k-no,true,"https://www.google.com/maps/search/tree+service+businesses+in+Fisher+Park+Greensboro+NC/@36.0824765,-79.7890462,14z",2026-04-29T06:10:08.028Z,Open 24 hours,Open 24 hours,Open 24 hours,Open 24 hours,Open 24 hours,Open 24 hours,Open 24 hours,LGBTQ+ friendly,,,
"https://www.google.com/maps/place/LeBauer+Park+@+Greensboro+Downtown+Parks,+Inc./data=!4m7!3m6!1s0x885319263795fe67:0xacdd248ec46e3d08!8m2!3d36.0747062!4d-79.7880926!16s%2Fg%2F11c1nr3d4f!19sChIJZ_6VNyYZU4gRCD1uxI4k3aw","LeBauer Park @ Greensboro Downtown Parks, Inc.",4.7,2918,Park,"208 N Davie St, Greensboro, NC 27401, United States","36F6+VQ Greensboro, North Carolina, USA",http://www.greensborodowntownparks.org/,+1 336-373-7533,Closed · Opens 7 am,https://lh3.googleusercontent.com/gps-cs-s/APNQkAHhOR25jORvx_qw_ziOOKTZDpRaDrnRUr9IEBWVxlDXvXveJqPytSH-yyS0_oyjNkPN_LBJI_dP0NGBn9r8rh4UkUnVOhkDDSt-YMKLBBgtv36aWXouiET-JPbkzzkXZkRqAzXf=w408-h253-k-no,true,"https://www.google.com/maps/search/tree+service+businesses+in+Fisher+Park+Greensboro+NC/@36.0824765,-79.7890462,14z",2026-04-29T06:10:13.052Z,7 am–10 pm,7 am–10 pm,7 am–10 pm,7 am–10 pm,7 am–10 pm,7 am–10 pm,7 am–10 pm,,"Snug city park with lawns, gardens & creative play areas for kids, plus a stage & concessions. · Dogs allowed",,
https://www.google.com/maps/place/McKnight+Hardware/data=!4m7!3m6!1s0x88531f35576fee17:0x97a654a02f9eb28b!8m2!3d36.0851104!4d-79.7628094!16s%2Fg%2F1tmpfmxs!19sChIJF-5vVzUfU4gRi7KeL6BUppc,McKnight Hardware,4.5,586,Hardware store,"1709 E Bessemer Ave, Greensboro, NC 27405, United States","36PP+2V Greensboro, North Carolina, USA",http://www.acehardware.com/store-details/14002?utm_source=google&utm_medium=local&utm_campaign=localmaps&utm_content=14002,+1 336-273-1943,"Closed · Opens 7:30 am

Confirmed by this business 3 weeks ago",https://lh3.googleusercontent.com/gps-cs-s/APNQkAHjXwCcLrifvE0qk9Pnez0slqo0hKvHgJHhWQCf3Ru_amvrn_9ETULOPESMCWgXuuP7Bgt9oilWz7SYJtYNhqvzeUiEkSExZTOVZtQp6kbv6gvJPfgDYAt3nH0-D2VTBnSfCcdG=w408-h306-k-no,true,"https://www.google.com/maps/search/tree+service+businesses+in+Fisher+Park+Greensboro+NC/@36.0824765,-79.7890462,14z",2026-04-29T06:10:18.056Z,7:30 am–6 pm,7:30 am–6 pm,7:30 am–6 pm,8 am–5 pm,Closed,7:30 am–6 pm,7:30 am–6 pm,,"Hardware store stocking household tools, garden supplies, home decor & more. · In-store pick-up",,
https://www.google.com/maps/place/A+Quality+siding+and+roofing/data=!4m7!3m6!1s0x88531f22520db4fd:0xab0757121f6bace9!8m2!3d35.1705075!4d-79.86097!16s%2Fg%2F1pv0t5vg9!19sChIJ_bQNUiIfU4gR6axrHxJXB6s,A Quality siding and roofing,4.7,104,Roofing contractor,,,http://aqualitysidingandroofing.com/?utm_source=gmb&utm_medium=referral,+1 336-215-4465,Closed · Opens 7 am,https://lh3.googleusercontent.com/gps-cs-s/APNQkAFVKOzsDFSRIjItfZqOSD9Oju78g_DGwh0iBkFGQK69Dln2w4s7rFIfJMf-Vh5iKJ6Urh1GnGaV-O07UbEOWcLR1gHX4UtpKgRbIbFXwpatAkmWz3MYnvJT859Rmoac6kym8XxjGQ=w408-h255-k-no,true,"https://www.google.com/maps/search/tree+service+businesses+in+Fisher+Park+Greensboro+NC/@36.0824765,-79.7890462,14z",2026-04-29T06:10:23.023Z,7 am–7 pm,7 am–7 pm,7 am–7 pm,7 am–7 pm,Closed,7 am–7 pm,7 am–7 pm,,,,
https://www.google.com/maps/place/Maen+Roofing/data=!4m7!3m6!1s0x885319b274fa7e83:0x9837066d136527f4!8m2!3d36.084323!4d-79.763075!16s%2Fg%2F11p0h73lch!19sChIJg376dLIZU4gR9CdlE20GN5g,Maen Roofing,4.9,162,Roofing contractor,"1710 E Bessemer Ave, Greensboro, NC 27405, United States","36MP+PQ Greensboro, North Carolina, USA",https://www.maenroofing.com/,+1 336-285-6200,Closed · Opens 8 am,https://lh3.googleusercontent.com/gps-cs-s/APNQkAFEYTJWiPFMR-soLmFAl2JDY_yxPcMclFx-5_JP3O7DJDUjdN3FPFjyyRdBgZLAjMELncON5jydiPNj0TbKckHXZrGs8ZKpIAQs-gnuk98sckwjjAhwkTiE2DO0dGqLNweAe6h4xi45lVo7=w408-h306-k-no,true,"https://www.google.com/maps/search/tree+service+businesses+in+Fisher+Park+Greensboro+NC/@36.0824765,-79.7890462,14z",2026-04-29T06:10:34.562Z,8 am–5 pm,8 am–5 pm,8 am–5 pm,8 am–1 pm,Closed,8 am–5 pm,8 am–5 pm,Identifies as Latino-owned,,,
https://www.google.com/maps/place/SunPower%C2%AE/data=!4m7!3m6!1s0x89ac47987e832cc3:0xf429be233f77808c!8m2!3d36.1054807!4d-79.8186668!16s%2Fg%2F11f15m5qfl!19sChIJwyyDfphHrIkRjIB3PyO-KfQ,SunPower®,4.5,170,Solar energy company,"2800 Lawndale Dr Suite 101, Greensboro, NC 27408, United States","454J+5G Greensboro, North Carolina, USA",https://blueravensolar.com/north-carolina/,+1 800-377-4480,Closed · Opens 10 am,https://lh3.googleusercontent.com/gps-cs-s/APNQkAGT0a2h66GWjg224AunzlVzsoAN6sRFfR3sonycZFb2-LgM9LvlZJLnbOfXa7nhf3_D6PrRv3cyy6jTp_TCM0NWftCeUtpNNPwExCPdiAGYvJyhHFb8lUy_Qp3hz6kwla4RT1pn=w408-h408-k-no,true,"https://www.google.com/maps/search/tree+service+businesses+in+Fisher+Park+Greensboro+NC/@36.0824765,-79.7890462,14z",2026-04-29T06:10:39.327Z,10 am–12 am,10 am–12 am,10 am–12 am,10 am–10 pm,Closed,10 am–12 am,10 am–12 am,,,,
https://www.google.com/maps/place/A-Z+DESIGN+%26+INSTALL/data=!4m7!3m6!1s0xd7cabd4972a2f71:0x8eb58974ccf398ae!8m2!3d36.191588!4d-79.881846!16s%2Fg%2F11pdxk1rls!19sChIJcS8ql9SrfA0RrpjzzHSJtY4,A-Z DESIGN & INSTALL,,,Masonry contractor,,,https://mail.google.com/mail/u/1/#inbox/FMfcgzGllMFbRWLcnSkWSRLtQQnhdHxF,+1 336-587-8856,Closed · Opens 7:30 am,https://lh3.googleusercontent.com/gps-cs-s/APNQkAGanII7i8xz1Tl6lOVjY9z8N-7R_B50P1Uh5ziMkOycgQuqIwe7Wu2CVA6Udwl8HCpEj6xP_u02mkjz48t4FNYexJfnCABfA2dRqkJ2j2iUnaPZ9Oo6p3Fg4lxwF8dsS_eMnoai=w408-h408-k-no,true,"https://www.google.com/maps/search/tree+service+businesses+in+Fisher+Park+Greensboro+NC/@36.0824765,-79.7890462,14z",2026-04-29T06:10:44.076Z,7:30 am–6 pm,7:30 am–6 pm,7:30 am–6 pm,7:30 am–6 pm,Closed,7:30 am–6 pm,7:30 am–6 pm,,,,
https://www.google.com/maps/place/Clemmons+Florist+Inc./data=!4m7!3m6!1s0x885319244cbf8ea7:0xade55918b049101c!8m2!3d36.1120694!4d-79.8311096!16s%2Fg%2F1tlbk872!19sChIJp46_TCQZU4gRHBBJsBhZ5a0,Clemmons Florist Inc.,5.0,1751,Florist,"2828 Battleground Ave E, Greensboro, NC 27408, United States","4569+RH Greensboro, North Carolina, USA",http://www.clemmonsfloristinc.com/?utm_source=google&utm_medium=organic&utm_campaign=gbp_website_link,+1 336-282-1701,,https://lh3.googleusercontent.com/gps-cs-s/APNQkAFkeNMLGx3VhQRB0na3qeOddBNpMy2c3a8GuLHukT19lhZTFgSh_2kUnfmNEj9LqI0kn4ksZyyRuci_Uv11GwztY9xDgzrKh3rGYOBqlTK2zDXVh8eyBfZIi15_1-5y93oQn8LaxQ=w408-h408-k-no,true,"https://www.google.com/maps/search/tree+service+businesses+in+Fisher+Park+Greensboro+NC/@36.0824765,-79.7890462,14z",2026-04-29T06:10:49.412Z,9 am–3 pm,9 am–3 pm,9 am–3 pm,9–11 am,Closed,9 am–3 pm,9 am–3 pm,LGBTQ+ friendly,· In-store shopping · Kerbside pickup · Delivery,,
https://www.google.com/maps/place/Belvedere+Properties/data=!4m7!3m6!1s0x88531c1fde86b0b3:0xfdcb098b611cc510!8m2!3d36.1065017!4d-79.8234594!16s%2Fg%2F11r8__y6b!19sChIJs7CG3h8cU4gREMUcYYsJy_0,Belvedere Properties,3.0,74,Property management company,"2606 Branchwood Dr, Greensboro, NC 27408, United States","454G+JJ Greensboro, North Carolina, USA",http://bprentnc.com/,+1 336-209-5987,Closed · Opens 10 am,https://streetviewpixels-pa.googleapis.com/v1/thumbnail?panoid=I_6LseCN72FgUUvis5J5rA&cb_client=search.gws-prod.gps&w=408&h=240&yaw=49.41916&pitch=0&thumbfov=100,true,"https://www.google.com/maps/search/tree+service+businesses+in+Fisher+Park+Greensboro+NC/@36.0824765,-79.7890462,14z",2026-04-29T06:10:54.542Z,10 am–4 pm,10 am–4 pm,10 am–4 pm,Closed,Closed,10 am–4 pm,10 am–4 pm,Identifies as women-owned,,,
https://www.google.com/maps/place/Lark+Greensboro/data=!4m7!3m6!1s0x88531905e559f7a1:0x5e6d13be3f431af4!8m2!3d36.0712336!4d-79.7865756!16s%2Fg%2F11ny0xw498!19sChIJofdZ5QUZU4gR9BpDP74TbV4,Lark Greensboro,5.0,90,Personal trainer,"201 S Church St, Greensboro, NC 27401, United States","36C7+F9 Greensboro, North Carolina, USA",https://www.larkgso.com/,+1 336-355-8195,,https://lh3.googleusercontent.com/gps-cs-s/APNQkAE8rkiQJzB9ozIrGsWWQs-XP6kUiB1Swxpd-zucfi1pS4n4CqLxAjiEu1K58X0fSYqOjh0pe-wtJFRFUNZnf81AH3Pmx6Y3kIlvqRWabok5fmKuY1e4tAKovf46pZunOvEgs0gj=w408-h272-k-no,true,"https://www.google.com/maps/search/tree+service+businesses+in+Fisher+Park+Greensboro+NC/@36.0824765,-79.7890462,14z",2026-04-29T06:10:58.589Z,,,,,,,,Identifies as women-owned,,,
https://www.google.com/maps/place/Outdoor+Exposure/data=!4m7!3m6!1s0x885307fc2ec2440d:0x8fa4ef5325775c84!8m2!3d35.9192738!4d-80.0941063!16s%2Fg%2F11h32b2zcf!19sChIJDUTCLvwHU4gRhFx3JVPvpI8,Outdoor Exposure,4.7,55,Tree service,"172 Hasty School Rd, Thomasville, NC 27360, United States","WW94+P9 Thomasville, North Carolina, USA",https://outdoorexposuretreeservice.com/,+1 336-215-2719,Open 24 hours,https://lh3.googleusercontent.com/gps-cs-s/APNQkAEkTJMRckJt8x9WZem6R2tEOmpK179HA2CGr3HQCrYUfqhr7lmVFru1iwbPIhAOQNU1tQvzwX_sbT-YWqV_QHnGpVqlTsvaMVqkhLVyjc1Or4D4DNtZqlRYKue1aElFDRJ0csva=w408-h342-k-no,true,"https://www.google.com/maps/search/tree+service+businesses+in+Fisher+Park+Greensboro+NC/@36.0824765,-79.7890462,14z",2026-04-29T06:11:04.493Z,Open 24 hours,Open 24 hours,Open 24 hours,Open 24 hours,Open 24 hours,Open 24 hours,Open 24 hours,LGBTQ+ friendly,,,
https://www.google.com/maps/place/Greensboro+Farmers+Curb+Market/data=!4m7!3m6!1s0x885318d1317941d3:0x79d2ef95b8a63b2a!8m2!3d36.0784842!4d-79.778663!16s%2Fg%2F1tdhfq0w!19sChIJ00F5MdEYU4gRKjumuJXv0nk,Greensboro Farmers Curb Market,4.6,630,Farmers' market,"501 Yanceyville St, Greensboro, NC 27405, United States","36HC+9G Greensboro, North Carolina, USA",http://gsofarmersmarket.org/,+1 336-373-2402,Closed · Opens 8 am Sat,https://lh3.googleusercontent.com/gps-cs-s/APNQkAG5gO_EpndxbmaHXL9kt3G8BfvT__f05-kn3z8u42arWM5GmaTlbw9nD-F3_tl6N1JmqNrPIGXiN8z7XhNYQLChYgYDbw6J4kMNFiNd9PRJ3fmuKgf2TFDsXpEakamfnmOQGH2ycw=w426-h240-k-no,true,"https://www.google.com/maps/search/tree+service+businesses+in+Fisher+Park+Greensboro+NC/@36.0824765,-79.7890462,14z",2026-04-29T06:11:10.441Z,Closed,Closed,Closed,8 am–12 pm,Closed,Closed,4–7 pm,,,,
https://www.google.com/maps/place/KMD+Homes+Team+%7C+COMPASS/data=!4m7!3m6!1s0x88531dad15693ca7:0xcb858dc4fb75f91b!8m2!3d36.0899906!4d-79.8247621!16s%2Fg%2F11g0g8y2dk!19sChIJpzxpFa0dU4gRG_l1-8SNhcs,KMD Homes Team | COMPASS,4.8,20,Real estate agency,"701 Green Valley Road Venture X, #100, Greensboro, NC 27408, United States","35QG+X3 Greensboro, North Carolina, USA",http://www.kmdhomesteam.com/,+1 336-776-7086,Closed · Opens 9 am,https://lh3.googleusercontent.com/gps-cs-s/APNQkAG_YRyczEA3Tyh4ffXDYiVEBkji5FFP5EpclJ6al5uj4Xj5nk7m6iognH5XYSKoqAIcBQHCPIu41BAtKN4RAAXqZhmx1dwReGRPR2jjIBxS_XSdmGm2HxPTL-2TXr7plCKplXMw=w513-h240-k-no,true,"https://www.google.com/maps/search/tree+service+businesses+in+Fisher+Park+Greensboro+NC/@36.0824765,-79.7890462,14z",2026-04-29T06:11:15.937Z,9 am–5 pm,9 am–5 pm,9 am–5 pm,Closed,Closed,Closed,9 am–5 pm,,,,
"https://www.google.com/maps/place/Kenneth+M.+Johnson,+PA/data=!4m7!3m6!1s0x885318d8f6ded1d7:0xea8e17c76bca812b!8m2!3d36.0722756!4d-79.7829277!16s%2Fg%2F1tscpqb5!19sChIJ19He9tgYU4gRK4HKa8cXjuo","Kenneth M. Johnson, PA",4.3,30,Bankruptcy attorney,"701 E Market St, Greensboro, NC 27401, United States","36C8+WR Greensboro, North Carolina, USA",,+1 336-272-8273,Closed · Opens 9 am,https://lh3.googleusercontent.com/gps-cs-s/APNQkAEA1U8pQ4Hgr_3vdsHUmH1H4BR8xCRQxoDTIoYcz4EDlJfymHelxHivTyWKwRD7G7ESbIDfDx0UQ7HlUMCDTN9CZyc5VsMlYuYKwCwOuSL0P7MrB3dvBtVf-C48EsPaFzDNhqY=w408-h272-k-no,true,"https://www.google.com/maps/search/tree+service+businesses+in+Fisher+Park+Greensboro+NC/@36.0824765,-79.7890462,14z",2026-04-29T06:11:21.723Z,9 am–5 pm,9 am–5 pm,9 am–5 pm,Closed,Closed,9 am–5 pm,9 am–5 pm,,,,
"https://www.google.com/maps/place/Freeland+Landscape+Group+Inc/@35.445166,-79.86097,7z/data=!3m1!4b1!4m6!3m5!1s0x88531e908faee953:0x4625e64952a40233!8m2!3d35.445166!4d-79.86097!16s%2Fg%2F11hbfh39n6",Freeland Landscape Group Inc,,,Landscaper,,,,+1 336-259-5557,Closed · Opens 9 am,,true,"https://www.google.com/maps/search/tree+service+businesses+in+Fisher+Park+Greensboro+NC/@36.0824765,-79.7890462,14z",2026-04-29T06:11:28.741Z,9 am–5 pm,9 am–5 pm,9 am–5 pm,9 am–5 pm,9 am–5 pm,9 am–5 pm,9 am–5 pm,,,,
"https://www.google.com/maps/place/Epic+Tree+Services+of+Greensboro/@36.095535,-79.8143015,11z/data=!3m1!4b1!4m6!3m5!1s0x88531ba892ee9079:0x83319fc98ed455a4!8m2!3d36.095535!4d-79.8143016!16s%2Fg%2F11y5grvzql",Epic Tree Services of Greensboro,,,Tree service,,,https://www.epictreeservices.com/greensboro-nc/,+1 336-962-6535,Closed · Opens 8 am,,true,"https://www.google.com/maps/search/tree+service+businesses+in+Fisher+Park+Greensboro+NC/@36.0824765,-79.7890462,14z",2026-04-29T06:11:36.000Z,8 am–6 pm,8 am–6 pm,8 am–6 pm,8 am–6 pm,8 am–6 pm,8 am–6 pm,8 am–6 pm,,,,
https://www.google.com/maps/place/Designs+North+Florist+%26+Interiors/data=!4m7!3m6!1s0x88531f272f316b31:0xcaa1d1ff5789f581!8m2!3d36.101517!4d-79.782417!16s%2Fg%2F1td0h63q!19sChIJMWsxLycfU4gRgfWJV__Roco,Designs North Florist & Interiors,3.7,84,Florist,"504 E Cornwallis Dr Suite A, Greensboro, NC 27405, United States","4629+J2 Greensboro, North Carolina, USA",http://www.theflowershoppes.com/,+1 336-373-1340,Closed · Opens 9 am,https://lh3.googleusercontent.com/gps-cs-s/APNQkAFa3cmDW5U1GzRgmMfvlyaFdeyKIHBy8Hnu0BpUzEWYa3qtf6W22hQrzqtYHkR210J5qbVvEdbrdWaje95s8D4XfcW0jM_A-hvzTVWJnPbbQFP1IXMByr4OkHJvyxPoZbAgiwkW=w408-h611-k-no,true,"https://www.google.com/maps/search/tree+service+businesses+in+Fisher+Park+Greensboro+NC/@36.0824765,-79.7890462,14z",2026-04-29T06:11:40.884Z,9 am–5 pm,9 am–5 pm,9 am–5 pm,9 am–3 pm,Closed,9 am–5 pm,9 am–5 pm,,· Delivery,,
https://www.google.com/maps/place/YT+Tree+Service/data=!4m7!3m6!1s0x88531f74503e394d:0x3efd68daae931f9e!8m2!3d36.095535!4d-79.8143016!16s%2Fg%2F11cn3wnlgn!19sChIJTTk-UHQfU4gRnh-Trtpo_T4,YT Tree Service,3.0,4,Tree service,,,,+1 336-954-3822,Closed · Opens 8 am,https://lh3.googleusercontent.com/gps-cs-s/APNQkAEdlocuMbBQQJRjKy2rE7Ne2DZihE3niETPFhI8pdo0l8a0v2VV4D6xiNuYdZ_pA9wakG2Z2xdb7u9qNJ4ZYdadME4a1i5Jl0rE-Yso39nCM_JKCzx_UQMO9dHkrC_jEHh2hgo=w408-h272-k-no,true,"https://www.google.com/maps/search/tree+service+businesses+in+Fisher+Park+Greensboro+NC/@36.0824765,-79.7890462,14z",2026-04-29T06:11:45.793Z,8 am–5 pm,8 am–5 pm,8 am–5 pm,8 am–5 pm,Closed,8 am–5 pm,8 am–5 pm,,,,
https://www.google.com/maps/place/BreakThrough+Physical+Therapy/data=!4m7!3m6!1s0x88531f265228bd1b:0xa8a4da020aa6780!8m2!3d36.0959534!4d-79.7801606!16s%2Fg%2F1vvdvxy4!19sChIJG70oUiYfU4gRgGeqIKBNigo,BreakThrough Physical Therapy,4.9,134,Physical therapy clinic,"1591 Yanceyville St #400, Greensboro, NC 27405, United States","36W9+9W Greensboro, North Carolina, USA",https://breakthrough-pt.com/location/greensboro-yanceyville-street/?UTM_source=GMB_listing&UTM_medium=organic,+1 336-274-7480,"Closed · Opens 7:30 am

Updated by this business 5 weeks ago",https://lh3.googleusercontent.com/gps-cs-s/APNQkAFrsKUkGz0lomlCz5t8XpHXoCTd9t_Vs4re3ToEu-7BHJLtL_kEpu6l4j7UqZtzLJ6uprxXbCy2NZCnkU1rafPArvt2r6pUBGlv4CmhIAl0PFSvtX3sgWhBBOyCUTeMwwFgTq_Tdw=w408-h544-k-no,true,"https://www.google.com/maps/search/tree+service+businesses+in+Fisher+Park+Greensboro+NC/@36.0824765,-79.7890462,14z",2026-04-29T06:11:50.786Z,7:30 am–6 pm,7:30 am–7 pm,7:30 am–1 pm,Closed,Closed,7:30 am–6 pm,7:30 am–7 pm,,,,
https://www.google.com/maps/place/Howard+Hanna+Tate+Greensboro/data=!4m7!3m6!1s0x88531eac5a9bdd51:0x74d15278131aff16!8m2!3d36.0925354!4d-79.8218854!16s%2Fg%2F1hm6hjq55!19sChIJUd2bWqweU4gRFv8aE3hS0XQ,Howard Hanna Tate Greensboro,4.1,33,Real estate agency,"717 Green Valley Rd Suite 175, Greensboro, NC 27408, United States","35VH+26 Greensboro, North Carolina, USA",https://www.allentate.com/Office/Detail/Greensboro/328991213,+1 336-273-7771,Closed · Opens 9 am,https://lh3.googleusercontent.com/gps-cs-s/APNQkAFD4nDfLNTpPxJWxVKVOkd2Ztjg_TvFwXVLNTC9qrIjdY_dCKBip7uVemvhc5qObtA_J5H7SF26hnaEo3JEA3Khbvzypf9LtnMEF5rziMgU5bm5QYUT-KCNrVyuNA_W-gCvWgUBDg=w426-h240-k-no,true,"https://www.google.com/maps/search/tree+service+businesses+in+Fisher+Park+Greensboro+NC/@36.0824765,-79.7890462,14z",2026-04-29T06:11:56.020Z,9 am–5 pm,9 am–5 pm,9 am–5 pm,Closed,Closed,9 am–5 pm,9 am–5 pm,,,,
https://www.google.com/maps/place/Mr.+Rooter+Plumbing+of+East+Greensboro+-+Burlington/data=!4m7!3m6!1s0x88531f211a35ff17:0x50baaa8e58ffb262!8m2!3d36.09365!4d-79.819913!16s%2Fg%2F11bwqbzk1x!19sChIJF_81GiEfU4gRYrL_WI6qulA,Mr. Rooter Plumbing of East Greensboro - Burlington,4.6,77,Plumber,"1901 Lendew St, Greensboro, NC 27408, United States","35VJ+F2 Greensboro, North Carolina, USA",https://mrrooter.com/east-greensboro-burlington/?cid=LSTL_MRR000199&utm_source=gmb&utm_campaign=local&utm_medium=organic,+1 336-347-4304,"Open 24 hours

Confirmed by this business 5 weeks ago",https://lh3.googleusercontent.com/gps-cs-s/APNQkAG9Jhd0zxMH2g3aMReU61f4gG7HzM8390d0mNCxgkzERzjnq3DjWTy4x3QWMcxybShNE9VdJTDF42CkwPbo_T3n73lRG0G2TFsdqL0CJ0j91SLjHQ4GrtvjYJQGAN7Ko17EAqW4=w426-h240-k-no,true,"https://www.google.com/maps/search/tree+service+businesses+in+Fisher+Park+Greensboro+NC/@36.0824765,-79.7890462,14z",2026-04-29T06:12:00.944Z,Open 24 hours,Open 24 hours,Open 24 hours,Open 24 hours,Open 24 hours,Open 24 hours,Open 24 hours,Identifies as veteran-owned,,,
https://www.google.com/maps/place/SEALED+%26+DONE+LLC/data=!4m7!3m6!1s0x88531f07e25387c7:0xed90d0bf359580e0!8m2!3d36.036031!4d-79.8790197!16s%2Fg%2F11pb_tndmk!19sChIJx4dT4gcfU4gR4ICVNb_QkO0,SEALED & DONE LLC,4.8,44,Handyman/Handywoman/Handyperson,,,http://sealed-and-done-llc.square.site/,+1 336-920-0605,Closed · Opens 7 am,https://lh3.googleusercontent.com/gps-cs-s/APNQkAHMWpR8MQXsvjMRAofyTbXgjpIq8kHha8cUJezMUeq9tHLd-mog-qLFLzece4LXE83-mvRYy4fPlXa7rWyvyMnHRvJ-TZkjnM6IyjhzLRrUHLaoPQNHBr_nMpT_yYX5Ip1Zeob0=w426-h240-k-no,true,"https://www.google.com/maps/search/tree+service+businesses+in+Fisher+Park+Greensboro+NC/@36.0824765,-79.7890462,14z",2026-04-29T06:12:05.684Z,7 am–5 pm,7 am–5 pm,7 am–5 pm,9 am–3 pm,Closed,7 am–5 pm,7 am–5 pm,,,,
https://www.google.com/maps/place/PhotoBiz/data=!4m7!3m6!1s0x8853193ada89c65f:0xd7095cdf9b01ac0c!8m2!3d36.0713767!4d-79.7900094!16s%2Fg%2F12ml2wz4c!19sChIJX8aJ2joZU4gRDKwBm99cCdc,PhotoBiz,4.8,66,Website designer,"201 S Elm St, Greensboro, NC 27401, United States","36C5+HX Greensboro, North Carolina, USA",https://www.photobiz.com/,+1 866-463-7620,Closed · Opens 9 am,https://lh3.googleusercontent.com/gps-cs-s/APNQkAFGKQ0xNQNLos0hR4LccA-Ddv0ATlt8BSWwMlcyIAjM39cc8y5uyj6u65HjtyOKxBA7r-Ui4eFbVeG9QeF-mgqNopM7amIDMC0YSkFq2Gg0FAYSYTJ72Ximl7w-ZgXurxEvWsyn=w408-h306-k-no,true,"https://www.google.com/maps/search/tree+service+businesses+in+Fisher+Park+Greensboro+NC/@36.0824765,-79.7890462,14z",2026-04-29T06:12:10.624Z,9 am–6 pm,9 am–6 pm,9 am–6 pm,Closed,Closed,9 am–6 pm,9 am–6 pm,Identifies as women-owned,,,
https://www.google.com/maps/place/Terra+Blue/data=!4m7!3m6!1s0x88531922217a412d:0xdafc2af7cc0e3249!8m2!3d36.0666966!4d-79.7910233!16s%2Fg%2F1tfcp0xc!19sChIJLUF6ISIZU4gRSTIOzPcq_No,Terra Blue,4.7,689,Metaphysical supply store,"518 S Elm St, Greensboro, NC 27406, United States","3685+MH Greensboro, North Carolina, USA",http://www.myterrablue.com/,+1 336-275-0653,Closed · Opens 11 am,https://lh3.googleusercontent.com/gps-cs-s/APNQkAG5-qquabupLeqnqubyANua4xwq31D0g1zY1tH5T2e5nMkgk6NlaJykqzDppt2_cNYqB2y0SVNewgnRGArwhD6gA3JhtcxteqVrcKBvKUjbI8zV94kptsMSviWO-mmzx65idMSJjQ=w408-h306-k-no,true,"https://www.google.com/maps/search/tree+service+businesses+in+Fisher+Park+Greensboro+NC/@36.0824765,-79.7890462,14z",2026-04-29T06:12:15.803Z,11 am–7 pm,11 am–7 pm,11 am–7 pm,11 am–7 pm,12–6 pm,11 am–7 pm,11 am–7 pm,,· In-store shopping,,
"https://www.google.com/maps/place/Piedmont+Triad+Insurance,+an+Epperson+Insurance+Group+company/data=!4m7!3m6!1s0x88531ea734431799:0x68da148a6483862f!8m2!3d36.0883251!4d-79.8078866!16s%2Fg%2F1tgz65fb!19sChIJmRdDNKceU4gRL4aDZIoU2mg","Piedmont Triad Insurance, an Epperson Insurance Group company",4.8,214,Insurance agency,"7 Battleground Ct #224, Greensboro, NC 27408, United States","35QR+8R Greensboro, North Carolina, USA",https://www.piedmonttriadinsurance.com/,+1 336-282-5555,"Closed · Opens 8:30 am

Updated by this business 8 weeks ago",https://lh3.googleusercontent.com/gps-cs-s/APNQkAFM9rFTe05MPozeKqwff82grlEIIFEnbGgBaldY5SqxQ74PHcyYCtLo4yAK59jwU50rSBw-OPOV_vQ-Ee0u29J8vD-Ac5nzTthShKD5KRjt4v2GD5nRxwo1yHtUK6reCEGA42G0pg=w408-h240-k-no-pi0-ya184.53516-ro-0-fo100,true,"https://www.google.com/maps/search/tree+service+businesses+in+Fisher+Park+Greensboro+NC/@36.0824765,-79.7890462,14z",2026-04-29T06:12:21.094Z,8:30 am–5 pm,8:30 am–5 pm,8:30 am–4 pm,Closed,Closed,8:30 am–5 pm,8:30 am–5 pm,,,,
https://www.google.com/maps/place/Budget+Stump+Grinding/data=!4m7!3m6!1s0x8853234d65560a87:0x58feb38112b99842!8m2!3d36.0785174!4d-79.7896394!16s%2Fg%2F1hf0yywkq!19sChIJhwpWZU0jU4gRQpi5EoGz_lg,Budget Stump Grinding,5.0,41,Tree service,,,http://budgetstumpgrinding.com/,+1 336-707-5066,Open 24 hours,https://lh3.googleusercontent.com/gps-cs-s/APNQkAFhXH9JnfeVTjDrdYVsPC9DOZIDixYFSP0K97Vph0oiy7bPj7jOW-dFwb1FNsudmowdsXoRFvfDOcWUZ-7TFITe2uUuf1OpRJdyha4fvZskNwV8VCoe2mbGNnwhUo8B-uuz5YFK=w408-h306-k-no,true,"https://www.google.com/maps/search/tree+service+businesses+in+Forest+Oaks+Greensboro+NC/@35.9881911,-79.7061383,14z",2026-04-29T06:12:48.288Z,Open 24 hours,Open 24 hours,Open 24 hours,Open 24 hours,Open 24 hours,Open 24 hours,Open 24 hours,,,,
https://www.google.com/maps/place/A4+Outdoor+Solutions+-+Greensboro/data=!4m7!3m6!1s0xa4acad337ff5200d:0x756ff0ef2c99efbd!8m2!3d35.9323895!4d-80.021539!16s%2Fg%2F11y30d636y!19sChIJDSD1fzOtrKQRve-ZLO_wb3U,A4 Outdoor Solutions - Greensboro,5.0,3,Lighting contractor,,,https://www.a4outdoorsolutions.com/,+1 336-560-8864,Open 24 hours,https://lh3.googleusercontent.com/gps-cs-s/APNQkAG54qBwRQ6cymSkfHjDm3HnP4armqb4STgd-IK2YMZLaUwaJsNMd0K0EU8OdodqtjLhtar7Ya70RkKBX5J2gtvAd9GpmfJnmkOTcAcb2Nzhdlgrut_0u7rEeUdynRdYLX3gcFMoMQ=w426-h240-k-no,true,"https://www.google.com/maps/search/tree+service+businesses+in+Forest+Oaks+Greensboro+NC/@35.9881911,-79.7061383,14z",2026-04-29T06:12:53.044Z,Open 24 hours,Open 24 hours,Open 24 hours,Open 24 hours,Open 24 hours,Open 24 hours,Open 24 hours,,,,
https://www.google.com/maps/place/Green+View+Landscaping/data=!4m7!3m6!1s0x885317fe7727388f:0xe69169cb8d42c921!8m2!3d35.9910193!4d-79.7418058!16s%2Fg%2F1thpxjml!19sChIJjzgnd_4XU4gRIclCjctpkeY,Green View Landscaping,4.7,23,Landscaper,"4706 Liberty Rd, Greensboro, NC 27406, United States","X7R5+C7 Greensboro, North Carolina, USA",http://www.makingyouroutdoorshome.com/,+1 336-674-7761,"Closed · Opens 8 am

Updated by this business 7 weeks ago",https://lh3.googleusercontent.com/gps-cs-s/APNQkAFblxfJGzDYJPCY8XQ9XgboOLjBdl_4hTAPURRDa2X8Wnv8b5gUVeP2sfzHLd6axG1PKETLfTEv3KtrsNGr3ofQkymkK8sViFIcwG1QXmetv3DZK9fT7aEcCyAr1HibZKM3twRE=w427-h240-k-no,true,"https://www.google.com/maps/search/tree+service+businesses+in+Forest+Oaks+Greensboro+NC/@35.9881911,-79.7061383,14z",2026-04-29T06:12:57.859Z,8 am–5 pm,8 am–5 pm,8 am–5 pm,8 am–12 pm,Closed,8 am–5 pm,8 am–5 pm,,,,
https://www.google.com/maps/place/Need+A+Tree+Cut/data=!4m7!3m6!1s0x88531a6fffffffff:0x57091f28f8733ec4!8m2!3d35.9219658!4d-79.7910929!16s%2Fg%2F113jvznrz!19sChIJ_____28aU4gRxD5z-CgfCVc,Need A Tree Cut,4.7,10,Tree service,"539 Hodgin Valley Rd, Pleasant Garden, NC 27313, United States","W6C5+QH Pleasant Garden, North Carolina, USA",,+1 336-362-3481,Closed · Opens 8 am,https://lh3.googleusercontent.com/gps-cs-s/APNQkAHtFgwhEw9lUH1Ib6W4R4l1MzUdw1rqWkRC6xSyaY0pHwzAXNImIH1cA9lK30-aI_xBkEzX9XIIgpxRK4hjRMNI4RQVT0noBGIrB1F2eywhAIStYAvl-4tfe-2C-RmCvB1K5AI-=w425-h240-k-no,true,"https://www.google.com/maps/search/tree+service+businesses+in+Forest+Oaks+Greensboro+NC/@35.9881911,-79.7061383,14z",2026-04-29T06:13:02.993Z,8 am–5 pm,8 am–5 pm,8 am–5 pm,8 am–5 pm,Closed,8 am–5 pm,8 am–5 pm,,,,
https://www.google.com/maps/place/Premier+Hardscapes/data=!4m7!3m6!1s0xab6f34d3df301731:0xdd69f58602629523!8m2!3d36.0636701!4d-80.021539!16s%2Fg%2F11vl4gcw5_!19sChIJMRcw39M0b6sRI5ViAob1ad0,Premier Hardscapes,5.0,6,Landscaper,,,http://www.premierhardscapesllc.com/,+1 336-965-8815,Closed · Opens 8 am,https://lh3.googleusercontent.com/gps-cs-s/APNQkAFjiwaOwf0SEHNzAcCnkjszbDt0zsha4m-_upbE6aigY7q6j7aX2c3wpAaypudzfyNiQsSZxOkQLR6xSlpwykpigDoTj5p6pr9P0WCgzSpdb46qlD4YybCF_iM-z1QxjWnXCdp_mVvp8VH-=w408-h544-k-no,true,"https://www.google.com/maps/search/tree+service+businesses+in+Forest+Oaks+Greensboro+NC/@35.9881911,-79.7061383,14z",2026-04-29T06:13:07.812Z,8 am–6 pm,8 am–6 pm,8 am–6 pm,8 am–6 pm,Closed,8 am–6 pm,8 am–6 pm,,,,
https://www.google.com/maps/place/CNC+Tree+Service/data=!4m7!3m6!1s0x8853250e26451c53:0xe76fbc581dd5b200!8m2!3d36.0043157!4d-79.6276426!16s%2Fg%2F11pxyqcnr9!19sChIJUxxFJg4lU4gRALLVHVi8b-c,CNC Tree Service,5.0,4,Tree service,"5592 Wild Turkey Rd, Whitsett, NC 27377, United States","293C+PW Whitsett, North Carolina, USA",https://www.facebook.com/cnctreeservice/,+1 336-478-5743,Open 24 hours,https://lh3.googleusercontent.com/gps-cs-s/APNQkAHw2dZyOEOBO7ojzmZsJSIkyA7gNn0B61F-3bIGSl-AYdOWLQ0fEVMJvbEndoGP_E118rNx1OogblhT8tiZSJ0mAuNyrzqYgLUmeoz5TC4pZKjfXZsp6GAB1tYL4Of0xqRRSu_w-A=w408-h544-k-no,true,"https://www.google.com/maps/search/tree+service+businesses+in+Forest+Oaks+Greensboro+NC/@35.9881911,-79.7061383,14z",2026-04-29T06:13:12.661Z,Open 24 hours,Open 24 hours,Open 24 hours,Open 24 hours,Open 24 hours,Open 24 hours,Open 24 hours,,,,
https://www.google.com/maps/place/Goldman%E2%80%99s+Tree+Service+LLC/data=!4m7!3m6!1s0x2ce1f22dd62b9cc7:0x82cb4b447f4a5fe0!8m2!3d35.6144484!4d-79.725846!16s%2Fg%2F11v0crbg44!19sChIJx5wr1i3y4SwR4F9Kf0RLy4I,Goldman’s Tree Service LLC,4.3,22,Tree service,,,,+1 336-681-0982,Open 24 hours,https://lh3.googleusercontent.com/gps-cs-s/APNQkAFvyi7QpSpL7bES4LKzO0gFLwBNXhO0BjxYhfgmdr7V9tRcuol2L6opeLELO1jDHOz9m53W4hGNul42bchHlREQh8XuQXonEF0U8PJ9SpZ1WjsLijXzM8MUttnW0IaJk-Gbka8u=w408-h725-k-no,true,"https://www.google.com/maps/search/tree+service+businesses+in+Forest+Oaks+Greensboro+NC/@35.9881911,-79.7061383,14z",2026-04-29T06:13:17.383Z,Open 24 hours,Open 24 hours,Open 24 hours,Open 24 hours,Open 24 hours,Open 24 hours,Open 24 hours,,,,
https://www.google.com/maps/place/J+%26+J+Quality+Landscape/data=!4m7!3m6!1s0x8853095d00d6cd4f:0x7942358bae340073!8m2!3d36.0785174!4d-79.959262!16s%2Fg%2F126300n7w!19sChIJT83WAF0JU4gRcwA0ros1Qnk,J & J Quality Landscape,4.9,34,Landscaper,,,https://jjqualitylandscape.com/,+1 336-860-7265,Closed · Opens 7:30 am,https://lh3.googleusercontent.com/gps-cs-s/APNQkAEQLBeg1DrI6mnZ2AgruwKT5OwxWLIPTdgg2La6kqSvpybOfqXVYYi3pdKQNFFB2gSStt1r2QFMSklSRwC5Er3heGS4rgAjt5pj1dmzEjfncYpBKqwkGv470UCslLp8TWOVZLSM=w426-h240-k-no,true,"https://www.google.com/maps/search/tree+service+businesses+in+Forest+Oaks+Greensboro+NC/@35.9881911,-79.7061383,14z",2026-04-29T06:13:22.428Z,7:30 am–5 pm,7:30 am–5 pm,7:30 am–5 pm,7:30 am–12 pm,Closed,7:30 am–5 pm,7:30 am–5 pm,,,,
https://www.google.com/maps/place/Heavenly+Grading+%26+Landscapes/data=!4m7!3m6!1s0x88533d21fc7048dd:0x48e638cf3626ae1!8m2!3d35.0381036!4d-79.1548435!16s%2Fg%2F11h18zsfy7!19sChIJ3Uhw_CE9U4gR4Wpi84xjjgQ,Heavenly Grading & Landscapes,4.0,4,Excavating contractor,,,http://www.heavenlygradingandlandscapes.com/,+1 336-669-1764,Closed · Opens 7 am,https://lh3.googleusercontent.com/gps-cs-s/APNQkAHlhpC8mIX567RGmABjRCCC6QZm8s3b78JtR43-fnjhHujHB2Wvlip0bnst9_HVFiCHZf6I6YKVZZOs4Dj0PVWKp5TNvRlyf7lfzb4av3nE2yDTHSsX9l9m1dJmGf_STqSHRpvy=w426-h240-k-no,true,"https://www.google.com/maps/search/tree+service+businesses+in+Forest+Oaks+Greensboro+NC/@35.9881911,-79.7061383,14z",2026-04-29T06:13:27.463Z,7 am–5:30 pm,7 am–5:30 pm,7 am–5:30 pm,Closed,Closed,7 am–5:30 pm,7 am–5:30 pm,,,,
https://www.google.com/maps/place/Yard+Brothers+Landscaping/data=!4m7!3m6!1s0x885310d444e6dc0b:0xeb8796d1edc61626!8m2!3d35.9645526!4d-79.8333298!16s%2Fg%2F11c464pxsy!19sChIJC9zmRNQQU4gRJhbG7dGWh-s,Yard Brothers Landscaping,4.6,20,Landscaper,"2004 Shelley Dr, Greensboro, NC 27406, United States","X578+RM Greensboro, North Carolina, USA",http://yblandscaping.com/,+1 336-553-7703,Closed · Opens 8 am,https://lh3.googleusercontent.com/gps-cs-s/APNQkAEupN9FFg7Z7ZIM-hBGCCzQh0j3svCzOjRSUHrjDkg81hI5LEq4daSxq1Rr6_iqvSogUEKxSYP2-Nb9-Bh-JJ3sAkiskQknbk-WGWV8g2g2oaY3UpSoECl7L9375j_Qr3GMiNo=w408-h306-k-no,true,"https://www.google.com/maps/search/tree+service+businesses+in+Forest+Oaks+Greensboro+NC/@35.9881911,-79.7061383,14z",2026-04-29T06:13:32.333Z,8 am–5 pm,8 am–5 pm,8 am–5 pm,8 am–1 pm,Closed,8 am–5:30 pm,8 am–5 pm,,,,
https://www.google.com/maps/place/Outdoor+Excellence+Complete+Tree+Service/data=!4m4!3m3!1s0xc5555157185ff0d:0xfa8a27eafbd8fd8c!16s%2Fg%2F11q8x610zb!19sChIJDf-FcRVVVQwRjP3Y--onivo,Outdoor Excellence Complete Tree Service,,,Tree service,,,,,Closed · Opens 9 am,https://lh3.googleusercontent.com/gps-cs-s/APNQkAHZ472usAasY8TIOSygLfdLvFchuDZ_CStUDT6xbBozMVviFY7NGYBVaGt6xAyp4r8wZUkXc5_35-JaAKUbNNK_6C7D2RuPfiXIwqDrprA1sMhFv-zQhADKrkLCbSgOJBlD6o69Rg=w408-h271-k-no,true,"https://www.google.com/maps/search/tree+service+businesses+in+Forest+Oaks+Greensboro+NC/@35.9881911,-79.7061383,14z",2026-04-29T06:13:36.924Z,9 am–5 pm,9 am–5 pm,9 am–5 pm,9 am–5 pm,Closed,9 am–5 pm,9 am–5 pm,,,,
https://www.google.com/maps/place/Naylor%27s+Landscaping+%26+Grading/data=!4m7!3m6!1s0x2557c0c9e314f24b:0xb78b39a77d4327c6!8m2!3d35.9346875!4d-79.6907626!16s%2Fg%2F11vrqnwpqn!19sChIJS_IU48nAVyURxidDfac5i7c,Naylor's Landscaping & Grading,5.0,8,Excavating contractor,,,https://naylorsland.com/,+1 336-908-6791,Closed · Opens 8 am,https://lh3.googleusercontent.com/gps-cs-s/APNQkAFybjh9yMOgeBJXtIPt0GBUNn7vO-iKckhnjKyiwR_cov3qo8YvvLULKrDCBnU8P7Yahtrvy65mZTyG0MSw-nLIbfxK1_f_D21mDSLkpy-_FH3H2cgghqHhWkHrjeKtFdDxQAKV8A=w600-h240-k-no,true,"https://www.google.com/maps/search/tree+service+businesses+in+Forest+Oaks+Greensboro+NC/@35.9881911,-79.7061383,14z",2026-04-29T06:13:41.589Z,8 am–5 pm,8 am–5 pm,8 am–5 pm,8 am–5 pm,Closed,8 am–5 pm,8 am–5 pm,,,,
https://www.google.com/maps/place/Kmg+Landscaping/data=!4m7!3m6!1s0x8853236ac14ee12b:0xad4328fe3dc7150c!8m2!3d36.0643092!4d-79.7143598!16s%2Fg%2F11ypcg70_p!19sChIJK-FOwWojU4gRDBXHPf4oQ60,Kmg Landscaping,5.0,4,Landscaper,"1111 Langston Dr, Greensboro, NC 27405, United States","377P+P7 Greensboro, North Carolina, USA",https://kmglandscaping.jobbersites.com/?utm_source=ig&utm_medium=social&utm_content=link_in_bio&fbclid=PAdGRleAOOfqNleHRuA2FlbQIxMQBzcnRjBmFwcF9pZA8xMjQwMjQ1NzQyODc0MTQAAac9D7hYp03uEmihFJmxd3dl2pjuta3c87ZW6T07VMmHxTGsF7WylR03PRzQvQ_aem_WgqXoJ9RFoyDsv2j3cUCUw,+1 336-929-5880,Closed · Opens 7:30 am,https://lh3.googleusercontent.com/gps-cs-s/APNQkAH_jAmFBSrO3x-_fVxbhsIf4r4blWMXSbZ8YU5XE61p0kb2HzK4s-geVL5uiqmPkiJF6ghdyYB2LWpRLe_d_MxtUySzEGo66D9nxLZY61QH0zI-IzsfRg2S9EedU0XJsHRb41afC7iinvXE=w408-h537-k-no,true,"https://www.google.com/maps/search/tree+service+businesses+in+Forest+Oaks+Greensboro+NC/@35.9881911,-79.7061383,14z",2026-04-29T06:13:46.221Z,7:30 am–7 pm,7:30 am–7 pm,7:30 am–5 pm,7:30 am–5 pm,Closed,7:30 am–7 pm,7:30 am–7 pm,,,,
https://www.google.com/maps/place/T.+W.+Stanley+%26+Son+Well+Pump+%26+Plumbing+Repair/data=!4m7!3m6!1s0x885318a24bf4b3ef:0x1fc7e5bc702352fc!8m2!3d36.0197757!4d-79.6754036!16s%2Fg%2F1tf3plt1!19sChIJ77P0S6IYU4gR_FIjcLzlxx8,T. W. Stanley & Son Well Pump & Plumbing Repair,4.9,235,Well drilling contractor,"5107 Lady Ln, Greensboro, NC 27406, United States","289F+WR Greensboro, North Carolina, USA",https://www.twstanleywellpump.com/,+1 336-273-7314,Open 24 hours,https://lh3.googleusercontent.com/gps-cs-s/APNQkAFWbQkPGOFWqZsUhgWGgHku84dBY2VXBs-TiKTBZsVuMKufjOKaC-wv6DqmP0JCLssgSYw85pJbSEx_wstHsgCCq8LV88TVCnKiYz_D0zKFOSxVkzSWaeWqwd--vAmxW9OZXCld=w408-h544-k-no,true,"https://www.google.com/maps/search/tree+service+businesses+in+Forest+Oaks+Greensboro+NC/@35.9881911,-79.7061383,14z",2026-04-29T06:13:51.576Z,Open 24 hours,Open 24 hours,Open 24 hours,Open 24 hours,Open 24 hours,Open 24 hours,Open 24 hours,,,,
https://www.google.com/maps/place/A%26B+Lawn+%26+Tree/data=!4m7!3m6!1s0x8853735dcfad46a9:0x667594d24c6c4e23!8m2!3d35.913772!4d-79.8752741!16s%2Fg%2F11ns4smvl4!19sChIJqUatz11zU4gRI05sTNKUdWY,A&B Lawn & Tree,5.0,63,Tree service,,,https://a-b-tree-experts.ueniweb.com/,+1 336-695-7069,Open 24 hours,https://lh3.googleusercontent.com/gps-cs-s/APNQkAHQPZZVZqAyjqgbVUBa83vUZLIZiqQG31JDCdvr51ynIiyIHz2n2b21a6P3Qfu7c-Xp-yH33fmAJqmY55xwaXmlr9FNp251PDrmNZD_9HMMTL-VOrb9BP5_FGqWDqsgK7TNO9ry=w426-h240-k-no,true,"https://www.google.com/maps/search/tree+service+businesses+in+Forest+Oaks+Greensboro+NC/@35.9881911,-79.7061383,14z",2026-04-29T06:14:03.110Z,Open 24 hours,Open 24 hours,Open 24 hours,Open 24 hours,Open 24 hours,Open 24 hours,Open 24 hours,LGBTQ+ friendly,,,
https://www.google.com/maps/place/Green+Stripes+Lawn+Care+LLC/data=!4m7!3m6!1s0x88531761af832053:0x78dcd890cc2b15b7!8m2!3d36.0845854!4d-79.8515126!16s%2Fg%2F11jcrjgpm9!19sChIJUyCDr2EXU4gRtxUrzJDY3Hg,Green Stripes Lawn Care LLC,4.7,41,Lawn care service,,,,+1 336-558-7147,,https://lh3.googleusercontent.com/gps-cs-s/APNQkAElV7REC0fFF6enq3VDegjzTFfe3qFgqad5AhLXPVrnt38XFn6ZsudeJP6xyh_BtNtqODc8xJorcgEC5k1K4gY_UOMb1m05xZf7bn1h6F0B1gOLafPhRlBT883HGWrdzJr6b10MJg=w426-h240-k-no,true,"https://www.google.com/maps/search/tree+service+businesses+in+Forest+Oaks+Greensboro+NC/@35.9881911,-79.7061383,14z",2026-04-29T06:14:05.695Z,,,,,,,,,,,
https://www.google.com/maps/place/Pro-Line+Dirtwork/data=!4m7!3m6!1s0x806131c718632fd7:0x2acd742d8959fced!8m2!3d35.729437!4d-79.8941256!16s%2Fg%2F11y2dml9l0!19sChIJ1y9jGMcxYYAR7fxZiS10zSo,Pro-Line Dirtwork,5.0,1,Excavating contractor,,,https://prolinedirtwork.com/,+1 336-337-9645,Closed · Opens 8 am,https://lh3.googleusercontent.com/gps-cs-s/APNQkAEoNbVI3lDX71AMqCacf_DdOpnEZYNDiI3YhhhMhHUO2ccRauhH9kxncQ9Io45tb5L1bP6b9JtS1BpeJRK1ZCa5WX8SKQkKIyRHvNDi5rhoylbjWhtLb0tlDE9nUANMmqGlVnv9=w408-h544-k-no,true,"https://www.google.com/maps/search/tree+service+businesses+in+Forest+Oaks+Greensboro+NC/@35.9881911,-79.7061383,14z",2026-04-29T06:14:10.368Z,8 am–5 pm,8 am–5 pm,8 am–5 pm,Closed,Closed,8 am–5 pm,8 am–5 pm,,,,
https://www.google.com/maps/place/Green+Piedmont+Sod+and+Landscaping+%7C+Greensboro/data=!4m7!3m6!1s0x646b7f1d57e06d51:0xcd952c3be0f0c801!8m2!3d36.0822875!4d-79.9983986!16s%2Fg%2F11vyfh5blb!19sChIJUW3gVx1_a2QRAcjw4Dsslc0,Green Piedmont Sod and Landscaping | Greensboro,5.0,5,Landscaper,,,https://greenpiedmontlandscaping.com/,+1 336-252-8921,Closed · Opens 8 am,https://lh3.googleusercontent.com/gps-cs-s/APNQkAHzsXuD-lNvywzT7CqGcjYoh6llT-xR3OT9QohnpYYVGds3IRhVTsDMPyXqTW2-BTnfrCR-jsRMfavrEkySoINsNrIgiC8tDmZNxaY3ylTdBnbisf9LsmvizT1j3PtFzPH_lCRRDKex0HA=w426-h240-k-no,true,"https://www.google.com/maps/search/tree+service+businesses+in+Forest+Oaks+Greensboro+NC/@35.9881911,-79.7061383,14z",2026-04-29T06:14:15.535Z,8 am–10 pm,8 am–10 pm,8 am–10 pm,8 am–10 pm,8 am–10 pm,8 am–10 pm,8 am–10 pm,,,,
https://www.google.com/maps/place/Superior+Fence+%26+Rail+of+The+Triad/data=!4m7!3m6!1s0x88531b41deab0c43:0x1e2e96f7b7cac5a0!8m2!3d35.9892441!4d-79.7933514!16s%2Fg%2F11jsjmk4n9!19sChIJQwyr3kEbU4gRoMXKt_eWLh4,Superior Fence & Rail of The Triad,4.9,313,Fence contractor,"4323 S Elm-Eugene St, Greensboro, NC 27406, United States","X6Q4+MM Greensboro, North Carolina, USA",https://www.superiorfenceandrail.com/greensboro/?utm_source=GMB&utm_medium=location&utm_campaign=SFR-Greensboro-GMB&utm_content=url-7-6-22,+1 336-646-7288,,https://lh3.googleusercontent.com/gps-cs-s/APNQkAHv69581ioV29DYSS8Oumlhd1RK5NyxOdYLjHVmPnFCgVAmdDI13ZX9stZiKkQO12oHuwTFWmwyF9aXhEXSbiszoDU1mXwW99MoFhR8V9S3PjduH6SUGbWs9uORwHXnvdAtUmO3cBfXHe3X=w427-h240-k-no,true,"https://www.google.com/maps/search/tree+service+businesses+in+Forest+Oaks+Greensboro+NC/@35.9881911,-79.7061383,14z",2026-04-29T06:14:20.483Z,Open 24 hours,Open 24 hours,Open 24 hours,Open 24 hours,Open 24 hours,Open 24 hours,Open 24 hours,,,,
https://www.google.com/maps/place/Brother+Tree+Service/data=!4m7!3m6!1s0x8853136abfe02cab:0xbc67f24a152ce3ea!8m2!3d35.8828279!4d-80.0245459!16s%2Fg%2F11rdc62d1_!19sChIJqyzgv2oTU4gR6uMsFUryZ7w,Brother Tree Service,4.8,17,Tree service,,,https://www.brothertreeservicenc.com/,+1 336-223-5860,Closed · Opens 7 am,https://lh3.googleusercontent.com/gps-cs-s/APNQkAG95Z8yzhknZyJISXBGOjeg3o1iDOqoyAUMZ_m6RQLzib2-SC_bgnMORZjoal_GTk2Sexjt786tO7WT02-baLOIXR6fV_7_NHGgo69eYOGk_YU9xJrhCmDCO_UYUynE7iWoLXTF=w408-h725-k-no,true,"https://www.google.com/maps/search/tree+service+businesses+in+Forest+Oaks+Greensboro+NC/@35.9881911,-79.7061383,14z",2026-04-29T06:14:25.271Z,7 am–5 pm,7 am–5 pm,7 am–5 pm,Closed,Closed,7 am–5 pm,7 am–5 pm,,,,
https://www.google.com/maps/place/Integrity+Yard+Care/data=!4m7!3m6!1s0x4baef94dcca35ea1:0xc0f6672cf8545337!8m2!3d35.924216!4d-79.620198!16s%2Fg%2F11s5w5704l!19sChIJoV6jzE35rksRN1NU-Cxn9sA,Integrity Yard Care,5.0,36,Landscaper,"6043 Smithwood Rd, Liberty, NC 27298, United States","W9FH+MW Liberty, North Carolina, USA",https://www.integrityyardcare.com/,+1 336-684-0052,Closed · Opens 8 am,https://lh3.googleusercontent.com/gps-cs-s/APNQkAEx5Ac7TSs__SumXt7e8syPPyLg42G6csc3M8cKSP-Af9-MsoVsbtzXjva86jkJn5gUD4uIhbCo8BmqxEmbJxSM3pJ0167Ub3B6nCeKCr8bUSHL8a6S1PrQnxvQxsrD1UAQret65Q=w408-h544-k-no,true,"https://www.google.com/maps/search/tree+service+businesses+in+Forest+Oaks+Greensboro+NC/@35.9881911,-79.7061383,14z",2026-04-29T06:14:30.093Z,8 am–6 pm,8 am–6 pm,8 am–6 pm,8 am–6 pm,Closed,8 am–6 pm,8 am–6 pm,,,,
https://www.google.com/maps/place/The+Mulch+Yard/data=!4m7!3m6!1s0x885316dc7a503ff3:0x8e9ce2cce73166fc!8m2!3d35.9516666!4d-79.8126611!16s%2Fg%2F1tnqhpml!19sChIJ8z9QetwWU4gR_GYx58zinI4,The Mulch Yard,4.7,137,Mulch supplier,"4913 Randleman Rd, Greensboro, NC 27406, United States","X52P+MW Greensboro, North Carolina, USA",https://www.themulchyard.com/,+1 336-676-1217,"Closed · Opens 8:30 am

Updated by this business 3 weeks ago",https://lh3.googleusercontent.com/gps-cs-s/APNQkAGxdHcpHkbI0jjqT81N8cT3oavwYbo3M0pWjk4c67fKbn1Jk6od5cc62BOP-nbTkopEjpCE4aWXYktCJQmaZp9XbWEK0LTmwSYPyFQQQPYhg2OW0fOT2nMUn8EEFmoVzty1ewOD=w408-h306-k-no,true,"https://www.google.com/maps/search/tree+service+businesses+in+Forest+Oaks+Greensboro+NC/@35.9881911,-79.7061383,14z",2026-04-29T06:14:34.778Z,8:30 am–5:30 pm,8:30 am–5:30 pm,8:30 am–5:30 pm,8:30 am–4 pm,Closed,8:30 am–5:30 pm,8:30 am–5:30 pm,,,,
https://www.google.com/maps/place/I+know+a+guy+skid+steer+service/data=!4m7!3m6!1s0x885325004b965daf:0x3912df5958da1aa5!8m2!3d36.0122538!4d-79.6160797!16s%2Fg%2F11w8kh0668!19sChIJr12WSwAlU4gRpRraWFnfEjk,I know a guy skid steer service,5.0,3,Demolition contractor,"3371 Old Julian Rd, Whitsett, NC 27377, United States","296M+WH Whitsett, North Carolina, USA",https://www.skidsteerburlingtonnc.com/,+1 336-517-7135,"Closed · Opens 7 am

Updated by this business 11 weeks ago",https://lh3.googleusercontent.com/gps-cs-s/APNQkAGuBH8gCFMKaFFjYTKKgg50QHzVhfzuEiT66dkOdiOuN-HrPG-FjS6GaxlkoEPNE5wo5C9f0ZBEmJIGxD7PwKapshHE6In6G67hA54o4CDbmcM7T7bwWWpAJytR5v9XAKNdsBPu4Ha0yS3C=w408-h306-k-no,true,"https://www.google.com/maps/search/tree+service+businesses+in+Forest+Oaks+Greensboro+NC/@35.9881911,-79.7061383,14z",2026-04-29T06:14:39.721Z,7 am–5 pm,7 am–5 pm,7 am–5 pm,Closed,Closed,7 am–5 pm,7 am–5 pm,,,,
https://www.google.com/maps/place/Tree+Rx+Tree+Care+Services/data=!4m7!3m6!1s0x391d9f4678817df:0x1cf0d4a45c38821f!8m2!3d35.7494375!4d-79.654294!16s%2Fg%2F11kjpfknkp!19sChIJ3xeIZ_TZkQMRH4I4XKTU8Bw,Tree Rx Tree Care Services,5.0,21,Tree service,,,https://tree-rx-tree-care-services.ueniweb.com/?utm_campaign=gmb,+1 336-257-4032,Open 24 hours,https://lh3.googleusercontent.com/gps-cs-s/APNQkAEEAgLGVxam-TyWpIH7NiokXzY0JUok7TfPLB_DmQHpG8djyV1TW03PmmdTKT_xcQ9BIehlcZDncdXp5NerC6FzK9t6CGTAGQIdLJ-NTKQCUO6X1G1JJDw951fzW60z9TlOvnA=w408-h544-k-no,true,"https://www.google.com/maps/search/tree+service+businesses+in+Forest+Oaks+Greensboro+NC/@35.9881911,-79.7061383,14z",2026-04-29T06:14:44.446Z,Open 24 hours,Open 24 hours,Open 24 hours,Open 24 hours,Open 24 hours,Open 24 hours,Open 24 hours,,,,
https://www.google.com/maps/place/Carolina+Gardens/data=!4m7!3m6!1s0x8853176c00332a07:0xd67cc1aaa3a85f3a!8m2!3d35.9853449!4d-79.8016086!16s%2Fg%2F1tdpgxh7!19sChIJByozAGwXU4gROl-oo6rBfNY,Carolina Gardens,4.8,262,Garden center,"4027 Randleman Rd, Greensboro, NC 27406, United States","X5PX+49 Greensboro, North Carolina, USA",,+1 336-275-6826,"Closed · Opens 9 am

Updated by this business 3 weeks ago",https://lh3.googleusercontent.com/gps-cs-s/APNQkAHRd7OIv0HlM27zbjG2Sum-H-aaeKjVq7DumAUkK4Q-w2NzMaDAdGQo8I-lNYRmsqsnzBpVGX34ZSZVHJ0vuhb3S70Tff2EmqH_Xwb4dTSznw4M82xWcgctL5gKQOV-aiUkl2Japw=w513-h240-k-no,true,"https://www.google.com/maps/search/tree+service+businesses+in+Forest+Oaks+Greensboro+NC/@35.9881911,-79.7061383,14z",2026-04-29T06:14:49.366Z,9 am–6 pm,9 am–6 pm,9 am–6 pm,9 am–5 pm,9 am–5 pm,9 am–5 pm,9 am–5 pm,,· In-store shopping,,
https://www.google.com/maps/place/Advance+Landscaping/data=!4m7!3m6!1s0x885325d2ef848d97:0xbdf85031d4769fbf!8m2!3d36.0636701!4d-79.7220756!16s%2Fg%2F11np7sz7jn!19sChIJl42E79IlU4gRv5921DFQ-L0,Advance Landscaping,4.9,15,Landscaper,,,http://www.advancelandscaping.net/,+1 336-215-9072,Closed · Opens 7 am,https://lh3.googleusercontent.com/gps-cs-s/APNQkAHfYwpJBiD4BetuiZhbsLOYsXT2aJWQIpIzPbLjAjmkE1z8ittkfFFwTKv22e-jpHSpyXqD3qfIGUp7GGeU9XJdcI3Z2tg91V6v21Mhx5LJvktL-3qwm31HEMACUU6KZ6HaL3aLag=w408-h272-k-no,true,"https://www.google.com/maps/search/tree+service+businesses+in+Forest+Oaks+Greensboro+NC/@35.9881911,-79.7061383,14z",2026-04-29T06:14:54.112Z,7 am–7 pm,7 am–7 pm,7 am–7 pm,8 am–5 pm,Closed,7 am–7 pm,7 am–7 pm,,,,
https://www.google.com/maps/place/Turner+Lawn+Care+%26+Landscaping/data=!4m7!3m6!1s0x88533dc82f5ccdf3:0x8cbe376f80efeb6e!8m2!3d36.0636701!4d-79.8414545!16s%2Fg%2F11bwfkr033!19sChIJ881cL8g9U4gRbuvvgG83vow,Turner Lawn Care & Landscaping,4.8,55,Landscape designer,,,https://www.turnerlandscapingnc.com/,+1 336-396-1845,Closed · Opens 8 am,https://lh3.googleusercontent.com/gps-cs-s/APNQkAEYd1-8Mtxiw0rwJbcop8ymYRexjVhDEDTxFG_7ToYHv4FEcnfO0TtCv3LpbEG8hpqUMeNDzaDiZYyalZTvQloELExk2mU67o7pJ_dAY5LhAdfa_rpv5oXN0uQ9_AnFvHmBusvh=w408-h306-k-no,true,"https://www.google.com/maps/search/tree+service+businesses+in+Forest+Oaks+Greensboro+NC/@35.9881911,-79.7061383,14z",2026-04-29T06:14:58.891Z,8 am–5 pm,8 am–5 pm,8 am–5 pm,Closed,Closed,8 am–5 pm,8 am–5 pm,,,,
https://www.google.com/maps/place/Dunlap+Lawn+Service+Inc/data=!4m7!3m6!1s0x88531e49d381c3f5:0x7fb2381bdbaa10e!8m2!3d35.9377338!4d-79.6817374!16s%2Fg%2F1v3gslyc!19sChIJ9cOB00keU4gRDqG6vYEj-wc,Dunlap Lawn Service Inc,4.6,11,Landscaper,"6328 Monnett Rd, Climax, NC 27233, United States","W8Q9+38 Climax, North Carolina, USA",http://dunlaplawnservice.com/,+1 336-282-3636,Closed · Opens 8 am,https://lh3.googleusercontent.com/gps-cs-s/APNQkAHV1RomIS_X1NBH2DYAQQhJvLGAJFai8BTFF0HUj0-OmwVDqD_-L7U4ZL1UwVbupPNiaE7EdfT1JjkS71Pav32ZP6ujxww5zd57aDehoad53PeppawINatxu5u_eKuyC6W0esSuoyRihEs=w408-h258-k-no,true,"https://www.google.com/maps/search/tree+service+businesses+in+Forest+Oaks+Greensboro+NC/@35.9881911,-79.7061383,14z",2026-04-29T06:15:03.854Z,8 am–5 pm,8 am–5 pm,8 am–5 pm,Closed,Closed,8 am–5 pm,8 am–5 pm,,,,
https://www.google.com/maps/place/Uprooted+tree+service/data=!4m7!3m6!1s0x885329c2dbd5481d:0x1d3595e8f3ec25e4!8m2!3d36.161274!4d-79.5338186!16s%2Fg%2F11shrj45p6!19sChIJHUjV28IpU4gR5CXs8-iVNR0,Uprooted tree service,4.7,14,Tree service,,,https://www.uprootedtreeservicenc.com/,+1 336-534-3464,Closed · Opens 7 am,https://lh3.googleusercontent.com/gps-cs-s/APNQkAFqC15mi3fd5pr9Vr0t36dsEVfVV4xmUUaQplO9MJ2KM1d-kWpF003lW0GVpgBh2e82C3N9Xy_mt2bWBsSCGVN9dCH0d3oeaRNrxkfzruDQOA0XXCnGDtY9IhXBNGRamxiMxFIaOr_ejESi=w408-h306-k-no,true,"https://www.google.com/maps/search/tree+service+businesses+in+Forest+Oaks+Greensboro+NC/@35.9881911,-79.7061383,14z",2026-04-29T06:15:08.700Z,7 am–7 pm,7 am–7 pm,7 am–7 pm,7 am–1 pm,Closed,7 am–7 pm,7 am–7 pm,,,,
"https://www.google.com/maps/place/Addison%27s+lawn,+land,+and+tree+maintenance/data=!4m7!3m6!1s0x8853273491868523:0x31c6a21237026572!8m2!3d36.1559838!4d-79.6304742!16s%2Fg%2F11x2m0s6kz!19sChIJI4WGkTQnU4gRcmUCNxKixjE","Addison's lawn, land, and tree maintenance",5.0,21,Tree service,"5947 Apple Wyrick Rd, Gibsonville, NC 27249, United States","5949+9R Gibsonville, North Carolina, USA",https://www.facebook.com/share/1Bo7UHp2DF/?mibextid=wwXIfr,+1 336-540-4270,Open 24 hours,https://lh3.googleusercontent.com/gps-cs-s/APNQkAG6tpB9zSurjLX_RppZPrs6c1VYcqyKCNiUKXPWKCKZ0cmr9zO8B_4sLlI-pLTUQSwI8Z_yVylpgZJ_kqiSc-Fft0zFao5GzFPAcHKkcJcyD0BEF5BfWo41Nc3IAkgsEEe3HVolf9Ra4AWW=w408-h306-k-no,true,"https://www.google.com/maps/search/tree+service+businesses+in+Gibsonville+Greensboro+NC/@36.1058415,-79.5419389,14z",2026-04-29T06:15:29.297Z,Open 24 hours,Open 24 hours,Open 24 hours,Open 24 hours,Open 24 hours,Open 24 hours,Open 24 hours,,,,
https://www.google.com/maps/place/Murray+Excavation+Services+LLC/data=!4m7!3m6!1s0x8eabf626d2ad73e1:0x818efbea7e61b053!8m2!3d35.987252!4d-79.4937254!16s%2Fg%2F11v_92zbzv!19sChIJ4XOt0ib2q44RU7Bhfur7joE,Murray Excavation Services LLC,5.0,5,Excavating contractor,,,https://murraydig.my.canva.site/,+1 336-987-4515,Closed · Opens 7 am,https://lh3.googleusercontent.com/gps-cs-s/APNQkAGD18RJfqmNm2sXTZ0MDMkW306zWHI71uwDH1_cP7Qg5JPl_wwL-nThwqIyEDGmPfzToaBKRQtehWL9gs74tnd8SugdGP7OPfZ8B6nhzAZm4Rw-U28milLOBtlffAJ6nsnAfTPRD6hQ5dim=w408-h544-k-no,true,"https://www.google.com/maps/search/tree+service+businesses+in+Gibsonville+Greensboro+NC/@36.1058415,-79.5419389,14z",2026-04-29T06:15:34.033Z,7 am–5 pm,7 am–5 pm,7 am–5 pm,9 am–3 pm,Closed,7 am–5 pm,7 am–5 pm,,,,
https://www.google.com/maps/place/Paul%27s+Tree+Service/data=!4m7!3m6!1s0x611dad0f6fa83839:0x9431654a794996d1!8m2!3d36.146936!4d-79.5232097!16s%2Fg%2F11spwl748n!19sChIJOTiobw-tHWER0ZZJeUplMZQ,Paul's Tree Service,5.0,6,Tree service,,,,+1 336-549-7035,Open 24 hours,https://lh3.googleusercontent.com/gps-cs-s/APNQkAFZfZIUdzRy_Rcas7OQUUUe6ypM1nCD6qh1BWV33ZT1YdigE4LnL5jQ4u--3aINXUvkd6kDMZeHfx0s6Vxx6cgyuHWO5d_nXk2z3LukzYuiSo1aWncWSvkdqtq3vzVGVICh3FWs6g=w408-h408-k-no,true,"https://www.google.com/maps/search/tree+service+businesses+in+Gibsonville+Greensboro+NC/@36.1058415,-79.5419389,14z",2026-04-29T06:15:38.651Z,Open 24 hours,Open 24 hours,Open 24 hours,Open 24 hours,Open 24 hours,Open 24 hours,Open 24 hours,,,,
https://www.google.com/maps/place/Burlington+Tree+Service+Company/data=!4m7!3m6!1s0x253fb0b4595ff1ed:0xde724ecaa51a0b7!8m2!3d35.931556!4d-79.15029!16s%2Fg%2F11n_ybbz1c!19sChIJ7fFfWbSwPyURt6BRquwk5w0,Burlington Tree Service Company,,,Tree service,,,,+1 336-439-1498,Open 24 hours,https://lh3.googleusercontent.com/gps-cs-s/APNQkAGCi6U-AXGlE8nKzNBLBDr96OsX5ksBy_eKH-hSWyI2Vcfmv14Kf71jhXx6EhwCDkuHUgFnxCKQuGd9loiShODwbqEtRdvVqQGj8_6G14iLdrFIMQhhRNXpp-RcOPKCecaVc4JXwQ=w408-h303-k-no,true,"https://www.google.com/maps/search/tree+service+businesses+in+Gibsonville+Greensboro+NC/@36.1058415,-79.5419389,14z",2026-04-29T06:15:43.264Z,Open 24 hours,Open 24 hours,Open 24 hours,Open 24 hours,Open 24 hours,Open 24 hours,Open 24 hours,,,,
https://www.google.com/maps/place/Torres+Tree+Service/data=!4m7!3m6!1s0x88532ba9739211bf:0x9a541dd5579bcb37!8m2!3d36.0755642!4d-79.4540158!16s%2Fg%2F11x225v0r8!19sChIJvxGSc6krU4gRN8ubV9UdVJo,Torres Tree Service,5.0,11,Tree service,"S Mebane St, Burlington, NC 27215, United States","3GGW+69 Burlington, North Carolina, USA",,+1 336-684-6066,Closed · Opens 9 am,https://lh3.googleusercontent.com/gps-cs-s/APNQkAGxn6myhovUELdAbb4E2Vh6MO0WKTgl8MSEkKhEg7MJPnlO3WBq-LTYvRUFcocY5k8etKxG5ArzTcyPpiUdvQUMdyU-TCCRj6pgvhXeHuDf4F0MR6tl_QOmqKwOq3pMFbdBIaK9Fv-6HBA=w408-h544-k-no,false,"https://www.google.com/maps/search/tree+service+businesses+in+Gibsonville+Greensboro+NC/@36.1058415,-79.5419389,14z",2026-04-29T06:15:48.109Z,9 am–5 pm,9 am–5 pm,9 am–5 pm,9 am–5 pm,9 am–5 pm,9 am–5 pm,9 am–5 pm,Identifies as Latino-owned,,,
"https://www.google.com/maps/place/Wagoner%27s+Nursery,+LLC/data=!4m7!3m6!1s0x885327dc5b9364ed:0x9cf7c41f56c5c227!8m2!3d36.1302394!4d-79.5687092!16s%2Fg%2F1tgj9j92!19sChIJ7WSTW9wnU4gRJ8LFVh_E95w","Wagoner's Nursery, LLC",4.0,12,Wholesale plant nursery,"6818 Frieden Church Rd, Gibsonville, NC 27249, United States","4CJJ+3G Gibsonville, North Carolina, USA",http://wagonersnursery.com/,+1 336-449-5532,Closed · Opens 8 am,https://lh3.googleusercontent.com/gps-cs-s/APNQkAEAws4TefMFJAV_a9l17W2LBOJ8ZztDj8CjaufwBdg7699wW1JA-tuchSJ0wIYCQscOdo3OJppwpQ5NirzTFnSK8P04qG51WvHecEt2d3-CdKWp6478Aa5sxT2cDVkMG7Jh-knbEw=w427-h240-k-no,true,"https://www.google.com/maps/search/tree+service+businesses+in+Gibsonville+Greensboro+NC/@36.1058415,-79.5419389,14z",2026-04-29T06:15:53.397Z,8 am–4 pm,8 am–4 pm,Closed,Closed,Closed,8 am–4 pm,8 am–4 pm,,,,
https://www.google.com/maps/place/Redbud+Tree+Service/data=!4m7!3m6!1s0x89acd579dd51d2f3:0xcedba187351034ef!8m2!3d36.120561!4d-79.3750139!16s%2Fg%2F11h1mgkdpw!19sChIJ89JR3XnVrIkR7zQQNYeh284,Redbud Tree Service,4.8,49,Tree service,"1373 Stonewall Springs Rd, Burlington, NC 27217, United States","4JCF+6X Burlington, North Carolina, USA",,+1 336-269-4840,Open 24 hours,https://lh3.googleusercontent.com/gps-cs-s/APNQkAEMdxjtliwSzAbhfgYWAJLpNMDnK-svFujQ_dzEH_NmU_WDFsMDcMYVRoXDblmZbL-yNfhSzmbC-s2uvbh1ik18LIWTh8z_ps3NLJTp2E1DjmQlRn5p2MYbb7omfB4p1yoilEhI-7lIdXs=w408-h544-k-no,false,"https://www.google.com/maps/search/tree+service+businesses+in+Gibsonville+Greensboro+NC/@36.1058415,-79.5419389,14z",2026-04-29T06:15:58.264Z,Open 24 hours,Open 24 hours,Open 24 hours,Open 24 hours,Open 24 hours,Open 24 hours,Open 24 hours,,,,
"https://www.google.com/maps/place/Tree+Service+Burlington,+NC/data=!4m7!3m6!1s0x8853294016862b29:0x6b25488d8b3ff2f2!8m2!3d36.0812632!4d-79.4916716!16s%2Fg%2F11g0k22dtw!19sChIJKSuGFkApU4gR8vI_i41IJWs","Tree Service Burlington, NC",1.0,1,Tree service,"3009 S Church St, Burlington, NC 27215, United States","3GJ5+G8 Burlington, North Carolina, USA",https://www.treeserviceburlingtonnc.com/contact,+1 336-228-4201,Closed · Opens 7 am,https://streetviewpixels-pa.googleapis.com/v1/thumbnail?panoid=vkXUfqpkPlQjLxv2dcuzIA&cb_client=search.gws-prod.gps&w=408&h=240&yaw=301.8713&pitch=0&thumbfov=100,false,"https://www.google.com/maps/search/tree+service+businesses+in+Gibsonville+Greensboro+NC/@36.1058415,-79.5419389,14z",2026-04-29T06:16:03.010Z,7 am–9 pm,7 am–9 pm,7 am–9 pm,7 am–9 pm,7 am–9 pm,7 am–9 pm,7 am–9 pm,,,,
https://www.google.com/maps/place/R+%26+B+Tree+Service+and+Landscaping/data=!4m7!3m6!1s0x88532b612ceddc47:0xa63c5830adaa2253!8m2!3d36.1158657!4d-79.4043497!16s%2Fg%2F11j1d_p217!19sChIJR9ztLGErU4gRUyKqrTBYPKY,R & B Tree Service and Landscaping,4.9,28,Tree service,"1307 N Graham Hopedale Rd, Burlington, NC 27217, United States","4H8W+87 Burlington, North Carolina, USA",,+1 336-261-4060,,https://lh3.googleusercontent.com/gps-cs-s/APNQkAE9vw8UQvAyzRcTI7dTpV5kLyAwVDpgHlMy1CHPsTf7jn9OqXjvhWhiOxnNug1GSshvWQz56jKv9W2A2zP-hNVb6Goc1f9AQJ9jkRx-MoosFozeNX1eyVB32dMBjJ6W5EQA36uGFA=w408-h544-k-no,true,"https://www.google.com/maps/search/tree+service+businesses+in+Gibsonville+Greensboro+NC/@36.1058415,-79.5419389,14z",2026-04-29T06:16:05.684Z,,,,,,,,,,,
https://www.google.com/maps/place/Alamance+Arborist/data=!4m7!3m6!1s0x8853298e235e774d:0xfd6293b93546bf38!8m2!3d35.1705075!4d-79.86097!16s%2Fg%2F11fpskdjvb!19sChIJTXdeI44pU4gROL9GNbmTYv0,Alamance Arborist,5.0,11,Tree service,,,,+1 336-214-5895,Closed · Opens 9 am,https://lh3.googleusercontent.com/gps-cs-s/APNQkAHMCgXB6-xWcu9Ukg7lMVOUUiYIYh4mKhYfjiICk5kpumDzEgripQof-WeEGh2C5QJLxaS2AkB070J6dWfMl4SzIxnRa3ZdQNqHrcPx7zRD9n0P_KU1HF04tMgFU17BGmVeofY=w426-h240-k-no,true,"https://www.google.com/maps/search/tree+service+businesses+in+Gibsonville+Greensboro+NC/@36.1058415,-79.5419389,14z",2026-04-29T06:16:10.613Z,9 am–5 pm,9 am–5 pm,9 am–5 pm,Closed,Closed,9 am–5 pm,9 am–5 pm,,,,
https://www.google.com/maps/place/Chop+Chop+Tree/data=!4m7!3m6!1s0x885329101e579d3d:0xb64735a96537f738!8m2!3d36.0644826!4d-79.4729123!16s%2Fg%2F11f6ft40pj!19sChIJPZ1XHhApU4gROPc3Zak1R7Y,Chop Chop Tree,,,Tree service,"2602 Eric Ln, Burlington, NC 27215, United States","3G7G+QR Burlington, North Carolina, USA",https://www.treetrimmingburlingtonnc.com/,+1 336-245-4248,Closed · Opens 7 am,https://streetviewpixels-pa.googleapis.com/v1/thumbnail?panoid=Yga7CsSB2XPAQ5rDgpyUzA&cb_client=search.gws-prod.gps&w=408&h=240&yaw=161.62395&pitch=0&thumbfov=100,true,"https://www.google.com/maps/search/tree+service+businesses+in+Gibsonville+Greensboro+NC/@36.1058415,-79.5419389,14z",2026-04-29T06:16:15.832Z,7 am–11 pm,7 am–11 pm,7 am–11 pm,7 am–11 pm,7 am–11 pm,7 am–11 pm,7 am–11 pm,,,,
https://www.google.com/maps/place/Handyman+Hinshaw/data=!4m7!3m6!1s0x88532645059ce2b7:0xd69513edf5a11e73!8m2!3d36.095535!4d-79.6949227!16s%2Fg%2F11c57cxcfh!19sChIJt-KcBUUmU4gRcx6h9e0TldY,Handyman Hinshaw,4.0,3,Handyman/Handywoman/Handyperson,,,,+1 336-585-9213,Closed · Opens 8 am,https://lh3.googleusercontent.com/gps-cs-s/APNQkAFEVo3D5qEI0M7XkURYCRALKCcZfzsvzRfd4a8FPwqS9G-hA2MznmKKLAWjEfe7BoAZfvntunhUJ8vYTP6KdjnaRAkv2QHhWDtNcjnB8V_qNUSxFfYONYHUla-lobalb2hya0tYpA=w408-h306-k-no,true,"https://www.google.com/maps/search/tree+service+businesses+in+Gibsonville+Greensboro+NC/@36.1058415,-79.5419389,14z",2026-04-29T06:16:20.576Z,8 am–8 pm,8 am–8 pm,8 am–8 pm,8 am–8 pm,Closed,8 am–8 pm,8 am–8 pm,,,,
https://www.google.com/maps/place/Good2Go+Services/data=!4m7!3m6!1s0x8853298f4f5b193f:0xe665fcad9860ae12!8m2!3d36.1357322!4d-79.5031636!16s%2Fg%2F11x5f2shby!19sChIJPxlbT48pU4gREq5gmK38ZeY,Good2Go Services,4.9,25,Handyman/Handywoman/Handyperson,"2250 Phibbs Rd, Elon, NC 27244, United States","4FPW+7P Elon, North Carolina, USA",https://spikywily.wixsite.com/good-2-go-services,+1 336-538-3714,Closed · Opens 7 am,https://lh3.googleusercontent.com/gps-cs-s/APNQkAHV1QBXQ7ayllHQRGjiahMkHyDEhy2kdgnvT9piUFAa7qV2zQONg707HRb_670fECQySVA9-04FP5eFGhK-5_0n6Juubtv62uTI1jP_UDyZ7nM9OnOIFopNTlYtql0AGcnVhF061J8WuAZ_=w408-h544-k-no,true,"https://www.google.com/maps/search/tree+service+businesses+in+Gibsonville+Greensboro+NC/@36.1058415,-79.5419389,14z",2026-04-29T06:16:25.523Z,7 am–6 pm,7 am–6 pm,7 am–5 pm,8 am–12 pm,Closed,7 am–6 pm,7 am–6 pm,LGBTQ+ friendly,,,
https://www.google.com/maps/place/Gerringer%27s+Greenhouse/data=!4m7!3m6!1s0x8853270ad74496c7:0x25d09d3e5cf7c042!8m2!3d36.134127!4d-79.6078517!16s%2Fg%2F11cjk3rsv8!19sChIJx5ZE1wonU4gRQsD3XD6d0CU,Gerringer's Greenhouse,5.0,38,Greenhouse,"6324 Frieden Church Rd, Gibsonville, NC 27249, United States","49MR+MV Gibsonville, North Carolina, USA",,+1 336-601-2272,"Closed · Opens 9 am

Updated by this business 1 week ago",https://lh3.googleusercontent.com/gps-cs-s/APNQkAHU2_Y20q88MxeSxTMYTQ2Rqj5CDHq6gD0DiDedYfwxUpvdte_CJqS8pv6pEwajSzkprra8X-krcDunmxkzw8dutSH2qfIcDxygVy5xpP1GepVl1UIKh-9g_N0gWPloiGjpJ0EltMkV2jxM=w408-h306-k-no,true,"https://www.google.com/maps/search/tree+service+businesses+in+Gibsonville+Greensboro+NC/@36.1058415,-79.5419389,14z",2026-04-29T06:16:30.454Z,9 am–5:30 pm,9 am–5:30 pm,9 am–5:30 pm,9 am–3 pm,1–4 pm,Closed,Closed,,,,
https://www.google.com/maps/place/S+%26+J+Tree+Service/data=!4m7!3m6!1s0x8852d8a3a7c61ee3:0xb20b8d35bfa372f6!8m2!3d36.0979247!4d-79.5445716!16s%2Fg%2F1jkwbx1yl!19sChIJ4x7Gp6PYUogR9nKjvzWNC7I,S & J Tree Service,5.0,2,Tree service,,,,+1 336-215-6299,Open 24 hours,https://lh3.googleusercontent.com/gps-cs-s/APNQkAFJOqtl48iNIV701BDONqbjRoTXZ5yM1Bg1RB0RZEKStsbtg7j8N7nts7JiRvHSrm2oS4ND2h_UKHEzWuF99IDSX6r-CR4z_v5jvBr5iZ0FtrwFCLnmHIlxJHRtnyaSSnsOIt-A=w408-h544-k-no,true,"https://www.google.com/maps/search/tree+service+businesses+in+Gibsonville+Greensboro+NC/@36.1058415,-79.5419389,14z",2026-04-29T06:16:35.134Z,Open 24 hours,Open 24 hours,Open 24 hours,Open 24 hours,Open 24 hours,Open 24 hours,Open 24 hours,,,,
https://www.google.com/maps/place/Get+It+Done+Landscaping+%26+Maintenance+LLC/data=!4m7!3m6!1s0x2435886ec4586077:0x4bdd4b2eb0c18974!8m2!3d36.0636701!4d-79.571076!16s%2Fg%2F11sdbl79n1!19sChIJd2BYxG6INSQRdInBsC5L3Us,Get It Done Landscaping & Maintenance LLC,5.0,17,Landscaper,,,http://www.gidlandscaping.com/,+1 919-904-0467,Closed · Opens 8 am,https://lh3.googleusercontent.com/gps-cs-s/APNQkAFvtSGZGIZ-bTUAadtNAmKCxhr8tdr3FVL2rxpMfOtYONtOGgpWhkEvBR4Qgn7AW33cl2sMRFwx6Qj2WRUENkBh0joqUWeMbvcjOX7JafFiCzmWCFKiS_osMpR_l5P-p_0Zyhnbiw=w408-h306-k-no,true,"https://www.google.com/maps/search/tree+service+businesses+in+Gibsonville+Greensboro+NC/@36.1058415,-79.5419389,14z",2026-04-29T06:16:40.155Z,8 am–4 pm,8 am–4 pm,8 am–4 pm,8 am–12 pm,Closed,8 am–4 pm,8 am–4 pm,,,,
https://www.google.com/maps/place/Berry%27s+Lawn+%26+Land/data=!4m7!3m6!1s0x88533d50567bc4f7:0x64bae37f3d4cf3bd!8m2!3d36.1617694!4d-79.6113925!16s%2Fg%2F11h63b51l6!19sChIJ98R7VlA9U4gRvfNMPX_jumQ,Berry's Lawn & Land,4.6,56,Landscaper,"3428 Huffine Mill Rd, Gibsonville, NC 27249, United States","596Q+PC Gibsonville, North Carolina, USA",https://www.berryslawnandlandscaping.com/,+1 336-447-9273,Closed · Opens 8 am,https://lh3.googleusercontent.com/gps-cs-s/APNQkAF8zWCl-Md-aMrYMh9btROffpIJ9eZMdMR9VaRmGfzmqToVGbEm8fUk296R2-j_yVxsagBLWB8S6KWJqahPwT6N4TH4sJUQzYSo64D6wET56viyd9zIVk8gim4ADocGLKqdw2l7GT-i_OFW=w426-h240-k-no,true,"https://www.google.com/maps/search/tree+service+businesses+in+Gibsonville+Greensboro+NC/@36.1058415,-79.5419389,14z",2026-04-29T06:16:45.244Z,8 am–5 pm,8 am–5 pm,8 am–5 pm,Closed,Closed,8 am–5 pm,8 am–5 pm,LGBTQ+ friendly,,,
https://www.google.com/maps/place/Burlington+Tree+Service/data=!4m7!3m6!1s0x885329406c18456f:0xfa639e987d9e5235!8m2!3d36.0961773!4d-79.4365045!16s%2Fg%2F1hm36fc4h!19sChIJb0UYbEApU4gRNVKefZieY_o,Burlington Tree Service,5.0,3,Tree service,"156 S Church St, Burlington, NC 27215, United States","3HW7+F9 Burlington, North Carolina, USA",http://www.burlingtontreeservice.net/,+1 336-228-4202,Closed · Opens 8 am,https://streetviewpixels-pa.googleapis.com/v1/thumbnail?panoid=oNec2xQLuUPBWTPKQP0btQ&cb_client=search.gws-prod.gps&w=408&h=240&yaw=129.31578&pitch=0&thumbfov=100,false,"https://www.google.com/maps/search/tree+service+businesses+in+Gibsonville+Greensboro+NC/@36.1058415,-79.5419389,14z",2026-04-29T06:16:50.080Z,8 am–8 pm,8 am–8 pm,8 am–8 pm,8 am–8 pm,8 am–8 pm,8 am–8 pm,8 am–8 pm,,,,
https://www.google.com/maps/place/Santa%27s+Tree+Garden/data=!4m7!3m6!1s0x8853292ff3b52bf5:0xe4d4f29214c831fd!8m2!3d36.0717959!4d-79.5051764!16s%2Fg%2F1yg4d_js9!19sChIJ9Su18y8pU4gR_THIFJLy1OQ,Santa's Tree Garden,4.7,9,Christmas tree farm,"3330 Garden Rd, Burlington, NC 27215, United States","3FCV+PW Burlington, North Carolina, USA",,+1 336-684-2479,Closed · Opens 12 pm,https://lh3.googleusercontent.com/gps-cs-s/APNQkAEVl4WKZBnf7nzp83DRKwFn5z4ID8fcaeY2t-j570VefOsmt4oYy4IlswnLea1shJ1NC_uyY00mc7-VFReoZ9lk5PUSImle8AgR2ST7qMkF5ptvSkQDUD1gKac43B-bAsD-zLED=w408-h305-k-no,true,"https://www.google.com/maps/search/tree+service+businesses+in+Gibsonville+Greensboro+NC/@36.1058415,-79.5419389,14z",2026-04-29T06:16:54.831Z,12–8 pm,12–8 pm,12–8 pm,10 am–8 pm,12–8 pm,12–8 pm,12–8 pm,,,,
"https://www.google.com/maps/place/May%27s+Lawn+Care+and+Landscaping,+Inc./data=!4m7!3m6!1s0x8853298f3c3a8523:0x8b217dd1a5c4c124!8m2!3d36.1146967!4d-79.4752935!16s%2Fg%2F11cp5w2mmv!19sChIJI4U6PI8pU4gRJMHEpdF9IYs","May's Lawn Care and Landscaping, Inc.",4.7,68,Landscaper,"153 Macarthur Ln, Burlington, NC 27217, United States","4G7F+VV Burlington, North Carolina, USA",http://mayslawncare.com/,+1 336-585-2000,"Closed · Opens 8 am

Updated by this business 7 weeks ago",https://lh3.googleusercontent.com/gps-cs-s/APNQkAFFEZ1o_E4vT4js-EMvKC3PaknoL3Dogr-chBPIjz_dHUW2ymLlg-9ObJDlVrVk6ZSERF0UOjp9-KOJhRb7cvfHBtN061_qLnZvVjCIhcXCCE366IooYR8T1XjMotulsybI0nq0=w408-h272-k-no,true,"https://www.google.com/maps/search/tree+service+businesses+in+Gibsonville+Greensboro+NC/@36.1058415,-79.5419389,14z",2026-04-29T06:16:59.727Z,8 am–5 pm,8 am–5 pm,8 am–12 pm,Closed,Closed,8 am–5 pm,8 am–5 pm,,,,
https://www.google.com/maps/place/Raptor+Valley+Landscapes/data=!4m7!3m6!1s0x8852d12b300a9a59:0x991c43b467255e3a!8m2!3d36.1929994!4d-79.498733!16s%2Fg%2F11g046tt23!19sChIJWZoKMCvRUogROl4lZ7RDHJk,Raptor Valley Landscapes,4.5,19,Landscaper,,,http://raptorvalleylandscapes.com/?utm_source=gmb&utm_medium=referral,+1 336-212-0694,Closed · Opens 9 am,https://lh3.googleusercontent.com/gps-cs-s/APNQkAEL8HYlbdeSjFCaDTfn66mXopmwBDthWTajLcF5xMOX8vIzId6Vv0DPhRqGpTr48rNPjp_GSyzNXufUmVxj7wmtaF38ycV_KLfGxNYn1YCzmAHoHUJUVQm6nHEkV-hguFbasREv7A=w408-h244-k-no,true,"https://www.google.com/maps/search/tree+service+businesses+in+Gibsonville+Greensboro+NC/@36.1058415,-79.5419389,14z",2026-04-29T06:17:04.998Z,9 am–5 pm,9 am–5 pm,9 am–5 pm,Closed,Closed,9 am–5 pm,9 am–5 pm,,,,
https://www.google.com/maps/place/Whitsett+Enterprise+LLC/data=!4m7!3m6!1s0x43c5f5a38381ec1f:0xb5606c5061528221!8m2!3d36.095535!4d-79.8143016!16s%2Fg%2F11vx6762pb!19sChIJH-yBg6P1xUMRIYJSYVBsYLU,Whitsett Enterprise LLC,5.0,19,Lawn care service,,,https://www.whitsettenterprisellc.com/,+1 336-263-6022,Closed · Opens 8 am,https://lh3.googleusercontent.com/gps-cs-s/APNQkAFZKPaveWDWp2oStHn13S-rwjRg00i2od5jhBYxxMjkf5vIjWuHVcPl_CX2vM1rk7bnVlt4Xydj6JW2Srb4KW9eu28TkFWoVRe6yQH_-j3xpKnY-7QCX2kmMoEWp_z9V8oN_pYrJw=w408-h306-k-no,true,"https://www.google.com/maps/search/tree+service+businesses+in+Gibsonville+Greensboro+NC/@36.1058415,-79.5419389,14z",2026-04-29T06:17:09.884Z,8 am–6 pm,8 am–6 pm,8 am–6 pm,8 am–6 pm,8 am–6 pm,8 am–6 pm,8 am–6 pm,,,,
https://www.google.com/maps/place/Burlington+Landscaping+Company/data=!4m7!3m6!1s0x8852d7c71d30ec3b:0x98c3ee56d8c4a119!8m2!3d36.1496176!4d-79.5124124!16s%2Fg%2F11p06z1sqk!19sChIJO-wwHcfXUogRGaHE2Fbuw5g,Burlington Landscaping Company,5.0,5,Landscaper,"2128 Elon Ossipee Rd, Elon, NC 27244, United States","4FXQ+R2 Elon, North Carolina, USA",,+1 336-489-4445,Closed · Opens 8 am,https://streetviewpixels-pa.googleapis.com/v1/thumbnail?panoid=kEFrJoYudYNyuACPwMusoA&cb_client=search.gws-prod.gps&w=408&h=240&yaw=277.45065&pitch=0&thumbfov=100,true,"https://www.google.com/maps/search/tree+service+businesses+in+Gibsonville+Greensboro+NC/@36.1058415,-79.5419389,14z",2026-04-29T06:17:14.724Z,8 am–7 pm,8 am–7 pm,8 am–7 pm,8 am–7 pm,8 am–7 pm,8 am–7 pm,8 am–7 pm,,,,
https://www.google.com/maps/place/Floyd%27s+Landscaping+%26+Lawn/data=!4m7!3m6!1s0x885326a2059c5253:0x90cb3bddb4b98ee2!8m2!3d36.0779291!4d-79.628424!16s%2Fg%2F1tqpzyx8!19sChIJU1KcBaImU4gR4o65tN07y5A,Floyd's Landscaping & Lawn,4.0,1,Landscaper,"Gateway Dr, Gibsonville, NC 27249, United States","39HC+5J Gibsonville, North Carolina, USA",,+1 336-697-8636,Closed · Opens 8:30 am,https://streetviewpixels-pa.googleapis.com/v1/thumbnail?panoid=X3JdS22R_Lhrzkqao95unQ&cb_client=search.gws-prod.gps&w=408&h=240&yaw=154.67337&pitch=0&thumbfov=100,true,"https://www.google.com/maps/search/tree+service+businesses+in+Gibsonville+Greensboro+NC/@36.1058415,-79.5419389,14z",2026-04-29T06:17:19.380Z,8:30 am–5 pm,8:30 am–5 pm,8:30 am–5 pm,8:30 am–12 pm,Closed,8:30 am–5 pm,8:30 am–5 pm,,,,
https://www.google.com/maps/place/J.M+Trimming/data=!4m7!3m6!1s0x1795df9a45927e7:0xadac1e93218c2b69!8m2!3d36.0823675!4d-79.4021769!16s%2Fg%2F11sw0xfwpm!19sChIJ5ydZpPldeQERaSuMIZMerK0,J.M Trimming,5.0,16,Tree service,,,https://jmtrimming.com/,+1 336-263-9887,Closed · Opens 8 am,https://lh3.googleusercontent.com/gps-cs-s/APNQkAHtXAlRNOHjQMrMziNaHFnDvX2r3ZIvO0ye1K0bc0bHqDl_bFKpkGt1qlp1x1c7g6W7bURNhbh16icWSHvM4u4HHiQiyfpfKpMpwDCsFIBjDsQw0Om6_UfV-QBHVgMkRHo8pt2Y=w408-h725-k-no,true,"https://www.google.com/maps/search/tree+service+businesses+in+Gibsonville+Greensboro+NC/@36.1058415,-79.5419389,14z",2026-04-29T06:17:24.066Z,8 am–5 pm,8 am–5 pm,8 am–5 pm,9 am–5 pm,9 am–5 pm,8 am–5 pm,8 am–5 pm,,,,
https://www.google.com/maps/place/Mart%C3%ADnez+Landscapes/data=!4m7!3m6!1s0x88532b5d194e82a3:0xde824473cd473e18!8m2!3d36.0731476!4d-79.4875324!16s%2Fg%2F11rcvb3d2y!19sChIJo4JOGV0rU4gRGD5HzXNEgt4,Martínez Landscapes,4.9,42,Lawn care service,"2633 Catherine Dr, Burlington, NC 27215, United States","3GF6+7X Burlington, North Carolina, USA",,+1 336-350-3473,"Closed · Opens 7 am

Confirmed by this business 9 weeks ago",https://lh3.googleusercontent.com/gps-cs-s/APNQkAGVB9HHPkRUXpevq2WEftdgkXrP4fSbO0RFekFnnPrwZG_dTykgPMVmhuC-8cgiFt_2SV4szhq9aeLd3WTRABaaCU4Xzx_5S-f2tnuBExeZQAqQVMh-VRPnkgc4CuhNdLDAF0g7SgbUDiOr=w408-h306-k-no,true,"https://www.google.com/maps/search/tree+service+businesses+in+Gibsonville+Greensboro+NC/@36.1058415,-79.5419389,14z",2026-04-29T06:17:29.242Z,7 am–7 pm,7 am–7 pm,7 am–7 pm,7 am–7 pm,9 am–5 pm,7 am–7 pm,7 am–7 pm,,,,
https://www.google.com/maps/place/Man+in+Green/data=!4m7!3m6!1s0x885329a871b09cc7:0x915e291a03d84c6d!8m2!3d36.0974143!4d-79.5269647!16s%2Fg%2F11s8666ntz!19sChIJx5ywcagpU4gRbUzYAxopXpE,Man in Green,,,Telecommunications service provider,"30 Bent Tree Ct, Gibsonville, NC 27249, United States","3FWF+X6 Gibsonville, North Carolina, USA",http://maningreen.com/,+1 919-760-5476,Open · Closes 6 am · Reopens 8 am,https://streetviewpixels-pa.googleapis.com/v1/thumbnail?panoid=RoQN8xfmjLv77rSgBvMU9A&cb_client=search.gws-prod.gps&w=408&h=240&yaw=56.916634&pitch=0&thumbfov=100,false,"https://www.google.com/maps/search/tree+service+businesses+in+Gibsonville+Greensboro+NC/@36.1058415,-79.5419389,14z",2026-04-29T06:17:34.000Z,"12–6 am, 8 am–6 pm",8 am–6 pm,8 am–6 pm,Closed,Closed,8 am–12 am,"12–6 am, 8 am–12 am",,,,
https://www.google.com/maps/place/Stewart+Pro+Lawn/data=!4m7!3m6!1s0x88532b9d0ec196cf:0xcf49ad26602e4d9c!8m2!3d36.2339426!4d-79.3399745!16s%2Fg%2F11spxbq3m4!19sChIJz5bBDp0rU4gRnE0uYCatSc8,Stewart Pro Lawn,5.0,5,Lawn care service,,,https://stewartprolawn.com/,+1 336-447-8236,Closed · Opens 7 am,https://lh3.googleusercontent.com/gps-cs-s/APNQkAGC1n36gVXlaUWmI1Dsvfjjr8YR7oggkjAGv6_fmsscnyDAnYf9bXotFBOsqJT26Nt-upuvosl-UQiYon0kajVmUouRS3YjUuf-XJzyTALPq35sS-R3hwu3gE-27H9yydEeZ7jdd7YgBqe3=w408-h306-k-no,true,"https://www.google.com/maps/search/tree+service+businesses+in+Gibsonville+Greensboro+NC/@36.1058415,-79.5419389,14z",2026-04-29T06:17:38.727Z,7 am–5 pm,7 am–5 pm,7 am–5 pm,Closed,Closed,7 am–5 pm,7 am–5 pm,,,,
https://www.google.com/maps/place/Bryan+Wagoner+Tree+Farm/data=!4m7!3m6!1s0x8852d0dd5bea27bf:0xbfb29bee7c1f0cae!8m2!3d36.255371!4d-79.5251617!16s%2Fg%2F1tdmw9s8!19sChIJvyfqW93QUogRrgwffO6bsr8,Bryan Wagoner Tree Farm,4.2,15,Tree farm,"9948 Kerr's Chapel Rd, Gibsonville, NC 27249, United States","7F4F+4W Gibsonville, North Carolina, USA",http://www.bryanstreefarm.com/,+1 336-585-0052,,https://lh3.googleusercontent.com/gps-cs-s/APNQkAHe2bIiuK_Nzw_oYZq7GYnaQ8D69uCwB73QyQwrE6Mg_0KK9tzQVgu2WP-M36ZXgSm_7zQj2ZEYYU89sIjoD0IPqvS3XuXkby7UIlAKilXED-xBht_qM4CH2GGJPpj-DevEjmJV=w408-h725-k-no,true,"https://www.google.com/maps/search/tree+service+businesses+in+Gibsonville+Greensboro+NC/@36.1058415,-79.5419389,14z",2026-04-29T06:17:41.429Z,,,,,,,,,,,
https://www.google.com/maps/place/Natural+Gardens+of+Elon+Inc/data=!4m7!3m6!1s0x88532b66d22a7f63:0xd41467c90167788b!8m2!3d36.1350459!4d-79.4919681!16s%2Fg%2F1tgw5qyq!19sChIJY38q0mYrU4gRi3hnAclnFNQ,Natural Gardens of Elon Inc,5.0,2,Landscaper,"1057 W R Ln, Burlington, NC 27217, United States","4GP5+26 Burlington, North Carolina, USA",http://naturalgardensinc.com/,+1 336-584-7210,Closed · Opens 8 am,https://lh3.googleusercontent.com/gps-cs-s/APNQkAGWkFxF3gI6ajUWaI9nQjwXZ_rvnwxTClBTZEZe8eJilNQm8Zx73WLfZ6YN91j8r0cr0Hl0gta_fUdBPzbPxCRBkNFFdJK8VxxD2RvHMfL3kVXjYB1M5OWAQVeKJFUtdTb1PBHB-A=w408-h243-k-no,true,"https://www.google.com/maps/search/tree+service+businesses+in+Gibsonville+Greensboro+NC/@36.1058415,-79.5419389,14z",2026-04-29T06:17:46.508Z,8 am–5 pm,8 am–5 pm,8 am–5 pm,Closed,Closed,8 am–5 pm,8 am–5 pm,,,,
https://www.google.com/maps/place/Rich%E2%80%99s+Tree+Service+LLC/data=!4m7!3m6!1s0x88536c9522017055:0x3cb766768aeb64d3!8m2!3d35.808718!4d-79.854182!16s%2Fg%2F1ty74zgx!19sChIJVXABIpVsU4gR02TrinZmtzw,Rich’s Tree Service LLC,5.0,10,Tree service,"3839 Richfields Road, Sophia, NC 27350, United States","R45W+F8 Sophia, North Carolina, USA",https://www.richstreeservicenc.com/,+1 336-465-0210,Closed · Opens 7:30 am,https://streetviewpixels-pa.googleapis.com/v1/thumbnail?panoid=33McplkHxzVjIEwXSISa8g&cb_client=search.gws-prod.gps&w=408&h=240&yaw=237.2644&pitch=0&thumbfov=100,true,"https://www.google.com/maps/search/tree+service+businesses+in+Gibsonville+Greensboro+NC/@36.1058415,-79.5419389,14z",2026-04-29T06:17:51.798Z,7:30 am–5 pm,7:30 am–5 pm,7:30 am–5 pm,7:30 am–5 pm,Closed,7:30 am–5 pm,7:30 am–5 pm,,,,
"https://www.google.com/maps/place/Funki+Flowers+%26+Gifts,LLC/data=!4m7!3m6!1s0x885327a805ff4f81:0x102a8a8f7d6bba57!8m2!3d36.1182568!4d-79.5765379!16s%2Fg%2F11h71ptztv!19sChIJgU__BagnU4gRV7prfY-KKhA","Funki Flowers & Gifts,LLC",4.2,19,Florist,"2120 Bell Rd, Gibsonville, NC 27249, United States","4C9F+89 Gibsonville, North Carolina, USA",http://funki-flowers.com/,+1 336-430-8562,Closed · Opens 10 am,https://lh3.googleusercontent.com/gps-cs-s/APNQkAF6TbsvDbH5GGsx278OY4ZezzBQ2LB19O8j55aHIer4NoWByVKIG8SfjWAetY1EvcgSEekS7A4rnn2qEbiKbssrYCze6ao9-YgkDmJ4enfB03sVjns0xXkuPMiUd2kLMdOvAZ7ZWw=w408-h544-k-no,true,"https://www.google.com/maps/search/tree+service+businesses+in+Gibsonville+Greensboro+NC/@36.1058415,-79.5419389,14z",2026-04-29T06:17:56.689Z,10 am–6 pm,10 am–6 pm,10 am–5 pm,11 am–3 pm,Closed,10 am–6 pm,10 am–6 pm,LGBTQ+ friendly,· In-store pick-up · Delivery,,
https://www.google.com/maps/place/Smith+Services+Gibsonville+LLC/data=!4m7!3m6!1s0x8852d9dd4716cdd7:0x8b1fa5464ba540f1!8m2!3d36.193688!4d-79.5877117!16s%2Fg%2F11qgc62gmx!19sChIJ180WR93ZUogR8UClS0alH4s,Smith Services Gibsonville LLC,4.6,23,Lawn mower repair service,"7304 NC-61, Gibsonville, NC 27249, United States","5CV6+FW Gibsonville, North Carolina, USA",http://stormor.shedsuite.com/6239,+1 336-516-4698,Closed · Opens 9 am,https://lh3.googleusercontent.com/gps-cs-s/APNQkAHl5GgNuO2dYrPGO6PklkQ58GOKVuYqcbtQGMCR_B1tCXEeQSU0trW032_tsFnhuXvtzL43bC69AQbD0dZG0I56cc_1l4I7KfaMaD7_xlM3sjt-3y_x5BX0gAtjqvfeQ6saaYenU8voO-I=w408-h544-k-no,true,"https://www.google.com/maps/search/tree+service+businesses+in+Gibsonville+Greensboro+NC/@36.1058415,-79.5419389,14z",2026-04-29T06:18:08.161Z,9 am–5 pm,9 am–5 pm,9 am–4:30 pm,Closed,Closed,9 am–5 pm,9 am–5 pm,,,,
https://www.google.com/maps/place/Burke+Manor+Inn+%26+Pavilion/data=!4m10!3m9!1s0x8853288b3a3d7f3b:0xc231083a0c0ede72!5m2!4m1!1i2!8m2!3d36.104639!4d-79.538779!16s%2Fg%2F1trprhkz!19sChIJO389OosoU4gRct4ODDoIMcI,Burke Manor Inn & Pavilion,4.8,253,,"303 Burke St, Gibsonville, NC 27249, United States","4F36+VF Gibsonville, North Carolina, USA",https://www.burkemanor.com/,+1 336-449-6266,,https://lh3.googleusercontent.com/gps-cs-s/APNQkAF_LRtpM9FxSdiyaCQya-2OwkWmOTUFIxXLB_uTKmzf8GP8NGNg30nY4DMB1BCGgfob2CecwMyULB5uYbvbc49iLObcOWkcrC6BAx_GxC_wHa-JL5_TflZD2joHKK2fETzWyX4z=w408-h271-k-no,true,"https://www.google.com/maps/search/tree+service+businesses+in+Gibsonville+Greensboro+NC/@36.1058415,-79.5419389,14z",2026-04-29T06:18:11.526Z,,,,,,,,,,,
https://www.google.com/maps/place/Gibsonville+Antiques+%26+Collectibles/data=!4m7!3m6!1s0x885328897b656de5:0x7cf7eb061424e5da!8m2!3d36.1050008!4d-79.5424956!16s%2Fg%2F1q64qk7g9!19sChIJ5W1le4koU4gR2uUkFAbr93w,Gibsonville Antiques & Collectibles,4.7,363,Antique store,"106 E Railroad Ave, Gibsonville, NC 27249, United States","4F45+22 Gibsonville, North Carolina, USA",https://www.facebook.com/GibsonvilleAntiquesAndCollectibles,+1 336-446-0234,Closed · Opens 10 am,https://lh3.googleusercontent.com/gps-cs-s/APNQkAEwN6kBW34Vn2VINu8z6AhtTebsW0bRu7tTCqT0JUT5oU1VBWAbDrQpAatpcaAqw2nhcbB8cJ4rVilN8CTKbu4unVcedVR610e17KUg6Sb20Hkn-iZEy2SRxDm3M8PqJtQwNvo=w408-h306-k-no,true,"https://www.google.com/maps/search/tree+service+businesses+in+Gibsonville+Greensboro+NC/@36.1058415,-79.5419389,14z",2026-04-29T06:18:16.251Z,10 am–6 pm,10 am–6 pm,10 am–6 pm,10 am–6 pm,1–5 pm,10 am–6 pm,10 am–6 pm,Identifies as women-owned,· In-store shopping,,
"https://www.google.com/maps/place/Aztec+Tree+Service+Reidsville+NC,+tree+removal,+tree+trimming,+tree+pruning./data=!4m7!3m6!1s0x8852db55ee17da9f:0xf3e0ceac473209a4!8m2!3d36.6075005!4d-78.8858135!16s%2Fg%2F11gw2krswr!19sChIJn9oX7lXbUogRpAkyR6zO4PM","Aztec Tree Service Reidsville NC, tree removal, tree trimming, tree pruning.",4.8,71,Tree service,,,,+1 336-932-0769,Open 24 hours,https://lh3.googleusercontent.com/gps-cs-s/APNQkAHOM15Y-sINHvLq5hgDQ69idQjc25cISXduCTKv51eg7rBePXYcx9j-Jha_vMn9TSl_Cxi2AtEEK0PNvLO-6bsxMJwAjbf363u19XbhnjBoGtd9bJwW7i6b3PTRCvYmjAsh0OM=w408-h547-k-no,true,"https://www.google.com/maps/search/tree+service+businesses+in+Gibsonville+Greensboro+NC/@36.1058415,-79.5419389,14z",2026-04-29T06:18:20.985Z,Open 24 hours,Open 24 hours,Open 24 hours,7 am–7 pm,7 am–7 pm,Open 24 hours,Open 24 hours,,,,
https://www.google.com/maps/place/Central+Tree+Service/data=!4m7!3m6!1s0x8852d52973cbffff:0xbecd5ef1e05b8c92!8m2!3d36.1771377!4d-79.3870967!16s%2Fg%2F11h3vcb_qc!19sChIJ___LcynVUogRkoxb4PFezb4,Central Tree Service,5.0,1,Tree service,"726 McCray Rd, Green Level, NC 27217, United States","5JG7+V5 Green Level, North Carolina, USA",,+1 336-229-6160,,https://streetviewpixels-pa.googleapis.com/v1/thumbnail?panoid=JWEWO6DdWvtLmtU2gKo7_w&cb_client=search.gws-prod.gps&w=408&h=240&yaw=67.60877&pitch=0&thumbfov=100,false,"https://www.google.com/maps/search/tree+service+businesses+in+Gibsonville+Greensboro+NC/@36.1058415,-79.5419389,14z",2026-04-29T06:18:23.541Z,,,,,,,,,,,
https://www.google.com/maps/place/PMR+Commercial+%26+Residential/data=!4m7!3m6!1s0x8853295185da3189:0x22b62c33e7cfbebc!8m2!3d36.0979247!4d-79.5445716!16s%2Fg%2F11mr29mm1d!19sChIJiTHahVEpU4gRvL7P5zMstiI,PMR Commercial & Residential,5.0,1,Handyman/Handywoman/Handyperson,,,,+1 336-405-6051,Closed · Opens 9 am,https://lh3.googleusercontent.com/gps-cs-s/APNQkAFrYJWwr4iBJTBPeTK9HQC2TJXI190PvCp3coOY38w8IBf5TK11O0PZ07Kaa6MJdWiC8RqU7qrY6tQV4JJwYwpilsyBNqKz7nidJ6fmMMuwzmE-tXhXrldX4Aeaf-I-VJ4Ar9g-sQ=w426-h240-k-no,true,"https://www.google.com/maps/search/tree+service+businesses+in+Gibsonville+Greensboro+NC/@36.1058415,-79.5419389,14z",2026-04-29T06:18:28.180Z,9 am–5 pm,9 am–5 pm,9 am–5 pm,Closed,Closed,9 am–5 pm,9 am–5 pm,,,,
https://www.google.com/maps/place/Creative+appearances+lawn+care/data=!4m7!3m6!1s0x9d5468ad8306b3d:0x747f670e319089b8!8m2!3d36.208582!4d-79.5701716!16s%2Fg%2F11rvd6p05z!19sChIJPWsw2IpG1QkRuImQMQ5nf3Q,Creative appearances lawn care,5.0,13,Lawn care service,,,,+1 336-524-4013,Closed · Opens 8 am,https://lh3.googleusercontent.com/gps-cs-s/APNQkAG4sCxMHUB4HKVnd0GEholl3WTusiJ98-MbXJHXeOL9SwcrSC4LzrGxFrG98AG0A_-tmLjJDgmCN4p1_GD55zp7JudAjWpkGlH3PiMRHCHKrfuVafmVZlWSeRbvVFcflqlRaN7Q=w408-h544-k-no,true,"https://www.google.com/maps/search/tree+service+businesses+in+Gibsonville+Greensboro+NC/@36.1058415,-79.5419389,14z",2026-04-29T06:18:32.944Z,8 am–5:30 pm,8 am–5:30 pm,8 am–5:30 pm,Closed,Closed,8 am–5:30 pm,8 am–5:30 pm,,,,
https://www.google.com/maps/place/TreePros+LLC/data=!4m7!3m6!1s0x8e5f2ccf7c4e5f43:0x89b318bc56f8547d!8m2!3d35.8814224!4d-79.7996259!16s%2Fg%2F11y5ql29x6!19sChIJQ19OfM8sX44RfVT4VrwYs4k,TreePros LLC,5.0,12,Tree service,,,,+1 336-693-7742,Closed · Opens 8 am,https://lh3.googleusercontent.com/gps-cs-s/APNQkAEXRzNt9r4O3bSVkdmA7F7FULok7sPoPK4aLF-IuW_n582J3JedJJO55X28E3LkMH_2dEAiWaVvMjg4B1PQIM6u_wBPReaQD05whkcbvYi9LFxc2XtUDFbgFhfNuEIKYTcL16w=w408-h725-k-no,true,"https://www.google.com/maps/search/tree+service+businesses+in+Gibsonville+Greensboro+NC/@36.1058415,-79.5419389,14z",2026-04-29T06:18:37.959Z,8 am–8 pm,8 am–8 pm,8 am–8 pm,Closed,12–8 pm,8 am–8 pm,8 am–8 pm,,,,
https://www.google.com/maps/place/On+The+Way+Outdoor/data=!4m7!3m6!1s0x8853292b34c47ced:0x145fd861fbf6b1f7!8m2!3d36.0756035!4d-79.490118!16s%2Fg%2F11m629x_36!19sChIJ7XzENCspU4gR97H2-2HYXxQ,On The Way Outdoor,5.0,2,Lawn mower store,"422 Huffman Mill Rd Suite 108, Burlington, NC 27215, United States","3GG5+6X Burlington, North Carolina, USA",https://onthewayoutdoor.com/,+1 743-336-6501,,https://lh3.googleusercontent.com/gps-cs-s/APNQkAH3DvNGoUyC09idDpEG5mi2u8WQl-IJLJkTv1b0S1Wpshp5XetIaB69y2T63hSCAMZpXKdOrMDQ3g8ShkhRolFWXfntudA-8FWLLVa5JZ9OmEwYQ5_6dXVorZzSK-vVu0QGHLb2ZkEMNXg=w408-h305-k-no,true,"https://www.google.com/maps/search/tree+service+businesses+in+Gibsonville+Greensboro+NC/@36.1058415,-79.5419389,14z",2026-04-29T06:18:42.823Z,9 am–4 pm,9 am–4 pm,9 am–4 pm,Closed,Closed,9 am–4 pm,9 am–4 pm,,· In-store pick-up · Delivery,,
https://www.google.com/maps/place/J+B+Tree+Services/data=!4m7!3m6!1s0x89ad24298b7bcde3:0x2f7499d449d702cd!8m2!3d36.2032837!4d-79.1488342!16s%2Fg%2F113h9qc14!19sChIJ4817iykkrYkRzQLXSdSZdC8,J B Tree Services,4.8,21,Tree service,"7410 NC-86, Hillsborough, NC 27278, United States","6V32+8F Hillsborough, North Carolina, USA",,+1 919-644-2454,,https://lh3.googleusercontent.com/gps-cs-s/APNQkAEHSHDRu3yOUn7DFJUUQaKxDezXu5kz3916h_m-WEKYZchhs8nINeNn9TV4e8qYgzzxswfayQ1gWHfBhuQ2KNBgUd4s8Tws8iHvhRozJvcf1lT0-bA6JbtyDfvWyYI8Tjp3xpMxZQ=w408-h306-k-no,true,"https://www.google.com/maps/search/tree+service+businesses+in+Gibsonville+Greensboro+NC/@36.1058415,-79.5419389,14z",2026-04-29T06:18:45.575Z,,,,,,,,,,,
https://www.google.com/maps/place/Garden+Valley+Farmers+Market+-+West+Burlington/data=!4m7!3m6!1s0x88532927255f6ba7:0x9e5ed90ee1a71df5!8m2!3d36.0762244!4d-79.4894116!16s%2Fg%2F11b86qh4nl!19sChIJp2tfJScpU4gR9R2n4Q7ZXp4,Garden Valley Farmers Market - West Burlington,4.6,111,Farmers' market,"2735 Anne Elizabeth Dr, Burlington, NC 27215, United States","3GG6+F6 Burlington, North Carolina, USA",http://www.gardenvalleymarket.com/,+1 336-350-7097,Closed · Opens 9 am,https://lh3.googleusercontent.com/gps-cs-s/APNQkAEcC3_tNE7OnePB6gywdSFGvLxU68WnQvVx2eF-D2d_VkA5-R8l_Yh6CvuSWCEv1a88OWKFjuObyC-Clx6bYq0TG6tDHM_vTZD4Y5IVdphT2uxDFNFEauQa5ituBwH_Ffji2iuezQ=w408-h271-k-no,true,"https://www.google.com/maps/search/tree+service+businesses+in+Gibsonville+Greensboro+NC/@36.1058415,-79.5419389,14z",2026-04-29T06:18:50.400Z,9 am–7 pm,9 am–7 pm,9 am–7 pm,9 am–7 pm,9 am–6 pm,9 am–7 pm,9 am–7 pm,,,,
https://www.google.com/maps/place/Sasser+Restoration/data=!4m7!3m6!1s0x885328f9aa90e523:0x7ddfe2817c6017b3!8m2!3d36.0629481!4d-79.5568984!16s%2Fg%2F11_t70z6m!19sChIJI-WQqvkoU4gRsxdgfIHi330,Sasser Restoration,4.5,54,General contractor,"7237 Pace Dr, Whitsett, NC 27377, United States","3C7V+56 Whitsett, North Carolina, USA",https://sasser247.com/,+1 336-449-1144,Open 24 hours,https://lh3.googleusercontent.com/gps-cs-s/APNQkAEwxI1n4QyyM8DazY2WATEYGv5sWcuaS01vMoKmuotSidZSrWAtWjH56Yn23u3jHKF1w2vxB6CKcM3oAF1ApL4FaaHE7VkHbUDWBLlDtU4pi9JCIZ78z5Om_UCLDLTly6gl6pomLA=w426-h240-k-no,true,"https://www.google.com/maps/search/tree+service+businesses+in+Gibsonville+Greensboro+NC/@36.1058415,-79.5419389,14z",2026-04-29T06:18:55.261Z,Open 24 hours,Open 24 hours,Open 24 hours,Open 24 hours,Open 24 hours,Open 24 hours,Open 24 hours,,,,
https://www.google.com/maps/place/Burlington+Tree+Care+%26+Removal+Service/data=!4m7!3m6!1s0x8853290743872acb:0x5376d2e63ae6dd67!8m2!3d36.075707!4d-79.496669!16s%2Fg%2F11qq4bfzb7!19sChIJyyqHQwcpU4gRZ93mOubSdlM,Burlington Tree Care & Removal Service,3.0,2,Tree service,,,https://treeservicesburlington.com/,+1 336-490-9111,Open 24 hours,https://lh3.googleusercontent.com/gps-cs-s/APNQkAE2hAF1RpO6C1KOSc_4oiyVmGU84TSZ1wdZIwlbpOtbn_yw6k_2J663hgy62jZu1RHgRKfiw3313PqLohjXIsfBLzmKkXYcOZ-Kpt1x9k9jI-vHOn_Att5bWnwLbzLKjpvptK06=w408-h349-k-no,true,"https://www.google.com/maps/search/tree+service+businesses+in+Gibsonville+Greensboro+NC/@36.1058415,-79.5419389,14z",2026-04-29T06:19:00.286Z,Open 24 hours,Open 24 hours,Open 24 hours,Open 24 hours,Open 24 hours,Open 24 hours,Open 24 hours,,,,
https://www.google.com/maps/place/Garden+Center+at+Tractor+Supply/data=!4m7!3m6!1s0x88532986df30c855:0xb3db2d20b28a8d3f!8m2!3d36.0721543!4d-79.4974147!16s%2Fg%2F11syzfxf4z!19sChIJVcgw34YpU4gRP42KsiAt27M,Garden Center at Tractor Supply,3.5,6,Garden center,"3129 Garden Rd, Burlington, NC 27215, United States","3GC3+V2 Burlington, North Carolina, USA",https://www.tractorsupply.com/tsc/services/garden-center-Burlington-NC-27215-445,+1 336-586-9222,Closed · Opens 8 am,https://lh3.googleusercontent.com/gps-cs-s/APNQkAHDrWVtQyQZiEsfiEPyytOOYnVId6R4RZ7kCJQ-jpl3dcF_aRrOD3CEr9q9_1GEPb97hmZ9Dg_inYyRmD0IPRE1uoCRfpzcSM1cwFRfSgYceeUzSTD-woupD46wWUj7QXShgFfv=w408-h271-k-no,true,"https://www.google.com/maps/search/tree+service+businesses+in+Gibsonville+Greensboro+NC/@36.1058415,-79.5419389,14z",2026-04-29T06:19:05.076Z,8 am–9 pm,8 am–9 pm,8 am–9 pm,8 am–9 pm,9 am–7 pm,8 am–9 pm,8 am–9 pm,,· In-store shopping · In-store pick-up · Delivery,,
https://www.google.com/maps/place/Ground+Zero+Grading+and+Clearing/data=!4m7!3m6!1s0x885327dc67b58b79:0x7de9c8e20e598b39!8m2!3d36.0722669!4d-79.5948882!16s%2Fg%2F11txjg2xvv!19sChIJeYu1Z9wnU4gROYtZDuLI6X0,Ground Zero Grading and Clearing,,,Landscaper,"6600 Cannonade Ct, Whitsett, NC 27377, United States","3CC4+W2 Whitsett, North Carolina, USA",,+1 336-269-6588,Closed · Opens 7 am,https://lh3.googleusercontent.com/gps-cs-s/APNQkAHFUQ_daM5EAWt4hMpiVRV5Jxvg3vl6QpfKIQgX4VEP5-sdkqa9AFPPBgZVeIBBC2BFDZ-hztjiEjuL2f96GgqnBQui_LKpsYFyxzxO35ZdHVYUbdCIfrC5MqxwwCSWiHz2bW19=w408-h306-k-no,true,"https://www.google.com/maps/search/tree+service+businesses+in+Gibsonville+Greensboro+NC/@36.1058415,-79.5419389,14z",2026-04-29T06:19:09.629Z,7 am–7 pm,7 am–7 pm,7 am–5 pm,7 am–12 pm,Closed,7 am–7 pm,7 am–7 pm,,,,
https://www.google.com/maps/place/Northern+Tool+%2B+Equipment/data=!4m7!3m6!1s0x88532956707d18f1:0x481f7f5445a29f73!8m2!3d36.06661!4d-79.478042!16s%2Fg%2F1vvr6xpw!19sChIJ8Rh9cFYpU4gRc5-iRVR_H0g,Northern Tool + Equipment,4.4,394,Tool store,"2495 Eric Ln #110, Burlington, NC 27215, United States","3G8C+JQ Burlington, North Carolina, USA",https://www.northerntool.com/store/burlingtonnc-store-burlington-nc,+1 336-506-6837,Closed · Opens 7 am,https://lh3.googleusercontent.com/gps-cs-s/APNQkAHG6xF-rGQB6uL_qDrzwehNzOuEVDJrziPoyEcW8X54rCnpc8jvCfLcju_4uabpXDnkQbMUKpaLPUWsFaOawMv80mi13McnpBi8YnewkHEIIIkFX1wtGJiaM5Sv3JD8clCpdYoW=w408-h306-k-no,true,"https://www.google.com/maps/search/tree+service+businesses+in+Gibsonville+Greensboro+NC/@36.1058415,-79.5419389,14z",2026-04-29T06:19:16.582Z,7 am–7 pm,7 am–7 pm,7 am–7 pm,8 am–6 pm,9 am–5 pm,7 am–7 pm,7 am–7 pm,,Chain carrying a vast selection of tools & equipment for do-it-yourself & construction projects. · In-store shopping · In-store pick-up · Delivery,,
https://www.google.com/maps/place/Triad+Bounce/data=!4m7!3m6!1s0x8853b86197fed70b:0xf9b9cc290e88e378!8m2!3d36.0742385!4d-79.5556962!16s%2Fg%2F11b6b5k3x2!19sChIJC9f-l2G4U4gReOOIDinMufk,Triad Bounce,5.0,888,Party equipment rental service,"308 Cape Fear Way, Whitsett, NC 27377, United States","3CFV+MP Whitsett, North Carolina, USA",http://www.triadbounce.com/,+1 336-448-4443,,https://lh3.googleusercontent.com/gps-cs-s/APNQkAHIHpdMOjhDme00qY3HpgC3ZTPJ-VeYfnFR7Rr4XqprviaLtmB84pDiBOEE46mRowqz_z6M96naEDycZeN2SSJFnD7cQB2WzIEJYCxKwwJF6zEIGtG35qb5vaRoqMCLvtCjQqXrmSSnRMJa=w408-h306-k-no,true,"https://www.google.com/maps/search/tree+service+businesses+in+Gibsonville+Greensboro+NC/@36.1058415,-79.5419389,14z",2026-04-29T06:19:21.807Z,6:30 am–8 pm,6:30 am–8 pm,6:30 am–8 pm,6:30 am–8 pm,6:30 am–8 pm,6:30 am–8 pm,6:30 am–8 pm,,,,
"https://www.google.com/maps/place/Carolina+Pipe+%26+Ground+Works,+LLC./data=!4m7!3m6!1s0xaef88ae6ce5721cd:0x8ec65f3d139a992!8m2!3d36.046488!4d-79.4021769!16s%2Fg%2F11lf7207ky!19sChIJzSFXzuaK-K4Rkqk50fNl7Ag","Carolina Pipe & Ground Works, LLC.",5.0,13,Plumber,,,https://carolinapipeandgroundworks.com/,+1 336-675-9235,Open 24 hours,https://lh3.googleusercontent.com/gps-cs-s/APNQkAFcDl6W6-xycG0oGBW14Vt2FnZrTA7hz4xgWZtWArQH_2f-tBxWwEoNx8W-pSjbqgsXY1KPyeu1XntkXQIEb2Iy-PXI3kuTjjI335YQY_E-ih-pAr4ankrNkc-Vr9N2Zv_ODnOx=w408-h408-k-no,true,"https://www.google.com/maps/search/tree+service+businesses+in+Gibsonville+Greensboro+NC/@36.1058415,-79.5419389,14z",2026-04-29T06:19:26.568Z,Open 24 hours,Open 24 hours,Open 24 hours,Open 24 hours,Open 24 hours,Open 24 hours,Open 24 hours,,,,
"https://www.google.com/maps/place/Old+Timers+Roofing,+Inc./data=!4m7!3m6!1s0x8853192034aa695f:0x7339fe70bf2fe9a3!8m2!3d36.1176067!4d-79.8396007!16s%2Fg%2F1tftlxq5!19sChIJX2mqNCAZU4gRo-kvv3D-OXM","Old Timers Roofing, Inc.",4.6,257,Roofing contractor,"3127 Battleground Ave, Greensboro, NC 27408, United States","4596+25 Greensboro, North Carolina, USA",https://www.oldtimersroofing.com/,+1 336-937-7663,"Open 24 hours

Confirmed by this business 5 days ago",https://lh3.googleusercontent.com/gps-cs-s/APNQkAHxSmdS4rBkP5uWaajpMWN1mfxMdWs-bLkh68AFGtgRh10lQ0zt6z0_C9g7Kkg4EolgOxmcn9hhaKa6LcsnyMlXaWdB7npBD9dPRjzQ0dsnrheGw8zK8UFWl3nOsZQqqXw0v8w=w426-h240-k-no,true,"https://www.google.com/maps/search/tree+service+businesses+in+Old+Irving+Park+Greensboro+NC/@36.1007984,-79.7988547,14z",2026-04-29T06:19:54.860Z,Open 24 hours,Open 24 hours,Open 24 hours,Open 24 hours,Open 24 hours,Open 24 hours,Open 24 hours,,,,
https://www.google.com/maps/place/City+of+Greensboro+-+Country+Park/data=!4m7!3m6!1s0x88531c25d851d3bf:0x9e2f0d0e85906e2a!8m2!3d36.1237468!4d-79.832478!16s%2Fg%2F1tf6655j!19sChIJv9NR2CUcU4gRKm6QhQ4NL54,City of Greensboro - Country Park,4.7,4163,Park,"3905 Nathanael Green Dr, Greensboro, NC 27455, United States","45F9+F2 Greensboro, North Carolina, USA",https://www.greensboro-nc.gov/departments/parks-recreation/parks-gardens/country-park,+1 336-373-3648,Closed · Opens 8 am,https://lh3.googleusercontent.com/gps-cs-s/APNQkAEKiahjT_PVPnuLw9ObBPPiBQ3gInMpk7HFvdYWT9bjoOMbYRasPlqwgxu9aR1Tawjd-gHA6IMALLzlGKJopxpu0rAobEShEgXBzWzE0wszVwY8Yyc1BVehytksoorN8aV1nmJZ2A26EQE=w408-h306-k-no,true,"https://www.google.com/maps/search/tree+service+businesses+in+Old+Irving+Park+Greensboro+NC/@36.1007984,-79.7988547,14z",2026-04-29T06:20:00.169Z,8 am–8 pm,8 am–8 pm,8 am–8 pm,8 am–8 pm,8 am–8 pm,8 am–8 pm,8 am–8 pm,,"An ample, wooded park with playgrounds, nature trails, fishing lakes, a dog area & picnic shelters. · Dogs allowed",,
https://www.google.com/maps/place/SKYWILD/data=!4m7!3m6!1s0x88531d14bfaaa1a9:0x6b2b6bb3e8430c1e!8m2!3d36.1297477!4d-79.8336362!16s%2Fg%2F11qn1h2dnv!19sChIJqaGqvxQdU4gRHgxD6LNrK2s,SKYWILD,4.8,27,High ropes course,"4301 Lawndale Dr, Greensboro, NC 27455, United States","45H8+VG Greensboro, North Carolina, USA",https://www.greensboroscience.org/skywild/,+1 336-288-3769 ext. 1402,"Closed · Opens 9:30 am

Updated by this business 6 weeks ago",https://lh3.googleusercontent.com/gps-cs-s/APNQkAG-FjvDcOtYxZCnQP-7PPb1Cjvci8YXdyu70OLZVJCzJbUr96TucwhuU_W4U5nmJhz-Kp8i7_55eHgiYJjHaTEEi0R5X1jCIh2UtWMCP7e7B6PffX28oPVe8nG20L3ic8bps1WnQg=w408-h544-k-no,true,"https://www.google.com/maps/search/tree+service+businesses+in+Old+Irving+Park+Greensboro+NC/@36.1007984,-79.7988547,14z",2026-04-29T06:20:12.065Z,9:30 am–3:30 pm,9:30 am–3:30 pm,9:30 am–3:30 pm,9:30 am–3:30 pm,9:30 am–3:30 pm,Closed,Closed,,,,
https://www.google.com/maps/place/Greensboro+Science+Center/data=!4m7!3m6!1s0x88531c2ae24bf56f:0x8a12d5a4ce3e1e72!8m2!3d36.1296495!4d-79.8334197!16s%2Fm%2F09ghttm!19sChIJb_VL4iocU4gRch4-zqTVEoo,Greensboro Science Center,4.7,10008,Zoo,"4301 Lawndale Dr, Greensboro, NC 27455, United States","45H8+VJ Greensboro, North Carolina, USA",http://www.greensboroscience.org/,+1 336-288-3769,"Closed · Opens 9 am

Confirmed by phone call 1 week ago",https://lh3.googleusercontent.com/gps-cs-s/APNQkAGveCWq4ruvDj_1tTxqslzijJLcP4WD_IDFvpEpdkYVBtm6pRAPMJxRDEoPsZMLwB0n8MDWwHB3mlJFdg5nH6BrKvR6QuySOJ33T49mNOy6hL9j3Ov-FYtmjqekUNheT2jQsaSU=w478-h240-k-no,true,"https://www.google.com/maps/search/tree+service+businesses+in+Old+Irving+Park+Greensboro+NC/@36.1007984,-79.7988547,14z",2026-04-29T06:20:17.008Z,9 am–5 pm,9 am–5 pm,9 am–5 pm,9 am–5 pm,9 am–5 pm,9 am–5 pm,9 am–5 pm,,"Center boasting a 12-acre zoo, an aquarium & a hands-on museum plus a theatre with a 40-foot screen. · Gift shop",,
https://www.google.com/maps/place/Friendly+Pro+Landscapes/data=!4m7!3m6!1s0x6c5086b15495880b:0x17f596562f1f14bb!8m2!3d35.1705075!4d-79.86097!16s%2Fg%2F11kq6zlppt!19sChIJC4iVVLGGUGwRuxQfL1aW9Rc,Friendly Pro Landscapes,5.0,82,Landscaper,,,http://www.friendlyprolandscapes.com/,+1 336-392-8077,Closed · Opens 5 am,https://lh3.googleusercontent.com/gps-cs-s/APNQkAEJanbrTt95EWENg7kqaKv7_ubYw6ESqHFEE-OWp69qUB-rngzJHV8kTAhe7tWHwGfxXFv44MnJzNGJqU7cnizclcFrZjC103xsMuTy8AnEJKxV2ctiDnoOiw5Br5r1L3vnUKCTnWm5cq7k=w408-h544-k-no,true,"https://www.google.com/maps/search/tree+service+businesses+in+Old+Irving+Park+Greensboro+NC/@36.1007984,-79.7988547,14z",2026-04-29T06:20:21.677Z,5 am–9 pm,5 am–9 pm,5 am–9 pm,5 am–9 pm,12–9 pm,5 am–9 pm,5 am–9 pm,,,,
https://www.google.com/maps/place/Clark+Farm+Lawn+%26+Garden/data=!4m7!3m6!1s0x88531f9f31fbda15:0xdac269aed60cc2cf!8m2!3d36.1319861!4d-79.760244!16s%2Fg%2F1thtq8wk!19sChIJFdr7MZ8fU4gRz8IM1q5pwto,Clark Farm Lawn & Garden,4.3,217,Lawn mower store,"4210 Summit Ave, Greensboro, NC 27405, United States","46JQ+QW Greensboro, North Carolina, USA",http://www.clarkfarmsupply.com/,+1 336-621-4371,"Closed · Opens 8 am

Updated by this business 6 weeks ago",https://lh3.googleusercontent.com/gps-cs-s/APNQkAGNPMsHyan6MaZBvmTGkdNwRPVOn5qOriNHeiRPNHzXL8F4MNPVZPZMyWufJfHIXxEA2LVrKDdZHzh2WgJhPeE7BSuvrCH24dih3OF542KvQ0OYNLk6iP635ppzhfSCr-EmC4iipcaHnQaT=w408-h306-k-no,true,"https://www.google.com/maps/search/tree+service+businesses+in+Old+Irving+Park+Greensboro+NC/@36.1007984,-79.7988547,14z",2026-04-29T06:20:26.740Z,8 am–5 pm,8 am–5 pm,8 am–5 pm,8 am–12 pm,Closed,8 am–5 pm,8 am–5 pm,,· In-store shopping · In-store pick-up · Delivery,,
https://www.google.com/maps/place/Woodland+Park+Apartment+Homes/data=!4m7!3m6!1s0x88531e8fbc90ea07:0xb366be67e572c3f0!8m2!3d36.1225554!4d-79.816876!16s%2Fg%2F1v7pz58b!19sChIJB-qQvI8eU4gR8MNy5We-ZrM,Woodland Park Apartment Homes,4.5,162,Apartment complex,"3047 Pisgah Pl, Greensboro, NC 27455, United States","45FM+26 Greensboro, North Carolina, USA",https://www.woodlandparkgreensboro.com/?utm_knock=g&utm_source=google+biz&utm_medium=organic,+1 833-659-9051,Closed · Opens 10 am,https://lh3.googleusercontent.com/gps-cs-s/APNQkAE1EkvprWYZ8qiNub4s1rOMfbrfZX4jkhIEbl-sK6-5kUqIN6vqhx0EZV-7SlaWYvF1N-3HnSxeNouK1ByDKXdaVDlycjxcQV-rkviTjhJVNdwF4-LxWsNBpk6sQOoHhkZryDv5=w408-h245-k-no,true,"https://www.google.com/maps/search/tree+service+businesses+in+Old+Irving+Park+Greensboro+NC/@36.1007984,-79.7988547,14z",2026-04-29T06:20:31.663Z,10 am–6 pm,10 am–6 pm,10 am–6 pm,Closed,Closed,10 am–6 pm,10 am–6 pm,LGBTQ+ friendly,· Dogs allowed,,
https://www.google.com/maps/place/Garner%27s+Florist/data=!4m7!3m6!1s0x88531efd62670007:0x204f4b59f2eca07!8m2!3d36.1202916!4d-79.7848095!16s%2Fg%2F1tfmp2l8!19sChIJBwBnYv0eU4gRB8oun7X0BAI,Garner's Florist,4.4,45,Florist,"3109 N Church St, Greensboro, NC 27405, United States","46C8+43 Greensboro, North Carolina, USA",https://www.garnersflorist.com/?utm_source=google&utm_medium=gbp&y_source=1_MjA4OTMxNjAtNzE1LWxvY2F0aW9uLndlYnNpdGU%3D,+1 336-375-4141,"Closed · Opens 9 am

Confirmed by this business 2 weeks ago",https://lh3.googleusercontent.com/gps-cs-s/APNQkAEpWinLZM2aDiXZt_BUyWx-S0gl_3tpHp4NanjrZUzMMp7OVHnhZhGrLNIuxpyabZfYr4et97xu0IWHNdubUPlTrLfS8E4WxEHB5TkpWTWBEFPZaB7i9FpKBgszZQC4QGKRxq8Q=w408-h605-k-no,true,"https://www.google.com/maps/search/tree+service+businesses+in+Old+Irving+Park+Greensboro+NC/@36.1007984,-79.7988547,14z",2026-04-29T06:20:37.030Z,9 am–2 pm,9 am–2 pm,9 am–2 pm,Closed,Closed,9 am–1 pm,9 am–2 pm,,· Delivery,,
https://www.google.com/maps/place/WinWood+Designs+LLC/data=!4m7!3m6!1s0x88531e471eacd641:0xd9b5405ce6275e28!8m2!3d36.121103!4d-79.8108289!16s%2Fg%2F11bwhbbntl!19sChIJQdasHkceU4gRKF4n5lxAtdk,WinWood Designs LLC,5.0,4,Woodworker,"WinWood Designs, Greensboro, NC 27410, United States","45CQ+CM Greensboro, North Carolina, USA",https://winwooddesigns.com/,+1 336-455-1350,,https://lh3.googleusercontent.com/gps-cs-s/APNQkAEspuDlx3zCFApOLM-ubPePdQ5vDhOHBRysFoURZbPopAvgXNs6T-76I_E9KmFaPd473mAviMJRtG0Wklt6S_1QGOBQC05mICeaas4VRZe_y6Ug2vZiSaY35tmyQ9290BEM6iki=w529-h240-k-no,true,"https://www.google.com/maps/search/tree+service+businesses+in+Old+Irving+Park+Greensboro+NC/@36.1007984,-79.7988547,14z",2026-04-29T06:20:39.574Z,,,,,,,,,,,
https://www.google.com/maps/place/A+Plus+Home+Remodeling+LLC/data=!4m7!3m6!1s0x88531fdffba032b7:0x47bb8f62847f3992!8m2!3d36.1223514!4d-79.7942807!16s%2Fg%2F11wq352rlw!19sChIJtzKg-98fU4gRkjl_hGKPu0c,A Plus Home Remodeling LLC,4.9,39,Remodeler,"7 Corporate Center Ct b, Greensboro, NC 27408, United States","46C4+W7 Greensboro, North Carolina, USA",https://www.aplushomeremodeling4u.com/,+1 336-251-7891,Closed · Opens 7 am,https://lh3.googleusercontent.com/gps-cs-s/APNQkAEbL7AZT92HbRlDHl1OFfGhkeUOmCW-MWLEWZvRFsrQKpwCgoUyv_3-NGqtEflXPTCpTtc6EOSgUDEGIqzM1VAhGeJun19ftET_uQvKRGtyn75ts7MYuK-xiV0ByCRx3cpm6f9gGA=w514-h240-k-no,true,"https://www.google.com/maps/search/tree+service+businesses+in+Old+Irving+Park+Greensboro+NC/@36.1007984,-79.7988547,14z",2026-04-29T06:20:44.356Z,7 am–6 pm,7 am–6 pm,7 am–6 pm,7 am–6 pm,Closed,7 am–6 pm,7 am–6 pm,,,,
https://www.google.com/maps/place/Dogwood+Tree+Service/data=!4m7!3m6!1s0x8241ff39b7f08e01:0x28a722ccc171ec4a!8m2!3d36.046488!4d-79.388751!16s%2Fg%2F11lcbxvk11!19sChIJAY7wtzn_QYIRSuxxwcwipyg,Dogwood Tree Service,4.9,72,Tree service,,,https://dogwoodlandandtreeworxllc.com/,+1 336-380-9778,Closed · Opens 7 am,https://lh3.googleusercontent.com/gps-cs-s/APNQkAFKquGHxu083eIeqY4CFey4xIxtPU-U8FFGLS_fvgXImoPgDmkhrhWql-foI_yIafO-fe5m04HKtvE-lJWTIXME7imHVWWsgP4xWKiKN4ZG4xbfXXyX1BJi7TrcevFx4X8j0SeDX56JC8M=w408-h544-k-no,true,"https://www.google.com/maps/search/tree+service+businesses+in+Mebane+Greensboro+NC/@36.0968098,-79.269663,14z",2026-04-29T06:21:05.631Z,7 am–10 pm,7 am–10 pm,7 am–10 pm,7 am–10 pm,7 am–10 pm,7 am–10 pm,7 am–10 pm,,,,
"https://www.google.com/maps/place/Furstie+Tree+%26+Stump,+LLC/data=!4m7!3m6!1s0x9b83a43b2af2ab3:0xf6d01b83949457d6!8m2!3d36.1329792!4d-79.1921275!16s%2Fg%2F11kc5j3hcl!19sChIJsyqvskM6uAkR1leUlIMb0PY","Furstie Tree & Stump, LLC",5.0,52,Tree service,"5010 Harmony Church Rd, Efland, NC 27243, United States","4RM5+54 Efland, North Carolina, USA",https://furstietree.com/,+1 734-228-4658,Open 24 hours,https://lh3.googleusercontent.com/gps-cs-s/APNQkAEElBhDFX343vKkRL3BdLh9MEmZL07YhnTRvJQyDy2Di4rQPuucKdW7AA9vNE6W9uA48FadZDs3dLQzOozQ6PtjnglyMnP3PRcBK1gSRgXIlXHMkyJz5hH8tHEaWjsBQyRh2GmmTO-jArxI=w408-h544-k-no,true,"https://www.google.com/maps/search/tree+service+businesses+in+Mebane+Greensboro+NC/@36.0968098,-79.269663,14z",2026-04-29T06:21:10.553Z,Open 24 hours,Open 24 hours,Open 24 hours,Open 24 hours,Open 24 hours,Open 24 hours,Open 24 hours,,,,
https://www.google.com/maps/place/Eno+Lawn+Care+and+Landscaping/data=!4m7!3m6!1s0x89acd7cf73066d19:0x91b1507a501ae871!8m2!3d36.0017056!4d-79.0469233!16s%2Fg%2F11fcpn7269!19sChIJGW0Gc8_XrIkRcegaUHpQsZE,Eno Lawn Care and Landscaping,4.9,64,Lawn care service,,,http://enolawncare.com/,+1 919-358-1014,Closed · Opens 8 am,https://lh3.googleusercontent.com/gps-cs-s/APNQkAFGf6Rp3Y1iverxgnhr1YLRP_RqC5PlLR8sjH80A2u5baV9g2F-TWKa2uhxBQTeg1JUlP_5QOw-a_7POMgjQg_Igk2ts16KQBBdjdyWIFqC9656tU8fR6hwwypuReSVFCPEQWiV=w408-h306-k-no,true,"https://www.google.com/maps/search/tree+service+businesses+in+Mebane+Greensboro+NC/@36.0968098,-79.269663,14z",2026-04-29T06:21:15.336Z,8 am–5 pm,8 am–5 pm,8 am–5 pm,Closed,Closed,8 am–5 pm,8 am–5 pm,,,,
"https://www.google.com/maps/place/Yeattes+Family+Trust+Tree+Farm/@36.10039,-79.226125,17z/data=!3m1!4b1!4m6!3m5!1s0x89acd7b3ab2709d1:0x587d36597cdda313!8m2!3d36.10039!4d-79.226125!16s%2Fg%2F11vkjgxlbs",Yeattes Family Trust Tree Farm,5.0,1,Tree farm,"4Q2F+5G, Mebane, NC 27302, United States",,,,,,false,"https://www.google.com/maps/search/tree+service+businesses+in+Mebane+Greensboro+NC/@36.0968098,-79.269663,14z",2026-04-29T06:21:20.091Z,,,,,,,,,,,
https://www.google.com/maps/place/Door-2-Door+Lawn+Service+LLC/data=!4m7!3m6!1s0xb86675c103e1499:0x4f089b50cf3a65fe!8m2!3d36.0758768!4d-79.2511158!16s%2Fg%2F11tfmww2l3!19sChIJmRQ-EFxnhgsR_mU6z1CbCE8,Door-2-Door Lawn Service LLC,5.0,27,Lawn care service,,,http://www.door2doorlawnservice.com/,+1 919-724-0464,Closed · Opens 7:30 am,https://lh3.googleusercontent.com/gps-cs-s/APNQkAHLe7ZnEqC9i4H4aLQto5d0RAsVxvdVBSZlst8XBWQjD5_TG4-M-ZbiUCn1CLcFmu_4utrnGwoIeIDQqS_BAVr8ysnsl8NB9CTsmmBe_IKuRCR0JHnQ6IhCtDs0L_k9OqHDWeRv=w408-h544-k-no,true,"https://www.google.com/maps/search/tree+service+businesses+in+Mebane+Greensboro+NC/@36.0968098,-79.269663,14z",2026-04-29T06:21:25.009Z,7:30 am–8:30 pm,7:30 am–8:30 pm,7:30 am–9 pm,10 am–9 pm,Closed,7:30 am–8:30 pm,7:30 am–8:30 pm,,,,
https://www.google.com/maps/place/Wright+Brothers%27+Tree+Service/data=!4m7!3m6!1s0x89acc33ff9605e6d:0x7e43b3c99a3e84bc!8m2!3d36.0286146!4d-79.12756!16s%2Fg%2F1hc0v49tk!19sChIJbV5g-T_DrIkRvIQ-msmzQ34,Wright Brothers' Tree Service,4.9,175,Tree service,,,http://www.yourlocaltreedoctor.com/,+1 984-253-8826,Open 24 hours,https://lh3.googleusercontent.com/gps-cs-s/APNQkAEsaJ8VOLn13n0iiDa502h73ALf6YepwF2_R__9l2zallar86Dzk2CiFKyVr2r4LsmLPSlYnaNFiETdbiyx6Ak4eppjbFoG2DatIRWrYWtWVjBX0vWTLN9MGo8RAKDJF6ZusrM=w425-h240-k-no,true,"https://www.google.com/maps/search/tree+service+businesses+in+Mebane+Greensboro+NC/@36.0968098,-79.269663,14z",2026-04-29T06:21:30.171Z,Open 24 hours,Open 24 hours,Open 24 hours,Open 24 hours,Open 24 hours,Open 24 hours,Open 24 hours,,,,
https://www.google.com/maps/place/Down+Home+Garden+Center+%26+General+Store/data=!4m7!3m6!1s0x89acd7a429b38189:0xf6d59c23b175067a!8m2!3d36.085773!4d-79.2305!16s%2Fg%2F1262c8m2l!19sChIJiYGzKaTXrIkRegZ1sSOc1fY,Down Home Garden Center & General Store,4.9,181,Garden center,"7598, 6500 US-70, Mebane, NC 27302, United States","3QP9+8R Mebane, North Carolina, USA",http://www.downhomegarden.com/,+1 919-563-0360,"Closed · Opens 9:30 am

Updated by this business 7 weeks ago",https://lh3.googleusercontent.com/gps-cs-s/APNQkAGkRRYwBXmkmuG1pc8zIDFsQmeinP1V8sR1IKno68yhiqPavQuEhhcK0QeOm-Q3e2UiIzohFORLDgvcr59SN52wWELzcGmaaQfdDkR6MJKUY_eKsRE0hie3g2Pn-RjE4B4f78dLwA=w426-h240-k-no,true,"https://www.google.com/maps/search/tree+service+businesses+in+Mebane+Greensboro+NC/@36.0968098,-79.269663,14z",2026-04-29T06:21:34.946Z,9:30 am–5 pm,9:30 am–5 pm,9:30 am–5 pm,9:30 am–5 pm,Closed,Closed,9:30 am–5 pm,,,,
https://www.google.com/maps/place/First+Source+Equipment+Rental/data=!4m7!3m6!1s0x89acd4287651385d:0x62fa971e4a6efd58!8m2!3d36.0752523!4d-79.2921227!16s%2Fg%2F11cn5s6lwk!19sChIJXThRdijUrIkRWP1uSh6X-mI,First Source Equipment Rental,4.7,77,Landscaping supply store,"1307 S Third St, Mebane, NC 27302, United States","3PG5+45 Mebane, North Carolina, USA",http://www.firstsourceequipment.com/,+1 336-227-6275,"Closed · Opens 7:30 am

Updated by this business 5 weeks ago",https://lh3.googleusercontent.com/gps-cs-s/APNQkAG6H3XUYIcGWuCwYZdZJUFDwrk6wqNyncklULf5TQPmLBKox9bLCQVBnufdYz6Zp7RRAcjaVLYBltQTL3DPMVCGS9eS25sOyDDE6YhCxsrH3MHpuvtaukRHSGU0ojN-VBw-tc3E=w408-h306-k-no,true,"https://www.google.com/maps/search/tree+service+businesses+in+Mebane+Greensboro+NC/@36.0968098,-79.269663,14z",2026-04-29T06:21:39.742Z,7:30 am–5 pm,7:30 am–5 pm,7:30 am–5 pm,7:30 am–1 pm,Closed,7:30 am–5 pm,7:30 am–5 pm,,· Delivery,,
https://www.google.com/maps/place/Anderson+%26+Family+Pressure+Washing+LLC/data=!4m7!3m6!1s0x89acd77b21936341:0x84ecd426648d689a!8m2!3d36.0623354!4d-79.284335!16s%2Fg%2F11qmy6xbjg!19sChIJQWOTIXvXrIkRmmiNZCbU7IQ,Anderson & Family Pressure Washing LLC,5.0,34,Pressure washing service,"1002 Longleaf Pine Pl, Mebane, NC 27302, United States","3P68+W7 Mebane, North Carolina, USA",,+1 336-534-5215,"Open 24 hours

Updated by this business 7 weeks ago",https://lh3.googleusercontent.com/gps-cs-s/APNQkAFxnKhqD5PWKts6hXSSmEYckRIwWkIUbl46XROoWzSMKR13shzZIAQfxBi-I2XmKP_PsHV1dTtVB_LooAp9sk1bFSbGrLna8qZ29sI3KXuttWJpgz0OUoMHjer3ru08lZ0oY4_S=w408-h306-k-no,true,"https://www.google.com/maps/search/tree+service+businesses+in+Mebane+Greensboro+NC/@36.0968098,-79.269663,14z",2026-04-29T06:21:44.728Z,Open 24 hours,Open 24 hours,Open 24 hours,Open 24 hours,Open 24 hours,Open 24 hours,Open 24 hours,,,,
https://www.google.com/maps/place/Shake+The+Tree+Marketing/data=!4m7!3m6!1s0x6a08a95b5ace367d:0xa27c1f49f06a12cd!8m2!3d35.1705075!4d-79.86097!16s%2Fg%2F11myv383_x!19sChIJfTbOWlupCGoRzRJq8EkffKI,Shake The Tree Marketing,5.0,5,Website designer,,,https://www.shakethetreemarketing.com/,+1 919-427-6303,Closed · Opens 8 am,https://lh3.googleusercontent.com/gps-cs-s/APNQkAGyaLwIT9_AgKrkWpy1DRuTLRMKN18X31DfLRuQ9DrQGSB5c3YMFiN77EfqkxPnBpm4xAutCaeeTKd8z2N2Rny7pPWbfKO72rzYekEzfuUyG-PFPioIhovNdqqyvTzn0x8QnPTd3ItjcCA=w408-h408-k-no,true,"https://www.google.com/maps/search/tree+service+businesses+in+Mebane+Greensboro+NC/@36.0968098,-79.269663,14z",2026-04-29T06:21:49.266Z,8 am–9 pm,8 am–9 pm,8 am–9 pm,8 am–9 pm,10 am–6 pm,8 am–9 pm,8 am–9 pm,,,,
https://www.google.com/maps/place/MacNeela%E2%80%99s+Tree+Service/data=!4m7!3m6!1s0x89acd9096384eefd:0x4276e2c59243873d!8m2!3d36.0405744!4d-79.1204981!16s%2Fg%2F11kpszclz0!19sChIJ_e6EYwnZrIkRPYdDksXidkI,MacNeela’s Tree Service,4.8,37,Tree service,"Jacobs Trail, Hillsborough, NC 27278, United States","2VRH+6R Hillsborough, North Carolina, USA",http://macneelastreeservicenc.com/,+1 919-951-9103,Closed · Opens 8 am,https://lh3.googleusercontent.com/gps-cs-s/APNQkAFtdm37X-Tp3hkuI4TE2FtNlHuW2nigFtz8NzInIr7W9u7dMIkxjx3HI0orSaPkGOWkM9uNLU-jlwcD_THrAxd5xAJtNgM6zqT9Ud50Q2njRB37tu2yMVZvPgUjcIGVNwesPbUFurz1-pSx=w408-h306-k-no,true,"https://www.google.com/maps/search/tree+service+businesses+in+Mebane+Greensboro+NC/@36.0968098,-79.269663,14z",2026-04-29T06:21:54.646Z,8 am–8 pm,8 am–8 pm,8 am–8 pm,8 am–8 pm,Closed,8 am–8 pm,8 am–8 pm,,,,
https://www.google.com/maps/place/Leatherhead+Lawn+Service+%7C+Lawn+Maintenance+%7C+Lawn+Care+in+Mebane+NC/data=!4m7!3m6!1s0x89acd36b402b8fef:0xcc48ae8861e2506f!8m2!3d36.0869416!4d-79.2586029!16s%2Fg%2F11h_1h6_6h!19sChIJ748rQGvTrIkRb1DiYYiuSMw,Leatherhead Lawn Service | Lawn Maintenance | Lawn Care in Mebane NC,4.3,21,Lawn care service,,,,+1 336-516-3625,Open 24 hours,https://lh3.googleusercontent.com/gps-cs-s/APNQkAEp7_wMwwUv4UNXeBbID9EJLea3hWSJvEj0T6DOk6j2AAY4ixabWO7gLqj9b2YNTHNypT8ySbHqSoYTSreVHWtOrtV3pExP0dlb9vg7ZggSm2SwQ4Cc3ObEarcio07NWOxqtUAVvg=w408-h289-k-no,true,"https://www.google.com/maps/search/tree+service+businesses+in+Mebane+Greensboro+NC/@36.0968098,-79.269663,14z",2026-04-29T06:21:59.894Z,Open 24 hours,Open 24 hours,Open 24 hours,Open 24 hours,Open 24 hours,Open 24 hours,Open 24 hours,,,,
https://www.google.com/maps/place/Mebane+Shrubbery/data=!4m7!3m6!1s0x89acd57b5574b177:0x3d4f0a7a79e9218f!8m2!3d36.1293182!4d-79.3463745!16s%2Fg%2F1trtw5kn!19sChIJd7F0VXvVrIkRjyHpeXoKTz0,Mebane Shrubbery,4.6,113,Mulch supplier,"1750 State Hwy 49, Burlington, NC 27217, United States","4MH3+PF Burlington, North Carolina, USA",http://www.mebanemulch.com/,+1 336-578-3100,"Closed · Opens 7 am

Updated by this business 8 weeks ago",https://lh3.googleusercontent.com/gps-cs-s/APNQkAFrrrs2rVetv3CO7rXztX2NUUwwgVqKC-nWv8EEfyhWo85bz6XfR0dBzkBRbWvGkfygGLtMyGmxoTTVSjLxPNSMfapYNxLeO1-47ZUOhys-QFauc10oc2bntDqkNUpPU9iNUKjIUA=w408-h306-k-no,true,"https://www.google.com/maps/search/tree+service+businesses+in+Mebane+Greensboro+NC/@36.0968098,-79.269663,14z",2026-04-29T06:22:05.078Z,7 am–5 pm,7 am–5 pm,7 am–5 pm,7 am–3 pm,Closed,7 am–5 pm,7 am–5 pm,Identifies as women-owned,,,
https://www.google.com/maps/place/TLC+Quality+Lawn+Care+LLC/data=!4m7!3m6!1s0x2fe6da8b0d31f799:0x716487bcdea69804!8m2!3d35.879389!4d-78.7939879!16s%2Fg%2F11sqx5h64w!19sChIJmfcxDYva5i8RBJim3ryHZHE,TLC Quality Lawn Care LLC,4.8,38,Lawn care service,,,http://tlcqualitylawncare.com/,+1 919-225-5383,Closed · Opens 7 am,https://lh3.googleusercontent.com/gps-cs-s/APNQkAGgTNIaZ8HwSK5F4JrVrvlu3PT0157kGXgQSnnn1-bc5IJUSOh1aGcRJk9H2pyv3Ka7z0p_CGf5tB7kJ0jHoE2dSBN-ujGQ7481BPkC_O_HEu7ZATkpwVj-QVzXqPNSJycMC5M=w408-h408-k-no,true,"https://www.google.com/maps/search/tree+service+businesses+in+Mebane+Greensboro+NC/@36.0968098,-79.269663,14z",2026-04-29T06:22:09.733Z,7 am–8 pm,7 am–8 pm,7 am–8 pm,7 am–8 pm,8 am–4 pm,7 am–8 pm,7 am–8 pm,,,,
https://www.google.com/maps/place/Faster+Tree+Care/data=!4m7!3m6!1s0xaf3f767fc4c55cf9:0x36f39cc254bb2c7e!8m2!3d35.9466106!4d-79.2443545!16s%2Fg%2F11y86z_s86!19sChIJ-VzFxH92P68Rfiy7VMKc8zY,Faster Tree Care,5.0,9,Tree service,,,https://www.constructiveowners.com/faster-landscape-services,+1 919-825-1707,Open 24 hours,https://lh3.googleusercontent.com/gps-cs-s/APNQkAHBGz0swwwUSYKyCt9V53OQY6WHKxdBd8zPbRbuEJjD9kPsPTHewge12LBNhIPzrN0Q99WYOK3XL0maVpY2LtzoG_VuNJLSr8J6fjqHlvN6-tnA6q35VDHzZy21Gc06JPDv0ljf=w408-h544-k-no,true,"https://www.google.com/maps/search/tree+service+businesses+in+Mebane+Greensboro+NC/@36.0968098,-79.269663,14z",2026-04-29T06:22:14.785Z,Open 24 hours,Open 24 hours,Open 24 hours,Open 24 hours,Open 24 hours,Open 24 hours,Open 24 hours,,,,
"https://www.google.com/maps/place/Southern+States+-+Mebane,+NC/data=!4m7!3m6!1s0x89ad29e50554bcd7:0xe33776df8d8fa7bb!8m2!3d36.0639213!4d-79.3025672!16s%2Fg%2F1wfcp___!19sChIJ17xUBeUprYkRu6ePjd92N-M","Southern States - Mebane, NC",4.3,225,Animal feed store,"1902 NC-119, Mebane, NC 27302, United States","3M7W+HX Mebane, North Carolina, USA",https://southernstatescoop.myshopify.com/a/pages/locations/1013/southern-states-mebane,+1 919-563-9631,Closed · Opens 8 am,https://lh3.googleusercontent.com/gps-cs-s/APNQkAFsVw3N4OnJ7l4dlqaRjGdZMiblUfapHNCc4nQz8i9R1dnJ4WvnMGBhEQjVvMtTc-nZ6FHKjn8ezsLrTYbS0cNGksMkub3h7aTLY2b57ESzHqjgL9x9B9kliy-oC2VqAS8cCTbY=w452-h240-k-no,true,"https://www.google.com/maps/search/tree+service+businesses+in+Mebane+Greensboro+NC/@36.0968098,-79.269663,14z",2026-04-29T06:22:20.008Z,8 am–6 pm,8 am–6 pm,8 am–6 pm,8 am–5 pm,10 am–4 pm,8 am–6 pm,8 am–6 pm,,· In-store shopping · In-store pick-up · Delivery,,
"https://www.google.com/maps/place/Carolina+Plumbing+%26+Water+Systems,+LLC/data=!4m7!3m6!1s0x89acd65567f7e575:0xb265d27c2813900b!8m2!3d36.0823743!4d-79.2464949!16s%2Fg%2F1whdk6qt!19sChIJdeX3Z1XWrIkRC5ATKHzSZbI","Carolina Plumbing & Water Systems, LLC",4.7,242,Plumber,"719 Mattress Factory Rd, Mebane, NC 27302, United States","3QJ3+WC Mebane, North Carolina, USA",https://carolina-plumbing.com/,+1 919-563-3709,,https://lh3.googleusercontent.com/gps-cs-s/APNQkAEudNrBKCcIJSDGffpsxqpukpIgJlmoiyjDaD1HGk0hbKa1HwqDx1jnkKoCkogjUZ7TIU3xNzwu2PnsNwmMPjq1_dmNNfiCh2Emk-aAe6-s8XrEo_SEN42VCtukDiTiBzOnt_alsg=w408-h306-k-no,true,"https://www.google.com/maps/search/tree+service+businesses+in+Mebane+Greensboro+NC/@36.0968098,-79.269663,14z",2026-04-29T06:22:25.276Z,Open 24 hours,Open 24 hours,Open 24 hours,Open 24 hours,Open 24 hours,Open 24 hours,Open 24 hours,Identifies as veteran-owned,,,
https://www.google.com/maps/place/New+Day+Landscape+%26+Hardscaping+of+Mebane/data=!4m7!3m6!1s0x89acd7a27fb41a63:0xfb32f02882c7dce2!8m2!3d36.042195!4d-79.2600485!16s%2Fg%2F11pyc6kbv6!19sChIJYxq0f6LXrIkR4tzHgijwMvs,New Day Landscape & Hardscaping of Mebane,4.4,12,Landscaper,"2300 Mebane Oaks Rd, Mebane, NC 27302, United States","2PRQ+VX Mebane, North Carolina, USA",http://www.newdaylandscape.com/,+1 336-516-6140,Closed · Opens 7 am,https://lh3.googleusercontent.com/gps-cs-s/APNQkAGqm7qxiYxrYHalRRWNW7kbuJU1b0Cw_oepJW6UJgpfcY9n5hhaDi5erp_Ka2D7EZDfZlA1RC2unk7IseHiDxs-uF90SDk3huag1uFbVnG0Zq0p1NsgBEkCf6qLmshZbD1Pnzkj=w408-h306-k-no,true,"https://www.google.com/maps/search/tree+service+businesses+in+Mebane+Greensboro+NC/@36.0968098,-79.269663,14z",2026-04-29T06:22:30.318Z,7 am–5 pm,7 am–5 pm,7 am–5 pm,7 am–5 pm,Closed,7 am–5 pm,7 am–5 pm,,,,
https://www.google.com/maps/place/Limb-IT-Less+Tree+Service+%26+Landscaping+LLC/data=!4m7!3m6!1s0x89ad2993455515cf:0x9d63a943d54b8e12!8m2!3d36.083215!4d-79.0314131!16s%2Fg%2F11qn4p03wr!19sChIJzxVVRZMprYkREo5L1UOpY50,Limb-IT-Less Tree Service & Landscaping LLC,1.0,1,Tree service,,,,+1 336-269-6742,Open 24 hours,https://lh3.googleusercontent.com/gps-cs-s/APNQkAFxi68Ghf5zi5cd_gAYgsxAcH6wyXyBuvtHGH5I_KgIDOWg79ZyY0T7s10SMQHmwtG90_GuNIRjUDqkhxOw7RkGlrtNEofC8GLkjCK9oSMMflKBWnbwwUJ901_zKk3d7Yq1mur77Q=w408-h408-k-no,true,"https://www.google.com/maps/search/tree+service+businesses+in+Mebane+Greensboro+NC/@36.0968098,-79.269663,14z",2026-04-29T06:22:35.294Z,Open 24 hours,Open 24 hours,Open 24 hours,Open 24 hours,Open 24 hours,Open 24 hours,Open 24 hours,,,,
https://www.google.com/maps/place/Enliven+Remodeling/data=!4m7!3m6!1s0x89acc33204d80331:0x4261bbb32ce29a43!8m2!3d35.1705075!4d-79.86097!16s%2Fg%2F11h0393nz6!19sChIJMQPYBDLDrIkRQ5riLLO7YUI,Enliven Remodeling,5.0,28,Remodeler,,,https://www.enlivenremodeling.com/,+1 919-593-8159,,https://lh3.googleusercontent.com/gps-cs-s/APNQkAFiRqPkMTei6DsjuMGs8hJr-i0TRT7GN1mFEgBbqSQTZ2rjJWpatCwZ9PN9ocynVFcDLg0KEsn4hfuJgZl-EfxmMdqv-FWWkPsMS-czhv7e8D3I2AtEtOHXFTsSeBawqtk7j4Vm=w408-h306-k-no,true,"https://www.google.com/maps/search/tree+service+businesses+in+Mebane+Greensboro+NC/@36.0968098,-79.269663,14z",2026-04-29T06:22:38.075Z,,,,,,,,,,,
https://www.google.com/maps/place/Hunter+Tree+Care/data=!4m7!3m6!1s0x89acc564e59fb9c1:0xe353f27fe488e670!8m2!3d35.882356!4d-79.1603644!16s%2Fg%2F11ghnryr9z!19sChIJwbmf5WTFrIkRcOaI5H_yU-M,Hunter Tree Care,4.8,64,Tree service,,,http://huntertreecare.org/,+1 919-616-0807,Open 24 hours,https://lh3.googleusercontent.com/gps-cs-s/APNQkAGiw2fB-Kf_9JZ7q-mmtAKwUNgJiFjVrumvrhfJ3arcRLrsCBwIvwBbBHoXHHSnQ0Z1jPdfSqdZGKGzYf8j6AUf1m3VMxmOut_KuoAoc-nh8lnkS35-9dv2eRMu5ueTBY2F8QzoXJdbn6Q=w408-h544-k-no,true,"https://www.google.com/maps/search/tree+service+businesses+in+Mebane+Greensboro+NC/@36.0968098,-79.269663,14z",2026-04-29T06:22:42.878Z,Open 24 hours,Open 24 hours,Open 24 hours,Open 24 hours,Open 24 hours,Open 24 hours,Open 24 hours,,,,
https://www.google.com/maps/place/Elite+Arborist+Tree+Pros/data=!4m7!3m6!1s0x89ad1128c636c20d:0x36e302474b200cf9!8m2!3d36.270829!4d-78.881756!16s%2Fg%2F11r4x3zjhh!19sChIJDcI2xigRrYkR-QwgS0cC4zY,Elite Arborist Tree Pros,5.0,49,Tree service,"4774 Helena Moriah Rd, Rougemont, NC 27572, United States","74C9+87 Rougemont, North Carolina, USA",https://treeprosnc.com/,+1 919-530-0165,Closed · Opens 7 am,https://lh3.googleusercontent.com/gps-cs-s/APNQkAFQvfVewmzJT0OVtFMqZglk_yzfsqlqas2KWj6DRZnVKWvhfeDcKGeEhHvBK1gJc697rWsnwquhPCiqt0rNjLhIIB2Iyt9WKedkaX-QtabB0PKzv23YvvinCb8MkFCYGCd8DYNx016U69oi=w408-h544-k-no,true,"https://www.google.com/maps/search/tree+service+businesses+in+Mebane+Greensboro+NC/@36.0968098,-79.269663,14z",2026-04-29T06:22:47.794Z,7 am–5 pm,7 am–5 pm,7 am–5 pm,Closed,Closed,7 am–5 pm,7 am–5 pm,,,,
https://www.google.com/maps/place/Cecilio+Landscaping+LLC/data=!4m7!3m6!1s0x89acc3cb25d21b9b:0x5c7195765fc7dff3!8m2!3d36.012291!4d-79.2820653!16s%2Fg%2F11jg4f3zjk!19sChIJmxvSJcvDrIkR89_HX3aVcVw,Cecilio Landscaping LLC,4.8,20,Landscaper,,,https://ceciliolandscapingsvc.com/,+1 336-264-1876,Closed · Opens 8 am,https://lh3.googleusercontent.com/gps-cs-s/APNQkAE8ai5n8RoqPnOxdTf6dpjbLJea0jvtRYw2hkVs4OYrryXP3oj6TnqpMfQ7b0RjbnEODdVCbk8N_t4Xk10mPOl8X-kD5fuvUWFv1ys_lW6BWC3GPpGj1CNBT_cSQI20CsMZ3QXdcQ=w408-h741-k-no,true,"https://www.google.com/maps/search/tree+service+businesses+in+Mebane+Greensboro+NC/@36.0968098,-79.269663,14z",2026-04-29T06:22:59.608Z,8 am–6 pm,8 am–6 pm,8 am–6 pm,8 am–4 pm,Closed,8 am–6 pm,8 am–6 pm,,,,
https://www.google.com/maps/place/McKay%27s+Mebane/data=!4m7!3m6!1s0x88531eb4eaaea1e1:0xebc5334e40a4c4b2!8m2!3d36.0720014!4d-79.2657951!16s%2Fg%2F1tfzy5qf!19sChIJ4aGu6rQeU4gRssSkQE4zxes,McKay's Mebane,4.5,5183,Used book store,"4053 Wilson Rd, Mebane, NC 27302, United States","3PCM+RM Mebane, North Carolina, USA",http://www.mckaybooks.com/,+1 336-606-3537,Closed · Opens 9 am,https://lh3.googleusercontent.com/gps-cs-s/APNQkAEbZTF45dcmo_BNJQBSukm5l-NIA3Ag5kxRNXlO1gkM3GEk-KMnQDeXCS7ORUdwX2D89f6cTpkIdvitkiet0O4rA6OhFRR1piTTiVnE1hXJRobCPJX9gl-L17RmoVgziUq10EmCUCfvB_s=w408-h544-k-no,true,"https://www.google.com/maps/search/tree+service+businesses+in+Mebane+Greensboro+NC/@36.0968098,-79.269663,14z",2026-04-29T06:23:04.447Z,9 am–9 pm,9 am–9 pm,9 am–10 pm,9 am–10 pm,10 am–7 pm,9 am–9 pm,9 am–9 pm,,,,
https://www.google.com/maps/place/Tractor+Supply+Co./data=!4m7!3m6!1s0x89acd7a087f17433:0xcb3e7f0664faa6c6!8m2!3d36.0693294!4d-79.2682375!16s%2Fg%2F11m6k54h87!19sChIJM3Txh6DXrIkRxqb6ZAZ_Pss,Tractor Supply Co.,4.0,25,Animal feed store,"3995 Wilson Rd, Mebane, NC 27302, United States","3P9J+PP Mebane, North Carolina, USA",https://www.tractorsupply.com/tsc/store_Mebane-NC-27302_2728,+1 919-205-2144,"Closed · Opens 8 am

Updated by this business 2 weeks ago",https://lh3.googleusercontent.com/gps-cs-s/APNQkAGKFtsM_ESBGnQUlnQTX8_YsHp0rd3-iYDenD5dF0SX_HIYPQifaK2LJDEh9YiwipxIh5BkRy8xXNdjLH-YkpQWvzFTQc9b3bZWo19Hqk0HddAdxbZwW3xyAY3Und0LechPwBu4p-UAZVaz=w408-h306-k-no,true,"https://www.google.com/maps/search/tree+service+businesses+in+Mebane+Greensboro+NC/@36.0968098,-79.269663,14z",2026-04-29T06:23:09.305Z,8 am–9 pm,8 am–9 pm,8 am–9 pm,8 am–9 pm,9 am–7 pm,8 am–9 pm,8 am–9 pm,,· In-store shopping · Kerbside pickup · Delivery,,
https://www.google.com/maps/place/Sharp+Tree+Services/data=!4m7!3m6!1s0x424f69ff1ec1951d:0x5f54000139c51596!8m2!3d36.4524005!4d-78.9979095!16s%2Fg%2F11l22jddrs!19sChIJHZXBHv9pT0IRlhXFOQEAVF8,Sharp Tree Services,5.0,23,Tree service,,,https://www.sharptrees.com/,+1 336-647-4443,Open 24 hours,https://lh3.googleusercontent.com/gps-cs-s/APNQkAFGhrumgiSR3aTWoKI4XfZMdH7T-RRo02SZejkiyPXt9sJIsixbBUG8I5QXsfgGpv3-8mAtJ055oXOmTX58e3r_zPWu-dClSYzGqNxtrcSeFe1xzvLnQP5CwIhspJT0_ovfmPqY2Q=w408-h599-k-no,true,"https://www.google.com/maps/search/tree+service+businesses+in+Mebane+Greensboro+NC/@36.0968098,-79.269663,14z",2026-04-29T06:23:14.021Z,Open 24 hours,Open 24 hours,Open 24 hours,Open 24 hours,Open 24 hours,Open 24 hours,Open 24 hours,,,,
https://www.google.com/maps/place/Penny+Cutz+Tree+Service/data=!4m7!3m6!1s0x630bd325b6213131:0xbe89e937eb9f06f4!8m2!3d35.8930385!4d-79.0461008!16s%2Fg%2F11mdbrbwz0!19sChIJMTEhtiXTC2MR9Aaf6zfpib4,Penny Cutz Tree Service,5.0,14,Tree service,,,https://www.facebook.com/share/1927vSqXg5/?mibextid=wwXIfr,+1 984-357-8015,Open 24 hours,https://lh3.googleusercontent.com/gps-cs-s/APNQkAFHrvEm0AX2f4GTUm4GO-YOEAQLdV7AT6iG18F_Gz9eI52t03jykl840E-U9osnyxUwJVjUfJy2p9GppHYqctGcDCdmQq4FMAOzB6uB-o3o_Uvxzw0bX9Eq9Ot3noyU67WhyVnhlsHgOjaq=w408-h580-k-no,true,"https://www.google.com/maps/search/tree+service+businesses+in+Mebane+Greensboro+NC/@36.0968098,-79.269663,14z",2026-04-29T06:23:18.704Z,Open 24 hours,Open 24 hours,Open 24 hours,Open 24 hours,Open 24 hours,Open 24 hours,Open 24 hours,,,,
https://www.google.com/maps/place/Lowe%27s+Home+Improvement/data=!4m7!3m6!1s0x89acd422d6dd3705:0x41c18bfd58a16a26!8m2!3d36.067587!4d-79.300998!16s%2Fg%2F1tdksn__!19sChIJBTfd1iLUrIkRJmqhWP2LwUE,Lowe's Home Improvement,4.2,1693,Home improvement store,"200 Lowes Blvd, Mebane, NC 27302, United States","3M9X+2J Mebane, North Carolina, USA",https://www.lowes.com/store/NC-Mebane/2517?cm_mmc=lod-_-c-_-lcl-_-awr-_-yxt-_-go-_-2517-_-na-_-0-_-0&y_source=1_MTE4NDQxMi03MTUtbG9jYXRpb24ud2Vic2l0ZQ%3D%3D,+1 919-304-9401,,https://lh3.googleusercontent.com/gps-cs-s/APNQkAEeJh5Ir_WtoT37mLR7aQgcPnqkkg-5M5WDujFwfdpBCVLMrsEudIuUKJL8cQEJ4CB3U0DPkC2BxkfxR3U_fHdwlanIgrj6QbH5qMLky4zTPtq49Hba3PdcoSrWYOeIF_UqWthEXDZwjTQ=w408-h272-k-no,true,"https://www.google.com/maps/search/tree+service+businesses+in+Mebane+Greensboro+NC/@36.0968098,-79.269663,14z",2026-04-29T06:23:24.260Z,6 am–10 pm,6 am–10 pm,6 am–10 pm,6 am–10 pm,8 am–8 pm,6 am–10 pm,6 am–10 pm,,"Home improvement chain for appliances & gardening supplies, plus tools & hardware. · In-store shopping · In-store pick-up · Delivery",,
https://www.google.com/maps/place/Steady+Grind+Stump+Removal/data=!4m7!3m6!1s0x89ad27483b8acb31:0x8d18b014e95bc141!8m2!3d36.1536267!4d-79.194111!16s%2Fg%2F11kvzv090t!19sChIJMcuKO0gnrYkRQcFb6RSwGI0,Steady Grind Stump Removal,5.0,5,Tree service,"2022 Goldenmaple Ln, Cedar Grove, NC 27231, United States","5R34+F9 Cedar Grove, North Carolina, USA",,+1 919-593-1917,Closed · Opens 8 am,https://lh3.googleusercontent.com/gps-cs-s/APNQkAHFRyjd5w6ZbcBM7uydguQit0msSwtTtelnUeaSECu8eKAmUdPqwdMJP7Ke0ROQ3cXvojVJENly0o6BESpfMtKreVyIaScNLD8jRsCdn4rfO4O1liy-z_WGG2aw0mC-fS64v1U=w427-h240-k-no,true,"https://www.google.com/maps/search/tree+service+businesses+in+Mebane+Greensboro+NC/@36.0968098,-79.269663,14z",2026-04-29T06:23:29.119Z,8 am–5 pm,8 am–5 pm,8 am–5 pm,Closed,Closed,8 am–5 pm,8 am–5 pm,,,,
https://www.google.com/maps/place/Harvey+Clearing+%26+Logging+LLC/data=!4m7!3m6!1s0x89acdfd2b3d7bc23:0xc7e96cd659ef88af!8m2!3d36.1124019!4d-79.1891303!16s%2Fg%2F11hf5xg7gw!19sChIJI7zXs9LfrIkRr4jvWdZs6cc,Harvey Clearing & Logging LLC,5.0,1,Excavating contractor,"4619 High Rock Rd, Efland, NC 27243, United States","4R66+X8 Efland, North Carolina, USA",https://facebook.com/harveyclearinglogging/,+1 919-448-7303,Closed · Opens 7 am,https://lh3.googleusercontent.com/gps-cs-s/APNQkAEM926cXefdks_TO0Xfmn4IOxi-Vz6nPz35Urbeg3N8ObahuSTbDDHg_hjY_Vbdxe1B4Qjp6ZC1x6aOKvCRJOWxSeV6tZlI_ONDMPOj0NpBxyc7JVuiHeVI8OSBzg7Grlco1gMGGw=w408-h271-k-no,true,"https://www.google.com/maps/search/tree+service+businesses+in+Mebane+Greensboro+NC/@36.0968098,-79.269663,14z",2026-04-29T06:23:33.857Z,7 am–5 pm,7 am–5 pm,7 am–5 pm,Closed,Closed,7 am–5 pm,7 am–5 pm,,,,
https://www.google.com/maps/place/AJ%27s+Tree+%26+Stump+Services/data=!4m7!3m6!1s0x89acda333360ad45:0xf9305035e0e4d01e!8m2!3d35.1705075!4d-79.86097!16s%2Fg%2F11b5s2cfc1!19sChIJRa1gMzParIkRHtDk4DVQMPk,AJ's Tree & Stump Services,4.3,11,Tree service,,,,+1 919-406-4589,Closed · Opens 8 am,https://lh3.googleusercontent.com/gps-cs-s/APNQkAHlAdZt2dioLohIPqLiKiEZ4JhjeLzIM0ZhHrCj-f2LuVnevW5NER1W-HLZrX26p9nlVtVVgJ9ZWLKuWYmG8y2r6js6JLw2HzAQ-X0hkL_c1IDuKHdzwuiEZi_U3vRQFVfSa5o=w408-h544-k-no,true,"https://www.google.com/maps/search/tree+service+businesses+in+Mebane+Greensboro+NC/@36.0968098,-79.269663,14z",2026-04-29T06:23:38.650Z,8 am–5 pm,8 am–5 pm,8 am–5 pm,8 am–5 pm,8 am–5 pm,8 am–5 pm,8 am–5 pm,,,,
https://www.google.com/maps/place/Blue+Sky+Design/data=!4m7!3m6!1s0x89acd662a4e6b121:0x1b6efd335dee90d9!8m2!3d35.3925586!4d-78.2654583!16s%2Fg%2F11c1xjnyv3!19sChIJIbHmpGLWrIkR2ZDuXTP9bhs,Blue Sky Design,5.0,1,Interior designer,,,http://www.blueskydesignnc.com/,+1 336-260-2288,Closed · Opens 9 am,https://lh3.googleusercontent.com/gps-cs-s/APNQkAEipeiRQIZL5D0WJw-UaWWHH-YJ-kpqGJZkZYecMYD5j49JG9bsFvTgOlUtRIM-rybxMKaaN9ydKFA7sfPpK1fNog2BRYQASkVVmThmfsnDjv1KSb8Yd9UwPhG-5kCHypupssJwdQ=w408-h294-k-no,true,"https://www.google.com/maps/search/tree+service+businesses+in+Mebane+Greensboro+NC/@36.0968098,-79.269663,14z",2026-04-29T06:23:43.368Z,9 am–5 pm,9 am–5 pm,9 am–3 pm,Closed,Closed,9 am–5 pm,9 am–5 pm,Identifies as women-owned,,,
"https://www.google.com/maps/place/True+Luxury+Care/@36.0424526,-79.5338186,10z/data=!3m1!4b1!4m6!3m5!1s0x4e226d05b8a537bb:0xa3707991716f044f!8m2!3d36.0424526!4d-79.5338186!16s%2Fg%2F11yr5t69qt",True Luxury Care,,,Landscaper,,,,+1 336-417-1266,Open 24 hours,,true,"https://www.google.com/maps/search/tree+service+businesses+in+Mebane+Greensboro+NC/@36.0968098,-79.269663,14z",2026-04-29T06:23:50.219Z,Open 24 hours,Open 24 hours,Open 24 hours,Open 24 hours,Open 24 hours,Open 24 hours,Open 24 hours,,,,
https://www.google.com/maps/place/Mill+Creek+Golf+Club/data=!4m7!3m6!1s0x89acd61f76bb6837:0xaf2544d2e52bc767!8m2!3d36.1237483!4d-79.2681995!16s%2Fg%2F1v8j19dc!19sChIJN2i7dh_WrIkRZ8cr5dJEJa8,Mill Creek Golf Club,4.7,312,Golf club,"1700 St Andrews Dr, Mebane, NC 27302, United States","4PFJ+FP Mebane, North Carolina, USA",http://www.golfmillcreek.com/,+1 919-563-4653,"Closed · Opens 7 am

Confirmed by others 1 week ago",https://lh3.googleusercontent.com/gps-cs-s/APNQkAEjPXFnqSGKRqIpAhNJ4t4wQiF0p-8cHMZaMyEfmx4iJTgigV7dIH-IfDHna4d6i6zt0ZPDn_Zr9WF95Un70SkXL_ffWD51FPUd2CyOcsJAvBNTx9EQnoOWMoPfKDbBIJVK0maFzg=w408-h306-k-no,true,"https://www.google.com/maps/search/tree+service+businesses+in+Mebane+Greensboro+NC/@36.0968098,-79.269663,14z",2026-04-29T06:23:55.357Z,7 am–7 pm,7 am–7 pm,7 am–7 pm,7 am–7 pm,7 am–7 pm,7 am–7 pm,7 am–7 pm,,,,
https://www.google.com/maps/place/Hill%27s+Tree+Service/data=!4m7!3m6!1s0x89acfb22a29513e5:0x135be124ce9fde93!8m2!3d35.9650569!4d-78.8170944!16s%2Fg%2F1tggbvjm!19sChIJ5ROVoiL7rIkRk96fziThWxM,Hill's Tree Service,4.4,37,Tree service,"409 Broach Rd, Durham, NC 27703, United States","X58M+25 Durham, North Carolina, USA",http://www.hillstreeservicenc.com/,+1 919-596-7973,Open 24 hours,https://lh3.googleusercontent.com/gps-cs-s/APNQkAFVwJcXWQNi63Np5ouM4w6sgnC7E6dioHqsgqIPWbHH01m9spAqqfZ-bR6OWJ8V9Kw9dXTcrbxxuwYBDQMAPZCBPizn7NxIBh4Dm0DHMKWQ9-4fj_t02qqOPjviqwD8i15XmgRH=w408-h305-k-no,true,"https://www.google.com/maps/search/tree+service+businesses+in+Mebane+Greensboro+NC/@36.0968098,-79.269663,14z",2026-04-29T06:24:00.265Z,Open 24 hours,Open 24 hours,Open 24 hours,Open 24 hours,Closed,Open 24 hours,Open 24 hours,,,,
https://www.google.com/maps/place/S%26S+Lawn+Care/data=!4m7!3m6!1s0x29f2eb54bb931a93:0x40793a9bb9921b4d!8m2!3d36.0869416!4d-79.2404043!16s%2Fg%2F11jybhrt8f!19sChIJkxqTu1Tr8ikRTRuSuZs6eUA,S&S Lawn Care,,,Lawn care service,,,https://ss-lawn-care.com/,+1 336-516-7233,Closed · Opens 8 am,https://lh3.googleusercontent.com/gps-cs-s/APNQkAEbpCes7E91Ktch0e8-bNIpPgBmLK85oLujA6F5GxNVtHUONT0AhxUT_M4wSQjvqpAqoiTe-hbq1XZ_jP-xuIvbgLccrSFj0EfoVIFAm80AdlLZyKZS_uIQV-elOfxIz58VkchA=w408-h544-k-no,true,"https://www.google.com/maps/search/tree+service+businesses+in+Mebane+Greensboro+NC/@36.0968098,-79.269663,14z",2026-04-29T06:24:04.743Z,8 am–6 pm,8 am–6 pm,8 am–6 pm,8 am–6 pm,Closed,8 am–6 pm,8 am–6 pm,,,,
https://www.google.com/maps/place/Top+Notch+Lawn+Care+And+Tree+Removal/data=!4m7!3m6!1s0x89ad2711e666eadd:0xafa713e0b78dc49!8m2!3d36.1771519!4d-79.1431781!16s%2Fg%2F11vzxpy_n4!19sChIJ3epm5hEnrYkRSdx4Cz5x-go,Top Notch Lawn Care And Tree Removal,,,Lawn care service,"5801 Chambers Ct, Cedar Grove, NC 27231, United States","5VG4+VP Cedar Grove, North Carolina, USA",https://topnotchlawncareandtreeremoval.com/,+1 336-343-8437,Closed · Opens 8 am,https://lh3.googleusercontent.com/gps-cs-s/APNQkAFZxCVx4OQFNNsXnu0_PVE-fU8FQhgOWCtr7TqP7LJDgvyfC3WvqJcOqVNpMNmfsBJERoS9bj9jgxS_UpVxAHPqBeMVwC5lG8Vejuqk5nxsWINoLnY-AR1GGQAeBeIx48ZLY-7T=w533-h240-k-no,true,"https://www.google.com/maps/search/tree+service+businesses+in+Mebane+Greensboro+NC/@36.0968098,-79.269663,14z",2026-04-29T06:24:09.829Z,8 am–6 pm,8 am–6 pm,8 am–6 pm,9 am–3:30 pm,Closed,8 am–6 pm,8 am–6 pm,,,,
https://www.google.com/maps/place/The+Treeist/data=!4m7!3m6!1s0x89acc4bd077b4701:0xb2673fba72d854d3!8m2!3d35.882356!4d-79.12756!16s%2Fg%2F11b77dgqql!19sChIJAUd7B73ErIkR01TYcro_Z7I,The Treeist,5.0,114,Tree service,,,http://www.treeist.com/,+1 919-260-8970,Closed · Opens 7:30 am,https://lh3.googleusercontent.com/gps-cs-s/APNQkAE84Nuukp3U7mTrCUFEi4xxLGBKrNZlZ7iW0tO1V0kZ_ZCWRzxT0UvYLDP9wBT8iW183iIIhJ4PcveN0RknOvw1L_JNs1WXZajyrdHog71NE8MmmXCS4mB5CBILh8cL6AyQ72e3=w408-h306-k-no,true,"https://www.google.com/maps/search/tree+service+businesses+in+Mebane+Greensboro+NC/@36.0968098,-79.269663,14z",2026-04-29T06:24:14.595Z,7:30 am–3 pm,7:30 am–3 pm,7:30 am–3 pm,Closed,Closed,7:30 am–3 pm,7:30 am–3 pm,,,,
https://www.google.com/maps/place/Alvarez+Tree+Service+%26+Landscaping+-+Tree+service+landscaping+Hillsborough+NC/data=!4m7!3m6!1s0xdc4ccc759528533:0x4ea03eee67b500dc!8m2!3d36.078593!4d-79.0972424!16s%2Fg%2F11swfqd1mq!19sChIJM4VSWcfMxA0R3AC1Z-4-oE4,Alvarez Tree Service & Landscaping - Tree service landscaping Hillsborough NC,5.0,9,Tree service,,,https://alvareztreeservicelandscaping.com/,+1 919-358-2264,Closed · Opens 7 am,https://lh3.googleusercontent.com/gps-cs-s/APNQkAG1o1VT3Wcw_6lxQ5sFtJGA-oaTAbauirpsYs6kTB60F3pFUus0F6UtWzUEViumcz5ZcCyvv4JrP4WLbX2t1dNQd3E1m-KF_VqBlxoTMyF6ZKGx1-z1au8j60QASuSJXJNYzd4KkrZ8yyo=w408-h544-k-no,true,"https://www.google.com/maps/search/tree+service+businesses+in+Mebane+Greensboro+NC/@36.0968098,-79.269663,14z",2026-04-29T06:24:19.245Z,7 am–6 pm,7 am–6 pm,7 am–6 pm,7 am–6 pm,Closed,7 am–6 pm,7 am–6 pm,,,,
https://www.google.com/maps/place/New+Lifestyle+Nutrition/data=!4m7!3m6!1s0x88532b6c94ce2a61:0x661b050e6352a7d1!8m2!3d36.0978139!4d-79.2698138!16s%2Fg%2F11nh99w0t8!19sChIJYSrOlGwrU4gR0adSYw4FG2Y,New Lifestyle Nutrition,5.0,12,Health food store,"206 W Clay St, Mebane, NC 27302, United States","3PXJ+43 Mebane, North Carolina, USA",https://new-lifestyle-nutrition.square.site/,+1 919-568-0650,Closed · Opens 6 am,https://lh3.googleusercontent.com/gps-cs-s/APNQkAHiJjTPKPDoXS9Z85fWJ0dajc8jfLiLqvz9olQj0Wsj_A6HKvRddYgFeEXjK3Osve-G5MVs6s9EZG4men1BSGbSlkmFWcY1I4j3wf2YRYi9SZx1QadGeQpW0_kQFkLsPfhYcNRF=w408-h544-k-no,true,"https://www.google.com/maps/search/tree+service+businesses+in+Mebane+Greensboro+NC/@36.0968098,-79.269663,14z",2026-04-29T06:24:24.117Z,"6–8 am, 11 am–3 pm",Closed,7 am–3 pm,Closed,Closed,"6:30–8 am, 11 am–3 pm","6:30–8 am, 11 am–3 pm",Identifies as women-owned,,,
https://www.google.com/maps/place/Keystone+at+Mebane+Oaks/data=!4m7!3m6!1s0x89acd68fdfadaf15:0x5c1c1ac0b78ba966!8m2!3d36.0728461!4d-79.2770252!16s%2Fg%2F11cn7j73d3!19sChIJFa-t34_WrIkRZqmLt8AaHFw,Keystone at Mebane Oaks,3.8,111,Apartment complex,"3001 Bermuda Bay Ln, Mebane, NC 27302, United States","3PFF+45 Mebane, North Carolina, USA",https://www.keystoneatmebaneoaks.com/?utm_source=GBP&utm_medium=organic&utm_knock=gbp,+1 336-215-2424,Closed · Opens 8 am,https://lh3.googleusercontent.com/gps-cs-s/APNQkAHznYL-2i2f8-IMr2JgMZIDUf0cT-WyegTHFj-YuQXNJ6eh67iyMuGNrduac919o7GXiDUZJTBRh22Z5JyXu8WIhQvruTIBNhLyE4BNnt_Yyud52eH3KrxZxNWFN-4Sf7rlvfMKiJuO03I=w408-h272-k-no,true,"https://www.google.com/maps/search/tree+service+businesses+in+Mebane+Greensboro+NC/@36.0968098,-79.269663,14z",2026-04-29T06:24:29.165Z,8 am–5 pm,8 am–5 pm,8 am–5 pm,10 am–3 pm,Closed,8 am–5 pm,8 am–5 pm,,· Dogs allowed,,
https://www.google.com/maps/place/Pilot+Travel+Center/data=!4m7!3m6!1s0x89acd43e244f36ed:0x7e19a0d50819f755!8m2!3d36.0656734!4d-79.3098771!16s%2Fg%2F1w15_9ds!19sChIJ7TZPJD7UrIkRVfcZCNWgGX4,Pilot Travel Center,4.0,1668,Truck stop,"1342 Trollingwood Hawfields Rd, Mebane, NC 27302, United States","3M8R+72 Mebane, North Carolina, USA",https://locations.pilotflyingj.com/us/nc/mebane/1342-trollingwood-hawfields-rd,+1 919-563-4999,"Open 24 hours

Confirmed by this business 2 weeks ago",https://lh3.googleusercontent.com/gps-cs-s/APNQkAHdq_v0SWW8bREyXVNR3XawgZu3u7u5OB-eND7q9m7hUXx98bUoDLVYFQJ0EbfN2keMd3n5ATsynnx9e1Pubzn790aZawEJv0LMB1EXoJDH2NWQ_OMxDvU9CLSdNsYEuyhLCTBhdw=w408-h541-k-no,true,"https://www.google.com/maps/search/tree+service+businesses+in+Mebane+Greensboro+NC/@36.0968098,-79.269663,14z",2026-04-29T06:24:34.494Z,Open 24 hours,Open 24 hours,Open 24 hours,Open 24 hours,Open 24 hours,Open 24 hours,Open 24 hours,,,,
https://www.google.com/maps/place/Petro+Travel+Center/data=!4m7!3m6!1s0x89acd70afe32dd73:0x96bf5e5744a4d4fb!8m2!3d36.0771772!4d-79.2251961!16s%2Fg%2F1tdh4r5l!19sChIJc90y_grXrIkR-9SkRFdev5Y,Petro Travel Center,3.9,1371,Truck stop,"500 Buckhorn Rd, Mebane, NC 27302, United States","3QGF+VW Mebane, North Carolina, USA",https://www.ta-petro.com/location/nc/petro-mebane,+1 919-304-7476,,https://lh3.googleusercontent.com/gps-cs-s/APNQkAEMayRKA9AGDlGBBhpGtKEmt2hSkxCys3dQYAenuTP7xOJoyY_r2CJ0U00KGplftpINLR8dwBtjnDcIcbCvmLlw44rza2CiIVtfk8VjstJVW8Cbdql5o41qIB3eOmcp2Z0acFb0kegPEYI=w408-h544-k-no,true,"https://www.google.com/maps/search/tree+service+businesses+in+Mebane+Greensboro+NC/@36.0968098,-79.269663,14z",2026-04-29T06:24:39.377Z,6 am–11 pm,6 am–11 pm,6 am–11 pm,6 am–11 pm,6 am–11 pm,6 am–11 pm,6 am–11 pm,,"Gas-station convenience-store chain, with snacks, drinks & hot food, plus travel & maintenance gear. · In-store shopping",,
https://www.google.com/maps/place/Garrett+crossing/data=!4m7!3m6!1s0x89acd69461459c09:0xf707ec4f6de0fc7!8m2!3d36.0667508!4d-79.2707898!16s%2Fg%2F11j40ll8cl!19sChIJCZxFYZTWrIkRxw_e9sR-cA8,Garrett crossing,4.2,304,Shopping mall,"1321 Mebane Oaks Rd, Mebane, NC 27302, United States","3P8H+PM Mebane, North Carolina, USA",,,Closed · Opens 7 am,https://lh3.googleusercontent.com/gps-cs-s/APNQkAFL40Fm-ufrRDVvbWivOgMvEQFyV-KA_5GcKmLtH8OaSNbjkqX8KsMZV_-umYACXbkE5gAtJl-Jgi2LSesatOKKma_22TvZWDaQC0KG4Qj7sjf467v886xnNea5Rg7PDtQV2pSHXg=w408-h544-k-no,false,"https://www.google.com/maps/search/tree+service+businesses+in+Mebane+Greensboro+NC/@36.0968098,-79.269663,14z",2026-04-29T06:24:44.324Z,7 am–11 pm,7 am–11 pm,7 am–11 pm,7 am–11 pm,10 am–11 pm,7 am–11 pm,7 am–11 pm,,,,
https://www.google.com/maps/place/Everett+Tree+Service/data=!4m7!3m6!1s0x89acf96fec611d5b:0xb2f0e7eefabec6a3!8m2!3d35.9226446!4d-78.77698!16s%2Fg%2F1jglw8z5j!19sChIJWx1h7G_5rIkRo8a--u7n8LI,Everett Tree Service,5.0,102,Tree service,,,https://everetttreeservice.com/,+1 919-271-6108,Open 24 hours,https://lh3.googleusercontent.com/gps-cs-s/APNQkAHKTeU7lXLddtbLOvFKTpfLKFiZi863E0-K-J4PkVyZJgeH-BUlqb7EhZP5ru81i-7vWzLABAngLHk4W-J3d72QZiHUW3s2yKN1O_493iiCuF0q5EjPvzO1__gKjCjdc5Ya-Mq3-M3lIHop=w408-h609-k-no,true,"https://www.google.com/maps/search/tree+service+businesses+in+Mebane+Greensboro+NC/@36.0968098,-79.269663,14z",2026-04-29T06:24:49.092Z,Open 24 hours,Open 24 hours,Open 24 hours,Open 24 hours,Open 24 hours,Open 24 hours,Open 24 hours,,,,
https://www.google.com/maps/place/Lowe%27s+Garden+Center/data=!4m7!3m6!1s0x89acd43d25682c1f:0x1735b5bab33e0617!8m2!3d36.0669009!4d-79.3023605!16s%2Fg%2F11gbfntpky!19sChIJHyxoJT3UrIkRFwY-s7q1NRc,Lowe's Garden Center,4.3,6,Garden center,"200 Lowes Blvd, Mebane, NC 27302, United States","3M8X+Q3 Mebane, North Carolina, USA",https://www.lowes.com/l/gardencenter.html?cm_mmc=YEXT-_-GC,+1 919-304-9401,Closed · Opens 6 am,https://lh3.googleusercontent.com/gps-cs-s/APNQkAE-_VAuGvlNmUdgeabFwkf9YlWU54g_zM7vGtuVr9znWYZ7WNK8NidIst7BFZ-A-RbGl03xsOCZlzwF968XYusX6mVjVYUexUjvjv3uCxqRoMzgRvJdVFO8xJHkrRTyOJhKi4cZSQ=w408-h544-k-no,true,"https://www.google.com/maps/search/tree+service+businesses+in+Mebane+Greensboro+NC/@36.0968098,-79.269663,14z",2026-04-29T06:24:53.901Z,6 am–10 pm,6 am–10 pm,6 am–10 pm,6 am–10 pm,8 am–8 pm,6 am–10 pm,6 am–10 pm,,,,
https://www.google.com/maps/place/Benson+Tree+Service/data=!4m7!3m6!1s0x8852ebd0b861f0c1:0x6475c3d22f8a6075!8m2!3d36.4104586!4d-79.7369425!16s%2Fg%2F11jg8v_5bc!19sChIJwfBhuNDrUogRdWCKL9LDdWQ,Benson Tree Service,4.3,15,Tree service,,,http://bensontrees.com/,,Open 24 hours,https://lh3.googleusercontent.com/gps-cs-s/APNQkAEBhqy_g-GJrkSAl2Km_PDx7HIgm_iPPhlhoNX4ctG04kYRJu3vtziw6IEA2uWTmgf1fKTVXDK41UKXChmf6GtCzNlHqFgVB52aqwhL7W1kty7ZeF7gTiDHcvcvgl_AnrY-IbK2=w426-h240-k-no,true,"https://www.google.com/maps/search/tree+service+businesses+in+Mebane+Greensboro+NC/@36.0968098,-79.269663,14z",2026-04-29T06:24:58.995Z,Open 24 hours,Open 24 hours,Open 24 hours,Open 24 hours,Open 24 hours,Open 24 hours,Open 24 hours,,,,
https://www.google.com/maps/place/North+Raleigh+Tree+Service/data=!4m7!3m6!1s0x89acf9a9b1855e9b:0xac58832b740cf636!8m2!3d35.8928246!4d-78.5007994!16s%2Fg%2F12xqj0dj7!19sChIJm16Fsan5rIkRNvYMdCuDWKw,North Raleigh Tree Service,4.9,126,Tree service,,,https://www.northraleightree.com/,+1 919-808-2467,Open 24 hours,https://lh3.googleusercontent.com/gps-cs-s/APNQkAHcpmLWWTB9WFmqRr34m2CjNnl1FYkDfS9RkJPVWURqqfCsw1c2yoIa9WGE8exgtRO6jIvhMAwJCSYe9vQAfEnFLqxCVlLvW-Gk81qkiOOTdF7XjWDd3Wcu1uFU9QL5XKCi_Vqk=w480-h240-k-no,true,"https://www.google.com/maps/search/tree+service+businesses+in+Mebane+Greensboro+NC/@36.0968098,-79.269663,14z",2026-04-29T06:25:03.719Z,Open 24 hours,Open 24 hours,Open 24 hours,Open 24 hours,Open 24 hours,Open 24 hours,Open 24 hours,,,,
https://www.google.com/maps/place/Walmart+Garden+Center/data=!4m7!3m6!1s0x89acd6941fdfdded:0xe90f8ad4bc7cebb2!8m2!3d36.0668792!4d-79.2734801!16s%2Fg%2F11fx925gnr!19sChIJ7d3fH5TWrIkRsut8vNSKD-k,Walmart Garden Center,3.3,4,Garden center,"1318 Mebane Oaks Rd, Mebane, NC 27302, United States","3P8G+QJ Mebane, North Carolina, USA",https://www.walmart.com/store/5346-mebane-nc/patio-garden-services/?veh=seo_loc,+1 919-304-0171,Closed · Opens 6 am,https://streetviewpixels-pa.googleapis.com/v1/thumbnail?panoid=dD5vQGcVwZeAAjaAgWEzrw&cb_client=search.gws-prod.gps&w=408&h=240&yaw=239.06873&pitch=0&thumbfov=100,true,"https://www.google.com/maps/search/tree+service+businesses+in+Mebane+Greensboro+NC/@36.0968098,-79.269663,14z",2026-04-29T06:25:08.420Z,6 am–11 pm,6 am–11 pm,6 am–11 pm,6 am–11 pm,6 am–11 pm,6 am–11 pm,6 am–11 pm,,· In-store shopping · In-store pick-up · Delivery,,
https://www.google.com/maps/place/Junior+Loye+Tree+Service+LLC/data=!4m7!3m6!1s0x885303bd66e28183:0xf77997fd92774c7f!8m2!3d36.3729826!4d-79.8175654!16s%2Fg%2F1tf5lbpq!19sChIJg4HiZr0DU4gRf0x3kv2Xefc,Junior Loye Tree Service LLC,4.5,50,Tree service,,,http://juniorloyetreeservice.com/,+1 336-265-9032,Closed · Opens 6 am,https://lh3.googleusercontent.com/gps-cs-s/APNQkAFoOY4hhQnV4ADLgai0nl2LCJsmtbcEQrQIdHTUJaZKCSBgjv9GY1yjbDC_VqvmHhJNXQWbqV_j7AALxDvJ-7Q3ijR-C7L6o9GMl4DxIfODeJV7uQ5JOViJafqQ87eci4vHpkNG=w427-h240-k-no,true,"https://www.google.com/maps/search/tree+service+businesses+in+Mebane+Greensboro+NC/@36.0968098,-79.269663,14z",2026-04-29T06:25:13.104Z,6 am–9 pm,6 am–9 pm,6 am–9 pm,6 am–9 pm,6 am–9 pm,6 am–9 pm,6 am–9 pm,,,,
,,,,,,,,,,,,"https://www.google.com/maps/search/tree+service+businesses+in+Sunset+Hills+Greensboro+NC/@36.0775239,-79.8254722,14z",2026-04-29T06:25:32.009Z,,,,,,,,,,,No new results found
https://www.google.com/maps/place/Erick%27s+Construction+and+Hardscaping+Services/data=!4m7!3m6!1s0x6c4974b48a7c54d:0x38f0c7bd467cb440!8m2!3d36.009825!4d-79.8790197!16s%2Fg%2F11vf33zjwh!19sChIJTcWnSEuXxAYRQLR8Rr3H8Dg,Erick's Construction and Hardscaping Services,4.9,72,Landscaper,,,https://ericksconstructions.com/,+1 336-740-0717,Closed · Opens 8 am,https://lh3.googleusercontent.com/gps-cs-s/APNQkAG2aWHHpWUE_4Y6rrgw1uYIX4WBYRa6je8SZfSkkKgTxw-BQl0UCmVjbw-QHAvRvduhmbHUwDwjgSuRCAf2lWTIrLG7X5kMyz4IuoRpzNrZ5Nn8uIq9vzB2Z1Kz47lBx364xjGcijDvPLk=w408-h408-k-no,true,"https://www.google.com/maps/search/tree+service+businesses+in+Advance+Greensboro+NC/@36.0900252,-79.7899679,14z",2026-04-29T06:25:58.781Z,8 am–6 pm,8 am–6 pm,8 am–6 pm,9 am–5 pm,9 am–5 pm,8 am–6 pm,8 am–6 pm,LGBTQ+ friendly,,,
https://www.google.com/maps/place/Greensboro+Shrub+Nursery/data=!4m7!3m6!1s0x88532182375032ef:0x1804ca605e9efa5f!8m2!3d36.0864724!4d-79.6992978!16s%2Fg%2F1tfb2pyb!19sChIJ7zJQN4IhU4gRX_qeXmDKBBg,Greensboro Shrub Nursery,4.5,152,Plant nursery,"4514 Old Burlington Rd, Greensboro, NC 27405, United States","38P2+H7 Greensboro, North Carolina, USA",http://gsoshrub.com/,+1 336-621-6579,"Closed · Opens 8 am

Updated by this business 8 weeks ago",https://lh3.googleusercontent.com/gps-cs-s/APNQkAE9vVai8aluWAB3p8Hqu4wbPoBHpmQypUiAAl78aG61dnF508V9yffvgVw1uCEoIJ2paxLK-YQjvx1XGDhyMN7O467TkCHhFZwog8AmLQomJkOjVKFr-apDwwveUpXbUhwyjU21=w408-h544-k-no,true,"https://www.google.com/maps/search/tree+service+businesses+in+Advance+Greensboro+NC/@36.0900252,-79.7899679,14z",2026-04-29T06:26:03.875Z,8 am–5 pm,8 am–5 pm,8 am–4 pm,8 am–12 pm,Closed,8 am–5 pm,8 am–5 pm,,,,
"https://www.google.com/maps/place/Able+Fence+Builders,+Inc./data=!4m7!3m6!1s0x88531f871771c055:0xa43bda7c229a73b3!8m2!3d36.1322829!4d-79.7423887!16s%2Fg%2F1tywyn4c!19sChIJVcBxF4cfU4gRs3OaInzaO6Q","Able Fence Builders, Inc.",4.9,52,Fence contractor,"3900 US-29, Greensboro, NC 27405, United States","47J5+W2 Greensboro, North Carolina, USA",http://www.ablefencebuilders.com/,+1 336-375-3242,Closed · Opens 7 am,https://lh3.googleusercontent.com/gps-cs-s/APNQkAF-CGl2t0wWdOuzJIwNcCAsUoPNzQc-H5ryVQRvpqO_r4PWIEJrzLZqL5ybt03LJxInmQLHjrsKMqqpoi-6NoaiuBh5_YDNq5RqskFfohWewWCWc2aVWNtCW_u_73tYh8ih0bRcTTVAiYN7=w408-h306-k-no,true,"https://www.google.com/maps/search/tree+service+businesses+in+Advance+Greensboro+NC/@36.0900252,-79.7899679,14z",2026-04-29T06:26:08.645Z,7 am–3 pm,7 am–3 pm,7 am–3 pm,Closed,Closed,7 am–3 pm,7 am–3 pm,,,,
https://www.google.com/maps/place/Orkin/data=!4m7!3m6!1s0x885321f0ad824d97:0xe1fb114a636af5bb!8m2!3d36.0869953!4d-79.7281329!16s%2Fg%2F12q4wcfsn!19sChIJl02CrfAhU4gRu_VqY0oR--E,Orkin,4.7,1860,Pest control service,"107 Bonita Dr, Greensboro, NC 27405, United States","37PC+QP Greensboro, North Carolina, USA",https://www.orkin.com/locations/north-carolina-nc/greensboro-pest-control/branch-470?utm_source=local&utm_medium=local&utm_campaign=LCL0130,+1 336-604-7014,Open 24 hours,https://lh3.googleusercontent.com/gps-cs-s/APNQkAHwYOfhs9pAQeBaOLTftZrFf-IMNUrMAQdSVCcDVkLnKTeV7-x8EdAiAND14WqFMBTShFleE0mVMLrtoLkXVkKYY2dhFMOpY47k7Rk7Zbv9_7_efCLMf4lmZ-72AX4gTz4srSaZCTWnSHEh=w426-h240-k-no,true,"https://www.google.com/maps/search/tree+service+businesses+in+Advance+Greensboro+NC/@36.0900252,-79.7899679,14z",2026-04-29T06:26:14.024Z,Open 24 hours,Open 24 hours,Open 24 hours,Open 24 hours,Open 24 hours,Open 24 hours,Open 24 hours,,,,
https://www.google.com/maps/place/Little+Guys+Movers+Greensboro/data=!4m7!3m6!1s0x88531ea0914e3aff:0x77c681a36220b189!8m2!3d36.0863015!4d-79.7312657!16s%2Fg%2F124sw0gn1!19sChIJ_zpOkaAeU4gRibEgYqOBxnc,Little Guys Movers Greensboro,4.8,519,Moving service,"3501 Burlington Rd, Greensboro, NC 27405, United States","37P9+GF Greensboro, North Carolina, USA",https://www.littleguys.com/greensboro,+1 336-288-1099,Closed · Opens 8 am,https://lh3.googleusercontent.com/gps-cs-s/APNQkAGiuVhCiGO4eMZkDrRwots5Z8-75RguvQFnWCpuScPWrtF-973vr33z11o1lkwKOF7cmgelBIXhKUEemh4r4iFcb1d3u_3-axWJv-WbLb2GYYAHSgNlfl_OwuMdhYvw2hzertp4=w408-h408-k-no,true,"https://www.google.com/maps/search/tree+service+businesses+in+Advance+Greensboro+NC/@36.0900252,-79.7899679,14z",2026-04-29T06:26:18.966Z,8 am–6 pm,8 am–6 pm,8 am–6 pm,8 am–6 pm,8 am–6 pm,8 am–6 pm,8 am–6 pm,LGBTQ+ friendly,,,
"https://www.google.com/maps/place/Pruning+Perfection+and+Landscape,+LLC./data=!4m7!3m6!1s0xec5e2c341aee153:0x18a001628a25ef56!8m2!3d36.095535!4d-79.8143016!16s%2Fg%2F11p5x5swh9!19sChIJU-GuQcPixQ4RVu8limIBoBg","Pruning Perfection and Landscape, LLC.",5.0,1,Landscaper,,,https://www.pruningperfectionllc.com/,+1 336-937-2162,Closed · Opens 9 am,https://lh3.googleusercontent.com/gps-cs-s/APNQkAF-joBVgamefhrh6RE4f3ZAJ1kEcoXon85u9lEvn55b3YksS3ik-q0dsortLIbtKOo4v2IEfIlqvipT30ij1wsChYQRl5ypuBySXc76D3MtCcOppkjMCF1WxizYRt7jx-nYfpt-Ow=w408-h306-k-no,true,"https://www.google.com/maps/search/tree+service+businesses+in+Advance+Greensboro+NC/@36.0900252,-79.7899679,14z",2026-04-29T06:26:23.689Z,9 am–5 pm,9 am–5 pm,9 am–5 pm,Closed,Closed,9 am–5 pm,9 am–5 pm,,,,
https://www.google.com/maps/place/Bryant%27s+Sentry+Hardware+Lawn/data=!4m7!3m6!1s0x8853218cbc640073:0x70a282b1f1619b47!8m2!3d36.086938!4d-79.714068!16s%2Fg%2F1vj5_xlw!19sChIJcwBkvIwhU4gRR5th8bGConA,Bryant's Sentry Hardware Lawn,4.5,229,Hardware store,"3915 Burlington Rd, Greensboro, NC 27405, United States","37PP+Q9 Greensboro, North Carolina, USA",http://www.bryantshardware.com/,+1 336-375-5963,Closed · Opens 8 am,https://lh3.googleusercontent.com/gps-cs-s/APNQkAGiixCnU0Zt6hQHwbri9OeTlzF5S3zRx5beVY0x78RJfwkbrPu5mmi_VS3e6ETKcy7PzFzBVwVySNVtrJ2cQKUk-4Wj4-eHvWVa06xvxkyX94CMiOiMP_MaQBtMoWxmWQ5l7CVd=w408-h680-k-no,true,"https://www.google.com/maps/search/tree+service+businesses+in+Advance+Greensboro+NC/@36.0900252,-79.7899679,14z",2026-04-29T06:26:28.685Z,8 am–5 pm,8 am–5 pm,8 am–5 pm,8 am–4 pm,Closed,8 am–5 pm,8 am–5 pm,,· Delivery,,
https://www.google.com/maps/place/Graham%27s+Tree+Service/data=!4m7!3m6!1s0x852a1c94cc17265d:0xfd15a99d3a78b658!8m2!3d35.6174925!4d-80.501049!16s%2Fg%2F11vs7sl_sf!19sChIJXSYXzJQcKoURWLZ4Op2pFf0,Graham's Tree Service,5.0,29,Tree service,,,https://www.facebook.com/p/Grahams-Tree-Service-100063564551111/,+1 336-425-0300,Open 24 hours,https://lh3.googleusercontent.com/gps-cs-s/APNQkAEgDRpVtaoIDR4usJ5Z7E9rK6SBm8g7JFvs3Hh-1A-kKs0JGFbRZ-o5Rqw8kilxmdTaMs-FsT5P16ooJ5MxaI01gGJcwRhlwcoB-LFlmPHVhmH3LxJjDusOGlIPNhan0mNtEoiM=w408-h734-k-no,true,"https://www.google.com/maps/search/tree+service+businesses+in+Advance+Greensboro+NC/@36.0900252,-79.7899679,14z",2026-04-29T06:26:33.384Z,Open 24 hours,Open 24 hours,Open 24 hours,Open 24 hours,Open 24 hours,Open 24 hours,Open 24 hours,,,,
https://www.google.com/maps/place/Tree+of+Life+Tree+Service/data=!4m7!3m6!1s0x88530ba2a0b6fae3:0xb1e13e163bfa18ee!8m2!3d35.9513134!4d-79.9648472!16s%2Fg%2F11xvvcjzkd!19sChIJ4_q2oKILU4gR7hj6OxY-4bE,Tree of Life Tree Service,5.0,47,Tree service,,,http://treeoflifetreeservice.com/,+1 336-561-8510,,https://lh3.googleusercontent.com/gps-cs-s/APNQkAE41ONbOsTH_0mEP0kKyVdZ1dwD2t2Zcl2jHcR76kjDdW1y4OaEaY2NzaZg4_LShV7WTs3pfxFzrg9Bbv7tHGonYMoXUKWnmSTl0vAnPWYzC92DR_xJHZWTwqJtNfjDnG-a7a_dhVGQMgrk=w408-h544-k-no,true,"https://www.google.com/maps/search/tree+service+businesses+in+Advance+Greensboro+NC/@36.0900252,-79.7899679,14z",2026-04-29T06:26:38.564Z,9 am–5 pm,9 am–5 pm,9 am–5 pm,9 am–5 pm,Closed,7 am–5 pm,9 am–5 pm,,,,
https://www.google.com/maps/place/X-Pert+Solutions+Junk+Removal/data=!4m7!3m6!1s0x6155735bced1d09b:0xb648c8691db5a599!8m2!3d36.1453875!4d-79.7518393!16s%2Fg%2F11trwckpcc!19sChIJm9DRzltzVWERmaW1HWnISLY,X-Pert Solutions Junk Removal,5.0,59,Garbage collection service,"7 Foust Ct, Greensboro, NC 27405, United States","46WX+57 Greensboro, North Carolina, USA",,+1 336-202-1065,Open 24 hours,https://lh3.googleusercontent.com/gps-cs-s/APNQkAHIZRz1vjQ-H-IBb2eLBHEcoSiN3aG8Pg91Y7m_PITOSHPS6P49shSmVWJZ31fQbNFHMkvLjV9DhDX80RHaJnKYjNf8gsDrFDS1i5zuHbG78719N5qQU1tUntFunOcEr6XKWGo=w408-h306-k-no,true,"https://www.google.com/maps/search/tree+service+businesses+in+Advance+Greensboro+NC/@36.0900252,-79.7899679,14z",2026-04-29T06:26:43.414Z,Open 24 hours,Open 24 hours,Open 24 hours,Open 24 hours,Open 24 hours,Open 24 hours,Open 24 hours,,,,
https://www.google.com/maps/place/Lowe%27s+Home+Improvement/data=!4m7!3m6!1s0x88531c23a9451d95:0x1f7ff9cbad6ffe65!8m2!3d36.114947!4d-79.83771!16s%2Fg%2F1tdzb3bh!19sChIJlR1FqSMcU4gRZf5vrcv5fx8,Lowe's Home Improvement,4.2,2108,Home improvement store,"3001 Battleground Ave, Greensboro, NC 27408, United States","4576+XW Greensboro, North Carolina, USA",https://www.lowes.com/store/NC-Greensboro/0387?cm_mmc=lod-_-c-_-lcl-_-awr-_-yxt-_-go-_-387-_-na-_-0-_-0&y_source=1_MTE4MzE3My03MTUtbG9jYXRpb24ud2Vic2l0ZQ%3D%3D,+1 336-545-2040,"Closed · Opens 6 am

Updated by this business 3 weeks ago",https://lh3.googleusercontent.com/gps-cs-s/APNQkAE5i4rO1dZew27WJXm1bxJepo2IWSdyOuBeXFB70C0cqYRW8uLkz99qobkbLtM6tgw5PXUO9P2jxy6DKq14UmVaADfiG08-IggAfDiT6z9-kmbL7fh8XFpzJzrY_3C6wpQhbegds9bLYSIW=w408-h272-k-no,true,"https://www.google.com/maps/search/tree+service+businesses+in+Advance+Greensboro+NC/@36.0900252,-79.7899679,14z",2026-04-29T06:26:48.456Z,6 am–10 pm,6 am–10 pm,6 am–10 pm,6 am–10 pm,8 am–8 pm,6 am–10 pm,6 am–10 pm,,"Home improvement chain for appliances & gardening supplies, plus tools & hardware. · In-store shopping · In-store pick-up · Delivery",,
https://www.google.com/maps/place/Stylz+V.I.P+Auto+Detailing/data=!4m7!3m6!1s0x88531a5c26cc91e7:0x15e91d89376ad7cd!8m2!3d36.0644343!4d-79.8175443!16s%2Fg%2F11dxn_6tyw!19sChIJ55HMJlwaU4gRzddqN4kd6RU,Stylz V.I.P Auto Detailing,4.8,101,Car detailing service,"1616 Spring Garden St, Greensboro, NC 27403, United States","357J+QX Greensboro, North Carolina, USA",http://www.facebook.com/365stylz,+1 336-500-7484,Closed · Opens 9 am,https://lh3.googleusercontent.com/gps-cs-s/APNQkAGs84reGZGlpZo6-mdzVCwVsVLGsf6xr58kDbOsUeVmWJc-xsMT7S-shTnCh80neDui3rms1cxyUzUPlpxtIGyMhtNNaqfGmMwNIooHobJ8A-rBalq1nMuEkP1-rYl7Y0Qv1xI3ZGBD7IYT=w408-h558-k-no,true,"https://www.google.com/maps/search/tree+service+businesses+in+Advance+Greensboro+NC/@36.0900252,-79.7899679,14z",2026-04-29T06:26:53.306Z,9 am–5 pm,9 am–5 pm,9 am–5 pm,Closed,Closed,9 am–5 pm,9 am–5 pm,,,true,
https://www.google.com/maps/place/Caliber+Collision/data=!4m7!3m6!1s0x88531fd241f9fb19:0x6a9289cfa14b3b77!8m2!3d36.104807!4d-79.8245785!16s%2Fg%2F11qn64vkz9!19sChIJGfv5QdIfU4gRdztLoc-Jkmo,Caliber Collision,4.8,751,Auto body shop,"2448 Battleground Ave, Greensboro, NC 27408, United States","453G+W5 Greensboro, North Carolina, USA",https://www.caliber.com/find-a-location/greensboro-battleground-ave?utm_source=google&utm_medium=gbp-profile&utm_campaign=webform-GBPwebsite&utm_content=&utm_term=&utm_id=0966,+1 336-286-2277,Closed · Opens 7:30 am,https://lh3.googleusercontent.com/gps-cs-s/APNQkAGRVQ3gCb_X-qI6BRrfaVRfOqohiHTDZ3ouv5huLttSSqGJd_X4ufDnmz1FKuYSp8sDmYI3z_ScqmNQ66zoEp_lBCs6b2UQJlhgSY82KfcVhDei5M_yVc7fu3ry-1M1-ozRpQqyUDiZCu0=w408-h544-k-no,true,"https://www.google.com/maps/search/tree+service+businesses+in+Advance+Greensboro+NC/@36.0900252,-79.7899679,14z",2026-04-29T06:26:58.324Z,7:30 am–5:30 pm,7:30 am–5:30 pm,7:30 am–5:30 pm,Closed,Closed,7:30 am–5:30 pm,7:30 am–5:30 pm,,,,
https://www.google.com/maps/place/Fields+Landscaping+Co.+Inc./data=!4m7!3m6!1s0x88531d2b04f021b3:0x2af7d6a5022128c5!8m2!3d36.0845854!4d-79.881846!16s%2Fg%2F11qrb92977!19sChIJsyHwBCsdU4gRxSghAqXW9yo,Fields Landscaping Co. Inc.,5.0,28,Landscaper,,,https://fieldslandscapingco.com/,+1 336-402-9854,Closed · Opens 7 am,https://lh3.googleusercontent.com/gps-cs-s/APNQkAHvPLT47Wjbg0EutMoI_ftyqSKPPn9kMSCW4YGhAMevYN6VPkWe71ZEjDcVRfqihO0i7_gqA9PWkziLdNzzJDWGs19bWOYoasPyIWNgXIjKPfvACA2VIDv1RrTj1DRRFmURWeJOhWa4Zg3_=w408-h306-k-no,true,"https://www.google.com/maps/search/tree+service+businesses+in+Advance+Greensboro+NC/@36.0900252,-79.7899679,14z",2026-04-29T06:27:03.346Z,7 am–5:30 pm,7 am–5:30 pm,7 am–5:30 pm,Closed,Closed,7 am–5:30 pm,7 am–5:30 pm,,,,
https://www.google.com/maps/place/Tender+Lawn+Care/data=!4m7!3m6!1s0x885304df58de6cc1:0x45355ea3b3666503!8m2!3d36.0560555!4d-79.9360171!16s%2Fg%2F11hcsmjkm2!19sChIJwWzeWN8EU4gRA2Vms6NeNUU,Tender Lawn Care,5.0,580,Lawn care service,"1074 Boulder Rd, Greensboro, NC 27409, United States","3347+CH Greensboro, North Carolina, USA",http://www.tenderlawncarenc.com/,+1 336-285-8866,Closed · Opens 8 am,https://lh3.googleusercontent.com/gps-cs-s/APNQkAEALTneyFVdhabNVbVPIOI04GU2bDzsXPoktW7Dvy4tYQ8ZcagcwHyoAXB8yeJEySHoZNInKsyf_WOwgNixvK4QyWkw3yqmoSSnRjYxuiPEjlHm5qBHm_W3IiujtAmGwPaWyMKH=w493-h240-k-no,true,"https://www.google.com/maps/search/tree+service+businesses+in+Advance+Greensboro+NC/@36.0900252,-79.7899679,14z",2026-04-29T06:27:08.236Z,8 am–5 pm,8 am–5 pm,8 am–5 pm,Closed,Closed,8 am–5 pm,8 am–5 pm,,,,
https://www.google.com/maps/place/United+Tree+Company/data=!4m7!3m6!1s0x8853a3acffd456fd:0x5224a079638664d2!8m2!3d35.581872!4d-79.7728784!16s%2Fg%2F11m1s_0bkn!19sChIJ_VbU_6yjU4gR0mSGY3mgJFI,United Tree Company,5.0,74,Tree service,,,,+1 336-803-6767,Open 24 hours,https://lh3.googleusercontent.com/gps-cs-s/APNQkAFiOeaAcD5E08rBu_nwXaBbpaTuGrIKP67Qej4mg8c69bbiMTAjU6esIAGfv86yzSNoMp7mKMzEfTbcrRhlKK04eBjOdlUCjCERPOGvt3Tz1xG_Qhh8coQ7hhr84MGhPH5mfoubKw=w426-h240-k-no,true,"https://www.google.com/maps/search/tree+service+businesses+in+Advance+Greensboro+NC/@36.0900252,-79.7899679,14z",2026-04-29T06:27:12.972Z,Open 24 hours,Open 24 hours,Open 24 hours,Open 24 hours,Open 24 hours,Open 24 hours,Open 24 hours,,,,
https://www.google.com/maps/place/The+Green+Team/data=!4m7!3m6!1s0x885311c87a4fae29:0xf8ac58c1922c0a23!8m2!3d35.9958134!4d-79.8727027!16s%2Fg%2F11ymkwc7s1!19sChIJKa5PesgRU4gRIwosksFYrPg,The Green Team,5.0,239,Lawn care service,"4510 Weybridge Ln suite 200 office 211, Greensboro, NC 27407, United States","X4WG+8W Greensboro, North Carolina, USA",http://www.jointhegreenteam.com/?utm_source=google&utm_medium=organic&utm_campaign=GMBListing-Greensboro-NC,+1 336-646-7945,Closed · Opens 8 am,https://lh3.googleusercontent.com/gps-cs-s/APNQkAEIxLPA6zMsNKLqItFN3Rs3Ac52NEwNbPwwAmIB77-l8Wxvu3rUE2uy2SmQPAajj8O_-u02DixwEsrr3BqYd51Pi4SBItifpqYxat2jRPo3oQt39aSKsHVQIiowGyQ2V6mBUw3CNp7yLgg=w408-h272-k-no,true,"https://www.google.com/maps/search/tree+service+businesses+in+Advance+Greensboro+NC/@36.0900252,-79.7899679,14z",2026-04-29T06:27:17.795Z,8 am–5 pm,8 am–5 pm,8 am–5 pm,Closed,Closed,8 am–5 pm,8 am–5 pm,,,,
https://www.google.com/maps/place/Boger+Services/data=!4m7!3m6!1s0x8853c3466f33972f:0x6aea0faf7c0ecd0f!8m2!3d35.8912484!4d-80.5577553!16s%2Fg%2F11vs3b1n9z!19sChIJL5czb0bDU4gRD80OfK8P6mo,Boger Services,5.0,72,Tree service,"301 E Lexington Rd, Mocksville, NC 27028, United States","VCRR+FV Mocksville, North Carolina, USA",http://www.bogerservices.wordpress.com/,+1 336-909-4092,Closed · Opens 8 am,https://lh3.googleusercontent.com/gps-cs-s/APNQkAF-TfAA99PdjYI-VpUE-xRm1lnq6S7FdIiZY5keRQ4nU3G4EVfZwG648AUMTBj-OcQtKFRBCz5MOqrGL4asMz1EfPreB4Cej_BHGyvfxWDX9rsFAkO0WeBvFleT9rkoh2yyGLoGQSd8ngU-=w408-h541-k-no,true,"https://www.google.com/maps/search/tree+service+businesses+in+Mocksville+Greensboro+NC/@35.8940263,-80.5614494,14z",2026-04-29T06:27:32.931Z,8 am–5 pm,8 am–5 pm,8 am–5 pm,Closed,Closed,8 am–5 pm,8 am–5 pm,,,,
https://www.google.com/maps/place/Triad+Tree+Service/data=!4m7!3m6!1s0x8853c30141cc8367:0xe9f53162f5b72dd6!8m2!3d35.9408585!4d-80.5931173!16s%2Fg%2F1td4vzw4!19sChIJZ4PMQQHDU4gR1i239WIx9ek,Triad Tree Service,3.8,12,Tree service,"241 Willow Creek Ln, Mocksville, NC 27028, United States","WCR4+8Q Mocksville, North Carolina, USA",,+1 336-345-6789,Open 24 hours,https://lh3.googleusercontent.com/gps-cs-s/APNQkAETjzSiGKC8ELqK4HD8qNv3UTGVZomT1TM7UStkX7oxSXgG5WflPU3EN20MTGoRGKe6cyVHz4--w4s6-z_7pSAtYdP0nUo7MKCHCHQkAKuYZH42SsnbrthyCce0J5pEefm7Ow=w408-h306-k-no,true,"https://www.google.com/maps/search/tree+service+businesses+in+Mocksville+Greensboro+NC/@35.8940263,-80.5614494,14z",2026-04-29T06:27:37.917Z,Open 24 hours,Open 24 hours,Open 24 hours,Open 24 hours,Open 24 hours,Open 24 hours,Open 24 hours,,,,
https://www.google.com/maps/place/Canopy+Tree+Service/data=!4m7!3m6!1s0x8853ebe19d7cd859:0xbfee3480d4e5571!8m2!3d35.8834855!4d-80.4714888!16s%2Fg%2F11fpqw6q_c!19sChIJWdh8neHrU4gRcVVODUjj_gs,Canopy Tree Service,5.0,25,Tree service,"124 No Creek Rd, Mocksville, NC 27028, United States","VGMH+9C Mocksville, North Carolina, USA",https://www.canopync.com/,+1 336-978-7615,"Closed · Opens 9 am

Confirmed by this business 2 weeks ago",https://lh3.googleusercontent.com/gps-cs-s/APNQkAEMgCit_hIWnYYa8RQlgImD-N_OmFdlCpaWlvSIzaSwKwoxqdHRmBSn56hxnlxxDuM2g4UqaqvpBK1EUW47O3CYLHjEh7WaK6fpqjPWLYxHGgiD56ay9ttfzajFgpyb1E-QRwLv=w426-h240-k-no,true,"https://www.google.com/maps/search/tree+service+businesses+in+Mocksville+Greensboro+NC/@35.8940263,-80.5614494,14z",2026-04-29T06:27:42.756Z,9 am–7 pm,9 am–7 pm,9 am–7 pm,Closed,Closed,9 am–7 pm,9 am–7 pm,,,,
https://www.google.com/maps/place/Aerial+tree+systems/data=!4m7!3m6!1s0x8853ea77582297ad:0xc4fc37a46d04a646!8m2!3d35.8827339!4d-80.5105934!16s%2Fg%2F11hbkm698b!19sChIJrZciWHfqU4gRRqYEbaQ3_MQ,Aerial tree systems,5.0,1,Arborist service,"135 Dalton Rd, Mocksville, NC 27028, United States","VFMQ+3Q Mocksville, North Carolina, USA",,+1 336-865-6971,Open 24 hours,https://lh3.googleusercontent.com/gps-cs-s/APNQkAGQcG1euaVLEdKDKnIlmHZvHpquZV9oQLXsF3_hY0TPxZqrJoKdpaan6gtjaXF50nHz24Ce3H8lMG_K72t44MWd2vVPFu5FyJDop6nuY08ye7qXyk_oAWMnYb_gtQBP2BP1BA=w408-h544-k-no,true,"https://www.google.com/maps/search/tree+service+businesses+in+Mocksville+Greensboro+NC/@35.8940263,-80.5614494,14z",2026-04-29T06:27:47.607Z,Open 24 hours,Open 24 hours,Open 24 hours,Open 24 hours,Closed,Open 24 hours,Open 24 hours,,,,
https://www.google.com/maps/place/Hicks+Land+Management/data=!4m7!3m6!1s0x8853c31c338ce829:0xd9cc2703b2ab2230!8m2!3d35.9354834!4d-80.5856798!16s%2Fg%2F11vb4bp1qj!19sChIJKeiMMxzDU4gRMCKrsgMnzNk,Hicks Land Management,4.9,14,Excavating contractor,"1073 Main Church Rd, Mocksville, NC 27028, United States","WCP7+5P Mocksville, North Carolina, USA",https://www.hickslandmanagement.com/,+1 336-399-7498,Closed · Opens 8 am,https://lh3.googleusercontent.com/gps-cs-s/APNQkAFcE-Fr7kYpi8vfc_h6qqqTpKzz--dWBxqKA-03f-7Fm9aWf0epYUzJiSWxJas_RlrWsgx6eLC1MFPAAwXKgy9-m0jOlsm64z3KyxQF7PkXtSB1ZYaIeedOdhZl4YsB7NXz3w2E=w408-h306-k-no,true,"https://www.google.com/maps/search/tree+service+businesses+in+Mocksville+Greensboro+NC/@35.8940263,-80.5614494,14z",2026-04-29T06:27:52.590Z,8 am–6 pm,8 am–6 pm,8 am–6 pm,Closed,Closed,8 am–6 pm,8 am–6 pm,,,,
https://www.google.com/maps/place/Candido+Landscaping+LLC/data=!4m7!3m6!1s0x8853ea7c28297e29:0xab3ed9e459e348ab!8m2!3d35.8804473!4d-80.5024587!16s%2Fg%2F11cn7h6kn6!19sChIJKX4pKHzqU4gRq0jjWeTZPqs,Candido Landscaping LLC,5.0,22,Landscaper,"Mocksville, NC 27028, United States","VFJX+52 Mocksville, North Carolina, USA",,+1 336-940-8435,Closed · Opens 7 am,https://lh3.googleusercontent.com/gps-cs-s/APNQkAEHjZtGEFQZlIidXXsDCPmeFQNI54WyIusuMRWNzvMAmF26JuFnvNmUT86UH0RJEJJ_Hb5qoFOCsx94k8qmQrusblXJOgAoBYUfYCMRUTj6wiFEhn162nmASnY5l0A9WxZpYlXCX9rrXW-j=w419-h240-k-no,true,"https://www.google.com/maps/search/tree+service+businesses+in+Mocksville+Greensboro+NC/@35.8940263,-80.5614494,14z",2026-04-29T06:27:58.235Z,7 am–7 pm,7 am–7 pm,7 am–7 pm,7 am–7 pm,Closed,7 am–7 pm,7 am–7 pm,,,,
"https://www.google.com/maps/place/DP's+Grading+and+Landscaping/@35.9037609,-80.563464,13z/data=!3m1!4b1!4m6!3m5!1s0x212ddc8e3fdf5e9:0x7bd9f82ef3fe122e!8m2!3d35.903761!4d-80.563464!16s%2Fg%2F11t89f540t",DP's Grading and Landscaping,,,Landscape designer,,,,+1 704-437-1414,Closed · Opens 7 am,,true,"https://www.google.com/maps/search/tree+service+businesses+in+Mocksville+Greensboro+NC/@35.8940263,-80.5614494,14z",2026-04-29T06:28:04.901Z,7 am–5 pm,7 am–5 pm,7 am–5 pm,Closed,Closed,7 am–5 pm,7 am–5 pm,,,,
https://www.google.com/maps/place/Omar%27s+Tree+Service+LLC/data=!4m7!3m6!1s0x87a41f164d54cb59:0x2590538d133a2eef!8m2!3d35.9390706!4d-80.5701901!16s%2Fg%2F11zh_ylk7s!19sChIJWctUTRYfpIcR7y46E41TkCU,Omar's Tree Service LLC,5.0,30,Tree service,"699 Main Church Rd, Mocksville, NC 27028, United States","WCQH+JW Mocksville, North Carolina, USA",https://omarstreeservice.com/,+1 336-408-1122,Closed · Opens 7 am,https://lh3.googleusercontent.com/gps-cs-s/APNQkAG32jtp7gKWS7bmoDTCW21AIkEEKv2hMrpn7LfhljIHpJFJHZINZjtJrTsyXQnadF4YBtM7t5UTCRf2aIDGMTquiJ9CiDFP9TtM6ukb6YGaHOH4woDfkuUxiIe-9kkzzpodtByIKc0O6CPF=w408-h725-k-no,true,"https://www.google.com/maps/search/tree+service+businesses+in+Mocksville+Greensboro+NC/@35.8940263,-80.5614494,14z",2026-04-29T06:28:09.763Z,7 am–10 pm,7 am–10 pm,7 am–10 pm,7 am–10 pm,7 am–10 pm,7 am–10 pm,7 am–10 pm,,,,
https://www.google.com/maps/place/Tommy%27s+Total+Lawn+Care+LLC/data=!4m7!3m6!1s0x8853e86d9b60f5db:0xdc23bd62c624d54f!8m2!3d35.8717459!4d-80.6208693!16s%2Fg%2F11c31q26xr!19sChIJ2_Vgm23oU4gRT9UkxmK9I9w,Tommy's Total Lawn Care LLC,4.4,9,Landscaper,"567 Davie Academy Rd, Mocksville, NC 27028, United States","V9CH+MM Mocksville, North Carolina, USA",https://ttlc.co/,+1 336-682-7006,Closed · Opens 8 am,https://streetviewpixels-pa.googleapis.com/v1/thumbnail?panoid=ZzWW3Lru-vsTXr-aVQK_8w&cb_client=search.gws-prod.gps&w=408&h=240&yaw=199.52733&pitch=0&thumbfov=100,true,"https://www.google.com/maps/search/tree+service+businesses+in+Mocksville+Greensboro+NC/@35.8940263,-80.5614494,14z",2026-04-29T06:28:14.547Z,8 am–8 pm,8 am–8 pm,8 am–8 pm,8 am–5 pm,Closed,8 am–8 pm,8 am–8 pm,,,,
https://www.google.com/maps/place/Bolick%27s+Landscaping/data=!4m7!3m6!1s0x885159dec942365f:0x353df112a40cd512!8m2!3d35.903761!4d-80.563464!16s%2Fg%2F11h6s19xyb!19sChIJXzZCyd5ZUYgREtUMpBLxPTU,Bolick's Landscaping,,,Landscaper,,,,+1 980-432-6425,Closed · Opens 8 am,https://lh3.googleusercontent.com/gps-cs-s/APNQkAFIrrYMo2Wu5AGVMJ03hoMweuP0L75U7VF9uCoM-UkRLMRugOXv8gwQboGBGaN02iApL03j6x4fi9PDYthQw47Esw62i4gLdymsGY4JSq1_7gLSbK_8QxKPqJ4o9NkAbjKSsqdUkg=w426-h240-k-no,true,"https://www.google.com/maps/search/tree+service+businesses+in+Mocksville+Greensboro+NC/@35.8940263,-80.5614494,14z",2026-04-29T06:28:19.398Z,8 am–7 pm,8 am–7 pm,8 am–7 pm,8 am–7 pm,Closed,8 am–7 pm,8 am–7 pm,,,,
"https://www.google.com/maps/place/McCoy%27s+Services,+Inc./data=!4m7!3m6!1s0x8851599cb43a7b5b:0x3f056d8bccb4af36!8m2!3d35.8587795!4d-80.6395791!16s%2Fg%2F1td6bk_6!19sChIJW3s6tJxZUYgRNq-0zIttBT8","McCoy's Services, Inc.",4.8,57,Tree service,"356 Mr Henry Rd, Mocksville, NC 27028, United States","V956+G5 Mocksville, North Carolina, USA",https://mccoysservicesinc.com/,+1 704-872-8743,Open 24 hours,https://lh3.googleusercontent.com/gps-cs-s/APNQkAHETq_BWtEu9ynolLf_vyl4trcJq37TkcC0treGMsQ7a3qxpcCNNYGz8lSR4tqKTRqLvlhUiKE05M2OYt92CAod5dGeuxmzcNBhZL6_32_SNXB70oo5LIqdpfQRiwkK0al__Rux=w426-h240-k-no,true,"https://www.google.com/maps/search/tree+service+businesses+in+Mocksville+Greensboro+NC/@35.8940263,-80.5614494,14z",2026-04-29T06:28:24.221Z,Open 24 hours,Open 24 hours,Open 24 hours,Open 24 hours,Open 24 hours,Open 24 hours,Open 24 hours,,,,
https://www.google.com/maps/place/Koren+Farms/data=!4m7!3m6!1s0x8853eb5cc97e5067:0x61622f3d3ba8e5ea!8m2!3d35.8894679!4d-80.5214091!16s%2Fg%2F11szf_0rcp!19sChIJZ1B-yVzrU4gR6uWoOz0vYmE,Koren Farms,4.8,54,Wedding venue,"1347 US-64, Mocksville, NC 27028, United States","VFQH+QC Mocksville, North Carolina, USA",http://www.korenfarms.com/,+1 336-536-0197,"Closed · Opens 9 am

Updated by this business 3 weeks ago",https://lh3.googleusercontent.com/gps-cs-s/APNQkAFRvDP4nICCEne2RJS20L3AYfRjyn7HdV6TPotaqR9yitpYVvKh0CsIeUuxjGlhWsXmHBbeBoQa1wcqIZYpLaKos-wc4H3uXsvK4T8kQDjphs89AYJb3o593bHJynGVFGOqgHqhktoFSJY=w408-h306-k-no,true,"https://www.google.com/maps/search/tree+service+businesses+in+Mocksville+Greensboro+NC/@35.8940263,-80.5614494,14z",2026-04-29T06:28:29.166Z,9 am–5 pm,9 am–5 pm,Closed,Closed,Closed,9 am–5 pm,9 am–5 pm,Identifies as women-owned,,,
"https://www.google.com/maps/place/Swicegood+Group,+Inc./data=!4m7!3m6!1s0x8853c26510b80feb:0x68acc736065d8dce!8m2!3d35.8960676!4d-80.5616358!16s%2Fg%2F1thnpgv4!19sChIJ6w-4EGXCU4gRzo1dBjbHrGg","Swicegood Group, Inc.",4.9,465,Real estate agent,"279 N Main St, Mocksville, NC 27028, United States","VCWQ+C8 Mocksville, North Carolina, USA",http://www.theswicegoodgroup.com/,+1 336-751-4444,"Closed · Opens 9:30 am

Updated by this business 4 weeks ago",https://lh3.googleusercontent.com/gps-cs-s/APNQkAENDybEUFC2GYuQwQTOF3ymo9mwWIkjC9gECAkTG-hlpwh-ldAhYsel1TeqDbQhhQQWbJawHngSiMeTFSgE-fWhH78IKSexc4U0QvPvWLrwvUTI2-2DEdHEVNizPxuIeCv1V0T9_A=w408-h306-k-no,true,"https://www.google.com/maps/search/tree+service+businesses+in+Mocksville+Greensboro+NC/@35.8940263,-80.5614494,14z",2026-04-29T06:28:34.068Z,9:30 am–3 pm,9:30 am–3 pm,9:30 am–3 pm,Closed,Closed,9:30 am–3 pm,9:30 am–3 pm,Identifies as women-owned,,,
https://www.google.com/maps/place/Boxwood+Nurseries/data=!4m7!3m6!1s0x8853c264acd74c2b:0xb30777f2d070ae63!8m2!3d35.903871!4d-80.582227!16s%2Fg%2F1tfmcyqy!19sChIJK0zXrGTCU4gRY65w0PJ3B7M,Boxwood Nurseries,,,Wholesale plant nursery,"900 US-64, Mocksville, NC 27028, United States","WC39+G4 Mocksville, North Carolina, USA",,+1 336-751-2701,,https://streetviewpixels-pa.googleapis.com/v1/thumbnail?panoid=PztxzCBw3t2JA2xpTCAM_w&cb_client=search.gws-prod.gps&w=408&h=240&yaw=350.25787&pitch=0&thumbfov=100,false,"https://www.google.com/maps/search/tree+service+businesses+in+Mocksville+Greensboro+NC/@35.8940263,-80.5614494,14z",2026-04-29T06:28:36.640Z,,,,,,,,,,,
https://www.google.com/maps/place/Gardenia+Landscaping/data=!4m7!3m6!1s0xcbf1d8b9fedbf1b:0xc072a08f7f7e8a04!8m2!3d35.9666804!4d-80.5359025!16s%2Fg%2F11qg9ltlzh!19sChIJG7_tn4sdvwwRBIp-f4-gcsA,Gardenia Landscaping,4.9,18,Landscaper,,,http://gardenialandscapingservice.com/,,Open 24 hours,https://lh3.googleusercontent.com/gps-cs-s/APNQkAHGU5ODhhY1OhvPyYU7mpknMBNqRW8rUwp5lyCxT7zhEB8XlzGMfUWDvhruMVh4TpQweq5BTWynUQyroMD9__R4fmx_2rhq4Jk0SL07XqdgUA2Bk2MCSHpghK-Uebh57TN8CTY=w408-h548-k-no,true,"https://www.google.com/maps/search/tree+service+businesses+in+Mocksville+Greensboro+NC/@35.8940263,-80.5614494,14z",2026-04-29T06:28:41.816Z,Open 24 hours,Open 24 hours,Open 24 hours,Open 24 hours,Open 24 hours,Open 24 hours,Open 24 hours,,,,
"https://www.google.com/maps/place/Jones+Tree+Services/@35.9968304,-80.4717923,17z/data=!3m1!4b1!4m6!3m5!1s0x8853c76bef9ce2c1:0x84df86be58b8a869!8m2!3d35.9968304!4d-80.4717923!16s%2Fg%2F1261tx7l7",Jones Tree Services,3.8,20,Tree service,"203 Daye Ln, Advance, NC 27006, United States","XGWH+P7 Advance, North Carolina, USA",,+1 336-250-7746,,,false,"https://www.google.com/maps/search/tree+service+businesses+in+Mocksville+Greensboro+NC/@35.8940263,-80.5614494,14z",2026-04-29T06:28:46.536Z,,,,,,,,,,,
https://www.google.com/maps/place/Matthew%27s+Mowing+and+More/data=!4m7!3m6!1s0x8853ebcfb86ae7b1:0x6b423da4caa4e590!8m2!3d35.8449629!4d-80.5140526!16s%2Fg%2F11gglnd9f0!19sChIJsedquM_rU4gRkOWkyqQ9Qms,Matthew's Mowing and More,5.0,20,Lawn care service,"6548 NC-801, Mocksville, NC 27028, United States","RFVP+X9 Mocksville, North Carolina, USA",,+1 336-940-8827,Closed · Opens 9 am,https://lh3.googleusercontent.com/gps-cs-s/APNQkAEuLY40u9KmayIxIvXrWEKf-BXuYyowOppi08p3dCDYSRYoJH8nh_yuc2oJpaSsd_qVXByH6Y3jLAN7xGJZQbzkZokpTCAPezK0BcDao1w7Zy1CvkSaaShV_h6MBmnVOTz8nIf2LWjWcfc=w426-h240-k-no,true,"https://www.google.com/maps/search/tree+service+businesses+in+Mocksville+Greensboro+NC/@35.8940263,-80.5614494,14z",2026-04-29T06:28:51.244Z,9 am–5 pm,9 am–5 pm,9 am–5 pm,9 am–5 pm,Closed,9 am–5 pm,9 am–5 pm,,,,
https://www.google.com/maps/place/Phipps+Tree+Removal/data=!4m7!3m6!1s0x82f764610f7eb6b9:0xf8eb93647ce61449!8m2!3d35.902741!4d-80.536452!16s%2Fg%2F11w3b3s0f4!19sChIJubZ-D2Fk94IRSRTmfGST6_g,Phipps Tree Removal,5.0,2,Tree service,,,https://phippstreeremovalllc.com/,+1 336-462-2698,Closed · Opens 7 am,https://lh3.googleusercontent.com/gps-cs-s/APNQkAFDnLhRffntBA7P8yEbyRKg2CD9XzfjdGk2mIkibXRw7lSCnxl1oKWaJHXJtg8YL0GYcCE55_iNb8A20nzgtWH5mI9iHT009zCd7Cow7xxouBmv-KRt6F96k87s--nDk9kiim00Mw=w426-h240-k-no,true,"https://www.google.com/maps/search/tree+service+businesses+in+Mocksville+Greensboro+NC/@35.8940263,-80.5614494,14z",2026-04-29T06:28:56.085Z,7 am–9 pm,7 am–9 pm,7 am–9 pm,Closed,Closed,7 am–9 pm,7 am–9 pm,,,,
https://www.google.com/maps/place/SAL+Tree+Service/data=!4m7!3m6!1s0x419914dbe113d1c7:0x423e2265553aafff!8m2!3d35.8624034!4d-80.1712972!16s%2Fg%2F11w2t5h2tw!19sChIJx9ET4dsUmUER_686VWUiPkI,SAL Tree Service,5.0,73,Tree service,,,https://www.saltreeservice.com/?utm_source=google&utm_medium=wix_google_business_profile&utm_campaign=1374836947892685186,+1 336-909-1453,Open 24 hours,https://lh3.googleusercontent.com/gps-cs-s/APNQkAGnV6d87GJ8fqdB-b-29m9qBVUFVUfjL1pxyQ44R8cdSIwCfvRDOrSpQ1DCqiuTRTP_W17Ii1V2VB8a43lGAqpRkx9eyuWEjqjn1IVjy3acejLc37kFLn_750fsUm67QLrg6oOG=w408-h544-k-no,true,"https://www.google.com/maps/search/tree+service+businesses+in+Bermuda+Run+Greensboro+NC/@36.0004956,-80.4267553,14z",2026-04-29T06:29:17.101Z,Open 24 hours,Open 24 hours,Open 24 hours,Open 24 hours,Open 24 hours,Open 24 hours,Open 24 hours,,,,
https://www.google.com/maps/place/Triad+Tractor+Service+of+NC+Inc./data=!4m7!3m6!1s0x8853c3ebfdbc9285:0x99d2149bb95b1726!8m2!3d35.9808214!4d-80.426145!16s%2Fg%2F11qpscblnh!19sChIJhZK8_evDU4gRJhdbuZsU0pk,Triad Tractor Service of NC Inc.,5.0,40,Excavating contractor,"123 Oakbrook Dr, Advance, NC 27006, United States","XHJF+8G Advance, North Carolina, USA",http://triadtractor.com/,+1 336-909-4555,Open 24 hours,https://lh3.googleusercontent.com/gps-cs-s/APNQkAGhk-9-UdIj6cq9gF81BwOrzq4HaCS1taIgfN8eDUsQcVf0WvWm2p2daaYL42-m3tYZJvwPTKXu0ScLrj0xkOsLIb5CVi8-F5PX23cGUNdYw3Zm5TXs1KfnQO9geBxi0n-JaYsyAQ=w408-h306-k-no,true,"https://www.google.com/maps/search/tree+service+businesses+in+Bermuda+Run+Greensboro+NC/@36.0004956,-80.4267553,14z",2026-04-29T06:29:21.967Z,Open 24 hours,Open 24 hours,Open 24 hours,Open 24 hours,Open 24 hours,Open 24 hours,Open 24 hours,,,,
"https://www.google.com/maps/place/Jones+Landscaping+Services+Inc/@46.423669,-129.9427085,3z/data=!3m1!4b1!4m6!3m5!1s0x8853b92da7c3daf5:0x373e2f309b91fd7d!8m2!3d46.423669!4d-129.9427086!16s%2Fg%2F1tflsqqd",Jones Landscaping Services Inc,5.0,3,Landscaper,,,http://www.joneslandscapingservices.com/,+1 336-998-2819,Closed · Opens 8 am,,true,"https://www.google.com/maps/search/tree+service+businesses+in+Bermuda+Run+Greensboro+NC/@36.0004956,-80.4267553,14z",2026-04-29T06:29:28.757Z,8 am–5 pm,8 am–5 pm,8 am–5 pm,Closed,Closed,8 am–5 pm,8 am–5 pm,,,,
https://www.google.com/maps/place/Advance+Stump+Removal/data=!4m7!3m6!1s0x8853b71aba8c6ebd:0x458eb5788e923ace!8m2!3d36.0471855!4d-80.3911504!16s%2Fg%2F11f667pn30!19sChIJvW6Muhq3U4gRzjqSjni1jkU,Advance Stump Removal,5.0,63,Tree service,,,https://advancestumpremoval.com/,+1 336-715-1852,Closed · Opens 7 am,https://lh3.googleusercontent.com/gps-cs-s/APNQkAG5nm5kwec5pDkgFX5PzsFCn_9YEk0tchfBpjX3ViFMK02laXQFRSytCZ43zgOlUHT_PXabQt6IgGQEVGXTDogy2PjT-wVSzmSGdj2C6yFDac3eXhgALkCfkAPsRGAN7xGSoCN_rQ=w425-h240-k-no,true,"https://www.google.com/maps/search/tree+service+businesses+in+Bermuda+Run+Greensboro+NC/@36.0004956,-80.4267553,14z",2026-04-29T06:29:38.599Z,7 am–7:30 pm,7 am–7:30 pm,7 am–7:30 pm,7 am–7:30 pm,Closed,7 am–7:30 pm,7 am–7:30 pm,,,,
https://www.google.com/maps/place/Decked+Out+of+the+Triad/data=!4m7!3m6!1s0x8853b8d987dc735f:0xa6e50d19920877d6!8m2!3d36.074386!4d-80.3560512!16s%2Fg%2F1w2yvljk!19sChIJX3Pch9m4U4gR1ncIkhkN5aY,Decked Out of the Triad,4.5,44,Deck builder,,,https://www.deckedoutofthetriad.com/?utm_source=google&utm_medium=organic&utm_campaign=gbp,+1 336-936-5137,Closed · Opens 9 am,https://lh3.googleusercontent.com/gps-cs-s/APNQkAGBn5Fw3lwebYf8vvZ5U6hcASAS4WtRfSrexD-SxR6GfsjMFge5XpbBiuRo_6T1r0ACh4gSmxjVjALzRBieEMieNCG3cVaPVHMEP3d-8Exd4IgaW-oD23vZgMMoVRy6mqvhkLP_=w408-h271-k-no,true,"https://www.google.com/maps/search/tree+service+businesses+in+Bermuda+Run+Greensboro+NC/@36.0004956,-80.4267553,14z",2026-04-29T06:29:43.205Z,9 am–5 pm,9 am–5 pm,9 am–5 pm,9 am–5 pm,Closed,9 am–5 pm,9 am–5 pm,LGBTQ+ friendly,,,
https://www.google.com/maps/place/Home+Doctor/data=!4m7!3m6!1s0x8853b961eddca369:0xa643bb13a976b121!8m2!3d36.155626!4d-80.8556525!16s%2Fg%2F11qn6yvsmw!19sChIJaaPc7WG5U4gRIbF2qRO7Q6Y,Home Doctor,4.9,65,Painter,,,https://nchomedoctor.com/,+1 336-934-7337,Open 24 hours,https://lh3.googleusercontent.com/gps-cs-s/APNQkAHbYN7VBfCAKj86FdUXBzv1dQpexzPa29aaiJiPUYlxz6q2bZS45dN36JtvpnC_UaVyfUNWuf-YuHmk9c2R84x4V0tusbSMSylhOpGOEtHKEv8yRTEECx9Qzp8blufSbX6F50I=w408-h306-k-no,true,"https://www.google.com/maps/search/tree+service+businesses+in+Bermuda+Run+Greensboro+NC/@36.0004956,-80.4267553,14z",2026-04-29T06:29:47.900Z,Open 24 hours,Open 24 hours,Open 24 hours,Open 24 hours,Open 24 hours,Open 24 hours,Open 24 hours,,,,
https://www.google.com/maps/place/Largent+Land+Management/data=!4m7!3m6!1s0x6cd03ed935eab529:0x8d2cbb2550646da3!8m2!3d36.0924554!4d-80.111669!16s%2Fg%2F11v036vwyq!19sChIJKbXqNdk-0GwRo21kUCW7LI0,Largent Land Management,5.0,14,Excavating contractor,,,http://www.largentlandmanagement.com/,+1 336-408-7847,Closed · Opens 8 am,https://lh3.googleusercontent.com/gps-cs-s/APNQkAGFqobSrVcb6HXABb58qp7SwWsu2LvsA4Li0RT-XoMBrEbeHT2mS2Se3YWuMJzU90d4kv6GfmnplGZP2xyWr1iGo7mP9F7u9UjhBm4mzfsAiaQRG0dnbB7SjD2l-iPdPDDCLQ-E=w426-h240-k-no,true,"https://www.google.com/maps/search/tree+service+businesses+in+Bermuda+Run+Greensboro+NC/@36.0004956,-80.4267553,14z",2026-04-29T06:29:52.684Z,8 am–7 pm,8 am–7 pm,8 am–7 pm,8 am–7 pm,Closed,8 am–7 pm,8 am–7 pm,,,,
https://www.google.com/maps/place/Let+It+Grow/data=!4m7!3m6!1s0x8853b9ebb8ccc98b:0xfb9c8a7e5fd5555c!8m2!3d36.1075045!4d-80.243625!16s%2Fg%2F11cn9k8p52!19sChIJi8nMuOu5U4gRXFXVX36KnPs,Let It Grow,4.5,37,Landscape designer,,,https://wwwletitgrowlandscaping.com/,+1 336-671-0811,,https://lh3.googleusercontent.com/gps-cs-s/APNQkAEXzPAHJXER7VMg3ZgTe-gqokkz6oQ6Basiehu0kPpbLOtUCtG4AKYt479q_ZIRplkJ5p44--mespHX8WtejDAIX5VZYRKxvbB7cXYVgyQ302yPBAQiFgC-5Q-yb4ERHRcfisXxUQ=w408-h269-k-no,true,"https://www.google.com/maps/search/tree+service+businesses+in+Bermuda+Run+Greensboro+NC/@36.0004956,-80.4267553,14z",2026-04-29T06:29:55.411Z,,,,,,,,,,,
https://www.google.com/maps/place/Triad+Area+Remodeling+%26+Construction/data=!4m7!3m6!1s0x8853b70662b94a7b:0xfc5e027f552dfcbe!8m2!3d36.0060284!4d-80.3699475!16s%2Fg%2F11nl6ky409!19sChIJe0q5Yga3U4gRvvwtVX8CXvw,Triad Area Remodeling & Construction,5.0,14,General contractor,,,https://triadarearemodeling.com/,+1 336-607-4690,Closed · Opens 8 am,https://lh3.googleusercontent.com/gps-cs-s/APNQkAF7MNd8MGpeG2K7LODEpoNQQ2u7dNiA3Zpd6FhXgNQf1Q8J7ewszA2a8m2YmPK67QeZmvnrZItEpdz84GLy9ZUaomnWLXQ5lA0kVmCZ9c46uhLtVsb3IqrRNcvm1YSopRjf004g-Q=w408-h544-k-no,true,"https://www.google.com/maps/search/tree+service+businesses+in+Bermuda+Run+Greensboro+NC/@36.0004956,-80.4267553,14z",2026-04-29T06:30:00.474Z,8 am–8 pm,8 am–8 pm,8 am–8 pm,8 am–8 pm,8 am–8 pm,8 am–8 pm,8 am–8 pm,,,,
https://www.google.com/maps/place/MonkeyMoon+Studio/data=!4m7!3m6!1s0xa18d2479d8070129:0x82ecc6463e1d885d!8m2!3d36.0021364!4d-80.3714715!16s%2Fg%2F11y46r75jy!19sChIJKQEH2HkkjaERXYgdPkbG7II,MonkeyMoon Studio,,,Woodworker,,,https://www.monkeymoonstudio.com/,+1 704-980-9050,Closed · Opens 9 am,https://lh3.googleusercontent.com/gps-cs-s/APNQkAEzHCdYNwhv--dr60oO85ijN-mKU1aPftWNHFKvsU3wDv30TnDypBxGUUcBiwf0Qq8lpmxrYpu_dkS-sBJQY0N60CEltAOZvEkTE-XzQN7FLz4QtkIL87mZ2bFTeaDFXJ8PaLgm=w408-h408-k-no,true,"https://www.google.com/maps/search/tree+service+businesses+in+Bermuda+Run+Greensboro+NC/@36.0004956,-80.4267553,14z",2026-04-29T06:30:05.251Z,9 am–5 pm,9 am–5 pm,9 am–5 pm,9 am–5 pm,1–5 pm,9 am–5 pm,9 am–5 pm,Identifies as women-owned,,,
"https://www.google.com/maps/place/Handy+Hady+Handyman+Services/@36.0714275,-80.2886865,11z/data=!3m1!4b1!4m6!3m5!1s0x25792fca9f58e6a7:0x7d7aba50981fe015!8m2!3d36.0714275!4d-80.2886865!16s%2Fg%2F11x6wcl7yc",Handy Hady Handyman Services,5.0,1,Pressure washing service,,,,+1 336-508-2557,Closed · Opens 4 pm,,true,"https://www.google.com/maps/search/tree+service+businesses+in+Bermuda+Run+Greensboro+NC/@36.0004956,-80.4267553,14z",2026-04-29T06:30:11.857Z,4–8 pm,4–7 pm,Closed,7 am–6 pm,4–8 pm,4–8 pm,4–7 pm,,,,
"https://www.google.com/maps/place/Burriss+Consulting,+Inc./data=!4m7!3m6!1s0x8853b9d6bd089d0b:0x2e7be538b7a5a444!8m2!3d49.0138!4d-121.9883!16s%2Fg%2F11lh06kp1c!19sChIJC50Ivda5U4gRRKSltzjley4","Burriss Consulting, Inc.",4.9,9,Business networking company,,,https://www.burrissconsulting.com/,+1 336-283-6121,Closed · Opens 7 am,https://lh3.googleusercontent.com/gps-cs-s/APNQkAHHoPLgeEZ2eoB2jnjf_1WD5k0kDL1VSUIoXUWxsSHsPmahkgZaCytP8Tp3sD05FIk0h7AK4GqZJzouIJ2ps6m8qkZN3qMGzkAQjSW4sY6do7HbxlRQhhVIfumD6iJ08q7YbYt3R8zLM_Pj=w408-h408-k-no,true,"https://www.google.com/maps/search/tree+service+businesses+in+Bermuda+Run+Greensboro+NC/@36.0004956,-80.4267553,14z",2026-04-29T06:30:16.733Z,7 am–5 pm,7 am–5 pm,Closed,Closed,Closed,Closed,7 am–5 pm,LGBTQ+ friendly,,,
https://www.google.com/maps/place/Casey+Creative+Powered+by+Proforma/data=!4m7!3m6!1s0x8853b9b9636e64b7:0x65dc3e17120eeafc!8m2!3d36.06521!4d-80.166178!16s%2Fg%2F11g0g8yggh!19sChIJt2RuY7m5U4gR_OoOEhc-3GU,Casey Creative Powered by Proforma,5.0,32,Promotional products supplier,,,https://caseycreative.us/,+1 703-850-8668,Open 24 hours,https://lh3.googleusercontent.com/gps-cs-s/APNQkAElJfdfaSkYq-CYnyUXalVXeBapgyrmQKR_oLan5sqMKN2sFMlKCBi7R1qDyEtnCrJ8EsktSC3PQFjs8cCLC6g4gSFVGywGAWAcUZIPzAN4-2UyX7WDZ592UVXM4Ns5BKFQM79WcA=w408-h272-k-no,true,"https://www.google.com/maps/search/tree+service+businesses+in+Bermuda+Run+Greensboro+NC/@36.0004956,-80.4267553,14z",2026-04-29T06:30:21.862Z,Open 24 hours,Open 24 hours,Open 24 hours,Open 24 hours,Open 24 hours,Open 24 hours,Open 24 hours,,,,
https://www.google.com/maps/place/Garden+Center+at+Tractor+Supply/data=!4m7!3m6!1s0x8853b93f79cf55a1:0x724aec481de66839!8m2!3d36.021087!4d-80.4058662!16s%2Fg%2F11sv_6g_v1!19sChIJoVXPeT-5U4gROWjmHUjsSnI,Garden Center at Tractor Supply,4.9,42,Garden center,"Thoroughbred Ln #25, Clemmons, NC 27012, United States","2HCV+CM Clemmons, North Carolina, USA",https://www.tractorsupply.com/tsc/services/garden-center-Clemmons-NC-27012-468,+1 336-293-4396,Closed · Opens 8 am,https://lh3.googleusercontent.com/gps-cs-s/APNQkAFEYD7j-Hz66ozyPHhAcZ8bMQrYiCu3ppP4pgZKsS7LMDSiBdoICcfdrWJwcXPorYLYt2WA8E3h3ZtPn4_nz-XuoK5mSrXJnfsKS5IJg8fVHNyDIvlNH6fqtUwu1AV4YEwXa2d0i_pQvWq_=w408-h544-k-no,true,"https://www.google.com/maps/search/tree+service+businesses+in+Bermuda+Run+Greensboro+NC/@36.0004956,-80.4267553,14z",2026-04-29T06:30:26.888Z,8 am–9 pm,8 am–9 pm,8 am–9 pm,8 am–9 pm,9 am–7 pm,8 am–9 pm,8 am–9 pm,,· In-store shopping · In-store pick-up · Delivery,,
"https://www.google.com/maps/place/Castlelights,+Inc./data=!4m7!3m6!1s0x88530567e9fd255d:0xb7f641cb370f0da7!8m2!3d36.0714275!4d-80.233516!16s%2Fg%2F11yp0h_y0k!19sChIJXSX96WcFU4gRpw0PN8tB9rc","Castlelights, Inc.",5.0,22,Landscape lighting designer,,,https://www.castlelights.com/,+1 336-505-4913,Closed · Opens 8 am,https://lh3.googleusercontent.com/gps-cs-s/APNQkAF8JQnKag-2De7_hGvlyRlyKSNqU8OFtM6U33a6Iz4dSYgjbL7EDPhcbhBOtRGg4ROfi24igikyTHxLnZuicCsQu9xRUMTPJn54FBQditdUrSMhRkiNOPUzjSN7E5DnklWlIgXt8JFWss4=w408-h305-k-no,true,"https://www.google.com/maps/search/tree+service+businesses+in+Bermuda+Run+Greensboro+NC/@36.0004956,-80.4267553,14z",2026-04-29T06:30:31.907Z,8 am–6 pm,8 am–6 pm,8 am–6 pm,Closed,Closed,8 am–6 pm,8 am–6 pm,,,,
"https://www.google.com/maps/place/Chamberlain+Landscaping+and+Lawn+Care+inc./@35.861287,-80.3609725,10z/data=!3m1!4b1!4m6!3m5!1s0x8853b9d61ac33c11:0x214a894cb0ed476b!8m2!3d35.861287!4d-80.3609725!16s%2Fg%2F11j8ldnk70",Chamberlain Landscaping and Lawn Care inc.,,,Landscape designer,,,https://chamberlainlawn.com/,+1 336-712-1390,,,true,"https://www.google.com/maps/search/tree+service+businesses+in+Bermuda+Run+Greensboro+NC/@36.0004956,-80.4267553,14z",2026-04-29T06:30:36.318Z,,,,,,,,,,,
https://www.google.com/maps/place/Comet+Bermuda+Run+Apartments/data=!4m7!3m6!1s0x8853b9d8053fafed:0x2ead91836d1975a6!8m2!3d36.0091647!4d-80.4300773!16s%2Fg%2F11fnr7fsc2!19sChIJ7a8_Bdi5U4gRpnUZbYORrS4,Comet Bermuda Run Apartments,4.3,42,Apartment complex,"159 W Kinderton Way, Bermuda Run, NC 27006, United States","2H59+MX Bermuda Run, North Carolina, USA",https://www.cometbermudarun.com/?utm_source=google+local&utm_medium=organic&utm_campaign=website+link+beacon,+1 336-265-0027,Closed · Opens 9 am,https://lh3.googleusercontent.com/gps-cs-s/APNQkAHJ65BD7_xfriYnfJx8pPM2kJ83mHpCGf8DAzO80HLvyHcVkG2zOAZHKf2lLAUBE8y8ix9Y_ukBb0Qjkfe5grkeCMJezYyXZE3YI06r9aYHrdkahgfBnhko4EwzYBFaXNntFvBF=w408-h272-k-no,true,"https://www.google.com/maps/search/tree+service+businesses+in+Bermuda+Run+Greensboro+NC/@36.0004956,-80.4267553,14z",2026-04-29T06:30:41.347Z,9 am–6 pm,9 am–6 pm,9 am–6 pm,10 am–5 pm,Closed,9 am–6 pm,9 am–6 pm,,· Dogs allowed,,
"https://www.google.com/maps/place/Rothrock+Plumbing+Service,+LLC/data=!4m7!3m6!1s0x8853c7833103ed6b:0x551d1e267a7c55a0!8m2!3d35.8960374!4d-80.458355!16s%2Fg%2F11c6v9ztfn!19sChIJa-0DMYPHU4gRoFV8eiYeHVU","Rothrock Plumbing Service, LLC",4.8,35,Plumber,,,http://www.rothrockplumbing.com/,+1 336-409-1633,Closed · Opens 8 am,https://lh3.googleusercontent.com/gps-cs-s/APNQkAGnbxkYOppbAoK1jCUHo1mnuivBse4Euzs577Vs3A4ZfjHGB263pOhKchvLmUG3xHNuNMUFQViLMWCTLdT5RsZE-p_ixzUcK4vHnE2kd23l7H1h23kwllxpY0QuYQ6qqxNbcKI0Pw=w408-h306-k-no,true,"https://www.google.com/maps/search/tree+service+businesses+in+Bermuda+Run+Greensboro+NC/@36.0004956,-80.4267553,14z",2026-04-29T06:30:46.646Z,8 am–5 pm,8 am–5 pm,8 am–5 pm,Closed,Closed,8 am–5 pm,8 am–5 pm,,,,
https://www.google.com/maps/place/Hillsdale+Real+Estate+Group/data=!4m7!3m6!1s0x8853b8f4ff20e419:0x2f2396fa446389c0!8m2!3d36.005165!4d-80.437734!16s%2Fg%2F1261xylxq!19sChIJGeQg__S4U4gRwIljRPqWIy8,Hillsdale Real Estate Group,5.0,59,Real estate agency,"5346 US-158, Bermuda Run, NC 27006, United States","2H46+3W Bermuda Run, North Carolina, USA",https://hillsdaleregroup.com/?utm_source=Next&utm_medium=Google_website,+1 336-998-1967,Closed · Opens 9 am,https://lh3.googleusercontent.com/gps-cs-s/APNQkAFmUVh2jAeO1_Jo3-yYnyTKDQSWXkqGq2qNcHAYDzY8eKBBfnTwM3w21krhi6JU23BocHwKie3V4MAEGHNwWUGqCNsNRe3fqIVjJl76-fc5F5nkYZ53cUmuLo9aC8GdCx7VOfaenvjLIBzH=w408-h326-k-no,true,"https://www.google.com/maps/search/tree+service+businesses+in+Bermuda+Run+Greensboro+NC/@36.0004956,-80.4267553,14z",2026-04-29T06:30:51.522Z,9 am–5 pm,9 am–5 pm,9 am–5 pm,Closed,Closed,9 am–5 pm,9 am–5 pm,Identifies as women-owned,,,
https://www.google.com/maps/place/Wink+Transportation+LLC/data=!4m7!3m6!1s0xaa54f58a7735b7c7:0x96ca22e8bc9f677e!8m2!3d32.5175545!4d-82.738463!16s%2Fg%2F11p6nsw85l!19sChIJx7c1d4r1VKoRfmefvOgiypY,Wink Transportation LLC,5.0,1,Trucking company,,,,+1 336-391-2541,Open 24 hours,https://lh3.googleusercontent.com/gps-cs-s/APNQkAFpJWZ5lraIb4GGReTGImSshMKxrUMfMFPT0P6ZfShyCV_RFDlsBdM9oumV0vWQ-B_vSNrXZZFGihL1mzWmtoz8JmgD4UTv1NWkmrh0xcx4zBZIF6Nh8Qx398ZtupCc5d9TCTqkyw=w408-h337-k-no,true,"https://www.google.com/maps/search/tree+service+businesses+in+Bermuda+Run+Greensboro+NC/@36.0004956,-80.4267553,14z",2026-04-29T06:30:56.497Z,Open 24 hours,Open 24 hours,Open 24 hours,Open 24 hours,Open 24 hours,Open 24 hours,Open 24 hours,,,,
https://www.google.com/maps/place/Steelman%27s+Ace+Hardware/data=!4m7!3m6!1s0x8853b88b3616665d:0x172bf5efc00a65e2!8m2!3d36.006484!4d-80.432991!16s%2Fg%2F1tmpwp93!19sChIJXWYWNou4U4gR4mUKwO_1Kxc,Steelman's Ace Hardware,4.6,163,Hardware store,"5431 US-158, Advance, NC 27006, United States","2H48+HR Advance, North Carolina, USA",http://www.steelmanhardware.com/,+1 336-998-1987,Closed · Opens 7:30 am,https://lh3.googleusercontent.com/gps-cs-s/APNQkAE1Yv9kpZ4uuy6KHfqrxUTHPNVPJ3dSiU2gwAprnU1Wy-HK5b1Qq40OKNGfBTx9BtA8Mje-1Dqu23og0gR1uQ-S_rhaQIwJN_MbpOvSWxv0TYdlWo8a8JZpvvrvtbIbK9bxfvjt=w408-h306-k-no,true,"https://www.google.com/maps/search/tree+service+businesses+in+Bermuda+Run+Greensboro+NC/@36.0004956,-80.4267553,14z",2026-04-29T06:31:01.512Z,7:30 am–7 pm,7:30 am–7 pm,7:30 am–7 pm,8 am–6 pm,Closed,7:30 am–7 pm,7:30 am–7 pm,,"Hardware store stocking household tools, garden supplies, home decor & more. · In-store shopping · In-store pick-up",,
https://www.google.com/maps/place/AAA+Tree+Service/data=!4m7!3m6!1s0x8852d940d845f1eb:0xc8f5bba7ef0e4005!8m2!3d36.2434356!4d-79.6393453!16s%2Fg%2F1tdxlk_0!19sChIJ6_FF2EDZUogRBUAO76e79cg,AAA Tree Service,5.0,5,Tree service,"5749 Chrismon Rd, Browns Summit, NC 27214, United States","69V6+97 Browns Summit, North Carolina, USA",,+1 336-392-4817,Closed · Opens 8 am,https://lh3.googleusercontent.com/gps-cs-s/APNQkAFWbe79Ctw9La7kWAvEgN2mwIKNaLQf3H_OcvQdgb6Aj9MP6emzA1U0z-yl4U9-VRydHBiuapjUJpdqk3uSPYLRuN_R594V97NoA6NMJzbI3VRD5ZlY32rL4jrjETYfwpbhTa6nKg=w408-h306-k-no,true,"https://www.google.com/maps/search/tree+service+businesses+in+Bermuda+Run+Greensboro+NC/@36.0004956,-80.4267553,14z",2026-04-29T06:31:06.296Z,8 am–5 pm,8 am–5 pm,8 am–5 pm,Closed,Closed,8 am–5 pm,8 am–5 pm,,,,
"https://www.google.com/maps/place/Lone+Ranch+Consulting/@36.1075045,-80.2436251,11z/data=!3m1!4b1!4m6!3m5!1s0x8853b9c7c3460dfd:0x82c0d332f6069853!8m2!3d36.1075045!4d-80.243625!16s%2Fg%2F11lr822vcy",Lone Ranch Consulting,,,Marketing consultant,,,,+1 541-254-4706,Open 24 hours,,true,"https://www.google.com/maps/search/tree+service+businesses+in+Bermuda+Run+Greensboro+NC/@36.0004956,-80.4267553,14z",2026-04-29T06:31:13.182Z,Open 24 hours,Open 24 hours,Open 24 hours,Closed,Closed,Open 24 hours,Open 24 hours,,,,
"https://www.google.com/maps/place/Morgan+%26+Grace+Home+Improvement/@35.6529925,-79.451592,9z/data=!3m1!4b1!4m6!3m5!1s0x499a778f059b3fd9:0xc881824922a91a27!8m2!3d35.6529925!4d-79.451592!16s%2Fg%2F11jygs62x4",Morgan & Grace Home Improvement,,,Handyman/Handywoman/Handyperson,,,https://morgangracehomes.com/,+1 919-366-7071,Closed · Opens 8 am,,true,"https://www.google.com/maps/search/tree+service+businesses+in+Bermuda+Run+Greensboro+NC/@36.0004956,-80.4267553,14z",2026-04-29T06:31:19.798Z,8 am–5 pm,8 am–5 pm,8 am–5 pm,Closed,Closed,8 am–5 pm,8 am–5 pm,,,,
https://www.google.com/maps/place/Mr+AV+Solutions/data=!4m7!3m6!1s0x8853b948116aebd9:0x326619390c929c37!8m2!3d35.9155655!4d-80.278503!16s%2Fg%2F11qm3875fp!19sChIJ2etqEUi5U4gRN5ySDDkZZjI,Mr AV Solutions,5.0,66,Home theater store,,,,+1 336-901-8151,Closed · Opens 8 am,https://lh3.googleusercontent.com/gps-cs-s/APNQkAEoq8N9aDFisiVk0Ih8KnRA9ADHaO8yYWRAMl6Jcxrm8Y-K6g78NoJbm8Llk1j_4Sffu5J7B3ZHUDrU-sxg6dQXCsA9dBoOmaOtPhhhz7RGADJnleLQTJtqk3m_BJloFxE3RAND=w408-h306-k-no,true,"https://www.google.com/maps/search/tree+service+businesses+in+Bermuda+Run+Greensboro+NC/@36.0004956,-80.4267553,14z",2026-04-29T06:31:24.465Z,8 am–7 pm,8 am–7 pm,8 am–7 pm,Closed,Closed,8 am–7 pm,8 am–7 pm,,· Delivery,,
https://www.google.com/maps/place/Davis%27s+Custom+Catering/data=!4m7!3m6!1s0x8853b92c15be56db:0x4b813bc5ec8a8561!8m2!3d46.423669!4d-129.9427086!16s%2Fg%2F11ypxp3fjj!19sChIJ21a-FSy5U4gRYYWK7MU7gUs,Davis's Custom Catering,5.0,3,Cooking class,,,https://www.daviscustomcatering.com/,+1 336-960-0274,Closed · Opens 9 am,https://lh3.googleusercontent.com/gps-cs-s/APNQkAFh1pjmdI8H7gfYX3enU8OH3OrXBbOUka2YJpPWw3cAOyv4J5WakxyJ8QkABUFZ8vSNUnxqFXMQy1d1cMCWgqAxzXVdKaeG38fbC3jPpJMzBzyOPrHjzLpKqg8YCpxxj1vyoVBvt-NmqT9t=w408-h306-k-no,true,"https://www.google.com/maps/search/tree+service+businesses+in+Bermuda+Run+Greensboro+NC/@36.0004956,-80.4267553,14z",2026-04-29T06:31:29.130Z,9 am–5 pm,9 am–5 pm,9 am–5 pm,9 am–5 pm,Closed,9 am–5 pm,9 am–5 pm,,,,
https://www.google.com/maps/place/Nicchio+%26+Sons+Plumbing+LLC/data=!4m7!3m6!1s0x8853b9acf3cf9635:0xea394117e5d468c2!8m2!3d35.8828279!4d-80.120117!16s%2Fg%2F11h4s48bp0!19sChIJNZbP86y5U4gRwmjU5RdBOeo,Nicchio & Sons Plumbing LLC,5.0,54,Plumber,,,http://www.thetriadplumber.com/,+1 336-894-7610,Closed · Opens 6 am,https://lh3.googleusercontent.com/gps-cs-s/APNQkAHaq6dZviUJFsIFhFRdxg9Jl0RcREhsTSKs3s3-wmaea15dk37CnvdoOnPPUas6986HkywQxSD0cx_aPjUDBQ61d09M24lwA12Ct-bN66pqKppaLODgXlgJKsw2S43gecJCEEvM=w408-h544-k-no,true,"https://www.google.com/maps/search/tree+service+businesses+in+Bermuda+Run+Greensboro+NC/@36.0004956,-80.4267553,14z",2026-04-29T06:31:34.187Z,6 am–11 pm,6 am–11 pm,6 am–11 pm,6 am–11 pm,6 am–11 pm,6 am–11 pm,6 am–11 pm,,,,
https://www.google.com/maps/place/Hampton+Inn+Bermuda+Run+Winston-Salem/data=!4m10!3m9!1s0x8853b889a93351c1:0x869aa61dd4afb9a!5m2!4m1!1i2!8m2!3d36.0094752!4d-80.4409236!16s%2Fg%2F1vg_dkm9!19sChIJwVEzqYm4U4gRmvtK3WGqaQg,Hampton Inn Bermuda Run Winston-Salem,4.2,817,,"196 NC-801, Bermuda Run, NC 27006, United States","2H55+QJ Bermuda Run, North Carolina, USA",https://www.hilton.com/en/hotels/intbrhx-hampton-bermuda-run-winston-salem/?SEO_id=GMB-AMER-HX-INTBRHX&y_source=1_MjA4MjgxNS03MTUtbG9jYXRpb24ud2Vic2l0ZQ%3D%3D,+1 336-998-3480,,https://lh3.googleusercontent.com/gps-cs-s/APNQkAFMsn29S9CKfrtJb2G5AvLXqQ-26-3ok6h7d9c35ChCbYouY4JNr0ppszTU7-nFAShS1ZN5qr_z9_x4tVWjcSNA4QmDMFJ0cHDaK4QynCL4Ceq8WWh7xKdxhQnZox2akQxyH6W6U7wLbHu-=w408-h272-k-no,true,"https://www.google.com/maps/search/tree+service+businesses+in+Bermuda+Run+Greensboro+NC/@36.0004956,-80.4267553,14z",2026-04-29T06:31:37.393Z,,,,,,,,,,,
https://www.google.com/maps/place/Fellowship+Property+Services/data=!4m7!3m6!1s0x62817f313aaa973:0x70646985ecc5ae55!8m2!3d35.910308!4d-80.4335201!16s%2Fg%2F11xt1bx5_h!19sChIJc6mqE_MXKAYRVa7F7IVpZHA,Fellowship Property Services,5.0,27,Junk removal service,,,https://www.fellowshippropertyservices.com/,+1 336-941-1824,Open 24 hours,https://lh3.googleusercontent.com/gps-cs-s/APNQkAE5qltPMEuqSMlpcKPi85V-I7cHbW8JSP8ypVYzNpKVQaen_ZTJswLXgWuBrfWB3UmKyq-RWmmUrWCUwvmFxRO-yizWg3cUDhNgBOobT0FAp5ffJn9aTL_vVdAvAUL2I5ikAUIAyMTLtpBn=w426-h240-k-no,true,"https://www.google.com/maps/search/tree+service+businesses+in+Bermuda+Run+Greensboro+NC/@36.0004956,-80.4267553,14z",2026-04-29T06:31:42.374Z,Open 24 hours,Open 24 hours,Open 24 hours,Open 24 hours,Open 24 hours,Open 24 hours,Open 24 hours,,,,
"https://www.google.com/maps/place/Lewis%E2%80%99s+Contracting/@46.423669,-129.9427085,3z/data=!3m1!4b1!4m6!3m5!1s0x5534c54794bb54bb:0x764a68c17abe7df5!8m2!3d46.423669!4d-129.9427086!16s%2Fg%2F11jmzhqdd5",Lewis’s Contracting,,,Contractor,,,,+1 336-287-3977,Closed · Opens 8 am,,true,"https://www.google.com/maps/search/tree+service+businesses+in+Bermuda+Run+Greensboro+NC/@36.0004956,-80.4267553,14z",2026-04-29T06:31:48.946Z,8 am–12 am,8 am–12 am,8 am–12 am,8 am–12 am,8 am–12 am,8 am–12 am,8 am–12 am,,,,
https://www.google.com/maps/place/Shannon+%26+Son%27s+Tree+Service/data=!4m7!3m6!1s0x8853dabaf4bb8829:0x4f4d89687c320dc6!8m2!3d36.0573387!4d-80.6467361!16s%2Fg%2F11dxkh4fq1!19sChIJKYi79LraU4gRxg0yfGiJTU8,Shannon & Son's Tree Service,4.7,21,Tree service,"3121 Chinquapin Rd, Yadkinville, NC 27055, United States","3943+W8 Yadkinville, North Carolina, USA",https://shannonandsonstree.com/,+1 336-244-2633,Open 24 hours,https://lh3.googleusercontent.com/gps-cs-s/APNQkAGqgEvf9S-WGuK78ioHLr50BkUtmPV6A_dkxxdTRpAIBHQ9BDUMAoS-NArf6t-pIJJcK-F-AHIQ9FJYPpEgxv7opQR7z9HpaeZNBGajmQSXOaXgp1ItSlRmVG1tZbwpf9Zjgn2v=w426-h240-k-no,true,"https://www.google.com/maps/search/tree+service+businesses+in+Bermuda+Run+Greensboro+NC/@36.0004956,-80.4267553,14z",2026-04-29T06:31:54.342Z,Open 24 hours,Open 24 hours,Open 24 hours,Open 24 hours,Closed,Open 24 hours,Open 24 hours,,,,
https://www.google.com/maps/place/Tractor+Supply+Co./data=!4m7!3m6!1s0x8853b9ebafd7cd39:0x434bf9905e1e5cee!8m2!3d36.0208722!4d-80.4060084!16s%2Fg%2F1tfrbwrr!19sChIJOc3Xr-u5U4gR7lweXpD5S0M,Tractor Supply Co.,4.4,382,Animal feed store,"7325 Thoroughbred Ln, Clemmons, NC 27012, United States","2HCV+8H Clemmons, North Carolina, USA",https://www.tractorsupply.com/tsc/store_Clemmons-NC-27012_468,+1 336-293-4396,"Closed · Opens 8 am

Updated by this business 2 weeks ago",https://lh3.googleusercontent.com/gps-cs-s/APNQkAFb7uAGpLyuxh17LH1kP8BbbXcCDqC9a93LhUCRpsX_SG26ewWit2C_G98-ap6nTwh6UgHGFS09axXnzW-arodrF0WUuYMJvms699fbwUswqn5Ve6nYjL5HNOO0Tkt6Nr2vJV4=w408-h306-k-no,true,"https://www.google.com/maps/search/tree+service+businesses+in+Bermuda+Run+Greensboro+NC/@36.0004956,-80.4267553,14z",2026-04-29T06:32:00.439Z,8 am–9 pm,8 am–9 pm,8 am–9 pm,8 am–9 pm,9 am–7 pm,8 am–9 pm,8 am–9 pm,,"Chain with a wide variety of agricultural & livestock supplies, plus tools, workwear & boots. · In-store shopping · Kerbside pickup · Delivery",,
https://www.google.com/maps/place/Royal+Renovations+LLC/data=!4m7!3m6!1s0x2246a48ac7c0652d:0x4a254aff976cc41a!8m2!3d36.0062305!4d-80.3957652!16s%2Fg%2F11l1yk6zr0!19sChIJLWXAx4qkRiIRGsRsl_9KJUo,Royal Renovations LLC,5.0,8,Construction company,"606 Ravenhill Ct, Clemmons, NC 27012, United States","2J43+FM Clemmons, North Carolina, USA",http://royalrenovationsllc.co/,+1 336-480-6086,Closed · Opens 8 am,https://lh3.googleusercontent.com/gps-cs-s/APNQkAExJB4LMBMr4zuJS9zctCR7X89thjSWJSiW3zbuQSi3BFsMBC-8os0Qqssw6zT6bvqbKtSRL5ZMMZQjBTtpPyPQ-nb8Wpl-kluiJp4FGNp2fyLbuEPkYgEZm4buwbtso91qB1Hb=w408-h544-k-no,true,"https://www.google.com/maps/search/tree+service+businesses+in+Bermuda+Run+Greensboro+NC/@36.0004956,-80.4267553,14z",2026-04-29T06:32:05.871Z,8 am–5 pm,8 am–5 pm,8 am–5 pm,Closed,Closed,8 am–5 pm,8 am–5 pm,,,,
https://www.google.com/maps/place/Jordan%E2%80%99s+Exterior+Cleaning/data=!4m7!3m6!1s0x8853c7009ea232bb:0xae7d0da4dd01fb6f!8m2!3d35.9666804!4d-80.4923951!16s%2Fg%2F11q1pj4lws!19sChIJuzKingDHU4gRb_sB3aQNfa4,Jordan’s Exterior Cleaning,5.0,245,Pressure washing service,,,http://www.jordanspressurewash.com/,+1 336-671-6887,Closed · Opens 8 am,https://lh3.googleusercontent.com/gps-cs-s/APNQkAHhHJXKyrJkhG17JIyQK2Twr5Qhlw4zZI3Z-5TWdk4aW4dR865U1jU0-7hBKAX-O9ID35SttQ_0sfX2vDTZyVBMeSCxl0GbEORb2mXlNRFyFpPdCaq0Lw1s83IROCJMWTB01y44X3Q09sU8=w408-h544-k-no,true,"https://www.google.com/maps/search/tree+service+businesses+in+Bermuda+Run+Greensboro+NC/@36.0004956,-80.4267553,14z",2026-04-29T06:32:10.984Z,8 am–8 pm,8 am–7 pm,8 am–7 pm,9 am–7 pm,9 am–5 pm,9 am–8 pm,8 am–7 pm,,,,
https://www.google.com/maps/place/Tanglewood+Park/data=!4m7!3m6!1s0x8853b90089b15917:0xc0a256eee1c10d6!8m2!3d36.0164448!4d-80.4111652!16zL20vMGRfMWJw!19sChIJF1mxiQC5U4gR1hAc7m4lCgw,Tanglewood Park,4.7,4446,Park,"4061 Clemmons Rd, Clemmons, NC 27012, United States","2H8Q+HG Clemmons, North Carolina, USA",https://www.forsyth.cc/parks/tanglewood/,+1 336-703-6400,Closed · Opens 7 am,https://lh3.googleusercontent.com/gps-cs-s/APNQkAGT7qaR7H3rVYaCaYJnpt9nPOXepJs4J5crLAYniBwzhEbJ5oNkEAPqIJNtGZPJFwFxNk9J0ePnG8TWSIoQ5ZU9k60Ci8xthXPh-zS_2UjB8gBf6xjZzVNyxY0tbyX_-W-MbPKB=w408-h272-k-no,true,"https://www.google.com/maps/search/tree+service+businesses+in+Bermuda+Run+Greensboro+NC/@36.0004956,-80.4267553,14z",2026-04-29T06:32:16.295Z,7 am–6 pm,7 am–6 pm,7 am–6 pm,7 am–6 pm,7 am–6 pm,7 am–6 pm,7 am–6 pm,,"County park with gardens, golf course, fishing lake, riding stables, BMX race course, trails & more. · Dogs allowed",,
https://www.google.com/maps/place/Jordan%27s+Exterior+Cleaning/data=!4m7!3m6!1s0x8853b9a63c42c3f9:0x71658c74c0184cd0!8m2!3d35.169321!4d-81.8957144!16s%2Fg%2F11c6vw4zgg!19sChIJ-cNCPKa5U4gR0EwYwHSMZXE,Jordan's Exterior Cleaning,5.0,105,Pressure washing service,,,https://www.jordanspressurewash.com/,+1 336-849-5080,Closed · Opens 8 am,https://lh3.googleusercontent.com/gps-cs-s/APNQkAFYX5LwFkVZYgz723zhmX94GA_fftBX5EwJ_jE5VRqO132HJTsQNlWQWFXg5ctBoBxtPAj5TAdPLII2AxNsQ4_3-xBw8SuQeZeSIjdcMPETsivS1I7kX7rgKk4pu9PL-3mQwB_mIPVaEgEy=w408-h299-k-no,true,"https://www.google.com/maps/search/tree+service+businesses+in+Bermuda+Run+Greensboro+NC/@36.0004956,-80.4267553,14z",2026-04-29T06:32:21.408Z,8 am–6 pm,8 am–6 pm,8 am–6 pm,8 am–6 pm,Closed,8 am–6 pm,8 am–6 pm,,,,
https://www.google.com/maps/place/QD+Design+Homes+LLC/data=!4m7!3m6!1s0x8853b89638fdad29:0x58af8d75c4cea8e!8m2!3d36.609445!4d-79.744128!16s%2Fg%2F11bv33hmd9!19sChIJKa39OJa4U4gRjupMXNf4igU,QD Design Homes LLC,,,Cabinet maker,,,http://qddesignllc.com/,+1 336-918-4503,Closed · Opens 7 am,https://lh3.googleusercontent.com/gps-cs-s/APNQkAHik1Q740ubJBkd-dkRJj9b4dh6j9FRfSPmrzIVAJBBEUyUmkQjl_QzfBvx0IorCNV5gLkXY5pnClIbb-PYZwRwohuwpFfhHFpUcx6Dn_pGiMIuHjnmsshW9LtsoF_Yl22Gde0=w426-h240-k-no,true,"https://www.google.com/maps/search/tree+service+businesses+in+Bermuda+Run+Greensboro+NC/@36.0004956,-80.4267553,14z",2026-04-29T06:32:26.049Z,7 am–8 pm,7 am–8 pm,7 am–8 pm,7 am–8 pm,7 am–8 pm,7 am–8 pm,7 am–8 pm,,,,
https://www.google.com/maps/place/Premier+Realty+Property+Management/data=!4m7!3m6!1s0x8cfc477fd7b9be5:0x5ae7c09467d7f2b2!8m2!3d36.0008702!4d-80.4370201!16s%2Fg%2F11ss00dmy7!19sChIJ5Zt7_XfEzwgRsvLXZ5TA51o,Premier Realty Property Management,5.0,47,Property management company,"228 NC-801 Suite B, Advance, NC 27006, United States","2H27+85 Advance, North Carolina, USA",https://www.pre4urentals.com/,+1 336-998-9345,Open 24 hours,https://lh3.googleusercontent.com/gps-cs-s/APNQkAGWvFO2q-olMdqIpxP1IF1JIKeHDGvJKtCKCLriy5Dt1-8MUtMUZleYEQ6KAYp4ZffgEteEqd6SZkLqy49siaxKd88zBvlnYcTqpl9pKYPBtb3yUbTXo7gdXPHcaJu-YMVlhVxv=w408-h544-k-no,true,"https://www.google.com/maps/search/tree+service+businesses+in+Bermuda+Run+Greensboro+NC/@36.0004956,-80.4267553,14z",2026-04-29T06:32:30.855Z,Open 24 hours,Open 24 hours,Open 24 hours,Open 24 hours,Open 24 hours,Open 24 hours,Open 24 hours,LGBTQ+ friendly,,,
https://www.google.com/maps/place/PRAIR+Heating+and+Air+Conditioning/data=!4m7!3m6!1s0x8f2da073d3aa30bd:0x1ff76af2b4b1c5ee!8m2!3d35.649199!4d-80.3101184!16s%2Fg%2F11q2_7vfwc!19sChIJvTCq03OgLY8R7sWxtPJq9x8,PRAIR Heating and Air Conditioning,5.0,88,HVAC contractor,,,https://prairhvac.com/,+1 704-642-5180,Closed · Opens 7 am,https://lh3.googleusercontent.com/gps-cs-s/APNQkAFeAEYI9a628NhG0F9ZxQnsse3XGTKbNEAr0CHMP5mH4wCKg07xnukNJiK22NTg092lj_xspektBT3w8HUAYm-fjeMQsF0BD0zbQpxTImfihWOVincUhAqCqXym0XIk2bkd2WYc=w408-h306-k-no,true,"https://www.google.com/maps/search/tree+service+businesses+in+Bermuda+Run+Greensboro+NC/@36.0004956,-80.4267553,14z",2026-04-29T06:32:35.675Z,7 am–8 pm,7 am–8 pm,7 am–8 pm,7 am–5 pm,Closed,7 am–8 pm,7 am–8 pm,,,,
https://www.google.com/maps/place/The+Intent+Weddings+%26+Events/data=!4m7!3m6!1s0x2275e7d21f2cb6a1:0x8b7d1673334f225a!8m2!3d35.6359894!4d-80.3101184!16s%2Fg%2F11kq64s28d!19sChIJobYsH9LndSIRWiJPM3MWfYs,The Intent Weddings & Events,5.0,64,Event planner,,,http://www.theintentevents.com/,,,https://lh3.googleusercontent.com/gps-cs-s/APNQkAFzmkvRanq8U3dz0YV-Zv0G3L2aNq-9LKXoluOmDARdMColJVFP5Xu5RVxEwNvZ7L9y0Ewq4HNjpOdI9spRNma264FobmDWCLf9v17wRPhK4NUMxbOwUhT75MKpq58IkYVZjz8J=w408-h272-k-no,true,"https://www.google.com/maps/search/tree+service+businesses+in+Bermuda+Run+Greensboro+NC/@36.0004956,-80.4267553,14z",2026-04-29T06:32:38.453Z,,,,,,,,,,,
https://www.google.com/maps/place/Jerry+McRae+Concrete/data=!4m7!3m6!1s0x8853b8f25206ba41:0xd61f0fa9cc32db7b!8m2!3d35.8865004!4d-80.3886455!16s%2Fg%2F11b7xx1zs1!19sChIJQboGUvK4U4gRe9syzKkPH9Y,Jerry McRae Concrete,4.8,59,Concrete contractor,,,,+1 336-293-3337,Closed · Opens 6 am,https://lh3.googleusercontent.com/gps-cs-s/APNQkAFuCHlU7miytLO5MqiDAZWQrf-60aER-cGkJuoTPz6O253qcyQOkM2jp9pO4xS1iAQOJhOevQiZ2vcOr7lN1B1M4kgbpBUHSw6nT13eTrVWDvSGNrgo06RHtY2fIIl6x5Gb6Y1C=w408-h544-k-no,true,"https://www.google.com/maps/search/tree+service+businesses+in+Bermuda+Run+Greensboro+NC/@36.0004956,-80.4267553,14z",2026-04-29T06:32:43.592Z,6 am–6:30 pm,6 am–6:30 pm,6 am–6:30 pm,6 am–6:30 pm,11 am–5 pm,6 am–6 pm,6 am–6:30 pm,,,,
https://www.google.com/maps/place/Blalock+Bookkeeping+and+Consulting/data=!4m7!3m6!1s0xc3d035d50f02f29:0xcbdafa83ec4bb7fc!8m2!3d35.1705075!4d-79.86097!16s%2Fg%2F11y8mn8993!19sChIJKS_wUF0DPQwR_LdL7IP62ss,Blalock Bookkeeping and Consulting,5.0,1,Bookkeeping service,,,https://www.blalockbookkeeping.com/,+1 336-941-7728,,https://lh3.googleusercontent.com/gps-cs-s/APNQkAFhmuSoKY-tjjfUVEYcOGhdPE5srtErIXEXpr_2ZQQYMMh81bKIXUCd8IL89i8aLXOcSo0mYEbeRge1Fs56f0xk1fOtWhgWMx_0ZvBa-Y8y6IS8mc0j1i8B4MjzcOqPf-M9YyEs8g=w408-h326-k-no,true,"https://www.google.com/maps/search/tree+service+businesses+in+Bermuda+Run+Greensboro+NC/@36.0004956,-80.4267553,14z",2026-04-29T06:32:46.110Z,,,,,,,,,,,
https://www.google.com/maps/place/Jetco+Septic+Service/data=!4m7!3m6!1s0x885300c85d178981:0xe96b7b32ed55dd8!8m2!3d36.0188615!4d-80.111669!16s%2Fg%2F1vbnq32p!19sChIJgYkXXcgAU4gR2F3VLrO3lg4,Jetco Septic Service,4.8,28,Septic system service,,,http://jetcosepticservice.com/,+1 336-766-0880,Closed · Opens 8 am,https://lh3.googleusercontent.com/gps-cs-s/APNQkAGmR4agLg6JsnNB4wjqC0URgrzBhE1erRCkbT044xwvlR0u9mUVK0zuK1MPWIFsvjHs1iIJA_bs5bSw2J9eRydxd7gcyohyIUpG6trKiyiM5l8FfqEC_c6P1tcIQ-m3Jz0m4pP1=w426-h240-k-no,true,"https://www.google.com/maps/search/tree+service+businesses+in+Bermuda+Run+Greensboro+NC/@36.0004956,-80.4267553,14z",2026-04-29T06:32:50.831Z,8 am–5 pm,8 am–5 pm,8 am–5 pm,Closed,Closed,8 am–5 pm,8 am–5 pm,,,,
https://www.google.com/maps/place/Darren+Burke+Construction+Co+Inc/data=!4m7!3m6!1s0x2a5844b8cc3570c3:0xce357a3dfdf051fe!8m2!3d36.0418904!4d-80.3568955!16s%2Fg%2F11mdsypptg!19sChIJw3A1zLhEWCoR_lHw_T16Nc4,Darren Burke Construction Co Inc,,,Custom home builder,,,https://dburkehomes.com/,+1 336-399-6541,,https://lh3.googleusercontent.com/gps-cs-s/APNQkAFCVqeuiXbTzKcJZl5xkRPOTu1Zjn-cALDO8uH81AdESh3MgZ7JF9YAxktTvUQWBVLjUesPngT9AJ2s0FOhBXqRVI3wES7AMMa38UZzHgfTKi3W5Ll69c31eKiS3v4j5DI6_eWXbF1PF983=w408-h270-k-no,true,"https://www.google.com/maps/search/tree+service+businesses+in+Bermuda+Run+Greensboro+NC/@36.0004956,-80.4267553,14z",2026-04-29T06:32:53.330Z,,,,,,,,,,,
https://www.google.com/maps/place/WordJack+Media/data=!4m7!3m6!1s0x8853c73c62b4008f:0x1c1f6e7b09c2183d!8m2!3d35.1705075!4d-79.86097!16s%2Fg%2F11dymljfqv!19sChIJjwC0YjzHU4gRPRjCCXtuHxw,WordJack Media,5.0,10,Internet marketing service,,,https://wordjack.com/,+1 877-877-1306,Closed · Opens 8:30 am,https://lh3.googleusercontent.com/gps-cs-s/APNQkAEpG2UABKutQcvkvoTCJnovyaNUmQUgdZ9vPJ-sImO1VRe7QAJm0vUIgrWDbOwvjYR3f2fiYDMmityWVEKEHlYJR2AKdah_TdeZzbhLbGGPwzFD35y6wfgFmVIuJtJ-x7-Nk64Tyg=w408-h271-k-no,true,"https://www.google.com/maps/search/tree+service+businesses+in+Bermuda+Run+Greensboro+NC/@36.0004956,-80.4267553,14z",2026-04-29T06:32:57.896Z,8:30 am–5 pm,8:30 am–5 pm,8:30 am–5 pm,Closed,Closed,8:30 am–5 pm,8:30 am–5 pm,,,,
https://www.google.com/maps/place/Five+Star+Davie/data=!4m7!3m6!1s0x65078a76e2f88351:0xde5e209e76dca11e!8m2!3d35.9107895!4d-80.5301146!16s%2Fg%2F11z3_0zy33!19sChIJUYP44naKB2URHqHcdp4gXt4,Five Star Davie,,,Marketing agency,,,https://fivestardavie.com/,,Closed · Opens 8 am,https://lh3.googleusercontent.com/gps-cs-s/APNQkAEdrejil3cMp8OQJ0MAJ0oPAjA26I4MDctxv2wZvs9frqtcmC8enoGgM42SVQqYcioOgImSa8v_Ywf0iXjy3PIWvQ3BmYcpUwVn-7qx_fIa_VdAMu5EWHaGaNO1i3atcagK5xYigy1LpaFu=w480-h240-k-no,true,"https://www.google.com/maps/search/tree+service+businesses+in+Bermuda+Run+Greensboro+NC/@36.0004956,-80.4267553,14z",2026-04-29T06:33:02.686Z,8 am–4 pm,8 am–4 pm,8 am–4 pm,Closed,Closed,8 am–4 pm,8 am–4 pm,,,,
https://www.google.com/maps/place/Fatherree+%26+Sons+Mobile+RV+Repair+NC/data=!4m7!3m6!1s0x8853c77e05a38b07:0x1afea9970a3a3fa7!8m2!3d35.1705075!4d-79.86097!16s%2Fg%2F11c1l9tqgg!19sChIJB4ujBX7HU4gRpz86Cpep_ho,Fatherree & Sons Mobile RV Repair NC,4.8,66,RV supply store,,,http://fatherreeandsonsrvrepair.com/,+1 336-777-6911,Closed · Opens 9 am,https://lh3.googleusercontent.com/gps-cs-s/APNQkAFivQUZseyQP35JNK3IbRce7IKGlaKQjRNQYQkCLtq6M0s4mvfOuczr0ICQ-zvd51FFi51tjfBE2YorbjH6TOySRvlm_8Uguv8wzC7JzFgk6uuDQ896eUMdhEHEaHtth-5wCPmP=w427-h240-k-no,true,"https://www.google.com/maps/search/tree+service+businesses+in+Bermuda+Run+Greensboro+NC/@36.0004956,-80.4267553,14z",2026-04-29T06:33:07.769Z,9 am–5 pm,9 am–5 pm,9 am–5 pm,Closed,Closed,9 am–5 pm,9 am–5 pm,LGBTQ+ friendly,,,
https://www.google.com/maps/place/A+Southern+Breeze/data=!4m7!3m6!1s0x8853ba78eb73b7f1:0xf2ab0d407c17a0d8!8m2!3d35.9837519!4d-80.414754!16s%2Fg%2F1tdzm7y7!19sChIJ8bdz63i6U4gR2KAXfEANq_I,A Southern Breeze,4.7,10,Air conditioning contractor,,,,+1 336-766-3563,Closed · Opens 8 am,https://lh3.googleusercontent.com/gps-cs-s/APNQkAGn9973Mws5QTBTpx00oqOQihDuqa1g7Gy7MS_apuyPFt-j52DF_MSSE4KyubzbBPG-kOi2F016n0KIzEsx19-7bTiXaTqAv__X5DIZqJ6cXylwf6kdqFTmV5Wcn-bniYyr3QK6gg=w408-h516-k-no,true,"https://www.google.com/maps/search/tree+service+businesses+in+Bermuda+Run+Greensboro+NC/@36.0004956,-80.4267553,14z",2026-04-29T06:33:12.509Z,8 am–5 pm,8 am–5 pm,8 am–5 pm,Closed,Closed,8 am–5 pm,8 am–5 pm,,,,
"https://www.google.com/maps/place/Nova/@35.1705075,-79.86097,7z/data=!3m1!4b1!4m6!3m5!1s0xc5325fbe51262d1:0xb992cf0238696298!8m2!3d35.1705075!4d-79.86097!16s%2Fg%2F11kptjpdqz",Nova,,,Gift shop,,,,+1 929-356-5461,Open 24 hours,,true,"https://www.google.com/maps/search/tree+service+businesses+in+Bermuda+Run+Greensboro+NC/@36.0004956,-80.4267553,14z",2026-04-29T06:33:19.197Z,Open 24 hours,Open 24 hours,Open 24 hours,Open 24 hours,Closed,Open 24 hours,Open 24 hours,,,,
https://www.google.com/maps/place/HoneyFace+Wax+%26+Skincare/data=!4m7!3m6!1s0x8853b97372c76883:0x8b8793ff9c87818a!8m2!3d36.0288451!4d-80.3842838!16s%2Fg%2F11fkz0lsht!19sChIJg2jHcnO5U4gRioGHnP-Th4s,HoneyFace Wax & Skincare,5.0,135,Waxing hair removal service,"2511 Neudorf Rd STE A, Clemmons, NC 27012, United States","2JH8+G7 Clemmons, North Carolina, USA",http://honeyfacewax.com/,+1 336-842-3691,Closed · Opens 10 am,https://lh3.googleusercontent.com/gps-cs-s/APNQkAGCy9rDwFK705KEYF4aw9E-LUvd1er2Y8cNVVb1G_bEjSgeXOvcSTKML1t2TfSEhUIXCYX6fETtqa_n_i6QONR6Ji_ubf4sSemS_s1-ImRlTu_2MxVKQ_hSMCdN05N7dCDXLJH9jxdIDRhN=w408-h543-k-no,true,"https://www.google.com/maps/search/tree+service+businesses+in+Bermuda+Run+Greensboro+NC/@36.0004956,-80.4267553,14z",2026-04-29T06:33:24.083Z,10 am–6 pm,10 am–6 pm,10 am–6 pm,10 am–2 pm,Closed,Closed,10 am–4 pm,Identifies as women-owned,,,
,,,,,,,,,,,,"https://www.google.com/maps/search/tree+service+businesses+in+Latham+Park+Greensboro+NC/@36.0907855,-79.7918487,14z",2026-04-29T06:34:01.648Z,,,,,,,,,,,No new results found
https://www.google.com/maps/place/Deep+Roots+Market/data=!4m7!3m6!1s0x88531bb98cdafa23:0xf36f52e63359b581!8m2!3d36.0795308!4d-79.7933511!16s%2Fg%2F1hm5c7699!19sChIJI_rajLkbU4gRgbVZM-ZSb_M,Deep Roots Market,4.7,900,Grocery store,"600 N Eugene St, Greensboro, NC 27401, United States","36H4+RM Greensboro, North Carolina, USA",https://www.deeprootsmarket.com/,+1 336-292-9216,Closed · Opens 8 am,https://lh3.googleusercontent.com/gps-cs-s/APNQkAFSTblU5fxu17nWWa8VqjCmSI2pn5SfOkcjtrxLbvDwd2miRih9AfUlyiZgSBhOV5DzAj1HuBKhFZgiShLaGJlsb_vQiO4pvFu7TnF6iLuv1ltTjhoiMBxnlUhPOL3YrcaGFG_cyFYBMpeO=w426-h240-k-no,true,"https://www.google.com/maps/search/tree+service+businesses+in+Downtown+Greensboro+NC/@36.0734222,-79.7932499,14z",2026-04-29T06:34:30.281Z,8 am–9 pm,8 am–9 pm,8 am–9 pm,8 am–9 pm,8 am–9 pm,8 am–9 pm,8 am–9 pm,LGBTQ+ friendly,· In-store shopping · Delivery,,
https://www.google.com/maps/place/The+Corner+Farmers+Market/data=!4m7!3m6!1s0x8853195fe80bd573:0x5ac30ccf9668dc49!8m2!3d36.0738713!4d-79.8195255!16s%2Fg%2F11bw5xxn0r!19sChIJc9UL6F8ZU4gRSdxols8Mw1o,The Corner Farmers Market,4.9,215,Farmers' market,"2105 W Market St, Greensboro, NC 27403, United States","35FJ+G5 Greensboro, North Carolina, USA",http://www.cornermarketgso.com/,,Closed · Opens 8 am Sat,https://lh3.googleusercontent.com/gps-cs-s/APNQkAFIxZnyIkpPEN3syFrG4sWVk_BrBgWAYQD-o3GraUus4G8ho4c7j1tJJL9SiQLbrIoW965duXrN7-lLN8FFWbs_r_hEGu3Jt2N787xkfxPNxTOJeUd1d_d69a7g0goMat-ldZOE=w408-h306-k-no,true,"https://www.google.com/maps/search/tree+service+businesses+in+Greensboro+Greensboro+NC/@36.0725632,-79.791534,14z",2026-04-29T06:35:07.122Z,Closed,Closed,Closed,8 am–12 pm,Closed,Closed,Closed,,· Dogs allowed,,
https://www.google.com/maps/place/Green+Tree+Service+-+Greensboro/data=!4m7!3m6!1s0x885319bd7f4e3e3f:0x4415698582b588e1!8m2!3d36.0237955!4d-79.3832349!16s%2Fg%2F11h714_v9_!19sChIJPz5Of70ZU4gR4Yi1goVpFUQ,Green Tree Service - Greensboro,5.0,1,Tree service,,,,+1 336-738-8329,,https://lh3.googleusercontent.com/gps-cs-s/APNQkAGyjSr7McfTTiueTQw5sKksv1ND0hWPUIrgNNBXrw7Psil7hIsdjwPS3BL3mAqyIuE1-nMmdPzO7tNoSh4n75O_IiPcp43mGs3t3Y_f5VL2k3agg7-jPB-3x86kOlnhgMGLXG4=w408-h272-k-no,true,"https://www.google.com/maps/search/tree+service+businesses+in+Glenwood+Greensboro+NC/@36.0587194,-79.810063,14z",2026-04-29T06:35:38.107Z,,,,,,,,Identifies as veteran-owned,,,