placeUrl,title,rating,reviewCount,category,address,plusCode,website,phoneNumber,currentStatus,info,imgUrl,isClaimed,wednesday,thursday,friday,saturday,sunday,monday,tuesday,query,timestamp,attributes,isBlackOwned,error
https://www.google.com/maps/place/Ramon%E2%80%99s+Tree+Service/data=!4m7!3m6!1s0x4b4bdbd0d8dd3685:0xf5a338e12c2a4838!8m2!3d34.3172049!4d-78.2482875!16s%2Fg%2F11vrhbwf_n!19sChIJhTbd2NDbS0sROEgqLOE4o_U,Ramon’s Tree Service,5.0,96,Tree service,,,http://ramonstreesnc.com/,+1 910-431-6750,Open 24 hours,Identifies as Latino-owned,https://lh3.googleusercontent.com/gps-cs-s/APNQkAGg7kYAW8Zn6zb4asWZcZgv3QT0gfkpPK9bekiCx6ovcmEmcz_sW3KLqdtN7Y_b2IZz4YyJVV4mPO5TEo1u0fJBr02Mu176ZaAXyUVCEt4eIvAAG9FW8Hxh9jztzz_7Mhflx1tuAA=w408-h544-k-no,true,Open 24 hours,Open 24 hours,Open 24 hours,Open 24 hours,Open 24 hours,Open 24 hours,Open 24 hours,"https://www.google.com/maps/search/tree+service+businesses+in+Ogden+Wilmington+NC/@34.2723916,-77.818594,14z",2026-04-29T06:46:02.464Z,,,
https://www.google.com/maps/place/Wilmington+Tree+Service/data=!4m7!3m6!1s0x89a98dc44a4f9e71:0x12d2f09efd5e16b8!8m2!3d34.3016527!4d-77.7729992!16s%2Fg%2F11zk53gsnk!19sChIJcZ5PSsSNqYkRuBZe_Z7w0hI,Wilmington Tree Service,5.0,9,Tree service,"822 Lambrook Dr, Wilmington, NC 28411, United States","862G+MR Wilmington, North Carolina, USA",https://www.wilmingtontreeservice.net/,+1 910-776-1969,Open 24 hours,,https://lh3.googleusercontent.com/gps-cs-s/APNQkAEDnxGSDcawT-qIbwjRx8l8qiLio-1XwdEQDPBPKdgJt8-AryFQwlnlI-b4aSEmTxL2Dp1DSiAj4_ekonpvtSwSzkU9XrumSFr1l1RH6c7U58uaqG-UbcK7u7XcT8CgcMGLSbStBRbc_dI=w408-h544-k-no,true,Open 24 hours,Open 24 hours,Open 24 hours,Open 24 hours,Open 24 hours,Open 24 hours,Open 24 hours,"https://www.google.com/maps/search/tree+service+businesses+in+Ogden+Wilmington+NC/@34.2723916,-77.818594,14z",2026-04-29T06:46:09.139Z,,,
https://www.google.com/maps/place/A+Cut+Above+Tree+Experts/data=!4m7!3m6!1s0x89a9f51aea68f8af:0x90aacd17f64ecb83!8m2!3d34.2287786!4d-77.892249!16s%2Fg%2F1262fkk4m!19sChIJr_ho6hr1qYkRg8tO9hfNqpA,A Cut Above Tree Experts,4.9,164,Tree service,"5312 Villa Ct, Wilmington, NC 28409, United States","64H5+G4 Wilmington, North Carolina, USA",https://www.acutabovenc.com/,+1 910-232-2000,Open 24 hours,LGBTQ+ friendly,https://lh3.googleusercontent.com/gps-cs-s/APNQkAEERlRSAwn_a8NY4HBvcCjyQJnhprNhnnmtLK16Rs3nsNwjduTOwd7TqrDCV1S5_h7V7tmL65zJ9-xgpR_Bf3w281GsSiVOOT6LG_bYi6zirqyTgOZlZFA1IaML97edixfcmu0=w408-h544-k-no,true,Open 24 hours,Open 24 hours,Open 24 hours,Open 24 hours,Open 24 hours,Open 24 hours,Open 24 hours,"https://www.google.com/maps/search/tree+service+businesses+in+Ogden+Wilmington+NC/@34.2723916,-77.818594,14z",2026-04-29T06:46:14.450Z,,,
https://www.google.com/maps/place/Seagate+Tree+Service/data=!4m7!3m6!1s0x89a9f3626ec8349f:0xd1cdf04c8734bdee!8m2!3d34.2139516!4d-77.8445676!16s%2Fg%2F11c55z4wsy!19sChIJnzTIbmLzqYkR7r00h0zwzdE,Seagate Tree Service,4.6,201,Tree service,"238 White Ave, Wilmington, NC 28403, United States","6574+H5 Wilmington, North Carolina, USA",https://seagatetreeservicewilmingtonnc.com/,+1 910-617-0169,Open 24 hours,,https://lh3.googleusercontent.com/gps-cs-s/APNQkAHCtcHcNKRilKl7L5kNN6YhTNc9hVECWI1R5nL-LM0LydZM5jF4AuLx-XyVQ-qiSJWcWlEp4MRuzTpPOuydTgQUHKomuRE47QtwsAEffgFzBCKtKgkGnHryz9QQLafPYpaA1RCK=w426-h240-k-no,true,Open 24 hours,Open 24 hours,Open 24 hours,Open 24 hours,Open 24 hours,Open 24 hours,Open 24 hours,"https://www.google.com/maps/search/tree+service+businesses+in+Ogden+Wilmington+NC/@34.2723916,-77.818594,14z",2026-04-29T06:46:19.391Z,,,
https://www.google.com/maps/place/Coastal+Tree+Trimmers/data=!4m7!3m6!1s0x89a9f577b70a06f9:0xca09f5fd2168a5b2!8m2!3d34.2200107!4d-77.9320194!16s%2Fg%2F11hr_2jtfd!19sChIJ-QYKt3f1qYkRsqVoIf31Cco,Coastal Tree Trimmers,4.9,136,Tree service,"1301 S 12th St, Wilmington, NC 28401, United States","63C9+25 Wilmington, North Carolina, USA",http://www.coastaltreetrimmers.com/,+1 910-431-5731,Open 24 hours,,https://lh3.googleusercontent.com/gps-cs-s/APNQkAGmWwsP50YqxUCCapmQp_EQeKmt62huNYOdh0SbNhTKIJuFXQBMek6nJA459rFD7ywgm1kZMEER0e1tswK8xIAV2_7ugs31bNsCR-pIBIrlQ2tmnY7DCQzIEw7_iUBFgX2XNWE-=w408-h544-k-no,true,Open 24 hours,Open 24 hours,Open 24 hours,Open 24 hours,Open 24 hours,Open 24 hours,Open 24 hours,"https://www.google.com/maps/search/tree+service+businesses+in+Ogden+Wilmington+NC/@34.2723916,-77.818594,14z",2026-04-29T06:46:24.166Z,,,
https://www.google.com/maps/place/A-1+Tree+Solutions/data=!4m7!3m6!1s0x89a9f354d3549f2b:0x3f6acfe99df5685a!8m2!3d34.0913135!4d-77.8975685!16s%2Fg%2F1tdmqy12!19sChIJK59U01TzqYkRWmj1nenPaj8,A-1 Tree Solutions,4.9,227,Tree service,,,https://www.a-1treesolutions.com/,+1 910-338-9472,Closed · Opens 8 am,,https://lh3.googleusercontent.com/gps-cs-s/APNQkAFpMdYsCaKkCRu1R0_g2CteLxOExOt40nJHiKKsq6JGe6TGkO6isL2tYhsuuMWwCiIvuFhOIQG-9jw_fhNzy3MqGIWG3qeEaA66cDD4Zxf9W27v27DKiGz8Q89PR_WQLNX0Ng17UCsCSYEX=w408-h544-k-no,true,8 am–5 pm,8 am–5 pm,8 am–5 pm,Closed,Closed,8 am–5 pm,8 am–5 pm,"https://www.google.com/maps/search/tree+service+businesses+in+Ogden+Wilmington+NC/@34.2723916,-77.818594,14z",2026-04-29T06:46:29.022Z,,,
https://www.google.com/maps/place/Arbor+X+Tree+Service/data=!4m7!3m6!1s0x89a9f51c795c0bd3:0x8473d20be20598a9!8m2!3d34.215259!4d-77.8393639!16s%2Fg%2F11h22t48br!19sChIJ0wtceRz1qYkRqZgF4gvSc4Q,Arbor X Tree Service,4.5,55,Tree service,"137 Gaddy Dr, Wilmington, NC 28403, United States","6586+47 Wilmington, North Carolina, USA",https://arborx.com/tree-service-wilmington-nc/,+1 910-617-4207,Closed · Opens 7 am,,https://lh3.googleusercontent.com/gps-cs-s/APNQkAHLGCkDoHE4u3CaWd8iiNeVWHOOCU8QxQ9xjUpprsW5tU1tPewPa5Jg_75os6gPYXdOhqdNTOKyzwKVtEZ8rOpOrNcCS4KbcdQDnIXjtQ2QLNU1KSsczZ-Wihe2mkkv8zWmYerq=w408-h306-k-no,true,7 am–7 pm,7 am–7 pm,7 am–5 pm,Closed,Closed,7 am–7 pm,7 am–7 pm,"https://www.google.com/maps/search/tree+service+businesses+in+Ogden+Wilmington+NC/@34.2723916,-77.818594,14z",2026-04-29T06:46:33.718Z,,,
https://www.google.com/maps/place/Rocksteady+Tree+Care/data=!4m7!3m6!1s0x89a9f56f2c504259:0x99a2fb0eafe562ec!8m2!3d34.209965!4d-77.8584986!16s%2Fg%2F11whyr2yjp!19sChIJWUJQLG_1qYkR7GLlrw77opk,Rocksteady Tree Care,5.0,42,Tree service,"5418 1/2, Park Ave, Wilmington, NC 28403, United States","645R+XJ Wilmington, North Carolina, USA",https://www.rocksteadytreecare.com/,+1 910-906-6802,Open 24 hours,LGBTQ+ friendly,https://lh3.googleusercontent.com/gps-cs-s/APNQkAHveZF1em03LImGnIYOx9vyWrU11QHvyvPt1H8Vh3hDkPMjYRlg8F8aJ3PHZ5E5qavLDGq_nxutZOfljnoXT5E4a7QscC_mOc2TsQkiAQNut-9is0Ly3qs2XO3yA0PmgOax_LEPVpHPcAzE=w408-h610-k-no,true,Open 24 hours,Open 24 hours,Open 24 hours,Open 24 hours,Open 24 hours,Open 24 hours,Open 24 hours,"https://www.google.com/maps/search/tree+service+businesses+in+Ogden+Wilmington+NC/@34.2723916,-77.818594,14z",2026-04-29T06:46:38.761Z,,,
https://www.google.com/maps/place/Noe+C.+Gonzalez+Tree+Service+LLC/data=!4m7!3m6!1s0x89aa1ff3b6155bcf:0x25b016859792e156!8m2!3d34.1824035!4d-77.8938781!16s%2Fg%2F11fhxw7yjv!19sChIJz1sVtvMfqokRVuGSl4UWsCU,Noe C. Gonzalez Tree Service LLC,4.9,257,Tree service,"Pine Valley Dr, Wilmington, NC 28412, United States","54J4+XC Wilmington, North Carolina, USA",http://noegonzaleztreeservice.com/,+1 910-782-9298,Closed · Opens 7 am,,https://lh3.googleusercontent.com/gps-cs-s/APNQkAF3CVce9gcK-Xb3m7RMDAKIycwyhTOWRfwgvOubN78bipDv2XajASBIlrNwXSuhN7ofi9xhlMDcBEXl9pU-Tbhr_6uZu8uNkg3b0HePGkQ9xF5kSQgCnBboUIjqI1plgAwrapNxXB0USjbY=w426-h240-k-no,true,7 am–7 pm,7 am–7 pm,7 am–7 pm,7 am–2:30 pm,9 am–5 pm,7 am–7:30 pm,7 am–7 pm,"https://www.google.com/maps/search/tree+service+businesses+in+Ogden+Wilmington+NC/@34.2723916,-77.818594,14z",2026-04-29T06:46:43.732Z,,,
https://www.google.com/maps/place/Paul+Bunyan%27s+Tree+Service+Inc/data=!4m7!3m6!1s0x89a9f51517aa65ed:0x4ade9f6ab7219ec4!8m2!3d34.2376203!4d-77.9036592!16s%2Fg%2F1tdvqlz2!19sChIJ7WWqFxX1qYkRxJ4ht2qf3ko,Paul Bunyan's Tree Service Inc,4.9,70,Tree service,"103 Covil Ave, Wilmington, NC 28403, United States","63QW+2G Wilmington, North Carolina, USA",https://www.bunyantree.com/,+1 910-799-6524,Closed · Opens 7:30 am,,https://lh3.googleusercontent.com/gps-cs-s/APNQkAFebkUvmcucha6MtkFhzb37i6tyV1jKshw6tAuXPLqBu5JzEea1U_P52iRQLr4Qb1Sqzrd69xOXdKEP0O5EX6VjQLCXgZHK5ZMdkqETBTlHZrEU7mcp0GArZ5oZqd6cFNzWDOsCww=w408-h544-k-no,true,7:30 am–5 pm,7:30 am–5 pm,7:30 am–5 pm,7:30 am–2 am,Closed,7:30 am–5 pm,7:30 am–5 pm,"https://www.google.com/maps/search/tree+service+businesses+in+Ogden+Wilmington+NC/@34.2723916,-77.818594,14z",2026-04-29T06:46:48.628Z,,,
https://www.google.com/maps/place/Solid+Roots+Tree+Service+LLC/data=!4m7!3m6!1s0xaf61af2f7a4386b3:0x105a1e2d5b0aa0a7!8m2!3d34.6809475!4d-77.8132135!16s%2Fg%2F11nnvydr7p!19sChIJs4ZDei-vYa8Rp6AKWy0eWhA,Solid Roots Tree Service LLC,5.0,63,Tree service,,,https://solidrootstree.com/,+1 910-795-6518,Closed · Opens 8 am,,https://lh3.googleusercontent.com/gps-cs-s/APNQkAHEKODIqeHOMDhQ_rG_Rymcvl0El45iFMWlIRT86Q7F-VO4mSc5WHqkME1ymLjNWZXBhQfgmmdddII-3sfatqwtyEZlv1NTUdvtjxm2SiPv2734tmepLvXRX2mBSytz537J6B8=w408-h306-k-no,true,8 am–5 pm,8 am–5 pm,8 am–5 pm,Closed,Closed,8 am–5 pm,8 am–5 pm,"https://www.google.com/maps/search/tree+service+businesses+in+Ogden+Wilmington+NC/@34.2723916,-77.818594,14z",2026-04-29T06:46:53.413Z,,,
https://www.google.com/maps/place/Paramount+Tree+Company/data=!4m7!3m6!1s0x2b5e022b96b0a425:0x7b656416e43fbe83!8m2!3d6.5364124!4d-69.2316784!16s%2Fg%2F11swlvwbq5!19sChIJJaSwlisCXisRg74_5BZkZXs,Paramount Tree Company,5.0,53,Tree service,,,http://www.paramounttreeco.com/?utm_source=google&utm_medium=wix_google_business_profile&utm_campaign=586590246281696002,+1 910-604-1588,Open 24 hours,,https://lh3.googleusercontent.com/gps-cs-s/APNQkAFZJdn_oM_oZgoA5dXC_a_qKsnO_9f-Mc318nSoC3ICXN9Jq-FCvFsRMbFanI8_juv9HDcHmBJ7lLjNdAelRRHhzX44GFrB6aaCUbSK6CFOSX0JeDM3Q7fOl8GWP43NnmPmnHRoNFpevHz2=w408-h544-k-no,true,Open 24 hours,Open 24 hours,Open 24 hours,Open 24 hours,Open 24 hours,Open 24 hours,Open 24 hours,"https://www.google.com/maps/search/tree+service+businesses+in+Ogden+Wilmington+NC/@34.2723916,-77.818594,14z",2026-04-29T06:46:58.168Z,,,
https://www.google.com/maps/place/Coopers+tree+and+land+llc/data=!4m7!3m6!1s0xa6f626b792057b97:0x111c9ec2e20eb0dd!8m2!3d34.3038764!4d-77.7379635!16s%2Fg%2F11mm8s72hm!19sChIJl3sFkrcm9qYR3bAO4sKeHBE,Coopers tree and land llc,5.0,4,Tree service,"1984 Scotts Hill Loop Rd, Wilmington, NC 28411, United States","8736+HR Wilmington, North Carolina, USA",https://cooperstreeandland.com/,+1 910-508-9445,Open 24 hours,,https://lh3.googleusercontent.com/gps-cs-s/APNQkAFXS3oJZT3lK0AlnJirzvjWGvNwq6yJbGoHFssiteIkAyESR0mNfxl3bRPwZj_-mgoLlB_ZHlZShdBi84dnaFWOTuSzDcp-EDiv3Q1GRprmCAk8AcUahebrbiYDtGdzfgO4fIHUEq7U4kFq=w408-h544-k-no,true,Open 24 hours,Open 24 hours,Open 24 hours,Open 24 hours,Open 24 hours,Open 24 hours,Open 24 hours,"https://www.google.com/maps/search/tree+service+businesses+in+Ogden+Wilmington+NC/@34.2723916,-77.818594,14z",2026-04-29T06:47:03.144Z,,,
https://www.google.com/maps/place/Brinker+Tree+and+Land+Service/data=!4m7!3m6!1s0x89a9f78ca9198f11:0xdf3d769fef0d3174!8m2!3d34.1291379!4d-77.8728471!16s%2Fg%2F11j2lhs94l!19sChIJEY8ZqYz3qYkRdDEN7592Pd8,Brinker Tree and Land Service,5.0,149,Tree service,"1815 Gulf Stream Ln, Wilmington, NC 28409, United States","44HG+MV Wilmington, North Carolina, USA",http://brinkertreeandlandservice.com/,+1 910-612-0476,Closed · Opens 9 am,,https://lh3.googleusercontent.com/gps-cs-s/APNQkAH4IIJT6PRXReTALhqzBJxO0aX7dNoFkTZflbgn2riRc8iQKr9ZmNrlGduzM6icIc0f4yysCHHBZXU7wkV2l3To32CkBIiifz7yhPAHjCYJ9jsrpmiPWTfg6T0oICiKXqd7-6oM=w408-h544-k-no,true,9 am–5 pm,9 am–5 pm,9 am–5 pm,Closed,Closed,9 am–5 pm,9 am–5 pm,"https://www.google.com/maps/search/tree+service+businesses+in+Ogden+Wilmington+NC/@34.2723916,-77.818594,14z",2026-04-29T06:47:07.915Z,,,
https://www.google.com/maps/place/Vinedresser+Lawn+and+Landscape+Maintenance/data=!4m7!3m6!1s0x89a98b3521bd23f5:0xa2a1ab6afdadb08e!8m2!3d34.2585476!4d-77.8621848!16s%2Fg%2F11bxjjj283!19sChIJ9SO9ITWLqYkRjrCt_WqroaI,Vinedresser Lawn and Landscape Maintenance,4.9,803,Lawn care service,"5106 Lord Tennyson Rd, Wilmington, NC 28405, United States","745Q+C4 Wilmington, North Carolina, USA",http://www.vinedresserlandscaping.com/?utm_campaign=gmb&comet_source=google&comet_custom=gmb,+1 910-507-7065,Open 24 hours,Identifies as women-owned,https://lh3.googleusercontent.com/gps-cs-s/APNQkAHQLX6UNGSD_J0oLx3Ylq_5NGvqxQdUu4V44OY60CzgzyVhxZjLzibjPIlhBSVrSjVjwjet9LJ-PdVbwhCKYwBoMWWQM_iH_bsMnzfUGMi5nOz-t2lcO93oRZuPDg6p9sXDFs5F66pqWNWh=w519-h240-k-no,true,Open 24 hours,Open 24 hours,Open 24 hours,8 am–4 pm,Closed,Open 24 hours,Open 24 hours,"https://www.google.com/maps/search/tree+service+businesses+in+Ogden+Wilmington+NC/@34.2723916,-77.818594,14z",2026-04-29T06:47:12.851Z,,,
https://www.google.com/maps/place/Klimb+Pro+Expert+Tree+Care/data=!4m7!3m6!1s0x89a9f5a5b71fea35:0x33de6a7888872d3!8m2!3d34.246319!4d-77.9250824!16s%2Fg%2F11h_0vks58!19sChIJNeoft6X1qYkR03KIiKfmPQM,Klimb Pro Expert Tree Care,4.8,118,Tree service,,,https://www.klimbpro.com/,+1 910-936-2202,Open 24 hours,,https://lh3.googleusercontent.com/gps-cs-s/APNQkAFEzBX5PDJp9ZHH-s3QxMewgUmxG_vqSDdPanAbLnrYjMaDntqEy38ex5-BhjvoIFG8xI3yqn-Tj1qQZ65Vo_3ai3r1_1lkAnen4EQ6a8pC9ZzG1d8Grs2DeHwe6ZFnP0UL_m5TaQ=w408-h262-k-no,true,Open 24 hours,Open 24 hours,Open 24 hours,Open 24 hours,Open 24 hours,Open 24 hours,Open 24 hours,"https://www.google.com/maps/search/tree+service+businesses+in+Ogden+Wilmington+NC/@34.2723916,-77.818594,14z",2026-04-29T06:47:17.539Z,,,
https://www.google.com/maps/place/Everything+Tree+NC/data=!4m7!3m6!1s0x88531df446d41475:0x9fe0690127379d9b!8m2!3d34.1705167!4d-77.9424637!16s%2Fg%2F11mvw0n9fy!19sChIJdRTURvQdU4gRm503JwFp4J8,Everything Tree NC,5.0,85,Tree service,"150 Bryan Rd, Wilmington, NC 28412, United States","53C5+62 Wilmington, North Carolina, USA",https://nceverythingtree.com/,+1 910-617-8850,Open 24 hours,,https://lh3.googleusercontent.com/gps-cs-s/APNQkAGXpFL-hNpRfpyUl-NuJT0Q1ppwGEQXyQfvxgrHAjEqMWSAH0j0A7-VMbPI7m1wDvwf-8Fp8pL1xjwv8UNrI6aut_gKAfAHqV-eMLQM0qNQCs5EO-zZcloXQaCzG__liVMjY7D-MLjyWrU2=w408-h544-k-no,true,Open 24 hours,Open 24 hours,Open 24 hours,Open 24 hours,Open 24 hours,Open 24 hours,Open 24 hours,"https://www.google.com/maps/search/tree+service+businesses+in+Ogden+Wilmington+NC/@34.2723916,-77.818594,14z",2026-04-29T06:47:22.359Z,,,
https://www.google.com/maps/place/Southern+Accents+Landscaping/data=!4m7!3m6!1s0x89a98b547bcfffff:0x5ba53ee57733fc07!8m2!3d34.2585078!4d-77.8421004!16s%2Fg%2F11ggv__7t0!19sChIJ___Pe1SLqYkRB_wzd-U-pVs,Southern Accents Landscaping,5.0,82,Landscaper,"6600 Windmill Way #6, Wilmington, NC 28405, United States","7555+C5 Wilmington, North Carolina, USA",http://southernaccentslandscaping.com/,+1 910-540-9181,Closed · Opens 7 am,,https://lh3.googleusercontent.com/gps-cs-s/APNQkAFDlRvTcUpnz1znV8BQkumtBcbKtSSPvuRpBlOt1NfjwYG4ZkhlUnI2hOcB_i-jeuekocDeBNPsjILMwY0jVW86kA6v9msRL9W-KesSM9OKJpcI_z-J0mwDhlQdeZuIlVkUBAI=w426-h240-k-no,true,7 am–5 pm,7 am–5 pm,7 am–5 pm,Closed,Closed,7 am–5 pm,7 am–5 pm,"https://www.google.com/maps/search/tree+service+businesses+in+Ogden+Wilmington+NC/@34.2723916,-77.818594,14z",2026-04-29T06:47:27.435Z,,,
https://www.google.com/maps/place/B+%26+B%27s+Tree+Service+LLC/data=!4m7!3m6!1s0x89a98b3c5fc08155:0x923a16a7c3763e2a!8m2!3d34.292387!4d-77.9211647!16s%2Fg%2F11k2tn6708!19sChIJVYHAXzyLqYkRKj52w6cWOpI,B & B's Tree Service LLC,5.0,58,Tree service,"2202 Castle Hayne Rd TRLR 2, Castle Hayne, NC 28429, United States","73RH+XG Castle Hayne, North Carolina, USA",,+1 910-233-8692,Closed · Opens 8 am,,https://lh3.googleusercontent.com/gps-cs-s/APNQkAF7fBejUnLX7MM0eXzTXpCawAIMSvScpqCsIRdkNFHAaKoc-yqsigVAiLH7lNVKHV3bOPUfZM3AH3354x6bEPqrrchgTFbN5EUXW_oFNQKJS5qwqbHQiLOmOrrNjmmgzNsrKMzlcQ=w426-h240-k-no,true,8 am–6 pm,8:30 am–6 pm,8:30 am–6 pm,9 am–5 pm,9 am–3 pm,8 am–6 pm,8 am–6 pm,"https://www.google.com/maps/search/tree+service+businesses+in+Ogden+Wilmington+NC/@34.2723916,-77.818594,14z",2026-04-29T06:47:32.280Z,,,
https://www.google.com/maps/place/Fitness+Tree+Service/data=!4m7!3m6!1s0x89a9f7960ac1db27:0xa04ab409a4743b9f!8m2!3d34.1055661!4d-77.8989469!16s%2Fg%2F1tdg422y!19sChIJJ9vBCpb3qYkRnzt0pAm0SqA,Fitness Tree Service,4.8,293,Tree service,"6411 Carolina Beach Rd, Wilmington, NC 28412, United States","4442+6C Wilmington, North Carolina, USA",https://www.fitnesstreeservices.com/,+1 910-225-4418,Closed · Opens 7 am,,https://lh3.googleusercontent.com/gps-cs-s/APNQkAHm53J0HvKL-wGkpq7lh68c1vtuk_FMCn4EccdBA2XPAz6peH4oWOWva30rZOCu_qTiIwxj4firQDscFqjc1CGd1F0BWS5moTOmclndZgREAZY1KDAtx81UK8utC5qxDRCpT8Uv=w408-h271-k-no,true,7 am–5 pm,7 am–5 pm,7 am–5 pm,Closed,Closed,7 am–5 pm,7 am–5 pm,"https://www.google.com/maps/search/tree+service+businesses+in+Ogden+Wilmington+NC/@34.2723916,-77.818594,14z",2026-04-29T06:47:37.043Z,,,
https://www.google.com/maps/place/Bartlett+Tree+Experts/data=!4m7!3m6!1s0x89a98b31d1273b63:0xaa924fdb6bce96cf!8m2!3d34.2863624!4d-77.9090233!16s%2Fg%2F11vr10lny6!19sChIJYzsn0TGLqYkRz5bOa9tPkqo,Bartlett Tree Experts,5.0,21,Tree service,"2725 Old Wrightsboro Rd unit 5c, Wilmington, NC 28405, United States","73PR+G9 Wilmington, North Carolina, USA",https://www.bartlett.com/locations/wilmington-nc.cfm,+1 910-444-1907,Closed · Opens 8 am,,https://lh3.googleusercontent.com/gps-cs-s/APNQkAEiBl5gOT8xEOeX6H6NUuTA-1hSV0pX_Zyv4OUs1VXDhovzUM7y3vHNo9-fz4dn7KevV00CFffu2Xwc0-hU77uoUhg0w7oIrKpll_ilKOeLRUrkajqGNOg1kjgdrDdk0eBjTYOEFg=w426-h240-k-no,true,8 am–5 pm,8 am–5 pm,8 am–5 pm,Closed,Closed,8 am–5 pm,8 am–5 pm,"https://www.google.com/maps/search/tree+service+businesses+in+Ogden+Wilmington+NC/@34.2723916,-77.818594,14z",2026-04-29T06:47:41.905Z,,,
https://www.google.com/maps/place/Modern+Coastal+LLC+-+Landscaping+%26+Lawn+Care+Service/data=!4m7!3m6!1s0x89a9f5840e12094d:0x2b9617b8a427f4da!8m2!3d34.2557021!4d-77.862367!16s%2Fg%2F11jyyz2xgx!19sChIJTQkSDoT1qYkR2vQnpLgXlis,Modern Coastal LLC - Landscaping & Lawn Care Service,5.0,53,Lawn care service,"4842 Berkley Dr, Wilmington, NC 28405, United States","744Q+73 Wilmington, North Carolina, USA",https://www.facebook.com/profile.php?id=61556895670751,+1 910-232-2940,Closed · Opens 7 am,,https://lh3.googleusercontent.com/gps-cs-s/APNQkAHsNwFccQXhDnQULACbXM186Toj1iAv8GaAM4_7z3uM0TksZRS7o9CV9OaZcNGKiidE2s0BihN8-o1vQkkmvcdJp53Lm_H9jr44CaPSH1xhTomN979JmwhjjKDpHIiq7vwfUlotVzQCbsC_=w408-h544-k-no,true,7 am–5 pm,7 am–5 pm,7 am–5 pm,7 am–5 pm,Closed,7 am–5 pm,7 am–5 pm,"https://www.google.com/maps/search/tree+service+businesses+in+Ogden+Wilmington+NC/@34.2723916,-77.818594,14z",2026-04-29T06:47:47.020Z,,,
https://www.google.com/maps/place/Jimenez+Landscaping+Services/data=!4m7!3m6!1s0xa928f634ea9a0ab5:0xcbc161f76bb72113!8m2!3d34.2069834!4d-77.8733794!16s%2Fg%2F11sf0m3y3r!19sChIJtQqa6jT2KKkREyG3a_dhwcs,Jimenez Landscaping Services,5.0,64,Tree service,,,https://www.jimenezlandscapingservicesllc.com/,+1 910-297-2472,Closed · Opens 7 am,,https://lh3.googleusercontent.com/gps-cs-s/APNQkAGouqJ2kfNSalclkAlV0Aml7JhcKuJZwj5BKHiCXp2kpFX-ivyCb5XCLeM-DZTzg_wvzIPhfQ0GqSeKwGq8v6mOUaWWyBwQprp6nkyk8GakxQ8UYqPBGxaJ4-SnNcaY4uQkTorvFHZT6_hw=w408-h306-k-no,true,7 am–6 pm,7 am–6 pm,7 am–6 pm,7 am–6 pm,Closed,7 am–6 pm,7 am–6 pm,"https://www.google.com/maps/search/tree+service+businesses+in+Ogden+Wilmington+NC/@34.2723916,-77.818594,14z",2026-04-29T06:47:53.531Z,,,
https://www.google.com/maps/place/Chris%27s+Clean+Cut+Tree+Service/data=!4m7!3m6!1s0x48a185da2894a32b:0xbbd30c850742bc08!8m2!3d34.2069834!4d-77.8733794!16s%2Fg%2F11rkg9rn9c!19sChIJK6OUKNqFoUgRCLxCB4UM07s,Chris's Clean Cut Tree Service,4.9,54,Tree service,,,http://www.chrisscleancuttreeservice.com/,+1 910-686-9299,Open 24 hours,,https://lh3.googleusercontent.com/gps-cs-s/APNQkAHVKvn3M82-FhVOqmRzXYmLo5ADSGvkLfgDvA5GZyf8uDhmeD9VflntIyx8R5PpLkyjECBB54PI_qlqpqY0uosWAt7iNyCD8lI0tpfPRmLL3PU67WtY8v8ItzZb08C8QwNaFL20=w408-h416-k-no,true,Open 24 hours,Open 24 hours,Open 24 hours,Open 24 hours,Open 24 hours,Open 24 hours,Open 24 hours,"https://www.google.com/maps/search/tree+service+businesses+in+Ogden+Wilmington+NC/@34.2723916,-77.818594,14z",2026-04-29T06:47:58.830Z,,,
https://www.google.com/maps/place/Tree+Masters+Expert+Tree+Care/data=!4m7!3m6!1s0x89a9f5f8170dc349:0x91b35ff6497fd014!8m2!3d34.3699426!4d-77.8806905!16s%2Fg%2F11pfzty44k!19sChIJScMNF_j1qYkRFNB_SfZfs5E,Tree Masters Expert Tree Care,5.0,130,Tree service,,,https://www.treemastersnc.com/,+1 910-859-1530,Open 24 hours,,https://lh3.googleusercontent.com/gps-cs-s/APNQkAFOKKyqJEI9Af5bzOJ_jVuY_jyZVuhxJ_1EOoFxBSzMvRc2TQChaiHiblBP1n-vcZ-Z1N4vuXxdIMYsMppyFI128SnCdt6zRT6KAta__9u7GW_qX8URBEajdML9I0ZJ_xO-DKTmH0yQf0hI=w408-h485-k-no,true,Open 24 hours,Open 24 hours,Open 24 hours,Open 24 hours,Open 24 hours,Open 24 hours,Open 24 hours,"https://www.google.com/maps/search/tree+service+businesses+in+Ogden+Wilmington+NC/@34.2723916,-77.818594,14z",2026-04-29T06:48:04.307Z,,,
https://www.google.com/maps/place/Dave%27s+Tree+Removal/data=!4m7!3m6!1s0x89a98cc5498a700b:0x98747b19811e39a4!8m2!3d34.2127768!4d-77.8785152!16s%2Fg%2F1hc4v0fbv!19sChIJC3CKScWMqYkRpDkegRl7dJg,Dave's Tree Removal,5.0,8,Tree service,"4922 Wrightsville Ave, Wilmington, NC 28403, United States","647C+4H Wilmington, North Carolina, USA",https://davestreewilmington.com/,+1 910-799-6104,Closed · Opens 8 am,,https://lh3.googleusercontent.com/gps-cs-s/APNQkAHnBJseq1FNkKWa8K4O-38zAS4_x2qyiC1mdGx6nNkn0TI08lZ4LMVePSf1o9DRIqJ0J9ns29CQYQTa8TN9uQIeWggBdi2eNnIJBYM10LdMBUTamcC3v6ho1KWTHaxgubBwewcU=w408-h272-k-no,true,8 am–5 pm,8 am–5 pm,8 am–5 pm,Closed,Closed,8 am–5 pm,8 am–5 pm,"https://www.google.com/maps/search/tree+service+businesses+in+Ogden+Wilmington+NC/@34.2723916,-77.818594,14z",2026-04-29T06:48:09.100Z,,,
https://www.google.com/maps/place/Lloyd%27s+Nursery+%26+Landscape/data=!4m7!3m6!1s0x89a98cec55555555:0x69668ce8d579a44!8m2!3d34.2595785!4d-77.8447808!16s%2Fg%2F11f6y3608x!19sChIJVVVVVeyMqYkRRJpXjc5olgY,Lloyd's Nursery & Landscape,4.3,3,Plant nursery,"6425 Windmill Way, Wilmington, NC 28405, United States","7554+R3 Wilmington, North Carolina, USA",,+1 910-686-4984,Closed · Opens 12 pm,,https://lh3.googleusercontent.com/gps-cs-s/APNQkAFdyozolIcvGcPsTRP3vDttx1W1jpEkZX9zno0NoeWgLEM72gO_kzGPVQpyWBypm7CL3QcqruFOzbQnitiQmuLQZS4jHRnXaEIRD-IuaSLZ-ClH92N56RaxSQ2Ls5zaCKzfVqfI=w408-h544-k-no,false,12–5 pm,Closed,12–5 pm,Closed,Closed,12–5 pm,Closed,"https://www.google.com/maps/search/tree+service+businesses+in+Ogden+Wilmington+NC/@34.2723916,-77.818594,14z",2026-04-29T06:48:13.965Z,,,
"https://www.google.com/maps/place/Hunt's+Tree+Services/@34.2069835,-77.8733795,12z/data=!3m1!4b1!4m6!3m5!1s0x89a9f354d3549f2b:0x3b52d892a60cae2!8m2!3d34.2069834!4d-77.8733794!16s%2Fg%2F1tlmp5jn",Hunt's Tree Services,5.0,4,Tree service,,,,+1 910-799-9552,Closed · Opens 9 am,,,true,9 am–5 pm,9 am–5 pm,9 am–5 pm,Closed,Closed,9 am–5 pm,9 am–5 pm,"https://www.google.com/maps/search/tree+service+businesses+in+Ogden+Wilmington+NC/@34.2723916,-77.818594,14z",2026-04-29T06:48:20.724Z,,,
https://www.google.com/maps/place/Coast+to+Coast+Tree+Service/data=!4m7!3m6!1s0x89a9f55dfc320427:0x8b47225199aae065!8m2!3d34.2417674!4d-77.9222579!16s%2Fg%2F11b7rndl0h!19sChIJJwQy_F31qYkRZeCqmVEiR4s,Coast to Coast Tree Service,4.5,19,Tree service,"2108 Rhodes Ave, Wilmington, NC 28405, United States","63RH+P3 Wilmington, North Carolina, USA",,+1 910-398-7626,Closed · Opens 7:30 am,,https://lh3.googleusercontent.com/gps-cs-s/APNQkAFUZaOieow4YVO3Bbbis1mWO6b1ZXhCf44QTK4Ap2Sn3LFDUxlXD8Oa5mOByorAKQ_ACrpGKwCmMVs2vdIex0zekgUvlDNE_Cqb7SFY7XD_dEj5dDr05i9FyZz2fZEetm2rErfX=w408-h272-k-no,true,7:30 am–5 pm,7:30 am–5 pm,7:30 am–5 pm,Closed,Closed,7:30 am–5 pm,7:30 am–5 pm,"https://www.google.com/maps/search/tree+service+businesses+in+Ogden+Wilmington+NC/@34.2723916,-77.818594,14z",2026-04-29T06:48:25.859Z,,,
https://www.google.com/maps/place/Ruppert+Landscape/data=!4m7!3m6!1s0x89a98b5251d8c421:0x4a33a8f517916f98!8m2!3d34.258995!4d-77.8459335!16s%2Fg%2F1tgb86g7!19sChIJIcTYUVKLqYkRmG-RF_WoM0o,Ruppert Landscape,3.4,17,Landscape designer,"6413 Windmill Way, Wilmington, NC 28405, United States","7553+HJ Wilmington, North Carolina, USA",https://www.ruppertlandscape.com/,+1 910-791-0350,Closed · Opens 7 am,,https://lh3.googleusercontent.com/gps-cs-s/APNQkAFjeBJ86kIvhzuLJGqNZlTdikxb_vbRl7DInzPn-7FmjhKQDNX6a0bx7pksKv9CXsTZr6dwQQTulh802mQ5nK0Yqnc-i5IBo2x77tBQvZrvSgiBHgd0qvH2rhnQgq4-12MNH1oETA=w408-h276-k-no,true,7 am–5 pm,7 am–5 pm,7 am–5 pm,Closed,Closed,7 am–5 pm,7 am–5 pm,"https://www.google.com/maps/search/tree+service+businesses+in+Ogden+Wilmington+NC/@34.2723916,-77.818594,14z",2026-04-29T06:48:30.536Z,,,
"https://www.google.com/maps/place/Campbell%27s+Tree+Service,+LLC/data=!4m7!3m6!1s0x89a98fe75a9d5b1b:0x3d67608dec53ab07!8m2!3d34.3682767!4d-77.8065782!16s%2Fg%2F11h3lzj9hx!19sChIJG1udWuePqYkRB6tT7I1gZz0","Campbell's Tree Service, LLC",5.0,44,Tree service,"61 Paps Point, Rocky Point, NC 28457, United States","959V+89 Rocky Point, North Carolina, USA",https://campbellstreeservicenc.com/,+1 910-580-2646,Closed · Opens 8 am,Identifies as veteran-owned,https://lh3.googleusercontent.com/gps-cs-s/APNQkAGtiHnN6SaMN_Sk8sCuzZYTSqnq8HUE3-aPkMs9LOjJW5QD_hIO9sflQCYr_2qQ8T1So3RxetU4JM1Qx4QJOneDCUg0BDFoym7RdKioN-KPiU7qdDAJU-2XgkJQKeLGi3q_gMQ=w658-h240-k-no,true,8 am–8 pm,8 am–8 pm,8 am–8 pm,8 am–8 pm,Closed,8 am–8 pm,8 am–8 pm,"https://www.google.com/maps/search/tree+service+businesses+in+Ogden+Wilmington+NC/@34.2723916,-77.818594,14z",2026-04-29T06:48:35.468Z,,,
https://www.google.com/maps/place/oceanside+lawn+%26+garden/data=!4m7!3m6!1s0x89a98bbdeffcccc1:0x8e95886fb3aebb91!8m2!3d34.2819837!4d-77.8370308!16s%2Fg%2F11w1d063gl!19sChIJwcz8772LqYkRkbuus2-IlY4,oceanside lawn & garden,5.0,18,Landscaper,"2603 Larne Ct, Wilmington, NC 28411, United States","75J7+Q5 Wilmington, North Carolina, USA",,+1 910-508-3069,Closed · Opens 7 am,,https://lh3.googleusercontent.com/gps-cs-s/APNQkAE8cyqgFD7YNFxrMtJQR4EabEoX3h7ZltlNxErkHLqnZpS4VPbzJwT16GWEaaVLSuQktei29nY1p1xUCM7bZPd4ytw_jGOov7A0N3m4tm5yLks7VZrD8g7_awN6XAQNTl0HSqcKj9bK_8Ru=w408-h544-k-no,true,7 am–7 pm,7 am–7 pm,7 am–7 pm,7 am–7 pm,Closed,7 am–7 pm,7 am–7 pm,"https://www.google.com/maps/search/tree+service+businesses+in+Ogden+Wilmington+NC/@34.2723916,-77.818594,14z",2026-04-29T06:48:40.359Z,,,
https://www.google.com/maps/place/Carolina+Girl+Gardens/data=!4m7!3m6!1s0x89a98cbafea945b7:0xb724c42376f5347a!8m2!3d34.2674728!4d-77.8231606!16s%2Fg%2F11h3vc3_2m!19sChIJt0Wp_rqMqYkRejT1diPEJLc,Carolina Girl Gardens,4.6,123,Garden center,"7026 Market St, Wilmington, NC 28411, United States","758G+XP Wilmington, North Carolina, USA",,+1 910-319-7740,,,https://lh3.googleusercontent.com/gps-cs-s/APNQkAF1ts1_qxuDGkuchG8hblhENvL8CZifI-GL3S45dpBxhgwUC1DIDM9KqixSlgoNqtNZd8nXLbS2jOev5cICFAIg01y1KN9JaJ0ihwdFrs3d_0I4dtVKxW61hueTBPGqnswlvAg=w426-h240-k-no,true,9 am–5 pm,9 am–5 pm,9 am–5 pm,9 am–5 pm,9 am–5 pm,9 am–5 pm,9 am–5 pm,"https://www.google.com/maps/search/tree+service+businesses+in+Ogden+Wilmington+NC/@34.2723916,-77.818594,14z",2026-04-29T06:48:45.221Z,· Delivery,,
https://www.google.com/maps/place/Lilypad+Irrigation+%26+Landscaping/data=!4m7!3m6!1s0xa3e3321229a43ad5:0xb14b03811f7a9452!8m2!3d34.246319!4d-77.8570796!16s%2Fg%2F11y7gtdgyd!19sChIJ1TqkKRIy46MRUpR6H4EDS7E,Lilypad Irrigation & Landscaping,5.0,21,Landscaper,,,http://www.lilypadlandscapingilm.com/,+1 910-622-6627,Closed · Opens 7:30 am,,https://lh3.googleusercontent.com/gps-cs-s/APNQkAHUyeHUxz5cRGnQzwd20Svqoxg8w5bFOVdFpYz5wiGBleNKISo0LgkkcRz7Z2_pQIC72lsapHSq_DDkOnHWG467mNojwgRGq_BicSh1zXVpbzl_ucW0ifH7hz0Fd9jPR5n3jgnI=w408-h306-k-no,true,7:30 am–5 pm,7:30 am–5 pm,7:30 am–5 pm,Closed,Closed,7:30 am–5 pm,7:30 am–5 pm,"https://www.google.com/maps/search/tree+service+businesses+in+Ogden+Wilmington+NC/@34.2723916,-77.818594,14z",2026-04-29T06:48:49.816Z,,,
https://www.google.com/maps/place/Brothers+Landscaping+%26+Design/data=!4m7!3m6!1s0x6e8b9a67ee19d2b3:0xc0d8427296d5cccd!8m2!3d34.259715!4d-77.878572!16s%2Fg%2F11sbdwg_58!19sChIJs9IZ7meai24RzczVlnJC2MA,Brothers Landscaping & Design,4.9,208,Landscaper,,,https://brotherslandscaping-nc.com/,+1 910-550-4232,Closed · Opens 7 am,,https://lh3.googleusercontent.com/gps-cs-s/APNQkAHdycvF8Z8XmWaJWJYz6imwskhxWR899lrlOI8g1UZlBm4Bb6LctflMSSq5QeDDTCdEgTKJOL4qfid9VZBdRkIrduyQIRGaZvMtE4UhWgzlTBQJyBcdnFEGRY6zxdXGVYQApXHzx4MgHTgm=w426-h240-k-no,true,7 am–6 pm,7 am–6 pm,7 am–6 pm,7 am–6 pm,Closed,7 am–6 pm,7 am–6 pm,"https://www.google.com/maps/search/tree+service+businesses+in+Ogden+Wilmington+NC/@34.2723916,-77.818594,14z",2026-04-29T06:48:54.630Z,,,
https://www.google.com/maps/place/Bowman%27s+Best+Lawn+Care/data=!4m7!3m6!1s0x89a9f45f35a01ac9:0x778599109e71cd5b!8m2!3d34.2069834!4d-77.8733794!16s%2Fg%2F1td39324!19sChIJyRqgNV_0qYkRW81xnhCZhXc,Bowman's Best Lawn Care,4.4,96,Landscaper,,,https://bowmansbestlawncare.com/,+1 910-264-5034,Closed · Opens 7:30 am,,https://lh3.googleusercontent.com/gps-cs-s/APNQkAEL5mjesWv3DoQhPj-9w11d_1xc7VpwVPRGYlSUWUbMNIpC1EdH-kZm44_Zq0lMbjrk6rGeG5klzK6j8YGX-zV53Km5Rs0zXkRWdqN_7V520xrbdGlQ1AbGj172WjOgvJ1BhGRMrFWVSVWn=w408-h408-k-no,true,7:30 am–4:30 pm,7:30 am–4:30 pm,7:30 am–4:30 pm,Closed,Closed,7:30 am–4:30 pm,7:30 am–4:30 pm,"https://www.google.com/maps/search/tree+service+businesses+in+Ogden+Wilmington+NC/@34.2723916,-77.818594,14z",2026-04-29T06:48:59.594Z,,,
https://www.google.com/maps/place/The+Plant+Place/data=!4m7!3m6!1s0x89a9f4b23c8385af:0xf9d5ee5aa698cb0a!8m2!3d34.2525778!4d-77.8505606!16s%2Fg%2F1thw7lkl!19sChIJr4WDPLL0qYkRCsuYplru1fk,The Plant Place,4.4,364,Garden center,"6114 Market St, Wilmington, NC 28405, United States","743X+2Q Wilmington, North Carolina, USA",http://www.theplantplacewilmingtonnc.com/,+1 910-791-9594,Closed · Opens 9 am,,https://lh3.googleusercontent.com/gps-cs-s/APNQkAFr9890-KiMQu7qhbp0Y5qIJAqACknU5gXXXgjPaI1lTakfW4MGHfRABBBIBQz5hIQLOsPSTzKqnG7DMil-mzhdmeaWkNufdUUzSoNeQmMC8XYZRF_RH7XwavvndLSDDyXCCa-c=w580-h240-k-no,true,9 am–5 pm,9 am–5 pm,9 am–5 pm,9 am–5 pm,Closed,9 am–5 pm,9 am–5 pm,"https://www.google.com/maps/search/tree+service+businesses+in+Ogden+Wilmington+NC/@34.2723916,-77.818594,14z",2026-04-29T06:49:04.458Z,"Long-running plant nursery with 35+ greenhouses & gardening supplies, plus accessories & gifts. · In-store shopping · In-store pick-up",,
"https://www.google.com/maps/place/Jackson+Landscaping,+Inc./data=!4m7!3m6!1s0x89a98ce441d4c9e9:0x98e6712e93a34aa2!8m2!3d34.2832059!4d-77.8061877!16s%2Fg%2F1tdzr_mz!19sChIJ6cnUQeSMqYkRokqjky5x5pg","Jackson Landscaping, Inc.",4.9,11,Landscaper,"7648 Market St, Wilmington, NC 28411, United States","75MV+7G Wilmington, North Carolina, USA",https://jacksonlandscapinginc.net/,+1 910-686-2131,Closed · Opens 8 am,,https://lh3.googleusercontent.com/gps-cs-s/APNQkAH8ttmyiEoKzq52i2C0bHVwHKz4DiqrX5R4BNiPKHmERcAcE1VOQEDfT4HR6dwR1va-sJFjBd_fGf_A25xPck9TwfRGtOtHRruuI5FndePMITZoi0vKthAmQGDtVEYb028AyQ8Ogg=w408-h306-k-no,true,8 am–5 pm,8 am–5 pm,8 am–5 pm,Closed,Closed,8 am–5 pm,8 am–5 pm,"https://www.google.com/maps/search/tree+service+businesses+in+Ogden+Wilmington+NC/@34.2723916,-77.818594,14z",2026-04-29T06:49:09.259Z,,,
https://www.google.com/maps/place/Cam%E2%80%99s+Junk+Removal/data=!4m7!3m6!1s0x849071ab3880c281:0x7ba838eee3b5c72b!8m2!3d34.3025071!4d-77.7849138!16s%2Fg%2F11w22g839w!19sChIJgcKAOKtxkIQRK8e14-44qHs,Cam’s Junk Removal,4.9,173,Junk removal service,"8418 Market St, Wilmington, NC 28411, United States","8638+22 Wilmington, North Carolina, USA",http://camsjunkremoval.com/,+1 910-297-0339,,Identifies as women-owned,https://lh3.googleusercontent.com/gps-cs-s/APNQkAHRxELCWTXNjp0sxZ-YwghROrBIkDM38JxsGIpvx8-9XyA8ihF8HYjDrg2eNcS1WR2U7oQXVAY1zNKa8_v0jgwaLSXI5KApUNfOnIJayIUs8ENiwKVMwx2sYcrwnbUvYUuOGtouWqKnkJX3=w408-h541-k-no,true,6 am–10 pm,6 am–10 pm,6 am–10 pm,6 am–10 pm,6 am–10 pm,6 am–10 pm,6 am–10 pm,"https://www.google.com/maps/search/tree+service+businesses+in+Ogden+Wilmington+NC/@34.2723916,-77.818594,14z",2026-04-29T06:49:14.145Z,,,
https://www.google.com/maps/place/NC+GROUNDWORKS/data=!4m7!3m6!1s0x89a98cee102eaa95:0x5c5da12347e6fcf!8m2!3d34.2837727!4d-77.8074035!16s%2Fg%2F11gsdr7nbw!19sChIJlaouEO6MqYkRz29-NBLaxQU,NC GROUNDWORKS,,,Earth works company,"7656 Market St, Wilmington, NC 28411, United States","75MV+G2 Wilmington, North Carolina, USA",http://ncgroundworks.com/,+1 910-262-2664,,,https://streetviewpixels-pa.googleapis.com/v1/thumbnail?panoid=J5Y1I8jaE8hoEnvVmX6UTw&cb_client=search.gws-prod.gps&w=408&h=240&yaw=210.67563&pitch=0&thumbfov=100,false,,,,,,,,"https://www.google.com/maps/search/tree+service+businesses+in+Ogden+Wilmington+NC/@34.2723916,-77.818594,14z",2026-04-29T06:49:16.757Z,,,
https://www.google.com/maps/place/Shane%27+Arnette+Services+LLC/data=!4m7!3m6!1s0x8d9629d00523c26f:0x66e878f37127aa23!8m2!3d34.146643!4d-77.9444965!16s%2Fg%2F11vsp7y3m6!19sChIJb8IjBdAplo0RI6oncfN46GY,Shane' Arnette Services LLC,5.0,23,Tree service,,,http://wilmingtontreeguy.com/,+1 910-380-6202,Open 24 hours,,https://lh3.googleusercontent.com/gps-cs-s/APNQkAHaCm04hVkvLJONrDoouP_6oQvPcNrlikfykuseAs6VvvRWwcvmqJUcBbE7KoZC1AbMOpfAAJxubNs0t4plfF8oIa-n8aU3zB2kxASNFO6ctGYtKf1T9OI6fgmf0l-afWtUugd9=w408-h541-k-no,true,Open 24 hours,Open 24 hours,Open 24 hours,Open 24 hours,Open 24 hours,Open 24 hours,Open 24 hours,"https://www.google.com/maps/search/tree+service+businesses+in+Ogden+Wilmington+NC/@34.2723916,-77.818594,14z",2026-04-29T06:49:21.684Z,,,
https://www.google.com/maps/place/Arbor+Tree+Care/data=!4m7!3m6!1s0x89a98a94f4ffff85:0x7443e48156e2df70!8m2!3d34.2873753!4d-77.9082625!16s%2Fg%2F11cmy56wt9!19sChIJhf__9JSKqYkRcN_iVoHkQ3Q,Arbor Tree Care,,,Tree service,"2716 Old Wrightsboro Rd #8037, Wilmington, NC 28405, United States","73PR+XM Wilmington, North Carolina, USA",https://www.treeremovalservicewilmingtonnc.com/,+1 910-202-6747,Closed · Opens 7 am,,https://streetviewpixels-pa.googleapis.com/v1/thumbnail?panoid=WLJXBT4Rc4groMoHxxkudg&cb_client=search.gws-prod.gps&w=408&h=240&yaw=47.051147&pitch=0&thumbfov=100,true,7 am–11 pm,7 am–11 pm,7 am–11 pm,7 am–11 pm,7 am–11 pm,7 am–11 pm,7 am–11 pm,"https://www.google.com/maps/search/tree+service+businesses+in+Ogden+Wilmington+NC/@34.2723916,-77.818594,14z",2026-04-29T06:49:26.329Z,,,
https://www.google.com/maps/place/Crystal+Coast+Gardens/data=!4m7!3m6!1s0x89a98da721472491:0xe1fb1f720420d189!8m2!3d34.2946386!4d-77.7750447!16s%2Fg%2F1tgxjxzk!19sChIJkSRHIaeNqYkRidEgBHIf--E,Crystal Coast Gardens,5.0,1,Plant nursery,"746 Winery Way, Wilmington, NC 28411, United States","76VF+VX Wilmington, North Carolina, USA",,+1 910-616-0723,,,https://lh3.googleusercontent.com/gps-cs-s/APNQkAG8rGwLMenvvRgTj8UCpKdvMDFGg1bwXBotuyQB4fFwI9hWmt-oA7KxDaRGKh-l5PXwsoqG31hcRQWGDi02BKKgnJJraP3mFR7EioswpZ2zV6TdkfcXBYlAggkgwXJsNBfz2HKp=w408-h403-k-no,true,,,,,,,,"https://www.google.com/maps/search/tree+service+businesses+in+Ogden+Wilmington+NC/@34.2723916,-77.818594,14z",2026-04-29T06:49:31.060Z,,,
"https://www.google.com/maps/place/Elite+Landscape,+LLC/data=!4m7!3m6!1s0x49566072e13c5e11:0xc3182d2e7df3fbe0!8m2!3d34.2365451!4d-77.8264809!16s%2Fg%2F11k4lbxzpt!19sChIJEV484XJgVkkR4PvzfS4tGMM","Elite Landscape, LLC",4.9,44,Landscaper,"1121 Military Cutoff Rd Ste C, PMB 233, Wilmington, NC 28405, United States","65PF+JC Wilmington, North Carolina, USA",,+1 910-660-9938,"Open 24 hours

Updated by this business 12 weeks ago",Identifies as Latino-owned,https://lh3.googleusercontent.com/gps-cs-s/APNQkAGEVQ0SmRBJNC3MB1iftL0tMbLtWP68fY2J3Mh0zcF7c4jL-k7oPJ_XQsIwJ-ZSiKWFRqseAasapVPvX2Y22x95GQoTRrjywxjjlTn2rocbUgKqNOK7JsXnx61nPdpLbFD_k9vo=w408-h306-k-no,true,Open 24 hours,Open 24 hours,Open 24 hours,Open 24 hours,Open 24 hours,Open 24 hours,Open 24 hours,"https://www.google.com/maps/search/tree+service+businesses+in+Ogden+Wilmington+NC/@34.2723916,-77.818594,14z",2026-04-29T06:49:35.947Z,,,
https://www.google.com/maps/place/Gold+River+Land+and+Tree+Service/data=!4m7!3m6!1s0x88f597690d09f101:0x2fa678cc7ba6f9fe!8m2!3d34.231486!4d-77.9554515!16s%2Fg%2F11mpbck6yz!19sChIJAfEJDWmX9YgR_vmme8x4pi8,Gold River Land and Tree Service,5.0,19,Tree service,,,,+1 678-850-8923,Closed · Opens 8 am,,https://lh3.googleusercontent.com/gps-cs-s/APNQkAH6qEEfWFjc23-Dnv2GcBjjAOIBG1scZn4dC1Xcz762s5i_Q15glPHieCBLYaSkGXhmBmlVZuUxXLtf3Kh9nbfZdf6n4APenyaxU1a6czu3LI-pf8GR_ZUexgcDk2w2e4HJCSc=w408-h306-k-no,true,8 am–6 pm,8 am–6 pm,8 am–6 pm,8 am–6 pm,Closed,8 am–6 pm,8 am–6 pm,"https://www.google.com/maps/search/tree+service+businesses+in+Ogden+Wilmington+NC/@34.2723916,-77.818594,14z",2026-04-29T06:49:40.547Z,,,
"https://www.google.com/maps/place/Low+Country+Landscaping/@34.2545678,-77.8000267,17z/data=!3m1!4b1!4m6!3m5!1s0x89a98cd24ec701eb:0xc2fb62e58f4a226e!8m2!3d34.2545678!4d-77.8000267!16s%2Fg%2F11_j_lmtj",Low Country Landscaping,4.0,6,Landscape designer,"808 Gull Point Rd, Wilmington, NC 28405, United States","753X+RX Wilmington, North Carolina, USA",http://lowcountrylandscaping.com/,+1 910-200-1489,Closed · Opens 8 am,,,false,8 am–7 pm,8 am–7 pm,8 am–7 pm,8 am–1 pm,Closed,8 am–7 pm,8 am–7 pm,"https://www.google.com/maps/search/tree+service+businesses+in+Ogden+Wilmington+NC/@34.2723916,-77.818594,14z",2026-04-29T06:49:47.364Z,,,
https://www.google.com/maps/place/Cape+Fear+Home+Helpers/data=!4m7!3m6!1s0x54044c43e8b7c59:0x4ab400ba464a4eb0!8m2!3d34.2533007!4d-77.8321942!16s%2Fg%2F11mrcn3bqd!19sChIJWXyLPsREQAURsE5KRroAtEo,Cape Fear Home Helpers,5.0,1,Handyman/Handywoman/Handyperson,"401 Painted Spindle Ct, Wilmington, NC 28405, United States","7539+84 Wilmington, North Carolina, USA",http://www.capefearhomehelpers.com/,+1 910-208-0093,Closed · Opens 8 am,,https://lh3.googleusercontent.com/gps-cs-s/APNQkAEdK7d3LSekOUkA6tan33C19n2H0unuXKojk4Mk7VAiPAZqzwB3G5yX4oxr1Heat-ePKq7okhgEZvK8Y1AECeDJLnAlSO7o7VVcn1c6x7gZwMESvwP_NQbZh_nEzH69uiC44HcQsSj8L5Q-=w408-h306-k-no,true,8 am–5 pm,8 am–5 pm,8 am–5 pm,8 am–5 pm,8 am–5 pm,8 am–5 pm,8 am–5 pm,"https://www.google.com/maps/search/tree+service+businesses+in+Ogden+Wilmington+NC/@34.2723916,-77.818594,14z",2026-04-29T06:49:52.153Z,,,
https://www.google.com/maps/place/Villa%27s+Nursery+and+Landscaping/data=!4m7!3m6!1s0x89a98cff5cca506b:0x99656d343ed278a!8m2!3d34.2937021!4d-77.7955099!16s%2Fg%2F11c6yzhn8q!19sChIJa1DKXP-MqYkRiiftQ9NWlgk,Villa's Nursery and Landscaping,4.2,13,Landscaper,"8062 Market St, Wilmington, NC 28411, United States","76V3+FQ Wilmington, North Carolina, USA",,+1 910-431-7683,Closed · Opens 8 am,,https://lh3.googleusercontent.com/gps-cs-s/APNQkAF8IIPsR0S2HyPj3GWaw-ChWZXSJzMN1XO2B_ePnALBANeKZeFqoYvhBbyne2t9QOOwcKTvrTHMSnsJN3jas-pgzH5N6KRWNRs2NThf_XKdlJTpI_mK_XCrA9hUxhm36bsaIa77=w408-h408-k-no,true,8 am–12 pm,8 am–5 pm,Closed,Closed,Closed,8 am–12 pm,8 am–5 pm,"https://www.google.com/maps/search/tree+service+businesses+in+Ogden+Wilmington+NC/@34.2723916,-77.818594,14z",2026-04-29T06:49:56.810Z,,,
https://www.google.com/maps/place/C+%26+A+Tree+Service/data=!4m7!3m6!1s0x89aa1f97ee8dd933:0x8ed42b5286250672!8m2!3d34.1951929!4d-77.9388971!16s%2Fg%2F11tbcjf70t!19sChIJM9mN7pcfqokRcgYlhlIr1I4,C & A Tree Service,5.0,1,Tree service,"331 Bell St, Wilmington, NC 28401, United States","53W6+3C Wilmington, North Carolina, USA",,+1 910-367-3428,,,https://lh3.googleusercontent.com/gps-cs-s/APNQkAElVZNlykK3VKFI0POaYxgFt-RBIXj4K-B_Ie3nQ1jReXkPeDpOUg5FngOfu84BH-W7vgcoRpV5NJCpEQG2RtbKERPIZay0fu-qe7rLtzXRh4abhiXOhbq8mJUBNFUaPdnkuqB2A4ILNiJd=w408-h544-k-no,true,,,,,,,,"https://www.google.com/maps/search/tree+service+businesses+in+Ogden+Wilmington+NC/@34.2723916,-77.818594,14z",2026-04-29T06:49:59.429Z,,,
https://www.google.com/maps/place/Sunbelt+Rentals/data=!4m7!3m6!1s0x89a98b56549b2059:0xf6389aa4deda89a2!8m2!3d34.2627861!4d-77.8388077!16s%2Fg%2F1tdr919w!19sChIJWSCbVFaLqYkRoona3qSaOPY,Sunbelt Rentals,4.5,64,Equipment rental agency,"6710 Amsterdam Way, Wilmington, NC 28405, United States","7576+4F Wilmington, North Carolina, USA",https://www.sunbeltrentals.com/location/nc/wilmington/equipment-tool-rentals/8/?utm_source=gmb&utm_medium=organic&utm_campaign=pc8&y_source=1_MTc2MDYxMzYtNzE1LWxvY2F0aW9uLndlYnNpdGU%3D,+1 910-395-4334,"Closed · Opens 7 am

Confirmed by this business 5 weeks ago",,https://lh3.googleusercontent.com/gps-cs-s/APNQkAEUKjtPI4urytXXGcgRgMVMLCo0EwCxiy5nIUTyv7YcbylxDl-lM1SX7QjoUn4oJXRESFcPOJR8HL21i14DgRd_v_hcbQWOGTFH_5mED0Vu6PLK3R4HSs-7PBVAr2dgzT4YdpFn=w429-h240-k-no,true,7 am–5 pm,7 am–5 pm,7 am–5 pm,Closed,Closed,7 am–5 pm,7 am–5 pm,"https://www.google.com/maps/search/tree+service+businesses+in+Ogden+Wilmington+NC/@34.2723916,-77.818594,14z",2026-04-29T06:50:04.298Z,,,
"https://www.google.com/maps/place/Trusted+Tree+Service,+LLC/data=!4m7!3m6!1s0x89a9f5f1ce480ebd:0xa8f431f4eaa67d2c!8m2!3d34.1873775!4d-77.8624245!16s%2Fg%2F11jmywrxhq!19sChIJvQ5IzvH1qYkRLH2m6vQx9Kg","Trusted Tree Service, LLC",5.0,11,Tree service,,,https://trustedtreenc.com/,+1 910-612-7526,Closed · Opens 8 am,,https://lh3.googleusercontent.com/gps-cs-s/APNQkAGpDTnhcNFscylSZ8WGz_V8kJXdikFn4zx7QunUeyNg2PmK0pAVOHixr3r2MdA9se5plLL5skBEARPRIejhvJTUWRpHpWmFZhg1PQRDvPrKpzdGJM4D_dB8C5IU1JgW0brhxsNqMw=w408-h544-k-no,true,8 am–7:30 pm,8 am–7:30 pm,8 am–7:30 pm,8 am–7:30 pm,8 am–7:30 pm,8 am–7:30 pm,8 am–7:30 pm,"https://www.google.com/maps/search/tree+service+businesses+in+Ogden+Wilmington+NC/@34.2723916,-77.818594,14z",2026-04-29T06:50:09.219Z,,,
https://www.google.com/maps/place/Japanese+Maples+Of+Wilmington/data=!4m7!3m6!1s0x89a9f4eae4055555:0xcd9b8a844055f1e7!8m2!3d34.2329132!4d-77.8614575!16s%2Fg%2F11fll65vk4!19sChIJVVUF5Or0qYkR5_FVQISKm80,Japanese Maples Of Wilmington,5.0,13,Plant nursery,"5114 Clear Run Dr, Wilmington, NC 28403, United States","64MQ+5C Wilmington, North Carolina, USA",,+1 910-512-4588,,,https://lh3.googleusercontent.com/gps-cs-s/APNQkAEhl1qS517vFg7kuDvM5TIwXWjtFbEYZWvROBxhVLw4Ae5cB22mC2k6Zg7gpS7hm4ArKfBXqoMBboaSLiEKBQ6QVDspn1OhuwAja7Au3IlS5t9rvcUUI4tBKenfWqki2ASpaMYa1A=w408-h544-k-no,false,,,,,,,,"https://www.google.com/maps/search/tree+service+businesses+in+Ogden+Wilmington+NC/@34.2723916,-77.818594,14z",2026-04-29T06:50:11.951Z,,,
https://www.google.com/maps/place/High+Tide+Landscaping+and+Design/data=!4m7!3m6!1s0x89a9f97a4ec8e62f:0xa343e7996d81c1fd!8m2!3d34.0969865!4d-77.9444965!16s%2Fg%2F11k6mrlkdq!19sChIJL-bITnr5qYkR_cGBbZnnQ6M,High Tide Landscaping and Design,5.0,33,Landscaper,,,,+1 910-262-2703,Closed · Opens 8 am,,https://lh3.googleusercontent.com/gps-cs-s/APNQkAEzigiEd3rOZqmJ6zEj3tokJq25FhVijiyyUqqgWCHblTi87YIqhBKNdhFVEa1p3crVupw57YPY2NPFiNQ6w16nHJX21ff60FMbCVzwwZncgIM0TEeU4fiuxY-zVqJ4tmm9pqEVTw=w408-h306-k-no,true,8 am–5 pm,8 am–5 pm,8 am–5 pm,Closed,Closed,8 am–5 pm,8 am–5 pm,"https://www.google.com/maps/search/tree+service+businesses+in+Ogden+Wilmington+NC/@34.2723916,-77.818594,14z",2026-04-29T06:50:16.704Z,,,
https://www.google.com/maps/place/PolyLandscapes/data=!4m7!3m6!1s0x89a9f5cb16323c85:0x9df314bc502bf7bb!8m2!3d34.2339619!4d-77.8830533!16s%2Fg%2F11fv30rbbv!19sChIJhTwyFsv1qYkRu_crULwU850,PolyLandscapes,5.0,129,Landscaper,"340 Lullwater Dr, Wilmington, NC 28403, United States","64M8+HQ Wilmington, North Carolina, USA",http://polylandscapes.com/,+1 910-795-5105,Closed · Opens 7 am,LGBTQ+ friendly,https://lh3.googleusercontent.com/gps-cs-s/APNQkAHVnrdPrCi218JIgHqMcphwb1PDC5TKfwYxtDise9Pyryc0G1JfkrLCOLQmDijQRJFsh07p0AC3yP0qg3Jt4qX_QIe2LRNHISaThB7mOSC7B9kbhGs5fWA7itBVvDVd4rKQmRSgsr9phjY=w408-h306-k-no,true,7 am–6 pm,7 am–6 pm,7 am–6 pm,7 am–6 pm,7 am–6 pm,7 am–6 pm,7 am–6 pm,"https://www.google.com/maps/search/tree+service+businesses+in+Ogden+Wilmington+NC/@34.2723916,-77.818594,14z",2026-04-29T06:50:21.527Z,,,
https://www.google.com/maps/place/A+To+Z+Equipment+Rentals/data=!4m7!3m6!1s0x89a9f4ad21d0ecb5:0x6257b5754d1acdee!8m2!3d34.2615445!4d-77.845474!16s%2Fg%2F1tkl45bd!19sChIJtezQIa30qYkR7s0aTXW1V2I,A To Z Equipment Rentals,4.4,46,Equipment rental agency,"6423 Amsterdam Way, Wilmington, NC 28405, United States","7563+JR Wilmington, North Carolina, USA",http://www.a-zrentals.com/,+1 910-798-9588,Closed · Opens 7 am,,https://lh3.googleusercontent.com/gps-cs-s/APNQkAElh_QGE-71oa1LT4kphODj_ktsH38wpn8-a0grpYwqFmGrIOup1mS_HHOCMcRHXHQ6S5gCuXL1IYJR4T68YbB0Ara0t7tc8_wiTOFsSSccjaUDGUMb5hHbM66OPL_B-WhsS3mvLQ=w426-h240-k-no,true,7 am–5 pm,7 am–5 pm,7 am–5 pm,Closed,Closed,7 am–5 pm,7 am–5 pm,"https://www.google.com/maps/search/tree+service+businesses+in+Ogden+Wilmington+NC/@34.2723916,-77.818594,14z",2026-04-29T06:50:26.396Z,,,
https://www.google.com/maps/place/Green+Assets+Inc/data=!4m7!3m6!1s0x89a98cedfdb34749:0x2f09b2d44d9ace0!8m2!3d34.2842828!4d-77.8084585!16s%2Fg%2F11bbrnzlqq!19sChIJSUez_e2MqYkR4KzZRC2b8AI,Green Assets Inc,5.0,1,Environmental consultant,"7655 Market St, Wilmington, NC 28411, United States","75MR+PJ Wilmington, North Carolina, USA",http://www.green-assets.com/,+1 855-331-8733,Closed · Opens 9 am,,https://streetviewpixels-pa.googleapis.com/v1/thumbnail?panoid=_c3OzCfg8fWzLLLd1h0VAQ&cb_client=search.gws-prod.gps&w=408&h=240&yaw=283.54666&pitch=0&thumbfov=100,true,9 am–5 pm,9 am–5 pm,9 am–5 pm,Closed,Closed,9 am–5 pm,9 am–5 pm,"https://www.google.com/maps/search/tree+service+businesses+in+Ogden+Wilmington+NC/@34.2723916,-77.818594,14z",2026-04-29T06:50:31.430Z,,,
https://www.google.com/maps/place/Port+City+Pest/data=!4m7!3m6!1s0x89a98b75a4b7cc35:0x81497c7e99abb9a1!8m2!3d34.298847!4d-77.791859!16s%2Fg%2F11b8_8nrgg!19sChIJNcy3pHWLqYkRobmrmX58SYE,Port City Pest,5.0,447,Pest control service,"8209 Market St suite a-254, Wilmington, NC 28411, United States","76X5+G7 Wilmington, North Carolina, USA",http://portcitypestnc.com/,+1 910-789-1212,Closed · Opens 8 am,,https://lh3.googleusercontent.com/gps-cs-s/APNQkAEjMtxWWqDjlFxi2OE-qNQMXNsK9iAbIWs0K6XbF9XuyLpHqZmrLPsw3gGHU8ZUxWmOeOcSH7ZXUnOe26TjlGYUqiUexHsP8UTXiotqht2qZZibX-kHPMNkXlGjypPei5Y1RW3lkBhj7Lhs=w408-h271-k-no,true,8 am–5 pm,8 am–5 pm,8 am–5 pm,Closed,Closed,8 am–5 pm,8 am–5 pm,"https://www.google.com/maps/search/tree+service+businesses+in+Ogden+Wilmington+NC/@34.2723916,-77.818594,14z",2026-04-29T06:50:36.371Z,,,
https://www.google.com/maps/place/Clear+Cut+Landscaping/data=!4m7!3m6!1s0x8d7b1216f1690bb3:0x238335dfb4368f02!8m2!3d34.259715!4d-77.878572!16s%2Fg%2F11w9p8v37r!19sChIJswtp8RYSe40RAo82tN81gyM,Clear Cut Landscaping,5.0,16,Landscaper,,,https://clearcutlandscaper.com/,+1 910-800-9462,Closed · Opens 8 am,,https://lh3.googleusercontent.com/gps-cs-s/APNQkAHTvm38cv61cbDLYgdFI3D5G3kQB_hCl2NEMP9qAeXP9jBacYmoQagGGcQm8tX6tMx2Td2x13DHG6Q9IIJgZImyxUGhQsyjBm-VMi4HVQi1HT8baYJ0MIre3sUrMBCKMj1mlhck=w412-h240-k-no,true,8 am–5 pm,8 am–5 pm,8 am–5 pm,Closed,Closed,8 am–5 pm,8 am–5 pm,"https://www.google.com/maps/search/tree+service+businesses+in+Ogden+Wilmington+NC/@34.2723916,-77.818594,14z",2026-04-29T06:50:41.068Z,,,
https://www.google.com/maps/place/Top+Lawn/data=!4m7!3m6!1s0x89a98d00d7e5654f:0x9d17763e7cf1a106!8m2!3d34.2441307!4d-77.8570732!16s%2Fg%2F11h9l8cl72!19sChIJT2Xl1wCNqYkRBqHxfD52F50,Top Lawn,5.0,3,Landscaper,"411 Eastwood Rd, Wilmington, NC 28403, United States","64VV+M5 Wilmington, North Carolina, USA",,+1 910-352-4449,Closed · Opens 7:30 am,,https://lh3.googleusercontent.com/gps-cs-s/APNQkAFZChTdOHRZv7ld1tkWk5WqCHCdfwSO6D1vhYIIj5u3Wtq7KOdbqUJS6CbL3vtNrcbL3xjVn0FltGQeEIX1EW9-_zqmbl-n0C1PT4Qx8zHGcMwQ-dogE8Esp4iVV7QftBM4AFI4=w552-h240-k-no,true,7:30 am–5 pm,7:30 am–5 pm,7:30 am–5 pm,Closed,Closed,7:30 am–5 pm,7:30 am–5 pm,"https://www.google.com/maps/search/tree+service+businesses+in+Ogden+Wilmington+NC/@34.2723916,-77.818594,14z",2026-04-29T06:50:45.839Z,,,
https://www.google.com/maps/place/The+Tree+Nerds/data=!4m7!3m6!1s0x84ffafc3e60f6997:0x129b22a5dd4e0157!8m2!3d34.236158!4d-77.873735!16s%2Fg%2F11vyfhv51q!19sChIJl2kP5sOv_4QRVwFO3aUimxI,The Tree Nerds,5.0,25,Tree service,,,https://www.thetreenerds.com/,+1 910-212-6687,,,https://lh3.googleusercontent.com/gps-cs-s/APNQkAG0paFNmpkgMCqtzbnp5bm0MegRG3j_wfOygxUrzvmDzxGKAINma7XehqQJwWkuUcAufzXToT7ugH_v1Fad2xN0y52m5bdhr5nI7Ija6Kz4y5-P2UGJM75sPconoLH7GAL0TQjI=w408-h293-k-no,true,,,,,,,,"https://www.google.com/maps/search/tree+service+businesses+in+Ogden+Wilmington+NC/@34.2723916,-77.818594,14z",2026-04-29T06:50:48.764Z,,,
https://www.google.com/maps/place/Kosem+Landscape+%26+More/data=!4m7!3m6!1s0x6901512f151d571f:0x1c03c2e4e2d04bbd!8m2!3d34.2599459!4d-77.8975685!16s%2Fg%2F11yxr2m4t1!19sChIJH1cdFS9RAWkRvUvQ4uTCAxw,Kosem Landscape & More,5.0,7,Landscaper,,,https://kosemlandscape.com/,+1 910-523-9099,Closed · Opens 8 am,,https://lh3.googleusercontent.com/gps-cs-s/APNQkAEE91ZBGpieYYtlFcdaXdYoUf8ovCpl4xy_5rAAyomj9vrWY4OJkq9gLsvpzmU_2J5ysEL4QkzNqyEUkTqUS9ualQLacjUSUl9H_ZRtuuJEbJrXAPhaXJ_d1xZyMcQoVgqTq43gk_CbUSOq=w408-h408-k-no,true,8 am–5 pm,8 am–5 pm,8 am–5 pm,Closed,Closed,8 am–5 pm,8 am–5 pm,"https://www.google.com/maps/search/tree+service+businesses+in+Ogden+Wilmington+NC/@34.2723916,-77.818594,14z",2026-04-29T06:50:53.656Z,,,
https://www.google.com/maps/place/Smith+Land+Outdoors/data=!4m7!3m6!1s0x23028c8b38ef3e57:0xa493ecec37d2d8f1!8m2!3d34.1845995!4d-77.8975685!16s%2Fg%2F11rqq8nfsn!19sChIJVz7vOIuMAiMR8djSN-zsk6Q,Smith Land Outdoors,5.0,135,Lawn care service,,,https://smithlandoutdoors.com/,+1 910-228-6012,Closed · Opens 8 am,,https://lh3.googleusercontent.com/gps-cs-s/APNQkAF5bq9C9Qf75QbSokQoOgSgd6fDzT9jwS3nKxjRlmHb6lR_bPSoCK-kpd0HUQX53yNem6pH1WwZZF5bJDYsoqM_ub6QRvYbWqa8cwf1wc7iLBScdA2F4vp_afGmBb0Ay3_R5pKEsWTZEYAi=w408-h252-k-no,true,8 am–5 pm,8 am–5 pm,8 am–5 pm,Closed,Closed,8 am–5 pm,8 am–5 pm,"https://www.google.com/maps/search/tree+service+businesses+in+Ogden+Wilmington+NC/@34.2723916,-77.818594,14z",2026-04-29T06:50:58.508Z,,,
https://www.google.com/maps/place/Professional+Tree+Service/data=!4m7!3m6!1s0x89a9f5973616fe41:0x58cd1a8d9222f828!8m2!3d34.242754!4d-78.0677095!16s%2Fg%2F11h8fbptwg!19sChIJQf4WNpf1qYkRKPgiko0azVg,Professional Tree Service,4.8,236,Tree service,,,,+1 910-465-2377,Open 24 hours,,https://lh3.googleusercontent.com/gps-cs-s/APNQkAGsuu-DSlP_NBTsJiP1uHO0QhUpMcMO6aVpJxFm7s5fS6lpj9fuEPcChv8p8RMFyTMTgjFE3kQBHPufBbeV1mLGYi3y_5uXJTAhKxCh3VZmFnzeHPoPmIsazkboXH3lPCBgjHyg=w427-h240-k-no,true,Open 24 hours,Open 24 hours,Open 24 hours,Open 24 hours,Open 24 hours,Open 24 hours,Open 24 hours,"https://www.google.com/maps/search/tree+service+businesses+in+Ogden+Wilmington+NC/@34.2723916,-77.818594,14z",2026-04-29T06:51:03.256Z,,,
https://www.google.com/maps/place/U.S.+Lawns+-+Wilmington+NC/data=!4m7!3m6!1s0x89aa21470908e05f:0xaef6edf4ef78dbbd!8m2!3d34.201009!4d-78.018104!16s%2Fg%2F11g0j6vd_4!19sChIJX-AICUchqokRvdt47_Tt9q4,U.S. Lawns - Wilmington NC,3.8,6,Landscaper,,,https://uslawns.com/locations/nc/wilmington/,+1 910-395-4779,Open 24 hours,,https://lh3.googleusercontent.com/gps-cs-s/APNQkAHlix5um5ayGg1CNl3HogOyWxRzp-tJCVgbkZy1ETcaiUcDJL5YQ_HMNiPn7WkCivSnRWnroqGZGX62yh1l7nAxnrL_ZKaqyP7BSJjUzXlnnbIadB7vM51Zz_AkfZ6mFmfkJs_Ogg=w484-h240-k-no,true,Open 24 hours,Open 24 hours,Open 24 hours,Open 24 hours,Open 24 hours,Open 24 hours,Open 24 hours,"https://www.google.com/maps/search/tree+service+businesses+in+Ogden+Wilmington+NC/@34.2723916,-77.818594,14z",2026-04-29T06:51:07.929Z,,,
"https://www.google.com/maps/place/Bird+Dog+Stump+Grinding+%26+Landscape+Service,+LLC/data=!4m7!3m6!1s0xae11f1d1c1888e8f:0x7881d74d918ec1b!8m2!3d34.2069834!4d-77.9554515!16s%2Fg%2F11mcm6ktjt!19sChIJj46IwdHxEa4RG-wY2XQdiAc","Bird Dog Stump Grinding & Landscape Service, LLC",4.9,15,Landscaper,,,https://www.birddogstumpgrinding.com/,+1 910-524-4652,Open 24 hours,,https://lh3.googleusercontent.com/gps-cs-s/APNQkAF5ejBtU-jmBZCAeGCFVbC2HEtz3ZEoCON0elSgEl9ZxA7oeQfFsdEnvBy6AYAi53LzmGOZ9WyJsBpJRaepm780qCfZya0CMQP9W1mp9Rk9fJJfFiOcLJ9sjimrzMJC8e4rxKfGFEw9Rj4N=w408-h544-k-no,true,Open 24 hours,Open 24 hours,Open 24 hours,Open 24 hours,Open 24 hours,Open 24 hours,Open 24 hours,"https://www.google.com/maps/search/tree+service+businesses+in+Ogden+Wilmington+NC/@34.2723916,-77.818594,14z",2026-04-29T06:51:12.653Z,,,
https://www.google.com/maps/place/Mother+of+Wild/data=!4m7!3m6!1s0x89a98d0ef02ce087:0x4c7ce997d1f7a5b8!8m2!3d34.3009452!4d-77.792631!16s%2Fg%2F11h3qdjdbb!19sChIJh-As8A6NqYkRuKX30ZfpfEw,Mother of Wild,4.9,65,Florist,"167 Porters Neck Rd Suite 140, Wilmington, NC 28411, United States","8624+9W Wilmington, North Carolina, USA",https://www.motherofwildflowerhouse.com/,+1 910-319-7334,Closed · Opens 9 am,,https://lh3.googleusercontent.com/gps-cs-s/APNQkAGN9wsZCnKeHo69Z5CNfBJ1SjZ8WzMFz16bH_hGDx-cZcB1Wd9mXKGIfmLATr8AxfQw2OiNslNnBUejX2HefaFFZhOZk80fmv6JjxTXelMDrOjpTqKrXXPvLUC1NwnTjKjDKbQ=w408-h612-k-no,true,9 am–5 pm,9 am–5 pm,9 am–5 pm,10 am–3 pm,Closed,9 am–5 pm,9 am–5 pm,"https://www.google.com/maps/search/tree+service+businesses+in+Ogden+Wilmington+NC/@34.2723916,-77.818594,14z",2026-04-29T06:51:17.609Z,· Delivery,,
https://www.google.com/maps/place/OAK+TREE+SERVICE/data=!4m7!3m6!1s0x89aa1e1757879bd3:0x6308544653e0c580!8m2!3d34.1485715!4d-77.955764!16s%2Fg%2F11c1n3c7pq!19sChIJ05uHVxceqokRgMXgU0ZUCGM,OAK TREE SERVICE,5.0,70,Tree service,,,https://www.oaktreeservicenc.com/,+1 910-547-5740,,,https://lh3.googleusercontent.com/gps-cs-s/APNQkAHdhNk-wEjrcdH7RPqdTCpmdoKxmq_5xYw6eDJaPeyu0Fhw5mUST1E9R4BEYZfiXc9v26f2timzg2_4rpF75l1DVl2ylOm-JdODB108qVAsFYRxPCiUUv2w8M8rEU65kFLpVvyu_7kcNvxx=w408-h544-k-no,true,Open 24 hours,Open 24 hours,Open 24 hours,Open 24 hours,Open 24 hours,Open 24 hours,Open 24 hours,"https://www.google.com/maps/search/tree+service+businesses+in+Ogden+Wilmington+NC/@34.2723916,-77.818594,14z",2026-04-29T06:51:22.406Z,,,
https://www.google.com/maps/place/Skywalker+Roofing+Company/data=!4m7!3m6!1s0x6748e63b3d98966d:0x9ffa65d8d6e9076b!8m2!3d34.2667042!4d-77.8359364!16s%2Fg%2F11w4qhlwdc!19sChIJbZaYPTvmSGcRawfp1thl-p8,Skywalker Roofing Company,4.8,48,Roofing contractor,"6643 Gordon Rd, Wilmington, NC 28411, United States","7587+MJ Wilmington, North Carolina, USA",https://skywalkerroofingnc.com/wilmington-roofing-company?utm_campaign=gmb,+1 910-909-4153,Open 24 hours,,https://lh3.googleusercontent.com/gps-cs-s/APNQkAF2VZxCi2STlCl8Fw1j2KbVxAqLf0_c1WrvdAtE0yvSXhmQNdHq70NG9GCORR_l-pS6633W6OdjVdhqIAbyzBsb9_Si86YNEIA21OI380R4h6HeavoSL4oI3Hlzz8npjXC1tk48_Q=w427-h240-k-no,true,Open 24 hours,Open 24 hours,Open 24 hours,Open 24 hours,Open 24 hours,Open 24 hours,Open 24 hours,"https://www.google.com/maps/search/tree+service+businesses+in+Ogden+Wilmington+NC/@34.2723916,-77.818594,14z",2026-04-29T06:51:27.258Z,,,
https://www.google.com/maps/place/Top+Shelf+Detailing+NC/data=!4m7!3m6!1s0x8b0c8e85ea6efbbb:0x2755686fd2ef331a!8m2!3d34.2889533!4d-77.8006597!16s%2Fg%2F11shbfxcp4!19sChIJu_tu6oWODIsRGjPv0m9oVSc,Top Shelf Detailing NC,5.0,56,Car detailing service,"7946 Market St Suite 600, Wilmington, NC 28411, United States","75QX+HP Wilmington, North Carolina, USA",https://topshelfdetailingnc.com/,+1 910-757-9569,Closed · Opens 9 am,,https://lh3.googleusercontent.com/gps-cs-s/APNQkAGIeYYr1uBA29HNTMVFwK2yS96OuzvGPMSOWJ72BmLQXT05PHwHgCgW7X5Gq2nRWy7O3U0uXPd5SszKU4txh74pUuCsB4-PhxIOm6jwXvNDVNdg7OqvgKXERMdZATMwV9gU1GtD=w426-h240-k-no,true,9 am–6 pm,9 am–6 pm,9 am–6 pm,Closed,Closed,9 am–6 pm,9 am–6 pm,"https://www.google.com/maps/search/tree+service+businesses+in+Ogden+Wilmington+NC/@34.2723916,-77.818594,14z",2026-04-29T06:51:32.088Z,,,
https://www.google.com/maps/place/Harbor+Freight/data=!4m7!3m6!1s0x89a98d8b0519f1b7:0xc28039ff64ae7f5d!8m2!3d34.2738374!4d-77.8152193!16s%2Fg%2F11tx6zvgtc!19sChIJt_EZBYuNqYkRXX-uZP85gMI,Harbor Freight,4.6,146,Hardware store,"7316 Market St Unit B, Wilmington, NC 28411, United States","75FM+GW Wilmington, North Carolina, USA",https://www.harborfreight.com/storelocator/7316-market-st-unit-b-wilmington-28411?number=3402,+1 910-661-4344,Closed · Opens 8 am,,https://lh3.googleusercontent.com/gps-cs-s/APNQkAFBrLWGOUe68f2yHq9-d19phxzM5i7xmXQ8ucFzacWw4wgJmFdPvcZz11AGobnIucvwZnrQ4aG6WJRxZGXJkZtl9BhtGsBUQ3C-7KjNoOZOK9o11zdrPXpMJbqIK0sjyEV9BAEEpQ=w408-h306-k-no,true,8 am–8 pm,8 am–8 pm,8 am–8 pm,8 am–8 pm,9 am–6 pm,8 am–8 pm,8 am–8 pm,"https://www.google.com/maps/search/tree+service+businesses+in+Ogden+Wilmington+NC/@34.2723916,-77.818594,14z",2026-04-29T06:51:37.159Z,"Retail chain carrying a wide range of tools, hardware & other products for the home, garden & car.",,
https://www.google.com/maps/place/Wilmington+Landscaping+and+Tree+Care/data=!4m7!3m6!1s0x89a9f5164f017e75:0x4a1a2661ea03e0b!8m2!3d34.2069834!4d-77.8733794!16s%2Fg%2F11hbp89sm6!19sChIJdX4BTxb1qYkRCz6gHmaioQQ,Wilmington Landscaping and Tree Care,4.3,6,Landscaper,,,,+1 910-465-7308,Open 24 hours,,https://lh3.googleusercontent.com/gps-cs-s/APNQkAGTwdiNwg-8w1uJV3CkYGN6nmNzmNk2dUJ1bW78BJqY9TfSR0l8c9ixoHQ9uHDReWn_5gxxa4v9IWcXDJl18PUBLb7EAGd94Uy5ok0Rqh6ZSCV-aKy2rWxQS2dQzrVKtAouydx8=w408-h408-k-no,true,Open 24 hours,Open 24 hours,Open 24 hours,Open 24 hours,Open 24 hours,Open 24 hours,Open 24 hours,"https://www.google.com/maps/search/tree+service+businesses+in+Ogden+Wilmington+NC/@34.2723916,-77.818594,14z",2026-04-29T06:51:41.927Z,,,
https://www.google.com/maps/place/Long+Leaf+Organics/data=!4m7!3m6!1s0x89a9f4a8cef1d977:0x307751913e153621!8m2!3d34.2095436!4d-77.8373664!16s%2Fg%2F11c143jbzt!19sChIJd9nxzqj0qYkRITYVPpFRdzA,Long Leaf Organics,5.0,10,Landscaper,,,http://www.longleaforganics.com/,+1 910-805-5414,Closed · Opens 8 am,,https://lh3.googleusercontent.com/gps-cs-s/APNQkAFDio0O0j-u8_4UQ-WA9wtXBd49guXfjnGNM77HHWrhp-CusXJITZRjcgl06yENFKvErqnsJRSAMkaDVVB4WnENK4tJmBbIGi9ZLJNfrgD31HR8uiA2Jbr7qW7UDVxuaLFX5TOV=w408-h408-k-no,true,8 am–5 pm,8 am–5 pm,8 am–5 pm,Closed,Closed,8 am–5 pm,8 am–5 pm,"https://www.google.com/maps/search/tree+service+businesses+in+Ogden+Wilmington+NC/@34.2723916,-77.818594,14z",2026-04-29T06:51:46.585Z,,,
https://www.google.com/maps/place/Cape+Fear+Habitat+for+Humanity+ReStore/data=!4m7!3m6!1s0x89a98c9537747c8b:0xba0e7ffc02c4ad6a!8m2!3d34.275933!4d-77.814728!16s%2Fg%2F1263vwrd4!19sChIJi3x0N5WMqYkRaq3EAvx_Dro,Cape Fear Habitat for Humanity ReStore,3.9,314,Thrift store,"7330 Market St, Wilmington, NC 28411, United States","75GP+94 Wilmington, North Carolina, USA",http://www.capefearhabitat.org/restore,+1 910-686-9842,Closed · Opens 9 am,,https://lh3.googleusercontent.com/gps-cs-s/APNQkAGv3plh5SNtL7dzuNWv6tzqtZOmgoVAItwwV2xI4_ArzS5EH-UGikui3pBxtL4BZd00ODazcd74ey8diWvAeSU1-sdXGiteNGMu--RHiWxGEAR8K43R3PUjeX3pK22Q8GZttdU=w426-h240-k-no,true,9 am–6 pm,9 am–6 pm,9 am–6 pm,9 am–5 pm,Closed,9 am–6 pm,9 am–6 pm,"https://www.google.com/maps/search/tree+service+businesses+in+Ogden+Wilmington+NC/@34.2723916,-77.818594,14z",2026-04-29T06:51:51.299Z,· In-store shopping · In-store pick-up,,
https://www.google.com/maps/place/A+New+Leaf+Tree+Service/data=!4m7!3m6!1s0x89a9f543866bf87f:0xfa35a1de8d0d6d45!8m2!3d34.2069834!4d-77.8733794!16s%2Fg%2F11fktcmzz6!19sChIJf_hrhkP1qYkRRW0Njd6hNfo,A New Leaf Tree Service,4.9,20,Tree service,,,,+1 910-800-0286,Closed · Opens 9 am,,https://lh3.googleusercontent.com/gps-cs-s/APNQkAG2qFAEyHOJ8vOEBZQmYhBcTLcxcjsP7W4U56QIHhwQjP6AQoZVddftPZavL_27Vdp2MceVUWAGaG4bQkrzj9SMNZCSoxkvnIpIDUsCDCTNJLczNwv2bL8LWsv-No3jEQ5WyZLm=w408-h612-k-no,true,9 am–5 pm,9 am–5 pm,9 am–5 pm,9 am–5 pm,Closed,9 am–5 pm,9 am–5 pm,"https://www.google.com/maps/search/tree+service+businesses+in+Ogden+Wilmington+NC/@34.2723916,-77.818594,14z",2026-04-29T06:51:56.050Z,,,
https://www.google.com/maps/place/Handyman+Connection+of+Wilmington/data=!4m7!3m6!1s0x89a98bee8d8a8bc7:0x8b7ba48893553f07!8m2!3d34.2618088!4d-77.8465446!16s%2Fg%2F11spn2b5l3!19sChIJx4uKje6LqYkRBz9Vk4ike4s,Handyman Connection of Wilmington,4.4,92,Handyman/Handywoman/Handyperson,"6413 Amsterdam Way, Wilmington, NC 28405, United States","7563+P9 Wilmington, North Carolina, USA",https://handymanconnection.com/wilmington/?utm_source=gbp&utm_medium=organic&utm_campaign=GBP-Website-Link,+1 910-970-4200,Temporarily closed,,https://lh3.googleusercontent.com/gps-cs-s/APNQkAFxNSTCxegEFunBqi0Ph7Y2xO2brl2t1VVtlgRzfqqMH8wSO61r_smNmhpah6uRSCf23wAsuQ0SIGxWqV1lPTrknUV3_e7_KBIKteYtAsVVJvUl_VSiMh2M8ukDKBxF8Jhdi8wcCOGPuR4=w427-h240-k-no,true,,,,,,,,"https://www.google.com/maps/search/tree+service+businesses+in+Ogden+Wilmington+NC/@34.2723916,-77.818594,14z",2026-04-29T06:52:01.255Z,,,
https://www.google.com/maps/place/Pleasure+Island+Tree+Care/data=!4m7!3m6!1s0x89a9f89333abbdd9:0x4ce94079b8bdadf7!8m2!3d34.0277457!4d-77.9054973!16s%2Fg%2F11c6ps8ghb!19sChIJ2b2rM5P4qYkR9629uHlA6Uw,Pleasure Island Tree Care,5.0,14,Tree service,"Carolina Beach, NC 28428, United States","23HV+3R Carolina Beach, North Carolina, USA",,+1 910-297-0904,Closed · Opens 8 am,,https://lh3.googleusercontent.com/gps-cs-s/APNQkAE4GmgjcqYOb2B20JplxsNMlommaGK2BaHYTH9VxirUT8RbI7xTzQkU-tbFrqgOHKiuscLSBP2w_F_Zp5WZudf7OMj6utEND26UpnAqVbwo6D2-GyvbTlKWGHC9SyEskQk6_W4x=w408-h306-k-no,true,8 am–4 pm,8 am–4 pm,8 am–4 pm,Closed,Closed,8 am–4 pm,8 am–4 pm,"https://www.google.com/maps/search/tree+service+businesses+in+Carolina+Beach+Wilmington+NC/@34.0359702,-77.8937619,14z",2026-04-29T06:52:22.923Z,,,
"https://www.google.com/maps/place/Supreme+Tree+Service+%7C+Wilmington,+Carolina+Beach,+Wrightsville+Beach,+Hampstead,+Leland/data=!4m7!3m6!1s0x89a9f91260a93639:0x888e5ae015bfa78e!8m2!3d34.0515993!4d-77.9011288!16s%2Fg%2F11nxc6d7vg!19sChIJOTapYBL5qYkRjqe_FeBajog","Supreme Tree Service | Wilmington, Carolina Beach, Wrightsville Beach, Hampstead, Leland",,,Tree service,"1401 N Lake Park Blvd #28, Carolina Beach, NC 28428, United States","332X+JG Carolina Beach, North Carolina, USA",,+1 910-386-9172,Open 24 hours,,https://lh3.googleusercontent.com/gps-cs-s/APNQkAFT2fTYxAorwO5_HrWxukbAIHa0mRm-nhgVR43-E4mDs23p-f7v6YF6u56jrVFQnIBdKmTG85-ryo8Vjn_85ziaC14hBxYAZ9aGjoIPzVrGUh0_8nXqKT8esWQzETX0d1G8z3A=w408-h306-k-no,true,Open 24 hours,Open 24 hours,Open 24 hours,Open 24 hours,Closed,Open 24 hours,Open 24 hours,"https://www.google.com/maps/search/tree+service+businesses+in+Carolina+Beach+Wilmington+NC/@34.0359702,-77.8937619,14z",2026-04-29T06:52:27.891Z,,,
https://www.google.com/maps/place/Seabreeze+Landscape+%26+Design/data=!4m7!3m6!1s0x89a9f9e27b0a9b4d:0x43e4106bf63c1041!8m2!3d34.063162!4d-77.8953702!16s%2Fg%2F11x5vkd5qw!19sChIJTZsKe-L5qYkRQRA89msQ5EM,Seabreeze Landscape & Design,5.0,29,Landscaper,"801 Hatteras Ct, Wilmington, NC 28409, United States","3473+7V Wilmington, North Carolina, USA",,+1 910-232-9877,Closed · Opens 7 am,,https://lh3.googleusercontent.com/gps-cs-s/APNQkAGNCXYcgpAJOtx1-W64HuqxefT0zxtB8KjXXMr18uo4iT8ceumTAmBKIveY2kXViGmWTt2RSXt0J_Qo4u7qTMWp7NE9MHMBzpP_XpeYhWJ8suN0B2ll4sp3N2ZuezvhTxzNIGxgpBjOxy8=w408-h298-k-no,true,7 am–5 pm,7 am–5 pm,7 am–5 pm,Closed,Closed,7 am–5 pm,7 am–5 pm,"https://www.google.com/maps/search/tree+service+businesses+in+Carolina+Beach+Wilmington+NC/@34.0359702,-77.8937619,14z",2026-04-29T06:52:32.563Z,,,
https://www.google.com/maps/place/Carolina+Landscape+Specialists/data=!4m7!3m6!1s0x89a9f9b6fc22ed85:0xca8c027cb20d725e!8m2!3d34.131637!4d-77.8733794!16s%2Fg%2F11f7sqpft6!19sChIJhe0i_Lb5qYkRXnINsnwCjMo,Carolina Landscape Specialists,5.0,8,Landscaper,,,https://sites.google.com/view/carolinalandscapesspecialists/home?authuser=0,,,,https://lh3.googleusercontent.com/gps-cs-s/APNQkAGgCSKNDcwIkjq72X8lsRvluERQ0KtNYcYXYBtzxvxhbjUAKOJ_w4cunxy2Gyt5WgLBA9rpQNF9yfYb8FzuZCeGe02REFn8vS3oSOWIBlYeiCvQE7XEgSNz-sDBm1VpIyrAWORu5A=w426-h240-k-no,true,,,,,,,,"https://www.google.com/maps/search/tree+service+businesses+in+Carolina+Beach+Wilmington+NC/@34.0359702,-77.8937619,14z",2026-04-29T06:52:35.306Z,,,
https://www.google.com/maps/place/A%2B+Tree+%26+Landscaping/data=!4m7!3m6!1s0x89aa0b907ee4e803:0xe9baa2a68ca61ec6!8m2!3d33.9510843!4d-78.2637318!16s%2Fg%2F11hkfl3dq3!19sChIJA-jkfpALqokRxh6mjKaiuuk,A+ Tree & Landscaping,5.0,478,Tree service,"746 Sand Hill Dr SW, Supply, NC 28462, United States","XP2P+CG Supply, North Carolina, USA",https://aplustreelandscaping.com/,+1 910-839-5831,Open 24 hours,Identifies as veteran-owned,https://lh3.googleusercontent.com/gps-cs-s/APNQkAG5Rh_CuzS1wLMS4ae3-6tR9QREksxFZDU0SGnfXuSy-f6Mm9ZXM_OTTXEKL4H5C7AdaaRzQmFfc8iZTxtLeTGi7fHjmuEM_xIkfF34jeJa1MrdS8uEYzhxI_7TtjA40uMfGw8tnQTt9tc=w408-h544-k-no,true,Open 24 hours,Open 24 hours,Open 24 hours,Open 24 hours,Open 24 hours,Open 24 hours,Open 24 hours,"https://www.google.com/maps/search/tree+service+businesses+in+Carolina+Beach+Wilmington+NC/@34.0359702,-77.8937619,14z",2026-04-29T06:52:40.675Z,,,
https://www.google.com/maps/place/Nakatomi+Gardens/data=!4m7!3m6!1s0x89a9f9eee2eb1a2b:0x14aa9248245fa3fc!8m2!3d34.058698!4d-77.9032171!16s%2Fg%2F11x5whflvh!19sChIJKxrr4u75qYkR_KNfJEiSqhQ,Nakatomi Gardens,5.0,43,Plant nursery,"7822 Niffer Ln, Wilmington, NC 28412, United States","335W+FP Wilmington, North Carolina, USA",,+1 910-520-2609,Closed · Opens 10 am Sat,,https://lh3.googleusercontent.com/gps-cs-s/APNQkAFxqM7FdXFhaEwgcfpkmQfyh_KrOwT0suWbhJCRZ6Ni3np8hapeFNH__t7NQ28Gh8F66z6UvEPhmngau3Fndrq4XG0IhX24Ait7SFqDKEHT_8CtvjWK1EMvaXrgBaagqpmJYnUJuxyhWNLv=w408-h306-k-no,true,Closed,Closed,Closed,10 am–3 pm,Closed,10 am–6 pm,10 am–6 pm,"https://www.google.com/maps/search/tree+service+businesses+in+Carolina+Beach+Wilmington+NC/@34.0359702,-77.8937619,14z",2026-04-29T06:52:45.669Z,,,
https://www.google.com/maps/place/Never+Stumped+Tree+Service+LLC/data=!4m7!3m6!1s0x876ab551f76a6a57:0x8082143f3f5ece5a!8m2!3d33.9944167!4d-78.2092722!16s%2Fg%2F11kmrqy70j!19sChIJV2pq91G1aocRWs5ePz8UgoA,Never Stumped Tree Service LLC,5.0,27,Tree service,"1043 Burled Oak Rdg Lp SE, Bolivia, NC 28422, United States","XQVR+Q7 Bolivia, North Carolina, USA",https://neverstumpedtrees.com/,+1 910-408-2099,"Closed · Opens 8 am

Updated by this business 12 weeks ago",Identifies as veteran-owned,https://lh3.googleusercontent.com/gps-cs-s/APNQkAHA8vxfiS3ic77om9Wl3-CAd5qlWcCVqoPKP8GLnIYFb2psrEVq0ELq_CSau00-tqAjAFWAFtB1wukXpRpaxpm2pEwpzfsjCC9BPEvAjtAZalCkVPAR1jcRC-d2hla_7jHJAbE=w426-h240-k-no,true,8 am–5 pm,8 am–5 pm,8 am–5 pm,Closed,Closed,8 am–5 pm,8 am–5 pm,"https://www.google.com/maps/search/tree+service+businesses+in+Carolina+Beach+Wilmington+NC/@34.0359702,-77.8937619,14z",2026-04-29T06:52:51.050Z,,,
https://www.google.com/maps/place/Island+True+Value+Tackle+%26+Hardware/data=!4m7!3m6!1s0x89a9f8f7c7202ebb:0xf1799810a472d32b!8m2!3d34.0401577!4d-77.895808!16s%2Fg%2F1tdqvdbv!19sChIJuy4gx_f4qYkRK9NypBCYefE,Island True Value Tackle & Hardware,4.8,470,Hardware store,"801 N Lake Park Blvd, Carolina Beach, NC 28428, United States","24R3+3M Carolina Beach, North Carolina, USA",https://truevalue.com/?tvstore=1909&utm_source=gbp&utm_medium=organic,+1 910-458-3049,Closed · Opens 6:30 am,,https://lh3.googleusercontent.com/gps-cs-s/APNQkAHyNsBBDEIFRA3YxfifkFe3j6Q4TemWQIRh0MDo0AH9JdHdiK--Y-jI831Mb4n3Src8jJlSS2mlgUsjGswcJPhvkoE9vcR1wvFewggxv_jGM7SAG3VS5LyGUTJliwnnlGRyCeeuRw=w408-h307-k-no,true,6:30 am–9 pm,6:30 am–9 pm,6:30 am–9 pm,6:30 am–9 pm,6:30 am–9 pm,6:30 am–9 pm,6:30 am–9 pm,"https://www.google.com/maps/search/tree+service+businesses+in+Carolina+Beach+Wilmington+NC/@34.0359702,-77.8937619,14z",2026-04-29T06:52:55.822Z,"Hardware store with a variety of fishing supplies, including rods, reels & live bait. · In-store shopping · In-store pick-up · Delivery",,
https://www.google.com/maps/place/Eddies+Tree+Service/data=!4m7!3m6!1s0x2ebb6bdc81beb90d:0x7ab24f49a5562039!8m2!3d34.2134911!4d-77.8750697!16s%2Fg%2F11n48fwb2d!19sChIJDbm-gdxruy4ROSBWpUlPsno,Eddies Tree Service,5.0,3,Tree service,"4949 Wrightsville Ave, Wilmington, NC 28403, United States","647F+9X Wilmington, North Carolina, USA",https://eddiestreeservice.net/,+1 910-995-3315,"Closed · Opens 7 am

Updated by this business 9 weeks ago",LGBTQ+ friendly,https://lh3.googleusercontent.com/gps-cs-s/APNQkAFx20-r8O7OC4qJc7h1dee4UL9FwrkL_rl6Cp549APg6xEsde5Ug55yXhLl8EztBOyD0bzDgg13OhxBUiCqe9b9CF2sn_UewegQATwRUG1ruE1a8op9784zBtCwFW19UwyNS2Op90tgJ8gv=w408-h271-k-no,true,7 am–8 pm,7 am–8 pm,7 am–8 pm,7 am–8 pm,7 am–8 pm,7 am–8 pm,7 am–8 pm,"https://www.google.com/maps/search/tree+service+businesses+in+Carolina+Beach+Wilmington+NC/@34.0359702,-77.8937619,14z",2026-04-29T06:53:00.534Z,,,
https://www.google.com/maps/place/Atlantic+Turf+%26+Palm/data=!4m7!3m6!1s0x89a9f84c482d102d:0x2f982390c82caa8d!8m2!3d34.0547352!4d-77.8866919!16s%2Fg%2F1tqtyr1_!19sChIJLRAtSEz4qYkRjaosyJAjmC8,Atlantic Turf & Palm,,,Plant nursery,"205 Georgia Ave, Carolina Beach, NC 28428, United States","3437+V8 Carolina Beach, North Carolina, USA",,+1 910-458-3266,,,https://streetviewpixels-pa.googleapis.com/v1/thumbnail?panoid=REvPlsI95t_bfLHWUZ_YHg&cb_client=search.gws-prod.gps&w=408&h=240&yaw=211.47717&pitch=0&thumbfov=100,false,,,,,,,,"https://www.google.com/maps/search/tree+service+businesses+in+Carolina+Beach+Wilmington+NC/@34.0359702,-77.8937619,14z",2026-04-29T06:53:03.297Z,,,
"https://www.google.com/maps/place/Cape+Fear+Tree+Service/@34.2069835,-77.8733795,12z/data=!3m1!4b1!4m6!3m5!1s0x89a9f7bcaf91f4c5:0x6270937dc4e6dce7!8m2!3d34.2069834!4d-77.8733794!16s%2Fg%2F1vzqt3fp",Cape Fear Tree Service,3.7,15,Tree service,,,,+1 910-380-1302,Closed · Opens 7 am,,,true,7 am–5 pm,7 am–5 pm,7 am–5 pm,Closed,Closed,7 am–5 pm,7 am–5 pm,"https://www.google.com/maps/search/tree+service+businesses+in+Carolina+Beach+Wilmington+NC/@34.0359702,-77.8937619,14z",2026-04-29T06:53:10.025Z,,,
https://www.google.com/maps/place/Monster+Tree+Service+of+Cape+Fear/data=!4m7!3m6!1s0x8900a9120cf1d5a3:0x76f5dc0f7933c712!8m2!3d34.1121409!4d-78.045993!16s%2Fg%2F11hdw1jcb6!19sChIJo9XxDBKpAIkREsczeQ_c9XY,Monster Tree Service of Cape Fear,4.9,334,Tree service,,,https://www.monstertreeservice.com/cape-fear/,+1 910-613-6617,Closed · Opens 8 am,,https://lh3.googleusercontent.com/gps-cs-s/APNQkAFiEpWDBnPU5UFdYEVTABhJ-frjRsdwsVn_aOjltK4kpY42a59dlmzktLj4rANHpzRWbUF60MgkoyQsHxLgMoMaEqE-4B6pHsrkVNRv0NHuHaVaDv988q1hoBV5FY7pHUfWW66C=w457-h240-k-no,true,8 am–5 pm,8 am–5 pm,8 am–5 pm,Closed,Closed,8 am–5 pm,8 am–5 pm,"https://www.google.com/maps/search/tree+service+businesses+in+Carolina+Beach+Wilmington+NC/@34.0359702,-77.8937619,14z",2026-04-29T06:53:14.985Z,,,
https://www.google.com/maps/place/A+Cut+Above+Tree+Service/data=!4m7!3m6!1s0x89aa0a997d897e99:0x3152956ddce01b9!8m2!3d33.9534555!4d-78.264708!16s%2Fg%2F11c44fj161!19sChIJmX6JfZkKqokRuQHO3VYpFQM,A Cut Above Tree Service,4.9,98,Tree service,"710 Deer Dr SW, Supply, NC 28462, United States","XP3P+94 Supply, North Carolina, USA",https://www.facebook.com/A-cut-above-tree-service-Brunswick-nc-809581185842568/,+1 910-209-4516,Open 24 hours,,https://lh3.googleusercontent.com/gps-cs-s/APNQkAHA0iPmtJ7S84XmdDAKsLnBvDkEc9MQqTQqPKzirdkt_UC4ARf1p9WHnjoGZgXkacYyS2KED72FK5lnrB8h4DuNyg34-SvuQ2AbHfBFqYD-nDK_3wdB952__vgAP5S2ZA1D8BPF3Q=w426-h240-k-no,true,Open 24 hours,Open 24 hours,Open 24 hours,Open 24 hours,Open 24 hours,Open 24 hours,Open 24 hours,"https://www.google.com/maps/search/tree+service+businesses+in+Carolina+Beach+Wilmington+NC/@34.0359702,-77.8937619,14z",2026-04-29T06:53:19.820Z,,,
https://www.google.com/maps/place/Cape+Fear+Generators/data=!4m7!3m6!1s0x89a9f85c57317ca5:0xe75b8daf684cb5e3!8m2!3d34.0498739!4d-77.9018504!16s%2Fg%2F1tfjgd9c!19sChIJpXwxV1z4qYkR47VMaK-NW-c,Cape Fear Generators,4.9,107,Electrical installation service,"1333 Bridge Barrier Rd, Carolina Beach, NC 28428, United States","23XX+W7 Carolina Beach, North Carolina, USA",http://capefeargenerator.com/,+1 910-458-5832,Closed · Opens 8 am,,https://lh3.googleusercontent.com/gps-cs-s/APNQkAEAZv4KBXBbLxkhgsj72jmHd_vlP1ruV5fxYkYElYCbU0YcyBJWgbxuIpkOuVqkOLINVsFA087f-ILCXeanh00Nxeb3aLijPxmfT3nTDleEMOFY3sPhZWROox_brnhJ3W2xcYTLBA=w408-h306-k-no,true,8 am–5 pm,8 am–5 pm,8 am–5 pm,Open 24 hours,Open 24 hours,8 am–5 pm,8 am–5 pm,"https://www.google.com/maps/search/tree+service+businesses+in+Carolina+Beach+Wilmington+NC/@34.0359702,-77.8937619,14z",2026-04-29T06:53:24.671Z,,,
https://www.google.com/maps/place/Buenavista+Landscaping+and+Nursery/data=!4m7!3m6!1s0x89a9f7637f3e61e1:0x3d5a9ebef4b02871!8m2!3d34.1519576!4d-77.903302!16s%2Fg%2F11rvdl08nk!19sChIJ4WE-f2P3qYkRcSiw9L6eWj0,Buenavista Landscaping and Nursery,4.5,15,Plant nursery,"4915 Carolina Beach Rd, Wilmington, NC 28412, United States","532W+QM Wilmington, North Carolina, USA",https://www.buenavistalandscapeandnursery.com/,+1 910-444-8181,Closed · Opens 8 am,,https://lh3.googleusercontent.com/gps-cs-s/APNQkAHpYCm9w_NbDnp41QLRc53Jpz2vSqlJr9tjGdi8RUZOsHxtEtosy4e8ll5uOV4PtrwVkDKeNqiva4HX7ZeRLpKQuvQaL3TkHb8HUawDvbwZY-DAfHYbV1KNthL2UFccbj8N1CM=w408-h526-k-no,true,8 am–3 pm,8 am–3 pm,8 am–3 pm,8 am–12 pm,Closed,8 am–3 pm,8 am–3 pm,"https://www.google.com/maps/search/tree+service+businesses+in+Carolina+Beach+Wilmington+NC/@34.0359702,-77.8937619,14z",2026-04-29T06:53:29.507Z,· Dogs allowed,,
https://www.google.com/maps/place/Tidal+Wave+Construction/data=!4m7!3m6!1s0x89a9f8edf3e71b4f:0xf17ecc304d34ca97!8m2!3d34.0304983!4d-77.9006983!16s%2Fg%2F12hsxl3g1!19sChIJTxvn8-34qYkRl8o0TTDMfvE,Tidal Wave Construction,4.9,27,Home builder,"413 Clarendon Blvd, Carolina Beach, NC 28428, United States","23JX+5P Carolina Beach, North Carolina, USA",http://www.tidalwaveconstruction.com/,+1 910-363-2290,Closed · Opens 9 am,,https://lh3.googleusercontent.com/gps-cs-s/APNQkAF1hyefiBHOcFtn1gf_19FvUnzwB4KYs29H74OXCsa9S2korC5aiEjM4K8XDlbr4xmzvSSmI73ufBVIgFZH7WoYZDVV2Ib7Ht240zG0--w8frv8FeCWAz7OLLs9Q082HBTTY8f3Lg=w460-h240-k-no,true,9 am–5 pm,9 am–5 pm,9 am–5 pm,9 am–5 pm,Closed,9 am–5 pm,9 am–5 pm,"https://www.google.com/maps/search/tree+service+businesses+in+Carolina+Beach+Wilmington+NC/@34.0359702,-77.8937619,14z",2026-04-29T06:53:34.481Z,,,
https://www.google.com/maps/place/Carolina+Tree+%26+Landscape+Services/data=!4m7!3m6!1s0x89aa74d0d70c536f:0x65ac83a3f7daeae5!8m2!3d33.9997345!4d-78.3018821!16s%2Fg%2F1tyyxzym!19sChIJb1MM19B0qokR5era96ODrGU,Carolina Tree & Landscape Services,4.2,20,Tree service,"218 Mt Pisgah Rd SW, Supply, NC 28462, United States","XMXX+V6 Supply, North Carolina, USA",https://carolinatreeandlandscaping.com/,+1 910-842-9817,Closed · Opens 7 am,,https://lh3.googleusercontent.com/gps-cs-s/APNQkAGKssM9IC7nnuBpQB0nLXBTi5rR0lLlNDayADRfmtoX-a6psWdgLGhCiNsBwzU8vdYVZigk3fS8htDWwN9ZUIxOxOKztZeUXYD1OC25w_5RJ-We4ZT2AIRSXgUEDx4x7phAzoY=w408-h306-k-no,true,7 am–7 pm,7 am–7 pm,7 am–7 pm,Closed,Closed,7 am–7 pm,7 am–7 pm,"https://www.google.com/maps/search/tree+service+businesses+in+Carolina+Beach+Wilmington+NC/@34.0359702,-77.8937619,14z",2026-04-29T06:53:39.468Z,,,
https://www.google.com/maps/place/Sea+Ranch+Motel/data=!4m10!3m9!1s0x89a9f8e9030e57b3:0xaf159918013229bb!5m2!4m1!1i2!8m2!3d34.0230544!4d-77.8968047!16s%2Fg%2F1tgf8n9f!19sChIJs1cOA-n4qYkRuykyARiZFa8,Sea Ranch Motel,4.2,351,,"1123 Lake Park Blvd S, Carolina Beach, NC 28428, United States","24F3+67 Carolina Beach, North Carolina, USA",https://searanchmotel.com/,+1 910-458-8681,,,https://lh3.googleusercontent.com/gps-cs-s/APNQkAH6KNEaqtHlQxoeOg9b-O_1Z5j67PkAAqkjlG3CNjBYyShuvVtr--p8fYDNYhCgfTZwFp7xrtmRItB-WY7Z9_tAvlX9RLt-HqSmMA3pogwkQRorS5ZiYo-rBVesH4kdYzBSVzHC=w408-h306-k-no,false,,,,,,,,"https://www.google.com/maps/search/tree+service+businesses+in+Carolina+Beach+Wilmington+NC/@34.0359702,-77.8937619,14z",2026-04-29T06:53:42.464Z,,,
https://www.google.com/maps/place/Freeman+Park+Beach/data=!4m7!3m6!1s0x89a9f9cc40181411:0xb205ddd5cc10f25c!8m2!3d34.0601045!4d-77.880752!16s%2Fg%2F1tzgq219!19sChIJERQYQMz5qYkRXPIQzNXdBbI,Freeman Park Beach,4.6,2387,Park,"1800 Canal Dr, Carolina Beach, NC 28428, United States","3469+2M Carolina Beach, North Carolina, USA",https://www.carolinabeach.org/visitors/freeman-park,+1 910-458-4614,Open 24 hours,,https://lh3.googleusercontent.com/gps-cs-s/APNQkAHgFog8wzwwifxdISYoD_Rkeino_2U6IA9AVEO6irTboJoo8LVySryWyo8gW4qKEAuCSdpA_c3IRfweP7-o5KNupUKPMHMI3EcWzBcx53xblCsK1q8dcQp2wYsgO50fu3P1B5hG=w426-h240-k-no,false,Open 24 hours,Open 24 hours,Open 24 hours,Open 24 hours,Open 24 hours,Open 24 hours,Open 24 hours,"https://www.google.com/maps/search/tree+service+businesses+in+Carolina+Beach+Wilmington+NC/@34.0359702,-77.8937619,14z",2026-04-29T06:53:47.457Z,"Popular seaside park for tent camping & bonfires, plus fishing, swimming & boating. · Dogs allowed",,
https://www.google.com/maps/place/Carolina+%26+Kure+Beach+Rentals+by+Carolina+Retreats/data=!4m7!3m6!1s0x89a9f8ef2c99c099:0x4786536d867f95d!8m2!3d34.0251011!4d-77.8966059!16s%2Fg%2F1tf03bp2!19sChIJmcCZLO_4qYkRXfln2DZleAQ,Carolina & Kure Beach Rentals by Carolina Retreats,4.6,268,Vacation home rental agency,"1000 Lake Park Blvd S, Carolina Beach, NC 28428, United States","24G3+29 Carolina Beach, North Carolina, USA",http://www.carolinaretreats.com/,+1 866-458-3001,Closed · Opens 9 am,,https://lh3.googleusercontent.com/gps-cs-s/APNQkAHsTlj8hAIK93Ss_O8XVTWQYSgd09KeHnJ35TjZs-4FRLRP3FjHwOW2Z3rrg53LSiAubcGnL6cHR4kt5PQOHnZIjUT38_0kWUT1hjwSRxY60Gztmxre0eZMawWkMmwc6zdjWh-l=w1223-h240-k-no,true,9 am–5 pm,9 am–5 pm,9 am–5 pm,9 am–5 pm,Closed,9 am–5 pm,9 am–5 pm,"https://www.google.com/maps/search/tree+service+businesses+in+Carolina+Beach+Wilmington+NC/@34.0359702,-77.8937619,14z",2026-04-29T06:53:52.405Z,,,
https://www.google.com/maps/place/Bame+Ace+Hardware/data=!4m7!3m6!1s0x89a9f858bf389e29:0x5f3795f73cbc75e3!8m2!3d34.0431424!4d-77.8978934!16s%2Fg%2F1tj33_jh!19sChIJKZ44v1j4qYkR43W8PPeVN18,Bame Ace Hardware,4.7,233,Hardware store,"1021 N Lake Park Blvd, Carolina Beach, NC 28428, United States","24V2+7R Carolina Beach, North Carolina, USA",http://www.acehardware.com/store-details/08076?utm_source=google&utm_medium=local&utm_campaign=localmaps&utm_content=08076,+1 910-458-8266,"Closed · Opens 7:30 am

Confirmed by this business 10 weeks ago",,https://lh3.googleusercontent.com/gps-cs-s/APNQkAGbC2DHzUEV0Dw91ZvWGBothDBf1dctWZwtzVeCr03gQVxizcmrcvaof3sDyHbmr-OfVNQzFvh13r7zGGiZrjaFeGEjBV2Og93MxnHJKS8axtnqT5PG8I7jT0RAlb5NyuJT_LI=w408-h306-k-no,true,7:30 am–6 pm,7:30 am–6 pm,7:30 am–6 pm,8 am–5 pm,9 am–3 pm,7:30 am–6 pm,7:30 am–6 pm,"https://www.google.com/maps/search/tree+service+businesses+in+Carolina+Beach+Wilmington+NC/@34.0359702,-77.8937619,14z",2026-04-29T06:53:57.272Z,"Hardware store stocking household tools, garden supplies, home decor & more. · In-store shopping · In-store pick-up",,
https://www.google.com/maps/place/Carolina+Beach+Pontoon+Rental/data=!4m7!3m6!1s0x89a9f850ea032055:0x4bdc22dd4552d2fb!8m2!3d34.0424381!4d-77.8935501!16s%2Fg%2F11b6jglsvh!19sChIJVSAD6lD4qYkR-9JSRd0i3Es,Carolina Beach Pontoon Rental,4.9,157,Boat rental service,"924 St Joseph St, Carolina Beach, NC 28428, United States","24R4+XH Carolina Beach, North Carolina, USA",https://www.carolinabeachpontoonrental.com/,+1 910-508-9075,Closed · Opens 8:30 am,,https://lh3.googleusercontent.com/gps-cs-s/APNQkAGHwCf-heO7L02wFW2mP1toslwcXMYpV72lmwAb3jcJMnGAVvAgmP_ch3sGhOF-GSmdArOG8EDNaTL_zu-alNkGJFB50p716wo4BOjZkoxL_PIT_eH50PCC8IQKAk_38dqHyOpNQA=w408-h544-k-no,true,8:30 am–6 pm,8:30 am–6 pm,8:30 am–6 pm,8:30 am–6 pm,8:30 am–6 pm,8:30 am–6 pm,8:30 am–6 pm,"https://www.google.com/maps/search/tree+service+businesses+in+Carolina+Beach+Wilmington+NC/@34.0359702,-77.8937619,14z",2026-04-29T06:54:02.350Z,,,
https://www.google.com/maps/place/Surfs+Up+Mini+Golf+%26+Tiki+Bar/data=!4m7!3m6!1s0x89a9f9c75db4e3d7:0xabc2c9623c0d42e9!8m2!3d34.050364!4d-77.9012599!16s%2Fg%2F11x2bnwm85!19sChIJ1-O0Xcf5qYkR6UINPGLJwqs,Surfs Up Mini Golf & Tiki Bar,5.0,303,Miniature golf course,"1360 Bridge Barrier Rd, Carolina Beach, NC 28428, United States","332X+4F Carolina Beach, North Carolina, USA",http://www.surfsupminigolf.com/,,"Closed · Opens 10 am

Updated by this business 1 week ago",LGBTQ+ friendly,https://lh3.googleusercontent.com/gps-cs-s/APNQkAGhgmRBuaYxrghRLczVRW5N1lOYxBOs-46M-OYKrXJ2HTwRFrDR_p1IwEkDuMN015haQoLuPvr_aGXc0z-KlNtbE_VkRHZ0MpiPC3xOwu5TZc9PAdRPs6902XkrmYFHdkc2E6hDScrF56Pp=w408-h306-k-no,true,10 am–9 pm,10 am–9 pm,10 am–10 pm,10 am–10 pm,10 am–9 pm,10 am–7 pm,10 am–9 pm,"https://www.google.com/maps/search/tree+service+businesses+in+Carolina+Beach+Wilmington+NC/@34.0359702,-77.8937619,14z",2026-04-29T06:54:07.321Z,,,
https://www.google.com/maps/place/J%26G+Trucking+and+Grading/data=!4m7!3m6!1s0xac822c31017bc123:0x7a655481874fc565!8m2!3d34.242754!4d-78.0677095!16s%2Fg%2F11kqwyp73z!19sChIJI8F7ATEsgqwRZcVPh4FUZXo,J&G Trucking and Grading,4.9,52,Dirt supplier,,,https://www.facebook.com/p/JG-trucking-clearing-grading-100064761760806/,+1 910-616-8385,Closed · Opens 7 am,LGBTQ+ friendly,https://lh3.googleusercontent.com/gps-cs-s/APNQkAFn12szgaePCIIVodXHsCMx9gl_hnxV4KYyfqxQwaVl6IaR4mllu8t6NemBP0wMBSJdwTcVnh0mybwd4TtMGM3ccHhuXzV_I19pisL1dvlcTROkBu3KpSu86BB4gan_-laTVgAOVI-2HmoS=w408-h306-k-no,true,7 am–6 pm,7 am–6 pm,7 am–6 pm,7 am–2 pm,Closed,7 am–6 pm,7 am–6 pm,"https://www.google.com/maps/search/tree+service+businesses+in+Carolina+Beach+Wilmington+NC/@34.0359702,-77.8937619,14z",2026-04-29T06:54:12.208Z,,true,
https://www.google.com/maps/place/Superior+Automotive/data=!4m7!3m6!1s0x89a9f8ef1bb6d8fd:0x91465a023c1eb5fe!8m2!3d34.0268489!4d-77.896271!16s%2Fg%2F1tf6y6dp!19sChIJ_di2G-_4qYkR_rUePAJaRpE,Superior Automotive,4.5,177,Auto repair shop,"105 Sumter Ave, Carolina Beach, NC 28428, United States","24G3+PF Carolina Beach, North Carolina, USA",,+1 910-458-3279,Closed · Opens 8 am,,https://lh3.googleusercontent.com/gps-cs-s/APNQkAEjHBXpPiN5aTJcPtDaiDDojX0tL5_6GC7iq4f4Ds0nB4akQuycIZmzVEY1XQqed86ZJhAFqkXi2Vw3pcaEzLKQrJcCRL_px367UXOV90gP6mHd0r19Gh-0UcAU4rAOElmyxdEMtg=w408-h306-k-no,true,8 am–5 pm,8 am–5 pm,8 am–5 pm,Closed,Closed,8 am–5 pm,8 am–5 pm,"https://www.google.com/maps/search/tree+service+businesses+in+Carolina+Beach+Wilmington+NC/@34.0359702,-77.8937619,14z",2026-04-29T06:54:17.091Z,,,
https://www.google.com/maps/place/Coreys+Creations+%26+Landscaping+LLC/data=!4m7!3m6!1s0x89a9f99ea1111fe1:0xdf18a1b2f1fb6de7!8m2!3d34.242754!4d-78.0677095!16s%2Fg%2F11ftvzf9v1!19sChIJ4R8RoZ75qYkR52378bKhGN8,Coreys Creations & Landscaping LLC,5.0,9,Junk removal service,,,,+1 910-800-8990,Closed · Opens 7 am,,https://lh3.googleusercontent.com/gps-cs-s/APNQkAG3FAkWwwyU5PHeTIcE7YFXnleEWhZcItQhZCwND_AEY-FIqNcacwM2Ah1Q1KkSbwnh4dOXvxWPjpALJtsH3qstT8IddkbvFvIpPTTvmR734bt3SFKPHLaRp25EmtbGWAgTslzj=w408-h306-k-no,true,7 am–7 pm,7 am–7 pm,7 am–7 pm,7 am–7 pm,Closed,7 am–7 pm,7 am–7 pm,"https://www.google.com/maps/search/tree+service+businesses+in+Carolina+Beach+Wilmington+NC/@34.0359702,-77.8937619,14z",2026-04-29T06:54:21.880Z,,,
https://www.google.com/maps/place/Cutting+Edge+Lawn+and+Landscaping/data=!4m7!3m6!1s0x89a9f4e5dcf87723:0x46b644a7b712e2a7!8m2!3d34.0711185!4d-77.962726!16s%2Fg%2F11b8v9w6h5!19sChIJI3f43OX0qYkRp-ISt6dEtkY,Cutting Edge Lawn and Landscaping,4.6,19,Landscaper,,,,+1 910-617-9358,Closed · Opens 7 am,,https://lh3.googleusercontent.com/gps-cs-s/APNQkAHdDfybrXggEDcx50ousAVCM7DPZ8ASJOYC6cau2_GnmTmZ2e0270wEZSXJ0ZRjPaOY6rkNZDb9iUSHi64A4zT_SsYegznp7qUjIgchWYebkJGLjzhGyGJT2mecEVMuCcTG1rRQ=w408-h306-k-no,true,7 am–7 pm,7 am–7 pm,7 am–7 pm,7 am–2 pm,Closed,7 am–7 pm,7 am–7 pm,"https://www.google.com/maps/search/tree+service+businesses+in+Carolina+Beach+Wilmington+NC/@34.0359702,-77.8937619,14z",2026-04-29T06:54:26.829Z,,,
https://www.google.com/maps/place/CanvasGicleePrinting.com/data=!4m7!3m6!1s0x89a9f8584a7199bf:0xafe942f4c6534470!8m2!3d34.0427165!4d-77.8964944!16s%2Fg%2F11cfb48ck!19sChIJv5lxSlj4qYkRcERTxvRC6a8,CanvasGicleePrinting.com,4.7,26,Print shop,"1008-103 N Lake Park Blvd, Carolina Beach, NC 28428, United States","24V3+3C Carolina Beach, North Carolina, USA",http://www.canvasgicleeprinting.com/,+1 910-458-4229,Closed · Opens 9 am,,https://lh3.googleusercontent.com/gps-cs-s/APNQkAG8KUOMRuGjFNNOZeriEyorBnBm3dztWZ14NtXCF5wAPzQcXnzut_XAafV3dHyTZDZ3BxMzOOnrZr829Cwy9yDy9l_Ny2FP0MbVwE-zev2YLK6l-ay1R5vGwiFes8nVyQgKiYxz=w408-h534-k-no,true,9 am–5 pm,9 am–5 pm,9 am–5 pm,Closed,Closed,9 am–5 pm,9 am–5 pm,"https://www.google.com/maps/search/tree+service+businesses+in+Carolina+Beach+Wilmington+NC/@34.0359702,-77.8937619,14z",2026-04-29T06:54:31.663Z,· In-store pick-up · Delivery,,
https://www.google.com/maps/place/Carolina+Beach+Inn/data=!4m10!3m9!1s0x89a9f8f0a41f08c5:0x769ea4e55260146f!5m2!4m1!1i2!8m2!3d34.0348957!4d-77.8945129!16s%2Fg%2F1tdph1q8!19sChIJxQgfpPD4qYkRbxRgUuWknnY,Carolina Beach Inn,4.7,408,,"205 Harper Ave, Carolina Beach, NC 28428, United States","24M4+X5 Carolina Beach, North Carolina, USA",http://www.carolinabeachinn.com/,+1 910-622-8393,,,https://lh3.googleusercontent.com/gps-cs-s/APNQkAGjZvP0WFQxV9f_P_LE99SLVAc7VZAZi4jTgGDO0_IY9V_MzKQJKgIZisdXmzFjtwardED528ir4c6haMfWT9ZovUtig1xgvPTaoiOkYVf9EJq_r-Yr9waBk7i5MbR_-9fmGeE=w408-h272-k-no,true,,,,,,,,"https://www.google.com/maps/search/tree+service+businesses+in+Carolina+Beach+Wilmington+NC/@34.0359702,-77.8937619,14z",2026-04-29T06:54:34.616Z,,,
https://www.google.com/maps/place/Seaside+Shenanigans/data=!4m7!3m6!1s0x89a9f9f567e17fd5:0x6db0b932d47e7962!8m2!3d34.0351149!4d-77.8939785!16s%2Fg%2F11ghn7cv2j!19sChIJ1X_hZ_X5qYkRYnl-1DK5sG0,Seaside Shenanigans,4.7,59,Gift shop,"201 N Lake Park Blvd, Carolina Beach, NC 28428, United States","24P4+2C Carolina Beach, North Carolina, USA",http://seasideshenanigans.com/,+1 910-707-0942,Closed · Opens 11 am,,https://lh3.googleusercontent.com/gps-cs-s/APNQkAFnpv7UAiepX3RDA7r0vPvry5-sv815YziBbZKFsP1l3br2qy_jYQpw7IllD7S8Lx0pT2Pl9ZX9YrUO_oIiwn1puL-Or9kyJY2l56BTY66z0UNgkqmfnEx6a030CJXL4A4Ah7Q=w426-h240-k-no,true,11 am–9 pm,11 am–9 pm,11 am–10 pm,11 am–10 pm,11 am–9 pm,11 am–9 pm,11 am–9 pm,"https://www.google.com/maps/search/tree+service+businesses+in+Carolina+Beach+Wilmington+NC/@34.0359702,-77.8937619,14z",2026-04-29T06:54:39.475Z,,,
https://www.google.com/maps/place/Plant+Lady+Designs/data=!4m7!3m6!1s0x89a9f8ebe3b8fdcd:0x8871dd4e71c76896!8m2!3d34.0244176!4d-77.8998019!16s%2Fg%2F1tdx4_ds!19sChIJzf244-v4qYkRlmjHcU7dcYg,Plant Lady Designs,3.0,9,Landscape designer,"917 Oceanward Ln, Carolina Beach, NC 28428, United States","24F2+Q3 Carolina Beach, North Carolina, USA",,+1 910-368-9029,,,https://streetviewpixels-pa.googleapis.com/v1/thumbnail?panoid=hXMxgzG0L2YlyPQKkvSOAg&cb_client=search.gws-prod.gps&w=408&h=240&yaw=258.0737&pitch=0&thumbfov=100,true,,,,,,,,"https://www.google.com/maps/search/tree+service+businesses+in+Carolina+Beach+Wilmington+NC/@34.0359702,-77.8937619,14z",2026-04-29T06:54:42.186Z,,,
https://www.google.com/maps/place/Ken%27s+Tree+Service/data=!4m7!3m6!1s0x89aa1fcc72c3c581:0x78300a6eb0f7498f!8m2!3d34.242754!4d-78.0677095!16s%2Fg%2F1tyzzvzf!19sChIJgcXDcswfqokRj0n3sG4KMHg,Ken's Tree Service,5.0,15,Tree service,,,,+1 910-367-1896,Open 24 hours,,https://lh3.googleusercontent.com/gps-cs-s/APNQkAG3gjRUFIOE1qepaDNWLyMogIqsOc_rt60PP384cfigvuC6mXbosx4vmzMQvFC9ccXGYAOYsRgMkAaQR51Te_gruAC4PDw4ENZCFdv-T0KAA16uyLbETrFjFXhSCrKfAC-ewG9q80IeSYaN=w408-h306-k-no,true,Open 24 hours,Open 24 hours,Open 24 hours,Open 24 hours,Open 24 hours,Open 24 hours,Open 24 hours,"https://www.google.com/maps/search/tree+service+businesses+in+Carolina+Beach+Wilmington+NC/@34.0359702,-77.8937619,14z",2026-04-29T06:54:47.202Z,,,
https://www.google.com/maps/place/Creative+Supply+House/data=!4m7!3m6!1s0x89a9f97cae38b1c1:0xfb3e9d6d24112acb!8m2!3d34.0321086!4d-77.9030639!16s%2Fg%2F11hfx8q4sg!19sChIJwbE4rnz5qYkRyyoRJG2dPvs,Creative Supply House,5.0,7,Website designer,"601 Atlanta Ave, Carolina Beach, NC 28428, United States","23JW+RQ Carolina Beach, North Carolina, USA",https://creativesupplyhouse.com/,+1 615-335-5669,Closed · Opens 8 am,,https://streetviewpixels-pa.googleapis.com/v1/thumbnail?panoid=Pf7ItANKm8N4F6dp5AnslQ&cb_client=search.gws-prod.gps&w=408&h=240&yaw=189.10886&pitch=0&thumbfov=100,true,8 am–6 pm,8 am–6 pm,8 am–6 pm,Closed,Closed,8 am–6 pm,8 am–6 pm,"https://www.google.com/maps/search/tree+service+businesses+in+Carolina+Beach+Wilmington+NC/@34.0359702,-77.8937619,14z",2026-04-29T06:54:52.143Z,,,
"https://www.google.com/maps/place/Southern+Tide+Outdoors,+LLC./data=!4m7!3m6!1s0x411cd75ab31e3703:0x8cf689415f020052!8m2!3d34.1516515!4d-77.9554515!16s%2Fg%2F11y_vjzlcr!19sChIJAzces1rXHEERUgACX0GJ9ow","Southern Tide Outdoors, LLC.",5.0,17,Landscaper,,,https://sites.google.com/view/southerntideoutdoors/home,+1 704-915-9561,Closed · Opens 8 am,,https://lh3.googleusercontent.com/gps-cs-s/APNQkAHksi8RBUyvvVinFGrAXAHQ31sII0VLD4ALhXFdwMFoq80keVH4CIzEeZ-O71HBg32KiXuHfBoiD7s-zkfVaBMIm6MKEbWIBnhuamSAPL3Z9EDsN04Ql5P9qv9DzmP7QGSkh-Q3NRio1LJW=w519-h240-k-no,true,8 am–7 pm,8 am–7 pm,8 am–7 pm,8 am–7 pm,Closed,8 am–7 pm,8 am–7 pm,"https://www.google.com/maps/search/tree+service+businesses+in+Carolina+Beach+Wilmington+NC/@34.0359702,-77.8937619,14z",2026-04-29T06:54:56.834Z,,,
https://www.google.com/maps/place/J%26S+Tree+Removal/data=!4m7!3m6!1s0x89aa73412f8f6653:0xa0bb9b172b23285e!8m2!3d34.062346!4d-78.2739461!16s%2Fg%2F11g6jqw2mn!19sChIJU2aPL0FzqokRXigjKxebu6A,J&S Tree Removal,4.7,34,Tree service,,,https://jandstreeremoval.com/?utm_source=omg-gbp&utm_medium=webclick,+1 910-523-4840,Open 24 hours,,https://lh3.googleusercontent.com/gps-cs-s/APNQkAE4qtxdoztP6dcuFmJHRqpMrtgCUepe7mhlW6oG_sLSCftbUFRK5Sx51u0E2hs4SE6uRh9sStc0FVJQqLdKNHVCMbpB7Y0mBXrXMXqafNMC8WJVSkcHA-Hq_ng1oFJ2BxiKhi8C=w408-h544-k-no,true,Open 24 hours,Open 24 hours,Open 24 hours,Open 24 hours,Open 24 hours,Open 24 hours,Open 24 hours,"https://www.google.com/maps/search/tree+service+businesses+in+Carolina+Beach+Wilmington+NC/@34.0359702,-77.8937619,14z",2026-04-29T06:55:01.651Z,,,
https://www.google.com/maps/place/Lee%27s+Landscaping/data=!4m7!3m6!1s0xadb90952274b094d:0x14e6c6f60c3c316d!8m2!3d34.2132152!4d-77.8706488!16s%2Fg%2F11ldsdc0wc!19sChIJTQlLJ1IJua0RbTE8DPbG5hQ,Lee's Landscaping,5.0,64,Landscaper,"204 Jordan Ln, Wilmington, NC 28403, United States","647H+7P Wilmington, North Carolina, USA",https://leeslandscaping1.wordpress.com/,+1 919-627-0313,Closed · Opens 7 am,,https://lh3.googleusercontent.com/gps-cs-s/APNQkAEZeOVec3eB0S30cxrEmPD4sNH5qI22Zd9rJhb1ZImFvzdo0h9ob1Z_kDc9I42OOSzQAFOZWhPOY9u8rZTDdnJOnFTgcCmV9qKK3gppS9GYyUHGjZotupXN9ocvFjXq80FCHTnIuzTaylAW=w408-h306-k-no,true,7 am–7:30 pm,7 am–7:30 pm,7 am–7:30 pm,9 am–7:30 pm,7 am–7:30 pm,7 am–7:30 pm,7 am–7:30 pm,"https://www.google.com/maps/search/tree+service+businesses+in+Carolina+Beach+Wilmington+NC/@34.0359702,-77.8937619,14z",2026-04-29T06:55:06.439Z,,,
https://www.google.com/maps/place/Pleasure+Island+Tattoo/data=!4m7!3m6!1s0x89a9f85892662cc9:0xbc4435d91b71c185!8m2!3d34.0426472!4d-77.8976285!16s%2Fg%2F11c1n7jq82!19sChIJySxmklj4qYkRhcFxG9k1RLw,Pleasure Island Tattoo,4.6,175,Tattoo shop,"1009 N Lake Park Blvd B2, Carolina Beach, NC 28428, United States","24V2+3W Carolina Beach, North Carolina, USA",http://www.pleasureislandtattoo.com/,+1 910-512-4658,Closed · Opens 12 pm,LGBTQ+ friendly,https://lh3.googleusercontent.com/gps-cs-s/APNQkAFv5rj-m1YQZ5geeMFAhdX24jNfw8tzCMZ9sLehOrovoYIvGgcnRecpDughW0CuEmZQTCBk3ZDEDoEk75MQUNZovE_CQ0s65iOHuSztKh8nQgbuwuGM7KAq66cxb76MPr1WZSI55P-e7civ=w408-h544-k-no,true,12–8 pm,12–8 pm,12–8 pm,12–8 pm,12–6 pm,12–8 pm,12–8 pm,"https://www.google.com/maps/search/tree+service+businesses+in+Carolina+Beach+Wilmington+NC/@34.0359702,-77.8937619,14z",2026-04-29T06:55:11.675Z,,,
https://www.google.com/maps/place/Pleasure+Island/data=!4m7!3m6!1s0x89a9f8bf1e6ff81b:0x5e5ec0a8f80131cc!8m2!3d34.0374208!4d-77.9110321!16s%2Fm%2F02r27vb!19sChIJG_hvHr_4qYkRzDEB-KjAXl4,Pleasure Island,4.7,43,Island,"North Carolina, USA",,,,,,https://lh3.googleusercontent.com/gps-cs-s/APNQkAGr3GBns5giGoBIPdaqsxbc3TJgwlMw6xAnDU9hde7UODal4Epy3BALNFJcC_eOGOKADfk4mV-EKHfsSAVsfnN0P-Heu9p8P9hI8WfIdZXVTiKEUfHnrcZ9m6GBEqMBBsmmfw00=w426-h240-k-no,true,,,,,,,,"https://www.google.com/maps/search/tree+service+businesses+in+Carolina+Beach+Wilmington+NC/@34.0359702,-77.8937619,14z",2026-04-29T06:55:14.201Z,,,
"https://www.google.com/maps/place/Rudy%27s+Tree+Service+and+Landscaping,+LLC/data=!4m7!3m6!1s0x89aa22d9b3c728fb:0x16fbb73f043e1f70!8m2!3d34.4281805!4d-78.4916116!16s%2Fg%2F11d_tz2rwy!19sChIJ-yjHs9kiqokRcB8-BD-3-xY","Rudy's Tree Service and Landscaping, LLC",4.6,23,Tree service,,,,+1 910-641-1763,Open 24 hours,,https://lh3.googleusercontent.com/gps-cs-s/APNQkAFqnpr8sxOjpqHkygGf_ZGwsY0wsd9-xgqcVARNFNGLQI2tfFET-C-6Qad41hj7SaUVfz7veirg_2K2P_eeLG-hYRc9hcQ4LjEbX8w9ojFrjKFcwzQZyn3L0xFOp_L0dYnTMSl5=w458-h240-k-no,true,Open 24 hours,Open 24 hours,Open 24 hours,Open 24 hours,Open 24 hours,Open 24 hours,Open 24 hours,"https://www.google.com/maps/search/tree+service+businesses+in+Carolina+Beach+Wilmington+NC/@34.0359702,-77.8937619,14z",2026-04-29T06:55:18.823Z,,,
https://www.google.com/maps/place/Celtic+Creamery/data=!4m7!3m6!1s0x89a9f9134d70cc9f:0xc545a66fc798597d!8m2!3d34.0351149!4d-77.8939785!16s%2Fg%2F11ghn7cf03!19sChIJn8xwTRP5qYkRfVmYx2-mRcU,Celtic Creamery,4.7,1089,Ice cream shop,"201 N Lake Park Blvd, Carolina Beach, NC 28428, United States","24P4+2C Carolina Beach, North Carolina, USA",https://celticcreamery.com/,+1 910-707-0943,"Closed · Opens 11 am

Updated by this business 2 weeks ago",,https://lh3.googleusercontent.com/gps-cs-s/APNQkAG52JtGgpXWIbRofpf3PWpgq6AbKvc-Is3SxB-Cpwxa_s50XIxtD2EHoO5fsByNkgSGIacMpaO10_mpxWSTIVC-gKm7Z_RLw1BeVN9sGq9LkjAo79XFrWSEhKWBCXwTI9BnsgM=w408-h306-k-no,true,11 am–9 pm,11 am–9 pm,11 am–10 pm,11 am–10 pm,11 am–9 pm,11 am–9 pm,11 am–9 pm,"https://www.google.com/maps/search/tree+service+businesses+in+Carolina+Beach+Wilmington+NC/@34.0359702,-77.8937619,14z",2026-04-29T06:55:23.893Z,· Dine-in · Takeaway,,
https://www.google.com/maps/place/The+Veggie+Wagon/data=!4m7!3m6!1s0x89a9f8ef0a14577b:0x6b1fd1a251097127!8m2!3d34.0275625!4d-77.8954977!16s%2Fg%2F1tj74ghk!19sChIJe1cUCu_4qYkRJ3EJUaLRH2s,The Veggie Wagon,4.7,994,Gourmet grocery store,"608 Lake Park Blvd S, Carolina Beach, NC 28428, United States","24H3+2R Carolina Beach, North Carolina, USA",http://www.theveggiewagon.com/,+1 910-805-3014,Closed · Opens 8 am,LGBTQ+ friendly,https://lh3.googleusercontent.com/gps-cs-s/APNQkAE6mltZyqap2fByXl1yNAq3NVFDy1UIOoXYrwF4_wNq8LBvvG8064ojI26YwIo7E6sgQl3sZLabmUv6LFIzv_2SkNmv4Rq8wbXG4LbhwYwmcj721fIWl7WpgSx0hosoFAbPfhBO9w=w408-h306-k-no,true,8 am–7 pm,8 am–7 pm,8 am–7 pm,8 am–7 pm,8 am–7 pm,8 am–7 pm,8 am–7 pm,"https://www.google.com/maps/search/tree+service+businesses+in+Carolina+Beach+Wilmington+NC/@34.0359702,-77.8937619,14z",2026-04-29T06:55:28.816Z,· In-store shopping,,
https://www.google.com/maps/place/Turf+Team+LLC/data=!4m7!3m6!1s0x4c581df3264cbf7b:0xcdf3aa87ab516fa!8m2!3d34.2086785!4d-77.874561!16s%2Fg%2F11s5ftkxzc!19sChIJe79MJvMdWEwR-ha1eqg63ww,Turf Team LLC,5.0,146,Lawn care service,"5006 Oleander Dr, Wilmington, NC 28403, United States","645G+F5 Wilmington, North Carolina, USA",http://www.bugturf.com/?utm_source=google&utm_medium=wix_google_business_profile&utm_campaign=13078913200093977309,+1 910-833-3808,Closed · Opens 9 am,,https://lh3.googleusercontent.com/gps-cs-s/APNQkAHb4RMB5WgVlOVD9CXVexZz9aQ-4EsGgQu5fhIG9vicvNZyreJGqdEkShJuh9Onv4QI2IocIqLkGQVUPJXLywxIX9IEFXAvKZdjripZucxnvYoxqmMQd1qm9Qm2MJ7zaUKiLoGA=w408-h306-k-no,true,9 am–4 pm,9 am–4 pm,9 am–4 pm,Closed,Closed,9 am–4 pm,9 am–4 pm,"https://www.google.com/maps/search/tree+service+businesses+in+Carolina+Beach+Wilmington+NC/@34.0359702,-77.8937619,14z",2026-04-29T06:55:33.863Z,,,
https://www.google.com/maps/place/Carolina+Lawn+Care/data=!4m7!3m6!1s0x89aa1e272073571f:0xc3a99bbff2f4f362!8m2!3d34.2051194!4d-77.9310506!16s%2Fg%2F11bwkjgngp!19sChIJH1dzICceqokRYvP08r-bqcM,Carolina Lawn Care,4.4,7,Landscaper,"2115 Wisteria Dr, Wilmington, NC 28401, United States","6349+2H Wilmington, North Carolina, USA",,+1 910-547-9010,Closed · Opens 9 am,,https://lh3.googleusercontent.com/gps-cs-s/APNQkAEJPj_7ZGwdiGN4bFrK92PHR-xM64O8B9TrVHanyulsfI0S042o5jNi6-wXvMFAHzci03dWzTXSEtqA-wxyq6tkaW_XJWm3oTk72sII6oKo4sSvA9nTWJh0EKNRG76vn3a2j8CxUQ=w408-h306-k-no,true,9 am–5 pm,9 am–5 pm,9 am–5 pm,Closed,Closed,9 am–5 pm,9 am–5 pm,"https://www.google.com/maps/search/tree+service+businesses+in+Carolina+Beach+Wilmington+NC/@34.0359702,-77.8937619,14z",2026-04-29T06:55:38.712Z,,,
https://www.google.com/maps/place/Fry+%26+Associates+Landscaping/data=!4m7!3m6!1s0xab6d08eea0f6ce27:0x924accf7361c878f!8m2!3d34.316243!4d-77.913932!16s%2Fg%2F11l1bwscxf!19sChIJJ872oO4IbasRj4ccNvfMSpI,Fry & Associates Landscaping,5.0,7,Landscaper,,,https://www.frylandscaping.com/,+1 910-452-4414,Closed · Opens 8 am,,https://lh3.googleusercontent.com/gps-cs-s/APNQkAHgLsf7jrfIX2DTN1C8JmVTi5CTBitRz_o3aTmVVBfcBQEDYf1MtCIpnAVbJLfn2JPLjXPg0u3J0gCOq8cgo4WJn7IaONCfDPFUqGgSmz1VQmrpRyXn8XCxlPVwvCcAtaqV-xBRiA=w408-h306-k-no,true,8 am–5 pm,8 am–5 pm,8 am–5 pm,Closed,Closed,8 am–5 pm,8 am–5 pm,"https://www.google.com/maps/search/tree+service+businesses+in+Carolina+Beach+Wilmington+NC/@34.0359702,-77.8937619,14z",2026-04-29T06:55:43.381Z,,,
https://www.google.com/maps/place/Local+Roots+Landscapes/data=!4m7!3m6!1s0x89a9f5b80c3a273b:0x83a8852260610b2f!8m2!3d34.251092!4d-77.8642209!16s%2Fg%2F11q1szlf_p!19sChIJOyc6DLj1qYkRLwthYCKFqIM,Local Roots Landscapes,4.8,57,Lawn care service,,,http://localrootslandscapes.com/,+1 910-616-0569,Closed · Opens 7 am,,https://lh3.googleusercontent.com/gps-cs-s/APNQkAGlePQ-zI8ehLk1OshkixliUwUblQMfhdTtQMW7_qNHcdybXTdOGGYPYi288A0EEiPb2raKoJVkX5BvkSK_a2RXguM772z_LAvThtpHpTFZe839tzgvJpug__DF1O2TWhoCDic=w408-h306-k-no,true,7 am–6 pm,7 am–6 pm,7 am–6 pm,7 am–12 pm,Closed,7 am–6 pm,7 am–6 pm,"https://www.google.com/maps/search/tree+service+businesses+in+Carolina+Beach+Wilmington+NC/@34.0359702,-77.8937619,14z",2026-04-29T06:55:55.267Z,,,
https://www.google.com/maps/place/Jungle+Rapids+Family+Fun+Park/data=!4m7!3m6!1s0x89a9f45c26eb4811:0x7cb8042600a262f9!8m2!3d34.207308!4d-77.8630797!16s%2Fg%2F1td0nwwl!19sChIJEUjrJlz0qYkR-WKiACYEuHw,Jungle Rapids Family Fun Park,4.4,3041,Water park,"5320 Oleander Dr, Wilmington, NC 28403, United States","644P+WQ Wilmington, North Carolina, USA",https://www.junglerapids.com/,+1 910-791-0888,Closed · Opens 10 am,,https://lh3.googleusercontent.com/gps-cs-s/APNQkAHKEPRECsaZ5UPzx6tJw3wgh70qp0IQBfX-QCHPF6iJ86lctWahdAd47Va8wTH9Gr455412yEv4NziQ7NLjsFluH0Sn5qlYD_C1x9J1g5Atrk2lLS4OChVHEyDV-GVs4hxcb3o=w408-h603-k-no,true,10 am–10 pm,10 am–10 pm,10 am–11 pm,10 am–12 am,12–10 pm,10 am–10 pm,10 am–10 pm,"https://www.google.com/maps/search/tree+service+businesses+in+Carolina+Beach+Wilmington+NC/@34.0359702,-77.8937619,14z",2026-04-29T06:56:00.605Z,"Amusement park with a water park, go-kart course, laser tag, mini-golf, jungle gym & more.",,
https://www.google.com/maps/place/Brunswick+Town%2FFort+Anderson+State+Historic+Site/data=!4m7!3m6!1s0x89aa02614a1f1261:0x2edff7359190fd02!8m2!3d34.0404327!4d-77.9461752!16s%2Fm%2F03yhzs4!19sChIJYRIfSmECqokRAv2QkTX33y4,Brunswick Town/Fort Anderson State Historic Site,4.7,676,Historical landmark,"8884 St Phillips Rd SE, Winnabow, NC 28479, United States","23R3+5G Winnabow, North Carolina, USA",https://historicsites.nc.gov/all-sites/brunswick-town-fort-anderson,+1 910-371-6613,Closed · Opens 9 am,,https://lh3.googleusercontent.com/gps-cs-s/APNQkAHH9q61120stgPnCuOyYSIzlxDKVSjDlCJTqe31zr14HtD7i63NWBrISSUUSBlFKoOLDU0YX4oIMveI6IIqUYHGjnFHz_pm1d84qzBjjSx0Sll5Vk-ITi6jGPVWnfn8wm68UEha=w408-h306-k-no,true,9 am–5 pm,9 am–5 pm,9 am–5 pm,9 am–5 pm,Closed,Closed,9 am–5 pm,"https://www.google.com/maps/search/tree+service+businesses+in+Carolina+Beach+Wilmington+NC/@34.0359702,-77.8937619,14z",2026-04-29T06:56:05.607Z,,,
https://www.google.com/maps/place/Honest+Engine+Equipment/data=!4m7!3m6!1s0x89a9f500e8c687a1:0xa135467ec365d477!8m2!3d34.21783!4d-77.8863807!16s%2Fg%2F1tfmd2q9!19sChIJoYfG6AD1qYkRd9Rlw35GNaE,Honest Engine Equipment,4.1,149,Lawn mower store,"939 S Kerr Ave, Wilmington, NC 28403, United States","6497+4C Wilmington, North Carolina, USA",http://www.honestengineequipment.com/,+1 910-791-9340,"Closed · Opens 7:30 am

Updated by this business 8 weeks ago",,https://lh3.googleusercontent.com/gps-cs-s/APNQkAENvXQ4AxwcrJNqEeagttPyNQFKmMpqQgVuZwLgG4wWl_ajINuGTyrb1oy6JUHe8ZtrZyZaIAUvPSfJC_ZZDCyxMa1xQ5bPHqtL3diB0a5QmKrVrK_M9IG9Uh_SdQ5wJzrgTCaVgQ=w408-h306-k-no,true,7:30 am–5 pm,7:30 am–5 pm,7:30 am–5 pm,7:30 am–12 pm,Closed,7:30 am–5 pm,7:30 am–5 pm,"https://www.google.com/maps/search/tree+service+businesses+in+Carolina+Beach+Wilmington+NC/@34.0359702,-77.8937619,14z",2026-04-29T06:56:10.486Z,· In-store pick-up,,
https://www.google.com/maps/place/Groom+%26+Bloom+Tree+Experts/data=!4m7!3m6!1s0x89a999c894856695:0x806d144dfbe095f5!8m2!3d34.3521859!4d-77.647475!16s%2Fg%2F11fjyz0qqr!19sChIJlWaFlMiZqYkR9ZXg-00UbYA,Groom & Bloom Tree Experts,5.0,66,Tree service,,,https://www.groombloomtreecare.com/,+1 910-742-2635,Open 24 hours,,https://lh3.googleusercontent.com/gps-cs-s/APNQkAFH3UllWizUmgZzR5W291dpbg3T_uarIzU6anJR8GepIAd7rc4cUzK3gHxkPbQuJjtolAFITbFPgQWAPqWs1xqP_rDcYVNRMrzo22IL0Umj4oJ-XdhAQo592jGeSR-qOXJk-k1W=w408-h544-k-no,true,Open 24 hours,Open 24 hours,Open 24 hours,9 am–8 pm,Open 24 hours,Open 24 hours,Open 24 hours,"https://www.google.com/maps/search/tree+service+businesses+in+Carolina+Beach+Wilmington+NC/@34.0359702,-77.8937619,14z",2026-04-29T06:56:15.375Z,,,
https://www.google.com/maps/place/Patriot+Tree/data=!4m7!3m6!1s0x89a98d13162f0957:0x9607272b9c0d3076!8m2!3d34.6122541!4d-77.6372855!16s%2Fg%2F11nnpxw2ql!19sChIJVwkvFhONqYkRdjANnCsnB5Y,Patriot Tree,4.9,74,Tree service,,,https://patriottreenc.com/,+1 910-231-3543,Closed · Opens 9 am,,https://lh3.googleusercontent.com/gps-cs-s/APNQkAGqa9378nSTmEIMFzrwBrOLkebUNLlTyZzVvzv939YvQSs6jwmJn1HqeiKPskhcZvyAI5BX9bVMrKjb-Msu7LviKsRruK_fOe3ZCb4_EXz4ULv8HHvy-hTQzBjix4PAYu7eKJlF=w408-h408-k-no,true,9 am–5 pm,9 am–5 pm,9 am–5 pm,Closed,Closed,9 am–5 pm,9 am–5 pm,"https://www.google.com/maps/search/tree+service+businesses+in+Carolina+Beach+Wilmington+NC/@34.0359702,-77.8937619,14z",2026-04-29T06:56:20.159Z,,,
https://www.google.com/maps/place/2+Man+Crew+Hauling+%26+Lawn+Care/data=!4m7!3m6!1s0x89a9f519784eee2d:0x912604043f7d61cc!8m2!3d34.0880795!4d-77.8525991!16s%2Fg%2F11g48d73c4!19sChIJLe5OeBn1qYkRzGF9PwQEJpE,2 Man Crew Hauling & Lawn Care,5.0,4,Lawn care service,,,,+1 910-599-4453,Closed · Opens 7 am,,https://lh3.googleusercontent.com/gps-cs-s/APNQkAEI8xyRh-1GVwwLbbfoQLjS2rNFzc2Tn8a5slE7zlTnuV3644AJjoPpZodRfuorUctTvAgLF10PXve3QQWgi5xXPRW0fgm6PP5--VdLuMubUkFmTUrEQWX2zR5XYcTHvRpLlhSf=w426-h240-k-no,true,7 am–5 pm,7 am–5 pm,7 am–5 pm,7 am–5 pm,Closed,7 am–5 pm,7 am–5 pm,"https://www.google.com/maps/search/tree+service+businesses+in+Carolina+Beach+Wilmington+NC/@34.0359702,-77.8937619,14z",2026-04-29T06:56:24.857Z,,,
https://www.google.com/maps/place/Flaherty+Tree+Service/data=!4m7!3m6!1s0x89aa251819a21639:0xf8614182ae30f1bc!8m2!3d34.291884!4d-77.964543!16s%2Fg%2F11ckcqj67f!19sChIJORaiGRglqokRvPEwroJBYfg,Flaherty Tree Service,5.0,3,Tree service,,,,+1 910-742-2827,Open 24 hours,,https://lh3.googleusercontent.com/gps-cs-s/APNQkAFbcBVzVV_Pe2cYdlv0XOodn9MMblpsCbw4P27w5xz81M9T1eTsm3eos6jWKBa39Un3g0otGM4xscVOEIjCjtpYwXS3mHomgPPZOtCoQH1qUnZNW0zKtGLOR8jxCSKWByYxz15o=w408-h544-k-no,true,Open 24 hours,Open 24 hours,Open 24 hours,Closed,Closed,Open 24 hours,Open 24 hours,"https://www.google.com/maps/search/tree+service+businesses+in+Carolina+Beach+Wilmington+NC/@34.0359702,-77.8937619,14z",2026-04-29T06:56:29.676Z,,,
https://www.google.com/maps/place/CNT+Tree+Service/data=!4m7!3m6!1s0x89a98dfbb0810aad:0xe42efd2925c8bfef!8m2!3d34.363692!4d-77.768771!16s%2Fg%2F11qq48j0pl!19sChIJrQqBsPuNqYkR77_IJSn9LuQ,CNT Tree Service,5.0,9,Tree service,,,,+1 910-789-4135,Open 24 hours,,https://lh3.googleusercontent.com/gps-cs-s/APNQkAEP99UlYVXs4nyIfHabri3PHceh0MhTwTr3LUW4a5MH4K3QBwqOb4_TX-o11v05MWK1q_WfljWthtBICwbtiBnChOtOgVkT4sZg_z-9evIbohCRbdPdoxe7cJ_ONaUOCV92JWnd=w425-h240-k-no,true,Open 24 hours,Open 24 hours,Open 24 hours,Open 24 hours,Open 24 hours,Open 24 hours,Open 24 hours,"https://www.google.com/maps/search/tree+service+businesses+in+Carolina+Beach+Wilmington+NC/@34.0359702,-77.8937619,14z",2026-04-29T06:56:34.432Z,,,
https://www.google.com/maps/place/Just+In+Time+Tree+Care/data=!4m7!3m6!1s0x89a973209ff02815:0xcd54cc95c3926b05!8m2!3d34.572532!4d-77.67121!16s%2Fg%2F11h7cwgsyj!19sChIJFSjwnyBzqYkRBWuSw5XMVM0,Just In Time Tree Care,4.9,66,Tree service,,,http://www.justintimetreecare.com/,+1 980-241-2342,Open 24 hours,,https://lh3.googleusercontent.com/gps-cs-s/APNQkAGLxFeWxbiIuVPDvSQWBV4PzOkwE8mHj9GAF7CvLgOsJygVYn8Q0o0stlFMLX9hCCI3-0LFK6fk_jL1LVCyTI1m41G-b1x5MtN-cdGstZcl9ZhCsK160Rz7IgLJlAsdqLlrTAw30Q=w427-h240-k-no,true,Open 24 hours,Open 24 hours,Open 24 hours,Open 24 hours,Open 24 hours,Open 24 hours,Open 24 hours,"https://www.google.com/maps/search/tree+service+businesses+in+Carolina+Beach+Wilmington+NC/@34.0359702,-77.8937619,14z",2026-04-29T06:56:39.474Z,,,
"https://www.google.com/maps/place/Hughes+Gardening,+LLC/data=!4m7!3m6!1s0x89aa7f464bc1a38f:0x8d9fa796157fde94!8m2!3d34.2086789!4d-77.8668446!16s%2Fg%2F1v16r4wc!19sChIJj6PBS0Z_qokRlN5_FZann40","Hughes Gardening, LLC",4.8,17,Landscaper,"5131 Oleander Dr, Wilmington, NC 28403, United States","645M+F7 Wilmington, North Carolina, USA",,+1 910-619-9572,Closed · Opens 7 am,,https://lh3.googleusercontent.com/gps-cs-s/APNQkAFFuGViHYMeNQTd_2bqfdDEZTnDWHSbl899wqZAwIZ7rQT-KYXtxIYGC3J36MlnRB-3Sh-1meVpgIKUxhxpRE4nMq0uZJAPZFI-fgSv-al5gyGDLWHmpxFWhm88_r5-ovKvTkbZ8yCL0Cg=w408-h544-k-no,true,7 am–5 pm,7 am–5 pm,7 am–5 pm,9 am–3 pm,Closed,7 am–5 pm,7 am–5 pm,"https://www.google.com/maps/search/tree+service+businesses+in+Carolina+Beach+Wilmington+NC/@34.0359702,-77.8937619,14z",2026-04-29T06:56:44.229Z,,,
https://www.google.com/maps/place/Nelson+Coastal+Clearing+%26+Grading/data=!4m7!3m6!1s0x4c1cb36baa54aa95:0x1c2bf955b3ddc0ec!8m2!3d34.8227754!4d-78.411824!16s%2Fg%2F11l6bdc85b!19sChIJlapUqmuzHEwR7MDds1X5Kxw,Nelson Coastal Clearing & Grading,4.8,16,Excavating contractor,,,https://www.nelsoncoastalconstruction.com/,,Closed · Opens 7 am,Identifies as veteran-owned,https://lh3.googleusercontent.com/gps-cs-s/APNQkAH8kyd5uLihjRiLJ1KjF9R4AeIGX4rEdq1TcpRYPiWCbNn8GggkcT1EGGk6Ta-mqiEUkyKz1PHJQ2sqbaJkbgWtoiKNmBcM_9qiFWktkUOpL1jy1Ye0LZo7Oc9hDwtyVh9vkgJBcW9-l5o=w426-h240-k-no,true,7 am–5 pm,7 am–5 pm,7 am–5 pm,7 am–5 pm,7 am–5 pm,7 am–5 pm,7 am–5 pm,"https://www.google.com/maps/search/tree+service+businesses+in+Carolina+Beach+Wilmington+NC/@34.0359702,-77.8937619,14z",2026-04-29T06:56:48.991Z,,,
https://www.google.com/maps/place/Mosquito+Squad+of+Wilmington+%26+The+Crystal+Coast/data=!4m7!3m6!1s0x89aa1e020c74adc7:0xaa36789096d5abc6!8m2!3d34.1826791!4d-77.9289237!16s%2Fg%2F11bbrlp6r1!19sChIJx610DAIeqokRxqvVlpB4Nqo,Mosquito Squad of Wilmington & The Crystal Coast,4.9,375,Pest control service,"3525 Carolina Beach Rd, Wilmington, NC 28412, United States","53MC+3C Wilmington, North Carolina, USA",https://www.mosquitosquad.com/wilmington-crystal-coast/,+1 910-791-9800,,LGBTQ+ friendly,https://lh3.googleusercontent.com/gps-cs-s/APNQkAHF_W4EES_ewfF0BjyCSWnRv8xfA1b4RzZvkWPSsip9HavNreBNikk__EwFJETYf_IFerJqFo4IKZtbvmanZBSySVBA16q-L0eSxwj3ohoHz-5JGbD6QSKp3gvXF124TtWoGivHcg3NsXs=w426-h240-k-no,true,Open 24 hours,Open 24 hours,Open 24 hours,Open 24 hours,Open 24 hours,Open 24 hours,Open 24 hours,"https://www.google.com/maps/search/tree+service+businesses+in+Carolina+Beach+Wilmington+NC/@34.0359702,-77.8937619,14z",2026-04-29T06:56:53.966Z,,,
https://www.google.com/maps/place/Barber+Realty+Group/data=!4m7!3m6!1s0x89a9f9b13d834acd:0x475b6d9ca6113e2a!8m2!3d34.0503402!4d-77.8986354!16s%2Fg%2F11lgvtc7dj!19sChIJzUqDPbH5qYkRKj4RppxtW0c,Barber Realty Group,5.0,57,Real estate agency,"1328 N Lake Park Blvd #108D, Carolina Beach, NC 28428, United States","3422+4G Carolina Beach, North Carolina, USA",http://barberrealtygroupnc.com/,+1 910-228-7925,Closed · Opens 9 am,,https://lh3.googleusercontent.com/gps-cs-s/APNQkAG43pYeUGz7qDCslSw98LFP743XMpNuKFWTMTKUCbP948VP5r6suQjXRhIxxMxvHkfWhei9TsnQMBqGMrc8O1SQooQzN-2IpgiU7AioeCCXckfQdPzKxl_FMnFzfeCKl_Uc9-VG=w408-h272-k-no,true,9 am–5 pm,9 am–5 pm,9 am–5 pm,Closed,Closed,9 am–5 pm,9 am–5 pm,"https://www.google.com/maps/search/tree+service+businesses+in+Carolina+Beach+Wilmington+NC/@34.0359702,-77.8937619,14z",2026-04-29T06:56:58.869Z,,,
"https://www.google.com/maps/place/Davey+Resource+Group,+Inc./data=!4m7!3m6!1s0x89a9f573ae3fac19:0xd9fa0ce44093e3c3!8m2!3d34.2201864!4d-77.8969254!16s%2Fg%2F1thnpmwq!19sChIJGaw_rnP1qYkRw-OTQOQM-tk","Davey Resource Group, Inc.",4.1,9,Environmental consultant,"3805 Wrightsville Ave #15, Wilmington, NC 28403, United States","64C3+36 Wilmington, North Carolina, USA",https://www.davey.com/environmental-consulting-services/local-offices/wilmington-north-carolina/?utm_source=google&utm_medium=organic&utm_campaign=gmb&utm_content=DRG_EC_Wilmington,+1 910-900-9346,Closed · Opens 8 am,,https://lh3.googleusercontent.com/gps-cs-s/APNQkAEpoenGhQhaqGYK3MH_6VgCGeyjaz58DqCdJUKsrumADoxMtn65MV84aVMW_9UWjUIrwy8v1Aig4Yxyc9R-RotslnumVIfS8F_tDei3coXQSTpVZiYFvxVn1ca5hi9UoK3epEkK=w628-h240-k-no,true,8 am–5 pm,8 am–5 pm,8 am–5 pm,Closed,Closed,8 am–5 pm,8 am–5 pm,"https://www.google.com/maps/search/tree+service+businesses+in+Carolina+Beach+Wilmington+NC/@34.0359702,-77.8937619,14z",2026-04-29T06:57:03.838Z,,,
https://www.google.com/maps/place/PRIME+CUT+TREE+SERVICE/data=!4m7!3m6!1s0x89a9f57e7a5f1c37:0x6281245f2c87ff69!8m2!3d34.2223635!4d-77.8533861!16s%2Fg%2F11q2qm95_m!19sChIJNxxfen71qYkRaf-HLF8kgWI,PRIME CUT TREE SERVICE,4.8,16,Tree service,"5472 Eastwind Rd, Wilmington, NC 28403, United States","64CW+WJ Wilmington, North Carolina, USA",,+1 910-620-7357,Closed · Opens 8 am,,https://lh3.googleusercontent.com/gps-cs-s/APNQkAF49NjecOWSazM-6QwoPRHHmJXxcvj_dIJgMcbcDP222rKye3bw-suxwYXYUv5jcT3xfAJl8pKeLc4VfLYkoEbKBBowH3T-Z4nRQBpzvXblgXmUyA9ZSCelTgziwoCEO0kUFKz6=w457-h240-k-no,true,8 am–6 pm,8 am–6 pm,8 am–6 pm,8 am–12:30 pm,Closed,8 am–6 pm,8 am–6 pm,"https://www.google.com/maps/search/tree+service+businesses+in+Murraysville+Wilmington+NC/@34.2955704,-77.8462876,14z",2026-04-29T06:57:24.627Z,,,
https://www.google.com/maps/place/Hartwood+Tree+Care+LLC/data=!4m7!3m6!1s0x89a9f5132c0a2b75:0xab404746ec75545b!8m2!3d34.2159478!4d-77.8898647!16s%2Fg%2F11sg26vtpq!19sChIJdSsKLBP1qYkRW1R17EZHQKs,Hartwood Tree Care LLC,5.0,9,Tree service,"4213 Wrightsville Ave, Wilmington, NC 28403, United States","6486+93 Wilmington, North Carolina, USA",,+1 910-330-5994,Open 24 hours,,https://streetviewpixels-pa.googleapis.com/v1/thumbnail?panoid=NEGGv1Mt6IV5klPo8RO_oA&cb_client=search.gws-prod.gps&w=408&h=240&yaw=312.17154&pitch=0&thumbfov=100,false,Open 24 hours,Open 24 hours,Open 24 hours,Open 24 hours,Open 24 hours,Open 24 hours,Open 24 hours,"https://www.google.com/maps/search/tree+service+businesses+in+Murraysville+Wilmington+NC/@34.2955704,-77.8462876,14z",2026-04-29T06:57:29.606Z,,,
https://www.google.com/maps/place/Low+tide+land+services/data=!4m7!3m6!1s0xefcb90bd6d1c98d:0x75c1cb0f2a5c1ff1!8m2!3d34.2577762!4d-77.8793042!16s%2Fg%2F11q99rl9bw!19sChIJjcnR1gu5_A4R8R9cKg_LwXU,Low tide land services,5.0,8,Excavating contractor,"4502 Spring View Dr, Wilmington, NC 28405, United States","745C+47 Wilmington, North Carolina, USA",,+1 910-760-6728,Closed · Opens 7 am,Identifies as veteran-owned,https://lh3.googleusercontent.com/gps-cs-s/APNQkAFzkhqQeu1sfLQhiB_q1APibpS0DW-L7KmRuAeMNcn-o6lOzOOs5iKKSRg3wgOpYSL1MT9PThO5LTzfE16SSVmQ5qLgOi4AxBepVEUIWtodmPSupPRm1iyPPp-chZU96SWHsgjdgQ=w426-h240-k-no,true,7 am–5 pm,7 am–5 pm,7 am–5 pm,7 am–12:30 pm,Closed,7 am–5 pm,7 am–5 pm,"https://www.google.com/maps/search/tree+service+businesses+in+Murraysville+Wilmington+NC/@34.2955704,-77.8462876,14z",2026-04-29T06:57:41.165Z,,,
https://www.google.com/maps/place/Diaz+Tree+Service+%26+Lanscapes+LLC/data=!4m7!3m6!1s0x82e839381e1adb65:0xdce2beb42bc2b80d!8m2!3d34.2430835!4d-77.971815!16s%2Fg%2F11x8dcf922!19sChIJZdsaHjg56IIRDbjCK7S-4tw,Diaz Tree Service & Lanscapes LLC,4.7,14,Tree service,,,https://67eb3686ad7f1.site123.me/,+1 910-604-3862,Open 24 hours,,https://lh3.googleusercontent.com/gps-cs-s/APNQkAEr96B13IJRgo5LPaSkUNQ7aS0IEDDqfdsdVwWjgknqU5BTphtEliqTEvmPgRS1Wp9TsWwLjZ5NbslYZjJ6dNAc5raHLeb7kETsPBUWIXrNkkZxouhrH3F_kzyosMgFCipAhBiI8S1SkTaL=w408-h408-k-no,true,Open 24 hours,Open 24 hours,Open 24 hours,Open 24 hours,Open 24 hours,Open 24 hours,Open 24 hours,"https://www.google.com/maps/search/tree+service+businesses+in+Murraysville+Wilmington+NC/@34.2955704,-77.8462876,14z",2026-04-29T06:57:46.070Z,,,
https://www.google.com/maps/place/Cape+Fear+Landscaping/data=!4m7!3m6!1s0x249b1da10dbc8bf3:0x9971e461a8bc3387!8m2!3d34.3131963!4d-77.8749692!16s%2Fg%2F11vkm6pmv7!19sChIJ84u8DaEdmyQRhzO8qGHkcZk,Cape Fear Landscaping,5.0,6,Landscaper,"4510 Northchase Pkwy. N.E, F, Wilmington, NC 28405, United States","847G+72 Wilmington, North Carolina, USA",https://www.capefearlandscaping.com/,+1 910-395-1787,Closed · Opens 7 am,,https://lh3.googleusercontent.com/gps-cs-s/APNQkAGT2oXEo6n2RPuU8D7mPjopGGvzHnbD4Mg3SQRz8IawhZcpyju8Cht2G8HJz164aGlttFBuQsFu0zhJ5q3mtvGHypmIS2XYx3KGF1--rOX0fLkdxUzWg6QUMaloNwvKt0K6uG3lkA=w408-h271-k-no,true,7 am–5 pm,7 am–5 pm,7 am–5 pm,Closed,Closed,7 am–5 pm,7 am–5 pm,"https://www.google.com/maps/search/tree+service+businesses+in+Murraysville+Wilmington+NC/@34.2955704,-77.8462876,14z",2026-04-29T06:57:50.850Z,,,
https://www.google.com/maps/place/SiteOne+Landscape+Supply/data=!4m7!3m6!1s0x89a9f34555555541:0xcd55061ba583fa83!8m2!3d34.3143585!4d-77.8752756!16s%2Fg%2F1tfwqv5m!19sChIJQVVVVUXzqYkRg_qDpRsGVc0,SiteOne Landscape Supply,4.3,49,Landscaping supply store,"Industrial Park, 3406 Merchant Ct North Chase, Wilmington, NC 28405, United States","847F+PV Wilmington, North Carolina, USA",https://www.siteone.com/en/store/707,+1 910-798-8289,"Closed · Opens 7:30 am

Confirmed by this business 5 weeks ago",,https://lh3.googleusercontent.com/gps-cs-s/APNQkAF5Wi9gjai-x-VIND9B-IvOmGjqEaiZzTKuXi6TLXQ5SAZYRAZrI73jhMgcIodbst6CnCHkm04i1k-6mkIFA-SGFG1rBeTbrlx_Te2xg74EauaptLFFGRaFIRNQHOd75FsN3vxuxIIZUAud=w426-h240-k-no,true,7:30 am–4:30 pm,7:30 am–4:30 pm,7:30 am–4:30 pm,Closed,Closed,7:30 am–4:30 pm,7:30 am–4:30 pm,"https://www.google.com/maps/search/tree+service+businesses+in+Murraysville+Wilmington+NC/@34.2955704,-77.8462876,14z",2026-04-29T06:57:55.719Z,"Resource for landscaping materials & supplies, including compost, mulches, sand & natural flagstone. · In-store shopping · In-store pick-up · Delivery",,
https://www.google.com/maps/place/Five+Oaks+Nursery+-+Wrightsboro/data=!4m7!3m6!1s0x89a98ac154774cc5:0xe13e36267419e5a8!8m2!3d34.2767714!4d-77.9001939!16s%2Fg%2F1tgkj4bl!19sChIJxUx3VMGKqYkRqOUZdCY2PuE,Five Oaks Nursery - Wrightsboro,3.9,38,Plant nursery,"2120 Old Winter Park Rd, Wilmington, NC 28405, United States","73GX+PW Wilmington, North Carolina, USA",https://www.fiveoaksls.com/,+1 910-762-8637,"Closed · Opens 7:30 am

Updated by this business 5 weeks ago",,https://lh3.googleusercontent.com/gps-cs-s/APNQkAFEW7hz0JwDJFyH_rdDBLg7JyUC6pmJpxn4dv1O56QCdZSL8WXJaJf-4E7qIDlvEwQHRnqNsl3SJ6-GaHMKV8fGDuEmpXsoX-CI2Cotwk0vnmSVI2g45q0QRqog6ogKEDoNu0bFHPt1znH4=w408-h306-k-no,true,7:30 am–4 pm,7:30 am–4 pm,7:30 am–4 pm,9 am–2 pm,Closed,7:30 am–4 pm,7:30 am–4 pm,"https://www.google.com/maps/search/tree+service+businesses+in+Murraysville+Wilmington+NC/@34.2955704,-77.8462876,14z",2026-04-29T06:58:00.506Z,,,
https://www.google.com/maps/place/Fishwater+Landscaping/data=!4m7!3m6!1s0x89a9f539dc61bd3b:0x428e8f8662dcda90!8m2!3d34.2554264!4d-77.9208534!16s%2Fg%2F11h5vflhsl!19sChIJO71h3Dn1qYkRkNrcYoaPjkI,Fishwater Landscaping,4.6,87,Lawn care service,"1519 N 23rd St Ste 306, Wilmington, NC 28405, United States","734H+5M Wilmington, North Carolina, USA",https://fishwaterlandscaping.com/?utm_source=GMB&utm_medium=MainButton,+1 910-859-1725,,,https://lh3.googleusercontent.com/gps-cs-s/APNQkAFqU2S7zGL3sKIWk4932C7OhEThobUWNztGTnDfz-niuC6jlI2uFDyw6kB_nqLkRbxKTDO26-8D4v0dyHQICbc8lm862NzV9l2Bqwdm1NbCpk_H-OBnFhbwgaVJdyYHznSwfPxF=w408-h307-k-no,true,Open 24 hours,Open 24 hours,Open 24 hours,Open 24 hours,Open 24 hours,Open 24 hours,Open 24 hours,"https://www.google.com/maps/search/tree+service+businesses+in+Murraysville+Wilmington+NC/@34.2955704,-77.8462876,14z",2026-04-29T06:58:05.372Z,,,
https://www.google.com/maps/place/Outdoor+Lighting+Perspectives+of+Wilmington/data=!4m7!3m6!1s0x89a9f64416016123:0x25598a8542ca9dbd!8m2!3d34.2925283!4d-77.9012325!16s%2Fg%2F1tvdknmt!19sChIJI2EBFkT2qYkRvZ3KQoWKWSU,Outdoor Lighting Perspectives of Wilmington,5.0,103,Landscape lighting designer,"2936 Orville Wright Way Suite 8, Wilmington, NC 28405, United States","73VX+2G Wilmington, North Carolina, USA",https://www.outdoorlights.com/wilmington,+1 910-356-8203,,,https://lh3.googleusercontent.com/gps-cs-s/APNQkAG7TaWVW8IaLkTTgNE-XiQ_W3pECUv7umsyO3QGrc4goMXM-nmCKfMLvTDtfVOWPXYmGQ-vuUxGdgJX9OBXuDjtnkA6FV0OkLkLFd3nyO1NTKzzF0vwQbVN_gC8VlWv0nDLVXW1tjlHiTKT=w408-h408-k-no,true,Open 24 hours,Open 24 hours,Open 24 hours,Open 24 hours,Open 24 hours,Open 24 hours,Open 24 hours,"https://www.google.com/maps/search/tree+service+businesses+in+Murraysville+Wilmington+NC/@34.2955704,-77.8462876,14z",2026-04-29T06:58:10.671Z,Designer offering a wide array of handcrafted outdoor lighting fixtures made of copper or brass.,,
https://www.google.com/maps/place/TruGreen+Lawn+Care/data=!4m7!3m6!1s0x89a98a41c21c5103:0x56056820e084749e!8m2!3d34.3233585!4d-77.9053628!16s%2Fg%2F12nv9y0n9!19sChIJA1EcwkGKqYkRnnSE4CBoBVY,TruGreen Lawn Care,4.6,817,Lawn care service,"302 Chesterfield Rd, Castle Hayne, NC 28429, United States","83FV+8V Castle Hayne, North Carolina, USA",https://www.trugreen.com/local-lawn-care/north-carolina/castle-hayne?utm_source=gmb&utm_channel=organic,+1 833-418-5004,,,https://lh3.googleusercontent.com/gps-cs-s/APNQkAEhV94nq5N60AXsoLZIUR1xvizTxdOsDPBaviijEPYpFpHbBOkCAeMerQMizvX81EXD832jzFqMWk03jHrKWyOFJLTWRYlXVLr-SHDCfgqnUvSjQOEQD9jR2c_lbRVfjrk3nPblwAm00mds=w426-h240-k-no,true,,,,,,,,"https://www.google.com/maps/search/tree+service+businesses+in+Murraysville+Wilmington+NC/@34.2955704,-77.8462876,14z",2026-04-29T06:58:15.559Z,,,
https://www.google.com/maps/place/Massey+Services+Pest+Control/data=!4m7!3m6!1s0x89a98bc18439293f:0x6beefc9e12beb562!8m2!3d34.2847128!4d-77.8708678!16s%2Fg%2F11rv0kytn6!19sChIJPyk5hMGLqYkRYrW-Ep787ms,Massey Services Pest Control,4.9,1044,Pest control service,"2710-A Exchange Dr, Wilmington, NC 28405, United States","74MH+VM Wilmington, North Carolina, USA",https://www.masseyservices.com/wilmington/pest-control/?utm_source=googlemybusiness&utm_medium=search&utm_content=Wilmington&utm_campaign=masseylocalsearch,+1 910-408-7030,Closed · Opens 7 am,,https://lh3.googleusercontent.com/gps-cs-s/APNQkAFjUw7ih4LpQ_ORgLrEPvr1fqz6S0QNjlosmURjauC9yz3dv027WNIcv9ObT7klFJ3Wwhf2aVCAxyP16RiaUltLoOOwKEkLzr0ng8A8j_hhExwW_q0n9-uvi4DS6kSVK8YVft69-w=w426-h240-k-no,true,7 am–8 pm,7 am–8 pm,7 am–8 pm,8 am–2 pm,Closed,7 am–8 pm,7 am–8 pm,"https://www.google.com/maps/search/tree+service+businesses+in+Murraysville+Wilmington+NC/@34.2955704,-77.8462876,14z",2026-04-29T06:58:20.596Z,,,
https://www.google.com/maps/place/Eden%27s+Gardens+Landscaping+Services/data=!4m7!3m6!1s0x89a9f5b27468697f:0x338adf8010b7776c!8m2!3d34.2616349!4d-77.8879603!16s%2Fg%2F11rtc9gwj1!19sChIJf2lodLL1qYkRbHe3EIDfijM,Eden's Gardens Landscaping Services,5.0,2,Landscaper,"1300 N Kerr Ave, Wilmington, NC 28405, United States","7466+MR Wilmington, North Carolina, USA",https://www.edensgardenlandscape.com/,+1 910-726-6957,Closed · Opens 7 am,,https://lh3.googleusercontent.com/gps-cs-s/APNQkAEoTn_yfjQZwKg86AHnmvCEDwHFe1JyzltlkOEmGm5C_z8iYbBkV6T-S5xKQZMTRwPDeMSzOU9-dcY-qakEiyzTNlDDdtLOV0kTRrIBOkztWapQzWEoPNc4GxveImsW7rSEnjI=w408-h306-k-no,true,7 am–6 pm,7 am–6 pm,7 am–6 pm,8 am–1 pm,Closed,7 am–6 pm,7 am–6 pm,"https://www.google.com/maps/search/tree+service+businesses+in+Murraysville+Wilmington+NC/@34.2955704,-77.8462876,14z",2026-04-29T06:58:25.337Z,,,
https://www.google.com/maps/place/Turf+Masters+Sod+Farms/data=!4m7!3m6!1s0x89a9f8305425829b:0x6afbe19f0ccb9564!8m2!3d34.2777023!4d-77.88385!16s%2Fg%2F1tfn3ltj!19sChIJm4IlVDD4qYkRZJXLDJ_h-2o,Turf Masters Sod Farms,4.6,112,Sod supplier,"1721 N Kerr Ave, Wilmington, NC 28405, United States","74H8+3F Wilmington, North Carolina, USA",http://www.turfmastersodfarm.com/,+1 910-452-5133,Closed · Opens 8 am,,https://lh3.googleusercontent.com/gps-cs-s/APNQkAHfwCH0g2nHztmZy1D_hkAJp0GU5_mjtWZDOLEY0X_CJVcjFgPNcapK6-5Ti44OKymIGtTsraBTU9DMYJBEu1nyVh2GblLI-PgHUzb-E0ofCriHW9ku8zLthEr6QQc3aoJyGIOuDg=w408-h725-k-no,true,8 am–4 pm,8 am–4 pm,8 am–4 pm,Closed,Closed,8 am–4 pm,8 am–4 pm,"https://www.google.com/maps/search/tree+service+businesses+in+Murraysville+Wilmington+NC/@34.2955704,-77.8462876,14z",2026-04-29T06:58:30.181Z,,,
"https://www.google.com/maps/place/Vista+Landscaping+LLC/@34.2599459,-77.8975685,11z/data=!3m1!4b1!4m6!3m5!1s0x89a98bc5cd203321:0xc06bb2e0caf7cee9!8m2!3d34.2599459!4d-77.8975685!16s%2Fg%2F11g9nd1hyf",Vista Landscaping LLC,5.0,7,Landscaper,,,http://www.vistalandscapingwilmingtonnc.com/,+1 910-620-8605,Closed · Opens 8 am,,,true,8 am–4 pm,8 am–4 pm,8 am–3 pm,Closed,Closed,8 am–4 pm,8 am–4 pm,"https://www.google.com/maps/search/tree+service+businesses+in+Murraysville+Wilmington+NC/@34.2955704,-77.8462876,14z",2026-04-29T06:58:36.990Z,,,
https://www.google.com/maps/place/Windflower+Landscaping+Maintenance/data=!4m7!3m6!1s0x89a98cf48d2a4c33:0x72b482d0c21a252b!8m2!3d34.2913526!4d-77.8117443!16s%2Fg%2F1th2980_!19sChIJM0wqjfSMqYkRKyUawtCCtHI,Windflower Landscaping Maintenance,5.0,3,Lawn care service,"211 Graystone Rd, Wilmington, NC 28405, United States","75RQ+G8 Wilmington, North Carolina, USA",http://www.windflowermaintenance.com/,+1 910-264-4491,Closed · Opens 9 am,,https://lh3.googleusercontent.com/gps-cs-s/APNQkAEGYlTw8ZgzlczbtxubocN2fD2f3rkC1UiHROu2pCXUgy1rVAtHJQFgypCQxpCYdXPpFfTAAaonTDEGviApHXcvDHI5Vr-EvIyCC-SN0dxwSE8qa2HJupceRRSdFEamQKt0UrsX=w408-h306-k-no,false,9 am–5 pm,9 am–5 pm,9 am–5 pm,Closed,Closed,9 am–5 pm,9 am–5 pm,"https://www.google.com/maps/search/tree+service+businesses+in+Murraysville+Wilmington+NC/@34.2955704,-77.8462876,14z",2026-04-29T06:58:41.715Z,,,
"https://www.google.com/maps/place/Middle+Sound+Landscaping+LLC/@34.266559,-77.8067884,17z/data=!3m1!4b1!4m6!3m5!1s0x89a98cc440f66d63:0x8a7081b27d51930!8m2!3d34.266559!4d-77.8067884!16s%2Fg%2F1tj9v5vy",Middle Sound Landscaping LLC,4.0,4,Landscape designer,"103 Pickway Ct, Wilmington, NC 28411, United States","758V+J7 Wilmington, North Carolina, USA",https://www.middlesoundlandscaping.com/,+1 910-686-2607,,,,false,,,,,,,,"https://www.google.com/maps/search/tree+service+businesses+in+Murraysville+Wilmington+NC/@34.2955704,-77.8462876,14z",2026-04-29T06:58:46.408Z,,,
https://www.google.com/maps/place/Economy+Exterminators/data=!4m7!3m6!1s0x89a98b56edada6bf:0x1935484480ca0574!8m2!3d34.2944255!4d-77.9043867!16s%2Fg%2F1ptxzdq27!19sChIJv6at7VaLqYkRdAXKgERINRk,Economy Exterminators,4.9,1791,Pest control service,"3135 Kitty Hawk Rd, Wilmington, NC 28405, United States","73VW+Q6 Wilmington, North Carolina, USA",https://www.economyexterminators.com/wilmington-pest-control/?utm_source=GBPWilmington&utm_medium=organic&utm_campaign=LocalSearch,+1 910-790-2000,Closed · Opens 7 am,,https://lh3.googleusercontent.com/gps-cs-s/APNQkAFq9bR6mdQlrDLjMbCn3BCmlgYnGhN6c2rOQ5ycYfNnN4rVbeGdMVQyYui4MYFMex4zs9WnGYW4Soq7j6Z5DGDt_lQBT_f94VBukkIMYf_X6vCUJ6hWuRMAf2HUxVzdSMFfmxxkX2K0fkhG=w459-h240-k-no,true,7 am–5 pm,7 am–5 pm,7 am–5 pm,7 am–12 pm,Closed,7 am–5 pm,7 am–5 pm,"https://www.google.com/maps/search/tree+service+businesses+in+Murraysville+Wilmington+NC/@34.2955704,-77.8462876,14z",2026-04-29T06:58:51.174Z,,,
https://www.google.com/maps/place/Southern+Backyards/data=!4m7!3m6!1s0x89a98b67672ce9a3:0x39135efc658f6598!8m2!3d34.259715!4d-77.878572!16s%2Fg%2F11c7093472!19sChIJo-ksZ2eLqYkRmGWPZfxeEzk,Southern Backyards,4.0,1,Landscape designer,,,http://www.southernbackyardsnc.com/,+1 910-789-7104,,,https://lh3.googleusercontent.com/gps-cs-s/APNQkAGzCnlqtHwyjOLRhmS1bY1XsSTbeYsmXprwXHEe7Y42iPoIv7ff8h6Y6eRj9v5BlFfvhhe3cs-CkQOWO06JpmnUMo9aVYhizN0IMj4lyB7gB7nONJ_pRufvRI7PkN7we21d-Ckyog=w473-h240-k-no,true,,,,,,,,"https://www.google.com/maps/search/tree+service+businesses+in+Murraysville+Wilmington+NC/@34.2955704,-77.8462876,14z",2026-04-29T06:58:54.027Z,,,
"https://www.google.com/maps/place/Insight+Pest+Solutions+-+Wilmington,+NC/data=!4m7!3m6!1s0x89a98b17584bf3c1:0x72755c0474fabef2!8m2!3d34.2847128!4d-77.8708678!16s%2Fg%2F11c7vsq48_!19sChIJwfNLWBeLqYkR8r76dARcdXI","Insight Pest Solutions - Wilmington, NC",4.2,799,Pest control service,"2710-A Exchange Dr, Wilmington, NC 28405, United States","74MH+VM Wilmington, North Carolina, USA",,+1 910-805-8075,Closed · Opens 8 am,,https://streetviewpixels-pa.googleapis.com/v1/thumbnail?panoid=iuDjq4fNJR1q-bgmDAtPoA&cb_client=search.gws-prod.gps&w=408&h=240&yaw=45.50392&pitch=0&thumbfov=100,true,8 am–6 pm,8 am–6 pm,8 am–6 pm,8 am–2 pm,Closed,8 am–6 pm,8 am–6 pm,"https://www.google.com/maps/search/tree+service+businesses+in+Murraysville+Wilmington+NC/@34.2955704,-77.8462876,14z",2026-04-29T06:58:58.739Z,,,
https://www.google.com/maps/place/Sheri+Perbeck/data=!4m7!3m6!1s0x89a9f5a98623ffff:0xfadf6d61a476e615!8m2!3d34.292236!4d-77.8648008!16s%2Fg%2F11d_7b540r!19sChIJ__8jhqn1qYkRFeZ2pGFt3_o,Sheri Perbeck,5.0,156,Psychic,"7001 Fallen Tree Rd, Wilmington, NC 28405, United States","74RP+V3 Wilmington, North Carolina, USA",http://www.sheriperbeck.com/,+1 910-477-7553,Closed · Opens 12 pm,Identifies as women-owned,https://lh3.googleusercontent.com/gps-cs-s/APNQkAEKaP_QLqWzOQ04SO_-SWiWoq7fbrSuPujVhdS12pcjFnGvCf25lgWR7VBEhKsK6WL8wl_2WscvVvilveTrDAFTpVwcjyxXGU8UvzpFeUdTpnLd6axQBblP_DDI2ukFpccNDhLf=w408-h308-k-no,true,12–6 pm,11 am–6 pm,11 am–6 pm,11 am–4 pm,Closed,12–4 pm,11 am–6 pm,"https://www.google.com/maps/search/tree+service+businesses+in+Murraysville+Wilmington+NC/@34.2955704,-77.8462876,14z",2026-04-29T06:59:03.492Z,,,
https://www.google.com/maps/place/Cape+Fear+Lawn+Masters/data=!4m7!3m6!1s0x89a98dbe9404471d:0x1a60180134341cf7!8m2!3d34.204614!4d-77.8975685!16s%2Fg%2F11rylwdlfl!19sChIJHUcElL6NqYkR9xw0NAEYYBo,Cape Fear Lawn Masters,4.8,38,Lawn care service,,,https://www.capefearlawnmasters.com/,+1 910-442-8191,Closed · Opens 8 am,,https://lh3.googleusercontent.com/gps-cs-s/APNQkAEN4fLj5ZvAhTIeoPt9ZLUHbGJKqUmF_wgeiGHvkSUlHUxcrrxs0U4bJDMm3wR4U19H91sY5IUIzTgWNkvFuX9DRkHlciKNReMhFRpQxiioQ1-vZKc93_lfjJYslMOYgv6rV1Wa_A=w408-h306-k-no,true,8 am–5 pm,8 am–5 pm,8 am–5 pm,Closed,Closed,8 am–5 pm,8 am–5 pm,"https://www.google.com/maps/search/tree+service+businesses+in+Murraysville+Wilmington+NC/@34.2955704,-77.8462876,14z",2026-04-29T06:59:08.227Z,,,
https://www.google.com/maps/place/BMS+CAT+Wilmington/data=!4m7!3m6!1s0x89a98aee07f33107:0x97f89699f9fff5b7!8m2!3d34.2932419!4d-77.8995736!16s%2Fg%2F11bxfs9frt!19sChIJBzHzB-6KqYkRt_X_-ZmW-Jc,BMS CAT Wilmington,4.4,112,Water damage restoration service,"3302 Kitty Hawk Rd STE 100, Wilmington, NC 28405, United States","74V2+75 Wilmington, North Carolina, USA",https://www.bmscat.com/locations/wilmington/?utm_source=google&utm_medium=organic&utm_campaign=gmb-homepage,+1 866-257-9061,Open 24 hours,,https://lh3.googleusercontent.com/gps-cs-s/APNQkAGs_cw3TdL_Skb7vIQmAFe9uMwppOcLIW1YL8OVn3GsZ3QYuny5c64hiBkf3X9dwFQZIUzPKOc_wWB5D2RLME9R6LJGTEB8GbpLvQYJ5BoklLZxS5TZf6VJs74PRq-sWPwcx7-kdQ=w408-h544-k-no,true,Open 24 hours,Open 24 hours,Open 24 hours,Open 24 hours,Open 24 hours,Open 24 hours,Open 24 hours,"https://www.google.com/maps/search/tree+service+businesses+in+Murraysville+Wilmington+NC/@34.2955704,-77.8462876,14z",2026-04-29T06:59:12.920Z,,,
"https://www.google.com/maps/place/East+Coast+Contracting,+INC./data=!4m7!3m6!1s0x89a98bae4d1185f1:0xa4e43c5951bbe103!8m2!3d34.3110079!4d-77.87399!16s%2Fg%2F1tdp5xhw!19sChIJ8YURTa6LqYkRA-G7UVk85KQ","East Coast Contracting, INC.",5.0,5,General contractor,"4525 Technology Dr, Wilmington, NC 28405, United States","846G+CC Wilmington, North Carolina, USA",http://www.eastcoastcontractinginc.com/,+1 910-343-6445,Closed · Opens 7 am,,https://lh3.googleusercontent.com/gps-cs-s/APNQkAGG7ukRDz7ntr7amVSl-nxYA8JEzb5hTQQqz1QGNwhWGNTQuICpfPSqBDRi2I4ae0Zm2mfHrDTfkt-8ZAKXB1EfzB57D4bXKSZ-_kQY2H0qvkN99S4_ofanxLQ161MChigVg4lk6Q=w408-h307-k-no,true,7 am–5 pm,7 am–5 pm,7 am–5 pm,Closed,Closed,7 am–5 pm,7 am–5 pm,"https://www.google.com/maps/search/tree+service+businesses+in+Murraysville+Wilmington+NC/@34.2955704,-77.8462876,14z",2026-04-29T06:59:17.897Z,,,
https://www.google.com/maps/place/Brothers+Coatings+and+Painting+LLC/data=!4m7!3m6!1s0x648c204a116bda9d:0x94e36ecf5998489!8m2!3d34.2913739!4d-77.8635011!16s%2Fg%2F11t54x4jq2!19sChIJndprEUogjGQRiYSZ9ew2Tgk,Brothers Coatings and Painting LLC,4.8,45,Painting,"3614 Leaning Tree Ct, Wilmington, NC 28405, United States","74RP+GH Wilmington, North Carolina, USA",https://brotherscoatingsandpainting.com/,+1 910-386-2411,"Closed · Opens 7 am

Confirmed by this business 5 weeks ago",,https://lh3.googleusercontent.com/gps-cs-s/APNQkAFfH7e3sfEWFIsQhKhflsUPPRXskY-LkraIKFUNFMkOrYVx9uncvRcch-UFlhCNEwhgNjzlAyiMFGj_TznmXi9UGbnOtDs6ezVzEwHNOv6khUwokxjGjEkyJYVPO21sqytn3J0=w408-h544-k-no,true,7 am–6 pm,7 am–6 pm,7 am–6 pm,Closed,Closed,7 am–6 pm,7 am–6 pm,"https://www.google.com/maps/search/tree+service+businesses+in+Murraysville+Wilmington+NC/@34.2955704,-77.8462876,14z",2026-04-29T06:59:22.812Z,,,
https://www.google.com/maps/place/Venus+Roofing+%26+Construction+LLC/data=!4m7!3m6!1s0x89a98cac64bbe285:0xe628525eb7817c5a!8m2!3d34.155497!4d-77.863273!16s%2Fg%2F11b620zp3g!19sChIJheK7ZKyMqYkRWnyBt15SKOY,Venus Roofing & Construction LLC,5.0,121,Roofing contractor,,,http://venusroofing.us/,+1 910-228-5200,Closed · Opens 8 am,LGBTQ+ friendly,https://lh3.googleusercontent.com/gps-cs-s/APNQkAEj8zKJDceFAOFydrpPOL_074LDgJPz1pkPrgT9FxqU1UbhhHkczG-pqN1OZarGlEXqyDQkNSLyxQmBkQvwjLuo8J-_kZjCE7k47iCOe8-pvR0w8A6_99sACxebDGwTUE4iQ45eJCijRpmU=w408-h306-k-no,true,8 am–5 pm,8 am–5 pm,8 am–5 pm,8 am–12 pm,Closed,8 am–5 pm,8 am–5 pm,"https://www.google.com/maps/search/tree+service+businesses+in+Murraysville+Wilmington+NC/@34.2955704,-77.8462876,14z",2026-04-29T06:59:27.520Z,,,
"https://www.google.com/maps/place/Bluewater+Contracting,+Inc./data=!4m7!3m6!1s0x89a98a95b5262e0b:0xed17c7560637ff6f!8m2!3d34.2090754!4d-77.9200975!16s%2Fg%2F11g01_23_w!19sChIJCy4mtZWKqYkRb_83BlbHF-0","Bluewater Contracting, Inc.",4.9,47,Construction company,,,https://www.bluwater.us/,+1 910-696-6748,Open 24 hours,,https://lh3.googleusercontent.com/gps-cs-s/APNQkAGWN8CESwF9QsAj6UMNvf6mpk_otjNGQEk3W_kRrzmh8sK-R3xqSI7miDaLLee6Gy5Mo9FFJBfA9ScJr-Pic-8LxtpwCyAuVuvboFFbN8rZfwWZ3ahbOqsLOQj8GcJX2cE5400=w408-h408-k-no,true,Open 24 hours,Open 24 hours,Open 24 hours,Open 24 hours,Open 24 hours,Open 24 hours,Open 24 hours,"https://www.google.com/maps/search/tree+service+businesses+in+Murraysville+Wilmington+NC/@34.2955704,-77.8462876,14z",2026-04-29T06:59:32.182Z,,,
https://www.google.com/maps/place/Krystal+Klean+Commercial+Cleaning/data=!4m7!3m6!1s0xbcd21fee81f80c5:0x1fd10f209d3e2a66!8m2!3d34.2806577!4d-77.804323!16s%2Fg%2F11ydl2nj2z!19sChIJxYAf6P4hzQsRZio-nSAP0R8,Krystal Klean Commercial Cleaning,5.0,5,Janitorial service,"7726 Lost Tree Rd, Wilmington, NC 28411, United States","75JW+77 Wilmington, North Carolina, USA",https://www.krystalkleanwilmington.com/,+1 910-232-0226,Closed · Opens 8 am,,https://lh3.googleusercontent.com/gps-cs-s/APNQkAF2t4SJVs_xWbZtRXqnq3JKlEfYChEZPrx38OSM7znbBlBk1xWnSVCdXrjYgpuGd5dkyALXczO5oIttdn1ZEFjoey9RNCBBttNmQttI3B5lcmg__IB_Kj1BK6QyxDkXIypgwvGKGE7k_ls=w408-h306-k-no,true,8 am–10 pm,8 am–10 pm,8 am–10 pm,8 am–10 pm,8 am–10 pm,8 am–10 pm,8 am–10 pm,"https://www.google.com/maps/search/tree+service+businesses+in+Murraysville+Wilmington+NC/@34.2955704,-77.8462876,14z",2026-04-29T06:59:37.047Z,,,
https://www.google.com/maps/place/Turning+Heads+Irrigation+and+Landscaping/data=!4m7!3m6!1s0x89a98b6f0acff181:0x814608c2172f2fcf!8m2!3d34.2337249!4d-77.8485794!16s%2Fg%2F11qpz8w8g0!19sChIJgfHPCm-LqYkRzy8vF8IIRoE,Turning Heads Irrigation and Landscaping,4.5,23,Landscaper,,,https://sites.google.com/view/turningheadswilmington/home-page,+1 910-789-3934,Closed · Opens 9 am,,https://lh3.googleusercontent.com/gps-cs-s/APNQkAGVgcKDaAEsWFa_jB3GmNQEcX38hOoGcDudC1WYENfMo81THTF_u5wWyRIpPX4tajh93OgXwuHeYsT8pNkSwM9fTnKPikBR4nXj17KZhPhOgsD_3nkHC7zX1k5HGq8wk1hBlb-O=w426-h240-k-no,true,9 am–4 pm,9 am–4 pm,9 am–4 pm,Closed,Closed,9 am–4 pm,9 am–4 pm,"https://www.google.com/maps/search/tree+service+businesses+in+Murraysville+Wilmington+NC/@34.2955704,-77.8462876,14z",2026-04-29T06:59:42.070Z,,,
https://www.google.com/maps/place/Stout%27s+Land+Services/data=!4m7!3m6!1s0x2154ce57449c5ae1:0xfbb79108e06bf4c5!8m2!3d34.220616!4d-77.8161338!16s%2Fg%2F11xtyx5gbl!19sChIJ4VqcRFfOVCERxfRr4AiRt_s,Stout's Land Services,5.0,35,Landscaper,"7205 Wrightsville Ave, Wilmington, NC 28403, United States","65CM+6G Wilmington, North Carolina, USA",https://www.stoutslandservices.com/,+1 910-946-6331,"Open 24 hours

Confirmed by this business 2 weeks ago",,https://lh3.googleusercontent.com/gps-cs-s/APNQkAE0uj6MaFHASEMvuEwNu4nKtkOMgkdlKZxJYpT9q6Mtsv7frW8pxcQn-zEwhFxEwBGp3deEahvYwjdhqphxKtxPoaZwndKsIhXyRrx4CkcCbiLTMlap8OLY5xAzYL5K0qqITm6KboT4dDq3=w426-h240-k-no,true,Open 24 hours,Open 24 hours,Open 24 hours,Open 24 hours,Open 24 hours,Open 24 hours,Open 24 hours,"https://www.google.com/maps/search/tree+service+businesses+in+Wrightsville+Beach+Wilmington+NC/@34.2085036,-77.7963709,14z",2026-04-29T07:00:03.107Z,,,
https://www.google.com/maps/place/Shoreline+Landscaping/data=!4m7!3m6!1s0x89a9f365068f7563:0x3038532820e07385!8m2!3d34.223373!4d-77.8275148!16s%2Fg%2F11clt77yvj!19sChIJY3WPBmXzqYkRhXPgIChTODA,Shoreline Landscaping,4.8,30,Landscape designer,"1801 Allens Ln, Wilmington, NC 28403, United States","65FC+8X Wilmington, North Carolina, USA",http://shorelinell.com/,+1 910-443-4395,Closed · Opens 7 am,,https://lh3.googleusercontent.com/gps-cs-s/APNQkAFzcX-aaotBz7XAb4QifZVWcQiWre9YYGqhs9cKXIbhUirIMLHjfoDRMm39RpoyWyxi-Q4yeQnngjhLF89Bw2Ns_Et4qw302Gmm5StWJlK1ZdHAEcVuNTnOzNEdAHDK1ZXjvbJB=w408-h544-k-no,true,7 am–5 pm,7 am–5 pm,7 am–5 pm,Closed,Closed,7 am–5 pm,7 am–5 pm,"https://www.google.com/maps/search/tree+service+businesses+in+Wrightsville+Beach+Wilmington+NC/@34.2085036,-77.7963709,14z",2026-04-29T07:00:07.839Z,,,
https://www.google.com/maps/place/Element+Outdoor+Living/data=!4m7!3m6!1s0x89a98aa8137dd43d:0xc3c66add39a832f1!8m2!3d34.2099601!4d-77.8412876!16s%2Fg%2F11cly_1_v1!19sChIJPdR9E6iKqYkR8TKoOd1qxsM,Element Outdoor Living,4.9,103,Landscape designer,"5917 Oleander Dr STE 200, Wilmington, NC 28403, United States","6555+XF Wilmington, North Carolina, USA",https://www.element-outdoorliving.com/,+1 910-901-2587,Closed · Opens 9 am,,https://lh3.googleusercontent.com/gps-cs-s/APNQkAF6U_ERJH-4tJYqmgNwMFa8yHHJiqQzYNCYpVDvr5NCwZeRmDci1maaNt6wVxMs2FbqFJovfm9z08Yr9d4CiHECCiwJDA8OHbAB7XxGHt4N9uTC_DxKj7JSYu6yqSy5TfxzWBsfQg=w408-h272-k-no,true,9 am–5 pm,9 am–5 pm,9 am–5 pm,Closed,Closed,9 am–5 pm,9 am–5 pm,"https://www.google.com/maps/search/tree+service+businesses+in+Wrightsville+Beach+Wilmington+NC/@34.2085036,-77.7963709,14z",2026-04-29T07:00:12.842Z,,,
https://www.google.com/maps/place/Johnnie+Mercers+Fishing+Pier/data=!4m7!3m6!1s0x89a9f2fd7522e55d:0xa148f99ebb8aa563!8m2!3d34.214344!4d-77.7886581!16s%2Fg%2F1v8x31fb!19sChIJXeUidf3yqYkRY6WKu575SKE,Johnnie Mercers Fishing Pier,4.5,4960,Fishing pier,"23 E Salisbury St, Wrightsville Beach, NC 28480, United States","6676+PG Wrightsville Beach, North Carolina, USA",http://www.johnniemercersfishingpier.com/,+1 910-256-2743,Closed · Opens 6 am,,https://lh3.googleusercontent.com/gps-cs-s/APNQkAF-8B-cQ0tQAu2ADp8vX4TfcK2n9fknsd9VcPAVEKKmIC1VR0SjLDO841bpYWqjf5-B9sdP32Uvat7t5u3Gj6yt8XWOJF0_FBNDz7eQQ7cE5KbQseL71epTMY1UbxixzIgCpQfI=w426-h240-k-no,true,6 am–11 pm,6 am–11 pm,6 am–11 pm,6 am–11 pm,6 am–11 pm,6 am–11 pm,6 am–11 pm,"https://www.google.com/maps/search/tree+service+businesses+in+Wrightsville+Beach+Wilmington+NC/@34.2085036,-77.7963709,14z",2026-04-29T07:00:17.871Z,,,
"https://www.google.com/maps/place/Craft+American+Hardware,+Inc./data=!4m7!3m6!1s0x89a9f371d2e78ceb:0xc2dfceedda8fa2b8!8m2!3d34.2198805!4d-77.8223951!16s%2Fg%2F1td48vdd!19sChIJ64zn0nHzqYkRuKKP2u3O38I","Craft American Hardware, Inc.",4.7,132,Hardware store,"7002 Wrightsville Ave, Wilmington, NC 28403, United States","659H+X2 Wilmington, North Carolina, USA",https://www.doitbest.com/crafthardware/,+1 910-256-4782,Closed · Opens 7:30 am,,https://lh3.googleusercontent.com/gps-cs-s/APNQkAG-dRuOdtaVAmlU2sGoacDzOVMtFr58HqvzA4Jqz9utZC9uKcsn0lllKJ-TbHeOlwnezq_IAD1Amy7pHgBYAxRtltsywnghbcJHVWl7Hpuku8JDQ_dRRYzBXB9WhTy0BYG7Gq0hZg=w427-h240-k-no,true,7:30 am–6 pm,7:30 am–6 pm,7:30 am–6 pm,8 am–6 pm,1–6 pm,7:30 am–6 pm,7:30 am–6 pm,"https://www.google.com/maps/search/tree+service+businesses+in+Wrightsville+Beach+Wilmington+NC/@34.2085036,-77.7963709,14z",2026-04-29T07:00:22.707Z,· In-store shopping · Kerbside pickup · Delivery,,
https://www.google.com/maps/place/Levy%27s+Landscaping/data=!4m7!3m6!1s0x89a9f49ccfbeabf1:0xc6df977b91944650!8m2!3d34.2107235!4d-77.8464219!16s%2Fg%2F1tk8czzh!19sChIJ8au-z5z0qYkRUEaUkXuX38Y,Levy's Landscaping,4.3,56,Landscaper,"5743 Marguerite Dr, Wilmington, NC 28403, United States","6563+7C Wilmington, North Carolina, USA",http://www.levyslandscaping.com/,+1 910-431-7814,Closed · Opens 9 am,,https://lh3.googleusercontent.com/gps-cs-s/APNQkAFCAEtfX3G7Hqk12gMA9DaNBUgBOl4U_lW1l8X9-oIQNOoUwyNaSGwxC1XFAJVcBevgz_Ca-KKUR4X7hEkj9QBIZp1LZpv2tGBntoytalERDjuXwDtXdjdWPlDNtqdI8FKFc5Fp=w408-h306-k-no,true,9 am–5 pm,9 am–5 pm,9 am–5 pm,Closed,Closed,9 am–5 pm,9 am–5 pm,"https://www.google.com/maps/search/tree+service+businesses+in+Wrightsville+Beach+Wilmington+NC/@34.2085036,-77.7963709,14z",2026-04-29T07:00:27.932Z,,,
https://www.google.com/maps/place/New+Hanover+County+Arboretum+%7C+N.C.+Cooperative+Extension/data=!4m7!3m6!1s0x89a9f37ff85b4e31:0xe6f055edf390c76f!8m2!3d34.2104568!4d-77.835411!16zL20vMGQ1Nzg5!19sChIJMU5b-H_zqYkRb8eQ8-1V8OY,New Hanover County Arboretum | N.C. Cooperative Extension,4.8,903,Arboretum,"6206 Oleander Dr, Wilmington, NC 28403, United States","6567+5R Wilmington, North Carolina, USA",http://arboretum.nhcgov.com/,+1 910-798-7660,,LGBTQ+ friendly,https://lh3.googleusercontent.com/gps-cs-s/APNQkAHlNmjHIK8iBSSY_sUXJpxa7z_wo9gUuE3I6yA0Q8iYm3pKBT9QI5-GfS0fF0b_wAtFOC_S4JY-l0bLSYsHbOwQKvubVEyeTlqB7vrjP_ihxqcCvDIlaMotDp_GlB4I1HMzyNV4=w408-h306-k-no,true,8 am–5 pm,8 am–5 pm,8 am–5 pm,8 am–5 pm,Closed,8 am–5 pm,8 am–5 pm,"https://www.google.com/maps/search/tree+service+businesses+in+Wrightsville+Beach+Wilmington+NC/@34.2085036,-77.7963709,14z",2026-04-29T07:00:32.926Z,"Family-friendly destination with seasonal specialty flower gardens, a koi pond & a kids' play area.",,
https://www.google.com/maps/place/Outer+Banks+Hammocks+%26+Outdoor+Furniture/data=!4m7!3m6!1s0x89a9f37282ea76f1:0xba28c42279218c82!8m2!3d34.2196561!4d-77.8161004!16s%2Fg%2F1vf9d6zm!19sChIJ8XbqgnLzqYkRgowheSLEKLo,Outer Banks Hammocks & Outdoor Furniture,4.5,24,Outdoor furniture store,"7228 Wrightsville Ave, Wilmington, NC 28403, United States","659M+VH Wilmington, North Carolina, USA",https://www.obxhammocks.com/,+1 910-256-4001,,Identifies as women-owned,https://lh3.googleusercontent.com/gps-cs-s/APNQkAEJo7Y1GwomyE2cCa_nuCVd14IrKUpqrbzaZ8rGMxS7FeUByokjnHBor3DVQxkC0CetoP0P6JR1lljK0EiNbEFrqnKsZbrpdgjM8bcGPKyXMzYOH8X9xZhjEiDRBm82B8CeZFdk=w408-h306-k-no,true,,,,,,,,"https://www.google.com/maps/search/tree+service+businesses+in+Wrightsville+Beach+Wilmington+NC/@34.2085036,-77.7963709,14z",2026-04-29T07:00:35.562Z,· Delivery,,
https://www.google.com/maps/place/Joshua+Tree+of+Wilmington/data=!4m7!3m6!1s0x89a9f5189d99c3c7:0x4658ef2f102aae0a!8m2!3d34.2069834!4d-77.8642209!16s%2Fg%2F11frqq7w8s!19sChIJx8OZnRj1qYkRCq4qEC_vWEY,Joshua Tree of Wilmington,4.9,32,Arborist service,,,http://www.joshuatreeilm.com/,+1 910-444-1907,,,https://lh3.googleusercontent.com/gps-cs-s/APNQkAFL8D1RG_xjcjCfVOlxgizhfbNDDWAvSpXaFNQQs6meqxsY7s0-zOwcWPenUAlQJHK6D65hWz9_HzK6lkRSdpkl45Mfhwmlfa9L0jESr6OEXrJS0zhX6MvDE5L1PDLVYLwJ5_8a=w408-h544-k-no,true,,,,,,,,"https://www.google.com/maps/search/tree+service+businesses+in+Wrightsville+Beach+Wilmington+NC/@34.2085036,-77.7963709,14z",2026-04-29T07:00:38.544Z,,,
https://www.google.com/maps/place/Carolina+Runner/data=!4m7!3m6!1s0x89a9f350b017a197:0x68273a326fa96735!8m2!3d34.2033607!4d-77.7985296!16s%2Fg%2F11j5_pgccc!19sChIJl6EXsFDzqYkRNWepbzI6J2g,Carolina Runner,4.9,169,Boat tour agency,"275 Waynick Blvd, Wrightsville Beach, NC 28480, United States","6632+8H Wrightsville Beach, North Carolina, USA",http://carolina-runner.com/,+1 910-622-2503,Closed · Opens 10 am,,https://lh3.googleusercontent.com/gps-cs-s/APNQkAHWmCvpTR15Hxh0Hn8IsSbgj3vPr3GWnEOQe9X4Cbk0lDctU9kj_xeCiOdErznR4VAEnTSyJk-jP4ltzu8mDeL5LuCW2nxqx0pIeKNNAA0atvGHP0NkngdIYoBgmUskKWaog-TjNA=w408-h272-k-no,true,10 am–8:30 pm,10 am–8:30 pm,10 am–8:30 pm,10 am–8:30 pm,10 am–8:30 pm,10 am–8:30 pm,Closed,"https://www.google.com/maps/search/tree+service+businesses+in+Wrightsville+Beach+Wilmington+NC/@34.2085036,-77.7963709,14z",2026-04-29T07:00:51.201Z,,,
https://www.google.com/maps/place/Morales+Landscaping/data=!4m7!3m6!1s0x89aa258934dc9d0d:0xabb4fd25c7bb0ec5!8m2!3d34.242754!4d-78.0677095!16s%2Fg%2F11df7c1wy8!19sChIJDZ3cNIklqokRxQ67xyX9tKs,Morales Landscaping,5.0,5,Landscape designer,,,http://www.moraleslandscapingwilmington.com/,+1 910-604-0259,Closed · Opens 8 am,,https://lh3.googleusercontent.com/gps-cs-s/APNQkAGDop7xl_YsVAH-lh07wb1SMCU3LWs6T7pyGESea3RwePLWj4JGIKvcjg6I7cmN2YZzklbOICmG2Drds-KLQViD6V6pmOp2l7RfBbvZNwaFo3e1SWAAjjhWtVaYHjMIduBelCs5Xw=w408-h544-k-no,true,8 am–6 pm,8 am–6 pm,8 am–6 pm,8 am–6 pm,Closed,8 am–6 pm,8 am–6 pm,"https://www.google.com/maps/search/tree+service+businesses+in+Wrightsville+Beach+Wilmington+NC/@34.2085036,-77.7963709,14z",2026-04-29T07:00:56.356Z,,,
https://www.google.com/maps/place/Trips+Tree+Service/data=!4m7!3m6!1s0x89aa1f4434a1b741:0xca9689bfaab7f59a!8m2!3d34.2011237!4d-77.9501167!16s%2Fg%2F11p_4qw_rd!19sChIJQbehNEQfqokRmvW3qr-Jlso,Trips Tree Service,5.0,1,Tree service,"2053 Burnett Blvd, Wilmington, NC 28401, United States","622X+CX Wilmington, North Carolina, USA",http://tripstreesnc.com/,+1 910-297-3275,Closed · Opens 9 am,,https://lh3.googleusercontent.com/gps-cs-s/APNQkAG5XZFzUHxPMksgL13TKCP3khXsiouyvTO0EF0KsUTbN8QlO4Wbx30M_HYYvVwYrNwRX95Bh-qOQWTzCU_m-SGeHdOsFeVzadqhR1M4gwwxx1FzqCZPKPEcs12QYomUgA5zb_WSlw=w408-h277-k-no,true,9 am–6 pm,9 am–6 pm,9 am–6 pm,Closed,Closed,9 am–6 pm,9 am–6 pm,"https://www.google.com/maps/search/tree+service+businesses+in+Wrightsville+Beach+Wilmington+NC/@34.2085036,-77.7963709,14z",2026-04-29T07:01:01.208Z,,,
https://www.google.com/maps/place/Premier+Management+Company/data=!4m7!3m6!1s0x89a9f7e919f2fe9b:0x5f08f19ca57cf382!8m2!3d34.2239375!4d-77.8202441!16s%2Fg%2F11fll643g9!19sChIJm_7yGen3qYkRgvN8pZzxCF8,Premier Management Company,4.4,464,Property management company,"1985 Eastwood Rd Suite 102, Wilmington, NC 28403, United States","65FH+HW Wilmington, North Carolina, USA",http://www.premiermanagementnc.com/,+1 910-679-3012,Closed · Opens 8:30 am,,https://lh3.googleusercontent.com/gps-cs-s/APNQkAE-Rylxe2qI5M8vzLW1Hf9yYpln_bV35zxbc9NjxoZAJD2TXCMguo2SuuQX6LWx1p3U88vUSUrLbyDBbflOpqPr5_W80SszSop21pemrolvxADkfuMdyP8WNj_YGMINAwUEKdLeh5-R99Rn=w408-h272-k-no,true,8:30 am–5 pm,8:30 am–5 pm,8:30 am–5 pm,Closed,Closed,8:30 am–5 pm,8:30 am–5 pm,"https://www.google.com/maps/search/tree+service+businesses+in+Wrightsville+Beach+Wilmington+NC/@34.2085036,-77.7963709,14z",2026-04-29T07:01:05.944Z,,,
https://www.google.com/maps/place/Creative+Tree+Design/data=!4m7!3m6!1s0x89a9f5a09ede8113:0x60f8690f013aae88!8m2!3d34.2152579!4d-77.8495251!16s%2Fg%2F11mkhp1h0b!19sChIJE4HenqD1qYkRiK46AQ9p-GA,Creative Tree Design,,,Graphic designer,"5814 Solera Rd, Wilmington, NC 28403, United States","6582+45 Wilmington, North Carolina, USA",,+1 443-534-1014,Open 24 hours,,https://streetviewpixels-pa.googleapis.com/v1/thumbnail?panoid=8kt9BLdwSOUeQXTag3af7A&cb_client=search.gws-prod.gps&w=408&h=240&yaw=184.17291&pitch=0&thumbfov=100,true,Open 24 hours,Open 24 hours,Open 24 hours,Closed,Closed,Open 24 hours,Open 24 hours,"https://www.google.com/maps/search/tree+service+businesses+in+Wrightsville+Beach+Wilmington+NC/@34.2085036,-77.7963709,14z",2026-04-29T07:01:10.968Z,,,
https://www.google.com/maps/place/Wrightsville+Beach+Kayak+Company/data=!4m7!3m6!1s0x89a98cb9b04f4a71:0x7b03596d61903bca!8m2!3d34.21726!4d-77.842491!16s%2Fg%2F1tgwbs3p!19sChIJcUpPsLmMqYkRyjuQYW1ZA3s,Wrightsville Beach Kayak Company,5.0,37,Canoe & kayak rental service,"238 Greenville Ave, Wilmington, NC 28403, United States","6585+W2 Wilmington, North Carolina, USA",http://www.wrightsvillebeachkayak.com/,+1 910-599-0076,Closed · Opens 7 am,,https://lh3.googleusercontent.com/gps-cs-s/APNQkAEjr6TdyAnvaW84lGyw3ngabTYSsxGg0fj2Jrmw_XyCW7TVtPnhgQ7yhlHrJnYM55b7CRg1_uorOqx_Z3NtW7fF4xc406f4h6mq6_GXRSjNUCqRYrzlMwGpguM0WHJa8dsXviUrhQ=w408-h306-k-no,true,7 am–9 pm,7 am–9 pm,7 am–9 pm,7 am–9 pm,7 am–9 pm,7 am–9 pm,7 am–9 pm,"https://www.google.com/maps/search/tree+service+businesses+in+Wrightsville+Beach+Wilmington+NC/@34.2085036,-77.7963709,14z",2026-04-29T07:01:16.031Z,,,
https://www.google.com/maps/place/Home+Again+Wilmington/data=!4m7!3m6!1s0x89a9f35a85a24e61:0xe2bf853bd7173f2b!8m2!3d34.2373451!4d-77.8270547!16s%2Fg%2F1hhjz_pkw!19sChIJYU6ihVrzqYkRKz8X1zuFv-I,Home Again Wilmington,4.6,181,Furniture store,"1115 Military Cutoff Rd D, Wilmington, NC 28405, United States","65PF+W5 Wilmington, North Carolina, USA",http://www.homeagainwilmington.com/,+1 910-679-4302,Closed · Opens 10 am,LGBTQ+ friendly,https://lh3.googleusercontent.com/gps-cs-s/APNQkAEyBmZPiB7Wln_kIoPCP1AN5WulDVYH2snMyHzg0mIiySKx8HGKN_1619K17U1kgNbgVEfLZmQ_mu1umCWE647dLAdsR9b2LVub9GZ0WNDiJE9Bg5xyd1pPHZuwmuw39gzyQ4w=w408-h544-k-no,true,10 am–5 pm,10 am–5 pm,10 am–5 pm,10 am–5 pm,12–4 pm,10 am–5 pm,10 am–5 pm,"https://www.google.com/maps/search/tree+service+businesses+in+Wrightsville+Beach+Wilmington+NC/@34.2085036,-77.7963709,14z",2026-04-29T07:01:20.932Z,· In-store shopping · In-store pick-up,,
https://www.google.com/maps/place/St.+Mark+Catholic+Church/data=!4m7!3m6!1s0x89a9f4a2e32c6529:0x8a70602141059b41!8m2!3d34.2367237!4d-77.8456355!16s%2Fg%2F1vnnk849!19sChIJKWUs46L0qYkRQZsFQSFgcIo,St. Mark Catholic Church,4.7,134,Catholic church,"1011 Eastwood Rd, Wilmington, NC 28403, United States","65P3+MP Wilmington, North Carolina, USA",https://www.stmarkcc.net/,+1 910-392-0720,,,https://lh3.googleusercontent.com/gps-cs-s/APNQkAGr_yN9g2z0jit1CCW30VXzdJlOUe2WuDMPGWvXKx92j0ejvqUa9evMamCr5PcGOGF3UdYnu7Yz1oYdpLH4cm6utb18jYrc7vnnyU_UfQXYDWB30RNTdPyfrwSaGzPvtX1ohZ8t=w408-h306-k-no,false,8 am–4 pm,8 am–4 pm,8 am–4 pm,Closed,Closed,8 am–4 pm,8 am–4 pm,"https://www.google.com/maps/search/tree+service+businesses+in+Wrightsville+Beach+Wilmington+NC/@34.2085036,-77.7963709,14z",2026-04-29T07:01:25.779Z,,,
https://www.google.com/maps/place/Wine+%26+Design+Wilmington/data=!4m7!3m6!1s0x89a9f4debe94ff11:0xedfa6c33daa4eb07!8m2!3d34.2291482!4d-77.8278387!16s%2Fg%2F1tf29k3f!19sChIJEf-Uvt70qYkRB-uk2jNs-u0,Wine & Design Wilmington,4.7,186,Painting studio,"1319 Military Cutoff Rd Jj, Wilmington, NC 28405, United States","65HC+MV Wilmington, North Carolina, USA",https://www.wineanddesign.com/wilmington-nc/,+1 910-679-4750,"Closed · Opens 6 pm

Updated by this business 6 days ago",,https://lh3.googleusercontent.com/gps-cs-s/APNQkAFCMF4KeI0d68CtwEkdLheHDhj-TKkeD62p964FyfvERTjNruHPXjr_6TXKP0YvnZgLUi2UVD9ZyyNGA0EabsPza6t8cyYjgNgmm9I3TYO5GH5FFsOWRhvVngpngk4_9ADRM_GO=w408-h272-k-no,true,6–9 pm,6–9 pm,6–9 pm,2:30–9 pm,2:30–9 pm,Closed,Closed,"https://www.google.com/maps/search/tree+service+businesses+in+Wrightsville+Beach+Wilmington+NC/@34.2085036,-77.7963709,14z",2026-04-29T07:01:30.471Z,,,
https://www.google.com/maps/place/Duke+Energy+Progress/data=!4m7!3m6!1s0x89a9f36443262e2b:0x559013f4e5cb8162!8m2!3d34.2246231!4d-77.8295799!16s%2Fg%2F1tftxtx2!19sChIJKy4mQ2TzqYkRYoHL5fQTkFU,Duke Energy Progress,1.6,127,Electric utility company,"1451 Military Cutoff Rd, Wilmington, NC 28403, United States","65FC+R5 Wilmington, North Carolina, USA",https://www.duke-energy.com/,+1 800-452-2777,Closed · Opens 9 am,,https://lh3.googleusercontent.com/gps-cs-s/APNQkAGKYeZKerscXvP45coPxJaZw24KlL7ZZx2I--E6X-9XeVGB8oD0XyQLe-pbZowOdfrcwGuPPNxy0Jz6AeacyrAOo1DPabzAMMNwNL4w9oimTAxTnX2c19xDGxeLz1vZnsUxzYs=w408-h725-k-no,false,9 am–5 pm,9 am–5 pm,9 am–5 pm,Closed,Closed,9 am–5 pm,9 am–5 pm,"https://www.google.com/maps/search/tree+service+businesses+in+Wrightsville+Beach+Wilmington+NC/@34.2085036,-77.7963709,14z",2026-04-29T07:01:35.293Z,,,
https://www.google.com/maps/place/Sea+Scape+Properties/data=!4m7!3m6!1s0x89a9f30c211f7735:0xdc31f966fa0762be!8m2!3d34.2151137!4d-77.80826!16s%2Fg%2F11b6dq3tfq!19sChIJNXcfIQzzqYkRvmIH-mb5Mdw,Sea Scape Properties,4.6,515,Vacation home rental agency,"232 Causeway Dr # 2-C, Wrightsville Beach, NC 28480, United States","658R+2M Wrightsville Beach, North Carolina, USA",https://seascapevacationhomes.com/,+1 910-332-7284,"Closed · Opens 9 am

Confirmed by this business 11 weeks ago",,https://lh3.googleusercontent.com/gps-cs-s/APNQkAE1aggoU9jmw4gZltX_qu7lNM62WIlcxdk_7KdvdriUcJLdFB9aLOrRwc2zmnam5NY769kDE5nOH_cN8acYAMAt0QPDLnlnGidbXjIxLVOsye3mk3YSX1o0Ufoz-8eSP03Zg8LzPcFDj4VG=w426-h240-k-no,true,9 am–5 pm,9 am–5 pm,9 am–5 pm,Closed,Closed,9 am–5 pm,9 am–5 pm,"https://www.google.com/maps/search/tree+service+businesses+in+Wrightsville+Beach+Wilmington+NC/@34.2085036,-77.7963709,14z",2026-04-29T07:01:40.485Z,,,
https://www.google.com/maps/place/Absolute+Detail+Pressure+Washing/data=!4m7!3m6!1s0x89a9f49e6b84d003:0x88253a941ccd3394!8m2!3d34.2285359!4d-77.8382574!16s%2Fg%2F1v8x31fl!19sChIJA9CEa570qYkRlDPNHJQ6JYg,Absolute Detail Pressure Washing,5.0,231,Pressure washing service,"235 Rogersville Rd, Wilmington, NC 28403, United States","65H6+CM Wilmington, North Carolina, USA",http://www.cleanmystuff.com/,+1 910-622-4235,Closed · Opens 9 am,Identifies as veteran-owned,https://lh3.googleusercontent.com/gps-cs-s/APNQkAEJ30KnnlhOjJUl7E9by1F4Nr8WOgGKSape_98TnTBPm6jNl1BQ3MD3IogaEv-k5qvcAsmtVYO1EDSdSyPadsOnbMg4L8dZYcn7qKn4d54dB1KxGU_Em4rmjSuO3OlJZf-f2UuV8Ofjo1N9=w408-h306-k-no,true,9 am–5 pm,9 am–5 pm,9 am–5 pm,9 am–5 pm,9 am–5 pm,9 am–5 pm,9 am–5 pm,"https://www.google.com/maps/search/tree+service+businesses+in+Wrightsville+Beach+Wilmington+NC/@34.2085036,-77.7963709,14z",2026-04-29T07:01:45.642Z,,,
https://www.google.com/maps/place/Wrightsville+Beach+Boating+Access/data=!4m7!3m6!1s0x89a9f30d76f56851:0x9e6483c1cfa1322d!8m2!3d34.2183703!4d-77.8111779!16s%2Fg%2F11csrddmbw!19sChIJUWj1dg3zqYkRLTKhz8GDZJ4,Wrightsville Beach Boating Access,4.2,130,Boat ramp,"109 Causeway Dr, Wrightsville Beach, NC 28480, United States","659Q+8G Wrightsville Beach, North Carolina, USA",,,,,https://lh3.googleusercontent.com/gps-cs-s/APNQkAGaa-B79N9M55cFVF4caL4rPESfNlPQgQw5FfIoPen74zEZO80SAcxPxOO0bhYLEY6r21wq0cFjQmQlJYo-NFPZ73ehZx2-wy1HH0J06yk38OrViW_Svbmbamb6d1Sss_KVFgJZ=w408-h306-k-no,false,,,,,,,,"https://www.google.com/maps/search/tree+service+businesses+in+Wrightsville+Beach+Wilmington+NC/@34.2085036,-77.7963709,14z",2026-04-29T07:01:48.773Z,,,
https://www.google.com/maps/place/Southern+Leisure+Builders+Inc./data=!4m7!3m6!1s0x89a9f35d648d6ee5:0x2d31cafda872f032!8m2!3d34.2324243!4d-77.8270504!16s%2Fg%2F1w0p6hds!19sChIJ5W6NZF3zqYkRMvByqP3KMS0,Southern Leisure Builders Inc.,4.8,74,Sunroom contractor,"1213 Culbreth Dr, Wilmington, NC 28405, United States","65JF+X5 Wilmington, North Carolina, USA",https://southernleisurebuilders.com/contact/,+1 910-219-0438,Closed · Opens 8 am,,https://lh3.googleusercontent.com/gps-cs-s/APNQkAEZ9vpFZOZLwH7eeOzy2uf2Xxxh15EZ7ivQJuyDNqWAnH2upKqvDacycLELevWhfHI3tKAsSLulFycB06gaVS-hVARHo1nJFWt0ZrtXV_Iov0zm_RWZzNaWrC7GU3aFlFG7J83yfMluRD6n=w408-h279-k-no,true,8 am–5 pm,8 am–5 pm,8 am–5 pm,9 am–2 pm,Closed,8 am–5 pm,8 am–5 pm,"https://www.google.com/maps/search/tree+service+businesses+in+Wrightsville+Beach+Wilmington+NC/@34.2085036,-77.7963709,14z",2026-04-29T07:01:56.127Z,,,
https://www.google.com/maps/place/Mark+Johnson+Custom+Homes/data=!4m7!3m6!1s0x89a9f349826d902f:0xba9b88291868c094!8m2!3d34.23131!4d-77.82762!16s%2Fg%2F1td0nwwf!19sChIJL5BtgknzqYkRlMBoGCmIm7o,Mark Johnson Custom Homes,5.0,37,Custom home builder,"1319 Military Cutoff Rd B, Wilmington, NC 28405, United States","65JC+GX Wilmington, North Carolina, USA",https://www.markjohnsoncustomhomes.com/,+1 910-409-2421,Closed · Opens 8 am,,https://lh3.googleusercontent.com/gps-cs-s/APNQkAFzidH-tjcBsPvLpUYv79Y0RkYMzEnBYFeZAINjxzmeNTBQX6x8uBRRTdmG8IbvH9XStMgGFML7ES1-rFaP-57goSwetvQDkcEQM73qHC76yEZG9E65vYx1BI5FvprV8TvJMhLk=w408-h403-k-no,true,8 am–5 pm,8 am–5 pm,8 am–5 pm,Closed,Closed,8 am–5 pm,8 am–5 pm,"https://www.google.com/maps/search/tree+service+businesses+in+Wrightsville+Beach+Wilmington+NC/@34.2085036,-77.7963709,14z",2026-04-29T07:02:02.167Z,,,
"https://www.google.com/maps/place/Wrightsville+SUP+-+Kayak+%26+SUP+Rentals,+Lessons,+and+more/data=!4m7!3m6!1s0x89a9f3a906f192db:0x6f079cc97f4467ea!8m2!3d34.2177701!4d-77.7954571!16s%2Fg%2F12cp85nw9!19sChIJ25LxBqnzqYkR6mdEf8mcB28","Wrightsville SUP - Kayak & SUP Rentals, Lessons, and more",5.0,654,Canoe & kayak rental service,"96 W Salisbury St, Wrightsville Beach, NC 28480, United States","6693+4R Wrightsville Beach, North Carolina, USA",http://www.wrightsvillesup.com/,+1 910-378-9283,,LGBTQ+ friendly,https://lh3.googleusercontent.com/gps-cs-s/APNQkAEzJW8ll9Vs7tDwPYNzaIuSiJ4c0eSDbWzrIAT0PcL3h_0GOWzePGEZtER-rH4HFl-Ck2RqvtvXFa-F_TXdGCn-hoxQ8kT029xbitDu2bR6c1MooM5v5Gy0jUVubEgHS_5i4TMjsg=w408-h271-k-no,true,6 am–8 pm,6 am–8 pm,6 am–8 pm,6 am–8 pm,6 am–8 pm,6 am–8 pm,6 am–8 pm,"https://www.google.com/maps/search/tree+service+businesses+in+Wrightsville+Beach+Wilmington+NC/@34.2085036,-77.7963709,14z",2026-04-29T07:02:07.433Z,,,
https://www.google.com/maps/place/Coastal+Properties/data=!4m7!3m6!1s0x89a9f35b5f3a25f9:0x683277928babd5da!8m2!3d34.2372841!4d-77.8263754!16s%2Fg%2F11bv1bvllw!19sChIJ-SU6X1vzqYkR2tWri5J3Mmg,Coastal Properties,4.7,26,Real estate agency,"1113 Military Cutoff Rd C, Wilmington, NC 28405, United States","65PF+WC Wilmington, North Carolina, USA",http://www.wilmingtoncoastalproperties.com/,+1 910-256-8171,Closed · Opens 9 am,,https://streetviewpixels-pa.googleapis.com/v1/thumbnail?panoid=4vb7970HeZzHtNKAHv-SPA&cb_client=search.gws-prod.gps&w=408&h=240&yaw=305.5156&pitch=0&thumbfov=100,true,9 am–4 pm,9 am–4 pm,9 am–4 pm,Closed,Closed,9 am–4 pm,9 am–4 pm,"https://www.google.com/maps/search/tree+service+businesses+in+Wrightsville+Beach+Wilmington+NC/@34.2085036,-77.7963709,14z",2026-04-29T07:02:12.402Z,,,
"https://www.google.com/maps/place/Koke+Demolition+%26+Salvage/@34.2426224,-77.8252923,13z/data=!3m1!4b1!4m6!3m5!1s0x89a98ac555555555:0xe249b24ef1c125c!8m2!3d34.2426224!4d-77.8252923!16s%2Fg%2F1tf03bnj",Koke Demolition & Salvage,5.0,1,Demolition contractor,"Wilmington, NC 28405, United States",,,+1 910-231-1479,,,,false,,,,,,,,"https://www.google.com/maps/search/tree+service+businesses+in+Wrightsville+Beach+Wilmington+NC/@34.2085036,-77.7963709,14z",2026-04-29T07:02:17.452Z,,,
https://www.google.com/maps/place/MJ+Design/data=!4m7!3m6!1s0x2679db19ae3d1d1b:0x7be3b65f04cec6c1!8m2!3d34.23131!4d-77.82762!16s%2Fg%2F11vyqr1132!19sChIJGx09rhnbeSYRwcbOBF-243s,MJ Design,5.0,7,Interior designer,"1319 Military Cutoff Rd B, Wilmington, NC 28405, United States","65JC+GX Wilmington, North Carolina, USA",http://www.mjdesignnc.com/,+1 910-380-5808,Closed · Opens 8 am,,https://lh3.googleusercontent.com/gps-cs-s/APNQkAE6_CDsvaGflv9cMdR1O7VUE93vPkTNiiOxZA8IE_-NFoX-LEEBDBz2OFYh5cGqRdPr3nJcrQYZJiNF1vfUFNQd6YOk8HnPBOvpkGK5-Bo9NPkvDmDkkvWffD6PYUFoHs566P3U=w426-h240-k-no,true,8 am–5 pm,8 am–5 pm,8 am–5 pm,Closed,Closed,8 am–5 pm,8 am–5 pm,"https://www.google.com/maps/search/tree+service+businesses+in+Wrightsville+Beach+Wilmington+NC/@34.2085036,-77.7963709,14z",2026-04-29T07:02:23.777Z,,,
"https://www.google.com/maps/place/Capital+Adjusting+Services/@34.2324422,-77.8269899,17z/data=!3m1!4b1!4m6!3m5!1s0x89a9f58bbd5b7143:0x54590bb702d8a69f!8m2!3d34.2324422!4d-77.8269899!16s%2Fg%2F11k61hnf6_",Capital Adjusting Services,4.8,21,Loss adjuster,"1213 Culbreth Dr Ste 435, Wilmington, NC 28405, United States","65JF+X6 Wilmington, North Carolina, USA",https://capitaladjustingservices.com/locations-we-serve/north-carolina/wilmington-north-carolina/?utm_source=google&utm_medium=gbp,+1 910-236-2060,Open 24 hours,,,true,Open 24 hours,Open 24 hours,Open 24 hours,Open 24 hours,Open 24 hours,Open 24 hours,Open 24 hours,"https://www.google.com/maps/search/tree+service+businesses+in+Wrightsville+Beach+Wilmington+NC/@34.2085036,-77.7963709,14z",2026-04-29T07:02:30.947Z,,,
https://www.google.com/maps/place/SeaLevel+Landscaping+LLC/data=!4m7!3m6!1s0x89a9f5660b8aa2ff:0x33b98ab67f8c49b9!8m2!3d34.246319!4d-77.8637766!16s%2Fg%2F11hm38yd1_!19sChIJ_6KKC2b1qYkRuUmMf7aKuTM,SeaLevel Landscaping LLC,4.6,11,Landscaper,,,https://www.sealevellandscaping.com/,+1 910-622-2331,Closed · Opens 7 am,,https://lh3.googleusercontent.com/gps-cs-s/APNQkAHlhQiGHFvUgd8zKMJCNU01fz3Z6JEkYwSHwDIMrXOTMtBU-tkf1vWN1qX4-6zXZ_icuz3baK-eJwKvnKlJdvxYMY6GBb7oQldNH34DkRL2afnoD-K93qZIVzaGiiPYqHRZ4IM_=w425-h240-k-no,true,7 am–7 pm,7 am–7 pm,7 am–7 pm,Closed,Closed,7 am–7 pm,7 am–7 pm,"https://www.google.com/maps/search/tree+service+businesses+in+Wrightsville+Beach+Wilmington+NC/@34.2085036,-77.7963709,14z",2026-04-29T07:02:36.056Z,,,
https://www.google.com/maps/place/Green4u+Outdoor+Living+LLC/data=!4m7!3m6!1s0x8bce263cb21081ab:0xa7f52583829083b1!8m2!3d34.2118538!4d-77.8902321!16s%2Fg%2F11wxsmhq0c!19sChIJq4EQsjwmzosRsYOQgoMl9ac,Green4u Outdoor Living LLC,5.0,32,Landscaper,"4300 Peachtree Ave #9, Wilmington, NC 28403, United States","6465+PW Wilmington, North Carolina, USA",https://www.green4uoutdoorliving.com/,+1 910-386-9506,Closed · Opens 7:30 am,,https://lh3.googleusercontent.com/gps-cs-s/APNQkAHmuve53r4zVPzq-8TUYkbUTvN4v8DriU4zfWYOkuHDnPgQyVzJoTIymGqon0OupMLnp9zlyMh-tBz3fSYcwaKa4h5mqiTHn72Hl1F59SrFswct5ytSP-V_0OmNytOl8T8b05BDb826q7gr=w408-h535-k-no,true,7:30 am–9 pm,7:30 am–9 pm,7:30 am–9 pm,9 am–7:30 pm,9 am–5 pm,9 am–5 pm,7:30 am–9 pm,"https://www.google.com/maps/search/tree+service+businesses+in+Wrightsville+Beach+Wilmington+NC/@34.2085036,-77.7963709,14z",2026-04-29T07:02:41.528Z,,,
https://www.google.com/maps/place/Airlie+at+Wrightsville+Sound/data=!4m7!3m6!1s0x89a9f3e7ab5efc65:0xe25b10da6b432479!8m2!3d34.2197993!4d-77.8270358!16s%2Fg%2F11j03b8w9g!19sChIJZfxeq-fzqYkReSRDa9oQW-I,Airlie at Wrightsville Sound,4.0,1,Housing development,"6800 Wrightsville Ave, Wilmington, NC 28403, United States","659F+W5 Wilmington, North Carolina, USA",https://airlienc.com/,+1 910-368-6416,Closed · Opens 11 am,,https://lh3.googleusercontent.com/gps-cs-s/APNQkAG9161JgnZ3h4rW8-ZYGVepF6u1IrluOmVdEfMXkqktZkFrzFexeqi1zobLsHigBokBYbXM1HQrfnzDjFBSRvHpEitEiVun1DJIqNSRuT9KPAvGCRmfz1o6MfOUWb9VMwIxkG0=w408-h306-k-no,false,11 am–5 pm,11 am–5 pm,11 am–5 pm,11 am–5 pm,1–5 pm,11 am–5 pm,11 am–5 pm,"https://www.google.com/maps/search/tree+service+businesses+in+Wrightsville+Beach+Wilmington+NC/@34.2085036,-77.7963709,14z",2026-04-29T07:02:47.050Z,,,
https://www.google.com/maps/place/The+Original+Salt+Works/data=!4m7!3m6!1s0x89a9f37ffc52c67d:0xe6608da65290c8e9!8m2!3d34.2114487!4d-77.8364392!16s%2Fg%2F1pp2xbpl6!19sChIJfcZS_H_zqYkR6ciQUqaNYOY,The Original Salt Works,4.6,810,Breakfast restaurant,"6301 Oleander Dr, Wilmington, NC 28403, United States","6567+HC Wilmington, North Carolina, USA",https://m.facebook.com/pages/category/American-Restaurant/The-Original-Salt-Works-245508413882/,+1 910-350-0018,Closed · Opens 7 am,,https://lh3.googleusercontent.com/gps-cs-s/APNQkAFzWAoLXmAFHAEwocEOB3dlKfiqxmQNUjOQ_nvNVKZKXOCpHxM-9C9TjckotR-lYpUUq6SSK0g_7XYHX3AuHFFc_JmwxI4zUSwYBqrJEbCmSfmoQf1jurB0D9C9OxKFAFIIRhrahw=w408-h306-k-no,true,7 am–3 pm,7 am–3 pm,7 am–3 pm,7 am–3 pm,7 am–2 pm,7 am–3 pm,7 am–3 pm,"https://www.google.com/maps/search/tree+service+businesses+in+Wrightsville+Beach+Wilmington+NC/@34.2085036,-77.7963709,14z",2026-04-29T07:02:52.485Z,· Dine-in · Takeaway · Delivery,,
https://www.google.com/maps/place/Thinc+Strategy/data=!4m7!3m6!1s0x89a9f34525b00001:0xab8afeff2998ad93!8m2!3d34.236713!4d-77.8331919!16s%2Fg%2F11nnwf_ymq!19sChIJAQCwJUXzqYkRk62YKf_-iqs,Thinc Strategy,,,Consultant,"6740 Rock Spring Rd, Wilmington, NC 28405, United States","65P8+MP Wilmington, North Carolina, USA",https://thincstrategy.com/,+1 980-270-0027,,,https://streetviewpixels-pa.googleapis.com/v1/thumbnail?panoid=L80t7twferUIir4eg8g8CQ&cb_client=search.gws-prod.gps&w=408&h=240&yaw=145.65353&pitch=0&thumbfov=100,true,,,,,,,,"https://www.google.com/maps/search/tree+service+businesses+in+Wrightsville+Beach+Wilmington+NC/@34.2085036,-77.7963709,14z",2026-04-29T07:02:55.614Z,,,
https://www.google.com/maps/place/Kuester+Management+Group/data=!4m7!3m6!1s0x89a9f4f000000001:0x7b45f8489bc58cf1!8m2!3d34.2920456!4d-79.86097!16s%2Fg%2F1262k2gd7!19sChIJAQAAAPD0qYkR8YzFm0j4RXs,Kuester Management Group,4.0,74,Property management company,,,https://kuester.com/hoa-locations/wilmington-nc-coastal-office/,+1 888-600-5044,Closed · Opens 8:30 am,,https://lh3.googleusercontent.com/gps-cs-s/APNQkAFwce-IL-4L_U1gR4d2M0MholjmLIDzw6NVL9uNXQYPWYdLOqA5iOmnkA9eUln9wyPgDWwjySmYXkdHmusr7mZ9OAPCBk_bXHunOlNTJLzy7pnyQbzOTBW7gwhcyS-cr9jYsHzW=w425-h240-k-no,true,8:30 am–5 pm,8:30 am–5 pm,8:30 am–5 pm,Closed,Closed,8:30 am–5 pm,8:30 am–5 pm,"https://www.google.com/maps/search/tree+service+businesses+in+Wrightsville+Beach+Wilmington+NC/@34.2085036,-77.7963709,14z",2026-04-29T07:03:01.528Z,,,
https://www.google.com/maps/place/Brown+Tree+Service/data=!4m7!3m6!1s0x89a9910d152b4ba1:0x56c880d1002d2b4d!8m2!3d34.344923!4d-77.737156!16s%2Fg%2F11jv1wzwkr!19sChIJoUsrFQ2RqYkRTSstANGAyFY,Brown Tree Service,3.9,15,Tree service,"176 Brown Town Rd, Hampstead, NC 28443, United States","87V7+X4 Hampstead, North Carolina, USA",,+1 910-270-3616,,,https://lh3.googleusercontent.com/gps-cs-s/APNQkAGd6X4o5uFLrgd3GUbv6SHq-DjiMn5Zs7RcPTsRQVPkKODH7WZkZn5EdPLPV5ETZIj0p6bSfw7LN4Ry3jH_HptnFEtXVoc4Bni62p2znN2Pt-HP9V5bQAN_JQgDjyPiKdNI6Qe4M1GE7A=w408-h306-k-no,true,,,,,,,,"https://www.google.com/maps/search/tree+service+businesses+in+Hampstead+Wilmington+NC/@34.3675936,-77.7105482,14z",2026-04-29T07:03:22.230Z,,,
"https://www.google.com/maps/place/Flatout+Stump+Grinding/@34.4394227,-77.5966831,17z/data=!3m1!4b1!4m6!3m5!1s0xb7e1897b19fafef:0x4726049a0d6e2ada!8m2!3d34.4394227!4d-77.5966831!16s%2Fg%2F11tj2nt_j4",Flatout Stump Grinding,5.0,31,Tree service,"McClammy Rd, Hampstead, NC 28443, United States","CCQ3+Q8 Hampstead, North Carolina, USA",http://flatoutstump.com/,+1 910-445-7060,Closed · Opens 7 am,,,true,7 am–7 pm,7 am–7 pm,7 am–7 pm,7 am–7 pm,Closed,7 am–7 pm,7 am–7 pm,"https://www.google.com/maps/search/tree+service+businesses+in+Hampstead+Wilmington+NC/@34.3675936,-77.7105482,14z",2026-04-29T07:03:28.906Z,,,
https://www.google.com/maps/place/Alpha+Tree+Surgeons/data=!4m7!3m6!1s0x4ebe134db545ee87:0xdf08361962aea883!8m2!3d34.4750664!4d-77.7105755!16s%2Fg%2F11rwq76q7p!19sChIJh-5FtU0Tvk4Rg6iuYhk2CN8,Alpha Tree Surgeons,5.0,6,Tree service,,,https://www.facebook.com/Alpha-Tree-Surgeons-112137101069226/,+1 910-520-8878,Open 24 hours,,https://lh3.googleusercontent.com/gps-cs-s/APNQkAEY2EQt_dUeHXnQL_YQaTXyKL_u_CZ6z6cs1MPRaThYUjPw1OvDbwiMu_twE45C1zApEJ4dY3OxD6Xfstns8oSEFdr0V1nT3Lrsh3Hc8WpLWpIW_xUEoU9GYLB5S-11X6c7CIY85A=w408-h906-k-no,true,Open 24 hours,Open 24 hours,Open 24 hours,Open 24 hours,Closed,Open 24 hours,Open 24 hours,"https://www.google.com/maps/search/tree+service+businesses+in+Hampstead+Wilmington+NC/@34.3675936,-77.7105482,14z",2026-04-29T07:03:33.868Z,,,
https://www.google.com/maps/place/North+State+Gardens/data=!4m7!3m6!1s0x89a9913e1f008e01:0x1124e37ba4b9073b!8m2!3d34.3688379!4d-77.714752!16s%2Fg%2F11r4sf6y43!19sChIJAY4AHz6RqYkROwe5pHvjJBE,North State Gardens,5.0,14,Landscaper,"303 NC-210, Hampstead, NC 28443, United States","979P+G3 Hampstead, North Carolina, USA",http://www.northstategardens.com/,+1 910-270-4702,Closed · Opens 8 am,,https://lh3.googleusercontent.com/gps-cs-s/APNQkAGNgkAIOFVghh5gAKx7GGDe5dKTUiRBYBTcZPPbSy62dE3kQISSk4FrEzl2gXTFnHE4sVS0xXrY-BdJeNlLu-0KqQkmPaPl6vQbFxFpS-mrXM2c43mLyXnWunGXMHdGEpXnNGbg=w408-h306-k-no,true,8 am–5 pm,8 am–5 pm,8 am–5 pm,Closed,Closed,8 am–5 pm,8 am–5 pm,"https://www.google.com/maps/search/tree+service+businesses+in+Hampstead+Wilmington+NC/@34.3675936,-77.7105482,14z",2026-04-29T07:03:38.708Z,,,
https://www.google.com/maps/place/All+Yards+Matter+LLC/data=!4m7!3m6!1s0xce76afa4ee7e797:0xcbfc36babdb7e4fb!8m2!3d34.3991165!4d-77.795539!16s%2Fg%2F11t0n97f4k!19sChIJl-fnTvpq5wwR--S3vbo2_Ms,All Yards Matter LLC,5.0,7,Drainage service,,,https://allyardsmatterllc.com/,+1 910-508-2160,Closed · Opens 8 am,,https://lh3.googleusercontent.com/gps-cs-s/APNQkAFh0e-qXQajIWICFy3sIFTVNd6ND3eF2nQRW9u8f9QQ7FPed3biLK750_MYt-lrTqPUwykTG5_mkufQvDChErX1d4bNDsnPJPEuojAIlDl-QFbHxEreWsmOIcumd-fSDagIHhQ=w408-h306-k-no,true,8 am–6 pm,8 am–6 pm,8 am–6 pm,8 am–12 pm,Closed,8 am–6 pm,8 am–6 pm,"https://www.google.com/maps/search/tree+service+businesses+in+Hampstead+Wilmington+NC/@34.3675936,-77.7105482,14z",2026-04-29T07:03:44.028Z,,,
"https://www.google.com/maps/place/Integrity+Construction+and+tree+service./@34.4750664,-77.6285035,10z/data=!3m1!4b1!4m6!3m5!1s0x89a991990dcfb55b:0x6e7cf375a857a8cd!8m2!3d34.4750664!4d-77.6285035!16s%2Fg%2F11fmv2phsx",Integrity Construction and tree service.,,,Construction company,,,,+1 910-789-1905,Open 24 hours,,,true,Open 24 hours,Open 24 hours,Open 24 hours,Open 24 hours,Closed,Open 24 hours,Open 24 hours,"https://www.google.com/maps/search/tree+service+businesses+in+Hampstead+Wilmington+NC/@34.3675936,-77.7105482,14z",2026-04-29T07:03:51.853Z,,,
https://www.google.com/maps/place/Ash%27s+Japanese+Maple+Nursery/data=!4m7!3m6!1s0x89a9902e64e01733:0x5de49b9c33751733!8m2!3d34.3822162!4d-77.7348214!16s%2Fg%2F1td2c5wp!19sChIJMxfgZC6QqYkRMxd1M5yb5F0,Ash's Japanese Maple Nursery,4.8,17,Plant nursery,"Call for directions. *Use Holiday Dr, 421 Rowan Rd, Hampstead, NC 28443, United States","97J8+V3 Hampstead, North Carolina, USA",http://www.japanesemaplefarm.com/,+1 910-270-4723,,,https://lh3.googleusercontent.com/gps-cs-s/APNQkAHZ0r_WobabS_lG98eqQh2kzcsnqyNHOa1V1dzgkKyBXQ86yHjt9n3BC42vKETROfovFQJ_2IWbOgIEuIjjhB9Nq5h_4jQoOHX1YMLR2pOz_yv-xA0Ow0fSXkbjAxqfYTwbMm_c=w408-h271-k-no,true,,,,,,,,"https://www.google.com/maps/search/tree+service+businesses+in+Hampstead+Wilmington+NC/@34.3675936,-77.7105482,14z",2026-04-29T07:03:55.332Z,,,
https://www.google.com/maps/place/Lawngevity+Landscape+Center/data=!4m7!3m6!1s0x89a9974104eeaaab:0xd4888364d3660563!8m2!3d34.3854293!4d-77.6884331!16s%2Fg%2F11ghr02hyl!19sChIJq6ruBEGXqYkRYwVm02SDiNQ,Lawngevity Landscape Center,4.3,74,Landscaping supply store,"38 Williams Love Grove Church Rd, Hampstead, NC 28443, United States","98P6+5J Hampstead, North Carolina, USA",http://www.lawngevitync.com/,+1 910-406-1018,"Closed · Opens 7:30 am

Updated by this business 7 weeks ago",,https://lh3.googleusercontent.com/gps-cs-s/APNQkAGd_J7Clb3RURdsnetRKRxtiIkGtXZgd_bRjQq7yp0DY3QG1yEW5AF_y6e6xEIYJB7Qh52OJWDBvYaCXlDu9Qmd3KMvhNMU9RSLrFVk3-99rBoVgsQ0uM6QSkeTZDbJPPNDnPx9Lg=w408-h306-k-no,true,7:30 am–5 pm,7:30 am–5 pm,7:30 am–5 pm,8 am–5 pm,9 am–5 pm,7:30 am–5 pm,7:30 am–5 pm,"https://www.google.com/maps/search/tree+service+businesses+in+Hampstead+Wilmington+NC/@34.3675936,-77.7105482,14z",2026-04-29T07:04:01.142Z,· Delivery,,
https://www.google.com/maps/place/Hill%27s+Land+Management/data=!4m7!3m6!1s0x89a993b0abb36497:0xb91aa96244a9bcc6!8m2!3d34.3173983!4d-77.737212!16s%2Fg%2F11lm16drg9!19sChIJl2Szq7CTqYkRxrypRGKpGrk,Hill's Land Management,4.9,15,Forestry service,"137 High Tide Dr, Wilmington, NC 28411, United States","8787+X4 Wilmington, North Carolina, USA",,+1 910-617-2694,Open 24 hours,,https://lh3.googleusercontent.com/gps-cs-s/APNQkAEyPi4if_jP3QI4wbZFm0OZveM8u9htAQWp7HofsJpTnrjIdiVXr8-yMw0geivXi-issJI7lODTVwAjwhOp9lfDftJ5sEbNM5hHxRmlbt9TFSiQz-K0ocMdXhdu2tAu9dHc5PQd83Qt611L=w408-h306-k-no,true,Open 24 hours,Open 24 hours,Open 24 hours,Open 24 hours,Closed,Open 24 hours,Open 24 hours,"https://www.google.com/maps/search/tree+service+businesses+in+Hampstead+Wilmington+NC/@34.3675936,-77.7105482,14z",2026-04-29T07:04:06.260Z,,,
https://www.google.com/maps/place/Eric%27s+Lawncare+LLC/data=!4m7!3m6!1s0x89a9914ea2251b77:0x529e6c5111c0eade!8m2!3d34.4002112!4d-77.6646634!16s%2Fg%2F11s3myvq70!19sChIJdxslok6RqYkR3urAEVFsnlI,Eric's Lawncare LLC,5.0,29,Landscape designer,"202 Gold Leaf Dr #1D, Hampstead, NC 28443, United States","C82P+34 Hampstead, North Carolina, USA",https://ericslawncarellc.com/,+1 910-859-3488,,,https://lh3.googleusercontent.com/gps-cs-s/APNQkAFEADH5vEjZeizcwj8e6PLgBsYX61DjGj7EFS4X5sUXnJhR5kYivI7Gm8fA2HtZOY3m8DQLK785VVBHsBYSEn4uu8JF0W23RAL8D_kqFHD5SZnWGSYuYHynS-cfJWqlbQZNsDphLr6cs2Tk=w408-h544-k-no,true,,,,,,,,"https://www.google.com/maps/search/tree+service+businesses+in+Hampstead+Wilmington+NC/@34.3675936,-77.7105482,14z",2026-04-29T07:04:09.907Z,,,
https://www.google.com/maps/place/Nature+Tones+Landscaping+and+Hardscaping/data=!4m7!3m6!1s0x89a98a3b51d30ed3:0x325f63fc8c0b8313!8m2!3d34.3843614!4d-77.7336063!16s%2Fg%2F1tf327fz!19sChIJ0w7TUTuKqYkRE4MLjPxjXzI,Nature Tones Landscaping and Hardscaping,5.0,13,Landscaper,"502 Greenacres Dr, Hampstead, NC 28443, United States","97M8+PH Hampstead, North Carolina, USA",http://naturetoneslandscaping.com/,+1 910-632-4081,Closed · Opens 8 am,,https://lh3.googleusercontent.com/gps-cs-s/APNQkAGScqVQ2MymOmD1RrdZ-0-ae790ycuPqY_YCegbRCZMGTpQKjBZqHnGQZVDTCtQGf89T7YtRmj1-9XLer2-Dl_bpLFAWFGsveiM5iQ0fmHo0FfcJyFclqAEl_9cp_2YCU7rY3fj=w408-h306-k-no,true,8 am–5 pm,8 am–5 pm,8 am–5 pm,8 am–2 pm,Closed,8 am–5 pm,8 am–5 pm,"https://www.google.com/maps/search/tree+service+businesses+in+Hampstead+Wilmington+NC/@34.3675936,-77.7105482,14z",2026-04-29T07:04:15.152Z,,,
https://www.google.com/maps/place/Summit+Landscaping+LLC/data=!4m7!3m6!1s0x84ca669136bc55f9:0x33f4feb529277ead!8m2!3d34.4496515!4d-77.5784506!16s%2Fg%2F11vrrc58b5!19sChIJ-VW8NpFmyoQRrX4nKbX-9DM,Summit Landscaping LLC,5.0,22,Landscaper,,,https://www.summitlandscaping.llc/,+1 910-599-4673,Closed · Opens 8 am,,https://lh3.googleusercontent.com/gps-cs-s/APNQkAFIBUdtqIFdNl6gIVB4EjugjgKqY9qRbvzr4-wHLYTGluETazEcQ5qxwDZ_4wdOO7fE2-FPSkfhh9SeXFCmcTLM-wtuwVZfU-tyjc4bFrWTbt3VoS_URP162d0GmXsjcbVW39QfyA=w408-h725-k-no,true,8 am–8 pm,8 am–8 pm,8 am–8 pm,8 am–8 pm,Closed,8 am–8 pm,8 am–8 pm,"https://www.google.com/maps/search/tree+service+businesses+in+Hampstead+Wilmington+NC/@34.3675936,-77.7105482,14z",2026-04-29T07:04:20.402Z,,,
https://www.google.com/maps/place/Quality+Home+Repair+and+Property+Management+LLC/data=!4m7!3m6!1s0x674a6948dafe6fbd:0xcb709aed7216e97c!8m2!3d34.547863!4d-77.6901815!16s%2Fg%2F11q8vdh3lk!19sChIJvW_-2khpSmcRfOkWcu2acMs,Quality Home Repair and Property Management LLC,4.7,49,Property maintenance,,,http://www.qualityhomerepairsnc.com/,+1 910-742-1048,Open 24 hours,,https://lh3.googleusercontent.com/gps-cs-s/APNQkAHiei46r_B3dCnS6TAhnQzV49P7FwiEFMuZ29pJsXvRZaMn9bPJIWXSWooACh6cVpRDZxThPoC5_gB9kS1U_Ff9R85fwqKCS-C6KUsXKHgaLWt0VQ7J61OeUtKz3x_28R5ARzE=w408-h509-k-no,true,Open 24 hours,Open 24 hours,Open 24 hours,Open 24 hours,Open 24 hours,Open 24 hours,Open 24 hours,"https://www.google.com/maps/search/tree+service+businesses+in+Hampstead+Wilmington+NC/@34.3675936,-77.7105482,14z",2026-04-29T07:04:25.732Z,,,
"https://www.google.com/maps/place/Cape+Fear+Pro+Wash,+LLC/data=!4m7!3m6!1s0x89a999ac31bd3f63:0x2b1746656e2f925e!8m2!3d34.3968602!4d-77.667795!16s%2Fg%2F11b6gqgrb0!19sChIJYz-9MayZqYkRXpIvbmVGFys","Cape Fear Pro Wash, LLC",5.0,748,Pressure washing service,"229-B Transfer Station Rd, Hampstead, NC 28443, United States","98WJ+PV Hampstead, North Carolina, USA",https://www.capefearprowash.com/,+1 910-685-2545,Closed · Opens 7 am,,https://lh3.googleusercontent.com/gps-cs-s/APNQkAEgjitTHVz-RBGpdFK5Fq8meAlwxtB6FqMWehi7cTCvsFXKaFd632SydkXummlpoFM6OQ6hccQKAyxoxiGHFJmqqbl-y0Mm8v_SLKLtSal-Law_h4-nCR0r3yPDe0lswvNo_gE=w426-h240-k-no,true,7 am–4:30 pm,7 am–4:30 pm,7 am–4:30 pm,Closed,Closed,7 am–4:30 pm,7 am–4:30 pm,"https://www.google.com/maps/search/tree+service+businesses+in+Hampstead+Wilmington+NC/@34.3675936,-77.7105482,14z",2026-04-29T07:04:31.193Z,,,
https://www.google.com/maps/place/NFT+Land+Works+LLC/data=!4m7!3m6!1s0x822c13c8b169d0f7:0x9f28904d15850f6a!8m2!3d34.5856199!4d-77.538884!16s%2Fg%2F11qbqtmqs5!19sChIJ99BpscgTLIIRag-FFU2QKJ8,NFT Land Works LLC,4.3,6,Forestry service,,,http://nftlandworks.com/,+1 910-262-6030,Open 24 hours,,https://lh3.googleusercontent.com/gps-cs-s/APNQkAHnh84leoSc08Od5l2HKD527dvFc3qzcZbGqxzP_Jv9czRDeF2DVAhem85Ivr8QWKa78TUtAfGIuHEB0zwoWPcuov2vBIlY2SFS5YX9jP58O8M5yRKZD288XHdDwBVllgVS8KH6=w426-h240-k-no,true,Open 24 hours,Open 24 hours,Open 24 hours,Open 24 hours,Open 24 hours,Open 24 hours,Open 24 hours,"https://www.google.com/maps/search/tree+service+businesses+in+Hampstead+Wilmington+NC/@34.3675936,-77.7105482,14z",2026-04-29T07:04:36.463Z,,,
https://www.google.com/maps/place/Precision+Tree+Service/data=!4m7!3m6!1s0x8ca00a28cb19453b:0x98f66d67478464b8!8m2!3d34.2741885!4d-77.7945095!16s%2Fg%2F11rw951bb_!19sChIJO0UZyygKoIwRuGSER2dt9pg,Precision Tree Service,4.6,10,Tree service,,,,+1 910-443-2393,Closed · Opens 8 am,,https://lh3.googleusercontent.com/gps-cs-s/APNQkAEwbLvXSShkVZp8pQH8V5-WvL52ASLUyy11oLQYmq4XNaXujVY5HVhkRpoqZiuAa953QhVJV7BChygIR14CQOBPXX-D5nG71tjK7c4YQPnuX9M-Ezk2xVgh1KYyE3nHWPe8efYflg=w408-h404-k-no,true,8 am–6 pm,8 am–6 pm,8 am–6 pm,Closed,Closed,8 am–6 pm,8 am–6 pm,"https://www.google.com/maps/search/tree+service+businesses+in+Hampstead+Wilmington+NC/@34.3675936,-77.7105482,14z",2026-04-29T07:04:42.377Z,,,
https://www.google.com/maps/place/Safe+Haven+of+Pender+Inc/data=!4m7!3m6!1s0x89a990f1ad055061:0x40b4c42c24718561!8m2!3d34.3849008!4d-77.6895489!16s%2Fg%2F1td0trnw!19sChIJYVAFrfGQqYkRYYVxJCzEtEA,Safe Haven of Pender Inc,4.6,65,Thrift store,"16406 US Hwy 17 N, #3, Hampstead, NC 28443, United States","98M6+X5 Hampstead, North Carolina, USA",http://www.safehavenofpender.com/,+1 910-803-0581,Closed · Opens 10 am,,https://lh3.googleusercontent.com/gps-cs-s/APNQkAGzkL9JJTLw8OSr1xaLdb4wbuIMOoomqoBYAWV3N3wIIJpYgpeiWQMTpFQv5bzNNkAzzJ_63TDXRar7S06-DXyTsF9ob__5LS1wXVov6sskuoKYeOdzTTyRQtSvcCAGHYMADaVzLA=w408-h306-k-no,true,10 am–5 pm,10 am–5 pm,10 am–5 pm,10 am–5 pm,Closed,10 am–5 pm,10 am–5 pm,"https://www.google.com/maps/search/tree+service+businesses+in+Hampstead+Wilmington+NC/@34.3675936,-77.7105482,14z",2026-04-29T07:04:48.917Z,,,
https://www.google.com/maps/place/Patriot+Illumination/data=!4m7!3m6!1s0x89a9913698d9c64b:0xf58cca4b11b09579!8m2!3d34.3968602!4d-77.667795!16s%2Fg%2F11hyfy6xv_!19sChIJS8bZmDaRqYkReZWwEUvKjPU,Patriot Illumination,4.9,278,Lighting contractor,"229-B Transfer Station Rd Unit 2, Hampstead, NC 28443, United States","98WJ+PV Hampstead, North Carolina, USA",http://www.patriotillumination.com/,+1 910-685-0227,Closed · Opens 8 am,Identifies as veteran-owned,https://lh3.googleusercontent.com/gps-cs-s/APNQkAHOHc8DHVXqK8vVKdRkTkHMaNqlDMoJrMAFI5OlGGKYnCKoKia6BREskdkNJmxzLiinb3u_aexJ5dWJ5zeULhwkVMm76RoHkONpSz0ojBuIgcmldvB6SSW5ac3k3pQiO_XkLtMFxg=w426-h240-k-no,true,8 am–5 pm,8 am–5 pm,8 am–5 pm,Closed,Closed,8 am–5 pm,8 am–5 pm,"https://www.google.com/maps/search/tree+service+businesses+in+Hampstead+Wilmington+NC/@34.3675936,-77.7105482,14z",2026-04-29T07:04:55.301Z,,,
https://www.google.com/maps/place/Hampstead+Hardware/data=!4m7!3m6!1s0x89a99055fae02ad1:0xe5a68e618bbd2c0e!8m2!3d34.377139!4d-77.701034!16s%2Fg%2F1v3gss3f!19sChIJ0Srg-lWQqYkRDiy9i2GOpuU,Hampstead Hardware,4.5,359,Hardware store,"15597 US-17, Hampstead, NC 28443, United States","97GX+VH Hampstead, North Carolina, USA",http://www.acehardware.com/store-details/11056?utm_source=google&utm_medium=local&utm_campaign=localmaps&utm_content=11056,+1 910-270-3237,"Closed · Opens 7:30 am

Confirmed by this business 12 weeks ago",,https://lh3.googleusercontent.com/gps-cs-s/APNQkAFSsZIcO_feOYRujfxTESxFb8jTWb47UV99YK88-FTGtAQLT2-ngQmqP9Eu4amklnK0aI8Ox8za7akPogsGtdcqnBqvR8wMNcwDbl-oO2u__5h8OuX6p0EzrzVOGhvzvoazDaYy=w408-h544-k-no,true,7:30 am–6 pm,7:30 am–6 pm,7:30 am–6 pm,7:30 am–5 pm,Closed,7:30 am–6 pm,7:30 am–6 pm,"https://www.google.com/maps/search/tree+service+businesses+in+Hampstead+Wilmington+NC/@34.3675936,-77.7105482,14z",2026-04-29T07:05:09.022Z,"Hardware store stocking household tools, garden supplies, home decor & more. · In-store pick-up",,
https://www.google.com/maps/place/Have+To+Have+It!+Thrift+Shoppe/data=!4m7!3m6!1s0x89a990f1e83f64bd:0xca11326a267ab7b2!8m2!3d34.386768!4d-77.6892461!16s%2Fg%2F1vn9pyxm!19sChIJvWQ_6PGQqYkRsrd6JmoyEco,Have To Have It! Thrift Shoppe,4.6,114,Thrift store,"16525 US-17, Hampstead, NC 28443, United States","98P6+P8 Hampstead, North Carolina, USA",,+1 910-270-1413,Closed · Opens 10 am,,https://lh3.googleusercontent.com/gps-cs-s/APNQkAEM3_8RoMIwuyWIlzXiwYUIvh0jNrYVwNQlw62n1SEHOHIgWhuOTrKSDUIucZSMhx8Ym39EAgkoCYEBqNrRyZiK3nbItdU4_9JpAgr_0QyDpb7iv1AMXnQMB3AyYx6RQC_y6RbcDg=w425-h240-k-no,true,10 am–5 pm,10 am–5 pm,10 am–5 pm,10 am–4 pm,Closed,10 am–5 pm,10 am–5 pm,"https://www.google.com/maps/search/tree+service+businesses+in+Hampstead+Wilmington+NC/@34.3675936,-77.7105482,14z",2026-04-29T07:05:14.427Z,· In-store shopping · In-store pick-up,,
https://www.google.com/maps/place/Arbor+Landing+at+Hampstead/data=!4m7!3m6!1s0x89a991b8e90c39b5:0x505ff2660f656de5!8m2!3d34.3595285!4d-77.720475!16s%2Fg%2F11d_v8x_tz!19sChIJtTkM6biRqYkR5W1lD2byX1A,Arbor Landing at Hampstead,4.8,55,Retirement community,"13937 US-17, Hampstead, NC 28443, United States","975H+RR Hampstead, North Carolina, USA",https://www.ridgecare.com/communities/arbor-landing-at-hampstead/,+1 910-406-1451,Open 24 hours,,https://lh3.googleusercontent.com/gps-cs-s/APNQkAE6aJlWhDzQr51K3JsGYgIwf6Rp1cqbjnvUD_cfX_IjNHEitOOiIl5_jZ4nFNiAjw4u6armKKnxDatpoHWMwMhQaoR_YPxoeIHqsrOp_I4ww1zmrzqNJC4um0yzcN0f4pksE8gW2ND9Vr7B=w408-h306-k-no,true,Open 24 hours,Open 24 hours,Open 24 hours,Open 24 hours,Open 24 hours,Open 24 hours,Open 24 hours,"https://www.google.com/maps/search/tree+service+businesses+in+Hampstead+Wilmington+NC/@34.3675936,-77.7105482,14z",2026-04-29T07:05:19.434Z,,,
https://www.google.com/maps/place/Blake+Farm+by+D.R.+Horton/data=!4m7!3m6!1s0x89a98d413f9482fd:0x4508b26fa336ad79!8m2!3d34.3349959!4d-77.7645784!16s%2Fg%2F11ks37nzf9!19sChIJ_YKUP0GNqYkRea02o2-yCEU,Blake Farm by D.R. Horton,4.9,27,Home builder,"93 Lamboll St, Wilmington, NC 28411, United States","86MP+X5 Wilmington, North Carolina, USA",https://www.drhorton.com/north-carolina/wilmington/wilmington/the-grove-at-blake-farm?utm_source=googlemybusiness&utm_medium=organic&utm_content=524-19&utm_campaign=GMB,+1 910-714-9542,"Closed · Opens 10 am

Updated by this business 7 weeks ago",,https://lh3.googleusercontent.com/gps-cs-s/APNQkAHaTwZdVd9GTDurwF8zD2qWIy4idv7wXrBg2OeGO96pMv618aWf10Cxw7fS4JmC3HumbwOvHhSsGlA9nsTa5e6hx6xAAZoQ_3xmQyoOiQ956zATX1i9tdzFynEw4HT5nETDPqBU1dwUt_mz=w426-h240-k-no,true,10 am–6 pm,10 am–6 pm,10 am–6 pm,10 am–6 pm,12–6 pm,10 am–6 pm,10 am–6 pm,"https://www.google.com/maps/search/tree+service+businesses+in+Hampstead+Wilmington+NC/@34.3675936,-77.7105482,14z",2026-04-29T07:05:24.577Z,,,
https://www.google.com/maps/place/Great+Day+Plumbing+and+Air/data=!4m7!3m6!1s0xa86b4f536c5b7c5f:0xc5cf8ea43bf5aa04!8m2!3d34.3681955!4d-77.7125865!16s%2Fg%2F11tc48xvhs!19sChIJX3xbbFNPa6gRBKr1O6SOz8U,Great Day Plumbing and Air,4.9,545,Air conditioning contractor,"14685 US-17, Hampstead, NC 28443, United States","979P+7X Hampstead, North Carolina, USA",http://callgreatday.com/?utm_source=google&utm_medium=organic&utm_campaign=gmb-profile-hampstead,+1 910-807-7990,,,https://lh3.googleusercontent.com/gps-cs-s/APNQkAEkKoMumwTPGkqAKR1HnSPTr_A3BNXqPVM8lNMCKrwq_56bZfscMse_a9sV4MN1gwpF_9LY6gS6uSb8JDSNDLhKwmDyE9pBsDBTiLyYXVpcGJ7igIJt0hhkIixJd0A9gVR9gkt9=w408-h611-k-no,true,7 am–8 pm,8 am–8 pm,7 am–8 pm,7 am–8 pm,Closed,7 am–8 pm,7 am–8 pm,"https://www.google.com/maps/search/tree+service+businesses+in+Hampstead+Wilmington+NC/@34.3675936,-77.7105482,14z",2026-04-29T07:05:29.527Z,,,
https://www.google.com/maps/place/Hampstead+Thrift+Shop/data=!4m7!3m6!1s0x89a991b057f86f0b:0xb92bb3fa409a65e5!8m2!3d34.3648119!4d-77.7144763!16s%2Fg%2F1tq6fbt0!19sChIJC2_4V7CRqYkR5WWaQPqzK7k,Hampstead Thrift Shop,4.5,59,Thrift store,"14435 US-17, Hampstead, NC 28443, United States","977P+W6 Hampstead, North Carolina, USA",http://www.hampsteadwomensclub.com/,+1 910-270-9510,Closed · Opens 9 am Thu,,https://lh3.googleusercontent.com/gps-cs-s/APNQkAHZtVlIGtZT6tpEMrzGH_dNus0X5HkSnqdkpeHKOkqdEIEAyCGjVnsn1kYNb3gRq5MnIHySuq5jujvtPfhdfa2_6uo5hIBFuCgXytfpqOUjGXDgaY5OkpjFtV8zvdx9YPzmRw6_=w408-h544-k-no,true,Closed,9 am–4 pm,9 am–4 pm,9 am–4 pm,Closed,9 am–4 pm,9 am–4 pm,"https://www.google.com/maps/search/tree+service+businesses+in+Hampstead+Wilmington+NC/@34.3675936,-77.7105482,14z",2026-04-29T07:05:34.485Z,,,
"https://www.google.com/maps/place/Regal+Lawn+Care,+Inc./data=!4m7!3m6!1s0xa2981a8721213ed5:0x9871c2ceb97956b6!8m2!3d34.438196!4d-77.7765515!16s%2Fg%2F11kb8fgq2r!19sChIJ1T4hIYcamKIRtlZ5uc7CcZg","Regal Lawn Care, Inc.",5.0,13,Lawn care service,,,,+1 910-523-7537,Closed · Opens 9 am,,https://lh3.googleusercontent.com/gps-cs-s/APNQkAFBx4pvttkFElegG6KcKM-VNGTOUKnTsxXK8xmpmmFvOHXJ0qEuR1rAqAsU04Nfan6jJYQyttpVex24u2O0sYeZuZHcUhUenu7_DzcnD_iPOgOSZzVDqG8viG9gWQaD8hLKKnQk=w408-h408-k-no,true,9 am–5:30 pm,9 am–5:30 pm,9 am–5:30 pm,Closed,Closed,9 am–5:30 pm,9 am–5:30 pm,"https://www.google.com/maps/search/tree+service+businesses+in+Hampstead+Wilmington+NC/@34.3675936,-77.7105482,14z",2026-04-29T07:05:39.325Z,,,
https://www.google.com/maps/place/Wild+Child+Studio+Artist+Co/data=!4m7!3m6!1s0x89a9913fae599ae3:0x1acc981561bcc8b0!8m2!3d34.367331!4d-77.7104907!16s%2Fg%2F11fj4rt544!19sChIJ45pZrj-RqYkRsMi8YRWYzBo,Wild Child Studio Artist Co,4.9,81,Art studio,"14710 US-17, Hampstead, NC 28443, United States","978Q+WR Hampstead, North Carolina, USA",http://www.wildchildstudioartistco.com/,+1 910-906-3604,Closed · Opens 3 pm,Identifies as women-owned,https://lh3.googleusercontent.com/gps-cs-s/APNQkAEzngmJhBzPybF7OWcPfrsob54nZiWYUVPvRyks_GaJ2E11apUr2XP8ZaLGQoNkxfw9bb3fKWGdD4MGqg8xHaBHLseYF8xtQ2jnrsBkhjK0evWMrTOI2mymIdqxZN8YWfunstbrE-QvUR9a=w408-h306-k-no,true,3–7 pm,3–7 pm,1–5 pm,10 am–5 pm,Closed,3–7 pm,3–8 pm,"https://www.google.com/maps/search/tree+service+businesses+in+Hampstead+Wilmington+NC/@34.3675936,-77.7105482,14z",2026-04-29T07:05:44.257Z,,,
https://www.google.com/maps/place/Maldonado+tree+service/data=!4m7!3m6!1s0x89a9f518f2e80183:0x66938d5dff417fa1!8m2!3d34.2107194!4d-77.855319!16s%2Fg%2F11rhqhhdzm!19sChIJgwHo8hj1qYkRoX9B_12Nk2Y,Maldonado tree service,5.0,1,Store,"5501 Park Ave, Wilmington, NC 28403, United States","646V+7V Wilmington, North Carolina, USA",,+1 910-212-2846,,,https://lh3.googleusercontent.com/gps-cs-s/APNQkAHaPGBR3LR1nRFl_AhQ38SMrTVAj_B6qQ59pe-cVk1uSWJJkPby-AyYS3IgtJW5Hqv1mKqT90Bbh69pMMSp2soaNm4gevnp1un59w1aWbWnCXsqrhFbqBg6examMOY8UkA_a2sJ=w408-h544-k-no,true,,,,,,,,"https://www.google.com/maps/search/tree+service+businesses+in+Hampstead+Wilmington+NC/@34.3675936,-77.7105482,14z",2026-04-29T07:05:47.740Z,,,
https://www.google.com/maps/place/Hampstead+Haul+Away/data=!4m7!3m6!1s0x843175e5eb3cd4c9:0x5a0181f44d97cf23!8m2!3d34.5346439!4d-78.083642!16s%2Fg%2F11vy4dcq6x!19sChIJydQ86-V1MYQRI8-XTfSBAVo,Hampstead Haul Away,5.0,171,Junk removal service,,,https://hampsteadhaulaway.com/,+1 910-297-2255,Closed · Opens 7 am,,https://lh3.googleusercontent.com/gps-cs-s/APNQkAFXR343MI4CF--MwGZVra2c2q2DQmgs905eS8gfl9moRASYjzNebNkSsd_FEEgog_tF_qAsJv-JjDOKdYXjlXzEk9VFKaHTT5B5CMjm8CLxNDzfusTxgyi56b5MVf2uTmqJ88WnH5IYUNWe=w408-h306-k-no,true,7 am–10 pm,7 am–10 pm,7 am–10 pm,7 am–10 pm,7 am–10 pm,7 am–10 pm,7 am–10 pm,"https://www.google.com/maps/search/tree+service+businesses+in+Hampstead+Wilmington+NC/@34.3675936,-77.7105482,14z",2026-04-29T07:05:52.850Z,,,
https://www.google.com/maps/place/Mario+Tree+Crew+Service+LLC/data=!4m7!3m6!1s0x89006bf42a2b9dc1:0xcc9704ac0ee7ce83!8m2!3d33.718986!4d-78.9500922!16s%2Fg%2F11x0fggxkn!19sChIJwZ0rKvRrAIkRg87nDqwEl8w,Mario Tree Crew Service LLC,4.9,15,Tree service,"800 Burcale Rd, Myrtle Beach, SC 29579, United States","P29X+HX Myrtle Beach, South Carolina, USA",https://www.facebook.com/share/162fAHub1H/?mibextid=wwXIfr,+1 843-602-2385,Open 24 hours,,https://lh3.googleusercontent.com/gps-cs-s/APNQkAFxxikqRUoE3S_7ivb9aFfkcxQvoPGBDxNOwhhERMHzm9_G5UlesJfJJYUj8bLwH52tx6FyBISMdCm-R3GHz4XOVmr4xqu-krpvrqhXe0zqsgyzKc5QhbDaA5FhcvIOZYxg8DiJyJnLZSu9=w408-h520-k-no,true,Open 24 hours,Open 24 hours,Open 24 hours,Open 24 hours,Open 24 hours,Open 24 hours,Open 24 hours,"https://www.google.com/maps/search/tree+service+businesses+in+Myrtle+Beach+Wilmington+NC/@34.2103894,-77.8868117,14z",2026-04-29T07:06:15.737Z,,,
https://www.google.com/maps/place/Mr+D%27s+Tree+%26+Landscaping+Service+LLC/data=!4m7!3m6!1s0x27a4b2a83e3c9cef:0x9db71076bfd0aeba!8m2!3d33.749539!4d-78.7859816!16s%2Fg%2F11rcxhymr3!19sChIJ75w8PqiypCcRuq7Qv3YQt50,Mr D's Tree & Landscaping Service LLC,4.9,416,Tree service,,,https://www.mrdstrees.com/,+1 843-340-2492,Closed · Opens 9 am,,https://lh3.googleusercontent.com/gps-cs-s/APNQkAFl6gXe9dwx3IewBc0w_FVKF4NoXaX0PYdZrkB62IF3CJBZmgKxcD5T8DA_uFWjbdD2EHKvdXY97g1sl5P4zlIInp7yd1j67PiskIIfuGE60yoBscC3o9wPMGzqZK71RTy0m5sr=w426-h240-k-no,true,9 am–5 pm,9 am–5 pm,9 am–5 pm,Closed,Closed,9 am–5 pm,9 am–5 pm,"https://www.google.com/maps/search/tree+service+businesses+in+Myrtle+Beach+Wilmington+NC/@34.2103894,-77.8868117,14z",2026-04-29T07:06:21.038Z,,,
https://www.google.com/maps/place/Myrtle+Beach+Tree+Service/data=!4m7!3m6!1s0x890041a0b4378167:0xa76482f7002f393b!8m2!3d33.720212!4d-78.885521!16s%2Fg%2F11h93stp14!19sChIJZ4E3tKBBAIkROzkvAPeCZKc,Myrtle Beach Tree Service,4.3,58,Tree service,,,http://myrtlebeachtree.com/,+1 843-215-3511,Open 24 hours,,https://lh3.googleusercontent.com/gps-cs-s/APNQkAHan2T-bJ4mIN9T8uUvGTepMliN6SLeHKiJVrpR_-O2IHk2_DZ_a5Gj1649CjvIU2sggIg5FVvj4yyFAX09mT-yYTq6O79FYtDv5BtICUgeJnFqA6_49FrJXfAmA4PIc7QqzHQl=w408-h544-k-no,true,Open 24 hours,Open 24 hours,Open 24 hours,Open 24 hours,Closed,Open 24 hours,Open 24 hours,"https://www.google.com/maps/search/tree+service+businesses+in+Myrtle+Beach+Wilmington+NC/@34.2103894,-77.8868117,14z",2026-04-29T07:06:26.582Z,,,
https://www.google.com/maps/place/Long+Leaf+Park/data=!4m7!3m6!1s0x89a9f5ad3f7dbfef:0x4977a75b15aac4a4!8m2!3d34.2081747!4d-77.8819245!16s%2Fg%2F1tf5r2m5!19sChIJ7799P631qYkRpMSqFVund0k,Long Leaf Park,4.7,3444,Park,"314 Pine Grove Dr, Wilmington, NC 28409, United States","6459+76 Wilmington, North Carolina, USA",https://parks.nhcgov.com/,+1 910-798-7275,Closed · Opens 8 am,,https://lh3.googleusercontent.com/gps-cs-s/APNQkAECcu-xD64EkU582ZSZCMZVEsz6J7XSyV1j2YzAu_RMyd-yvCauRXIusZnO-ulXirxwwfYcc6nwimVHxUaP-Dbgl0n6UW4bjPz7ihKur7cOua2ZLKQOD8KWzTlbyt3yOxrTk5RNCHW_9w-d=w408-h306-k-no,true,8 am–10 pm,8 am–10 pm,8 am–10 pm,8 am–10 pm,8 am–10 pm,8 am–10 pm,8 am–10 pm,"https://www.google.com/maps/search/tree+service+businesses+in+Myrtle+Beach+Wilmington+NC/@34.2103894,-77.8868117,14z",2026-04-29T07:06:32.268Z,"Wooded park with lighted baseball fields & tennis courts, ample picnic shelters & a 1.5 mile trail. · Dogs allowed",,
https://www.google.com/maps/place/All+About+Trees/data=!4m7!3m6!1s0xa6e2362ffece9c23:0x86b8bf6d9a608846!8m2!3d33.6813589!4d-79.0901024!16s%2Fg%2F11trggzltv!19sChIJI5zO_i824qYRRohgmm2_uIY,All About Trees,4.9,33,Tree service,,,http://allabouttrees.llc/,+1 843-353-8654,Open 24 hours,,https://lh3.googleusercontent.com/gps-cs-s/APNQkAH4AhvJzYZzYF3D-K8Ytr9321CAYEi8QzzwPj2UusAsXEdCsX70yro26UUIQt60q5VfB1Lux3UQ_YzfRhafv8lIGF7RuMPBsNHwxa0UbxgrpQQtsl_dRaiwldRLkvTdT8dwDlDQ=w408-h544-k-no,true,Open 24 hours,Open 24 hours,Open 24 hours,Open 24 hours,Open 24 hours,Open 24 hours,Open 24 hours,"https://www.google.com/maps/search/tree+service+businesses+in+Myrtle+Beach+Wilmington+NC/@34.2103894,-77.8868117,14z",2026-04-29T07:06:37.560Z,,,
https://www.google.com/maps/place/Leaders+-+Tree+Service+-+Myrtle+Beach/data=!4m7!3m6!1s0x890068bf93eba6cd:0xeda0429fb40db29e!8m2!3d33.6999325!4d-78.8772203!16s%2Fg%2F1261lq52_!19sChIJzabrk79oAIkRnrINtJ9CoO0,Leaders - Tree Service - Myrtle Beach,3.8,26,Tree service,"600 16th Ave N, Myrtle Beach, SC 29577, United States","M4XF+X4 Myrtle Beach, South Carolina, USA",https://treeleaders.com/locations/tree-service-myrtle-beach/,+1 843-779-8733,Open 24 hours,,https://lh3.googleusercontent.com/gps-cs-s/APNQkAFLqCTV9vh4Ro3wywcYi_ZgEb7P7tfEWgDpWu59Vvi0DF0cyL_1kd-ahEfAaGEdJvsdSQ8-wdEfdHRKMiEZpoi0RJvMHzNs1Zx9RFpHaaJkpLZHiJwXnhQmy3MUPCpZAIWIvy_p=w408-h541-k-no,true,Open 24 hours,Open 24 hours,Open 24 hours,Open 24 hours,Open 24 hours,Open 24 hours,Open 24 hours,"https://www.google.com/maps/search/tree+service+businesses+in+Myrtle+Beach+Wilmington+NC/@34.2103894,-77.8868117,14z",2026-04-29T07:06:42.750Z,,,
"https://www.google.com/maps/place/Johnson+Landscapes,+LLC/data=!4m7!3m6!1s0x89a9f51a610a5223:0x539be5f838e059e1!8m2!3d34.2069834!4d-77.8733794!16s%2Fg%2F11m_m7xsjp!19sChIJI1IKYRr1qYkR4VngOPjlm1M","Johnson Landscapes, LLC",4.3,15,Landscape designer,,,,+1 910-795-8519,Closed · Opens 8 am,,https://lh3.googleusercontent.com/gps-cs-s/APNQkAHNDColm0pOJR-IAyeew249-tu3UY9z301jr-lsYzw8MyCS9xG8DNWP-az9gJemFR1iuhmBF-BA67w0SqtUEFAlwg0bkwHI45WVcElcGzDs5SXfxkSI77tavG1l3e0TzV-GT-yNrQ=w408-h431-k-no,true,8 am–5 pm,8 am–5 pm,8 am–5 pm,8 am–2 pm,Closed,8 am–5 pm,8 am–5 pm,"https://www.google.com/maps/search/tree+service+businesses+in+Myrtle+Beach+Wilmington+NC/@34.2103894,-77.8868117,14z",2026-04-29T07:06:48.491Z,,,
https://www.google.com/maps/place/J+%26+J+Complete+Tree+Service+of+Myrtle+Beach/data=!4m7!3m6!1s0x890007c284599845:0x256c5aba2479a5ad!8m2!3d33.9344714!4d-78.9192055!16s%2Fg%2F1vg_84ph!19sChIJRZhZhMIHAIkRraV5JLpabCU,J & J Complete Tree Service of Myrtle Beach,4.7,12,Tree service,,,http://www.jjcompletetreeservice.net/,+1 843-241-2257,Closed · Opens 8 am,,https://lh3.googleusercontent.com/gps-cs-s/APNQkAFQJ88Xy2CuY4hjNS6V814UBDzpeZoUirupnFA_WKfavXK5HOgXteAU39XBWugbpwNnHj65n_FfKBwVZgYseXkp3XDUPswhTP9cQAcoyHw_4aKjprB4R59cYiMexjTwIOyXpHFw=w427-h240-k-no,true,8 am–8 pm,8 am–8 pm,8 am–8 pm,Closed,Closed,8 am–8 pm,8 am–8 pm,"https://www.google.com/maps/search/tree+service+businesses+in+Myrtle+Beach+Wilmington+NC/@34.2103894,-77.8868117,14z",2026-04-29T07:06:54.271Z,,,
https://www.google.com/maps/place/Sweet+William+Landscaping/data=!4m7!3m6!1s0x6acac2e02cba22df:0x507c329b4db44434!8m2!3d34.2069834!4d-77.8733794!16s%2Fg%2F11sh1mg4l5!19sChIJ3yK6LODCymoRNES0TZsyfFA,Sweet William Landscaping,5.0,35,Landscaper,,,,+1 910-297-1558,Closed · Opens 8:30 am,,https://lh3.googleusercontent.com/gps-cs-s/APNQkAGWg9Ep1BL_f9hyEYM-ohs0dJrpEShJHNHRyxLAvEnNXNJZbD--O4-K4fnEk_gUpSjDtHGn4q1bpjlRZMH26spmpSX0fZbxR8PaCgj9zUHAK5kAKcWxnk1AheoHMYvy9ysturzwJg=w408-h501-k-no,true,8:30 am–5:30 pm,8:30 am–5:30 pm,8:30 am–5 pm,Closed,Closed,8:30 am–5:30 pm,8:30 am–5:30 pm,"https://www.google.com/maps/search/tree+service+businesses+in+Myrtle+Beach+Wilmington+NC/@34.2103894,-77.8868117,14z",2026-04-29T07:07:00.673Z,,,
https://www.google.com/maps/place/Invisible+Fence+Brand/data=!4m7!3m6!1s0x89a9f462e6a94491:0x98e50ef0d76b5c0e!8m2!3d34.3045299!4d-78.1932679!16s%2Fg%2F1w15_96k!19sChIJkUSp5mL0qYkRDlxr1_AO5Zg,Invisible Fence Brand,4.9,203,Fence contractor,,,https://www.invisiblefence.com/dealers/invisible-fence-of-the-coastal-carolinas?utm_source=google&utm_medium=organic&utm_campaign=google_business_profile&utm_term=wilmington-nc,+1 472-213-5408,Closed · Opens 8 am,,https://lh3.googleusercontent.com/gps-cs-s/APNQkAG6Tpl5vkNTSidfChQXylSaM4fBAJr3BZMmJMByB1kkTFRX3MGYGGDwgUdLa4qVsJMJPr9YK2AQj0GTILkjTl20IAetSkDxlSDXSWLu9ebNRdKox-wWnT8MPENnkGNZARf6jrf7UD5zeuUZ=w408-h271-k-no,true,8 am–5 pm,8 am–5 pm,8 am–5 pm,10 am–2 pm,Closed,8 am–5 pm,8 am–5 pm,"https://www.google.com/maps/search/tree+service+businesses+in+Myrtle+Beach+Wilmington+NC/@34.2103894,-77.8868117,14z",2026-04-29T07:07:06.110Z,,,
https://www.google.com/maps/place/The+Original+Cape+Fear+Rooter+Inc/data=!4m7!3m6!1s0x89aa18d170e53fc9:0x9ec15614628e8943!8m2!3d34.1757455!4d-77.946293!16s%2Fg%2F11c3n_ftfh!19sChIJyT_lcNEYqokRQ4mOYhRWwZ4,The Original Cape Fear Rooter Inc,5.0,132,Plumber,,,https://www.theoriginalcapefearrooter.com/,+1 910-777-3520,Closed · Opens 8 am,,https://lh3.googleusercontent.com/gps-cs-s/APNQkAG6EDGxUWY5Cyt4pFCrr_EpglkN-Vz7_tVWXmS5A70nMHDneK5EI_QiX-PeLmVD8o4TABO2rpJx370buEDWPH1Me8_z3d8lVMPj4hfzKdkAsSltl4yKwx9TsEh2Y59WFIBgavmngKkvv-A=w408-h330-k-no,true,8 am–5 pm,8 am–5 pm,8 am–5 pm,Closed,Closed,8 am–5 pm,8 am–5 pm,"https://www.google.com/maps/search/tree+service+businesses+in+Myrtle+Beach+Wilmington+NC/@34.2103894,-77.8868117,14z",2026-04-29T07:07:11.667Z,,,
https://www.google.com/maps/place/Green+Thumb+Floral+Boutique/data=!4m7!3m6!1s0x89aa1fc7085c145f:0x43c366cabe137642!8m2!3d34.2364122!4d-77.9278496!16s%2Fg%2F11dfj4gmc8!19sChIJXxRcCMcfqokRQnYTvspmw0M,Green Thumb Floral Boutique,4.5,209,Florist,"1614 Market St, Wilmington, NC 28401, United States","63PC+HV Wilmington, North Carolina, USA",http://greenthumbfb.com/,+1 910-742-0185,,LGBTQ+ friendly,https://lh3.googleusercontent.com/gps-cs-s/APNQkAFcKaWxMXc4kg0DgLxy7l0T8zUIqwvcmI_bnZe3UXcWwkwdgEIF42_w2zFtMQUzh8C1Wr2-sWAkzLBten5Egqn6nA9Pl2ryxF6d9-Ll6ukMu_N2aDQmM2bEgLwPGCq8IO796z-TzA=w513-h240-k-no,true,9:30 am–5 pm,9:30 am–5 pm,9:30 am–5 pm,9:30 am–5 pm,10:30 am–3 pm,9 am–5 pm,9:30 am–5 pm,"https://www.google.com/maps/search/tree+service+businesses+in+Myrtle+Beach+Wilmington+NC/@34.2103894,-77.8868117,14z",2026-04-29T07:07:16.970Z,· In-store shopping · Kerbside pickup · Delivery,,
"https://www.google.com/maps/place/High+Tide+Tree+Service,+LLC/data=!4m7!3m6!1s0x534476c4d71b6e5:0xcae9a0f7bef72d0e!8m2!3d33.700169!4d-78.9501045!16s%2Fg%2F11wj75zb1p!19sChIJ5bZxTWxHNAURDi33vveg6co","High Tide Tree Service, LLC",5.0,21,Tree service,,,http://www.hightidetreeservice.com/,+1 843-995-7002,Open 24 hours,,https://lh3.googleusercontent.com/gps-cs-s/APNQkAHiaUf-xSJe2Zse9K90F374XXCa5WSLhIsUhIcHLONwrWd77pkORcOq2jqPPf_KRBwJvQAjYq0xiDqKwYJHUJ7x0HTD7QLL5QLaoIaDP8_9l7JjwmAL468pz0V9HfIUz5JQl_sN1g=w408-h544-k-no,true,Open 24 hours,Open 24 hours,Open 24 hours,Open 24 hours,Open 24 hours,Open 24 hours,Open 24 hours,"https://www.google.com/maps/search/tree+service+businesses+in+Myrtle+Beach+Wilmington+NC/@34.2103894,-77.8868117,14z",2026-04-29T07:07:22.037Z,,,
https://www.google.com/maps/place/RST+Hardscaping+LLC/data=!4m7!3m6!1s0x2781f17493e35d3f:0x114dcba8cad3b00b!8m2!3d34.7714544!4d-79.9852284!16s%2Fg%2F11vrsbz5xh!19sChIJP13jk3TxgScRC7DTyqjLTRE,RST Hardscaping LLC,5.0,36,Landscaper,,,https://rsthardscapingllc.com/pagina-de-inicio/,+1 910-232-2151,Closed · Opens 7 am,LGBTQ+ friendly,https://lh3.googleusercontent.com/gps-cs-s/APNQkAFJtjq-edino7bXfr6cTP8iSL6P3j_bjhY5z4jaDSixjWXB6q8iSsTvNmS2tbGCxlVRqq8NzypAWV52xWDqFUjH5qC7k_CWco_EQKHPy2ECndPOHKi7NtzOVXborFwLicqDWQ=w408-h541-k-no,true,7 am–7 pm,7 am–7 pm,7 am–7 pm,7 am–5 pm,7 am–3 pm,7 am–7 pm,7 am–7 pm,"https://www.google.com/maps/search/tree+service+businesses+in+Myrtle+Beach+Wilmington+NC/@34.2103894,-77.8868117,14z",2026-04-29T07:07:33.463Z,,,
https://www.google.com/maps/place/Timber+Tree+Service/data=!4m7!3m6!1s0x89006337701bf4a3:0xe0ec546eaae06e3e!8m2!3d33.8021673!4d-78.7214064!16s%2Fg%2F11fz9y2_z0!19sChIJo_QbcDdjAIkRPm7gqm5U7OA,Timber Tree Service,4.5,15,Tree service,"3310 Sunset St, North Myrtle Beach, SC 29582, United States","R72H+VC North Myrtle Beach, South Carolina, USA",https://treeservicemyrtlebeach.com/,+1 843-272-5300,Closed · Opens 9 am,,https://streetviewpixels-pa.googleapis.com/v1/thumbnail?panoid=TgUXX_UDCvmxn2zTJi5zwA&cb_client=search.gws-prod.gps&w=408&h=240&yaw=344.2221&pitch=0&thumbfov=100,false,9 am–5 pm,9 am–5 pm,9 am–5 pm,Closed,Closed,9 am–5 pm,9 am–5 pm,"https://www.google.com/maps/search/tree+service+businesses+in+Myrtle+Beach+Wilmington+NC/@34.2103894,-77.8868117,14z",2026-04-29T07:07:38.239Z,,,
"https://www.google.com/maps/place/Coolwork,+LLC/data=!4m7!3m6!1s0x89aa1f7b825ff727:0x3abc9b4001fc252d!8m2!3d34.2069834!4d-77.8733794!16s%2Fg%2F11kn9n4dw5!19sChIJJ_dfgnsfqokRLSX8AUCbvDo","Coolwork, LLC",5.0,26,Woodworker,,,http://coolwork.shop/,+1 336-391-3901,Closed · Opens 9 am,LGBTQ+ friendly,https://lh3.googleusercontent.com/gps-cs-s/APNQkAEk9A-iqw1Yirk8hCdPzKfnHnQddCLdsNLpSWYyu5MYMg-J65fTt8qndcQz7mZBQJ8IqLMHQDdQNKbSijRXBY3iu9oVShN6VS8axew2zA-Wse3jI46mTue6NEB0viJXnL-yTP3alw=w542-h240-k-no,true,9 am–5 pm,9 am–5 pm,9 am–5 pm,Closed,Closed,9 am–5 pm,9 am–5 pm,"https://www.google.com/maps/search/tree+service+businesses+in+Myrtle+Beach+Wilmington+NC/@34.2103894,-77.8868117,14z",2026-04-29T07:07:43.182Z,,,
https://www.google.com/maps/place/M+%26+M+Expert+Tree+Services/data=!4m7!3m6!1s0x89007902da6157bd:0xd13894c41dbc7150!8m2!3d34.0269714!4d-78.6180606!16s%2Fg%2F1td33xpd!19sChIJvVdh2gJ5AIkRUHG8HcSUONE,M & M Expert Tree Services,4.7,126,Tree service,,,http://mmtreeservices.com/,+1 843-458-3792,Closed · Opens 8 am,,https://lh3.googleusercontent.com/gps-cs-s/APNQkAGm8-wFOx2vA3_MFVFfRFiLHErSXirsa2o3_LkDU99YbeBN33H6NDyax3wEsI6JUA2r-Nb7il4dxGfpupvgqutrRrzxaks0Pd9NAG9tIQ2mWeZ3p04L_YRQxHnvdxpAoBURCzs9=w427-h240-k-no,true,8 am–6 pm,8 am–6 pm,8 am–6 pm,8 am–5 pm,Closed,8 am–6 pm,8 am–6 pm,"https://www.google.com/maps/search/tree+service+businesses+in+Myrtle+Beach+Wilmington+NC/@34.2103894,-77.8868117,14z",2026-04-29T07:07:48.119Z,,,
"https://www.google.com/maps/place/Gee+Ima+Tree+Landscaping/@34.1869435,-77.867357,10z/data=!3m1!4b1!4m6!3m5!1s0x89a9f4b46fb07bbb:0x99d51a8e21e0d8f1!8m2!3d34.1869435!4d-77.867357!16s%2Fg%2F1v2gfmgy",Gee Ima Tree Landscaping,,,Landscaper,,,,+1 910-233-0349,,,,true,,,,,,,,"https://www.google.com/maps/search/tree+service+businesses+in+Myrtle+Beach+Wilmington+NC/@34.2103894,-77.8868117,14z",2026-04-29T07:07:52.653Z,,,
https://www.google.com/maps/place/EDM+Land+Maintenance+%26+Site+Prep/data=!4m7!3m6!1s0xae530ff358a44959:0x2253aee789e03243!8m2!3d34.9025635!4d-78.0292876!16s%2Fg%2F11vk_d9bbs!19sChIJWUmkWPMPU64RQzLgieeuUyI,EDM Land Maintenance & Site Prep,5.0,4,Excavating contractor,,,https://www.edmsiteprep.com/,+1 910-465-1933,Closed · Opens 7 am,,https://lh3.googleusercontent.com/gps-cs-s/APNQkAHKnlECj-W6CoKusQPRPmb5nLy_Z1CSJXbDtsZ36iKl_U6qHxqi3F0b1bmY0bBzV97Is9HbR2RrxhIhcykj2sEVH0r8zFxA3hUP23be5ahEQI_3lVvB0uDVtpA93U_qIGcnkz7H3IRUfO8=w456-h240-k-no,true,7 am–6 pm,7 am–6 pm,7 am–6 pm,7 am–6 pm,Closed,7 am–6 pm,7 am–6 pm,"https://www.google.com/maps/search/tree+service+businesses+in+Myrtle+Beach+Wilmington+NC/@34.2103894,-77.8868117,14z",2026-04-29T07:07:57.261Z,,,
https://www.google.com/maps/place/Extreme+Tree+Service/data=!4m7!3m6!1s0x63b95c526e57515d:0xd798fbdba152cb5f!8m2!3d33.6581775!4d-78.9470459!16s%2Fg%2F11x74vks7r!19sChIJXVFXblJcuWMRX8tSodv7mNc,Extreme Tree Service,5.0,123,Tree service,,,http://www.extremetreesc.com/,+1 843-241-1615,Open 24 hours,,https://lh3.googleusercontent.com/gps-cs-s/APNQkAHNZE8mZrAonfQAQtrUR3v7vdAwmgIwa7rxq_qmVVRhHC54QOBLVDDvr_EznD-bOszyOkkUSnLU1fp5lI7-cRobNY_J9w4Ar5yCxoW_m2Wf5eZFd-iHxAe8tGZOzftmsvSCUlP6BE6tCzP_=w408-h725-k-no,true,Open 24 hours,Open 24 hours,Open 24 hours,Open 24 hours,Open 24 hours,Open 24 hours,Open 24 hours,"https://www.google.com/maps/search/tree+service+businesses+in+Myrtle+Beach+Wilmington+NC/@34.2103894,-77.8868117,14z",2026-04-29T07:08:02.119Z,,,
https://www.google.com/maps/place/J.+Macaluso+Tree+Service/data=!4m7!3m6!1s0x4e2ed1b57ee5277b:0x87b987038fa84cba!8m2!3d33.8441364!4d-78.753289!16s%2Fg%2F11k45hd7sw!19sChIJeyflfrXRLk4RukyojwOHuYc,J. Macaluso Tree Service,5.0,231,Tree service,,,https://www.needatreeguy.com/,+1 843-283-0151,Closed · Opens 5 am,,https://lh3.googleusercontent.com/gps-cs-s/APNQkAGTyFXUbbFKvl4MpXTpJjgJVHMu3ftlAN6S02-d4Xt7MhHPaVvb9TDzopGyWIijM8HQNnAhh44RocrS1zXfoMQ-JY35ehrqJV0brsP79k2MrHKZ17foASqwMkJh2lQzEMhZTj7j=w426-h240-k-no,true,5 am–10 pm,5 am–10 pm,5 am–10 pm,5 am–10 pm,5 am–10 pm,5 am–10 pm,5 am–10 pm,"https://www.google.com/maps/search/tree+service+businesses+in+Myrtle+Beach+Wilmington+NC/@34.2103894,-77.8868117,14z",2026-04-29T07:08:07.184Z,,,
https://www.google.com/maps/place/Palms+Away+LLC/data=!4m7!3m6!1s0x89006dc99ef144a1:0xf7d1821e6147d6c5!8m2!3d33.7169576!4d-78.8505686!16s%2Fg%2F11rd8fcdfl!19sChIJoUTxnsltAIkRxdZHYR6C0fc,Palms Away LLC,5.0,41,Arborist service,,,,+1 843-580-4824,Closed · Opens 7 am,,https://lh3.googleusercontent.com/gps-cs-s/APNQkAFbnRp_TRSGCPkM8Bv12g-uPUcWudOmlpI-tIvgDg-omenoWHvzXnAKgBw4DNjswLSGoCNYEoCylvljuDTV-5lpxGwA3IQDyY6TJEsUPYegr0m9Az7DmwbeTs0l8yGjBo-L4ngWwDC98IM=w408-h544-k-no,true,7 am–9 pm,7 am–9 pm,7 am–9 pm,7 am–9 pm,7 am–9 pm,7 am–9 pm,7 am–9 pm,"https://www.google.com/maps/search/tree+service+businesses+in+Myrtle+Beach+Wilmington+NC/@34.2103894,-77.8868117,14z",2026-04-29T07:08:11.923Z,,,
https://www.google.com/maps/place/Flip+N+Fly/data=!4m7!3m6!1s0x89a9f3f95ba3c9c9:0xd7259a25f43ed166!8m2!3d34.244076!4d-77.8302859!16s%2Fg%2F11gl35j3zg!19sChIJycmjW_nzqYkRZtE-9CWaJdc,Flip N Fly,4.6,741,Amusement center,"830 Inspiration Dr, Wilmington, NC 28405, United States","65V9+JV Wilmington, North Carolina, USA",http://flipnfly.com/,+1 910-679-5050,Closed · Opens 10 am,,https://lh3.googleusercontent.com/gps-cs-s/APNQkAF97wpo2xOTeLHPmJSD39B_1N0iXg9CgGPgo1JEyjamDTLo7XIOBLlz6IHWqe6iURqgsmq4s3OoB3BLvjvjbnC8fIv11nioo7y4Jm95dWO7b0ordsTkXrVHObyWCX3gHydTZNW7=w426-h240-k-no,true,10 am–8 pm,10 am–8 pm,10 am–10 pm,10 am–10 pm,11 am–7 pm,10 am–8 pm,10 am–8 pm,"https://www.google.com/maps/search/tree+service+businesses+in+Myrtle+Beach+Wilmington+NC/@34.2103894,-77.8868117,14z",2026-04-29T07:08:23.524Z,,,
https://www.google.com/maps/place/Leaders+-+Tree+Service+-+Carolina+Forest/data=!4m7!3m6!1s0x89006eb000000001:0x7224ef54cb9abfbd!8m2!3d33.7527731!4d-78.9169069!16s%2Fg%2F12605dlc2!19sChIJAQAAALBuAIkRvb-ay1TvJHI,Leaders - Tree Service - Carolina Forest,3.6,8,Tree service,"909 Kalmia Ct, Myrtle Beach, SC 29579, United States","Q33M+46 Myrtle Beach, South Carolina, USA",https://treeleaders.com/locations/tree-service-carolina-forest/,+1 843-779-8733,Closed · Opens 9 am,,https://lh3.googleusercontent.com/gps-cs-s/APNQkAF8jmOUXNXS8J2OnvrZU16dADz59rRD1gfvQHznv1IZiS1bvpRW2e-EPUK844VURuxgOGSlnVMYeK31-p0nNcyFAtE2QDbTcB9sIm1nPhcgAvE0OY9st-oTEXys-vI3Wu_jjjZC=w426-h240-k-no,true,9 am–5 pm,9 am–5 pm,9 am–5 pm,9 am–5 pm,Closed,9 am–5 pm,9 am–5 pm,"https://www.google.com/maps/search/tree+service+businesses+in+Myrtle+Beach+Wilmington+NC/@34.2103894,-77.8868117,14z",2026-04-29T07:08:28.729Z,,,
https://www.google.com/maps/place/Wilmington+Greenworks+Landscape+and+Design/data=!4m7!3m6!1s0x6a4e16b808de74a1:0xa47171206190a0a4!8m2!3d34.1845995!4d-77.8975685!16s%2Fg%2F11x3223r06!19sChIJoXTeCLgWTmoRpKCQYSBxcaQ,Wilmington Greenworks Landscape and Design,5.0,6,Landscaper,,,https://nextdoor.com/pages/maxs-landscaping-wilmington-nc/?is=feed_author,+1 518-925-0789,Closed · Opens 7 am,,https://lh3.googleusercontent.com/gps-cs-s/APNQkAHAeDUXIeJdLxG20BR4Z1xlTM6eSNp8jp3dTufpJaXO9DnpxeVEkYZ6UfN28SVvcqyulA4nUPSWoCfdINj539KuRUVvyIskwv2K6BzOoQyRtd92-_pkK5l26zoZEhe2e9tDtPJVrSwb0CxD=w408-h306-k-no,true,7 am–7 pm,7 am–7 pm,7 am–7 pm,7 am–7 pm,7 am–7 pm,7 am–7 pm,7 am–7 pm,"https://www.google.com/maps/search/tree+service+businesses+in+Myrtle+Beach+Wilmington+NC/@34.2103894,-77.8868117,14z",2026-04-29T07:08:33.475Z,,,
https://www.google.com/maps/place/Rico+Landscaping+LLC/data=!4m7!3m6!1s0x4793dd01edede17d:0xf4f165a1052ce677!8m2!3d34.0880795!4d-77.8525991!16s%2Fg%2F11x7wjs8xr!19sChIJfeHt7QHdk0cRd-YsBaFl8fQ,Rico Landscaping LLC,5.0,2,Landscaper,,,,+1 910-520-3531,,,https://lh3.googleusercontent.com/gps-cs-s/APNQkAEU90B_ZRVWnUoNWe98Onu6kSFQayRl0XddqI2mLXHIbBbZ1xNF3mcHCDHSQ35rOqzq0_Y7s6Qq7fGl4B86VVvFZY4EULoJ1PVIz-v0hDk-Kds9oFKlo_bzWbU4Dnh159qE4uip=w408-h306-k-no,true,,,,,,,,"https://www.google.com/maps/search/tree+service+businesses+in+Myrtle+Beach+Wilmington+NC/@34.2103894,-77.8868117,14z",2026-04-29T07:08:36.405Z,,,
https://www.google.com/maps/place/Men%27s+Wearhouse/data=!4m7!3m6!1s0x8900697175a7963f:0xe22b8fb3b60dda1a!8m2!3d34.2126004!4d-77.8978046!16s%2Fg%2F12hphd4s9!19sChIJP5andXFpAIkRGtoNtrOPK-I,Men's Wearhouse,4.2,455,Men's clothing store,"3920 Oleander Dr, Wilmington, NC 28403, United States","6472+2V Wilmington, North Carolina, USA",https://www.menswearhouse.com/store-locator/3216,+1 910-799-6664,Closed · Opens 10 am,LGBTQ+ friendly,https://lh3.googleusercontent.com/gps-cs-s/APNQkAEGZeDgheMot4v9Gmm8SxuJIH4S8ELZ_sxAuwZHJOgyGzAHgR5VVmlBcYSipLgt_5VELfzKo5bAdzoiex-3tmktrsHK7XaXMaKgfI4jZ6BHkRn6Eh6RGECDHCwgjBNKh-Ed5BHc=w408-h544-k-no,true,10 am–9 pm,10 am–9 pm,10 am–9 pm,10 am–9 pm,11 am–6 pm,10 am–9 pm,10 am–9 pm,"https://www.google.com/maps/search/tree+service+businesses+in+Myrtle+Beach+Wilmington+NC/@34.2103894,-77.8868117,14z",2026-04-29T07:08:41.369Z,"Menswear chain offering brand-name suits, casual attire, shoes & accessories, plus tuxedo rentals. · In-store shopping · In-store pick-up",,
https://www.google.com/maps/place/Ortiz+Landscape/data=!4m7!3m6!1s0x89a9f519d29e70db:0x26c669286bb0c560!8m2!3d34.2069834!4d-77.8733794!16s%2Fg%2F11hz__ttdh!19sChIJ23Ce0hn1qYkRYMWwayhpxiY,Ortiz Landscape,5.0,3,Landscaper,,,http://www.ortizlandscape.com/,+1 910-685-2282,Closed · Opens 8 am,,https://lh3.googleusercontent.com/gps-cs-s/APNQkAG_x2Kbj-IHWCgb7HzbXAaMm0eYAkq_Q7SFnzlBTiMVsdpEjwTYVJ5Hw4itsdd10YT4vqkxfcgnpXveh4taxhGf5gNwQgh74Z2PQmhF73sZErOe4qSjsvwcaOQ4Egsyk-uEfdLLaw=w426-h240-k-no,true,8 am–6 pm,8 am–6 pm,8 am–6 pm,8 am–6 pm,Closed,8 am–6 pm,8 am–6 pm,"https://www.google.com/maps/search/tree+service+businesses+in+Myrtle+Beach+Wilmington+NC/@34.2103894,-77.8868117,14z",2026-04-29T07:08:46.205Z,,,
https://www.google.com/maps/place/Topnotch+Landscaping/data=!4m7!3m6!1s0x2dbaf65c62ca561f:0xea7fccc544bd6fd2!8m2!3d33.6978633!4d-78.8995894!16s%2Fg%2F11y7d98bg7!19sChIJH1bKYlz2ui0R0m-9RMXMf-o,Topnotch Landscaping,5.0,26,Lawn care service,"1213 3rd Ave S, Myrtle Beach, SC 29577, United States","M4X2+45 Myrtle Beach, South Carolina, USA",https://www.topnotchlandscapingmyrtlebeach.com/,+1 843-333-3776,Closed · Opens 7 am,,https://lh3.googleusercontent.com/gps-cs-s/APNQkAFfgZ-oKErfkh--9EEaxd9smQrmMVHuBoaATaVq6cfpM0rfrK3p0c_SW2g4Crgn_xa4UAjHjhm0D-ZCgfJT0r_xhRkj0tvcL9PLlmmTO0WDBIRvtQAOF03ouVz1hgxN2nQn3fo52A=w408-h372-k-no,true,7 am–5 pm,7 am–5 pm,7 am–5 pm,Closed,Closed,7 am–5 pm,7 am–5 pm,"https://www.google.com/maps/search/tree+service+businesses+in+Myrtle+Beach+Wilmington+NC/@34.2103894,-77.8868117,14z",2026-04-29T07:08:51.516Z,,,
https://www.google.com/maps/place/Craftsman+Landscaping/data=!4m7!3m6!1s0x2b51e1f0a70e00ef:0x6d30cacc86aaa0ce!8m2!3d34.2069834!4d-77.8733794!16s%2Fg%2F11kphmsp_4!19sChIJ7wAOp_DhUSsRzqCqhszKMG0,Craftsman Landscaping,5.0,2,Landscaper,,,,+1 910-264-7376,Closed · Opens 7 am,Identifies as Latino-owned,https://lh3.googleusercontent.com/gps-cs-s/APNQkAGwDQiznF2yq_dUsrWhFjaXb9NC5B4_-DjTdEoBrygewUMYh-mKXiy9t0jywHcLpA2LLLBpimnoG6O5opk7hDdBvO7GiKn6_qgWbHL0W0DhBWwF230nclccA_P0qcnDcjNFm93qgA=w408-h544-k-no,true,7 am–5 pm,7 am–5 pm,7 am–5 pm,Closed,Closed,7 am–5 pm,7 am–5 pm,"https://www.google.com/maps/search/tree+service+businesses+in+Myrtle+Beach+Wilmington+NC/@34.2103894,-77.8868117,14z",2026-04-29T07:08:56.118Z,,,
https://www.google.com/maps/place/Handyman+Services+DB+LLC/data=!4m7!3m6!1s0x89a9f53ca6cbc477:0x83e9ed51a3fb005c!8m2!3d34.2069834!4d-77.8733794!16s%2Fg%2F11wq2p0wlj!19sChIJd8TLpjz1qYkRXAD7o1Ht6YM,Handyman Services DB LLC,5.0,14,Handyman/Handywoman/Handyperson,,,https://app.simplywise.com/booking-link/handymanservicesdbllc.simplywise.com/?fbclid=IwdGRjcAQoIn9leHRuA2FlbQIxMQBzcnRjBmFwcF9pZAo2NjI4NTY4Mzc5AAEe0lKX_FdEdF9bXD7F787ToA24h8qoN_DNJmFaWyukFtZhS389VN9dyWwGf78_aem_tg6Yn7MU1hnU3sdivO5l4A,+1 910-408-2281,Closed · Opens 9 am,,https://lh3.googleusercontent.com/gps-cs-s/APNQkAE9LmKEQQo5CpgNF8zpEYNaKTA1MFeA4-IaoDYWNfsIMPLFE8t2lcSdiUZRuxWsMMfu5CkzsFsA2JXJL84OPRiadIOIQJiLCxjfMRBUihXrpFzM845kXjLUbenclkJrHVaTGdOK8p3S9-hb=w408-h306-k-no,true,9 am–5 pm,9 am–5 pm,9 am–5 pm,9 am–5 pm,Closed,9 am–5 pm,9 am–5 pm,"https://www.google.com/maps/search/tree+service+businesses+in+Myrtle+Beach+Wilmington+NC/@34.2103894,-77.8868117,14z",2026-04-29T07:09:00.720Z,,,
https://www.google.com/maps/place/Overgrown+Tree+Care+LLC/data=!4m7!3m6!1s0x4efdc05cb06caad:0x878a1693f2f7df67!8m2!3d34.242754!4d-78.0677095!16s%2Fg%2F11s5cghn3k!19sChIJrcoGywXc7wQRZ9_38pMWioc,Overgrown Tree Care LLC,5.0,3,Tree service,,,http://www.overgrowntreecare.com/,+1 910-470-9474,Closed · Opens 7:30 am,,https://lh3.googleusercontent.com/gps-cs-s/APNQkAHL4wpa6MA4QbLQdfXPXj4K1_Lq5_mLNj6FJ33-8U6G-5GG7jcWV4OKqc6ItG2mH7EwuR158e7meDPCOGvHiSUCIxz8_P08FqMl9XNj7c-dQjA3oGfRJcO7dKe-k8NHHnHBvJvA=w408-h544-k-no,true,7:30 am–4:30 pm,7:30 am–4:30 pm,7:30 am–4:30 pm,Closed,Closed,7:30 am–4:30 pm,7:30 am–4:30 pm,"https://www.google.com/maps/search/tree+service+businesses+in+Myrtle+Beach+Wilmington+NC/@34.2103894,-77.8868117,14z",2026-04-29T07:09:05.501Z,,,
https://www.google.com/maps/place/EZ+Electric+Bike+Tours+%26+Rentals%2FElectric+Wheel+Chair+Rentals/data=!4m7!3m6!1s0x89aa1f2eeb1f4e6b:0x41d9abb7026ef520!8m2!3d34.2287284!4d-77.9289606!16s%2Fg%2F11t48fvlv7!19sChIJa04f6y4fqokRIPVuArer2UE,EZ Electric Bike Tours & Rentals/Electric Wheel Chair Rentals,4.9,244,Electric bicycle store,"Meeting Place Only, 609 S 15th St Unit 111, Wilmington, NC 28401, United States","63HC+FC Wilmington, North Carolina, USA",https://ezelectricbikerentals.com/,+1 201-989-4380,Closed · Opens 10 am,LGBTQ+ friendly,https://lh3.googleusercontent.com/gps-cs-s/APNQkAGLHN--ijFUtZ1SA21J_53kKgVJIAiWN-OM9n0nhEPhQM2XxR90OhZmkyBqoUd2QA-3EgT3pkBFXeN8_-N042eDEEIwNqlCg0MOWbMMh1RMV1a7VTjUNT4aDLj1GAx11l8KksI=w408-h306-k-no,true,10 am–7 pm,10 am–7 pm,10 am–7 pm,10 am–7 pm,10 am–7 pm,10 am–7 pm,10 am–7 pm,"https://www.google.com/maps/search/tree+service+businesses+in+Myrtle+Beach+Wilmington+NC/@34.2103894,-77.8868117,14z",2026-04-29T07:09:10.498Z,,,
"https://www.google.com/maps/place/Top+Dog+Outdoor+Services,+Inc/data=!4m4!3m3!1s0x89007d2f31aab297:0x1c1da0ef0be3df61!16s%2Fg%2F11bxg2n2f8!19sChIJl7KqMS99AIkRYd_jC--gHRw","Top Dog Outdoor Services, Inc",4.6,11,Tree service,,,,+1 843-231-5785,Closed · Opens 7 am,,https://lh3.googleusercontent.com/gps-cs-s/APNQkAFPp8bZYLScNep1VnQ6NUiSBTVAqbJwTEcsGLKoOf-KG-QuxzcTSR5k9Hg9mAJ5gJix0s6EjErRBG-_X59_YO5zb2y1Y457IACVqDlHTKZyZ_8EdYMINHLwRAYtOEpF36u-RFw=w408-h255-k-no,true,7 am–5 pm,7 am–5 pm,7 am–5 pm,9 am–5 pm,Closed,7 am–5 pm,7 am–5 pm,"https://www.google.com/maps/search/tree+service+businesses+in+Myrtle+Beach+Wilmington+NC/@34.2103894,-77.8868117,14z",2026-04-29T07:09:15.512Z,,,
https://www.google.com/maps/place/Canady%27s+Sport+Center/data=!4m7!3m6!1s0x89a9f50c9aed7f8b:0xe72be14cc9677735!8m2!3d34.2236871!4d-77.9031602!16s%2Fg%2F1tj2jrtd!19sChIJi3_tmgz1qYkRNXdnyUzhK-c,Canady's Sport Center,4.6,156,Sporting goods store,"3220 Wrightsville Ave, Wilmington, NC 28403, United States","63FW+FP Wilmington, North Carolina, USA",http://www.canadyssportcenter.com/,+1 910-791-6280,Closed · Opens 9 am,,https://lh3.googleusercontent.com/gps-cs-s/APNQkAFKBKJ0GbrcXSORGlbpESiFb3wJPSvOLKKXLNJ3zbZlarovhdHt4JFVZ00_AkggrwXv7wZwlhGqWX6PxVnschk3YTNv8ZNQfG91U4Z6AK6dEM2l6c0bm-4ULJ8ojKXPT6g8yFw9=w408-h272-k-no,true,9 am–6 pm,9 am–6 pm,9 am–6 pm,9 am–1 pm,Closed,9 am–6 pm,9 am–6 pm,"https://www.google.com/maps/search/tree+service+businesses+in+Myrtle+Beach+Wilmington+NC/@34.2103894,-77.8868117,14z",2026-04-29T07:09:20.405Z,· In-store shopping · In-store pick-up,,
https://www.google.com/maps/place/Barr+Evergreens+of+Wilmington/data=!4m7!3m6!1s0x89a9f5ee97a5664d:0x4e581cc99d37fe36!8m2!3d34.2386492!4d-77.9041836!16s%2Fg%2F11b63vxg_p!19sChIJTWall-71qYkRNv43nckcWE4,Barr Evergreens of Wilmington,4.7,84,Christmas tree farm,"37 Covil Ave, Wilmington, NC 28403, United States","63QW+F8 Wilmington, North Carolina, USA",https://www.barrevergreens.com/wilmington.php,+1 910-632-4383,Closed · Opens 9 am,,https://lh3.googleusercontent.com/gps-cs-s/APNQkAEX90VRV35mUP31MzJGalzJz09fzR3AiU6yntZTUER3HLfCiYZ06vxzoDB856r5ewF-aKsD0Flz-txAchqiBTYy3KoNKLhYmOOLKLcW3Ud5FmWrb0kvOD3Q8z4W2StPKfGbXRWF=w408-h272-k-no,true,9 am–9 pm,9 am–9 pm,9 am–9 pm,9 am–9 pm,9 am–9 pm,9 am–9 pm,9 am–9 pm,"https://www.google.com/maps/search/tree+service+businesses+in+Kure+Beach+Wilmington+NC/@34.2103894,-77.8868117,14z",2026-04-29T07:09:41.948Z,· Dogs allowed,,
"https://www.google.com/maps/place/Stratas+Scapes+%7C+Landscape+Design,+Hardscapes,+Irrigation+%26+Maintenance/data=!4m7!3m6!1s0x89a98cd7fc839367:0xce53319842f6badb!8m2!3d34.2116699!4d-77.8597955!16s%2Fg%2F11hctj69lh!19sChIJZ5OD_NeMqYkR27r2QpgxU84","Stratas Scapes | Landscape Design, Hardscapes, Irrigation & Maintenance",4.5,53,Landscape designer,"5401 Wrightsville Ave, Wilmington, NC 28403, United States","646R+M3 Wilmington, North Carolina, USA",http://stratasscapes.com/,+1 910-507-9572,Closed · Opens 7 am,,https://lh3.googleusercontent.com/gps-cs-s/APNQkAGmmwirw3CervATnsQzSst5JvP3ztsZUkqvh-HePo1yvRqSKF-LXkm3aaNMR7s8-G-aiEiaAqXxagEO2rr42O-0r0UlzfpF8j9M1Fzeqv9OXZqNeMeNQGFcw8zQ34ohcy42E8Qn=w408-h272-k-no,true,7 am–7 pm,7 am–7 pm,7 am–7 pm,8 am–2 pm,Closed,7 am–7 pm,7 am–7 pm,"https://www.google.com/maps/search/tree+service+businesses+in+Kure+Beach+Wilmington+NC/@34.2103894,-77.8868117,14z",2026-04-29T07:09:46.861Z,,,
"https://www.google.com/maps/place/ClearView+Landscaping,+LLC/data=!4m7!3m6!1s0x89aa1faa29180d5b:0x9be19a42a9f3c0b0!8m2!3d34.1970465!4d-77.9462406!16s%2Fg%2F11j2ltrz8g!19sChIJWw0YKaofqokRsMDzqUKa4Zs","ClearView Landscaping, LLC",5.0,96,Landscape designer,"102 Southern Blvd, Wilmington, NC 28401, United States","53W3+RG Wilmington, North Carolina, USA",https://clearviewlandscaping.jobbersites.com/,+1 910-599-2915,Closed · Opens 8 am,,https://lh3.googleusercontent.com/gps-cs-s/APNQkAG-sMifTTgntBf2-nxUO-dftZDVKsX2NDzJBpW58O9Q36Ja4pXpfrdnH7F5irV79_KcMB60WJJLqiJBJm7GY6YOGKskRhtlMCwcG2EqpuO3_ttKQFzttmRMe15CeWSkopJDg3Mxuw=w427-h240-k-no,true,8 am–5 pm,8 am–5 pm,8 am–5 pm,8 am–5 pm,Closed,8 am–5 pm,8 am–5 pm,"https://www.google.com/maps/search/tree+service+businesses+in+Kure+Beach+Wilmington+NC/@34.2103894,-77.8868117,14z",2026-04-29T07:09:51.810Z,,,
https://www.google.com/maps/place/The+Plant+Outpost/data=!4m7!3m6!1s0x89a9f5e81511415f:0x1d2ec5c6a6ef913b!8m2!3d34.2283725!4d-77.926975!16s%2Fg%2F11jr01zdzj!19sChIJX0ERFej1qYkRO5HvpsbFLh0,The Plant Outpost,4.8,94,Plant nursery,"624 S 17th St Unit B, Wilmington, NC 28401, United States","63HF+86 Wilmington, North Carolina, USA",https://www.theplantoutpost.com/,+1 910-769-0983,Closed · Opens 11 am,,https://lh3.googleusercontent.com/gps-cs-s/APNQkAF-EY5TLS-q9v0O-nvZiES2DDeQW6Lysn5yYoC_amyCa3hp9EmIjaHiVbPyxMrnwPmfXO6exDVdruD0Wf0ayfP8ot6Mtju6UviftG1iwQxl0elGTaXzwQFARxIo27mTICc1hCw3MuaIAOC3=w408-h544-k-no,true,11 am–6 pm,11 am–6 pm,11 am–6 pm,11 am–6 pm,11 am–4 pm,11 am–4 pm,11 am–6 pm,"https://www.google.com/maps/search/tree+service+businesses+in+Kure+Beach+Wilmington+NC/@34.2103894,-77.8868117,14z",2026-04-29T07:09:56.650Z,,,
https://www.google.com/maps/place/Five+Oaks+Nursery+-+Oleander/data=!4m7!3m6!1s0x89a9f59eb773ab27:0x7d4fd453fc49b962!8m2!3d34.2090755!4d-77.8553816!16s%2Fg%2F11q3yzdpkk!19sChIJJ6tzt571qYkRYrlJ_FPUT30,Five Oaks Nursery - Oleander,4.7,64,Garden center,"5523 Oleander Dr, Wilmington, NC 28403, United States","645V+JR Wilmington, North Carolina, USA",https://www.fiveoaksls.com/,+1 910-350-6772,"Closed · Opens 9 am

Updated by this business 5 weeks ago",Identifies as women-owned,https://lh3.googleusercontent.com/gps-cs-s/APNQkAEJcJrv2VOni2owlZzbCisq09abkTxVeTNmI7PRVlOMQRFhZUqOLQmdjRZeR-hdJ4mgRCMBD1cAvmo6joI6e72zGBO2mHN_IB_iI6cbpn38-3LbuQN8tkamMkYsqU63eMwc98dxBwHwg2C7=w408-h306-k-no,true,9 am–6 pm,9 am–6 pm,9 am–6 pm,9 am–6 pm,9 am–6 pm,9 am–6 pm,9 am–6 pm,"https://www.google.com/maps/search/tree+service+businesses+in+Kure+Beach+Wilmington+NC/@34.2103894,-77.8868117,14z",2026-04-29T07:10:01.613Z,· In-store shopping · Delivery,,
https://www.google.com/maps/place/Quickrent+Equipment+LLC/data=!4m7!3m6!1s0x89a9f59a8432faf1:0xf1634038bfb3f98f!8m2!3d34.2184264!4d-77.8861335!16s%2Fg%2F11mylsp_tx!19sChIJ8foyhJr1qYkRj_mzvzhAY_E,Quickrent Equipment LLC,5.0,8,Equipment rental agency,"925 S Kerr Ave suite k, Wilmington, NC 28403, United States","6497+9G Wilmington, North Carolina, USA",https://www.quickrentequipment.com/,+1 910-367-8877,Closed · Opens 8 am,,https://lh3.googleusercontent.com/gps-cs-s/APNQkAEurRRJ2NM73jBXhfCXjcVO3EngvP-vBhDOQsWnfXpXPjyuXcla1UHRUhiopJhOpIFvBJ2tp10ZY2iKko5RTzPXGxfc1_V5eodUS0ZIX0bfUhgfl2xK3jTuYboBv7aTG2oftSAmd_uEq0g=w408-h306-k-no,true,8 am–6 pm,8 am–6 pm,8 am–6 pm,8 am–6 pm,8 am–6 pm,8 am–6 pm,8 am–6 pm,"https://www.google.com/maps/search/tree+service+businesses+in+Kure+Beach+Wilmington+NC/@34.2103894,-77.8868117,14z",2026-04-29T07:10:06.774Z,,,
https://www.google.com/maps/place/Conserva+Irrigation+of+Wilmington/data=!4m7!3m6!1s0x89aa1f58402e0a45:0x9e64e6cf3be42a87!8m2!3d34.1827723!4d-77.9287646!16s%2Fg%2F11h561s6kw!19sChIJRQouQFgfqokRhyrkO8_mZJ4,Conserva Irrigation of Wilmington,4.9,514,Lawn sprinkler system contractor,"3525 Carolina Beach Rd #2, Wilmington, NC 28412, United States","53MC+4F Wilmington, North Carolina, USA",https://www.conservairrigation.com/wilmington/?utm_source=google&utm_medium=GMB&utm_campaign=wilmington,+1 910-600-6897,,,https://lh3.googleusercontent.com/gps-cs-s/APNQkAFYbLRdc5BbW85iXgpOzq3ThrKOyuh8opcM4b0E2nSZxZrC57MyiB0KGvG9gVWH9PUzrBZ1ATePIXP2V0QgcLHaypw-dGw0gpIfHcrYwIxO-1yfEh9uK_zBw4XdlylLVViNCfEWUB6KFM0=w408-h341-k-no,true,Open 24 hours,Open 24 hours,Open 24 hours,Open 24 hours,Open 24 hours,Open 24 hours,Open 24 hours,"https://www.google.com/maps/search/tree+service+businesses+in+Kure+Beach+Wilmington+NC/@34.2103894,-77.8868117,14z",2026-04-29T07:10:11.593Z,,,
https://www.google.com/maps/place/Quality+Equipment/data=!4m7!3m6!1s0x89a9f51f3437ca11:0x8cc39212f83324d1!8m2!3d34.236368!4d-77.887906!16s%2Fg%2F1tgqk8lt!19sChIJEco3NB_1qYkR0SQz-BKSw4w,Quality Equipment,4.5,110,Tractor dealer,"253 S Kerr Ave, Wilmington, NC 28403, United States","64P6+GR Wilmington, North Carolina, USA",https://qualityequip.com/locations/wilmington-nc/,+1 910-799-6359,"Closed · Opens 7:30 am

Updated by this business 7 weeks ago",,https://lh3.googleusercontent.com/gps-cs-s/APNQkAEfCST5S7oaVRaRdA437-OLlzai5maTzN7lfTdfdil3GwwCMyxiQnqb_uFns7PS-ootRNr-DD_xCsJM51lkiFOTgr4SMz4boWGsKQR1ThPXsG9qyE2JnsAxouG2gp_wA9oOjxbs=w408-h271-k-no,true,7:30 am–5:30 pm,7:30 am–5:30 pm,7:30 am–5:30 pm,7:30 am–12 pm,Closed,7:30 am–5:30 pm,7:30 am–5:30 pm,"https://www.google.com/maps/search/tree+service+businesses+in+Kure+Beach+Wilmington+NC/@34.2103894,-77.8868117,14z",2026-04-29T07:10:16.460Z,· In-store shopping · In-store pick-up · Delivery,,
https://www.google.com/maps/place/Farmers+Supply+Co/data=!4m7!3m6!1s0x89a9f579610435e3:0x2ad874dc65f4f3c4!8m2!3d34.2244805!4d-77.9210312!16s%2Fg%2F1vlk2f1z!19sChIJ4zUEYXn1qYkRxPP0Zdx02Co,Farmers Supply Co,4.5,208,Plant nursery,"2025 Oleander Dr, Wilmington, NC 28403, United States","63FH+QH Wilmington, North Carolina, USA",http://www.farmerssupplyco.com/,+1 910-763-4664,"Closed · Opens 8 am

Updated by this business 6 weeks ago",,https://lh3.googleusercontent.com/gps-cs-s/APNQkAHD8Esa-CFza358D8CzyWrZe9xKJkI61OP9govnuRPKM8nLxF78p7TQToDqf-CYgQC5GLn-CZGQX9SrB8lEVVZ8mlT2kOZ3WsVc9ab_zMTlXE7hJXfKUQ-ezNMMn0-AkA7hZRgI=w408-h544-k-no,true,8 am–5:30 pm,8 am–5:30 pm,8 am–5:30 pm,8 am–5:30 pm,11 am–3 pm,8 am–5:30 pm,8 am–5:30 pm,"https://www.google.com/maps/search/tree+service+businesses+in+Kure+Beach+Wilmington+NC/@34.2103894,-77.8868117,14z",2026-04-29T07:10:21.434Z,,,
"https://www.google.com/maps/place/Masters+Landscape+and+Design/@34.2309974,-77.8653444,17z/data=!3m1!4b1!4m6!3m5!1s0x89a9f564ee0a47e9:0x272747cae61dcbc0!8m2!3d34.2309974!4d-77.8653444!16s%2Fg%2F11s36t4lgq",Masters Landscape and Design,5.0,8,Contractor,"5006 Carleton Dr, Wilmington, NC 28403, United States","64JM+9V Wilmington, North Carolina, USA",,+1 910-505-9217,Closed · Opens 8 am,,,true,8 am–5 pm,8 am–5 pm,8 am–5 pm,9 am–12 pm,Closed,8 am–5 pm,8 am–5 pm,"https://www.google.com/maps/search/tree+service+businesses+in+Kure+Beach+Wilmington+NC/@34.2103894,-77.8868117,14z",2026-04-29T07:10:35.147Z,,,
"https://www.google.com/maps/place/To+Serve+Contracting,+LLC/data=!4m7!3m6!1s0x89a9f3df0d1c1aad:0xf8f16076c2fe279c!8m2!3d34.2106382!4d-77.8859192!16s%2Fg%2F11h_fqrg5x!19sChIJrRocDd_zqYkRnCf-wnZg8fg","To Serve Contracting, LLC",4.7,76,Roofing contractor,"4605 Oleander Dr, Wilmington, NC 28403, United States","6467+7J Wilmington, North Carolina, USA",,,Closed · Opens 7 am,,https://lh3.googleusercontent.com/gps-cs-s/APNQkAHsRXrxd5-mdLd3AURr0wiBl3wFDf4HRtpH0hLFrTr3NDvWH8W9T2D_0qDTNCGJVuCeVi34IRpl2mWN7n_KlCKW0mnY0_JDJwXcBuDQx_TLIg43ieIgiVq-LH3GiqPM3AWpaeDB=w408-h306-k-no,false,7 am–8 pm,7 am–8 pm,7 am–8 pm,7 am–8 pm,7 am–8 pm,7 am–8 pm,7 am–8 pm,"https://www.google.com/maps/search/tree+service+businesses+in+Kure+Beach+Wilmington+NC/@34.2103894,-77.8868117,14z",2026-04-29T07:10:39.990Z,,,
https://www.google.com/maps/place/Hallman+Roofing/data=!4m7!3m6!1s0x89a9f445e8685cc1:0x52edc77fd85271e6!8m2!3d34.1985785!4d-77.8697412!16s%2Fg%2F11bwywj8y8!19sChIJwVxo6EX0qYkR5nFS2H_H7VI,Hallman Roofing,4.9,140,Roofing contractor,"5122A Greenville Loop Rd, Wilmington, NC 28409, United States","54XJ+C4 Wilmington, North Carolina, USA",https://hallmanroofing.com/,+1 910-228-7641,,,https://lh3.googleusercontent.com/gps-cs-s/APNQkAGoGFWvUSvO7uAFor2Ns1oEfGPEdXN-H3qd_jt5b3H5eJd3UcB5nehRC4Y74wDbm9OxJZuhGjRo4NX2ulqV___mxw3T_5OFxpjz6gexcyY2JNbLPkuPQMG7-EvL6knfgklCexyx=w426-h240-k-no,true,Open 24 hours,Open 24 hours,Open 24 hours,Open 24 hours,Open 24 hours,Open 24 hours,Open 24 hours,"https://www.google.com/maps/search/tree+service+businesses+in+Kure+Beach+Wilmington+NC/@34.2103894,-77.8868117,14z",2026-04-29T07:10:45.009Z,,,
https://www.google.com/maps/place/B%26B+Crane+Service+Wilmington/data=!4m7!3m6!1s0x89a9f5253561523d:0x831053b1c2734868!8m2!3d34.2363832!4d-77.8742533!16s%2Fg%2F11jxdm6jrb!19sChIJPVJhNSX1qYkRaEhzwrFTEIM,B&B Crane Service Wilmington,5.0,7,Crane service,"2840 #328, College Rd, Wilmington, NC 28412, United States","64PG+H7 Wilmington, North Carolina, USA",https://www.bandbcraneservice.com/,+1 910-686-1530,Open 24 hours,Identifies as women-owned,https://lh3.googleusercontent.com/gps-cs-s/APNQkAHys2SInXTe8gGg-OAcp8EvsszXALCLwekS6dYnzvcB_6MakCoOkbbtwMl46fOlSozAImDCj2qFpV4tmay2NWXZIaGMEPeOO_BIOzLLGzA0KUj93kUrOiw-hMUQWHfPanfJ_vmm=w408-h544-k-no,true,Open 24 hours,Open 24 hours,Open 24 hours,Open 24 hours,Open 24 hours,Open 24 hours,Open 24 hours,"https://www.google.com/maps/search/tree+service+businesses+in+Kure+Beach+Wilmington+NC/@34.2103894,-77.8868117,14z",2026-04-29T07:10:56.837Z,,,
https://www.google.com/maps/place/The+Learning+Tree/data=!4m7!3m6!1s0x89a9f5afcd4e5f05:0x7713032ac0332ca0!8m2!3d34.2065572!4d-77.8910042!16s%2Fg%2F1td2_9rc!19sChIJBV9Oza_1qYkRoCwzwCoDE3c,The Learning Tree,4.5,16,Child care agency,"4306 Lake Ave, Wilmington, NC 28403, United States","6445+JH Wilmington, North Carolina, USA",http://thelearningtreewilmington.com/,+1 910-799-8400,Closed · Opens 7:30 am,,https://streetviewpixels-pa.googleapis.com/v1/thumbnail?panoid=5eBIi11G34TCEAIfJVSUFg&cb_client=search.gws-prod.gps&w=408&h=240&yaw=189.46408&pitch=0&thumbfov=100,false,7:30 am–5:30 pm,7:30 am–5:30 pm,7:30 am–5:30 pm,Closed,Closed,7:30 am–5:30 pm,7:30 am–5:30 pm,"https://www.google.com/maps/search/tree+service+businesses+in+Kure+Beach+Wilmington+NC/@34.2103894,-77.8868117,14z",2026-04-29T07:11:01.457Z,,,
https://www.google.com/maps/place/Grainger+Industrial+Supply/data=!4m7!3m6!1s0x89a9f512bfbe1861:0xa2f9e90dc9e4006c!8m2!3d34.22986!4d-77.9038131!16s%2Fg%2F1tf6n1p9!19sChIJYRi-vxL1qYkRbADkyQ3p-aI,Grainger Industrial Supply,4.1,30,Tool store,"505 Covil Ave, Wilmington, NC 28403, United States","63HW+WF Wilmington, North Carolina, USA",https://www.grainger.com/branch/Wilmington-Branch-925,+1 800-472-4643,Closed · Opens 7:30 am,,https://lh3.googleusercontent.com/gps-cs-s/APNQkAFdhTPmULQm2ORaHZNMJS_Wl9uiNvdjJTV1FSbbD1S-UYQVgAXjChHSPunFqyV1wFPEFBWzvV9BSd7Nudo7zlzLY5O1F7JxFduUymaN4XkS5VnJvUwnQuC1zlLQqlepV95nlCTz=w533-h240-k-no,true,7:30 am–4:30 pm,7:30 am–4:30 pm,7:30 am–4:30 pm,Closed,Closed,7:30 am–4:30 pm,7:30 am–4:30 pm,"https://www.google.com/maps/search/tree+service+businesses+in+Kure+Beach+Wilmington+NC/@34.2103894,-77.8868117,14z",2026-04-29T07:11:06.290Z,"Chain offering a broad range of industrial equipment, maintenance supplies, tools & parts. · In-store shopping · Kerbside pickup · Delivery",,
"https://www.google.com/maps/place/Small+Repairs,+We+Care/@34.2313934,-77.873056,17z/data=!3m1!4b1!4m6!3m5!1s0x89a9f5a799e2a42f:0x57e9956eab59696!8m2!3d34.2313934!4d-77.873056!16s%2Fg%2F11nb8nywt7","Small Repairs, We Care",,,Handyman/Handywoman/Handyperson,"456 Racine Dr, Wilmington, NC 28403, United States","64JG+HQ Wilmington, North Carolina, USA",https://smallrepairswecarenc.com/,+1 910-361-2058,"Closed · Opens 8 am

Updated by this business 4 weeks ago",,,true,8 am–5 pm,8 am–5 pm,8 am–5 pm,8 am–5 pm,Closed,8 am–5 pm,8 am–5 pm,"https://www.google.com/maps/search/tree+service+businesses+in+Kure+Beach+Wilmington+NC/@34.2103894,-77.8868117,14z",2026-04-29T07:11:12.904Z,,,
https://www.google.com/maps/place/The+Painter+Guy/data=!4m7!3m6!1s0x89a9f6f31af41453:0x296399ddfd429a30!8m2!3d34.2184673!4d-77.8861204!16s%2Fg%2F1q67kyhqr!19sChIJUxT0GvP2qYkRMJpC_d2ZYyk,The Painter Guy,4.7,95,Painter,"Plum Tree Office Plaza, 925 S Kerr Ave F2, Wilmington, NC 28403, United States","6497+9H Wilmington, North Carolina, USA",http://www.wilmingtonpainterguy.com/,+1 910-352-6360,Temporarily closed,,https://lh3.googleusercontent.com/gps-cs-s/APNQkAEYjdaV9t3a23hHP4cn1K2DYJPoV76Q2jp05cvRJaOitsM-qRz21c_YhsMN-esFf02dsS8W1eS8O4J78wene4Ieq71uA_qM5rKnlaE2uA2Fd8e_pdxZEwnndfj8M-nbzDccf5ud=w408-h271-k-no,true,,,,,,,,"https://www.google.com/maps/search/tree+service+businesses+in+Kure+Beach+Wilmington+NC/@34.2103894,-77.8868117,14z",2026-04-29T07:11:22.475Z,,,
https://www.google.com/maps/place/Grasshopper+Lawncare+and+Services/data=!4m7!3m6!1s0x89a9f65a9f5aaaab:0xfd15e269ad7a9349!8m2!3d34.1400767!4d-77.8924162!16s%2Fg%2F11s30kjgvf!19sChIJq6pan1r2qYkRSZN6rWniFf0,Grasshopper Lawncare and Services,4.7,80,Lawn care service,"609 Piner Rd STE A 502, Wilmington, NC 28409, United States","44R5+22 Wilmington, North Carolina, USA",https://grasshopperlawnservices.com/,+1 910-664-8145,Closed · Opens 7 am,,https://lh3.googleusercontent.com/gps-cs-s/APNQkAG9gPklkx6X115J-qZI0YRWi_PR3V5Gxphc_8Nf15n4GmkUd7ReNsnsrta7dTBGYSiC_2ojxXcOlbPiyHqLLPuEtaJjRRGNQ4W094-9YLcCs3KqxUVo0f22OE1q2PJwSj5EJ5iHog=w408-h306-k-no,true,7 am–7 pm,7 am–7 pm,7 am–7 pm,7 am–2 pm,Closed,7 am–7 pm,7 am–7 pm,"https://www.google.com/maps/search/tree+service+businesses+in+Sea+Breeze+Wilmington+NC/@34.1646553,-77.8551642,14z",2026-04-29T07:11:43.553Z,,,
https://www.google.com/maps/place/Freedom+Lawns+of+Wilmington/data=!4m7!3m6!1s0x89a9f4f000000001:0x2627b6fa555c5b5e!8m2!3d34.136876!4d-77.8858309!16s%2Fg%2F1263250mm!19sChIJAQAAAPD0qYkRXltcVfq2JyY,Freedom Lawns of Wilmington,4.8,169,Lawn care service,"813 Piner Rd, Wilmington, NC 28409, United States","44P7+QM Wilmington, North Carolina, USA",https://www.freedomlawnsusa.com/wilmington-nc?utm_source=gbp&utm_medium=organic&utm_campaign=gbp-wilmington,+1 910-350-2828,Closed · Opens 8 am,,https://lh3.googleusercontent.com/gps-cs-s/APNQkAEdeh1LkTSATuwfLYK1904PNVuZAJ7HhaDKWh82un5LOH6ko-IgWSc1-bDHmDBxBoFX4eF4z6fX_GsbHBlFasyzCI6aNk4gu4WoLsztrS8h_ZKQGX19aSqZrW2aGRzsbY_y3gSm=w408-h307-k-no,true,8 am–5 pm,8 am–5 pm,8 am–5 pm,Closed,Closed,8 am–5 pm,8 am–5 pm,"https://www.google.com/maps/search/tree+service+businesses+in+Sea+Breeze+Wilmington+NC/@34.1646553,-77.8551642,14z",2026-04-29T07:11:48.379Z,,,
"https://www.google.com/maps/place/Rafael+Benitez+Landscaping/@34.1529996,-77.894258,17z/data=!3m1!4b1!4m6!3m5!1s0x89a9f74589d9d355:0xd139b0bf1b3da403!8m2!3d34.1529996!4d-77.894258!16s%2Fg%2F11l5vzd8c4",Rafael Benitez Landscaping,5.0,1,Landscaper,"4636 Still Meadow Dr, Wilmington, NC 28412, United States","5434+57 Wilmington, North Carolina, USA",http://www.rbenitezlandscaping.com/,+1 910-936-2864,Closed · Opens 7 am,,,true,7 am–5 pm,7 am–5 pm,7 am–5 pm,7 am–5 pm,9 am–5 pm,7 am–5 pm,7 am–5 pm,"https://www.google.com/maps/search/tree+service+businesses+in+Sea+Breeze+Wilmington+NC/@34.1646553,-77.8551642,14z",2026-04-29T07:11:55.196Z,,,
https://www.google.com/maps/place/New+Roots+Nursery/data=!4m7!3m6!1s0x89a9f518d19b89c5:0xec2f2cf2485d058c!8m2!3d34.1807612!4d-77.8996935!16s%2Fg%2F11y4qy06fq!19sChIJxYmb0Rj1qYkRjAVdSPIsL-w,New Roots Nursery,5.0,19,Plant nursery,"442 Semmes Dr, Wilmington, NC 28412, United States","54J2+84 Wilmington, North Carolina, USA",https://newrootsnursery.com/,+1 603-401-3998,,LGBTQ+ friendly,https://lh3.googleusercontent.com/gps-cs-s/APNQkAHWDw9HRsQX2AbU9Nq7wc88Mnj2Z27vFpg1S-oQFQaaGO0fhKeHurWU2fNkMos1rZb27n5QAtMhLNHFCEb5Wd9lfAWwzaBhrVufnfR6cAX306sVen2gfOmGIxM24dtwa0fhSPFzw8jtWOgH=w408-h543-k-no,true,,,,,,,,"https://www.google.com/maps/search/tree+service+businesses+in+Sea+Breeze+Wilmington+NC/@34.1646553,-77.8551642,14z",2026-04-29T07:11:58.011Z,,,
"https://www.google.com/maps/place/Trinity+Land+Services,+L.L.C./data=!4m7!3m6!1s0x89a9f7eb68cc96fb:0x3db53f8fe0815818!8m2!3d34.16786!4d-77.94304!16s%2Fg%2F11fvvxt8yx!19sChIJ-5bMaOv3qYkRGFiB4I8_tT0","Trinity Land Services, L.L.C.",4.6,9,Lawn care service,"2 Hazel Smith Dr, Wilmington, NC 28412, United States","5394+4Q Wilmington, North Carolina, USA",,+1 910-777-4030,Closed · Opens 7 am,,https://lh3.googleusercontent.com/gps-cs-s/APNQkAGh-P4Macl2C9AtwpMZCTCawJ6Y-_mP5FHKoirKNBkZFGeFH3xfh1AtOFvnqfFuq2vmNkvYEI2ebXmyX7wTCtc6pxnO4gbTu2TAuNuEfqgQDMciuBVlZN9dVw95lpvY-4mlYpk-Nw=w445-h240-k-no,true,7 am–5 pm,7 am–5 pm,7 am–5 pm,7 am–5 pm,Closed,7 am–5 pm,7 am–5 pm,"https://www.google.com/maps/search/tree+service+businesses+in+Sea+Breeze+Wilmington+NC/@34.1646553,-77.8551642,14z",2026-04-29T07:12:02.716Z,,,
"https://www.google.com/maps/place/Prestige+Pools+of+Wilmington,+NC/data=!4m7!3m6!1s0x89a9f65ac758568f:0x774c6d6dd54d385c!8m2!3d34.1417105!4d-77.892196!16s%2Fg%2F1tp8_xmk!19sChIJj1ZYx1r2qYkRXDhN1W1tTHc","Prestige Pools of Wilmington, NC",4.7,258,Swimming pool contractor,"5307 College Rd, Wilmington, NC 28412, United States","44R5+M4 Wilmington, North Carolina, USA",http://www.prestigepoolsofwilmington.com/,+1 910-509-2370,"Closed · Opens 9 am

Updated by this business 10 weeks ago",,https://lh3.googleusercontent.com/gps-cs-s/APNQkAHknts-xblitDEJrcop2yodBtCxw87qZZXZTZT5PkwywFf2nmq5P-zOTMHWhZpA8cg5_ETaZvhlRMOPs4DoxQemfGU1hUhPPVk2Nz7QBHUsYdAQKbWy4eWcWuO-BSM9g2db-b23yAQz9Tc=w408-h544-k-no,true,9 am–4 pm,9 am–4 pm,9 am–4 pm,Closed,Closed,9 am–4 pm,9 am–4 pm,"https://www.google.com/maps/search/tree+service+businesses+in+Sea+Breeze+Wilmington+NC/@34.1646553,-77.8551642,14z",2026-04-29T07:12:08.005Z,,,
"https://www.google.com/maps/place/Big+Sticks+Expert+Tree+Removal,+LLC/data=!4m7!3m6!1s0x89a9f5c9fd091ffd:0xc69485c1b0b98926!8m2!3d34.2069834!4d-77.8733794!16s%2Fg%2F11q1dd8fr_!19sChIJ_R8J_cn1qYkRJom5sMGFlMY","Big Sticks Expert Tree Removal, LLC",5.0,3,Tree service,,,,+1 910-632-3456,Open 24 hours,,https://lh3.googleusercontent.com/gps-cs-s/APNQkAGfsyz6XsGIykcrkNRcnGA1LsPBA-WDt9CNJYqCHunrEAzeMXXyIFDp0GiU9sFhmKVMqO8pF39xIwsnyO_sgXwz-je1y5p0zmBku-4e4oQs4OZG2qN6qk0R1f0U3CQ3PjP8Z2Lf=w425-h240-k-no,true,Open 24 hours,Open 24 hours,Open 24 hours,Open 24 hours,Open 24 hours,Open 24 hours,Open 24 hours,"https://www.google.com/maps/search/tree+service+businesses+in+Sea+Breeze+Wilmington+NC/@34.1646553,-77.8551642,14z",2026-04-29T07:12:19.415Z,,,
https://www.google.com/maps/place/Alpha+Roofing/data=!4m7!3m6!1s0x89a9f57f1eec3ac1:0x2d0130c25744208d!8m2!3d34.1400407!4d-77.8923833!16s%2Fg%2F1s04fp67t!19sChIJwTrsHn_1qYkRjSBEV8IwAS0,Alpha Roofing,4.9,174,Roofing contractor,"609 A Piner Rd Suite 121, Wilmington, NC 28409, United States","44R5+22 Wilmington, North Carolina, USA",https://alpharoofs.com/,+1 910-742-2687,Open 24 hours,,https://lh3.googleusercontent.com/gps-cs-s/APNQkAFBaX4kwKpOVA6UPZuHJflzX0Q4wH9e2kTAriSnO344ZEIz2m9zRVLGRn6Su0Zq5EcB-QQ4dmVEhxeatKvcgAc60f5OfPckq_UnENcqxxjFduBLGSd5OSGDE1D8k2be-xKVAxEV=w425-h240-k-no,true,Open 24 hours,Open 24 hours,Open 24 hours,Open 24 hours,Open 24 hours,Open 24 hours,Open 24 hours,"https://www.google.com/maps/search/tree+service+businesses+in+Sea+Breeze+Wilmington+NC/@34.1646553,-77.8551642,14z",2026-04-29T07:12:24.251Z,,,
https://www.google.com/maps/place/The+Lucky+Lady+Bugs/data=!4m7!3m6!1s0x41322a8b9f460d7f:0x95bf7f04257b1e7c!8m2!3d34.1168355!4d-77.955764!16s%2Fg%2F11wnr4x17s!19sChIJfw1Gn4sqMkERfB57JQR_v5U,The Lucky Lady Bugs,5.0,4,Landscaper,,,https://theluckyladybugs.com/,+1 910-599-6841,Closed · Opens 8 am,LGBTQ+ friendly,https://lh3.googleusercontent.com/gps-cs-s/APNQkAFu40PrjHHACPWmYJLka03iEaoCnj_MbDLLxadEci3lQmNwotQzfVb8m517LhVzkYZcW7JntjfTmiecvpN2dF6MjI_yfRgJ7buCnHVBxnvYg8dQvIFw8Hk7Kx83zYGWjQKz9YD8tg=w408-h272-k-no,true,8 am–6 pm,8 am–6 pm,8 am–6 pm,8 am–6 pm,Closed,8 am–6 pm,8 am–6 pm,"https://www.google.com/maps/search/tree+service+businesses+in+Sea+Breeze+Wilmington+NC/@34.1646553,-77.8551642,14z",2026-04-29T07:12:35.950Z,,,
https://www.google.com/maps/place/Wrigglesworth+Ace+Hardware/data=!4m7!3m6!1s0x89a9f5d0c30cedf1:0x518f84d2460e811!8m2!3d34.1792503!4d-77.8919697!16s%2Fg%2F1tt8d3s5!19sChIJ8e0Mw9D1qYkREehgJE34GAU,Wrigglesworth Ace Hardware,4.7,75,Hardware store,"3516 College Rd #912, Wilmington, NC 28412, United States","54H5+P6 Wilmington, North Carolina, USA",http://aceilm.com/,+1 910-889-3516,Closed · Opens 8 am,Identifies as women-owned,https://lh3.googleusercontent.com/gps-cs-s/APNQkAGyHxHdbEP4Eo1Nx8Bo_SLPeMJ2XDNyFV1ZheXsb0bZJTjr133qjK_sNLdFIht0e0gIMzKaEkl9MTLllBm03sA-e9Bq1zaMij3iFoZGhangMAQ4ODNrMUvPO3Bb7SByxuZIecaE5A=w408-h306-k-no,true,8 am–6 pm,8 am–6 pm,8 am–6 pm,8 am–6 pm,10 am–4 pm,8 am–6 pm,8 am–6 pm,"https://www.google.com/maps/search/tree+service+businesses+in+Sea+Breeze+Wilmington+NC/@34.1646553,-77.8551642,14z",2026-04-29T07:12:40.862Z,"Hardware store stocking household tools, garden supplies, home decor & more. · In-store shopping · In-store pick-up",,
https://www.google.com/maps/place/Coastal+Lawn+Service+LLC/data=!4m7!3m6!1s0x89a9f65a9f41aafd:0x6a89bdd9b21617fd!8m2!3d34.242754!4d-78.0677095!16s%2Fg%2F11c1pgktxm!19sChIJ_apBn1r2qYkR_RcWstm9iWo,Coastal Lawn Service LLC,4.0,17,Lawn care service,,,http://www.coastallawnservice.net/,+1 910-443-8126,Closed · Opens 8 am,,https://lh3.googleusercontent.com/gps-cs-s/APNQkAFlzeSNFJVZfAmtJ_LwL9knlzaZ00i0o8mUFdKvnFqz8PfjhR8Zee_lMI8vgc-HYGgVd5m1324_W57BORsyPI6YT-Mod1GAnJW4HbvKHuMgNMmX8eVMDE-cNSWqAOUXUJoVHKHC=w408-h544-k-no,true,8 am–5 pm,8 am–5 pm,8 am–5 pm,Closed,Closed,8 am–5 pm,8 am–5 pm,"https://www.google.com/maps/search/tree+service+businesses+in+Sea+Breeze+Wilmington+NC/@34.1646553,-77.8551642,14z",2026-04-29T07:12:45.629Z,,,
https://www.google.com/maps/place/Cutback+Landscapes+Inc/data=!4m7!3m6!1s0x23b1d3d6e8b4ff6b:0x829bfc9cc9564270!8m2!3d34.2069834!4d-77.8733794!16s%2Fg%2F11vjj1dqtc!19sChIJa_-06NbTsSMRcEJWyZz8m4I,Cutback Landscapes Inc,4.5,8,Landscaper,,,,+1 910-231-4177,Closed · Opens 8 am,,https://lh3.googleusercontent.com/gps-cs-s/APNQkAFdBYT66n_FxAgt-B0scVL_7VkCt2MY_nmFWgnd_hxta8hIOl4EnLsq8EhKhzEDqJYlIbjMZegVoTawk7BRSOGul0JgptaAgcPY-Oz1SQWzK9hHf1DGQGyUZCdsZAlyngcCXytiFA=w408-h544-k-no,true,8 am–4 pm,8 am–4 pm,8 am–4 pm,Closed,Closed,8 am–4 pm,8 am–4 pm,"https://www.google.com/maps/search/tree+service+businesses+in+Sea+Breeze+Wilmington+NC/@34.1646553,-77.8551642,14z",2026-04-29T07:12:50.609Z,,,
https://www.google.com/maps/place/Masonboro+Accounting+and+Audit/data=!4m7!3m6!1s0x88c89259dbe9801:0x43150c26f21dda4d!8m2!3d34.1721936!4d-77.8620087!16s%2Fg%2F11sdssj3h8!19sChIJAZi-nSWJjAgRTdod8iYMFUM,Masonboro Accounting and Audit,,,Tax preparation service,"3508 Tree Top Way, Wilmington, NC 28409, United States","54CQ+V5 Wilmington, North Carolina, USA",http://masonboroaccounting.com/,+1 910-530-0354,Closed · Opens 9 am,,https://streetviewpixels-pa.googleapis.com/v1/thumbnail?panoid=N_KN1rAUloN8irVyo8CtBQ&cb_client=search.gws-prod.gps&w=408&h=240&yaw=278.2794&pitch=0&thumbfov=100,true,9 am–5 pm,9 am–5 pm,9 am–5 pm,9 am–1 pm,Closed,9 am–5 pm,9 am–5 pm,"https://www.google.com/maps/search/tree+service+businesses+in+Sea+Breeze+Wilmington+NC/@34.1646553,-77.8551642,14z",2026-04-29T07:12:55.266Z,,,
https://www.google.com/maps/place/Out+here+Tree+service%2FSamurai+Guard+Tree+Control/data=!4m7!3m6!1s0x88dcefe012fc7163:0x7dcb1469230bb76c!8m2!3d34.1448053!4d-77.9200849!16s%2Fg%2F11spl2998x!19sChIJY3H8EuDv3IgRbLcLI2kUy30,Out here Tree service/Samurai Guard Tree Control,4.0,4,Tree service,"1547 Friendship Ln, Zolfo Springs, FL 33890, United States","43VH+WX Silver Lake, North Carolina, USA",,+1 863-212-5079,,Identifies as veteran-owned,https://streetviewpixels-pa.googleapis.com/v1/thumbnail?panoid=mcN25C_bplP7ZIHdBwl82w&cb_client=search.gws-prod.gps&w=408&h=240&yaw=299.19467&pitch=0&thumbfov=100,true,9 am–5 pm,9 am–5 pm,9 am–5 pm,Closed,9 am–5 pm,9 am–5 pm,9 am–5 pm,"https://www.google.com/maps/search/tree+service+businesses+in+Sea+Breeze+Wilmington+NC/@34.1646553,-77.8551642,14z",2026-04-29T07:13:00.081Z,,,
https://www.google.com/maps/place/Arborvet/data=!4m7!3m6!1s0x89aa193c5645dec9:0x69eec85d5b970ebb!8m2!3d34.204422!4d-77.8566945!16s%2Fg%2F11hdq5yylr!19sChIJyd5FVjwZqokRuw6XW13I7mk,Arborvet,5.0,13,Tree service,,,http://www.arborvettreecare.com/wz,+1 757-701-6971,Open 24 hours,Identifies as veteran-owned,https://lh3.googleusercontent.com/gps-cs-s/APNQkAHIXOLTaCRNzeYgbyCkK22nexHtZPmaqjD1_kbNs6z1zCSxQ6t8eHgyCQrf_X6Zyh7B9-kAAoD-dXZmWA8DLLqR834qSYP7-pj1lYipJQu_-ZmFfK6VCtimfle_JZT2_rjOXCJ1=w432-h240-k-no,true,Open 24 hours,Open 24 hours,Open 24 hours,Open 24 hours,Open 24 hours,Open 24 hours,Open 24 hours,"https://www.google.com/maps/search/tree+service+businesses+in+Silver+Lake+Wilmington+NC/@34.1487822,-77.9135976,14z",2026-04-29T07:13:33.707Z,,,
https://www.google.com/maps/place/Dunes+Design+and+Landscape+LLC/data=!4m7!3m6!1s0x850e2620f56bff99:0x2eafc44a4d5fd5ec!8m2!3d39.2160909!4d-71.2028418!16s%2Fg%2F11tx71h03q!19sChIJmf9r9SAmDoUR7NVfTUrEry4,Dunes Design and Landscape LLC,5.0,7,Landscaper,,,https://www.facebook.com/duneslandscape910/,+1 910-338-9494,Closed · Opens 9 am,,https://lh3.googleusercontent.com/gps-cs-s/APNQkAFxZl-G-uy7vsIvSORgNF7Fz0Wy_gv6Dy1Z_rvlVP_zhtW4lHJo_WyUOiOfGZHWAI6HOPLwf7bvDFMd0jQhNO1RgEi9Np--PQF1RlL911IUQdWZ1dmM_1Bq7tU0qEOShNHjAWra=w422-h240-k-no,true,9 am–5 pm,9 am–5 pm,9 am–5 pm,9 am–5 pm,Closed,9 am–5 pm,9 am–5 pm,"https://www.google.com/maps/search/tree+service+businesses+in+Silver+Lake+Wilmington+NC/@34.1487822,-77.9135976,14z",2026-04-29T07:13:38.608Z,,,
https://www.google.com/maps/place/Absolute+Land+Maintenance/data=!4m7!3m6!1s0x89a98cb1eab630dd:0x9db55e705a2c9c20!8m2!3d34.242754!4d-78.0677095!16s%2Fg%2F119x59zps!19sChIJ3TC26rGMqYkRIJwsWnBetZ0,Absolute Land Maintenance,3.5,2,Landscaper,,,http://www.absolutelandmaintenance.com/,+1 910-250-9273,Closed · Opens 9 am,,https://lh3.googleusercontent.com/gps-cs-s/APNQkAE0kkW-etQ_SeAj5iy9EuRjz9L2OhxbtHQ2hy_a5S7onvfc1_w8nkQquPdIX-W1HcLTShr57iarmJA_iQmyEhXHNQjzhg1uBN47auBgjFTHNGl5Q5Cx8vgYfap_Cul0w2ezttab=w408-h306-k-no,true,9 am–5 pm,9 am–5 pm,9 am–5 pm,Closed,Closed,9 am–5 pm,9 am–5 pm,"https://www.google.com/maps/search/tree+service+businesses+in+Silver+Lake+Wilmington+NC/@34.1487822,-77.9135976,14z",2026-04-29T07:13:43.533Z,,,
https://www.google.com/maps/place/Precision+Tree+Care/data=!4m7!3m6!1s0x89aa07e70a941a9d:0x8f7907b0f4db1706!8m2!3d34.062346!4d-78.2739461!16s%2Fg%2F11hf4l59wx!19sChIJnRqUCucHqokRBhfb9LAHeY8,Precision Tree Care,5.0,5,Arborist service,,,http://www.arboristnc.com/,+1 910-899-0577,,Identifies as veteran-owned,https://lh3.googleusercontent.com/gps-cs-s/APNQkAE55Nymcz66ufX2szJyx1zGi3erSo3gynh1FdoHkRmCdsLslmOnj1aGqevz__zpAdjuYNMX75hzgOQuhl8iYZ3KltM26tloOqITzFq3Lcp3TGSXL1yygn5_9B-ojG0RZZNIjbFG=w505-h240-k-no,true,,,,,,,,"https://www.google.com/maps/search/tree+service+businesses+in+Silver+Lake+Wilmington+NC/@34.1487822,-77.9135976,14z",2026-04-29T07:13:46.508Z,,,
https://www.google.com/maps/place/Barcelos+Home+Services/data=!4m7!3m6!1s0x89a9f70eb1f8e201:0xcd289be9e26fca89!8m2!3d34.131637!4d-77.954537!16s%2Fg%2F11jn5623xc!19sChIJAeL4sQ73qYkRicpv4umbKM0,Barcelos Home Services,5.0,1,Handyman/Handywoman/Handyperson,,,,+1 910-338-9706,Closed · Opens 8 am,,https://lh3.googleusercontent.com/gps-cs-s/APNQkAFQP7NtZp_QdcEiHik1nXgmYPJ14r0W8pIb3NomcFSD0Vb2IBoC5HvdtaqUj1CFYhHsTaKHQuBtuCxY475X7mCumqQFDjefP7Vis33eHICSQwcS_IerUPXcYDbLqR1gtot5NWWS=w426-h240-k-no,true,8 am–7 pm,8 am–7 pm,8 am–7 pm,9:30 am–4 pm,Closed,8 am–7 pm,8 am–7 pm,"https://www.google.com/maps/search/tree+service+businesses+in+Silver+Lake+Wilmington+NC/@34.1487822,-77.9135976,14z",2026-04-29T07:13:53.427Z,,,
https://www.google.com/maps/place/Diaz+Tree+Service+%26+Landscapes+LLC/data=!4m7!3m6!1s0x483a972be2dae555:0xba514b1e5ed959f0!8m2!3d34.3706175!4d-77.726939!16s%2Fg%2F11x63056jw!19sChIJVeXa4iuXOkgR8FnZXh5LUbo,Diaz Tree Service & Landscapes LLC,,,Tree service,,,https://67eb3686ad7f1.site123.me/,+1 910-604-3862,Open 24 hours,,https://lh3.googleusercontent.com/gps-cs-s/APNQkAFlhEA8kggrJ-CTp7DEorDDJ-v7p-6tq2MOE3m0VNh2dDxhRfZufd1EvovwVdeovYoniDR-yJldU-6aEfaBs_BREuvcKUXrCv7wLXthd5SKYwjnwU9sHo9rZ2LD5Uqlm9bLEwrD4zQyIs1c=w408-h408-k-no,true,Open 24 hours,Open 24 hours,Open 24 hours,Open 24 hours,Open 24 hours,Open 24 hours,Open 24 hours,"https://www.google.com/maps/search/tree+service+businesses+in+Silver+Lake+Wilmington+NC/@34.1487822,-77.9135976,14z",2026-04-29T07:13:58.311Z,,,
https://www.google.com/maps/place/Down+to+Earth+Tree+Services/data=!4m7!3m6!1s0x4cb5ea246370cac3:0x86492cf57a693fc9!8m2!3d34.4649345!4d-79.6392815!16s%2Fg%2F11v077j50j!19sChIJw8pwYyTqtUwRyT9pevUsSYY,Down to Earth Tree Services,4.9,56,,,,,+1 910-632-0915,,Identifies as veteran-owned,https://lh3.googleusercontent.com/gps-cs-s/APNQkAETBKAP-G_wb1pbgqpzpEiggiVDN6fGdi7Bp3htc6QbX_-6UHODiFG5RqFbdW-9FIMdodRQF16k6fLtgYELblnoJqFB72a5LlyISHuaoeLIVcpFv0LL4jnZi5-JwkaA-lraFyKB=w408-h544-k-no,true,,,,,,,,"https://www.google.com/maps/search/tree+service+businesses+in+Silver+Lake+Wilmington+NC/@34.1487822,-77.9135976,14z",2026-04-29T07:14:01.455Z,,,
https://www.google.com/maps/place/Edge+Outdoor+Living/data=!4m7!3m6!1s0x89aa1f8e5dac2c71:0x8d80973f2ec95451!8m2!3d34.274179!4d-77.9203301!16s%2Fg%2F11gh4925rc!19sChIJcSysXY4fqokRUVTJLj-XgI0,Edge Outdoor Living,4.4,55,Landscape designer,"2005 Blue Clay Rd, Wilmington, NC 28405, United States","73FH+MV Wilmington, North Carolina, USA",https://edgelandco.com/,+1 910-444-9935,Closed · Opens 8 am,,https://lh3.googleusercontent.com/gps-cs-s/APNQkAEBgtRk45PQXNDFwng9VjlzxI58vJbg-n7ViVmEWACAYBlliJCNQm4bucSS_Ab16Z7C2bTEOz9XQqpzHtKjm0aj7O1793DU0dyMhSzdJiq7kBKyMFTRz1UeSASc1oVLLXYK1e_Jq8lQr4mS=w408-h306-k-no,true,8 am–5 pm,8 am–5 pm,8 am–5 pm,Closed,Closed,8 am–5 pm,8 am–5 pm,"https://www.google.com/maps/search/tree+service+businesses+in+Wrightsboro+Wilmington+NC/@34.2885025,-77.9210983,14z",2026-04-29T07:14:26.136Z,,,
https://www.google.com/maps/place/Great+America+Outdoor+Living/data=!4m7!3m6!1s0x89aa20008a88f631:0xc6669ef0079f8ce3!8m2!3d34.2670494!4d-77.929487!16s%2Fg%2F11dd_r3kvb!19sChIJMfaIigAgqokR44yfB_CeZsY,Great America Outdoor Living,5.0,11,Landscaping supply store,"1618 Castle Hayne Rd, Wilmington, NC 28401, United States","738C+R6 Wilmington, North Carolina, USA",http://www.greatamericaoutdoor.com/,+1 910-859-4950,Closed · Opens 8 am,,https://lh3.googleusercontent.com/gps-cs-s/APNQkAE642pmrImljAJQwe7bEksF6Oysbbo0Aoy7f9Nr43qkQUgk5Hq7zTJZqjo3fYSkI0C2p7gBs0-Bh_DYkMo9M9-yzZUm0CWXTqCxD1E5dSFnA4_wtrTm37x3SnrCJJOAy_aW4BBS=w408-h306-k-no,true,8 am–5 pm,8 am–5 pm,8 am–5 pm,8 am–5 pm,Closed,8 am–5 pm,8 am–5 pm,"https://www.google.com/maps/search/tree+service+businesses+in+Wrightsboro+Wilmington+NC/@34.2885025,-77.9210983,14z",2026-04-29T07:14:31.265Z,· Delivery,,
https://www.google.com/maps/place/Tinga+Nursery+Inc/data=!4m7!3m6!1s0x89a98a845bf34679:0xdcaf2619d26135d5!8m2!3d34.2984267!4d-77.9203165!16s%2Fg%2F1tj2jrss!19sChIJeUbzW4SKqYkR1TVh0hkmr9w,Tinga Nursery Inc,4.7,64,Plant nursery,"2918 Castle Hayne Rd, Castle Hayne, NC 28429, United States","73XH+9V Castle Hayne, North Carolina, USA",http://www.tinganursery.com/,+1 910-762-1975,"Closed · Opens 8 am

Updated by this business 5 weeks ago",,https://lh3.googleusercontent.com/gps-cs-s/APNQkAEdw9rkigpW1VKzKq6JFihflW0y3REWXSOfXH4wcjCYlypTQ4NiCKEyVhTtVx-3S_Tco5m1WtPGTJXyWD60WCpOW2j-o6myBXVghzp_XoC1Y14hCif8oitRi3RebqMR44ecHwiq=w408-h725-k-no,true,8 am–4:30 pm,8 am–4:30 pm,8 am–4:30 pm,9 am–1 pm,Closed,8 am–4:30 pm,8 am–4:30 pm,"https://www.google.com/maps/search/tree+service+businesses+in+Wrightsboro+Wilmington+NC/@34.2885025,-77.9210983,14z",2026-04-29T07:14:36.087Z,,,
"https://www.google.com/maps/place/East+Coast+Cuts,+Inc/data=!4m7!3m6!1s0x89a98cab6626340d:0x58d85ab73995f1fe!8m2!3d34.2830957!4d-77.9226723!16s%2Fg%2F1vs1sr8t!19sChIJDTQmZquMqYkR_vGVObda2Fg","East Coast Cuts, Inc",4.6,22,Lawn care service,"2311 Castle Hayne Rd, Wilmington, NC 28401, United States","73MG+6W Wilmington, North Carolina, USA",http://www.eastcoastcuts.com/,+1 910-512-6214,Closed · Opens 8 am,,https://lh3.googleusercontent.com/gps-cs-s/APNQkAGnFr-_GHjjzGHuiFdwOrp2p0aBI52_dwRU-_vz9Gt-Z1iNFT52ew676TZc8yJJZXEHqdRXVBHO0FvbsFdfAr282BbUlaVCj5rmRpDCGIKkiEYMew-Ne5B1H-gAuTcqe_0hfkkXHw=w408-h408-k-no,true,8 am–5 pm,8 am–5 pm,8 am–5 pm,Closed,Closed,8 am–5 pm,8 am–5 pm,"https://www.google.com/maps/search/tree+service+businesses+in+Wrightsboro+Wilmington+NC/@34.2885025,-77.9210983,14z",2026-04-29T07:14:40.802Z,,,
https://www.google.com/maps/place/Wilmington+Landscapes/data=!4m7!3m6!1s0x89a9f3065dea1a57:0x2f27c9d26c55dd88!8m2!3d34.298762!4d-77.9219517!16s%2Fg%2F1tznn6d6!19sChIJVxrqXQbzqYkRiN1VbNLJJy8,Wilmington Landscapes,4.6,23,Landscaper,"2923 Castle Hayne Rd, Castle Hayne, NC 28429, United States","73XH+G6 Castle Hayne, North Carolina, USA",http://www.wilmingtonlandscapes.com/,+1 910-507-4003,Closed · Opens 8 am,,https://lh3.googleusercontent.com/gps-cs-s/APNQkAEQh4KmC5wqIu0YKLc9QRKwFBZI8BioQcnQNwRFYQ-fgg60gtuMbbPaIIkFUPfAc-NuOaKCIBTenRO2gqu9QpYji8S30vxadu6eevTAM1_wdlD9Fzj8MBJAhHJUDMehMZSsMfIQ=w408-h306-k-no,true,8 am–5 pm,8 am–5 pm,8 am–5 pm,Closed,Closed,8 am–5 pm,8 am–5 pm,"https://www.google.com/maps/search/tree+service+businesses+in+Wrightsboro+Wilmington+NC/@34.2885025,-77.9210983,14z",2026-04-29T07:14:45.580Z,,,
https://www.google.com/maps/place/Turf+Medic/data=!4m7!3m6!1s0x89aa212703e2aa51:0xd2bce15dd1c0762e!8m2!3d34.2896576!4d-77.9773416!16s%2Fg%2F11ghs3f918!19sChIJUariAychqokRLnbA0V3hvNI,Turf Medic,4.9,184,Lawn care service,"364 Metro Cir, Wilmington, NC 28401, United States","72QF+V3 Wilmington, North Carolina, USA",https://turfmedicnc.com/,+1 910-769-2818,"Closed · Opens 8 am

Updated by this business 6 weeks ago",,https://lh3.googleusercontent.com/gps-cs-s/APNQkAFyzADard27nOHmCw5h7yx1JA-2Zo99aEvX-FwR4C1alpU5CUEjZ75xAsASHgGDw24VdKTbLmTK_xXwoeyRw7rMkTl6XjxHrIxAwEJt3Td8GBr_k0WBh3i_b21ALpfiqd_fH4ym=w408-h544-k-no,true,8 am–4 pm,8 am–4 pm,8 am–4 pm,Closed,Closed,8 am–4 pm,8 am–4 pm,"https://www.google.com/maps/search/tree+service+businesses+in+Wrightsboro+Wilmington+NC/@34.2885025,-77.9210983,14z",2026-04-29T07:14:50.429Z,,,
"https://www.google.com/maps/place/Eastern+Turf+Maintenance,+Inc./data=!4m7!3m6!1s0x89ac832b25fffd45:0x8ef9b22181cc9c74!8m2!3d34.3012318!4d-77.9775338!16s%2Fg%2F11j9ck96tj!19sChIJRf3_JSuDrIkRdJzMgSGy-Y4","Eastern Turf Maintenance, Inc.",5.0,688,Lawn care service,"3877 US-421 Unit 120, Wilmington, NC 28401, United States","822C+FX Wilmington, North Carolina, USA",https://etmlawncare.com/coastal/?utm_source=google&utm_source=cpc&utm_campaign=etmcoastal,+1 910-755-5296,Closed · Opens 8:30 am,,https://lh3.googleusercontent.com/gps-cs-s/APNQkAEuJCr6PBTBc6HHTmEKb3bDK8yzO3gN-aBHlDdSFhW_KuyEFt2AIFjcScSnDIYNbKNiy0fjR47buFqE9bGZQuL8Nol4C3JMka3kbfEOXY-2C6q3r7wKxm5V8Ly5Nx_t79r1dnNegg=w408-h309-k-no,true,8:30 am–5 pm,8:30 am–5 pm,8:30 am–1 pm,Closed,Closed,8:30 am–5 pm,8:30 am–5 pm,"https://www.google.com/maps/search/tree+service+businesses+in+Wrightsboro+Wilmington+NC/@34.2885025,-77.9210983,14z",2026-04-29T07:14:55.594Z,,,
https://www.google.com/maps/place/Yardnique+Inc./data=!4m7!3m6!1s0x89a98aa9f0803689:0x70bd163ca8f01f35!8m2!3d34.2697591!4d-77.927453!16s%2Fg%2F11gfjs14y0!19sChIJiTaA8KmKqYkRNR_wqDwWvXA,Yardnique Inc.,3.4,56,Landscaper,"1728 Castle Hayne Rd, Wilmington, NC 28401, United States","739F+W2 Wilmington, North Carolina, USA",http://www.yardnique.com/,+1 910-399-5160,"Closed · Opens 9 am

Updated by others 8 weeks ago",,https://lh3.googleusercontent.com/gps-cs-s/APNQkAEXGdOuzCp9sEU58tIoiE-QnzB6WneGVtQf9HaXVsJlb3Y7TEXuEcpBdAn6wuLoCzs7K3mZ1wP_1RiYmebB0wllm9l0_E-pRPC6zs2Gt-9uVNcwHJ9G9ZnUJYfE6V_6VoA4yOnB=w408-h544-k-no,true,9 am–5 pm,9 am–5 pm,9 am–5 pm,Closed,Closed,9 am–5 pm,9 am–5 pm,"https://www.google.com/maps/search/tree+service+businesses+in+Wrightsboro+Wilmington+NC/@34.2885025,-77.9210983,14z",2026-04-29T07:15:00.469Z,,,
https://www.google.com/maps/place/Barnes+Demolition/data=!4m7!3m6!1s0x89a98b6d65b244f1:0x437bb91a9f58c58d!8m2!3d34.2655148!4d-77.9256792!16s%2Fg%2F11z2cfgjhk!19sChIJ8USyZW2LqYkRjcVYnxq5e0M,Barnes Demolition,5.0,3,Demolition contractor,"1536 Castle Hayne Rd, Wilmington, NC 28401, United States","738F+6P Wilmington, North Carolina, USA",http://www.barnesdemolition.com/,+1 910-807-5640,"Open 24 hours

Updated by this business 5 weeks ago",,https://lh3.googleusercontent.com/gps-cs-s/APNQkAF1CvRU8eC5FjINcUmBYJoTnR2NbRrU3BmADVZHx4WEXEYrrVIfY2VAtVRTNuVkBbm_QssQbq_irUnJE224bV3EB0sFWTXic-5Na7wU39dlcAzLLqR2CH0vbWBc3NAM-0vzxBIgu8aebL9F=w408-h544-k-no,true,Open 24 hours,Open 24 hours,Open 24 hours,Open 24 hours,Closed,Open 24 hours,Open 24 hours,"https://www.google.com/maps/search/tree+service+businesses+in+Wrightsboro+Wilmington+NC/@34.2885025,-77.9210983,14z",2026-04-29T07:15:05.297Z,,,
"https://www.google.com/maps/place/Premier+Lawn+Care+landscaping+lawncare,+Residential+Commercial+Property+Management/data=!4m7!3m6!1s0x89aa1f267255ff6b:0x809e18bb162b8220!8m2!3d34.2492333!4d-77.9488838!16s%2Fg%2F11vyqxvsdd!19sChIJa_9VciYfqokRIIIrFrsYnoA","Premier Lawn Care landscaping lawncare, Residential Commercial Property Management",5.0,18,Lawn care service,"1010 Nutt St, Wilmington, NC 28401, United States","63X2+MC Wilmington, North Carolina, USA",http://premier-lawn-care.com/,+1 910-262-3637,Closed · Opens 6 am,,https://lh3.googleusercontent.com/gps-cs-s/APNQkAEt4bge6wa7PYZCaMi2nna5MW3qpviqYRfoqV4kR2X3agN5na6K7THZzCCe6_OA7i1LV53XVKHNgJontRcxZtREtKUJ4pFajfWhDMN_oFh5HDX3AOZr6SkgqtkiCyFF7s7NAXd7iajhiUW4=w408-h306-k-no,true,6 am–5 pm,6 am–5 pm,6 am–5 pm,6 am–5 pm,6 am–5 pm,6 am–5 pm,6 am–5 pm,"https://www.google.com/maps/search/tree+service+businesses+in+Wrightsboro+Wilmington+NC/@34.2885025,-77.9210983,14z",2026-04-29T07:15:10.133Z,,,
https://www.google.com/maps/place/Moises+Lawn+Care+%26+Landscaping/data=!4m7!3m6!1s0x89a98b93c3929fe9:0x842a422689f9b3ba!8m2!3d34.3585415!4d-77.9156805!16s%2Fg%2F11fs0zmym8!19sChIJ6Z-Sw5OLqYkRurP5iSZCKoQ,Moises Lawn Care & Landscaping,,,Landscaper,,,,+1 910-748-5423,Closed · Opens 7 am,,https://lh3.googleusercontent.com/gps-cs-s/APNQkAFHlUvmCNTnfHH02_X6uVg4WZlL299wFDD8Vp3C00Z91K5xchBkKnulaOts7ZWpUT_Q6zaCE_lbOkyiGXiZx_JAt8HHkgyp7OLyHXF4u0NS909yWRdE7Rd0orm2PGLp0tZfIL6I=w1027-h240-k-no,true,7 am–6 pm,7 am–6 pm,7 am–6 pm,7 am–6 pm,7 am–6 pm,7 am–6 pm,7 am–6 pm,"https://www.google.com/maps/search/tree+service+businesses+in+Wrightsboro+Wilmington+NC/@34.2885025,-77.9210983,14z",2026-04-29T07:15:14.619Z,,,
https://www.google.com/maps/place/J+B+Lawn+Sprinklers/data=!4m7!3m6!1s0x89a98ac555555555:0xcd8f326e810eb084!8m2!3d34.2894294!4d-77.9741107!16s%2Fg%2F1vpfkd9c!19sChIJVVVVVcWKqYkRhLAOgW4yj80,J B Lawn Sprinklers,4.9,1338,Lawn sprinkler system contractor,"208 Transcom Ct, Wilmington, NC 28401, United States","72QG+Q9 Wilmington, North Carolina, USA",http://www.jblawnsprinklers.com/,+1 910-794-8042,Closed · Opens 8 am,,https://lh3.googleusercontent.com/gps-cs-s/APNQkAFDN1BhaUB9m-xSGxg_htdFRwkIyFUgh1KfFvq-mzTZu925UlL7aaL8h0RFLW0cLjuHbxkDpvo8sE2-4CAboLnLuZwzOraOYXEsQt5o6LtU41zLy2DVnFtON-jzxNzXNtKVnn-VeA=w426-h240-k-no,true,8 am–4:30 pm,8 am–4:30 pm,8 am–4:30 pm,Closed,Closed,8 am–4:30 pm,8 am–4:30 pm,"https://www.google.com/maps/search/tree+service+businesses+in+Wrightsboro+Wilmington+NC/@34.2885025,-77.9210983,14z",2026-04-29T07:15:19.845Z,,,
https://www.google.com/maps/place/IBC+Roofing+Wilmington/data=!4m7!3m6!1s0x89a98bf5f0c09b4f:0xd9d19c2b4a57aea2!8m2!3d34.2630869!4d-77.9285794!16s%2Fg%2F11sg_314vl!19sChIJT5vA8PWLqYkRoq5XSiuc0dk,IBC Roofing Wilmington,5.0,271,Roofing contractor,"141 Division Dr #120, Wilmington, NC 28401, United States","737C+6H Wilmington, North Carolina, USA",https://ibcroofing.com/wilmington/,+1 910-310-0074,Closed · Opens 8 am,Identifies as women-owned,https://lh3.googleusercontent.com/gps-cs-s/APNQkAGa7fsdpSn7t7K405lr9GZZVF1dEWNizDGkwKUUH3Fm0isfn47Eeyl6sys0ylJOmjBAoTGqe-DrMd5Wv9C5Bt-Srg1vXEHqYhm2E5I5Ip7Dc8jl32mrYqVu6hDPIx99_7bx4ARZrg=w426-h240-k-no,true,8 am–5 pm,8 am–5 pm,8 am–5 pm,8 am–5 pm,Closed,8 am–5 pm,8 am–5 pm,"https://www.google.com/maps/search/tree+service+businesses+in+Wrightsboro+Wilmington+NC/@34.2885025,-77.9210983,14z",2026-04-29T07:15:24.616Z,,,
https://www.google.com/maps/place/Seegars+Fence+Company+of+Wilmington/data=!4m7!3m6!1s0x89a98aed12371a15:0xd307eb3f57fe458a!8m2!3d34.2926321!4d-77.9038142!16s%2Fg%2F1tfb7f55!19sChIJFRo3Eu2KqYkRikX-Vz_rB9M,Seegars Fence Company of Wilmington,4.3,59,Fence contractor,"2954 Orville Wright Way, Wilmington, NC 28405, United States","73VW+3F Wilmington, North Carolina, USA",https://www.seegarsfence.com/locations/wilmington-nc/?utm_source=google&utm_medium=organic&utm_campaign=gmb_wilmington,+1 910-343-8246,Closed · Opens 8 am,,https://lh3.googleusercontent.com/gps-cs-s/APNQkAFS6MXuax1UdqvoqimRcOqI5aSsRm8T1Q0P0MVYTaTEO5ncjo02VZCgDaQe9_VKcJLXYn8srMMBJ9PGnt0idp_-YcGz5jdm8A20tIbdBRWxlnGSGwyOBPAnckezNFyZFMXwYKiAwEV-EA5r=w426-h240-k-no,true,8 am–5 pm,8 am–5 pm,Closed,Closed,Closed,8 am–5 pm,8 am–5 pm,"https://www.google.com/maps/search/tree+service+businesses+in+Wrightsboro+Wilmington+NC/@34.2885025,-77.9210983,14z",2026-04-29T07:15:36.010Z,,,
https://www.google.com/maps/place/Waatti+Contracting/data=!4m7!3m6!1s0x880737f1c8075837:0x888f88b8d8324d52!8m2!3d34.286901!4d-77.9296671!16s%2Fg%2F11sc2ykr7l!19sChIJN1gHyPE3B4gRUk0y2LiIj4g,Waatti Contracting,5.0,43,General contractor,"158 Tributary Cir, Wilmington, NC 28401, United States","73PC+Q4 Wilmington, North Carolina, USA",http://waatticontracting.com/,+1 910-444-9109,"Closed · Opens 8 am

Confirmed by this business 4 weeks ago",,https://lh3.googleusercontent.com/gps-cs-s/APNQkAHYa2aASUkHbgzgslPQo9DAzQXxfHi90UPt8mQKEkrp6zjMEx6lB3NGNki-vw5wi-Rej27ti_-y4HNuINsNFmO70aVL6KMIOp07pfTSy_7ahtj8R7-FNGZGxHoyM3moJn_s97cW=w408-h544-k-no,true,8 am–5 pm,8 am–5 pm,8 am–5 pm,Closed,Closed,8 am–5 pm,8 am–5 pm,"https://www.google.com/maps/search/tree+service+businesses+in+Wrightsboro+Wilmington+NC/@34.2885025,-77.9210983,14z",2026-04-29T07:15:48.223Z,,,
https://www.google.com/maps/place/Mister+Sparky+of+Wilmington/data=!4m7!3m6!1s0x89a98b096380b833:0xf03ec0109adb82c!8m2!3d34.2932431!4d-77.9009909!16s%2Fg%2F11hv2t0f2q!19sChIJM7iAYwmLqYkRLLitCQHsAw8,Mister Sparky of Wilmington,4.9,1269,Electrician,"3232 Kitty Hawk Rd, Wilmington, NC 28405, United States","73VX+7J Wilmington, North Carolina, USA",https://www.sparkywilmington.com/,+1 910-631-6039,Open 24 hours,,https://lh3.googleusercontent.com/gps-cs-s/APNQkAHmykRAgfEiaVWFW6EPzrL9yynD0ed0Q5rlubSDIqHnt2Dp_Hf8TImzbQUIIFuS0XliN4-lJmrb573ZWJ2Hny8aGD3_WjTbCH27dL7WYrNrF9pJNXnEHRQLumEQ_0_W_BRDmRqN=w426-h240-k-no,true,Open 24 hours,Open 24 hours,Open 24 hours,Open 24 hours,Open 24 hours,Open 24 hours,Open 24 hours,"https://www.google.com/maps/search/tree+service+businesses+in+Wrightsboro+Wilmington+NC/@34.2885025,-77.9210983,14z",2026-04-29T07:15:53.206Z,,,
https://www.google.com/maps/place/Element+Outdoor+Living/data=!4m7!3m6!1s0x89a98aa86b340001:0x2c36488ef92d526c!8m2!3d34.2735258!4d-77.9267324!16s%2Fg%2F11kq_1tq_1!19sChIJAQA0a6iKqYkRbFIt-Y5INiw,Element Outdoor Living,,,Landscaper,"1901 Castle Hayne Rd, Wilmington, NC 28401, United States","73FF+C8 Wilmington, North Carolina, USA",https://www.element-outdoorliving.com/contact,+1 910-387-4619,,,https://streetviewpixels-pa.googleapis.com/v1/thumbnail?panoid=cac_RaiA36QAVv7jdMIdVA&cb_client=search.gws-prod.gps&w=408&h=240&yaw=266.40396&pitch=0&thumbfov=100,false,,,,,,,,"https://www.google.com/maps/search/tree+service+businesses+in+Wrightsboro+Wilmington+NC/@34.2885025,-77.9210983,14z",2026-04-29T07:15:55.805Z,,,
https://www.google.com/maps/place/Sillery+Landworks/data=!4m7!3m6!1s0x6aec6e71efa158f1:0x5dfcee20b893e518!8m2!3d34.4734225!4d-78.083642!16s%2Fg%2F11yv9g5yc1!19sChIJ8Vih73Fu7GoRGOWTuCDu_F0,Sillery Landworks,5.0,3,Excavating contractor,,,http://www.sillerylandworks.com/,+1 910-274-2955,Closed · Opens 7 am,LGBTQ+ friendly,https://lh3.googleusercontent.com/gps-cs-s/APNQkAEP-qPWHBpP-UbwP79IFtIJWWjOizv17oqVwmRiAY72Vksu87RYOMHaQiP0CL5yGWzaz9NzhPhQKcIM37SPODEY-HGv-LlUppD6V_LCD4Sg6if1d4aoko_54x4-aTFFUkczLHkyyDVYkWrP=w408-h342-k-no,true,7 am–6 pm,7 am–6 pm,7 am–6 pm,7 am–6 pm,7 am–6 pm,7 am–6 pm,7 am–6 pm,"https://www.google.com/maps/search/tree+service+businesses+in+Wrightsboro+Wilmington+NC/@34.2885025,-77.9210983,14z",2026-04-29T07:16:02.522Z,,,
https://www.google.com/maps/place/Precise+One+Lawn+Solutions/data=!4m7!3m6!1s0x89a98b8b2d2fe9a5:0x4ba2b7ea6a912d2d!8m2!3d34.2937936!4d-77.904547!16s%2Fg%2F11g1wf7gxy!19sChIJpekvLYuLqYkRLS2Rauq3oks,Precise One Lawn Solutions,5.0,2,Lawn care service,"R03400-001-038-000, Wilmington, NC 28405, United States","73VW+G5 Wilmington, North Carolina, USA",,+1 910-399-5888,Closed · Opens 8 am,,https://lh3.googleusercontent.com/gps-cs-s/APNQkAEInp4MSp0cF77CkjLnZzHaNmzzAGYChBnijuLTU3b6qVy7420Tk2gG_n3IFZcaloskJ-6alilXP4hK94oXcu9s2KgDo3HcvFUX4f1rjZZm12pJI6KHebV3s2nW7SycBMZglLtx=w408-h306-k-no,true,8 am–5 pm,8 am–5 pm,8 am–5 pm,Closed,Closed,8 am–5 pm,8 am–5 pm,"https://www.google.com/maps/search/tree+service+businesses+in+Wrightsboro+Wilmington+NC/@34.2885025,-77.9210983,14z",2026-04-29T07:16:07.719Z,,,
https://www.google.com/maps/place/Hanover+Ace+Hardware/data=!4m7!3m6!1s0x89a98a99a1d8083d:0x8d73f0831d860932!8m2!3d34.2889786!4d-77.9193706!16s%2Fg%2F1tc_l_s8!19sChIJPQjYoZmKqYkRMgmGHYPwc40,Hanover Ace Hardware,4.8,209,Hardware store,"3508 N Kerr Ave, Wilmington, NC 28405, United States","73QJ+H7 Wilmington, North Carolina, USA",http://www.acehardware.com/mystore/index.jsp?store=09004&cid=localstore09004,+1 910-763-2004,Closed · Opens 8 am,,https://lh3.googleusercontent.com/gps-cs-s/APNQkAE47z7zLO61m-4J5kzED2lTTjtFn8OY0y1w44sXQEDpMKraFh2GkXfnz3uywXAT3e-ihsZ3r32S059kfu6FQ3aI_ROocsVH5o8w62WYXRGJ9XcsY5WHtt9b62R7Oqd1VnoH0HgX=w408-h544-k-no,true,8 am–6 pm,8 am–6 pm,8 am–6 pm,8 am–4 pm,Closed,8 am–6 pm,8 am–6 pm,"https://www.google.com/maps/search/tree+service+businesses+in+Wrightsboro+Wilmington+NC/@34.2885025,-77.9210983,14z",2026-04-29T07:16:13.062Z,"Hardware store stocking household tools, garden supplies, home decor & more. · In-store shopping · Kerbside pickup · Delivery",,
https://www.google.com/maps/place/Morales+Landscaping/data=!4m7!3m6!1s0x89aa2589438388c1:0x830b07a95f634d5b!8m2!3d34.316543!4d-77.927357!16s%2Fg%2F11h06n4z7z!19sChIJwYiDQ4klqokRW01jX6kHC4M,Morales Landscaping,5.0,3,Landscape designer,"3517 Emerson Dr, Castle Hayne, NC 28429, United States","838F+J3 Castle Hayne, North Carolina, USA",http://www.moraleslandscapingwilmington.com/,+1 910-604-0259,Closed · Opens 8 am,,https://lh3.googleusercontent.com/gps-cs-s/APNQkAFAdnpItdLobVQD0RgP4bWppli-79cj0cKcuAtANxoJkN1yNdCHvh_Ak7l0ZDjnkrkUz_1duSFSeVG_vxfOjWBi237vqo12PS6Cq8SHzw2DfYvilownZc9WkgfS6kOCbBKHPo9V=w408-h307-k-no,false,8 am–6 pm,8 am–6 pm,8 am–6 pm,8 am–6 pm,Closed,8 am–6 pm,8 am–6 pm,"https://www.google.com/maps/search/tree+service+businesses+in+Wrightsboro+Wilmington+NC/@34.2885025,-77.9210983,14z",2026-04-29T07:16:18.006Z,,,
https://www.google.com/maps/place/Port+City+Containers/data=!4m7!3m6!1s0x2249a31be292f15f:0x83f97a7b9106afa8!8m2!3d34.2663076!4d-77.9293957!16s%2Fg%2F11p0f27ggj!19sChIJX_GS4hujSSIRqK8GkXt6-YM,Port City Containers,5.0,78,Dumpster rental service,"1536 Castle Hayne Rd Suite #2, Wilmington, NC 28401, United States","738C+G6 Wilmington, North Carolina, USA",http://portcitycontainers.com/,+1 910-807-5640,Open 24 hours,,https://lh3.googleusercontent.com/gps-cs-s/APNQkAFpti544upeW1rzi1c-U6IT7T3SMl_lPbpFqAS0JSJFrGTzkkwFEqV207I-650yZkpkEe42ZRXP0rGoivOmfAaGtZT1yB4QCIlgA3wAEqO1brF26ybHfLngfFdJUudmQgJkbYfNnTSjKhRC=w408-h306-k-no,true,Open 24 hours,Open 24 hours,Open 24 hours,Open 24 hours,Open 24 hours,Open 24 hours,Open 24 hours,"https://www.google.com/maps/search/tree+service+businesses+in+Wrightsboro+Wilmington+NC/@34.2885025,-77.9210983,14z",2026-04-29T07:16:23.120Z,,,
"https://www.google.com/maps/place/Outdoor+Revival,+LLC/data=!4m7!3m6!1s0x89a9f67b1e2b3a3d:0x6e55254e63ac55f5!8m2!3d34.131637!4d-77.9554515!16s%2Fg%2F11c6cp7nqh!19sChIJPTorHnv2qYkR9VWsY04lVW4","Outdoor Revival, LLC",5.0,6,Landscaper,,,https://www.facebook.com/outdoorrevivalnc/,+1 910-515-3578,Closed · Opens 7 am,,https://lh3.googleusercontent.com/gps-cs-s/APNQkAF_WlhVWY8lg-H1dm_5mdhkZhS9MT60RuxL6ZPulGlHecuedlDm4GhrTtCY3EhE0ZcPAedPqw0b23tub8BG5bxuYc4jmf4_-RdM5hPq0CfXJt2U0_WR7w_ksG0aapSwCDNujrNi=w408-h306-k-no,true,7 am–7 pm,7 am–7 pm,7 am–7 pm,Closed,Closed,7 am–7 pm,7 am–7 pm,"https://www.google.com/maps/search/tree+service+businesses+in+Wrightsboro+Wilmington+NC/@34.2885025,-77.9210983,14z",2026-04-29T07:16:28.300Z,,,
https://www.google.com/maps/place/Robbins+Tree+Works+llc./data=!4m7!3m6!1s0x237d17203c18b6b7:0x3350e10751595fc!8m2!3d34.837818!4d-77.9673394!16s%2Fg%2F11sfdnllxq!19sChIJt7YYPCAXfSMR_JUVdRAONQM,Robbins Tree Works llc.,4.9,65,Tree service,,,https://robbinstreeworksllc.jobbersites.com/,+1 910-282-8871,Closed · Opens 9 am,,https://lh3.googleusercontent.com/gps-cs-s/APNQkAG7jRpUSslUohv2MZ0hp_IK0nz99Zso4VXdOf9uqZ282kJis0bb3LKMNASAmEdRNHZ1llzGwqEvwVW_trcaoq71RgBhxmcsfY_fk-5K8I_GhMtXHQ0pqUs9mGfwzi0-aau6ptfcGw=w408-h544-k-no,true,9 am–5 pm,9 am–5 pm,9 am–5 pm,Closed,Closed,9 am–5 pm,9 am–5 pm,"https://www.google.com/maps/search/tree+service+businesses+in+Surf+City+Wilmington+NC/@34.2104049,-77.8007346,14z",2026-04-29T07:17:10.912Z,,,
https://www.google.com/maps/place/Mango+Furniture+Unlimited/data=!4m7!3m6!1s0x89a9f53fca0a1e0d:0x69576fcd1ba65c8f!8m2!3d34.229909!4d-77.8277972!16s%2Fg%2F1tltn72q!19sChIJDR4Kyj_1qYkRj1ymG81vV2k,Mango Furniture Unlimited,4.4,22,Furniture store,"Military Cutoff Rd, Wilmington, NC 28405, United States","65HC+XV Wilmington, North Carolina, USA",http://www.mangofurnitureunlimited.com/,+1 910-679-4855,Closed · Opens 10 am,,https://lh3.googleusercontent.com/gps-cs-s/APNQkAHwyflPS82Flq0PsxTVsac2leSe8h5tigQww1-O3i9fX4xCCwQBkYe3jPuVZz4-85swQWrBuWK0K08B9-G3fyTZa8W8Op1mqk0uwTYH4M7f2uXAXPJVgghTWXpi-nFaBCtoZ3tV=w408-h429-k-no,true,10 am–5 pm,10 am–5 pm,10 am–5 pm,10 am–5 pm,Closed,10 am–5 pm,10 am–5 pm,"https://www.google.com/maps/search/tree+service+businesses+in+Surf+City+Wilmington+NC/@34.2104049,-77.8007346,14z",2026-04-29T07:17:25.241Z,· Delivery,,
,,,,,,,,,,,,,,,,,,,,"https://www.google.com/maps/search/tree+service+businesses+in+Bellville+Wilmington+NC/@34.2103894,-77.8868117,14z",2026-04-29T07:17:50.046Z,,,No new results found
https://www.google.com/maps/place/Home+and+Lawn+Hero/data=!4m7!3m6!1s0x685e375379c7d835:0xb1acc689116463a9!8m2!3d34.2573853!4d-78.050726!16s%2Fg%2F11vztrqdfw!19sChIJNdjHeVM3XmgRqWNkEYnGrLE,Home and Lawn Hero,4.9,45,Lawn care service,"9358 Vineyard Grove Ln NE, Leland, NC 28451, United States","7W4X+XP Leland, North Carolina, USA",https://nclawnhero.com/,+1 910-800-8889,Closed · Opens 7 am,LGBTQ+ friendly,https://lh3.googleusercontent.com/gps-cs-s/APNQkAE2Yb0BH21XKh6SEokeqAiJglwd361QR-1fEEmFAfifUZYMPAReClog_0R1ziIatSmvq776_RxY8OJtsHHSXsv6ttxyutnLlzq90NEVNO8PZ9ylXIeDmERL0HLOsJ0J9R66tUWsqm9BejZA=w408-h408-k-no,true,7 am–8 pm,7 am–8 pm,7 am–8 pm,8 am–8 pm,Closed,7 am–8 pm,7 am–8 pm,"https://www.google.com/maps/search/tree+service+businesses+in+Leland+Wilmington+NC/@34.2293803,-78.0343212,14z",2026-04-29T07:18:15.567Z,,,
https://www.google.com/maps/place/Greenfellas+Lawn+Maintenance/data=!4m7!3m6!1s0xcd5547a993c2c1:0x505f86fb1660b4cd!8m2!3d34.2334759!4d-77.9960622!16s%2Fg%2F11l1fc9lfy!19sChIJwcKTqUdVzQARzbRgFvuGX1A,Greenfellas Lawn Maintenance,5.0,29,Lawn care service,"100 Village Rd NE, Leland, NC 28451, United States","62M3+9H Leland, North Carolina, USA",,+1 910-632-0564,Closed · Opens 7 am,,https://lh3.googleusercontent.com/gps-cs-s/APNQkAEY9AKWBi4dEqyvy9CHiBqe4-Uz1dFnzeEvjvPvHevJOnQ2mWGgFwlp7t8e8D70dTP_Dtex2MBCAIBz_B4Vt60F6K1qy3WF1lHrczGf-rs-vQFBeiMPDgHW8UbmZQKlTrKPymFSpA-vcXe-=w408-h408-k-no,true,7 am–6 pm,7 am–6 pm,7 am–6 pm,7 am–6 pm,Closed,7 am–6 pm,7 am–6 pm,"https://www.google.com/maps/search/tree+service+businesses+in+Leland+Wilmington+NC/@34.2293803,-78.0343212,14z",2026-04-29T07:18:21.193Z,,,
https://www.google.com/maps/place/SALT+Landscapes/data=!4m7!3m6!1s0xa58c39a3fa305a39:0x49020bae0b2e76a1!8m2!3d34.2354052!4d-78.0100325!16s%2Fg%2F11st62r5p9!19sChIJOVow-qM5jKURoXYuC64LAkk,SALT Landscapes,5.0,17,Landscaper,"2168 Ale Ave, Leland, NC 28451, United States","6XPQ+5X Leland, North Carolina, USA",http://www.saltlandscapes.com/,+1 910-236-2350,Closed · Opens 7 am,,https://lh3.googleusercontent.com/gps-cs-s/APNQkAHyLx4F6jrUNN-BVfpsU25gDzAL2R8q1lgxNgmxp8xxjVklQ7LpTXMOgFQT4yuzubp5Bo7v0L2QNwNLyGVCcRhoyd7lkgTeWf-jVhgQQEEr1uZTl6xGkEjlr-K-u_iIgMroulsS=w408-h306-k-no,true,7 am–5 pm,7 am–5 pm,7 am–5 pm,Closed,Closed,7 am–5 pm,7 am–5 pm,"https://www.google.com/maps/search/tree+service+businesses+in+Leland+Wilmington+NC/@34.2293803,-78.0343212,14z",2026-04-29T07:18:26.513Z,,,
https://www.google.com/maps/place/Eastern+Home+and+Lawn+Services/data=!4m7!3m6!1s0x89aa43f5e7e4a3fb:0xd1c9733d06123362!8m2!3d34.2340036!4d-77.9780534!16s%2Fg%2F11vpg6grb3!19sChIJ-6Pk5_VDqokRYjMSBj1zydE,Eastern Home and Lawn Services,5.0,15,Landscaper,"Leland, NC 28451, United States","62MC+JQ Leland, North Carolina, USA",https://www.facebook.com/profile.php?id=61554824080204&mibextid=9R9pXO,+1 910-520-9137,Open 24 hours,,https://lh3.googleusercontent.com/gps-cs-s/APNQkAGc-fGU8UWktDBqwGSzNopB0wVq1fWKavIcVuzZ39klWXyeHxhCGJtawyfd8AVQpzgpawHO8YOKPH5OKdAtZHt9gApSdDJX1lxfSJ1bMHj05xDR5pd-Xv7KhhaTBtr77t_dkHZjqw=w408-h421-k-no,true,Open 24 hours,Open 24 hours,Open 24 hours,Open 24 hours,Open 24 hours,Open 24 hours,Open 24 hours,"https://www.google.com/maps/search/tree+service+businesses+in+Leland+Wilmington+NC/@34.2293803,-78.0343212,14z",2026-04-29T07:18:31.992Z,,,
https://www.google.com/maps/place/Bloomin%27+Crazy+Nursery+and+More/data=!4m7!3m6!1s0x89aa19361187102f:0x7fa4bc7d1829ac0!8m2!3d34.2159948!4d-78.0245666!16s%2Fg%2F11f7n6gb34!19sChIJLxCHETYZqokRwJqC0cdL-gc,Bloomin' Crazy Nursery and More,4.2,84,Garden center,"47 Waterford Business Center Way, Leland, NC 28451, United States","6X8G+95 Leland, North Carolina, USA",http://www.bloomincrazynursery.com/,+1 910-408-9754,"Closed · Opens 9 am

Updated by others 1 week ago",,https://lh3.googleusercontent.com/gps-cs-s/APNQkAFkqEyiE__MFULC4JcDCDL3sTuSJFWFZDJYeCIG1G6TF6VHJeSj7QB5BCy2KXIgO4vBLAexX5aO-2wj_IIWNLpTQdQx-Cirf8l_-ANIildydpJzQb29pkvbYctVjiXknBZ1T3aYBNGVgvU=w408-h272-k-no,true,9 am–6 pm,9 am–6 pm,9 am–6 pm,9 am–4 pm,10 am–2 pm,9 am–6 pm,9 am–6 pm,"https://www.google.com/maps/search/tree+service+businesses+in+Leland+Wilmington+NC/@34.2293803,-78.0343212,14z",2026-04-29T07:18:37.261Z,· In-store pick-up · Delivery,,
https://www.google.com/maps/place/Roof+Methods/data=!4m7!3m6!1s0x89a9f598535771e7:0xaf45eb5a2037ca48!8m2!3d34.23528!4d-77.99482!16s%2Fg%2F11rz4n026z!19sChIJ53FXU5j1qYkRSMo3IFrrRa8,Roof Methods,5.0,528,Roofing contractor,"112 Village Rd NE I, Leland, NC 28451, United States","62P4+43 Leland, North Carolina, USA",https://roofmethods.com/,+1 910-399-6123,Open 24 hours,LGBTQ+ friendly,https://lh3.googleusercontent.com/gps-cs-s/APNQkAG7h4J2qsveW04VPX1cPVdeqCzAVH0pCL0968psivY6WhtFXnAVg4yNJ8FBBEX2TeqYnhOC2yTveq67WUFft5yA8o9b0R7ZgT5EVnjVH8oSJ5wwODj7XGK_DiRbyGUgj6koc173T9-MP82b=w426-h240-k-no,true,Open 24 hours,Open 24 hours,Open 24 hours,Open 24 hours,Open 24 hours,Open 24 hours,Open 24 hours,"https://www.google.com/maps/search/tree+service+businesses+in+Leland+Wilmington+NC/@34.2293803,-78.0343212,14z",2026-04-29T07:18:42.653Z,,,
https://www.google.com/maps/place/Shelton+Herb+Farm/data=!4m7!3m6!1s0x89aa198d82a54b59:0x5c85b60bb5c2f2d4!8m2!3d34.2007708!4d-78.0810027!16s%2Fg%2F1tf6bxpw!19sChIJWUulgo0ZqokR1PLCtQu2hVw,Shelton Herb Farm,4.9,170,Garden center,"340 Goodman Rd NE, Leland, NC 28451, United States","6W29+8H Leland, North Carolina, USA",http://www.sheltonherbfarm.com/,+1 910-253-5964,Closed · Opens 9 am,LGBTQ+ friendly,https://lh3.googleusercontent.com/gps-cs-s/APNQkAEcAHfpoyYDFUPw4ZfQiIom3d_YA1jd4uZ5l4Mnly4q4VUnZoxFoX8ntVwjxYvaNk2r8hug3WlRSTYER-I_zEJTtnKeG5MrAQ6AG1-VWcXW8LA2rWNmtek7or-Q7LxFy7xdVcg8=w408-h544-k-no,true,9 am–4 pm,9 am–4 pm,9 am–4 pm,9 am–4 pm,Closed,9 am–4 pm,9 am–4 pm,"https://www.google.com/maps/search/tree+service+businesses+in+Leland+Wilmington+NC/@34.2293803,-78.0343212,14z",2026-04-29T07:18:48.367Z,,,
https://www.google.com/maps/place/Clarida%27s+Cleaning+%26+Hauling+Service+Company/data=!4m7!3m6!1s0x6a8c20d31617987f:0x796443bbdc973e45!8m2!3d34.1025345!4d-77.971815!16s%2Fg%2F11sz9j_bys!19sChIJf5gXFtMgjGoRRT6X3LtDZHk,Clarida's Cleaning & Hauling Service Company,4.5,2,Lawn care service,,,http://claridascleaningandhaulingservices.com/,+1 910-747-7034,Closed · Opens 6 am,,https://lh3.googleusercontent.com/gps-cs-s/APNQkAGKLzTKKrrrlJ6I7_cyQuFOSzwUcSZVPCxWkbKWLMsWnTvlcJKNbjDcIftkpp9Wyo1qYzsI4HLo-G-RPtNRj68KLyT3NHk7ajXm17clLTR10KhoZ6QnlQa9vML8d9JrXsDxxW23=w408-h305-k-no,true,6 am–6 pm,6 am–6 pm,6 am–6 pm,6 am–2 pm,Closed,6 am–6 pm,6 am–6 pm,"https://www.google.com/maps/search/tree+service+businesses+in+Leland+Wilmington+NC/@34.2293803,-78.0343212,14z",2026-04-29T07:18:53.510Z,,,
https://www.google.com/maps/place/T%26H+Tree+Service/data=!4m7!3m6!1s0x89aa1a749f695555:0x162649cf527d978!8m2!3d34.1703381!4d-78.1053697!16s%2Fg%2F11p0vxkmrj!19sChIJVVVpn3QaqokReNkn9ZxkYgE,T&H Tree Service,,,Tree service,"5513 Palmers Branch Dr NE, Belville, NC 28451, United States","5VCV+4V Belville, North Carolina, USA",,+1 910-970-0605,,,https://streetviewpixels-pa.googleapis.com/v1/thumbnail?panoid=QA71IEpUAYnQ3Zd8cEtKGw&cb_client=search.gws-prod.gps&w=408&h=240&yaw=281.11807&pitch=0&thumbfov=100,false,,,,,,,,"https://www.google.com/maps/search/tree+service+businesses+in+Leland+Wilmington+NC/@34.2293803,-78.0343212,14z",2026-04-29T07:18:56.837Z,,,
"https://www.google.com/maps/place/Pamper+Me+With+Love+Nail+%26+Foot+Care,LLC/data=!4m7!3m6!1s0x89a9f53861f09ccd:0x421333c7c2b3f50c!8m2!3d34.2373903!4d-78.0025472!16s%2Fg%2F11qg02_n3l!19sChIJzZzwYTj1qYkRDPWzwsczE0I","Pamper Me With Love Nail & Foot Care,LLC",5.0,35,Foot massage parlor,"324 Village Rd NE, Leland, NC 28451, United States","6XPW+XX Leland, North Carolina, USA",http://pampermewithlove.com/,+1 910-447-9202,Closed · Opens 9:30 am Thu,Identifies as women-owned,https://lh3.googleusercontent.com/gps-cs-s/APNQkAFat0JD5RrMrjVDDP3gDp2w8lIqED9UMNNu4mD3Uj_RxnrhlG9znmLxPFajxTIundkKBHkYfa1a0Hz-qU-TGqwEF7iYBF-izcNUowhwpBTb2wtZAtmo-MKCL4dLlpclAfy64h9KdDnWW_I=w408-h541-k-no,true,Closed,9:30 am–5:30 pm,9:30 am–5:30 pm,9 am–3:30 pm,Closed,Closed,Closed,"https://www.google.com/maps/search/tree+service+businesses+in+Leland+Wilmington+NC/@34.2293803,-78.0343212,14z",2026-04-29T07:19:01.855Z,,,
https://www.google.com/maps/place/Junkluggers+%26+Luggers+Moving+of+Wilmington/data=!4m7!3m6!1s0x89aa0985477a643b:0x7441bb7c64594aa9!8m2!3d34.2709761!4d-78.0589311!16s%2Fg%2F11hfc8nfjp!19sChIJO2R6R4UJqokRqUpZZHy7QXQ,Junkluggers & Luggers Moving of Wilmington,5.0,848,Moving service,"9201 Industrial Blvd NE, Leland, NC 28451, United States","7WCR+9C Leland, North Carolina, USA",https://luggersmovingnc.com/junk-removal/,+1 910-518-6281,Closed · Opens 7:30 am,,https://lh3.googleusercontent.com/gps-cs-s/APNQkAHAxbTSRiBbr8xbGcTOYnoyiNX3m9PlIh_an5WYhy7m_cu2xv1efVRvN7kc3xxB7CVnLh099BvZfOiuaC0WL2KcmjdWwvVhpKFfqXISy3kfJfQ6n-XrlCFud9YlAcfmGnt-Lf_DmyXmPn31=w426-h240-k-no,true,7:30 am–11 pm,7:30 am–11 pm,7:30 am–11 pm,7:30 am–8 pm,9 am–8 pm,7:30 am–11 pm,7:30 am–11 pm,"https://www.google.com/maps/search/tree+service+businesses+in+Leland+Wilmington+NC/@34.2293803,-78.0343212,14z",2026-04-29T07:19:07.367Z,,,
https://www.google.com/maps/place/United+Landscape+Co./data=!4m7!3m6!1s0x89aa18c9920d9b73:0x3c3a8727ef3afea5!8m2!3d34.2724305!4d-78.0637221!16s%2Fg%2F11clv8cttf!19sChIJc5sNkskYqokRpf467yeHOjw,United Landscape Co.,4.5,15,Landscaper,"9075 Industrial Blvd NE Unit C, Leland, NC 28451, United States","7WCP+XG Leland, North Carolina, USA",http://www.unitedlandscapecompany.com/,+1 910-995-4260,"Closed · Opens 8 am

Updated by this business 10 weeks ago",,https://lh3.googleusercontent.com/gps-cs-s/APNQkAGvy2PQFPM8dpl2Yl4TgTEYlHUz4dT5Dijlnf2dyHSesv3eGsyngCo1PvVD7yZJjEc7FNPLK9Q09QhTmU232fX4YSp8RhpRTbnQdN_kjV9kb_hoOWRUm8Z5ruiuJA0OvwWetbNf9zb9SMzu=w408-h510-k-no,true,8 am–5 pm,8 am–5 pm,8 am–5 pm,8 am–12 pm,Closed,8 am–5 pm,8 am–5 pm,"https://www.google.com/maps/search/tree+service+businesses+in+Leland+Wilmington+NC/@34.2293803,-78.0343212,14z",2026-04-29T07:19:12.648Z,,,
https://www.google.com/maps/place/Mattis+Landscaping/data=!4m7!3m6!1s0x89aa19a7cc6b5d35:0x8a1c218dc7398ec0!8m2!3d34.2694799!4d-78.0537367!16s%2Fg%2F11rpdc303q!19sChIJNV1rzKcZqokRwI45x40hHIo,Mattis Landscaping,5.0,9,Landscaper,"9300 Industrial Blvd NE, Leland, NC 28451, United States","7W9W+QG Leland, North Carolina, USA",http://www.mattislandscaping.com/,+1 910-399-7177,Closed · Opens 7 am,,https://lh3.googleusercontent.com/gps-cs-s/APNQkAFRvkXW8WkUVnMDRh8qPHYCwaqIpiGGEIPTP5z2X5HZGlmcGYyi7MSFVmg9F1fl9Bx2ZkNICzijy-o5v851UTjbe6lgm7cINX4hl3QAvnpEZXrnC4VIUFeFu8JIl-lNfHf2Ofe_=w408-h306-k-no,true,7 am–4 am,7 am–4 pm,7 am–12 pm,Closed,Closed,7 am–4 pm,7 am–4 pm,"https://www.google.com/maps/search/tree+service+businesses+in+Leland+Wilmington+NC/@34.2293803,-78.0343212,14z",2026-04-29T07:19:18.229Z,,,
https://www.google.com/maps/place/R%26K+Greenscapes+LLC/data=!4m7!3m6!1s0x2f93e0c293e67111:0x5f753b975025d5f6!8m2!3d34.2057!4d-78.027422!16s%2Fg%2F11yvv6sqys!19sChIJEXHmk8Lgky8R9tUlUJc7dV8,R&K Greenscapes LLC,5.0,8,Landscaper,,,,+1 910-880-8655,Open 24 hours,Identifies as Latino-owned,https://lh3.googleusercontent.com/gps-cs-s/APNQkAHPZovFioidFmOYMzStxi1wITCzYOciGxPaa4Cp7Ld7iI0T5T0efpYqGAwOppVIIDBb1Nkf0d2NhqCd9DXwG6aClx4ezsbNLKBsF10QXJ9qp1sa2YWrQxKaySzcu3ph2B1CnmXupsiPlLn8=w408-h306-k-no,true,Open 24 hours,Open 24 hours,Open 24 hours,Closed,Open 24 hours,Open 24 hours,Open 24 hours,"https://www.google.com/maps/search/tree+service+businesses+in+Leland+Wilmington+NC/@34.2293803,-78.0343212,14z",2026-04-29T07:19:23.847Z,,,
https://www.google.com/maps/place/Concrete+Solutions+of+Wilmington+LLC/data=!4m7!3m6!1s0x89aa1908ff82b597:0xc4f2ff37f78eeee0!8m2!3d34.2411203!4d-78.0305751!16s%2Fg%2F11mvnlfm3g!19sChIJl7WC_wgZqokR4O6O9zf_8sQ,Concrete Solutions of Wilmington LLC,4.9,134,Concrete contractor,"105 Westover Dr, Leland, NC 28451, United States","6XR9+CQ Leland, North Carolina, USA",http://concretesolutionsofwilmington.com/,+1 910-685-6329,Closed · Opens 8 am,,https://lh3.googleusercontent.com/gps-cs-s/APNQkAHHW4jAC-njYet2arWMT6JDYFzHuoQBvOV2f4BTOveYINjIPCTcE_-6wPmQcH0xITpX176JIhj6Z9WffDJfkIWKNuMqdILtjzYLny_tKcR1jmNnmDxeux94SXo6MbFNQvDth5o64rcvkaw=w408-h306-k-no,true,8 am–5 pm,8 am–5 pm,8 am–5 pm,Closed,Closed,8 am–5 pm,8 am–5 pm,"https://www.google.com/maps/search/tree+service+businesses+in+Leland+Wilmington+NC/@34.2293803,-78.0343212,14z",2026-04-29T07:19:28.936Z,,,
https://www.google.com/maps/place/LP+Landscape+%26+Pressure+Washing/data=!4m7!3m6!1s0xd487a71ff30d04d:0x77c69f086b8fffe8!8m2!3d34.2165925!4d-78.040383!16s%2Fg%2F11mlznpkd9!19sChIJTdAw_3F6SA0R6P-Pawifxnc,LP Landscape & Pressure Washing,5.0,11,Landscaper,,,https://lplandscapeandpressurewashingllc.com/?utm_source=omg-gbp&utm_medium=webclick,+1 910-742-5567,Closed · Opens 8 am,,https://lh3.googleusercontent.com/gps-cs-s/APNQkAGq0l9CDpO5UY-4f0_rqhklwvpky4g70txyZcwc05aUqxTYnZPWaNwHiMMpQ-CO_iRqbFS4G7f7lFLGyts_uqtuXggb-Pm77AsK-zZBZXsgb_aLrN6j9SdIIvyS5Sy9__8npFvD7JHSYSnL=w408-h306-k-no,true,8 am–6 pm,8 am–6 pm,8 am–6 pm,8 am–6 pm,Closed,8 am–6 pm,8 am–6 pm,"https://www.google.com/maps/search/tree+service+businesses+in+Leland+Wilmington+NC/@34.2293803,-78.0343212,14z",2026-04-29T07:19:33.941Z,,,
https://www.google.com/maps/place/Skip%27s+Tire+Center/data=!4m7!3m6!1s0x89aa18cb4f8446a9:0x97c5ac2ba91bd45d!8m2!3d34.2468745!4d-78.0203756!16s%2Fg%2F1tfmp7n2!19sChIJqUaET8sYqokRXdQbqSusxZc,Skip's Tire Center,4.5,441,Tire shop,"846 Village Rd NE, Leland, NC 28451, United States","6XWH+PR Leland, North Carolina, USA",https://www.skipstirecenter.com/,+1 910-371-2933,"Closed · Opens 8 am

Confirmed by this business 2 weeks ago",,https://lh3.googleusercontent.com/gps-cs-s/APNQkAFfg7pBwEBoXV6ypA7THR6Yk9wETz8ZcVsPqpLnpoITi0p8D86e-YCNi0Bq6TkAGpnmxrnMxzRbsBtKTwtlHgB0Emh5sR8k-5DcJXJfsOypufDII7E93DcEYeeJX74FWYF8LEE=w408-h544-k-no,true,8 am–5 pm,8 am–5 pm,8 am–5 pm,Closed,Closed,8 am–5 pm,8 am–5 pm,"https://www.google.com/maps/search/tree+service+businesses+in+Leland+Wilmington+NC/@34.2293803,-78.0343212,14z",2026-04-29T07:19:39.199Z,· In-store pick-up,,
https://www.google.com/maps/place/Leland+Pool+Cleaning+LLC/data=!4m7!3m6!1s0x6cb338cd3506fd03:0x83ff677e85649d57!8m2!3d34.2349076!4d-78.0111623!16s%2Fg%2F11s326ppdq!19sChIJA_0GNc04s2wRV51khX5n_4M,Leland Pool Cleaning LLC,4.9,107,Pool cleaning service,"2168 Ale Ave Unit 130, Leland, NC 28451, United States","6XMQ+XG Leland, North Carolina, USA",http://www.lelandpoolcleaning.com/,+1 910-777-9810,Closed · Opens 9 am,,https://lh3.googleusercontent.com/gps-cs-s/APNQkAEMTCkB7OTyhU3tl3Hwl7AV879ClTgiLDlyWStZUZLvmEy0jdk4yks4v_bPWqCx8oZOvhJjpbUDyCRnlCYlX0V1W6yCLW1LO71eAv8mFk7E771japuBZ9wIGWkwijRphiUIt1Cd4FWCZJY=w408-h274-k-no,true,9 am–5 pm,9 am–5 pm,9 am–5 pm,Closed,Closed,9 am–5 pm,9 am–5 pm,"https://www.google.com/maps/search/tree+service+businesses+in+Leland+Wilmington+NC/@34.2293803,-78.0343212,14z",2026-04-29T07:19:44.574Z,,,
https://www.google.com/maps/place/Leland+Ace+Hardware/data=!4m7!3m6!1s0x89aa1f23b647cd87:0xfce9c0a70c2bf5b4!8m2!3d34.2328146!4d-77.9991128!16s%2Fg%2F1tfwl6qd!19sChIJh81HtiMfqokRtPUrDKfA6fw,Leland Ace Hardware,4.6,542,Hardware store,"117 B, Village Rd NE, Leland, NC 28451, United States","62M2+49 Leland, North Carolina, USA",http://www.lelandacehardware.com/?utm_source=google&utm_medium=local&utm_campaign=localmaps&utm_content=15279,+1 910-408-1200,Closed · Opens 7:30 am,,https://lh3.googleusercontent.com/gps-cs-s/APNQkAGATdaknf-vWpxkp1mBzecikA5AprDe6QGGxC27f6svBfesPRsCvOc-SFRUP8WLNd0bN9epwhCud4hm4j4-zjkDWiKSpUwDfqXmpa3Mx_SNt_VQDbSDbNAwHOZvmOGEmjpgx3zJKA=w408-h408-k-no,true,7:30 am–6 pm,7:30 am–6 pm,7:30 am–6 pm,8 am–4 pm,10 am–3 pm,7:30 am–6 pm,7:30 am–6 pm,"https://www.google.com/maps/search/tree+service+businesses+in+Leland+Wilmington+NC/@34.2293803,-78.0343212,14z",2026-04-29T07:19:49.897Z,"Hardware store stocking household tools, garden supplies, home decor & more. · In-store shopping · In-store pick-up",,
https://www.google.com/maps/place/Forest+Outdoor+Living+LLC+Hardscaping+%26+Landscaping/data=!4m7!3m6!1s0xad4e310a0ac12d8f:0x5e23cf17134363e!8m2!3d34.2100537!4d-77.9447783!16s%2Fg%2F11xvmpnwpw!19sChIJjy3BCgoxTq0RPjY0cfE84gU,Forest Outdoor Living LLC Hardscaping & Landscaping,4.9,40,Landscape designer,"1809 Carolina Beach Rd, Wilmington, NC 28401, United States","6364+23 Wilmington, North Carolina, USA",https://forestoutdoorliving.com/,+1 472-213-7942,"Closed · Opens 8 am

Updated by this business 10 weeks ago",LGBTQ+ friendly,https://lh3.googleusercontent.com/gps-cs-s/APNQkAEyTm2jbIq-68yD-FbS3LAaFfUsf-rqRWVEf4dk40NZ_EgWmmtr6aBi1FhiY036bz8YOGDC_9la6LQoAWvBTHGZhGpv4l7P0lFIpQiKaRbkYVs-GENTUjBoN9Wy2500D90feH-pNNZaqXRH=w426-h240-k-no,true,8 am–5 pm,8 am–5 pm,8 am–5 pm,Closed,Closed,8 am–5 pm,8 am–5 pm,"https://www.google.com/maps/search/tree+service+businesses+in+Leland+Wilmington+NC/@34.2293803,-78.0343212,14z",2026-04-29T07:19:54.878Z,,,
https://www.google.com/maps/place/Tractor+Supply+Co./data=!4m7!3m6!1s0x89aa191bceec5fc3:0xa3248f075151502a!8m2!3d34.1974909!4d-78.0647713!16s%2Fg%2F11nylhtx39!19sChIJw1_szhsZqokRKlBRUQePJKM,Tractor Supply Co.,4.5,333,Animal feed store,"1123 Clapboard Ln, Leland, NC 28451, United States","5WWP+X3 Leland, North Carolina, USA",https://www.tractorsupply.com/tsc/store_Leland-NC-28451_2542,+1 910-253-5671,"Closed · Opens 8 am

Updated by this business 2 weeks ago",,https://lh3.googleusercontent.com/gps-cs-s/APNQkAHX1s5G2PADOBfF54riSkANxxi6zxKq_99ChDLYfDVhacHS2zFhsDRfMn-FbyM6vW_ySJ5_9MnpTcKHQnO-H-mDQcp5TGhsiIi2W39R6HMFp8_oq-HSkIPdvjCJIA-APgtdf3LW8A=w408-h544-k-no,true,8 am–9 pm,8 am–9 pm,8 am–9 pm,8 am–9 pm,9 am–7 pm,8 am–9 pm,8 am–9 pm,"https://www.google.com/maps/search/tree+service+businesses+in+Leland+Wilmington+NC/@34.2293803,-78.0343212,14z",2026-04-29T07:20:00.098Z,"Chain with a wide variety of agricultural & livestock supplies, plus tools, workwear & boots. · In-store shopping · Kerbside pickup · Delivery",,
"https://www.google.com/maps/place/Cape+Fear+Engineering,+Inc./data=!4m7!3m6!1s0x89aa19328aeec531:0xb99763a88ddeb408!8m2!3d34.2173179!4d-78.0222868!16s%2Fg%2F1tdgl3kc!19sChIJMcXuijIZqokRCLTejahjl7k","Cape Fear Engineering, Inc.",4.1,13,Civil engineer,"151 Poole Rd # 100, Belville, NC 28451, United States","6X8H+W3 Belville, North Carolina, USA",http://capefearengineering.com/,+1 910-383-1044,Closed · Opens 8 am,,https://lh3.googleusercontent.com/gps-cs-s/APNQkAF2H6rLwKXC7WpzdbB_mIyxNt6f1U7-RZkEgk-wUMez403jm9heGaDss1JBUMPOXtK_DAP4MPSwKiUJ50QRXCqxD00YYMCYgXEoi2QbWghdYjFQon23QbjOjVvw8F1GRzBFAqqyQw=w408-h306-k-no,true,8 am–5 pm,8 am–5 pm,8 am–5 pm,Closed,Closed,8 am–5 pm,8 am–5 pm,"https://www.google.com/maps/search/tree+service+businesses+in+Leland+Wilmington+NC/@34.2293803,-78.0343212,14z",2026-04-29T07:20:05.200Z,,,
https://www.google.com/maps/place/Phillips+Nursery/data=!4m7!3m6!1s0x89aa10bc7b2ef835:0xc2fcce2e369ee497!8m2!3d34.1816729!4d-78.1231845!16s%2Fg%2F1tf2t2c3!19sChIJNfgue7wQqokRl-SeNi7O_MI,Phillips Nursery,4.3,52,Plant nursery,"1082 Town Creek Rd NE, Leland, NC 28451, United States","5VJG+MP Leland, North Carolina, USA",https://www.growphillips.com/contact.html,+1 910-253-6692,Closed · Opens 8 am,,https://lh3.googleusercontent.com/gps-cs-s/APNQkAHaUqA54DCwCduzdZrvgjx49VwQvaeBuv-YCZ86vf9Y9rvCTH9cRclfX4h57wOMwVMeKzAfZaY7_tttqrK22l4hHU-XOB30v24zyYDN46AafpTQTv66_TsYzgao0KdBmwsXw0syV1Lfalsg=w408-h306-k-no,true,8 am–5 pm,8 am–5 pm,8 am–5 pm,8 am–12 pm,Closed,8 am–5 pm,8 am–5 pm,"https://www.google.com/maps/search/tree+service+businesses+in+Leland+Wilmington+NC/@34.2293803,-78.0343212,14z",2026-04-29T07:20:10.188Z,,,
https://www.google.com/maps/place/Adam%27s+Property+Care/data=!4m7!3m6!1s0x89aa232d465feb1b:0x995af2baf5a2bcb2!8m2!3d34.3036573!4d-78.0748431!16s%2Fg%2F11rbm0vm12!19sChIJG-tfRi0jqokRsryi9bryWpk,Adam's Property Care,5.0,21,Landscaper,"3154 Mount Misery Rd NE, Leland, NC 28451, United States","8W3G+F3 Leland, North Carolina, USA",https://adamspropertycare.com/,+1 910-523-5762,Closed · Opens 8 am,,https://lh3.googleusercontent.com/gps-cs-s/APNQkAHzzBGZCnJgFDd2gumFisTaY62CJnRpewnzBnUqXrvZ4uo_FTrC_QV2Pk0pHmww4t5X5LDpGXCXx4vVsc470ryCvX7Hjaf0UDfDdAl0c3nCMe7HbPwBt80g2c0mdYcoAlvT8eyUTgfu5iI=w408-h306-k-no,true,8 am–5 pm,8 am–5 pm,8 am–5 pm,9 am–5 pm,9 am–5 pm,8 am–5 pm,8 am–5 pm,"https://www.google.com/maps/search/tree+service+businesses+in+Leland+Wilmington+NC/@34.2293803,-78.0343212,14z",2026-04-29T07:20:15.136Z,,,
https://www.google.com/maps/place/RA+Landscaping+Maintenance+Service/data=!4m7!3m6!1s0x8267900672f8b1f5:0x111251189a743f41!8m2!3d34.6961084!4d-79.370174!16s%2Fg%2F11kq4004rd!19sChIJ9bH4cgaQZ4IRQT90mhhREhE,RA Landscaping Maintenance Service,5.0,5,Landscaper,,,http://ralandscapingmaintenance.com/,+1 910-218-2883,Open 24 hours,,https://lh3.googleusercontent.com/gps-cs-s/APNQkAFdtWMXY9ecdsWnmj6kt8mZ-zf8A0Hnv7DhbI8axRSV2qAKxEoff1poPPNNQFEfJS7TskNTyBgl3We8XV2Yyu4DlsXNpNjZ4627Di6IxdsXaoxx-U1DrnXfZqhOTQYnVsooOEbE=w408-h543-k-no,true,Open 24 hours,Open 24 hours,Open 24 hours,Open 24 hours,Open 24 hours,Open 24 hours,Open 24 hours,"https://www.google.com/maps/search/tree+service+businesses+in+Leland+Wilmington+NC/@34.2293803,-78.0343212,14z",2026-04-29T07:20:19.896Z,,,
https://www.google.com/maps/place/Lawn+Master/data=!4m7!3m6!1s0x89aa1bcd18bcf97f:0x281113da60f3437a!8m2!3d34.1824732!4d-78.0728813!16s%2Fg%2F11y16qf3t7!19sChIJf_m8GM0bqokRekPzYNoTESg,Lawn Master,,,Landscaper,"7415 Hazelstone Ln, Leland, NC 28451, United States","5WJG+XR Leland, North Carolina, USA",,+1 910-547-8668,Closed · Opens 6:30 am,,https://lh3.googleusercontent.com/gps-cs-s/APNQkAFJM7fBOiBBwic3oFp7WIH3APgWRWU9rEKklUD27p0L3V-DWiPJQheRK8zwIrp2x24iv_jXzurqBAcO8frlHjpLoYeSVX3D0sZB_I5z3lrpMNTd9Y3hV1gJ9D0YGnOlxHssADwDG7AvJB52=w408-h402-k-no,true,6:30 am–8 pm,6:30 am–8 pm,6 am–8:30 pm,Closed,Closed,6 am–8 pm,6 am–8 pm,"https://www.google.com/maps/search/tree+service+businesses+in+Leland+Wilmington+NC/@34.2293803,-78.0343212,14z",2026-04-29T07:20:24.638Z,,,
https://www.google.com/maps/place/Salty+Dog+Lawn+Care+%26+Landscaping/data=!4m7!3m6!1s0x49d0f0649885db63:0x590ff4184f4fa1b9!8m2!3d34.2599459!4d-77.8975685!16s%2Fg%2F11vww0_n2b!19sChIJY9uFmGTw0EkRuaFPTxj0D1k,Salty Dog Lawn Care & Landscaping,5.0,37,Lawn care service,,,https://www.saltydoglawncare.com/,+1 919-637-1803,Closed · Opens 9 am,LGBTQ+ friendly,https://lh3.googleusercontent.com/gps-cs-s/APNQkAFQ_rfFwab6wUln8xUMw8z3uLnajZW4wSiAN44RXxg4NZhszbntbvAO9yLE9JvbKGrSO2XHbZlyeTMn0nGw9yidLV46S85he9EbSLvcL-BaGCXhyDCaIn5UarSUAddQzzAnCwrWRYq2RVsh=w408-h306-k-no,true,9 am–5 pm,9 am–5 pm,9 am–5 pm,Closed,Closed,9 am–5 pm,9 am–5 pm,"https://www.google.com/maps/search/tree+service+businesses+in+Leland+Wilmington+NC/@34.2293803,-78.0343212,14z",2026-04-29T07:20:29.817Z,,,
https://www.google.com/maps/place/Trusst+Builder+Group/data=!4m7!3m6!1s0x89aa193771ab04d5:0x32bb31001f9db46f!8m2!3d34.2159546!4d-78.0214219!16s%2Fg%2F1hhh12swb!19sChIJ1QSrcTcZqokRb7SdHwAxuzI,Trusst Builder Group,4.3,45,Home builder,"481 Olde Waterford Way STE 100, Belville, NC 28451, United States","6X8H+9C Belville, North Carolina, USA",https://trusstbuildergroup.com/,+1 910-371-0304,Closed · Opens 9 am,,https://lh3.googleusercontent.com/gps-cs-s/APNQkAH5exOKxC5LKgtklmncB6SvAScbYJ1et7xwvGpiRHY63b-F5l7cHhJcND50Vv76plmZtviW6RcZzUM9SqVWPNE7oHevQji8d57fgpunPHDcVScirNKdNk23eMUlIG2uGV85ynoIwm6ZfEF3=w408-h265-k-no,true,9 am–5 pm,9 am–5 pm,9 am–5 pm,Closed,Closed,9 am–5 pm,9 am–5 pm,"https://www.google.com/maps/search/tree+service+businesses+in+Leland+Wilmington+NC/@34.2293803,-78.0343212,14z",2026-04-29T07:20:36.700Z,,,
https://www.google.com/maps/place/Brunswick+Point+Apartments/data=!4m7!3m6!1s0x89aa193584540863:0x601f7cbfcedc1075!8m2!3d34.2080086!4d-78.0229055!16s%2Fg%2F11bbx09kmv!19sChIJYwhUhDUZqokRdRDczr98H2A,Brunswick Point Apartments,4.2,206,Apartment complex,"1001 Hunterstone Dr, Leland, NC 28451, United States","6X5G+6R Leland, North Carolina, USA",https://www.irtliving.com/Apartments-In/Leland-NC/Brunswick-Point?switch_cls[id]=101824&utm_source=google&utm_medium=organic&utm_campaign=brunswickpoint&utm_content=gmb-listing,+1 910-412-7642,"Closed · Opens 9 am

Updated by this business 7 weeks ago",,https://lh3.googleusercontent.com/gps-cs-s/APNQkAFOiUIflwOMGQV01AiYuhJhrBAuqBJQRpatU9oweIJFpfdQxYXdnLYBhMRyf1EH_OPoMFp1gXQLQ-KV-tiVlXIrtstzzJ7RLfNlYJTpREE_goZprMPUzHadvcWteylu9rxQNY7SXzvX0uS1=w408-h272-k-no,true,9 am–6 pm,10 am–6 pm,9 am–6 pm,10 am–5 pm,1–5 pm,9 am–6 pm,10 am–6 pm,"https://www.google.com/maps/search/tree+service+businesses+in+Leland+Wilmington+NC/@34.2293803,-78.0343212,14z",2026-04-29T07:20:41.884Z,· Dogs allowed,,
https://www.google.com/maps/place/Glisson+Landscape+%26+Design/data=!4m7!3m6!1s0x84ebbf19c6ad981:0x30ab17afcb8bae63!8m2!3d34.2212334!4d-78.0806855!16s%2Fg%2F11xsh4765q!19sChIJgdlqnPG7TggRY66Ly68XqzA,Glisson Landscape & Design,5.0,6,Landscape designer,,,https://glissonlandscapedesign.org/,+1 910-604-4969,Open 24 hours,,https://lh3.googleusercontent.com/gps-cs-s/APNQkAFwO4EIJMarmAOqBP4CpfZYY3znnm-aJsRVn0VGkqtYM_3m0m3CmyAIuY5cKKxIQL5v7wqkYhCtTAAEAD2CkiKxzYxS72CJImEET1RUv1RxZaETWomLtX_x6ZWs8f9MTZPx1DRPRZJ3nUQM=w408-h306-k-no,true,Open 24 hours,Open 24 hours,Open 24 hours,Open 24 hours,Open 24 hours,Open 24 hours,Open 24 hours,"https://www.google.com/maps/search/tree+service+businesses+in+Leland+Wilmington+NC/@34.2293803,-78.0343212,14z",2026-04-29T07:20:46.954Z,,,
https://www.google.com/maps/place/Cape+Fear+Outdoor+Equipment/data=!4m7!3m6!1s0x89aa1e39dac10d8f:0xd9c4135861369d76!8m2!3d34.2090854!4d-77.9476355!16s%2Fg%2F1tt1tk5y!19sChIJjw3B2jkeqokRdp02YVgTxNk,Cape Fear Outdoor Equipment,4.4,100,Small engine repair service,"1810 Burnett Blvd, Wilmington, NC 28401, United States","6352+JW Wilmington, North Carolina, USA",https://capefearoutdoorequip.com/,+1 910-763-6106,Closed · Opens 7:30 am,,https://lh3.googleusercontent.com/gps-cs-s/APNQkAEI81LiYPhCJSySHKEAeFfNZPiHSOW-LLy2dgpWeqfiGtVtPHYOS4CRobtXzazEYjI_sXt8scAXNC_KuXj3EwHOdBH9n_KE3vpbOxbLfDQNLL6r6B4wuzG9OPZOJqQUh3aGKMeHRQ=w429-h240-k-no,true,7:30 am–5 pm,7:30 am–5 pm,7:30 am–5 pm,Closed,Closed,7:30 am–5 pm,7:30 am–5 pm,"https://www.google.com/maps/search/tree+service+businesses+in+Leland+Wilmington+NC/@34.2293803,-78.0343212,14z",2026-04-29T07:20:52.727Z,,,
https://www.google.com/maps/place/Thorpe+Landscapes/data=!4m7!3m6!1s0x89a9f54c20184821:0x534c35d363a421!8m2!3d34.2063016!4d-77.9423984!16s%2Fg%2F11fjmqr567!19sChIJIUgYIEz1qYkRIaRj0zVMUwA,Thorpe Landscapes,4.7,151,Landscaper,"2003 Carolina Beach Rd, Wilmington, NC 28401, United States","6345+G2 Wilmington, North Carolina, USA",http://www.thorpelandscapes.com/,+1 910-632-0221,Closed · Opens 7 am,,https://lh3.googleusercontent.com/gps-cs-s/APNQkAFKayxCyieGojoVfjMj4jVSoOtR4fujgXxy153F9dEe0JR0DB-5UohXJFufih4VRSLpma14zcTmn4TpgK0gMjAJeNHgIGkTwuCHt07pghuq40AjaHPbvtRl0JVDsB2Menz1gh0X=w408-h272-k-no,true,7 am–7 pm,7 am–7 pm,7 am–7 pm,Closed,Closed,7 am–7 pm,7 am–7 pm,"https://www.google.com/maps/search/tree+service+businesses+in+Leland+Wilmington+NC/@34.2293803,-78.0343212,14z",2026-04-29T07:20:58.328Z,,,
https://www.google.com/maps/place/Gio+Fund+Thrift+Shop/data=!4m7!3m6!1s0x89aa1f8c9db457f1:0x4192f19a6958226a!8m2!3d34.23294!4d-77.99795!16s%2Fg%2F11h5wp00tf!19sChIJ8Ve0nYwfqokRaiJYaZrxkkE,Gio Fund Thrift Shop,4.1,43,Thrift store,"117 Village Rd NE STE G NE, Leland, NC 28451, United States","62M2+5R Leland, North Carolina, USA",http://www.giofund.org/,+1 910-782-8222,Closed · Opens 11 am,,https://lh3.googleusercontent.com/gps-cs-s/APNQkAENQ6c0D_azQsgoK67SHH8MNkRJNkONSps-3y4h2p86Y8t_sZTHdFWGaX1S2d-eI6txpHs5df-mnXwTdZccnTbcjbgkWSYpraeVs-wMAnHVHf_En8HPZWhruir9Hk5MN8sehZSnkIZb_lVE=w408-h306-k-no,true,11 am–5 pm,11 am–5 pm,11 am–5 pm,11 am–5 pm,11 am–5 pm,11 am–5 pm,11 am–5 pm,"https://www.google.com/maps/search/tree+service+businesses+in+Leland+Wilmington+NC/@34.2293803,-78.0343212,14z",2026-04-29T07:21:03.980Z,,,
https://www.google.com/maps/place/Lowe%27s+Home+Improvement/data=!4m7!3m6!1s0x89aa1927db87014b:0x37c4848cd3775d1c!8m2!3d34.2119425!4d-78.019945!16s%2Fg%2F11sw42cxzs!19sChIJSwGH2ycZqokRHF1304yExDc,Lowe's Home Improvement,4.2,352,Home improvement store,"3716 Gateway Blvd, Leland, NC 28451, United States","6X6J+Q2 Leland, North Carolina, USA",https://www.lowes.com/store/NC-Leland/3478?y_source=1_MTAyMzA5MDEzMC03MTUtbG9jYXRpb24ud2Vic2l0ZQ==,+1 910-998-4040,Closed · Opens 6 am,,https://lh3.googleusercontent.com/gps-cs-s/APNQkAGoesUiBNq9o1pfkWlqkxedXQVxEIxecCEqgje1PJuwYRJMss54tR6YfJ_RNjMYMVtk9FeDJWa59XVsQiyz1u_Tay20aDZG0RgeO-D4WUOSKOZeD3DTK-A90BcOoLuhUMnZv18=w408-h544-k-no,true,6 am–9 pm,6 am–9 pm,6 am–9 pm,6 am–9 pm,8 am–8 pm,6 am–9 pm,6 am–9 pm,"https://www.google.com/maps/search/tree+service+businesses+in+Leland+Wilmington+NC/@34.2293803,-78.0343212,14z",2026-04-29T07:21:10.040Z,· In-store pick-up · Delivery,,
https://www.google.com/maps/place/Six+Happiness/data=!4m7!3m6!1s0x89aa1934f4b6f695:0xbf87aee63e2fa30f!8m2!3d34.2118471!4d-78.021855!16s%2Fg%2F11b73nmp3z!19sChIJlfa29DQZqokRD6MvPuauh78,Six Happiness,4.2,617,Restaurant,"1114 New Pointe Blvd, Leland, NC 28451, United States","6X6H+P7 Leland, North Carolina, USA",http://www.sixhappinessnc.com/,+1 910-371-0021,Closed · Opens 11 am,,https://lh3.googleusercontent.com/gps-cs-s/APNQkAGvj0ApWq7kkNT6xX0Ug6jGbANSWyo4x48iQC0XFHQxMxUEtD4H1GVFR4RYDQGw5zqTahmOaP0poj1oc25yYPH6mlA_SnDHrLOrbyzKwdSstNNtuQc-BMLqPY9luhbjTyoCNjs=w408-h297-k-no,true,11 am–10 pm,11 am–10 pm,11 am–10 pm,11 am–10 pm,11 am–10 pm,Closed,11 am–10 pm,"https://www.google.com/maps/search/tree+service+businesses+in+Leland+Wilmington+NC/@34.2293803,-78.0343212,14z",2026-04-29T07:21:16.144Z,· Dine-in · Takeaway · Delivery,,
https://www.google.com/maps/place/Hopper+Outdoor+Contracting/data=!4m7!3m6!1s0x273302069a31d187:0x10cdc80cf9039e5f!8m2!3d34.5917776!4d-79.728495!16s%2Fg%2F11n3qw11py!19sChIJh9ExmgYCMycRX54D-QzIzRA,Hopper Outdoor Contracting,5.0,4,Landscaper,,,https://hopperoutdoorcontracting.weebly.com/,+1 919-667-3752,Closed · Opens 8 am,,https://lh3.googleusercontent.com/gps-cs-s/APNQkAHSgycDH2E6FMkSAzTOo-AoznCMHx7ql9hEUc24GyvLvGZNN2ijzyBKmtdcSLYwOxmeOdY0Kfw0dNA_44OtDSquNo55EkGU00dDi26QQ0S7hBLE2oZXJnheiBJJ2b6iCtR_CInJm_BslVbv=w408-h305-k-no,true,8 am–5 pm,8 am–5 pm,8 am–5 pm,8 am–5 pm,Closed,8 am–5 pm,8 am–5 pm,"https://www.google.com/maps/search/tree+service+businesses+in+Leland+Wilmington+NC/@34.2293803,-78.0343212,14z",2026-04-29T07:21:21.217Z,,,
https://www.google.com/maps/place/Treetoppers+and+More/data=!4m7!3m6!1s0x89aa1fcc72c3c581:0x384d47d4b0504c96!8m2!3d34.285017!4d-78.141564!16s%2Fg%2F11c54yh68s!19sChIJgcXDcswfqokRlkxQsNRHTTg,Treetoppers and More,2.4,7,Tree service,"3756 Old Maco Rd NE, Leland, NC 28451, United States","7VP5+29 Leland, North Carolina, USA",http://www.facebook.com/TreeToppersandmore,+1 910-612-2725,Closed · Opens 7 am,,https://lh3.googleusercontent.com/gps-cs-s/APNQkAG4wivb5NIsdJ9MdNv1DAxSf-bZRusDgYf-uSspp-OK2CChIapmm9YO6SFB9vdckqSTBD2-sDwsjZQ89m_t7KXA1Pqs3N_WBBJCvRZKU8FNKkrt_Q0DGiXLWhwqDaH-Jon32jk=w426-h240-k-no,true,7 am–8 pm,7 am–8 pm,7 am–8 pm,7 am–8 pm,Closed,7 am–8 pm,7 am–8 pm,"https://www.google.com/maps/search/tree+service+businesses+in+Leland+Wilmington+NC/@34.2293803,-78.0343212,14z",2026-04-29T07:21:26.139Z,,,
https://www.google.com/maps/place/Kendall%27s+Hallmark+Shop/data=!4m7!3m6!1s0x89aa1ed2bdc4e075:0x6f1f0f25991253d0!8m2!3d34.2187761!4d-78.0179528!16s%2Fg%2F1ygvsv79d!19sChIJdeDEvdIeqokR0FMSmSUPH28,Kendall's Hallmark Shop,4.3,39,Greeting card shop,"2029 Olde Regent Way Ste 120, Leland, NC 28451, United States","6X9J+GR Leland, North Carolina, USA",https://stores.hallmark.com/nc/leland/kendalls-hallmark-shop-leland-nc-065955.html,+1 910-794-9951,Closed · Opens 10 am,,https://lh3.googleusercontent.com/gps-cs-s/APNQkAGcsBGyz-RcY8Ukqhpl-64kOs_lHR55D_r0foTiDRFUMYA4V3TitGBS_GeTaWNpmtVTINJ5gIOUwf1AI007K7UJYQbDyQltvQAEqhDVTUyoUGjA3h4oj1lh4v35vpYjdw9PrSC89Q=w426-h240-k-no,true,10 am–6 pm,10 am–6 pm,10 am–6 pm,10 am–6 pm,12–5 pm,10 am–6 pm,10 am–6 pm,"https://www.google.com/maps/search/tree+service+businesses+in+Leland+Wilmington+NC/@34.2293803,-78.0343212,14z",2026-04-29T07:21:31.246Z,"Retail chain specializing in greeting cards, gift wrap, ornaments & gifts for all occasions. · In-store shopping · Kerbside pickup",,
https://www.google.com/maps/place/Indigo+Preserve+by+D.R.+Horton/data=!4m7!3m6!1s0x89aa1be39126b613:0xe618f8014e092635!8m2!3d34.1849373!4d-78.0483719!16s%2Fg%2F11wx05qg0v!19sChIJE7YmkeMbqokRNSYJTgH4GOY,Indigo Preserve by D.R. Horton,5.0,35,Home builder,"2130 Tulip Poplar St, Leland, NC 28451, United States","5XM2+XM Leland, North Carolina, USA",https://www.drhorton.com/north-carolina/wilmington/leland/indigo-preserve?utm_source=googlemybusiness&utm_medium=organic&utm_content=524-28&utm_campaign=GMB,+1 910-909-4632,"Closed · Opens 10 am

Updated by this business 7 weeks ago",,https://lh3.googleusercontent.com/gps-cs-s/APNQkAE-v5WDLxbTseeWiItlNlyPDa9gh6HSIzQ5dSudpPpfP6ZohhryLkcn7tVDKsBUOFej-fK7kfhMeJtRP0XmY7HVk771AuFNdoS9rwFW2iACyjW8vO73LTdwjM5JfRyXVuctrWQ9DXneu_ma=w426-h240-k-no,true,10 am–6 pm,10 am–6 pm,10 am–6 pm,10 am–6 pm,12–6 pm,10 am–6 pm,10 am–6 pm,"https://www.google.com/maps/search/tree+service+businesses+in+Leland+Wilmington+NC/@34.2293803,-78.0343212,14z",2026-04-29T07:21:36.592Z,,,
https://www.google.com/maps/place/Funston+Company/data=!4m7!3m6!1s0x89aa1967a4cc0001:0x366995a18b2346ab!8m2!3d34.1965853!4d-78.0442632!16s%2Fg%2F11p73qgjq4!19sChIJAQDMpGcZqokRq0Yji6GVaTY,Funston Company,,,Construction company,"1007 Evangeline Dr, Leland, NC 28451, United States","5XW4+J7 Leland, North Carolina, USA",https://funstoncompany.com/,+1 910-371-2434,Closed · Opens 9 am,,https://lh3.googleusercontent.com/gps-cs-s/APNQkAFFr6KStiZKUdYVDHpUx3sB8d1GtmxS7_zK6YRTgrfey1e0ItqDWGvj1SOVw1vqL5CiewEHFPVv4nWyqc7uHGe82ZPgLGSO1v3PRdgQrLZTjI3s9nAzuJWi3_C6ypf-Qz0CQzM=w408-h408-k-no,true,9 am–6 pm,9 am–6 pm,9 am–6 pm,Closed,Closed,9 am–6 pm,9 am–6 pm,"https://www.google.com/maps/search/tree+service+businesses+in+Leland+Wilmington+NC/@34.2293803,-78.0343212,14z",2026-04-29T07:21:41.337Z,,,
"https://www.google.com/maps/place/Goodwill+Industries+of+Eastern+NC,+Inc.+-+Leland/data=!4m7!3m6!1s0x89aa192d528944a7:0x69379481e5731009!8m2!3d34.2202693!4d-78.015747!16s%2Fg%2F1tmz7t2h!19sChIJp0SJUi0ZqokRCRBz5YGUN2k","Goodwill Industries of Eastern NC, Inc. - Leland",3.4,229,Thrift store,"2050 Olde Regent Way, Leland, NC 28451, United States","6XCM+4P Leland, North Carolina, USA",http://www.gienc.org/,+1 910-371-0270,Closed · Opens 9 am,,https://lh3.googleusercontent.com/gps-cs-s/APNQkAEKWARFzlIXbQASvZzG2N4kPRqRZNy0UR-y75NvmMNwQ224J-kPkgRiSu42M5UaZViNK1jeTKAiDXgV_VvZUgTTBI17_rFJY43RFyrTzRn9YKvvSDN8yTZL8NH71ajjS4ImhmXY=w432-h240-k-no,true,9 am–8:30 pm,9 am–8:30 pm,9 am–8:30 pm,9 am–8:30 pm,12–6 pm,9 am–8:30 pm,9 am–8:30 pm,"https://www.google.com/maps/search/tree+service+businesses+in+Leland+Wilmington+NC/@34.2293803,-78.0343212,14z",2026-04-29T07:21:46.183Z,"Long-standing nonprofit chain with a range of pre-owned clothing, housewares & more. · In-store shopping",,
https://www.google.com/maps/place/Mimi+%26+Papa%27s+Gourmet+Popcorn+and+Sweet+Shop/data=!4m7!3m6!1s0x89aa1fd1cb527c89:0x42201ae18fe71044!8m2!3d34.23708!4d-78.00278!16s%2Fg%2F11s2ndw2pz!19sChIJiXxSy9EfqokRRBDnj-EaIEI,Mimi & Papa's Gourmet Popcorn and Sweet Shop,4.9,288,Ice cream shop,"324 Village Rd NE D, Leland, NC 28451, United States","6XPW+RV Leland, North Carolina, USA",http://www.mimiandpapaspopcorn.com/,+1 910-408-1170,Closed · Opens 2 pm,Identifies as veteran-owned,https://lh3.googleusercontent.com/gps-cs-s/APNQkAGo6v7oRQjHGZ43R16VcQ4qGRV_NYPrujCxwWFc-7_dbETCd7wfPh6XjhPotnSwMhryTHofl5Oh6u7Ih9TFAzNiOP6naud-P3VJNsrBsHU-tUcDB-vQpZmnjnRvvhzh1F83Rq4VNW0aXr55=w408-h543-k-no,true,2–8 pm,2–8 pm,12–9 pm,12–9 pm,12–8 pm,Closed,2–8 pm,"https://www.google.com/maps/search/tree+service+businesses+in+Leland+Wilmington+NC/@34.2293803,-78.0343212,14z",2026-04-29T07:21:51.290Z,· Dine-in · Takeaway · Delivery,,
https://www.google.com/maps/place/Sunrise+Landscaping+Services+Inc/data=!4m7!3m6!1s0x8a2341d2c8225a7b:0x7c1d8f1d27ff4a27!8m2!3d34.4565384!4d-77.914406!16s%2Fg%2F11svw_2cd1!19sChIJe1oiyNJBI4oRJ0r_Jx2PHXw,Sunrise Landscaping Services Inc,5.0,31,Landscaper,,,https://sunriselandscapingservicesinc.com/,+1 910-617-1849,Closed · Opens 8 am,,https://lh3.googleusercontent.com/gps-cs-s/APNQkAGr9vRdERpcuZ8Uiflm7RtV9TlX4PBy2nIbeMgL9khfZqZXxHRrsh7YacQp5WJxNHx4m5RIHfCTGHA7pn7fqVXaapwnlfBTlfT949WlsCdFxkK08ZLcRHz85XvhSnU5ybrxCo5mcg=w408-h306-k-no,true,8 am–5 pm,8 am–5 pm,8 am–5 pm,Closed,Closed,8 am–5 pm,8 am–5 pm,"https://www.google.com/maps/search/tree+service+businesses+in+Kings+Grant+Wilmington+NC/@34.2630543,-77.8653126,14z",2026-04-29T07:22:22.614Z,,,
https://www.google.com/maps/place/Arboretum+West/data=!4m7!3m6!1s0x89a9f3b7f8199867:0x3ba20d9c8784f071!8m2!3d34.2570863!4d-77.8296279!16s%2Fg%2F11fp1tlx_c!19sChIJZ5gZ-LfzqYkRcfCEh5wNojs,Arboretum West,4.8,200,Apartment building,"347 Arboretum Dr, Wilmington, NC 28405, United States","754C+R4 Wilmington, North Carolina, USA",https://www.arboretum-west.com/,+1 833-494-1305,Closed · Opens 9 am,,https://lh3.googleusercontent.com/gps-cs-s/APNQkAH3alDHgYxeY0NbJ2je8Vr5uLvcBZ4N6hkQdriupWrvmxdhAQbevn8tO3Yn5zz1vgFrs1uSld-2jkBF1ppdXzmY9zlB-bWz1Atvh_njXzYJEVlGmPBxY0p0A_n8jM1QkC4fCU3c=w408-h272-k-no,true,9 am–6 pm,9 am–6 pm,9 am–6 pm,10 am–5 pm,Closed,9 am–6 pm,9 am–6 pm,"https://www.google.com/maps/search/tree+service+businesses+in+Kings+Grant+Wilmington+NC/@34.2630543,-77.8653126,14z",2026-04-29T07:22:34.417Z,· Dogs allowed,,
https://www.google.com/maps/place/coastal+outdoor+landscapes/data=!4m7!3m6!1s0x89a9f5d12017051b:0x7b728f178640992f!8m2!3d34.2069834!4d-77.8733794!16s%2Fg%2F11lrf7_7zl!19sChIJGwUXINH1qYkRL5lAhhePcns,coastal outdoor landscapes,,,Landscape designer,,,,+1 910-899-7958,Closed · Opens 8 am,,https://lh3.googleusercontent.com/gps-cs-s/APNQkAEj8fM3LUkQzWlLLgDqhzKUzfTEExuvpzu2y6ZkHok60bP3_07ZGvkOE8fuC_YK5wrsYGJfi6n0tBpku5W16Ic1WcrhA8XvmWsyFwb9tjo4HwoFtQ2a1AM884t7RP3l5hc2-8WNEA=w606-h240-k-no,true,8 am–5 pm,8 am–5 pm,8 am–5 pm,Closed,Closed,8 am–5 pm,8 am–5 pm,"https://www.google.com/maps/search/tree+service+businesses+in+Kings+Grant+Wilmington+NC/@34.2630543,-77.8653126,14z",2026-04-29T07:22:39.012Z,,,
https://www.google.com/maps/place/Akers+Tree+Movers+Inc/data=!4m7!3m6!1s0x89aa20705f4d19bf:0x10b9becfa545742e!8m2!3d34.2982221!4d-77.9376597!16s%2Fg%2F1tl4dx34!19sChIJvxlNX3AgqokRLnRFpc--uRA,Akers Tree Movers Inc,4.4,8,Tree service,"2031 Oakley Rd, Castle Hayne, NC 28429, United States","73X6+7W Castle Hayne, North Carolina, USA",,+1 910-232-1700,,,https://lh3.googleusercontent.com/gps-cs-s/APNQkAFIi65h936xaL3lIq8T_X9Kpy91gEK8A1UuIGrfjbRQEXCsF9zhy_lcJFBjDJ6hpAqGQS8cOV4cDyTl_-XtCesyj2n_cxnvJCcfgzkCn7HXMaYPTJL60FXF_kSb7npvgZrdkRDaJA=w408-h544-k-no,false,,,,,,,,"https://www.google.com/maps/search/tree+service+businesses+in+Skippers+Corner+Wilmington+NC/@34.3324951,-77.9140762,14z",2026-04-29T07:23:05.017Z,,,
https://www.google.com/maps/place/Djosey+Landscapes/data=!4m7!3m6!1s0x89aa2147e951cc63:0x9ef516b744cf30e6!8m2!3d34.362901!4d-77.908084!16s%2Fg%2F11r4k45r8h!19sChIJY8xR6UchqokR5jDPRLcW9Z4,Djosey Landscapes,4.9,117,Landscaper,"3920 Northeast Ave, Castle Hayne, NC 28429, United States","937R+5Q Castle Hayne, North Carolina, USA",https://djoseylandscapes.com/,+1 910-622-7132,,,https://lh3.googleusercontent.com/gps-cs-s/APNQkAHwmQPhMV8C4qlkxVylp6trcaygCWoVxK-qoGarCv7BzfapTVXYhgZM8FP-8RYgxE9b6WMBYtbZOrA6nV2Mufb4otXzI_uez1FamRB-C8P9Tn21QevtfGA_aIw89ypjGmqcWsp_=w408-h510-k-no,true,,,,,,,,"https://www.google.com/maps/search/tree+service+businesses+in+Skippers+Corner+Wilmington+NC/@34.3324951,-77.9140762,14z",2026-04-29T07:23:07.968Z,,,
"https://www.google.com/maps/place/Arbor+Authority+Tree+Care,,,/@34.2994581,-77.9234694,17z/data=!3m1!4b1!4m6!3m5!1s0x89a98a83a425148f:0x90656786af97f19c!8m2!3d34.2994581!4d-77.9234694!16s%2Fg%2F1tjy2c4x","Arbor Authority Tree Care,,,",5.0,1,Tree service,"2937 Castle Hayne Rd, Castle Hayne, NC 28429, United States","73XG+QJ Castle Hayne, North Carolina, USA",,+1 910-617-1100,,,,true,,,,,,,,"https://www.google.com/maps/search/tree+service+businesses+in+Skippers+Corner+Wilmington+NC/@34.3324951,-77.9140762,14z",2026-04-29T07:23:12.771Z,,,
https://www.google.com/maps/place/Ewing+Outdoor+Supply/data=!4m7!3m6!1s0x89a9897e4ad0bea9:0xe3998fd7f4f3bb7f!8m2!3d34.3480158!4d-77.8795095!16s%2Fg%2F11f_2nf048!19sChIJqb7QSn6JqYkRf7vz9NePmeM,Ewing Outdoor Supply,4.8,24,Landscaping supply store,"4805 Las Tortugas Dr, Castle Hayne, NC 28429, United States","84XC+65 Castle Hayne, North Carolina, USA",http://www.ewingoutdoorsupply.com/,+1 910-675-9030,"Closed · Opens 7 am

Updated by this business 2 weeks ago",,https://streetviewpixels-pa.googleapis.com/v1/thumbnail?panoid=jYIL8ta3JfZq8eCcZcu12A&cb_client=search.gws-prod.gps&w=408&h=240&yaw=332.9911&pitch=0&thumbfov=100,true,7 am–5 pm,7 am–5 pm,7 am–5 pm,7–11 am,Closed,7 am–5 pm,7 am–5 pm,"https://www.google.com/maps/search/tree+service+businesses+in+Skippers+Corner+Wilmington+NC/@34.3324951,-77.9140762,14z",2026-04-29T07:23:18.306Z,· In-store pick-up · Delivery,,
https://www.google.com/maps/place/Good+Earth+Associates/data=!4m7!3m6!1s0x89a98a2fb184e98b:0xe3eafd3bb8f4a133!8m2!3d34.3379626!4d-77.8916134!16s%2Fg%2F1th5df78!19sChIJi-mEsS-KqYkRM6H0uDv96uM,Good Earth Associates,5.0,1,Landscaper,"4710 N College Rd, Castle Hayne, NC 28429, United States","84Q5+59 Castle Hayne, North Carolina, USA",http://goodearthnc.com/,+1 910-675-1003,Closed · Opens 9 am,,https://streetviewpixels-pa.googleapis.com/v1/thumbnail?panoid=gAyetpFDWyN_BxOME1iH4Q&cb_client=search.gws-prod.gps&w=408&h=240&yaw=49.23594&pitch=0&thumbfov=100,false,9 am–5 pm,9 am–5 pm,9 am–5 pm,Closed,Closed,9 am–5 pm,9 am–5 pm,"https://www.google.com/maps/search/tree+service+businesses+in+Skippers+Corner+Wilmington+NC/@34.3324951,-77.9140762,14z",2026-04-29T07:23:23.591Z,,,
https://www.google.com/maps/place/Hudson%27s+Hardware/data=!4m7!3m6!1s0x89a9898b92067adb:0x86543b884082eb71!8m2!3d34.3602487!4d-77.8997438!16s%2Fg%2F1tklrdwf!19sChIJ23oGkouJqYkRceuCQIg7VIY,Hudson's Hardware,4.8,167,Hardware store,"6301 Castle Hayne Rd, Castle Hayne, NC 28429, United States","9462+34 Castle Hayne, North Carolina, USA",http://www.acehardware.com/store-details/18597?utm_source=google&utm_medium=local&utm_campaign=localmaps&utm_content=18597,+1 910-675-9205,"Closed · Opens 8 am

Confirmed by this business 10 weeks ago",,https://lh3.googleusercontent.com/gps-cs-s/APNQkAELlu3XfwaVZENDf5wz7VzkQk3h-0HZbVQCJ9IscZv8wp39bdZ6YNKFzZzmJ50sVekqBhrzBqi6ShQXeqZC4YUzsEELFMgw0kM6GwH8cvrVelMwhuTBpGUJ5ZPuUuYpppXT60IV=w408-h544-k-no,true,8 am–6 pm,8 am–6 pm,8 am–6 pm,8 am–5 pm,Closed,8 am–6 pm,8 am–6 pm,"https://www.google.com/maps/search/tree+service+businesses+in+Skippers+Corner+Wilmington+NC/@34.3324951,-77.9140762,14z",2026-04-29T07:23:29.122Z,· In-store shopping · In-store pick-up,,
https://www.google.com/maps/place/Southern+Oak+Coastal+Carolina%27s/data=!4m7!3m6!1s0x89a98b305a7f76c3:0x87ccf77c1b795143!8m2!3d34.322971!4d-77.9129751!16s%2Fg%2F11wqrnpffw!19sChIJw3Z_WjCLqYkRQ1F5G3z3zIc,Southern Oak Coastal Carolina's,,,Landscaping supply store,"308 Hermitage Rd, Castle Hayne, NC 28429, United States","83FP+5R Castle Hayne, North Carolina, USA",,+1 910-333-3171,Open · Closes 4:30 am · Reopens 8 am,,https://streetviewpixels-pa.googleapis.com/v1/thumbnail?panoid=708DG4DDG2GgzxJ6VWIFzA&cb_client=search.gws-prod.gps&w=408&h=240&yaw=202.43709&pitch=0&thumbfov=100,true,8 am–4:30 pm,8 am–4:30 pm,8 am–3:30 pm,Closed,Closed,8 am–4:30 am,8 am–4:30 am,"https://www.google.com/maps/search/tree+service+businesses+in+Skippers+Corner+Wilmington+NC/@34.3324951,-77.9140762,14z",2026-04-29T07:23:34.096Z,· Delivery,,
https://www.google.com/maps/place/Coastal+Autoworks/data=!4m7!3m6!1s0x89a9898bfd84d885:0xfbdf28b6f2bbcc10!8m2!3d34.353543!4d-77.899645!16s%2Fg%2F11clsn2y4f!19sChIJhdiE_YuJqYkREMy78rYo3_s,Coastal Autoworks,4.9,147,Auto repair shop,"5700 Castle Hayne Rd, Castle Hayne, NC 28429, United States","9432+C4 Castle Hayne, North Carolina, USA",http://coastalautoworks.com/,+1 910-623-4840,Closed · Opens 8 am,,https://lh3.googleusercontent.com/gps-cs-s/APNQkAFLli_nX3ZNF5DB5ZjoVejnAHObynSAwaKHFrKWM4oK4Gt2sHkggDIwfbxNLgG2JnZvUKrzb8N0axGj4fXolXQ9LRCM2-2F01YTJ9puhH9Ue_VzF1av3On699h5GZ31SVNJ-Po=w408-h306-k-no,true,"8 am–12 pm, 1–5:30 pm","8 am–12 pm, 1–5:30 pm","8 am–12 pm, 1–5:30 pm",Closed,Closed,"8 am–12 pm, 1–5:30 pm","8 am–12 pm, 1–5:30 pm","https://www.google.com/maps/search/tree+service+businesses+in+Skippers+Corner+Wilmington+NC/@34.3324951,-77.9140762,14z",2026-04-29T07:23:46.336Z,,,
https://www.google.com/maps/place/J+T%27s+Lawn+Care+%26+Landscaping/data=!4m7!3m6!1s0x89a9898c23fb4d53:0xe5c3a1773314329e!8m2!3d34.3557241!4d-77.8999864!16s%2Fg%2F1tp1zp6g!19sChIJU037I4yJqYkRnjIUM3ehw-U,J T's Lawn Care & Landscaping,1.0,1,Landscape designer,"Castle Hayne, NC 28429, United States",,,+1 910-602-1444,,,https://streetviewpixels-pa.googleapis.com/v1/thumbnail?panoid=X5__JSwXxSBApzYb7bBMUQ&cb_client=search.gws-prod.gps&w=408&h=240&yaw=19.240631&pitch=0&thumbfov=100,false,,,,,,,,"https://www.google.com/maps/search/tree+service+businesses+in+Skippers+Corner+Wilmington+NC/@34.3324951,-77.9140762,14z",2026-04-29T07:23:56.260Z,,,
https://www.google.com/maps/place/Alpha+Tree+Surgeons/data=!4m7!3m6!1s0x2c319eea5aef273b:0x48dae49588887794!8m2!3d34.2922005!4d-77.8975685!16s%2Fg%2F11whhm6_sy!19sChIJOyfvWuqeMSwRlHeIiJXk2kg,Alpha Tree Surgeons,5.0,1,Tree service,,,https://www.alphatreesurgeons.net/,+1 910-520-8878,Open 24 hours,,https://lh3.googleusercontent.com/gps-cs-s/APNQkAHtkLEkvRNNYm90S110uvTFs-XPeHd3Y4u7mazV_dEA6_ic0ebUES-vqWjmEKFutdVnOBgpUF-FGPIRwCQA0UKINvEQyfws1eH35fxoX4QCnfLJrGXWDBNnA-e5NkFWwz5w2WZgU9UP7eU_=w408-h306-k-no,true,Open 24 hours,Open 24 hours,Open 24 hours,Open 24 hours,Closed,Open 24 hours,Open 24 hours,"https://www.google.com/maps/search/tree+service+businesses+in+Navassa+Wilmington+NC/@34.2569685,-77.9949586,14z",2026-04-29T07:24:29.062Z,,,
https://www.google.com/maps/place/Delaney%27s+Coastal+Construction+LLC/data=!4m7!3m6!1s0x89aa1fc2d011157f:0x2fbd9f44041e0e1d!8m2!3d34.2376754!4d-77.9492806!16s%2Fg%2F11lm25l7yl!19sChIJfxUR0MIfqokRHQ4eBESfvS8,Delaney's Coastal Construction LLC,4.8,69,General contractor,"201 N Front St, Wilmington, NC 28401, United States","63Q2+37 Wilmington, North Carolina, USA",https://delaneyscoastalconstruction.com/,+1 910-769-5870,Closed · Opens 7 am,,https://lh3.googleusercontent.com/gps-cs-s/APNQkAFtHTMdD7IGkyYclTTrMNGhL8YUZu9WyoHPMdyZZ2fJSBMhBjvZpS68VTzvXkWEpnDOFDy_6Q5BU1phRdQkxeZnZl2jLr3EQyJZUWOYDBwc2WCo9JB2aaXJnmW2tFKZAENUZDBMsG9UzJw=w408-h278-k-no,true,7 am–7 pm,7 am–7 pm,7 am–7 pm,9 am–5 pm,Closed,7 am–7 pm,7 am–7 pm,"https://www.google.com/maps/search/tree+service+businesses+in+Navassa+Wilmington+NC/@34.2569685,-77.9949586,14z",2026-04-29T07:24:34.152Z,,,
https://www.google.com/maps/place/Rowe+Tree+Co+Inc/data=!4m7!3m6!1s0x89aa2fb1c8ea34f5:0xe961dcf0eb8db511!8m2!3d34.489787!4d-78.0777729!16s%2Fg%2F1ttyxlpg!19sChIJ9TTqyLEvqokREbWN6_DcYek,Rowe Tree Co Inc,3.0,7,Tree service,"6640 Malpass Corner Rd, Currie, NC 28435, United States","FWQC+WV Currie, North Carolina, USA",,+1 910-283-5225,,,https://streetviewpixels-pa.googleapis.com/v1/thumbnail?panoid=sMd-wc55Lxci1COsHeJPNQ&cb_client=search.gws-prod.gps&w=408&h=240&yaw=320.5986&pitch=0&thumbfov=100,false,,,,,,,,"https://www.google.com/maps/search/tree+service+businesses+in+Navassa+Wilmington+NC/@34.2569685,-77.9949586,14z",2026-04-29T07:24:37.174Z,,,
https://www.google.com/maps/place/Ryan+Homes+at+Lakes+at+Riverbend+Single+Family+Homes/data=!4m7!3m6!1s0x89aa2314063f0703:0x95a1e27be401869c!8m2!3d34.283607!4d-78.02099!16s%2Fg%2F11l2hwvr2p!19sChIJAwc_BhQjqokRnIYB5HvioZU,Ryan Homes at Lakes at Riverbend Single Family Homes,4.7,51,Home builder,"3101 Edgehill Dr, Navassa, NC 28451, United States","7XMH+CJ Navassa, North Carolina, USA",https://www.ryanhomes.com/new-homes/communities/10222120152486/north-carolina/navassa/lakesatriverbendsfd?utm_source=organic&utm_medium=yext&utm_term=powerlistings&utm_campaign=google&utm_content=lakesatriverbendsfd,+1 910-888-0588,"Closed · Opens 10 am

Confirmed by this business 4 weeks ago",,https://lh3.googleusercontent.com/gps-cs-s/APNQkAExBBfFU85s8dDlt7W7L2qdVPR7nka_Jckhe3ASPsXPGMCEcUUBGyOYv3RjvQgs0CZzikYTvsqYxEAgW7XBCYCoM3llqmKLQQEVxrdbj-p6JGGksGM4rdfQyAKsVMbeKnCzi6Yit1xEmbg=w426-h240-k-no,true,10 am–5 pm,10 am–5 pm,10 am–5 pm,10 am–5 pm,12–5 pm,1–5 pm,10 am–5 pm,"https://www.google.com/maps/search/tree+service+businesses+in+Navassa+Wilmington+NC/@34.2569685,-77.9949586,14z",2026-04-29T07:24:49.045Z,,,
https://www.google.com/maps/place/Tree+House+Recovery+NC/data=!4m7!3m6!1s0x89aa1f0e33717db9:0x49dfda362b9a11c7!8m2!3d34.2487847!4d-77.9459115!16s%2Fg%2F11spdjnqyz!19sChIJuX1xMw4fqokRxxGaKzba30k,Tree House Recovery NC,5.0,34,Addiction treatment center,"1118 N 4th St, Wilmington, NC 28401, United States","63X3+GJ Wilmington, North Carolina, USA",https://treehouserecoverync.com/?utm_source=google&utm_medium=organic&utm_campaign=gbp&utm_content=wilmington,+1 910-812-1728,Open 24 hours,,https://lh3.googleusercontent.com/gps-cs-s/APNQkAHw6MRo9qjYsmQ9oTRg4FUdVUyVhsvqZEl0BlAk87A7XEF3sHuaNWTa2PW_URdEuRXv3U_Zi7Kgrh03QQ6wviJyKRa54v9Yfhcp78VrbTe-9rgMxn6Q5HvycHdSYa2ZPuh22pyU=w408-h267-k-no,true,Open 24 hours,Open 24 hours,Open 24 hours,Open 24 hours,Open 24 hours,Open 24 hours,Open 24 hours,"https://www.google.com/maps/search/tree+service+businesses+in+Navassa+Wilmington+NC/@34.2569685,-77.9949586,14z",2026-04-29T07:24:53.888Z,,,
https://www.google.com/maps/place/Industrial+Hardware+and+Marine/data=!4m7!3m6!1s0x89aa204b83a68ad1:0xdbdb12273b7b216b!8m2!3d34.2511209!4d-77.9542586!16s%2Fg%2F11g8nqc0k8!19sChIJ0Yqmg0sgqokRayF7OycS29s,Industrial Hardware and Marine,5.0,14,Hardware store,"1551 Point Harbor Rd, Wilmington, NC 28401, United States","722W+C7 Wilmington, North Carolina, USA",http://www.ihmnc.com/,+1 910-343-8135,Closed · Opens 7:30 am,,https://lh3.googleusercontent.com/gps-cs-s/APNQkAHjJzpbbJrRCEoQwFP9aQHzu04wwLI6JACc0IDwohJMl9TDjQEf-Yfr7TQWgiiGhD2k1H9J0Vxd6jlxzo8ca5zGQvskukBNpkOD-rC3N4Y9W2UK2iqTlRTBIrelO5vwqjPYLUX-=w408-h551-k-no,false,7:30 am–4 pm,7:30 am–4 pm,7:30 am–4 pm,Closed,Closed,7:30 am–4 pm,7:30 am–4 pm,"https://www.google.com/maps/search/tree+service+businesses+in+Navassa+Wilmington+NC/@34.2569685,-77.9949586,14z",2026-04-29T07:24:58.533Z,· In-store shopping · Delivery,,
https://www.google.com/maps/place/The+Sawmill+Cafe+and+Catering/data=!4m7!3m6!1s0x89a98a98fcd70dad:0x78f978f402161455!8m2!3d34.2873645!4d-77.9203754!16s%2Fg%2F11gcx_zbwb!19sChIJrQ3X_JiKqYkRVRQWAvR4-Xg,The Sawmill Cafe and Catering,4.6,1063,American restaurant,"2528-1 Castle Hayne Rd, Wilmington, NC 28401, United States","73PH+WR Wilmington, North Carolina, USA",http://sawmillcatering.com/,+1 910-769-7455,"Closed · Opens 6 am

Updated by this business 7 weeks ago",,https://lh3.googleusercontent.com/gps-cs-s/APNQkAGfoe-hiztDXONwZ1k7O6UeP_PE3CsZrJ25_NFpdijXm1sEJGAGGVfYI7WRjdiRa4PFBLXY5phgFoB84-Gx6RR9tSm-0OoJUOUpbcNIWUu9zbl1innOpcGd_7oEuiI_k3wSa25H=w408-h306-k-no,true,6 am–8 pm,6 am–8 pm,6 am–8 pm,6 am–2 pm,Closed,6 am–8 pm,6 am–8 pm,"https://www.google.com/maps/search/tree+service+businesses+in+Castle+Hayne+Wilmington+NC/@34.258854,-77.9389338,14z",2026-04-29T07:25:31.328Z,· Dine-in · Takeaway · Delivery,,
"https://www.google.com/maps/place/East+coast+tree+service/@34.2942904,-77.9377467,17z/data=!3m1!4b1!4m6!3m5!1s0x89aa21e6ce1e24e1:0xa1ad6ad83bce738!8m2!3d34.2942904!4d-77.9377467!16s%2Fg%2F11mw60b5qb",East coast tree service,,,,"1409 Ness Dr, Castle Hayne, NC 28429, United States","73V6+PW Castle Hayne, North Carolina, USA",,+1 910-465-7677,Permanently closed,,,true,,,,,,,,"https://www.google.com/maps/search/tree+service+businesses+in+Castle+Hayne+Wilmington+NC/@34.258854,-77.9389338,14z",2026-04-29T07:25:44.760Z,,,
https://www.google.com/maps/place/Phase+2+Hardware+%26+Supply/data=!4m7!3m6!1s0x89a98bf15ca58ddb:0x27a49625f7f5b24b!8m2!3d34.2594137!4d-77.8383271!16s%2Fg%2F11y0rfydkc!19sChIJ242lXPGLqYkRS7L19yWWpCc,Phase 2 Hardware & Supply,5.0,2,Hardware store,"210 Old Dairy Rd Suite F, Wilmington, NC 28405, United States","7556+QM Wilmington, North Carolina, USA",https://www.phase2hardwaresupply.com/,+1 910-660-4155,Closed · Opens 7:30 am,,https://lh3.googleusercontent.com/gps-cs-s/APNQkAGXiIEzDPWj4VxszAva5Xm8AmvjRcL5ULkEeBHm09R_B-k5CaN3HbZY-nEoOuxBHyKJXP0uItDPSJ2pDAKze5Kt27TngPvWdZlEg_1l84nalknyQt3yBMew2m8JL8eYjishBJoUbrSmomo=w408-h544-k-no,true,7:30 am–4 pm,7:30 am–4 pm,7:30 am–4 pm,Closed,Closed,7:30 am–4 pm,7:30 am–4 pm,"https://www.google.com/maps/search/tree+service+businesses+in+Bayshore+Wilmington+NC/@34.277597,-77.800798,14z",2026-04-29T07:26:20.769Z,,,
https://www.google.com/maps/place/Wilmington+KOA+Holiday/data=!4m10!3m9!1s0x89a98c94ee4023a9:0xb9a4f1489df7475c!5m2!4m1!1i2!8m2!3d34.27822!4d-77.8159837!16s%2Fg%2F1v9gkw7h!19sChIJqSNA7pSMqYkRXEf3nUjxpLk,Wilmington KOA Holiday,4.6,1048,,"7415 Market St, Wilmington, NC 28411, United States","75HM+7J Wilmington, North Carolina, USA",https://koa.com/campgrounds/wilmington/?utm_source=google&utm_medium=organic&utm_campaign=gbp,+1 910-686-7705,,,https://lh3.googleusercontent.com/gps-proxy/ALd4DhEyrnVjfiXNlcoXTTRF7hz-zIthPnCWg2khx6W0bRTQn2QG4OMhQj2mRAd3tpZUCwXMd7GpGNjLeRMuuyFa3y6GmVriHXNDD3HQzpN5jAVhhvnapdKkrbGA50iG7A-GmXDH0F6d4_J99MyeYMb7cF5IeZqgDV0ilVTI0G3B65MeDnSVo_jPC421=w408-h272-k-no,true,,,,,,,,"https://www.google.com/maps/search/tree+service+businesses+in+Bayshore+Wilmington+NC/@34.277597,-77.800798,14z",2026-04-29T07:26:28.563Z,,,
https://www.google.com/maps/place/Biggers+Market/data=!4m7!3m6!1s0x89a9f4b62ca9d767:0x698bb498cbeecf8!8m2!3d34.253673!4d-77.8474258!16s%2Fg%2F1thmlvyh!19sChIJZ9epLLb0qYkR-Oy-jEm7mAY,Biggers Market,4.8,498,Farmers' market,"6250 Market St, Wilmington, NC 28405, United States","7533+F2 Wilmington, North Carolina, USA",http://biggersmarket.com/,,,,https://lh3.googleusercontent.com/gps-cs-s/APNQkAG7rXAMHHP8K99BXWA4xmhcDPxQ_-cSd58k2TpUVimoSAuPqIl9qDKvsoxPXav_p_5LGfxvc1N3CebjuylDaHEO23cOoOPplAk-NP00fg3GLILQMGqNbSFxvrvwjIQtJWp-WUkd9M_KYvxd=w426-h240-k-no,true,Closed,Closed,11 am–8 pm,10 am–8 pm,10 am–7 pm,Closed,Closed,"https://www.google.com/maps/search/tree+service+businesses+in+Bayshore+Wilmington+NC/@34.277597,-77.800798,14z",2026-04-29T07:26:33.491Z,,,
https://www.google.com/maps/place/Porters+Neck+Village/data=!4m7!3m6!1s0x89a98d9ff91a19f7:0xb355f49c4a1e3038!8m2!3d34.291922!4d-77.764416!16s%2Fg%2F1td18q38!19sChIJ9xka-Z-NqYkRODAeSpz0VbM,Porters Neck Village,4.8,189,Retirement community,"1200 Porters Neck Rd, Wilmington, NC 28411, United States","76RP+Q6 Wilmington, North Carolina, USA",https://portersneckvillage.org/,+1 910-686-7181,,,https://lh3.googleusercontent.com/gps-cs-s/APNQkAF5Mw71u8LZSYumvZx0ieXrgJpsuxJuf0jzVNALhYcxS_ajaLjfNdOh-uLTs4WQDuPOY-ku0c7rFXEgo47Tyd379zrh8f-mJ8wbH1b9DRm4OzB5UGW6ODQ-WF1FJKS2qqnFg3DTBOyDnls=w408-h272-k-no,true,8 am–4:30 pm,8 am–4:30 pm,8 am–4:30 pm,Closed,Closed,8 am–4:30 pm,8 am–4:30 pm,"https://www.google.com/maps/search/tree+service+businesses+in+Bayshore+Wilmington+NC/@34.277597,-77.800798,14z",2026-04-29T07:26:39.265Z,,,
https://www.google.com/maps/place/CSI+Promotions/data=!4m7!3m6!1s0x89a98ca9bd2636cf:0x8458da560987a1!8m2!3d34.2613837!4d-77.8345489!16s%2Fg%2F1tgpz1n5!19sChIJzzYmvamMqYkRoYcJVtpYhAA,CSI Promotions,4.9,28,Custom t-shirt store,"207 Antilles Ct suite a, Wilmington, NC 28405, United States","7568+H5 Wilmington, North Carolina, USA",http://www.csipromo.com/,+1 910-799-9914,Closed · Opens 9 am,Identifies as women-owned,https://lh3.googleusercontent.com/gps-cs-s/APNQkAHXGHJ4GTfrvl5r1kNd-lKILC6JArmQ895Yf4JV9mfam3OEDy3ay16nPXwKYnaWa5pWyuGMUFmYAHxb1rqvpSIRPQcXF8HMZ0imgPfIoqDpRQtDBTxYy_HzCy7-tvPPedtjDU6_KSvE1yig=w408-h272-k-no,true,9 am–5 pm,9 am–5 pm,9 am–2 pm,Closed,Closed,9 am–5 pm,9 am–5 pm,"https://www.google.com/maps/search/tree+service+businesses+in+Bayshore+Wilmington+NC/@34.277597,-77.800798,14z",2026-04-29T07:26:43.947Z,· In-store pick-up,,
https://www.google.com/maps/place/Turner%27s+Lawn+Maintenance/data=!4m7!3m6!1s0x40473a4f61ce6b2d:0xd0d5050b5ef4bcd5!8m2!3d34.3133976!4d-77.7438161!16s%2Fg%2F11ssvjsr2n!19sChIJLWvOYU86R0AR1bz0XgsF1dA,Turner's Lawn Maintenance,5.0,3,Lawn care service,"243 La Salle St, Wilmington, NC 28411, United States","8774+9F Wilmington, North Carolina, USA",,+1 910-530-2180,Closed · Opens 8 am,,https://lh3.googleusercontent.com/gps-cs-s/APNQkAEcxXdhzvwZ_Q4zYqM_8KDJnJionPJflA7N4AtZKLxVI7pgq3bZ_SZI7UAJFfeYTFhvlbE0x7sbwv62iRwxId-kA1GBfyKNy-KoOjhv_eM_jy682qXtStAr-FEKL9q-rOgU5iM=w532-h240-k-no,true,8 am–6 pm,8 am–6 pm,8 am–6 pm,8 am–6 pm,Closed,8 am–6 pm,8 am–6 pm,"https://www.google.com/maps/search/tree+service+businesses+in+Bayshore+Wilmington+NC/@34.277597,-77.800798,14z",2026-04-29T07:26:48.716Z,,,
https://www.google.com/maps/place/Outer+Dunes+Brewing+Company/data=!4m7!3m6!1s0x89a98d1677463b67:0x11714c8cf522ce87!8m2!3d34.2910336!4d-77.799215!16s%2Fg%2F11ppp318jl!19sChIJZztGdxaNqYkRh84i9YxMcRE,Outer Dunes Brewing Company,4.3,287,Brewery,"7976 Market St, Wilmington, NC 28411, United States","76R2+C8 Wilmington, North Carolina, USA",http://www.outerdunesbrewing.com/,+1 910-821-0069,Closed · Opens 4 pm,,https://lh3.googleusercontent.com/gps-cs-s/APNQkAEwjq-UW_V7tn7oU6wO3oGNsa3sRxFw_ntXQrmI7ctdMtTNQeJ-luNPuMv9wrARWxxRAGrt5WGQ7TsAercJkqftGJLavtjOKmC0mFqmcoDGx2pERl6UkmDF9mDzrzO0vzLTsLuUY77i-EGT=w408-h306-k-no,true,4–10 pm,4–10 pm,12–11 pm,12–11 pm,12–9 pm,4–10 pm,4–10 pm,"https://www.google.com/maps/search/tree+service+businesses+in+Bayshore+Wilmington+NC/@34.277597,-77.800798,14z",2026-04-29T07:26:53.694Z,· Delivery,,
https://www.google.com/maps/place/SouthernStylez+Tinting/data=!4m7!3m6!1s0x89a98bb205906d6d:0x26cba9ce4cff1a85!8m2!3d34.274853!4d-77.820964!16s%2Fg%2F11b6v0c7hb!19sChIJbW2QBbKLqYkRhRr_TM6pyyY,SouthernStylez Tinting,4.9,326,Window tinting service,"7217 Ogden Business Ln #117, Wilmington, NC 28411, United States","75FH+WJ Wilmington, North Carolina, USA",https://southernstyleztinting.com/,+1 910-742-0579,Closed · Opens 9 am,,https://lh3.googleusercontent.com/gps-cs-s/APNQkAFI6enyU8uwQPvG9y98STb_5C6TUD_FYLNEbscudxAlEUs1ywz-eR3-Snzma81aofQTZmo5B1_Oag4WWQx5Yx5slubHu2fE1FaDhhYKFTkZpAU9GBs_UX39hkpWN6YJz3OecMpB=w426-h240-k-no,true,9 am–5 pm,9 am–5 pm,9 am–5 pm,9 am–1 pm,Closed,Closed,9 am–5 pm,"https://www.google.com/maps/search/tree+service+businesses+in+Bayshore+Wilmington+NC/@34.277597,-77.800798,14z",2026-04-29T07:26:58.582Z,,,
https://www.google.com/maps/place/All+About+Irrigation+Inc./data=!4m7!3m6!1s0x89a98cecbecdc9f7:0xc09a098c248aba2c!8m2!3d34.2809291!4d-77.8128562!16s%2Fg%2F1v_sp2j9!19sChIJ98nNvuyMqYkRLLqKJIwJmsA,All About Irrigation Inc.,5.0,3,Contractor,"7504 Cauthen Way, Wilmington, NC 28411, United States","75JP+9V Wilmington, North Carolina, USA",,+1 910-392-0173,,,https://streetviewpixels-pa.googleapis.com/v1/thumbnail?panoid=IPp60r5MZ4aNL4KT08JmNw&cb_client=search.gws-prod.gps&w=408&h=240&yaw=142.64409&pitch=0&thumbfov=100,false,,,,,,,,"https://www.google.com/maps/search/tree+service+businesses+in+Bayshore+Wilmington+NC/@34.277597,-77.800798,14z",2026-04-29T07:27:01.727Z,,,
https://www.google.com/maps/place/Wilmington+Stump+Grinding/data=!4m7!3m6!1s0x89a9f5f5832e8745:0xcc02ad6df8193ce4!8m2!3d34.1902765!4d-77.873735!16s%2Fg%2F11j11z183q!19sChIJRYcug_X1qYkR5DwZ-G2tAsw,Wilmington Stump Grinding,4.8,9,Tree service,,,https://wilmingtonstumpgrindingpros.com/,+1 252-512-5780,Closed · Opens 7 am,,https://lh3.googleusercontent.com/gps-cs-s/APNQkAGn1uNyZNCy5px-0SfvK_21XLKd-Lh87MEXHNxzUqJTOin5geUlAY3zpAUJXkU29YGn5mZ-UVNXZibKpR1zfM18dr9q9ONtBi4iMYB40BsJm-4DteifcF-aE7vV4VTzNCksphg=w408-h271-k-no,true,7 am–7 pm,7 am–7 pm,7 am–7 pm,8 am–7 pm,8 am–7 pm,7 am–7 pm,7 am–7 pm,"https://www.google.com/maps/search/tree+service+businesses+in+Haynett+Townhip+Wilmington+NC/@34.2103894,-77.8868117,14z",2026-04-29T07:27:23.677Z,,,
"https://www.google.com/maps/place/Wilmington+Trees+Landscaping/@34.2138978,-77.9455459,17z/data=!3m1!4b1!4m6!3m5!1s0x89aa1e30d33cc7a7:0x1728219a83be486a!8m2!3d34.2138978!4d-77.9455459!16s%2Fg%2F1thw7ll5",Wilmington Trees Landscaping,,,City government office,"1702 Burnett Blvd, Wilmington, NC 28401, United States","6373+HQ Wilmington, North Carolina, USA",,+1 910-341-7852,,,,false,,,,,,,,"https://www.google.com/maps/search/tree+service+businesses+in+Haynett+Townhip+Wilmington+NC/@34.2103894,-77.8868117,14z",2026-04-29T07:27:35.854Z,,,
https://www.google.com/maps/place/MoveZen+Property+Management+Founded+in+Wilmington+NC/data=!4m7!3m6!1s0x89a9f5a68feaab59:0xa410db68b1edad32!8m2!3d34.2115036!4d-77.8974987!16s%2Fg%2F1tm2bjs3!19sChIJWavqj6b1qYkRMq3tsWjbEKQ,MoveZen Property Management Founded in Wilmington NC,4.7,302,Apartment rental agency,"4002 1/2, Oleander Dr #1a, Wilmington, NC 28403, United States","6463+J2 Wilmington, North Carolina, USA",https://movezen360.com/wilmington/,+1 910-447-9495,Closed · Opens 9 am,,https://lh3.googleusercontent.com/gps-cs-s/APNQkAEunK2rQua8sP9mVKVg2KZnBIep3fevqQRxy5CQKQ3jfdQc3V5AYpxesaNoC7lJAZmHo1fDk1lHLWRW2wcpwRoUdCRT_6K_80yOq8K7UnCCEoL2jSV62o9vL4udW3diAXvIBVZT3A=w425-h240-k-no,true,9 am–5 pm,9 am–5 pm,9 am–5 pm,Closed,Closed,9 am–5 pm,9 am–5 pm,"https://www.google.com/maps/search/tree+service+businesses+in+Haynett+Townhip+Wilmington+NC/@34.2103894,-77.8868117,14z",2026-04-29T07:27:48.448Z,,,
https://www.google.com/maps/place/Buckshot+Manufacturing/data=!4m7!3m6!1s0x89aa1fd52a7dcfb7:0xe073fcfc52420a8d!8m2!3d34.2280157!4d-77.9252708!16s%2Fg%2F11gzr7ycg!19sChIJt899KtUfqokRjQpCUvz8c-A,Buckshot Manufacturing,5.0,12,Hunting store,"707 S 18th St, Wilmington, NC 28403, United States","63HF+6V Wilmington, North Carolina, USA",http://www.buckshotmfg.com/,+1 910-251-0411,"Closed · Opens 8:30 am

Confirmed by others 8 weeks ago",Identifies as women-owned,https://lh3.googleusercontent.com/gps-cs-s/APNQkAEqosJYnTjSeh2MCouqToRZ0kGi4gVn04_tv-qXDSE6dnvATlISOVNvv9-q25HrwdRfDILVcdorLA_km4jZLMo_eG6mVE88-mGe1RlDYhKPIXkaf59kBxXE8tpZ3ptCumseH5IfZ5TUFSRY=w408-h612-k-no,true,8:30 am–5:30 pm,8:30 am–5:30 pm,8:30 am–5:30 pm,9 am–12 pm,Closed,8:30 am–5:30 pm,8:30 am–5:30 pm,"https://www.google.com/maps/search/tree+service+businesses+in+Haynett+Townhip+Wilmington+NC/@34.2103894,-77.8868117,14z",2026-04-29T07:28:00.910Z,,,
https://www.google.com/maps/place/CEPCO/data=!4m7!3m6!1s0x89a9f5f34c2d1eed:0xbcbd6e47c5bff365!8m2!3d34.206531!4d-77.9259618!16s%2Fg%2F1th0ns0p!19sChIJ7R4tTPP1qYkRZfO_xUduvbw,CEPCO,3.1,223,Property management company,"1628 Doctors Cir, Wilmington, NC 28401, United States","634F+JJ Wilmington, North Carolina, USA",https://www.cepco-nc.com/,+1 910-395-1500,Closed · Opens 8:30 am,,https://lh3.googleusercontent.com/gps-cs-s/APNQkAFQ1FGOWbgCsgyx0NTuh49lliK883zcAnPqAC2k_X7wEdVoVnXtIUWsco5O0i1KtqFR3Hx4HQ3nj-nHHRWWQTIG5d4qZqq5Xtq50isMh_vh7Q_LjcHYI4NUk0mmWZL8LgUwCaIK=w408-h271-k-no,true,8:30 am–5 pm,8:30 am–5 pm,8:30 am–12:30 pm,Closed,Closed,8:30 am–5 pm,8:30 am–5 pm,"https://www.google.com/maps/search/tree+service+businesses+in+Haynett+Townhip+Wilmington+NC/@34.2103894,-77.8868117,14z",2026-04-29T07:28:05.921Z,,,
https://www.google.com/maps/place/Fiore+Design+House/data=!4m7!3m6!1s0x89a9f50be62ff211:0x267daf156a6177e3!8m2!3d34.2214461!4d-77.9002989!16s%2Fg%2F1v9gwb3v!19sChIJEfIv5gv1qYkR43dhahWvfSY,Fiore Design House,4.9,88,Florist,"3502 Wrightsville Ave suite d, Wilmington, NC 28403, United States","63CX+HV Wilmington, North Carolina, USA",https://www.fioredesignhouse.com/,+1 910-791-6770,Closed · Opens 9 am,,https://lh3.googleusercontent.com/gps-cs-s/APNQkAFAi5L5_UsK-39bYBbgUWZo_F-FwkEXS1qmd6b3l1AHWubebRFO6zJPQ0FljuEJWBSUz_Rjhxfm6tymDpyxeAbW_rf1nJNsObaazl5JW0C-ZLy-Rt5UG4m0VjIPrdqaOVGVvX8XYN9CGRdW=w408-h264-k-no,true,9 am–5 pm,9 am–5 pm,9 am–5 pm,Closed,Closed,9 am–5 pm,9 am–5 pm,"https://www.google.com/maps/search/tree+service+businesses+in+Haynett+Townhip+Wilmington+NC/@34.2103894,-77.8868117,14z",2026-04-29T07:28:10.796Z,· Delivery,,
https://www.google.com/maps/place/Walters+Home+and+Garden/data=!4m7!3m6!1s0x876bf9373d7688cf:0x5e84514516071524!8m2!3d34.2277822!4d-77.901143!16s%2Fg%2F11lr9h6__n!19sChIJz4h2PTf5a4cRJBUHFkVRhF4,Walters Home and Garden,5.0,4,Handyman/Handywoman/Handyperson,"3226 Camden Cir, Wilmington, NC 28403, United States","63HX+4G Wilmington, North Carolina, USA",,+1 910-612-6722,Closed · Opens 6 am,,https://lh3.googleusercontent.com/gps-cs-s/APNQkAFWF8oOkwppfT78I_xrd4w42lyArMqynrLIKrX0IJfezEfeVqL-E1s6fBY45CTphjZCSmviA4dEBwlkXWwH4SdGSOXMZg-l3ejVP8-yUWM7oAeP9z7v6jQV8jEdZxNRSfnDwf9D=w408-h611-k-no,true,6 am–9 pm,6 am–9 pm,6 am–9 pm,Closed,Closed,6 am–9 pm,6 am–9 pm,"https://www.google.com/maps/search/tree+service+businesses+in+Haynett+Townhip+Wilmington+NC/@34.2103894,-77.8868117,14z",2026-04-29T07:28:16.443Z,,,
https://www.google.com/maps/place/DiMaio+Concrete+Construction/data=!4m7!3m6!1s0x89a9f54c55f8b60b:0xb233e6b0b9e54e68!8m2!3d34.1944167!4d-77.9105857!16s%2Fg%2F11f6y9t0v7!19sChIJC7b4VUz1qYkRaE7lubDmM7I,DiMaio Concrete Construction,4.9,61,Concrete contractor,"2512 Independence Blvd suite 201, Wilmington, NC 28412, United States","53VQ+QQ Wilmington, North Carolina, USA",https://dimaioconcrete.com/,+1 910-297-4028,Closed · Opens 8 am,,https://lh3.googleusercontent.com/gps-cs-s/APNQkAEmEdWcsUkkg6IB0-EwfgfEkJYbBNlcyWsDPSHEd0y5HKUnb8mOVhjfVgc2Epea90nCKw77e5_qDW_Fe4_dlDbgAsNXNdxDoO-9SYP2Y7mRiJFSznJP-larhJxUBG74qezCIoY=w408-h544-k-no,true,8 am–6 pm,8 am–6 pm,8 am–6 pm,Closed,Closed,8 am–6 pm,8 am–6 pm,"https://www.google.com/maps/search/tree+service+businesses+in+Haynett+Townhip+Wilmington+NC/@34.2103894,-77.8868117,14z",2026-04-29T07:28:21.477Z,,,
https://www.google.com/maps/place/Ford+%26+Murphy+Roofing+%26+Restorations/data=!4m7!3m6!1s0x89a9f540e52c265f:0x9cd49c6d4d11d5ea!8m2!3d34.2260395!4d-77.9017699!16s%2Fg%2F11fkn489c5!19sChIJXyYs5UD1qYkR6tURTW2c1Jw,Ford & Murphy Roofing & Restorations,5.0,39,Roofing contractor,"708 Rosemont Ave, Wilmington, NC 28403, United States","63GX+C7 Wilmington, North Carolina, USA",https://fordandmurphy.com/,+1 910-234-6037,Closed · Opens 9 am,,https://lh3.googleusercontent.com/gps-cs-s/APNQkAG3BDnq5uNUNmKroGpLG7j5IKS7IJfmFYOAjSrWzJ3-OIDBXr41VgLBXI6rW0Wk201evqrq09T7UUd8zDamrZ6rH8ghZtMZ9iMBykd6A222rsST1bqUqq2pn_PNbSPRkX23wpsg=w426-h240-k-no,true,9 am–9 pm,9 am–9 pm,9 am–9 pm,9 am–1 pm,Closed,9 am–9 pm,9 am–9 pm,"https://www.google.com/maps/search/tree+service+businesses+in+Haynett+Townhip+Wilmington+NC/@34.2103894,-77.8868117,14z",2026-04-29T07:28:26.673Z,,,
https://www.google.com/maps/place/City+Of+Wilmington+Urban+Forestry+Division/data=!4m7!3m6!1s0x89aa1e372caf7475:0x756a9a61c9addac0!8m2!3d34.2131639!4d-77.9453492!16s%2Fg%2F11c5zxp795!19sChIJdXSvLDceqokRwNqtyWGaanU,City Of Wilmington Urban Forestry Division,5.0,2,Government office,"1702 Burnett Blvd, Wilmington, NC 28401, United States","6373+7V Wilmington, North Carolina, USA",,+1 910-341-7852,,,https://lh3.googleusercontent.com/gps-cs-s/APNQkAEAcT-tsu47d54WJ90M86sn4to8weQJ3xFGnopEqtWdUxkJkB6j1kNzlfjNBRB8znWtkWQwSlB1gu_YzAqjdKgwMrIYFib8uT4KWIk9KTZIzsmaINWrtM7mh0TWIlW5MlG4Bx-txA=w493-h240-k-no,false,,,,,,,,"https://www.google.com/maps/search/tree+service+businesses+in+Haynett+Townhip+Wilmington+NC/@34.2103894,-77.8868117,14z",2026-04-29T07:28:29.319Z,,,
https://www.google.com/maps/place/Riverlights/data=!4m7!3m6!1s0x89aa1d93284dc06d:0xe81cf95eba382c21!8m2!3d34.1544565!4d-77.9426833!16s%2Fg%2F11c2qs_bcz!19sChIJbcBNKJMdqokRISw4ul75HOg,Riverlights,4.6,160,Real estate developer,"109 Pier Master Pt #100, Wilmington, NC 28412, United States","5334+QW Wilmington, North Carolina, USA",https://www.riverlightsliving.com/?utm_source=google_gmb&utm_medium=organic&utm_campaign=google_mb,+1 910-405-1234,Closed · Opens 10 am,,https://lh3.googleusercontent.com/gps-cs-s/APNQkAE9-h55NUNcE5EjlMMtkDslGY_oNPjyeJWe7GlwfyUNe_pTfZx_8ZbhAsy7nwEXpU1zxeFVvy4QKmpttgBEBZ5dd0NAw88qCuuXN2fLPf5gXbGxVnSomTTZ6C9bMyPZFmdtDlwL=w408-h269-k-no,true,10 am–5 pm,10 am–5 pm,10 am–5 pm,10 am–5 pm,10 am–5 pm,10 am–5 pm,10 am–5 pm,"https://www.google.com/maps/search/tree+service+businesses+in+Riverlights+Wilmington+NC/@34.1544565,-77.9426833,14z",2026-04-29T07:28:49.891Z,,,
https://www.google.com/maps/place/Innovative+Landscaping/data=!4m7!3m6!1s0x89aa1f7f4751dd17:0xb54934db7fcaf9e7!8m2!3d34.1882651!4d-77.9343755!16s%2Fg%2F11q4hhsfjm!19sChIJF91RR38fqokR5_nKf9s0SbU,Innovative Landscaping,4.8,17,Landscaper,"447 Marion Dr, Wilmington, NC 28412, United States","53Q8+86 Wilmington, North Carolina, USA",http://innovativelandscaping.org/,+1 910-399-8530,Closed · Opens 8 am,,https://lh3.googleusercontent.com/gps-cs-s/APNQkAEmt_0sIBFUyrJTe26ffBuPXilUJ0o7xtcJ9dLv-slhu6v5psKsbDXhMvbjDRSneG6uR8HhtkRSpWL4mm67VQWoGNyYR_u-NaRedIbUJMpXw4zv27UnFNpwCxX9m4mjrn-lgRBWlg=w408-h544-k-no,true,8 am–5 pm,8 am–5 pm,8 am–5 pm,8 am–1 pm,Closed,8 am–5 pm,8 am–5 pm,"https://www.google.com/maps/search/tree+service+businesses+in+Riverlights+Wilmington+NC/@34.1544565,-77.9426833,14z",2026-04-29T07:29:03.288Z,,,
https://www.google.com/maps/place/Oasis+at+Riverlights+Apartments/data=!4m7!3m6!1s0x89aa1d782f8ad2b3:0xdeb66534a84e1f48!8m2!3d34.149117!4d-77.9382639!16s%2Fg%2F11rrpt4pgf!19sChIJs9KKL3gdqokRSB9OqDRltt4,Oasis at Riverlights Apartments,4.2,230,Apartment complex,"4027 Watercraft Ferry Ave, Wilmington, NC 28412, United States","43X6+JM Wilmington, North Carolina, USA",https://www.oasisatriverlights.com/?utm_knock=g,+1 910-631-5465,Closed · Opens 9 am,,https://lh3.googleusercontent.com/gps-cs-s/APNQkAE8kcrLQcm_fn9vWG70HifvjBxIAI_z9UKvYzHL_iUQtZQwhQFSJmEsTb4HVocxO6wxdQLAQEicam69i-6KW7LW4KERbqsR3TiHdyYe11O8IjXAElI0Uo4G_mMgDlchXHYrlf0C=w408-h272-k-no,true,9 am–6 pm,9 am–6 pm,9 am–6 pm,10 am–5 pm,Closed,9 am–6 pm,9 am–6 pm,"https://www.google.com/maps/search/tree+service+businesses+in+Riverlights+Wilmington+NC/@34.1544565,-77.9426833,14z",2026-04-29T07:29:08.931Z,· Dogs allowed,,
https://www.google.com/maps/place/Woodlands+at+Echo+Farms+by+McKee+Homes/data=!4m7!3m6!1s0x89aa1df9e5573239:0xf479fa90a5811342!8m2!3d34.1664164!4d-77.9331338!16s%2Fg%2F11t7c1cgd7!19sChIJOTJX5fkdqokRQhOBpZD6efQ,Woodlands at Echo Farms by McKee Homes,3.6,7,Home builder,"Musket Bay Dr, Wilmington, NC 28412, United States","5388+HP Wilmington, North Carolina, USA",https://www.mckeehomesnc.com/new-homes/nc/wilmington/woodlands-at-echo-farms/,+1 910-672-7491,,,https://lh3.googleusercontent.com/gps-cs-s/APNQkAHLgJ5gVpR_q8uvzlJulqVOXRrS5jiiawTXk-XPEPt9AO9Wiq1gGNglHLT0DSFhocZ60AhDr386I4bYDxKv5mKb-czOWFZvC6ONWrJuUNf4Mnyvf9ID2TGdvtL_p1bRXT7hw55uug=w408-h271-k-no,false,,,,,,,,"https://www.google.com/maps/search/tree+service+businesses+in+Riverlights+Wilmington+NC/@34.1544565,-77.9426833,14z",2026-04-29T07:29:26.263Z,,,
https://www.google.com/maps/place/VanBuren+Outdoors/data=!4m7!3m6!1s0x89a9f70e7668c2d7:0xaa8c6f4754e19d02!8m2!3d34.1103303!4d-77.8803036!16s%2Fg%2F11v0z2fgzc!19sChIJ18Jodg73qYkRAp3hVEdvjKo,VanBuren Outdoors,5.0,1,Landscape designer,"6631 Myrtle Grove Rd, Wilmington, NC 28409, United States","4469+4V Wilmington, North Carolina, USA",http://vanburenoutdoors.my.canva.site/,+1 910-859-0300,Closed · Opens 7 am,,https://lh3.googleusercontent.com/gps-cs-s/APNQkAHRUJlrq7nqZj3EJ0MJzIEVkwDg6S0s7MGpv0Inivx7agJU40SXaFJ2XX8fkh8V-mA-AKCkcm8lE6-KXy_xw772ooh26JdjLL1Qj5hwVvecN8j-RjZxEJNXtGOkOSeETaYfdeg=w408-h506-k-no,true,7 am–7 pm,7 am–7 pm,7 am–7 pm,7 am–7 pm,7 am–7 pm,7 am–7 pm,7 am–7 pm,"https://www.google.com/maps/search/tree+service+businesses+in+Masonboro+Township+Wilmington+NC/@34.1428841,-77.8138553,14z",2026-04-29T07:30:05.920Z,,,
https://www.google.com/maps/place/Standard+Glass+Company+of+Wilmington/data=!4m7!3m6!1s0x89a9f57d8cceb23b:0x769bbed4c7928753!8m2!3d34.226543!4d-77.927348!16s%2Fg%2F1tqnmhk3!19sChIJO7LOjH31qYkRU4eSx9S-m3Y,Standard Glass Company of Wilmington,4.6,255,Shower door shop,"801 S 16th St, Wilmington, NC 28401, United States","63GF+J3 Wilmington, North Carolina, USA",http://standardglass.com/,+1 910-390-1395,"Closed · Opens 7 am

Updated by this business 1 week ago",,https://lh3.googleusercontent.com/gps-cs-s/APNQkAGJQmkgtHEMUMOPpxSe5am39M6ezLZ5Jk5TsQcNBd3aJXQmsCuAAYSArB57o12rgX0rAkI9YnTXZxIFiwjWVHcE3W1DqP1mqW7Cb82n5YYtixaoHUOn2gb1hRnIJcXO8Jeja-Ns7Q=w446-h240-k-no,true,7 am–5 pm,7 am–5 pm,7 am–4 pm,Closed,Closed,7 am–5 pm,7 am–5 pm,"https://www.google.com/maps/search/tree+service+businesses+in+Topsail+Township+Wilmington+NC/@34.2103894,-77.8868117,14z",2026-04-29T07:30:48.208Z,· Delivery,,
https://www.google.com/maps/place/ArborCare+Tree+Management/data=!4m7!3m6!1s0x89a9f55044032421:0xdd05f674aa44180f!8m2!3d34.7070041!4d-77.6459702!16s%2Fg%2F11j01pnvv9!19sChIJISQDRFD1qYkRDxhEqnT2Bd0,ArborCare Tree Management,4.9,201,Tree service,"5736 Burgaw Hwy, Maple Hill, NC 28454, United States","P943+RJ Maple Hill, North Carolina, USA",https://arborcarenc.com/,+1 910-340-5057,"Closed · Opens 8 am

Confirmed by this business 8 weeks ago",,https://lh3.googleusercontent.com/gps-cs-s/APNQkAGUgTPz3JR_rbJ4VwppiE0-zeD_cntj6gUt6MzEjOOiHo_EhrzQD4KdPxualrDL6qPz7t89C5AWJhnQJXbuVl-qE1WIe-IqylptU_R2mJEe7slfs6xI3UtzZC7gBuaQghG9LJWl=w408-h408-k-no,true,8 am–5 pm,8 am–5 pm,8 am–5 pm,8 am–5 pm,Closed,8 am–5 pm,8 am–5 pm,"https://www.google.com/maps/search/tree+service+businesses+in+Topsail+Township+Wilmington+NC/@34.2103894,-77.8868117,14z",2026-04-29T07:31:00.049Z,,,