placeUrl,title,rating,reviewCount,category,address,plusCode,website,phoneNumber,currentStatus,info,isBlackOwned,imgUrl,isClaimed,wednesday,thursday,friday,saturday,sunday,monday,tuesday,query,timestamp,attributes,error
"https://www.google.com/maps/place/Potted+Perfection,+LLC./data=!4m7!3m6!1s0x89c6c60f9e9b983d:0xc9605eed7e145889!8m2!3d39.9366!4d-75.1823438!16s%2Fg%2F11b5zzpfbr!19sChIJPZibng_GxokRiVgUfu1eYMk","Potted Perfection, LLC.",4.8,50,Interior designer,"1266 S 23rd St, Philadelphia, PA 19146, United States","WRP9+J3 Philadelphia, Pennsylvania, USA",http://www.pottedperfectionllc.com/,+1 215-990-4906,Open · Closes 7 pm,LGBTQ+ friendly,true,https://lh3.googleusercontent.com/gps-cs-s/APNQkAG697LdZP1aFAz0IhF4Y4VVzBDfT3Yxc4CmDu5P1JqR3s0_fnd0PgzmbQbex3cEClNHpHzwW5HVguCordnc1-N6pB2wnurjHC6waswVLTb-p_dZVO0TGQxT9NGQDpQe_KPoJX8DnKVW5U1Q=w408-h544-k-no,true,9 am–7 pm,9 am–7 pm,9 am–7 pm,12–4 pm,Closed,9 am–7 pm,9 am–7 pm,"https://www.google.com/maps/search/commercial+landscaping+businesses+in+Center+City+Philadelphia+PA/@39.9509036,-75.1574567,14z",2026-04-29T19:43:52.998Z,,
https://www.google.com/maps/place/Mirror+Lawn+Turf+Doctor/data=!4m7!3m6!1s0x89c6c631c6afffff:0x2e1f32cff0c3bfef!8m2!3d39.9530971!4d-75.1673521!16s%2Fg%2F11ghr19rtr!19sChIJ__-vxjHGxokR77_D8M8yHy4,Mirror Lawn Turf Doctor,4.8,29,Landscaper,"1601 Market St 20th fl, Philadelphia, PA 19103, United States","XR3M+63 Philadelphia, Pennsylvania, USA",http://mirror-lawn.com/,+1 800-518-2129,Open · Closes 5 pm,,,https://lh3.googleusercontent.com/gps-cs-s/APNQkAHPcR6nno-kwBm06dzE1yj3zVscJTt7xrQ2UXRDUoD5Z3CJA6bCHNJ-1yE89m72oO2-CIXIrx_VZtx0f43GDTbDG8KnWVt0CP-21DhUAIJlUxxCr6ING2Vs9_VvKH8kurx1YObcMTHVEEIz=w408-h544-k-no,true,8:30 am–5 pm,8:30 am–5 pm,8:30 am–5 pm,Closed,Closed,8:30 am–5 pm,8:30 am–5 pm,"https://www.google.com/maps/search/commercial+landscaping+businesses+in+Center+City+Philadelphia+PA/@39.9509036,-75.1574567,14z",2026-04-29T19:43:59.022Z,,
https://www.google.com/maps/place/Ground+Reconsidered/data=!4m7!3m6!1s0x89c6c62541f67abf:0x7ba24a4b45ad22b2!8m2!3d39.9621133!4d-75.1533947!16s%2Fg%2F11c52kkd_f!19sChIJv3r2QSXGxokRsiKtRUtKons,Ground Reconsidered,5.0,1,Landscape architect,"915 Spring Garden St Suite 403, Philadelphia, PA 19123, United States","XR6W+RJ Philadelphia, Pennsylvania, USA",http://www.groundreconsidered.com/,+1 215-790-0727,Open · Closes 5 pm,Identifies as women-owned,,https://streetviewpixels-pa.googleapis.com/v1/thumbnail?panoid=2ZC5IdEf--X7Clr6VwXEyA&cb_client=search.gws-prod.gps&w=408&h=240&yaw=103.829025&pitch=0&thumbfov=100,true,9 am–5 pm,9 am–5 pm,9 am–5 pm,Closed,Closed,9 am–5 pm,9 am–5 pm,"https://www.google.com/maps/search/commercial+landscaping+businesses+in+Center+City+Philadelphia+PA/@39.9509036,-75.1574567,14z",2026-04-29T19:44:04.231Z,,
https://www.google.com/maps/place/Landscape+Design+Guy/data=!4m7!3m6!1s0x89c6c91bfa95da15:0xcd521f8460aae2b1!8m2!3d46.423669!4d-129.9427086!16s%2Fg%2F11fk94c5np!19sChIJFdqV-hvJxokRseKqYIQfUs0,Landscape Design Guy,4.0,4,Landscape designer,,,http://www.landscapedesignguy.com/,+1 215-901-6994,Closes soon · 4 pm · Opens 9 am Thu,,,https://lh3.googleusercontent.com/gps-cs-s/APNQkAESmQR8a-AbD8fwtdf81zuvy9MXzcTyK1Xq0XnyHzw9NZ2ThlbX5Ii-RxxsIDO1iJkceuVbkEVIJLfJXStpgvYu-kMylBEQ8qdwulFtlSAuwdyhzl9Ya-PQb6dw_d1ljzHpE30THDIB5Pn4=w426-h240-k-no,true,9 am–4 pm,9 am–4 pm,9 am–4 pm,Closed,Closed,9 am–4 pm,9 am–4 pm,"https://www.google.com/maps/search/commercial+landscaping+businesses+in+Center+City+Philadelphia+PA/@39.9509036,-75.1574567,14z",2026-04-29T19:44:08.947Z,,
https://www.google.com/maps/place/Close+at+Hand+Philly+LLC/data=!4m7!3m6!1s0x89c6c83cf941af03:0x3d18a3bb00fa8cab!8m2!3d46.423669!4d-129.9427086!16s%2Fg%2F11c1vjbvsf!19sChIJA69B-TzIxokRq4z6ALujGD0,Close at Hand Philly LLC,5.0,3,Gardener,,,https://closeathandphilly.com/,+1 267-234-7928,,,,https://lh3.googleusercontent.com/gps-cs-s/APNQkAF027B7NuS-2dS0V324NB5bUdlq3hakVgcY0adX2yZRCJvogzWKFV2DRmlML7ATaTped_vASaZWR-inbtmRCTSRVTG5_4tlTbrRHOOJ34xakLQHTOJQoKjjd5h8NtzSPJwx0kzArw=w408-h509-k-no,true,,,,,,,,"https://www.google.com/maps/search/commercial+landscaping+businesses+in+Center+City+Philadelphia+PA/@39.9509036,-75.1574567,14z",2026-04-29T19:44:11.542Z,,
https://www.google.com/maps/place/EAS+Landscaping/data=!4m7!3m6!1s0x89c6c7c76790a42f:0xf3e57b67897457a4!8m2!3d39.9704028!4d-75.1312348!16s%2Fg%2F11g69_7m0d!19sChIJL6SQZ8fHxokRpFd0iWd75fM,EAS Landscaping,5.0,61,Landscaper,"1211 E Oxford St, Philadelphia, PA 19125, United States","XVC9+5G Philadelphia, Pennsylvania, USA",http://www.easlh.com/,+1 267-670-0173,Open · Closes 5 pm,,,https://lh3.googleusercontent.com/gps-cs-s/APNQkAFWZ528VWTuQkwm23dC2cvQDvbQRn_78A5EmjaPoHVMeotGi5JNw8ihBIirTqVd4k9HkPOK-ISyQicO8HlxvAG5pmfDhHCCPVaLFI5dbtGVJFQ8_9U9CgKX5lhfCVCsvs52KYVccqG7PsfT=w408-h544-k-no,true,8:30 am–5 pm,8:30 am–5 pm,8:30 am–5 pm,Closed,Closed,8:30 am–5 pm,8:30 am–5 pm,"https://www.google.com/maps/search/commercial+landscaping+businesses+in+Center+City+Philadelphia+PA/@39.9509036,-75.1574567,14z",2026-04-29T19:44:16.355Z,,
https://www.google.com/maps/place/Mosaic+Landscape+Restoration/data=!4m7!3m6!1s0x89c6c6158c9d3261:0xe8921cbd15d9783f!8m2!3d40.073132!4d-74.724323!16s%2Fg%2F11c52tsxm0!19sChIJYTKdjBXGxokRP3jZFb0ckug,Mosaic Landscape Restoration,4.8,33,Landscape designer,,,http://www.mosaiclandscaperestoration.com/,+1 215-206-1855,Open · Closes 5 pm,,,https://lh3.googleusercontent.com/gps-cs-s/APNQkAHXz6dbUzSEIrRKzvIF6IQ8qMZeJP2_IRSRW1ZBXr5S9miYerFDt446kCz7s-vTaFY50cRjUTTtdF2f9fhGaR_04h9THjPFQ1PIRiCtqfdfeLvxjVbN_WkT1Wq0LtiT28zoJ9xa=w415-h240-k-no,true,9 am–5 pm,9 am–5 pm,9 am–5 pm,Closed,Closed,9 am–5 pm,9 am–5 pm,"https://www.google.com/maps/search/commercial+landscaping+businesses+in+Center+City+Philadelphia+PA/@39.9509036,-75.1574567,14z",2026-04-29T19:44:21.327Z,,
https://www.google.com/maps/place/Ken+and+Company/data=!4m7!3m6!1s0x89c6c794826dce89:0xbf8750e2b7cfc05b!8m2!3d40.2514605!4d-75.2519006!16s%2Fg%2F11h0b1r4jd!19sChIJic5tgpTHxokRW8DPt-JQh78,Ken and Company,5.0,1,Landscaper,,,,+1 610-636-6716,Open · Closes 9 pm,,,https://lh3.googleusercontent.com/gps-cs-s/APNQkAGZj58DctcFY_6J-TSC8MP5GWdA1L68E0NPY4eVJKMQdLyY-PHdjcYcEbmBHqctctLb0FLhCQVWSii79pj1BFM-aLZdimG9B0c7xFTmEInXWqAqvuGb_WA0lq5sk3dw7PMHesYT=w476-h240-k-no,true,8 am–9 pm,8 am–9 pm,8 am–9 pm,8 am–9 pm,8 am–9 pm,8 am–9 pm,8 am–9 pm,"https://www.google.com/maps/search/commercial+landscaping+businesses+in+Center+City+Philadelphia+PA/@39.9509036,-75.1574567,14z",2026-04-29T19:44:25.864Z,,
https://www.google.com/maps/place/Urban+Jungle/data=!4m7!3m6!1s0x89c6c61b1f688891:0xe94a2250bee355b2!8m2!3d39.9303911!4d-75.1630773!16s%2Fg%2F1w4f91hn!19sChIJkYhoHxvGxokRslXjvlAiSuk,Urban Jungle,4.4,306,Garden center,"1526 Passyunk Ave, Philadelphia, PA 19147, United States","WRJP+5Q Philadelphia, Pennsylvania, USA",http://urbanjunglephilly.com/,+1 215-952-0811,Open · Closes 6 pm,,,https://lh3.googleusercontent.com/gps-cs-s/APNQkAHVXQZ1M9IgWNXA2Uzwx7VhYgfvI2kJl-A_7XD6MyTyHW4-IJG7LFsT0fMb4gp7fqE1-9PAVP0aYn1OtPAz2oZT6ypIYhIWf15YAmuwi5AqzYk-hYWS45anUvKGKC4SAh6eeXl0g9QSgl_K=w408-h951-k-no,true,10 am–6 pm,10 am–6 pm,10 am–6 pm,10 am–6 pm,10 am–6 pm,10 am–6 pm,10 am–6 pm,"https://www.google.com/maps/search/commercial+landscaping+businesses+in+Center+City+Philadelphia+PA/@39.9509036,-75.1574567,14z",2026-04-29T19:44:30.877Z,Depot offering plants & supplies for sustainable urban gardens as well as landscaping services. · In-store shopping · Kerbside pickup,
https://www.google.com/maps/place/Service+Solutions+and+More+LLc./data=!4m7!3m6!1s0x89c6c9765733ffff:0xb9a1afa49f4d3f01!8m2!3d39.9319794!4d-75.0942865!16s%2Fg%2F11pkk9b_cz!19sChIJ__8zV3bJxokRAT9Nn6Svobk,Service Solutions and More LLc.,5.0,20,Landscape designer,,,,+1 609-515-3646,Open · Closes 7 pm,Identifies as Latino-owned,,https://lh3.googleusercontent.com/gps-cs-s/APNQkAEeVNREpouY2AevVM5yYgWIRbly0nsgZ7KjDUm4hOxoQEHa8DSrIOLAoPpNCHOfpN5OsMg25H-1fyd0HuQyjzljztBz_CqFif2lOCLb6q16s8Nuf_A2bp-9DjSipAM-MQs4nwrW8Gu-bHk5=w408-h544-k-no,true,7 am–7 pm,7 am–7 pm,7 am–7 pm,7 am–7 pm,Closed,7 am–7 pm,7 am–7 pm,"https://www.google.com/maps/search/commercial+landscaping+businesses+in+Center+City+Philadelphia+PA/@39.9509036,-75.1574567,14z",2026-04-29T19:44:35.759Z,,
https://www.google.com/maps/place/LawnStarter+Landscaping/data=!4m7!3m6!1s0x89c6c950ae8783d3:0x4d47e3631e850259!8m2!3d40.0617734!4d-75.043245!16s%2Fg%2F11lf_p1y29!19sChIJ04OHrlDJxokRWQKFHmPjR00,LawnStarter Landscaping,4.9,163,Landscaper,,,https://www.lawnstarter.com/philadelphia-pa-landscaping?utm_source=google&utm_medium=GLocal&utm_campaign=PhiladelphiaLocal,+1 215-703-2430,Open · Closes 10 pm,,,https://lh3.googleusercontent.com/gps-cs-s/APNQkAEG3W-tITnZ2tiqpbNVCapxt-MAPgEYPCuxe-3pCcNgJvStbJggjp-ewjQg7zovfPcXBwmqMRBGlN8ZoZMulzW9sbePYQj6lLIGFNwhyEVYrn29R12RN8LeGCDmTEbKLpjzaY1nDWYJwr5-=w408-h544-k-no,true,7 am–10 pm,7 am–10 pm,7 am–10 pm,7 am–10 pm,7 am–10 pm,7 am–10 pm,7 am–10 pm,"https://www.google.com/maps/search/commercial+landscaping+businesses+in+Center+City+Philadelphia+PA/@39.9509036,-75.1574567,14z",2026-04-29T19:44:40.421Z,,
https://www.google.com/maps/place/Athyrium+Design/data=!4m7!3m6!1s0x89c6c715321c9d3b:0xa26aa96fc9db7be7!8m2!3d39.9494304!4d-75.3114935!16s%2Fg%2F11h4q3qv7z!19sChIJO50cMhXHxokR53vbyW-paqI,Athyrium Design,5.0,7,Landscape designer,,,http://www.athyriumdesign.com/,+1 215-720-1221,Open · Closes 5 pm,LGBTQ+ friendly,,https://lh3.googleusercontent.com/gps-cs-s/APNQkAEcCWwfrnvJojBESF-6fZnGcOPruWC0Dr6O6J5vQqe32_1hr2EPANl4Z1hE8PLzzzVofuTVK_8A2XOl6JcMnLgDLk0WFeZJj-b95AdZ1NX3-t05NQjSe0v3UCuQI7rkNoZaPAAZ=w426-h240-k-no,true,9 am–5 pm,9 am–5 pm,9 am–5 pm,Closed,Closed,9 am–5 pm,9 am–5 pm,"https://www.google.com/maps/search/commercial+landscaping+businesses+in+Center+City+Philadelphia+PA/@39.9509036,-75.1574567,14z",2026-04-29T19:44:45.310Z,,
https://www.google.com/maps/place/digs/data=!4m7!3m6!1s0x89c6c87b1dc64d45:0x8cdb10e23c9b04c!8m2!3d39.9986805!4d-75.138334!16s%2Fg%2F11xgb8py_!19sChIJRU3GHXvIxokRTLDJIw6xzQg,digs,5.0,1,Landscape designer,,,http://www.digsliving.com/,+1 267-908-3447,Open · Closes 8 pm,,,https://lh3.googleusercontent.com/gps-cs-s/APNQkAH1jsUboMuma2LlC2U1NktrjVKXkjMj5juqb2m36ExCUbQx2phyMphZMsPeNI_fpzIAbQUoeUVdcuNDMyvJUtffxyBWrU-26V6Du13T-BiZMSWhCMYW2cl2mQFBMV63bne4Zv1X=w408-h306-k-no,true,8 am–8 pm,8 am–8 pm,8 am–8 pm,8 am–8 pm,Closed,8 am–8 pm,8 am–8 pm,"https://www.google.com/maps/search/commercial+landscaping+businesses+in+Center+City+Philadelphia+PA/@39.9509036,-75.1574567,14z",2026-04-29T19:44:50.026Z,,
https://www.google.com/maps/place/Duran%27s+LANDSCAPING+LLC/data=!4m7!3m6!1s0x89c6b7bb4d9a93fb:0x75c90782ab42162a!8m2!3d40.0242569!4d-75.1245665!16s%2Fg%2F11c1qbv3tg!19sChIJ-5OaTbu3xokRKhZCq4IHyXU,Duran's LANDSCAPING LLC,4.9,40,Landscaper,"4832 N Hope St, Philadelphia, PA 19120, United States","2VFG+P5 Philadelphia, Pennsylvania, USA",http://duranlandscapingllc.com/,+1 267-970-1289,Open · Closes 5 pm,,,https://lh3.googleusercontent.com/gps-cs-s/APNQkAGGCUZkY4Qm6XaXDvqLXCvj2qk3eytbK27PhV7wHrpXrO0McsZUYOqIbvh6Jue02wAjDTno6cOttinsQ30-6k50L5AU6brTANtHcFAZTiQJ_Ax0yqMecJ-tn9ECmChlCLQlINm51A=w408-h306-k-no,true,9 am–5 pm,9 am–5 pm,9 am–5 pm,Closed,Closed,9 am–5 pm,9 am–5 pm,"https://www.google.com/maps/search/commercial+landscaping+businesses+in+Center+City+Philadelphia+PA/@39.9509036,-75.1574567,14z",2026-04-29T19:44:54.736Z,,
https://www.google.com/maps/place/LawnStarter+Lawn+Care+Service/data=!4m7!3m6!1s0x89c6c633e64d395b:0xbff67f1ea1a176c6!8m2!3d39.9556694!4d-75.1707761!16s%2Fg%2F11gdtw3bgw!19sChIJWzlN5jPGxokRxnahoR5_9r8,LawnStarter Lawn Care Service,4.2,379,Lawn care service,"1835 Arch St #507, Philadelphia, PA 19103, United States","XR4H+7M Philadelphia, Pennsylvania, USA",https://www.lawnstarter.com/philadelphia-pa-lawn-care?utm_source=google&utm_medium=GLocal&utm_campaign=PhiladelphiaGLocal,+1 215-402-7398,Open · Closes 10 pm,,,https://lh3.googleusercontent.com/gps-cs-s/APNQkAFIf6VzAOnoM-n3Gtcihbe9S7rS81_W9Xe7A17rVWUWJsStuaqgdUiJyUrjTGCYV1OgNAiJZ76kABtAgo98AU4sKa9fCnCzp8aDMxLeQErfNJqCxcAXoOVycfIY4d_m2-qsg41F70uAPyo=w408-h408-k-no,true,8 am–10 pm,8 am–10 pm,8 am–10 pm,8 am–10 pm,8 am–10 pm,8 am–10 pm,8 am–10 pm,"https://www.google.com/maps/search/commercial+landscaping+businesses+in+Center+City+Philadelphia+PA/@39.9509036,-75.1574567,14z",2026-04-29T19:44:59.529Z,,
https://www.google.com/maps/place/Philly+Artificial+Grass+Pros/data=!4m7!3m6!1s0x89c6c7e14d4aa0a5:0xcf0161bf9ccf88cd!8m2!3d39.9555671!4d-75.1696607!16s%2Fg%2F11f5zf1qf7!19sChIJpaBKTeHHxokRzYjPnL9hAc8,Philly Artificial Grass Pros,4.5,2,Landscaper,"100 N 18th St suite 300, Philadelphia, PA 19103, United States","XR4J+64 Philadelphia, Pennsylvania, USA",https://phillyartificialgrasspros.com/,+1 267-376-8932,Open · Closes 5 pm,Identifies as women-owned,,https://lh3.googleusercontent.com/gps-cs-s/APNQkAHsWHRbcScMtDie2IvxIvTLvh4gIa1m7HXBaI6ygRc54sam6tss4plvCd_USdgBAI5g65Im8Y6umxBOYEF0iB-G_r89uGMwnK2TKuv8uvi_6lTxvkk_XcnlLZYGN3aO6c-fTtlScg=w408-h272-k-no,true,9 am–5 pm,9 am–5 pm,9 am–5 pm,9 am–5 pm,Closed,9 am–5 pm,9 am–5 pm,"https://www.google.com/maps/search/commercial+landscaping+businesses+in+Center+City+Philadelphia+PA/@39.9509036,-75.1574567,14z",2026-04-29T19:45:04.309Z,,
https://www.google.com/maps/place/Four+Seasons+Total+Landscaping/data=!4m7!3m6!1s0x89c6b44c3cd2507b:0xf7a6fd9e9365a3be!8m2!3d40.0262831!4d-75.0302985!16s%2Fg%2F1tcvcvs3!19sChIJe1DSPEy0xokRvqNlk579pvc,Four Seasons Total Landscaping,4.4,202,Landscaper,"7339 State Rd., Philadelphia, PA 19136, United States","2XG9+GV Philadelphia, Pennsylvania, USA",http://www.fstl1992.com/,+1 215-624-5408,Closes soon · 4 pm · Opens 8 am Thu,,,https://lh3.googleusercontent.com/gps-cs-s/APNQkAHwnEcNsnY3PxnyLIYIuAz4Rp8SOakQnGCFE7JgXJk7I40CBVhuXXF3rVUmvQGGd0OL5eESAhdXUITGX_WEyscs40pXl1g7qUli_hwHnw4rY3j8a4Twz1H7nAQRWwLxlWkN-sg=w408-h241-k-no,true,8 am–4 pm,8 am–4 pm,8 am–4 pm,Closed,Closed,8 am–4 pm,8 am–4 pm,"https://www.google.com/maps/search/commercial+landscaping+businesses+in+Center+City+Philadelphia+PA/@39.9509036,-75.1574567,14z",2026-04-29T19:45:09.134Z,,
https://www.google.com/maps/place/UDS+Philly+Landscaping+and+Removal/data=!4m7!3m6!1s0xa7f6d4c8d60b6411:0x4e30a899a923a1bb!8m2!3d40.0194523!4d-75.1364325!16s%2Fg%2F11sx006vf5!19sChIJEWQL1sjU9qcRu6EjqZmoME4,UDS Philly Landscaping and Removal,5.0,55,Landscaper,"4455 N 6th St, Philadelphia, PA 19140, United States","2V97+QC Philadelphia, Pennsylvania, USA",http://udsphilly.com/,+1 267-540-3107,Open 24 hours,,true,https://lh3.googleusercontent.com/gps-cs-s/APNQkAHxswTPnflf3tQPLcjcNbQmS_tbsdpbK07a-4CfH14C1bT7f3cN1pcjS32CHfmp9wbyjN0b229ofbTiUVPofeR8h-dPhWbuPGjPlOwJBDcEmAbUU4Aa2btCdhKq4QnBxqv1q3eLFzsB98Ux=w408-h543-k-no,true,Open 24 hours,Open 24 hours,Open 24 hours,Open 24 hours,Open 24 hours,Open 24 hours,Open 24 hours,"https://www.google.com/maps/search/commercial+landscaping+businesses+in+Center+City+Philadelphia+PA/@39.9509036,-75.1574567,14z",2026-04-29T19:45:13.894Z,,
https://www.google.com/maps/place/R+Simms/data=!4m7!3m6!1s0x273f6ee0eea1df31:0x705a217479d36d03!8m2!3d40.002498!4d-75.1180146!16s%2Fg%2F11ygq0ywly!19sChIJMd-h7uBuPycRA23TeXQhWnA,R Simms,5.0,2,Landscaper,,,https://rsimmspa.com/,+1 215-484-4184,Open · Closes 11 pm,,,https://lh3.googleusercontent.com/gps-cs-s/APNQkAHiDecaXgqi79jqr4Qx2B-HjAZLtporHxpg0Ol9sw9BcJnY9hHUUdQW19vJHhGom7qK9Yls8rSdkSGH7wHOdr_z8Z72IcKAmkkGFXAG4lpQZinMY_r-CpQTj5bvKprqf2AXEK7TGd9AggyY=w408-h543-k-no,true,9 am–11 pm,9 am–11 pm,9 am–11 pm,9 am–11 pm,9 am–11 pm,9 am–11 pm,9 am–11 pm,"https://www.google.com/maps/search/commercial+landscaping+businesses+in+Center+City+Philadelphia+PA/@39.9509036,-75.1574567,14z",2026-04-29T19:45:19.299Z,,
https://www.google.com/maps/place/City+Planter/data=!4m7!3m6!1s0x89c6c87b1fe9e339:0x79c5d6819c7dd56a!8m2!3d39.9642173!4d-75.1444631!16s%2Fg%2F1tfsjc7s!19sChIJOePpH3vIxokRatV9nIHWxXk,City Planter,4.7,215,Garden center,"814 N 4th St, Philadelphia, PA 19123, United States","XV74+M6 Philadelphia, Pennsylvania, USA",http://www.cityplanter.com/,+1 215-627-6169,,,,https://lh3.googleusercontent.com/gps-cs-s/APNQkAG0RKRQfdb-bu269GV04WaHOWP-GCsCpw_6OokvYh5BtxeNbVcUeHkCc4B-7r5DMNHWVbAZK3hQtJ3XYbMdi99LA-_e2oRvF-36os1EGy3I75zGJ1AsCrYD_ANYl_qnEz_Qrd--=w408-h544-k-no,true,11 am–4 pm,11 am–4 pm,11 am–4 pm,11 am–4 pm,11 am–4 pm,11 am–4 pm,11 am–4 pm,"https://www.google.com/maps/search/commercial+landscaping+businesses+in+Center+City+Philadelphia+PA/@39.9509036,-75.1574567,14z",2026-04-29T19:45:24.319Z,"Store selling a variety of plants, garden containers, fountains & more in a converted warehouse. · In-store shopping · Kerbside pickup · Delivery",
"https://www.google.com/maps/place/WC+Landscape+%26+Contracting,+LLC/data=!4m7!3m6!1s0x89c6b88d0396ffff:0x31d5346f94cc5618!8m2!3d40.0235065!4d-75.2103097!16s%2Fg%2F11h3vbmg_x!19sChIJ__-WA424xokRGFbMlG801TE","WC Landscape & Contracting, LLC",4.8,17,Landscape architect,"415 Seville St, Philadelphia, PA 19128, United States","2QFQ+CV Philadelphia, Pennsylvania, USA",http://wclandscapecontracting.com/,+1 484-664-9696,Open · Closes 6 pm,,,https://lh3.googleusercontent.com/gps-cs-s/APNQkAG0zkoE6LRIRoJZRpF1G8Ws8L7H3rvPemjXTY16MdSuRoj5-uDAu_SV1lOrUCC9mHDT9zA--7J4mjC0tKqejM4jswMAHdvcsX69B2XlbLQRgU7EgotTJmiAwG7XCyMbRjK8CdHl5g=w408-h306-k-no,true,8 am–6 pm,8 am–6 pm,8 am–6 pm,8 am–12 pm,Closed,8 am–6 pm,8 am–6 pm,"https://www.google.com/maps/search/commercial+landscaping+businesses+in+Center+City+Philadelphia+PA/@39.9509036,-75.1574567,14z",2026-04-29T19:45:29.348Z,,
https://www.google.com/maps/place/Rainbow+Lawncare+Industries/data=!4m7!3m6!1s0x89c6b7beee0c88ed:0xec3c16d52096082d!8m2!3d40.0181369!4d-75.1268181!16s%2Fg%2F1trxfnf2!19sChIJ7YgM7r63xokRLQiWINUWPOw,Rainbow Lawncare Industries,4.4,86,Lawn care service,"4425 Rising Sun Ave, Philadelphia, PA 19140, United States","2V9F+77 Philadelphia, Pennsylvania, USA",https://www.rainbowlhc.com/,+1 215-457-7533,Closes soon · 4 pm · Opens 7:30 am Thu,,,https://lh3.googleusercontent.com/gps-cs-s/APNQkAGxswGS3gklQT78HxzDIfrDvM8ozVWl4zl9jP5nacC_zq1Vq2duG1p916lv9PuHuFZsndsZRhPbWo5lMRbfuq4KJuZO5dfVsTvGeFgO_D0cYd2sF5MgsmZkVuW9M5qllfo03AZm=w408-h306-k-no,true,7:30 am–4 pm,7:30 am–4 pm,7:30 am–4 pm,8 am–12:30 pm,Closed,7:30 am–4 pm,7:30 am–4 pm,"https://www.google.com/maps/search/commercial+landscaping+businesses+in+Center+City+Philadelphia+PA/@39.9509036,-75.1574567,14z",2026-04-29T19:45:34.388Z,,
https://www.google.com/maps/place/Bedrock+Contractors/data=!4m7!3m6!1s0x89c6c8561d09d8c9:0xaab5fdfd28efe62f!8m2!3d39.949817!4d-75.107787!16s%2Fg%2F11f3wmv5h0!19sChIJydgJHVbIxokRL-bvKP39tao,Bedrock Contractors,5.0,30,Landscape architect,"1202 Centennial Village, Camden, NJ 08105, United States","WVXR+WV Camden, New Jersey, USA",,+1 267-760-3477,Open · Closes 6 pm,,,https://lh3.googleusercontent.com/gps-cs-s/APNQkAF0eLjTR0uuMK0QY2_tc0V__qlw00sCKplC__jcEA-ULCHd_VKNrbCuUHwlovv4eRAw6s6Lh-BEKhFWvHBdIeiKIG0DIFyQRg48hrxsPMFAZBsd3qNBWnlzQbPXuliRzG53wv8=w408-h306-k-no,true,8 am–6 pm,8 am–6 pm,8 am–6 pm,9 am–2 pm,9 am–2 pm,8 am–6 pm,8 am–6 pm,"https://www.google.com/maps/search/commercial+landscaping+businesses+in+Center+City+Philadelphia+PA/@39.9509036,-75.1574567,14z",2026-04-29T19:45:39.234Z,,
https://www.google.com/maps/place/Sanchez+Landscaping/data=!4m7!3m6!1s0x89c6c9973f1b2503:0x2bdb1e22e9919d91!8m2!3d39.9947388!4d-75.1431596!16s%2Fg%2F11pf3j1y5k!19sChIJAyUbP5fJxokRkZ2R6SIe2ys,Sanchez Landscaping,5.0,1,Landscaper,"2829 N 7th St, Philadelphia, PA 19133, United States","XVV4+VP Philadelphia, Pennsylvania, USA",,+1 267-784-3687,Open · Closes 5 pm,,,https://lh3.googleusercontent.com/gps-cs-s/APNQkAEDi-W4_yZGGFfxgU3CLsVcMJIlj0Ehv-JPewUnbVtNV5ryrILNHejkNZOgz0ixoG7lH7_AclOAqSH8OZ9ivhAn7Uzwr3Q0l3AiDbRngIVIzMINiq9mHZNFHFjzSoZvYLUSonUx=w513-h240-k-no,true,7:30 am–5 pm,7:30 am–5 pm,7:30 am–5 pm,8 am–4 pm,Closed,7:30 am–5 pm,7:30 am–5 pm,"https://www.google.com/maps/search/commercial+landscaping+businesses+in+Center+City+Philadelphia+PA/@39.9509036,-75.1574567,14z",2026-04-29T19:45:43.931Z,,
https://www.google.com/maps/place/Land+Identity/data=!4m7!3m6!1s0x8c49c8728b686d61:0x8e339d5e3048bdf5!8m2!3d39.9422546!4d-75.155344!16s%2Fg%2F11xgvv4r51!19sChIJYW1oi3LISYwR9b1IMF6dM44,Land Identity,,,Landscape architect,"744 South St, Philadelphia, PA 19147, United States","WRRV+WV Philadelphia, Pennsylvania, USA",https://landidentity.com/,+1 908-789-4626,Open · Closes 5:30 pm,,,https://lh3.googleusercontent.com/gps-cs-s/APNQkAFXg3dpfbmJYzqnPAd4k5UZJ4Z3zwHgGtI9myFlUJnXaBNQHnSgwC3zSgTXJsyvrXgVhCiHdb7hTdxE1WaKgvn95FjIOttnbF99XEjLGlcWD1S-28QBTry_docNF8EiJheM9zoksklM4r6P=w408-h308-k-no,true,9 am–5:30 pm,9 am–5:30 pm,9 am–5:30 pm,Closed,Closed,9 am–5:30 pm,9 am–5:30 pm,"https://www.google.com/maps/search/commercial+landscaping+businesses+in+Center+City+Philadelphia+PA/@39.9509036,-75.1574567,14z",2026-04-29T19:45:48.582Z,,
https://www.google.com/maps/place/Lawn+Boy+Landscaping+%26+Hardscaping/data=!4m7!3m6!1s0x89c6b98326618c87:0xc0aa1beafa1e3779!8m2!3d40.0290035!4d-75.2245579!16s%2Fg%2F11l30zhfkz!19sChIJh4xhJoO5xokReTce-uobqsA,Lawn Boy Landscaping & Hardscaping,5.0,54,Landscaper,"186 Green Ln, Philadelphia, PA 19127, United States","2QHG+J5 Philadelphia, Pennsylvania, USA",http://lawnboylandscapes.com/,+1 215-300-4518,Open 24 hours,,,https://lh3.googleusercontent.com/gps-cs-s/APNQkAE8dE5O1VY9tI1GEV6ilkkapz09RyVhSahsiONoRnlk6JcD9zXyJLHCQyfWUyZHfAWkrDsL0Q9H61F6QFV86FF8VfahhEV7n-1jvgvMsoS5BWPtdLhhiH3qdO2l9LXHqz6v4qs=w408-h544-k-no,true,Open 24 hours,Open 24 hours,Open 24 hours,Open 24 hours,Open 24 hours,Open 24 hours,Open 24 hours,"https://www.google.com/maps/search/commercial+landscaping+businesses+in+Center+City+Philadelphia+PA/@39.9509036,-75.1574567,14z",2026-04-29T19:45:53.348Z,,
https://www.google.com/maps/place/Tri+State+Landscape+Equipment+And+Supplies/data=!4m7!3m6!1s0x89c6b7bec0f478d7:0x2333a52c6b1b9727!8m2!3d40.0183523!4d-75.1266042!16s%2Fg%2F11hy9pbyt5!19sChIJ13j0wL63xokRJ5cbayylMyM,Tri State Landscape Equipment And Supplies,4.8,182,Landscaping supply store,"4425 Rising Sun Ave, Philadelphia, PA 19140, United States","2V9F+89 Philadelphia, Pennsylvania, USA",http://www.tristatesupply.net/,+1 215-754-0116,Closes soon · 4 pm · Opens 7 am Thu,,,https://lh3.googleusercontent.com/gps-cs-s/APNQkAEpMoYHLzIrtE5PQBgB1gvDAR6zjA4NPc1brnxsi8xMFeaZK4r3mjeMU1fgL-yxTGtDzRcYr3AXb0DJPpF4dcd27UQ5yDmDFVjqqLAJV5VFTORpCh7BWymwGPi9ZXZgVanwLT0=w553-h240-k-no,true,7 am–4 pm,7 am–4 pm,7 am–4 pm,7 am–12 pm,Closed,7 am–4 pm,7 am–4 pm,"https://www.google.com/maps/search/commercial+landscaping+businesses+in+Center+City+Philadelphia+PA/@39.9509036,-75.1574567,14z",2026-04-29T19:45:58.398Z,· In-store shopping · In-store pick-up · Delivery,
https://www.google.com/maps/place/NK+Construction+and+Design/data=!4m7!3m6!1s0x4e1f2dbe04db084d:0xc2c40bc66f09143d!8m2!3d39.9478012!4d-75.1636872!16s%2Fg%2F11sstqrncg!19sChIJTQjbBL4tH04RPRQJb8YLxMI,NK Construction and Design,4.9,45,Remodeler,"1324 Locust St, Philadelphia, PA 19107, United States","WRXP+4G Philadelphia, Pennsylvania, USA",https://nkconstructiondesign.com/,+1 267-573-1988,"Open · Closes 5 pm

Updated by this business 11 weeks ago",,,https://lh3.googleusercontent.com/gps-cs-s/APNQkAEo0WqdJIJG9bl_4EBMbcT7cvMKazvZzoh28kKclFKh54FkU01ybi2-LQnQGKVsToiG8214XXFKuoC2dsb4Fq5psEMmz4VvQkENC0AYZykkVirXNFjPrMLhmpZFJELQj_iVMEuBRYGnOp-V=w425-h240-k-no,true,9 am–5 pm,9 am–5 pm,9 am–5 pm,9 am–5 pm,Closed,9 am–5 pm,9 am–5 pm,"https://www.google.com/maps/search/commercial+landscaping+businesses+in+Center+City+Philadelphia+PA/@39.9509036,-75.1574567,14z",2026-04-29T19:46:03.285Z,,
https://www.google.com/maps/place/Rowhouse+Growhouse/data=!4m7!3m6!1s0x8011a3ada32dcd41:0x3fc21217698b00cd!8m2!3d40.002498!4d-75.159337!16s%2Fg%2F11t85fnfl5!19sChIJQc0to62jEYARzQCLaRcSwj8,Rowhouse Growhouse,5.0,21,Landscape designer,,,http://rowhouse-growhouse.com/,+1 917-806-5775,Open · Closes 5 pm,LGBTQ+ friendly,,https://lh3.googleusercontent.com/gps-cs-s/APNQkAFhcpy8PxEyVmHDRRURSx1XVdE651fABBwV6_gU-_ej8bTDsLt30-oBIEDfLJVgsiFD7eWqyBpkW1od-BBfzDtmx4u9GKd1F7gJ17CD7HJfEUsZkwgMVUbhMgsVWvJ6UZn1pnaoRgLj5_9d=w408-h278-k-no,true,9 am–5 pm,9 am–5 pm,9 am–5 pm,Closed,Closed,9 am–5 pm,9 am–5 pm,"https://www.google.com/maps/search/commercial+landscaping+businesses+in+Center+City+Philadelphia+PA/@39.9509036,-75.1574567,14z",2026-04-29T19:46:08.090Z,,
"https://www.google.com/maps/place/Philadelphia+Gardens,+Inc./data=!4m7!3m6!1s0x89c6b85752a82a21:0x65cccc749ab3be53!8m2!3d40.034191!4d-75.1953955!16s%2Fg%2F1t_wq9fr!19sChIJISqoUle4xokRU76zmnTMzGU","Philadelphia Gardens, Inc.",4.3,15,Landscape designer,"662 W Johnson St, Philadelphia, PA 19144, United States","2RM3+MR Philadelphia, Pennsylvania, USA",http://philadelphiagardens.com/,+1 215-951-9193,Open 24 hours,Identifies as women-owned,,https://lh3.googleusercontent.com/gps-cs-s/APNQkAE57F1DKhIWzO_Y7XWK-4_Srr5HHMzHiW4femf6D8WEdZ6DRd_2U0G44GSsiK-Qzvy71-frb_d9i86oxu0CwfdAOwKu2m18n8GmM1yKSJZIMZUoDqhji-MX_5mR5FLARHyXNi2Wp38MLag=w426-h240-k-no,false,Open 24 hours,Open 24 hours,Open 24 hours,Open 24 hours,Open 24 hours,Open 24 hours,Open 24 hours,"https://www.google.com/maps/search/commercial+landscaping+businesses+in+Center+City+Philadelphia+PA/@39.9509036,-75.1574567,14z",2026-04-29T19:46:13.026Z,,
https://www.google.com/maps/place/All-Out+House+Works+LLC/data=!4m7!3m6!1s0x89c6c603e68faaab:0x3bbea85779922d7c!8m2!3d39.9250587!4d-75.1581872!16s%2Fg%2F11f4_5mcw8!19sChIJq6qP5gPGxokRfC2SeVeovjs,All-Out House Works LLC,4.3,11,House cleaning service,"705 Hoffman St, Philadelphia, PA 19148, United States","WRGR+2P Philadelphia, Pennsylvania, USA",http://www.allouthouseworks.com/,+1 215-874-7010,Open · Closes 5 pm,LGBTQ+ friendly,,https://lh3.googleusercontent.com/gps-cs-s/APNQkAGdG1rFdIV3ud8yIb5N04Q_fzWisgRWjHr5f_Vii5AxPHtX8hpKvRzQsBqL2o_V4Iq83zQ_qLiu6PX3FAxxNIryRKAtHFxlq30swxLvuKIC2ENc0UxKiGplffhTyOcm3nMG7BFO=w408-h306-k-no,true,10 am–5 pm,10 am–5 pm,10 am–5 pm,Closed,Closed,10 am–5 pm,10 am–5 pm,"https://www.google.com/maps/search/commercial+landscaping+businesses+in+Center+City+Philadelphia+PA/@39.9509036,-75.1574567,14z",2026-04-29T19:46:17.800Z,,
https://www.google.com/maps/place/Royal+Family+Construction+LLC/data=!4m7!3m6!1s0x89c6c76403f9e9d5:0x2a67ee987ea29fe3!8m2!3d39.952767!4d-75.1693268!16s%2Fg%2F11jl33zqx2!19sChIJ1en5A2THxokR45-ifpjuZyo,Royal Family Construction LLC,5.0,2,Construction company,"1700 Market St #1005, Philadelphia, PA 19103, United States","XR3J+47 Philadelphia, Pennsylvania, USA",,+1 769-236-0208,Open 24 hours,,,https://lh3.googleusercontent.com/gps-cs-s/APNQkAHOKLNMqSlV5Evm8S2bhQQ5pkdHTCk9OOgPSkwKIM3yfyXxZ9HZB9mJlnk5bdO2c0LHyH7SRiEi2tkoWjqAx6dRyx5WtC0vbzpvC77l4qBSXcs3FdvbZfK2WanfPMq3fzyDSNJj=w408-h725-k-no,false,Open 24 hours,Open 24 hours,Open 24 hours,Open 24 hours,Open 24 hours,Open 24 hours,Open 24 hours,"https://www.google.com/maps/search/commercial+landscaping+businesses+in+Center+City+Philadelphia+PA/@39.9509036,-75.1574567,14z",2026-04-29T19:46:22.701Z,,
https://www.google.com/maps/place/OJB+Landscape+Architecture/data=!4m7!3m6!1s0x89c6b9b61365f5ed:0x829806d3730174fa!8m2!3d39.9528017!4d-75.1699057!16s%2Fg%2F11gsbfj61b!19sChIJ7fVlE7a5xokR-nQBc9MGmII,OJB Landscape Architecture,,,Landscape architect,"1760 Market St Suite 501, Philadelphia, PA 19103, United States","XR3J+42 Philadelphia, Pennsylvania, USA",https://www.ojb.com/philadelphia/?utm_source=google&utm_medium=organic&utm_campaign=gbp-philadelphia,+1 267-437-4470,Open · Closes 5:30 pm,LGBTQ+ friendly,,https://streetviewpixels-pa.googleapis.com/v1/thumbnail?panoid=gbBDQ6AcIY0BjwApQ5z6WQ&cb_client=search.gws-prod.gps&w=408&h=240&yaw=135.39969&pitch=0&thumbfov=100,true,8 am–5:30 pm,8 am–5:30 pm,8 am–5:30 pm,Closed,Closed,8 am–5:30 pm,8 am–5:30 pm,"https://www.google.com/maps/search/commercial+landscaping+businesses+in+Center+City+Philadelphia+PA/@39.9509036,-75.1574567,14z",2026-04-29T19:46:27.382Z,,
https://www.google.com/maps/place/Evergreen+Design+Group/data=!4m7!3m6!1s0x89c6c7fbcfe4d4cb:0x16f65d24ca09af5!8m2!3d39.952659!4d-75.1680966!16s%2Fg%2F11py_7j8xm!19sChIJy9Tkz_vHxokR9ZqgTNJlbwE,Evergreen Design Group,,,Landscape architect,"1650 Market St suite 3600, Philadelphia, PA 19103, United States","XR3J+3Q Philadelphia, Pennsylvania, USA",https://evergreendesigngroup.com/,+1 800-680-6630,Open · Closes 5 pm,,,https://streetviewpixels-pa.googleapis.com/v1/thumbnail?panoid=L4FvtUSHnt9lzmyagixgGg&cb_client=search.gws-prod.gps&w=408&h=240&yaw=181.61862&pitch=0&thumbfov=100,false,9 am–5 pm,9 am–5 pm,9 am–5 pm,Closed,Closed,9 am–5 pm,9 am–5 pm,"https://www.google.com/maps/search/commercial+landscaping+businesses+in+Center+City+Philadelphia+PA/@39.9509036,-75.1574567,14z",2026-04-29T19:46:31.820Z,,
https://www.google.com/maps/place/Land+Clearing+Philadelphia/data=!4m7!3m6!1s0x89c6c6ff08862d05:0x3d4ba9ee6beae88e!8m2!3d39.9617587!4d-75.2033792!16s%2Fg%2F1tfk9zst!19sChIJBS2GCP_GxokRjujqa-6pSz0,Land Clearing Philadelphia,,,Excavating contractor,"4029 Spring Garden St #1, Philadelphia, PA 19104, United States","XQ6W+PJ Philadelphia, Pennsylvania, USA",,+1 215-398-4782,Open 24 hours,,,https://streetviewpixels-pa.googleapis.com/v1/thumbnail?panoid=684mQyefNjbsyLq3rP2hxg&cb_client=search.gws-prod.gps&w=408&h=240&yaw=357.66284&pitch=0&thumbfov=100,true,Open 24 hours,Open 24 hours,Open 24 hours,Open 24 hours,Open 24 hours,Open 24 hours,Open 24 hours,"https://www.google.com/maps/search/commercial+landscaping+businesses+in+Center+City+Philadelphia+PA/@39.9509036,-75.1574567,14z",2026-04-29T19:46:36.412Z,,
https://www.google.com/maps/place/Leo+Garden+Design/data=!4m7!3m6!1s0x89c6c7b2bdd6103b:0xbad9728ae96c0383!8m2!3d39.9636184!4d-75.1884584!16s%2Fg%2F11nnwg78sj!19sChIJOxDWvbLHxokRgwNs6Ypy2bo,Leo Garden Design,,,Landscaper,"501 N 32nd St, Philadelphia, PA 19104, United States","XR76+CJ Philadelphia, Pennsylvania, USA",https://www.leogardendesign.com/contact,+1 610-724-5340,,,,https://streetviewpixels-pa.googleapis.com/v1/thumbnail?panoid=4QMMEnwFhghwXb54qe118A&cb_client=search.gws-prod.gps&w=408&h=240&yaw=76.782234&pitch=0&thumbfov=100,false,,,,,,,,"https://www.google.com/maps/search/commercial+landscaping+businesses+in+Center+City+Philadelphia+PA/@39.9509036,-75.1574567,14z",2026-04-29T19:46:38.950Z,,
https://www.google.com/maps/place/Urban+Jungle+Nursery/data=!4m7!3m6!1s0x89c6c9f987bb828f:0x7f1743274c031fc6!8m2!3d39.9257692!4d-75.1463253!16s%2Fg%2F11q4dlb4pc!19sChIJj4K7h_nJxokRxh8DTCdDF38,Urban Jungle Nursery,5.0,5,Plant nursery,"1721 S Water St, Philadelphia, PA 19148, United States","WVG3+8F Philadelphia, Pennsylvania, USA",http://urbanjunglephilly.com/,+1 215-952-0811,"Closed · Opens 9 am Fri

Updated by this business 2 weeks ago",,,https://lh3.googleusercontent.com/gps-cs-s/APNQkAEJYDbUfSEYOhtUf9y_8idB0e5h1YaFpR3Y9Obr-fLVBuHL6MbwmwGGsw35_vdM39UpmK9Ye6wNRPvAC6nJm96jBR3ytm-ktu2QpK2lF1QJXJzQxknp1dCvnP5VSI934zAmTXrx=w408-h612-k-no,true,Closed,Closed,9 am–5 pm,9 am–5 pm,9 am–5 pm,Closed,Closed,"https://www.google.com/maps/search/commercial+landscaping+businesses+in+Center+City+Philadelphia+PA/@39.9509036,-75.1574567,14z",2026-04-29T19:46:43.989Z,,
https://www.google.com/maps/place/gethandyoutdoors/data=!4m7!3m6!1s0x89c6c9e2cc78f247:0xca3883ac1788e9e1!8m2!3d39.9750613!4d-75.1431384!16s%2Fg%2F11svhmq6f9!19sChIJR_J4zOLJxokR4emIF6yDOMo,gethandyoutdoors,,,Landscaping supply store,"1546 N Lawrence St, Philadelphia, PA 19122, United States","XVG4+2P Philadelphia, Pennsylvania, USA",https://gethandyoutdoors.com/,+1 908-643-7309,Open 24 hours,,,https://streetviewpixels-pa.googleapis.com/v1/thumbnail?panoid=onhWv6Rojyhv_mTGFXAHXA&cb_client=search.gws-prod.gps&w=408&h=240&yaw=263.81897&pitch=0&thumbfov=100,true,Open 24 hours,Open 24 hours,Open 24 hours,Open 24 hours,Open 24 hours,Open 24 hours,Open 24 hours,"https://www.google.com/maps/search/commercial+landscaping+businesses+in+Center+City+Philadelphia+PA/@39.9509036,-75.1574567,14z",2026-04-29T19:46:48.562Z,,
https://www.google.com/maps/place/McFarland+Landscape+Services+Inc/data=!4m7!3m6!1s0x89c6b84e9d9e78db:0x3f36886e9a1014f7!8m2!3d40.0373164!4d-75.1852371!16s%2Fg%2F1tflnd3l!19sChIJ23ienU64xokR9xQQmm6INj8,McFarland Landscape Services Inc,4.6,168,Tree service,"255 W Tulpehocken St, Philadelphia, PA 19144, United States","2RP7+WW Philadelphia, Pennsylvania, USA",https://www.mcfarlandtree.com/,+1 215-438-3970,Closes soon · 4:30 pm · Opens 8:30 am Thu,,,https://lh3.googleusercontent.com/gps-cs-s/APNQkAGMaa_I2i2RYt0eOQFWunc7LJnHDSeuI4GP77J4062HlCngH1sHadxyBvfsfd55tNzUCJA7HRUPLEhVzdJ-dSBBr0wMTwDTHysechN1KHgcYxWjl5XehwEZTj7HAfdWiFFEZyPjXWNIj-aE=w408-h544-k-no,true,8:30 am–4:30 pm,8:30 am–4:30 pm,8:30 am–4:30 pm,Closed,Closed,8:30 am–4:30 pm,8:30 am–4:30 pm,"https://www.google.com/maps/search/commercial+landscaping+businesses+in+Center+City+Philadelphia+PA/@39.9509036,-75.1574567,14z",2026-04-29T19:46:53.444Z,,
https://www.google.com/maps/place/OLIN/data=!4m7!3m6!1s0x89c6c884907a3ec3:0xe693f0a9224e41de!8m2!3d39.9542677!4d-75.1678993!16s%2Fg%2F1tdwwn7b!19sChIJwz56kITIxokR3kFOIqnwk-Y,OLIN,,,Landscape architect,"One Penn Center, 1617 John F Kennedy Blvd # 1900, Philadelphia, PA 19103, United States","XR3J+PR Philadelphia, Pennsylvania, USA",http://www.theolinstudio.com/,+1 215-440-0030,,,,https://lh3.googleusercontent.com/gps-cs-s/APNQkAF55D80S3zcPi8ehpXLdtg7knFbMqxvX9vFraWC1tcUG4IDjb7KjSjRbpIe16qNh01TDfi60zKrtXmhE_khIHPJfTHDB8UflsK56UFi3SGToTR9N7xTYJF5KTw7KzrmytJtbFc=w508-h240-k-no,false,,,,,,,,"https://www.google.com/maps/search/commercial+landscaping+businesses+in+Center+City+Philadelphia+PA/@39.9509036,-75.1574567,14z",2026-04-29T19:46:56.169Z,,
https://www.google.com/maps/place/Rodgers+lawn+care+and+cleaning+services/data=!4m7!3m6!1s0x89c6cd5b26aa3945:0x149e915874019ad5!8m2!3d39.9704639!4d-75.1601481!16s%2Fg%2F11nnqcb6st!19sChIJRTmqJlvNxokR1ZoBdFiRnhQ,Rodgers lawn care and cleaning services,4.7,21,Lawn care service,"901 N Carlisle St, Philadelphia, PA 19132, United States","XRCQ+5W Philadelphia, Pennsylvania, USA",,+1 302-563-5804,Open · Closes 5 pm,,,https://lh3.googleusercontent.com/gps-cs-s/APNQkAFAoX_6wthwTOxllYLWqMfBswS6AYek0ZVqtrTNyuVy7hMnjyp7CAp9PCujtXowqusuDew6QUhkLTJGB69B8Pa1PjI0DYNf8R9t-R0UGoEbiyA5zFlSWpxWg7BFqGwgXD7vuPyDmw=w408-h408-k-no,true,8 am–5 pm,8 am–5 pm,8 am–5 pm,9 am–5 pm,9 am–5 pm,8 am–5 pm,8 am–5 pm,"https://www.google.com/maps/search/commercial+landscaping+businesses+in+Center+City+Philadelphia+PA/@39.9509036,-75.1574567,14z",2026-04-29T19:47:01.073Z,,
https://www.google.com/maps/place/Hoffman+Design+Group/data=!4m7!3m6!1s0x89c6c38df5e9271b:0xff3ec552097e2efb!8m2!3d39.9834541!4d-75.1046029!16s%2Fg%2F11bw46yz6b!19sChIJGyfp9Y3DxokR-y5-CVLFPv8,Hoffman Design Group,4.8,17,Interior plant service,"3115 E Thompson St, Philadelphia, PA 19134, United States","XVMW+95 Philadelphia, Pennsylvania, USA",http://www.hoffmandesigngroup.com/,+1 610-459-1407,Closes soon · 4:30 pm · Opens 8:30 am Thu,,,https://lh3.googleusercontent.com/gps-cs-s/APNQkAE902qVE3WcHFzfLrjIoQAkEKzK5PWJ__ARCn9ZOkI3tjN79GMUcP7LhD14YAPH3ynuevvWJwAa7oQdhiy2I0NUQu75m79v_N_E_u-laoLTm-XpffmDB3zF8jRYX4bCG4-OCa60=w408-h306-k-no,true,8:30 am–4:30 pm,8:30 am–4:30 pm,8:30 am–4:30 pm,Closed,Closed,8:30 am–4:30 pm,8:30 am–4:30 pm,"https://www.google.com/maps/search/commercial+landscaping+businesses+in+Center+City+Philadelphia+PA/@39.9509036,-75.1574567,14z",2026-04-29T19:47:06.105Z,,
https://www.google.com/maps/place/Scott%27s+Landscaping+%26+Snow+Removal/data=!4m7!3m6!1s0x485d1cd6cdf47b51:0xf60d5a56229538e9!8m2!3d40.0186745!4d-75.1557793!16s%2Fg%2F11q1rl_9x4!19sChIJUXv0zdYcXUgR6TiVIlZaDfY,Scott's Landscaping & Snow Removal,4.3,19,Landscaper,"4218 Germantown Ave, Philadelphia, PA 19140, United States","2R9V+FM Philadelphia, Pennsylvania, USA",https://www.scotts-garden-center.com/,+1 267-499-7158,Open 24 hours,LGBTQ+ friendly,,https://lh3.googleusercontent.com/gps-cs-s/APNQkAGDKOTMGQC-UfIAFBHPPXUoxmPgmdh2P3p18EmNWVFLdYvyeJq8qumYqgn91otJSZWWegJr0lCSRo-MYOnB_6Kg3VmN5Kd0Ptv-bx8wjELVEzg6nCZIdomHQES9yNMSID7n5jVh4U0ZXRxh=w408-h305-k-no,true,Open 24 hours,Open 24 hours,Open 24 hours,Open 24 hours,Open 24 hours,Open 24 hours,Open 24 hours,"https://www.google.com/maps/search/commercial+landscaping+businesses+in+Center+City+Philadelphia+PA/@39.9509036,-75.1574567,14z",2026-04-29T19:47:10.838Z,,
https://www.google.com/maps/place/Philadelphia+Gardens/data=!4m7!3m6!1s0x89c6c7cc7207f507:0xd9ddb06974cc5f54!8m2!3d39.9634435!4d-75.171534!16s%2Fg%2F11fm3v7qgy!19sChIJB_UHcszHxokRVF_MdGmw3dk,Philadelphia Gardens,,,Contractor,"2007, 2008, 2009, State Rte 2006, Philadelphia, PA 19130, United States","XR7H+99 Philadelphia, Pennsylvania, USA",https://philadelphiagardens.com/missionabout-us,+1 215-858-1692,,,,https://streetviewpixels-pa.googleapis.com/v1/thumbnail?panoid=dgv6LbCZ7zjrZ64YE7gJHg&cb_client=search.gws-prod.gps&w=408&h=240&yaw=177.43703&pitch=0&thumbfov=100,false,,,,,,,,"https://www.google.com/maps/search/commercial+landscaping+businesses+in+Center+City+Philadelphia+PA/@39.9509036,-75.1574567,14z",2026-04-29T19:47:13.482Z,,
https://www.google.com/maps/place/Precision+Landscaping/data=!4m7!3m6!1s0x89c6b86e2a75eaf9:0x20b2ec11cfeb008!8m2!3d40.0631867!4d-75.2377992!16s%2Fg%2F1tvgw8zc!19sChIJ-ep1Km64xokRCLD-HMEuCwI,Precision Landscaping,4.5,16,Landscaper,"701 E Cathedral Rd Suite 45 - PMB 141, Philadelphia, PA 19128, United States","3Q76+7V Philadelphia, Pennsylvania, USA",,+1 215-844-1578,Open · Closes 5 pm,,,https://lh3.googleusercontent.com/gps-cs-s/APNQkAFemrM5kVTvLdk7U_X2iuXf1nZxUUki6rPaPu5PM8TO9kWKvU1n2prKi-fA5uCe8eX2QXbLRvyIrAtdk9F4N_0bQyofKifje8_Nz_4adP3LMbcz-9bmLjrCw7UwG7aSUVuxZyGv=w408-h306-k-no,true,8 am–5 pm,8 am–5 pm,9 am–5 pm,Closed,Closed,8 am–5 pm,8 am–5 pm,"https://www.google.com/maps/search/commercial+landscaping+businesses+in+Center+City+Philadelphia+PA/@39.9509036,-75.1574567,14z",2026-04-29T19:47:18.356Z,,
https://www.google.com/maps/place/Xquisite+Custodial+service/data=!4m7!3m6!1s0x89c6c74b22e702e1:0x3cb798cc323795cb!8m2!3d39.9503!4d-75.163!16s%2Fg%2F11vxjt8ljh!19sChIJ4QLnIkvHxokRy5U3MsyYtzw,Xquisite Custodial service,,,Landscaper,"100 S Juniper St 3rd Floor, Philadelphia, PA 19107, United States","XR2P+4R Philadelphia, Pennsylvania, USA",https://xquisitecs.com/,+1 855-447-3874,Open · Closes 6 pm,,,https://streetviewpixels-pa.googleapis.com/v1/thumbnail?panoid=i4Wh_7R90KBUj5LqtyTtvw&cb_client=search.gws-prod.gps&w=408&h=240&yaw=271.54083&pitch=0&thumbfov=100,true,9 am–6 pm,9 am–6 pm,9 am–6 pm,Closed,Closed,9 am–6 pm,9 am–6 pm,"https://www.google.com/maps/search/commercial+landscaping+businesses+in+Center+City+Philadelphia+PA/@39.9509036,-75.1574567,14z",2026-04-29T19:47:22.926Z,,
https://www.google.com/maps/place/Kylin+Arts+LLC/data=!4m7!3m6!1s0x89c6c6e959dbaaab:0x5ea105983d10653a!8m2!3d39.9516713!4d-75.2194968!16s%2Fg%2F11h4cg1vk1!19sChIJq6rbWenGxokROmUQPZgFoV4,Kylin Arts LLC,5.0,5,Gardener,"4826 Osage Ave, Philadelphia, PA 19143, United States","XQ2J+M6 Philadelphia, Pennsylvania, USA",https://www.kylinarts.com/contact,+1 267-570-7682,Closes soon · 4 pm · Opens 8 am Thu,LGBTQ+ friendly,,https://lh3.googleusercontent.com/gps-cs-s/APNQkAEiydttdRRrBXxKYfjMZxpiVJkws6FPg91cVRMXqf5T7Ac-m1yJLkr2FO5iSb63_MlQmEvJr-VC_Dv55bIwVtVle0-dCYtHaMgJ3akpwMlHmrO34_sjIEVtJjieAqyFbUa8X9ea=w408-h306-k-no,true,8 am–4 pm,8 am–4 pm,8 am–4 pm,Closed,Closed,8 am–4 pm,8 am–4 pm,"https://www.google.com/maps/search/commercial+landscaping+businesses+in+Center+City+Philadelphia+PA/@39.9509036,-75.1574567,14z",2026-04-29T19:47:27.827Z,,
https://www.google.com/maps/place/Avant+Gardens/data=!4m7!3m6!1s0x89c6c815aea3c36d:0x4537c444ec2efba6!8m2!3d40.002498!4d-75.1180146!16s%2Fg%2F1hc3jptbq!19sChIJbcOjrhXIxokRpvsu7ETEN0U,Avant Gardens,3.8,12,Landscape architect,,,,+1 215-634-6332,,,,https://lh3.googleusercontent.com/gps-cs-s/APNQkAHJ2x_mGLS35t1Yr32wFcSJSl4waJq1zFiOpMBtgnaLcDML85gRxY7Uhd-FCCds5eGfL_lRcm2HztE_YLyvwAH94C8BI7g9YnnODuouHSvoCMKC15TZU5_2oObPg6DPQrpzyyk3lA=w408-h313-k-no,true,,,,,,,,"https://www.google.com/maps/search/commercial+landscaping+businesses+in+Center+City+Philadelphia+PA/@39.9509036,-75.1574567,14z",2026-04-29T19:47:30.630Z,,
https://www.google.com/maps/place/Gnome+Architects+LLC/data=!4m7!3m6!1s0x89c6c6038effffff:0x3531dc0336f3a474!8m2!3d39.9252954!4d-75.159828!16s%2Fg%2F11fxcgjxlh!19sChIJ____jgPGxokRdKTzNgPcMTU,Gnome Architects LLC,4.3,13,Architect,"1901 S 9th St ROOM 302A, Philadelphia, PA 19148, United States","WRGR+43 Philadelphia, Pennsylvania, USA",http://www.gnomearch.com/,+1 215-279-7531,Open · Closes 5:30 pm,,,https://lh3.googleusercontent.com/gps-cs-s/APNQkAFLOY1YcVQk9WmhTWqzo8bq2R_jVmyIcF8wgwYpMtVMTGpVA_jVQVpWc3tJVYZppUs5jyxV54NCvOo1NUIKheAjqzTfi4y3d816UjZCU--N_eosdkfGcpueZ6UEodpaqUC7Zp5Dow=w408-h493-k-no,true,9 am–5:30 pm,9 am–5:30 pm,9 am–5:30 pm,Closed,Closed,9 am–5:30 pm,9 am–5:30 pm,"https://www.google.com/maps/search/commercial+landscaping+businesses+in+Center+City+Philadelphia+PA/@39.9509036,-75.1574567,14z",2026-04-29T19:47:35.385Z,,
https://www.google.com/maps/place/Q%26R+Landscaping+Services+LLC/data=!4m7!3m6!1s0xc123fd6c63b826d:0x404b686ba1d98669!8m2!3d40.4899789!4d-75.9209229!16s%2Fg%2F11sv5c1ngf!19sChIJbYI7xtY_EgwRaYbZoWtoS0A,Q&R Landscaping Services LLC,4.8,5,Landscaper,,,,+1 267-754-3391,Open · Closes 6 pm,,,https://lh3.googleusercontent.com/gps-cs-s/APNQkAFQTq7QpK_XAO8LmW96b7hMqmfw38uwt00nDrh9GOjOY0w08m8cMqTcLF1XwQapEubU5aOfdjfBQsZcqgxx_CydYrIbdobboKn43tL8nYJbdqa5ht4-OuaEwo0nuccbFPXb22cUcQ=w408-h306-k-no,true,8 am–6 pm,8 am–6 pm,8 am–6 pm,Closed,Closed,8 am–6 pm,8 am–6 pm,"https://www.google.com/maps/search/commercial+landscaping+businesses+in+Center+City+Philadelphia+PA/@39.9509036,-75.1574567,14z",2026-04-29T19:47:40.088Z,,
"https://www.google.com/maps/place/Radomile+Lawns/@40.0024979,-75.2437842,11z/data=!3m1!4b1!4m6!3m5!1s0x89c6b92cc941b617:0xd1a3223d99a7e39d!8m2!3d40.002498!4d-75.2437842!16s%2Fg%2F11h0mpvmb8",Radomile Lawns,5.0,1,Landscaper,,,https://www.facebook.com/RadomileLawns/,+1 610-306-2011,Open · Closes 5 pm,,,,true,7 am–5 pm,7 am–5 pm,7 am–5 pm,7 am–5 pm,Closed,7 am–5 pm,7 am–5 pm,"https://www.google.com/maps/search/commercial+landscaping+businesses+in+Center+City+Philadelphia+PA/@39.9509036,-75.1574567,14z",2026-04-29T19:47:46.797Z,,
https://www.google.com/maps/place/Ryan%27s+Green+Thumb+Landscaping/data=!4m7!3m6!1s0x89c6c965240bb2c3:0x3bea5e386efb5aee!8m2!3d39.9361638!4d-75.0704368!16s%2Fg%2F11g901n_zx!19sChIJw7ILJGXJxokR7lr7bjhe6js,Ryan's Green Thumb Landscaping,4.7,127,Landscaper,"6615 Browning Rd, Pennsauken, NJ 08109, United States","WWPH+FR Pennsauken, New Jersey, USA",https://www.ryansgtlandscaping.com/,+1 856-665-3500,Open · Closes 8 pm,LGBTQ+ friendly,,https://lh3.googleusercontent.com/gps-cs-s/APNQkAHuSsONdZhu2vdCvFzS2uo94PPbjOiWuYIKVOc70jTQW57pJaFsziEjz5ittMrduBEy0P-Ebr_iH23PxpLjpUG-MvgtCHv82P3S4UYg26mMmkJo9WpLmrsbDr8pCSJi9yG7v62m=w408-h306-k-no,true,8 am–8 pm,8 am–8 pm,8 am–8 pm,8 am–8 pm,8 am–8 pm,8 am–8 pm,8 am–8 pm,"https://www.google.com/maps/search/commercial+landscaping+businesses+in+Center+City+Philadelphia+PA/@39.9509036,-75.1574567,14z",2026-04-29T19:47:51.727Z,,
https://www.google.com/maps/place/Green+Leaf+Outdoor+Services+LLC/data=!4m7!3m6!1s0x8e25bbc0abd145d3:0xe09ca667d05f2be1!8m2!3d40.0213854!4d-75.1879086!16s%2Fg%2F11k3y4thnx!19sChIJ00XRq8C7JY4R4Stf0GemnOA,Green Leaf Outdoor Services LLC,4.2,10,Landscaper,,,http://www.greenleaf-outdoorservices.com/,+1 215-490-0688,Open 24 hours,,,https://lh3.googleusercontent.com/gps-cs-s/APNQkAFE96E5DV0G5uIPleigarn6UBIY6ROdnY2fwqiAbG8JcVQD-0WPtkyvplLboIvqKb9MS-5-0ISGQEvFnp0x6GHpDKxeXIMFiPxQQLJ77kQj2YAgRzCXSTIBLrjtV69r7GOn7MY=w408-h306-k-no,true,Open 24 hours,Open 24 hours,Open 24 hours,Open 24 hours,Open 24 hours,Open 24 hours,Open 24 hours,"https://www.google.com/maps/search/commercial+landscaping+businesses+in+Center+City+Philadelphia+PA/@39.9509036,-75.1574567,14z",2026-04-29T19:47:56.552Z,,
https://www.google.com/maps/place/JSG+Landscaping+LLC/data=!4m7!3m6!1s0x89c6c936f8a40c13:0x2d283868d3cea05e!8m2!3d39.9510949!4d-75.1011288!16s%2Fg%2F11nb3y80bz!19sChIJEwyk-DbJxokRXqDO02g4KC0,JSG Landscaping LLC,5.0,8,Landscaper,"1106 N 17th St, Camden, NJ 08105, United States","XV2X+CG Camden, New Jersey, USA",,+1 856-366-5046,"Open 24 hours

Confirmed by this business 5 weeks ago",,,https://lh3.googleusercontent.com/gps-cs-s/APNQkAG87ONWjaDhJZKMW8i3Uf7M52ruRX2WsWaHTOj0z9-Qvr1u4YLZ5dEVNX0a8s9jyMOH0DiX9boAX0b3W1MTsH4qobYb9rXaP9S1GP1CO0l6jCqPQVkU5ODU7_mSJL8XOdp4OzCseQbwgdyD=w408-h306-k-no,true,Open 24 hours,Open 24 hours,Open 24 hours,Open 24 hours,Closed,Open 24 hours,Open 24 hours,"https://www.google.com/maps/search/commercial+landscaping+businesses+in+Center+City+Philadelphia+PA/@39.9509036,-75.1574567,14z",2026-04-29T19:48:01.510Z,,
https://www.google.com/maps/place/Cenova+Inc+-+Snow+Removal+and+Landscape+Services/data=!4m7!3m6!1s0x89c6b80b0bb3511f:0x767d1345b92ee5d3!8m2!3d40.004711!4d-75.175247!16s%2Fg%2F1tff8kqy!19sChIJH1GzCwu4xokR0-UuuUUTfXY,Cenova Inc - Snow Removal and Landscape Services,4.0,9,Snow removal service,"2745 W Allegheny Ave, Philadelphia, PA 19132, United States","2R3F+VW Philadelphia, Pennsylvania, USA",http://www.cenovainc.com/,+1 215-225-4370,Open 24 hours,,,https://lh3.googleusercontent.com/gps-cs-s/APNQkAGglTTel5Xgv_8IB3DAwIxIE8ZWoqYFap29suBu9c6jnZluIY5B5WdDNd8eidvXONLDdffuMtiF29LFJdvq71imyaF3tKTOGA64nejxm8IiuPzEj9LjtPeMOukAJaSCzcYPsgy2=w619-h240-k-no,true,Open 24 hours,Open 24 hours,Open 24 hours,Open 24 hours,Open 24 hours,Open 24 hours,Open 24 hours,"https://www.google.com/maps/search/commercial+landscaping+businesses+in+Center+City+Philadelphia+PA/@39.9509036,-75.1574567,14z",2026-04-29T19:48:06.269Z,,
https://www.google.com/maps/place/The+Home+Hero/data=!4m7!3m6!1s0x89c6c89f4a12f27b:0xee739eab4fcd541b!8m2!3d39.9241185!4d-75.1556819!16s%2Fg%2F12mh4hg61!19sChIJe_ISSp_IxokRG1TNT6uec-4,The Home Hero,4.7,90,Handyman/Handywoman/Handyperson,"529 McKean St, Philadelphia, PA 19148, United States","WRFV+JP Philadelphia, Pennsylvania, USA",https://thehomehero.com/,+1 267-291-4376,Open · Closes 5 pm,,,https://lh3.googleusercontent.com/gps-cs-s/APNQkAGueq8xbyJuGBogO2AqJrCkhzZWfbJEoWCw52o1_l0zUuKrpcLBmo3DKBhWtFJDWCDR6ueeBu4lUlWa0vR6jrpnGzWFTDe-UJMmEqaoc--MX6-G74DBO-XnJahS9Y4UkJPnMgf8=w408-h271-k-no,true,9 am–5 pm,9 am–5 pm,9 am–5 pm,Closed,Closed,9 am–5 pm,9 am–5 pm,"https://www.google.com/maps/search/commercial+landscaping+businesses+in+Center+City+Philadelphia+PA/@39.9509036,-75.1574567,14z",2026-04-29T19:48:11.165Z,,
https://www.google.com/maps/place/Flower+Powered+Landscape+Design/data=!4m7!3m6!1s0x89c6b9fa1fd4760d:0x6ba7d92c1bd76085!8m2!3d40.0595575!4d-75.1815299!16s%2Fg%2F11gjt_spd4!19sChIJDXbUH_q5xokRhWDXGyzZp2s,Flower Powered Landscape Design,4.3,6,Landscape designer,"346 Meehan Ave, Philadelphia, PA 19119, United States","3R59+R9 Philadelphia, Pennsylvania, USA",https://www.flowerpowered.net/,+1 267-300-6278,Open 24 hours,Identifies as women-owned,,https://lh3.googleusercontent.com/gps-cs-s/APNQkAFM2r9MRk-EIw5AEVXo5ZKUAvXXK-w3Vrk-XsehyAAe329gn3aF5ETkwnzD5zC0TJapVOT_7Xyu7ukJVafADl0sOmZ4HTd6lE9Tj2XFCxBeVgmduO1FIDkwdbsfvhfgsn_hiLUL=w461-h240-k-no,true,Open 24 hours,Open 24 hours,Open 24 hours,Open 24 hours,Open 24 hours,Open 24 hours,Open 24 hours,"https://www.google.com/maps/search/commercial+landscaping+businesses+in+Center+City+Philadelphia+PA/@39.9509036,-75.1574567,14z",2026-04-29T19:48:16.261Z,,
https://www.google.com/maps/place/Keystone+Paving+%26+Masonry/data=!4m7!3m6!1s0x89c6c90c054442ed:0xba093ceb45a98899!8m2!3d39.9775288!4d-75.114223!16s%2Fg%2F11y40fpnd7!19sChIJ7UJEBQzJxokRmYipRes8Cbo,Keystone Paving & Masonry,1.0,1,Paving contractor,"2714 E Lehigh Ave, Philadelphia, PA 19125, United States","XVHP+28 Philadelphia, Pennsylvania, USA",,+1 267-346-4557,Open · Closes 10 pm,,,https://lh3.googleusercontent.com/gps-cs-s/APNQkAHPJiWRi1KN1gwFlL3_zPLE7IuLQQdyJrZt9mo6elQtR1ugbssTqsugisBmYewwSgI8BKUg7OhJNK_xGzTwKWxwirwOoYkUTzOnjT-fPUPfyXb5pheUG4vnFGBN9PtXZ3-rZau_=w426-h240-k-no,true,8 am–10 pm,8 am–10 pm,8 am–10 pm,8 am–10 pm,Closed,8 am–10 pm,8 am–10 pm,"https://www.google.com/maps/search/commercial+landscaping+businesses+in+Center+City+Philadelphia+PA/@39.9509036,-75.1574567,14z",2026-04-29T19:48:21.056Z,,
https://www.google.com/maps/place/Enliven+Planters/data=!4m7!3m6!1s0x89c15687700cd7c7:0x77e527b492e2d529!8m2!3d40.002498!4d-75.1180146!16s%2Fg%2F1q6q91k7g!19sChIJx9cMcIdWwYkRKdXikrQn5Xc,Enliven Planters,4.9,230,Flower designer,,,https://www.enlivenplanters.com/,+1 484-451-7349,Open · Closes 5 pm,,,https://lh3.googleusercontent.com/gps-cs-s/APNQkAHrgRD750h3eYXTINKhsLyn6qwplq24IzsUmHiSMZ3OByG6OKXa5ti-6oQY73NGrKCsFfX7MXJGY6dqYSH1EvlVm3coflO-Ou7iucIykGOGvTyAwXiTuadoCZ8cpnJGfB45seY=w408-h544-k-no,true,7 am–5 pm,7 am–5 pm,7 am–5 pm,7 am–5 pm,7 am–5 pm,7 am–5 pm,7 am–5 pm,"https://www.google.com/maps/search/commercial+landscaping+businesses+in+Center+City+Philadelphia+PA/@39.9509036,-75.1574567,14z",2026-04-29T19:48:25.827Z,· Delivery,
https://www.google.com/maps/place/Luis+IQ+Landscaping+LLC/data=!4m7!3m6!1s0x89c6b76f7390fbef:0x5d9a832b29fe514e!8m2!3d40.0286727!4d-75.1301041!16s%2Fg%2F11y1zl2fld!19sChIJ7_uQc2-3xokRTlH-KSuDml0,Luis IQ Landscaping LLC,5.0,1,Landscape designer,"323 Lindley Ave, Philadelphia, PA 19120, United States","2VH9+FX Philadelphia, Pennsylvania, USA",,+1 215-900-4099,Open · Closes 6 pm,,,https://streetviewpixels-pa.googleapis.com/v1/thumbnail?panoid=gixHAw5A0wbCYuYqqS0Ycw&cb_client=search.gws-prod.gps&w=408&h=240&yaw=3.7890418&pitch=0&thumbfov=100,true,7 am–6 pm,7 am–6 pm,7 am–6 pm,8 am–4 pm,Closed,7 am–6 pm,7 am–6 pm,"https://www.google.com/maps/search/commercial+landscaping+businesses+in+Center+City+Philadelphia+PA/@39.9509036,-75.1574567,14z",2026-04-29T19:48:30.569Z,,
https://www.google.com/maps/place/C.+Sharkey+Enterprises+Inc/data=!4m7!3m6!1s0x89c6c3bfef017485:0xf637f4bdf63807d!8m2!3d39.896373!4d-75.312561!16s%2Fg%2F1tcvvtmx!19sChIJhXQB77_DxokRfYBj30t_Yw8,C. Sharkey Enterprises Inc,4.0,13,Irrigation equipment supplier,"2012 Parker Ave Ste 220, Holmes, PA 19043, United States","VMWP+GX Holmes, Ridley Township, PA, USA",http://sharkeylawnsprinkler.net/,+1 610-622-8012,,,,https://streetviewpixels-pa.googleapis.com/v1/thumbnail?panoid=ebQyJ7mq9J3L8-zv57BK4w&cb_client=search.gws-prod.gps&w=408&h=240&yaw=158.88292&pitch=0&thumbfov=100,true,,,,,,,,"https://www.google.com/maps/search/commercial+landscaping+businesses+in+Center+City+Philadelphia+PA/@39.9509036,-75.1574567,14z",2026-04-29T19:48:33.375Z,,
https://www.google.com/maps/place/Design+Manifest/data=!4m7!3m6!1s0x89c6c7b4bfb709ad:0xe586548f2ba76e1c!8m2!3d39.9252224!4d-75.1600935!16s%2Fg%2F11mhpdzdrh!19sChIJrQm3v7THxokRHG6nK49UhuU,Design Manifest,5.0,12,Interior designer,"1901 S 9th St BOK, Building—Room 527, Philadelphia, PA 19148, United States","WRGQ+3X Philadelphia, Pennsylvania, USA",http://www.designmanifest.com/,+1 267-761-9528,Open · Closes 5:30 pm,,,https://lh3.googleusercontent.com/gps-cs-s/APNQkAGxRiPn1adaxnOCSvpGRxIHLpSpuZqzXjN4S1seqtVTvjDCxOGChapwOgjbmGqLS940fRXrRhKWv9r23SpJrgHl89sdClGJ7IsmRFa9loz3iuD2nAJ6PcM0SpDKwCfgrw58uevqrKqGGj9m=w408-h272-k-no,true,9 am–5:30 pm,9 am–5:30 pm,9 am–3:30 pm,Closed,Closed,9 am–5:30 pm,9 am–5:30 pm,"https://www.google.com/maps/search/commercial+landscaping+businesses+in+Center+City+Philadelphia+PA/@39.9509036,-75.1574567,14z",2026-04-29T19:48:38.484Z,,
"https://www.google.com/maps/place/Town+%26+Country+Materials/@39.9043695,-75.30334,8z/data=!3m1!4b1!4m6!3m5!1s0x89c6c62f7a255555:0x2a80dd118d92e0f2!8m2!3d39.9043695!4d-75.30334!16s%2Fg%2F11ggm5bynq",Town & Country Materials,,,Landscaping supply store,,,,+1 215-608-1077,,,,,true,,,,,,,,"https://www.google.com/maps/search/commercial+landscaping+businesses+in+Center+City+Philadelphia+PA/@39.9509036,-75.1574567,14z",2026-04-29T19:48:42.923Z,,
https://www.google.com/maps/place/Greenzang+Properties/data=!4m7!3m6!1s0x89c6c639cbe05711:0xc80d5ee5409a70dc!8m2!3d39.949616!4d-75.1746042!16s%2Fg%2F11bx1xtcwb!19sChIJEVfgyznGxokR3HCaQOVeDcg,Greenzang Properties,3.4,284,Property management company,"2015 Locust St, Philadelphia, PA 19103, United States","WRXG+R5 Philadelphia, Pennsylvania, USA",http://www.greenzang.com/,+1 215-563-5880,Open · Closes 5 pm,,,https://lh3.googleusercontent.com/gps-cs-s/APNQkAHwOyiaJR-Ilf4OdGGNC8Jg-thC-facytMemddZAZ-XOkUGMybqVZ4uqsLpMgIjudlcPtVhXW4OmSn4volJHRbBo0RO8qNieGpRnyjH-ZT9o8U0t0ht8MgDlpIyTpJhbWEI8DNu=w408-h544-k-no,true,9 am–5 pm,9 am–5 pm,9 am–5 pm,Closed,Closed,9 am–5 pm,9 am–5 pm,"https://www.google.com/maps/search/commercial+landscaping+businesses+in+Center+City+Philadelphia+PA/@39.9509036,-75.1574567,14z",2026-04-29T19:48:47.815Z,,
https://www.google.com/maps/place/Forte+Roofing/data=!4m7!3m6!1s0x89c6c8669cefffff:0x4ff5f2a7036d65f2!8m2!3d39.9625349!4d-75.1367973!16s%2Fg%2F11fm_73w_4!19sChIJ___vnGbIxokR8mVtA6fy9U8,Forte Roofing,4.5,31,Contractor,"800 N Delaware Ave, Philadelphia, PA 19123, United States","XV77+27 Philadelphia, Pennsylvania, USA",https://www.forteroofing.net/contact,+1 267-559-1989,Open 24 hours,,,https://lh3.googleusercontent.com/gps-cs-s/APNQkAE5BiWsJH38uyzPVCxKC75aC7uSC40-vgOhUpTwkNQ1LcQx_dXTt7hcaPi6xQodDGpcgWahdzwEwRRGzZm73NBKHE0dRLCZwoAYO_qKFFGlQOmkmY7YQyHg7hA0qRozqYprjrMt=w408-h544-k-no,true,Open 24 hours,Open 24 hours,Open 24 hours,Open 24 hours,Open 24 hours,Open 24 hours,Open 24 hours,"https://www.google.com/maps/search/commercial+landscaping+businesses+in+Center+City+Philadelphia+PA/@39.9509036,-75.1574567,14z",2026-04-29T19:48:52.717Z,,
https://www.google.com/maps/place/valentin+and+sons+landscape+inc/data=!4m7!3m6!1s0x89c6b91e06166e41:0xd6a9cd0889f9f841!8m2!3d40.0416166!4d-75.1732971!16s%2Fg%2F11qp_mc7nh!19sChIJQW4WBh65xokRQfj5iQjNqdY,valentin and sons landscape inc,5.0,1,Gardener,"238 E Haines St, Philadelphia, PA 19144, United States","2RRG+JM Philadelphia, Pennsylvania, USA",,+1 215-248-1676,Closes soon · 4:45 pm · Opens 8 am Thu,,,https://lh3.googleusercontent.com/gps-cs-s/APNQkAEg6YTAdUJI65q5QMcctvZ0PvrprE5ttiLIVEtBDZUtAftmZnVYBp0XTlB2EtCBeHpgSlyDSOBCCaU5gNKLUHBrOtNFlNLFSeuzBUv8UtIjQZ6Qx3IiXaJotmPRY71ObfjG1Giu=w426-h240-k-no,true,8 am–4:45 pm,8 am–4:45 pm,8 am–4:45 pm,Closed,Closed,8 am–4:45 pm,8 am–4:45 pm,"https://www.google.com/maps/search/commercial+landscaping+businesses+in+Center+City+Philadelphia+PA/@39.9509036,-75.1574567,14z",2026-04-29T19:48:57.440Z,,
https://www.google.com/maps/place/Harper+and+Sons+Landscaping/data=!4m7!3m6!1s0x89c6c1936cb710eb:0x8b147b89cc193adb!8m2!3d39.9454156!4d-75.2575359!16s%2Fg%2F11mb4cjmry!19sChIJ6xC3bJPBxokR2zoZzIl7FIs,Harper and Sons Landscaping,4.9,101,Landscaper,"149 Beverly Ave, East Lansdowne, PA 19050, United States","WPWR+5X East Lansdowne, Pennsylvania, USA",http://www.harperandsonsllc.com/,+1 610-505-9824,Open · Closes 6 pm,Identifies as women-owned,,https://lh3.googleusercontent.com/gps-cs-s/APNQkAEXYZxp966LPZH3KDmFD2gEQpY8fJPKczv6GccykuEbHF3tEXd2F3dc0etMh4kjQZ8xFPfBGS2Yw8iWY1SBkfJXfx03OB7o2M068ITZ4mPiG1mT-Fmib_MoiScdy_7YYYKpeecm=w408-h306-k-no,true,8 am–6 pm,8 am–6 pm,8 am–6 pm,8 am–6 pm,Closed,8 am–6 pm,8 am–6 pm,"https://www.google.com/maps/search/commercial+landscaping+businesses+in+Center+City+Philadelphia+PA/@39.9509036,-75.1574567,14z",2026-04-29T19:49:02.422Z,,
https://www.google.com/maps/place/Rittenhouse+Hardware/data=!4m7!3m6!1s0x89c6c63921e7a1ab:0xf85c3632a83b8810!8m2!3d39.9469252!4d-75.1747665!16s%2Fg%2F1td2vvyv!19sChIJq6HnITnGxokREIg7qDI2XPg,Rittenhouse Hardware,4.9,505,Hardware store,"2001 Pine St, Philadelphia, PA 19103, United States","WRWG+Q3 Philadelphia, Pennsylvania, USA",https://rittenhousehw.com/,+1 215-735-6311,Open · Closes 7 pm,,,https://lh3.googleusercontent.com/gps-cs-s/APNQkAH93KDAM2WVM4v0FFSvbS-DDPbHGS0cW-qLfwowyNzJWkhLcAxmKnb-c6557Z3G7OXFt6tCyoTRBDy2xuWm7rmStnGAg-yzJxT-OZgEPK87zbN1d9yzDrfbyoCTbO8M_oj0EfHX=w408-h541-k-no,true,8 am–7 pm,8 am–7 pm,8 am–7 pm,9 am–6 pm,10 am–3 pm,8 am–7 pm,8 am–7 pm,"https://www.google.com/maps/search/commercial+landscaping+businesses+in+Center+City+Philadelphia+PA/@39.9509036,-75.1574567,14z",2026-04-29T19:49:07.523Z,"Welcoming neighborhood shop for paint, tools, cleaning products & household improvement supplies. · In-store shopping · In-store pick-up",
https://www.google.com/maps/place/Topline+Masonry+%26+Construction/data=!4m7!3m6!1s0x681e73606e218679:0x94aabb30edfb724!8m2!3d39.9611021!4d-75.1388256!16s%2Fg%2F11vwwpc21m!19sChIJeYYhbmBzHmgRJLffDrOrSgk,Topline Masonry & Construction,,,Masonry contractor,"620 N Front St, Philadelphia, PA 19123, United States","XV66+CF Philadelphia, Pennsylvania, USA",https://toplinemasonryconstruction.com/,+1 267-457-7687,Open · Closes 6 pm,,,https://streetviewpixels-pa.googleapis.com/v1/thumbnail?panoid=kG0Q1_1GnE3FQtLqZOclXg&cb_client=search.gws-prod.gps&w=408&h=240&yaw=286.637&pitch=0&thumbfov=100,true,8 am–6 pm,8 am–6 pm,8 am–6 pm,8 am–4 pm,Closed,8 am–6 pm,8 am–6 pm,"https://www.google.com/maps/search/commercial+landscaping+businesses+in+Center+City+Philadelphia+PA/@39.9509036,-75.1574567,14z",2026-04-29T19:49:12.124Z,,
https://www.google.com/maps/place/Quality+Care+Landscaping/data=!4m7!3m6!1s0x8863c00015cb8c19:0xa4b6586e13684c2a!8m2!3d40.0112614!4d-75.0780904!16s%2Fg%2F11xkls62hw!19sChIJGYzLFQDAY4gRKkxoE25YtqQ,Quality Care Landscaping,5.0,12,Landscaper,,,,+1 215-433-6333,Open · Closes 7 pm,,,https://lh3.googleusercontent.com/gps-cs-s/APNQkAH50Gs4UbkPtEhLSOLDDK1Wj_JSDSfU8FrMgZkS8BnaPBVPzbDjy3mbRmmQ5_u_GkjEsj3FQf7rZcUK1UTfGSyUDUF50s3izuLqDAI3Z_FO1wQJBwL63ljANUy9f0H3SAZU7yy0Cwuebg=w408-h306-k-no,true,7 am–7 pm,7 am–7 pm,7 am–7 pm,7 am–7 pm,Closed,7 am–7 pm,7 am–7 pm,"https://www.google.com/maps/search/commercial+landscaping+businesses+in+Center+City+Philadelphia+PA/@39.9509036,-75.1574567,14z",2026-04-29T19:49:16.794Z,,
https://www.google.com/maps/place/Two+Brothers+Landscape+%26+Tree+Service/data=!4m7!3m6!1s0x89c6c1462fecef85:0x505eab07c2dce5f2!8m2!3d39.943291!4d-75.435164!16s%2Fg%2F11dftjdn3f!19sChIJhe_sL0bBxokR8uXcwgerXlA,Two Brothers Landscape & Tree Service,4.8,18,Landscape designer,,,https://twobrotherstreeservicepa.com/,+1 610-931-8912,Open 24 hours,,,https://lh3.googleusercontent.com/gps-cs-s/APNQkAHlrYuMPZNKRnbubkKMX_zsZqKlh-0ouqDJWSGE9AIk3kwyJeGIesobd_LuK78Qm-KLw3r6_2pCak7L_q4xsv6O8aXdzRtvF483aXl-GsNnjZg69qFyorNRtlawstHLYfYdvJey=w427-h240-k-no,true,Open 24 hours,Open 24 hours,Open 24 hours,Open 24 hours,Open 24 hours,Open 24 hours,Open 24 hours,"https://www.google.com/maps/search/commercial+landscaping+businesses+in+Center+City+Philadelphia+PA/@39.9509036,-75.1574567,14z",2026-04-29T19:49:21.514Z,,
https://www.google.com/maps/place/M%26D+Landscaping/data=!4m7!3m6!1s0x89c6b87a6ad4432f:0xb988d7b8bd91cf8c!8m2!3d40.0160444!4d-75.1870766!16s%2Fg%2F11byts984x!19sChIJL0PUanq4xokRjM-RvbjXiLk,M&D Landscaping,3.5,6,Landscaper,"Henry Ave, Philadelphia, PA 19129, United States","2R87+C5 Philadelphia, Pennsylvania, USA",https://www.facebook.com/MDlandscaping29/,+1 215-688-1629,Open 24 hours,,,https://streetviewpixels-pa.googleapis.com/v1/thumbnail?panoid=lnZGgr7ks2LMKxEBEmcksw&cb_client=search.gws-prod.gps&w=408&h=240&yaw=73.86778&pitch=0&thumbfov=100,false,Open 24 hours,Open 24 hours,Open 24 hours,Open 24 hours,Open 24 hours,Open 24 hours,Open 24 hours,"https://www.google.com/maps/search/commercial+landscaping+businesses+in+Center+City+Philadelphia+PA/@39.9509036,-75.1574567,14z",2026-04-29T19:49:26.493Z,,
https://www.google.com/maps/place/Smarthold+Development+%26+Construction+LLC/data=!4m7!3m6!1s0x89c6c95128900b77:0xad6515bbfdf5e488!8m2!3d39.9747085!4d-75.1441314!16s%2Fg%2F11z2370d7d!19sChIJdwuQKFHJxokRiOT1_bsVZa0,Smarthold Development & Construction LLC,,,Construction company,"1516 N 5th St Unit 221, Philadelphia, PA 19122, United States","XVF4+V8 Philadelphia, Pennsylvania, USA",https://smartholddvlp.com/,+1 267-371-7714,"Open · Closes 5 pm

Confirmed by this business 1 week ago",LGBTQ+ friendly,,https://lh3.googleusercontent.com/gps-cs-s/APNQkAH-gzO0rqljTVqnY8CfV8q6xZQpgge7v61ym4XeCDpTcvl81FcsZOiAjPVRl7Y1A7Jp2BmtmYuAeWpdN4kiv9eCO4HhUKTP_87zv7PvMLdN75hjMl4Kz9Ihjm3SKQNTqR0C3owQpuALhHZ6=w408-h544-k-no,true,8 am–5 pm,8 am–5 pm,8 am–5 pm,Closed,Closed,8 am–5 pm,8 am–5 pm,"https://www.google.com/maps/search/commercial+landscaping+businesses+in+Center+City+Philadelphia+PA/@39.9509036,-75.1574567,14z",2026-04-29T19:49:31.251Z,,
https://www.google.com/maps/place/Lagos+Renovation/data=!4m7!3m6!1s0x89c6c78355f997cf:0xe620409f88e65f88!8m2!3d39.9326553!4d-75.1814426!16s%2Fg%2F11vw_gxx2v!19sChIJz5f5VYPHxokRiF_miJ9AIOY,Lagos Renovation,,,Construction company,"Cross St, Philadelphia, PA 19146, United States","WRM9+3C Philadelphia, Pennsylvania, USA",https://www.mylagosrenovation.com/,+1 856-209-4041,Open · Closes 5 pm,,,https://lh3.googleusercontent.com/gps-cs-s/APNQkAGY8uVndKeNcvduwu01pu8DhUsNKmrSZo-5xN4LC_BaatyB6hxkn8djitWLez0qJUV5a7ax8VbebHGQNrETCh7bmQH8jPWB9okfp0OZBn5lg6KXinF5WvkntzBWEymrLvurfAc=w408-h408-k-no,true,9 am–5 pm,9 am–5 pm,9 am–5 pm,Closed,Closed,9 am–5 pm,9 am–5 pm,"https://www.google.com/maps/search/commercial+landscaping+businesses+in+Center+City+Philadelphia+PA/@39.9509036,-75.1574567,14z",2026-04-29T19:49:36.048Z,,
https://www.google.com/maps/place/Noam+Construction+-+Philadelphia/data=!4m7!3m6!1s0x89c6c736d2efc7db:0xcd929c9748eb77c9!8m2!3d39.9448821!4d-75.2123252!16s%2Fg%2F11y48g_p6f!19sChIJ28fv0jbHxokRyXfrSJecks0,Noam Construction - Philadelphia,4.9,105,General contractor,"4662 Kingsessing Ave A, Philadelphia, PA 19143, United States","WQVQ+X3 Philadelphia, Pennsylvania, USA",https://noamconstructionphiladelphia.com/,+1 267-901-4418,"Open · Closes 7 pm

Confirmed by this business 12 weeks ago",LGBTQ+ friendly,,https://lh3.googleusercontent.com/gps-cs-s/APNQkAEaZil7Xvqkub7tzew1u4tLNRhHb8xrPUeukZd7X6rmfz7eQcM72E1xTeD6u8FVcqTZpQz_Bsn7kW4F09ePN8Ezxy7R_rDgnvqStCKY-wR1YJ5hALmf0ZpSubBcqdsHf3RY3XgLheAPDhaG=w408-h272-k-no,true,7 am–7 pm,7 am–7 pm,7 am–7 pm,7 am–7 pm,7 am–7 pm,7 am–7 pm,7 am–7 pm,"https://www.google.com/maps/search/commercial+landscaping+businesses+in+Center+City+Philadelphia+PA/@39.9509036,-75.1574567,14z",2026-04-29T19:49:41.087Z,,
https://www.google.com/maps/place/Horticulture+Masterpiece/data=!4m7!3m6!1s0x89c6b7a303edc0d7:0x4ddb095962c7eb27!8m2!3d40.0277819!4d-75.1630777!16s%2Fg%2F11d_pxw5fb!19sChIJ18DtA6O3xokRJ-vHYlkJ200,Horticulture Masterpiece,3.6,14,Landscape designer,"35 W Logan St, Philadelphia, PA 19144, United States","2RHP+4Q Philadelphia, Pennsylvania, USA",,+1 215-475-0097,Open · Closes 7 pm,,,https://lh3.googleusercontent.com/gps-cs-s/APNQkAHSJIZ3j6nbECBc23-32Aq_nXSiZVgCSRvi3TdfyS49gEjpH0lDqciCX5aEwQXVxf9WFNqQjfnYSkuvFXFjTLM8KZghs_lZCpQjOEVq4TrzGNNTkm4V6_geVQyztuLQP6I6AXbt=w408-h544-k-no,true,8 am–7 pm,8 am–5 pm,8 am–5 pm,8 am–5 pm,Closed,8 am–5 pm,8 am–5 pm,"https://www.google.com/maps/search/commercial+landscaping+businesses+in+Center+City+Philadelphia+PA/@39.9509036,-75.1574567,14z",2026-04-29T19:49:45.836Z,,
https://www.google.com/maps/place/Wissahickon+Tree+%26+Landscape+Service/data=!4m7!3m6!1s0x89c6b994029c0001:0x47fea5a31d3afad0!8m2!3d40.0355369!4d-75.1938566!16s%2Fg%2F11hy9p0jhy!19sChIJAQCcApS5xokR0Po6HaOl_kc,Wissahickon Tree & Landscape Service,5.0,1,Landscaper,"6314 Wissahickon Ave, Philadelphia, PA 19144, United States","2RP4+6F Philadelphia, Pennsylvania, USA",https://wissadesign.com/,+1 215-681-2436,Closes soon · 4:30 pm · Opens 8 am Thu,,,https://streetviewpixels-pa.googleapis.com/v1/thumbnail?panoid=LBtj_WzVzSk1KSjFGGJYNg&cb_client=search.gws-prod.gps&w=408&h=240&yaw=227.61588&pitch=0&thumbfov=100,true,8 am–4:30 pm,8 am–4:30 pm,8 am–4:30 pm,Closed,Closed,8 am–4:30 pm,8 am–4:30 pm,"https://www.google.com/maps/search/commercial+landscaping+businesses+in+Center+City+Philadelphia+PA/@39.9509036,-75.1574567,14z",2026-04-29T19:49:50.756Z,,
https://www.google.com/maps/place/MGC+Landscaping/data=!4m7!3m6!1s0x89c14ce349301881:0xddb53f8253469956!8m2!3d40.064229!4d-75.0213717!16s%2Fg%2F1tjtk56f!19sChIJgRgwSeNMwYkRVplGU4I_td0,MGC Landscaping,4.1,36,Landscaper,"9216 Ashton Rd, Philadelphia, PA 19114, United States","3X7H+MF Philadelphia, Pennsylvania, USA",http://www.mgclandscaping.com/,+1 215-638-3311,,,,https://lh3.googleusercontent.com/gps-cs-s/APNQkAE84SmR2VnWvTgBQ4LbCbYuJsgoqPK63F1t51eESwv-oVXLHkxJ4x_kM1dLlgejJdIBb6xQDA37n0rFlj-ZDKE7dhLkbJdmLuSsPUpgKlGTkMBF7SqLE9yu9qJgnT6csyE2_R0EvQ=w426-h240-k-no,true,,,,,,,,"https://www.google.com/maps/search/commercial+landscaping+businesses+in+Center+City+Philadelphia+PA/@39.9509036,-75.1574567,14z",2026-04-29T19:49:53.440Z,,
https://www.google.com/maps/place/Knickerbocker+Properties/data=!4m7!3m6!1s0x89c6c6150b89657d:0xea5a73cb4462b2f4!8m2!3d39.9392845!4d-75.1795475!16s%2Fg%2F11cs5xs0l0!19sChIJfWWJCxXGxokR9LJiRMtzWuo,Knickerbocker Properties,4.5,151,Property management company,"2118 Washington Ave #2000, Philadelphia, PA 19146, United States","WRQC+P5 Philadelphia, Pennsylvania, USA",http://www.knickerbockerproperties.com/,+1 215-222-2844,Closes soon · 4:30 pm · Opens 9:30 am Thu,,,https://lh3.googleusercontent.com/gps-cs-s/APNQkAEwYVbcw8sUYOmRoxTCfoxAWDj2ak95O-8sBSNmmtkhsZX7RyxXnmu2H2MauRXdq5pO0oMt-nM4DFzdYGiZeJDtmwOY64pftPc1I0yP72IfSrxkHw68rsomk4PBX1oZ5LTL1K2QsBnzwSEF=w408-h271-k-no,true,9:30 am–4:30 pm,9:30 am–4:30 pm,9:30 am–4 pm,10 am–1 pm,Closed,9:30 am–4:30 pm,9:30 am–4:30 pm,"https://www.google.com/maps/search/commercial+landscaping+businesses+in+Center+City+Philadelphia+PA/@39.9509036,-75.1574567,14z",2026-04-29T19:49:58.218Z,,
https://www.google.com/maps/place/Four+Seasons+Hotel+Philadelphia+at+Comcast+Center/data=!4m10!3m9!1s0x89c6c633b0fb45df:0xd7222e61f50d95f1!5m2!4m1!1i2!8m2!3d39.955014!4d-75.1709561!16s%2Fg%2F1tds7nkh!19sChIJ30X7sDPGxokR8ZUN9WEuItc,Four Seasons Hotel Philadelphia at Comcast Center,4.7,1088,,"One N 19th St, Philadelphia, PA 19103, United States","XR4H+2J Philadelphia, Pennsylvania, USA",https://www.fourseasons.com/philadelphia/?utm_source=google&utm_medium=organicsearch&utm_campaign=tor-phi-hre-mid-seo-na&utm_content=na-na&utm_term=na,+1 215-419-5000,,,,https://lh3.googleusercontent.com/gps-cs-s/APNQkAFzFqHmYplIeTgVhZVx8rqn_0kP4W0uTb-Hd9ubagR23tRKyAW4Gt2tAxXfbQZu6q8HUmWzJuXO6KsxUoNSyMGaT6FV5kqd4Cb_2QhF2RmRCNCPvGnS3h8wkAXyFWV67AQ8_FEsrUKTKyGz=w426-h240-k-no,true,,,,,,,,"https://www.google.com/maps/search/commercial+landscaping+businesses+in+Center+City+Philadelphia+PA/@39.9509036,-75.1574567,14z",2026-04-29T19:50:01.514Z,,
https://www.google.com/maps/place/Benito%27s+Hardware/data=!4m7!3m6!1s0x89c6c9b20b2deaa7:0x9f8fd79fc2c0780b!8m2!3d39.9767113!4d-75.12302!16s%2Fg%2F11xzwmh96h!19sChIJp-otC7LJxokRC3jAwp_Xj58,Benito's Hardware,5.0,72,Hardware store,"2525 E York St, Philadelphia, PA 19125, United States","XVGG+MQ Philadelphia, Pennsylvania, USA",http://www.acehardware.com/store-details/19349?utm_source=google&utm_medium=local&utm_campaign=localmaps&utm_content=19349,+1 267-805-5187,"Open · Closes 7 pm

Confirmed by this business 3 weeks ago",,,https://lh3.googleusercontent.com/gps-cs-s/APNQkAF1XpM28wQl3sLMfcZCht-C8__W7iy2uSgvqKhXsYvaIQbbCKXFt5ZSyu-BjQC4Mf1qj7EAEJOPeHB9Z-Y6jVyl7okwPxiept35uTZ5UXLvJYSTNkmiom44rJiFrLtpZwweUZeLTcXoRjI=w408-h544-k-no,true,7 am–7 pm,7 am–7 pm,7 am–7 pm,8 am–7 pm,9 am–5 pm,7 am–7 pm,7 am–7 pm,"https://www.google.com/maps/search/commercial+landscaping+businesses+in+Center+City+Philadelphia+PA/@39.9509036,-75.1574567,14z",2026-04-29T19:50:06.414Z,,
"https://www.google.com/maps/place/ATS+Tree+Services,+LLC/data=!4m7!3m6!1s0x89c41c4d8ec8aeff:0x69e7d55a62dd3df8!8m2!3d40.37085!4d-75.213087!16s%2Fg%2F11c5hkcjr8!19sChIJ_67Ijk0cxIkR-D3dYlrV52k","ATS Tree Services, LLC",4.9,312,Tree service,"215 Frontier Rd, Perkasie, PA 18944, United States","9QCP+8Q Perkasie, Pennsylvania, USA",https://www.atstree.com/,+1 267-679-6483,Open 24 hours,,,https://lh3.googleusercontent.com/gps-cs-s/APNQkAEpqfi3QRwPCcWoirBCjZn3dCSHv9RfmOQFXAGwSNbeNMgNRXQxkO7nQCMt5dbCFO7S1QgL_vn3cJnHcT0lupr7e3-V-mXex7ObJvtE5Y1oa8gZ-JmnHZF6uNC9WxfzufKJOezgOoXwaQN2=w408-h611-k-no,true,Open 24 hours,Open 24 hours,Open 24 hours,Open 24 hours,Open 24 hours,Open 24 hours,Open 24 hours,"https://www.google.com/maps/search/commercial+landscaping+businesses+in+Center+City+Philadelphia+PA/@39.9509036,-75.1574567,14z",2026-04-29T19:50:11.471Z,,
https://www.google.com/maps/place/Townscapes+Inc/data=!4m7!3m6!1s0x89c6b24793b8e50b:0xb9b2cff645fcd338!8m2!3d40.1151515!4d-75.038965!16s%2Fg%2F1txy38xx!19sChIJC-W4k0eyxokRONP8RfbPsrk,Townscapes Inc,3.4,8,Landscaper,"10087 Sandmeyer Ln, Philadelphia, PA 19116, United States","4X86+3C Philadelphia, Pennsylvania, USA",https://www.townscapesinc.com/,+1 215-676-8039,Open · Closes 5 pm,,,https://lh3.googleusercontent.com/gps-cs-s/APNQkAGL9BT1utSfObUIfsRXA0qvMypHqbhJKd5g2xiA71qzUq8fsQD8rFsnpMYDZ3ZRCXziORLuUpEbM0dlmPN3xXg2Xc59MHE-0Iv4LP-aZZXMGwWFNp2NUkFJMvRsnU964sDOeUVi=w408-h249-k-no,true,8 am–5 pm,8 am–5 pm,8 am–5 pm,Closed,Closed,8 am–5 pm,8 am–5 pm,"https://www.google.com/maps/search/commercial+landscaping+businesses+in+Center+City+Philadelphia+PA/@39.9509036,-75.1574567,14z",2026-04-29T19:50:16.379Z,,
https://www.google.com/maps/place/John+Hykel+Law+Offices/data=!4m7!3m6!1s0x89c6c62e109d3001:0x3ba56c98e5836fa7!8m2!3d39.953391!4d-75.1656265!16s%2Fg%2F1tkc31nf!19sChIJATCdEC7GxokRp2-D5ZhspTs,John Hykel Law Offices,4.8,150,Lawyer,"1500 John F Kennedy Blvd Suite 1315, Philadelphia, PA 19102, United States","XR3M+9P Philadelphia, Pennsylvania, USA",https://www.johnhykel.com/,+1 215-405-0555,Open · Closes 5 pm,,,https://streetviewpixels-pa.googleapis.com/v1/thumbnail?panoid=hlSsDErbDygRunb7zQWfuA&cb_client=search.gws-prod.gps&w=408&h=240&yaw=187.3691&pitch=0&thumbfov=100,true,9 am–5 pm,9 am–5 pm,9 am–5 pm,Closed,Closed,9 am–5 pm,9 am–5 pm,"https://www.google.com/maps/search/commercial+landscaping+businesses+in+Center+City+Philadelphia+PA/@39.9509036,-75.1574567,14z",2026-04-29T19:50:21.297Z,,
https://www.google.com/maps/place/Bay+Property+Management+Group+Philadelphia/data=!4m7!3m6!1s0x89c6c89b593e37e1:0xc70efc8daf77547e!8m2!3d39.965793!4d-75.1329417!16s%2Fg%2F11g7zgr2hp!19sChIJ4Tc-WZvIxokRflR3r438Dsc,Bay Property Management Group Philadelphia,4.3,787,Property management company,"1080 N Delaware Ave #506, Philadelphia, PA 19125, United States","XV88+8R Philadelphia, Pennsylvania, USA",https://www.baymgmtgroup.com/philadelphia/?utm_source=google&utm_medium=organic&utm_campaign=gmb,+1 267-244-7215,Open · Closes 5 pm,,,https://lh3.googleusercontent.com/gps-cs-s/APNQkAHImW8U2W87aafkEHRyNzn4eNmBdaXTHHoALDjLHU16DwbxCZIOTdk-z_dxfD-d__u7ZrGPAlitRbINIX9SqaP91hGp116sHLfKS5g3inhDuP25hJ4UOlUL0dpZWVnrCFqpcR-32Q=w426-h240-k-no,true,8 am–5 pm,8 am–5 pm,8 am–5 pm,8 am–5 pm,8 am–5 pm,8 am–5 pm,8 am–5 pm,"https://www.google.com/maps/search/commercial+landscaping+businesses+in+Center+City+Philadelphia+PA/@39.9509036,-75.1574567,14z",2026-04-29T19:50:26.124Z,,
https://www.google.com/maps/place/Flat+Rate+Labor/data=!4m7!3m6!1s0x89c6c944f545440b:0x8f059b82cba14de5!8m2!3d40.1091355!4d-76.205103!16s%2Fg%2F11frz7sc3p!19sChIJC0RF9UTJxokR5U2hy4KbBY8,Flat Rate Labor,5.0,2,Garbage collection service,,,,+1 215-983-1206,Open · Closes 6 pm,,,https://lh3.googleusercontent.com/gps-cs-s/APNQkAH7NH53yIXldtS0pQdn_TgB5UElWyuZuf5Lxoq_VyKgHQgSaVjPlPflosGBX7ew4HerKKOIfLGkWkE0QiE8sx7zThD_RyWvDX7ZTC5_6xYLdURLvP0Max7gcmvRPQxYvELP49hu=w408-h408-k-no,true,9 am–6 pm,9 am–6 pm,9 am–6 pm,9 am–4 pm,Closed,9 am–6 pm,9 am–6 pm,"https://www.google.com/maps/search/commercial+landscaping+businesses+in+Center+City+Philadelphia+PA/@39.9509036,-75.1574567,14z",2026-04-29T19:50:30.724Z,,
https://www.google.com/maps/place/Hernandez+Landscaping+and+More+LLC/data=!4m7!3m6!1s0x89c6c9b547e2e1ef:0xc0363baeecbe5cb!8m2!3d39.9509682!4d-75.0862253!16s%2Fg%2F11y3x1zpb3!19sChIJ7-HiR7XJxokRy-XL7rpjAww,Hernandez Landscaping and More LLC,5.0,5,Landscaper,"416 N 29th St, Camden, NJ 08105, United States","XW27+9G Camden, New Jersey, USA",http://www.hernandezlandscapingandmorellc.com/,+1 267-403-7316,Open · Closes 6 pm,,,https://lh3.googleusercontent.com/gps-cs-s/APNQkAELA3w9hvWkYbDhmQ-hZu1Wjx4-ybPhFKDEXGGH4OKQlK4QXm6BWZEPkR0q_FZwmiiU3pyTVFQV4LX3_aUrm1pJXStiVxOTZcHxubfQ-AdDKlx-9vuWH3ejC9nvD22_suxlaIYSVg=w408-h408-k-no,true,8 am–6 pm,8 am–6 pm,8 am–6 pm,Closed,Closed,8 am–6 pm,8 am–6 pm,"https://www.google.com/maps/search/commercial+landscaping+businesses+in+Center+City+Philadelphia+PA/@39.9509036,-75.1574567,14z",2026-04-29T19:50:35.645Z,,
https://www.google.com/maps/place/M+%26+C+PROFESSIONAL+LANDSCAPING+SERVICES/data=!4m7!3m6!1s0x89c6c9c4797b4bdf:0xe971c7f335931067!8m2!3d39.9348764!4d-75.1149717!16s%2Fg%2F11y4717kw0!19sChIJ30t7ecTJxokRZxCTNfPHcek,M & C PROFESSIONAL LANDSCAPING SERVICES,,,Landscaper,"741 Cherry St, Camden, NJ 08103, United States","WVMP+X2 Camden, New Jersey, USA",,+1 856-386-4532,Open · Closes 5 pm,,,https://streetviewpixels-pa.googleapis.com/v1/thumbnail?panoid=VrpmNh4FCKu8pZPMJl5pYA&cb_client=search.gws-prod.gps&w=408&h=240&yaw=356.2547&pitch=0&thumbfov=100,true,9 am–5 pm,9 am–5 pm,9 am–5 pm,9 am–5 pm,Closed,9 am–5 pm,9 am–5 pm,"https://www.google.com/maps/search/commercial+landscaping+businesses+in+Center+City+Philadelphia+PA/@39.9509036,-75.1574567,14z",2026-04-29T19:50:40.151Z,,
"https://www.google.com/maps/place/Eating+for+the+Ecosystem,+Inc./data=!4m7!3m6!1s0x89c6c7ad7870eed3:0x455bea34acdf8008!8m2!3d40.002498!4d-75.1180146!16s%2Fg%2F11dxf0rvp1!19sChIJ0-5weK3HxokRCIDfrDTqW0U","Eating for the Ecosystem, Inc.",5.0,2,Landscaper,,,http://efteonline.com/,+1 267-607-9254,Closes soon · 4:30 pm · Opens 9 am Thu,Identifies as women-owned,,https://lh3.googleusercontent.com/gps-cs-s/APNQkAGxJdeDq2Hmuf1C6LDd7MgqHeAPPCrCe4Jw3HqjzOP8AFKuV7koq53x9jzY7rUoPC28hZD31e7XKGvEHFmELVudu2-pp_DIlslRd2IJU68_SSs2gA3PzkTIr2iPjVaK-iotNKILAw=w408-h306-k-no,true,9 am–4:30 pm,9 am–4:30 pm,9 am–4:30 pm,Closed,Closed,9 am–4:30 pm,9 am–4:30 pm,"https://www.google.com/maps/search/commercial+landscaping+businesses+in+Center+City+Philadelphia+PA/@39.9509036,-75.1574567,14z",2026-04-29T19:50:44.797Z,,
https://www.google.com/maps/place/Philadelphia+Web+Design+Company/data=!4m7!3m6!1s0x89c6c6310ca9641b:0x9b77617be0090a14!8m2!3d39.9536631!4d-75.1695865!16s%2Fg%2F1tf32bf2!19sChIJG2SpDDHGxokRFAoJ4Hthd5s,Philadelphia Web Design Company,4.7,44,Website designer,"1735 Market St, Philadelphia, PA 19103, United States","XR3J+F5 Philadelphia, Pennsylvania, USA",http://philadelphia-web-design.com/,+1 267-567-5099,Open · Closes 9 pm,,,https://lh3.googleusercontent.com/gps-cs-s/APNQkAEn5_4m45H-C9nxuPCsNKJyqmOciMihe4M2GHRD1u0AVB6tCJkhG-SQ5mv_AOiins5IQhV8pHWhuvBkEzLiTCcXq5_Mq42y-ntaAq5URpXayaMQwvg_sOcv6221UgELUAcXX6acwQ=w408-h277-k-no,true,9:30 am–9 pm,9 am–9 pm,9:30 am–9 pm,9 am–6 pm,9 am–5 pm,9:30 am–8 pm,9 am–9 pm,"https://www.google.com/maps/search/commercial+landscaping+businesses+in+Center+City+Philadelphia+PA/@39.9509036,-75.1574567,14z",2026-04-29T19:50:49.486Z,,
https://www.google.com/maps/place/Haye+Construction/data=!4m7!3m6!1s0x89c6c7ebe244efa7:0x739738c0b1a91759!8m2!3d39.9740373!4d-75.2197794!16s%2Fg%2F11g0khnf_n!19sChIJp-9E4uvHxokRWRepscA4l3M,Haye Construction,3.6,8,Construction company,"4901 Merion Ave site 1, Philadelphia, PA 19131, United States","XQFJ+J3 Philadelphia, Pennsylvania, USA",,+1 215-977-4865 ext. 10516,,,,https://streetviewpixels-pa.googleapis.com/v1/thumbnail?panoid=b_XCb9qx7aGJ4gUDg4AIuQ&cb_client=search.gws-prod.gps&w=408&h=240&yaw=44.737976&pitch=0&thumbfov=100,false,,,,,,,,"https://www.google.com/maps/search/commercial+landscaping+businesses+in+Center+City+Philadelphia+PA/@39.9509036,-75.1574567,14z",2026-04-29T19:50:52.038Z,,
https://www.google.com/maps/place/M.J+Landscape+Management/data=!4m7!3m6!1s0x4fdda0c24a06e0db:0x5d635213ad98ecf3!8m2!3d41.1169783!4d-77.6047046!16s%2Fg%2F11y1k62y9g!19sChIJ2-AGSsKg3U8R8-yYrRNSY10,M.J Landscape Management,5.0,3,Landscaper,,,,+1 267-406-0529,Open · Closes 5 pm,,,https://lh3.googleusercontent.com/gps-cs-s/APNQkAH37miEBK34Bo4EvXbP7HXBB6_Io3mYj3Qsb5CRX5uw6JLaFSIjVdKqWsrbhFZ5NLNNUVBFP9gY6DOoCQRnM8GtgRKXLHbgRb_JVMNaAw6nQ1w-I-AvJxnFh-wj_yuTwdefX1bH=w426-h240-k-no,true,8 am–5 pm,8 am–5 pm,8 am–5 pm,Closed,Closed,8 am–5 pm,8 am–5 pm,"https://www.google.com/maps/search/commercial+landscaping+businesses+in+Center+City+Philadelphia+PA/@39.9509036,-75.1574567,14z",2026-04-29T19:50:56.909Z,,
https://www.google.com/maps/place/Drexel+Park/data=!4m7!3m6!1s0x89c6c64d3dbf3d79:0x6346c003c9ac2fc7!8m2!3d39.9611976!4d-75.187605!16s%2Fg%2F1hg41mtp8!19sChIJeT2_PU3GxokRxy-syQPARmM,Drexel Park,4.7,734,Park,"3100 Powelton Ave, Philadelphia, PA 19104, United States","XR66+FX Philadelphia, Pennsylvania, USA",http://www.drexel.edu/,+1 215-895-2000,Open 24 hours,,,https://lh3.googleusercontent.com/gps-cs-s/APNQkAHsN47w5l_EWr3UHiIXmdSPOVR-lfr0C9MooyxBOVVSY2r0rzWltnDg_h4gO7TLL-U8DCGZ5MfJn9iDjC5ruobTHfOx7ony3bKvmnVTeeZO3hZ39DfXhOaYoi9b0hOskKSjA7rC=w408-h272-k-no,false,Open 24 hours,Open 24 hours,Open 24 hours,Open 24 hours,Open 24 hours,Open 24 hours,Open 24 hours,"https://www.google.com/maps/search/commercial+landscaping+businesses+in+Center+City+Philadelphia+PA/@39.9509036,-75.1574567,14z",2026-04-29T19:51:01.915Z,"This 2.5-acre open park area features walking paths, benches & views of the city's skyline. · Dogs allowed",
https://www.google.com/maps/place/Do+Your+Dirty+Laundry+Services+LLC/data=!4m7!3m6!1s0x89c6c7d692becc4d:0x3df702aec85ca75b!8m2!3d39.9344166!4d-75.1879591!16s%2Fg%2F11g197630j!19sChIJTcy-ktbHxokRW6dcyK4C9z0,Do Your Dirty Laundry Services LLC,4.9,313,Laundry service,"2601 Dickinson St, Philadelphia, PA 19146, United States","WRM6+QR Philadelphia, Pennsylvania, USA",http://www.doyourdirty.com/,+1 215-995-0555,Closes soon · 4 pm · Opens 8 am Thu,,,https://lh3.googleusercontent.com/gps-cs-s/APNQkAHu99hegnEgmZfPRIdf96lczQlTFFfNf4OdkVub5BZ5__ajgNS49B0KMShh-bHIPmgKykRaXXPATNdHUU4pSYMGZEnB7MzKWxSpfSSb0Du9xiFkJnPCZhUCbY1lcIFMwoTIY5ylNg=w408-h306-k-no,true,8 am–4 pm,8 am–4 pm,8 am–4 pm,8 am–4 pm,8 am–4 pm,Closed,8 am–4 pm,"https://www.google.com/maps/search/commercial+landscaping+businesses+in+Center+City+Philadelphia+PA/@39.9509036,-75.1574567,14z",2026-04-29T19:51:06.731Z,,
https://www.google.com/maps/place/The+Union+League+of+Philadelphia/data=!4m7!3m6!1s0x89c6c62f91f89089:0x614f7b27c381ba75!8m2!3d39.9499672!4d-75.1644065!16s%2Fm%2F06z_nrd!19sChIJiZD4kS_GxokRdbqBwyd7T2E,The Union League of Philadelphia,4.7,1415,Social club,"140 S Broad St, Philadelphia, PA 19102, United States","WRXP+X6 Philadelphia, Pennsylvania, USA",http://www.unionleague.org/,+1 215-563-6500,Open 24 hours,,,https://lh3.googleusercontent.com/gps-cs-s/APNQkAHjh1qOcjl3ff82A_txKTG9ZALXOs-CPaApoNF3PmPlioraZFpAzLCW8Axod7Fq6AKEWBHzSWKz4fqs7WGh5iwbv2TxhoLcuaKsJ5uRW6TtyW3xnxvv1_pwbsUVUIrWUKvYo1Yw3w=w408-h306-k-no,true,Open 24 hours,Open 24 hours,Open 24 hours,Open 24 hours,Open 24 hours,Open 24 hours,Open 24 hours,"https://www.google.com/maps/search/commercial+landscaping+businesses+in+Center+City+Philadelphia+PA/@39.9509036,-75.1574567,14z",2026-04-29T19:51:12.040Z,"Grand clubhouse founded in 1862, housing a public heritage center focused on Civil War history.",
https://www.google.com/maps/place/South+Philly+Creative+Studio/data=!4m7!3m6!1s0x89c6c73272edbafb:0xe34cbd93ce6198d0!8m2!3d39.9229044!4d-75.1751609!16s%2Fg%2F11y5l3v768!19sChIJ-7rtcjLHxokR0JhhzpO9TOM,South Philly Creative Studio,5.0,31,Graphic designer,"2238 S 17th St, Philadelphia, PA 19145, United States","WRFF+5W Philadelphia, Pennsylvania, USA",https://southphillycreative.com/,+1 267-815-3835,Open · Closes 5 pm,,,https://lh3.googleusercontent.com/gps-cs-s/APNQkAF5fRYbR8JuRyg96UZ_SVuRt-vrzgs2GMAJyT015D-CdIo5aGIn7jZ3E2r1bgXRt1myKW7z-TceGt9DApdEwF4iN5QhsHtc86sm3dfjTNqTenOBqXNVSLUhZts5bIZ5w9I1aqkXUg=w426-h240-k-no,true,11 am–5 pm,11 am–5 pm,11 am–5 pm,11 am–5 pm,3:30–7 pm,11 am–5 pm,11 am–5 pm,"https://www.google.com/maps/search/commercial+landscaping+businesses+in+Center+City+Philadelphia+PA/@39.9509036,-75.1574567,14z",2026-04-29T19:51:16.895Z,,
https://www.google.com/maps/place/Freshy+-+Website+Design/data=!4m7!3m6!1s0x89c6c701f6eb0b9d:0x11761a9825c50439!8m2!3d39.949485!4d-75.1673521!16s%2Fg%2F11g3hc7wnz!19sChIJnQvr9gHHxokROQTFJZgadhE,Freshy - Website Design,4.6,9,Website designer,"1528 Walnut St Suite 1415, Philadelphia, PA 19102, United States","WRXM+Q3 Philadelphia, Pennsylvania, USA",https://freshysites.com/philadelphia/?utm_source=googlemybusiness&utm_medium=organic&utm_campaign=Google+My+Business,+1 215-770-6474,Open · Closes 5 pm,,,https://lh3.googleusercontent.com/gps-cs-s/APNQkAFEN5nK84CNx1eJsPn6Vu3lzPbWzT_kySDVOPrQ5-md_yMGYhYJy7HiusYCTBtlwbgkkKwlMMX0GQ-pWnNHiULqxzHUUKILjWZwaKIhid2I4eQXqS7NZnMo7xzViLL0BRO_Gs0X=w408-h300-k-no,true,8 am–5 pm,8 am–5 pm,8 am–5 pm,Closed,Closed,8 am–5 pm,8 am–5 pm,"https://www.google.com/maps/search/commercial+landscaping+businesses+in+Center+City+Philadelphia+PA/@39.9509036,-75.1574567,14z",2026-04-29T19:51:22.008Z,,
https://www.google.com/maps/place/Higgins+Cement+Work+Contractor/data=!4m7!3m6!1s0x89c6c83a1131fc17:0x2ad3fff385359a4!8m2!3d40.002498!4d-75.1180146!16s%2Fg%2F11bv3ms8y7!19sChIJF_wxETrIxokRpFlTOP8_rQI,Higgins Cement Work Contractor,4.0,4,Concrete contractor,,,,+1 215-739-4347,Open · Closes 10 pm,,,https://lh3.googleusercontent.com/gps-cs-s/APNQkAEy7_OZX73VV149z1VkYPw8tExgSPrPChEgBRdgiSMm4t8FogfQrMKOsGBPpItjC92dPN3-QT0MEmIDV8gMdAY267Q9qgLomz0cC0V1XmGxfVFENPEAygCqf2hdRF4JTWuvi4pW=w606-h240-k-no,true,7 am–10 pm,7 am–10 pm,7 am–10 pm,7 am–10 pm,7 am–10 pm,7 am–10 pm,7 am–10 pm,"https://www.google.com/maps/search/commercial+landscaping+businesses+in+Center+City+Philadelphia+PA/@39.9509036,-75.1574567,14z",2026-04-29T19:51:26.708Z,,
https://www.google.com/maps/place/Washington+Square/data=!4m7!3m6!1s0x89c6c89d25364477:0x5e718fbcd1ea571e!8m2!3d39.9470367!4d-75.1523939!16zL20vMDM3c3I3!19sChIJd0Q2JZ3IxokRHlfq0byPcV4,Washington Square,4.7,2612,Park,"210 W Washington Square, Philadelphia, PA 19106, United States","WRWX+R2 Philadelphia, Pennsylvania, USA",https://www.nps.gov/inde/learn/historyculture/places-washingtonsquare.htm,+1 215-597-8787,Open 24 hours,,,https://lh3.googleusercontent.com/gps-cs-s/APNQkAGt2uwaXivv1gCHXYeP-acRsbuyUA6DtFIjF8ghz8C8Q1N1uL5Mw4oHQzeaGRJamuYBOVKdOYvIyAesZ4TUyCNFld0iozZor39nx0bvY9WEixn2aYPwqAU7cBHeqGSjUt2gL0OL=w426-h240-k-no,false,Open 24 hours,Open 24 hours,Open 24 hours,Open 24 hours,Open 24 hours,Open 24 hours,Open 24 hours,"https://www.google.com/maps/search/commercial+landscaping+businesses+in+Center+City+Philadelphia+PA/@39.9509036,-75.1574567,14z",2026-04-29T19:51:31.878Z,City park with memorials to General George Washington & unknown soldiers of the American Revolution. · Dogs allowed,
https://www.google.com/maps/place/CityGreen+Gardening/data=!4m7!3m6!1s0x6ed57c0aee922fc5:0x5d181ce203f2b9f8!8m2!3d40.0286641!4d-75.2145596!16s%2Fg%2F11vb9v3_0h!19sChIJxS-S7gp81W4R-LnyA-IcGF0,CityGreen Gardening,5.0,16,Gardener,"Roxborough Ave, Philadelphia, PA 19128, United States","2QHP+F5 Philadelphia, Pennsylvania, USA",https://citygreengardening.com/,+1 215-500-9961,,,,https://lh3.googleusercontent.com/gps-cs-s/APNQkAFGxn4fQSugZyysWw3WWUoKHeCs9Z10eRsX2cOXLOVSu6au7mR2MKEKgmfz366Ci3xTQm89gV40F6erGMH7Arc04a7trzBf60a7QNfV8UnAWKJvkpGT_GmG76bllDjgXOpatgFpnMpCiifm=w408-h306-k-no,true,,,,,,,,"https://www.google.com/maps/search/commercial+landscaping+businesses+in+Center+City+Philadelphia+PA/@39.9509036,-75.1574567,14z",2026-04-29T19:51:34.696Z,,
https://www.google.com/maps/place/The+HOW+Group+Property+Management/data=!4m7!3m6!1s0x89c6c7b2a7149b31:0xb145cfc0a3810240!8m2!3d39.9631939!4d-75.1892434!16s%2Fg%2F11fx7t4q2t!19sChIJMZsUp7LHxokRQAKBo8DPRbE,The HOW Group Property Management,4.0,339,Property management company,"3221 Spring Garden St, Philadelphia, PA 19104, United States","XR76+78 Philadelphia, Pennsylvania, USA",http://www.howpropertymanagement.com/,+1 484-904-1111,Closes soon · 4:30 pm · Opens 8:30 am Thu,,,https://lh3.googleusercontent.com/gps-cs-s/APNQkAGcMRGkv8Y3nc_vOYOVJiXyi-_EwaVYhvNphsdfYzRmxw4RlWACxTp2xrwtrds_k7kHMzObrfDDahSl7eY_vfEGGYhLJNzyF-pTJFXij0JhqHziJnc7c-n0xldwYw21qn3x-VriPfHueWUZ=w408-h271-k-no,true,8:30 am–4:30 pm,8:30 am–4:30 pm,8:30 am–4:30 pm,Closed,Closed,8:30 am–4:30 pm,8:30 am–4:30 pm,"https://www.google.com/maps/search/commercial+landscaping+businesses+in+Center+City+Philadelphia+PA/@39.9509036,-75.1574567,14z",2026-04-29T19:51:39.467Z,,
https://www.google.com/maps/place/Resource+W.O.N+LLC/data=!4m7!3m6!1s0x89c6c908a693b57d:0xc89ac24de3ab0048!8m2!3d39.946532!4d-75.123916!16s%2Fg%2F11t2q4kfk2!19sChIJfbWTpgjJxokRSACr403Cmsg,Resource W.O.N LLC,1.0,1,Demolition contractor,"227 Market St Suite B, Camden, NJ 08102, United States","WVWG+JC Camden, New Jersey, USA",,+1 609-223-5076,Open · Closes 5 pm,,,https://lh3.googleusercontent.com/gps-cs-s/APNQkAFSXRTcQ2vYEYhmOM-WERGslhGjdqjiFlSyJjxeImR3LTWTJD8VrjP19ohf1KdOi5oUmuJciMcd99aRX767CkVYGPOhDs64IfBs4hSQ_2F10u6KXwCutIN0XrAG38n01zps1Op8=w408-h306-k-no,true,8 am–5 pm,8 am–5 pm,8 am–5 pm,9 am–1 pm,Closed,8 am–5 pm,8 am–5 pm,"https://www.google.com/maps/search/commercial+landscaping+businesses+in+Center+City+Philadelphia+PA/@39.9509036,-75.1574567,14z",2026-04-29T19:51:44.412Z,,
https://www.google.com/maps/place/V+Serrano%27s+Landscaping+LLC/data=!4m7!3m6!1s0x4c0d452b09dfaf7b:0xf07e8a29ea2647ed!8m2!3d39.984675!4d-75.428931!16s%2Fg%2F11t6wtz9xh!19sChIJe6_fCStFDUwR7Ucm6imKfvA,V Serrano's Landscaping LLC,5.0,99,Landscaper,,,https://www.vserranoslandscapingllc.com/,+1 610-579-2309,Open · Closes 5 pm,,,https://lh3.googleusercontent.com/gps-cs-s/APNQkAFRsKjbBLZobQio7pv456l4zm6Ub4IwP4mBzcsqktblGyxVFir9og34qVH3nICnlHApF4L83fqWlFOVXA2Q6B0ViugSC-dObNd6tX4ZssEqqzgVnZ8Gprev9_tzcnmp54uQ665kSA=w426-h240-k-no,true,8 am–5 pm,8 am–5 pm,8 am–5 pm,Closed,Closed,8 am–5 pm,8 am–5 pm,"https://www.google.com/maps/search/commercial+landscaping+businesses+in+University+City+Philadelphia+PA/@39.9536418,-75.1987107,14z",2026-04-29T19:52:05.497Z,,
https://www.google.com/maps/place/Valley+Green+Landscaping+LLC./data=!4m7!3m6!1s0x2e5406d432277747:0x5b5f3605073581b7!8m2!3d40.0371444!4d-75.23711!16s%2Fg%2F11l2lw34rn!19sChIJR3cnMtQGVC4Rt4E1BwU2X1s,Valley Green Landscaping LLC.,5.0,43,Landscaper,"5005 Umbria St, Philadelphia, PA 19128, United States","2QP7+V5 Philadelphia, Pennsylvania, USA",https://valleygreenlandscaping.com/,+1 215-385-3499,"Open · Closes 6 pm

Updated by this business 6 weeks ago",,,https://lh3.googleusercontent.com/gps-cs-s/APNQkAEnrnpRq8X8nD8-NaagqOZ6kjTMUUcz502-ZABTshdbgnWLG6Cotv6fCzNkCfthsKLOcVJRntTT0m33oY60vujW6CBPX5WnhJrOGfthKl2YjO0skMm1gfJT2m5NvIc0GcEhSTmLJYuezx3Y=w408-h306-k-no,true,7 am–6 pm,7 am–6 pm,7 am–6 pm,7 am–6 pm,Closed,7 am–6 pm,7 am–6 pm,"https://www.google.com/maps/search/commercial+landscaping+businesses+in+University+City+Philadelphia+PA/@39.9536418,-75.1987107,14z",2026-04-29T19:52:10.369Z,,
https://www.google.com/maps/place/Grassworks+Landscape+%26+Design/data=!4m7!3m6!1s0x89c6c14e0395c8d7:0x4fa18dc201be2a10!8m2!3d39.940714!4d-75.254295!16s%2Fg%2F1tht2dp3!19sChIJ18iVA07BxokRECq-AcKNoU8,Grassworks Landscape & Design,4.7,12,Landscape designer,"14 Kelly St, Lansdowne, PA 19050, United States","WPRW+77 Lansdowne, Pennsylvania, USA",http://grassworksinc.com/,+1 610-626-5067,Open · Closes 5 pm,,,https://lh3.googleusercontent.com/gps-cs-s/APNQkAFYIqPukMaDNiNXot8V24XxocoiuU2lZhz7BHPIdw9r7ti4FvokyWoB_z-Z0Oo0hgQgdbEmKFaT3Qyp1CULpGt3fmtoIpsiMfa4oYwaGwJs0QE9CfrcyyXhpiwWgx9Npab_avBT=w408-h306-k-no,true,7 am–5 pm,7 am–5 pm,7 am–5 pm,9 am–3 pm,Closed,7 am–5 pm,7 am–5 pm,"https://www.google.com/maps/search/commercial+landscaping+businesses+in+University+City+Philadelphia+PA/@39.9536418,-75.1987107,14z",2026-04-29T19:52:15.233Z,,
https://www.google.com/maps/place/Allure+Landscaping+%26+Construction/data=!4m7!3m6!1s0x6b528eeb58b3ff01:0x26f0d6ab4220b590!8m2!3d39.9340575!4d-75.4065016!16s%2Fg%2F11m6bs573g!19sChIJAf-zWOuOUmsRkLUgQqvW8CY,Allure Landscaping & Construction,4.6,17,Landscape designer,,,http://allurelandscapingconstruction.jobbersites.com/,+1 267-216-7710,Open · Closes 5 pm,,,https://lh3.googleusercontent.com/gps-cs-s/APNQkAFlsaLRqvU1rH6_qrdlhHlrCw9U03F93EdsGsXXl3Q20BA3gWeEDhDiXv_matJdRproPM2j_se9bULx6SiGX783zvYiMVpBZ-k5JrDRrQb-NJObri9tWhCKGHM-W9CYTyRi-fNYsxivzhLn=w408-h463-k-no,true,7 am–5 pm,7 am–5 pm,7 am–5 pm,7 am–5 pm,Closed,7 am–5 pm,7 am–5 pm,"https://www.google.com/maps/search/commercial+landscaping+businesses+in+University+City+Philadelphia+PA/@39.9536418,-75.1987107,14z",2026-04-29T19:52:19.876Z,,
https://www.google.com/maps/place/Carlos+Landscaping+%26+tree+service+Inc/data=!4m7!3m6!1s0x89c6c156b6ee2dbd:0x8c24cb90c5a22b25!8m2!3d39.9662752!4d-75.2720421!16s%2Fg%2F11rg_p19tr!19sChIJvS3utlbBxokRJSuixZDLJIw,Carlos Landscaping & tree service Inc,5.0,82,Landscaper,"111 Englewood Rd, Upper Darby Township, PA 19082, United States","XP8H+G5 Philadelphia, Pennsylvania, USA",http://carloslandscapinginc.com/,+1 267-205-6480,Open · Closes 6 pm,,,https://lh3.googleusercontent.com/gps-cs-s/APNQkAG5RjZi6tocEL0DDkaSgMl42s6UFkOah-mCmEKsnvsE0djeQo-uMbRHzu7LHjGGgVuE0-zUAYGDF8wPUmAxrFw7Q7Aw3tF5aktrH0jMFPlvQczaCNYCdqj6QJ9lJsCTe6eCXYxBVg=w425-h240-k-no,true,7 am–6 pm,7 am–6 pm,7 am–6 pm,8 am–4 pm,Closed,7 am–6 pm,7 am–6 pm,"https://www.google.com/maps/search/commercial+landscaping+businesses+in+University+City+Philadelphia+PA/@39.9536418,-75.1987107,14z",2026-04-29T19:52:24.892Z,,
https://www.google.com/maps/place/W+Landscaping/data=!4m7!3m6!1s0x89c6c6d2562af999:0x171b0cf704c396df!8m2!3d39.961848!4d-75.244964!16s%2Fg%2F1tfts114!19sChIJmfkqVtLGxokR35bDBPcMGxc,W Landscaping,,,Landscaper,"18 S 62nd St, Philadelphia, PA 19139, United States","XQ64+P2 Philadelphia, Pennsylvania, USA",,+1 215-471-1065,Open 24 hours,,,https://streetviewpixels-pa.googleapis.com/v1/thumbnail?panoid=9wkP7p0xt6UWBsBxjstNMw&cb_client=search.gws-prod.gps&w=408&h=240&yaw=264.39984&pitch=0&thumbfov=100,false,Open 24 hours,Open 24 hours,Open 24 hours,Open 24 hours,Open 24 hours,Open 24 hours,Open 24 hours,"https://www.google.com/maps/search/commercial+landscaping+businesses+in+University+City+Philadelphia+PA/@39.9536418,-75.1987107,14z",2026-04-29T19:52:29.614Z,,
https://www.google.com/maps/place/Department+of+Landscape+Architecture/data=!4m7!3m6!1s0x89c6c65a61c54c1b:0x8cdf6cb42d5ba62c!8m2!3d39.9521875!4d-75.1928169!16s%2Fg%2F124s_5dz8!19sChIJG0zFYVrGxokRLKZbLbRs34w,Department of Landscape Architecture,5.0,2,Academic department,"Meyerson Hall, 210 S 34th St #119, Philadelphia, PA 19104, United States","XR24+VV Philadelphia, Pennsylvania, USA",https://www.design.upenn.edu/landscape-architecture,+1 215-898-6591,Open · Closes 5 pm,,,https://streetviewpixels-pa.googleapis.com/v1/thumbnail?panoid=LwwTrWyFtDKrIdUiMY6lYA&cb_client=search.gws-prod.gps&w=408&h=240&yaw=151.44261&pitch=0&thumbfov=100,false,8 am–5 pm,8 am–5 pm,8 am–5 pm,Closed,Closed,8 am–5 pm,8 am–5 pm,"https://www.google.com/maps/search/commercial+landscaping+businesses+in+University+City+Philadelphia+PA/@39.9536418,-75.1987107,14z",2026-04-29T19:52:34.454Z,,
"https://www.google.com/maps/place/POISON+IVY+HORTICULTURIST,+INC./data=!4m7!3m6!1s0x89c6c74998d1e199:0x4185d1934bb2e40!8m2!3d40.2003813!4d-77.2024542!16s%2Fg%2F11c56rbjsy!19sChIJmeHRmEnHxokRQC67NBldGAQ","POISON IVY HORTICULTURIST, INC.",4.9,57,Landscaper,,,http://umarmycka.com/,+1 215-879-5969,Open · Closes 9 pm,,,https://lh3.googleusercontent.com/gps-cs-s/APNQkAEbp8b3JC810mliL3xoTXpRABHRfqKtKjlaIiU1ihKYge1mVO3L5DZZOtiixC-oFQeNok-v9cd4429GgjEp6ABNubs0zjQCjiD7wXMnueBZNGUBensxb3P2aAg__HCEUueDf_w4y77ttVBE=w408-h306-k-no,true,7 am–9 pm,7 am–9 pm,7 am–9 pm,7 am–9 pm,7 am–9 pm,7 am–9 pm,7 am–9 pm,"https://www.google.com/maps/search/commercial+landscaping+businesses+in+University+City+Philadelphia+PA/@39.9536418,-75.1987107,14z",2026-04-29T19:52:39.188Z,,
"https://www.google.com/maps/place/EcoLandscapes+Design,+LLC/data=!4m7!3m6!1s0x89c6c757df7f5881:0x577b2a7268b28fde!8m2!3d40.069147!4d-75.315412!16s%2Fg%2F12vt7wn8n!19sChIJgVh_31fHxokR3o-yaHIqe1c","EcoLandscapes Design, LLC",5.0,110,Landscape designer,"112 Josephine Ave, Conshohocken, PA 19428, United States","3M9M+MR Conshohocken, Pennsylvania, USA",http://www.ecolandscapesdesign.com/,+1 610-513-1735,Closes soon · 4 pm · Opens 7 am Thu,,,https://lh3.googleusercontent.com/gps-cs-s/APNQkAEUXl4uiCMp4I3e16oQgxoaC1LV9PzUkmNwhiLAYpDT78g6gdxb1MsFP_onqJGtu6PUB5RSjCtqB0J20s8VsS5QKI9Hd2okm2-eoUujX8-Y-H-yJNbqhE9sys9Dx-HDpyyFRE7_a_ZvjB8=w408-h402-k-no,true,7 am–4 pm,7 am–4 pm,7 am–4 pm,Closed,Closed,7 am–4 pm,7 am–4 pm,"https://www.google.com/maps/search/commercial+landscaping+businesses+in+University+City+Philadelphia+PA/@39.9536418,-75.1987107,14z",2026-04-29T19:52:44.129Z,,
https://www.google.com/maps/place/3rd+Ingram+Landscaping+and+designs/data=!4m7!3m6!1s0x89c6b91a6b538b07:0x754190c9ace1e39b!8m2!3d39.9634477!4d-75.2301506!16s%2Fg%2F11nyk_461w!19sChIJB4tTaxq5xokRm-PhrMmQQXU,3rd Ingram Landscaping and designs,,,Landscaper,"147 N 55th St, Philadelphia, PA 19139, United States","XQ79+9W Philadelphia, Pennsylvania, USA",,+1 267-273-8643,Open · Closes 6 pm,,true,https://streetviewpixels-pa.googleapis.com/v1/thumbnail?panoid=ZDsYwNXBRAwjNpVNUPp2Hg&cb_client=search.gws-prod.gps&w=408&h=240&yaw=95.45828&pitch=0&thumbfov=100,true,8 am–6 pm,8 am–5 pm,8 am–5:30 pm,8 am–6 pm,Closed,8 am–6 pm,8 am–6 pm,"https://www.google.com/maps/search/commercial+landscaping+businesses+in+University+City+Philadelphia+PA/@39.9536418,-75.1987107,14z",2026-04-29T19:52:48.796Z,,
https://www.google.com/maps/place/SETCO+Paving+%26+Landscaping/data=!4m7!3m6!1s0x89c6c14d51c6b9c9:0xea01867233990000!8m2!3d39.9633057!4d-75.2639299!16s%2Fg%2F11fsshk3gp!19sChIJybnGUU3BxokRAACZM3KGAeo,SETCO Paving & Landscaping,4.7,49,Asphalt contractor,"12 N Keystone Ave, Upper Darby Township, PA 19082, United States","XP7P+8C Philadelphia, Pennsylvania, USA",https://www.setcopavinglandscaping.com/,+1 610-818-8881,Open 24 hours,LGBTQ+ friendly,,https://lh3.googleusercontent.com/gps-cs-s/APNQkAGoFfogy0xHpNQjielSReXgPQIZ_NCvKKwTAqO7PrsuwvqoAgourD7cBA_U2IoIWOBEvBMu0JYHU3Rt4TDt0wQgVhcV1crbQoWOQ8F9pp5zFrAbvjYGSkho9jaBtw4cNCeVFNSgYAeOyr8=w426-h240-k-no,true,Open 24 hours,Open 24 hours,Open 24 hours,Open 24 hours,Open 24 hours,Open 24 hours,Open 24 hours,"https://www.google.com/maps/search/commercial+landscaping+businesses+in+University+City+Philadelphia+PA/@39.9536418,-75.1987107,14z",2026-04-29T19:52:53.895Z,,
https://www.google.com/maps/place/Olivos+Landscaping/data=!4m7!3m6!1s0x89c6c15e12b7cca3:0x803760f6df802c3e!8m2!3d39.960332!4d-75.2547254!16s%2Fg%2F11my3s0v62!19sChIJo8y3El7BxokRPiyA3_ZgN4A,Olivos Landscaping,5.0,4,Landscaper,"44 Marlborough Rd, Upper Darby Township, PA 19082, United States","XP6W+44 Philadelphia, Pennsylvania, USA",http://www.olivoslandscaping.com/,+1 267-403-7776,Open · Closes 7 pm,,,https://lh3.googleusercontent.com/gps-cs-s/APNQkAE5u8Dgan5g1uiVRiS0wyOhToxozqsD1isRLTImm27xXBfMP8JmN1YUNjzr_MNAmGoESWBwKTrTZ6eqLd9ZCyiZEZTLVNQZh-aPhtFvX1NFFBmkevDoWhQm7WVk7rlJw2V0agma=w408-h306-k-no,true,7 am–7 pm,7 am–7 pm,7 am–7 pm,7 am–7 pm,Closed,7 am–7 pm,7 am–7 pm,"https://www.google.com/maps/search/commercial+landscaping+businesses+in+University+City+Philadelphia+PA/@39.9536418,-75.1987107,14z",2026-04-29T19:52:58.640Z,,
https://www.google.com/maps/place/Robinson+family+landscaping/data=!4m7!3m6!1s0xd7d8b5b5dae0fef:0x248704780608cf1a!8m2!3d40.2052495!4d-75.2091504!16s%2Fg%2F11nxryw_zg!19sChIJ7w-uXVuLfQ0RGs8IBngEhyQ,Robinson family landscaping,,,Landscape designer,,,,+1 267-721-1416,Closed · Opens 7 am Thu,,,https://lh3.googleusercontent.com/gps-cs-s/APNQkAGhc2YBvAapdIc0e2NDwba8sp5vcSTeaWDgj6GSf1Xz611vvugGo6x2_DqM9MbgP-bu5KoiiverjYZjVfqMu3H1hoTFGsow3yt-YYkaYzZQK8cXfTKLr25l-MF3K8DZQZrRARtAng=w426-h240-k-no,true,7 am–3 pm,7 am–3 pm,7 am–3 pm,7 am–3 pm,Closed,Closed,7 am–3 pm,"https://www.google.com/maps/search/commercial+landscaping+businesses+in+University+City+Philadelphia+PA/@39.9536418,-75.1987107,14z",2026-04-29T19:53:03.216Z,,
https://www.google.com/maps/place/Dottin+Landscaping/data=!4m7!3m6!1s0xa48a76a2f3e9789:0x2fa07833b254528e!8m2!3d40.096622!4d-75.9401266!16s%2Fg%2F11kq7b5rwl!19sChIJiZc-L2qnSAoRjlJUsjN4oC8,Dottin Landscaping,5.0,11,Landscaper,,,,+1 445-227-2784,Open · Closes 6 pm,,true,https://lh3.googleusercontent.com/gps-cs-s/APNQkAEjyvT7LVxZDDX9SYAd05ty_6k0lA0mahsbcHGcfbtDdTdpcyAUogjt6qiAkx-YykoIlIKkVVnP4XP3NmvbcMGKTWBdvUdkKqqYeZ_TpNOyIOYCHjgmU1YavlCaDfv_iBcf874aLA=w408-h544-k-no,true,9 am–6 pm,9 am–6 pm,9 am–6 pm,10 am–4 pm,Closed,9 am–6 pm,9 am–6 pm,"https://www.google.com/maps/search/commercial+landscaping+businesses+in+University+City+Philadelphia+PA/@39.9536418,-75.1987107,14z",2026-04-29T19:53:14.791Z,,
https://www.google.com/maps/place/Green+Life+Landscape+Services+LLC/data=!4m7!3m6!1s0x8bb01ed173bd0e73:0x15e6b21779f84c86!8m2!3d39.9898594!4d-75.3269555!16s%2Fg%2F11yy5ljdyx!19sChIJcw69c9EesIsRhkz4eRey5hU,Green Life Landscape Services LLC,5.0,21,Landscaper,,,,+1 732-567-9112,Open · Closes 6:30 pm,,,https://lh3.googleusercontent.com/gps-cs-s/APNQkAHEnlO9-eHrRO6M67nBnF_fIhJOhIVnoPzuN3rKUUvD_hauUHU5KHPegtGs4W3-tRf2qRyLobhiprM4PrA0pDiRCysQU3D8BpN65CpXtZLuD2_k8LEc-RODX8jzsW79_NMeO-LLCa5Pryw=w408-h891-k-no,true,7 am–6:30 pm,7 am–6:30 pm,7 am–6:30 pm,7 am–6:30 pm,Closed,7 am–6:30 pm,7 am–6:30 pm,"https://www.google.com/maps/search/commercial+landscaping+businesses+in+University+City+Philadelphia+PA/@39.9536418,-75.1987107,14z",2026-04-29T19:53:19.629Z,,
"https://www.google.com/maps/place/Dew+A+Landscaping+Company/@39.939013,-75.255436,17z/data=!3m1!4b1!4m6!3m5!1s0x89c6c1fd24c76bf5:0xd63b07744cfe1e2e!8m2!3d39.939013!4d-75.255436!16s%2Fg%2F11z6d2_1l8",Dew A Landscaping Company,,,Landscaper,"Yeadon, PA 19050, United States","WPQV+JR Yeadon, Pennsylvania, USA",https://dewalandscapingco.com/?utm_campaign=gmb,+1 835-237-8444,Open · Closes 6 pm,,,,true,7:30 am–6 pm,7:30 am–6 pm,7:30 am–6 pm,7:30 am–6 pm,Closed,7:30 am–6 pm,7:30 am–6 pm,"https://www.google.com/maps/search/commercial+landscaping+businesses+in+University+City+Philadelphia+PA/@39.9536418,-75.1987107,14z",2026-04-29T19:53:26.209Z,,
https://www.google.com/maps/place/Bright+Landscaping/data=!4m7!3m6!1s0x2fccbd246bb8f35d:0xcd1489560eb02bda!8m2!3d39.9881816!4d-75.2353355!16s%2Fg%2F11pf2pm_sx!19sChIJXfO4ayS9zC8R2iuwDlaJFM0,Bright Landscaping,,,Landscaper,"5604 Gainor Rd, Philadelphia, PA 19131, United States","XQQ7+7V Philadelphia, Pennsylvania, USA",,+1 267-351-5557,Closed · Opens 7 am Thu,,,https://lh3.googleusercontent.com/gps-cs-s/APNQkAHfHYTwn--tLvOAs9qUYuaJARUwAxaLxk_iGg4JY0qY_mMp_3KgBWlYpt77L11P94qKYUEiWnaAZKuJp7W7pZv1-SBQrmlL1GQEWReehCSOfmm95C1GjeYKLDKoZhLdkK9xyfxw=w480-h240-k-no,true,7 am–3 pm,7 am–3 pm,7 am–3 pm,Closed,Closed,7 am–3 pm,7 am–3 pm,"https://www.google.com/maps/search/commercial+landscaping+businesses+in+University+City+Philadelphia+PA/@39.9536418,-75.1987107,14z",2026-04-29T19:53:30.865Z,,
https://www.google.com/maps/place/Riverview+Landscaping+%26+Tree+Service+Inc./data=!4m7!3m6!1s0x89c6c15a82fee6f7:0xaf78d8ca139dd2e6!8m2!3d39.9395231!4d-75.2595424!16s%2Fg%2F1th0cd7y!19sChIJ9-b-glrBxokR5tKdE8rYeK8,Riverview Landscaping & Tree Service Inc.,3.4,10,Landscaper,"25 4th St, Lansdowne, PA 19050, United States","WPQR+R5 Lansdowne, Pennsylvania, USA",https://riverviewlandscaping.net/,+1 610-431-0277,Open · Closes 5 pm,,,https://lh3.googleusercontent.com/gps-cs-s/APNQkAHxH1iII0_cYiTa4FoP5ZjlP0hvDy4trw3dlCQb1b1VFcaMxZjnQEI2uTWPiwgxEJq8aIfqe5QD9DvLleZCj7ngmMI-fKS00r30nYg7Xifcf9bZ_KXfRKSC-BDfB9Njhjj1dCln9o3MP5qq=w408-h544-k-no,true,7 am–5 pm,7 am–5 pm,7 am–5 pm,Closed,Closed,7 am–5 pm,7 am–5 pm,"https://www.google.com/maps/search/commercial+landscaping+businesses+in+University+City+Philadelphia+PA/@39.9536418,-75.1987107,14z",2026-04-29T19:53:35.889Z,,
https://www.google.com/maps/place/Dew+A+Landscaping+Co./data=!4m7!3m6!1s0xe2742ab80fe01bd:0xf7f317e5753297eb!8m2!3d40.002498!4d-75.1180146!16s%2Fg%2F11z4m1n15l!19sChIJvQH-gKtCJw4R65cydeUX8_c,Dew A Landscaping Co.,5.0,1,Landscaper,,,,+1 835-237-8444,Open · Closes 5:30 pm,,,https://lh3.googleusercontent.com/gps-cs-s/APNQkAGc4s8E3KN55Fs46Ytc-FrP1Ori_UnWOHF3Bt1ttI0LRdFAlzDnJ51UvarP12rsAiywfK_ifffpuOnoxG9HnNvqEcsQ4vq6Z94tDfqCxSpPxKdAKJAP-Trl9BrdPy3OZ-5j0YMFQqjJ7-s=w408-h544-k-no,true,8:30 am–5:30 pm,8:30 am–5:30 pm,8:30 am–5:30 pm,9 am–4 pm,Closed,8:30 am–5:30 pm,8:30 am–5:30 pm,"https://www.google.com/maps/search/commercial+landscaping+businesses+in+University+City+Philadelphia+PA/@39.9536418,-75.1987107,14z",2026-04-29T19:53:40.513Z,,
https://www.google.com/maps/place/C%26C+Landscapes+Llc/data=!4m7!3m6!1s0x89c6c7367940fe37:0x6c32806645c68503!8m2!3d46.423669!4d-129.9427086!16s%2Fg%2F11sspywb02!19sChIJN_5AeTbHxokRA4XGRWaAMmw,C&C Landscapes Llc,4.3,6,Contractor,,,http://my-site-103196-100984.square.site/,+1 267-366-2558,Open · Closes 7 pm,,,https://lh3.googleusercontent.com/gps-cs-s/APNQkAH_BaaxXTIkzIuDv09EHnyJEGNIP7cE-vBWWcVJTfk88B-L5FtRJxDSnwc-YyN8SJSBcxsFNfQEM4BiV4litc7WiKp1ykH4A8vOVCZTFVoDHmrkNcMjgc9r4VJWjMz-wqquS-CP=w408-h306-k-no,true,7 am–7 pm,7 am–7 pm,7 am–7 pm,9 am–3 pm,Closed,7 am–7 pm,7 am–7 pm,"https://www.google.com/maps/search/commercial+landscaping+businesses+in+University+City+Philadelphia+PA/@39.9536418,-75.1987107,14z",2026-04-29T19:53:45.300Z,,
https://www.google.com/maps/place/Karena+Gardens/data=!4m7!3m6!1s0xa20282a40373613f:0x78db78cb6cdfdb83!8m2!3d40.0204545!4d-75.1853771!16s%2Fg%2F11ksz_zr3_!19sChIJP2FzA6SCAqIRg9vfbMt423g,Karena Gardens,5.0,2,Gardener,,,https://karenagardens.com/,+1 215-680-0026,Closes soon · 4 pm · Opens 9:30 am Thu,,,https://lh3.googleusercontent.com/gps-cs-s/APNQkAHygM2qLYPuucuX5x0YUJx8EkMUdr2uDFgP00VRzTtPe2FdzJQt5QrQAXHfMPW0u-A9ujLAOoB6mmr1NNxoAadtJS68L59LA4M_IEqz8TvFbaMx0Kaa-oSWrgqNgAvHvavoqcWMIw=w408-h306-k-no,true,9:30 am–4 pm,9:30 am–4 pm,9:30 am–4 pm,Closed,Closed,9:30 am–4 pm,9:30 am–4 pm,"https://www.google.com/maps/search/commercial+landscaping+businesses+in+University+City+Philadelphia+PA/@39.9536418,-75.1987107,14z",2026-04-29T19:53:49.977Z,,
https://www.google.com/maps/place/Curb+Appeal+MG+LLC/data=!4m7!3m6!1s0x89c6b92e75c389fb:0x4c0bb99588c10653!8m2!3d40.048872!4d-75.2274522!16s%2Fg%2F11x1_ptwh6!19sChIJ-4nDdS65xokRUwbBiJW5C0w,Curb Appeal MG LLC,5.0,1,Landscape architect,"7323 Hill Rd, Philadelphia, PA 19128, United States","2QXF+G2 Philadelphia, Pennsylvania, USA",,+1 215-688-1629,Open 24 hours,,,https://lh3.googleusercontent.com/gps-cs-s/APNQkAFAwyV7MaG-Ca2x_0Uwc0CE5GRawqiHgVKnusBfvel8eEM-v2BHWnSjc_GmFARIlYqgVwk45dpzfd0YW_OaB7Mtl00DPUwc4smDSsXRve7Cx4_ycXoCapBNUmB12d0vYYxdrEbsiQ=w454-h240-k-no,true,Open 24 hours,Open 24 hours,Open 24 hours,Open 24 hours,Closed,Open 24 hours,Open 24 hours,"https://www.google.com/maps/search/commercial+landscaping+businesses+in+University+City+Philadelphia+PA/@39.9536418,-75.1987107,14z",2026-04-29T19:53:54.683Z,,
https://www.google.com/maps/place/Amador+Tree+%26+Landscaping+Services/data=!4m7!3m6!1s0x89c6c138f1ea5313:0xa79cd6bdfda2d3f4!8m2!3d39.9536644!4d-75.2631517!16s%2Fg%2F11lnpwrfs2!19sChIJE1Pq8TjBxokR9NOi_b3WnKc,Amador Tree & Landscaping Services,5.0,1,Tree service,"7134 Pine St, Upper Darby Township, PA 19082, United States","XP3P+FP Lansdowne, Pennsylvania, USA",http://landscapingservices.com/,+1 215-758-4998,Open 24 hours,,,https://streetviewpixels-pa.googleapis.com/v1/thumbnail?panoid=2_kdCbTz_iwrWp91Le1URQ&cb_client=search.gws-prod.gps&w=408&h=240&yaw=163.3768&pitch=0&thumbfov=100,true,Open 24 hours,Open 24 hours,Open 24 hours,Open 24 hours,Open 24 hours,Open 24 hours,Open 24 hours,"https://www.google.com/maps/search/commercial+landscaping+businesses+in+University+City+Philadelphia+PA/@39.9536418,-75.1987107,14z",2026-04-29T19:53:59.584Z,,
https://www.google.com/maps/place/Mercados+Landscape+%26+Tree+Service+LLC/data=!4m7!3m6!1s0x89c6c9d3ffffffff:0x75eb3df53ef81f19!8m2!3d40.0190722!4d-75.0929165!16s%2Fg%2F1hc3g6rrh!19sChIJ_____9PJxokRGR_4PvU963U,Mercados Landscape & Tree Service LLC,4.2,76,Tree service,"1101 Orthodox St, Philadelphia, PA 19124, United States","2W94+JR Philadelphia, Pennsylvania, USA",https://mercadoslandscaping.com/,+1 215-764-5509,Open · Closes 5 pm,,,https://lh3.googleusercontent.com/gps-cs-s/APNQkAFbYZhZ9Vysfuk_jvjVi7vWAFNAjtJkCPixJI6D9NCvL_gLpPL81SgG3wC10ksI8c0JMwK416rh5OLjlY3oVS_744dDyND4D_Sl66oYZreEhRFw0v-nYHCw0TPqGA2y8qiW9Y0a=w408-h405-k-no,true,9 am–5 pm,9 am–5 pm,9 am–5 pm,Closed,Closed,9 am–5 pm,9 am–5 pm,"https://www.google.com/maps/search/commercial+landscaping+businesses+in+Fishtown+Philadelphia+PA/@39.9709764,-75.1284805,14z",2026-04-29T19:54:20.438Z,,
https://www.google.com/maps/place/Magic+Hands+Handyman/data=!4m7!3m6!1s0x89c6c94112995d81:0x7ca2df64d701ab64!8m2!3d39.9986805!4d-75.081773!16s%2Fg%2F11j1f43_m_!19sChIJgV2ZEkHJxokRZKsB12Tfonw,Magic Hands Handyman,4.8,79,Handyman/Handywoman/Handyperson,,,http://1magichandshandyman.com/,+1 215-469-1137,,LGBTQ+ friendly,,https://lh3.googleusercontent.com/gps-cs-s/APNQkAE0S8bQskXAEuDDzdirOPDFAIJxThKFh6o40IqzwG6lDnmr2GGwaXroPjttsYUsQZ2Wj_EhZrqjP9nwfRAkpD6qVwnt1EiSDWjh7yLOxv_y9Bx453fooi7c89-kFnP4RMinytid0y5IJx7J=w408-h306-k-no,true,Open 24 hours,Open 24 hours,Open 24 hours,Open 24 hours,Open 24 hours,Open 24 hours,Open 24 hours,"https://www.google.com/maps/search/commercial+landscaping+businesses+in+Fishtown+Philadelphia+PA/@39.9709764,-75.1284805,14z",2026-04-29T19:54:25.188Z,,
https://www.google.com/maps/place/Riverwards+Plastering+%26+Masonry/data=!4m7!3m6!1s0x82123028014bdeb7:0x5f1b95466253acff!8m2!3d40.002498!4d-75.1180146!16s%2Fg%2F11vrtv6gc1!19sChIJt95LASgwEoIR_6xTYkaVG18,Riverwards Plastering & Masonry,5.0,136,Masonry contractor,,,http://www.riverwardsplastering.com/,+1 267-402-7222,Open 24 hours,LGBTQ+ friendly,,https://lh3.googleusercontent.com/gps-cs-s/APNQkAGjQXKlIXt7U2Zv8w-EvAJxCnPVRAmh2aaXGrrVkm7_pFIWFmcP5BGVZDYP_RbixlQXdnU1mn_cBQj_WDccLxgBBteFzlfiK3_blibsRvsDxZvk04cwMOSz07DNq-BMOgRD6K6x8dUF8tst=w408-h306-k-no,true,Open 24 hours,Open 24 hours,Open 24 hours,Open 24 hours,Open 24 hours,Open 24 hours,Open 24 hours,"https://www.google.com/maps/search/commercial+landscaping+businesses+in+Fishtown+Philadelphia+PA/@39.9709764,-75.1284805,14z",2026-04-29T19:54:29.911Z,,
https://www.google.com/maps/place/THE+DEPLORABLE+BASTARDS/data=!4m7!3m6!1s0x89c6c97e9c7e4989:0x2f33e57fedaa81f1!8m2!3d41.1169783!4d-77.6047046!16s%2Fg%2F11v3j1fp02!19sChIJiUl-nH7JxokR8YGq7X_lMy8,THE DEPLORABLE BASTARDS,4.4,7,Construction company,,,,+1 267-945-4051,Open · Closes 6 pm,Identifies as veteran-owned,,https://lh3.googleusercontent.com/gps-cs-s/APNQkAHrx3H6FJ2ttiovc5lhjDkj-T9iNIb-ZpuU9agq3rL47iYZPu8VhnREHLSH4XQcjUD0x8B1-mhuiy1GyBk8LjYZ3myyeQXPP2wJYdaewjNxjGvFzYkrPXW96mrDc0AkBjv4zrm_=w408-h542-k-no,true,7:30 am–6 pm,7:30 am–6 pm,7:30 am–6 pm,9 am–5 pm,Closed,7:30 am–6 pm,7:30 am–6 pm,"https://www.google.com/maps/search/commercial+landscaping+businesses+in+Fishtown+Philadelphia+PA/@39.9709764,-75.1284805,14z",2026-04-29T19:54:34.667Z,,
https://www.google.com/maps/place/B.L.T.+Landscaping/data=!4m7!3m6!1s0x89c6b703f3444e17:0x3d57c1c10eb58eed!8m2!3d40.0161093!4d-75.0721639!16s%2Fg%2F11f9zh1frd!19sChIJF05E8wO3xokR7Y61DsHBVz0,B.L.T. Landscaping,5.0,2,Landscaper,"1969 Granite St, Philadelphia, PA 19124, United States","2W8H+C4 Philadelphia, Pennsylvania, USA",,+1 215-350-1373,Open · Closes 8 pm,,,https://lh3.googleusercontent.com/gps-cs-s/APNQkAHZIpij-wvx_gPcofCvlbRfkf_nXeczy-L5TwGjCHJDTR0t4U4r4K1saygK5GP0zedvAfSjBg1PNDn7iA86LoMhV9Gdkcgv-w4DIsytnkDwYc1Cck59FOOTYq7LA_XBNyJtXNJ-ag=w426-h240-k-no,true,8 am–8 pm,8 am–8 pm,8 am–8 pm,8 am–8 pm,Closed,8 am–8 pm,8 am–8 pm,"https://www.google.com/maps/search/commercial+landscaping+businesses+in+Fishtown+Philadelphia+PA/@39.9709764,-75.1284805,14z",2026-04-29T19:54:39.390Z,,
https://www.google.com/maps/place/Sharpe+Edge+Landscaping+LLC+%26+Window+Cleaning/data=!4m7!3m6!1s0x4e31239a5d7d70f:0x433849d3e1ad58a8!8m2!3d40.0137774!4d-75.187783!16s%2Fg%2F11y3ntmx69!19sChIJD9fXpTkS4wQRqFit4dNJOEM,Sharpe Edge Landscaping LLC & Window Cleaning,5.0,18,Lawn care service,,,https://form.jotform.com/260174945579167,+1 267-900-7596,Open · Closes 6 pm,,true,https://lh3.googleusercontent.com/gps-cs-s/APNQkAFiEb3B-b-pvayUk22uQUp1wixaIMXJN5hcDNBrWCGdgwDSEiF6CWCFitPFIXqfJxsbgRlW5KMjQ98LMe0YmD5ftZO-To0MeahTT_Bz1WiSH7gD9Fnvr6690rFUpQsvpQvGkiLhpSuzJo_U=w408-h515-k-no,true,9 am–6 pm,8 am–6 pm,8 am–6 pm,Closed,8 am–12 am,"12–6 am, 8 am–6 pm",8 am–6 pm,"https://www.google.com/maps/search/commercial+landscaping+businesses+in+Fishtown+Philadelphia+PA/@39.9709764,-75.1284805,14z",2026-04-29T19:54:44.178Z,,
"https://www.google.com/maps/place/Blue+Leaf+Landscaping,+LLC/data=!4m7!3m6!1s0x8e35f4dd68d81c63:0x4519718cce8de86a!8m2!3d39.7810245!4d-75.0845515!16s%2Fg%2F11mys9wwxl!19sChIJYxzYaN30NY4RauiNzoxxGUU","Blue Leaf Landscaping, LLC",4.5,25,Landscaper,,,https://blueleaflandscaping.biz/,+1 856-777-6514,Open · Closes 5 pm,,,https://lh3.googleusercontent.com/gps-cs-s/APNQkAHLOR0xrtpDV_hhbYQjuq9hXC9tTdTN4f4iBHcd_1jB2ELppIDRH-E5fjjn7rTBPaj7u-nBGcgPEmvd2wTZ6ctC9dcosf2F14JMjxjABk9r9v_uWoprqVo7kGDts-POS_3Mp2HvTswiNHWD=w408-h306-k-no,true,9 am–5 pm,9 am–5 pm,9:30 am–4 pm,Closed,Closed,9 am–5 pm,9 am–5 pm,"https://www.google.com/maps/search/commercial+landscaping+businesses+in+Fishtown+Philadelphia+PA/@39.9709764,-75.1284805,14z",2026-04-29T19:54:48.950Z,,
https://www.google.com/maps/place/D+%26+S+Building+Materials/data=!4m7!3m6!1s0x89c6b7b8196049f5:0xd8edcd2338538b06!8m2!3d40.0150454!4d-75.1197528!16s%2Fg%2F1vgqf103!19sChIJ9UlgGbi3xokRBotTOCPN7dg,D & S Building Materials,4.8,37,Landscaping supply store,"4258 Macalester St #88, Philadelphia, PA 19124, United States","2V8J+23 Philadelphia, Pennsylvania, USA",https://www.ds-supply.com/,+1 215-457-1177,Closes soon · 4 pm · Opens 7 am Thu,,,https://streetviewpixels-pa.googleapis.com/v1/thumbnail?panoid=PnCoxUX1k2BJvaak2bn8mA&cb_client=search.gws-prod.gps&w=408&h=240&yaw=3.9338465&pitch=0&thumbfov=100,false,7 am–4 pm,7 am–4 pm,7 am–4 pm,7–11:30 am,Closed,7 am–4 pm,7 am–4 pm,"https://www.google.com/maps/search/commercial+landscaping+businesses+in+Fishtown+Philadelphia+PA/@39.9709764,-75.1284805,14z",2026-04-29T19:54:53.699Z,· Delivery,
https://www.google.com/maps/place/HerGuyz-+Your+Property+Maintenance+Specialist/data=!4m7!3m6!1s0x42f1423c35f41f09:0xdf8ed0584a6ebace!8m2!3d39.9043695!4d-74.8370416!16s%2Fg%2F11rq94_7w9!19sChIJCR_0NTxC8UIRzrpuSljQjt8,HerGuyz- Your Property Maintenance Specialist,5.0,6,Property maintenance,,,http://www.herguyz.org/,+1 215-617-9671,Open 24 hours,LGBTQ+ friendly,,https://lh3.googleusercontent.com/gps-cs-s/APNQkAGUK4kTYgyajkLhGpadslUjDSDF5JcH39JJGDNvrk5e8clDBwurB0VV-IOfQXaNdaTaee4c5aFu5Ec-D5clMO8ZggKsuqGMCVxVEXEiVG4PzXXm5xqRuEj74XX5MNsQjpQ8vsr3=w408-h408-k-no,true,Open 24 hours,Open 24 hours,Open 24 hours,Open 24 hours,9 am–12 am,Open 24 hours,Open 24 hours,"https://www.google.com/maps/search/commercial+landscaping+businesses+in+Fishtown+Philadelphia+PA/@39.9709764,-75.1284805,14z",2026-04-29T19:55:05.408Z,,
https://www.google.com/maps/place/Will+Rise+Lawn+Care+and+Landscaping+Company/data=!4m7!3m6!1s0x89c6c90f419b37c9:0x509b8439ec0bba47!8m2!3d40.002498!4d-75.1180146!16s%2Fg%2F11nh0h59nh!19sChIJyTebQQ_JxokRR7oL7DmEm1A,Will Rise Lawn Care and Landscaping Company,4.1,9,Lawn care service,,,http://www.willriselawncare.com/,+1 215-769-9244,Open · Closes 5 pm,,true,https://lh3.googleusercontent.com/gps-cs-s/APNQkAEcOL06tKugUcjWMXCQV0xFpUeGHTdSs9xUJgfUGeYb0A346ZxjY57G5lJj9G-MbG4Jl8Sb9UKOEjY7KMuvIOM7LYeELZstVa6XcRr3-vybRexlZ_KePFKVKbCUgK02MX1-xBwOiQ=w408-h544-k-no,true,9 am–5 pm,9 am–5 pm,9 am–5 pm,9 am–5 pm,Closed,9 am–5 am,9 am–5 pm,"https://www.google.com/maps/search/commercial+landscaping+businesses+in+Fishtown+Philadelphia+PA/@39.9709764,-75.1284805,14z",2026-04-29T19:55:10.120Z,,
"https://www.google.com/maps/place/Hendricks+Landscaping+Co./@40.0024979,-75.1180146,11z/data=!3m1!4b1!4m6!3m5!1s0x66169fe032bbc06d:0x760c42cf97639d28!8m2!3d40.002498!4d-75.1180146!16s%2Fg%2F11ms_8pjjp",Hendricks Landscaping Co.,,,Landscaper,,,,+1 267-680-3791,Open · Closes 5 pm,,,,true,8 am–5 pm,8 am–5 pm,8 am–5 pm,8 am–5 pm,8 am–5 pm,8 am–5 pm,8 am–5 pm,"https://www.google.com/maps/search/commercial+landscaping+businesses+in+Fishtown+Philadelphia+PA/@39.9709764,-75.1284805,14z",2026-04-29T19:55:16.660Z,,
https://www.google.com/maps/place/Homes+%26+Holmes/data=!4m7!3m6!1s0x89c6c7e6dfc9b6fb:0x2dae94ac46e56ad7!8m2!3d39.9818345!4d-75.26319!16s%2Fg%2F11gl41rzrq!19sChIJ-7bJ3-bHxokR12rlRqyUri0,Homes & Holmes,,,Landscape designer,,,,+1 717-559-5705,Open · Closes 5 pm,,,https://lh3.googleusercontent.com/gps-cs-s/APNQkAGLn2-vVYy4m3XNFS01BEytFDw_1gxUh_gQHyRqjAPJB-N5RthmpUBAbGMjcCnmpft9MlauM9gzW1ozWcs4xqD1tEdpfw8DMXojDq-8-X_4RIvuxex9NM9lto67xo2fs7zf2zLP=w408-h544-k-no,true,8 am–5 pm,8 am–5 pm,7:30 am–5 pm,9 am–5 pm,Closed,8 am–5 pm,8 am–5 pm,"https://www.google.com/maps/search/commercial+landscaping+businesses+in+Fishtown+Philadelphia+PA/@39.9709764,-75.1284805,14z",2026-04-29T19:55:21.444Z,,
https://www.google.com/maps/place/vacetime/data=!4m7!3m6!1s0x266f00983e522ed:0x147eee50f748c65e!8m2!3d40.0204545!4d-75.1879086!16s%2Fg%2F11sx4hfsw8!19sChIJ7SLlgwnwZgIRXsZI91DufhQ,vacetime,5.0,5,Landscaper,,,https://www.vacetime.com/,+1 267-251-6414,Open · Closes 5 pm,LGBTQ+ friendly,true,https://lh3.googleusercontent.com/gps-cs-s/APNQkAEpQkZxAgCj-R8F0PTWO_MubaMBJ2riVyQFh9iOaNGNfokx83gFrshqte6lrUnlk43i6lmuh3VKWlZ7ARMT3EX8pMHpBqbuNOQr4SBp6xShBiEih7OgVwtE-4WzTzabT6DoerA=w426-h240-k-no,true,9 am–5 pm,9 am–5 pm,9 am–5 pm,9 am–5 pm,9 am–5 pm,9 am–5 pm,9 am–5 pm,"https://www.google.com/maps/search/commercial+landscaping+businesses+in+Fishtown+Philadelphia+PA/@39.9709764,-75.1284805,14z",2026-04-29T19:55:26.443Z,,
https://www.google.com/maps/place/Marquez+Landscaping+L.L.C/data=!4m7!3m6!1s0x89c6b72f194c667f:0xe05385c9d7bde6f9!8m2!3d40.6514073!4d-77.2024542!16s%2Fg%2F11jk5zbtrg!19sChIJf2ZMGS-3xokR-ea918mFU-A,Marquez Landscaping L.L.C,5.0,2,Landscaper,,,http://marquezlandscapingllc.net/,+1 215-317-6759,Open · Closes 5 pm,,,https://lh3.googleusercontent.com/gps-cs-s/APNQkAGsZqyeMAHHGMaCIw-5ABFYe9JuPdY22IWJhN4WK1-vH9VV8Wz-Xhdj_P2yRs7b4a19LgpxUqeQeLnKTELbJZnDKjNloLYCaXvNJAuk-moPyQrttKHRpxMsX4WKVOtgzAFs-KMp=w408-h544-k-no,true,8 am–5 pm,8 am–5 pm,8 am–5 pm,8 am–5 pm,8 am–5 pm,8 am–5 pm,8 am–5 pm,"https://www.google.com/maps/search/commercial+landscaping+businesses+in+Fishtown+Philadelphia+PA/@39.9709764,-75.1284805,14z",2026-04-29T19:55:35.607Z,,
https://www.google.com/maps/place/D+%26+S+Supply+Company/data=!4m7!3m6!1s0x89c6b7b81bf410d5:0x17631ca2ae43d401!8m2!3d40.0149081!4d-75.1197321!16s%2Fg%2F119typcfs!19sChIJ1RD0G7i3xokRAdRDrqIcYxc,D & S Supply Company,4.5,102,Concrete product supplier,"4260 Macalester St, Philadelphia, PA 19124, United States","2V7J+X4 Philadelphia, Pennsylvania, USA",https://www.ds-supply.com/,+1 215-457-1177,Closes soon · 4 pm · Opens 7 am Thu,,,https://lh3.googleusercontent.com/gps-cs-s/APNQkAEBIOodnduUZODScbJfPgPY8SRbxUK_fx9dzIL5Zn8ppYNxq9ZRisaYquRnGGmwWByeXDp463XBYPhI7MKhB3AZvuxarxWLpQxe4kV8N0CEQYpQBJ0w7Cfcj4No9vZeD1uwhdY=w408-h544-k-no,false,7 am–4 pm,7 am–4 pm,7 am–4 pm,7–11:30 am,Closed,7 am–4 pm,7 am–4 pm,"https://www.google.com/maps/search/commercial+landscaping+businesses+in+Fishtown+Philadelphia+PA/@39.9709764,-75.1284805,14z",2026-04-29T19:55:40.494Z,,
https://www.google.com/maps/place/Anthony%27s+Painting+%26+Paperhanging/data=!4m7!3m6!1s0x89c6c5e0a8a613e7:0xd598a7c2405ba8e3!8m2!3d39.9164233!4d-75.1775775!16s%2Fg%2F11b5z79jr3!19sChIJ5xOmqODFxokR46hbQMKnmNU,Anthony's Painting & Paperhanging,4.7,29,Painter,"1733 Johnston St, Philadelphia, PA 19145, United States","WR8C+HX Philadelphia, Pennsylvania, USA",https://www.anthonyspaintingandpaperhanging.com/,+1 215-688-0767,Open · Closes 8 pm,,,https://lh3.googleusercontent.com/gps-cs-s/APNQkAF5iM0nOs4GpKsJiHmTZEyp6jpT5xLr0ABOb45nT3q2G7NOQzs4c9luJP-iS4MJU-LFXPt1ScXjV5jz4Xjr4x3ztAoX_f_y3hvICZsWQWhPyTk_NtRw-0XlPu4HpNoaHH5ZUQ_UiXvl_DMh=w408-h306-k-no,true,8 am–8 pm,8 am–8 pm,8 am–8 pm,8 am–8 pm,8 am–8 pm,8 am–8 pm,8 am–8 pm,"https://www.google.com/maps/search/commercial+landscaping+businesses+in+South+Philly+Philadelphia+PA/@39.9419255,-75.1515889,14z",2026-04-29T19:56:12.965Z,,
https://www.google.com/maps/place/Circle+Landscape+Services/data=!4m7!3m6!1s0x89c6b7edc8fe6631:0xc061bed114a47b1b!8m2!3d40.002498!4d-75.1180146!16s%2Fg%2F11nmr_kgkq!19sChIJMWb-yO23xokRG3ukFNG-YcA,Circle Landscape Services,5.0,2,Landscaper,,,,+1 215-742-7318,Open · Closes 5 pm,,,https://lh3.googleusercontent.com/gps-cs-s/APNQkAGBWD0AND8sIOxXNbtQx2zaQXLKsvWMqDCq4e8z191isLzpQTbBq5fFn3xGCcfEQUZCm37gK4WBoq1_dcIXj8urntRo6bKSA_evTH1N9-UG4uXxxAvTKBPQiNF9X2FdfIoDrur_=w408-h272-k-no,true,9 am–5 pm,9 am–5 pm,9 am–5 pm,9 am–5 pm,Closed,9 am–5 pm,9 am–5 pm,"https://www.google.com/maps/search/commercial+landscaping+businesses+in+South+Philly+Philadelphia+PA/@39.9419255,-75.1515889,14z",2026-04-29T19:56:17.521Z,,
https://www.google.com/maps/place/Henry%27s+Hardware+%28formerly+1540+Hardware%29/data=!4m7!3m6!1s0x89c6c61adf18354f:0x4fae909880a5682f!8m2!3d39.9266964!4d-75.1640209!16s%2Fg%2F1tdk63vp!19sChIJTzUY3xrGxokRL2ilgJiQrk8,Henry's Hardware (formerly 1540 Hardware),4.6,53,Hardware store,"1822 S 11th St, Philadelphia, PA 19148, United States","WRGP+M9 Philadelphia, Pennsylvania, USA",,+1 215-336-1515,Open · Closes 5 pm,,,https://lh3.googleusercontent.com/gps-cs-s/APNQkAEVOkBdLrHN2K__kM75orGeo5KGH4aghZe8H9dOrkKO0pdtZT7fpfSYG3kZd3EX57eEgnYWoQ5apZhkyJlWzffiwaTfs5GSEQjqPm1vBfjLRd6QHV2MRJaoHeOXXy_J_5Tuz4w=w408-h544-k-no,true,8:30 am–5 pm,8:30 am–5 pm,8:30 am–5 pm,9 am–5 pm,Closed,8:30 am–5 pm,8:30 am–5 pm,"https://www.google.com/maps/search/commercial+landscaping+businesses+in+South+Philly+Philadelphia+PA/@39.9419255,-75.1515889,14z",2026-04-29T19:56:22.697Z,"This cozy family-operated store carries home improvement supplies, tools & paint.",
https://www.google.com/maps/place/Garden+InSites/data=!4m7!3m6!1s0x80b83f50a03f1315:0xabd6b6fdd46a1cbb!8m2!3d40.0556039!4d-75.179551!16s%2Fg%2F11sz0ppf1c!19sChIJFRM_oFA_uIARuxxq1P221qs,Garden InSites,5.0,6,Landscape designer,"328 E Hortter St, Philadelphia, PA 19119, United States","3R4C+65 Philadelphia, Pennsylvania, USA",http://www.gardeninsites.com/,,Closes soon · 4 pm · Opens 8 am Thu,LGBTQ+ friendly,,https://lh3.googleusercontent.com/gps-cs-s/APNQkAG1JHOXOhO9F3Bphz9iTRFAzhafudpLI6wBD46KPxYAy8iB9BfsAShvv3Xy3G43SF8HzRStQHBHXGj8UP9xQFhU8SiP5EcoiYOf5a2v2vXlJR4EqbHrhMqoNQALMbAOBpJXesCbaA=w408-h306-k-no,true,8 am–4 pm,8 am–4 pm,Closed,Closed,Closed,8 am–4 pm,8 am–4 pm,"https://www.google.com/maps/search/commercial+landscaping+businesses+in+South+Philly+Philadelphia+PA/@39.9419255,-75.1515889,14z",2026-04-29T19:56:27.534Z,,
https://www.google.com/maps/place/Global+World+Design/data=!4m7!3m6!1s0x89c6da642b93ffff:0x2a33b5c2fb2bc27!8m2!3d39.9275609!4d-75.0816493!16s%2Fg%2F11vkr3f05f!19sChIJ__-TK2TaxokRJ7yyL1w7owI,Global World Design,5.0,5,Landscape architect,"7150 N Park Dr Suite 610, Pennsauken, NJ 08109, United States","WWH9+28 Pennsauken, New Jersey, USA",https://globalscape.us/contact-us/,+1 888-801-1774,Open · Closes 5 pm,,,https://lh3.googleusercontent.com/gps-cs-s/APNQkAFutqfTCXKpi3_ph83RlLkwZ8U0O72vOpFC3MXadSj0qlFlie2f06kYpCdIUbL1MTAOSQ-BqGuitlBRrIX-XLhEWq9kpthOeAmGRm9IzYP2DHzWVzQY9XmdYScRRhGE5w7KoN4RNSrrc-4=w408-h306-k-no,true,9 am–5 pm,9 am–5 pm,9 am–5 pm,Closed,Closed,9 am–5 pm,9 am–5 pm,"https://www.google.com/maps/search/commercial+landscaping+businesses+in+South+Philly+Philadelphia+PA/@39.9419255,-75.1515889,14z",2026-04-29T19:56:32.386Z,,
https://www.google.com/maps/place/Jeantel+Landscaping/data=!4m7!3m6!1s0x89c6b8224e0da48b:0x8fe1fb23a2527ff0!8m2!3d40.0215242!4d-75.1624598!16s%2Fg%2F11vb4dxr1g!19sChIJi6QNTiK4xokR8H9SoiP74Y8,Jeantel Landscaping,5.0,1,Landscaper,"Philadelphia, PA 19144, United States","2RCQ+J2 Philadelphia, Pennsylvania, USA",https://www.jeantellandscapingservices.com/,,,,,https://streetviewpixels-pa.googleapis.com/v1/thumbnail?panoid=uMJaKfW7ur2Ii7eFfBSVuQ&cb_client=search.gws-prod.gps&w=408&h=240&yaw=94.15971&pitch=0&thumbfov=100,false,,,,,,,,"https://www.google.com/maps/search/commercial+landscaping+businesses+in+South+Philly+Philadelphia+PA/@39.9419255,-75.1515889,14z",2026-04-29T19:56:35.081Z,,
https://www.google.com/maps/place/Bill+Clark+%26+Son+Landscaping/data=!4m7!3m6!1s0x89c6b927ebeb0001:0x93cc807d2ab052ac!8m2!3d40.0498952!4d-75.2350644!16s%2Fg%2F11vs_bnstm!19sChIJAQDr6ye5xokRrFKwKn2AzJM,Bill Clark & Son Landscaping,5.0,1,Landscaper,"7533 Ridge Ave, Philadelphia, PA 19128, United States","2QX7+XX Philadelphia, Pennsylvania, USA",http://billclarkandsonlandscaping.com/,+1 215-487-0387,,,,https://streetviewpixels-pa.googleapis.com/v1/thumbnail?panoid=RIGaCGou-wMd5KP3YrhQ6g&cb_client=search.gws-prod.gps&w=408&h=240&yaw=74.91088&pitch=0&thumbfov=100,false,,,,,,,,"https://www.google.com/maps/search/commercial+landscaping+businesses+in+Manayunk+Philadelphia+PA/@40.0260015,-75.2231106,14z",2026-04-29T19:56:55.064Z,,
https://www.google.com/maps/place/Titan+Landscaping+Inc./data=!4m7!3m6!1s0x89c6b8d202a4922b:0x72630a3865e67343!8m2!3d40.0371444!4d-75.23711!16s%2Fg%2F11c1vjcrv7!19sChIJK5KkAtK4xokRQ3PmZTgKY3I,Titan Landscaping Inc.,4.5,8,Lawn care service,"5005 Umbria St, Philadelphia, PA 19128, United States","2QP7+V5 Philadelphia, Pennsylvania, USA",,+1 215-508-1008,Closes soon · 4 pm · Opens 8:30 am Thu,,,https://streetviewpixels-pa.googleapis.com/v1/thumbnail?panoid=9rHeQvZlFt2GxbLqRU2Chw&cb_client=search.gws-prod.gps&w=408&h=240&yaw=44.95265&pitch=0&thumbfov=100,false,8:30 am–4 pm,8:30 am–4 pm,8:30 am–4 pm,Closed,Closed,8:30 am–4 pm,8:30 am–4 pm,"https://www.google.com/maps/search/commercial+landscaping+businesses+in+Manayunk+Philadelphia+PA/@40.0260015,-75.2231106,14z",2026-04-29T19:56:59.880Z,,
https://www.google.com/maps/place/Viridian+Landscape+Studio/data=!4m7!3m6!1s0x89c6b891fff7241f:0x547665234fc603c6!8m2!3d40.0208659!4d-75.2131055!16s%2Fg%2F1th1dp5z!19sChIJHyT3_5G4xokRxgPGTyNldlQ,Viridian Landscape Studio,5.0,1,Landscape architect,"3868 Terrace St, Philadelphia, PA 19128, United States","2QCP+8Q Philadelphia, Pennsylvania, USA",http://www.viridianls.com/,+1 215-482-7973,Open · Closes 5 pm,,,https://lh3.googleusercontent.com/gps-cs-s/APNQkAE4TgdRHMThdKCfXqgJeddJeH3_dP769PemMtraGBRAmcrBqd_FiqiBdPVFyJJGDHsRsdubQ7VtGc8FqLwJo2fDSE35ic_MXAFubFC_CWdifQJYk9066rYrxbwvuNjwvlND4_ev=w408-h301-k-no,true,9 am–5 pm,9 am–5 pm,9 am–5 pm,Closed,Closed,9 am–5 pm,9 am–5 pm,"https://www.google.com/maps/search/commercial+landscaping+businesses+in+Manayunk+Philadelphia+PA/@40.0260015,-75.2231106,14z",2026-04-29T19:57:04.682Z,,
https://www.google.com/maps/place/JML+Landscaping+LLC/data=!4m7!3m6!1s0x89c6b9dc1b2f2737:0x92a4b3b61ddeffb9!8m2!3d40.0338511!4d-75.2235796!16s%2Fg%2F11p5kx3npz!19sChIJNycvG9y5xokRuf_eHbazpJI,JML Landscaping LLC,5.0,1,Landscaper,"340 Ripka St, Philadelphia, PA 19128, United States","2QMG+GH Philadelphia, Pennsylvania, USA",,,Closed · Opens 7:30 am Thu,,,https://lh3.googleusercontent.com/gps-cs-s/APNQkAEkUbgUHeAO4ZADFpqmcWWNq5ZZ_DX5CdsRPMjfE0T_TxAp11LVyodEb5_L8q9nBcZn2wazDOzjoYtqe5gWG9gIqig7Blebnx5DelxDX6VbCfVHr-hXlUbKlyusKL1fys7aeckM=w426-h240-k-no,true,7:30 am–3 pm,7:30 am–3:30 pm,7:30 am–3 pm,Open 24 hours,Closed,8 am–2 pm,7:30 am–3 pm,"https://www.google.com/maps/search/commercial+landscaping+businesses+in+Manayunk+Philadelphia+PA/@40.0260015,-75.2231106,14z",2026-04-29T19:57:09.463Z,,
https://www.google.com/maps/place/XeroScape/data=!4m7!3m6!1s0xb0b30e6a340428f:0x1d093793c5a4058!8m2!3d41.652621!4d-70.3127375!16s%2Fg%2F11vyf6ycsb!19sChIJj0JAo-YwCwsRWEBaPHmT0AE,XeroScape,5.0,5,Landscape designer,,,https://www.instagram.com/xeroscape_llc?igsh=eTYwejR6bDBtdWU2,+1 609-760-4706,Open 24 hours,,,https://lh3.googleusercontent.com/gps-cs-s/APNQkAGyQCxX1o1fJgA4eRVYX5mrrP6z0zs-WzQsVgGZUAVz0zrZ7aaZGlUa32JjXFEGTWBcYzXJxPde4Gm9Jyv8gssXd1vAnEVhlmDXdtKQuVhYuDi81vZ6h5cWhM6aeuqFU2FETvY0g0dgkNQ5=w519-h240-k-no,true,Open 24 hours,Open 24 hours,Open 24 hours,Open 24 hours,Open 24 hours,Open 24 hours,Open 24 hours,"https://www.google.com/maps/search/commercial+landscaping+businesses+in+Manayunk+Philadelphia+PA/@40.0260015,-75.2231106,14z",2026-04-29T19:57:14.154Z,,
https://www.google.com/maps/place/Refugia+Design/data=!4m7!3m6!1s0x89c6b8e84d4730c3:0x61de813bff96fbaf!8m2!3d40.002498!4d-75.2431745!16s%2Fg%2F11b8v6919v!19sChIJwzBHTei4xokRr_uW_zuB3mE,Refugia Design,4.2,58,Landscape designer,,,http://www.refugiadesign.com/,,Open · Closes 5 pm,,,https://lh3.googleusercontent.com/gps-cs-s/APNQkAHeiYUqP63lC8swcz6ARShAPtd17cfTwAOD4utf_lBhDsDpbC0MDbKFpmDmkkM1HQ387nPPC23mg1NAExhhk7Icz5gDbivIeOHBEK1Bb1rx177NeySHkeYCwGgBEYmwfBkboNo=w408-h612-k-no,true,9 am–5 pm,9 am–5 pm,9 am–5 pm,Closed,Closed,9 am–5 pm,9 am–5 pm,"https://www.google.com/maps/search/commercial+landscaping+businesses+in+Manayunk+Philadelphia+PA/@40.0260015,-75.2231106,14z",2026-04-29T19:57:19.116Z,,
https://www.google.com/maps/place/L%26R+Landscaping/data=!4m7!3m6!1s0x3787e11328c9873:0x550f2d14372740c!8m2!3d40.002498!4d-75.1180144!16s%2Fg%2F11s5dlxt1r!19sChIJc5iMMhF-eAMRDHRyQ9HyUAU,L&R Landscaping,3.7,3,Landscape designer,,,,+1 856-230-6881,Open · Closes 7 pm,,,https://lh3.googleusercontent.com/gps-cs-s/APNQkAH4hIUTiCHCZgyl3e3uvYbTdht-GRoVWKkGmzvd07Yt7bPFtU1BwojZp04Pnr9p5la2D8IgHiVpnywNXhLTO2gu5G829hy9zfihPppaq--uJdx0OgiVw1rJ2NsTkjGcYbETdvRW=w408-h306-k-no,true,"12–7 am, 9 am–7 pm",9 am–7 pm,9 am–12 am,"12–7 am, 9 am–5 pm",8 am–7 pm,9 am–7 pm,9 am–12 am,"https://www.google.com/maps/search/commercial+landscaping+businesses+in+Manayunk+Philadelphia+PA/@40.0260015,-75.2231106,14z",2026-04-29T19:57:23.720Z,,
https://www.google.com/maps/place/Landscape+Management+Company+LLC/data=!4m7!3m6!1s0x6a1a9a9aaebacd23:0x7c721ebf1523d877!8m2!3d40.0436152!4d-75.2346739!16s%2Fg%2F11n48k8jmh!19sChIJI826rpqaGmoRd9gjFb8ecnw,Landscape Management Company LLC,5.0,3,Landscaper,"450 Domino Ln, Philadelphia, PA 19128, United States","2QV8+C4 Philadelphia, Pennsylvania, USA",,+1 724-831-3125,"Open 24 hours

Updated by this business 4 weeks ago",,,https://lh3.googleusercontent.com/gps-cs-s/APNQkAHfvwPYq229HdRPWxZxfG5wTzAsX58VWr-KhkDNhNctqZDbtOG0iy_zTHHbhTjN4LTRj1N0BIF2sYR7p9NcxYRWeYWD0QjRHRzRN-TWb3LvdSAbo2aR933T-fTTf1po7DqbLXdPe5y4g2rF=w408-h509-k-no,true,Open 24 hours,Open 24 hours,Open 24 hours,Open 24 hours,Closed,Open 24 hours,Open 24 hours,"https://www.google.com/maps/search/commercial+landscaping+businesses+in+Manayunk+Philadelphia+PA/@40.0260015,-75.2231106,14z",2026-04-29T19:57:28.386Z,,
https://www.google.com/maps/place/Backyard+Biome+Design/data=!4m7!3m6!1s0x4dd2866ecc53906b:0x6ba981da6711c633!8m2!3d40.002498!4d-75.2894414!16s%2Fg%2F11n3xsjnx_!19sChIJa5BTzG6G0k0RM8YRZ9qBqWs,Backyard Biome Design,5.0,7,Landscape designer,,,https://www.backyardbiome.com/,,Open · Closes 5 pm,,,https://lh3.googleusercontent.com/gps-cs-s/APNQkAHvukNHcPQqPH0XAbCf-iCn7G_0WlXaklY4ku-8DLSThV8_VMM2zvD340_ZKq7OQ0SpO41_LEMlDIv6Kk8JfM8u3lCufDEDGQOXL197YqmftxzNgAQ83x0Jnzl8q-mB_Y-U9YHQ5e_62R3o=w408-h544-k-no,true,7 am–5 pm,7 am–5 pm,7 am–5 pm,Closed,Closed,7 am–5 pm,7 am–5 pm,"https://www.google.com/maps/search/commercial+landscaping+businesses+in+Manayunk+Philadelphia+PA/@40.0260015,-75.2231106,14z",2026-04-29T19:57:33.194Z,,
https://www.google.com/maps/place/Gnp+Landscaping/data=!4m7!3m6!1s0x89c6b8f4080bde85:0x6b219c0febc501f9!8m2!3d40.0295375!4d-75.2070076!16s%2Fg%2F11hy9nl_50!19sChIJhd4LCPS4xokR-QHF6w-cIWs,Gnp Landscaping,2.3,3,Landscaper,"584 Jamestown Ave., Philadelphia, PA 19128, United States","2QHV+R5 Philadelphia, Pennsylvania, USA",,+1 916-280-7108,Open · Closes 8 pm,,,https://streetviewpixels-pa.googleapis.com/v1/thumbnail?panoid=sXL74YIx0qYl0Kc_aKa_RA&cb_client=search.gws-prod.gps&w=408&h=240&yaw=318.49652&pitch=0&thumbfov=100,true,8 am–8 pm,8 am–8 pm,8 am–8 pm,8 am–8 pm,9 am–5 pm,8 am–8 pm,8 am–8 pm,"https://www.google.com/maps/search/commercial+landscaping+businesses+in+Manayunk+Philadelphia+PA/@40.0260015,-75.2231106,14z",2026-04-29T19:57:37.929Z,,
https://www.google.com/maps/place/Secret+Garden+and+party+rental/data=!4m7!3m6!1s0x89c6b9262dff4d4b:0xef3bce8c77579fc9!8m2!3d40.0516964!4d-75.236054!16s%2Fg%2F1tfjrnt2!19sChIJS03_LSa5xokRyZ9Xd4zOO-8,Secret Garden and party rental,4.7,227,Garden center,"7631 Ridge Ave, Philadelphia, PA 19128, United States","3Q27+MH Philadelphia, Pennsylvania, USA",https://secretgardencenter.com/,+1 215-483-5009,"Open · Closes 5 pm

Updated by this business 4 weeks ago",,,https://lh3.googleusercontent.com/gps-cs-s/APNQkAH7HQvKDecoPAl8jdS8XDqAamuQEqu8E2mXOp7tK0rk5m3mumLzHaI7oaF8zMJs4T-nXgclDcEhBgEKLi2EdIYkRMS-UBr2THIrDEh5DCUV60X5I1bV73525M_ZNsc_1DTxyAC5=w408-h725-k-no,true,9 am–5 pm,9 am–5 pm,9 am–5 pm,8 am–5 pm,8 am–5 pm,9 am–5 pm,9 am–5 pm,"https://www.google.com/maps/search/commercial+landscaping+businesses+in+Manayunk+Philadelphia+PA/@40.0260015,-75.2231106,14z",2026-04-29T19:57:42.988Z,"Quaint, family-owned garden center carrying a variety of plants, flowers & trees, plus pots & soil. · In-store shopping · Delivery",
https://www.google.com/maps/place/Ruggiero+Plante+Land+Design/data=!4m7!3m6!1s0x89c6b894575c4437:0x4f88193f6ed0fbe3!8m2!3d40.029994!4d-75.2119071!16s%2Fg%2F11c50q6v0m!19sChIJN0RcV5S4xokR4_vQbj8ZiE8,Ruggiero Plante Land Design,5.0,2,Civil engineering company,"5900 Ridge Ave, Philadelphia, PA 19128, United States","2QHQ+X6 Philadelphia, Pennsylvania, USA",http://ruggieroplante.com/,+1 215-508-3900,Open · Closes 5:30 pm,,,https://streetviewpixels-pa.googleapis.com/v1/thumbnail?panoid=COrQv4_LY4c7EGOuGl9ncg&cb_client=search.gws-prod.gps&w=408&h=240&yaw=313.5205&pitch=0&thumbfov=100,true,8:30 am–5:30 pm,8:30 am–5:30 pm,8:30 am–5:30 pm,Closed,Closed,8:30 am–5:30 pm,8:30 am–5:30 pm,"https://www.google.com/maps/search/commercial+landscaping+businesses+in+Manayunk+Philadelphia+PA/@40.0260015,-75.2231106,14z",2026-04-29T19:57:47.743Z,,
"https://www.google.com/maps/place/Andrew+F.+Gillespie+Tree+Service,+Landscape+Design+%26+Install/data=!4m7!3m6!1s0x89c6b947c20dc647:0x3c3fe08aa10921e0!8m2!3d40.0702684!4d-75.2352173!16s%2Fg%2F11dymv76_h!19sChIJR8YNwke5xokR4CEJoYrgPzw","Andrew F. Gillespie Tree Service, Landscape Design & Install",4.8,22,Tree service,"8738 Wissahickon Ave, Philadelphia, PA 19128, United States","3QC7+4W Philadelphia, Pennsylvania, USA",http://andrewfgillespietreeservice.com/,+1 215-482-7652,"Open · Closes 5 pm

Confirmed by this business 2 weeks ago",,,https://lh3.googleusercontent.com/gps-cs-s/APNQkAFTSu7-3Ul_IRr2691UAq5k4F0w6n5R_x5EOm5UmSYzXnvFUFwr4gHNWJo9hRxwTaHuf3Tp0CYXBkC7q6ZAp5263EtYscyHxmvPE5NGPLMzAltPe8IWUwARbzTQc3013fgoIvgh=w426-h240-k-no,true,8 am–5 pm,8 am–5 pm,8 am–5 pm,Closed,Closed,8 am–5 pm,8 am–5 pm,"https://www.google.com/maps/search/commercial+landscaping+businesses+in+Manayunk+Philadelphia+PA/@40.0260015,-75.2231106,14z",2026-04-29T19:57:52.584Z,,
https://www.google.com/maps/place/Top+Notch+landscaping/data=!4m7!3m6!1s0x89c6b76781ab9e7b:0x59445a4978cbef48!8m2!3d40.127085!4d-75.1862545!16s%2Fg%2F11lrd_4dhk!19sChIJe56rgWe3xokRSO_LeElaRFk,Top Notch landscaping,5.0,15,Landscape designer,,,,+1 610-365-3114,Open · Closes 5 pm,,,https://lh3.googleusercontent.com/gps-cs-s/APNQkAFB14OjC8mfXm0ZzmiQm1j24t1160OsesKprPsKAjasxjGEBXG8bgIHV1KnnEQCbpanC7My2AWeb1Rx-7uo4jVBtjAZWj6aOxeQwIkao3EMxSdZgrAygGNUQ6IM3MFlkzsyXok=w408-h502-k-no,true,8 am–5 pm,8 am–5 pm,8 am–5 pm,8 am–5 pm,Closed,8 am–5 pm,8 am–5 pm,"https://www.google.com/maps/search/commercial+landscaping+businesses+in+Manayunk+Philadelphia+PA/@40.0260015,-75.2231106,14z",2026-04-29T19:57:57.147Z,,
https://www.google.com/maps/place/Patkin+Landscaping/data=!4m7!3m6!1s0x89c6c090dac8cab5:0x94465da39f08adec!8m2!3d40.0023278!4d-75.27804!16s%2Fg%2F11g697vwd_!19sChIJtcrI2pDAxokR7K0In6NdRpQ,Patkin Landscaping,4.8,38,Lawn care service,"333 Lancaster Ave #312, Wynnewood, PA 19096, United States","2P2C+WQ Wynnewood, Pennsylvania, USA",http://www.patkinlandscaping.com/,+1 610-947-4769,Closes soon · 4:30 pm · Opens 8:30 am Thu,,,https://lh3.googleusercontent.com/gps-cs-s/APNQkAFCHmXsr400xIOhf2Tk7MXLBMEf7dIv6vTq3Sjcs9ETW74GyoKu8ouLI05C8qUBLdBWCpCCP6fLkindESshHh5M5vGqQOMl0xF_Y-7wtMBfB21RKnqSCw2EnruoUePMAOZCJ2rM=w408-h306-k-no,true,8:30 am–4:30 pm,8:30 am–4:30 pm,8:30 am–4:30 pm,Closed,Closed,8:30 am–4:30 pm,8:30 am–4:30 pm,"https://www.google.com/maps/search/commercial+landscaping+businesses+in+Manayunk+Philadelphia+PA/@40.0260015,-75.2231106,14z",2026-04-29T19:58:02.026Z,,
"https://www.google.com/maps/place/Lovelace+Landscaping,+LLC/data=!4m7!3m6!1s0x89c6b94f8f3a9fd5:0xd368fb37a62c4cd3!8m2!3d40.017552!4d-75.160621!16s%2Fg%2F11jcy2ftv1!19sChIJ1Z86j0-5xokR00wspjf7aNM","Lovelace Landscaping, LLC",4.8,25,Property maintenance,,,http://www.lovelacelandscaping.com/,+1 800-604-4476,,Identifies as women-owned,,https://lh3.googleusercontent.com/gps-cs-s/APNQkAElpY-fB3AWOpYihIZ4iVf1fxqT_LrwWCWSAIKfkirvmEWll1DZHRzoQU5pZ-dE7nM6SxUufHzj_EM6xX6F_qOJpuzcVWzoEMcb_eeRUMfNThjUKr-xroRwR7O7i3Z52oeF7E1PeQ=w426-h240-k-no,true,9 am–9 pm,9 am–9 pm,9 am–9 pm,9 am–9 pm,9 am–9 pm,9 am–9 pm,9 am–9 pm,"https://www.google.com/maps/search/commercial+landscaping+businesses+in+Manayunk+Philadelphia+PA/@40.0260015,-75.2231106,14z",2026-04-29T19:58:07.012Z,,
https://www.google.com/maps/place/M+Melady+Landscaping+LLC/data=!4m7!3m6!1s0x2042317ba8f46fc3:0xf8eda990ba6009af!8m2!3d39.979172!4d-75.2786516!16s%2Fg%2F11vscf3qmk!19sChIJw2_0qHsxQiARrwlgupCp7fg,M Melady Landscaping LLC,4.5,8,Landscaper,,,https://meladylandscaping.com/,+1 267-836-2102,Closed · Opens 8:30 am Thu,,,https://lh3.googleusercontent.com/gps-cs-s/APNQkAGplfJ6fBvkfesC0tvGr57Hnl1L2ixnPwz588_aFZhZ95NgR38kKW-rlYwa_D8jPmcQyh9ckmuy7Nqo_BxPT6DU9RqMmHpuWEXmGiyGJ_nI0jaR2BmnGBRLXHqjTmhGpKnlImOBgw=w408-h306-k-no,true,8:30 am–3:30 pm,8:30 am–3:30 pm,8:30 am–3:30 pm,Closed,Closed,8:30 am–3:30 pm,8:30 am–3:30 pm,"https://www.google.com/maps/search/commercial+landscaping+businesses+in+Manayunk+Philadelphia+PA/@40.0260015,-75.2231106,14z",2026-04-29T19:58:11.788Z,,
https://www.google.com/maps/place/Apiary+Studio/data=!4m7!3m6!1s0x89c6c86e1ccfffff:0xa57d8e96ca53cb00!8m2!3d40.0446775!4d-75.1831441!16s%2Fg%2F11fx7wccn4!19sChIJ___PHG7IxokRAMtTypaOfaU,Apiary Studio,5.0,3,Contractor,"48 W Johnson St, Philadelphia, PA 19144, United States","2RV8+VP Philadelphia, Pennsylvania, USA",http://www.apiary-studio.com/contact/,+1 609-954-3988,Open · Closes 5 pm,,,https://lh3.googleusercontent.com/gps-cs-s/APNQkAF9fgJ9HFnlnd-YqEzQV93hRCVFj-3XdB4dORJuu_N-Uph4NgSF7YxR3bP-N2KjK4IY-rOs94CM_eA2cPB9GwkILdp3UsMXa9A6XBB6AL5SuOXJl2HCjJ2I5Vg-ZZcVAjarih9UvQ=w408-h271-k-no,true,9 am–5 pm,9 am–5 pm,9 am–5 pm,Closed,Closed,9 am–5 pm,9 am–5 pm,"https://www.google.com/maps/search/commercial+landscaping+businesses+in+Manayunk+Philadelphia+PA/@40.0260015,-75.2231106,14z",2026-04-29T19:58:16.652Z,,
"https://www.google.com/maps/place/McKelvey+Landscape+Company/@46.423669,-129.9427085,3z/data=!3m1!4b1!4m6!3m5!1s0x89c6b8bbb1fa3201:0x585a557e896ec0ff!8m2!3d46.423669!4d-129.9427086!16s%2Fg%2F1td1kyv6",McKelvey Landscape Company,5.0,2,Landscaper,,,http://www.mckelveylandscapeco.com/,+1 610-520-2220,,,,,true,,,,,,,,"https://www.google.com/maps/search/commercial+landscaping+businesses+in+Manayunk+Philadelphia+PA/@40.0260015,-75.2231106,14z",2026-04-29T19:58:21.122Z,,
https://www.google.com/maps/place/Curb+Appeal+Scapes/data=!4m7!3m6!1s0x89c6c7df31f55e5d:0xa3ae4c4ee278e8ca!8m2!3d40.0017485!4d-75.228924!16s%2Fg%2F11stf3xktx!19sChIJXV71Md_HxokRyuh44k5MrqM,Curb Appeal Scapes,3.0,2,Landscaper,"19 Bala Ave, Bala Cynwyd, PA 19004, United States","2Q2C+MC Bala Cynwyd, Pennsylvania, USA",https://www.curbappealscapes.com/about-us/,+1 484-477-8306,Open · Closes 5 pm,,,https://lh3.googleusercontent.com/gps-cs-s/APNQkAEyjehaMItLDUbRFRgnYQMdZ8V9Gl56pgwUuWH74ZKOK-FtCL25ep9NL5a7TbIEpYYzXr3TLLPCShM4MExExsb1KcxyMRQd-WVtfcG5f9kcq5O2t2DIev_CoycAwXabhOFWJXnyUA=w408-h510-k-no,true,7 am–5 pm,7 am–5 pm,7 am–5 pm,9 am–12 pm,Closed,7 am–5 pm,7 am–5 pm,"https://www.google.com/maps/search/commercial+landscaping+businesses+in+Manayunk+Philadelphia+PA/@40.0260015,-75.2231106,14z",2026-04-29T19:58:25.885Z,,
https://www.google.com/maps/place/Awbury+Arboretum+Landscapes/data=!4m7!3m6!1s0x89c6b9cf9dae242b:0x719cd0af1b933d9e!8m2!3d40.0505706!4d-75.1680983!16s%2Fg%2F11_qxrn1n!19sChIJKySunc-5xokRnj2TG6_QnHE,Awbury Arboretum Landscapes,4.8,5,Landscape designer,"1 Awbury Rd, Philadelphia, PA 19138, United States","3R2J+6Q Philadelphia, Pennsylvania, USA",http://www.awburylandscapes.com/,+1 215-849-2855,Open · Closes 5 pm,,,https://lh3.googleusercontent.com/gps-cs-s/APNQkAGjcmbjrZaEtdo1GqL2QITSSbHeW6DwJQWYktzPpSBPznllQR_hLrsAF6CYmVKDHqrBID-bJujLADh10SNAjVfqlK4rKqFxHV4krrtsKubYVP7Uk4JMaFkeG-v9AG462rq4wGe42g=w408-h241-k-no,true,7:30 am–5 pm,7:30 am–5 pm,7:30 am–5 pm,Closed,Closed,7:30 am–5 pm,7:30 am–5 pm,"https://www.google.com/maps/search/commercial+landscaping+businesses+in+Manayunk+Philadelphia+PA/@40.0260015,-75.2231106,14z",2026-04-29T19:58:30.971Z,,
https://www.google.com/maps/place/Marcucci+%26+Company+Tree+Experts/data=!4m7!3m6!1s0x634c0d93b98c3edf:0x337eb2814105569f!8m2!3d40.026656!4d-75.240407!16s%2Fg%2F11v0j84vmk!19sChIJ3z6MuZMNTGMRn1YFQYGyfjM,Marcucci & Company Tree Experts,5.0,137,Tree service,"1357 N Woodbine Ave, Penn Valley, PA 19072, United States","2QG5+MR Penn Valley, Pennsylvania, USA",https://marcuccitree.com/,+1 610-457-3322,Open 24 hours,,,https://lh3.googleusercontent.com/gps-cs-s/APNQkAFcT4k9KEnr-IigGhG0InxTYU1dW3dA6hT7Vld7MjEZRLdorWYIL2RkBJRndVAE6w9FSWjAVXSrso6QM2J4B7uEVxIOwGn5tgOL1LsAGbeBfclTsNxVEJp95Fq9VXrNvuuL48cy=w408-h544-k-no,true,Open 24 hours,Open 24 hours,Open 24 hours,Open 24 hours,Open 24 hours,Open 24 hours,Open 24 hours,"https://www.google.com/maps/search/commercial+landscaping+businesses+in+Manayunk+Philadelphia+PA/@40.0260015,-75.2231106,14z",2026-04-29T19:58:35.808Z,,
https://www.google.com/maps/place/Sinnott+Landscaping/data=!4m7!3m6!1s0x89c6b8e6b73c950d:0x73b0520d8844254d!8m2!3d40.1245055!4d-75.3262724!16s%2Fg%2F11fzpty8cz!19sChIJDZU8t-a4xokRTSVEiA1SsHM,Sinnott Landscaping,4.2,10,Landscaper,,,,+1 215-203-4144,Open 24 hours,,,https://lh3.googleusercontent.com/gps-cs-s/APNQkAG5U-inGRbyCh9vOgOtUKswt4kCtbuE6MRqlUxJmKtn_oWPlQ0EJfeKehmTSyHE2addDS0OtM5Hi35gMJiO2WH_zFjsTVH_Z3QYLRfzOqmkhCNI-i2kI54wiEwkxMa11o2RfD-H=w408-h725-k-no,true,Open 24 hours,Open 24 hours,Open 24 hours,Open 24 hours,Open 24 hours,Open 24 hours,Open 24 hours,"https://www.google.com/maps/search/commercial+landscaping+businesses+in+Manayunk+Philadelphia+PA/@40.0260015,-75.2231106,14z",2026-04-29T19:58:40.386Z,,
https://www.google.com/maps/place/Zamora+Landscaping/data=!4m7!3m6!1s0x88aa41ba9ab99265:0x562378e11ca97455!8m2!3d40.0874194!4d-75.1707696!16s%2Fg%2F11l1mlf1c9!19sChIJZZK5mrpBqogRVXSpHOF4I1Y,Zamora Landscaping,,,Landscaper,,,https://landscapernorthwales.com/,+1 267-635-9616,Open · Closes 5 pm,,,https://lh3.googleusercontent.com/gps-cs-s/APNQkAEAZHLl2144NVOILyM6cXMXgsVe-IwnkE3YfOp6ysJZacUHVxgAKrgTRE48OnOs8BepV8dcNRvSoYU0MKrYSpLQ8xFewvVysLgnk1eH3HaNVaGUlimc5kIPZrRWHFpt9Y-wa2U=w408-h306-k-no,true,7 am–5 pm,7 am–5 pm,7 am–5 pm,7 am–5 pm,7 am–5 pm,7 am–5 pm,7 am–5 pm,"https://www.google.com/maps/search/commercial+landscaping+businesses+in+Manayunk+Philadelphia+PA/@40.0260015,-75.2231106,14z",2026-04-29T19:58:45.140Z,,
"https://www.google.com/maps/place/Shechtman+Tree+Care,+LLC/data=!4m7!3m6!1s0x89c6c62dd0000001:0xe7bb6a66f4e8a1b2!8m2!3d40.0373164!4d-75.1852371!16s%2Fg%2F1v8l0ksc!19sChIJAQAA0C3GxokRsqHo9GZqu-c","Shechtman Tree Care, LLC",4.8,85,Tree service,"255 W Tulpehocken St, Philadelphia, PA 19144, United States","2RP7+WW Philadelphia, Pennsylvania, USA",,+1 215-776-8733,Open · Closes 5 pm,Identifies as women-owned,,https://lh3.googleusercontent.com/gps-cs-s/APNQkAFPeiO4Dtr-mYl5Xv-zp6G34MlBF-Y7poIwXG16kXs_yrtMKPAb73t0cKrmqgF8xG17jxLQ-B5GMpEVSb4HF8r3tcy65wlHIxGC0N4N0GQl5MQ8ufPLgO_G4V0GAHiyXwwlsIvd=w408-h545-k-no,true,9 am–5 pm,9 am–5 pm,9 am–5 pm,Closed,Closed,9 am–5 pm,9 am–5 pm,"https://www.google.com/maps/search/commercial+landscaping+businesses+in+Manayunk+Philadelphia+PA/@40.0260015,-75.2231106,14z",2026-04-29T19:58:49.890Z,,
https://www.google.com/maps/place/PACMEN+Landscaping+LLC./data=!4m7!3m6!1s0x89c6b9299a5dcf3d:0x746898f52eedabab!8m2!3d40.031277!4d-75.302888!16s%2Fg%2F11q35hgbcl!19sChIJPc9dmim5xokRq6vtLvWYaHQ,PACMEN Landscaping LLC.,5.0,6,Landscaper,,,,+1 267-972-5069,Open · Closes 5 pm,,,https://lh3.googleusercontent.com/gps-cs-s/APNQkAHD9kT8OlX8qNKy62HC3bBezA2IH3PO-ElTuG0Jn77TXIBvWcZJN1Q59PtC1mE5kT3uAy2XDcIHGrrb2KOdPHgbH4y7TbTgFPMw6cO28lF1xpYcdZ_endDNibKmXH-e66rPrho=w408-h311-k-no,true,8 am–5 pm,8 am–5 pm,8 am–5 pm,9 am–5 pm,Closed,8 am–5 pm,8 am–5 pm,"https://www.google.com/maps/search/commercial+landscaping+businesses+in+Manayunk+Philadelphia+PA/@40.0260015,-75.2231106,14z",2026-04-29T19:58:54.765Z,,
https://www.google.com/maps/place/Philly+Lawn+Pros/data=!4m7!3m6!1s0x89c6b8c5a89eaaab:0x2e02ecec2bc0b8e9!8m2!3d40.058046!4d-75.2468609!16s%2Fg%2F11sghq91j2!19sChIJq6qeqMW4xokR6bjAK-zsAi4,Philly Lawn Pros,3.5,2,Lawn care service,,,,+1 610-635-6096,Open · Closes 5 pm,,,https://lh3.googleusercontent.com/gps-cs-s/APNQkAECJ0VXMQ8CP9mA_qTl5I1CYYXXW7lrBcjyqjNJvJ-azQJ_QjyPacjYsBJq2CuaLc1vIrm_XV_rSnqIvra7q6ADT6epHtDxkH1v0UssjJzov_eyfpgQUoHX71vyGqrNWhOFVfYB=w408-h527-k-no,true,9 am–5 pm,9 am–5 pm,9 am–5 pm,9 am–5 pm,Closed,9 am–5 pm,9 am–5 pm,"https://www.google.com/maps/search/commercial+landscaping+businesses+in+Manayunk+Philadelphia+PA/@40.0260015,-75.2231106,14z",2026-04-29T19:58:59.583Z,,
https://www.google.com/maps/place/Sna+Landscaping+Corporation/data=!4m7!3m6!1s0x89c6b7673075f0e1:0x4144949eecb5032c!8m2!3d40.0558367!4d-75.148028!16s%2Fg%2F11hy9p5cqc!19sChIJ4fB1MGe3xokRLAO17J6UREE,Sna Landscaping Corporation,5.0,1,Landscaper,"1806 67th Ave, Philadelphia, PA 19126, United States","3V42+8Q Philadelphia, Pennsylvania, USA",,,Open 24 hours,,,https://streetviewpixels-pa.googleapis.com/v1/thumbnail?panoid=Ki0dg-rRUfPtgEiRVbJUxg&cb_client=search.gws-prod.gps&w=408&h=240&yaw=190.93576&pitch=0&thumbfov=100,true,Open 24 hours,Open 24 hours,Open 24 hours,Open 24 hours,Open 24 hours,Open 24 hours,Open 24 hours,"https://www.google.com/maps/search/commercial+landscaping+businesses+in+Manayunk+Philadelphia+PA/@40.0260015,-75.2231106,14z",2026-04-29T19:59:04.245Z,,
https://www.google.com/maps/place/Sagewood+Landscape+Contractors/data=!4m7!3m6!1s0x494308aa13842d9b:0x89572e6e98201a2f!8m2!3d40.091935!4d-75.1405346!16s%2Fg%2F11q4h624dc!19sChIJmy2EE6oIQ0kRLxogmG4uV4k,Sagewood Landscape Contractors,5.0,18,Landscaper,"145 Greenwood Ave Suite 400 #17, Wyncote, PA 19095, United States","3VR5+QQ Wyncote, Pennsylvania, USA",http://sagewoodlandscape.com/,+1 267-225-3710,"Open · Closes 6 pm

Updated by this business 10 weeks ago",,,https://lh3.googleusercontent.com/gps-cs-s/APNQkAFJ08jYUQ3qwqBEsz5L2g99qtjdr9DM7SI4L27y2KIiXZ-uY9PxypihUfN2LUYYAyUt79poXZCIgPN7nc5USlrtJXELznAdqVfSIH9E1Ylrvwj5UvK1haRGsIS9qQzz2LnIEpN1gA=w408-h540-k-no,true,8 am–6 pm,8 am–6 pm,8 am–6 pm,8 am–6 pm,Closed,8 am–6 pm,8 am–6 pm,"https://www.google.com/maps/search/commercial+landscaping+businesses+in+Manayunk+Philadelphia+PA/@40.0260015,-75.2231106,14z",2026-04-29T19:59:09.079Z,,
https://www.google.com/maps/place/Garden+Envy+LLC/data=!4m7!3m6!1s0x2cc3448691cd98b7:0xc7324d4f5416c2b1!8m2!3d39.9494304!4d-75.3114935!16s%2Fg%2F11vwgl2z0s!19sChIJt5jNkYZEwywRscIWVE9NMsc,Garden Envy LLC,5.0,40,Gardener,,,,+1 609-235-5284,,,,https://lh3.googleusercontent.com/gps-cs-s/APNQkAE02aOxy2VDq42d6qUXiX_rh5zoxUkM5S-gaDM0fvAS0l1AmEXCCPImeWBncei641bqxtMTvJxNLci0XfhA5W-dMUIop5sUjrPELSWb-Qv70cSEF0q6dR1J9WP0Y78U1A8mLplS=w408-h408-k-no,true,,,,,,,,"https://www.google.com/maps/search/commercial+landscaping+businesses+in+Manayunk+Philadelphia+PA/@40.0260015,-75.2231106,14z",2026-04-29T19:59:11.756Z,,
https://www.google.com/maps/place/Just+For+You+Landscaping+LLC/data=!4m7!3m6!1s0x89c6b9e5a306f8a1:0x3bceb19b77a2931b!8m2!3d40.0312581!4d-75.310381!16s%2Fg%2F11jnmmdbb3!19sChIJofgGo-W5xokRG5Oid5uxzjs,Just For You Landscaping LLC,4.2,9,Landscaper,,,http://www.justforyoulandscaping.com/,+1 215-869-3043,Open · Closes 9 pm,,,https://lh3.googleusercontent.com/gps-cs-s/APNQkAGTFKdKLPwqh8XHMBvy0DHSF83uuCFg2YRfXsJoQgQ7tAIwg1oFJf0MNwWG46oW82WTEvkuP-IYM1uh0Y7BGhEJue9_A5v_b99Jv_08euaDnjuPxsmI5I8Z4ktyCM_66hsNatHOdw=w408-h306-k-no,true,8 am–9 pm,8 am–9 pm,8 am–9 pm,8 am–9 pm,9 am–5 pm,8 am–9 pm,8 am–9 pm,"https://www.google.com/maps/search/commercial+landscaping+businesses+in+Manayunk+Philadelphia+PA/@40.0260015,-75.2231106,14z",2026-04-29T19:59:16.731Z,,
https://www.google.com/maps/place/Studio+Sustena/data=!4m7!3m6!1s0x89c6b9a349240ebb:0xfce76f8df16e2306!8m2!3d40.0229062!4d-75.1626513!16s%2Fg%2F1vyk3g6d!19sChIJuw4kSaO5xokRBiNu8Y1v5_w,Studio Sustena,5.0,2,Landscape architect,"4537 Wayne Ave Suite 201, Philadelphia, PA 19144, United States","2RFP+5W Philadelphia, Pennsylvania, USA",https://studio-sustena.com/,+1 215-247-8784,Open · Closes 5 pm,,,https://lh3.googleusercontent.com/gps-cs-s/APNQkAGTuaqjwEj-d7ujn3fpH7f8RqHPH2l1wArXw5zW9dnOegSHoddb91jxT8uEeIGmZhbqhs9AUnegBAfCpPxzrXfxcE8uiQEkvf7G3gYJkC9DP9jtUKhHnTz0T2o70euZ7Ezk2JqJ=w408-h306-k-no,true,9 am–5 pm,9 am–5 pm,9 am–5 pm,Closed,Closed,9 am–5 pm,9 am–5 pm,"https://www.google.com/maps/search/commercial+landscaping+businesses+in+Manayunk+Philadelphia+PA/@40.0260015,-75.2231106,14z",2026-04-29T19:59:21.361Z,,
"https://www.google.com/maps/place/L%26R+Landscapers+LLC/@40.0492631,-75.2273656,13z/data=!3m1!4b1!4m6!3m5!1s0x6b619502e3c8f5ab:0xf1d36c7684ceb2f1!8m2!3d40.049263!4d-75.2273656!16s%2Fg%2F11s5_tztfr",L&R Landscapers LLC,,,Landscape designer,,,,+1 215-416-2393,Open · Closes 5 am Thu,,,,true,7 am–5 am,7 am–5 am,7 am–5 am,7 am–5 am,Closed,7 am–5 am,7 am–5 am,"https://www.google.com/maps/search/commercial+landscaping+businesses+in+Manayunk+Philadelphia+PA/@40.0260015,-75.2231106,14z",2026-04-29T19:59:27.919Z,,
https://www.google.com/maps/place/All+Seasons+Maintenance+and+Design+Landscaping+Contractors/data=!4m7!3m6!1s0x89c6beba63e80061:0x244e779500b879f9!8m2!3d40.0795832!4d-75.2606441!16s%2Fg%2F11cfdvk2p!19sChIJYQDoY7q-xokR-Xm4AJV3TiQ,All Seasons Maintenance and Design Landscaping Contractors,5.0,12,Landscaper,"2131 Basswood Dr, Lafayette Hill, PA 19444, United States","3PHQ+RP Lafayette Hill, Whitemarsh Township, PA, USA",https://asmdlandscaping.com/,+1 610-656-9543,Open · Closes 5 pm,,,https://lh3.googleusercontent.com/gps-cs-s/APNQkAHSJrGMJFW16fnNUNXjhoXGdJtGZsDyu8exU9i8jnyuobUUuwGQzYlI17tuJ8g1JX_zJhjfz8lOhFR6dOajVFGwRBnVB71zHHOxiPa9uiIBWRuos-NuM3TeQC0EpE4bqdg980k=w408-h272-k-no,true,7 am–5 pm,7 am–5 pm,7 am–5 pm,7 am–4 pm,Closed,7 am–5 pm,7 am–5 pm,"https://www.google.com/maps/search/commercial+landscaping+businesses+in+Manayunk+Philadelphia+PA/@40.0260015,-75.2231106,14z",2026-04-29T19:59:32.635Z,,
https://www.google.com/maps/place/Terren+Landscapes/data=!4m7!3m6!1s0x89c6bf8b1d037213:0xb45d0ca2e3e3653a!8m2!3d40.067126!4d-75.3224801!16s%2Fg%2F1tr9pcjs!19sChIJE3IDHYu_xokROmXj46IMXbQ,Terren Landscapes,5.0,27,Landscaper,"900 Matsonford Rd a, Conshohocken, PA 19428, United States","3M8H+V2 Conshohocken, Pennsylvania, USA",http://www.terrenlandscapes.com/,+1 610-284-4400,Open · Closes 5 pm,,,https://lh3.googleusercontent.com/gps-cs-s/APNQkAGPQ5m95ZwrnGA4npeqHmU8fLoIU2IzZEq-LJ9mi6bLTlPXxVfA9BiVpodipw0A2wDjsBlTEe5DyV7vgNRLEPj1Hcqgc1VSgwSiuoiyMTxt_f9cgvAH5XD-hyLEG3JuM9gQw0cvsQ=w408-h272-k-no,true,8 am–5 pm,8 am–5 pm,8 am–5 pm,Closed,Closed,8 am–5 pm,8 am–5 pm,"https://www.google.com/maps/search/commercial+landscaping+businesses+in+Manayunk+Philadelphia+PA/@40.0260015,-75.2231106,14z",2026-04-29T19:59:37.718Z,,
"https://www.google.com/maps/place/Peralta's+Total+Services+Inc/@40.260083,-75.1026884,10z/data=!3m1!4b1!4m6!3m5!1s0x6586903e7bd4461f:0xacd3fdaf46d7f34a!8m2!3d40.260083!4d-75.1026884!16s%2Fg%2F11vz0v6czf",Peralta's Total Services Inc,4.5,4,Landscape designer,,,http://peraltastotalservicesinc.com/,+1 215-980-7758,Open · Closes 7 pm,,,,true,7 am–7 pm,7 am–6 pm,7 am–6 pm,7 am–6 pm,Closed,7 am–6 pm,7 am–6 pm,"https://www.google.com/maps/search/commercial+landscaping+businesses+in+Manayunk+Philadelphia+PA/@40.0260015,-75.2231106,14z",2026-04-29T19:59:44.324Z,,
"https://www.google.com/maps/place/McNelis+Landscaping,+Inc./data=!4m7!3m6!1s0x62382865a031ba3:0xd5e88332e313602d!8m2!3d40.036136!4d-75.392288!16s%2Fg%2F11wth9ds4w!19sChIJoxsDWoaCIwYRLWAT4zKD6NU","McNelis Landscaping, Inc.",5.0,10,Landscaper,,,https://www.mcnelislandscapinginc.com/,+1 610-446-3777,Open · Closes 5 pm,,,https://lh3.googleusercontent.com/gps-cs-s/APNQkAHnDc2B2a2v5Y_xRtSAGyXIEPRNlSuNvSznq_0tSDiJpG8VsKoY14SRbaY9VXXDkyZKqwGJIbCmEPT24QbzCT2FmcydwQdcbB4mpK5d7Bt_SBTOdoUJZ9VmkatEJ06XKt7nm6zh=w635-h240-k-no,true,8 am–5 pm,8 am–5 pm,8 am–5 pm,Closed,Closed,8 am–5 pm,8 am–5 pm,"https://www.google.com/maps/search/commercial+landscaping+businesses+in+Manayunk+Philadelphia+PA/@40.0260015,-75.2231106,14z",2026-04-29T19:59:49.459Z,,
https://www.google.com/maps/place/Please+Plant+Me+Lawn+Mowing+Service/data=!4m7!3m6!1s0x89c6b95020ed1955:0xba094df3f5600775!8m2!3d40.002498!4d-75.1879086!16s%2Fg%2F11jv73k6r3!19sChIJVRntIFC5xokRdQdg9fNNCbo,Please Plant Me Lawn Mowing Service,4.8,132,Lawn care service,,,http://pleaseplantme.com/,+1 215-837-1511,Open · Closes 7 pm,,,https://lh3.googleusercontent.com/gps-cs-s/APNQkAFlkNO9RDdPiUvmU8TBGBttHKnnrrqvPOgUtu9hHoIe1fS3-jMQcPQptaEEUw_JprLRvToKOJ3tTclERGqjTYM3I4p7U3VTl8XfeAJiH532JmdlcvBVilBM53xuOJhB4jttQHc8ig=w408-h548-k-no,true,7 am–7 pm,7 am–7 pm,Closed,7 am–7 pm,Closed,7 am–7 pm,7 am–7 pm,"https://www.google.com/maps/search/commercial+landscaping+businesses+in+Manayunk+Philadelphia+PA/@40.0260015,-75.2231106,14z",2026-04-29T19:59:54.214Z,,
https://www.google.com/maps/place/Quality+Paving+%26+Concrete/data=!4m7!3m6!1s0x89c6b934ddbd992f:0x3d1bd715e7b6b6d9!8m2!3d40.006526!4d-75.216496!16s%2Fg%2F11mq31zpgb!19sChIJL5m93TS5xokR2ba25xXXGz0,Quality Paving & Concrete,5.0,76,Contractor,"2 Bala Plaza Suite 300-726, Bala Cynwyd, PA 19004, United States","2Q4M+JC Bala Cynwyd, Pennsylvania, USA",https://qualitypavingandconcretepa.com/,+1 215-820-0168,Open · Closes 9 pm,,,https://lh3.googleusercontent.com/gps-cs-s/APNQkAF3VLytM4_aD2zywWeJibKRvJZpC8U14oFvB8HloZqlEEjrIEOdnMYctFExH4d9ZU_Ok_sL_R1hKjzdd_ZV7L6jFEi-3u-Tt9Ro-WwMBV8NiND9E6CqfSD5EO7Hps1shw90riQLGA=w426-h240-k-no,true,6 am–9 pm,6 am–9 pm,6 am–9 pm,6 am–9 pm,6 am–9 pm,6 am–9 pm,6 am–9 pm,"https://www.google.com/maps/search/commercial+landscaping+businesses+in+Manayunk+Philadelphia+PA/@40.0260015,-75.2231106,14z",2026-04-29T19:59:59.434Z,,
https://www.google.com/maps/place/SERIOUS+LANDSCAPING+Co./data=!4m7!3m6!1s0x89c6b965b8bccb17:0x6f9b4af49655ce4c!8m2!3d40.0534241!4d-75.1599304!16s%2Fg%2F11sjfk3b3v!19sChIJF8u8uGW5xokRTM5VlvRKm28,SERIOUS LANDSCAPING Co.,5.0,4,Landscape designer,"5831 Brush Rd Rear OFFICE, Philadelphia, PA 19138, United States","3R3R+92 Philadelphia, Pennsylvania, USA",,+1 267-819-6859,Open · Closes 5 pm,,,https://lh3.googleusercontent.com/gps-cs-s/APNQkAEK_eps7vnaRT65V3SXF3JhASqqvzDXMsZUTwPQUvB2Wgpjqu10bkQuGvdT9i7AYarfbL8ITA1BrkwVlCUItQ5WfsUKMHnGWTAYlco6aqyT-78ETlbyz-9g_gWKicADmcGVJ3rxzw=w426-h240-k-no,false,9 am–5 pm,9 am–5 pm,9 am–5 pm,Closed,Closed,9 am–5 pm,9 am–5 pm,"https://www.google.com/maps/search/commercial+landscaping+businesses+in+Manayunk+Philadelphia+PA/@40.0260015,-75.2231106,14z",2026-04-29T20:00:04.210Z,,
https://www.google.com/maps/place/Legacy+Landscapes/data=!4m7!3m6!1s0x89c6c10c29f5567b:0x8dc298945b3e30a3!8m2!3d40.0075981!4d-75.2902137!16s%2Fg%2F11h194h76l!19sChIJe1b1KQzBxokRozA-W5SYwo0,Legacy Landscapes,3.7,12,Landscaper,"17 E Lancaster Ave Suite 1, Ardmore, PA 19003, United States","2P55+2W Ardmore, Pennsylvania, USA",https://www.legacy-landscapes.com/,+1 215-487-8181,Open · Closes 6 pm,,,https://lh3.googleusercontent.com/gps-cs-s/APNQkAF5ghGsil7FmGoV7inJhwDNc08hhP3cCrcykZmYT8V-ryA0KcLpqr3WQGR8Qa7SlKSwoDxu-xVHlv5qyLx86yOcEdN8_o60IFqBq2pzcJQg7yTxKiTuPojUqJ0VT-3UI9AVORk0Pg=w408-h407-k-no,true,7 am–6 pm,7 am–6 pm,7 am–6 pm,7 am–6 pm,Closed,7 am–6 pm,7 am–6 pm,"https://www.google.com/maps/search/commercial+landscaping+businesses+in+Manayunk+Philadelphia+PA/@40.0260015,-75.2231106,14z",2026-04-29T20:00:08.988Z,,
https://www.google.com/maps/place/DJ+CONTRACTING+%26+LANDSCAPING+LLC/data=!4m7!3m6!1s0x89c6b9dea2292359:0xb2d74b7b2871b5c9!8m2!3d40.0597115!4d-75.1722166!16s%2Fg%2F11rrq7s58p!19sChIJWSMpot65xokRybVxKHtL17I,DJ CONTRACTING & LANDSCAPING LLC,5.0,2,Construction company,"1208 Yerkes St, Philadelphia, PA 19119, United States","3R5H+V4 Philadelphia, Pennsylvania, USA",,+1 267-231-7418,Open 24 hours,,,https://lh3.googleusercontent.com/gps-cs-s/APNQkAGRWZ0RwwM3p01cYWu4mujZGN52U5Ag3CjA0i9FGII68-_NPqq9pLxdOc4cs0WWfzNkdLFurTWuc2MRrLogXLEUf2gugSo-enOy5fugKgWmiYOqTuWwT30IhGFrhcmriJx5=w408-h544-k-no,true,Open 24 hours,Open 24 hours,Open 24 hours,Open 24 hours,Open 24 hours,Open 24 hours,Open 24 hours,"https://www.google.com/maps/search/commercial+landscaping+businesses+in+Manayunk+Philadelphia+PA/@40.0260015,-75.2231106,14z",2026-04-29T20:00:13.824Z,,
https://www.google.com/maps/place/Laurel+Hill+Gardens/data=!4m7!3m6!1s0x89c6b977c8ac103f:0x48a35b20b43dc4f4!8m2!3d40.0729827!4d-75.2018814!16s%2Fg%2F1v8x348s!19sChIJPxCsyHe5xokR9MQ9tCBbo0g,Laurel Hill Gardens,4.6,45,Garden center,"8125 Germantown Ave, Philadelphia, PA 19118, United States","3QFX+56 Philadelphia, Pennsylvania, USA",https://www.laurelhillgardens.com/,+1 215-247-9490,"Closes soon · 5 pm · Opens 10 am Thu

Updated by this business 4 weeks ago",LGBTQ+ friendly,,https://lh3.googleusercontent.com/gps-cs-s/APNQkAF9yyl_Dt_Ba5cbQjom1EXiuAEw4SsX0IboqSvYEy1alD7Kt4rlIX_6I-qIpNoIxW6t8AUSQeMZEXfECeMXAhmCwC1IsQkzgjqMYgjntSAAO7CDboHMWiJofoMKQBT4NRAA2_jJ=w408-h544-k-no,true,10 am–5 pm,10 am–5 pm,10 am–5 pm,10 am–5 pm,10 am–5 pm,Closed,10 am–5 pm,"https://www.google.com/maps/search/commercial+landscaping+businesses+in+Manayunk+Philadelphia+PA/@40.0260015,-75.2231106,14z",2026-04-29T20:00:18.798Z,"Rambling, quaint property offering plants & pottery, plus masonry, fencing & design services. · In-store shopping",
https://www.google.com/maps/place/Cox+%26+Company+Inc+Tree+and+Landscape+Services/data=!4m7!3m6!1s0x89c6bf56280e956f:0xb0bd7c7f64d1d51c!8m2!3d40.011489!4d-75.255956!16s%2Fg%2F1tfff4bz!19sChIJb5UOKFa_xokRHNXRZH98vbA,Cox & Company Inc Tree and Landscape Services,,,Tree service,"443 S Woodbine Ave, Narberth, PA 19072, United States","2P6V+HJ Narberth, Pennsylvania, USA",http://www.coxandcompany.net/,+1 610-664-2340,"Closes soon · 5 pm · Opens 7:30 am Thu

Confirmed by this business 2 weeks ago",,,https://lh3.googleusercontent.com/gps-cs-s/APNQkAGPz9eDd0k516kpI3TegeEA47iKEqI6vq-QGZskVFGiGKjCxuqL_rB26lMIg-LNcr8ktwA9mQtY5NNPi2OTxI4rMmjSB7Py5-rIGdOizhyqMkAUh06ztechE1IFf18cLb8o9oTf=w408-h306-k-no,true,7:30 am–5 pm,7:30 am–5 pm,7:30 am–5 pm,Closed,Closed,7:30 am–5 pm,7:30 am–5 pm,"https://www.google.com/maps/search/commercial+landscaping+businesses+in+Manayunk+Philadelphia+PA/@40.0260015,-75.2231106,14z",2026-04-29T20:00:24.142Z,,
"https://www.google.com/maps/place/JP+Roots+Landscaping/@40.0204545,-75.1431001,11z/data=!3m1!4b1!4m6!3m5!1s0x289508f1d402e869:0x710a320e56e0feca!8m2!3d40.0204545!4d-75.1431!16s%2Fg%2F11v62pv9jw",JP Roots Landscaping,5.0,2,Landscaper,,,https://jproots.com/,+1 916-280-7108,Closed · Opens 8 am Thu,,,,true,8 am–4 pm,8 am–4 pm,8 am–4 pm,8 am–4 pm,Closed,8 am–4 pm,8 am–4 pm,"https://www.google.com/maps/search/commercial+landscaping+businesses+in+Manayunk+Philadelphia+PA/@40.0260015,-75.2231106,14z",2026-04-29T20:00:30.835Z,,
https://www.google.com/maps/place/H.+Dzwil+Masonry+LLC/data=!4m7!3m6!1s0x89c6b932dea02d25:0x563fcb36332bd754!8m2!3d40.002498!4d-75.1180146!16s%2Fg%2F11fjzx6dc3!19sChIJJS2g3jK5xokRVNcrMzbLP1Y,H. Dzwil Masonry LLC,4.9,17,Masonry contractor,,,,,Open 24 hours,,,https://lh3.googleusercontent.com/gps-cs-s/APNQkAGfhYP_2ZNFP6Jti456E5-jMjwacMFBDdtAZ0934xKLsZpOYxXZ1BPFG1-dqAotM_40LVDDq4tVZFxtbDlsEV1BaQUkAF5H5iL2-d86gxCvfKLPGPA54VnOxPsCq9MXX6TIwG8amA=w426-h240-k-no,true,Open 24 hours,Open 24 hours,Open 24 hours,Open 24 hours,Open 24 hours,Open 24 hours,Open 24 hours,"https://www.google.com/maps/search/commercial+landscaping+businesses+in+Manayunk+Philadelphia+PA/@40.0260015,-75.2231106,14z",2026-04-29T20:00:35.670Z,,
https://www.google.com/maps/place/Do+It+All+Brothers+Landscapes/data=!4m7!3m6!1s0x89c6b7aea2e367d1:0xc28127b2c90f34df!8m2!3d40.0348085!4d-75.1390273!16s%2Fg%2F11j4cql2_y!19sChIJ0Wfjoq63xokR3zQPybIngcI,Do It All Brothers Landscapes,4.5,2,Cleaning service,"1030 Wagner Ave, Philadelphia, PA 19141, United States","2VM6+W9 Philadelphia, Pennsylvania, USA",http://doitallbrotherslandscaping.com/,+1 267-809-5558,Closes soon · 5 pm · Opens 9 am Thu,,,https://streetviewpixels-pa.googleapis.com/v1/thumbnail?panoid=IK7HgvqOHlbmzLeugsf69w&cb_client=search.gws-prod.gps&w=408&h=240&yaw=124.728325&pitch=0&thumbfov=100,true,9 am–5 pm,9 am–5 pm,Closed,Closed,9 am–5 pm,9 am–5 pm,9 am–5 pm,"https://www.google.com/maps/search/commercial+landscaping+businesses+in+Manayunk+Philadelphia+PA/@40.0260015,-75.2231106,14z",2026-04-29T20:00:40.493Z,,
https://www.google.com/maps/place/Erich+Enns-+Garden+Design+and+Build/data=!4m7!3m6!1s0x8eca6aa5dcfece55:0x574450fcfb2b4a5a!8m2!3d40.002498!4d-75.1180146!16s%2Fg%2F11w_lzyr5f!19sChIJVc7-3KVqyo4RWkor-_xQRFc,Erich Enns- Garden Design and Build,5.0,5,Landscape designer,,,https://www.erichenns.com/,+1 215-487-8921,,,,https://lh3.googleusercontent.com/gps-cs-s/APNQkAGm_rc6TfscmXFIpEnXXvzbJcUZBF53-p_jmMWG4qt2Hrnx9yvVXeMSBMYRgLTyfFEb5VkpkpRYOun5uBHlg93oISxt5JEpZQQB-0Feo6-xs3fj8bP3u0Ew-IK8RAF7ZiU45f4LFqThMQdI=w408-h368-k-no,true,,,,,,,,"https://www.google.com/maps/search/commercial+landscaping+businesses+in+Manayunk+Philadelphia+PA/@40.0260015,-75.2231106,14z",2026-04-29T20:00:43.677Z,,
https://www.google.com/maps/place/AWV+Masonry+%26+Construction/data=!4m7!3m6!1s0x89c6b9859fab0ab7:0x5213d8918c92f279!8m2!3d40.0114342!4d-75.2177431!16s%2Fg%2F11y3skfq5x!19sChIJtwqrn4W5xokRefKSjJHYE1I,AWV Masonry & Construction,5.0,1,Masonry contractor,"150 Monument Rd, Bala Cynwyd, PA 19004, United States","2Q6J+HW Bala Cynwyd, Pennsylvania, USA",https://www.awvmasonryandconstruction.com/,+1 610-835-6413,Open · Closes 7 pm,,,https://lh3.googleusercontent.com/gps-cs-s/APNQkAHX1k33z_EidetKIP6NT9nGqZD0-z4KrfJJezKtm3wZpqBwVyB02F3av7GSuqjhgAX-gjVPtjAxo7M_24oy1YPOCxnawU9KVPqskgSG3u9Gg6j9yhevB_GEWvLNoE0Gy5lcaOGeqA=w408-h273-k-no,true,7 am–7 pm,7 am–7 pm,7 am–7 pm,7 am–7 pm,10 am–4 pm,7 am–7 pm,7 am–7 pm,"https://www.google.com/maps/search/commercial+landscaping+businesses+in+Manayunk+Philadelphia+PA/@40.0260015,-75.2231106,14z",2026-04-29T20:00:48.426Z,,
https://www.google.com/maps/place/Merrill+Landscaping/data=!4m7!3m6!1s0x2cc6e270da3a0911:0x52d96526925ad532!8m2!3d40.024986!4d-75.2777175!16s%2Fg%2F11y4qzx4t2!19sChIJEQk62nDixiwRMtVakiZl2VI,Merrill Landscaping,5.0,7,Landscaper,,,https://sites.google.com/d/1ONseWlPip6F2o3kConxQhuggKex3Kx11/p/1QJfTi04Ueve69jfpAwgouA_vWsoDMSHS/edit,+1 215-738-9956,Open 24 hours,,,https://lh3.googleusercontent.com/gps-cs-s/APNQkAGW1ARe8ws8x4xZKM_VWNF-O14KdhvNeyZlet4S76e0uAkOeQ78aPjOm4bG3VS3UtQQZ9Cdab9OWdhR89YOFVwqVNhfIWaQ88kmn-KZZDA0aBnYB6BlT1qRIsx1FkayRf2iU2c=w408-h306-k-no,true,Open 24 hours,Open 24 hours,Open 24 hours,Open 24 hours,Open 24 hours,Open 24 hours,Open 24 hours,"https://www.google.com/maps/search/commercial+landscaping+businesses+in+Manayunk+Philadelphia+PA/@40.0260015,-75.2231106,14z",2026-04-29T20:00:53.297Z,,
https://www.google.com/maps/place/Canopy+Landscaping/data=!4m7!3m6!1s0x83317021fa6085e9:0xa92ee8822aedc942!8m2!3d40.2095512!4d-75.355924!16s%2Fg%2F11z5c__z0_!19sChIJ6YVg-iFwMYMRQsntKoLoLqk,Canopy Landscaping,5.0,3,Landscaper,,,https://canopylandscaping.org/,+1 267-214-6103,,,,https://lh3.googleusercontent.com/gps-cs-s/APNQkAFoWp1QOynjzabY-ZAUM9WNkBDImw72CppUrQWAGfWq9TpblFFFWypaRX8Yo1tLqc7YtgZCzdRjzeSYCmIEzMjYuX6akEDR5qBIEbQZ90UE8jXNBYCCLUKFDsuc67KSeAaq5Uua9jWv1Og=w408-h306-k-no,true,,,,,,,,"https://www.google.com/maps/search/commercial+landscaping+businesses+in+Manayunk+Philadelphia+PA/@40.0260015,-75.2231106,14z",2026-04-29T20:00:55.922Z,,
https://www.google.com/maps/place/Hill%27s+Landscape+Design+%26+Tree+Removal/data=!4m7!3m6!1s0x6ddb321e003df89:0x68233d86903dfbdb!8m2!3d41.1169783!4d-77.6047046!16s%2Fg%2F11txxtmz18!19sChIJid8D4CGz3QYR2_s9kIY9I2g,Hill's Landscape Design & Tree Removal,5.0,1,Landscape designer,,,https://sites.google.com/view/hillslandscapedesignns/home,+1 484-860-9922,Closes soon · 5 pm · Opens 9 am Thu,,,https://lh3.googleusercontent.com/gps-cs-s/APNQkAFjuZU3iZP1yr4_P0xlB3UgVmdpp9CvT-fYqcXpZusEWB6Pnk60xOgDVtngoGLUwXV-MRLnaqCvSqkwH8ZV87MkVhO_i0YZF18CoA-yWR26Rjk-t3HHtj7n0mnlBEVWLokx-Xhb=w408-h508-k-no,true,9 am–5 pm,9 am–5 pm,9:30 am–5 pm,Closed,Closed,9 am–5 pm,9 am–5 pm,"https://www.google.com/maps/search/commercial+landscaping+businesses+in+Manayunk+Philadelphia+PA/@40.0260015,-75.2231106,14z",2026-04-29T20:01:00.628Z,,
"https://www.google.com/maps/place/QuinnCo+Landscaping/@40.0204545,-75.1826221,11z/data=!3m1!4b1!4m6!3m5!1s0xaee5418d487ab6c3:0x927ce21508f5a028!8m2!3d40.0204545!4d-75.1826221!16s%2Fg%2F11z477ts9q",QuinnCo Landscaping,,,Landscaper,,,https://quinncolandscaping.com/,+1 267-277-3410,Open 24 hours,,,,true,Open 24 hours,Open 24 hours,Open 24 hours,Open 24 hours,Open 24 hours,Open 24 hours,Open 24 hours,"https://www.google.com/maps/search/commercial+landscaping+businesses+in+Manayunk+Philadelphia+PA/@40.0260015,-75.2231106,14z",2026-04-29T20:01:07.104Z,,
https://www.google.com/maps/place/Duranti%27s+Landscaping+Inc./data=!4m7!3m6!1s0xa263b71856e84141:0x20b47cd60bc8477f!8m2!3d39.992488!4d-75.3425355!16s%2Fg%2F11v9vsmb_l!19sChIJQUHoVhi3Y6IRf0fIC9Z8tCA,Duranti's Landscaping Inc.,5.0,7,Landscape designer,,,http://durantilandscaping.com/,+1 610-359-9105,Closed · Opens 7 am Thu,,,https://lh3.googleusercontent.com/gps-cs-s/APNQkAFx4Xi-xXCY9HawXPZg_nMe9WIjAknYEevWEGJ4SUX4bN0_lv3Wl_17Ri_yLkLbDTW7Meu-urZkCB5PjFyyfskVBwbcv-eExxSkYKUxgXttul1BLMmdmkj3dEHX4rtn3FvBmLsZHy8knXmg=w408-h544-k-no,true,7 am–4 pm,7 am–4 pm,7 am–4 pm,7 am–12 pm,Closed,7 am–4 pm,7 am–4 pm,"https://www.google.com/maps/search/commercial+landscaping+businesses+in+Manayunk+Philadelphia+PA/@40.0260015,-75.2231106,14z",2026-04-29T20:01:12.193Z,,
https://www.google.com/maps/place/Matt+Valentine+Landscape+Designer+LTD/data=!4m7!3m6!1s0x89c6c0a5fb69bb2d:0xa2a2bed7e178017c!8m2!3d40.0065968!4d-75.2602026!16s%2Fg%2F11c44vfhxd!19sChIJLbtp-6XAxokRfAF44de-oqI,Matt Valentine Landscape Designer LTD,,,Landscape designer,"137 N Narberth Ave, Narberth, PA 19072, United States","2P4Q+JW Narberth, Pennsylvania, USA",http://mvalentinedesign.com/,+1 610-416-5688,Open · Closes 6 pm,,,https://streetviewpixels-pa.googleapis.com/v1/thumbnail?panoid=ZvYDWNI-cccNGYWf4KupNw&cb_client=search.gws-prod.gps&w=408&h=240&yaw=84.777565&pitch=0&thumbfov=100,true,7 am–6 pm,7 am–6 pm,7 am–6 pm,8 am–4 am,Closed,7 am–6 pm,7 am–6 pm,"https://www.google.com/maps/search/commercial+landscaping+businesses+in+Manayunk+Philadelphia+PA/@40.0260015,-75.2231106,14z",2026-04-29T20:01:16.741Z,,
https://www.google.com/maps/place/Rice+Landscaping+Inc./data=!4m7!3m6!1s0x89c6b19f767f46a9:0x7d60639167849e42!8m2!3d40.0846384!4d-75.0868406!16s%2Fg%2F11lhpjx34l!19sChIJqUZ_dp-xxokRQp6EZ5FjYH0,Rice Landscaping Inc.,4.8,69,Landscaper,"201 N Sylvania Ave, Jenkintown, PA 19046, United States","3WM7+V7 Jenkintown, Pennsylvania, USA",http://ricelandscapinginc.com/,+1 267-788-5881,Closes soon · 5 pm · Opens 7 am Thu,,,https://lh3.googleusercontent.com/gps-cs-s/APNQkAHbE9uGk3pPuGuQUYotZqarbQ8FrJD2b-RCUBBXDRi3BSfaujaK5_294eXncq31oLhQWMbt502PPWnSsn4ONvEvXlT61oj2TYX7sSF9emTIhqiq4WhhRXO_ePAcCw48YQsErZnX=w408-h432-k-no,true,7 am–5 pm,7 am–5 pm,7 am–5 pm,7 am–12 pm,Closed,7 am–5 pm,7 am–5 pm,"https://www.google.com/maps/search/commercial+landscaping+businesses+in+Manayunk+Philadelphia+PA/@40.0260015,-75.2231106,14z",2026-04-29T20:01:21.480Z,,
"https://www.google.com/maps/place/Brentwood+Landscaping/@40.024986,-75.2777175,13z/data=!3m1!4b1!4m6!3m5!1s0x89c6b8a871900001:0x3ad2bc3fa77d339c!8m2!3d40.024986!4d-75.2777175!16s%2Fg%2F11t8h07jvj",Brentwood Landscaping,5.0,9,Landscaper,,,https://brentwood-landscaping.com/contact-us.html,+1 484-343-1888,Closes soon · 5 pm · Opens 8 am Thu,,,,true,8 am–5 pm,8 am–5 pm,8 am–5 pm,Closed,Closed,8 am–5 pm,8 am–5 pm,"https://www.google.com/maps/search/commercial+landscaping+businesses+in+Manayunk+Philadelphia+PA/@40.0260015,-75.2231106,14z",2026-04-29T20:01:28.195Z,,
https://www.google.com/maps/place/McPoyle+Landscaping/data=!4m7!3m6!1s0x8f4f28bdae21f56d:0x93929bfe760e3be7!8m2!3d39.9922365!4d-75.392288!16s%2Fg%2F11khtxdv3h!19sChIJbfUhrr0oT48R5zsOdv6bkpM,McPoyle Landscaping,4.9,94,Landscaper,,,http://www.mcpoylelandscaping.com/,+1 267-229-0848,,,,https://lh3.googleusercontent.com/gps-cs-s/APNQkAFod7_gxNG2u2Iu4eE703uyFb_pUh_ByC7OcQ9_Hd7bmLYpl0jvZ5hHWak7qhTu-WXSVGsxbz3BBDXn0vF3M_j-k_lZ8AOjkz-Ol_C5Kolk0OWzOCqaywwHX0L-S49pewyBo7_8dIPmrJzC=w408-h306-k-no,true,,,,,,,,"https://www.google.com/maps/search/commercial+landscaping+businesses+in+Manayunk+Philadelphia+PA/@40.0260015,-75.2231106,14z",2026-04-29T20:01:31.159Z,,
https://www.google.com/maps/place/Crew+Lawn+Care/data=!4m7!3m6!1s0x4f8e34e012181131:0x8ed38c9e90259c5c!8m2!3d40.0120493!4d-75.2613049!16s%2Fg%2F11rrrqxn0x!19sChIJMREYEuA0jk8RXJwlkJ6M044,Crew Lawn Care,5.0,4,Lawn care service,"933 Montgomery Ave #1025, Penn Valley, PA 19072, United States","2P6Q+RF Penn Valley, Pennsylvania, USA",http://www.crewlawncare.com/,+1 800-971-4025,Closes soon · 4:30 pm · Opens 9 am Thu,,true,https://lh3.googleusercontent.com/gps-cs-s/APNQkAHY9x26GU9cxMZNVaLD_dI3fDRvSeFEklUI5JzzxzYZMaZLjo4xE2LwquD6SWI9wFb0d24Cq5zVLeVdXJACsAIxskh9FjgU8NOIRAnj-YYPJKWbgaSDt6Fc-O6i2RuoIk3tFrJt_7U1gVbs=w408-h410-k-no,true,9 am–4:30 pm,9 am–4:30 am,9 am–4:30 pm,9 am–12 pm,Closed,9 am–4:30 pm,9 am–4:30 pm,"https://www.google.com/maps/search/commercial+landscaping+businesses+in+Manayunk+Philadelphia+PA/@40.0260015,-75.2231106,14z",2026-04-29T20:01:35.999Z,,
https://www.google.com/maps/place/Foran+Lawn+%26+Yard/data=!4m7!3m6!1s0x89c6bf018e4a3267:0x9c9af827194aa6ee!8m2!3d40.0218591!4d-75.3175833!16s%2Fg%2F11h0y05z9_!19sChIJZzJKjgG_xokR7qZKGSf4mpw,Foran Lawn & Yard,5.0,69,Landscaper,"16 N Bryn Mawr Ave Box 828, Bryn Mawr, PA 19010, United States","2MCJ+PX Bryn Mawr, Pennsylvania, USA",http://foranlawnandyard.com/,+1 610-955-2293,"Closed · Opens 7 am Thu

Confirmed by this business 10 weeks ago",,,https://lh3.googleusercontent.com/gps-cs-s/APNQkAHKDLIzSGQXxdFEgJikDjV6_EkoyCsWbHiW5QGor952NGcj6NNVh63-jGrbY2MdcFTh5Fb4D7GP-iVRxgA0pLBRCd1rmAYS2qnHs2DrsYKXspN8GkgePktxlVY3Ntp2F53li8w79IiA7myV=w408-h306-k-no,true,7 am–4 pm,7 am–4 pm,7 am–4 pm,Closed,Closed,7 am–4 pm,7 am–4 pm,"https://www.google.com/maps/search/commercial+landscaping+businesses+in+Manayunk+Philadelphia+PA/@40.0260015,-75.2231106,14z",2026-04-29T20:01:40.844Z,,
https://www.google.com/maps/place/Stanley%27s+Hardware/data=!4m7!3m6!1s0x89c6b8f34b768e95:0xc8feb52ccd32e55b!8m2!3d40.0255094!4d-75.2082515!16s%2Fg%2F1tjz8xft!19sChIJlY52S_O4xokRW-UyzSy1_sg,Stanley's Hardware,4.8,868,Hardware store,"5555 Ridge Ave, Philadelphia, PA 19128, United States","2QGR+6M Philadelphia, Pennsylvania, USA",https://www.truevalue.com/stanleys/?utm_source=gbp&utm_medium=organic,+1 215-482-1200,Open · Closes 6:30 pm,,,https://lh3.googleusercontent.com/gps-cs-s/APNQkAGuWH4U_j7dWZgWvgQciyq-KTfzlnKG7B34MbvgLJcn6TsiyH3wT-eZp4Eei5F7ebx6PwMCMuIbZFUQyQh0eN0tyDD-hWfQey84JGn7XD-MKFcRQNjWGfA5tJFAjLmca4yvpSOeKg=w408-h544-k-no,true,8 am–6:30 pm,8 am–6:30 pm,8 am–6:30 pm,8 am–6 pm,9 am–6 pm,8 am–6:30 pm,8 am–6:30 pm,"https://www.google.com/maps/search/commercial+landscaping+businesses+in+Manayunk+Philadelphia+PA/@40.0260015,-75.2231106,14z",2026-04-29T20:01:45.665Z,"Resource for home & garden supplies, also offering services from pipe-cutting to window repair. · In-store shopping · In-store pick-up",
"https://www.google.com/maps/place/JKV+Enterprises/@40.0024979,-75.1180146,11z/data=!3m1!4b1!4m6!3m5!1s0x6b3539bb4129a86d:0x4a7bdcbf0653f28a!8m2!3d40.002498!4d-75.1180146!16s%2Fg%2F11wq7_8_x7",JKV Enterprises,5.0,1,Landscaper,,,,+1 267-213-3493,Open 24 hours,,,,true,Open 24 hours,Open 24 hours,Open 24 hours,Open 24 hours,Open 24 hours,Open 24 hours,Open 24 hours,"https://www.google.com/maps/search/commercial+landscaping+businesses+in+Manayunk+Philadelphia+PA/@40.0260015,-75.2231106,14z",2026-04-29T20:01:52.232Z,,
https://www.google.com/maps/place/KJ%27S+House+Cleaning+Services/data=!4m7!3m6!1s0xa10e5e5c62a3efb3:0x45ccca78fbe56716!8m2!3d40.128907!4d-75.442117!16s%2Fg%2F11vm61564y!19sChIJs--jYlxeDqERFmfl-3jKzEU,KJ'S House Cleaning Services,5.0,12,House cleaning service,,,https://kjshousecleaningservices.com/,+1 484-688-6182,Closes soon · 5 pm · Opens 9 am Thu,,,https://lh3.googleusercontent.com/gps-cs-s/APNQkAG14GRCxfahebKptkYdyzBsJNOCYl9_c7vFLgP465xZES4_Utmhn0216Jaq8GhtOUaFdB0IIz9qGR3bWlJVIHEU5g9pt-wxwyT6Di_aIJ3zAxluY5LMFRn6i5MTG0vwSozzeWECrw=w408-h306-k-no,true,9 am–5 pm,9 am–5 pm,9 am–5 pm,9 am–5 pm,9 am–5 pm,9 am–5 pm,9 am–5 pm,"https://www.google.com/maps/search/commercial+landscaping+businesses+in+Manayunk+Philadelphia+PA/@40.0260015,-75.2231106,14z",2026-04-29T20:01:57.289Z,,
https://www.google.com/maps/place/John+A.+Pinto+Landscaping/data=!4m7!3m6!1s0x89c6c0e7d6336683:0x794853f6f342c8c8!8m2!3d39.9964131!4d-75.3017886!16s%2Fg%2F1tggvgty!19sChIJg2Yz1ufAxokRyMhC8_ZTSHk,John A. Pinto Landscaping,5.0,1,Landscape designer,"2601 Haverford Rd, Ardmore, PA 19003, United States","XMWX+H7 Ardmore, Pennsylvania, USA",https://johnapintolandscaping.com/,+1 610-649-0171,Open · Closes 5:30 pm,,,https://lh3.googleusercontent.com/gps-cs-s/APNQkAHyLizTLhkDHpVhpCmGAd_4rU4rStzH3s0Dy270ryMzvND4Wl__pPtXnJWwHqhH6GyC-zJbjHu8tO8rX48kdYqvErXAO2O4uDNf9Bc-qXSIZAbUR4wLHC0_FVCJFS13qldgy9CcV-gHf1Gc=w426-h240-k-no,true,8 am–5:30 pm,8 am–5:30 pm,8 am–5:30 pm,8 am–5:30 pm,Closed,8 am–5:30 pm,8 am–5:30 pm,"https://www.google.com/maps/search/commercial+landscaping+businesses+in+Manayunk+Philadelphia+PA/@40.0260015,-75.2231106,14z",2026-04-29T20:02:02.074Z,,
https://www.google.com/maps/place/JSG+LANDSCAPING/data=!4m7!3m6!1s0x80df065eb2554573:0xcf450dd99a1ad178!8m2!3d40.073132!4d-74.724323!16s%2Fg%2F11z4q5mcwd!19sChIJc0VVsl4G34AReNEamtkNRc8,JSG LANDSCAPING,,,Landscaper,,,,+1 856-366-5046,Open · Closes 7 pm,,,https://lh3.googleusercontent.com/gps-cs-s/APNQkAGLNBoZgJm9Dck_gR3vp6ZAHjSaBVwnkq_scH-GraThfnviRWrh6hJZ5109HJeQ3iH1Jrh2r66uddMJzQAzUEeasJnuJpODeNQWwhCC3NJ83IEKEyAdn5_WGFDiAqYjTMKEU9acAj-h-RJZ=w408-h609-k-no,true,8 am–7 pm,8:30 am–7 pm,8 am–7 pm,8 am–3:30 pm,Closed,8 am–7 pm,8 am–7 pm,"https://www.google.com/maps/search/commercial+landscaping+businesses+in+Old+City+Philadelphia+PA/@39.9500455,-75.1438117,14z",2026-04-29T20:02:36.284Z,,
https://www.google.com/maps/place/Mannys+Landscape+and+Lawn+Care/data=!4m7!3m6!1s0xab6b3644d2675445:0x80504251f68e218c!8m2!3d39.9340196!4d-75.101431!16s%2Fg%2F11xt1q50k0!19sChIJRVRn0kQ2a6sRjCGO9lFCUIA,Mannys Landscape and Lawn Care,5.0,9,Landscaper,,,https://mannyslandscapeandlawncare.com/,+1 856-699-5709,Open · Closes 6 pm,,,https://lh3.googleusercontent.com/gps-cs-s/APNQkAED2Wz8kMROXBRrJOQqu-W1hebBKrfMhhIxubuqIkL_-HskY59RBGVxkv7W5lKBFuzzZFPAw4ERhKCh30vaYc4_K8ywbnrGdR2AIUD8lBsupdbnvYmieddcZPUa3j-DNfdX-tmC6wcUWo7I=w426-h240-k-no,true,7 am–6 pm,7 am–6 pm,7 am–6 pm,Closed,Closed,7 am–6 pm,7 am–6 pm,"https://www.google.com/maps/search/commercial+landscaping+businesses+in+Old+City+Philadelphia+PA/@39.9500455,-75.1438117,14z",2026-04-29T20:02:40.929Z,,
https://www.google.com/maps/place/Latch+Brothers+Landscaping/data=!4m7!3m6!1s0x89c6c94dfa6f640b:0x4b12090b81f8cbac!8m2!3d40.4826448!4d-77.2024542!16s%2Fg%2F1tdfjn4v!19sChIJC2Rv-k3JxokRrMv4gQsJEks,Latch Brothers Landscaping,5.0,3,Landscaper,,,,+1 856-854-4717,Closes soon · 5 pm · Opens 7 am Thu,,,https://lh3.googleusercontent.com/gps-cs-s/APNQkAFgxvTtsXm_qcN87iwo7PsIgboxZaZw4yxi90PAI5_4lJYMXFO9vqi6586nPvqgzSXfdAZnIW-rNDpgZozauQY2hjuYWzzv29AKiGAWOhUh7dr42Z3tPCFPrBpDQZVwcttOLIo=w720-h240-k-no,true,7 am–5 pm,7 am–5 pm,7 am–5 pm,Closed,Closed,7 am–5 pm,7 am–5 pm,"https://www.google.com/maps/search/commercial+landscaping+businesses+in+Old+City+Philadelphia+PA/@39.9500455,-75.1438117,14z",2026-04-29T20:02:46.018Z,,
https://www.google.com/maps/place/K%26C+Landscaping+Inc./data=!4m7!3m6!1s0x89c6b3bcdee72f1b:0x61bb8137838d0863!8m2!3d40.0987304!4d-75.0151642!16s%2Fg%2F11qyybl51f!19sChIJGy_n3ryzxokRYwiNgzeBu2E,K&C Landscaping Inc.,3.0,2,Landscaper,"1959 Kentwood St, Philadelphia, PA 19116, United States","3XXM+FW Philadelphia, Pennsylvania, USA",,+1 215-698-2077,Open 24 hours,,,https://lh3.googleusercontent.com/gps-cs-s/APNQkAF_fhTEKwXWPZPqknTNpQg1gL5PuOwfMvACHfN1nslbn-tMMt3NUA58rAopH7R2xlB6F189yRYscBzfnmZ4HKTVYZajNw-r4DC9mEWIDN9MkQFqGdVijakhM6fu38CxFUe2O3gGR85lYpo=w408-h544-k-no,false,Open 24 hours,Open 24 hours,Open 24 hours,Open 24 hours,Open 24 hours,Open 24 hours,Open 24 hours,"https://www.google.com/maps/search/commercial+landscaping+businesses+in+Old+City+Philadelphia+PA/@39.9500455,-75.1438117,14z",2026-04-29T20:02:50.725Z,,
https://www.google.com/maps/place/Marcos+Lawn+Care/data=!4m7!3m6!1s0x22032453ecb3f931:0x9937aa3f38c02ccc!8m2!3d40.0910794!4d-75.746806!16s%2Fg%2F11s2myy3kl!19sChIJMfmz7FMkAyIRzCzAOD-qN5k,Marcos Lawn Care,4.9,101,Landscaper,,,https://marcoslawncare1.com/,+1 856-295-2773,Open 24 hours,,,https://lh3.googleusercontent.com/gps-cs-s/APNQkAGYpMH0fOBq2NwKI9yq-FuD4Di6Wip0T7rKDbJFIIVavRGkubTdbhQH0BQn-aVHS9-PGqaLqAgUO3WRY878TUcSP7W9tcy3x0HNqsHbKjtKJ7wy2b1HwF-0sp8y3leGmK1jt9J8Wg=w408-h544-k-no,true,Open 24 hours,Open 24 hours,Open 24 hours,Open 24 hours,Open 24 hours,Open 24 hours,Open 24 hours,"https://www.google.com/maps/search/commercial+landscaping+businesses+in+Old+City+Philadelphia+PA/@39.9500455,-75.1438117,14z",2026-04-29T20:02:55.934Z,,
https://www.google.com/maps/place/Hector+Landscaping/data=!4m7!3m6!1s0x47252a8e64a773c7:0xfe52d8836f93f564!8m2!3d39.486446!4d-74.897824!16s%2Fg%2F11kh_3kdwk!19sChIJx3OnZI4qJUcRZPWTb4PYUv4,Hector Landscaping,4.9,28,Landscaper,,,https://www.hectorlandscapingnj.com/,+1 856-383-3006,Open · Closes 8 pm,,,https://lh3.googleusercontent.com/gps-cs-s/APNQkAGu-sDNZPGQwRmUcvRhWtNUz_9HX-vsLgbxm9FWBS_HTlDzT0KA6Qm9Nrk3V8TYImSX_OIJekfgtbDbxxcJllOH5fzWK3raLYkoqr-dQsotWTU-XroiHJWSeK5BrhkjjiTHb0Dk=w408-h306-k-no,true,8 am–8 pm,8 am–8 pm,8 am–8 pm,8 am–8 pm,Closed,8 am–8 pm,8 am–8 pm,"https://www.google.com/maps/search/commercial+landscaping+businesses+in+Old+City+Philadelphia+PA/@39.9500455,-75.1438117,14z",2026-04-29T20:03:00.736Z,,
https://www.google.com/maps/place/R.+Fulton+Excavating+LLC/data=!4m7!3m6!1s0x89c6c9bffdd252d7:0x80afb3153e4a2342!8m2!3d38.7325035!4d-78.1132806!16s%2Fg%2F11flk2qlly!19sChIJ11LS_b_JxokRQiNKPhWzr4A,R. Fulton Excavating LLC,3.0,2,Excavating contractor,,,https://www.facebook.com/rfultonexcavatingllc/?modal=admin_todo_tour,+1 570-579-7933,Open 24 hours,,,https://lh3.googleusercontent.com/gps-cs-s/APNQkAFKmo67aKbX0aT0BKBO_a-XnSnUv36XYRMidSritpX0FgZb4ioAcKmepmNNtC_Hx6G7xYdP7lCqvglynaq25UbFbHG_ZCgd9YtWRTnilFM1nooTTL9vliMpnpdZqcHUwOqQB_gwHQ=w408-h291-k-no,true,Open 24 hours,Open 24 hours,Open 24 hours,Open 24 hours,Open 24 hours,Open 24 hours,Open 24 hours,"https://www.google.com/maps/search/commercial+landscaping+businesses+in+Old+City+Philadelphia+PA/@39.9500455,-75.1438117,14z",2026-04-29T20:03:05.387Z,,
https://www.google.com/maps/place/Medina%27s+Landscaping/data=!4m7!3m6!1s0x26a33eeb3eb94cad:0x3a84a4d7fb4c11be!8m2!3d39.8163846!4d-75.1507464!16s%2Fg%2F11m78snyq8!19sChIJrUy5Pus-oyYRvhFM-9ekhDo,Medina's Landscaping,5.0,2,Landscaper,,,https://landscaperwoodburynj.com/,,Open 24 hours,,,https://lh3.googleusercontent.com/gps-cs-s/APNQkAHjLGLkfLwK8WwJQyzty6CustfAFdEeAKoB6x-F6ewE07hzS48ZPjzgdz9E0c2ov7ySDNOav4H44twzD1AII7WDO7eDAeNgb8u5pXCQcvQAH5sydG812uYYGVHUIvxHieX64D6kGPC8BpX1=w519-h240-k-no,true,Open 24 hours,Open 24 hours,Open 24 hours,Open 24 hours,Open 24 hours,Open 24 hours,Open 24 hours,"https://www.google.com/maps/search/commercial+landscaping+businesses+in+Old+City+Philadelphia+PA/@39.9500455,-75.1438117,14z",2026-04-29T20:03:10.265Z,,
https://www.google.com/maps/place/NATURE%27S+TOUCH/data=!4m7!3m6!1s0x89c6c9b70230b84d:0x39949b1c3a5e69f3!8m2!3d39.931293!4d-75.0999022!16s%2Fg%2F11x7yyp1x_!19sChIJTbgwArfJxokR82leOhyblDk,NATURE'S TOUCH,,,Landscaper,"1332 Princess Ave, Camden, NJ 08103, United States","WWJ2+G2 Camden, New Jersey, USA",,+1 856-870-2856,,,,https://streetviewpixels-pa.googleapis.com/v1/thumbnail?panoid=5ghzkA6JyogeJro1WDCBYw&cb_client=search.gws-prod.gps&w=408&h=240&yaw=33.390865&pitch=0&thumbfov=100,true,,,,,,,,"https://www.google.com/maps/search/commercial+landscaping+businesses+in+Old+City+Philadelphia+PA/@39.9500455,-75.1438117,14z",2026-04-29T20:03:12.843Z,,
https://www.google.com/maps/place/3rd+St.+Hardware+Ace/data=!4m7!3m6!1s0x89c6c88648c995a3:0x1684a30b77cdfdc3!8m2!3d39.9537106!4d-75.1447245!16s%2Fg%2F11f3rc0wxm!19sChIJo5XJSIbIxokRw_3NdwujhBY,3rd St. Hardware Ace,4.6,173,Hardware store,"153 N 3rd St, Philadelphia, PA 19106, United States","XV34+F4 Philadelphia, Pennsylvania, USA",http://www.3rdstreethardware.com/?utm_source=google&utm_medium=local&utm_campaign=localmaps&utm_content=17348,+1 267-541-2110,"Open · Closes 7 pm

Confirmed by this business 3 weeks ago",,,https://lh3.googleusercontent.com/gps-cs-s/APNQkAGU-uOK-t86aBqn46opGwOT4ptmLUaMfWjPoEwfHdkjjVNEH7f2-fJ5uIHZCGOfXR3Ovqh0__ofzFJpVugu1hYco-_ou0iVJbWclGPoxx4ubA14dol7TTpbs54CfcGbiDr92oHdmw=w408-h544-k-no,true,7:30 am–7 pm,8 am–7 pm,8 am–7 pm,8 am–7 pm,10 am–6 pm,8 am–7 pm,8 am–7 pm,"https://www.google.com/maps/search/commercial+landscaping+businesses+in+Old+City+Philadelphia+PA/@39.9500455,-75.1438117,14z",2026-04-29T20:03:17.736Z,"Hardware store stocking household tools, garden supplies, home decor & more. · In-store shopping · In-store pick-up",
https://www.google.com/maps/place/Burke+Brothers+Landscape+Group/data=!4m7!3m6!1s0x89c6ba21e776c133:0x1dbfb7a87ce0c1c4!8m2!3d40.0852798!4d-75.1786352!16s%2Fg%2F1tdyrrbp!19sChIJM8F25yG6xokRxMHgfKi3vx0,Burke Brothers Landscape Group,4.4,39,Landscaper,"7630 Cheltenham Ave Rear Building, Wyndmoor, PA 19038, United States","3RPC+4G Wyndmoor, Pennsylvania, USA",http://www.burkebrothers.com/,+1 215-887-1773,,,,https://lh3.googleusercontent.com/gps-cs-s/APNQkAHeW8NTJhUf3kcCGnFVEGxWYF2FgERfE3jjjENxo9hOMhP6SL-UnCMCoYcFiS7L83VYZyiQnMQheZofHWyJfRmY7I9RAwZmVWhBZ8k-5aqZjlDTrD5uP_2v4r9lA2h_UkU5Vxbt=w408-h272-k-no,true,,,,,,,,"https://www.google.com/maps/search/commercial+landscaping+businesses+in+Chestnut+Hill+Philadelphia+PA/@40.0703334,-75.2070644,14z",2026-04-29T20:03:37.491Z,,
https://www.google.com/maps/place/Jones+Lawn+%26+Landscape/data=!4m7!3m6!1s0x6853667b8cd486b1:0xd27f35ecd42566c3!8m2!3d40.0818541!4d-75.1839787!16s%2Fg%2F11yz7w6b2_!19sChIJsYbUjHtmU2gRw2Yl1Ow1f9I,Jones Lawn & Landscape,5.0,9,Landscaper,"7702 Queen St, Wyndmoor, PA 19038, United States","3RJ8+PC Wyndmoor, Pennsylvania, USA",https://joneslawnlandscape.com/,+1 484-254-4082,"Closed · Opens 7 am Thu

Confirmed by this business 11 weeks ago",,,https://lh3.googleusercontent.com/gps-cs-s/APNQkAGmWlyQea32LybcpOUemF-3F2LmvzajrcmdLS1dI2XR-lhotxS4SlW1aQQE5pe0RPXUyDcS4MrnM62B93aeaDcaJFjkkikbo6RGvSlSCbMfsa0ayYtg6VR515WaIXdDQOagcAwz7dXemnZO=w426-h240-k-no,true,7 am–4 pm,7 am–4 pm,7 am–4 pm,7 am–4 pm,Closed,7 am–4 pm,7 am–4 pm,"https://www.google.com/maps/search/commercial+landscaping+businesses+in+Chestnut+Hill+Philadelphia+PA/@40.0703334,-75.2070644,14z",2026-04-29T20:03:42.183Z,,
https://www.google.com/maps/place/ECOworks+llc/data=!4m7!3m6!1s0x200b6c8a06a4c1b:0x6e6b4737a347ce2d!8m2!3d40.0394284!4d-75.1180146!16s%2Fg%2F11vtbqwrzv!19sChIJG0xqoMi2AAIRLc5HozdHa24,ECOworks llc,5.0,13,Landscape designer,,,https://whyecoworks.com/,+1 215-960-6171,Closes soon · 5 pm · Opens 8 am Thu,,,https://lh3.googleusercontent.com/gps-cs-s/APNQkAG5nsJzOm9acnisTTj4vzUAm9CSVGOMDXQlyhVCTklX1LZcyBtPrzQL4P9d3JjhVgcYH5-DhhDrbTzN8RSqzjW6tI59jJW1lCeKeNydhC7VguJbN4eTv5kLdg_PFCnx1nN6PSJE56R4akY=w408-h306-k-no,true,8 am–5 pm,8 am–5 pm,8 am–5 pm,Closed,9 am–5 pm,8 am–5 pm,8 am–5 pm,"https://www.google.com/maps/search/commercial+landscaping+businesses+in+Chestnut+Hill+Philadelphia+PA/@40.0703334,-75.2070644,14z",2026-04-29T20:03:46.812Z,,
https://www.google.com/maps/place/Bear+Landscaping/data=!4m7!3m6!1s0x89c6bb03432c03cd:0xb4391b25b0e3480a!8m2!3d40.0887378!4d-75.185306!16s%2Fg%2F11nmc_20z1!19sChIJzQMsQwO7xokRCkjjsCUbObQ,Bear Landscaping,4.9,47,Landscaper,"8105 Gladstone Rd, Wyndmoor, PA 19038, United States","3RQ7+FV Wyndmoor, Pennsylvania, USA",https://bear-landscaping.com/,+1 215-892-5399,Open 24 hours,,,https://lh3.googleusercontent.com/gps-cs-s/APNQkAGXRfNyrE1UCAG9YbHw8RjHHGOjPibYU9IcOGnJTAzkgTs1bofYoADtipT3qqOArPOjwK5TaFyQxeJoPc1sha8EdYyjKmIzJcvYP3GXClAyfeKRXhpTWTnj_MNsi0QCUgD4H-xX=w408-h543-k-no,true,Open 24 hours,Open 24 hours,Open 24 hours,Open 24 hours,Open 24 hours,Open 24 hours,Open 24 hours,"https://www.google.com/maps/search/commercial+landscaping+businesses+in+Chestnut+Hill+Philadelphia+PA/@40.0703334,-75.2070644,14z",2026-04-29T20:03:51.780Z,,
"https://www.google.com/maps/place/Gardens+By+Danielle,+LLC./data=!4m7!3m6!1s0x26f694c56bd415ef:0x55adacc5ef1d2f7e!8m2!3d40.1389386!4d-75.147862!16s%2Fg%2F11vynyl57d!19sChIJ7xXUa8WU9iYRfi8d78WsrVU","Gardens By Danielle, LLC.",4.9,8,Gardener,,,https://www.gardensbydanielle.com/,+1 215-500-7609,Closes soon · 5 pm · Opens 8 am Thu,LGBTQ+ friendly,,https://lh3.googleusercontent.com/gps-cs-s/APNQkAFCJ4jgPOymB0tXeMyz7frXvPimyllPIkE_e87prAHldLjgDuboCa5my87Mm0LTbnl3anwVioVFdkuq2tZxApuej0CnvUUKht3o01GYew5D4qshA7HxEMZ_htD8bWFhykXWwgLONQ=w408-h306-k-no,true,8 am–5 pm,8 am–5 pm,8 am–5 pm,Closed,Closed,8 am–5 pm,8 am–5 pm,"https://www.google.com/maps/search/commercial+landscaping+businesses+in+Chestnut+Hill+Philadelphia+PA/@40.0703334,-75.2070644,14z",2026-04-29T20:03:56.392Z,,
https://www.google.com/maps/place/Liberty+Tree+and+Landscape+Management/data=!4m7!3m6!1s0x89c6ba405e0eb773:0xb6772e06aba7dd5!8m2!3d40.1038225!4d-75.1645827!16s%2Fg%2F1v76_mk2!19sChIJc7cOXkC6xokR1X26auByZws,Liberty Tree and Landscape Management,4.9,667,Tree service,"108 Limekiln Pike, Glenside, PA 19038, United States","4R3P+G5 Glenside, Pennsylvania, USA",http://libertytreecare.com/,+1 215-886-6111,Open · Closes 4 am,,,https://lh3.googleusercontent.com/gps-cs-s/APNQkAHWp81jfT2n904HPacaZbn5b7Z6JtQfFVG3Wrq_8yjGWT7PssZq5ixfkW4GekFGQJDdVSRwP1kZjBQ1Kgo6rRLYG7jOpAOuzTqmyl6E0DXGaWY97E1s24n0Q1oM1Ihrvj3v2qVG=w426-h240-k-no,true,8:30 am–4 am,8:30 am–4 am,8:30 am–4 am,Closed,Closed,8:30 am–4 am,8:30 am–4 am,"https://www.google.com/maps/search/commercial+landscaping+businesses+in+Chestnut+Hill+Philadelphia+PA/@40.0703334,-75.2070644,14z",2026-04-29T20:04:01.608Z,,
https://www.google.com/maps/place/Backyard+Eats/data=!4m7!3m6!1s0x89c6b9dafbb9123f:0x6cbcecfc5c49adb6!8m2!3d40.1124018!4d-75.2131493!16s%2Fg%2F11fq_zsqpr!19sChIJPxK5-9q5xokRtq1JXPzsvGw,Backyard Eats,5.0,121,Gardener,"810 Bethlehem Pike Suite A, Flourtown, PA 19031, United States","4Q6P+XP Flourtown, Pennsylvania, USA",https://backyard-eats.com/,+1 215-613-4883,Closes soon · 5 pm · Opens 8 am Thu,LGBTQ+ friendly,,https://lh3.googleusercontent.com/gps-cs-s/APNQkAH68GFdnrfD_hAVL1RSijNE1U6eWWMBAJ4TLfPinb4bsYkE8Sihq3MhHurePFJSigVOc9zPbzkmAuLewZCrTnxjeNm7URFaJII9ZadIg1YeZ3TyVvJDOvqw8lac7BYKj4cfsAQ=w408-h271-k-no,true,8 am–5 pm,8 am–5 pm,8 am–5 pm,Closed,Closed,8 am–5 pm,8 am–5 pm,"https://www.google.com/maps/search/commercial+landscaping+businesses+in+Chestnut+Hill+Philadelphia+PA/@40.0703334,-75.2070644,14z",2026-04-29T20:04:06.659Z,,
https://www.google.com/maps/place/We+All+U+Need+Property+Services+LLC/data=!4m7!3m6!1s0x6a0650bfecbdba5f:0x66bd8a8b610f20f6!8m2!3d40.0103639!4d-75.089193!16s%2Fg%2F11z2d4145p!19sChIJX7q97L9QBmoR9iAPYYuKvWY,We All U Need Property Services LLC,5.0,11,Landscaper,,,,+1 215-609-2751,Closes soon · 5 pm · Opens 7 am Thu,,,https://lh3.googleusercontent.com/gps-cs-s/APNQkAFQhFjgAoRHiDyCxKThUXi5BTlxTdE_YuTgVW0C0Nqn44Eyrd8hVVHx-l5VWTIlXj1-5tG_6-9AcLNYsAW2mwi4R2q8HnKjml8EnipmSPSAmOXXzWDvfaAwevhLmFiZFkFxMRIhKafJDanI=w408-h544-k-no,true,7 am–5 pm,7 am–5 pm,7 am–5 pm,7 am–5 pm,Closed,7 am–5 pm,7 am–5 pm,"https://www.google.com/maps/search/commercial+landscaping+businesses+in+Chestnut+Hill+Philadelphia+PA/@40.0703334,-75.2070644,14z",2026-04-29T20:04:11.275Z,,
https://www.google.com/maps/place/Chestnut+Hill+Flower+%26+Garden/data=!4m7!3m6!1s0x89c6b99edbec3693:0x6d496f24b4dfb8ac!8m2!3d40.0669647!4d-75.1962967!16s%2Fg%2F1tgny568!19sChIJkzbs2565xokRrLjftCRvSW0,Chestnut Hill Flower & Garden,4.3,183,Florist,"7639 Germantown Ave #41, Philadelphia, PA 19118, United States","3R83+QF Philadelphia, Pennsylvania, USA",http://www.offarms.com/,+1 215-247-3060,Open · Closes 6 pm,,,https://lh3.googleusercontent.com/gps-cs-s/APNQkAEWJW2b7mxGngjt0_i5yOo-pv11knyJ303dKR7IsgwqFr58YGpMc4056gzabc3dHbQDy4N6EMHP_YZw6osGV6U9Mukf-CKFDxRDnRJFLh74xeKRRdOfS0FJmOr5jACViKWPyhLp6Q=w408-h306-k-no,false,9 am–6 pm,9 am–6 pm,9 am–6 pm,9 am–6 pm,9 am–6 pm,Closed,9 am–6 pm,"https://www.google.com/maps/search/commercial+landscaping+businesses+in+Chestnut+Hill+Philadelphia+PA/@40.0703334,-75.2070644,14z",2026-04-29T20:04:16.077Z,· Delivery,
https://www.google.com/maps/place/Nightfall+Landscape+Lighting+Company/data=!4m7!3m6!1s0x89c6ba21e776c133:0xe890b9080c2067f4!8m2!3d40.0854627!4d-75.1784219!16s%2Fg%2F1tfb2yys!19sChIJM8F25yG6xokR9GcgDAi5kOg,Nightfall Landscape Lighting Company,5.0,7,Landscape lighting designer,"7630 W Cheltenham Ave #1, Wyndmoor, PA 19038, United States","3RPC+5J Wyndmoor, Pennsylvania, USA",http://nightfalllighting.com/,+1 215-836-1210,Closes soon · 5 pm · Opens 8 am Thu,,,https://lh3.googleusercontent.com/gps-cs-s/APNQkAHcWHXVNC_-yHi-ehEPtXENQwra-yId_k8zM2-6TezKAWSTJDqp-JBpu3on332_Jk6tG3JnmTOLLEl893r9UVRRDQX532vgYSOxPUaj_9yPIst4BGRwxknxXCtvexdk2u7xeSKj=w408-h272-k-no,true,8 am–5 pm,8 am–5 pm,8 am–5 pm,8 am–5 pm,Closed,8 am–5 pm,8 am–5 pm,"https://www.google.com/maps/search/commercial+landscaping+businesses+in+Chestnut+Hill+Philadelphia+PA/@40.0703334,-75.2070644,14z",2026-04-29T20:04:20.930Z,,
"https://www.google.com/maps/place/A+Cut+Above+Landscape+%26+Home+Repair,+LLC/data=!4m7!3m6!1s0x89c6b93d1cf787b7:0xa1d1b9d436dc2934!8m2!3d40.076118!4d-75.1695751!16s%2Fg%2F11jqpbjt0s!19sChIJt4f3HD25xokRNCncNtS50aE","A Cut Above Landscape & Home Repair, LLC",2.3,3,Landscaper,"8116 Michener Ave, Philadelphia, PA 19150, United States","3RGJ+C5 Philadelphia, Pennsylvania, USA",,+1 215-251-8983,Closed · Opens 7:30 am Thu,Identifies as women-owned,true,https://lh3.googleusercontent.com/gps-cs-s/APNQkAFbPWwNx-x91XDKZsiNdonvwYIbUHDHqMYvAUuZEJdhgCf0YCtCvoTmSPxEAi227vaq3Sns2g7TETtxdcNen7wHgkV51uGKyD5Mzsg86b3ra1C2uYSzN--OzFX4tfEvfGVHP-k=w408-h544-k-no,true,7:30–8 am,7:30 am–7 pm,7:30 am–7 pm,7 am–5 pm,Closed,7:30 am–8 pm,7:30 am–8 pm,"https://www.google.com/maps/search/commercial+landscaping+businesses+in+Chestnut+Hill+Philadelphia+PA/@40.0703334,-75.2070644,14z",2026-04-29T20:04:25.948Z,,
https://www.google.com/maps/place/Garcia+Pro+Services/data=!4m7!3m6!1s0x89c6bb361495b435:0x6df969d678d87a14!8m2!3d40.10697!4d-75.159517!16s%2Fg%2F11pxkf70g9!19sChIJNbSVFDa7xokRFHrYeNZp-W0,Garcia Pro Services,5.0,3,Lawn care service,,,https://eddieg2153.wixsite.com/garciaproservices,+1 267-277-3358,Closes soon · 5 pm · Opens 8 am Thu,,,https://lh3.googleusercontent.com/gps-cs-s/APNQkAHmW8PMC7gqxQwvFjXUn8wLnL-HfZ1ebukOUC7BsAGWJcr3JMrdmodNq7TrTwCMyMesdje594mC4p7ykBIRZftonzwhfrjIrIp4rHgblcW2t_BKiqReBnN_6g6kkffgt-n0sy0=w408-h544-k-no,true,8 am–5 pm,8 am–5 pm,8 am–5 pm,8 am–5 pm,Closed,8 am–5 pm,8 am–5 pm,"https://www.google.com/maps/search/commercial+landscaping+businesses+in+Chestnut+Hill+Philadelphia+PA/@40.0703334,-75.2070644,14z",2026-04-29T20:04:30.637Z,,
https://www.google.com/maps/place/Sustainable+Lawn+Care+Services/data=!4m7!3m6!1s0x5960fde5fa1f76f:0xb41cba490df768bd!8m2!3d40.0928706!4d-75.2586637!16s%2Fg%2F11qgjrxqyt!19sChIJb_ehX94PlgURvWj3DUm6HLQ,Sustainable Lawn Care Services,5.0,48,Lawn care service,"4024 Center Ave, Lafayette Hill, PA 19444, United States","3PVR+4G Lafayette Hill, Whitemarsh Township, PA, USA",http://sustainablelawncareservices.com/,+1 484-202-0804,Closes soon · 5 pm · Opens 8 am Thu,,,https://lh3.googleusercontent.com/gps-cs-s/APNQkAFrf8ua4FPrTUn6Y2W9MrrYX3ZOVkqP4YE63p7dRGrsRAj3vzRt4Ke2KBU7EoiW06eAGhjywiQMYcgmkv8j0MAguVUDnuM88Esn7KTGb0UZyHvAjzn5Ou8IIYcGz-E8TiNorhrylw=w579-h240-k-no,true,8 am–5 pm,8 am–5 pm,8 am–5 pm,Closed,Closed,8 am–5 pm,8 am–5 pm,"https://www.google.com/maps/search/commercial+landscaping+businesses+in+Chestnut+Hill+Philadelphia+PA/@40.0703334,-75.2070644,14z",2026-04-29T20:04:35.503Z,,
https://www.google.com/maps/place/Gras+Lawn/data=!4m7!3m6!1s0x89c14d661dd902d3:0x2513370e4b2c1baa!8m2!3d40.059557!4d-74.917606!16s%2Fg%2F11ydqsgj_q!19sChIJ0wLZHWZNwYkRqhssSw43EyU,Gras Lawn,,,Landscaper,"703 Van Rossum Ave, Beverly, NJ 08010, United States","335J+RX Beverly, New Jersey, USA",https://graslawn.com/,+1 888-679-4727,Closes soon · 5 pm · Opens 9 am Thu,,,https://lh3.googleusercontent.com/gps-cs-s/APNQkAF62437TnvXuSt_-HWP_esek4oS1WlOvFYVwKXjmk2sLBlbqk4PedobMdE5rAOhbBzJtb6ueuUyLLfC9NFytNhahewSNqgxUU2yg4_3VCebbIsGdxhOyhA1DInu8T46yM41J1gzfJyE4yE=w408-h306-k-no,true,9 am–5 pm,9 am–5 pm,9:30 am–5 pm,Closed,Closed,9 am–5 pm,9 am–5 pm,"https://www.google.com/maps/search/commercial+landscaping+businesses+in+Chestnut+Hill+Philadelphia+PA/@40.0703334,-75.2070644,14z",2026-04-29T20:04:40.112Z,,
https://www.google.com/maps/place/InFocus+Planning/data=!4m7!3m6!1s0x89c6b984c41b0551:0x38f14247d14e9e49!8m2!3d40.072767!4d-75.1950922!16s%2Fg%2F11clydjssd!19sChIJUQUbxIS5xokRSZ5O0UdC8Tg,InFocus Planning,5.0,1,Landscape architect,"7715 Crittenden St #343, Philadelphia, PA 19118, United States","3RF3+4X Philadelphia, Pennsylvania, USA",http://infocusplanning.com/,+1 267-336-7411,,,,https://streetviewpixels-pa.googleapis.com/v1/thumbnail?panoid=zD4Z9GTkvpSGgDU7kfqdOA&cb_client=search.gws-prod.gps&w=408&h=240&yaw=233.68471&pitch=0&thumbfov=100,false,,,,,,,,"https://www.google.com/maps/search/commercial+landscaping+businesses+in+Chestnut+Hill+Philadelphia+PA/@40.0703334,-75.2070644,14z",2026-04-29T20:04:42.708Z,,
https://www.google.com/maps/place/Eckstraordinary+Landscaping/data=!4m7!3m6!1s0x89c6bf82edb8773b:0x75e5dcacbbd495ed!8m2!3d40.0865046!4d-75.2538074!16s%2Fg%2F11pwq3qsds!19sChIJO3e47YK_xokR7ZXUu6zc5XU,Eckstraordinary Landscaping,5.0,1,Landscaper,"Eckstraordinary Landscaping, Lafayette Hill, PA 19444, United States","3PPW+JF Lafayette Hill, Whitemarsh Township, PA, USA",https://eckstraodinarylandscaping.com/,+1 215-768-3218,Open · Closes 6 pm,,,https://lh3.googleusercontent.com/gps-cs-s/APNQkAH_1913p3hQXh5W7xLZRfzkQZHwvmsHO1pKdbTf_5vdCGbJDYgW1TubkX-cDay0nBm2R4BDB56JmTpjlRWsmezY4VT09tnY2kgioyribNqsZmFXLqD9_vCTDplnNMSg1xoLeQ_7=w408-h408-k-no,true,7 am–6 pm,7 am–6 pm,7 am–6 pm,Closed,Closed,7 am–6 pm,7 am–6 pm,"https://www.google.com/maps/search/commercial+landscaping+businesses+in+Chestnut+Hill+Philadelphia+PA/@40.0703334,-75.2070644,14z",2026-04-29T20:04:47.744Z,,
https://www.google.com/maps/place/Sabia+Landscaping+%26+Tree+Service/data=!4m7!3m6!1s0x89c6a12fec3e0edb:0xd3d59d21821fba5f!8m2!3d40.1003844!4d-75.1511941!16s%2Fg%2F1wbg0c5h!19sChIJ2w4-7C-hxokRX7ofgiGd1dM,Sabia Landscaping & Tree Service,4.2,68,Landscaper,"115 E Glenside Ave UNIT 9, Glenside, PA 19038, United States","4R2X+5G Glenside, Pennsylvania, USA",https://www.sabialandscaping.com/,+1 215-822-3886,Open 24 hours,,,https://lh3.googleusercontent.com/gps-cs-s/APNQkAHKACtyjxTUVA8p73BH2vJCtneMDLVLMNpZ_On837lD9K35Yk5zXolZTktwcEHnyysR1qoaZscPHIbZ8n6tkEGp4uUt1uLV6pmTWt3wAL7DOpq9Uw_peoZAbUzr26JUjNc-0TMI=w426-h240-k-no,true,Open 24 hours,Open 24 hours,Open 24 hours,Open 24 hours,Open 24 hours,Open 24 hours,Open 24 hours,"https://www.google.com/maps/search/commercial+landscaping+businesses+in+Chestnut+Hill+Philadelphia+PA/@40.0703334,-75.2070644,14z",2026-04-29T20:04:52.797Z,,
https://www.google.com/maps/place/Primex+Garden+Center/data=!4m7!3m6!1s0x89c6ba7156c3a84b:0x30f0f8d77b64db6!8m2!3d40.1046852!4d-75.1609236!16s%2Fg%2F1trpm4lx!19sChIJS6jDVnG6xokRtk22d40PDwM,Primex Garden Center,4.7,445,Garden center,"435 W Glenside Ave, Glenside, PA 19038, United States","4R3Q+VJ Glenside, Pennsylvania, USA",http://primexgardencenter.com/,+1 215-887-7500,"Open · Closes 5:30 pm

Updated by this business 8 weeks ago",LGBTQ+ friendly,,https://lh3.googleusercontent.com/gps-cs-s/APNQkAHleYVSKpED7M9uOxbLzJysbJYkDeTaR97lMADtU39aalmi92dzRAvAtdcszFHMBBbZ2LkppsP6BTLOI5lqi2awah5JNV2zQtNrG5dDDCF-yD-df10AeYdAJOgKShwuW7DXpWlDrw=w408-h408-k-no,true,7:30 am–5:30 pm,7:30 am–5:30 pm,7:30 am–5:30 pm,9 am–5 pm,9 am–5 pm,7:30 am–5:30 pm,7:30 am–5:30 pm,"https://www.google.com/maps/search/commercial+landscaping+businesses+in+Chestnut+Hill+Philadelphia+PA/@40.0703334,-75.2070644,14z",2026-04-29T20:04:57.708Z,"Veteran nursery & greenhouse for locally sourced plants, plus tools & organic gardening products. · In-store shopping · Delivery",
https://www.google.com/maps/place/Asencio+Landscaping+LLC/data=!4m7!3m6!1s0x89c6bb88be2057e3:0xdec68e622829920e!8m2!3d40.0955254!4d-75.200419!16s%2Fg%2F11wqrkj6qr!19sChIJ41cgvoi7xokRDpIpKGKOxt4,Asencio Landscaping LLC,,,Landscape designer,"1302 Stotesbury Ave, Wyndmoor, PA 19038, United States","3QWX+6R Wyndmoor, Pennsylvania, USA",,+1 267-312-8588,Open · Closes 6 pm,,,https://lh3.googleusercontent.com/gps-cs-s/APNQkAExcd9W4AWsAWP98Lz9pAzR5pxvAjeF9j_VxAHbx4cpY9I0oVxTn6NCPFkVt318T3IcgiqlOfYwf9mmO1PmE5WhUAXmR5kkH-ricqbCpsx3vbr7QQ7wDLIi8Jrm3gDBMuVkOIs=w408-h544-k-no,true,7 am–6 pm,7 am–6 pm,7 am–4 pm,8 am–3 pm,8 am–12 pm,7 am–6 pm,7 am–6 pm,"https://www.google.com/maps/search/commercial+landscaping+businesses+in+Chestnut+Hill+Philadelphia+PA/@40.0703334,-75.2070644,14z",2026-04-29T20:05:02.444Z,,
https://www.google.com/maps/place/Garrett+Churchill+A+Landscape+Company/data=!4m7!3m6!1s0x89c6b048fd8ea89b:0xd3b76f76c163a72b!8m2!3d40.148269!4d-75.1094905!16s%2Fg%2F1wd3w_nm!19sChIJm6iO_UiwxokRK6djwXZvt9M,Garrett Churchill A Landscape Company,4.8,53,Landscaper,"522 Davisville Rd, Willow Grove, PA 19090, United States","4VXR+86 Willow Grove, Pennsylvania, USA",https://garrettchurchill.com/?utm_source=LOCAL&utm_medium=ORGANIC&utm_campaign=GMB,+1 215-657-9160,Closes soon · 4:30 pm · Opens 8:30 am Thu,,,https://lh3.googleusercontent.com/gps-cs-s/APNQkAGPH-e_kntVKUcIG-6DVR5FaQ21skSc8pLvPNZXZ3jZWBi7y-0GRPD1Zbb0IK0QdOm2xYmqvRV1XsQYkTUQo_ZMoI0mxY79A97ArjUEyfqjzejQT0OTr8fJcMe3g8AevxXL9vYa=w408-h306-k-no,true,8:30 am–4:30 pm,8:30 am–4:30 pm,8:30 am–4:30 pm,Closed,Closed,8:30 am–4:30 pm,8:30 am–4:30 pm,"https://www.google.com/maps/search/commercial+landscaping+businesses+in+Chestnut+Hill+Philadelphia+PA/@40.0703334,-75.2070644,14z",2026-04-29T20:05:07.268Z,,
"https://www.google.com/maps/place/Perrone+Landscaping,+LLC/data=!4m7!3m6!1s0x89c6ba7dd09e53fd:0xf00a7279dcc30b87!8m2!3d40.1175603!4d-75.1608166!16s%2Fg%2F11c6cy342t!19sChIJ_VOe0H26xokRhwvD3HlyCvA","Perrone Landscaping, LLC",5.0,14,Landscaper,"506 Central Ave, Glenside, PA 19038, United States","4R9Q+2M Glenside, Pennsylvania, USA",,+1 215-595-5911,Open · Closes 7 pm,,,https://lh3.googleusercontent.com/gps-cs-s/APNQkAH_ppDOBF7phlv-5OeTLXCuKPAetpexYC9omJzh5Y_lNn1USi-VBn5_5493BqAyHvLN5B6X3ElW6EKC6S7MvrTubEApYIyVMxeNK9hHVDqnzLIn_lIL4V2nAt58CA-QZrkwNH9ZFV8VjSLY=w408-h544-k-no,true,7 am–7 pm,7 am–7 pm,7 am–7 pm,8 am–4 pm,8 am–4 pm,7 am–7 pm,7 am–7 pm,"https://www.google.com/maps/search/commercial+landscaping+businesses+in+Chestnut+Hill+Philadelphia+PA/@40.0703334,-75.2070644,14z",2026-04-29T20:05:12.227Z,,
"https://www.google.com/maps/place/Triad+Tree+Care+%26+Landscape+Group,+LLC/data=!4m7!3m6!1s0x89c6b108f60b68b5:0xf435073768d24d0b!8m2!3d40.1061539!4d-75.1433003!16s%2Fg%2F11j8wttnh1!19sChIJtWgL9gixxokRC03SaDcHNfQ","Triad Tree Care & Landscape Group, LLC",4.7,34,Tree service,"452 Abington Ave, Glenside, PA 19038, United States","4V44+FM Glenside, Pennsylvania, USA",http://www.triadlandscapegroup.com/,+1 267-970-8987,Open · Closes 7 pm,,,https://lh3.googleusercontent.com/gps-cs-s/APNQkAGh2VscMydW0tR4irVjPwsqGLHQaI-ESxYFgZZrxrvEk9joq4f-UWF3Sjp-HM-kw7IEse9PDEgIfEuFZIc-ux66prt1IhmeT2DW4mPM1ua3cfTYXaBqX8Cxttb5nonQJoJU46PYcQ=w408-h408-k-no,true,7 am–7 pm,7 am–7 pm,7 am–7 pm,7 am–7 pm,Closed,7 am–7 pm,7 am–7 pm,"https://www.google.com/maps/search/commercial+landscaping+businesses+in+Chestnut+Hill+Philadelphia+PA/@40.0703334,-75.2070644,14z",2026-04-29T20:05:17.158Z,,
https://www.google.com/maps/place/Ballance+Lawncare/data=!4m7!3m6!1s0x89c6bc03e3858f81:0x397582d498248827!8m2!3d40.095571!4d-75.2541047!16s%2Fg%2F11byl4k8qq!19sChIJgY-F4wO8xokRJ4gkmNSCdTk,Ballance Lawncare,5.0,10,Lawn care service,"4062 N Warner Rd, Lafayette Hill, PA 19444, United States","3PWW+69 Lafayette Hill, Whitemarsh Township, PA, USA",http://ballancelawncare.com/,+1 610-733-2259,Open · Closes 7 pm,,,https://lh3.googleusercontent.com/gps-cs-s/APNQkAEgkyU80mcrBH99eUvSUZrjXVdd_I-s3iEOAtke33T7m_36xhYUf60nQoQ7AU3Mr-ReJL_YnpIPbqOD_uAidRqecilSfB4HVqPP5sRwjOd7kU-5IB3-DK_OeNsj-p43dONeahjObyIL0To=w408-h544-k-no,false,7 am–7 pm,7 am–7 pm,7 am–7 pm,7 am–7 pm,7 am–7 pm,7 am–7 pm,7 am–7 pm,"https://www.google.com/maps/search/commercial+landscaping+businesses+in+Chestnut+Hill+Philadelphia+PA/@40.0703334,-75.2070644,14z",2026-04-29T20:05:22.055Z,,
"https://www.google.com/maps/place/Pennsylvania+Turf+Management+Co,+Part+of+Ned%27s+Home/data=!4m7!3m6!1s0x89c6b09e56768d5f:0x9747be0eb96227e1!8m2!3d40.1011878!4d-75.1517218!16s%2Fg%2F1ty756jm!19sChIJX412Vp6wxokR4SdiuQ6-R5c","Pennsylvania Turf Management Co, Part of Ned's Home",4.7,67,Lawn care service,"2262 Mt Carmel Ave, Glenside, PA 19038, United States","4R2X+F8 Glenside, Pennsylvania, USA",http://www.pennsylvaniaturf.com/?utm_source=GMB&utm_medium=local&utm_campaign=glenside_pa,+1 215-305-8983,"Open · Closes 7 pm

Updated by this business 1 week ago",,,https://lh3.googleusercontent.com/gps-cs-s/APNQkAF4KQ6781S1cGWrnTaJSL1252raNiFV-hrk9P-vf2XklksdekazbmLxu1-KeGQXvutwFUiuKvZDIZRzQCdQ7l6h6gVVjdqoeZyhJ9TvCUIAABunsRL_OR5rAyhB9J2FkiJYdv7l8Lxnop4=w408-h408-k-no,true,7 am–7 pm,7 am–7 pm,7 am–7 pm,8 am–4 pm,Closed,7 am–7 pm,7 am–7 pm,"https://www.google.com/maps/search/commercial+landscaping+businesses+in+Chestnut+Hill+Philadelphia+PA/@40.0703334,-75.2070644,14z",2026-04-29T20:05:26.908Z,,
https://www.google.com/maps/place/Teva+Landscaping/data=!4m7!3m6!1s0x89c6b0d75eea829f:0x36fea8abc9ff6e5a!8m2!3d40.0827365!4d-75.1122325!16s%2Fg%2F1vnrlzns!19sChIJn4LqXtewxokRWm7_yauo_jY,Teva Landscaping,4.7,109,Landscaper,"323 Osceola Ave, Elkins Park, PA 19027, United States","3VMQ+34 Elkins Park, Pennsylvania, USA",http://www.tevalandscaping.com/,+1 215-780-1770,Closes soon · 4:30 pm · Opens 8:30 am Thu,,,https://lh3.googleusercontent.com/gps-cs-s/APNQkAFEnbrgDHP9QcH9cTif5zc_MyYyeRuDaale-eJOfKBeBFtmEhw8LAXlDtOXwG_740p7p1gYcMaef_Ap5f08NnecxRN0KkOapX-u9bdYRVyjO67AVhIz-xMn9ZwUnxgCR25i_kUkzw=w426-h240-k-no,true,8:30 am–4:30 pm,8:30 am–4:30 pm,8:30 am–4:30 pm,Closed,Closed,8:30 am–4:30 pm,8:30 am–4:30 pm,"https://www.google.com/maps/search/commercial+landscaping+businesses+in+Chestnut+Hill+Philadelphia+PA/@40.0703334,-75.2070644,14z",2026-04-29T20:05:31.849Z,,
https://www.google.com/maps/place/BD+Building+Development+LLC/data=!4m7!3m6!1s0x89c6b9e5887e6f5f:0x6843b9999e678786!8m2!3d40.0751205!4d-75.1712394!16s%2Fg%2F11vc3rlb93!19sChIJX29-iOW5xokRhodnnpm5Q2g,BD Building Development LLC,5.0,1,General contractor,"8139 Williams Ave, Philadelphia, PA 19150, United States","3RGH+2G Philadelphia, Pennsylvania, USA",,+1 215-789-1650,Open · Closes 6 pm,,,https://lh3.googleusercontent.com/gps-cs-s/APNQkAH3Q7AI5Lv8y0NB3CdFJS8R84KpvuLs_Yhh-aXZn4TPJma44X90gh9T58OQt28kCu9HH_LoTLb_EJvSg8obj_YFJLpijcosj7kkh3BBoDTMdnFCzkpK4XtDKRaMCnlXPMpA5Fhawg=w408-h306-k-no,true,7 am–6 pm,7 am–6 pm,7 am–6 pm,7 am–6 pm,Closed,7 am–6 pm,7 am–6 pm,"https://www.google.com/maps/search/commercial+landscaping+businesses+in+Chestnut+Hill+Philadelphia+PA/@40.0703334,-75.2070644,14z",2026-04-29T20:05:43.547Z,,
https://www.google.com/maps/place/Chestnut+Hill+Tower/data=!4m7!3m6!1s0x89c6b98fff21e0e3:0x2ea1137f082db329!8m2!3d40.0732581!4d-75.1906974!16s%2Fg%2F1xgzcr4x!19sChIJ4-Ah_4-5xokRKbMtCH8ToS4,Chestnut Hill Tower,3.2,135,Apartment complex,"7600 Stenton Ave, Philadelphia, PA 19118, United States","3RF5+8P Philadelphia, Pennsylvania, USA",https://www.eaglerockproperties.com/apartments/pa/philadelphia/chestnut-hill-tower/?utm_source=GBP&utm_medium=organic,+1 267-297-2693,"Open · Closes 6 pm

Confirmed by this business 4 weeks ago",,,https://lh3.googleusercontent.com/gps-cs-s/APNQkAEpn4n1d17Q05uT3CEyw_LcGcW8QjOYJjafSzrWAmu2JY9uekahM73OCmtCxcXuOMFzjzhbqdTbu9uqpf7YLOuBWZVx1inCTFFfQdfr9iZG5Fdl9NxJGRyRacHX43SwpzokaLUPYkh1W1FR=w408-h271-k-no,true,12–6 pm,9 am–6 pm,9 am–6 pm,10 am–5 pm,12–5 pm,9 am–6 pm,9 am–6 pm,"https://www.google.com/maps/search/commercial+landscaping+businesses+in+Chestnut+Hill+Philadelphia+PA/@40.0703334,-75.2070644,14z",2026-04-29T20:05:48.499Z,· Dogs allowed,
https://www.google.com/maps/place/Shearon+Environmental+Design+Company+Inc/data=!4m7!3m6!1s0x89c6bc6d467fe521:0x2bc6239b09ef30a6!8m2!3d40.1130764!4d-75.2607412!16s%2Fg%2F1thmlyzf!19sChIJIeV_Rm28xokRpjDvCZsjxis,Shearon Environmental Design Company Inc,3.9,38,Landscaper,"5160 Militia Hill Rd, Plymouth Meeting, PA 19462, United States","4P7Q+6P Plymouth Meeting, Pennsylvania, USA",http://www.shearondesign.com/,+1 610-828-5488,Closes soon · 5 pm · Opens 6:30 am Thu,,,https://lh3.googleusercontent.com/gps-cs-s/APNQkAFP4HEiaBMM3yGB2XshdUnBO4F30aWsYlueRrHk2h2R_zX5MQoKtI9vlxBUVAMvSRw9pkx89CD04FtEaM_DDqpLQmybG5xPhfPny_AaGQKTZl6l1QhoaGmcVhGxJClj02M6hDpE=w420-h240-k-no,true,6:30 am–5 pm,6:30 am–5 pm,6:30 am–5 pm,Closed,Closed,6:30 am–5 pm,6:30 am–5 pm,"https://www.google.com/maps/search/commercial+landscaping+businesses+in+Chestnut+Hill+Philadelphia+PA/@40.0703334,-75.2070644,14z",2026-04-29T20:05:53.281Z,,
https://www.google.com/maps/place/Ingram+Lawn+%26+Garden/data=!4m7!3m6!1s0x89c6bb28b5e407d9:0x92c4c2e653ce2bff!8m2!3d40.1121888!4d-75.2139237!16s%2Fg%2F124yb16pc!19sChIJ2QfktSi7xokR_yvOU-bCxJI,Ingram Lawn & Garden,5.0,1,Landscaper,"Shop Location Only, 810 Bethlehem Pike, Flourtown, PA 19031, United States","4Q6P+VC Flourtown, Pennsylvania, USA",,+1 267-844-3733,Closes soon · 5 pm · Opens 8 am Thu,,,https://lh3.googleusercontent.com/gps-cs-s/APNQkAFUtf8WeACSiw0BJDjLjgWYJQ4r81RfgeQsXYV0haAVn-fI0y_OW6-zd46sV08eklNmbM-00sTLpJFWLUcKT4e3Q6ezdf_FQK15Db-4CBdFQC0QH5G9ymr-uj_kYrXK8p_Czrdl8g=w408-h306-k-no,true,8 am–5 pm,8 am–5 pm,8 am–4 pm,8 am–2 pm,Closed,8 am–5 pm,8 am–5 pm,"https://www.google.com/maps/search/commercial+landscaping+businesses+in+Chestnut+Hill+Philadelphia+PA/@40.0703334,-75.2070644,14z",2026-04-29T20:05:58.370Z,,
https://www.google.com/maps/place/Freedom+Property+Services+LLC/data=!4m7!3m6!1s0x89c6bc195a9603d7:0x2f6b538da277c79b!8m2!3d40.2120255!4d-75.355924!16s%2Fg%2F11gg755j18!19sChIJ1wOWWhm8xokRm8d3oo1Tay8,Freedom Property Services LLC,5.0,4,Landscaper,,,,+1 484-533-3152,Closes soon · 5 pm · Opens 9 am Thu,,,https://lh3.googleusercontent.com/gps-cs-s/APNQkAEUlYCLI4u17E0uzR1xomsemVMysbmqQrVdDRD6EMatU43DZliiHTdUaPJvCvCZ-k6Ypnv5i_qKXvjeKmOPDeCfBjEn2gK4hrcoSeUlNS505wcdUgtoXUP9q57jR2F4blwmMgdYfg=w408-h306-k-no,true,9 am–5 pm,9 am–5 pm,9 am–5 pm,Closed,Closed,9 am–5 pm,9 am–5 pm,"https://www.google.com/maps/search/commercial+landscaping+businesses+in+Chestnut+Hill+Philadelphia+PA/@40.0703334,-75.2070644,14z",2026-04-29T20:06:03.092Z,,
https://www.google.com/maps/place/Evergreen+Landscaping/data=!4m7!3m6!1s0x89c6be619a74f94f:0x4f99e1f0b87a7120!8m2!3d40.0811501!4d-75.2967446!16s%2Fg%2F1tf2yrpm!19sChIJT_l0mmG-xokRIHF6uPDhmU8,Evergreen Landscaping,4.0,12,Landscaper,"117 E 11th Ave, Conshohocken, PA 19428, United States","3PJ3+F8 Conshohocken, Pennsylvania, USA",https://evergreenlandscaping-inc.com/,+1 610-520-1742,,,,https://lh3.googleusercontent.com/gps-cs-s/APNQkAE8dKJCnqOdvuQyJoPekMANOzS4iZLSBEAtIXmmrndQ7f_uTDArb0sCzQ9lAq-KMoHncgFRU2q0ZJiajoOHE3xQ1JSJmseS0SrclT1k5XfQRodNC1td65qEY2WXA4SWbAcsWtRp=w408-h306-k-no,true,,,,,,,,"https://www.google.com/maps/search/commercial+landscaping+businesses+in+Roxborough+Philadelphia+PA/@40.0548134,-75.2420722,14z",2026-04-29T20:06:28.650Z,,
https://www.google.com/maps/place/Terramor+Landscape+Co./data=!4m7!3m6!1s0x89c6bfce9892687d:0x33fb0f4ce769ff5e!8m2!3d40.0810777!4d-75.3009609!16s%2Fg%2F11yp5qs42t!19sChIJfWiSmM6_xokRXv9p50wP-zM,Terramor Landscape Co.,5.0,2,Landscaper,"111 W 9th Ave, Conshohocken, PA 19428, United States","3MJX+CJ Conshohocken, Pennsylvania, USA",https://www.terramorlandscape.com/?utm_source=gmb&utm_medium=organic,+1 484-919-0107,Closed · Opens 8 am Thu,,,https://lh3.googleusercontent.com/gps-cs-s/APNQkAEyZMSVX21EdC13WeYE3oflFV0SrXpiei3oGXInYpWORBszmTPK8utk19D_JOw46G5byELopEhoeT7yQGmjyHY2SXH2PSV1PpPbbdsM2yzKaIpioTBD5sCTtJdsTTGKgP5HA2UU7TjB9L-V=w408-h306-k-no,true,8 am–4 pm,8 am–4 pm,8 am–4 pm,Closed,Closed,8 am–4 pm,8 am–4 pm,"https://www.google.com/maps/search/commercial+landscaping+businesses+in+Roxborough+Philadelphia+PA/@40.0548134,-75.2420722,14z",2026-04-29T20:06:33.375Z,,
https://www.google.com/maps/place/Malvern+Lawn+Care/data=!4m7!3m6!1s0x61e014079633e0c7:0x3d66aa3b055df9b7!8m2!3d40.040408!4d-75.512101!16s%2Fg%2F11t1yd6fpf!19sChIJx-AzlgcU4GERt_ldBTuqZj0,Malvern Lawn Care,5.0,154,Landscaper,"331 Old Lincoln Hwy, Malvern, PA 19355, United States","2FRQ+55 Malvern, Pennsylvania, USA",https://www.malvernlawncare.com/,+1 484-318-6936,Closes soon · 5 pm · Opens 7 am Thu,,,https://lh3.googleusercontent.com/gps-cs-s/APNQkAE2gYXlgJz-0Hqw8JOBft5RPRnhQu-STnFY1WbQ3aOjxerzRCbKBv1cZvImg4WnEzTfYb9PlTtirkWEEJ-JkSakW1foKMH_nE_0C5dFwuvCnVqzMkwPVdnexMk8jKHMFFzvuayJxVKE1PY=w408-h408-k-no,true,7 am–5 pm,7 am–5 pm,7 am–4 pm,Closed,Closed,7 am–5 pm,7 am–5 pm,"https://www.google.com/maps/search/commercial+landscaping+businesses+in+Roxborough+Philadelphia+PA/@40.0548134,-75.2420722,14z",2026-04-29T20:06:42.828Z,,
"https://www.google.com/maps/place/DeSantis+Landscaping,+Inc./data=!4m7!3m6!1s0x89c6bd4e38e84b13:0xb04f76973bfc53c4!8m2!3d40.1039684!4d-75.3200463!16s%2Fg%2F11hyzh2lsx!19sChIJE0voOE69xokRxFP8O5d2T7A","DeSantis Landscaping, Inc.",4.8,26,Landscaper,"1330 Conshohocken Rd, Conshohocken, PA 19428, United States","4M3H+HX Conshohocken, Pennsylvania, USA",http://desantislandscapinginc.com/,+1 610-539-6459,Closed · Opens 7 am Thu,,,https://lh3.googleusercontent.com/gps-cs-s/APNQkAFvpLmROta9O_EKcVjWfA05IHpeRNWNuu5lK1qcaJOPCwpYPMqVP_AZvTcYYHH4JLfJZlW3tQ1KQ9VEq1OX4vv_5CxR9HdS6lIsoYIzw2vtvot36mLz-mG6OJGDyR0FPDkhb4uT=w453-h240-k-no,true,7 am–4 pm,7 am–4 pm,7 am–4 pm,7 am–4 pm,Closed,7 am–4 pm,7 am–4 pm,"https://www.google.com/maps/search/commercial+landscaping+businesses+in+Roxborough+Philadelphia+PA/@40.0548134,-75.2420722,14z",2026-04-29T20:07:01.214Z,,
https://www.google.com/maps/place/Diamond+Hardscape+Design/data=!4m7!3m6!1s0xa8263344c5c4595f:0xb2badd01d5137976!8m2!3d40.2120255!4d-75.355924!16s%2Fg%2F11y12ms605!19sChIJX1nExUQzJqgRdnkT1QHdurI,Diamond Hardscape Design,5.0,9,Landscaper,,,,+1 835-256-5452,Open · Closes 8 pm,,,https://lh3.googleusercontent.com/gps-cs-s/APNQkAGzal0cXuPIgAl2QxDNolS4dz-MwWzedXilk0T1UHh2omjNmYHVpDBrJNDsEzGR1WSpQovWBQTy6MmH6_KZAg1nc1bQ1QnmnbA_pErB0K_wpBtxoO7xSXIfZtlTLDatJXmYkjygxOILgW4=w408-h510-k-no,true,7 am–8 pm,7 am–8 pm,7 am–8 pm,7 am–8 pm,7 am–8 pm,7 am–8 pm,7 am–8 pm,"https://www.google.com/maps/search/commercial+landscaping+businesses+in+Roxborough+Philadelphia+PA/@40.0548134,-75.2420722,14z",2026-04-29T20:07:05.869Z,,
https://www.google.com/maps/place/Matos+Landscaping/data=!4m7!3m6!1s0x69c3fd1de4a50451:0x3383891f77d62848!8m2!3d40.2120255!4d-75.355924!16s%2Fg%2F11kbbjfnj2!19sChIJUQSl5B39w2kRSCjWdx-JgzM,Matos Landscaping,5.0,30,Landscaper,,,http://matos-landscaping.com/,+1 484-362-3805,Open · Closes 6 pm,Identifies as Latino-owned,,https://lh3.googleusercontent.com/gps-cs-s/APNQkAHjWvS9019S-K0hNYMSqxuUnglb5gccCflgHZjBfEkU6bFLaxUUm2Rm1l8Yq7Z4LAvroZwfmBvl-fI2P2_LR_DiMn1mECce1MN5Km4Avas7xGO8Cr9HJ6U3ZG4YMHm61kxICV6PIq1Pt9Nc=w408-h306-k-no,true,7 am–6 pm,7 am–6 pm,7 am–6 pm,Closed,Closed,7 am–6 pm,7 am–6 pm,"https://www.google.com/maps/search/commercial+landscaping+businesses+in+Roxborough+Philadelphia+PA/@40.0548134,-75.2420722,14z",2026-04-29T20:07:17.701Z,,
"https://www.google.com/maps/place/%E2%80%8BU.S.+Lawns+-+Philadelphia/@40.1182135,-75.388295,10z/data=!3m1!4b1!4m6!3m5!1s0x89c6ba6097f4bc33:0x148b973b4cd567ce!8m2!3d40.1182135!4d-75.388295!16s%2Fg%2F1tf0rkxp",​U.S. Lawns - Philadelphia,3.8,10,Landscaper,,,https://uslawns.com/locations/pa/philadelphia/,+1 610-412-7439,Open 24 hours,,,,true,Open 24 hours,Open 24 hours,Open 24 hours,Open 24 hours,Open 24 hours,Open 24 hours,Open 24 hours,"https://www.google.com/maps/search/commercial+landscaping+businesses+in+Roxborough+Philadelphia+PA/@40.0548134,-75.2420722,14z",2026-04-29T20:07:24.361Z,,
https://www.google.com/maps/place/C.W.+Masonry%2Flandscaping/data=!4m7!3m6!1s0x89c6bff47da98f3b:0xd6648648df379181!8m2!3d40.0792766!4d-75.3015714!16s%2Fg%2F11tsk3xf3v!19sChIJO4-pffS_xokRgZE330iGZNY,C.W. Masonry/landscaping,3.0,2,Masonry contractor,"415 W Elm St, Conshohocken, PA 19428, United States","3MHX+P9 Conshohocken, Pennsylvania, USA",,+1 610-551-6954,Closes soon · 5 pm · Opens 7 am Thu,,,https://lh3.googleusercontent.com/gps-cs-s/APNQkAGu3vDy9VlM-ETc0urDDBZuSANk9jgl9ZvwG_v18d2WyX6Qn43EJxzO9V7R4a0-6LE1XAbTjq_vbw2VpGjt2JDzx03_jdRAppnijkdoP8j5f71yBTz-B79wLw9cOfcrd1Lz1pQKcQ=w408-h544-k-no,true,7 am–5 pm,7 am–5 pm,7 am–5 pm,7 am–1 pm,8 am–1 pm,7 am–5 pm,7 am–5 pm,"https://www.google.com/maps/search/commercial+landscaping+businesses+in+Roxborough+Philadelphia+PA/@40.0548134,-75.2420722,14z",2026-04-29T20:07:35.990Z,,
https://www.google.com/maps/place/GGF+Landscape+Group/data=!4m7!3m6!1s0x89c6bbadf50bf859:0xa02e0b26e90d0ff4!8m2!3d40.118507!4d-75.1884016!16s%2Fg%2F11f3x7z3lp!19sChIJWfgL9a27xokR9A8N6SYLLqA,GGF Landscape Group,4.5,8,Landscape designer,"136 Lorraine Ave, Oreland, PA 19075, United States","4R96+CJ Oreland, Pennsylvania, USA",http://ggflandscapegroup.com/,+1 215-421-0540,Closes soon · 5 pm · Opens 7 am Thu,,,https://lh3.googleusercontent.com/gps-cs-s/APNQkAHWzSLVUnf4MfjWSKaZXzpaFwxH72nWwovhJ26p_DDHq9__6p72aoHpHe2e3j3TpVozBa2CKxknLrQHnlJXpXMUGzeDbBrZtnc9N2Clq8WpkFsnIyHCzGnM3UqLaC2HdkE5TN_q=w408-h544-k-no,true,7 am–5 pm,7 am–5 pm,7 am–5 pm,7 am–5 pm,Closed,7 am–5 pm,7 am–5 pm,"https://www.google.com/maps/search/commercial+landscaping+businesses+in+Roxborough+Philadelphia+PA/@40.0548134,-75.2420722,14z",2026-04-29T20:07:40.868Z,,
,,,,,,,,,,,,,,,,,,,,,"https://www.google.com/maps/search/commercial+landscaping+businesses+in+Northern+Liberties+Philadelphia+PA/@39.9636917,-75.1399443,14z",2026-04-29T20:08:08.017Z,,No new results found
https://www.google.com/maps/place/Stokes+%26+Sons+Construction/data=!4m7!3m6!1s0x89c6b75a278e2589:0x2cf5c705b5c8430a!8m2!3d40.0320309!4d-75.1422285!16s%2Fg%2F12hm6xv6q!19sChIJiSWOJ1q3xokRCkPItQXH9Sw,Stokes & Sons Construction,4.7,10,Masonry contractor,"1167 Windrim Ave, Philadelphia, PA 19141, United States","2VJ5+R4 Philadelphia, Pennsylvania, USA",,+1 223-243-8716,Closes soon · 5 pm · Opens 7 am Thu,,,https://lh3.googleusercontent.com/gps-cs-s/APNQkAHRkk3vf5CE13Cfe237jcdbvvSMy8X2nxPn6U8Jk5r0OQFcugsu1xxC6uT6TgF02dkY_ON4NoEMhy0uQSXF6mNn90Kw1pD--P0udrlt36yFzTJr53Na7c76aCUg2Yf-gqyr-coT=w408-h839-k-no,false,7 am–5 pm,7 am–5 pm,7 am–5 pm,7 am–5 pm,Closed,7 am–5 pm,7 am–5 pm,"https://www.google.com/maps/search/commercial+landscaping+businesses+in+Mount+Airy+Philadelphia+PA/@40.058403,-75.1894155,14z",2026-04-29T20:08:37.276Z,,
https://www.google.com/maps/place/Grace+in+the+Garden/data=!4m7!3m6!1s0x89c6b77f42e521ff:0x8941f57c5890d755!8m2!3d40.002498!4d-75.1180146!16s%2Fg%2F11qnkc29jp!19sChIJ_yHlQn-3xokRVdeQWHz1QYk,Grace in the Garden,5.0,11,Landscape designer,,,http://graceinthegarden.org/,+1 267-597-9052,Open · Closes 6 pm,LGBTQ+ friendly,,https://lh3.googleusercontent.com/gps-cs-s/APNQkAFNWv5vV5ijy7vNN80ON1icCQaPLvY8b70sF2YQOTi7WSGyN1hzeVhIJ0BTXmYdYXzoCX4RABc8iaNZmAYpwwNAuNAc7_GUfmvcp0Utk89ZhcWvRPbqz-LUOFzALqonTptbIA07Zt6mawM=w408-h306-k-no,true,7 am–6 pm,7 am–6 pm,7 am–6 pm,7 am–5 pm,Closed,7 am–6 pm,7 am–6 pm,"https://www.google.com/maps/search/commercial+landscaping+businesses+in+Mount+Airy+Philadelphia+PA/@40.058403,-75.1894155,14z",2026-04-29T20:08:41.964Z,,
https://www.google.com/maps/place/Righthand+Landscaping+LLC/data=!4m7!3m6!1s0x2c954e8841fecd09:0xcd4629dab1935fef!8m2!3d40.002498!4d-75.1180146!16s%2Fg%2F11lv46hhnn!19sChIJCc3-QYhOlSwR71-TsdopRs0,Righthand Landscaping LLC,5.0,5,Landscaper,,,https://righthandlandscaping.org/,+1 267-441-9649,Closes soon · 5 pm · Opens 7 am Thu,,true,https://lh3.googleusercontent.com/gps-cs-s/APNQkAHUwo09UEsItiBqq0P8x042e3CDKMReBNHSUuHr-kCwVsY89nyRg3XmwGDNWrZqVtoOnFJCD6v-skSF85kc_wgu70TkNbODQUGw2hudbt20SN5PuihtiPUFcPbMaMv3rjPP7YVTW2H5tBw8=w408-h884-k-no,true,7 am–5 pm,7 am–5 pm,7 am–5 pm,Closed,Closed,7 am–5 pm,7 am–5 pm,"https://www.google.com/maps/search/commercial+landscaping+businesses+in+Mount+Airy+Philadelphia+PA/@40.058403,-75.1894155,14z",2026-04-29T20:08:46.625Z,,
https://www.google.com/maps/place/Gm+landscaping+construction+llc/data=!4m7!3m6!1s0x8a7a80a76e3fb621:0xfdb1869aef15f75a!8m2!3d40.0363095!4d-75.1277884!16s%2Fg%2F11w36mzgng!19sChIJIbY_bqeAeooRWvcV75qGsf0,Gm landscaping construction llc,5.0,3,Landscaper,"301 W Olney Ave, Philadelphia, PA 19120, United States","2VPC+GV Philadelphia, Pennsylvania, USA",http://www.gmlandscapingconstructionsllc.com/,+1 267-844-9163,"Closes soon · 5 pm · Opens 8 am Thu

Updated by this business 1 week ago",LGBTQ+ friendly,,https://lh3.googleusercontent.com/gps-cs-s/APNQkAHGJWNwfxdrQSEZ_kQ0xNE-LTwB5TUCcbNYBo_-wSm_4VeDxenlCwa7BoCMxraBLVdSnMvSyeHM3IbnnyUAY54Zb0f6bvTNi1g6yolULtbW5WoNyxznh9d-5szL2wstLiZHuALhoy49WbY=w408-h306-k-no,true,8 am–5 pm,8 am–5 pm,8 am–5 pm,9 am–4 pm,Closed,8 am–5 pm,8 am–5 pm,"https://www.google.com/maps/search/commercial+landscaping+businesses+in+Mount+Airy+Philadelphia+PA/@40.058403,-75.1894155,14z",2026-04-29T20:08:51.782Z,,
https://www.google.com/maps/place/Like+Paradise+Property+Management+llc/data=!4m7!3m6!1s0x89c6b77aa306a9ab:0x3e8d28df1890c09f!8m2!3d46.423669!4d-129.9427086!16s%2Fg%2F11k2q7srbh!19sChIJq6kGo3q3xokRn8CQGN8ojT4,Like Paradise Property Management llc,4.8,18,Landscaper,,,,+1 215-475-1084,Closes soon · 5 pm · Opens 8 am Thu,,true,https://lh3.googleusercontent.com/gps-cs-s/APNQkAFTul28b7PMMP9uEo0YYP3fuAyHA0AffW4BFMvxNvHFDOHqUKG9egxx4fQ3vKXQ7FMZSyy8crloZXxNyLBTjbd_KPhuJ5eagCqoqvypb2XB_Njfuo1hTdH1bpzdIDjAVoBmQrLYjQ=w408-h544-k-no,true,8:30 am–5 pm,8 am–5 pm,8 am–5 pm,8 am–5 pm,Closed,8 am–5 pm,8 am–5 pm,"https://www.google.com/maps/search/commercial+landscaping+businesses+in+Mount+Airy+Philadelphia+PA/@40.058403,-75.1894155,14z",2026-04-29T20:08:56.426Z,,
https://www.google.com/maps/place/Garcia+Gt+Landscaping+%26+Hardscaping+LLC/data=!4m7!3m6!1s0x89c6b7febea4567d:0x687c4014ed3c8ef!8m2!3d40.002498!4d-75.1180146!16s%2Fg%2F11zj112qf2!19sChIJfVakvv63xokR78jTTgHEhwY,Garcia Gt Landscaping & Hardscaping LLC,5.0,7,Landscaper,,,https://garciagt.com/,+1 267-991-3437,Open · Closes 8 pm,LGBTQ+ friendly,,https://lh3.googleusercontent.com/gps-cs-s/APNQkAGamNUFGu2S3SVIDl80R2R9VKXPWwkeZHqm93uF6Q4KW6b7kz50Qg4KyFtGC98xYQQCEbdLIpn1goQbYKqXqhKWglc4kxLwNe1nwFtJxXZlLvZEEJBcvFYRDC4qzq5RqLtcTIFJIVsnKmx2=w426-h240-k-no,true,7 am–8 pm,7 am–8 pm,7 am–8 pm,7 am–8 pm,7 am–8 pm,7 am–8 pm,7 am–8 pm,"https://www.google.com/maps/search/commercial+landscaping+businesses+in+Mount+Airy+Philadelphia+PA/@40.058403,-75.1894155,14z",2026-04-29T20:09:01.146Z,,
https://www.google.com/maps/place/CNC+Landscaping/data=!4m7!3m6!1s0xc2a758423e5d9d9:0xa0c79ed13bf6c215!8m2!3d40.1245055!4d-75.3262725!16s%2Fg%2F11n40sxf1h!19sChIJ2dnlI4R1KgwRFcL2O9Gex6A,CNC Landscaping,5.0,4,Landscaper,,,https://www.cncarellc.com/,+1 215-960-6019,Closes soon · 5 pm · Opens 9 am Thu,,,https://lh3.googleusercontent.com/gps-cs-s/APNQkAFGRC60saLXllj-1TD7Mh5l1TGpzZZgzC69c8x7QBo6uUb9r2gMDFhtqCgsMBFHOiGY-6tQRMbO9QfkZ7O_z94O16-i4duKqv-OM4vdAvw0CP-YNP_xaeCYNGDbSj2VzvP9wM6y5rH9SamV=w408-h544-k-no,true,9 am–5 pm,9 am–5 pm,9 am–5 pm,9 am–5 pm,9 am–5 pm,9 am–5 pm,9 am–5 pm,"https://www.google.com/maps/search/commercial+landscaping+businesses+in+Mount+Airy+Philadelphia+PA/@40.058403,-75.1894155,14z",2026-04-29T20:09:05.891Z,,
https://www.google.com/maps/place/Prestige+Tree+Service/data=!4m7!3m6!1s0x89c6b59a8bfe59f7:0x419c6a1e715cd26e!8m2!3d40.013632!4d-75.062077!16s%2Fg%2F11gyz3znhs!19sChIJ91n-i5q1xokRbtJccR5qnEE,Prestige Tree Service,4.4,76,Tree service,"5635 Tulip St, Philadelphia, PA 19124, United States","2W7Q+F5 Philadelphia, Pennsylvania, USA",https://prestigetreesservices.com/,+1 215-770-1372,Open · Closes 6 pm,,,https://lh3.googleusercontent.com/gps-cs-s/APNQkAHZOQJUhvFdKnZXdKpirpGN9wJP-YDDwGlqmwe1XETbY4QKCr3083kB0HOV5HpxYKeXVxin3cs8Dp8U7MHJvWQ01QBRi9QvQ1zme8EIKW6iSLx29MrXehG_Hp95nyFwNDQVEKsH=w408-h306-k-no,true,7 am–6 pm,7 am–6 pm,7 am–6 pm,7 am–6 pm,Closed,7 am–6 pm,7 am–6 pm,"https://www.google.com/maps/search/commercial+landscaping+businesses+in+Mount+Airy+Philadelphia+PA/@40.058403,-75.1894155,14z",2026-04-29T20:09:10.657Z,,
"https://www.google.com/maps/place/PosScapes+Horticultural+Solutions/@40.0934245,-75.1589754,13z/data=!3m1!4b1!4m6!3m5!1s0x648306ccfc6b7cd7:0xcce53755f7948a77!8m2!3d40.0934245!4d-75.1589754!16s%2Fg%2F11txzxfyds",PosScapes Horticultural Solutions,5.0,1,Landscape designer,,,http://posscapes.com/,,Open · Closes 6 pm,,,,true,8 am–6 pm,8 am–6 pm,8 am–6 pm,Closed,Closed,8 am–6 pm,8 am–6 pm,"https://www.google.com/maps/search/commercial+landscaping+businesses+in+Mount+Airy+Philadelphia+PA/@40.058403,-75.1894155,14z",2026-04-29T20:09:17.554Z,,
https://www.google.com/maps/place/JACK%27S+PUGSCAPING+LLC/data=!4m7!3m6!1s0x2867a9c2408d6ad3:0xa6e9c8e6af8ab191!8m2!3d40.1601175!4d-75.1570425!16s%2Fg%2F11vqqytwp0!19sChIJ02qNQMKpZygRkbGKr-bI6aY,JACK'S PUGSCAPING LLC,4.9,33,Landscaper,,,https://www.jackspugscaping.com/,+1 267-269-3536,Open 24 hours,Identifies as women-owned,,https://lh3.googleusercontent.com/gps-cs-s/APNQkAGC6YY82Umko26wXCvpHbjXxEvH7ru_169qSxRI6ZLrMtUl81R-9mAHVb0kA4hSsF4qiqfSvPhDIRFbGZvFjEeaHJ33DtgcQsrCWeD_KBjaF4y3uMr5NXDf8KkeYmgzLzlgWRM=w408-h544-k-no,true,Open 24 hours,Open 24 hours,Open 24 hours,Open 24 hours,Open 24 hours,Open 24 hours,Open 24 hours,"https://www.google.com/maps/search/commercial+landscaping+businesses+in+Mount+Airy+Philadelphia+PA/@40.058403,-75.1894155,14z",2026-04-29T20:09:22.348Z,,
https://www.google.com/maps/place/Four+Winds+Landscaping/data=!4m7!3m6!1s0x89c6b7376772a0f5:0x96035d00c4cefecb!8m2!3d40.0653239!4d-75.126915!16s%2Fg%2F11cs4hsz02!19sChIJ9aByZze3xokRy_7OxABdA5Y,Four Winds Landscaping,4.3,11,Landscaper,"7613 Mountain Ave, Melrose Park, PA 19027, United States","3V8F+46 Melrose Park, Pennsylvania, USA",https://4windslandscaping.com/about/contact-us/,+1 215-635-1031,,,,https://streetviewpixels-pa.googleapis.com/v1/thumbnail?panoid=JfkmopbrpGyp8aqggZcpGA&cb_client=search.gws-prod.gps&w=408&h=240&yaw=89.35292&pitch=0&thumbfov=100,false,,,,,,,,"https://www.google.com/maps/search/commercial+landscaping+businesses+in+Mount+Airy+Philadelphia+PA/@40.058403,-75.1894155,14z",2026-04-29T20:09:25.101Z,,
https://www.google.com/maps/place/VZION+SOLUTIONS/data=!4m7!3m6!1s0xac412fca03d8627f:0x23bd1348d22d7bdc!8m2!3d40.0353921!4d-75.1639891!16s%2Fg%2F11xn5q_1zv!19sChIJf2LYA8ovQawR3Hst0kgTvSM,VZION SOLUTIONS,,,Landscaper,"293 E Bringhurst St, Philadelphia, PA 19144, United States","2RPP+5C Philadelphia, Pennsylvania, USA",,+1 215-397-2613,Closes soon · 5 pm · Opens 9 am Thu,,,https://streetviewpixels-pa.googleapis.com/v1/thumbnail?panoid=yKktfkIbl4mld6nU30CyoQ&cb_client=search.gws-prod.gps&w=408&h=240&yaw=326.31342&pitch=0&thumbfov=100,true,9 am–5 pm,9 am–5 pm,9 am–5 pm,Closed,Closed,9 am–5 pm,9 am–5 pm,"https://www.google.com/maps/search/commercial+landscaping+businesses+in+Mount+Airy+Philadelphia+PA/@40.058403,-75.1894155,14z",2026-04-29T20:09:29.730Z,,
https://www.google.com/maps/place/Big+jay%27s+snow+removal+%26+lawn+care+LLC/data=!4m7!3m6!1s0x89c6a9600058989d:0xcaed7df1d7d97022!8m2!3d40.0461089!4d-75.118402!16s%2Fg%2F11pxm3hlw7!19sChIJnZhYAGCpxokRInDZ1_F97co,Big jay's snow removal & lawn care LLC,4.5,68,Lawn care service,"155 E Godfrey Ave, Philadelphia, PA 19120, United States","2VWJ+CJ Philadelphia, Pennsylvania, USA",http://www.contactbigjay.com/,+1 267-237-8840,Closes soon · 5 pm · Opens 7 am Thu,LGBTQ+ friendly,,https://lh3.googleusercontent.com/gps-cs-s/APNQkAE3Xgbv3J99S6jUdq4gult7g1IqpHdJQ6i2u-d8l3cXbgUn5cdNmgUB4BfSs4jI6z0Zdu1Rc7NoVG_1nwkI1BgC1sexygpufFtob1SrOdufFlEMD_kBjuWyB6XiAB7-AM4_2FIM=w408-h306-k-no,true,7 am–5 pm,7 am–5 pm,7 am–5 pm,8 am–2 pm,Closed,7 am–5 pm,7 am–5 pm,"https://www.google.com/maps/search/commercial+landscaping+businesses+in+Mount+Airy+Philadelphia+PA/@40.058403,-75.1894155,14z",2026-04-29T20:09:34.632Z,,
https://www.google.com/maps/place/Nico+Landscaping/data=!4m7!3m6!1s0x89c6b23358d9d96d:0x2ed184be89f5bef6!8m2!3d40.1056749!4d-75.0434272!16s%2Fg%2F1v6wq8n5!19sChIJbdnZWDOyxokR9r71ib6E0S4,Nico Landscaping,4.5,2,Landscaper,"9947 Global Rd, Philadelphia, PA 19115, United States","4X44+7J Philadelphia, Pennsylvania, USA",https://www.nicolandscaping.com/,+1 215-464-4088,,,,https://streetviewpixels-pa.googleapis.com/v1/thumbnail?panoid=aIKskjbMc9pxTkg7s6CtUQ&cb_client=search.gws-prod.gps&w=408&h=240&yaw=174.52274&pitch=0&thumbfov=100,false,,,,,,,,"https://www.google.com/maps/search/commercial+landscaping+businesses+in+Mount+Airy+Philadelphia+PA/@40.058403,-75.1894155,14z",2026-04-29T20:09:37.659Z,,
https://www.google.com/maps/place/L%26L+Outdoor+Services/data=!4m7!3m6!1s0xac6316beb72f971:0x84b8ad68663f154!8m2!3d40.002498!4d-75.1180146!16s%2Fg%2F11tdnn02t_!19sChIJcfly62sxxgoRVPFjhtaKSwg,L&L Outdoor Services,5.0,1,Lawn care service,,,,+1 267-310-9482,Closed · Opens 7:30 am Thu,,,https://lh3.googleusercontent.com/gps-cs-s/APNQkAFYok8VcUENCs-sk3OCiTA9szOPsgpAHVS9mQr0YlAO5AqvGoKWXQL38VWWBfa2jzJeaAfaHjr37LW8GnD82Aveu09drMv2eil_VhToSrw5QXUJdpeXC72GhzbJmMo5C4zVtp8C3A=w408-h544-k-no,true,7:30 am–4 pm,7:30 am–4 pm,7:30 am–4 pm,8 am–1 pm,Closed,7:30 am–4 pm,7:30 am–4 pm,"https://www.google.com/maps/search/commercial+landscaping+businesses+in+Mount+Airy+Philadelphia+PA/@40.058403,-75.1894155,14z",2026-04-29T20:09:48.884Z,,
https://www.google.com/maps/place/Authentic+Landscaping/data=!4m7!3m6!1s0x24297b57c2bf357:0x3da21fad6551109a!8m2!3d39.9043695!4d-74.8370416!16s%2Fg%2F11n3c7yvd9!19sChIJV_MrfLWXQgIRmhBRZa0foj0,Authentic Landscaping,,,Landscaper,,,,+1 445-328-6006,Open · Closes 6:30 pm,,,https://lh3.googleusercontent.com/gps-cs-s/APNQkAEYKV_Obp1ieMGSh2StzLxyosWJCY7oNEAcM0LSQ1H0rpYIEc6Y1C1KehiCEKiaYKrm59YYbg3_7kNabT1hr6nffmmJj6t0TUl6Owh2nLdFgoHyNw8xoJuYjZmVc6lg31J-d2cFMTuI_b5L=w408-h260-k-no,true,9 am–6:30 pm,9 am–6:30 pm,8 am–5:30 pm,Closed,Closed,9 am–6:30 pm,9 am–6:30 pm,"https://www.google.com/maps/search/commercial+landscaping+businesses+in+Mount+Airy+Philadelphia+PA/@40.058403,-75.1894155,14z",2026-04-29T20:09:53.424Z,,
https://www.google.com/maps/place/Upscale+Detail+Landscaping+LLC/data=!4m7!3m6!1s0x89c6b974b13006bd:0x50f15d9aa6ab9cb!8m2!3d40.002498!4d-75.1180146!16s%2Fg%2F11j68740jw!19sChIJvQYwsXS5xokRy7lqqtkVDwU,Upscale Detail Landscaping LLC,3.4,7,Landscaper,,,,+1 267-227-9878,Closes soon · 5 pm · Opens 7 am Thu,,,https://lh3.googleusercontent.com/gps-cs-s/APNQkAHBWbjyV8iBZ84POWO33-SjeTK_HPOFfxl4g8MxQu-c_F3imYQx6ysIhIhlmqiuo_PL2M3l98dlq8EZpMAgm36NO0drCnxfu_DSrhTRAvsrje9OT6VctlS4z_3589uWtqj2BdraWQ=w408-h273-k-no,true,7 am–5 pm,7 am–5 pm,7 am–5 pm,7 am–5 pm,7 am–5 pm,7 am–5 pm,7 am–5 pm,"https://www.google.com/maps/search/commercial+landscaping+businesses+in+Mount+Airy+Philadelphia+PA/@40.058403,-75.1894155,14z",2026-04-29T20:09:58.040Z,,
https://www.google.com/maps/place/LawnReplacementParts/data=!4m7!3m6!1s0x89c6b7e2b5b6ce2d:0x90a9f7d64f0d3a3a!8m2!3d40.0183523!4d-75.1266042!16s%2Fg%2F11nnzhf2dp!19sChIJLc62teK3xokROjoNT9b3qZA,LawnReplacementParts,5.0,5,Landscaping supply store,"4425 Rising Sun Ave, Philadelphia, PA 19140, United States","2V9F+89 Philadelphia, Pennsylvania, USA",http://www.lawnreplacementparts.com/,+1 215-754-0116,Closes soon · 5 pm · Opens 7 am Thu,,,https://lh3.googleusercontent.com/gps-cs-s/APNQkAGQb-yfO0IUgkrIo5ut-cYE146ZMSHye_NxYZ1md4-P-JrOrVT1oAhW77Cv39op6p0gosjrw6qPUeeISshPAwIMD90bqbKXrw8I_2vC3schRNeM90HjifYBNPWDaYX3L9bwCMpJ-g=w408-h306-k-no,true,7 am–5 pm,7 am–5 pm,7 am–4 pm,7 am–12 pm,Closed,7 am–5 pm,7 am–5 pm,"https://www.google.com/maps/search/commercial+landscaping+businesses+in+Kensington+Philadelphia+PA/@39.9934039,-75.1179823,14z",2026-04-29T20:10:18.666Z,· Delivery,
https://www.google.com/maps/place/Donis+Landscaping/data=!4m7!3m6!1s0x89c6b7403fa59737:0x8b6cd869c3486a0!8m2!3d39.8612786!4d-75.4132236!16s%2Fg%2F11q1vtsx78!19sChIJN5elP0C3xokRoIY0nIbNtgg,Donis Landscaping,5.0,11,Landscaper,,,,+1 267-819-6941,Closes soon · 5 pm · Opens 8 am Thu,,,https://lh3.googleusercontent.com/gps-cs-s/APNQkAGdSpl6y5iVMDHcqXw4K7YKNglixneopkbu_VeCC2bE1ai4cA7ukQL9MJwB2B1Gm4_ZHtQ0Q_xv1AkV5wMCMDoF4kYsuvi_T0OcBG3JW86_vUoQaODlm_IUTUn9J8MPpT69Te7Q=w408-h306-k-no,true,8 am–5 pm,8 am–5 pm,8 am–5 pm,9 am–5 pm,12–5 am,8 am–5 pm,8 am–5 pm,"https://www.google.com/maps/search/commercial+landscaping+businesses+in+Kensington+Philadelphia+PA/@39.9934039,-75.1179823,14z",2026-04-29T20:10:23.695Z,,
https://www.google.com/maps/place/BEST+CHOICE+LANDSCAPING/data=!4m7!3m6!1s0x89c6b54035aa9847:0x6139be3be7525023!8m2!3d40.0355227!4d-75.0561751!16s%2Fg%2F11h07fk40h!19sChIJR5iqNUC1xokRI1BS5zu-OWE,BEST CHOICE LANDSCAPING,4.3,35,Lawn care service,"3021 Knorr St, Philadelphia, PA 19149, United States","2WPV+6G Philadelphia, Pennsylvania, USA",,+1 267-864-1450,Closes soon · 5 pm · Opens 8 am Thu,,,https://lh3.googleusercontent.com/gps-cs-s/APNQkAEHgBSXvEUO_4XXgXglXGZ1ZrYWX6aLlpypoPgYaT-4xO5pMjlo5SgUh_D_ioSo6Kew_1Ourp7cY13u5UvButg-whBwNMxm-KF7LkNZxN6AXjwV0SL9FEaRFCApW568bzBGm_QF=w408-h544-k-no,true,8 am–5 pm,8 am–5 pm,8 am–5 pm,Closed,Closed,8 am–5 pm,8 am–5 pm,"https://www.google.com/maps/search/commercial+landscaping+businesses+in+Kensington+Philadelphia+PA/@39.9934039,-75.1179823,14z",2026-04-29T20:10:28.423Z,,
https://www.google.com/maps/place/SuperiorTouchLawnCare/data=!4m7!3m6!1s0x89c6b51c01e7d893:0x9d312537d5593e51!8m2!3d40.0359023!4d-75.042196!16s%2Fg%2F11j97jb4ct!19sChIJk9jnARy1xokRUT5Z1TclMZ0,SuperiorTouchLawnCare,4.9,67,Lawn care service,"7201 Frankford Ave, Philadelphia, PA 19136, United States","2XP5+94 Philadelphia, Pennsylvania, USA",,+1 302-396-6066,Open · Closes 6 pm,,true,https://lh3.googleusercontent.com/gps-cs-s/APNQkAEo0s0vokeMg3cyIHEkPottgnJSeLFnxYvKCiG10CmdN5d2FPjS_Qo9O2I_-6-B6zu1qKGUfbKo8kZtHrns-_MIHgmzl1ACEq9GY6yn-DBqMbZZi1Z1gfsePV0Owr0m17jdtJE=w408-h271-k-no,true,7 am–6 pm,7 am–6 pm,7 am–6 pm,7 am–6 pm,7 am–6 pm,7 am–6 pm,7 am–6 pm,"https://www.google.com/maps/search/commercial+landscaping+businesses+in+Kensington+Philadelphia+PA/@39.9934039,-75.1179823,14z",2026-04-29T20:10:33.212Z,,
https://www.google.com/maps/place/Prestige+Tree+Service/data=!4m7!3m6!1s0x89c6b644de06ffff:0xa02298019bbd2e6e!8m2!3d40.0190691!4d-75.0928808!16s%2Fg%2F11p0vxrwf1!19sChIJ__8G3kS2xokRbi69mwGYIqA,Prestige Tree Service,5.0,42,Tree service,"1101 Orthodox St, Philadelphia, PA 19124, United States","2W94+JR Philadelphia, Pennsylvania, USA",http://prestigetreesservices.com/,+1 215-770-1372,Open 24 hours,,,https://lh3.googleusercontent.com/gps-cs-s/APNQkAEF7xiPO7nhGZHvy7HKXtPms3IRg1gHJ3bhWOS76HQOCAGdJsLtZaDZCw5gTZqngQuHhWhVjOceD_VKPKacEGZ3TWdHIrSho__jznAeUzyEHSwCvQcNEU0vuFzl6gqOnn6NbHYvAw=w408-h544-k-no,true,Open 24 hours,Open 24 hours,Open 24 hours,Open 24 hours,Open 24 hours,Open 24 hours,Open 24 hours,"https://www.google.com/maps/search/commercial+landscaping+businesses+in+Kensington+Philadelphia+PA/@39.9934039,-75.1179823,14z",2026-04-29T20:10:38.050Z,,
https://www.google.com/maps/place/BP+LAWN+CARE/data=!4m7!3m6!1s0x89c6b8052b5eaaab:0x5b05dd6b58a82333!8m2!3d40.009415!4d-75.1636357!16s%2Fg%2F11vhf_8rrb!19sChIJq6peKwW4xokRMyOoWGvdBVs,BP LAWN CARE,,,Landscape designer,"2123 W Venango St, Philadelphia, PA 19140, United States","2R5P+QG Philadelphia, Pennsylvania, USA",https://bplawncarellc.com/contact-us,+1 215-908-7083,Closes soon · 5 pm · Opens 9 am Thu,,,https://lh3.googleusercontent.com/gps-cs-s/APNQkAGcR5OJjAoxcMcTj5bBmwEw5qzkH4cEnatUx5OvJFpciDcWGxfSCVgVsbguYU0v_PkWHG9uBDQLuCUgZvo92apDltx9slocpYX-JW5mEzsbrIHrW4Np-mgiier7D72mhADIM9sz6InfIMt6=w426-h240-k-no,true,9 am–5 pm,9 am–5 pm,9 am–5 pm,Closed,9 am–5 pm,9 am–5 pm,9 am–5 pm,"https://www.google.com/maps/search/commercial+landscaping+businesses+in+Kensington+Philadelphia+PA/@39.9934039,-75.1179823,14z",2026-04-29T20:10:42.615Z,,
"https://www.google.com/maps/place/David+Geppert+Recycling,Inc./data=!4m7!3m6!1s0x89c6b8223727f335:0x19dd88b308c4dd39!8m2!3d40.0148877!4d-75.1587918!16s%2Fg%2F1tfbtv6m!19sChIJNfMnNyK4xokROd3ECLOI3Rk","David Geppert Recycling,Inc.",5.0,123,Dumpster rental service,"4000 Pulaski Ave, Philadelphia, PA 19140, United States","2R7R+XF Philadelphia, Pennsylvania, USA",https://geppertrecycling.com/?utm_source=google&utm_medium=organic&utm_campaign=seolocale,+1 215-842-0122,,,,https://lh3.googleusercontent.com/gps-cs-s/APNQkAFzmf1FnJHosn0h5VIG7vuGYXu05C-IFJQfDUJYzdQz8_KT50bL_2iW4LiCBVY_N6sx2tqxRcBHbJQvU2G_UYRYawZfcz3U9KayJl_68KIGF4Q60AmsXDYkeCwSk8dhC83_8HIxopuRciaz=w408-h306-k-no,true,7 am–4 pm,7 am–4 pm,7 am–4 pm,7 am–12 pm,Closed,7 am–4 pm,7 am–4 pm,"https://www.google.com/maps/search/commercial+landscaping+businesses+in+Kensington+Philadelphia+PA/@39.9934039,-75.1179823,14z",2026-04-29T20:10:47.786Z,,
https://www.google.com/maps/place/Capital+Landscaping+and+Construction+LLC/data=!4m7!3m6!1s0x89c6b7694823962f:0xe31b8fd8a0c9f7d3!8m2!3d40.0201405!4d-75.1129261!16s%2Fg%2F11pq3yf28x!19sChIJL5YjSGm3xokR0_fJoNiPG-M,Capital Landscaping and Construction LLC,,,Landscaper,"4700 Tampa St, Philadelphia, PA 19120, United States","2VCP+3R Philadelphia, Pennsylvania, USA",http://capitalis4u.com/,,Closes soon · 5 pm · Opens 9 am Thu,,,https://lh3.googleusercontent.com/gps-cs-s/APNQkAFzdwbztlOK_v8uEBHY6vzBiSur8yOmRpooj5_H1ojjqaFDMi9UePGTLdwS3mPxHzHGK10avZpjJcxAUHWABIbM4Lo33-xLrOeZesgc50JITF1OzDoYjRhJzlMGUoqb39Tkg-r9=w408-h544-k-no,true,9 am–5 pm,9 am–5 pm,9 am–5 pm,9 am–5 pm,Closed,9 am–5 pm,9 am–5 pm,"https://www.google.com/maps/search/commercial+landscaping+businesses+in+Kensington+Philadelphia+PA/@39.9934039,-75.1179823,14z",2026-04-29T20:10:52.432Z,,
https://www.google.com/maps/place/Matrix+Company+Solutions+Corp/data=!4m7!3m6!1s0x89c6b76801376e7b:0x82e8f4ce6c60c2e3!8m2!3d40.0174702!4d-75.0829034!16s%2Fg%2F11g4fqnkqs!19sChIJe243AWi3xokR48JgbM706II,Matrix Company Solutions Corp,4.1,16,Construction company,"4731 Frankford Ave, Philadelphia, PA 19124, United States","2W88+XR Philadelphia, Pennsylvania, USA",http://www.matrixgc.com/,+1 215-501-7566,Closes soon · 5 pm · Opens 8 am Thu,,,https://lh3.googleusercontent.com/gps-cs-s/APNQkAFkgZ5tGkJ3dFjIgd5Gpn7QUNxQ6kfgo8CZ0Kek5phOz8mdibGHK-KgXvcKjdV3LPtPACx6UWorFQfUmoFdKUjFRvLqz8efzLxLRSo1IRgnk3owfAdXQPoW-Ei380MPzNWyMEtlYOhd65pu=w408-h543-k-no,true,8 am–5 pm,8 am–5 pm,8 am–5 pm,10 am–5 pm,Closed,8 am–5 pm,8 am–5 pm,"https://www.google.com/maps/search/commercial+landscaping+businesses+in+Kensington+Philadelphia+PA/@39.9934039,-75.1179823,14z",2026-04-29T20:10:57.185Z,,
https://www.google.com/maps/place/Lopez+Outdoor+Innovations+LLC/data=!4m7!3m6!1s0x2c4a41748759a5eb:0x5a82d7e00ea9f55b!8m2!3d40.1648635!4d-75.4290955!16s%2Fg%2F11zknfv9mz!19sChIJ66VZh3RBSiwRW_WpDuDXglo,Lopez Outdoor Innovations LLC,,,Landscape designer,,,,+1 267-410-7352,Closes soon · 4:30 pm · Opens 8 am Thu,,,https://lh3.googleusercontent.com/gps-cs-s/APNQkAH3v5pHx698lG3kn7wm94lVwfG6ixllD6hCiolt58m620GmeMax2lo2TDO19li5AyTvg5DwdXEkJQdljw3S7KlBsMfJiW8MUE6nG1ov21p1cDCamtnlkAcmb-1_cIltdERtgk5IUiWXkBi5=w408-h306-k-no,true,8 am–4:30 pm,8 am–4:30 pm,8 am–4:30 pm,Closed,Closed,8 am–4:30 pm,8 am–4:30 pm,"https://www.google.com/maps/search/commercial+landscaping+businesses+in+Kensington+Philadelphia+PA/@39.9934039,-75.1179823,14z",2026-04-29T20:11:01.762Z,,
https://www.google.com/maps/place/WRG+TREE+%26+LANDSCAPING+LLC./data=!4m7!3m6!1s0x89c6b6ffe33d0001:0x9063f46a877ef272!8m2!3d40.0241531!4d-75.1146539!16s%2Fg%2F11hd9kjybb!19sChIJAQA94_-2xokRcvJ-h2r0Y5A,WRG TREE & LANDSCAPING LLC.,5.0,16,Arborist service,"4928 Rorer St, Philadelphia, PA 19120, United States","2VFP+M4 Philadelphia, Pennsylvania, USA",,+1 215-934-0221,Open 24 hours,,,https://lh3.googleusercontent.com/gps-cs-s/APNQkAHyImnWCzoROdjM6Vdv_cvrRtm8hIfCJZ2YqEJ_YLeIkUppW2IyGEJTMIrCBP_4jG-5qt0nQzoD5f9b4eda_MTjWRFlgpvtVTEdhsovOI0U1xKupa6AbQNWlMgb6sNp9y7Kgkia=w426-h240-k-no,true,Open 24 hours,Open 24 hours,Open 24 hours,Open 24 hours,Closed,Open 24 hours,Open 24 hours,"https://www.google.com/maps/search/commercial+landscaping+businesses+in+Kensington+Philadelphia+PA/@39.9934039,-75.1179823,14z",2026-04-29T20:11:06.609Z,,
"https://www.google.com/maps/place/House+of+trees+landscaping/@40.0024979,-75.1180146,11z/data=!3m1!4b1!4m6!3m5!1s0x2e3f76105e85cd0f:0xc221a6115d5e4ccb!8m2!3d40.002498!4d-75.1180146!16s%2Fg%2F11q33z8ztk",House of trees landscaping,,,Landscape designer,,,,+1 267-764-7504,Closes soon · 4:30 pm · Opens 7 am Thu,,,,true,7 am–4:30 pm,7 am–4:30 pm,7 am–4:30 pm,Closed,Closed,7 am–4:30 pm,7 am–4:30 pm,"https://www.google.com/maps/search/commercial+landscaping+businesses+in+Kensington+Philadelphia+PA/@39.9934039,-75.1179823,14z",2026-04-29T20:11:13.470Z,,
https://www.google.com/maps/place/AG+house+solutions/data=!4m7!3m6!1s0xa30a44a783663077:0xa0fb13e1fc423fec!8m2!3d40.0304748!4d-75.0667718!16s%2Fg%2F11wh9dvp01!19sChIJdzBmg6dECqMR7D9C_OET-6A,AG house solutions,5.0,1,Landscaper,"6221 Revere St, Philadelphia, PA 19149, United States","2WJM+57 Philadelphia, Pennsylvania, USA",https://aghousesolutions.com/,+1 267-340-8658,Open · Closes 7 pm,,,https://lh3.googleusercontent.com/gps-cs-s/APNQkAFcTUPdEBrVAEa85Uxd4KDeCQLKf56JHDB3giAg9rvhGFYWINP1EfXc4HPZWUaF4RGURX5pu4iwMXflMct1cKiiZJ_Q8JGSLraZ1YHugAR9hxeMNrelYNDsk-VLZoj6HxO9moainQ=w408-h306-k-no,true,6 am–7 pm,6 am–7 pm,6 am–7 pm,6 am–7 pm,8 am–5 pm,6 am–7 pm,6 am–7 pm,"https://www.google.com/maps/search/commercial+landscaping+businesses+in+Kensington+Philadelphia+PA/@39.9934039,-75.1179823,14z",2026-04-29T20:11:18.250Z,,
https://www.google.com/maps/place/Bill+Johnston+Landscape+Company/data=!4m7!3m6!1s0x89c6b02b31c02f49:0xc9b960ad12ae5ddf!8m2!3d40.149546!4d-75.108212!16s%2Fg%2F1ts3gktv!19sChIJSS_AMSuwxokR312uEq1guck,Bill Johnston Landscape Company,4.9,55,Landscaper,"556 Davisville Rd, Willow Grove, PA 19090, United States","4VXR+RP Willow Grove, Pennsylvania, USA",https://billjohnstonlandscape.com/,+1 215-784-0488,Open · Closes 7 pm,,,https://lh3.googleusercontent.com/gps-cs-s/APNQkAEA90OfDXkWy_GutmXp3Wu1nekVYzfaIzMrPn1J4K9viL0maitnduXdX_b96Gy6_rO0X5XRBU78sLwH26hmjbgoo6-N6sQp1prK9oAHTPLUcNa3hLnZBcoyDxLyUOODEXcPWK9S=w408-h306-k-no,true,7 am–7 pm,7 am–7 pm,7 am–7 pm,7 am–7 pm,Closed,7 am–7 pm,7 am–7 pm,"https://www.google.com/maps/search/commercial+landscaping+businesses+in+Kensington+Philadelphia+PA/@39.9934039,-75.1179823,14z",2026-04-29T20:11:23.034Z,,
https://www.google.com/maps/place/City+Concrete+Company+LLC/data=!4m7!3m6!1s0x88569da9c3155555:0xca3ae0e386b803e8!8m2!3d40.035869!4d-75.062825!16s%2Fg%2F11v0bybxps!19sChIJVVUVw6mdVogR6AO4huPgOso,City Concrete Company LLC,5.0,13,Contractor,"2701 Magee Ave, Philadelphia, PA 19149, United States","2WPP+8V Philadelphia, Pennsylvania, USA",,+1 484-784-6216,Open 24 hours,,,https://streetviewpixels-pa.googleapis.com/v1/thumbnail?panoid=qTR6nZdP5bjjVgwEL1U8BQ&cb_client=search.gws-prod.gps&w=408&h=240&yaw=46.789116&pitch=0&thumbfov=100,false,Open 24 hours,Open 24 hours,Open 24 hours,Open 24 hours,Open 24 hours,Open 24 hours,Open 24 hours,"https://www.google.com/maps/search/commercial+landscaping+businesses+in+Kensington+Philadelphia+PA/@39.9934039,-75.1179823,14z",2026-04-29T20:11:27.864Z,,
https://www.google.com/maps/place/Quikscape+Lawn+Services/data=!4m7!3m6!1s0x89c6cb4a338c35d9:0x9f305a63807ed8a1!8m2!3d39.9799786!4d-75.0567208!16s%2Fg%2F11j2dwpdgb!19sChIJ2TWMM0rLxokRodh-gGNaMJ8,Quikscape Lawn Services,4.8,73,Lawn care service,"19 Stow Ave, Pennsauken, NJ 08110, United States","XWHV+X8 Pennsauken, New Jersey, USA",https://quikscape.page/#contact,+1 267-978-0009,Open · Closes 6:30 pm,LGBTQ+ friendly,,https://lh3.googleusercontent.com/gps-cs-s/APNQkAFyezN2Or912xuEounjubyu62shRa4JetKP0SjX3a6C5zj7ibJmj4Vtqyxq5Kdw0gI0PJe7IT_qXv73Dt8sOaw-jigbQ0IEfMtsEF8ktzaxHk2UP1cB-n6HoG7qOBcZI5N7cvK0tw=w408-h306-k-no,true,8 am–6:30 pm,8 am–6:30 pm,8 am–6:30 pm,8 am–5:30 pm,Closed,8 am–6:30 pm,8 am–6:30 pm,"https://www.google.com/maps/search/commercial+landscaping+businesses+in+Kensington+Philadelphia+PA/@39.9934039,-75.1179823,14z",2026-04-29T20:11:33.060Z,,
https://www.google.com/maps/place/Fairmount+Park+Organic+Recycling+Center/data=!4m7!3m6!1s0x89c6c779a855a11d:0x55550d50db80f859!8m2!3d39.9944559!4d-75.2016394!16s%2Fg%2F1thsgwv9!19sChIJHaFVqHnHxokRWfiA21ANVVU,Fairmount Park Organic Recycling Center,4.4,66,Recycling center,"3850 W Ford Rd, Philadelphia, PA 19131, United States","XQVX+Q8 Philadelphia, Pennsylvania, USA",https://www.phila.gov/services/trees-parks-the-environment/get-organic-materials/,+1 215-685-0108,Closed · Opens 8 am Thu,,,https://lh3.googleusercontent.com/gps-cs-s/APNQkAEw0vBxBOZAnFKasaAUtLlQU4Mfi7i0zcIg5aiObS3LhHjzbuImd5jwQ5PnafIMPhjP9_j2t4fKw74BxfsRGQfYlRl8BtIy_eRwSUc1TO1mYS9YdfgzUaL5xzuYO9puEcDtNrA=w408-h544-k-no,true,8 am–2:30 pm,8 am–2:30 pm,8 am–2:30 pm,8–11:30 am,Closed,8 am–2:30 pm,8 am–2:30 pm,"https://www.google.com/maps/search/commercial+landscaping+businesses+in+Fairmount+Philadelphia+PA/@39.9672371,-75.1685579,14z",2026-04-29T20:11:55.520Z,,
https://www.google.com/maps/place/saFLandscaping/data=!4m7!3m6!1s0x89c6c7c048735f7b:0xd00a5fb1b7fb4f5f!8m2!3d39.9747721!4d-75.1771415!16s%2Fg%2F11vslfh6ql!19sChIJe19zSMDHxokRX0_7t7FfCtA,saFLandscaping,,,Contractor,"1234 N 25th St, Philadelphia, PA 19121, United States","XRFF+W4 Philadelphia, Pennsylvania, USA",,,Closed · Opens 9 am Sat,,,https://streetviewpixels-pa.googleapis.com/v1/thumbnail?panoid=COlWFveiLRgklWheVljsiA&cb_client=search.gws-prod.gps&w=408&h=240&yaw=257.76993&pitch=0&thumbfov=100,false,Closed,Closed,Closed,9 am–1 pm,Closed,Closed,Closed,"https://www.google.com/maps/search/commercial+landscaping+businesses+in+Fairmount+Philadelphia+PA/@39.9672371,-75.1685579,14z",2026-04-29T20:12:00.154Z,,
https://www.google.com/maps/place/Fairmount+Hardware/data=!4m7!3m6!1s0x89c6c7cede26d447:0xadfa1097b9a6a7aa!8m2!3d39.9673889!4d-75.17063!16s%2Fg%2F1td9rgyz!19sChIJR9Qm3s7HxokRqqemuZcQ-q0,Fairmount Hardware,4.5,656,Hardware store,"2011 Fairmount Ave, Philadelphia, PA 19130, United States","XR8H+XP Philadelphia, Pennsylvania, USA",http://www.acehardware.com/store-details/15977?utm_source=google&utm_medium=local&utm_campaign=localmaps&utm_content=15977,+1 215-765-5829,Open · Closes 7 pm,,,https://lh3.googleusercontent.com/gps-cs-s/APNQkAHLcrTNH2BluZa-Kv9R2GrvmLQlbrmwztoLnnacrV6GMMHJhnWEEW_GScw7qby0bXLDElFbwC-GXDFufXQpRX2c9O6m-ySQkjw5SIIKv3Clf2vRTzejc0vhA66k4ufqP5TJ4YG0RXBm6Uyo=w408-h306-k-no,true,8 am–7 pm,8 am–7 pm,8 am–7 pm,8 am–7 pm,10 am–6 pm,8 am–7 pm,8 am–7 pm,"https://www.google.com/maps/search/commercial+landscaping+businesses+in+Fairmount+Philadelphia+PA/@39.9672371,-75.1685579,14z",2026-04-29T20:12:23.109Z,"Hardware store stocking household tools, garden supplies, home decor & more. · In-store shopping · In-store pick-up · Delivery",
https://www.google.com/maps/place/Horticulture+Masterpiece+LLC/data=!4m7!3m6!1s0x89c6b9a8075466c5:0xbf44914b3f8d0bfb!8m2!3d40.0235506!4d-75.1638756!16s%2Fg%2F11t28fdtjl!19sChIJxWZUB6i5xokR-wuNP0uRRL8,Horticulture Masterpiece LLC,,,Landscape designer,"4617 Wayne Ave, Philadelphia, PA 19144, United States","2RFP+CC Philadelphia, Pennsylvania, USA",,+1 215-475-0097,Open · Closes 7 pm,,true,https://lh3.googleusercontent.com/gps-cs-s/APNQkAGV0K4je2_PUtlQaBPWXilIc8ssnKo6QirkzafaqLHpV5dzTIoZH67vJHz9UFt6eL46vMtrG8Vfl4UvPFV2AgOvyp3R1cluViLPMKlHn_kGeG037VqU0qDzCx7S7MOZ8wgjGpYOtA=w408-h724-k-no,true,7 am–7 pm,7 am–7 pm,7 am–7 pm,7 am–4 pm,Closed,7 am–7 pm,7 am–7 pm,"https://www.google.com/maps/search/commercial+landscaping+businesses+in+Germantown+Philadelphia+PA/@40.0292648,-75.174598,14z",2026-04-29T20:12:50.528Z,,
https://www.google.com/maps/place/Peralta%E2%80%99s+Total+Services+Inc./data=!4m7!3m6!1s0x2e4aa077ff4b186d:0xcd9fb8c32fde83f0!8m2!3d40.2602715!4d-75.1026884!16s%2Fg%2F11vwv6qv82!19sChIJbRhL_3egSi4R8IPeL8O4n80,Peralta’s Total Services Inc.,,,Landscape designer,,,http://peraltastotalservicesinc.com/,,Open · Closes 6 pm,,,https://lh3.googleusercontent.com/gps-cs-s/APNQkAGbEIXsPogsyS5sJ3rFLEqWkKqGhzHpVyWuKsV47DBzAiqm5opTrX2VTeiSkgtnZlMOkhFJ5Omj3Q8TwVRkwNXv5ZkcYFFabDi8W3z3XwqnZPUf9j7PNycSnTkoADsJkNb6J-WiTFkzZV3m=w415-h240-k-no,true,7 am–6 pm,7 am–6 pm,7 am–6 pm,7 am–6 pm,Closed,7 am–6 pm,7 am–6 pm,"https://www.google.com/maps/search/commercial+landscaping+businesses+in+Germantown+Philadelphia+PA/@40.0292648,-75.174598,14z",2026-04-29T20:13:01.708Z,,
"https://www.google.com/maps/place/Like+Home+Property+Preservation,+LLC/data=!4m7!3m6!1s0x89c6b93b0d71d69d:0x18396def634b39ed!8m2!3d40.002498!4d-75.1180146!16s%2Fg%2F11ft21r69k!19sChIJndZxDTu5xokR7TlLY-9tORg","Like Home Property Preservation, LLC",4.8,56,Lawn care service,,,http://www.mrrowhomejones.com/,+1 215-397-2341,Open · Closes 7 pm,,,https://lh3.googleusercontent.com/gps-cs-s/APNQkAHVnc45fzMvuIkJZ6Yx9mh5oInD8JYNtWMrmjsVpNDiGl93paBDXiE6t4n-sOAtwb5B9gNJo6glnNP8tSIBKhWVFVIukXSf3a3FpMOQtwL_7BkLMPECB7qlBUzdJ4874DE1db515PxK-0gV=w408-h544-k-no,true,7 am–7 pm,7 am–7 pm,7 am–7 pm,7 am–7 pm,8 am–12 pm,7 am–7 pm,7 am–7 pm,"https://www.google.com/maps/search/commercial+landscaping+businesses+in+East+Falls+Philadelphia+PA/@40.0169915,-75.1883651,14z",2026-04-29T20:13:48.979Z,,
https://www.google.com/maps/place/AppleTree+Landscape+Management+LLC/data=!4m7!3m6!1s0x89c6cf410d75f81b:0x43cee89eaf8549c1!8m2!3d39.8888899!4d-75.1241975!16s%2Fg%2F11twnpczv8!19sChIJG_h1DUHPxokRwUmFr57ozkM,AppleTree Landscape Management LLC,4.7,14,Landscape designer,"809 Charles St, Gloucester City, NJ 08030, United States","VVQG+H8 Gloucester City, New Jersey, USA",https://appletreellc.com/,+1 856-547-3502,Closes soon · 5 pm · Opens 7 am Thu,,,https://lh3.googleusercontent.com/gps-cs-s/APNQkAEiovoPR5D9fMZiFGaxzQRn0VCAgYu7_BoBo3KgOJ4ppvcsY4T6fd89iXovfQEZE-Loil5U2lBiMv6EzsnNavJuGHsFbXP0kNkFIqwZ3HOZC2AG0DxNPXDQQYrWL8EeQmD9Fiy0Nn8QzY0=w408-h300-k-no,true,7 am–5 pm,7 am–5 pm,7 am–5 pm,Closed,Closed,7 am–5 pm,7 am–5 pm,"https://www.google.com/maps/search/commercial+landscaping+businesses+in+Queen+Village+Philadelphia+PA/@39.9386435,-75.1501601,14z",2026-04-29T20:14:41.689Z,,
https://www.google.com/maps/place/EDEN+Garden+Design+%26+Landscaping/data=!4m7!3m6!1s0x89c6ceb1450a0bbf:0xdcbf8c9c90688b4a!8m2!3d39.9019563!4d-75.0779061!16s%2Fg%2F1thp8ys7!19sChIJvwsKRbHOxokRSotokJyMv9w,EDEN Garden Design & Landscaping,5.0,2,Landscaper,"21 W Greenwood Ave, Oaklyn, NJ 08107, United States","WW2C+QR Oaklyn, New Jersey, USA",https://edengardendesign.net/,+1 609-636-4886,Open · Closes 7 pm,,,https://lh3.googleusercontent.com/gps-cs-s/APNQkAGZDPI0k4ttxI7l_A-xbz4bCfuCrhx2EmqVqLEiEEPB824M4JzDWfQ5AEr4Yk97AzfE8ytKjYsrH0rqiL0ZoyrmV9zrACiB81mfHsNneFYsniZKYKnPYwjib1ASHvnZpkqjIM_ysw=w408-h306-k-no,true,8 am–7 pm,8 am–7 pm,8 am–7 pm,9 am–5 pm,Closed,8 am–7 pm,8 am–7 pm,"https://www.google.com/maps/search/commercial+landscaping+businesses+in+Queen+Village+Philadelphia+PA/@39.9386435,-75.1501601,14z",2026-04-29T20:14:46.378Z,,
https://www.google.com/maps/place/OPS+Security+Group/data=!4m7!3m6!1s0x89c6c8393a370c3f:0xca7b54d718713fbb!8m2!3d39.92895!4d-75.144341!16s%2Fg%2F12hr00wdg!19sChIJPww3OjnIxokRuz9xGNdUe8o,OPS Security Group,4.3,48,Security guard service,"1500 S Christopher Columbus Blvd #6, Philadelphia, PA 19147, United States","WVH4+H7 Philadelphia, Pennsylvania, USA",https://opssecuritygroup.com/,+1 888-406-6661,Open 24 hours,,,https://lh3.googleusercontent.com/gps-cs-s/APNQkAHL62r_eziV2TLIDoMZUo48JBm4AD6AL7ty_LO2d-xF1NzGqqmnqDqLXKd8sM2pMVQT8h2wOwe276ydqxE5QcaUSzzUJCWa98LDiCMC1Taoek7_s5vLDPrb8mYuyaaRFSzb_bds=w408-h544-k-no,true,Open 24 hours,Open 24 hours,Open 24 hours,Open 24 hours,Open 24 hours,Open 24 hours,Open 24 hours,"https://www.google.com/maps/search/commercial+landscaping+businesses+in+Queen+Village+Philadelphia+PA/@39.9386435,-75.1501601,14z",2026-04-29T20:14:51.762Z,,
"https://www.google.com/maps/place/Naval+Square+condominiums,+Philadelphia/data=!4m7!3m6!1s0x89c6c63077455555:0x4c2c8c6dbedfcc3b!8m2!3d39.9438942!4d-75.1838128!16s%2Fm%2F0vxf04y!19sChIJVVVFdzDGxokRO8zfvm2MLEw","Naval Square condominiums, Philadelphia",4.4,151,Condominium complex,"2420 Grays Ferry Ave, Philadelphia, PA 19146, United States","WRV8+HF Philadelphia, Pennsylvania, USA",http://www.navalsquare.com/,+1 215-546-1247,Closes soon · 5 pm · Opens 9 am Thu,,,https://lh3.googleusercontent.com/gps-cs-s/APNQkAGWkTbvvwqFbCglTiHT0SqMAVSrn3hqojTP8JNTCxsIfBRWcY58fp_3JegK_qOhmWcm8R5XP4ALLUS3H7qFdfLuoxOnzprl3jtUKSrZslBpcUmOZHRec3o-oYiRGPk43xOOUM1CLA=w408-h272-k-no,true,9 am–5 pm,9 am–5 pm,9 am–5 pm,Closed,Closed,9 am–5 pm,9 am–5 pm,"https://www.google.com/maps/search/commercial+landscaping+businesses+in+Queen+Village+Philadelphia+PA/@39.9386435,-75.1501601,14z",2026-04-29T20:14:56.643Z,· Dogs allowed,
https://www.google.com/maps/place/Versatile+Landscaping+LLC/data=!4m7!3m6!1s0x88d248ddd5f14423:0x2b1845c84f1dc6f7!8m2!3d40.002498!4d-75.2894416!16s%2Fg%2F11x0my_6mt!19sChIJI0Tx1d1I0ogR98YdT8hFGCs,Versatile Landscaping LLC,,,Landscaper,,,https://www.versatilelandscapingllc.com/,+1 267-721-0314,Closes soon · 5 pm · Opens 8 am Thu,LGBTQ+ friendly,,https://lh3.googleusercontent.com/gps-cs-s/APNQkAGXcBokhHZst6i-K9w69gtwjXjKqGkCmIk9sHbc9_f5mEs0J39wfFFVHGYnBXQ8N9WcqgM6BOiqkpV61WTPEXD9mUUHYr7kCZv122Xm5V1jdKWqEeIDPnhVGh4E6JqNsMrOuE2e=w600-h240-k-no,true,8 am–5 pm,8 am–5 pm,8 am–5 pm,8 am–5 pm,Closed,8 am–5 pm,8 am–5 pm,"https://www.google.com/maps/search/commercial+landscaping+businesses+in+Queen+Village+Philadelphia+PA/@39.9386435,-75.1501601,14z",2026-04-29T20:15:01.133Z,,
https://www.google.com/maps/place/Allied+Universal%C2%AE+Security+Services/data=!4m7!3m6!1s0x89c6c6304496d46b:0x48b4e6643d8213!8m2!3d39.9528017!4d-75.1699057!16s%2Fg%2F1td43fzl!19sChIJa9SWRDDGxokRE4I9ZOa0SAA,Allied Universal® Security Services,3.5,66,Security guard service,"1760 Market St, Philadelphia, PA 19103, United States","XR3J+42 Philadelphia, Pennsylvania, USA",https://www.aus.com/philadelphia-security-systems-services?utm_source=gmb&utm_medium=organic,+1 215-399-3960,Closes soon · 5 pm · Opens 8:30 am Thu,,,https://lh3.googleusercontent.com/gps-cs-s/APNQkAG5cHxuV-UbdAXgtmsKpHNXGXyFo6HEP_YymEbl05yz1HB8VLs0w6SMt7Nkzn-b0lFi0aMZ3TQJgAyd2bdJ8FtqrW--D_qLciv-GAlnvFPCmFL1Dy7MPCAErTSZsrGLchH8FvaJqQ=w408-h544-k-no,true,8:30 am–5 pm,8:30 am–5 pm,8:30 am–5 pm,Closed,Closed,8:30 am–5 pm,8:30 am–5 pm,"https://www.google.com/maps/search/commercial+landscaping+businesses+in+Queen+Village+Philadelphia+PA/@39.9386435,-75.1501601,14z",2026-04-29T20:15:06.092Z,,
https://www.google.com/maps/place/BK+Homeworks+LLC/data=!4m7!3m6!1s0x83fc3668bfd492ad:0xb3144c4435d2175f!8m2!3d39.486446!4d-74.897824!16s%2Fg%2F11lmbfc2cp!19sChIJrZLUv2g2_IMRXxfSNURMFLM,BK Homeworks LLC,,,Home builder,,,,+1 267-847-7138,Open · Closes 7 pm,,,https://lh3.googleusercontent.com/gps-cs-s/APNQkAEI2pF484LiBkVPpJGyG-wOUj4hTgAu5lUwmyXZk74-aNuFPl1v8l6W7o6U6pw07bMGW-rvafB7PcgHFEFsxKt0cwt_vhrvyCKA0E2O7h5zhN6UhKRkONWBfgtg4SJud5r55OO5Kw=w408-h286-k-no,true,7 am–7 pm,7 am–7 pm,7 am–7 pm,7 am–7 pm,Closed,7 am–7 pm,7 am–7 pm,"https://www.google.com/maps/search/commercial+landscaping+businesses+in+Queen+Village+Philadelphia+PA/@39.9386435,-75.1501601,14z",2026-04-29T20:15:10.525Z,,
"https://www.google.com/maps/place/Dana+F.+Ingham,+Esquire,+LLC/data=!4m7!3m6!1s0x89c6c7a1819e6e4f:0xb8bdaa0680a978eb!8m2!3d39.9535541!4d-75.1794177!16s%2Fg%2F11n07p1lgt!19sChIJT26egaHHxokR63ipgAaqvbg","Dana F. Ingham, Esquire, LLC",5.0,10,Lawyer,"2400 Market St #200, Philadelphia, PA 19103, United States","XR3C+C6 Philadelphia, Pennsylvania, USA",http://www.inghamlawfirm.com/,+1 215-995-1027,Closes soon · 5 pm · Opens 9 am Thu,,,https://lh3.googleusercontent.com/gps-cs-s/APNQkAGuzFQbD9zkWaCkrlqNs93SKuBqUU-2JAf_KTHgdqJaEKZjQvaK1jhcUZiLCdyU32wwkZJtpie-agYLHTPW_bTx0daQOBT2UiO8SaY4froXYusPdkh19m83dxiINclku88fdxDtTg=w408-h510-k-no,true,9 am–5 pm,9 am–5 pm,9 am–5 pm,Closed,Closed,9 am–5 pm,9 am–5 pm,"https://www.google.com/maps/search/commercial+landscaping+businesses+in+Queen+Village+Philadelphia+PA/@39.9386435,-75.1501601,14z",2026-04-29T20:15:15.504Z,,
"https://www.google.com/maps/place/C.+Caramanico+%26+Sons,+Inc.+%7C+Caramanico+Landscape/data=!4m7!3m6!1s0x89c6e7cc8040b143:0x3cd9993cecd54dd9!8m2!3d39.8510907!4d-75.38458!16s%2Fg%2F1thtf2nk!19sChIJQ7FAgMznxokR2U3V7DyZ2Tw","C. Caramanico & Sons, Inc. | Caramanico Landscape",4.5,56,Landscaper,"6 Race St, Brookhaven, PA 19015, United States","VJ28+C5 Brookhaven, Pennsylvania, USA",http://www.caramanicolandscape.com/,+1 610-499-1640,Closes soon · 5 pm · Opens 7 am Thu,,,https://lh3.googleusercontent.com/gps-cs-s/APNQkAFVK4ei8_07idZyl680xhSAn3V343G6utLqv7Y3wRBM9dCmqcY0V00AQN9yDJVbrJYzNMA86VskFlgYj_xGnKBtm5oAeL1cZ5XJJ7R1q-pGxxevW72rUZiK_yIS2__U5kAM7rJ-=w426-h240-k-no,true,7 am–5 pm,7 am–5 pm,7 am–5 pm,Closed,Closed,7 am–5 pm,7 am–5 pm,"https://www.google.com/maps/search/commercial+landscaping+businesses+in+Bella+Vista+Philadelphia+PA/@39.9391811,-75.1594129,14z",2026-04-29T20:15:49.803Z,,
https://www.google.com/maps/place/Edgewater/data=!4m7!3m6!1s0x89c6c64a82047dd3:0x12991d4ff9059b7d!8m2!3d39.9587989!4d-75.177711!16s%2Fg%2F1tdqjfkz!19sChIJ030EgkrGxokRfZsF-U8dmRI,Edgewater,4.4,140,Apartment rental agency,"2323 Race St, Philadelphia, PA 19103, United States","XR5C+GW Philadelphia, Pennsylvania, USA",https://edgewaterapthomes.com/?rccustomid=NDkxNDc%3D-Ndgsq0Qb9CA%3D=&utm_source=gmb&utm_medium=organic,+1 833-883-9379,"Open · Closes 6 pm

Confirmed by this business 11 weeks ago",,,https://lh3.googleusercontent.com/gps-cs-s/APNQkAEmDtb6dCOOEE3G8VkMrSZohXBwZB_Ebn_gDsHDnBZWgYt19WqwFY8SBSYZThBKizfO2tfTeo3FaRjrHu4ln8HRXPEhjRVaQL0_02qrphSqsqVbf2rrSOWFsl_6NsrUBiGOOff3puU1cg6v=w421-h240-k-no,true,9 am–6 pm,9 am–6 pm,9 am–6 pm,10 am–5 pm,10 am–3 pm,9 am–6 pm,9 am–6 pm,"https://www.google.com/maps/search/commercial+landscaping+businesses+in+Bella+Vista+Philadelphia+PA/@39.9391811,-75.1594129,14z",2026-04-29T20:15:54.815Z,· Dogs allowed,
https://www.google.com/maps/place/UrbanScape+Solutions/data=!4m7!3m6!1s0x8eea91cd1386973d:0xfeee33250c4228be!8m2!3d40.0617734!4d-75.26319!16s%2Fg%2F11yhs_kccf!19sChIJPZeGE82R6o4RvihCDCUz7v4,UrbanScape Solutions,,,Landscaper,,,https://www.urbanscapesolutions.com/,+1 215-789-0240,Closes soon · 5 pm · Opens 9 am Thu,,,https://lh3.googleusercontent.com/gps-cs-s/APNQkAEY8xgqqDSei7fjOsaoMKnMUv_mOEV75yUys9_Nn8LQFZC46pbDOrT_2SxiEUVPXzV-qSFGWa9MDIr96lon5GateXUlHh4wi4rdcMzBXlkl9mSYN6WifjMqX_FypjHYABuYcOCXX7DaiUpL=w408-h306-k-no,true,9 am–5 pm,9 am–5 pm,9 am–5 pm,Closed,Closed,9 am–5 pm,9 am–5 pm,"https://www.google.com/maps/search/commercial+landscaping+businesses+in+Bella+Vista+Philadelphia+PA/@39.9391811,-75.1594129,14z",2026-04-29T20:15:59.706Z,,
https://www.google.com/maps/place/Placid+Landscaping/data=!4m7!3m6!1s0x89c6c98c5cc285d1:0xe11b9b8e13a706aa!8m2!3d40.073132!4d-74.724323!16s%2Fg%2F11mv4mw7d_!19sChIJ0YXCXIzJxokRqganE46bG-E,Placid Landscaping,,,Landscaper,,,,+1 267-259-9633,Open 24 hours,,,https://lh3.googleusercontent.com/gps-cs-s/APNQkAGMwZ-Fnz30x30QueC0LLZR3qzmlj6Ar-vUQBVkNv9gGxIki8_ZR99D6DhTP7ZPrnMbbvYeuSbglR4obYRgaPrIauwGmuq01CfnmXhMDSLKqfEQtFzs1gSHkSJ3foU9SrUulJM=w408-h544-k-no,true,Open 24 hours,Open 24 hours,6 am–7:30 pm,Closed,Closed,6 am–7:30 pm,Open 24 hours,"https://www.google.com/maps/search/commercial+landscaping+businesses+in+Bella+Vista+Philadelphia+PA/@39.9391811,-75.1594129,14z",2026-04-29T20:16:04.254Z,,
"https://www.google.com/maps/place/J.+Downend+Landscaping,+Inc./data=!4m7!3m6!1s0x89c6c2a997ff2c09:0x7c8cd408a63811ec!8m2!3d39.8668376!4d-75.3383057!16s%2Fg%2F1xb2fjq6!19sChIJCSz_l6nCxokR7BE4pgjUjHw","J. Downend Landscaping, Inc.",4.5,45,Landscaper,"411 Smiley St, Crum Lynne, PA 19022, United States","VM86+PM Crum Lynne, Ridley Township, PA, USA",http://www.downendlandscaping.com/?utm_source=google&utm_id=gmb,+1 610-833-1500,Closes soon · 5 pm · Opens 8 am Thu,,,https://lh3.googleusercontent.com/gps-cs-s/APNQkAH4mj0IMtktqKs9jQov3YHFM_zE8kJXZneEnADSUY3UBkAzxj03zWmInpA-3KtIrlZTs_BRcDnEPz-n3C2P0UJ6e9kgL8OZlQwiamS1AVR5PgRXZ8CTVcnF8YDhCrgdCf2fnVEy=w408-h272-k-no,true,8 am–5 pm,8 am–5 pm,8 am–5 pm,Closed,Closed,8 am–5 pm,8 am–5 pm,"https://www.google.com/maps/search/commercial+landscaping+businesses+in+Point+Breeze+Philadelphia+PA/@39.9340911,-75.1768568,14z",2026-04-29T20:16:37.941Z,,
https://www.google.com/maps/place/National+Rent-A-Fence/data=!4m7!3m6!1s0x89c6c15089a06b5d:0x4cda60f8714e7478!8m2!3d39.917212!4d-75.218668!16s%2Fg%2F1vcq8k3f!19sChIJXWugiVDBxokReHROcfhg2kw,National Rent-A-Fence,2.7,7,Fence contractor,"6401 W Passyunk Ave, Philadelphia, PA 19153, United States","WQ8J+VG Philadelphia, Pennsylvania, USA",https://www.rentnational.com/philadelphia,+1 610-623-6860,Closes soon · 5 pm · Opens 7 am Thu,,,https://lh3.googleusercontent.com/gps-cs-s/APNQkAE9upDZcCOChOA63Q7YgmjMDfVX1SQKUAWiENRwFkY2FbI253TmsM3nfzvx5P1CWZzVCzbodrv1Oj-CNjXRhq63JlBWWfo3ypK9rdYML7Jqh4qac2O6MtdtgHQxeMH-zlDvHIO7s47ps2M=w408-h408-k-no,true,7 am–5 pm,7 am–5 pm,7 am–5 pm,Closed,Closed,7 am–5 pm,7 am–5 pm,"https://www.google.com/maps/search/commercial+landscaping+businesses+in+Point+Breeze+Philadelphia+PA/@39.9340911,-75.1768568,14z",2026-04-29T20:16:42.600Z,,
https://www.google.com/maps/place/Garden+Center+at+The+Home+Depot/data=!4m7!3m6!1s0x89c6c5dbc7b66acf:0x9aa15b9237a838ae!8m2!3d39.9157681!4d-75.1858134!16s%2Fg%2F11c2pcpkfc!19sChIJz2q2x9vFxokRrjioN5JboZo,Garden Center at The Home Depot,4.8,5,Garden center,"2200 Oregon Ave, Philadelphia, PA 19145, United States","WR87+8M Philadelphia, Pennsylvania, USA",https://www.homedepot.com/l/Phil-Oregon-Ave/PA/Philadelphia/19145/4166/garden-center?emt=GCGoogleMaps,+1 215-551-1753,"Open · Closes 10 pm

Confirmed by this business 2 weeks ago",,,https://lh3.googleusercontent.com/gps-cs-s/APNQkAHBNX8oiwHYRIs6HD6yrC_XXFdwRuTDrt82WIM0ihcJ7vK1q-mlm6X_dXkfqcf7rQGGBYgluU25iGmibNesG12FC5mFOxgxinECIMOgBAWGT1OjqRaDBWqWAUcdwp2MaW2Go2sJYtBP4Z3I=w412-h240-k-no,true,6 am–10 pm,6 am–10 pm,6 am–10 pm,6 am–10 pm,7 am–8 pm,6 am–10 pm,6 am–10 pm,"https://www.google.com/maps/search/commercial+landscaping+businesses+in+Point+Breeze+Philadelphia+PA/@39.9340911,-75.1768568,14z",2026-04-29T20:16:54.292Z,· Kerbside pickup · Delivery,
"https://www.google.com/maps/place/R.Z.+Contracting+Corporation/@39.3176835,-75.0105425,8z/data=!3m1!4b1!4m6!3m5!1s0x89c6c573ca95898b:0x7d507f4e2208133f!8m2!3d39.3176835!4d-75.0105426!16s%2Fg%2F11h714lk8l",R.Z. Contracting Corporation,3.7,9,Paving contractor,,,http://www.rzcontracting.com/,+1 610-534-8316,Open · Closes 6 pm,,,,true,7 am–6 pm,7 am–6 pm,7 am–6 pm,Closed,Closed,7 am–6 pm,7 am–6 pm,"https://www.google.com/maps/search/commercial+landscaping+businesses+in+Point+Breeze+Philadelphia+PA/@39.9340911,-75.1768568,14z",2026-04-29T20:17:00.931Z,,
https://www.google.com/maps/place/Jose+Amaya+Landscaping+INC/data=!4m7!3m6!1s0x4839099faaaedd61:0x511ff97c7353cfde!8m2!3d39.9662698!4d-75.2720516!16s%2Fg%2F11y4tklj1w!19sChIJYd2uqp8JOUgR3s9Tc3z5H1E,Jose Amaya Landscaping INC,5.0,20,Landscaper,"111 Englewood Rd, Upper Darby Township, PA 19082, United States","XP8H+G5 Philadelphia, Pennsylvania, USA",https://amayalandscapinginc.com/,+1 484-685-9480,Closes soon · 5 pm · Opens 7:30 am Thu,,,https://lh3.googleusercontent.com/gps-cs-s/APNQkAEoE2eq0bt4So1EIrYOF9tx74lmKoof74tYa9Yh8kF6e7vsIi0CGk9esWQJyLvfTHf9ZQ5a3tJ8VNOMjvhZEyLzdQFzcpQk6TT-jvuqIaaHGGeUW6PMRPp-Oj-Ji1yJKsUGFQZR=w408-h306-k-no,true,7:30 am–5 pm,7:30 am–5 pm,7:30 am–5 pm,7:30 am–3 pm,Closed,7:30 am–5 pm,7:30 am–5 pm,"https://www.google.com/maps/search/commercial+landscaping+businesses+in+Spruce+Hill+Philadelphia+PA/@39.9526969,-75.2105791,14z",2026-04-29T20:17:24.067Z,,
https://www.google.com/maps/place/C%26J+Landscaping+%26+Property+Preservation+llc./data=!4m7!3m6!1s0x8d8dae6b7dea8793:0x9e4f3cd8d6f6a503!8m2!3d39.9043695!4d-74.8370416!16s%2Fg%2F11rqgsm_3q!19sChIJk4fqfWuujY0RA6X21tg8T54,C&J Landscaping & Property Preservation llc.,,,Lawn care service,,,,+1 610-721-2099,Open · Closes 6 pm,,,https://lh3.googleusercontent.com/gps-cs-s/APNQkAGws1St3DE4r-pg5nCdNkDCKgqPNlSrfZ_k8KRg-ChdNTUERGnja1907MjAnAA7NjCGzef1LKJEXLjWqi-rAp3WkSnqHxkzJBWQXR6nmxBj1u6xgPc4GCsN-96nRf0BaSVVvva5=w408-h288-k-no,true,8 am–6 pm,8 am–6 pm,8 am–6 pm,8 am–6 pm,Closed,8 am–6 pm,8 am–6 pm,"https://www.google.com/maps/search/commercial+landscaping+businesses+in+Spruce+Hill+Philadelphia+PA/@39.9526969,-75.2105791,14z",2026-04-29T20:17:35.252Z,,
https://www.google.com/maps/place/Lawn+Works/data=!4m7!3m6!1s0x89c6c10e1ad36a99:0x5cb6e16859338345!8m2!3d39.9381323!4d-75.2708178!16s%2Fg%2F1tg8kpgd!19sChIJmWrTGg7BxokRRYMzWWjhtlw,Lawn Works,4.8,37,Landscaper,"18 S Highland Ave, Lansdowne, PA 19050, United States","WPQH+7M Lansdowne, Pennsylvania, USA",http://www.thelawnworks.com/,+1 610-352-2002,Closes soon · 5 pm · Opens 8 am Thu,,,https://lh3.googleusercontent.com/gps-cs-s/APNQkAFzxqAMKu32XYQBIRRZ1lDdSScd78eXgRsnRtdj4NND3G7LmIwYCELgESF1-nC03wolGn35gTRKJkpffw9AsKp9AeY3nOIQMHWZdq821PEUun-EsWMofRDhWiia4NVX8TwByPOu=w408-h306-k-no,true,8 am–5 pm,8 am–5 pm,8 am–5 pm,Closed,Closed,8 am–5 pm,8 am–5 pm,"https://www.google.com/maps/search/commercial+landscaping+businesses+in+Spruce+Hill+Philadelphia+PA/@39.9526969,-75.2105791,14z",2026-04-29T20:17:40.149Z,,
https://www.google.com/maps/place/Elder+Landscaping+LLC/data=!4m7!3m6!1s0xece8fb1e0b79081:0x6559c0f4d40fd0!8m2!3d39.926057!4d-75.2770835!16s%2Fg%2F11kq3y5l0h!19sChIJgZC34LGPzg4R0A_U9MBZZQA,Elder Landscaping LLC,4.9,100,Landscaper,"728 Thorndale Rd, Aldan, PA 19018, United States","WPGF+C5 Aldan, Pennsylvania, USA",,+1 215-909-1420,Open · Closes 5:30 pm,LGBTQ+ friendly,,https://lh3.googleusercontent.com/gps-cs-s/APNQkAGE8-jSKw2OuNhSN47ZxWHBtcx2-3P4uVicn1aPz7K7RZg4Sf98M4H3ArmS8Li8G-Eu_PdCxgLV5UZZ_IPeZqB8zNsZVccEyHdlBGhpe3cpgnpJzbevndcQm15h1OJbw8Daezqk=w408-h544-k-no,true,6 am–5:30 pm,6 am–5:30 pm,6 am–5:30 pm,6 am–5:30 pm,Open 24 hours,6 am–5:30 pm,6 am–5:30 pm,"https://www.google.com/maps/search/commercial+landscaping+businesses+in+Spruce+Hill+Philadelphia+PA/@39.9526969,-75.2105791,14z",2026-04-29T20:17:45.174Z,,
https://www.google.com/maps/place/C%26J+Landscaping+%26+Property+Preservation+LLC/data=!4m7!3m6!1s0x89c6c1e2adf0fdc1:0xb6e144bf62903514!8m2!3d40.002498!4d-75.1180146!16s%2Fg%2F11j0yvsv0z!19sChIJwf3wreLBxokRFDWQYr9E4bY,C&J Landscaping & Property Preservation LLC,3.0,6,Landscaper,,,,+1 610-653-0603,Open · Closes 6 pm,,,https://lh3.googleusercontent.com/gps-cs-s/APNQkAHh6JWAb6EOpLacLK4VIqxoBrQDmRdes7SK71LaDhHNmFQt9LOs2s9TJByUMA6W4PFGhJ7WfLDOKqZRzKTbGg86eufX4sRIBIXTtlJEbkkWPCHGclEdDaXF4eAXRShwGmSSYHGB=w408-h306-k-no,true,8 am–6 pm,8 am–6 pm,8 am–6 pm,8 am–4 pm,Closed,8 am–6 pm,8 am–6 pm,"https://www.google.com/maps/search/commercial+landscaping+businesses+in+Spruce+Hill+Philadelphia+PA/@39.9526969,-75.2105791,14z",2026-04-29T20:17:49.711Z,,
https://www.google.com/maps/place/The+Lawn+Guru+Company+%28Delaware+County%29/data=!4m7!3m6!1s0xcb4e2d3d2a6bb:0x41e9bcd0e12e93d7!8m2!3d39.9699555!4d-75.2786516!16s%2Fg%2F11sn3r2w44!19sChIJu6bS0-K0DAAR15Mu4dC86UE,The Lawn Guru Company (Delaware County),4.8,133,Lawn care service,,,http://www.thelawngurudelco.com/,+1 610-713-1232,Open · Closes 6 pm,,,https://lh3.googleusercontent.com/gps-cs-s/APNQkAGB4tDNspLJ4kOL3fPpf3uI2-w9aVKDLGNlHFe7gkWmYupo-mDcft0ZOuGIesvqTZ6AMAWH_FpqkflTQZB3gjzMIPjtkum0hVXTX9K51UMb0_H7vbq4NMTMJEEK06cshwXUCLhp=w408-h306-k-no,true,8 am–6 pm,8 am–6 pm,8 am–6 pm,8 am–6 pm,Closed,8 am–6 pm,8 am–6 pm,"https://www.google.com/maps/search/commercial+landscaping+businesses+in+Spruce+Hill+Philadelphia+PA/@39.9526969,-75.2105791,14z",2026-04-29T20:18:01.051Z,,
https://www.google.com/maps/place/JP+Tree+Service/data=!4m7!3m6!1s0x89c6c129b0d79361:0x294e3282e3abbe95!8m2!3d39.9625877!4d-75.2679925!16s%2Fg%2F11jtxvr7_8!19sChIJYZPXsCnBxokRlb6r44IyTik,JP Tree Service,4.8,456,Tree service,"17 Elm Ave, Upper Darby Township, PA 19082, United States","XP7J+2R Philadelphia, Pennsylvania, USA",https://www.jptreeservice.net/,+1 610-507-2386,Open 24 hours,,,https://lh3.googleusercontent.com/gps-cs-s/APNQkAGZQlXGT_S2Cj9qDyNYOi2qNmwZ7iHBvuQPNk2NqQOsrIXh6BQ8D6v97dpem5rC1QP3hv4WwTXQ_r08ErnBC6V8NySKqoKIk5iMXJ8A4qN6wIT9_VDi7qVjvrehdC-iVEG6CA0rUg=w408-h306-k-no,true,Open 24 hours,Open 24 hours,Open 24 hours,Open 24 hours,Open 24 hours,Open 24 hours,Open 24 hours,"https://www.google.com/maps/search/commercial+landscaping+businesses+in+Spruce+Hill+Philadelphia+PA/@39.9526969,-75.2105791,14z",2026-04-29T20:18:06.259Z,,
https://www.google.com/maps/place/JT+Landscaping/data=!4m7!3m6!1s0x89c6c31b82b9593b:0x39c1a306ae42f5e0!8m2!3d39.9184223!4d-75.2678785!16s%2Fg%2F11wn05zbfl!19sChIJO1m5ghvDxokR4PVCrgajwTk,JT Landscaping,5.0,1,Landscaper,"1038 Springfield Rd, Collingdale, PA 19023, United States","WP9J+9R Collingdale, Pennsylvania, USA",https://www.facebook.com/share/p/15S1YJBPio/,+1 610-931-5534,Closes soon · 5 pm · Opens 9:30 am Thu,,,https://lh3.googleusercontent.com/gps-cs-s/APNQkAGyKpkKKahVp8TeSkGfKCPyT7k3FWgjvQKctIFSi8ENlPs7F_ZV94T6aymmPCMcVAAYrsJaReapFqq0j3aa7ByI6f3M5LSMrzHgv7SRcJoaoNG3JxQvUV4cSZo2QCMSUmfwmlQp=w408-h544-k-no,true,9 am–5 pm,9:30 am–5:30 pm,11 am–5:30 pm,9 am–5:30 pm,Closed,9 am–5 pm,9 am–5 pm,"https://www.google.com/maps/search/commercial+landscaping+businesses+in+Spruce+Hill+Philadelphia+PA/@39.9526969,-75.2105791,14z",2026-04-29T20:18:11.025Z,,
https://www.google.com/maps/place/Chuva+Tree+Services/data=!4m7!3m6!1s0x89c6c1d970f0b7fb:0x188a097f42dc6225!8m2!3d39.9645577!4d-75.2697256!16s%2Fg%2F11y3x3gpc4!19sChIJ-7fwcNnBxokRJWLcQn8Jihg,Chuva Tree Services,5.0,43,Tree service,"20 N State Rd, Upper Darby Township, PA 19082, United States","XP7J+R4 Philadelphia, Pennsylvania, USA",https://www.chuvas-treeservicesllc.com/,+1 610-606-5563,Open 24 hours,,,https://lh3.googleusercontent.com/gps-cs-s/APNQkAEuIx9wCqmABNjE8GYI5ZR14Z9ybeR-4PFzNq5TxLPselQ7lm1bgv8rjJfgZkIhW0DbgEYHZutg5ndSd26U9yp2FOH0snUxSEDW50rRheRtbJEWL2lgtkWd9zvOQjN15QXe6K7cdg=w408-h306-k-no,true,Open 24 hours,Open 24 hours,Open 24 hours,Open 24 hours,9 am–5 pm,Open 24 hours,Open 24 hours,"https://www.google.com/maps/search/commercial+landscaping+businesses+in+Spruce+Hill+Philadelphia+PA/@39.9526969,-75.2105791,14z",2026-04-29T20:18:22.657Z,,
"https://www.google.com/maps/place/Murray%27s+Landscaping,+Inc/data=!4m7!3m6!1s0x89c6c1997ff19b07:0x9fad2fe7f4aad4d6!8m2!3d40.1245055!4d-75.355924!16s%2Fg%2F11gfgq1zlx!19sChIJB5vxf5nBxokR1tSq9OcvrZ8","Murray's Landscaping, Inc",5.0,2,Landscaper,,,,+1 610-284-9580,Open · Closes 7 pm,,,https://lh3.googleusercontent.com/gps-cs-s/APNQkAF1vvfFK07OxMNCmyMFr10U4ZrqiXlAoePPT9irjEEWKqi_kZH6COraB6Jr5EFSQXtSbe3bTCbt3Ad-GN5OWjSLhIwt29pXx3natmJfDT86jmfdftkGVNfXISSLtaDhjuC0iEfN=w426-h240-k-no,true,7 am–7 pm,7 am–7 pm,7 am–7 pm,7 am–7 pm,Closed,7 am–7 pm,7 am–7 pm,"https://www.google.com/maps/search/commercial+landscaping+businesses+in+Spruce+Hill+Philadelphia+PA/@39.9526969,-75.2105791,14z",2026-04-29T20:18:27.519Z,,
https://www.google.com/maps/place/Wilmy+Scapes/data=!4m7!3m6!1s0xa94256601176384d:0x2f0a57309ef1d101!8m2!3d39.999257!4d-75.2898185!16s%2Fg%2F11w1xxm5jn!19sChIJTTh2EWBWQqkRAdHxnjBXCi8,Wilmy Scapes,5.0,14,Landscaper,,,https://wilmyscapes.com/,+1 610-955-3348,Closes soon · 5 pm · Opens 9 am Thu,,,https://lh3.googleusercontent.com/gps-cs-s/APNQkAHKNhRq6jOmzPJMZNamIX963lw81lI0NNh6wlDdaGkzxQBz5F4rN9-t37-_qqfu14aqxIFk6buiEa_yi_BPZtZ6x_g6BX_i2vChmMRBaBn0CiI-EOu9x2dKKIfFmqYq_uJOjTUsH2c1jCyb=w408-h544-k-no,true,9 am–5 pm,9 am–5 pm,9 am–5 pm,Closed,Closed,9 am–5 pm,9 am–5 pm,"https://www.google.com/maps/search/commercial+landscaping+businesses+in+Spruce+Hill+Philadelphia+PA/@39.9526969,-75.2105791,14z",2026-04-29T20:18:32.257Z,,
https://www.google.com/maps/place/The+Woodlands/data=!4m7!3m6!1s0x89c6c6f5fdaf9f01:0x18988f5a5a1d0136!8m2!3d39.9456674!4d-75.2037873!16zL20vMGNmamJr!19sChIJAZ-v_fXGxokRNgEdWlqPmBg,The Woodlands,4.6,123,Cemetery,"WQWX+Q8, 4000 Woodland Ave, Philadelphia, PA 19104, United States",,http://www.woodlandsphila.org/,+1 215-386-2181,,,,https://lh3.googleusercontent.com/gps-cs-s/APNQkAEdFpdFeWpJhegbvLzijVzmJMlDSXtxj8cn47ZDn5pPpO7bdfzn1w1ew4BZWD83nFQ2eCMQRsCAWPFBkf4HbeGuvjMwxJi-Bjg8rHDLfHvUxhkCQ8xBqpeZ6F4hj8Y9M1tYl756=w408-h271-k-no,true,,,,,,,,"https://www.google.com/maps/search/commercial+landscaping+businesses+in+Spruce+Hill+Philadelphia+PA/@39.9526969,-75.2105791,14z",2026-04-29T20:18:35.043Z,"Trees & buildings from the 1700s around elaborate tombs for noted generals, diplomats & writers.",
https://www.google.com/maps/place/Perfect+touch+landscape+and+tree+service/data=!4m7!3m6!1s0x89c6c13aaf5567cd:0x2419bd15348ad64!8m2!3d39.9646304!4d-75.2845528!16s%2Fg%2F11gb40t9sf!19sChIJzWdVrzrBxokRZK1IU9GbQQI,Perfect touch landscape and tree service,4.3,6,Landscaper,,,http://perfecttouchlandscapepa.com/,+1 610-803-3526,Closes soon · 5 pm · Opens 7 am Thu,,,https://lh3.googleusercontent.com/gps-cs-s/APNQkAEmvM7slLYBidveW6ka1KnLRoWpqXPU9Ybs8bU_rYHJq4ew_s286IWGrZd9w9ioLVavMa7GGw8IEQ2OM-mbSUctqt6tWeZMO4AOajHlOvvh84uAnrwtiYwHGG9XFl-EDff-cBM=w408-h544-k-no,true,6:30 am–5 pm,7 am–5 pm,6 am–5 pm,7:30 am–5 pm,Closed,6:30 am–5 pm,6:30 am–5:30 pm,"https://www.google.com/maps/search/commercial+landscaping+businesses+in+Spruce+Hill+Philadelphia+PA/@39.9526969,-75.2105791,14z",2026-04-29T20:18:39.777Z,,
https://www.google.com/maps/place/Esteban+Full+Landscaping/data=!4m7!3m6!1s0xa20ea1f3e49f6659:0xf7cbd4c583b7af84!8m2!3d39.9340575!4d-75.4065016!16s%2Fg%2F11l2z_wsjd!19sChIJWWaf5POhDqIRhK-3g8XUy_c,Esteban Full Landscaping,,,Landscaper,,,,+1 267-343-2493,Open · Closes 6 pm,,,https://lh3.googleusercontent.com/gps-cs-s/APNQkAHN86VunwQ82vqIrRNgoGSVss21ZVhbtOe8HgLtB-Qcs1R0z9_3JxgbklL6Pa3Ptgq7m1AsaISrL_pI7TXC8wN0I4qQzjI9t42ih_oqz4lGyWxriup0G3Y0HThwNOjwUbs533EO=w408-h379-k-no,true,7 am–6 pm,7 am–6 pm,7 am–6 pm,Closed,Closed,7 am–6 pm,7 am–6 pm,"https://www.google.com/maps/search/commercial+landscaping+businesses+in+Spruce+Hill+Philadelphia+PA/@39.9526969,-75.2105791,14z",2026-04-29T20:18:44.271Z,,
"https://www.google.com/maps/place/Kleen+Kut+Landscaping/@39.9010905,-75.216499,9z/data=!3m1!4b1!4m6!3m5!1s0x89c6c518882976f1:0xab661dfa02aeda3b!8m2!3d39.9010905!4d-75.216499!16s%2Fg%2F11h6q8374h",Kleen Kut Landscaping,1.0,2,Landscaper,,,,+1 267-259-2373,Open · Closes 8 pm,,,,true,7 am–8 pm,7 am–8 pm,7 am–8 pm,7 am–8 pm,10 am–5 pm,7 am–8 pm,7 am–8 pm,"https://www.google.com/maps/search/commercial+landscaping+businesses+in+Spruce+Hill+Philadelphia+PA/@39.9526969,-75.2105791,14z",2026-04-29T20:18:51.325Z,,
https://www.google.com/maps/place/Two+Brothers+Landscape+%26+Tree+Service/data=!4m7!3m6!1s0x4abc85bd2e4c94d5:0xfe03c015121d254d!8m2!3d39.9595879!4d-75.27264!16s%2Fg%2F11y4350b5s!19sChIJ1ZRMLr2FvEoRTSUdEhXAA_4,Two Brothers Landscape & Tree Service,4.6,11,Landscaper,,,https://www.2brotherstreeservices.com/,+1 610-931-8912,,,,https://lh3.googleusercontent.com/gps-cs-s/APNQkAEXLby1pFRRzVHZo3qznbWh8bVhudi-hvMVXK8fTsmifi2Rjn7y0SuNaz3Lwva-TNn3EmNMpEnYQkT1cGOHZ_ZJwTuXdKMqkizQIsJOGfo9BI-DlQVHqOQ9FJna4KPBLyg2W2d5=w408-h510-k-no,true,,,,,,,,"https://www.google.com/maps/search/commercial+landscaping+businesses+in+Spruce+Hill+Philadelphia+PA/@39.9526969,-75.2105791,14z",2026-04-29T20:18:53.915Z,,
https://www.google.com/maps/place/Javier%27s+Landscaping/data=!4m7!3m6!1s0x45c0424a9ab321f:0x4679a896fec30ff9!8m2!3d40.0023575!4d-75.3266311!16s%2Fg%2F11ssj_t8dv!19sChIJHzKrqSQEXAQR-Q_D_paoeUY,Javier's Landscaping,5.0,1,Landscaper,,,,+1 267-456-2415,Closes soon · 5 pm · Opens 7 am Thu,,,https://lh3.googleusercontent.com/gps-cs-s/APNQkAE-tTbsf_hmvTAeftycwkuShyn47IQ5tecPJP-k-ygn5VjFT_8OXEXPqj7_1PqdL4o53k3LC4DT5RTWRrL43r_0cW1QJgx-hkySNbzSGxsdcKo2snTHPsVDLYldgI02cLglZEdi=w408-h544-k-no,true,7 am–5 pm,7 am–5 pm,7 am–5 pm,7 am–5 pm,Closed,7 am–5 pm,7 am–5 pm,"https://www.google.com/maps/search/commercial+landscaping+businesses+in+Spruce+Hill+Philadelphia+PA/@39.9526969,-75.2105791,14z",2026-04-29T20:18:58.499Z,,
https://www.google.com/maps/place/Two+Brothers+Landscape+%26+Tree+Service/data=!4m7!3m6!1s0x411b7e36a288bd37:0xfe7fa57b21522be0!8m2!3d40.1648635!4d-75.4290955!16s%2Fg%2F11yfychtnk!19sChIJN72IojZ-G0ER4CtSIXulf_4,Two Brothers Landscape & Tree Service,4.6,10,Lawn care service,,,https://twobrotherstreeservicepa.com/,+1 610-931-8912,Closes soon · 5 pm · Opens 7 am Thu,,,https://lh3.googleusercontent.com/gps-cs-s/APNQkAENKP38Go4Fgvi715dHLY01HWsF7TeqhKFJYOw342Gq9l-cb2nCaSaVHsTk-F6Q032qpnbA2ST_kHUVIZ-DSw6DTIMKSj3ke-DYUylMpTgS-XAg5szNtKbeEtJXH7I_8wVCmGVZ4EDbgDLh=w408-h408-k-no,true,7 am–5 pm,7 am–5 pm,7 am–5 pm,8 am–4 pm,Closed,7 am–5 pm,7 am–5 pm,"https://www.google.com/maps/search/commercial+landscaping+businesses+in+Spruce+Hill+Philadelphia+PA/@39.9526969,-75.2105791,14z",2026-04-29T20:19:03.309Z,,
https://www.google.com/maps/place/Pollard+Landscaping/data=!4m7!3m6!1s0x89c6c162711b408d:0x6ba5d77e585870cc!8m2!3d39.9340575!4d-75.4065016!16s%2Fg%2F11lh5pqm4q!19sChIJjUAbcWLBxokRzHBYWH7XpWs,Pollard Landscaping,5.0,7,Landscaper,,,,+1 267-225-7552,Closes soon · 5 pm · Opens 7 am Thu,,true,https://lh3.googleusercontent.com/gps-cs-s/APNQkAH2EczNmG-QFCUTHwaV721eMSLFEj-6b1juLl6izqKOENdbcJEE5sQFeoLr-jOpdD7qwNwlpSPZARxDC6ry5IjD6QhevL-X7sPVf5gqvG1gy85TZ9ec_Y157DhYpeIoANML90-q4w=w426-h240-k-no,true,7 am–5 pm,7 am–5 pm,7 am–5 pm,8 am–5 pm,Closed,7 am–5 pm,7 am–5 pm,"https://www.google.com/maps/search/commercial+landscaping+businesses+in+Spruce+Hill+Philadelphia+PA/@39.9526969,-75.2105791,14z",2026-04-29T20:19:07.895Z,,
https://www.google.com/maps/place/Workhorse+Landscaping/data=!4m7!3m6!1s0x89c14d8b69f38f3f:0x5017da2c123b1f10!8m2!3d40.002498!4d-75.1180146!16s%2Fg%2F11px95vlhy!19sChIJP4_zaYtNwYkREB87EizaF1A,Workhorse Landscaping,5.0,79,Landscaper,,,http://www.workhorselandscaping.green/,+1 215-673-3444,Open · Closes 6 pm,,,https://lh3.googleusercontent.com/gps-cs-s/APNQkAH-sg-jsh2yiPs1fVeubIz3lT4jJIdTXsmF-4QhO3HWU4t8Znn2ekkYMrNUC955LgI4TVh5FpDgGMMujwb02VMvINNqxtUbT5N4nqsRhFEBIeL2NebUxeeySSyZ-9a4-MUcaGYo=w426-h240-k-no,true,8 am–6 pm,8 am–6 pm,8 am–6 pm,9 am–3 pm,9 am–3 pm,8 am–6 pm,8 am–6 pm,"https://www.google.com/maps/search/commercial+landscaping+businesses+in+Spruce+Hill+Philadelphia+PA/@39.9526969,-75.2105791,14z",2026-04-29T20:19:12.932Z,,
https://www.google.com/maps/place/Next+Level+Landscaping/data=!4m7!3m6!1s0x89c6c13975fb5965:0x5c3a99dae05a5f93!8m2!3d39.9365966!4d-75.5857995!16s%2Fg%2F11q4k2vnvh!19sChIJZVn7dTnBxokRk19a4NqZOlw,Next Level Landscaping,5.0,29,Landscaper,,,https://www.nextlevellandscaping.co/,+1 484-643-3285,Open · Closes 7 pm,,,https://lh3.googleusercontent.com/gps-cs-s/APNQkAG19qb8GxbLrTeqBhNFDQjag2NUW7A-ARsv4D0XwEZ2fZAcKW1ostY-wADJdeJuiJS9C7_abeeHxDYIqE6pi5tboc8DVPHP4pr1PCnAhxm4hafR1k9ndCCVo3PY_G0Ut-QW29DFY5ql8Vs7=w767-h240-k-no,true,5 am–7 pm,5 am–7 pm,5 am–7 pm,5 am–7 pm,5 am–7 pm,5 am–7 pm,5 am–7 pm,"https://www.google.com/maps/search/commercial+landscaping+businesses+in+Walnut+Hill+Philadelphia+PA/@39.9549215,-75.2172758,14z",2026-04-29T20:19:33.388Z,,
https://www.google.com/maps/place/Delco+Mulch+and+Supply+LLC/data=!4m7!3m6!1s0x89c6c10e03a7f61f:0xd4fb6f14f30fc3af!8m2!3d39.9601652!4d-75.2831376!16s%2Fg%2F11f0k_89lh!19sChIJH_anAw7BxokRr8MP8xRv-9Q,Delco Mulch and Supply LLC,4.8,116,Firewood supplier,"1720 S State Rd, Upper Darby Township, PA 19082, United States","XP68+3P Drexel Hill, Pennsylvania, USA",http://delcomulch.com/,+1 610-352-8008,Closes soon · 5 pm · Opens 7 am Thu,,,https://lh3.googleusercontent.com/gps-cs-s/APNQkAH70TlY2HhEWjd203ZbzSnt7KN4NldxYFtSAfimnC1vdHDTs9NEIVnztA9WKHOj6JCQdjxjERpPjB7rvsuc0UK0-X633aK1TCFhFxoJIjoRb_v5qB27BwIvpMxvqOkW2m_RwS5pQQ=w408-h306-k-no,true,7 am–5 pm,7 am–5 pm,7 am–5 pm,7 am–4 pm,8 am–4 pm,7 am–5 pm,7 am–5 pm,"https://www.google.com/maps/search/commercial+landscaping+businesses+in+Walnut+Hill+Philadelphia+PA/@39.9549215,-75.2172758,14z",2026-04-29T20:19:38.153Z,,
https://www.google.com/maps/place/Robert+O%27Sullivan+Landscape+Contractors/data=!4m7!3m6!1s0x89c6c11a73e0a5d7:0xa829ca1f8ae4f38c!8m2!3d39.964443!4d-75.2794428!16s%2Fg%2F1thvtnh0!19sChIJ16XgcxrBxokRjPPkih_KKag,Robert O'Sullivan Landscape Contractors,4.3,6,Landscaper,"50 S Madison Ave, Upper Darby Township, PA 19082, United States","XP7C+Q6 Philadelphia, Pennsylvania, USA",http://www.landscapingcontractors.com/,+1 610-789-7675,Open · Closes 7 pm,,,https://lh3.googleusercontent.com/gps-cs-s/APNQkAHDEha8VQZr5125K7chFpDZ2GSYA1ubq7K3jDpkKPY7HF1ajvCTJs4zV0H8kBSgFv9pZRAxFuT73Ug3Uliq7aDiuA-_3p5nN1WNqQiKkGqHPMP3688QOfMkCSrvPWYpvfARlWLQnQ=w480-h240-k-no,true,6 am–7 pm,6 am–7 pm,6 am–7 pm,6 am–5 pm,Closed,6:30 am–7 pm,6 am–7 pm,"https://www.google.com/maps/search/commercial+landscaping+businesses+in+Walnut+Hill+Philadelphia+PA/@39.9549215,-75.2172758,14z",2026-04-29T20:19:42.818Z,,
"https://www.google.com/maps/place/State+Road+Builders+Supply+Co.,+Inc./data=!4m7!3m6!1s0x89c6c10e0c4a898d:0xf7e83d4c18d6d19b!8m2!3d39.9597503!4d-75.2845915!16s%2Fg%2F1td2_dtr!19sChIJjYlKDA7BxokRm9HWGEw96Pc","State Road Builders Supply Co., Inc.",4.6,86,Masonry supply store,"1840 S State Rd, Upper Darby Township, PA 19082, United States","XP58+W5 Drexel Hill, Pennsylvania, USA",https://www.stateroadsupply.com/,+1 610-259-8840,Closed · Opens 6:30 am Thu,,,https://lh3.googleusercontent.com/gps-cs-s/APNQkAGMhsSUloZc3-A4rueY5FZ89di7Vira3yBnuEBoBSe_E290sTuqUSDaV6_VkO87IDKd9MevoWakDaHmERIS_pT6TXQqJ78vfQPm1yBdtyNlyMWok2iCKqj97M_6PD66KE01CbtH=w408-h306-k-no,true,6:30 am–4 pm,6:30 am–4 pm,6:30 am–4 pm,6:30 am–12 pm,Closed,6:30 am–4 pm,6:30 am–4 pm,"https://www.google.com/maps/search/commercial+landscaping+businesses+in+Walnut+Hill+Philadelphia+PA/@39.9549215,-75.2172758,14z",2026-04-29T20:19:47.663Z,· In-store pick-up · Delivery,
https://www.google.com/maps/place/Kener+Landscaping/data=!4m7!3m6!1s0x6980cc54ecfad98b:0xded2e1c997f3575f!8m2!3d40.0841195!4d-75.575869!16s%2Fg%2F11twp8gz0b!19sChIJi9n67FTMgGkRX1fzl8nh0t4,Kener Landscaping,5.0,58,Landscaper,,,https://kenerlandscaping.com/,+1 267-205-6480,Open · Closes 7 pm,,,https://lh3.googleusercontent.com/gps-cs-s/APNQkAE0o2PB3shDCENkMd3wGPL-SS1lcHcXuKsZdiwMOfa7khHjHOmsEsYXv3AVhoc-1dO2Q3s_gSF86y0oCBUGZ6N4RD3KWekAlijhcQmZtRFNi4t6ip7WmQWPK3rwLeCac-7JOkWf=w408-h306-k-no,true,7 am–7 pm,7 am–7 pm,7 am–7 pm,7 am–2 pm,Closed,7 am–7 pm,7 am–7 pm,"https://www.google.com/maps/search/commercial+landscaping+businesses+in+Walnut+Hill+Philadelphia+PA/@39.9549215,-75.2172758,14z",2026-04-29T20:19:52.521Z,,
https://www.google.com/maps/place/Leadway+Landscaping/data=!4m7!3m6!1s0x69bbb681e90e0da9:0x106246630608af1e!8m2!3d39.9006615!4d-75.3118791!16s%2Fg%2F11sj_kmc_c!19sChIJqQ0O6YG2u2kRHq8IBmNGYhA,Leadway Landscaping,5.0,35,Landscaper,,,https://www.leadwaylandscaping.com/,+1 484-680-8189,Open · Closes 6 pm,,,https://lh3.googleusercontent.com/gps-cs-s/APNQkAEgJwCp04CP_e8gv-uE8en8fnIwgOcoTWbtVvOVlhhtiENByVMvVX5VihUBUGnz9heJks9MmOI5asjCxtq3ldfqDgyRw0rD9H0ylQ0JAd1dfTMwb9qazwzrhG4AynoX2WjQ_bLz=w408-h408-k-no,true,7 am–6 pm,7 am–6 pm,7 am–6 pm,Closed,Closed,7 am–6 pm,7 am–6 pm,"https://www.google.com/maps/search/commercial+landscaping+businesses+in+Walnut+Hill+Philadelphia+PA/@39.9549215,-75.2172758,14z",2026-04-29T20:19:57.480Z,,
https://www.google.com/maps/place/XRP+Handyman+%26+Painter/data=!4m7!3m6!1s0x89c6b37d3cddc2c7:0xf9a30543ba9c87c9!8m2!3d39.999894!4d-75.2094179!16s%2Fg%2F11hcdyn3ln!19sChIJx8LdPH2zxokRyYecukMFo_k,XRP Handyman & Painter,5.0,1,Handyman/Handywoman/Handyperson,"3987 W Ford Rd, Philadelphia, PA 19131, United States","XQXR+X6 Philadelphia, Pennsylvania, USA",,+1 215-660-0110,Open · Closes 8 pm,,,https://streetviewpixels-pa.googleapis.com/v1/thumbnail?panoid=XiKZk9Xa0DCRtC9Mt7b7_w&cb_client=search.gws-prod.gps&w=408&h=240&yaw=22.47542&pitch=0&thumbfov=100,false,7 am–8 pm,7 am–8 pm,7 am–8 pm,7 am–8 pm,7 am–8 pm,7 am–8 pm,7 am–8 pm,"https://www.google.com/maps/search/commercial+landscaping+businesses+in+Brewerytown+Philadelphia+PA/@39.9790688,-75.1808035,14z",2026-04-29T20:20:37.436Z,,