placeUrl,title,rating,reviewCount,category,address,plusCode,website,phoneNumber,currentStatus,info,imgUrl,isClaimed,tuesday,wednesday,thursday,friday,saturday,sunday,monday,query,timestamp,attributes,isBlackOwned,error
https://www.google.com/maps/place/Tall+Timbers+Tree+%26+Shrub+Service/data=!4m7!3m6!1s0x87134afea6781297:0x5fda43928a612503!8m2!3d38.8542667!4d-104.8841984!16s%2Fg%2F1wb8v49x!19sChIJlxJ4pv5KE4cRAyVhipJD2l8,Tall Timbers Tree & Shrub Service,4.8,444,Tree service,"3616 W High St, Colorado Springs, CO 80904, United States","V438+P8 Colorado Springs, Colorado, USA",http://talltimberstreeservice.com/,+1 719-528-8141,Closed · Opens 7:30 am Wed,Identifies as women-owned,https://lh3.googleusercontent.com/gps-cs-s/APNQkAF9Qsdsrb-ctU0omqBUDtMyUhLU4kla6gAN66WRcAVRnLDSNbJWbPohrrL1LYd_PE3VPGRFCt7jBNvv0hR27OvwRDMFNp4mn6c23lFJkjBXlUUnrZsPy5kGFptA56t81dpaA2Gl=w408-h306-k-no,true,7:30 am–4 pm,7:30 am–4 pm,7:30 am–4 pm,8 am–4 pm,Closed,Closed,7:30 am–4 pm,"https://www.google.com/maps/search/tree+service+businesses+in+Manitou+Springs+Colorado+Springs+CO/@38.8575579,-104.9128177,14z",2026-04-29T04:33:41.671Z,,,
https://www.google.com/maps/place/Hawk+Tree+Service/data=!4m7!3m6!1s0x87135bb1aba24d77:0x558c41d9ac4b3f99!8m2!3d38.8599886!4d-104.8647075!16s%2Fg%2F11x7wjr3s5!19sChIJd02iq7FbE4cRmT9LrNlBjFU,Hawk Tree Service,4.8,38,Tree service,"715 N 30th St, Colorado Springs, CO 80904, United States","V45P+X4 Colorado Springs, Colorado, USA",https://hawktreeserviceco.com/,+1 719-323-7475,,,https://lh3.googleusercontent.com/gps-cs-s/APNQkAGLAdjU_BUgXVs750BV8D3L7KxawG57R4myNaM9ivVLbOKasFRj5krW8G0FuIJ5WgS55r6_E-p3YxArH2q9jLIFPX6ziOW89SpIIjZM5jJolqS3qsUSzzSf0zyWBCLadUrsgoIYR9WfLZUq=w408-h306-k-no,true,,,,,,,,"https://www.google.com/maps/search/tree+service+businesses+in+Manitou+Springs+Colorado+Springs+CO/@38.8575579,-104.9128177,14z",2026-04-29T04:33:47.241Z,,,
https://www.google.com/maps/place/MES+Tree+Service/data=!4m7!3m6!1s0x8713514f7c66085d:0x3d0245864d3500f8!8m2!3d38.859995!4d-104.9181122!16s%2Fg%2F11sq69lmcx!19sChIJXQhmfE9RE4cR-AA1TYZFAj0,MES Tree Service,1.0,1,Tree service,"307 Cañon Ave, Manitou Springs, CO 80829, United States","V35J+XQ Manitou Springs, Colorado, USA",,,Open 24 hours,,https://lh3.googleusercontent.com/gps-cs-s/APNQkAE3z81x1qSQBNHE3ZfazZQph7m728NuLY2Vzu_hemIs3Kw5NPw2wG-muXF-Cwe60gYYhiSkLLOXq-QVOksVJS1S57_RLwjUdrf4wH7qF8NPDBVbh_ZhxcLEAJ9IWMbx0qyXQnqGjA=w408-h544-k-no,false,Open 24 hours,Open 24 hours,Open 24 hours,Open 24 hours,Open 24 hours,Closed,Open 24 hours,"https://www.google.com/maps/search/tree+service+businesses+in+Manitou+Springs+Colorado+Springs+CO/@38.8575579,-104.9128177,14z",2026-04-29T04:33:52.583Z,,,
https://www.google.com/maps/place/All+The+Above+Trees+LLC/data=!4m7!3m6!1s0x871344d96c502073:0x836136b992069034!8m2!3d38.8202052!4d-104.8299241!16s%2Fg%2F11c58q0z23!19sChIJcyBQbNlEE4cRNJAGkrk2YYM,All The Above Trees LLC,4.9,194,Tree service,"946 S Sierra Madre St, Colorado Springs, CO 80903, United States","R5CC+32 Colorado Springs, Colorado, USA",https://www.alltheabovetrees.com/,+1 719-389-0576,Closed · Opens 8 am Wed,,https://lh3.googleusercontent.com/gps-cs-s/APNQkAE401EklBCipk2GahoApvsTnYGRAFjgrwm8Kzvp_b8jBZAkwp1Q7vUvd2RmXECKSGGT2rSwB4P1FMxZXpWMOn4Ad7DCt5NbGcaeCxraB1M7exVNLKEgtmYQQesP7sI3J667WyL4FtkQZCZK=w408-h544-k-no,true,8 am–6 pm,8 am–6 pm,8 am–6 pm,8 am–6 pm,8 am–6 pm,Closed,8 am–6 pm,"https://www.google.com/maps/search/tree+service+businesses+in+Manitou+Springs+Colorado+Springs+CO/@38.8575579,-104.9128177,14z",2026-04-29T04:33:57.441Z,,,
https://www.google.com/maps/place/Altitude+Tree+Services/data=!4m7!3m6!1s0x87135a9d5d1c378d:0xaaa72152f5693b10!8m2!3d38.858222!4d-104.8791892!16s%2Fg%2F12616n_6n!19sChIJjTccXZ1aE4cREDtp9VIhp6o,Altitude Tree Services,5.0,5,Tree service,"3402 W Kiowa St, Colorado Springs, CO 80904, United States","V45C+78 Colorado Springs, Colorado, USA",https://altitudetreeservices.godaddysites.com/,+1 719-502-1392,Closed · Opens 7 am Wed,,https://lh3.googleusercontent.com/gps-cs-s/APNQkAHXXDdsHXfXNg6Gzdhrn6ru4VcCkwy30pG62i6PCOj-g-oq8ra9R9n37hgT8kcWaDw9LuvA6SjE113lPMfl7rmnYo5O6KCnuB6UYSTbWihdMZoJpunll4wvWYm5aRAmdiYRuf9Y=w408-h725-k-no,true,7 am–7 pm,7 am–7 pm,7 am–7 pm,7 am–7 pm,7 am–7 pm,7 am–7 pm,7 am–7 pm,"https://www.google.com/maps/search/tree+service+businesses+in+Manitou+Springs+Colorado+Springs+CO/@38.8575579,-104.9128177,14z",2026-04-29T04:34:02.342Z,,,
https://www.google.com/maps/place/ARS+Tree+%26+Shrub+Services/data=!4m7!3m6!1s0x87135b72fe8077d9:0x389abab1cfec5ca0!8m2!3d38.8426658!4d-104.8514621!16s%2Fg%2F11k7wkh64k!19sChIJ2XeA_nJbE4cRoFzsz7G6mjg,ARS Tree & Shrub Services,5.0,17,Tree service,"14 N 18th St, Colorado Springs, CO 80904, United States","R4VX+3C Colorado Springs, Colorado, USA",,+1 719-896-9265,Closed · Opens 8 am Wed,,https://lh3.googleusercontent.com/gps-cs-s/APNQkAHJ8BMAKO4P-XIAlGfv6Cp3SqFwHhquY7d7_P1tlk7eBUUxR15knbYOfGuu1H4xT8ZEIklO1SPC02BLKfmD0bQPzElIh_4nV3XS1TL0n96cBF_sdHSZXorEMzCYOcJSi6XvlGmrSdWm9ODY=w408-h544-k-no,true,8 am–6 pm,8 am–6 pm,8 am–6 pm,8 am–6 pm,8 am–3 pm,Closed,8 am–6 pm,"https://www.google.com/maps/search/tree+service+businesses+in+Manitou+Springs+Colorado+Springs+CO/@38.8575579,-104.9128177,14z",2026-04-29T04:34:07.219Z,,,
https://www.google.com/maps/place/King+Tree+Service/data=!4m7!3m6!1s0x87134f3aaaaaaaab:0xae5904de97ffff9c!8m2!3d38.9001624!4d-104.8244401!16s%2Fg%2F113fgbvr4!19sChIJq6qqqjpPE4cRnP__l94EWa4,King Tree Service,4.8,180,Tree service,"4795 Mark Dabling Blvd, Colorado Springs, CO 80918, United States","W52G+36 Colorado Springs, Colorado, USA",https://kingtreecolorado.com/,+1 719-265-1704,Closed · Opens 8 am Wed,Identifies as veteran-owned,https://lh3.googleusercontent.com/gps-cs-s/APNQkAGVKB5Yxee3YEEMxCRvie_NedfHzyEN1290B_Ozdls5qc_H4hN9vuPziVtSYmSf1EJZzuSAWBfvgo1NyIUM0_RqWFoHRiByL4esDFn0o3MCCXUMFaLmaJd22pp3FwdgUqDdhznxKFglSFI=w426-h240-k-no,true,8 am–4 pm,8 am–4 pm,8 am–4 pm,8 am–4 pm,Closed,Closed,8 am–4 pm,"https://www.google.com/maps/search/tree+service+businesses+in+Manitou+Springs+Colorado+Springs+CO/@38.8575579,-104.9128177,14z",2026-04-29T04:34:12.067Z,,,
https://www.google.com/maps/place/Mr.+Stump+Tree+Service/data=!4m7!3m6!1s0x876cada9a8133f93:0x4461b7c5f40dc124!8m2!3d38.8048584!4d-104.7933375!16s%2Fg%2F1td1qckz!19sChIJkz8TqKmtbIcRJMEN9MW3YUQ,Mr. Stump Tree Service,5.0,140,Tree service,"2102 Janitell Rd, Colorado Springs, CO 80906, United States","R634+WM Colorado Springs, Colorado, USA",http://www.mrstumptreeservice.com/,+1 719-481-2500,Closed · Opens 8 am Wed,,https://lh3.googleusercontent.com/gps-cs-s/APNQkAHyts63n77eETgOGDicKjHP57AId-HzNiGoKbZm_Dvwx6BZGqJg2Qb0emFPUnCgMWQIJuBzMVC2NmTT-f7fdPb3lWHj5GKa72MmzDMlBMtCFOIe-q6dSfGLRfztxSPrZD54ofp3UogKJwj-=w408-h408-k-no,true,8 am–8 pm,8 am–8 pm,8 am–8 pm,8 am–8 pm,9 am–5 pm,Closed,8 am–8 pm,"https://www.google.com/maps/search/tree+service+businesses+in+Manitou+Springs+Colorado+Springs+CO/@38.8575579,-104.9128177,14z",2026-04-29T04:34:17.148Z,,,
https://www.google.com/maps/place/A-Class+Tree+Service+LLC/data=!4m7!3m6!1s0x87134f9a37f91e43:0x5c563726775367f0!8m2!3d38.8820109!4d-104.8082898!16s%2Fg%2F1tdk10rv!19sChIJQx75N5pPE4cR8GdTdyY3Vlw,A-Class Tree Service LLC,4.9,101,Tree service,"913 Nichols Blvd, Colorado Springs, CO 80907, United States","V5JR+RM Colorado Springs, Colorado, USA",http://aclasstreeservice.com/,+1 719-649-3366,Open 24 hours,,https://lh3.googleusercontent.com/gps-cs-s/APNQkAEuWycaoq5BeLKj0_3cjr1x4_SqfPG-cwTWkzc8rImgj25fFyMPkWdmwOufcYtENHTXFBPUbbHMNn5w3Ro2In7r2dJD8c4GRMm50ALKdSsiwd2ps-ThlR-FeWYUd07zTyP2BIX5=w408-h565-k-no,true,Open 24 hours,Open 24 hours,Open 24 hours,Open 24 hours,Open 24 hours,Open 24 hours,Open 24 hours,"https://www.google.com/maps/search/tree+service+businesses+in+Manitou+Springs+Colorado+Springs+CO/@38.8575579,-104.9128177,14z",2026-04-29T04:34:22.389Z,,,
https://www.google.com/maps/place/EverGreen+Outdoor+-+Tree+Removal+%26+Fire+Mitigation/data=!4m7!3m6!1s0x8d1fbb10277d9be7:0x413de006f49c7123!8m2!3d38.846599!4d-104.82229!16s%2Fg%2F11rmx3kjfq!19sChIJ55t9JxC7H40RI3Gc9AbgPUE,EverGreen Outdoor - Tree Removal & Fire Mitigation,4.9,155,Tree service,,,https://www.evergreenoutdoorco.com/,+1 719-258-0575,,,https://lh3.googleusercontent.com/gps-cs-s/APNQkAEWMnyZkICAmovJHOiOXBssLsypno4dtHzJ6UL5nPtWUxwsp7bh9jVo7A-j6aqgIh7P2Xza1GJOk8OkFRejAEho73vXpyb8XujEpxB6MFH2HP9xT7INA3nUzBJINcq177sf1At89uH-jUec=w408-h544-k-no,true,,,,,,,,"https://www.google.com/maps/search/tree+service+businesses+in+Manitou+Springs+Colorado+Springs+CO/@38.8575579,-104.9128177,14z",2026-04-29T04:34:27.075Z,,,
https://www.google.com/maps/place/Black+Bear+Tree+Care/data=!4m7!3m6!1s0x87134fb7f32da695:0x4b73133641302531!8m2!3d38.8900288!4d-104.7599158!16s%2Fg%2F11h_cmk3hx!19sChIJlaYt87dPE4cRMSUwQTYTc0s,Black Bear Tree Care,5.0,155,Tree service,"3609 Austin Bluffs Pkwy #31, Colorado Springs, CO 80918, United States","V6RR+22 Colorado Springs, Colorado, USA",https://www.bbtreecare.com/,+1 719-695-8828,Closed · Opens 8 am Wed,,https://lh3.googleusercontent.com/gps-cs-s/APNQkAGkEAOjbbAOGfWaiPsZ0dYkP473-KnhsWfDCI0-phGCl7GxYXBeJ_DSxT0XaQBVjqg_sqW_A2hdqjGtgKHDLVcjp175L2v2i3_kf_eMTYhWL6duh9KXP_ZmdS6PgkLkYEa-rBhfnSrqDhl9=w408-h544-k-no,true,8 am–5 pm,8 am–5 pm,8 am–5 pm,8 am–5 pm,Closed,Closed,8 am–5 pm,"https://www.google.com/maps/search/tree+service+businesses+in+Manitou+Springs+Colorado+Springs+CO/@38.8575579,-104.9128177,14z",2026-04-29T04:34:31.745Z,,,
https://www.google.com/maps/place/Garrett+Tree+Service/data=!4m7!3m6!1s0x8713459633a8a5d7:0x8f90d97a8b3e179c!8m2!3d38.875789!4d-104.752089!16s%2Fg%2F11fmzk3zc6!19sChIJ16WoM5ZFE4cRnBc-i3rZkI8,Garrett Tree Service,5.0,312,Tree service,,,https://garretttree.com/,+1 719-696-0787,Closed · Opens 8 am Wed,,https://lh3.googleusercontent.com/gps-cs-s/APNQkAEjsD3Yob49PQcOLhhWsQas8UnN2KRwBT3p9iJORvZLhOVMVHFl3l-KXp_gG0EGO2D482lCglBNz9OTNcnEBoafCb9enpEU7ERD9CMQgjhEsIDUFEh0n5TIMoM7_Yh17sxkvzvrwA=w408-h544-k-no,true,8 am–5 pm,8 am–5 pm,8 am–5 pm,8 am–5 pm,Closed,Closed,8 am–5 pm,"https://www.google.com/maps/search/tree+service+businesses+in+Manitou+Springs+Colorado+Springs+CO/@38.8575579,-104.9128177,14z",2026-04-29T04:34:36.458Z,,,
https://www.google.com/maps/place/Tree+Artisans/data=!4m7!3m6!1s0x87135c8555555555:0x7f391afb6d4ba06f!8m2!3d38.9562801!4d-104.7214926!16s%2Fg%2F11b7cb_07n!19sChIJVVVVVYVcE4cRb6BLbfsaOX8,Tree Artisans,4.8,121,Tree service,"5637 Cross Creek Dr, Colorado Springs, CO 80924, United States","X74H+GC Colorado Springs, Colorado, USA",https://www.treeartisans.com/,+1 719-822-6733,Closed · Opens 8:30 am Wed,,https://lh3.googleusercontent.com/gps-cs-s/APNQkAFzB6dZc55-8J-Kj3RLI10uHGvZM0fR8VSeEFBSAbE9872U92JCOkVD6hsxrmgF9EtRcUyQ2l57ZVYCejUlbGUT70LMB7xcM8b0EnouGCEktx-n3RqKeMcHP0uxkrZG7LH3TQxg=w408-h306-k-no,true,8:30 am–5:30 pm,8:30 am–5:30 pm,8:30 am–5:30 pm,8:30 am–5:30 pm,Closed,Closed,8:30 am–5:30 pm,"https://www.google.com/maps/search/tree+service+businesses+in+Manitou+Springs+Colorado+Springs+CO/@38.8575579,-104.9128177,14z",2026-04-29T04:34:41.272Z,,,
https://www.google.com/maps/place/Manitou+Tree+Co./data=!4m7!3m6!1s0xd624416ca01cc89:0xdf459e70ceae27c4!8m2!3d38.9113639!4d-104.925239!16s%2Fg%2F11qgjx5pkg!19sChIJicwByhZEYg0RxCeuznCeRd8,Manitou Tree Co.,5.0,3,Tree service,,,,+1 719-900-2795,Open 24 hours,LGBTQ+ friendly,https://lh3.googleusercontent.com/gps-cs-s/APNQkAEK0GfOagToZ0CXF4cZ_-bfxah2mwd6qXnFpwWLgAdf7Q9L_iwpSg43HVDAaqaZPrctKBrnRxMhfpvjqfND1NjQIZr3F3cUdoXWtBQeAwhCrwyrAgFuHRJ9PMFP8JCIJ1p44hf03Q=w408-h544-k-no,true,Open 24 hours,Open 24 hours,Open 24 hours,Open 24 hours,Open 24 hours,Open 24 hours,Open 24 hours,"https://www.google.com/maps/search/tree+service+businesses+in+Manitou+Springs+Colorado+Springs+CO/@38.8575579,-104.9128177,14z",2026-04-29T04:34:45.980Z,,,
https://www.google.com/maps/place/Woodland+Tree+Service/data=!4m7!3m6!1s0x876b55f7e2581cdb:0xb883cb348c1fbca5!8m2!3d39.004376!4d-105.0314209!16s%2Fg%2F11r7wtlpjb!19sChIJ2xxY4vdVa4cRpbwfjDTLg7g,Woodland Tree Service,5.0,104,Tree service,,,http://woodlandtreeremoval.com/,+1 719-748-6756,Closed · Opens 8 am Wed,,https://lh3.googleusercontent.com/gps-cs-s/APNQkAEwu5Q3XlowiwlvigxlpDWJQkaYv3y_OF5eqBqfHpCmlyQnFL_yb_cLu_8UfYMtSc8Pr40mZWmX6eLw0vucMzcmG-swelbSzu6b3kXZjEbMDIGBobud5Klg-5L8jtVde2CRpCeF=w408-h544-k-no,true,8 am–5 pm,8 am–5 pm,8 am–5 pm,8 am–5 pm,8 am–5 pm,Closed,8 am–5 pm,"https://www.google.com/maps/search/tree+service+businesses+in+Woodland+Park+Colorado+Springs+CO/@38.9938808,-105.0569301,14z",2026-04-29T04:35:06.544Z,,,
https://www.google.com/maps/place/Evergreen+Tree+Service+LLC/data=!4m7!3m6!1s0x8714ab225138b539:0x8a27df34fb57b350!8m2!3d38.82474!4d-104.690975!16s%2Fg%2F11j03bq8bm!19sChIJObU4USKrFIcRULNX-zTfJ4o,Evergreen Tree Service LLC,5.0,12,Tree service,,,http://www.evergreentreeservicellc.com/,+1 719-332-7516,Closed · Opens 9 am Wed,,https://lh3.googleusercontent.com/gps-cs-s/APNQkAFJyYwzLbri4brbQOzTFosgHVO7bZVwDLNQFxZigzFV9-LKJMIwTPrFIt3bST2VpInsrQrsBcchQDuGWcpUI2XoKpMNo5OqrDGWQtrvk1Oz6E6dKiGoBuQFkg60wKdoXGP70cEE=w408-h306-k-no,true,9 am–5 pm,9 am–5 pm,9 am–5 pm,9 am–5 pm,Closed,Closed,9 am–5 pm,"https://www.google.com/maps/search/tree+service+businesses+in+Woodland+Park+Colorado+Springs+CO/@38.9938808,-105.0569301,14z",2026-04-29T04:35:11.356Z,,,
https://www.google.com/maps/place/Evergreen+Excavation/data=!4m7!3m6!1s0x8714abde651f95e1:0xb10e9114246f6fbb!8m2!3d38.9785062!4d-105.0991742!16s%2Fg%2F11vymtvj6_!19sChIJ4ZUfZd6rFIcRu29vJBSRDrE,Evergreen Excavation,,,Arborist service,"3779 Trout Creek Rd, Woodland Park, CO 80863, United States","XWH2+C8 Woodland Park, Colorado, USA",https://evergreenexcavation.net/,+1 719-270-0245,Closed · Opens 8 am Wed,Identifies as veteran-owned,https://streetviewpixels-pa.googleapis.com/v1/thumbnail?panoid=h8I3YZHh7xoPBu8vSIYL3g&cb_client=search.gws-prod.gps&w=408&h=240&yaw=328.35342&pitch=0&thumbfov=100,true,8 am–6 pm,8 am–6 pm,8 am–6 pm,8 am–6 pm,10 am–4 pm,10 am–4 pm,8 am–6 pm,"https://www.google.com/maps/search/tree+service+businesses+in+Woodland+Park+Colorado+Springs+CO/@38.9938808,-105.0569301,14z",2026-04-29T04:35:15.945Z,,,
https://www.google.com/maps/place/Affordable+Tree+and+Shrub+Experts/data=!4m7!3m6!1s0x87134fdcafe8ee43:0xe3354abbc8cd27d7!8m2!3d38.713224!4d-104.8355106!16s%2Fg%2F11c545rthv!19sChIJQ-7or9xPE4cR1yfNyLtKNeM,Affordable Tree and Shrub Experts,4.8,537,Tree service,,,https://affordabletreeandshrub.com/,+1 719-598-8907,Closed · Opens 7 am Wed,,https://lh3.googleusercontent.com/gps-cs-s/APNQkAEUM7pZolgXhWwOcxUZvbbr1_1WGDfRe6WYdh1ZJJWdhRvsArrTizTew2DBO-dTIofVkuHaB9T1UH5GIagAzpIZc45rmC6z6rRkgUM4kOEF9vaF7uSJT0MXbdT1425jbfsJVmKx=w426-h240-k-no,true,7 am–5 pm,7 am–5 pm,7 am–5 pm,7 am–5 pm,Closed,Closed,7 am–5 pm,"https://www.google.com/maps/search/tree+service+businesses+in+Woodland+Park+Colorado+Springs+CO/@38.9938808,-105.0569301,14z",2026-04-29T04:35:20.770Z,,,
https://www.google.com/maps/place/Avalanche+Tree+Service+Ltd/data=!4m7!3m6!1s0x8713453ca3e89b79:0x1a20dc5a8455865e!8m2!3d38.8604207!4d-104.7590798!16s%2Fg%2F11x2qrmb7c!19sChIJeZvoozxFE4cRXoZVhFrcIBo,Avalanche Tree Service Ltd,5.0,69,Tree service,"1919 Sussex Ln, Colorado Springs, CO 80909, United States","V66R+59 Colorado Springs, Colorado, USA",https://www.avalanchelc.com/,+1 719-644-4931,Closed · Opens 8 am Wed,,https://lh3.googleusercontent.com/gps-cs-s/APNQkAEjmHvdo2N7ICJ_VRq9ZUYGiWJbx-pcxKYIq3jM7YPDyeene3aBoyrDA_GhgOJRQii61LBMY4fU-IcvtPbcDTU4A0khGAVeew-Ic0d9RGJhB0DhriBCQwTiJ0CLFijS0zGO8o_OYQ=w408-h544-k-no,true,8 am–8 pm,8 am–8 pm,8 am–8 pm,8 am–8 pm,8 am–8 pm,Closed,8 am–8 pm,"https://www.google.com/maps/search/tree+service+businesses+in+Woodland+Park+Colorado+Springs+CO/@38.9938808,-105.0569301,14z",2026-04-29T04:35:25.619Z,,,
https://www.google.com/maps/place/Complete+Tree+Service/data=!4m7!3m6!1s0x87134f3aaaaaaaab:0xeb2a36e00d01e466!8m2!3d39.0753526!4d-104.7374506!16s%2Fg%2F1tc_rgmx!19sChIJq6qqqjpPE4cRZuQBDeA2Kus,Complete Tree Service,4.9,380,Tree service,,,http://www.completetreecolorado.com/,+1 719-314-9586,Closed · Opens 8 am Wed,,https://lh3.googleusercontent.com/gps-cs-s/APNQkAHheQWfYldZSoL166qoKSnJlOQqEd5MsfRSThZZUhzCgrz0hLYftPDytpYSxybVfU-Y1RUYJMQv7aBiR79IW6ztJn_ZN0RdHyltn9J7Vs3Zt0ajPUWvLZVK7a6i43M0rEoAjMe5gA=w408-h408-k-no,true,8 am–5 pm,8 am–5 pm,8 am–5 pm,8 am–5 pm,Closed,Closed,8 am–5 pm,"https://www.google.com/maps/search/tree+service+businesses+in+Woodland+Park+Colorado+Springs+CO/@38.9938808,-105.0569301,14z",2026-04-29T04:35:30.500Z,,,
https://www.google.com/maps/place/Above+The+Clouds+Trees+LLC/data=!4m7!3m6!1s0x8714ab806b6b53b7:0x337619cee21b42f8!8m2!3d38.9948773!4d-105.0565177!16s%2Fg%2F11ygj2xvf1!19sChIJt1Nra4CrFIcR-EIb4s4ZdjM,Above The Clouds Trees LLC,5.0,15,Tree service,"321 W Henrietta Ave UNIT F, Woodland Park, CO 80863, United States","XWVV+X9 Woodland Park, Colorado, USA",http://www.abovethecloudstrees.com/,+1 719-661-3011,Open 24 hours,,https://lh3.googleusercontent.com/gps-cs-s/APNQkAG4GUwzCJMSpMSKI4Z9BVrmOqHOTsiX2G_pLF8GK0oxZtsN8zVS8P07n7fSSjLtbn9otf7iQk8Yx5jwshjGZ9E0t53X_nyN36z0FZcjASR35VVNFYl_qxWiGLJJireWCjrJL6OZWEHym4Q6=w408-h543-k-no,true,Open 24 hours,Open 24 hours,Open 24 hours,Open 24 hours,Open 24 hours,Open 24 hours,Open 24 hours,"https://www.google.com/maps/search/tree+service+businesses+in+Woodland+Park+Colorado+Springs+CO/@38.9938808,-105.0569301,14z",2026-04-29T04:35:35.398Z,,,
https://www.google.com/maps/place/Integrity+Tree+%26+Home+Care+LLC./data=!4m7!3m6!1s0x243973230579937b:0x1f19e6ffd4dee990!8m2!3d38.9843687!4d-105.065473!16s%2Fg%2F11x62yfktz!19sChIJe5N5BSNzOSQRkOne1P_mGR8,Integrity Tree & Home Care LLC.,5.0,1,Tree service,"1010 US-24, Woodland Park, CO 80863, United States","XWMM+PR Woodland Park, Colorado, USA",,+1 719-373-7107,Open 24 hours,,https://lh3.googleusercontent.com/gps-cs-s/APNQkAFxy8gv3vfi-_thpFjHbWTyDs0a_w-tTjfbz444lEu81wF2mEvvQUNSE9X57PojlpMD1GIes0KoZU4lAHywQ2Ew2yFtQvp8KB5eSyDZTj3Fc76QAKdPaPE-T7_J3EiSN3WkMidZO_P1D5p7=w408-h544-k-no,true,Open 24 hours,Open 24 hours,Open 24 hours,Open 24 hours,Open 24 hours,Closed,Open 24 hours,"https://www.google.com/maps/search/tree+service+businesses+in+Woodland+Park+Colorado+Springs+CO/@38.9938808,-105.0569301,14z",2026-04-29T04:35:40.195Z,,,
https://www.google.com/maps/place/Mountain+Tree+Spraying/data=!4m7!3m6!1s0x8714aac4e6873a6f:0x695dc3b2d1e1794c!8m2!3d39.085967!4d-105.1308704!16s%2Fg%2F11cns6sh68!19sChIJbzqH5sSqFIcRTHnh0bLDXWk,Mountain Tree Spraying,4.9,45,Tree service,,,,+1 719-464-5614,Closed · Opens 7 am Wed,,https://lh3.googleusercontent.com/gps-cs-s/APNQkAGjZtTyjMqrnaoR45YDtJs3BMFhH2s3XXGg5Yb450vd6fSlK2TpXKJMSPWx_25pX2SjY-queuR64PZ5OI1DfCox-2yJzqZDZbfbgP8zBK5SbC2KcRJNUBKpHWsrZSLD3DTBX6mZWQ=w592-h240-k-no,true,7 am–5 pm,7 am–5 pm,7 am–5 pm,7 am–5 pm,7 am–5 pm,7 am–5 pm,7 am–5 pm,"https://www.google.com/maps/search/tree+service+businesses+in+Woodland+Park+Colorado+Springs+CO/@38.9938808,-105.0569301,14z",2026-04-29T04:35:44.751Z,,,
https://www.google.com/maps/place/Oakden+Enterprises/data=!4m7!3m6!1s0x8714ab06e4bfd757:0x4c41cc0203db808f!8m2!3d38.9832899!4d-105.046915!16s%2Fg%2F11y9hzysh7!19sChIJV9e_5AarFIcRj4DbAwLMQUw,Oakden Enterprises,5.0,39,Landscaper,"1067 US-24 Suite 123, Woodland Park, CO 80863, United States","XXM3+86 Woodland Park, Colorado, USA",http://www.oakdenenterprises.com/,+1 719-433-0256,Closed · Opens 7 am Wed,,https://lh3.googleusercontent.com/gps-cs-s/APNQkAExQBAQF-VbHmYi1P2ivy-ozPr6CyIJ3GKSjaN002SSPxY2-PBTmuO26dWaVJ3K67N7ZzcgFFTuPnHjD9fP8h70yqrrmNRlcMrBP0Xeyi73v79QxA3ojjhJwcPDMKB9xm0FLTbbIw=w408-h271-k-no,true,7 am–6 pm,7 am–6 pm,7 am–6 pm,7 am–6 pm,9 am–4 pm,Closed,7 am–6 pm,"https://www.google.com/maps/search/tree+service+businesses+in+Woodland+Park+Colorado+Springs+CO/@38.9938808,-105.0569301,14z",2026-04-29T04:35:49.531Z,,,
https://www.google.com/maps/place/Tiptop+Tree+Cultivation/data=!4m7!3m6!1s0xaeecffede1c3d3cf:0xead8b4a531d43e98!8m2!3d38.9571746!4d-105.1409619!16s%2Fg%2F11xfs18tm7!19sChIJz9PD4e3_7K4RmD7UMaW02Oo,Tiptop Tree Cultivation,1.0,1,Tree service,,,https://www.tiptoptreecultivationllc.pro/,+1 719-646-8818,Closed · Opens 7 am Wed,,https://lh3.googleusercontent.com/gps-cs-s/APNQkAFd_qMuiR7yEUv7F9jnqvl9HMcygBNjXTbevo4c5iy8VOBy2rwKOwwj_-4Eobrphz40Rv9H2R6MK7KhxPpq7WWicnr8KTXk_hpr9JApTE97hsabLbusesYepwV0V8NW-oU3xt1Ild7vq_A=w427-h240-k-no,true,7 am–7 pm,7 am–7 pm,7 am–7 pm,7 am–7 pm,7 am–7 pm,7 am–7 pm,7 am–7 pm,"https://www.google.com/maps/search/tree+service+businesses+in+Woodland+Park+Colorado+Springs+CO/@38.9938808,-105.0569301,14z",2026-04-29T04:35:54.529Z,,,
https://www.google.com/maps/place/Mountain+Tree+Spraying/data=!4m7!3m6!1s0xacfada219056372b:0x8c01871d0854ce62!8m2!3d39.017399!4d-105.1409619!16s%2Fg%2F11q84lllnw!19sChIJKzdWkCHa-qwRYs5UCB2HAYw,Mountain Tree Spraying,,,Tree service,,,,+1 719-464-5614,Closed · Opens 8 am Wed,,https://lh3.googleusercontent.com/gps-cs-s/APNQkAEEHqf7jcLqqnlnoIeGNrCzdZlShkO9MQBEVR0SbXmwHjWvEK3DPIB8n5aFwpwniFfhU_lLknhz5lyvYvQcIMuufPH0gJD4VMjdgKPqkU7XwfBMm5sdRqcUwR9iu5PYcX88Ywo=w408-h306-k-no,true,8 am–5 pm,8 am–5 pm,8 am–5 pm,8 am–5 pm,8 am–5 pm,Closed,8 am–5 pm,"https://www.google.com/maps/search/tree+service+businesses+in+Woodland+Park+Colorado+Springs+CO/@38.9938808,-105.0569301,14z",2026-04-29T04:35:59.081Z,,,
https://www.google.com/maps/place/Ground+Control+Industries/data=!4m7!3m6!1s0x8714b32935d913f9:0xa0ec416c034054d7!8m2!3d38.9874971!4d-105.0457284!16s%2Fg%2F11x746f4_c!19sChIJ-RPZNSmzFIcR11RAA2xB7KA,Ground Control Industries,5.0,4,Landscaper,"750 US-24 #201, Woodland Park, CO 80863, United States","XXP3+XP Woodland Park, Colorado, USA",https://groundcontrolpros.com/,+1 719-684-7822,Closed · Opens 8 am Wed,,https://lh3.googleusercontent.com/gps-cs-s/APNQkAGy9I4-C1FKFkwJDS4QqilwvxT_TlCrRVy9LZV36MTyBczdrQ99_TUYvq16FULJgQz_GCIZhQkE4TMFCUhE0V1ZAP53xvIwLUP8kKt9ksF1By-qP2yP9nOtBUslgcrMsTEmaLBEot37-5I=w408-h604-k-no,true,8 am–5 pm,8 am–5 pm,8 am–5 pm,8 am–5 pm,Closed,Closed,8 am–5 pm,"https://www.google.com/maps/search/tree+service+businesses+in+Woodland+Park+Colorado+Springs+CO/@38.9938808,-105.0569301,14z",2026-04-29T04:36:03.951Z,,,
https://www.google.com/maps/place/Mountain+High+Creations/data=!4m7!3m6!1s0x876b556b9378be6f:0xf53dbeb50ca7b5ce!8m2!3d38.875789!4d-104.9398774!16s%2Fg%2F1tglzgny!19sChIJb754k2tVa4cRzrWnDLW-PfU,Mountain High Creations,4.9,50,Snow removal service,,,https://www.mountainhighcreation.com/,+1 719-686-9600,Closed · Opens 9 am Wed,,https://lh3.googleusercontent.com/gps-cs-s/APNQkAGN5bxwHLUkJ8MXuHxXFswAUs61-ZvEChgyg2gaY6sX-FzeE-El_tjWMbxdGJqXZgsUlmEBIM7iQlWpByhtjSY3HpZ902VcEimCh43FVb704ZZ5id0Et7N3w0qVivpRNrAfosrg=w408-h266-k-no,true,9 am–6 pm,9 am–6 pm,9 am–6 pm,9 am–6 pm,9 am–5 pm,9 am–5 pm,9 am–6 pm,"https://www.google.com/maps/search/tree+service+businesses+in+Woodland+Park+Colorado+Springs+CO/@38.9938808,-105.0569301,14z",2026-04-29T04:36:08.844Z,,,
https://www.google.com/maps/place/Great+Outdoors+Adventures/data=!4m7!3m6!1s0x8714ab3ffafcdaa7:0xb5c9f5f46ae1fe1!8m2!3d38.9904279!4d-105.0613668!16s%2Fg%2F11ghrdc7s0!19sChIJp9r8-j-rFIcR4R-uRl-fXAs,Great Outdoors Adventures,4.9,1119,Tour operator,"720 US-24 Suite A, Woodland Park, CO 80863, United States","XWRQ+5F Woodland Park, Colorado, USA",http://www.goadventures.org/,+1 719-686-6816,Closed · Opens 9 am Wed,LGBTQ+ friendly,https://lh3.googleusercontent.com/gps-cs-s/APNQkAG8TwmhLjDzxpBPsB-lH3ThsgHT5bWPgQvRALlhtjXHBfle91nlllZ_fSwwYiPfffG9T3tRr1Rn1sX1wKkRY12ijB5lWq5u76XjPrm5v_TSockJH0nJkIgsGaqiEipT4HxkW-TO=w408-h272-k-no,true,9 am–5 pm,9 am–5 pm,9 am–5 pm,9 am–5 pm,9 am–5 pm,9 am–5 pm,9 am–5 pm,"https://www.google.com/maps/search/tree+service+businesses+in+Woodland+Park+Colorado+Springs+CO/@38.9938808,-105.0569301,14z",2026-04-29T04:36:13.821Z,,,
https://www.google.com/maps/place/Colorado+State+Forest+Service/data=!4m7!3m6!1s0x8714aab16dc83219:0x8a5e88dfde4d7c88!8m2!3d38.9939568!4d-105.0481457!16s%2Fg%2F1tf5f5zt!19sChIJGTLIbbGqFIcRiHxN3t-IXoo,Colorado State Forest Service,3.0,4,State government office,"113 S Boundary St, Woodland Park, CO 80863, United States","XXV2+HP Woodland Park, Colorado, USA",http://csfs.colostate.edu/districts/woodland-park-district/,+1 719-687-2921,Closed · Opens 8 am Wed,,https://lh3.googleusercontent.com/gps-cs-s/APNQkAFh88Ob0bq2z8jSe1m6Xnq09BX-3Cmj7PtZjswKYKxVEFpVMF-Ek8ffXRxFakiL9w0TT4k24CsKiRZ8brFcdYELCua8bXt7CoRPEntfjrZ3RQaGdtMzcooFsV-uJstyQfWiWWuEhA=w408-h544-k-no,true,8 am–4 pm,8 am–4 pm,8 am–4 pm,8 am–4 pm,Closed,Closed,8 am–4 pm,"https://www.google.com/maps/search/tree+service+businesses+in+Woodland+Park+Colorado+Springs+CO/@38.9938808,-105.0569301,14z",2026-04-29T04:36:18.738Z,,,
https://www.google.com/maps/place/Wytcherley+Tree+Service/data=!4m7!3m6!1s0x3c5e79d5877f69d:0x1535802f013dfb0d!8m2!3d39.0365204!4d-104.879334!16s%2Fg%2F11vzdj9nw4!19sChIJnfZ3WJ3nxQMRDfs9AS-ANRU,Wytcherley Tree Service,5.0,67,Tree service,,,https://www.wytcherleytreeservice.com/,+1 719-828-8343,Closes soon · 11 pm · Opens 6 am Wed,,https://lh3.googleusercontent.com/gps-cs-s/APNQkAEQ4tW585g_VlO1-it4rWSVH2OMP7AgwdNOtj4KJXrPKODDBUyHefRe4hL-VCBNk_SurTXjw05GO2VPYvXjCf83HqN6Sygor0TGegzpd3ltHhKwQ4ukQeR7lrlbjJj8CcwLfJ7vQnxXdoIS=w408-h306-k-no,true,6 am–11 pm,6 am–11 pm,6 am–11 pm,6 am–11 pm,6 am–11 pm,6 am–11 pm,6 am–11 pm,"https://www.google.com/maps/search/tree+service+businesses+in+Woodland+Park+Colorado+Springs+CO/@38.9938808,-105.0569301,14z",2026-04-29T04:36:23.536Z,,,
https://www.google.com/maps/place/Serenity+Landscaping/data=!4m7!3m6!1s0x876b55d849c8c9a5:0xb89ba6b0acf547b3!8m2!3d39.007556!4d-105.059085!16s%2Fg%2F11gpnd1gdl!19sChIJpcnISdhVa4cRs0f1rLCmm7g,Serenity Landscaping,5.0,2,Landscaper,"1401 Chippewa Trail, Woodland Park, CO 80863, United States","2W5R+29 Woodland Park, Colorado, USA",,+1 719-494-5079,Closed · Opens 8 am Wed,,https://lh3.googleusercontent.com/gps-cs-s/APNQkAGt5etYlOiVVy5bb9pD4osV_l_hOKy5M20Fguejbxno69Dh-6SYXWUqKFh5hpjjMdFyfs8IbWVzqcVAhVm7JrhYqVg7yvSCLncH7UixSFPx0NzFqO7UrlFR6zGIaec96iUagaB7=w408-h306-k-no,true,8 am–5 pm,8 am–5 pm,8 am–5 pm,8 am–5 pm,Closed,Closed,8 am–5 pm,"https://www.google.com/maps/search/tree+service+businesses+in+Woodland+Park+Colorado+Springs+CO/@38.9938808,-105.0569301,14z",2026-04-29T04:36:30.151Z,,,
https://www.google.com/maps/place/Woodland+Hardware+and+Home/data=!4m7!3m6!1s0x8714aac99dc647eb:0xd1433b3a1ab6ce30!8m2!3d38.993382!4d-105.0537903!16s%2Fg%2F12631qmzc!19sChIJ60fGncmqFIcRMM62Gjo7Q9E,Woodland Hardware and Home,3.9,256,Hardware store,"100 Saddle Club Ave, Woodland Park, CO 80863, United States","XWVW+9F Woodland Park, Colorado, USA",https://www.doitbest.com/woodland-hardware-and-home/,+1 719-687-3031,"Closed · Opens 7:30 am Wed

Confirmed by this business 4 weeks ago",,https://lh3.googleusercontent.com/gps-cs-s/APNQkAFnfQ041Qd6daKkcHA_JtjW6eoljKnSKKL6l1Oj_BSvCrIEZ56ogbzWAs7JzaYA0Lcvak_ey2Orgq1T-Xd-36ZgK9xrKRmPahgnmF9vX11AADOsjl4XTCZG3riCD7QwGqzqO1ZtKQ=w408-h477-k-no,true,7:30 am–6 pm,7:30 am–6 pm,7:30 am–6 pm,7:30 am–6 pm,7:30 am–6 pm,9 am–5 pm,7:30 am–6 pm,"https://www.google.com/maps/search/tree+service+businesses+in+Woodland+Park+Colorado+Springs+CO/@38.9938808,-105.0569301,14z",2026-04-29T04:36:35.091Z,· In-store shopping · In-store pick-up,,
https://www.google.com/maps/place/Precision+Tree/data=!4m7!3m6!1s0x87134f25258bd8dd:0x431fc1483a48e81b!8m2!3d38.875789!4d-104.752089!16s%2Fg%2F11btx0c88w!19sChIJ3diLJSVPE4cRG-hIOkjBH0M,Precision Tree,4.5,128,Tree service,,,https://www.precisiontreeandturf.com/,+1 719-203-9424,Closed · Opens 7 am Wed,LGBTQ+ friendly,https://lh3.googleusercontent.com/gps-cs-s/APNQkAGqVIw9WfWXNpOLPL0vGl9-wWCFuNoMvdKmZHEJRx1zWQOA8rjiHr9PTsJeguLs1q6Ku65KNl3lypWAZCH5lRkl20WPDjMv9-psPWjjvTPfhw-2oe5_ZdepuSdES7DjvtJvhNsg=w600-h240-k-no,true,7 am–6 pm,7 am–6 pm,7 am–6 pm,7 am–6 pm,Closed,Closed,7 am–6 pm,"https://www.google.com/maps/search/tree+service+businesses+in+Woodland+Park+Colorado+Springs+CO/@38.9938808,-105.0569301,14z",2026-04-29T04:36:39.862Z,,,
https://www.google.com/maps/place/Picnic+Services+LLC/data=!4m7!3m6!1s0xaa96472fbaf43bcb:0x1971d46fc804fb40!8m2!3d39.1078304!4d-105.4351665!16s%2Fg%2F11ss04bvk0!19sChIJyzv0ui9HlqoRQPsEyG_UcRk,Picnic Services LLC,5.0,14,Handyman/Handywoman/Handyperson,,,https://m.facebook.com/100054311090017/,+1 602-373-3694,Open 24 hours,,https://lh3.googleusercontent.com/gps-cs-s/APNQkAHy1FFpTMWwRMPIYAN8YRRPrIkm0bxwhTLyrlPyGgApuYvwPz0rafks5QLMawtTkF7oC9tHXD0nsuBavIjl_8SnGmOQnaTcAHP0KxXnqtvukHfD5albUOz93-tnGIy4gZpXorpjSN2dQ-3j=w408-h544-k-no,true,Open 24 hours,Open 24 hours,Open 24 hours,Open 24 hours,Closed,Closed,Open 24 hours,"https://www.google.com/maps/search/tree+service+businesses+in+Woodland+Park+Colorado+Springs+CO/@38.9938808,-105.0569301,14z",2026-04-29T04:36:44.492Z,,,
https://www.google.com/maps/place/A+Cut+Above+Tree+Solutions+LLC/data=!4m7!3m6!1s0x87134ce53911936b:0x4406c3f366d167fa!8m2!3d38.9972888!4d-104.7005521!16s%2Fg%2F11f55c_vq6!19sChIJa5MROeVME4cR-mfRZvPDBkQ,A Cut Above Tree Solutions LLC,4.9,40,Tree service,"11432 Black Forest Rd, Colorado Springs, CO 80908, United States","X7WX+WQ Colorado Springs, Colorado, USA",https://acutabovecolorado.com/,+1 719-339-5180,Closed · Opens 8 am Wed,,https://lh3.googleusercontent.com/gps-cs-s/APNQkAFmxg2PxwwoPsDnHsBoUYaAdSX-aXJq2CBzz_DurkdEQUjZRHC_TKTTa2jEnN64AS6t-b4lXcmRVvQr_fggOvDVX3_cQ-MjKvDySEDQHyzrtKbIVGoBhrR9qI-37hG4N7wU5uai=w408-h304-k-no,true,8 am–6 pm,8 am–6 pm,8 am–6 pm,8 am–6 pm,8 am–6 pm,10 am–6 pm,8 am–6 pm,"https://www.google.com/maps/search/tree+service+businesses+in+Woodland+Park+Colorado+Springs+CO/@38.9938808,-105.0569301,14z",2026-04-29T04:36:49.409Z,,,
"https://www.google.com/maps/place/Gilbert%27s+Tree+%26+Landscape,+Inc./data=!4m7!3m6!1s0x87136ac5706956c9:0x6874f7587c24a0a2!8m2!3d38.8410406!4d-104.6133511!16s%2Fg%2F1tv3p3_w!19sChIJyVZpcMVqE4cRoqAkfFj3dGg","Gilbert's Tree & Landscape, Inc.",4.6,215,Tree service,"11556 CO-94, Colorado Springs, CO 80929, United States","R9RP+CM Colorado Springs, Colorado, USA",https://gilbertstreeservice.com/,+1 719-683-3437,Closed · Opens 7:30 am Wed,,https://lh3.googleusercontent.com/gps-cs-s/APNQkAGOmZ-UMWe37pV6IAQiFDscqllHr9Xgk2oIDpJC9tPkesb6Xc83namlt5Cc2fRviGjK8IoTRHwUXkGr6TOFZPBQ3AnITXF8jbeE65msJoVKm0CU_eGyxNWPeZhtKIC5J-BJfqqFLg=w408-h725-k-no,true,7:30 am–5 pm,7:30 am–5 pm,7:30 am–5 pm,7:30 am–5 pm,Closed,Closed,7:30 am–5 pm,"https://www.google.com/maps/search/tree+service+businesses+in+Woodland+Park+Colorado+Springs+CO/@38.9938808,-105.0569301,14z",2026-04-29T04:36:54.385Z,,,
https://www.google.com/maps/place/Mountain+Tree+Spraying/data=!4m7!3m6!1s0x8714ab2ab9959887:0xd8f491d2b78469d2!8m2!3d38.9098674!4d-105.1346715!16s%2Fg%2F11ftcjqxcg!19sChIJh5iVuSqrFIcR0mmEt9KR9Ng,Mountain Tree Spraying,,,Tree service,,,,+1 719-464-5614,Closed · Opens 8 am Wed,,https://lh3.googleusercontent.com/gps-cs-s/APNQkAELVotR-1AGd92nLH6ihwy14pXKM99jZ_fGnpF4wZFiB67jdkAwtLgFKtkWNpc7rBV7hs1cLBQKKxp8gHw7nR0j9yIWZR634BSK1rGir1I2UBmjBhWGvFmW8MRSkTG4ZVcaI04=w426-h240-k-no,true,8 am–6 pm,8 am–6 pm,8 am–6 pm,8 am–6 pm,8 am–6 pm,Closed,8 am–6 pm,"https://www.google.com/maps/search/tree+service+businesses+in+Woodland+Park+Colorado+Springs+CO/@38.9938808,-105.0569301,14z",2026-04-29T04:36:58.863Z,,,
https://www.google.com/maps/place/Green+Thumb+Tree+Service+and+Landscaping+LLC/data=!4m7!3m6!1s0x86d67110612e0755:0x14fbfe5bfecfa0fa!8m2!3d38.6443314!4d-105.132047!16s%2Fg%2F11m9_sgxjy!19sChIJVQcuYRBx1oYR-qDP_lv--xQ,Green Thumb Tree Service and Landscaping LLC,5.0,10,Tree service,,,https://greenthumbtreeaz.com/,+1 719-428-0221,,LGBTQ+ friendly,https://lh3.googleusercontent.com/gps-cs-s/APNQkAFiQyPIvWuckgIjKp_c4qynMCCyUndoC7VoAYteSnkukVt1W7A36sN9w-LY95yH1YcVulivyraoF3gmSmhq-74DBSYzlVjf92KsjTAo5mOwydLh6lWTDkVmq4aZzCB5JBFlByDwFQ=w408-h306-k-no,true,,,,,,,,"https://www.google.com/maps/search/tree+service+businesses+in+Woodland+Park+Colorado+Springs+CO/@38.9938808,-105.0569301,14z",2026-04-29T04:37:03.914Z,,,
https://www.google.com/maps/place/The+Peak+Antler+Company/data=!4m7!3m6!1s0x8714ab632921aad7:0xbea24de371fd7831!8m2!3d38.9926135!4d-105.0559751!16s%2Fg%2F1th49vt8!19sChIJ16ohKWOrFIcRMXj9ceNNor4,The Peak Antler Company,5.0,24,Lighting manufacturer,"219 S West St Unit #C Box 853, Woodland Park, CO 80863, United States","XWVV+2J Woodland Park, Colorado, USA",https://peakantlers.com/,+1 719-641-8844,Closed · Opens 10 am Wed,,https://lh3.googleusercontent.com/gps-cs-s/APNQkAG8ENRlA0CouBWoYrYeNt8QnDMkll_wOFUnhLjlvHHXIyw3RNavyzbcgiBzVB3XhHvwDfCz9J1cBDSzvE02SRmhA_PwRHsQiHw5Kh9enHuvEUQiGzDpgk0zfcRYYiDSLladN4W9Fv59Ju8M=w426-h240-k-no,true,10 am–4 pm,10 am–4 pm,10 am–4 pm,10 am–4 pm,Closed,Closed,10 am–4 pm,"https://www.google.com/maps/search/tree+service+businesses+in+Woodland+Park+Colorado+Springs+CO/@38.9938808,-105.0569301,14z",2026-04-29T04:37:08.669Z,,,
"https://www.google.com/maps/place/Elevate+Tree+Services,+LLC/data=!4m7!3m6!1s0x8714b35d66b59f83:0x736c843ce4b240e8!8m2!3d38.82474!4d-104.690975!16s%2Fg%2F11g0zmq9p2!19sChIJg5-1Zl2zFIcR6ECy5DyEbHM","Elevate Tree Services, LLC",5.0,15,Tree service,,,,+1 719-963-9372,Closed · Opens 7 am Wed,,https://lh3.googleusercontent.com/gps-cs-s/APNQkAF6adeUg_0dOPsv0byifaGcn7a4DHC7KGVxZLIq5Git-qpOxgTWIHPr2apP0zpehwvN8KC1iuojGQiL05H6vDTZOtm1xIftyQ4u1FtYfLNmZDA0xQzAS08fyDd_CfU6DE8R9YQUv5ltSAxS=w408-h542-k-no,true,7 am–7 pm,7 am–7 pm,7 am–7 pm,7 am–7 pm,7 am–7 pm,Closed,7 am–7 pm,"https://www.google.com/maps/search/tree+service+businesses+in+Woodland+Park+Colorado+Springs+CO/@38.9938808,-105.0569301,14z",2026-04-29T04:37:13.524Z,,,
https://www.google.com/maps/place/Front+Range+Arborists/data=!4m7!3m6!1s0x871346666533e213:0x259c04dbbd7064e!8m2!3d38.84446!4d-104.73417!16s%2Fg%2F1tksj7l8!19sChIJE-IzZWZGE4cRTgbXu03AWQI,Front Range Arborists,4.3,131,Tree service,"5080 Geiger Blvd, Colorado Springs, CO 80915, United States","R7V8+Q8 Colorado Springs, Colorado, USA",http://frarborists.com/,+1 719-635-7459,Closed · Opens 8 am Wed,,https://lh3.googleusercontent.com/gps-cs-s/APNQkAGwjg3p22CVXuaCyZuB9LjCk8OuKSAtLkkcT24CPCihUl5e2ymHPbES93p0jBh_TGMMHIKGPCd2kiKUF2ktBhExtxyV-gL-3OINCIp22ZWEuG0KzyRhYZAIIbKrUFRkipMQiDjs=w408-h543-k-no,true,8 am–4 pm,8 am–4 pm,8 am–4 pm,8 am–4 pm,Closed,Closed,8 am–4 pm,"https://www.google.com/maps/search/tree+service+businesses+in+Woodland+Park+Colorado+Springs+CO/@38.9938808,-105.0569301,14z",2026-04-29T04:37:18.419Z,,,
https://www.google.com/maps/place/Ent+Credit+Union/data=!4m7!3m6!1s0x8714aac905d472f3:0xc3111f64ae5b4516!8m2!3d38.9831062!4d-105.0447242!16s%2Fg%2F1tmk8y_7!19sChIJ83LUBcmqFIcRFkVbrmQfEcM,Ent Credit Union,4.7,98,Credit union,"920 Paradise Lodge Ln, Woodland Park, CO 80863, United States","XXM4+64 Woodland Park, Colorado, USA",https://www.ent.com/our-locations/pikes-peak-region/woodland-park-service-center/?y_source=1_MzMwOTY0My03MTUtbG9jYXRpb24ud2Vic2l0ZQ%3D%3D,+1 719-574-1100,,,https://lh3.googleusercontent.com/gps-cs-s/APNQkAHvQtnUudNIbMf8LCeGy25wnB2zSrq4k5WEwjkZHmX3BMQnXJC0J0KQnNYyIDcP2mjv3fCvesz-8nx5s2DMLwLF1QiY90barlD5KbM1VUx1B-dVjizn0UMnIQvefmfalLjPYUtP=w426-h240-k-no,true,9 am–5:30 pm,9 am–5:30 pm,9 am–5:30 pm,9 am–5:30 pm,9 am–12 pm,Closed,9 am–5:30 pm,"https://www.google.com/maps/search/tree+service+businesses+in+Woodland+Park+Colorado+Springs+CO/@38.9938808,-105.0569301,14z",2026-04-29T04:37:23.309Z,· Drive-through,,
https://www.google.com/maps/place/Mack%E2%80%99s+Tree+Care/data=!4m7!3m6!1s0x87134f1c56eb4cd3:0xef943b7f5d1f36fa!8m2!3d38.737694!4d-104.8710835!16s%2Fg%2F11frsccry4!19sChIJ00zrVhxPE4cR-jYfXX87lO8,Mack’s Tree Care,5.0,83,Tree service,,,https://mackstreecare.com/,+1 719-778-3033,Closed · Opens 7:30 am Wed,,https://lh3.googleusercontent.com/gps-cs-s/APNQkAFDI52EmwGUZ6I0vxrabLs10wJPpG8O5vIP6bxAqCeyicM341o5xZvnL3vfb96U5VvcrYKGVFvBu9w025w7MSwh1MYU_MwRQb-KiHr25BJhw2849YaEIvM9n9eAwrW9a7lyEDg=w426-h240-k-no,true,7:30 am–5 pm,7:30 am–5 pm,7:30 am–5 pm,7:30 am–5 pm,8 am–4 pm,Closed,7:30 am–5 pm,"https://www.google.com/maps/search/tree+service+businesses+in+Woodland+Park+Colorado+Springs+CO/@38.9938808,-105.0569301,14z",2026-04-29T04:37:28.170Z,,,
https://www.google.com/maps/place/Colorado+Building+Supply+-+Woodland+Park/data=!4m7!3m6!1s0x8714aacec569d0ab:0x79762b83e53f161d!8m2!3d38.991448!4d-105.062041!16s%2Fg%2F1vntkbtp!19sChIJq9Bpxc6qFIcRHRY_5YMrdnk,Colorado Building Supply - Woodland Park,4.3,201,Home improvement store,"300 S Chestnut St, Woodland Park, CO 80863, United States","XWRQ+H5 Woodland Park, Colorado, USA",http://www.coloradobuildingsupply.com/,+1 719-687-9205,Closed · Opens 7 am Wed,,https://lh3.googleusercontent.com/gps-cs-s/APNQkAG2TLpF9LJecgzT51KVeO-wogfl7ZuLvvjYVhoBWm9FEXdfgrS_3J_b6Hb28cxsSJSBmmcT8g8z0C9lyO8wv05OKvRFNI3-kHTXVCQylRVt-rf_S7x-srIwKu71wAsHynKC44JucA=w408-h272-k-no,true,7 am–5 pm,7 am–5 pm,7 am–5 pm,7 am–5 pm,8 am–1 pm,Closed,7 am–5 pm,"https://www.google.com/maps/search/tree+service+businesses+in+Woodland+Park+Colorado+Springs+CO/@38.9938808,-105.0569301,14z",2026-04-29T04:37:32.965Z,· In-store pick-up · Delivery,,
https://www.google.com/maps/place/Bob+Rundo+Tree+Surgeon/data=!4m7!3m6!1s0x871345b6676b8659:0xb6116dd4239f540d!8m2!3d38.8374436!4d-104.7780211!16s%2Fg%2F1vf9ctw2!19sChIJWYZrZ7ZFE4cRDVSfI9RtEbY,Bob Rundo Tree Surgeon,3.6,36,Tree service,"2626 Gunnison St, Colorado Springs, CO 80909, United States","R6PC+XQ Colorado Springs, Colorado, USA",https://www.timberlinelandscaping.com/residential-landscaping/tree-care-plant-health/,+1 719-598-1645,Closed · Opens 7 am Wed,,https://streetviewpixels-pa.googleapis.com/v1/thumbnail?panoid=OdM1ij6oXBG75Vubk_0PxA&cb_client=search.gws-prod.gps&w=408&h=240&yaw=311.54907&pitch=0&thumbfov=100,true,7 am–5 pm,7 am–5 pm,7 am–5 pm,7 am–5 pm,Closed,Closed,7 am–5 pm,"https://www.google.com/maps/search/tree+service+businesses+in+Woodland+Park+Colorado+Springs+CO/@38.9938808,-105.0569301,14z",2026-04-29T04:37:37.698Z,,,
https://www.google.com/maps/place/Tree+Service+Colorado+Springs/data=!4m7!3m6!1s0x87134f52f86f472d:0xb0f6dae6496c840e!8m2!3d38.8818359!4d-104.8245721!16s%2Fg%2F11ny8gw_nf!19sChIJLUdv-FJPE4cRDoRsSeba9rA,Tree Service Colorado Springs,5.0,5,Tree service,"37 Sunflower Rd, Colorado Springs, CO 80907, United States","V5JG+P5 Colorado Springs, Colorado, USA",,+1 719-225-1441,Closed · Opens 7 am Wed,,https://lh3.googleusercontent.com/gps-cs-s/APNQkAHprykj599w-L0WeUEjFmDziPBfL2MlbBuzS0xo_actvZbF0UtAt2qar-rPbUHkELWGIhPyjQ_uigSLltgqCKRM-wnthqjYWUNrmRV4EgYCdhfBOWhEAvFI44sNQNlFz2kkr28K=w430-h240-k-no,true,7 am–6:30 pm,7 am–6:30 pm,7 am–6:30 pm,7 am–6:30 pm,8 am–6 pm,12:30–5:30 pm,7 am–6:30 pm,"https://www.google.com/maps/search/tree+service+businesses+in+Woodland+Park+Colorado+Springs+CO/@38.9938808,-105.0569301,14z",2026-04-29T04:37:42.423Z,,,
"https://www.google.com/maps/place/Hortus+Tree+%26+Landscape+Services,+Corp./data=!4m7!3m6!1s0x871345993e797565:0x76ba8ab484298e22!8m2!3d38.8286295!4d-104.7360799!16s%2Fg%2F1vqmjtxt!19sChIJZXV5PplFE4cRIo4phLSKunY","Hortus Tree & Landscape Services, Corp.",3.9,45,Tree service,"220 Karr Rd, Colorado Springs, CO 80916, United States","R7H7+FH Colorado Springs, Colorado, USA",https://coloradospringstreetrimming.com/,+1 719-473-1138,Closed · Opens 8 am Wed,,https://lh3.googleusercontent.com/gps-cs-s/APNQkAFk38YlK2J_O7lvaac1VH3oTSx8_BSGp7xDS1caE3n9e9ZFfQ-vVIwYwC1Ry4JbFM6m1Ne9s7e7Fk2mmhIe3c9FAkGa91xarBrzL39UJiLT3gyS7NCCmviwdLUi3Br35W8Zc0x0UA=w408-h306-k-no,true,8 am–5 pm,8 am–5 pm,8 am–5 pm,8 am–5 pm,Closed,Closed,8 am–5 pm,"https://www.google.com/maps/search/tree+service+businesses+in+Woodland+Park+Colorado+Springs+CO/@38.9938808,-105.0569301,14z",2026-04-29T04:37:48.932Z,,,
"https://www.google.com/maps/place/Advanced+Tree+Service,+LLC/data=!4m7!3m6!1s0x87134791648469a9:0xdf20110ebd224e16!8m2!3d38.7879505!4d-104.7617022!16s%2Fg%2F1264729nf!19sChIJqWmEZJFHE4cRFk4ivQ4RIN8","Advanced Tree Service, LLC",4.7,40,Tree service,"3110 Boychuck Ave # A, Colorado Springs, CO 80910, United States","Q6QQ+58 Colorado Springs, Colorado, USA",,+1 719-464-4625,Closed · Opens 8 am Wed,,https://lh3.googleusercontent.com/gps-cs-s/APNQkAFhgjENixPasyTVWGXSSlQEpvxgUzaOjm4_wy0a2p4mXKgugmCxYqSqLBrLSRGuLbURgqVSaW2oqTSWgQRxq2AIhorQroSbhXdTl5cLYXu7bmhzpzUi5skUkOIcFohqYcqlCMc=w649-h240-k-no,true,8 am–4 pm,8 am–4 pm,8 am–4 pm,8 am–4 pm,Closed,Closed,8 am–4 pm,"https://www.google.com/maps/search/tree+service+businesses+in+Woodland+Park+Colorado+Springs+CO/@38.9938808,-105.0569301,14z",2026-04-29T04:37:55.883Z,,,
https://www.google.com/maps/place/Trout+Roofing/data=!4m7!3m6!1s0x488f0f133f9dcb57:0x692aeae7a31507fa!8m2!3d38.9804081!4d-105.0448968!16s%2Fg%2F11q8c99s26!19sChIJV8udPxMPj0gR-gcVo-fqKmk,Trout Roofing,4.9,80,Roofing contractor,"1760 US-24, Woodland Park, CO 80863, United States","XXJ4+52 Woodland Park, Colorado, USA",http://www.troutroofing.com/,+1 719-500-4450,Closed · Opens 7 am Wed,,https://lh3.googleusercontent.com/gps-cs-s/APNQkAFXPB5Kaw4FN_0vLf-69nhQIhtaU6roZGfM9XW6fSkN3WBdqu-m3cSfbyZFUxzScvYYUxVbrLuC5Oju3WBG6C4oOgkYqKmCGPsD-DYyOQ7hP2TDMcUqL9XoqiE1lb6S3JwkOdR6IPi9cZkR=w408-h306-k-no,true,7 am–10 pm,7 am–10 pm,7 am–10 pm,7 am–10 pm,Closed,Closed,7 am–10 pm,"https://www.google.com/maps/search/tree+service+businesses+in+Woodland+Park+Colorado+Springs+CO/@38.9938808,-105.0569301,14z",2026-04-29T04:38:00.670Z,,,
https://www.google.com/maps/place/Colorado+Springs+Tree+Service/data=!4m7!3m6!1s0x87134f38c18b97f9:0x448df026f68ee993!8m2!3d38.8900068!4d-104.7606183!16s%2Fg%2F11g4h_gc2d!19sChIJ-ZeLwThPE4cRk-mO9ibwjUQ,Colorado Springs Tree Service,4.7,3,Tree service,"3609 Austin Bluffs Pkwy #31, Colorado Springs, CO 80918, United States","V6RQ+2Q Colorado Springs, Colorado, USA",https://cospringstreeservice.com/,+1 719-249-1211,Open 24 hours,LGBTQ+ friendly,https://lh3.googleusercontent.com/gps-cs-s/APNQkAFu0ns-1dKwO8O3pq_MbcVCTRm0iP1ELpJfTNNrwmZ_gnCPCWNP0HYKVD7SLTH4L_LnVMzG4UjAxNx1FD-scTmj2w6gwAIR-1loqllLMZbg8NUD3FiwyQdR92u6_ZJwapBjpNtX=w426-h240-k-no,true,Open 24 hours,Open 24 hours,Open 24 hours,Open 24 hours,Open 24 hours,Open 24 hours,Open 24 hours,"https://www.google.com/maps/search/tree+service+businesses+in+Woodland+Park+Colorado+Springs+CO/@38.9938808,-105.0569301,14z",2026-04-29T04:38:05.493Z,,,
"https://www.google.com/maps/place/Wright+Tree,+Lawn+%26+Landscape+Care/data=!4m7!3m6!1s0x87134e92ce237d5f:0xf1bf027d27bfc828!8m2!3d38.977219!4d-104.690975!16s%2Fg%2F11hbqdqh9j!19sChIJX30jzpJOE4cRKMi_J30Cv_E","Wright Tree, Lawn & Landscape Care",4.9,84,Landscaper,,,https://wrighttreeandlawn.com/,+1 719-644-5695,Closed · Opens 7 am Wed,,https://lh3.googleusercontent.com/gps-cs-s/APNQkAHsOIgQQAMOK50cPU2uHKXXtu2IC_UhaBzAVFHswJbumMtMT43fovJDvo3Ew-i3lU8hQAn_tlFt2grsouBPeWzVs4H6F4fd0N08CW-gMlS6W1Lx8yibpZnM_fEEbJ9CjNXPNwVVAw=w408-h306-k-no,true,7 am–8 pm,7 am–8 pm,7 am–8 pm,7 am–8 pm,7 am–8 pm,7 am–8 pm,7 am–8 pm,"https://www.google.com/maps/search/tree+service+businesses+in+Woodland+Park+Colorado+Springs+CO/@38.9938808,-105.0569301,14z",2026-04-29T04:38:10.314Z,,,
https://www.google.com/maps/place/Tweeds+Fine+Furnishings/data=!4m7!3m6!1s0x8714aa8258f1e51b:0xeb335acc7da2b9d6!8m2!3d38.99394!4d-105.050208!16s%2Fg%2F1tp27r1h!19sChIJG-XxWIKqFIcR1rmifcxaM-s,Tweeds Fine Furnishings,4.7,169,Furniture store,"240 E US-24, Woodland Park, CO 80863, United States","XWVX+HW Woodland Park, Colorado, USA",https://www.tweedsfinefurniture.com/,+1 719-687-7373,Closed · Opens 10 am Wed,,https://lh3.googleusercontent.com/gps-cs-s/APNQkAG2ZtMHSDC3g3nESRn7dePutSBUsalnhG0PBDjiVX7KUlBhvGEz-mWoEtw3ihwuYJKHLzYr5F4X6kxWkEtjE0nQ3S_qd16Snzk2g0ks9IPgfDgnCBniYKR-evBSE870YwqwynI=w408-h544-k-no,true,10 am–6 pm,10 am–6 pm,10 am–6 pm,10 am–6 pm,10 am–6 pm,11 am–5 pm,10 am–6 pm,"https://www.google.com/maps/search/tree+service+businesses+in+Woodland+Park+Colorado+Springs+CO/@38.9938808,-105.0569301,14z",2026-04-29T04:38:15.420Z,· Delivery,,
https://www.google.com/maps/place/Peak+TimberWorks/data=!4m7!3m6!1s0x90be66eec9410d5:0xf40cdcbbb7fd6d96!8m2!3d39.1078304!4d-105.574567!16s%2Fg%2F11vjtp2gg7!19sChIJ1RCU7G7mCwkRlm39t7vcDPQ,Peak TimberWorks,5.0,8,Tree service,,,https://peakdirtworks.com/,,Closed · Opens 8 am Wed,,https://lh3.googleusercontent.com/gps-cs-s/APNQkAFmKyNAJG38SHjCsxE7nM4214aG02L_WhaG9Gx5DrJKuKHEtdp_0FUu6PNVR6bKMsv7hsJ1yzWwHO8a2AfH71ilBGtAZ4HaltUnhXLJZC27cAJzv9tSEi0EPb2uRCsAnKQ0iHtY2Q=w426-h240-k-no,true,8 am–5 pm,8 am–5 pm,8 am–5 pm,8 am–5 pm,Closed,Closed,8 am–5 pm,"https://www.google.com/maps/search/tree+service+businesses+in+Woodland+Park+Colorado+Springs+CO/@38.9938808,-105.0569301,14z",2026-04-29T04:38:20.152Z,,,
https://www.google.com/maps/place/Central+Colorado+Tree+Service/data=!4m7!3m6!1s0xad2ee73f326c8b85:0x9c1d342d9571d0c2!8m2!3d38.9979464!4d-105.550863!16s%2Fg%2F11sbgylqxf!19sChIJhYtsMj_nLq0RwtBxlS00HZw,Central Colorado Tree Service,5.0,57,Tree service,,,,+1 719-466-3600,Closed · Opens 7 am Wed,,https://lh3.googleusercontent.com/gps-cs-s/APNQkAEVrG3LKxRSsOlJm2uGXGxoj2XpmwPXeFyUFBVIaCDT43MwhaeHGfj6we49EBAfSuR2zoi5FdVYEDoyxi5tH3WUxH_MPkFqw1AGyhJQd2Ov6tXcKoEyaEPEYXTQFWDjw9OQDv4M-w=w408-h306-k-no,true,7 am–5 pm,7 am–5 pm,7 am–5 pm,7 am–5 pm,9 am–4 pm,7 am–5 pm,7 am–5 pm,"https://www.google.com/maps/search/tree+service+businesses+in+Woodland+Park+Colorado+Springs+CO/@38.9938808,-105.0569301,14z",2026-04-29T04:38:24.874Z,,,
https://www.google.com/maps/place/Green+Empire+Tree+Service+LLC/data=!4m7!3m6!1s0x871341b8d782835f:0x7ac8d84df26c5693!8m2!3d38.7674927!4d-104.7437351!16s%2Fg%2F11j4k4bt04!19sChIJX4OC17hBE4cRk1Zs8k3YyHo,Green Empire Tree Service LLC,5.0,41,Tree service,"4540 Lincoln Plaza Dr, Colorado Springs, CO 80911, United States","Q784+XG Colorado Springs, Colorado, USA",http://greenempiretree.com/,+1 719-433-3869,Closed · Opens 8 am Wed,,https://lh3.googleusercontent.com/gps-cs-s/APNQkAGrm8OObxRqC39ZMTGz5r3i40SyVK--KrgTSDspdd9NVlLKkE52sfXaxaif5bJf7mogOYA3jtegHqzAX5CncN8SHPQuTte56cK5RgFCCKiLmHzxbN8SIKxRLOfCs2D2WejkR1pu=w427-h240-k-no,true,8 am–5 pm,8 am–5 pm,8 am–5 pm,8 am–5 pm,8 am–5 pm,Closed,8 am–5 pm,"https://www.google.com/maps/search/tree+service+businesses+in+Woodland+Park+Colorado+Springs+CO/@38.9938808,-105.0569301,14z",2026-04-29T04:38:29.624Z,,,
https://www.google.com/maps/place/SavATree+-+Tree+Service+%26+Lawn+Care/data=!4m7!3m6!1s0x871343f7d9957919:0x2d80eb38df0241c1!8m2!3d38.7913072!4d-104.7656445!16s%2Fg%2F1td3m11r!19sChIJGXmV2fdDE4cRwUEC3zjrgC0,SavATree - Tree Service & Lawn Care,4.7,317,Tree service,"3450 Astrozon Pl, Colorado Springs, CO 80910, United States","Q6RM+GP Colorado Springs, Colorado, USA",https://www.savatree.com/locations/colorado-springs-colorado/?utm_source=GMB&utm_medium=organic&utm_campaign=colorado_springs,+1 719-444-8800,Closed · Opens 8 am Wed,LGBTQ+ friendly,https://lh3.googleusercontent.com/gps-cs-s/APNQkAGdHc_yqrGLCFyr9pfXgWn7s9698yDRzuvMVbSnxg-WINeK7UqmGeAzjG9ixBYKUb83xez5UBzKWvmR9UQkMq9eEws-9KLo7Z2dzO6ecO8sJ5anTeeDuFIIY5XGUqTayRk0HL8PMWdzHEHp=w408-h544-k-no,true,8 am–4:30 pm,8 am–4:30 pm,8 am–4:30 pm,8 am–4:30 pm,Closed,Closed,8 am–4:30 pm,"https://www.google.com/maps/search/tree+service+businesses+in+Woodland+Park+Colorado+Springs+CO/@38.9938808,-105.0569301,14z",2026-04-29T04:38:34.409Z,,,
https://www.google.com/maps/place/Lind+Tree+Service/data=!4m7!3m6!1s0x876cca8ba9f7acf9:0x800952e217c0f3d!8m2!3d39.0911169!4d-104.638434!16s%2Fg%2F1tfwqgbr!19sChIJ-az3qYvKbIcRPQ98IS6VAAg,Lind Tree Service,4.8,16,Tree service,"10150 Hardy Rd, Colorado Springs, CO 80908, United States","39R6+CJ Colorado Springs, Colorado, USA",http://www.lindtreeservice.com/,+1 719-649-2133,Closed · Opens 9 am Wed,,https://lh3.googleusercontent.com/gps-cs-s/APNQkAH9Dh3qEH7yx9yZ5HdW23P26ERQFuCz467Z4-DHQjGpTdCcSZKHdggQebhWef4pHS8uaO91qqqS2zBzCzpHjaFM9zgmsvsV0T5uTOmFnqQOP7KgnapA6vXQLDCMyZPIYHnTEdn4=w408-h272-k-no,true,9 am–5 pm,9 am–5 pm,9 am–5 pm,9 am–5 pm,Closed,Closed,9 am–5 pm,"https://www.google.com/maps/search/tree+service+businesses+in+Woodland+Park+Colorado+Springs+CO/@38.9938808,-105.0569301,14z",2026-04-29T04:38:39.255Z,,,
https://www.google.com/maps/place/Whole+In+the+Wall+Herb+Shoppe/data=!4m7!3m6!1s0x8714aac91767036d:0x67648d2b0ff17e71!8m2!3d38.991499!4d-105.0587079!16s%2Fg%2F1vyxjwdn!19sChIJbQNnF8mqFIcRcX7xDyuNZGc,Whole In the Wall Herb Shoppe,4.9,53,Herb shop,"771 Gold Hill Pl S, Woodland Park, CO 80863, United States","XWRR+HG Woodland Park, Colorado, USA",https://wholeinthewallherbshoppe.com/,+1 719-687-6084,Closed · Opens 10 am Wed,,https://lh3.googleusercontent.com/gps-cs-s/APNQkAFHzrwIDBeRNNMSabxREOP28SDZstAh59BS4IQN0vl9doeMpsMPCDiKwqTnRfFcXxL0VYV_mC2T4cmKSUD3HJ5z6VjcZP90PtZHe0ZqIghfRQgtsD6TG45y-A70OKmYLvxGuxLq=w408-h544-k-no,true,10 am–6 pm,10 am–6 pm,10 am–6 pm,10 am–6 pm,10 am–5 pm,12–5 pm,10 am–6 pm,"https://www.google.com/maps/search/tree+service+businesses+in+Woodland+Park+Colorado+Springs+CO/@38.9938808,-105.0569301,14z",2026-04-29T04:38:44.131Z,· In-store shopping · In-store pick-up,,
https://www.google.com/maps/place/Pikes+Peak+Tree+Care/data=!4m7!3m6!1s0x608f179296f10e53:0x98deeee4c071fcfe!8m2!3d38.82474!4d-104.572193!16s%2Fg%2F11l6th8ts7!19sChIJUw7xlpIXj2AR_vxxwOTu3pg,Pikes Peak Tree Care,5.0,77,Tree service,,,https://www.pikespeaktreecare.com/,+1 719-339-6925,Closed · Opens 8 am Wed,,https://lh3.googleusercontent.com/gps-cs-s/APNQkAGxmdXXJdAXzdCfl7VilWcyufAcwjBRaURASgm6vRDGrpRuMh4iznb8nk9hcGzm1sE4NaDbagj_Q7gQ2c6PLXoFbKmtrfsjautT5B_Toqfx4aX7CNP5uK5Cx4m4zzUiGeDiNIx7En6qC1w=w408-h544-k-no,true,8 am–5 pm,8 am–5 pm,8 am–5 pm,8 am–5 pm,Closed,Closed,8 am–5 pm,"https://www.google.com/maps/search/tree+service+businesses+in+Woodland+Park+Colorado+Springs+CO/@38.9938808,-105.0569301,14z",2026-04-29T04:38:48.752Z,,,
https://www.google.com/maps/place/Great+Western+Tree+Care/data=!4m7!3m6!1s0x876cbd4674eae8cb:0x96536a10d4dc9169!8m2!3d39.2232373!4d-104.8868648!16s%2Fg%2F11gf0nn7y_!19sChIJy-jqdEa9bIcRaZHc1BBqU5Y,Great Western Tree Care,4.9,144,Tree service,"9575 Spruce Mountain Rd, Larkspur, CO 80118, United States","64F7+77 Larkspur, Colorado, USA",http://greatwesterntreecare.com/,+1 720-535-8769,Closed · Opens 8 am Wed,LGBTQ+ friendly,https://lh3.googleusercontent.com/gps-cs-s/APNQkAEdAcByO7MMyUiP02zXOVLYjKa2z-OT7jKeFxOJ1wiMzk95KpZZq8M3Tn4oG3FWsqHMK-tlys7bTUJOOuZGu3FR-Yik47W7z2zfmDREmvAI7TBy4p_tWyt4a2DdHd3vV1lz_1lvTw=w408-h272-k-no,true,8 am–5 pm,8 am–5 pm,8 am–5 pm,8 am–5 pm,Closed,Closed,8 am–5 pm,"https://www.google.com/maps/search/tree+service+businesses+in+Woodland+Park+Colorado+Springs+CO/@38.9938808,-105.0569301,14z",2026-04-29T04:38:53.546Z,,,
https://www.google.com/maps/place/Prime+Landscaping/data=!4m7!3m6!1s0x41cc0159e0cd21ad:0xe4b24f485cda9c9c!8m2!3d38.875789!4d-104.8743604!16s%2Fg%2F11nc92323l!19sChIJrSHN4FkBzEERnJzaXEhPsuQ,Prime Landscaping,,,Landscaper,,,https://www.primelandscaping.org/,+1 970-417-8797,Open 24 hours,,https://lh3.googleusercontent.com/gps-cs-s/APNQkAHlMRUra2Mf3bzPCYnV1hYwp2PvvgH8iK6GNUamnXJs7qt2qj6sJjtNbe4mMqSw9I2Py1tbBGr_UtExsYiIQ8jliTRw7cZdRzD-EvU4hHofxheQR5gLlHJAtlMVgC3bLqXn4y8GXqMOfKU=w408-h544-k-no,true,Open 24 hours,Open 24 hours,Open 24 hours,Open 24 hours,Open 24 hours,Closed,Open 24 hours,"https://www.google.com/maps/search/tree+service+businesses+in+Woodland+Park+Colorado+Springs+CO/@38.9938808,-105.0569301,14z",2026-04-29T04:38:58.134Z,,,
https://www.google.com/maps/place/Tractor+Supply+Co./data=!4m7!3m6!1s0x8714aacc599d8045:0xc84dad4fe1426b20!8m2!3d38.9948922!4d-105.0634957!16s%2Fg%2F11b6ds85l7!19sChIJRYCdWcyqFIcRIGtC4U-tTcg,Tractor Supply Co.,4.4,462,Animal feed store,"919 Spruce Haven Dr, Woodland Park, CO 80863, United States","XWVP+XJ Woodland Park, Colorado, USA",https://www.tractorsupply.com/tsc/store_Woodlandpark-CO-80863_1885,+1 719-686-0401,"Closed · Opens 8 am Wed

Updated by this business 2 weeks ago",,https://lh3.googleusercontent.com/gps-cs-s/APNQkAGFhtNSgNYBSpIeTpx4hIC6SHV6Vg5Sj-YqwFuSexel2SWGzq_QIFfZ78fVFnhIot92ajY56K_AK9bFGunBMgtYdH2MNbmtKtRmDiEJlUMpp4z6xFM1twT8AvfeUuCqchGXWdVdXw=w426-h240-k-no,true,8 am–9 pm,8 am–9 pm,8 am–9 pm,8 am–9 pm,8 am–9 pm,9 am–7 pm,8 am–9 pm,"https://www.google.com/maps/search/tree+service+businesses+in+Woodland+Park+Colorado+Springs+CO/@38.9938808,-105.0569301,14z",2026-04-29T04:39:03.205Z,"Chain with a wide variety of agricultural & livestock supplies, plus tools, workwear & boots. · In-store shopping · Kerbside pickup · Delivery",,
"https://www.google.com/maps/place/Tree+Huggers+Tree+Service,+LLC/data=!4m7!3m6!1s0x87135bc7f6095c39:0x751608e02a1cea68!8m2!3d38.7954765!4d-104.8562359!16s%2Fg%2F11tp3vn78f!19sChIJOVwJ9sdbE4cRaOocKuAIFnU","Tree Huggers Tree Service, LLC",4.2,5,Tree service,"1521 Cheyenne Blvd, Colorado Springs, CO 80906, United States","Q4WV+5G Colorado Springs, Colorado, USA",,+1 719-396-1371,Closed · Opens 8 am Wed,,https://streetviewpixels-pa.googleapis.com/v1/thumbnail?panoid=b8QIaGgtVZ8ex7QHFGDEOA&cb_client=search.gws-prod.gps&w=408&h=240&yaw=71.96911&pitch=0&thumbfov=100,true,"12–7 am, 8 am–7 pm",8 am–7 pm,8 am–7 pm,8 am–7 pm,8 am–7 pm,8 am–7 pm,8 am–12 am,"https://www.google.com/maps/search/tree+service+businesses+in+Woodland+Park+Colorado+Springs+CO/@38.9938808,-105.0569301,14z",2026-04-29T04:39:08.010Z,,,
https://www.google.com/maps/place/Beloved+Earth+LLC/data=!4m7!3m6!1s0x8713519aaaaaaaab:0xe94f08b68283bd4e!8m2!3d38.82474!4d-104.690975!16s%2Fg%2F11b7k7cbqz!19sChIJq6qqqppRE4cRTr2DgrYIT-k,Beloved Earth LLC,4.8,71,Tree service,,,,+1 719-233-9941,Closed · Opens 7:30 am Wed,,https://lh3.googleusercontent.com/gps-cs-s/APNQkAHDmLvI8zT-7FqkiPFczRJDSsbrRBfVY4-_lpo68-YftKtJ1BSpparZJtrEWe10cZiL9WlaJNsYUAJkLC-Cwiy3lAbH3jsmsW1CI2gxJr4CNrQh3pHKMNDF2uBgGzYwehA9dqLL=w408-h306-k-no,true,7:30 am–8 pm,7:30 am–8 pm,7:30 am–8 pm,7:30 am–8 pm,7:30 am–8 pm,7:30 am–8 pm,7:30 am–8 pm,"https://www.google.com/maps/search/tree+service+businesses+in+Woodland+Park+Colorado+Springs+CO/@38.9938808,-105.0569301,14z",2026-04-29T04:39:12.788Z,,,
https://www.google.com/maps/place/Diamond+Campground+Inc./data=!4m7!3m6!1s0x876b55322fe52739:0xf8ceee1bba26b95e!8m2!3d39.0024207!4d-105.0631879!16s%2Fg%2F1wfcpmmr!19sChIJOSflLzJVa4cRXrkmuhvuzvg,Diamond Campground Inc.,4.4,381,,"900 CO-67, Woodland Park, CO 80863, United States","2W2P+XP Woodland Park, Colorado, USA",http://www.diamondcampground.com/,+1 719-687-9684,,,https://lh3.googleusercontent.com/gps-cs-s/APNQkAGkhhpEmr82ZLxLlEcRjWE7P9rYbVrpx2-SYvwTfsNlBPVcAPVBoL_6-0VZLsmr-6aFUULF-LCPG8xWlZLvlHkS1FsSZwuDP0MzckIg8ZazaIlVUp_RLzanQFs4UWZr6TZH8J4Y0A=w426-h240-k-no,true,,,,,,,,"https://www.google.com/maps/search/tree+service+businesses+in+Woodland+Park+Colorado+Springs+CO/@38.9938808,-105.0569301,14z",2026-04-29T04:39:15.651Z,,,
https://www.google.com/maps/place/High+Elevation+Tree+Service/data=!4m7!3m6!1s0x8714b33d0e275437:0x1ca85796f74e2ebb!8m2!3d38.9118704!4d-105.0321784!16s%2Fg%2F11j6tjmlp7!19sChIJN1QnDj2zFIcRuy5O95ZXqBw,High Elevation Tree Service,5.0,27,Tree service,,,http://www.highelevationtreeservice.com/,+1 719-963-0080,Closed · Opens 9 am Wed,,https://lh3.googleusercontent.com/gps-cs-s/APNQkAHuqaYPN0A0HOYLgiyDTPJ2nCrlyfZ_IKoNS8Kui-tVxwJkyRkrEBM_VBkW1SYh5UpIcWl7R2r2xItYqNixOCnyFvXzI1emPnicN5HvT8JouC0H0JiEvJK1INRHMoQOFZwbcJh_fTQlqR9k=w408-h544-k-no,true,9 am–5 pm,9 am–5 pm,9 am–5 pm,9 am–5 pm,9 am–5 pm,Closed,9 am–5 pm,"https://www.google.com/maps/search/tree+service+businesses+in+Woodland+Park+Colorado+Springs+CO/@38.9938808,-105.0569301,14z",2026-04-29T04:39:20.442Z,,,
https://www.google.com/maps/place/Mountain+Naturals/data=!4m7!3m6!1s0x876b553159b267b3:0x72c90564917e85de!8m2!3d39.0034294!4d-105.0624771!16s%2Fg%2F11b5zst3zc!19sChIJs2eyWTFVa4cR3oV-kWQFyXI,Mountain Naturals,4.6,169,Natural goods store,"790 Red Feather Ln, Woodland Park, CO 80863, United States","2W3Q+92 Woodland Park, Colorado, USA",https://mountain-naturals.com/,,Closed · Opens 10 am Wed,,https://lh3.googleusercontent.com/gps-cs-s/APNQkAE7gL_7ivlRiMNre0zs09D9n8Yns9M4P-xPNvKkO8qGbsE2lm2BDu-fGLrmI5wEIjcmakbVRXYXwQH7NXQmYlzqHMIvQeXCjnkR0mrYZInRa1PQHAx9GN0YACOx-F4TV-soU2ks=w426-h240-k-no,false,10 am–6 pm,10 am–6 pm,10 am–6 pm,10 am–6 pm,10 am–5 pm,10 am–5 pm,10 am–6 pm,"https://www.google.com/maps/search/tree+service+businesses+in+Woodland+Park+Colorado+Springs+CO/@38.9938808,-105.0569301,14z",2026-04-29T04:39:25.561Z,,,
https://www.google.com/maps/place/Taiga+Tree+Service/data=!4m7!3m6!1s0x2bb318fba6db227b:0xe5ad2fcceb01a527!8m2!3d38.966457!4d-104.7919022!16s%2Fg%2F11np2pqk5z!19sChIJeyLbpvsYsysRJ6UB68wvreU,Taiga Tree Service,5.0,1,Tree service,"1880 Office Club Point Ste 263, Colorado Springs, CO 80920, United States","X685+H6 Colorado Springs, Colorado, USA",http://taigatreeservice.com/,+1 719-272-8121,Closed · Opens 8 am Wed,LGBTQ+ friendly,https://lh3.googleusercontent.com/gps-cs-s/APNQkAFQi_oMeh6yVIiPmMZxWQ4VlDnAJ6R4uNeN4a5VhhX4gwWX2_gefinMeitxL0JI6Z3dcDtDxkbjOYJbSFFgBtDbaRidHzDh0Ib8sb5lD1aCwzLV53nEKfvtncG95gF91mH9cMB-=w426-h240-k-no,true,8 am–5 pm,8 am–5 pm,8 am–5 pm,8 am–5 pm,Closed,Closed,8 am–5 pm,"https://www.google.com/maps/search/tree+service+businesses+in+Woodland+Park+Colorado+Springs+CO/@38.9938808,-105.0569301,14z",2026-04-29T04:39:30.282Z,,,
https://www.google.com/maps/place/Walmart+Garden+Center/data=!4m7!3m6!1s0x8714aa84ae651c11:0xf4fd26b3b1da6a27!8m2!3d38.9705545!4d-105.0387555!16s%2Fg%2F11d_8xcf6k!19sChIJERxlroSqFIcRJ2rasbMm_fQ,Walmart Garden Center,4.3,40,Garden center,"19600 US-24, Woodland Park, CO 80863, United States","XXC6+6F Woodland Park, Colorado, USA",https://www.walmart.com/store/3805-woodland-park-co/patio-garden-services/?veh=seo_loc,+1 719-687-1065,Closes soon · 11 pm · Opens 6 am Wed,,https://streetviewpixels-pa.googleapis.com/v1/thumbnail?panoid=n5jntX6mwOiP7z88RD6lIg&cb_client=search.gws-prod.gps&w=408&h=240&yaw=138.80228&pitch=0&thumbfov=100,true,6 am–11 pm,6 am–11 pm,6 am–11 pm,6 am–11 pm,6 am–11 pm,6 am–11 pm,6 am–11 pm,"https://www.google.com/maps/search/tree+service+businesses+in+Woodland+Park+Colorado+Springs+CO/@38.9938808,-105.0569301,14z",2026-04-29T04:39:35.095Z,· In-store shopping · Kerbside pickup · Delivery,,
https://www.google.com/maps/place/City+Market/data=!4m7!3m6!1s0x8714aac917746487:0xc7dd92ab909a0d44!8m2!3d38.991207!4d-105.0591069!16s%2Fg%2F1tfpk88n!19sChIJh2R0F8mqFIcRRA2akKuS3cc,City Market,4.3,637,Grocery store,"777 Gold Hill Pl S, Woodland Park, CO 80863, United States","XWRR+F9 Woodland Park, Colorado, USA",https://www.citymarket.com/stores/grocery/co/woodland-park/gold-hill-woodland-park/620/00431?cid=loc_62000431_gmb,+1 719-687-3592,,LGBTQ+ friendly,https://lh3.googleusercontent.com/gps-cs-s/APNQkAFxIW7onWz2v8xTpOWOaee9FHTMT9nseg_vSecfHWKUN0lXpbJ3yULXH_n1v4WvOJY7VvRDI9WrvvhzkTDlwZRtjmmaGzwaYljLuqjm1GeyEOWZpxsGR6vJYaO4qmJ60bSuw0XX=w408-h306-k-no,true,"9 am–1 pm, 1:30–7 pm","9 am–1 pm, 1:30–7 pm","9 am–1 pm, 1:30–7 pm","9 am–1 pm, 1:30–7 pm","9 am–1 pm, 1:30–5 pm","10 am–1 pm, 1:30–5 pm","9 am–1 pm, 1:30–7 pm","https://www.google.com/maps/search/tree+service+businesses+in+Woodland+Park+Colorado+Springs+CO/@38.9938808,-105.0569301,14z",2026-04-29T04:39:40.075Z,· In-store shopping · Kerbside pickup · Delivery,,
https://www.google.com/maps/place/Vital+Tree+%26+Landscaping/data=!4m7!3m6!1s0x2a3dfe888b55fabd:0x65059ac88e71302e!8m2!3d38.846599!4d-104.7374506!16s%2Fg%2F11v43730dv!19sChIJvfpVi4j-PSoRLjBxjsiaBWU,Vital Tree & Landscaping,5.0,67,Landscaper,,,,+1 719-424-5218,Closed · Opens 7:30 am Wed,,https://lh3.googleusercontent.com/gps-cs-s/APNQkAEHBRI1AhGdcID394uUFOcEmP6VrJE3AxqqfvbcC62Ie78ZKCD9FxxfF7vHq75BGKhQTSY77x-XF4MFrauS_t48-UWdwG5m5qkUc9xShOnZozH5v2QQCnpGGrvd7iALx7yut8EQTXtWXFg=w408-h306-k-no,true,7:30 am–5:30 pm,7:30 am–5:30 pm,7:30 am–5:30 pm,7:30 am–5:30 pm,8 am–2 pm,Closed,7:30 am–5:30 pm,"https://www.google.com/maps/search/tree+service+businesses+in+Woodland+Park+Colorado+Springs+CO/@38.9938808,-105.0569301,14z",2026-04-29T04:39:44.861Z,,,
https://www.google.com/maps/place/Chuck%E2%80%99s+Bees+Property+Services/data=!4m7!3m6!1s0xa972d4f92f4cb23f:0x1bd2efa78c0b8742!8m2!3d38.875789!4d-104.752089!16s%2Fg%2F11y414b_x4!19sChIJP7JML_nUcqkRQocLjKfv0hs,Chuck’s Bees Property Services,4.8,52,Lawn care service,,,,+1 719-216-6061,Closed · Opens 8 am Wed,,https://lh3.googleusercontent.com/gps-cs-s/APNQkAFfZ8okRwCo77bwfkjrCnvmX--yRib1-LSdxI4GZkWkjZVOZufvTcQ0216yF-PMbvN9dDsHSqRzpuqoFiQ9UVEz1yDA2mvBY84W-F_CoizeIMiJngtmCDxpODfLxcoukYrHLvEseFUBO_4=w408-h306-k-no,true,8 am–5 pm,8 am–5 pm,8 am–5 pm,8 am–4 pm,10 am–2 pm,Closed,8 am–5 pm,"https://www.google.com/maps/search/tree+service+businesses+in+Woodland+Park+Colorado+Springs+CO/@38.9938808,-105.0569301,14z",2026-04-29T04:39:49.836Z,,,
https://www.google.com/maps/place/Peak+Tree+Service/data=!4m7!3m6!1s0x871341a0804b8b97:0x5f03fcda1678b4!8m2!3d38.82474!4d-104.5620485!16s%2Fg%2F11h79p03cb!19sChIJl4tLgKBBE4cRtHgW2vwDXwA,Peak Tree Service,5.0,74,Tree service,,,https://www.peaktreeco.com/,+1 719-465-7268,Closed · Opens 7 am Wed,,https://lh3.googleusercontent.com/gps-cs-s/APNQkAFEGOKnp9k_LSM4VBYGN2-ic2iuNFiwVi3-70T6JCdGHfjW8q29YNwehznop0PqA97zCXW6L_NfkCrxX7xuHMWPB1Vc4nui54ajHubRg0MphgpKOUD0AXwvW3gBJzk2_B33b-_o=w426-h240-k-no,true,7 am–9 pm,7 am–9 pm,7 am–9 pm,7 am–9 pm,9 am–5 pm,9 am–6 pm,7 am–9 pm,"https://www.google.com/maps/search/tree+service+businesses+in+Woodland+Park+Colorado+Springs+CO/@38.9938808,-105.0569301,14z",2026-04-29T04:39:54.669Z,,,
https://www.google.com/maps/place/UCHealth+Pikes+Peak+Regional+Hospital/data=!4m7!3m6!1s0x8714aae0c3fbf0ad:0xe6eb9ae18b93ba53!8m2!3d38.9743417!4d-105.0738612!16s%2Fg%2F1tfx5bm6!19sChIJrfD7w-CqFIcRU7qTi-Ga6-Y,UCHealth Pikes Peak Regional Hospital,2.8,145,Hospital,"16420 US-24, Woodland Park, CO 80863, United States","XWFG+PF Woodland Park, Colorado, USA",https://www.uchealth.org/locations/uchealth-pikes-peak-regional-hospital/,+1 719-374-6060,Open 24 hours,LGBTQ+ friendly,https://lh3.googleusercontent.com/gps-cs-s/APNQkAHdciMnXuLnEcQRVyaDR_cLLukDLoGy-RbyvCbqQVOoXFOb7e9Mehi5JOObOYS85DuN3HOyS5VAINS7eCTz9fjtp2h_2eLQat5itwKL5u1ZE_81ZU64Hb-3a3Dokd0_cCW-5tj9Bw=w408-h306-k-no,true,Open 24 hours,Open 24 hours,Open 24 hours,Open 24 hours,Open 24 hours,Open 24 hours,Open 24 hours,"https://www.google.com/maps/search/tree+service+businesses+in+Woodland+Park+Colorado+Springs+CO/@38.9938808,-105.0569301,14z",2026-04-29T04:39:59.565Z,,,
https://www.google.com/maps/place/719+Tree+%26+Stump+Removal/data=!4m7!3m6!1s0x87134632efba54a5:0x9e339809fd7dde74!8m2!3d46.423669!4d-129.9427086!16s%2Fg%2F1vzqsqbj!19sChIJpVS67zJGE4cRdN59_QmYM54,719 Tree & Stump Removal,4.0,26,Tree service,,,https://www.treeservicescoloradosprings.com/,+1 719-280-6512,Open 24 hours,,https://lh3.googleusercontent.com/gps-cs-s/APNQkAG0wNusb-NwEChOLBVIUj9y2wgplQfI1dgXEjgaSNUApZt4HC18LSQXJqAnxXQhgcyc6yw5z7zy-DjkjJAOuhpM2IxuDEKyo7qRaMRxwj4KhcYvGtArZ5wgbaIlPzcRyfpNNbSX=w408-h544-k-no,true,Open 24 hours,Open 24 hours,Open 24 hours,Open 24 hours,Open 24 hours,Open 24 hours,Open 24 hours,"https://www.google.com/maps/search/tree+service+businesses+in+Woodland+Park+Colorado+Springs+CO/@38.9938808,-105.0569301,14z",2026-04-29T04:40:04.248Z,,,
https://www.google.com/maps/place/Colorado+Springs+Tree+Removal/data=!4m7!3m6!1s0x87134f69f0df0b07:0xb31f673db1225f30!8m2!3d38.875789!4d-104.7613126!16s%2Fg%2F11jn3jv946!19sChIJBwvf8GlPE4cRMF8isT1nH7M,Colorado Springs Tree Removal,2.3,3,Tree service,,,https://www.coloradospringscotreeremoval.com/,+1 719-300-6696,Closed · Opens 7 am Wed,,https://lh3.googleusercontent.com/gps-cs-s/APNQkAEYyPUrYiUEHMZZjsiXz6zIv8Q_hVgqDBWKDT7_jEJzGM3khs92bH2wXvuhhOCmnRRF-Epy2BbAd01s4SPM6jlZw_PWs_OrOyYN4gd7qY5s5fpSUNAaG6jcof6n2FKSzvFEXZsT=w408-h407-k-no,true,7 am–7 pm,7 am–7 pm,7 am–7 pm,7 am–7 pm,7 am–7 pm,7 am–7 pm,7 am–7 pm,"https://www.google.com/maps/search/tree+service+businesses+in+Woodland+Park+Colorado+Springs+CO/@38.9938808,-105.0569301,14z",2026-04-29T04:40:08.942Z,,,
https://www.google.com/maps/place/Lind+Legacy+Tree+Service/data=!4m7!3m6!1s0x871349962e443d7f:0x54c574a9718870b0!8m2!3d38.970339!4d-104.605184!16s%2Fg%2F11f8hkxl0l!19sChIJfz1ELpZJE4cRsHCIcal0xVQ,Lind Legacy Tree Service,5.0,40,Tree service,,,https://www.lindlegacytreeservice.com/,+1 760-957-5500,Closed · Opens 8 am Wed,Identifies as veteran-owned,https://lh3.googleusercontent.com/gps-cs-s/APNQkAH87c2rHW-Elzk3nSpBl2J_WCjtsiI11YtUlJkbHT08g4Vrmsc9eJql5tTluHHwQRnLPRUcreb3JXX7bigsVgFU_TG2Sx-ikHtNJNdyl0nOMYreSmcySwNhact9wtYCNlN5B2Vf=w408-h544-k-no,true,8 am–6 pm,8 am–6 pm,8 am–6 pm,8 am–6 pm,Closed,Closed,8 am–6 pm,"https://www.google.com/maps/search/tree+service+businesses+in+Woodland+Park+Colorado+Springs+CO/@38.9938808,-105.0569301,14z",2026-04-29T04:40:13.879Z,,,
https://www.google.com/maps/place/Clearwater+landscaping/data=!4m7!3m6!1s0xa3dac560739282b7:0x53d5da13536ae9ae!8m2!3d38.875789!4d-104.8369284!16s%2Fg%2F11w3spd_5g!19sChIJt4KSc2DF2qMRrulqUxPa1VM,Clearwater landscaping,,,Landscaper,,,https://clearwaterlandscaping.co/,+1 970-616-4190,Closed · Opens 7 am Wed,,https://lh3.googleusercontent.com/gps-cs-s/APNQkAF5uTH_hki1PoSY9eyXUYT_aRon6MWzNrf__QZLKgfss-8BqiTON0HpwBYQmbSNLAM7l6SaGYdSTlLNPmuheR3mxcTJkz2r7OwpPPETQ2HIqHl9u2Z0oXkHGpjvXjr3SPnslJo5=w408-h408-k-no,true,7 am–5 pm,7 am–5 pm,7 am–5 pm,7 am–5 pm,Closed,Closed,7 am–5 pm,"https://www.google.com/maps/search/tree+service+businesses+in+Woodland+Park+Colorado+Springs+CO/@38.9938808,-105.0569301,14z",2026-04-29T04:40:18.393Z,,,
https://www.google.com/maps/place/Gold+Label+Construction/data=!4m7!3m6!1s0xf686657480e52b9:0xd50c0f53e45b8227!8m2!3d38.82474!4d-104.690975!16s%2Fg%2F11sq9v19j1!19sChIJuVIOSFdmaA8RJ4Jb5FMPDNU,Gold Label Construction,5.0,3,Construction company,,,https://goldlabelconstruction.com/,+1 719-822-2301,Closed · Opens 8 am Wed,,https://lh3.googleusercontent.com/gps-cs-s/APNQkAGRjga2z1SVhsLWeJz7CbC5kgPc6Y4SaUUYWjHfgsp46_NrfGBiZh3H3z1b7Hc9pA0PHBlf-2Fv-aK8Q5AOVrnfGjVXuPhCUEXyTlBoRVKnfcbNlAIRWxU3QVjTx6WQATpM-9wo=w427-h240-k-no,true,8 am–5 pm,8 am–5 pm,8 am–5 pm,8 am–5 pm,8 am–5 pm,Closed,8 am–5 pm,"https://www.google.com/maps/search/tree+service+businesses+in+Woodland+Park+Colorado+Springs+CO/@38.9938808,-105.0569301,14z",2026-04-29T04:40:23.045Z,,,
https://www.google.com/maps/place/Canopy+Tree+Service/data=!4m7!3m6!1s0x876ca50aef61f873:0xfec53948bc1fc717!8m2!3d38.9979464!4d-105.550863!16s%2Fg%2F11frqtr56q!19sChIJc_hh7wqlbIcRF8cfvEg5xf4,Canopy Tree Service,5.0,78,Tree service,,,http://www.canopytreecolorado.com/,+1 720-353-8650,Closed · Opens 8 am Wed,LGBTQ+ friendly,https://lh3.googleusercontent.com/gps-cs-s/APNQkAHJuwZIpo5IaNiZm30eI8uOiHp-iQCHxzYpwQ1qcSPKttK0Fq9ct5smJFq-QXhW0snTLFFCyfGXEuIS3Mnz5OvX1wL4IAhSI_dDeXEPjg9RPEbO4xXnd90-Hr3eqcwi378sBvgz0w=w408-h544-k-no,true,8 am–5 pm,8 am–5 pm,8 am–5 pm,8 am–5 pm,Closed,Closed,8 am–5 pm,"https://www.google.com/maps/search/tree+service+businesses+in+Woodland+Park+Colorado+Springs+CO/@38.9938808,-105.0569301,14z",2026-04-29T04:40:27.634Z,,,
https://www.google.com/maps/place/JG+Landscaping/data=!4m7!3m6!1s0x8f014e32ef8184a5:0x57698bf9cab0123f!8m2!3d38.9115526!4d-104.695906!16s%2Fg%2F11rpnp334k!19sChIJpYSB7zJOAY8RPxKwyvmLaVc,JG Landscaping,5.0,35,Landscaper,,,http://jg-lawns.com/,+1 719-258-0834,Closed · Opens 9 am Wed,,https://lh3.googleusercontent.com/gps-cs-s/APNQkAEXVydRAne9WFpMhqYTS1JfIL8CIPBRlIgJ5xk_KCL02VmvJG3tnZVSQo09SLx7J-zxLn4cMXfauAL_gmDv14tm4dsS86lyJ0x5M8ACYwG1GgiByfm1oLr2YqR_0q9ylU64ONWe0_Lg5Ny-=w408-h306-k-no,true,9 am–4:30 pm,9 am–4:30 pm,9 am–4:30 pm,9 am–4:30 pm,Closed,Closed,9 am–4:30 pm,"https://www.google.com/maps/search/tree+service+businesses+in+Woodland+Park+Colorado+Springs+CO/@38.9938808,-105.0569301,14z",2026-04-29T04:40:32.173Z,,,
https://www.google.com/maps/place/Gold+Hill+Theatres/data=!4m7!3m6!1s0x8714aacbdbb84091:0x1c4efa4c634f0fd8!8m2!3d38.9937495!4d-105.0598216!16s%2Fg%2F1td0gzc4!19sChIJkUC428uqFIcR2A9PY0z6Thw,Gold Hill Theatres,4.6,482,Movie theater,"615 W Midland Ave, Woodland Park, CO 80863, United States","XWVR+F3 Woodland Park, Colorado, USA",https://www.goldhilltheatres.com/,+1 719-257-3258,,,https://lh3.googleusercontent.com/gps-cs-s/APNQkAH7SPqEOq7XY2sIwQxWIa-zbMG-mHRpJPzcJzgFfJjUmz0DHf2axnOhJMg22SVd2g90nFp7CDw14llT6NdVprR7F7-Nyt4PqSEof4lHiRj7XVnW9Q8ThKWlmhJ5HOirjVz1CxgnfvgC2fiy=w426-h240-k-no,true,,,,,,,,"https://www.google.com/maps/search/tree+service+businesses+in+Woodland+Park+Colorado+Springs+CO/@38.9938808,-105.0569301,14z",2026-04-29T04:40:35.134Z,"Snug, 1970s-era movie house showing first-run films in casual surrounds with a small-town feel.",,
https://www.google.com/maps/place/SW+Tree+Trimming/data=!4m7!3m6!1s0x85cc9ac0c85ec371:0x2211649dccc758d9!8m2!3d36.149246!4d-115.154464!16s%2Fg%2F11lct5pm7k!19sChIJccNeyMCazIUR2VjHzJ1kESI,SW Tree Trimming,5.0,1,Tree service,,,https://treeservicehenderson.com/,+1 725-210-0283,Closed · Opens 7 am Wed,,https://lh3.googleusercontent.com/gps-cs-s/APNQkAGu7TLBEkn4XjBjIU07Fq9FLY2vi_Bvw0s9Vir1oWDHjzcArLfYj0GDVtGqhy_a1SOySs9AXBrAC8h-_n2ybT58_LYJ8uHJt7Z6foYISnQ2MPpRFSjf0NCuMtwivJPOmwsWC_0piQ=w426-h240-k-no,true,7 am–6 pm,7 am–6 pm,7 am–6 pm,7 am–5 pm,Closed,Closed,7 am–6 pm,"https://www.google.com/maps/search/tree+service+businesses+in+Woodland+Park+Colorado+Springs+CO/@38.9938808,-105.0569301,14z",2026-04-29T04:40:39.599Z,,,
https://www.google.com/maps/place/Sam%27s+Gyros+%26+Kabobs/data=!4m7!3m6!1s0x8714abfe9239b449:0x7a9c2c5d0971eb1a!8m2!3d38.9937045!4d-105.0597343!16s%2Fg%2F11svbl55r9!19sChIJSbQ5kv6rFIcRGutxCV0snHo,Sam's Gyros & Kabobs,4.9,917,Restaurant,"609 W Midland Ave, Woodland Park, CO 80863, United States","XWVR+F4 Woodland Park, Colorado, USA",http://samgyro.com/,+1 719-687-8744,"Closed · Opens 10 am Wed

Confirmed by others 1 week ago",,https://lh3.googleusercontent.com/gps-cs-s/APNQkAGii1EdLE9OuOkZ1QLpL5v8TKOAc8ovrSF6s5fVhD_7jtef0-xB9OoPJ8fGYmOIkbsa4JyR3MsbPWFXnnx4mLIOExykoTIUQCKTYVFXCM38mQITXCEijhuK-aYQSVhdZnih_luV=w408-h306-k-no,true,10 am–8 pm,10 am–8 pm,10 am–8 pm,10 am–9 pm,10 am–8 pm,10 am–8 pm,10 am–8 pm,"https://www.google.com/maps/search/tree+service+businesses+in+Woodland+Park+Colorado+Springs+CO/@38.9938808,-105.0569301,14z",2026-04-29T04:40:44.494Z,· Dine-in · Kerbside pickup · No-contact delivery,,
https://www.google.com/maps/place/Family+Man+Handyman/data=!4m7!3m6!1s0x87134f305b4564ed:0xdbf43e78f89b3033!8m2!3d39.0365204!4d-104.5807459!16s%2Fg%2F11fy4lb9zq!19sChIJ7WRFWzBPE4cRMzCb-Hg-9Ns,Family Man Handyman,4.8,19,Handyman/Handywoman/Handyperson,,,http://www.myfmhm.com/,+1 719-431-6376,Closed · Opens 8 am Wed,,https://lh3.googleusercontent.com/gps-cs-s/APNQkAFjesWeIRkjnJg3UJlATRZAwdIjdvvJEJk6Owcf7wPxA_e6lSS1u8fABq79U7ZFYGmOpCcbLif9kvm2-ewals86F0GCdzeptm4AyjC_om1v1_nrAf2gsLv5NiN10vDjNvdOwupz=w408-h544-k-no,true,8 am–5 pm,8 am–5 pm,8 am–5 pm,8 am–5 pm,8 am–5 pm,Closed,8 am–5 pm,"https://www.google.com/maps/search/tree+service+businesses+in+Woodland+Park+Colorado+Springs+CO/@38.9938808,-105.0569301,14z",2026-04-29T04:40:49.192Z,,,
https://www.google.com/maps/place/Wayback+Burgers/data=!4m7!3m6!1s0x8714ab1b25028413:0x41a39a04e2c5743f!8m2!3d38.9919839!4d-105.058622!16s%2Fg%2F11l77kf39t!19sChIJE4QCJRurFIcRP3TF4gSao0E,Wayback Burgers,4.0,577,Hamburger restaurant,"751 Gold Hill Pl S, Woodland Park, CO 80863, United States","XWRR+QH Woodland Park, Colorado, USA",https://waybackburgers.com/locations/us/colorado/woodland-park/?y_source=1_NzM2Njk4NDctNzE1LWxvY2F0aW9uLndlYnNpdGU%3D,+1 719-300-6798,"Closed · Opens 10:30 am Wed

Confirmed by this business 4 weeks ago",,https://lh3.googleusercontent.com/gps-cs-s/APNQkAHMvJHU2de87uvLs_QWa0sjsfR0GFxkVKuPVECUEgf_jX9w3XejS-tlbV8UUq0g6dtNpv1wflh4zRRYvFA1sJdnkwzi4EY1vN3Fqqgy6r2tmymR1yM1d4bbhEvrPv_I_FZL49k9G_JmnSpS=w408-h611-k-no,true,10:30 am–9 pm,10:30 am–9 pm,10:30 am–9 pm,10:30 am–9 pm,10:30 am–9 pm,10:30 am–9 pm,10:30 am–9 pm,"https://www.google.com/maps/search/tree+service+businesses+in+Woodland+Park+Colorado+Springs+CO/@38.9938808,-105.0569301,14z",2026-04-29T04:40:54.152Z,Made-to-order burgers & milkshakes fill out the menu at this quick-serve chain with retro decor. · Dine-in · Kerbside pickup · Delivery,,
https://www.google.com/maps/place/Brewing+Science+Institute+Inc/data=!4m7!3m6!1s0x8714aacbd0c3fd87:0xe8ea9018c824494b!8m2!3d38.968668!4d-105.034335!16s%2Fg%2F1thn5zkc!19sChIJh_3D0MuqFIcRS0kkyBiQ6ug,Brewing Science Institute Inc,4.6,18,Laboratory,"106 Glen Dale Dr, Woodland Park, CO 80863, United States","XX98+F7 Woodland Park, Colorado, USA",https://www.brewingscience.com/,+1 719-482-4895,Closed · Opens 8 am Wed,,https://lh3.googleusercontent.com/gps-cs-s/APNQkAE-ndh9_nG42MHWnov4bWXE-Pwbc9ND-YsyU4t-8DlsXuT7eN2VxjGm0K8U5n7AySTlI3z6JOpZjyzeAhbk7hUI28FJ0oWIwf_dg1qOhY6qsuYMeihPB_dp0LJYBxwdaSOkRu91=w800-h240-k-no,true,8 am–5 pm,8 am–5 pm,8 am–5 pm,8 am–5 pm,Closed,Closed,8 am–5 pm,"https://www.google.com/maps/search/tree+service+businesses+in+Woodland+Park+Colorado+Springs+CO/@38.9938808,-105.0569301,14z",2026-04-29T04:40:59.113Z,,,
https://www.google.com/maps/place/Safeway/data=!4m7!3m6!1s0x8714aabcf95261df:0xd8749639ecbe5dc6!8m2!3d38.9826351!4d-105.0468707!16s%2Fg%2F1wfvn314!19sChIJ32FS-byqFIcRxl2-7DmWdNg,Safeway,4.2,1223,Grocery store,"1101 US-24, Woodland Park, CO 80863, United States","XXM3+37 Woodland Park, Colorado, USA",https://local.safeway.com/safeway/co/woodland-park/1101-e-us-hwy-24.html,+1 719-686-1836,,LGBTQ+ friendly,https://lh3.googleusercontent.com/gps-cs-s/APNQkAG6aY-v4OaAtZ496uWAnueNVL7Yyx-0mUm6anojQ9kPdfSlsu-7N5-yxka6CR4gdN0jg726QwmsyNvqJyLP0PefMNf8hBLi_MHsHAe6WEg7WhYURasfuR5k6d2G8nTm8NjcKQE_=w408-h369-k-no,true,"8 am–1:30 pm, 2–7 pm","8 am–1:30 pm, 2–7 pm","8 am–1:30 pm, 2–7 pm","8 am–1:30 pm, 2–7 pm","9 am–1:30 pm, 2–6 pm","10 am–1:30 pm, 2–6 pm","8 am–1:30 pm, 2–7 pm","https://www.google.com/maps/search/tree+service+businesses+in+Woodland+Park+Colorado+Springs+CO/@38.9938808,-105.0569301,14z",2026-04-29T04:41:04.305Z,"Longtime supermarket chain carrying brand-name & house-label groceries, plus a deli, bakery & more. · In-store shopping · Kerbside pickup · Delivery",,
https://www.google.com/maps/place/Anything+Tree+Care/data=!4m7!3m6!1s0x876ca5c64cd7d8c7:0x44e5c7c671718884!8m2!3d39.2326455!4d-104.9683966!16s%2Fg%2F11g2vrf77x!19sChIJx9jXTMalbIcRhIhxccbH5UQ,Anything Tree Care,5.0,7,Tree service,,,,+1 720-475-0915,,,https://lh3.googleusercontent.com/gps-cs-s/APNQkAGKgZ8mpFl3Uv1BLuaeqLgPZSQRxxe1_wlRL3cCMZLLF9x5v3RIRVRUSSv62tV4MVnBHptI5T8nIXG0F1S5E5N7N30aXTENyYtuIbZCvoKy4DEBcE2cy2CNTt7-tuEYvtNk28jMbQ=w427-h240-k-no,true,,,,,,,,"https://www.google.com/maps/search/tree+service+businesses+in+Woodland+Park+Colorado+Springs+CO/@38.9938808,-105.0569301,14z",2026-04-29T04:41:06.989Z,,,
https://www.google.com/maps/place/Peak+%26+Valley+Tree+Care/data=!4m7!3m6!1s0xd86c6dace598a53:0x35879e29931c29d9!8m2!3d38.875789!4d-104.752089!16s%2Fg%2F11y8tb37n3!19sChIJU4pZztrGhg0R2SkckymehzU,Peak & Valley Tree Care,5.0,2,Tree service,,,,+1 719-726-4317,,,https://lh3.googleusercontent.com/gps-cs-s/APNQkAHxA1bAsTghBhMHDaVThGXEh-DGb02kKzsKXjSlaADfIp1MEexCvzgwxZ5vufrbGVj-bAgTRVQjPi7fkgSQ-F0xpDz_uCJjoZNxfqZn5UP3Q58FzOxi7MfOSQFwpwiJK9EVgJAB0w=w408-h272-k-no,true,,,,,,,,"https://www.google.com/maps/search/tree+service+businesses+in+Woodland+Park+Colorado+Springs+CO/@38.9938808,-105.0569301,14z",2026-04-29T04:41:09.408Z,,,
https://www.google.com/maps/place/J+%26+H+Tree+Service+Colorado/data=!4m7!3m6!1s0x876c97db49a97d6d:0xa79742cf56ad6949!8m2!3d39.260459!4d-104.5524224!16s%2Fg%2F11c1s8wncd!19sChIJbX2pSduXbIcRSWmtVs9Cl6c,J & H Tree Service Colorado,4.9,62,Tree service,,,,+1 720-229-7022,Open 24 hours,,https://lh3.googleusercontent.com/gps-cs-s/APNQkAFmU-udJ3Ys0pV_oHxB_0mt0ovLvvKnKFUZaY_Oa1uV3sibeHtX5LkiZ9g5tIrwzIU59K2B6ZXxkCdnL_RxT4_asp44pN0MQObA0om7ymB2juEvWb2fZp7bKJOuuaVoG4bb1epi=w408-h544-k-no,true,Open 24 hours,Open 24 hours,Open 24 hours,Open 24 hours,Open 24 hours,Open 24 hours,Open 24 hours,"https://www.google.com/maps/search/tree+service+businesses+in+Woodland+Park+Colorado+Springs+CO/@38.9938808,-105.0569301,14z",2026-04-29T04:41:14.147Z,,,
"https://www.google.com/maps/place/Tree+Artisans/@38.8757891,-104.752089,11z/data=!3m1!4b1!4m6!3m5!1s0xd66c74412a7e2f5:0xf586f5e4e05be16f!8m2!3d38.875789!4d-104.752089!16s%2Fg%2F11t8bg158f",Tree Artisans,,,Tree service,,,https://treeartisans.com/,+1 719-822-6733,Closed · Opens 8:30 am Wed,,,true,8:30 am–5:30 pm,8:30 am–5:30 pm,8:30 am–5:30 pm,8:30 am–5:30 pm,Closed,Closed,8:30 am–5:30 pm,"https://www.google.com/maps/search/tree+service+businesses+in+Woodland+Park+Colorado+Springs+CO/@38.9938808,-105.0569301,14z",2026-04-29T04:41:20.596Z,,,
https://www.google.com/maps/place/Empyre+Outdoor+Living+LLC/data=!4m7!3m6!1s0x871345321a289af7:0xcf1c5e9d6cc04e92!8m2!3d38.859373!4d-104.688558!16s%2Fg%2F11vwlhlh2n!19sChIJ95ooGjJFE4cRkk7AbJ1eHM8,Empyre Outdoor Living LLC,4.9,65,Landscape designer,,,http://empyreoutdoor.com/,+1 719-212-2182,Closed · Opens 8 am Wed,,https://lh3.googleusercontent.com/gps-cs-s/APNQkAHh2b87wUZ7wiOd3hNt8tvb0RDtcfO_KWbBYrkAdqFVbDWoG2g0AAI02gOovbs2VixC_yM3M5AwZ6rkVGB6vZnPqqPqrXhYpFYEtPOLgmIHqRfFYy-74NVmL6V0nwLGVra7-sJ1XQ=w408-h306-k-no,true,8 am–6:30 pm,8 am–6:30 pm,8 am–6:30 pm,8 am–6:30 pm,8 am–6:30 pm,Closed,8 am–6:30 pm,"https://www.google.com/maps/search/tree+service+businesses+in+Woodland+Park+Colorado+Springs+CO/@38.9938808,-105.0569301,14z",2026-04-29T04:41:25.547Z,,,
https://www.google.com/maps/place/Jason%27s+landscaping+and+cleaning+services/data=!4m7!3m6!1s0x871345b5146cb29b:0x349cce6921d0be1f!8m2!3d38.875789!4d-104.752089!16s%2Fg%2F11mvnksl2b!19sChIJm7JsFLVFE4cRH77QIWnOnDQ,Jason's landscaping and cleaning services,3.2,9,Landscaper,,,,+1 719-416-0592,Closed · Opens 9 am Wed,,https://lh3.googleusercontent.com/gps-cs-s/APNQkAHJ5ZncS001IY1t50np3Y89i-S-MseZleHwVkF7vBAH7gKpBiSQyoFPXalx28wToy3jxp6OQkVYgC0GnszLkEEJecJ6H2l8ASu9hkl3HBtqchISFOXXL02Rw-eiDvVcf15RIChh=w408-h544-k-no,true,9 am–8 pm,9 am–8 pm,9 am–8 pm,9 am–8 pm,9 am–8 pm,Closed,9 am–8 pm,"https://www.google.com/maps/search/tree+service+businesses+in+Woodland+Park+Colorado+Springs+CO/@38.9938808,-105.0569301,14z",2026-04-29T04:41:30.229Z,,,
https://www.google.com/maps/place/Alpine+Landscaping+LLC/data=!4m7!3m6!1s0x822e3c76db44702f:0x878af8af5c5ecfee!8m2!3d38.8326909!4d-104.8646735!16s%2Fg%2F11rr8h86n3!19sChIJL3BE23Y8LoIR7s9eXK_4ioc,Alpine Landscaping LLC,5.0,81,Landscaper,"1618 Calvert Ave, Colorado Springs, CO 80904, United States","R4MP+34 Colorado Springs, Colorado, USA",https://alpinelandscapingllc.com/,+1 719-304-6023,Closed · Opens 8 am Wed,LGBTQ+ friendly,https://lh3.googleusercontent.com/gps-cs-s/APNQkAHKwJNCorLjwxPR0vxy9XFuiG9uTFa_UQTZH7QF3D5APEKPNPfbSRrWEWAsLOEJES0vqVHV-7JtVcZQjFqstaACmxESq7shyaFFbkcCGmXnFOPiXM3S7mYtLjV4EBKE3UbnY2qxmpPffft0=w408-h307-k-no,true,8 am–6 pm,8 am–6 pm,8 am–6 pm,8 am–3 pm,8 am–12 pm,Closed,8 am–6 pm,"https://www.google.com/maps/search/tree+service+businesses+in+Woodland+Park+Colorado+Springs+CO/@38.9938808,-105.0569301,14z",2026-04-29T04:41:35.057Z,,,
https://www.google.com/maps/place/Evergreen+Excavation/data=!4m7!3m6!1s0x8cb4384e37dfee55:0xbb9a9efd84def81f!8m2!3d38.919428!4d-105.2360464!16s%2Fg%2F11yf0bzwhg!19sChIJVe7fN044tIwRH_jehP2emrs,Evergreen Excavation,,,Excavating contractor,,,https://evergreenexcavation.net/,+1 719-270-0245,Closed · Opens 8 am Wed,Identifies as veteran-owned,https://lh3.googleusercontent.com/gps-cs-s/APNQkAGEGl_GOJ13UJqo3vPWc5ov-sFasLlRfMr8be-cvn4_RiQb5rv0EOkOk3h0cXOBRz_oJQ8fatp_DCRfg1NggWRe-T5NAGkopf1ZZzG11Bs9nMw2VHf3OBwTuqXyGgPlAiESqKoO_GvJV9M=w408-h408-k-no,true,8 am–6 pm,8 am–6 pm,8 am–6 pm,8 am–5 pm,10 am–4:30 pm,10 am–4 pm,8 am–6 pm,"https://www.google.com/maps/search/tree+service+businesses+in+Woodland+Park+Colorado+Springs+CO/@38.9938808,-105.0569301,14z",2026-04-29T04:41:39.666Z,,,
https://www.google.com/maps/place/TJP+Enterprises+Inc./data=!4m7!3m6!1s0x87135ac15a31dc85:0x3df95f4979624434!8m2!3d38.8378106!4d-104.752089!16s%2Fg%2F1tj1mzs5!19sChIJhdwxWsFaE4cRNERieUlf-T0,TJP Enterprises Inc.,5.0,4,Landscaper,,,https://tjpenterpriseslandscaping.com/,+1 719-632-8347,Closed · Opens 8 am Wed,,https://lh3.googleusercontent.com/gps-cs-s/APNQkAFXUSLMf2uvlMEHvTCmykN--xeKrvi2rKRSpyJU-Jkys2rNV0GFAOWj58RRplNPvU6uaE1ldjsygdNI_zlzwy2cJ5UwV8vUU8Wm9hBBf_esa2W4zyu9XOaN0V0GGETHLWNlU78p=w408-h272-k-no,true,8 am–5 pm,8 am–5 pm,8 am–5 pm,8 am–5 pm,Closed,Closed,8 am–5 pm,"https://www.google.com/maps/search/tree+service+businesses+in+Woodland+Park+Colorado+Springs+CO/@38.9938808,-105.0569301,14z",2026-04-29T04:41:44.305Z,,,
https://www.google.com/maps/place/Lawn+Doctor+-+Colorado+Springs+%26+Pueblo/data=!4m7!3m6!1s0x871347e13adc8783:0xac8b397055aa4afe!8m2!3d38.8339984!4d-104.864212!16s%2Fg%2F1tk6qsc0!19sChIJg4fcOuFHE4cR_kqqVXA5i6w,Lawn Doctor - Colorado Springs & Pueblo,4.9,885,Lawn care service,"2295 Busch Ave #1, Colorado Springs, CO 80904, United States","R4MP+H8 Colorado Springs, Colorado, USA",https://www.lawndoctordenver.com/?utm_source=GMBlisting&utm_medium=organic,+1 719-543-2491,"Closed · Opens 8 am Wed

Updated by this business 7 weeks ago",,https://lh3.googleusercontent.com/gps-cs-s/APNQkAFUwoLApb7wD9C7Rg6x7Q9Tpc48deudVZfglphtvhmXZ9VRFDIpXBTBcLEFQrP4GfWvVLJsHDaU3q1y8ZBDC8WRR0mSUda1G93Q89HVK0BQPtP7yaD5_crdyjzKbnKrN3CNOJuLQJcueuje=w408-h306-k-no,true,8 am–6 pm,8 am–6 pm,8 am–6 pm,8 am–6 pm,10 am–6 pm,Closed,8 am–6 pm,"https://www.google.com/maps/search/tree+service+businesses+in+Woodland+Park+Colorado+Springs+CO/@38.9938808,-105.0569301,14z",2026-04-29T04:41:49.288Z,,,
https://www.google.com/maps/place/Goodwill+Store+%26+Donation+Center/data=!4m7!3m6!1s0x8714aac905185d33:0x5f412bdc701ac5!8m2!3d38.982369!4d-105.0435481!16s%2Fg%2F1tt0rl66!19sChIJM10YBcmqFIcRxRpw3CtBXwA,Goodwill Store & Donation Center,4.2,469,Thrift store,"101 Paradise Lodge Ln, Woodland Park, CO 80863, United States","XXJ4+WH Woodland Park, Colorado, USA",https://goodwillcolorado.org/shop/locations/,+1 719-687-9534,Closed · Opens 9 am Wed,,https://lh3.googleusercontent.com/gps-cs-s/APNQkAGR9n76cOBKwynsp9_YmUiWafcmrLAxt8FD_3hMG1ybORnbP_JS3bHJ6uJpUQ1_cU0SPJyljCiNUdGg0JV1WYarNCq87UyDNnsXhk8ZrZC2L9Tma6VmvJUHSvB3T5rQP76TExfK=w532-h240-k-no,true,9 am–9 pm,9 am–9 pm,9 am–9 pm,9 am–9 pm,9 am–9 pm,9 am–8 pm,9 am–9 pm,"https://www.google.com/maps/search/tree+service+businesses+in+Woodland+Park+Colorado+Springs+CO/@38.9938808,-105.0569301,14z",2026-04-29T04:41:54.285Z,"Long-standing nonprofit chain with a range of pre-owned clothing, housewares & more. · In-store shopping",,
https://www.google.com/maps/place/Rocky+Top+Resources/data=!4m7!3m6!1s0x871344f5672cd6db:0x2bcfbecaf6f52f96!8m2!3d38.8068504!4d-104.7969207!16s%2Fg%2F1tf3b_by!19sChIJ29YsZ_VEE4cRli_19sq-zys,Rocky Top Resources,4.6,511,Landscaping supply store,"1755 E Las Vegas St, Colorado Springs, CO 80903, United States","R643+P6 Colorado Springs, Colorado, USA",http://www.rockytopresources.com/,+1 719-579-9103,Closed · Opens 7:30 am Wed,,https://lh3.googleusercontent.com/gps-cs-s/APNQkAF45DqInwlE5ATBSXJNaMlbQ8AVERKo9FFLbNBQemLEpctgyDKhqx9tmRYQMnVgJe0aMidnyI23FN0vViwe7RmgfLuJsA0tiFMm02dOOVNES5h6LSEX1zhYM_cjARL0As7-LBA=w408-h541-k-no,true,7:30 am–5 pm,7:30 am–5 pm,7:30 am–5 pm,7:30 am–5 pm,8 am–4 pm,Closed,7:30 am–5 pm,"https://www.google.com/maps/search/tree+service+businesses+in+Woodland+Park+Colorado+Springs+CO/@38.9938808,-105.0569301,14z",2026-04-29T04:41:59.111Z,· In-store shopping · Delivery,,
https://www.google.com/maps/place/Pineland+Tree+Services/data=!4m7!3m6!1s0x876cb1007799797b:0x56b5b93a9789853c!8m2!3d39.1134928!4d-104.8359395!16s%2Fg%2F11x6k6lwcr!19sChIJe3mZdwCxbIcRPIWJlzq5tVY,Pineland Tree Services,5.0,13,Tree service,"19375 Rim of the World Dr, Monument, CO 80132, United States","4577+9J Monument, Colorado, USA",,+1 419-551-8477,Closed · Opens 9 am Wed,Identifies as veteran-owned,https://lh3.googleusercontent.com/gps-cs-s/APNQkAEgSLzn3k8Y_YKhZXSJPMT7g8jQoD6BRe7-4tVNwQTd8d298qsgyNVOqh0CwUegNUL353HRnG8uQ0HVyf7JRHYRNI96GAALYhejlXQcRU9nUFY-retktp9mLGmaUXqJNdZVY8Uquz4SHPE=w408-h544-k-no,true,9 am–6 pm,9 am–6 pm,9 am–6 pm,9 am–6 pm,Closed,Closed,9 am–6 pm,"https://www.google.com/maps/search/tree+service+businesses+in+Woodmoor+Colorado+Springs+CO/@39.1013808,-104.8474794,14z",2026-04-29T04:42:20.886Z,,,
"https://www.google.com/maps/place/Blue+Tree,+LLC/data=!4m7!3m6!1s0x876cad52c92a7bab:0xa659bd2130a95ad0!8m2!3d38.991646!4d-104.738916!16s%2Fg%2F11hdngj18g!19sChIJq3sqyVKtbIcR0FqpMCG9WaY","Blue Tree, LLC",5.0,56,Tree service,,,http://bluetreellc.org/,+1 719-258-0085,Closed · Opens 8 am Wed,,https://lh3.googleusercontent.com/gps-cs-s/APNQkAFMvebM_Oxt0jWIjA_JoHZ6ZZNRXATAiNIL3HifNrr-PtThWInOTfDMWWWFFQr_fMgurQQYDfBWR5xnO9Os_XYPL590M4EJBKvxlp-He8jQIYtRcG47mxHXpVaZFr929IXR4lzG=w426-h240-k-no,true,8 am–5 pm,8 am–5 pm,8 am–5 pm,8 am–5 pm,9 am–3 pm,Closed,8 am–5 pm,"https://www.google.com/maps/search/tree+service+businesses+in+Woodmoor+Colorado+Springs+CO/@39.1013808,-104.8474794,14z",2026-04-29T04:42:25.598Z,,,
https://www.google.com/maps/place/McCord%27s+Garden+Center+and+Landscaping/data=!4m7!3m6!1s0x876cadd7772e5079:0xa864ba67442a30a8!8m2!3d39.0989725!4d-104.8781886!16s%2Fg%2F12628w147!19sChIJeVAud9etbIcRqDAqRGe6ZKg,McCord's Garden Center and Landscaping,4.8,98,Landscaper,"2720 McShane Dr, Monument, CO 80132, United States","34XC+HP Monument, Colorado, USA",http://www.mccordgardens.com/,+1 719-375-3573,"Closed · Opens 10 am Wed

Updated by this business 4 weeks ago",,https://lh3.googleusercontent.com/gps-cs-s/APNQkAGNhumqp0G04nBFPo2U_KMbJ2fZSpCLRTEzEtobPB2a3_UXmZnFS5jBoif2XkpGCMhKkfMIK_tbm-Fhaz0eGvPKVslxT6BA_C9IRdU9kb_aQ0Lztn_h9nDdSyQJQsAAQnfWWuc=w408-h323-k-no,true,10 am–5 pm,10 am–5 pm,10 am–5 pm,10 am–5 pm,10 am–5 pm,10 am–4 pm,10 am–5 pm,"https://www.google.com/maps/search/tree+service+businesses+in+Woodmoor+Colorado+Springs+CO/@39.1013808,-104.8474794,14z",2026-04-29T04:42:30.599Z,,,
https://www.google.com/maps/place/Tree+man+-+Tree+Service+%26+Fire+Prevention+Inc./data=!4m7!3m6!1s0x876cb26c5c040001:0xc7325088c17d1cc8!8m2!3d39.1040191!4d-104.8818088!16s%2Fg%2F11rnb3cypc!19sChIJAQAEXGyybIcRyBx9wYhQMsc,Tree man - Tree Service & Fire Prevention Inc.,,,Tree service,"728 Westward Ln, Palmer Lake, CO 80133, United States","4439+J7 Palmer Lake, Colorado, USA",,+1 719-488-1818,,LGBTQ+ friendly,https://streetviewpixels-pa.googleapis.com/v1/thumbnail?panoid=4_KwCogW2czpZzxLD-StEQ&cb_client=search.gws-prod.gps&w=408&h=240&yaw=239.71349&pitch=0&thumbfov=100,true,9 am–5 pm,9 am–5 pm,9 am–5 pm,9 am–5 pm,9 am–5 pm,9 am–5 pm,9 am–5 pm,"https://www.google.com/maps/search/tree+service+businesses+in+Woodmoor+Colorado+Springs+CO/@39.1013808,-104.8474794,14z",2026-04-29T04:42:35.515Z,,,
https://www.google.com/maps/place/Paradise+Outdoor+Design+and+Landscaping/data=!4m7!3m6!1s0x876cadc3a70c1c69:0x9c80e1ba4d902fd7!8m2!3d39.0918586!4d-104.8727883!16s%2Fg%2F1v5k3hvc!19sChIJaRwMp8OtbIcR1y-QTbrhgJw,Paradise Outdoor Design and Landscaping,4.7,43,Landscaper,"213 Washington St, Monument, CO 80132, United States","34RG+PV Monument, Colorado, USA",https://paradiselandscapingco.com/,+1 719-359-2099,Closed · Opens 8 am Wed,,https://lh3.googleusercontent.com/gps-cs-s/APNQkAEDtZorLisTTT3XdI7IMy99wluUmOOUSS0oSfd83-RJw6MRb2FB-i-dPZ1BC2WSKZXJSQWEJsNtHy1Wl1T-h2b8HlJtP671442RYyYKqr6Ql0A3k7Z6Xwvj42w0O4A5-vxm68o4=w408-h272-k-no,true,8 am–5 pm,8 am–5 pm,8 am–5 pm,8 am–5 pm,8 am–5 pm,Closed,8 am–5 pm,"https://www.google.com/maps/search/tree+service+businesses+in+Woodmoor+Colorado+Springs+CO/@39.1013808,-104.8474794,14z",2026-04-29T04:42:40.455Z,,,
https://www.google.com/maps/place/All+Things+Trees+LLC/data=!4m7!3m6!1s0x8d06a57c6fb4a041:0x87f038568ed54c94!8m2!3d38.875789!4d-104.752089!16s%2Fg%2F11yb2bjgmd!19sChIJQaC0b3ylBo0RlEzVjlY48Ic,All Things Trees LLC,4.9,35,Tree service,,,http://www.allthingstrees.org/,+1 325-248-4262,Closed · Opens 8 am Wed,,https://lh3.googleusercontent.com/gps-cs-s/APNQkAFqk2urhwvgLI52vkLPca2ghiHQwikot2PtkIxkfXpHfqP9NvvbhOROvND2x5Ih_aqf1NfX1sVnrhT97umNgJ8wwEH-0hpmhxjjR4y9g9WetLhiuWW8DpNhTFiTViQBpFcKBkm4=w408-h306-k-no,true,8 am–5 pm,8 am–5 pm,8 am–5 pm,8 am–5 pm,8 am–5 pm,9 am–2 pm,8 am–5 pm,"https://www.google.com/maps/search/tree+service+businesses+in+Woodmoor+Colorado+Springs+CO/@39.1013808,-104.8474794,14z",2026-04-29T04:42:45.325Z,,,
https://www.google.com/maps/place/Greater+Grounds+Landscaping/data=!4m7!3m6!1s0x876cb3b5362d9875:0x8f8e6634edee6dc7!8m2!3d39.1032646!4d-104.8865875!16s%2Fg%2F11h18d03ll!19sChIJdZgtNrWzbIcRx23u7TRmjo8,Greater Grounds Landscaping,4.9,62,Landscaper,"630 CO-105, Palmer Lake, CO 80133, United States","4437+89 Palmer Lake, Colorado, USA",http://www.greatergrounds.com/,+1 719-313-9577,"Closed · Opens 8 am Wed

Updated by this business 10 weeks ago",,https://lh3.googleusercontent.com/gps-cs-s/APNQkAFC8SeCqmvp6nXZUeS_V4E0rakiuLcnuEBDNmcwTvrc-WJUKkPEG-bNKI-EctK5c67KBJebmhI9Xbujg6fI5S5AohSB2QL20iF-GMoLA-04UP_hh7k5lE0WBDRHi8N6KwjUG9GPbeWH-mvK=w445-h240-k-no,true,8 am–4:30 pm,8 am–4:30 pm,8 am–4:30 pm,8 am–4:30 pm,Closed,Closed,8 am–4:30 pm,"https://www.google.com/maps/search/tree+service+businesses+in+Woodmoor+Colorado+Springs+CO/@39.1013808,-104.8474794,14z",2026-04-29T04:42:50.528Z,,,
https://www.google.com/maps/place/ABC+Landscaping/data=!4m7!3m6!1s0x876cb3784f7ca179:0xd77c5a35b579fa8a!8m2!3d39.0775853!4d-104.8704583!16s%2Fg%2F1tykvwr1!19sChIJeaF8T3izbIcRivp5tTVafNc,ABC Landscaping,4.9,50,Landscaper,"810 Synthes Ave, Monument, CO 80132, United States","34HH+2R Monument, Colorado, USA",http://abclandscaping.com/,+1 719-576-2165,"Closed · Opens 8 am Wed

Confirmed by this business 10 weeks ago",,https://lh3.googleusercontent.com/gps-cs-s/APNQkAEWVmJOcl_F8TYZ4ZfbRRppS3faUVYP8GdbZJqW-qH15woXiQGZh0wxkTu_FiX4v_PP6tKN_aKHdrDhbp3PbrQs4uJ91OhRCzS27ktwLOXEBHXgnZS5v5O8D4eD77_84uAAp0hxhQ=w408-h306-k-no,true,8 am–5 pm,8 am–5 pm,8 am–5 pm,8 am–5 pm,Closed,Closed,8 am–5 pm,"https://www.google.com/maps/search/tree+service+businesses+in+Woodmoor+Colorado+Springs+CO/@39.1013808,-104.8474794,14z",2026-04-29T04:42:55.400Z,,,
https://www.google.com/maps/place/Tree+Beavers/data=!4m7!3m6!1s0x87134ac000000001:0xbbb87b89695c2b45!8m2!3d46.423669!4d-129.9427086!16s%2Fg%2F1jgm02662!19sChIJAQAAAMBKE4cRRStcaYl7uLs,Tree Beavers,4.8,16,Tree service,,,http://www.treebeavers.com/,+1 719-330-9257,Closed · Opens 8 am Wed,,https://lh3.googleusercontent.com/gps-cs-s/APNQkAEznesQaBG-nvlUY01kxrEOCAGGF8glb9GZXDERa2hFu1-Gy0r03F_Af0gNEHfZVrJD11wh4LZ_5WuKvw6ZJftjdbPMh8B4nGA3rpgjI1nqYDOZHZUku8Ypi498HfJKorCnCQi8=w408-h306-k-no,true,8 am–6 pm,8 am–6 pm,8 am–6 pm,8 am–6 pm,8 am–6 pm,Closed,8 am–6 pm,"https://www.google.com/maps/search/tree+service+businesses+in+Woodmoor+Colorado+Springs+CO/@39.1013808,-104.8474794,14z",2026-04-29T04:43:00.147Z,,,
https://www.google.com/maps/place/Colorado+Landscaping+and+Concrete+LLC/data=!4m7!3m6!1s0x1bc263654fecf7:0x754328359f5992a!8m2!3d39.0867513!4d-104.8741748!16s%2Fg%2F11zk3l4hwq!19sChIJ9-xPZWPCGwARKpn1WYMyVAc,Colorado Landscaping and Concrete LLC,5.0,4,Landscaper,"17542 Leisure Lake Dr, Monument, CO 80132, United States","34PG+P8 Monument, Colorado, USA",https://coloradolandscapingandconcrete.com/,+1 720-434-2282,Closed · Opens 7 am Wed,,https://lh3.googleusercontent.com/gps-cs-s/APNQkAFaUufZFtrdZcDlIdHx3fAi9tsSBUWR9uL0yhuaufl4L_TXU9H_M_-RYQK7VKS_jwPekFLIPfV0B8NybAGcfCPC8laLrvjC0XDQmSMPFnTti-jPElCEG7g-Fchp6FEi0NmeiK4f986mtQtU=w408-h266-k-no,true,7 am–5 pm,7 am–5 pm,7 am–5 pm,7 am–5 pm,7 am–5 pm,Closed,7 am–5 pm,"https://www.google.com/maps/search/tree+service+businesses+in+Woodmoor+Colorado+Springs+CO/@39.1013808,-104.8474794,14z",2026-04-29T04:43:04.903Z,,,
"https://www.google.com/maps/place/Boos+and+Sons,+Inc./data=!4m7!3m6!1s0x876caf145f5ea507:0x954645065c01c9b9!8m2!3d39.1416697!4d-104.8487892!16s%2Fg%2F11gk8nm34r!19sChIJB6VeXxSvbIcRuckBXAZFRpU","Boos and Sons, Inc.",2.4,22,Landscaper,"Larkspur, CO 80118, United States","45R2+MF Larkspur, Colorado, USA",,+1 719-495-3999,,,https://lh3.googleusercontent.com/gps-cs-s/APNQkAFZM16ekA4ceI5CgeibCRII8FRcpOCtSu0b6ZlWV1xgnAViozp8HABvWPohCDXFniBiu4MqJlhb2yaTNHWiAJjl9koeV1bXRGo_-Lg3SzzpVHtOrUUAOJt2WXfW4uyf2w_l2te0Aw=w408-h658-k-no,false,,,,,,,,"https://www.google.com/maps/search/tree+service+businesses+in+Woodmoor+Colorado+Springs+CO/@39.1013808,-104.8474794,14z",2026-04-29T04:43:07.874Z,,,
https://www.google.com/maps/place/Peak+Disposal+and+Recycling/data=!4m7!3m6!1s0x876caddef39081ff:0x68d8d458b8cf095d!8m2!3d39.1016118!4d-104.8723578!16s%2Fg%2F1tfwkvr5!19sChIJ_4GQ896tbIcRXQnPuFjU2Gg,Peak Disposal and Recycling,4.5,190,Garbage dump,"856 Washington St, Monument, CO 80132, United States","442H+J3 Monument, Colorado, USA",http://www.peakdr.com/,+1 719-481-2340,Closed · Opens 8 am Wed,,https://lh3.googleusercontent.com/gps-cs-s/APNQkAHYrp6LVwJVF6cYbf3rB1jc0K61kmmfegBve7Sq6zEy7bp9XWULxiEexH2qMIU2-6kV1cOaq9emTy7yZBjqwTSKUTPJE-gBsW4Ba39tUwQLxBmE83bzLs9O1sIUwpdlOFhWDYOIKA=w426-h240-k-no,true,8 am–4 pm,8 am–4 pm,8 am–4 pm,8 am–4 pm,10 am–4 pm,Closed,8 am–4 pm,"https://www.google.com/maps/search/tree+service+businesses+in+Woodmoor+Colorado+Springs+CO/@39.1013808,-104.8474794,14z",2026-04-29T04:43:12.753Z,,,
https://www.google.com/maps/place/Hedstrom+Property+Enhancement/data=!4m7!3m6!1s0x876cadc018991cd1:0x5c85078f9db59f7f!8m2!3d39.0940215!4d-104.8662132!16s%2Fg%2F1ptw5v_fx!19sChIJ0RyZGMCtbIcRf5-1nY8HhVw,Hedstrom Property Enhancement,5.0,8,Landscape designer,"545 3rd St Unit 3321, Monument, CO 80132, United States","34VM+JG Monument, Colorado, USA",http://hedstrompe.wixsite.com/landscape,+1 719-243-7814,Closed · Opens 9 am Wed,,https://lh3.googleusercontent.com/gps-cs-s/APNQkAEwCjjwmtyERja-wlczfRt28T-ul1nx-chVhkt12KpyCw_P3j580LEOageGhzvArCkmWMvF1QsscjMhLf15fmbmK2me3XraT-XvptxrRVKY7WhMAskPYp-PTjkrCAiBXiU5VQBQ=w408-h306-k-no,true,9 am–4 pm,9 am–4 pm,9 am–4 pm,9 am–4 pm,Closed,Closed,9 am–4 pm,"https://www.google.com/maps/search/tree+service+businesses+in+Woodmoor+Colorado+Springs+CO/@39.1013808,-104.8474794,14z",2026-04-29T04:43:17.449Z,,,
https://www.google.com/maps/place/blossoms+and+bark/data=!4m7!3m6!1s0x876cb34ef8146353:0x83270955a91daade!8m2!3d39.0964087!4d-104.8169841!16s%2Fg%2F11w96848vs!19sChIJU2MU-E6zbIcR3qodqVUJJ4M,blossoms and bark,,,Landscaper,"18250 W Forest Dr, Monument, CO 80132, United States","35WM+H6 Monument, Colorado, USA",https://blossomsandbark.com/,+1 720-869-9622,Closed · Opens 9 am Wed,Identifies as veteran-owned,https://lh3.googleusercontent.com/gps-cs-s/APNQkAEJVi8fbz3p_3RUedev28qkOuQzQFQQxlmrs_kFMr20NlNTQUTzvyY8kg5YaTjTkQJhjEy3OwrwJwUpT76HsIoYf-CSEMlwSy-wG_5gvvS3bpugCG45QQVjxOloA3U1LpESz8_R1SSyEuhB=w408-h544-k-no,true,9 am–5 pm,9 am–5 pm,9 am–5 pm,9 am–5 pm,Closed,Closed,9 am–5 pm,"https://www.google.com/maps/search/tree+service+businesses+in+Woodmoor+Colorado+Springs+CO/@39.1013808,-104.8474794,14z",2026-04-29T04:43:22.038Z,,,
https://www.google.com/maps/place/S%26C+Landscaping/data=!4m7!3m6!1s0xa7d57eec192a6c63:0xb33c48549870cd00!8m2!3d39.0428164!4d-104.6905065!16s%2Fg%2F11z2yv2r_c!19sChIJY2wqGex-1acRAM1wmFRIPLM,S&C Landscaping,5.0,2,Landscaper,,,http://sclandscapingcos.com/,+1 719-789-7899,Closed · Opens 8:30 am Wed,,https://lh3.googleusercontent.com/gps-cs-s/APNQkAGlaAjDtL3i6tr6wJ2_K7qKHyV8itOt40ikyg_gXQG1ElsAkhASPLYiaUNJc9mo4Lgm5WEMeozRMAeySAyao-bfNQ-wX-Sg9jV_KbeigSGBpa-tvtk5jJeaZdt0qgKUiIVSrJsHxXHQC1w=w408-h544-k-no,true,8:30 am–5 pm,8:30 am–5 pm,8:30 am–5 pm,8:30 am–5 pm,Closed,Closed,8:30 am–5 pm,"https://www.google.com/maps/search/tree+service+businesses+in+Woodmoor+Colorado+Springs+CO/@39.1013808,-104.8474794,14z",2026-04-29T04:43:26.750Z,,,
https://www.google.com/maps/place/Garden+%26%F0%9F%8C%B2Tree+Services+Landscaping/data=!4m7!3m6!1s0x2b49bf7ed0ddd2ef:0xa4c4c2bcc2677681!8m2!3d38.8954167!4d-104.7539854!16s%2Fg%2F11k3_v5y38!19sChIJ79Ld0H6_SSsRgXZnwrzCxKQ,Garden &🌲Tree Services Landscaping,5.0,131,Landscape designer,"4390 Burton Way, Colorado Springs, CO 80918, United States","V6WW+5C Colorado Springs, Colorado, USA",https://www.cogtlandscaping.com/,+1 719-627-7068,Closed · Opens 6 am Wed,,https://lh3.googleusercontent.com/gps-cs-s/APNQkAFVppp1RuRHf1Fwa2dE6_BPrcyYhBsvhFkEovWs2RgBjYFCH4R6F4oyOVPPUwe30RGBd6jtCxVPpO1bJ0GXc3vZwJGMht6KFrh_MUmMr7gbF-pqX_2YONP8Vbfz7393l_SVhN8NTRtagpQX=w538-h240-k-no,true,6 am–9 pm,6 am–9:30 pm,6 am–9:30 pm,6 am–9:30 pm,6 am–9 pm,6 am–8 pm,6 am–9:30 pm,"https://www.google.com/maps/search/tree+service+businesses+in+Woodmoor+Colorado+Springs+CO/@39.1013808,-104.8474794,14z",2026-04-29T04:43:31.684Z,,,
https://www.google.com/maps/place/GP%26C+Junk+Removal/data=!4m7!3m6!1s0x23d124529d56bb2d:0x467f955ec60c7d5!8m2!3d39.0632487!4d-104.8348551!16s%2Fg%2F11yhdlpzr7!19sChIJLbtWnVIk0SMR1cdg7FX5ZwQ,GP&C Junk Removal,5.0,61,Junk removal service,"425 Oxbow Dr, Monument, CO 80132, United States","3578+73 Monument, Colorado, USA",https://gpcjunkremoval.com/,+1 719-249-0931,Open 24 hours,,https://lh3.googleusercontent.com/gps-cs-s/APNQkAFS16UsGEuLLhe5U3yiqBgCfijMY3C_lFZfFX7xgkJ0KwoV0Hmlq3HUaPjJCJo3j-XIHsej0XlSiW-wwxwJEWVqRn95whY2lbJ48wW0OFXpiHl8gWYZQu2WRwOYIemRJjYimVSyXXdh_q0S=w408-h544-k-no,true,Open 24 hours,Open 24 hours,Open 24 hours,Open 24 hours,Open 24 hours,Closed,Open 24 hours,"https://www.google.com/maps/search/tree+service+businesses+in+Woodmoor+Colorado+Springs+CO/@39.1013808,-104.8474794,14z",2026-04-29T04:43:36.560Z,,,
"https://www.google.com/maps/place/Arbor+One+Tree+Service,+LLC/data=!4m7!3m6!1s0x87136bd9712bd439:0x27afd41d26309508!8m2!3d38.673804!4d-104.6725796!16s%2Fg%2F11ll5924ny!19sChIJOdQrcdlrE4cRCJUwJh3Uryc","Arbor One Tree Service, LLC",5.0,98,Tree service,"9367 Bar B Rd, Fountain, CO 80817, United States","M8FG+GX Fountain, Colorado, USA",https://arboronetrees.com/,+1 719-304-9788,Open 24 hours,,https://lh3.googleusercontent.com/gps-cs-s/APNQkAEMyNpSRHG56dJzh_fzpz-yvsyfNvUasiRrRn1N-FbJ-bSG8ZpCAsdaC7NqelWfF4SQNoa1qq6ivYQMDZgk8huxKBKPJZA_ZFNNKtcv-0mey-fYhegre7ZR5WFwThQpeI5VCt79gvFq-eUl=w425-h240-k-no,true,Open 24 hours,Open 24 hours,Open 24 hours,Open 24 hours,Open 24 hours,Open 24 hours,Open 24 hours,"https://www.google.com/maps/search/tree+service+businesses+in+Woodmoor+Colorado+Springs+CO/@39.1013808,-104.8474794,14z",2026-04-29T04:43:41.331Z,,,
https://www.google.com/maps/place/2+Old+Souls+Wood+Turning/data=!4m7!3m6!1s0x876cadc4c8a40001:0xf6c1db4a50dd09a4!8m2!3d39.0932692!4d-104.8764008!16s%2Fg%2F11nnwfxg6z!19sChIJAQCkyMStbIcRpAndUErbwfY,2 Old Souls Wood Turning,,,Woodworker,"128 N Monument Lake Rd, Monument, CO 80132, United States","34VF+8C Monument, Colorado, USA",https://www.2oldsoulswoodturning.com/contact,+1 719-237-5248,,,https://streetviewpixels-pa.googleapis.com/v1/thumbnail?panoid=4-Bgbdt6UEjNF_LCMvn8sw&cb_client=search.gws-prod.gps&w=408&h=240&yaw=187.80563&pitch=0&thumbfov=100,false,,,,,,,,"https://www.google.com/maps/search/tree+service+businesses+in+Woodmoor+Colorado+Springs+CO/@39.1013808,-104.8474794,14z",2026-04-29T04:43:43.864Z,,,
https://www.google.com/maps/place/MT+Tree+Services+LLC/data=!4m7!3m6!1s0x87134ffb0f56d813:0xee46c93d06852654!8m2!3d38.905638!4d-104.7757221!16s%2Fg%2F11tc7bxmfd!19sChIJE9hWD_tPE4cRVCaFBj3JRu4,MT Tree Services LLC,4.0,4,Tree service,"5170 N Union Blvd Suite 106, Colorado Springs, CO 80918, United States","W64F+7P Colorado Springs, Colorado, USA",,+1 719-922-6331,Open 24 hours,,https://lh3.googleusercontent.com/gps-cs-s/APNQkAHDDORT0DFUdsVphYn0Ypap74WZVDY9ShIrRQ8NODZD8JTIuhNCUaQpkqv0H7pY-_Aa9uveFToCtzU_Zy1DjqDdZaCvAgd9N9BArHIEQWypd987z5TnCIPuksMPtrK70NZvAi3dqw=w427-h240-k-no,true,Open 24 hours,Open 24 hours,Open 24 hours,Open 24 hours,Open 24 hours,Open 24 hours,Open 24 hours,"https://www.google.com/maps/search/tree+service+businesses+in+Woodmoor+Colorado+Springs+CO/@39.1013808,-104.8474794,14z",2026-04-29T04:43:48.622Z,,,
https://www.google.com/maps/place/Yeti+Tree+%26+Lawn+Services/data=!4m7!3m6!1s0x8ef6a23723455367:0x57d0b5b06970d335!8m2!3d38.9228586!4d-104.738916!16s%2Fg%2F11v_0fwbvp!19sChIJZ1NFIzei9o4RNdNwabC10Fc,Yeti Tree & Lawn Services,,,Lawn care service,,,https://www.yetitreeservices.com/,+1 719-358-3613,Closed · Opens 8 am Wed,,https://lh3.googleusercontent.com/gps-cs-s/APNQkAEKXNshLsD4XA7IElyBhnCXyXMQEh-yttdFQnuVUILDeGbm1bFRihcGHyY7rgSpGn8rgoDOPjd9F0zn6C8p_6DOXEzOuf1qYuuSIkQK2y6QGJlTpwwhQWoYWoc0PFhvy-Hfd9LD=w408-h271-k-no,true,8 am–5 pm,8 am–5 pm,8 am–5 pm,8 am–5 pm,9 am–5 pm,Closed,8 am–5 pm,"https://www.google.com/maps/search/tree+service+businesses+in+Woodmoor+Colorado+Springs+CO/@39.1013808,-104.8474794,14z",2026-04-29T04:43:53.632Z,,,
https://www.google.com/maps/place/Red+Beards+Land+Management/data=!4m7!3m6!1s0x876cad0dc15a1ccd:0x9ffc32f7220598f3!8m2!3d39.0771456!4d-104.8399845!16s%2Fg%2F11r8q_pfxf!19sChIJzRxawQ2tbIcR85gFIvcy_J8,Red Beards Land Management,5.0,13,Lawn care service,,,https://redbeardslm.com/,+1 719-358-3919,Closed · Opens 8 am Wed,,https://lh3.googleusercontent.com/gps-cs-s/APNQkAEqXXdKr_a5v090-KejQ3oaTgCEai0mAwGeHjSP-S1VWaQCg8NZiB_PW_uf5HkIHNANyYhSPZFYfZf8ATU9IYgF53YIMzuGZwdL3VlKLzywcugoXbLM0l3XWzaVLqyxW-8IUGTQfA=w408-h306-k-no,true,8 am–4 pm,8 am–4 pm,8 am–4 pm,8 am–4 pm,Closed,Closed,8 am–4 pm,"https://www.google.com/maps/search/tree+service+businesses+in+Woodmoor+Colorado+Springs+CO/@39.1013808,-104.8474794,14z",2026-04-29T04:43:58.412Z,,,
https://www.google.com/maps/place/Vanta+Outdoors+Inc/data=!4m7!3m6!1s0x61b2da1195daa3c7:0x66185a75b7906e5!8m2!3d39.0476433!4d-104.7858679!16s%2Fg%2F11rx4f4l_p!19sChIJx6PalRHasmER5QZ5W6eFYQY,Vanta Outdoors Inc,4.8,24,Landscaper,"14860 Roller Coaster Rd, Colorado Springs, CO 80921, United States","26X7+3M Colorado Springs, Colorado, USA",https://vantaoutdoors.com/,+1 719-223-4231,Closed · Opens 9 am Wed,LGBTQ+ friendly,https://lh3.googleusercontent.com/gps-cs-s/APNQkAGp8pRR4mHXBOfYQYyhuzX2m2N3qRHYikiiMg9tFIcyzk_I-H0aNYrvuh82ZaWv-xCHLP--gWqCOEvhwpCmIb9dB4Dz31EtPwmZEMi5z413eJfYFzvYsBLfrLNBMFLVosPPwmA6e-2S9E6U=w408-h306-k-no,true,9 am–5 pm,9 am–5 pm,9 am–5 pm,9 am–5 pm,9 am–5 pm,9 am–5 pm,9 am–5 pm,"https://www.google.com/maps/search/tree+service+businesses+in+Woodmoor+Colorado+Springs+CO/@39.1013808,-104.8474794,14z",2026-04-29T04:44:03.262Z,,,
https://www.google.com/maps/place/Gary%27s+Lawn+Solutions/data=!4m7!3m6!1s0x83e41373d083a9df:0x95f59c1356b4a8d3!8m2!3d39.3149426!4d-104.8444535!16s%2Fg%2F11y_pzlbkp!19sChIJ36mD0HMT5IMR06i0VhOc9ZU,Gary's Lawn Solutions,5.0,11,Lawn sprinkler system contractor,,,https://www.garyslawns.com/,+1 719-459-2000,Closed · Opens 7 am Wed,,https://lh3.googleusercontent.com/gps-cs-s/APNQkAE3XZsjzNplpddzkG86W1YQfqQM5zFHY6KqfQw2B_X5eNcVqcgOdqgw7aaOGLZ7ltZxfObEdrrnpPiJLmf5rZB9FUPZzjoKMCYAmcSaWF699V1Ktfu-c8HA2DzH8GlJVfk2mGFFX2-6q7LO=w408-h544-k-no,true,7 am–8 pm,7 am–8 pm,7 am–8 pm,7 am–8 pm,8 am–5 pm,8 am–5 pm,7 am–8 pm,"https://www.google.com/maps/search/tree+service+businesses+in+Woodmoor+Colorado+Springs+CO/@39.1013808,-104.8474794,14z",2026-04-29T04:44:08.149Z,,,
https://www.google.com/maps/place/White+Stripes+Parking+Maintenance/data=!4m7!3m6!1s0x23a498bb853eb5b9:0xef59b54cdf7789de!8m2!3d39.064693!4d-104.7279236!16s%2Fg%2F11kr9kjxf_!19sChIJubU-hbuYpCMR3ol330y1We8,White Stripes Parking Maintenance,5.0,29,Asphalt contractor,,,https://www.whitestripesparking.com/,+1 719-203-1903,Closed · Opens 8 am Wed,Identifies as women-owned,https://lh3.googleusercontent.com/gps-cs-s/APNQkAGTjTgjs36FG33PqJQVS27JYBILv-M_fnjQiz-iXrdE2RZLqUs5XGgQOgOmPkj5ZEwUTMcOiUffouq0Rol_8lkCU85LuE6_b1tMB2OReOGWVwhtOnGLVfeUw1cc4IDiO5NbMKI6=w408-h272-k-no,true,8 am–9 pm,8 am–9 pm,8 am–9 pm,8 am–9 pm,8 am–9 pm,Closed,8 am–9 pm,"https://www.google.com/maps/search/tree+service+businesses+in+Woodmoor+Colorado+Springs+CO/@39.1013808,-104.8474794,14z",2026-04-29T04:44:12.841Z,,,
"https://www.google.com/maps/place/Twin+Tree+Service/@38.7693947,-105.1931457,17z/data=!3m1!4b1!4m6!3m5!1s0x8714a5500a03e21f:0x5b0b676c4327535c!8m2!3d38.7693947!4d-105.1931457!16s%2Fg%2F11s3ydrzdq",Twin Tree Service,3.0,2,Tree service,"640 Monarch Dr, Cripple Creek, CO 80813, United States","QR94+QP Cripple Creek, Colorado, USA",http://twintreeservice.net/?utm_source=gmb&utm_medium=referral,+1 719-464-5648,Closed · Opens 8 am Wed,,,true,8 am–5 pm,8 am–5 pm,8 am–5 pm,Closed,Closed,Closed,8 am–5 pm,"https://www.google.com/maps/search/tree+service+businesses+in+Woodmoor+Colorado+Springs+CO/@39.1013808,-104.8474794,14z",2026-04-29T04:44:19.720Z,,,
https://www.google.com/maps/place/Black+Forest+Landscaping+Inc./data=!4m7!3m6!1s0x87134f9821c2c76d:0xd26978e2f6a1c5ad!8m2!3d39.0882956!4d-104.7502662!16s%2Fg%2F11lgvk3tbs!19sChIJbcfCIZhPE4cRrcWh9uJ4adI,Black Forest Landscaping Inc.,4.9,59,Landscape architect,"17735 Pioneer Crossing, Colorado Springs, CO 80908, United States","36QX+8V Colorado Springs, Colorado, USA",http://blackforestlandscapes.com/,+1 719-800-3742,"Closed · Opens 8 am Wed

Confirmed by this business 11 weeks ago",,https://lh3.googleusercontent.com/gps-cs-s/APNQkAH7rkRWexJBiHQRAlvitccM1lfJnD7YhuAhxbfFHf_C_YDf2UWITDnCz9__sHIAPQz9mTP9ASWrZQJEO7AaGnOTKdcprkfEagGJuccM3CdYjJCM_O3LbW0mAlSuKcpAgKpoNIwb=w521-h240-k-no,true,8 am–6 pm,8 am–6 pm,8 am–6 pm,8 am–6 pm,Closed,Closed,8 am–6 pm,"https://www.google.com/maps/search/tree+service+businesses+in+Woodmoor+Colorado+Springs+CO/@39.1013808,-104.8474794,14z",2026-04-29T04:44:24.666Z,,,
https://www.google.com/maps/place/Sunrise+Property+Services/data=!4m7!3m6!1s0xa23f5966dc049a9d:0x36154c0be8316f58!8m2!3d39.005332!4d-104.706813!16s%2Fg%2F11yybxq8tj!19sChIJnZoE3GZZP6IRWG8x6AtMFTY,Sunrise Property Services,5.0,8,Property maintenance,,,https://www.sunrise-propertyservices.com/,+1 719-284-2707,Closed · Opens 7 am Wed,,https://lh3.googleusercontent.com/gps-cs-s/APNQkAHbD74E5iqAcUGSCtUhpHs3V6A7wFOegTLYkWpxukpdSP-TgUO5wOAPst2yshFkPDt-VINQDq_WHtlgGCl7tPoSSJUW01pLlLfK2SkqDfo5rrCRRuyf9sPQb9Ssf-o77pUSUo5n-fI-842K=w408-h544-k-no,true,7 am–6 pm,7 am–6 pm,7 am–6 pm,7 am–5 pm,8 am–4 pm,Closed,7 am–6 pm,"https://www.google.com/maps/search/tree+service+businesses+in+Woodmoor+Colorado+Springs+CO/@39.1013808,-104.8474794,14z",2026-04-29T04:44:29.549Z,,,
https://www.google.com/maps/place/Ent+Credit+Union/data=!4m7!3m6!1s0x876cad81d099e643:0x1fea8cf4749076fc!8m2!3d39.0672387!4d-104.8491616!16s%2Fg%2F1td9f7dw!19sChIJQ-aZ0IGtbIcR_HaQdPSM6h8,Ent Credit Union,3.8,84,Credit union,"16050 Old Forest Point, Monument, CO 80132, United States","3582+V8 Monument, Colorado, USA",https://www.ent.com/our-locations/pikes-peak-region/jackson-creek-service-center/?y_source=1_MzMwOTYzNi03MTUtbG9jYXRpb24ud2Vic2l0ZQ%3D%3D,+1 719-574-1100,,,https://lh3.googleusercontent.com/gps-cs-s/APNQkAEfDiWhxyA_kpRMTWMfxq-C9DuFtXZIMog6AHkWflGOcAlF476hcEBJauENWUYGY_1NmIBbKkDHvc2-zV1mDsVBdPQoS-AJMKNdJKHOsZfh6QrQK2IW5I3Qc_kWqv-SdgNwtVc=w426-h240-k-no,true,9 am–5:30 pm,9 am–5:30 pm,9 am–5:30 pm,9 am–5:30 pm,9 am–12 pm,Closed,9 am–5:30 pm,"https://www.google.com/maps/search/tree+service+businesses+in+Woodmoor+Colorado+Springs+CO/@39.1013808,-104.8474794,14z",2026-04-29T04:44:34.505Z,· Drive-through,,
https://www.google.com/maps/place/Dail+%26+Son+Landscaping/data=!4m7!3m6!1s0x876ca4fe97d7a62f:0xa93db4e39573c69!8m2!3d39.2072246!4d-104.8461925!16s%2Fg%2F11b7lm4y68!19sChIJL6bXl_6kbIcRaTxXOU7bkwo,Dail & Son Landscaping,2.0,4,Landscaper,,,https://daillandscaping.com/,+1 719-243-1057,Closed · Opens 7 am Wed,,https://lh3.googleusercontent.com/gps-cs-s/APNQkAETZEjRm8rV8of2Q9o68ko72JsD8ONJt-btg5n8BfT436NQkK3GMBcWVRds3HDfKvfGjJ-ei_xRHyYRBGRaHY0d7KP53bdwh2Thz9PGjZlBQDJPQacLPFN2VYbsSxAN8338EXA=w408-h272-k-no,true,7 am–5 pm,7 am–5 pm,7 am–5 pm,7 am–5 pm,Closed,Closed,7 am–5 pm,"https://www.google.com/maps/search/tree+service+businesses+in+Woodmoor+Colorado+Springs+CO/@39.1013808,-104.8474794,14z",2026-04-29T04:44:39.614Z,,,
https://www.google.com/maps/place/RISE+Window+Cleaning/data=!4m7!3m6!1s0x8ef49a8727a0bfc9:0x5e94d6ea0ae670fa!8m2!3d39.1046539!4d-104.8631383!16s%2Fg%2F11ldh66r1_!19sChIJyb-gJ4ea9I4R-nDmCurWlF4,RISE Window Cleaning,5.0,348,Window cleaning service,"1925 Deer Creek Rd Unit 119, Monument, CO 80132, United States","443P+VP Monument, Colorado, USA",http://thebigrise.com/,+1 719-247-1282,"Closed · Opens 8 am Wed

Updated by this business 9 weeks ago",,https://lh3.googleusercontent.com/gps-cs-s/APNQkAGtVPQIeQ0qvK9kFdRLimP2Dp2JghnRJe6JA-8769PonW4sMzoOpBhZ34Zs5ROSNfx-w-UeVs_JU4wjTZeLAqD474fRaJgQCoGC64RQhyyuVJM7hzUAEKnEfqMcOaLG53v49Oa91iVS4IUD=w408-h408-k-no,true,8 am–10 pm,8 am–10 pm,8 am–10 pm,8 am–10 pm,8 am–10 pm,9 am–5 pm,8 am–10 pm,"https://www.google.com/maps/search/tree+service+businesses+in+Woodmoor+Colorado+Springs+CO/@39.1013808,-104.8474794,14z",2026-04-29T04:44:44.407Z,,,
https://www.google.com/maps/place/Backhoe+Services/data=!4m7!3m6!1s0x64eccf89ffc47cd1:0x3118ff12f9e5aaf8!8m2!3d39.091689!4d-104.845156!16s%2Fg%2F11yct6g_rt!19sChIJ0XzE_4nP7GQR-Krl-RL_GDE,Backhoe Services,5.0,2,Excavating contractor,,,,+1 719-466-7536,Closed · Opens 8 am Wed,,https://lh3.googleusercontent.com/gps-cs-s/APNQkAGx4ucyBLJ5GgCMWAQOpzAj9ONoSC-XBk9nOqHt-iTjtv28snFViUJdUoMzJz7a4N84RodYqS2T-z3OV4twh27o97IIUypLswqzpAqSHVAKPB2ndsMSp2mFRlMf8uT50J5Gh7zjILPmbWBc=w408-h306-k-no,true,8 am–5 pm,8 am–5 pm,8 am–5 pm,8 am–5 pm,Closed,Closed,8 am–5 pm,"https://www.google.com/maps/search/tree+service+businesses+in+Woodmoor+Colorado+Springs+CO/@39.1013808,-104.8474794,14z",2026-04-29T04:44:49.191Z,,,
https://www.google.com/maps/place/Jenny+Lee+Designs+and+Decor/data=!4m7!3m6!1s0x876cadc3ab6147d9:0x42bf8accaf4d2ccf!8m2!3d39.0916905!4d-104.8721323!16s%2Fg%2F1thghjfw!19sChIJ2Udhq8OtbIcRzyxNr8yKv0I,Jenny Lee Designs and Decor,5.0,83,Interior designer,"125 2nd St, Monument, CO 80132, United States","34RH+M4 Monument, Colorado, USA",https://www.jennyleedesigns.com/,+1 719-559-4133,Closed · Opens 11 am Wed,Identifies as veteran-owned,https://lh3.googleusercontent.com/gps-cs-s/APNQkAHCwzJ93vtCAHZ4q4dLOhOfQItLNUNSf2pWqNTKq8gaUxRb1Ix-WiG1EDp4KW8Yx_7pOtRjvB8qBQVQjDMUJbcaIJuM5qVulyObRDuLlTlrVKnolAXWIB6HUauK6-ED29xGLnv62loxYr_S=w408-h516-k-no,true,11 am–4 pm,11 am–4 pm,11 am–4 pm,11 am–4 pm,11 am–4 pm,Closed,11 am–4 pm,"https://www.google.com/maps/search/tree+service+businesses+in+Woodmoor+Colorado+Springs+CO/@39.1013808,-104.8474794,14z",2026-04-29T04:44:54.199Z,,,
https://www.google.com/maps/place/Mountain+Springs+Recovery+%7C+Colorado+Alcohol+%26+Drug+Addiction+Rehab/data=!4m7!3m6!1s0x876cad5f0a0accb3:0xfc478e9bf90f771a!8m2!3d39.0968427!4d-104.8623812!16s%2Fg%2F11h3zzw5gz!19sChIJs8wKCl-tbIcRGncP-ZuOR_w,Mountain Springs Recovery | Colorado Alcohol & Drug Addiction Rehab,4.1,293,Addiction treatment center,"1865 Woodmoor Dr, Monument, CO 80132, United States","34WQ+P2 Monument, Colorado, USA",https://mountainspringsrecovery.com/?utm_source=google&utm_medium=organic&utm_campaign=gmb,+1 877-548-9502,Open 24 hours,LGBTQ+ friendly,https://lh3.googleusercontent.com/gps-cs-s/APNQkAFaHqA1c2mE6F0FS9-OtoGlN5mddraNVFBCtCbN9fjhuF0_jISURxraJFXfSlDWgrs3h5ywHOFbE5Fg0r7Ph0iLBMpZCbfY_DlWl3vZ5giglk6wFtkNUpgq5zSLJLgKHMQKWE3Olw=w408-h272-k-no,true,Open 24 hours,Open 24 hours,Open 24 hours,Open 24 hours,Open 24 hours,Open 24 hours,Open 24 hours,"https://www.google.com/maps/search/tree+service+businesses+in+Woodmoor+Colorado+Springs+CO/@39.1013808,-104.8474794,14z",2026-04-29T04:44:59.149Z,,,
https://www.google.com/maps/place/Columbine+Gardens/data=!4m7!3m6!1s0x876cb20dc0383a25:0x59a1d226fe6e0cb2!8m2!3d39.0953958!4d-104.8663026!16s%2Fg%2F1vfp8pyz!19sChIJJTo4wA2ybIcRsgxu_ibSoVk,Columbine Gardens,4.4,498,Chinese restaurant,"481 CO-105, Monument, CO 80132, United States","34WM+5F Monument, Colorado, USA",https://www.columbinegardensonline.com/,+1 719-481-1936,Closed · Opens 11 am Wed,,https://lh3.googleusercontent.com/gps-cs-s/APNQkAFcgT73MMtUs2qEgSgnRz2RzdOlLm6iAR-iHOpvIWqEwTfvhsznPjbLMKSbkfbzVQ2dtMiYT-7kbM2rKLsrFWRxOKLxcuMdSim4rujj6XQ-fOhW8PEGaRDIvpKm05u_n6ndHFFV1w=w426-h240-k-no,true,Closed,11 am–9 pm,11 am–9 pm,11 am–9 pm,11 am–9 pm,11 am–9 pm,11 am–9 pm,"https://www.google.com/maps/search/tree+service+businesses+in+Woodmoor+Colorado+Springs+CO/@39.1013808,-104.8474794,14z",2026-04-29T04:45:04.387Z,"Established, family-owned restaurant offering a menu of familiar Chinese dishes in a casual space. · Dine-in · Drive-through · Delivery",,
https://www.google.com/maps/place/Front+Range+Contracting/data=!4m7!3m6!1s0x6515bc17b0f7b629:0x3c104395cfcaa25!8m2!3d38.9228435!4d-104.7535544!16s%2Fg%2F11yq9p3d22!19sChIJKbb3sBe8FWURJar8XDkEwQM,Front Range Contracting,,,Landscaper,,,https://frontrangecontracting.com/,+1 719-325-9063,Closed · Opens 8 am Wed,,https://lh3.googleusercontent.com/gps-cs-s/APNQkAEV81LpBxXxvANIyQyzpRGJn7iYfhfh08pGXzUjRJ9VQks7NvNkDHj9QDjGUBZlAaZqZXkCGx7AgqCS0-OIQH4ptBvMqO9MN_3KBwX2vB9BbSedfMnqjPmK_dkDRT_T_8ozJ6IUdfahBCQ=w408-h271-k-no,true,8 am–6 pm,8 am–6 pm,8 am–6 pm,8 am–6 pm,Closed,Closed,8 am–6 pm,"https://www.google.com/maps/search/tree+service+businesses+in+Woodmoor+Colorado+Springs+CO/@39.1013808,-104.8474794,14z",2026-04-29T04:45:08.915Z,,,
"https://www.google.com/maps/place/J.+Rick+Lawn+%26+Tree,+Inc./data=!4m7!3m6!1s0x8713463b21d8e85d:0x2090d381470467c2!8m2!3d38.8848129!4d-104.8165073!16s%2Fg%2F11h0z34b8!19sChIJXejYITtGE4cRwmcER4HTkCA","J. Rick Lawn & Tree, Inc.",4.5,71,Lawn care service,"3626 N Stone Ave, Colorado Springs, CO 80907, United States","V5MM+W9 Colorado Springs, Colorado, USA",https://jricklawn.com/,+1 719-445-9985,Closed · Opens 8 am Wed,,https://lh3.googleusercontent.com/gps-cs-s/APNQkAFMwEsaFG4OhlORSrefTIDgsaPiAq_XwY-lJ7wc74tzk839B-hUjddY-HKqlUbe4pFLm44N3KImVPKQDAjU0W-SL5s5t-YTznU-avWD5DcvWRzxfqXPM_RRZlpcC1fGyDjyRHSUgQ=w408-h304-k-no,true,8 am–4 pm,8 am–4 pm,8 am–4 pm,8 am–4 pm,Closed,Closed,8 am–4 pm,"https://www.google.com/maps/search/tree+service+businesses+in+Woodmoor+Colorado+Springs+CO/@39.1013808,-104.8474794,14z",2026-04-29T04:45:13.764Z,,,
https://www.google.com/maps/place/N%26D+Tree+%26+Crane+Services/data=!4m7!3m6!1s0x2116d939f6b2be03:0x2d70b8c40369b631!8m2!3d39.5382801!4d-104.6095521!16s%2Fg%2F11n_xzmlkx!19sChIJA76y9jnZFiERMbZpA8S4cC0,N&D Tree & Crane Services,4.8,68,Tree service,"46220 Coal Creek Dr, Parker, CO 80138, United States","G9QR+85 Parker, Colorado, USA",https://ndtreeservice.co/,+1 720-793-5273,Open 24 hours,,https://lh3.googleusercontent.com/gps-cs-s/APNQkAE5Am2XT-ErU4iba4tmErw6Z1RC6uE3_j6GvpIGlnj8m92AeQZksGQsuSLfCgO5Rj5cWqpCmERCuTOdTePDdiPH0auu_KM-EAVcj-IIa3I3Y1ERViaZ6gZ8FHbE6FZ8ucutUXEZFQ=w426-h240-k-no,true,Open 24 hours,Open 24 hours,Open 24 hours,Open 24 hours,Open 24 hours,Open 24 hours,Open 24 hours,"https://www.google.com/maps/search/tree+service+businesses+in+Woodmoor+Colorado+Springs+CO/@39.1013808,-104.8474794,14z",2026-04-29T04:45:18.729Z,,,
"https://www.google.com/maps/place/G%26R+Tree+Surgeons/@39.3731445,-104.8410175,12z/data=!3m1!4b1!4m6!3m5!1s0x876ca3093492b849:0x3f4e50b5df1e2a97!8m2!3d39.3731446!4d-104.8410175!16s%2Fg%2F11r0sbq187",G&R Tree Surgeons,1.0,1,Tree service,,,,+1 719-725-2818,Open 24 hours,,,true,Open 24 hours,Open 24 hours,Open 24 hours,Open 24 hours,Open 24 hours,Open 24 hours,Open 24 hours,"https://www.google.com/maps/search/tree+service+businesses+in+Woodmoor+Colorado+Springs+CO/@39.1013808,-104.8474794,14z",2026-04-29T04:45:25.390Z,,,
https://www.google.com/maps/place/Tractor+Supply+Co./data=!4m7!3m6!1s0x876cad7f8fc1adff:0x1a732609d9d30663!8m2!3d39.0656749!4d-104.8477898!16s%2Fg%2F11c44f6wdp!19sChIJ_63Bj3-tbIcRYwbT2Qkmcxo,Tractor Supply Co.,4.4,335,Animal feed store,"16760 Leather Chaps Dr, Monument, CO 80132, United States","3582+7V Monument, Colorado, USA",https://www.tractorsupply.com/tsc/store_Monument-CO-80132_2102,+1 719-488-8844,"Closed · Opens 8 am Wed

Updated by this business 2 weeks ago",,https://lh3.googleusercontent.com/gps-cs-s/APNQkAGOmrNCgcN_SkUVqR3Mvjo2gKl_NC4VGhDELsdtxxZpAaEzlBvXHun08ZH_cjSkCDz8awRY5NpKruNKZpE6l7aSgOAeD8oKhT64FBy7_tQbD-iQwamEg42VH9wAQ_V-9CGsa_htSw=w408-h306-k-no,true,8 am–9 pm,8 am–9 pm,8 am–9 pm,8 am–9 pm,8 am–9 pm,9 am–7 pm,8 am–9 pm,"https://www.google.com/maps/search/tree+service+businesses+in+Woodmoor+Colorado+Springs+CO/@39.1013808,-104.8474794,14z",2026-04-29T04:45:30.625Z,"Chain with a wide variety of agricultural & livestock supplies, plus tools, workwear & boots. · In-store shopping · Kerbside pickup · Delivery",,
https://www.google.com/maps/place/Colorado+Stoneworks+Landscaping/data=!4m7!3m6!1s0x87134fecd3ee20f7:0xbad70cdf068f114c!8m2!3d38.892576!4d-104.8201616!16s%2Fg%2F1td18991!19sChIJ9yDu0-xPE4cRTBGPBt8M17o,Colorado Stoneworks Landscaping,4.5,64,Landscaper,"4145 Netley Grove, Colorado Springs, CO 80907, United States","V5VH+2W Colorado Springs, Colorado, USA",http://springslandscaping.com/,+1 719-538-6016,Closed · Opens 7:30 am Wed,,https://lh3.googleusercontent.com/gps-cs-s/APNQkAGSbZeC6yrQGq_OQ82y6RuIDB246A9osSHQIGVV7T8oRPT4uf03h_o7c42QXKz0Q4zUaCySazUBoPheyqJzFPbEzgC1Oedk7tuoXR4BL84jan2vabpb1t5ObzIGNTiHtKLGwHfmgy0cOkQ=w408-h272-k-no,true,7:30 am–4 pm,7:30 am–4 pm,7:30 am–4 pm,7:30 am–4 pm,Closed,Closed,7:30 am–4 pm,"https://www.google.com/maps/search/tree+service+businesses+in+Woodmoor+Colorado+Springs+CO/@39.1013808,-104.8474794,14z",2026-04-29T04:45:35.528Z,,,
https://www.google.com/maps/place/Melton+Construction+and+Landscaping/data=!4m7!3m6!1s0x8f54e38c64503d47:0xa94a31f27723bc38!8m2!3d39.111223!4d-104.738916!16s%2Fg%2F11l65nw828!19sChIJRz1QZIzjVI8ROLwjd_IxSqk,Melton Construction and Landscaping,3.3,4,Landscape designer,,,,+1 949-228-8980,Closed · Opens 9 am Wed,LGBTQ+ friendly,https://lh3.googleusercontent.com/gps-cs-s/APNQkAGk9kpP5Npf2w2jnfDrpete-Nydv8uUwA27SuZW3ckxZdscpRhVdZ1ChjvRvqh6wME58k8HzG0ERcPaxxoH0x02aaYaIlJQp__Xx2HssHoPVemy-TFcwo-KOzc4qs-lfOAxlG8w_Q=w408-h306-k-no,true,9 am–5 pm,9 am–5 pm,9 am–5 pm,9 am–5 pm,9 am–5 pm,Closed,9 am–5 pm,"https://www.google.com/maps/search/tree+service+businesses+in+Woodmoor+Colorado+Springs+CO/@39.1013808,-104.8474794,14z",2026-04-29T04:45:40.465Z,,,
https://www.google.com/maps/place/Holladay+Raines+Fire+Defense+Systems/data=!4m7!3m6!1s0xaed3bc09cb80ed6b:0xd8ae13a29b7acae2!8m2!3d38.948386!4d-104.7457436!16s%2Fg%2F11y3rq5whn!19sChIJa-2Aywm8064R4sp6m6ITrtg,Holladay Raines Fire Defense Systems,5.0,11,Tree service,"7950 Candleflower Cir, Colorado Springs, CO 80920, United States","W7X3+9P Colorado Springs, Colorado, USA",https://hrfiredefensesystems.com/,+1 907-978-3238,Closed · Opens 8 am Wed,,https://lh3.googleusercontent.com/gps-cs-s/APNQkAGhuEaws8sYnGoZyvChY8IwMQlscAPGWkTkEQJ4LznQV_KafQN7hYYQxlijaPQYU7Rul6XWLb7CgyivVolN1vhASO_3aF2MxsqbONMCjmGy37jd7liKZJJpEOQWDqE3Jxv8OXlJ=w408-h306-k-no,true,8 am–6 pm,8 am–6 pm,8 am–6 pm,8 am–6 pm,8 am–6 pm,9 am–5 pm,8 am–6 pm,"https://www.google.com/maps/search/tree+service+businesses+in+Woodmoor+Colorado+Springs+CO/@39.1013808,-104.8474794,14z",2026-04-29T04:45:45.466Z,,,
https://www.google.com/maps/place/Colorado+Lawn+Guys/data=!4m7!3m6!1s0x681ccdcf949b7711:0x67ccb489915e359a!8m2!3d39.3149426!4d-104.8444535!16s%2Fg%2F11xrl3_6vr!19sChIJEXeblM_NHGgRmjVekYm0zGc,Colorado Lawn Guys,5.0,8,Lawn sprinkler system contractor,,,https://www.colawnguys.com/,+1 719-930-2000,Closed · Opens 7 am Wed,,https://lh3.googleusercontent.com/gps-cs-s/APNQkAFQzpOUfvG0NZQ5ZNRZAXsxcaYNVC05NWTtADiZ_U4NSvqe6ZX61hsE04qK1gHvheGeOGYnsYPEqGt_LgG8Rc5KYUVSCV2qPrQSUqb973jxzN4qcZX1U2uCRcKIIEGyaSmSHTZ1yLqdiu5o=w408-h544-k-no,true,7 am–8 pm,7 am–8 pm,7 am–8 pm,7 am–7:30 pm,8 am–5 pm,8 am–5 pm,7 am–8 pm,"https://www.google.com/maps/search/tree+service+businesses+in+Woodmoor+Colorado+Springs+CO/@39.1013808,-104.8474794,14z",2026-04-29T04:45:50.315Z,,,
https://www.google.com/maps/place/Tactical+SEO+Consulting/data=!4m7!3m6!1s0x876cb363908896a5:0xa47385991fdca075!8m2!3d39.0696952!4d-104.8282443!16s%2Fg%2F11jp4t2t34!19sChIJpZaIkGOzbIcRdaDcH5mFc6Q,Tactical SEO Consulting,5.0,20,Marketing agency,"26 W Lost Pnes Dr, Monument, CO 80132, United States","359C+VP Monument, Colorado, USA",https://tacticalseoconsulting.com/,+1 719-358-3613,Closed · Opens 8 am Wed,Identifies as Latino-owned,https://lh3.googleusercontent.com/gps-cs-s/APNQkAGI2D1Z5kSbfJHl2Lx5d3AURXo6XgAT7wRDi_S9yJN_1_BMx46lE49ix_reqT6yhl8ixKpRtqEej6QNlIqgzeimZgZpycA7UvpdXNUERTpEbzN2MpPLctVGagVYG0H654nc368ifcY-8pX1=w408-h306-k-no,true,8 am–5 pm,8 am–5 pm,8 am–5 pm,8 am–5 pm,Closed,Closed,8 am–5 pm,"https://www.google.com/maps/search/tree+service+businesses+in+Woodmoor+Colorado+Springs+CO/@39.1013808,-104.8474794,14z",2026-04-29T04:45:55.363Z,,,
https://www.google.com/maps/place/Green+%26+Growing/data=!4m7!3m6!1s0x8d111e1c9df70583:0x2c2a227fc3d0120f!8m2!3d38.846599!4d-104.7462205!16s%2Fg%2F11l30dxn8x!19sChIJgwX3nRweEY0RDxLQw38iKiw,Green & Growing,4.7,51,Landscaper,,,http://greenandgrowingllc.com/,+1 719-439-4930,Closed · Opens 7 am Wed,Identifies as women-owned,https://lh3.googleusercontent.com/gps-cs-s/APNQkAHQY2ap-iCK0-J1r7ySis4nQUEpx6X2p3WaRvOrmcv8orpph8CdvSTrsHj5l-Ar9IXuBHqxazrIT04WFbqyd2HlL-hKYD7HnKMtd0AtiDp3mgVUYKzBXqyT4GuQyKmlmyTrwMcGlsC2m22s=w408-h317-k-no,true,7 am–5 pm,7 am–5 pm,7 am–5 pm,7 am–5 pm,Closed,Closed,7 am–5 pm,"https://www.google.com/maps/search/tree+service+businesses+in+Woodmoor+Colorado+Springs+CO/@39.1013808,-104.8474794,14z",2026-04-29T04:46:00.156Z,,,
https://www.google.com/maps/place/5+Star+Trades+LLC/data=!4m7!3m6!1s0xaeb3084b3d1250e9:0xce2c3a90d4351002!8m2!3d38.9139651!4d-104.737888!16s%2Fg%2F11yqld3gc1!19sChIJ6VASPUsIs64RAhA11JA6LM4,5 Star Trades LLC,5.0,2,Landscaper,,,https://5startradesllc.com/,+1 719-650-1426,Closed · Opens 7 am Wed,,https://lh3.googleusercontent.com/gps-cs-s/APNQkAF0XneS37DHES1_A0xK6S-cyyxf7HRBtgHsGCluLYxVUr3hCDWQOl88hsTr6Yge9Ii_ACnUTTlRO0MxPNoRfTnbZeUkHYOWJZdwENZmmJkOnB7Svvg2iggJ7ByYw3r3p3QCCq-d=w408-h306-k-no,true,7 am–7 pm,7 am–7 pm,7 am–7 pm,7 am–7 pm,8 am–6 pm,Closed,7 am–7 pm,"https://www.google.com/maps/search/tree+service+businesses+in+Woodmoor+Colorado+Springs+CO/@39.1013808,-104.8474794,14z",2026-04-29T04:46:04.809Z,,,
https://www.google.com/maps/place/Sturdy+Foundations+Property+Management/data=!4m7!3m6!1s0xaa194f9318828621:0xf1c19a468d1668b8!8m2!3d38.82474!4d-104.690975!16s%2Fg%2F11vcbqfq18!19sChIJIYaCGJNPGaoRuGgWjUaawfE,Sturdy Foundations Property Management,5.0,6,Property maintenance,,,https://coloradolandmanagement.com/,+1 719-960-6798,Closed · Opens 9 am Wed,Identifies as veteran-owned,https://lh3.googleusercontent.com/gps-cs-s/APNQkAG449FLUeyxd2SECXzlWeBZ_3p5LkPcuCF8aYdR5nggnVbs34sojroYo177KzpXxD1Pn1phzFO1jKmsv91VJTUO7BHI5Q7u2OOcAakLxOKrIcJM8XKf0ZvhUXycyx5Nv74Nlpk=w408-h465-k-no,true,9 am–5 pm,9 am–5 pm,9 am–5 pm,9 am–5 pm,Closed,Closed,9 am–5 pm,"https://www.google.com/maps/search/tree+service+businesses+in+Woodmoor+Colorado+Springs+CO/@39.1013808,-104.8474794,14z",2026-04-29T04:46:09.683Z,,,
https://www.google.com/maps/place/AD+Lawn+And+Landscape/data=!4m7!3m6!1s0x876cadd420312b3f:0x20f8843dc640f67a!8m2!3d39.213447!4d-104.8031265!16s%2Fg%2F11ybyd1r9b!19sChIJPysxINStbIcRevZAxj2E-CA,AD Lawn And Landscape,,,Landscaper,,,https://adlawnlandscape.com/,+1 719-318-0825,Closed · Opens 7:30 am Wed,,https://lh3.googleusercontent.com/gps-cs-s/APNQkAF9gXGGK5qeFW4WluDpBhz4IbX9Jb-8rOtUPrpVA-ekpRNTzR3eSytilfxqsnSvXoFyJdBIhKLRGgsdbfSSqfW_7G6qd5paHJz6rmByL5L2PHXD7osZZ3hYDSOIuoo06uYa4sVouVuo69IK=w408-h306-k-no,true,7:30 am–6 pm,7:30 am–6 pm,7:30 am–6 pm,7:30 am–6 pm,Closed,Closed,7:30 am–6 pm,"https://www.google.com/maps/search/tree+service+businesses+in+Woodmoor+Colorado+Springs+CO/@39.1013808,-104.8474794,14z",2026-04-29T04:46:14.363Z,,,
https://www.google.com/maps/place/CN+Landscaping/data=!4m7!3m6!1s0xad897f050e5c311:0xf9edc0d20861e831!8m2!3d38.999198!4d-104.704676!16s%2Fg%2F11vpz4wqhz!19sChIJEcPlUPCX2AoRMehhCNLA7fk,CN Landscaping,5.0,78,Landscaper,,,https://cnlandscapingco.com/,+1 719-460-5685,Closed · Opens 7 am Wed,,https://lh3.googleusercontent.com/gps-cs-s/APNQkAEkocu6wCHfAswmMT1cRdIaH8SPeeHjkQUTQgY8Uo7huUO0oBy1o2kfz_ZIyobFcHo1V3xyEzNUpJp5nQWs91rrjB8wGwj3UcMQZqeVxQ95GVH6zX7n7kqHdPhXrD4evndwuKkyMx6K2rZO=w426-h240-k-no,true,7 am–6 pm,7 am–6 pm,7 am–6 pm,7 am–6 pm,7 am–6 pm,9 am–6 pm,7 am–6 pm,"https://www.google.com/maps/search/tree+service+businesses+in+Woodmoor+Colorado+Springs+CO/@39.1013808,-104.8474794,14z",2026-04-29T04:46:19.363Z,,,
https://www.google.com/maps/place/Tiny+Moon+Tree+Care/data=!4m7!3m6!1s0x87134553c67e8363:0xcc292ba21a5139c5!8m2!3d38.8605205!4d-104.7743594!16s%2Fg%2F11vd7jf8r3!19sChIJY4N-xlNFE4cRxTlRGqIrKcw,Tiny Moon Tree Care,,,Gardener,"1927 Winston Rd, Colorado Springs, CO 80909, United States","V66G+67 Colorado Springs, Colorado, USA",https://tinymoontreecare.com/,+1 206-471-4776,,,https://streetviewpixels-pa.googleapis.com/v1/thumbnail?panoid=tL4vzf8-NRSoVmOqLPOqtQ&cb_client=search.gws-prod.gps&w=408&h=240&yaw=103.006256&pitch=0&thumbfov=100,true,,,,,,,,"https://www.google.com/maps/search/tree+service+businesses+in+Woodmoor+Colorado+Springs+CO/@39.1013808,-104.8474794,14z",2026-04-29T04:46:21.936Z,,,
https://www.google.com/maps/place/Walmart+Garden+Center/data=!4m7!3m6!1s0x876cad8262f2ce2f:0x7c08ee42ab2dea37!8m2!3d39.0667464!4d-104.8530025!16s%2Fg%2F11d_d2kvt5!19sChIJL87yYoKtbIcRN-otq0LuCHw,Walmart Garden Center,4.6,19,Garden center,"16218 Jackson Creek Pkwy, Monument, CO 80132, United States","348W+MQ Monument, Colorado, USA",https://www.walmart.com/store/3227-monument-co/patio-garden-services/?veh=seo_loc,+1 719-484-0912,Closes soon · 11 pm · Opens 6 am Wed,,https://lh3.googleusercontent.com/gps-cs-s/APNQkAGqhJm5yjHBBroAaG58DRLTwjU14-gpBhbhFiQOyMeVDnv4AnXW7hxTqymraoxGq5Eetwe3cQpf_8HGdVnDRVmUZVk2M1kimuA_wmQe7o1PohLvmjmTl_fih8vpsW1EuKpmnxRT=w408-h306-k-no,true,6 am–11 pm,6 am–11 pm,6 am–11 pm,6 am–11 pm,6 am–11 pm,6 am–11 pm,6 am–11 pm,"https://www.google.com/maps/search/tree+service+businesses+in+Woodmoor+Colorado+Springs+CO/@39.1013808,-104.8474794,14z",2026-04-29T04:46:26.720Z,· In-store shopping · Kerbside pickup · Delivery,,
"https://www.google.com/maps/place/Precision+Landscaping+and+Lawn+Care/@46.423669,-129.9427085,3z/data=!3m1!4b1!4m6!3m5!1s0x871349e8f9cb3045:0x763def7b6186f44b!8m2!3d46.423669!4d-129.9427086!16s%2Fg%2F11nmcrxqwb",Precision Landscaping and Lawn Care,5.0,2,Landscaper,,,https://www.precisionlandscapingcoloradosprings.com/,+1 719-640-4813,Closed · Opens 8 am Wed,,,true,8 am–5 pm,8 am–5 pm,8 am–5 pm,8 am–5 pm,8 am–3 pm,Closed,8 am–5 pm,"https://www.google.com/maps/search/tree+service+businesses+in+Woodmoor+Colorado+Springs+CO/@39.1013808,-104.8474794,14z",2026-04-29T04:46:33.364Z,,,
https://www.google.com/maps/place/Independent+Lawn+Services/data=!4m7!3m6!1s0x8713371c811ede23:0xc1661c3af9f52fe8!8m2!3d38.9327372!4d-104.7762056!16s%2Fg%2F11qr7nqkbs!19sChIJI94egRw3E4cR6C_1-TocZsE,Independent Lawn Services,5.0,45,Lawn care service,"2742 Golden Currant View, Colorado Springs, CO 80918, United States","W6MF+3G Colorado Springs, Colorado, USA",https://independentlawns.com/,+1 719-445-5296,Closed · Opens 9 am Wed,,https://lh3.googleusercontent.com/gps-cs-s/APNQkAHWwf7kmPHS9SScMhx7BtyG7Pkv4pZoLU-_vpNMJXp65EhqVUrE2uCrH1sZxX7owg6Er4i11PQj7zix34YnP2Qh7q1jsMuP6MCm8SKwlUuxBhsUgMQ5Yuep757G7sIzcqmJJxSr=w408-h544-k-no,true,9 am–5 pm,9 am–5 pm,9 am–5 pm,9 am–5 pm,Closed,Closed,9 am–5 pm,"https://www.google.com/maps/search/tree+service+businesses+in+Woodmoor+Colorado+Springs+CO/@39.1013808,-104.8474794,14z",2026-04-29T04:46:38.218Z,,,
https://www.google.com/maps/place/Big+R+Stores+-+Monument/data=!4m7!3m6!1s0x876cb29f7dd6c125:0xf96f9810a1bc221f!8m2!3d39.0480815!4d-104.8441497!16s%2Fg%2F12646sk93!19sChIJJcHWfZ-ybIcRHyK8oRCYb_k,Big R Stores - Monument,4.4,187,General store,"840 Spanish Bit Dr, Colorado Springs, CO 80921, United States","25X4+68 Colorado Springs, Colorado, USA",http://www.bigronline.com/,+1 719-488-0000,,,https://lh3.googleusercontent.com/gps-cs-s/APNQkAGy_aqFJ8sMY7-_U18Uz9fDe2bGH9YA7BIbqtDUVj-sDJWuwerOGuSoId1G-gDzY22nNdRaL9z_jW6ag8fFXd6ARJis5wa9BKLTAOGkOCjA3B-oVSblH2DTEOVLAwtG4XR3psPRMQ=w408-h306-k-no,true,,,,,,,,"https://www.google.com/maps/search/tree+service+businesses+in+Woodmoor+Colorado+Springs+CO/@39.1013808,-104.8474794,14z",2026-04-29T04:46:49.777Z,· In-store pick-up,,
https://www.google.com/maps/place/AP+Tree+Service/data=!4m7!3m6!1s0x2646c6b01c65a01b:0xa48e410ca7108237!8m2!3d39.82266!4d-104.895262!16s%2Fg%2F11wwzyc6qd!19sChIJG6BlHLDGRiYRN4IQpwxBjqQ,AP Tree Service,5.0,35,Tree service,,,https://www.aptreeservices.com/,+1 720-646-4163,Closed · Opens 8 am Wed,LGBTQ+ friendly,https://lh3.googleusercontent.com/gps-cs-s/APNQkAGbfq0NBG4n5CVZihpmwheEeJ3ie6kVM4KshgaaYiW-XZvAbCcMgIR_3RfwMlQS2E6w4je2DfiE4N6H-ePeCe3sS20pXXyu4umfSmsY3pZ86H4qd_NnUESCTln_ywKAFC5v9DjTE56LUr4=w408-h544-k-no,true,8 am–5 pm,8 am–5 pm,8 am–5 pm,8 am–5 pm,8 am–3 pm,Closed,8 am–5 pm,"https://www.google.com/maps/search/tree+service+businesses+in+Woodmoor+Colorado+Springs+CO/@39.1013808,-104.8474794,14z",2026-04-29T04:46:54.497Z,,,
https://www.google.com/maps/place/Savin%27+Green/data=!4m7!3m6!1s0x876cb5c54d0d3af1:0x5dadbe7c24c3f7f2!8m2!3d39.117463!4d-104.692944!16s%2Fg%2F11c2qw95l7!19sChIJ8ToNTcW1bIcR8vfDJHy-rV0,Savin' Green,4.8,28,Lawn care service,"7144 Angelholm Rd, Colorado Springs, CO 80908, United States","4884+XR Colorado Springs, Colorado, USA",http://www.savingreenlawn.com/,+1 720-469-9308,Closed · Opens 8 am Wed,,https://lh3.googleusercontent.com/gps-cs-s/APNQkAF1gy-sNG3Kjq0ZAqNPJC0vUQSCTr05zwF5Ge8MZJnfTBmJtPMtf67N6_3yqI6oj34Tc6DHqc0xPcTOuwbphmUI8LcLhriZV0N_iUTFZ3VBiHKQt49-b7bw6Aas2cBSPkaqkaZA=w408-h306-k-no,true,8 am–5 pm,8 am–5 pm,8 am–5 pm,8 am–5 pm,9 am–3 pm,Closed,8 am–5 pm,"https://www.google.com/maps/search/tree+service+businesses+in+Woodmoor+Colorado+Springs+CO/@39.1013808,-104.8474794,14z",2026-04-29T04:46:59.354Z,,,
https://www.google.com/maps/place/Saddletree+Homes/data=!4m7!3m6!1s0x87134f74c035b63f:0xcc5e72c2d6257f2c!8m2!3d39.00469!4d-104.805557!16s%2Fg%2F1vy7h0hm!19sChIJP7Y1wHRPE4cRLH8l1sJyXsw,Saddletree Homes,4.8,21,Home builder,"1239 Kelso Pl, Colorado Springs, CO 80921, United States","253V+VQ Colorado Springs, Colorado, USA",http://www.saddletreehomes.com/,+1 719-282-2340,Closed · Opens 8:30 am Wed,,https://lh3.googleusercontent.com/gps-cs-s/APNQkAF56a0D5UZg-NxEYy4gB34ahAXQHu5GPB45kDdx7-gGsnIlCY3h6ofnp_4yI0_k81JC0tsp0N3aFWg3VrWgJ_1p1o4Df4jLC_3d5e3Xx-QszHbGyP_t2Jcsg8mW9DOCjo23mJYL7A=w419-h240-k-no,true,8:30 am–5 pm,8:30 am–5 pm,8:30 am–5 pm,Closed,Closed,Closed,8:30 am–5 pm,"https://www.google.com/maps/search/tree+service+businesses+in+Woodmoor+Colorado+Springs+CO/@39.1013808,-104.8474794,14z",2026-04-29T04:47:04.521Z,,,
https://www.google.com/maps/place/Phelan+Gardens/data=!4m7!3m6!1s0x871348c5e61f7577:0xcc0c69313881677!8m2!3d38.9030289!4d-104.739244!16s%2Fg%2F1td2bswn!19sChIJd3Uf5sVIE4cRdxaIE5PGwAw,Phelan Gardens,4.7,729,Garden center,"4955 Austin Bluffs Pkwy, Colorado Springs, CO 80918, United States","W736+68 Colorado Springs, Colorado, USA",http://www.phelangardens.com/,+1 719-574-8058,"Closed · Opens 9 am Wed

Updated by this business 2 weeks ago",,https://lh3.googleusercontent.com/gps-cs-s/APNQkAG4e8wcbIks_HgWElr_f34YnIRVe_KKe4Tny3vQragF448yJqvx_5ueMBnEs3WdW2YzrG770gta8Mz_BCQVGTeMGEvdlDngqs0aci1bGjljMq_KCKtyqPlLDZcXw2yPLOCeNZzS=w513-h240-k-no,true,9 am–6 pm,9 am–6 pm,9 am–6 pm,9 am–6 pm,8 am–6 pm,9 am–5 pm,9 am–6 pm,"https://www.google.com/maps/search/tree+service+businesses+in+Woodmoor+Colorado+Springs+CO/@39.1013808,-104.8474794,14z",2026-04-29T04:47:09.365Z,"Year-round, family-owned greenhouse, nursery & garden center carrying plants, supplies & decor. · In-store shopping · Delivery",,
https://www.google.com/maps/place/Safeway/data=!4m7!3m6!1s0x876cade7a8a07aef:0xd3f142b575df1203!8m2!3d39.0989466!4d-104.8655165!16s%2Fg%2F1tsjf3zb!19sChIJ73qgqOetbIcRAxLfdbVC8dM,Safeway,4.1,1092,Grocery store,"624 W Hwy 105, Monument, CO 80132, United States","34XM+HQ Monument, Colorado, USA",https://local.safeway.com/safeway/co/monument/624-hwy-105.html,+1 719-488-1187,,LGBTQ+ friendly,https://lh3.googleusercontent.com/gps-cs-s/APNQkAH9_vI-gJt9HlgnRehjMKCTtX6ZXP9vuc_z54_2qCqKjy_m3pUWJVl8CMrZRvjBOC-pnBkmmmw9KHwhFS-AasIN65MkIL5JlErg5EuRaLJ8k1dl-_hLP4yjeKTRid0hcR8kf-56mw=w408-h306-k-no,true,8 am–8 pm,8 am–8 pm,8 am–8 pm,8 am–8 pm,8 am–8 pm,8 am–8 pm,8 am–8 pm,"https://www.google.com/maps/search/tree+service+businesses+in+Woodmoor+Colorado+Springs+CO/@39.1013808,-104.8474794,14z",2026-04-29T04:47:14.344Z,"Longtime supermarket chain carrying brand-name & house-label groceries, plus a deli, bakery & more. · In-store shopping · Kerbside pickup · Delivery",,
https://www.google.com/maps/place/Bass+Pro+Shops/data=!4m7!3m6!1s0x87134d499b0eeaff:0xd394f83fbfd39df6!8m2!3d39.0237098!4d-104.826538!16s%2Fg%2F1yh9vkj7y!19sChIJ_-oOm0lNE4cR9p3Tvz_4lNM,Bass Pro Shops,4.5,4569,Sporting goods store,"13012 Bass Pro Dr, Colorado Springs, CO 80921, United States","25FF+F9 Colorado Springs, Colorado, USA",https://stores.basspro.com/us/co/colorado-springs/13012-bass-pro-dr.html?y_source=1_MzAxMTU1MC03MTUtbG9jYXRpb24ud2Vic2l0ZQ%3D%3D,+1 719-488-7300,,,https://lh3.googleusercontent.com/gps-cs-s/APNQkAEXDeMgDufKZmGuO4A9dOZi6MwqosyazOIwai9LvfZSnsJ94FHGz824bTmbtUzWJ_vBMgqmQTjCsbJwdcdi6IZ5jcoMjW6DDwdNpaHRFLpNOPfhKTe7dPz4NXCu13jekV_RtQLIbXBhnK3Q=w408-h544-k-no,true,9 am–9 pm,9 am–9 pm,9 am–9 pm,9 am–9 pm,9 am–9 pm,10 am–7 pm,9 am–9 pm,"https://www.google.com/maps/search/tree+service+businesses+in+Woodmoor+Colorado+Springs+CO/@39.1013808,-104.8474794,14z",2026-04-29T04:47:19.451Z,"Chain known for its large, wilderness-themed stores & wide array of hunting, fishing & outdoor gear. · In-store shopping · Kerbside pickup",,
https://www.google.com/maps/place/VZ+Family+Law/data=!4m7!3m6!1s0x876cb33c94a44495:0xd936de922921aa01!8m2!3d39.074204!4d-104.763923!16s%2Fg%2F11s5tx27t5!19sChIJlUSklDyzbIcRAaohKZLeNtk,VZ Family Law,5.0,2,Family law attorney,"3390 Double Tree Ct, Colorado Springs, CO 80921, United States","36FP+MC Colorado Springs, Colorado, USA",,+1 719-400-2030,,Identifies as women-owned,https://streetviewpixels-pa.googleapis.com/v1/thumbnail?panoid=aMcCsjs0d-BB7qX7jfM7nQ&cb_client=search.gws-prod.gps&w=408&h=240&yaw=232.2969&pitch=0&thumbfov=100,true,,,,,,,,"https://www.google.com/maps/search/tree+service+businesses+in+Woodmoor+Colorado+Springs+CO/@39.1013808,-104.8474794,14z",2026-04-29T04:47:24.199Z,,,
"https://www.google.com/maps/place/Willow+Creek+Wildfire+Solutions,+LLC/data=!4m7!3m6!1s0x87134921c4f1963b:0xbc5a72ce3ba8a3d6!8m2!3d39.0423305!4d-104.6662825!16s%2Fg%2F11fmh40g2y!19sChIJO5bxxCFJE4cR1qOoO85yWrw","Willow Creek Wildfire Solutions, LLC",5.0,2,Tree service,,,https://www.wcwfs.com/,+1 719-726-4826,Closed · Opens 7 am Wed,,https://lh3.googleusercontent.com/gps-cs-s/APNQkAFSuyiSbbqojF5KiiFWCfGUO1bFRroo0dc1wLL-L8nlHj6soVpamGOIvVYWbeHdqgtzQZoFRmIFnITbP3VehFo7h8T8-XI3UCjT9ZWPzzj26qitRbsJgJoH8l2s5lK8MT-n66A7vw=w408-h272-k-no,true,7 am–6 pm,7 am–6 pm,7 am–6 pm,7 am–6 pm,7 am–6 pm,Closed,7 am–6 pm,"https://www.google.com/maps/search/tree+service+businesses+in+Woodmoor+Colorado+Springs+CO/@39.1013808,-104.8474794,14z",2026-04-29T04:47:29.103Z,,,
https://www.google.com/maps/place/Arbor+View+Tree+Care/data=!4m7!3m6!1s0x80e63195d1d5edbd:0x73ea3be0ce0a6aa5!8m2!3d38.875789!4d-104.752089!16s%2Fg%2F11tnc0fw88!19sChIJve3V0ZUx5oARpWoKzuA76nM,Arbor View Tree Care,,,Arborist service,,,https://arborviewtreecare.net/,+1 720-298-4722,Closed · Opens 8 am Wed,,https://lh3.googleusercontent.com/gps-cs-s/APNQkAHJ2y2r5zX8qwVrVdD4eQDRt5BndW9uSnvJ9gfTfgjnvRx6mpZ5ZVENejKZBNcI9YYPPzzfILTSfTzfDaK12EUfx23uc2Cg61mo6PCDmjR6EY_L7l63srrRhGezJTDIVprGZWg=w408-h544-k-no,true,8 am–5 pm,8 am–5 pm,8 am–5 pm,8 am–5 pm,8 am–5 pm,Closed,8 am–5 pm,"https://www.google.com/maps/search/tree+service+businesses+in+Woodmoor+Colorado+Springs+CO/@39.1013808,-104.8474794,14z",2026-04-29T04:47:33.694Z,,,
https://www.google.com/maps/place/SK+Hardscapes/data=!4m7!3m6!1s0x4d283ac6e80c4c61:0x35410085d5a11725!8m2!3d38.875789!4d-104.752089!16s%2Fg%2F11l5tf0gdy!19sChIJYUwM6MY6KE0RJReh1YUAQTU,SK Hardscapes,5.0,15,Landscaper,,,https://sk-hardscapes.com/,+1 423-902-9454,Closed · Opens 8 am Wed,,https://lh3.googleusercontent.com/gps-cs-s/APNQkAEudy0jFBgJXqEXFNHXWc6cI29An-bRD8nAbxwtOis0WvpGnQKPSvGv1pcrTagv4Dd_mkIWB1SWEfNjFH70VYsgRooAfQ9FONVGoOelzJ2Sxqu9SOaIOvw34S3Md-kr8QsBFeyD=w408-h306-k-no,true,8 am–5:30 pm,8 am–5:30 pm,8 am–5:30 pm,8 am–5:30 am,8 am–1 pm,Closed,8 am–5:30 pm,"https://www.google.com/maps/search/tree+service+businesses+in+Woodmoor+Colorado+Springs+CO/@39.1013808,-104.8474794,14z",2026-04-29T04:47:38.456Z,,,
https://www.google.com/maps/place/Carlos+Deker+Landscaping/data=!4m7!3m6!1s0x871349f4f36d5c3b:0x4898c89ecaa58190!8m2!3d38.939877!4d-104.75954!16s%2Fg%2F11c0xnn_0q!19sChIJO1xt8_RJE4cRkIGlyp7ImEg,Carlos Deker Landscaping,3.5,15,Landscape designer,"3578 se Hartsel Dr #E-195, Colorado Springs, CO 80920, United States","W6QR+X5 Colorado Springs, Colorado, USA",,+1 719-322-4658,Closed · Opens 8 am Wed,,https://lh3.googleusercontent.com/gps-cs-s/APNQkAGU2KXwt_9xoMu33rCXcnN2HAT2fv3Q4Od9c8ZwBtscvYWE1jx3ZnMMG6U-sFi2i0zpHDDauElH5yPOpXaGnacV7CSZJuzt6uDpiJR3AfvQGNRXJHjPhk7DCbF9UMgn5MhbAK-l=w408-h306-k-no,false,8 am–7 pm,8 am–7 pm,8 am–7 pm,8 am–6 pm,9 am–3 pm,Closed,8 am–7 pm,"https://www.google.com/maps/search/tree+service+businesses+in+Woodmoor+Colorado+Springs+CO/@39.1013808,-104.8474794,14z",2026-04-29T04:47:43.424Z,,,
"https://www.google.com/maps/place/3+Wise+Men+LLC+Your+Dirt+Work,+Field+Mow,+Fence+and+Trenching+Team!/data=!4m7!3m6!1s0x4df80576b88397b3:0x11c8f967dd770372!8m2!3d39.043641!4d-104.695906!16s%2Fg%2F11rptxbbtg!19sChIJs5eDuHYF-E0RcgN33Wf5yBE","3 Wise Men LLC Your Dirt Work, Field Mow, Fence and Trenching Team!",,,Lawn care service,,,,+1 719-440-6018,Closed · Opens 7 am Wed,Identifies as veteran-owned,https://lh3.googleusercontent.com/gps-cs-s/APNQkAHzNX3LIQpGhrcy_qu05_Ujf2afaN8pN4-CKQbj0Vsiv7fTSWN1JOcE3VEqZDObOLEUhEPVK1Kceg8yWB3wJuhZv0LLtViJTOk0S2AyF8XxVP9iDL5dPaXPuntmdpkYQ7sRCX7OWA=w408-h271-k-no,true,7 am–6 pm,7 am–6 pm,7 am–6 pm,7 am–6 pm,Closed,Closed,7 am–6 pm,"https://www.google.com/maps/search/tree+service+businesses+in+Woodmoor+Colorado+Springs+CO/@39.1013808,-104.8474794,14z",2026-04-29T04:47:48.246Z,,,
"https://www.google.com/maps/place/Unlimited+Home+%26+Landscape+Solutions/@38.9139651,-104.752089,11z/data=!3m1!4b1!4m6!3m5!1s0x91f9eba876f93bf:0x85d7e06d0a28b7f5!8m2!3d38.9139651!4d-104.752089!16s%2Fg%2F11vbxsfh2d",Unlimited Home & Landscape Solutions,,,Landscaper,,,https://unlimitedlandscapes.co/,+1 719-271-4599,Closed · Opens 8 am Wed,,,true,8 am–5 pm,8 am–5 pm,8 am–5 pm,8 am–5 pm,Closed,Closed,8 am–5 pm,"https://www.google.com/maps/search/tree+service+businesses+in+Woodmoor+Colorado+Springs+CO/@39.1013808,-104.8474794,14z",2026-04-29T04:47:55.283Z,,,
"https://www.google.com/maps/place/Local+Lawn+%26+Tree+Care+LLC/@38.8757891,-104.752089,11z/data=!3m1!4b1!4m6!3m5!1s0x7042985df8b3b57:0x4fe1a1fc837060e3!8m2!3d38.875789!4d-104.752089!16s%2Fg%2F11y12w6mw8",Local Lawn & Tree Care LLC,,,Landscaper,,,,+1 719-460-0174,Closed · Opens 6 am Wed,,,true,6 am–6 pm,6 am–6 pm,6 am–6 pm,6 am–6 pm,9 am–1 pm,6 am–1 pm,9 am–6 pm,"https://www.google.com/maps/search/tree+service+businesses+in+Woodmoor+Colorado+Springs+CO/@39.1013808,-104.8474794,14z",2026-04-29T04:48:01.895Z,,,
https://www.google.com/maps/place/The+Home+Depot/data=!4m7!3m6!1s0x876cad7f0fb0e81f:0xfcc37947c4dde80e!8m2!3d39.063551!4d-104.8521191!16s%2Fg%2F1vm_ycnw!19sChIJH-iwD3-tbIcRDujdxEd5w_w,The Home Depot,3.9,910,Home improvement store,"15888 Jackson Creek Pkwy, Monument, CO 80132, United States","347X+C5 Monument, Colorado, USA",https://www.homedepot.com/l/Monument/CO/Monument/80132/1541?emt=MSGoogleMaps,+1 719-484-0900,,,https://lh3.googleusercontent.com/gps-cs-s/APNQkAGPtzbDSog8aTlGaNbqBsFZV9wiDPUl5JUDNyOIFuauorMz_0uhy2u4T1EcMVWwhEhKFzFchop9YBRdFFXh2tHwZK-O5yd6kA73eyarLkOwyLrbOlo4ZgsEjD1-P3QMrjplmlpLXg=w408-h299-k-no,true,6 am–8 pm,6 am–8 pm,6 am–8 pm,6 am–8 pm,6 am–8 pm,7 am–8 pm,6 am–8 pm,"https://www.google.com/maps/search/tree+service+businesses+in+Woodmoor+Colorado+Springs+CO/@39.1013808,-104.8474794,14z",2026-04-29T04:48:06.885Z,"Chain home improvement retailer for tools, appliances & other products (some offer truck rentals). · In-store shopping · Kerbside pickup · Delivery",,
"https://www.google.com/maps/place/Colorado+Tree+Pro's/@38.8757891,-104.752089,11z/data=!3m1!4b1!4m6!3m5!1s0x4fb181108158d64b:0x95033f4e73998f5f!8m2!3d38.875789!4d-104.752089!16s%2Fg%2F11tcjvygw9",Colorado Tree Pro's,,,Tree service,,,,+1 719-493-3769,Closed · Opens 12 am Wed,,,true,12 am–12 pm,12 am–12 pm,12 am–12 pm,12 am–12 pm,12 am–12 pm,12 am–12 pm,12 am–12 pm,"https://www.google.com/maps/search/tree+service+businesses+in+Woodmoor+Colorado+Springs+CO/@39.1013808,-104.8474794,14z",2026-04-29T04:48:13.567Z,,,
"https://www.google.com/maps/place/JaCoJo%27s+Anything+Service,+LLC/data=!4m7!3m6!1s0x40d7ca1d07d779bd:0x7d87c592b78971d9!8m2!3d38.846599!4d-104.7374506!16s%2Fg%2F11wnn2lv_7!19sChIJvXnXBx3K10AR2XGJt5LFh30","JaCoJo's Anything Service, LLC",5.0,10,Handyman/Handywoman/Handyperson,,,https://www.jacojos.services/,+1 719-217-7076,Open 24 hours,LGBTQ+ friendly,https://lh3.googleusercontent.com/gps-cs-s/APNQkAEUCpNk2xyiwLMdLi1CSswyTojYX2NGD4ulRdiSEbdAXvrV_RcmSHIQMqDF1sXg-rmsBdty2w_9zyjPiGtybF6jWOwd04kjCs3cMWpYXt_9Z8_vwFuAKT7bzTuGlpvXteiXAzH1CcOJsyo5=w408-h306-k-no,true,Open 24 hours,Open 24 hours,Open 24 hours,Open 24 hours,Open 24 hours,Open 24 hours,Open 24 hours,"https://www.google.com/maps/search/tree+service+businesses+in+Woodmoor+Colorado+Springs+CO/@39.1013808,-104.8474794,14z",2026-04-29T04:48:18.671Z,,,
https://www.google.com/maps/place/Caliber+Collision/data=!4m7!3m6!1s0x876cb3a4b8ccebf9:0x7a854171ac6baa88!8m2!3d39.0575561!4d-104.8403396!16s%2Fg%2F11j0wmj7vp!19sChIJ-evMuKSzbIcRiKprrHFBhXo,Caliber Collision,4.8,351,Auto body shop,"960 Baptist Rd, Monument, CO 80132, United States","3555+2V Monument, Colorado, USA",https://www.caliber.com/find-a-location/monument,+1 719-892-1530,Closed · Opens 7:30 am Wed,,https://lh3.googleusercontent.com/gps-cs-s/APNQkAEV96w-veKajlAnX12PwWIGFEIgeDVksMuRIf4I1_VbnlAet7G6rSM6nsBp4Z1ZdhrN4_FbtwQvMsLNnoJ05fBv0yMTFJq-fsiuqxy-7CK91sXabyQUngtpqm025Y_-k6rhXb8q=w501-h240-k-no,true,7:30 am–5:30 pm,7:30 am–5:30 pm,7:30 am–5:30 pm,7:30 am–5:30 pm,Closed,Closed,7:30 am–5:30 pm,"https://www.google.com/maps/search/tree+service+businesses+in+Woodmoor+Colorado+Springs+CO/@39.1013808,-104.8474794,14z",2026-04-29T04:48:23.666Z,,,
https://www.google.com/maps/place/Colorful+Colorado+Landscaping/data=!4m7!3m6!1s0x87134f30474a4889:0x22551695f37d8ace!8m2!3d38.875789!4d-104.752089!16s%2Fg%2F11h6tkm1h4!19sChIJiUhKRzBPE4cRzop985UWVSI,Colorful Colorado Landscaping,4.9,12,Landscaper,,,,+1 719-650-6629,Closed · Opens 7 am Wed,,https://lh3.googleusercontent.com/gps-cs-s/APNQkAFW_clnEp9mhq8jsC5ezui3Yn4_sLpgKsocf-7EtcYqoAnwklnXM_nCl2iD_OvvFKXPF1S9rD01PXA9Va2E6OXE8a_TxZtcCZgemaBMWw1YdEbhiUc4MXOP3Fgun_rK4JM2jSA=w408-h306-k-no,true,7 am–6 pm,7 am–6 pm,7 am–6 pm,7 am–6 pm,7 am–6 pm,Closed,7 am–6 pm,"https://www.google.com/maps/search/tree+service+businesses+in+Woodmoor+Colorado+Springs+CO/@39.1013808,-104.8474794,14z",2026-04-29T04:48:28.392Z,,,
https://www.google.com/maps/place/The+Legendary+Landscaping/data=!4m7!3m6!1s0x89516824a1baba9b:0x628fb3124d461b08!8m2!3d38.9803509!4d-104.7305379!16s%2Fg%2F11s4x3msrc!19sChIJm7q6oSRoUYkRCBtGTRKzj2I,The Legendary Landscaping,5.0,14,Landscape designer,"5181 Janga Dr, Colorado Springs, CO 80924, United States","X7J9+4Q Colorado Springs, Colorado, USA",https://thelegendarylandscaping.com/,+1 719-755-2119,Closed · Opens 7:30 am Wed,Identifies as veteran-owned,https://lh3.googleusercontent.com/gps-cs-s/APNQkAFSGj9nnPmZrH_bynnzqw8ZPuPIYPOujINAHrPtcw3R7XXxfzFEp4ePJigu5iAMtF4tbST5MyIGjB1Qzzi2m2YR96kjrVfoCHpARt5OZ2zPubkpJMLKX5U8RMVnS-9800cS6JY5MwWXhkU=w408-h306-k-no,true,7:30 am–5 pm,7:30 am–5 pm,7:30 am–5 pm,7:30 am–5 pm,Closed,Closed,7:30 am–5 pm,"https://www.google.com/maps/search/tree+service+businesses+in+Woodmoor+Colorado+Springs+CO/@39.1013808,-104.8474794,14z",2026-04-29T04:48:33.173Z,,,
https://www.google.com/maps/place/Garden+Center+at+The+Home+Depot/data=!4m7!3m6!1s0x876cad79243b058d:0xf4c6183c8093468e!8m2!3d39.0634734!4d-104.8521758!16s%2Fg%2F11c5_tfdg0!19sChIJjQU7JHmtbIcRjkaTgDwYxvQ,Garden Center at The Home Depot,4.0,6,Garden center,"15888 Jackson Creek Pkwy, Monument, CO 80132, United States","347X+94 Monument, Colorado, USA",https://www.homedepot.com/l/Monument/CO/Monument/80132/1541/garden-center?emt=GCGoogleMaps,+1 719-484-0900,"Closed · Opens 6 am Wed

Confirmed by this business 2 weeks ago",,https://lh3.googleusercontent.com/gps-cs-s/APNQkAFxka0RqRoK6GQfc1VWnC_B-YdMr7MDrYIyAEqkQWt6-gY5Cs2OZQTW77kEtmae5XQBxIAGE2Ikw28or_zDbiu4uIPrqw08MAVqdPwZr--UFZUxOaKD_jIVYXk0G-tcgfUzSvFnPOm5OKZP=w412-h240-k-no,true,6 am–10 pm,6 am–10 pm,6 am–10 pm,6 am–10 pm,6 am–10 pm,7 am–8 pm,6 am–10 pm,"https://www.google.com/maps/search/tree+service+businesses+in+Woodmoor+Colorado+Springs+CO/@39.1013808,-104.8474794,14z",2026-04-29T04:48:38.104Z,· Kerbside pickup · Delivery,,
https://www.google.com/maps/place/Hammer+Homes+Inc./data=!4m7!3m6!1s0x87134d32e7cdfbf9:0x5339bb3e93927bec!8m2!3d38.9139651!4d-104.752089!16s%2Fg%2F11cmph_fdl!19sChIJ-fvN5zJNE4cR7HuSkz67OVM,Hammer Homes Inc.,5.0,40,Custom home builder,,,https://www.hammercustomhomes.com/,+1 719-332-3578,Closed · Opens 9 am Wed,,https://lh3.googleusercontent.com/gps-cs-s/APNQkAGgFlNwcVvRWJ3OygPUT9tr3uBizldp9EHWTDmXQugxpv6DJdXErmbcBCnwyx9nhwyX6rRDXUvpTlgKY5eIWWyq5ZjaxDFqJT831tTrj4_T6Vn-xPYTB92MXa3-GV_zg92kgsfX=w408-h271-k-no,true,9 am–5 pm,9 am–5 pm,9 am–5 pm,9 am–5 pm,Closed,Closed,9 am–5 pm,"https://www.google.com/maps/search/tree+service+businesses+in+Woodmoor+Colorado+Springs+CO/@39.1013808,-104.8474794,14z",2026-04-29T04:48:43.178Z,,,
https://www.google.com/maps/place/Above+and+Beyond+Specialty+Contracting+LLC/data=!4m7!3m6!1s0x2824e89b614e82c5:0xf0363adf4c7cc4fb!8m2!3d38.8378106!4d-104.752089!16s%2Fg%2F11txtf7k6w!19sChIJxYJOYZvoJCgR-8R8TN86NvA,Above and Beyond Specialty Contracting LLC,5.0,25,Contractor,,,https://abscontracting.net/,+1 719-464-0244,Closed · Opens 9 am Wed,LGBTQ+ friendly,https://lh3.googleusercontent.com/gps-cs-s/APNQkAH3aIjpchq1cYuWaz3FwocYCG-JAmqInFomcrDoeR9zLGqd5KIIPlQhso1filirT-WHnMYvIJwb_W7aV-dzut0INtiDur9O7lAYUV4p6MmllirVWac-_JvKYuFRWtTChPaI5d5NoQ=w408-h306-k-no,true,9 am–6 pm,9 am–6 pm,9 am–6 pm,9 am–6 pm,Closed,Closed,9 am–6 pm,"https://www.google.com/maps/search/tree+service+businesses+in+Woodmoor+Colorado+Springs+CO/@39.1013808,-104.8474794,14z",2026-04-29T04:48:47.858Z,,,
https://www.google.com/maps/place/H%26H+Fencing+and+Landscape+Solutions/data=!4m7!3m6!1s0x87134b4217dbf229:0x707fd39cea8ead40!8m2!3d38.999198!4d-104.6247835!16s%2Fg%2F11h5lk_cf_!19sChIJKfLbF0JLE4cRQK2O6pzTf3A,H&H Fencing and Landscape Solutions,4.9,164,Fence contractor,,,https://www.handh-fencing.com/,+1 719-291-4145,Closed · Opens 7 am Wed,Identifies as veteran-owned,https://lh3.googleusercontent.com/gps-cs-s/APNQkAEz7pUY6RxFhQL8Oipr86iRYW7j10LFXSa2vA2q1tdRBkOeD18zXHds9-pko-gmNcMi-zXzjU6doxhUO-RCJT1A0K_snCt66doohcqPEBfdyNQ-lI_yGNDwE8WpfUF5w8E6-FRbiwVJNWWq=w408-h306-k-no,true,7 am–8 pm,7 am–8 pm,7 am–8 pm,7 am–8 pm,9 am–5 pm,9 am–5 pm,7 am–8 pm,"https://www.google.com/maps/search/tree+service+businesses+in+Woodmoor+Colorado+Springs+CO/@39.1013808,-104.8474794,14z",2026-04-29T04:48:52.754Z,,true,
https://www.google.com/maps/place/Trash+Daddy+Dumpster+Rentals/data=!4m7!3m6!1s0x4d1a632b191d8a5b:0x9ed4cd6ef974ff1a!8m2!3d38.890982!4d-104.695906!16s%2Fg%2F11v9_kjs20!19sChIJW4odGStjGk0RGv90-W7N1J4,Trash Daddy Dumpster Rentals,5.0,38,Dumpster rental service,,,https://trashdaddydumpsters.com/dumpster-rentals-colorado/colorado-springs/,+1 719-249-8825,Closed · Opens 7 am Wed,,https://lh3.googleusercontent.com/gps-cs-s/APNQkAGkmEycTANRbeKkRTyz1nsGH__1VHUsmJBwPXyGunXYHO_qIJ1m38vUz6Fur9mbHfeP5NkEKl0n0xp8X7gO26BbZLp-VWOSnwaZhnE_0bAgU0G4W81OnX5oInOtLzR0tS0E1JcVog=w408-h408-k-no,true,7 am–6 pm,7 am–6 pm,7 am–6 pm,7 am–6 pm,8 am–12 pm,Closed,7 am–6 pm,"https://www.google.com/maps/search/tree+service+businesses+in+Woodmoor+Colorado+Springs+CO/@39.1013808,-104.8474794,14z",2026-04-29T04:48:57.491Z,,,
https://www.google.com/maps/place/Goodwill+Store+%26+Donation+Center/data=!4m7!3m6!1s0x876cad7ef90c16fd:0x1c798ed46c99337a!8m2!3d39.0642531!4d-104.8474229!16s%2Fg%2F11b6v6g7qh!19sChIJ_RYM-X6tbIcRejOZbNSOeRw,Goodwill Store & Donation Center,4.2,518,Thrift store,"15821 Jackson Creek Pkwy, Monument, CO 80132, United States","3573+P2 Monument, Colorado, USA",https://goodwillcolorado.org/shop/locations/,+1 719-481-5697,Closed · Opens 9 am Wed,,https://lh3.googleusercontent.com/gps-cs-s/APNQkAEVzrpHzEbls2J_mkCaNmFtHoj_xI9guf9zO5sT6nQFSA-cNZzmMCN86zbod1IvQoKhRyzemv8AfoEzKWydRZ3efofL-1YOAaJLBWKaaH7v5Da3TA4cRGQT38hjkQifXUFyxKcXxQ=w408-h306-k-no,true,9 am–9 pm,9 am–9 pm,9 am–9 pm,9 am–9 pm,9 am–9 pm,9 am–8 pm,9 am–9 pm,"https://www.google.com/maps/search/tree+service+businesses+in+Woodmoor+Colorado+Springs+CO/@39.1013808,-104.8474794,14z",2026-04-29T04:49:02.319Z,"Long-standing nonprofit chain with a range of pre-owned clothing, housewares & more. · In-store shopping",,
https://www.google.com/maps/place/Timberline+Landscaping/data=!4m7!3m6!1s0x8713463b21c2c147:0x6713218ce9a29882!8m2!3d38.883135!4d-104.6770518!16s%2Fg%2F1tyzzfrq!19sChIJR8HCITtGE4cRgpii6YwhE2c,Timberline Landscaping,4.4,258,Landscaper,"8110 Opportunity Vw, Colorado Springs, CO 80939, United States","V8MF+75 Colorado Springs, Colorado, USA",https://timberlinelandscaping.com/,+1 719-638-1000,Closed · Opens 7:30 am Wed,,https://lh3.googleusercontent.com/gps-cs-s/APNQkAHxKXwSY8WSVtyWi0hzL9d_F5V1XKddcAzEmNUnZXtx68Xhaz-CEwZjJqNYSIg5r8gDvvtaN7Zk45tlsWXoclgUgkN17QXS-jue40jQGXy5ubClBxgEHkWeqtUMahKGWrvZgwSE=w408-h272-k-no,true,7:30 am–4:30 pm,7:30 am–4:30 pm,7:30 am–4:30 pm,7:30 am–4:30 pm,Closed,Closed,7:30 am–4:30 pm,"https://www.google.com/maps/search/tree+service+businesses+in+Cimarron+Hills+Colorado+Springs+CO/@38.8679842,-104.7013553,14z",2026-04-29T04:49:22.962Z,,,
"https://www.google.com/maps/place/Affordable+Services,+Inc./data=!4m7!3m6!1s0x871348a9e1f995bd:0xc5d98262c8e209f2!8m2!3d38.8645859!4d-104.7209511!16s%2Fg%2F1tjt2d22!19sChIJvZX54alIE4cR8gniyGKC2cU","Affordable Services, Inc.",4.6,64,Landscaper,"2350 N Powers Blvd, Colorado Springs, CO 80915, United States","V77H+RJ Colorado Springs, Colorado, USA",http://affordableservicescoloradosprings.com/,+1 719-572-1768,Closed · Opens 8 am Wed,Identifies as women-owned,https://lh3.googleusercontent.com/gps-cs-s/APNQkAEtOgfjKlnw58kBh6xoano4hhkJlmTjkJTOIs2v8umRnR6RN8mHNsb1LkKCr_oqpizH2gkRkzhIUWEwxiFVvlpmCndlo_5qr6AK9vjBw4Ec0j8V-6excMS5-wW1Zp4k5xwUwxaR=w430-h240-k-no,true,8 am–6:30 pm,8 am–6:30 pm,8 am–6:30 pm,8 am–6:30 pm,10 am–3 pm,Closed,8 am–6:30 pm,"https://www.google.com/maps/search/tree+service+businesses+in+Cimarron+Hills+Colorado+Springs+CO/@38.8679842,-104.7013553,14z",2026-04-29T04:49:28.184Z,,,
https://www.google.com/maps/place/719+Tree+Service+LLC/data=!4m7!3m6!1s0x87134733f817d105:0x7fae55889e7d28d4!8m2!3d39.064693!4d-104.8369284!16s%2Fg%2F11rgfv971d!19sChIJBdEX-DNHE4cR1Ch9nohVrn8,719 Tree Service LLC,4.0,37,Tree service,,,,+1 719-723-8524,Open 24 hours,,https://lh3.googleusercontent.com/gps-cs-s/APNQkAHPbvWuzzf9h9sPZqSwPo4JeT0-a8WCAVr2WOqNEs21KQiiesGEAFZK5avTcIm3ZmRfeqcofqLb5o6f6ynmnXY3t0z_m-grq3WQz7V8xvXuSV1fj_L_tAbRPdVsBUO17B3l8ThOO9M4tIE=w457-h240-k-no,true,Open 24 hours,Open 24 hours,Open 24 hours,Open 24 hours,Open 24 hours,Open 24 hours,Open 24 hours,"https://www.google.com/maps/search/tree+service+businesses+in+Cimarron+Hills+Colorado+Springs+CO/@38.8679842,-104.7013553,14z",2026-04-29T04:49:32.892Z,,,
https://www.google.com/maps/place/Integrated+Lawn+Care/data=!4m7!3m6!1s0x87134fede625ccbf:0xed403b688abfdcca!8m2!3d38.8510686!4d-104.6846943!16s%2Fg%2F1tcts3k3!19sChIJv8wl5u1PE4cRyty_img7QO0,Integrated Lawn Care,5.0,1166,Lawn care service,"1491 Woolsey Heights, Colorado Springs, CO 80915, United States","V828+C4 Colorado Springs, Colorado, USA",https://healthylawn.net/?utm_source=local-directories&utm_medium=local&utm_campaign=local_integrated_coloradosprings&utm_content=primary_button,+1 719-204-9343,"Open 24 hours

Updated by this business 1 week ago",,https://lh3.googleusercontent.com/gps-cs-s/APNQkAHhrRfTGF0JHtfeH9h2kFNBLucfhicP9gZqy0e0PT8E3xbB_iNqU11HSiA1TUQGrwwkKnzNBgfzy0kMu_-1jet6qGew13f1tMIjz7xn6Qn0H9JkSHQBatrLmeagMfEJ6meaRM5T=w408-h265-k-no,true,Open 24 hours,Open 24 hours,Open 24 hours,Open 24 hours,Open 24 hours,Open 24 hours,Open 24 hours,"https://www.google.com/maps/search/tree+service+businesses+in+Cimarron+Hills+Colorado+Springs+CO/@38.8679842,-104.7013553,14z",2026-04-29T04:49:37.700Z,,,
"https://www.google.com/maps/place/Bear+Claw+Landscaping,+Inc./data=!4m7!3m6!1s0x87134711a938c8c1:0xa54b4a1623f6884f!8m2!3d38.8481006!4d-104.6917489!16s%2Fg%2F11ngtsnqqh!19sChIJwcg4qRFHE4cRT4j2IxZKS6U","Bear Claw Landscaping, Inc.",4.5,25,Landscaper,"7301 Cole View, Colorado Springs, CO 80915, United States","R8X5+68 Colorado Springs, Colorado, USA",http://bearclawlandscaping.com/,+1 719-591-2733,Closed · Opens 9 am Wed,,https://lh3.googleusercontent.com/gps-cs-s/APNQkAHMeFLwnds71bCmBcAP0w0PWvqav2LyS_IpQqYNrOIYth-E5FQq-kY20WWwwk7F8TVzU2k9nmdfd-8yjfjJqeunp9Xl8zAm0eQX1KPDdS4iEczzAbzCWQ2FwC9V4xaDrPvKmuNy=w408-h453-k-no,true,9 am–4:30 pm,9 am–4:30 pm,9 am–4:30 pm,9 am–4:30 pm,Closed,Closed,9 am–4:30 pm,"https://www.google.com/maps/search/tree+service+businesses+in+Cimarron+Hills+Colorado+Springs+CO/@38.8679842,-104.7013553,14z",2026-04-29T04:49:42.462Z,,,
https://www.google.com/maps/place/Harding+Nursery/data=!4m7!3m6!1s0x87134659a1cd5733:0x54917a8c36e075f0!8m2!3d38.8422559!4d-104.7197887!16s%2Fg%2F1vkxmqjq!19sChIJM1fNoVlGE4cR8HXgNox6kVQ,Harding Nursery,4.3,266,Plant nursery,"721 N Powers Blvd, Colorado Springs, CO 80915, United States","R7RJ+W3 Colorado Springs, Colorado, USA",http://hardingnursery.com/,+1 719-596-5712,"Closed · Opens 8 am Wed

Updated by this business 7 weeks ago",Identifies as women-owned,https://lh3.googleusercontent.com/gps-cs-s/APNQkAHO2qvuzWGPMQt6tlEjXw98tzyX6mwinWgHikaF9vnOgMn0hCFgbSottyWSSMIWMjaXlDisNvsXkWANUGjwTb-j4MnmgfPlU7eyOwMhvijTJx8BVB03k1FgyifxKuo3YXwbaMlF=w408-h306-k-no,true,8 am–4:30 pm,8 am–4:30 pm,8 am–4:30 pm,8 am–4:30 pm,8 am–4:30 pm,9 am–4 pm,8 am–4:30 pm,"https://www.google.com/maps/search/tree+service+businesses+in+Cimarron+Hills+Colorado+Springs+CO/@38.8679842,-104.7013553,14z",2026-04-29T04:49:47.315Z,,,
https://www.google.com/maps/place/Elevate+Landscapes/data=!4m7!3m6!1s0x871345f68d5fef6b:0x1de87f776b5fd786!8m2!3d38.8551942!4d-104.7134209!16s%2Fg%2F11n07qgxbq!19sChIJa-9fjfZFE4cRhtdfa3d_6B0,Elevate Landscapes,4.6,19,Landscaper,"1560 Tuskegee Pl, Colorado Springs, CO 80915, United States","V74P+3J Colorado Springs, Colorado, USA",http://www.elevatelandscapesco.com/,+1 719-985-1421,Closed · Opens 7 am Wed,,https://lh3.googleusercontent.com/gps-cs-s/APNQkAFMKDYNx_YjJMAPNkSzngkevPB4Yw7nWEf1GHtgSEzF9TDMZsIi_yMm50fOCIvhzhNAsb4pOVplZzCMnFnJnf2L_RifQSPK8TO3SJ_VGpy6fn9vJu2sMzY9pUlYO92RPNCQeDHbLSgiDTzQ=w408-h306-k-no,true,7 am–5 pm,7 am–5 pm,7 am–5 pm,7 am–5 pm,Closed,Closed,7 am–5 pm,"https://www.google.com/maps/search/tree+service+businesses+in+Cimarron+Hills+Colorado+Springs+CO/@38.8679842,-104.7013553,14z",2026-04-29T04:49:53.062Z,,,
https://www.google.com/maps/place/Freedom+Landscapes/data=!4m7!3m6!1s0x668b0236beba58cb:0x73f10683c51ae2ca!8m2!3d39.075671!4d-104.72599!16s%2Fg%2F11tmn5h5v9!19sChIJy1i6vjYCi2YRyuIaxYMG8XM,Freedom Landscapes,5.0,144,Landscaper,,,https://freedomlandscapes.co/,+1 719-301-4000,Closed · Opens 7 am Wed,,https://lh3.googleusercontent.com/gps-cs-s/APNQkAEJ-aEv8_0itwUxTgmKc1oxb2ef04j0CYyWMNcp3ikQjmDIv7eISG986WtCCCDHxfPuPktf3D2utfU5w8sIGK6Dxxpt4JX8rlTW04eAHIoM7t1FiREzXCeCcUsNkeImo9EfPFKFBJ096Uof=w426-h240-k-no,true,7 am–7 pm,7 am–7 pm,7 am–7 pm,7 am–7 pm,7 am–7 pm,Closed,7 am–7 pm,"https://www.google.com/maps/search/tree+service+businesses+in+Cimarron+Hills+Colorado+Springs+CO/@38.8679842,-104.7013553,14z",2026-04-29T04:49:58.242Z,,,
https://www.google.com/maps/place/Turf+Surfers+Lawn/data=!4m7!3m6!1s0x8713464fbf7c37b3:0xfd9661e30ea90df1!8m2!3d38.8507184!4d-104.7155412!16s%2Fg%2F11crxn791k!19sChIJszd8v09GE4cR8Q2pDuNhlv0,Turf Surfers Lawn,4.7,192,Lawn care service,"1255 Paonia St, Colorado Springs, CO 80915, United States","V72M+7Q Colorado Springs, Colorado, USA",http://www.turfsurfers.net/,+1 719-460-1728,Closed · Opens 8 am Wed,,https://lh3.googleusercontent.com/gps-cs-s/APNQkAHqBPGGi0AlNmzeFBmO5Wo8ppczD_pqqOfjIss7Dr4m-Xyu1O6e-ywjdGnKG4kTdps00Cb6mNxqwmpjDpxPi9c3-L45Ni_3GqUrmtMMBV1LGqsn2KRPCxBZCRg1mSd108pJ53PYZA=w408-h544-k-no,true,8 am–5 pm,8 am–5 pm,8 am–5 pm,8 am–5 pm,Closed,Closed,8 am–5 pm,"https://www.google.com/maps/search/tree+service+businesses+in+Cimarron+Hills+Colorado+Springs+CO/@38.8679842,-104.7013553,14z",2026-04-29T04:50:03.231Z,,,
https://www.google.com/maps/place/Gems+Tree+Services/data=!4m7!3m6!1s0x871311926feeb615:0xa295080bf112fff6!8m2!3d38.5870559!4d-104.495716!16s%2Fg%2F11hz5xlmn9!19sChIJFbbub5IRE4cR9v8S8QsIlaI,Gems Tree Services,4.9,51,Tree service,"16595 De Groot Rd, Colorado Springs, CO 80928, United States","HGP3+RP Colorado Springs, Colorado, USA",http://gemstreeservices.net/,+1 719-421-0728,Closed · Opens 8 am Wed,,https://lh3.googleusercontent.com/gps-cs-s/APNQkAEA10DzsgzxgqL64o2HUFQATQ4piLmTZXZg5yOwDybPTt3FpO4L_KKoxA_Sk1QXjh5DWobgtln5GwxAO0HfOSq-EHNveDR9wS-HpwYkVYALgdErXYm1CLj2lGSlppvpyppCQEA=w408-h544-k-no,true,8 am–5 pm,8 am–5 pm,8 am–5 pm,8 am–5 pm,9 am–2 pm,Closed,8 am–5 pm,"https://www.google.com/maps/search/tree+service+businesses+in+Cimarron+Hills+Colorado+Springs+CO/@38.8679842,-104.7013553,14z",2026-04-29T04:50:08.106Z,,,
https://www.google.com/maps/place/Lawrence+tree+service+LLC/data=!4m7!3m6!1s0x84e9e6b30c3df0c9:0x37f76c2e5e4b6003!8m2!3d38.7645648!4d-104.7478326!16s%2Fg%2F11lczn0cgj!19sChIJyfA9DLPm6YQRA2BLXi5s9zc,Lawrence tree service LLC,5.0,6,Tree service,"4735 Cassidy St, Colorado Springs, CO 80911, United States","Q772+RV Colorado Springs, Colorado, USA",https://www.facebook.com/profile.php?id=61555488304893&mibextid=kFxxJD,+1 360-742-6724,Open 24 hours,,https://lh3.googleusercontent.com/gps-cs-s/APNQkAHuGIfrL2GIYZl79x3EwVwBYMxxxpXA_RBdi8fDrKydVnRbhRTDwSHjLrqmExKI5RKcwr9UTZVPN7DMMZzr90Usog3J32tkm10GSr5fL4uqfpgo5DnAYfUvQMNFb8JOHAoRnayW=w408-h544-k-no,false,Open 24 hours,Open 24 hours,Open 24 hours,Open 24 hours,Open 24 hours,Open 24 hours,Open 24 hours,"https://www.google.com/maps/search/tree+service+businesses+in+Cimarron+Hills+Colorado+Springs+CO/@38.8679842,-104.7013553,14z",2026-04-29T04:50:13.265Z,,,
https://www.google.com/maps/place/TruGreen+Lawn+Care/data=!4m7!3m6!1s0x871347e1adbb3e11:0xe4087369ebf929a6!8m2!3d38.8825657!4d-104.6783903!16s%2Fg%2F1vd3w7l6!19sChIJET67reFHE4cRpin562lzCOQ,TruGreen Lawn Care,3.9,544,Lawn care service,"3460 Capital Dr, Colorado Springs, CO 80939, United States","V8MC+2J Colorado Springs, Colorado, USA",https://www.trugreen.com/local-lawn-care/colorado/colorado-springs/?utm_source=gmb&utm_channel=organic,+1 833-418-5004,,,https://lh3.googleusercontent.com/gps-cs-s/APNQkAE6XC8xdETl40PQ8NTztqynX24-GlE6l1_EgCLvV289yKnzck3UbO7zrkYDukxesUFBrMPW9ni8KMjLVDepedZwk-2aLs5ae7EYdNUJM9A1RZ3Vdmag1Kj815dIRU8KjCG-c7qf42YhEmA=w426-h240-k-no,true,,,,,,,,"https://www.google.com/maps/search/tree+service+businesses+in+Cimarron+Hills+Colorado+Springs+CO/@38.8679842,-104.7013553,14z",2026-04-29T04:50:18.223Z,,,
https://www.google.com/maps/place/Steppler%27s+Landscaping+%26+Snow/data=!4m7!3m6!1s0x8713466804918527:0x95af593dafc93f5b!8m2!3d38.847972!4d-104.729195!16s%2Fg%2F1td2vb_q!19sChIJJ4WRBGhGE4cRWz_Jrz1Zr5U,Steppler's Landscaping & Snow,3.5,8,Landscaper,"1085 Babcock Rd, Colorado Springs, CO 80915, United States","R7XC+58 Colorado Springs, Colorado, USA",,+1 719-597-7792,Closed · Opens 9 am Wed,,https://streetviewpixels-pa.googleapis.com/v1/thumbnail?panoid=S4cTGcaVBFjcJyNPdjLnyg&cb_client=search.gws-prod.gps&w=408&h=240&yaw=92.38357&pitch=0&thumbfov=100,true,9 am–6 pm,9 am–6 pm,9 am–6 pm,9 am–6 pm,9 am–6 pm,Closed,9 am–6 pm,"https://www.google.com/maps/search/tree+service+businesses+in+Cimarron+Hills+Colorado+Springs+CO/@38.8679842,-104.7013553,14z",2026-04-29T04:50:22.950Z,,,
"https://www.google.com/maps/place/Landscape+Endeavors,+Inc./data=!4m7!3m6!1s0x871326909e4574c7:0xfd15ad2f3d4c22e0!8m2!3d38.8713474!4d-104.6865769!16s%2Fg%2F1tt0rl3r!19sChIJx3RFnpAmE4cR4CJMPS-tFf0","Landscape Endeavors, Inc.",4.1,35,Landscape designer,"2725 Akers Dr, Colorado Springs, CO 80922, United States","V8C7+G9 Colorado Springs, Colorado, USA",http://www.landscapeendeavors.com/,+1 719-683-5480,Closed · Opens 7:30 am Wed,,https://lh3.googleusercontent.com/gps-cs-s/APNQkAHh7yBELI7Nqpit1zKIBp9OvRQJkP079eK-VBCwJeKtGre6_aW7gGSTMoNHPhByMEE42mKrXUu28id_u4HxSdHVnxV4ZLFWD11pyxfH_yWpNhomwzIo9RU2mJnqzd7hIyzKvze2I9hOgvw=w408-h544-k-no,true,7:30 am–4:30 pm,7:30 am–4:30 pm,7:30 am–4:30 pm,7:30 am–4:30 pm,Closed,Closed,7:30 am–4:30 pm,"https://www.google.com/maps/search/tree+service+businesses+in+Cimarron+Hills+Colorado+Springs+CO/@38.8679842,-104.7013553,14z",2026-04-29T04:50:27.857Z,,,
https://www.google.com/maps/place/Patterson+Landscapes/data=!4m7!3m6!1s0x4524ae6b1d54c093:0xf4b1b3457c32c7ca!8m2!3d38.9979464!4d-105.550863!16s%2Fg%2F11rw6n67r_!19sChIJk8BUHWuuJEURyscyfEWzsfQ,Patterson Landscapes,4.9,48,Landscaper,,,https://pattersonscapes.com/?utm_source=google_listing&utm_medium=organic,+1 719-659-0791,Closed · Opens 7:30 am Wed,LGBTQ+ friendly,https://lh3.googleusercontent.com/gps-cs-s/APNQkAEdtp-0REFf_7L8Ozz7PDfCDUXb4BHF9hHA0JIfR5KHGeALL5Izu48GAJFcVBZ9FTHmHP-TOSbJBtCpdm3Wg-zHIy1Nuc66Ul1bPENHHYUNiCthQEq_Y61s-EXFe23goQvd59ADd2ehADTu=w426-h240-k-no,true,7:30 am–5 pm,7:30 am–5 pm,7:30 am–5 pm,7:30 am–5 pm,9 am–4 pm,Closed,7:30 am–5 pm,"https://www.google.com/maps/search/tree+service+businesses+in+Cimarron+Hills+Colorado+Springs+CO/@38.8679842,-104.7013553,14z",2026-04-29T04:50:32.609Z,,,
"https://www.google.com/maps/place/Huber+Landscaping,+LLC/data=!4m7!3m6!1s0x4eeb55a92382f9f7:0x55db2c8fd4896913!8m2!3d38.9081175!4d-104.7368421!16s%2Fg%2F11smb39v3k!19sChIJ9_mCI6lV604RE2mJ1I8s21U","Huber Landscaping, LLC",5.0,5,Landscaper,,,https://huberlandscapingllc.com/,+1 719-648-4210,Closed · Opens 8 am Wed,,https://lh3.googleusercontent.com/gps-cs-s/APNQkAFjEb8q_aCGjuL8Gp0Mxeua5wdTIzSVytYR1TN04lXn8CFnxQi1OgKLk0kClgEPJOKdopzqnQxHFBtEXgai9C287FJNoq5BprmOZGTsRpLkeeW9-wzeLJmrEN7vdaM4E4JUctEazUuzJ7N3=w408-h306-k-no,true,8 am–5 pm,8 am–5 pm,8 am–5 pm,8 am–5 pm,8 am–5 pm,Closed,8 am–5 pm,"https://www.google.com/maps/search/tree+service+businesses+in+Cimarron+Hills+Colorado+Springs+CO/@38.8679842,-104.7013553,14z",2026-04-29T04:50:37.769Z,,,
https://www.google.com/maps/place/BrightView+Landscapes/data=!4m7!3m6!1s0x871347a680a8972d:0x24b39d5b20ee6f41!8m2!3d38.8469653!4d-104.690836!16s%2Fg%2F11ggsgjjkh!19sChIJLZeogKZHE4cRQW_uIFudsyQ,BrightView Landscapes,2.9,39,Landscaper,"7357 Cole View, Colorado Springs, CO 80915, United States","R8W5+QM Colorado Springs, Colorado, USA",https://www.brightview.com/local/colorado-springs-co/landscape-services,+1 719-448-9500,Closed · Opens 8 am Wed,,https://lh3.googleusercontent.com/gps-cs-s/APNQkAGHNOCow84-hGUjStXlkgZi4VZDI98aD-Qhixq8G1CnxNjONop382CuQYSlZaiStm0QsRjG6SELBmy613nLM7Qm5RTl4nz66oDy-dDsIbEmZl-uBU0AHYFr3VUdcutPGFseGlN9bg=w420-h240-k-no,true,8 am–5 pm,8 am–5 pm,8 am–5 pm,8 am–5 pm,Closed,Closed,8 am–5 pm,"https://www.google.com/maps/search/tree+service+businesses+in+Cimarron+Hills+Colorado+Springs+CO/@38.8679842,-104.7013553,14z",2026-04-29T04:50:42.525Z,,,
https://www.google.com/maps/place/Red+Rocks+Landscaping/data=!4m7!3m6!1s0x87134553c0fe01cf:0xf583da538c24e0f2!8m2!3d38.846599!4d-104.7462205!16s%2Fg%2F11fp3qp4kh!19sChIJzwH-wFNFE4cR8uAkjFPag_U,Red Rocks Landscaping,4.8,46,Landscaper,,,https://redrockslandscape.com/,+1 719-464-4444,Closed · Opens 8 am Wed,,https://lh3.googleusercontent.com/gps-cs-s/APNQkAHlh_QkFS1VfsQT2FW4cP0OY8O7ESM1z34jtAQ-pB1DZAUWYE1_yXxS-1lQBfIxbrooFe5NNDAgOEn5z8-1r14F3L-SXmGkj6naklZE1kXjTd97w0UFWCV0JoYSVMo37L5JsXqr=w408-h245-k-no,true,8 am–5 pm,8 am–5 pm,8 am–5 pm,8 am–5 pm,9 am–2 pm,Closed,8 am–5 pm,"https://www.google.com/maps/search/tree+service+businesses+in+Cimarron+Hills+Colorado+Springs+CO/@38.8679842,-104.7013553,14z",2026-04-29T04:50:47.503Z,,,
https://www.google.com/maps/place/Peloquin+Sprinklers+%26+Landscaping/data=!4m7!3m6!1s0x871345187182b16d:0xc40c80748a31198d!8m2!3d38.8739917!4d-104.7248683!16s%2Fg%2F1tdvvrzn!19sChIJbbGCcRhFE4cRjRkxinSADMQ,Peloquin Sprinklers & Landscaping,5.0,21,Lawn sprinkler system contractor,"2918 Valarie Cir, Colorado Springs, CO 80917, United States","V7FG+H3 Colorado Springs, Colorado, USA",http://www.peloquinlandscaping.com/,+1 719-330-1451,Closed · Opens 8 am Wed,,https://lh3.googleusercontent.com/gps-cs-s/APNQkAG6ViTLiXrT86czpmS7vSGzL0SwKJCtqZ45cYIMjnnNR0_tkYB-qY0QfTgQZH7QL7DaUnuYIKF0g8sBsNqnm9pulXhearTuCel6bigeGJnEpSRp4titdWozksM3ijHt0mv1A8dm=w408-h272-k-no,true,8 am–7 pm,8 am–7 pm,8 am–7 pm,8 am–7 pm,8 am–5 pm,Closed,8 am–7 pm,"https://www.google.com/maps/search/tree+service+businesses+in+Cimarron+Hills+Colorado+Springs+CO/@38.8679842,-104.7013553,14z",2026-04-29T04:50:52.550Z,,,
"https://www.google.com/maps/place/Little+London+Tree+Service+and+Stump+Grinding/@38.8147442,-104.7565605,17z/data=!3m1!4b1!4m6!3m5!1s0x80c8c0f3c50744f1:0xd8ab2378f0a6d880!8m2!3d38.8147442!4d-104.7565605!16s%2Fg%2F1tk1n87w",Little London Tree Service and Stump Grinding,3.7,6,Tree service,"1330 Inverness Dr Dr, Colorado Springs, CO 80910, United States","R67V+V9 Colorado Springs, Colorado, USA",http://www.coloradosprings-tree.com/,+1 719-745-5171,Closed · Opens 8 am Wed,,,false,8 am–8 pm,8 am–8 pm,8 am–8 pm,8 am–8 pm,8 am–4 pm,Closed,8 am–8 pm,"https://www.google.com/maps/search/tree+service+businesses+in+Cimarron+Hills+Colorado+Springs+CO/@38.8679842,-104.7013553,14z",2026-04-29T04:50:59.262Z,,,
https://www.google.com/maps/place/High+Country+Pest+Control/data=!4m7!3m6!1s0x8713464bfd72bc83:0x80a0d182216fb7fe!8m2!3d38.8553542!4d-104.7112048!16s%2Fg%2F1td1qbb1!19sChIJg7xy_UtGE4cR_rdvIYLRoIA,High Country Pest Control,4.9,2308,Pest control service,"1625 Tuskegee Pl #180, Colorado Springs, CO 80915, United States","V74Q+4G Colorado Springs, Colorado, USA",https://www.highcountrypestcontrol.com/,+1 719-294-0279,,Identifies as veteran-owned,https://lh3.googleusercontent.com/gps-cs-s/APNQkAHkKygl2GGnNJ7jcF9w0X6jEeHYVa_vONqlBGYXYctrkJkxpiYuqh_fW8YzcT7UsUHTMco_9MG6g2K3y3iQaAr_GY0r3IaLCmtf0qQsJWH7XZutYJGWkaVhW3k_ghaX51KHPF8ptA=w426-h240-k-no,true,7 am–5 pm,7 am–5 pm,7 am–5 pm,7 am–5 pm,Closed,Closed,7 am–5 pm,"https://www.google.com/maps/search/tree+service+businesses+in+Cimarron+Hills+Colorado+Springs+CO/@38.8679842,-104.7013553,14z",2026-04-29T04:51:04.617Z,,,
https://www.google.com/maps/place/Jimenez+Tree+Service/data=!4m7!3m6!1s0x876b89e29945a3fd:0x48916c2ceb0002bd!8m2!3d39.463063!4d-104.9788384!16s%2Fg%2F11hz0djgqp!19sChIJ_aNFmeKJa4cRvQIA6yxskUg,Jimenez Tree Service,4.8,40,Tree service,,,,+1 303-408-7009,Closed · Opens 7 am Wed,,https://lh3.googleusercontent.com/gps-cs-s/APNQkAHXtziISj3G765zcljSq_Suc4WZlmgXMIZaOACfD7MUn0Zow0wibGQSqgHXJquue3Un7mvBBbdKZlqZG1LysujDDUISb4RmJgyXjfxexkKtbGq9PxD1-S24keXBC50lbVqqaTOqjg=w408-h306-k-no,true,7 am–5:30 pm,7 am–5:30 pm,7 am–5:30 pm,7 am–5:30 pm,7 am–2 pm,Closed,7 am–5:30 pm,"https://www.google.com/maps/search/tree+service+businesses+in+Cimarron+Hills+Colorado+Springs+CO/@38.8679842,-104.7013553,14z",2026-04-29T04:51:09.335Z,,,
https://www.google.com/maps/place/Velasquez+Landscaping+Construction+LLC/data=!4m7!3m6!1s0x223e71ec56ecd3f5:0x618da9f2350bebde!8m2!3d38.869769!4d-104.7233008!16s%2Fg%2F11l2qg3kp9!19sChIJ9dPsVuxxPiIR3usLNfKpjWE,Velasquez Landscaping Construction LLC,5.0,25,Landscape architect,"5581 Lantana Cir, Colorado Springs, CO 80915, United States","V79G+WM Colorado Springs, Colorado, USA",https://vlandscapingllc.com/,+1 719-200-5093,Closed · Opens 8 am Wed,LGBTQ+ friendly,https://lh3.googleusercontent.com/gps-cs-s/APNQkAF0U0eFSnItLDman6dLpAHFd-Og9D3JLjyxcu2dc9mCjVRx32HPGCPsugVoVHxkGEo_9Gxr52VH7SPMBrV-3HrwCTcqJMtC6NiMAgeQJTHZeYGJ9KwC8HAeE5nyzPbfzoAj3tnn=w408-h544-k-no,true,8 am–6 pm,8 am–6 pm,8 am–6 pm,8 am–6 pm,8 am–6 pm,Closed,8 am–6 pm,"https://www.google.com/maps/search/tree+service+businesses+in+Cimarron+Hills+Colorado+Springs+CO/@38.8679842,-104.7013553,14z",2026-04-29T04:51:14.169Z,,,
https://www.google.com/maps/place/First+Place+Landcape/data=!4m7!3m6!1s0x6b987d9236bb335f:0x73b4f70d6ac026a!8m2!3d39.0753526!4d-104.8369284!16s%2Fg%2F11vzgjdgq2!19sChIJXzO7NpJ9mGsRagKs1nBPOwc,First Place Landcape,5.0,64,Landscaper,,,https://www.firstplacelandscape.com/,+1 719-747-3882,Open 24 hours,,https://lh3.googleusercontent.com/gps-cs-s/APNQkAG-euMFFMPNG5yaVQNxFn8EnSCAPI6wX_u5_xkbUPRV2WBjaEuZ5GcIkCvJ9-koh9o5bp1ZBLPkhUF_WjelS4kgd84ggMmzasyhu_j-qVEtEPLkZiN5dzVhfJvbRf1YJ6OxO11L9yVFOGM=w408-h272-k-no,true,Open 24 hours,Open 24 hours,Open 24 hours,Open 24 hours,Open 24 hours,Open 24 hours,Open 24 hours,"https://www.google.com/maps/search/tree+service+businesses+in+Cimarron+Hills+Colorado+Springs+CO/@38.8679842,-104.7013553,14z",2026-04-29T04:51:19.022Z,,,
https://www.google.com/maps/place/Landscape+IQ/data=!4m7!3m6!1s0x87134d7582099955:0xd17e14449bf48fdb!8m2!3d38.8539685!4d-104.715464!16s%2Fg%2F11n2_x8krz!19sChIJVZkJgnVNE4cR24_0m0QUftE,Landscape IQ,5.0,7,Landscaper,"1543 Paonia St, Colorado Springs, CO 80915, United States","V73M+HR Colorado Springs, Colorado, USA",http://www.landscape-iq.com/,+1 719-373-1116,Closed · Opens 8 am Wed,,https://lh3.googleusercontent.com/gps-cs-s/APNQkAHAmvgN-BBrAawnb4N8aVeq00CnmetSmFUHcg7Xskld3vhHhAYd4S2Edq7rba5DnlnQxztCL6L-3dPlNLxuq4QNX43PhXJUloubUaPr3OkTINk-nKjoyASnM8JzOV1WOsHVntEa=w408-h306-k-no,true,8 am–5 pm,8 am–5 pm,8 am–5 pm,8 am–5 pm,Closed,Closed,8 am–5 pm,"https://www.google.com/maps/search/tree+service+businesses+in+Cimarron+Hills+Colorado+Springs+CO/@38.8679842,-104.7013553,14z",2026-04-29T04:51:23.706Z,,,
"https://www.google.com/maps/place/The+Lawn+Man+-+Colorado+Springs,+Co/data=!4m7!3m6!1s0x87134725be9cc83d:0x3180e043c76b133e!8m2!3d38.86771!4d-104.710353!16s%2Fg%2F11krypvwkd!19sChIJPcicviVHE4cRPhNrx0PggDE","The Lawn Man - Colorado Springs, Co",5.0,1,Lawn care service,"2480 Duffield Dr, Colorado Springs, CO 80915, United States","V79Q+3V Colorado Springs, Colorado, USA",https://www.thelawnmanco.com/contact-us.html,+1 719-373-4343,Closed · Opens 8 am Wed,,https://streetviewpixels-pa.googleapis.com/v1/thumbnail?panoid=dxfjlXWo3_GILOXar0CYqg&cb_client=search.gws-prod.gps&w=408&h=240&yaw=273.3542&pitch=0&thumbfov=100,true,8 am–5:30 pm,8 am–5:30 pm,8 am–5:30 pm,8 am–5:30 pm,8 am–1 pm,Closed,8 am–5:30 pm,"https://www.google.com/maps/search/tree+service+businesses+in+Cimarron+Hills+Colorado+Springs+CO/@38.8679842,-104.7013553,14z",2026-04-29T04:51:28.675Z,,,
https://www.google.com/maps/place/Eco+Tree+Service/data=!4m7!3m6!1s0x87135b47a51512eb:0xb08bdb833018105a!8m2!3d38.8571105!4d-104.8564315!16s%2Fg%2F11gm9ytjbd!19sChIJ6xIVpUdbE4cRWhAYMIPbi7A,Eco Tree Service,5.0,2,Tree service,"2437 Launcelot Ct, Colorado Springs, CO 80904, United States","V44V+RC Colorado Springs, Colorado, USA",,+1 719-439-4706,Closed · Opens 7 am Wed,,https://lh3.googleusercontent.com/gps-cs-s/APNQkAGssrG5xwdJUFGIkJHEf-yVhBIWIsEuHKWWvp-m9ReykF7DU8xRbEP7bGgYlN5mJ3l60XOljT0uBKi4S7dGNL3f8GM2A1un-sebH8yK7iPROAaMJvtSNMMflebmvMTrviecKQ=w425-h240-k-no,true,7 am–7 pm,7 am–7 pm,7 am–7 pm,7 am–7 pm,8 am–2 pm,Closed,7 am–7 pm,"https://www.google.com/maps/search/tree+service+businesses+in+Cimarron+Hills+Colorado+Springs+CO/@38.8679842,-104.7013553,14z",2026-04-29T04:51:33.561Z,,,
https://www.google.com/maps/place/Just-In-Time+Junk+Removal/data=!4m7!3m6!1s0x8ed46ee435f1906d:0x1c69d9fea08fdc7!8m2!3d38.8865793!4d-104.7472402!16s%2Fg%2F11ty4mfs6c!19sChIJbZDxNeRu1I4Rx_0I6p-dxgE,Just-In-Time Junk Removal,5.0,107,Junk removal service,"3810 Hawk Ln, Colorado Springs, CO 80917, United States","V7P3+J4 Colorado Springs, Colorado, USA",http://just-in-timejunk.com/,+1 719-821-5865,"Open 24 hours

Updated by this business 7 weeks ago",,https://lh3.googleusercontent.com/gps-cs-s/APNQkAHEOG1U0eK1U2YJ9mMZzazWOpKEEVu7iSzODje885JYL9Q5g6hwq8nBpAvydbYOg_kgEkGwwSTFkbMoC9m8VqELoX9NqpvbIWlV3UBK6m9qU_iFd8OD_jOBFaewWBn5f1iAEas8spQljSiT=w424-h240-k-no,true,Open 24 hours,Open 24 hours,Open 24 hours,Open 24 hours,Open 24 hours,Open 24 hours,Open 24 hours,"https://www.google.com/maps/search/tree+service+businesses+in+Cimarron+Hills+Colorado+Springs+CO/@38.8679842,-104.7013553,14z",2026-04-29T04:51:38.672Z,,,
https://www.google.com/maps/place/Cheyenne+Mountain+Roofing+-+Colorado+Springs+Roof+Repair+%26+Replacement/data=!4m7!3m6!1s0x87134f91115a33e1:0x54008003e9052d96!8m2!3d38.8422962!4d-104.7404568!16s%2Fg%2F11c3v6z354!19sChIJ4TNaEZFPE4cRli0F6QOAAFQ,Cheyenne Mountain Roofing - Colorado Springs Roof Repair & Replacement,4.9,227,Roofing contractor,"712 Clark Pl Unit 110, Colorado Springs, CO 80915, United States","R7R5+WR Colorado Springs, Colorado, USA",https://cheyennemtnroofing.com/?utm_source=google&utm_medium=organic&utm_campaign=GBP,+1 719-322-4659,Closed · Opens 8 am Wed,Identifies as veteran-owned,https://lh3.googleusercontent.com/gps-cs-s/APNQkAEY7xJNshAHS2sLyfgkfCnPPQb4FK-Tg6ZYTWF1W7L1kXKgz0x1f0F3sqqHg8HwqYi8jRG-S8SSsk_3Twj402M2Y-YnsIDT8He-Xj0UuMnXmQY0nym4cAzul12CEoYpvsdom81wGsX0TUz_=w408-h306-k-no,true,8 am–4:30 pm,8 am–4:30 pm,8 am–4:30 pm,8 am–4:30 pm,Closed,Closed,8 am–4:30 pm,"https://www.google.com/maps/search/tree+service+businesses+in+Cimarron+Hills+Colorado+Springs+CO/@38.8679842,-104.7013553,14z",2026-04-29T04:51:43.555Z,,,
https://www.google.com/maps/place/OnPoint+Restorations+LLC+Lawn+Care/data=!4m7!3m6!1s0x425e7287f5fced75:0x93a2be2f9047e27b!8m2!3d38.9979464!4d-105.550863!16s%2Fg%2F11ld8v4fgf!19sChIJde389YdyXkIRe-JHkC--opM,OnPoint Restorations LLC Lawn Care,4.8,32,Lawn care service,,,http://on-point-restorations.com/,+1 719-407-9911,Closed · Opens 8 am Wed,,https://lh3.googleusercontent.com/gps-cs-s/APNQkAE_6f3UEtYD8giuyghr338JTEcMGAS0QhOJDNv0WC2OPYNyglmiKLwBtq3e7dnjUK6JLjUmr6WlsuMhQfTDxQR6_68QkdJ8clo8ywJhz4EYe4mEyazH3N2Yc3vYAYFYHVphHoC-khX39Y7w=w408-h544-k-no,true,8 am–4 pm,8 am–4 pm,8 am–4 pm,8 am–4 pm,9 am–5 pm,9 am–5 pm,8 am–4 pm,"https://www.google.com/maps/search/tree+service+businesses+in+Cimarron+Hills+Colorado+Springs+CO/@38.8679842,-104.7013553,14z",2026-04-29T04:51:48.912Z,,,
https://www.google.com/maps/place/Potestio+Brothers+Equipment/data=!4m7!3m6!1s0x87134709ab791c19:0x802ef96b21b80e!8m2!3d38.8395312!4d-104.6904303!16s%2Fg%2F1ttq2kn6!19sChIJGRx5qwlHE4cRDrgha_kugAA,Potestio Brothers Equipment,4.1,173,Tractor dealer,"7380 Space Village Ave, Colorado Springs, CO 80929, United States","R8Q5+RR Colorado Springs, Colorado, USA",https://www.pbequip.com/about-us/locations/colorado-springs/,+1 719-550-0680,Closed · Opens 8 am Wed,,https://lh3.googleusercontent.com/gps-cs-s/APNQkAG1WPQEw_RwzadRwI4qNvn4D6dBjOiF7r3FFsDl4qmit3xfDZGXZkwtwa_Aof2PXs83kjyj2c40vei-sjLfCsYBa3AtskmSeRWGRRX7gAzDLlTgssrDWRP2inYQM3ZR2oqMwtgC=w493-h240-k-no,true,8 am–5 pm,8 am–5 pm,8 am–5 pm,8 am–5 pm,8 am–3 pm,Closed,8 am–5 pm,"https://www.google.com/maps/search/tree+service+businesses+in+Cimarron+Hills+Colorado+Springs+CO/@38.8679842,-104.7013553,14z",2026-04-29T04:51:54.610Z,· In-store shopping · In-store pick-up · Delivery,,
https://www.google.com/maps/place/Blue+Ridge+Contractors+Inc/data=!4m7!3m6!1s0x8713465646320a29:0x471bb1cfaa551da1!8m2!3d38.8406898!4d-104.713404!16s%2Fg%2F1260w64z5!19sChIJKQoyRlZGE4cRoR1Vqs-xG0c,Blue Ridge Contractors Inc,4.7,79,General contractor,"575 Valley St STE 9, Colorado Springs, CO 80915, United States","R7RP+7J Colorado Springs, Colorado, USA",http://www.blueridgecolorado.com/,+1 719-243-1374,Closed · Opens 8 am Wed,,https://lh3.googleusercontent.com/gps-cs-s/APNQkAFUyYb7KgsTUGF3vc4MWnHGatA4JIG_POZaeFqCTIGU2M_01MwgS1ufluOffdrerFfvNQ-1Aabhpodo_4xddRTshbNCkhDaOXvUk02rwC3EZ1CYCeq3VfM9uz8OBZrxQ-GIxLc=w408-h315-k-no,true,8 am–6 pm,8 am–6 pm,8 am–6 pm,8 am–6 pm,9 am–3 pm,Closed,8 am–6 pm,"https://www.google.com/maps/search/tree+service+businesses+in+Cimarron+Hills+Colorado+Springs+CO/@38.8679842,-104.7013553,14z",2026-04-29T04:51:59.437Z,,,
https://www.google.com/maps/place/Colorado+Lawns/data=!4m7!3m6!1s0x871349c0a11bd511:0x81f94813a1951d52!8m2!3d38.8482929!4d-104.748277!16s%2Fg%2F11xcv0y26b!19sChIJEdUbocBJE4cRUh2VoRNI-YE,Colorado Lawns,5.0,44,Lawn care service,,,http://www.coloradolawns.com/,+1 719-701-5553,Closed · Opens 7 am Wed,LGBTQ+ friendly,https://lh3.googleusercontent.com/gps-cs-s/APNQkAFx-1vxSStqzvaDfYPLFCMLSxPIbulN4a0SCAyfMPPjdHU2GTunDiBdVDEulx6OOXgf_dqi4KCvAuB8LGI3lCvaEfwv2vi6ifm3ygbR5yYrfbsUmiyLdwEyK_Q1K_TesZFd7r-dt09CdSDb=w519-h240-k-no,true,7 am–8 pm,7 am–8 pm,7 am–8 pm,7 am–8 pm,7 am–8 pm,7 am–8 pm,7 am–8 pm,"https://www.google.com/maps/search/tree+service+businesses+in+Cimarron+Hills+Colorado+Springs+CO/@38.8679842,-104.7013553,14z",2026-04-29T04:52:04.028Z,,,
https://www.google.com/maps/place/Precision+Build+%26+Repair+LLC/data=!4m7!3m6!1s0x33f39f33ac4cd61:0xcb8a9bbd84656a78!8m2!3d38.875789!4d-104.752089!16s%2Fg%2F11z4yzk9xk!19sChIJYc3EOvM5PwMReGplhL2biss,Precision Build & Repair LLC,5.0,4,Handyman/Handywoman/Handyperson,,,https://precisionbuildrepair.contractorplus.app/,+1 719-631-9175,Closed · Opens 8 am Wed,,https://lh3.googleusercontent.com/gps-cs-s/APNQkAEkj2P_ioGpA5uxWGcV6YArKsAPfx80JO3gx9ckXxkjxtG6e2obyk6a4p8aJRBh4D3Fck7y1w7Sn07zEP4zTvA_hisSGRcttGm2_ana6kt4Wdf_cha5jgB3hL3MGwNJp2P9UeHLy0STq_Pa=w426-h240-k-no,true,8 am–5 pm,8 am–5 pm,8 am–5 pm,8 am–5 pm,Closed,Closed,8 am–5 pm,"https://www.google.com/maps/search/tree+service+businesses+in+Cimarron+Hills+Colorado+Springs+CO/@38.8679842,-104.7013553,14z",2026-04-29T04:52:09.025Z,,,
https://www.google.com/maps/place/Trax+Construction/data=!4m7!3m6!1s0x87134655f20a65ab:0x5bef4be3ca9a1594!8m2!3d38.8402009!4d-104.7102841!16s%2Fg%2F1tkl3s89!19sChIJq2UK8lVGE4cRlBWayuNL71s,Trax Construction,3.5,30,Asphalt contractor,"555 Ford St, Colorado Springs, CO 80915, United States","R7RQ+3V Colorado Springs, Colorado, USA",http://www.traxconstruction.com/,+1 719-638-8729,Closed · Opens 7 am Wed,,https://lh3.googleusercontent.com/gps-cs-s/APNQkAE1ZgYIOZyCkFdGW2kZ4l3X9lfOdP373lMif_L3veoYeyg5ajBfQGj1GsU1_gdb-CosGSd9vA4TMdK2BMaoQJoWodv3dfZcSQGhG2nS_ZVe44hI04katkxwG7tGUCo-Go0mt6nM=w408-h306-k-no,true,7 am–5 pm,7 am–5 pm,7 am–5 pm,7 am–5 pm,Closed,Closed,7 am–5 pm,"https://www.google.com/maps/search/tree+service+businesses+in+Cimarron+Hills+Colorado+Springs+CO/@38.8679842,-104.7013553,14z",2026-04-29T04:52:13.985Z,,,
https://www.google.com/maps/place/College+Hunks+Hauling+Junk+and+Moving+Colorado+Springs/data=!4m7!3m6!1s0x87134f8fd8e5a0d1:0x84d4d1795d7e7551!8m2!3d38.8365111!4d-104.7405636!16s%2Fg%2F11cmzrv7mx!19sChIJ0aDl2I9PE4cRUXV-XXnR1IQ,College Hunks Hauling Junk and Moving Colorado Springs,4.8,2151,Junk removal service,"4725 Town Center Dr, Colorado Springs, CO 80916, United States","R7P5+JQ Colorado Springs, Colorado, USA",https://www.collegehunkshaulingjunk.com/colorado-springs/?utm_source=GMB&utm_medium=organic&utm_campaign=co-colorado-springs-113,+1 719-280-0433,"Open 24 hours

Updated by this business 2 weeks ago",,https://lh3.googleusercontent.com/gps-cs-s/APNQkAFuOj7v6ExxGCdrW52ZUjFPYeVocFjqQEUIcEXrzoi99XgEmCy5477AJKbi5iXfjGZK0zyC32lUzRn4TAj_EmFLaNAFEo303eyU32YlkNwoxZQzbL-1lj8uK8VXfnkGlqeD9FAe=w425-h240-k-no,true,Open 24 hours,Open 24 hours,Open 24 hours,Open 24 hours,Open 24 hours,Open 24 hours,Open 24 hours,"https://www.google.com/maps/search/tree+service+businesses+in+Cimarron+Hills+Colorado+Springs+CO/@38.8679842,-104.7013553,14z",2026-04-29T04:52:19.017Z,,,
https://www.google.com/maps/place/Soccer+Buddies/data=!4m7!3m6!1s0x87134f23267f45fd:0xd1ab9428fa116898!8m2!3d38.8668662!4d-104.6998256!16s%2Fg%2F11b62pjlw4!19sChIJ_UV_JiNPE4cRmGgR-iiUq9E,Soccer Buddies,5.0,1843,Soccer club,"2450 Canada Dr, Colorado Springs, CO 80915, United States","V882+P3 Colorado Springs, Colorado, USA",http://www.coloradosoccerbuddies.com/,+1 719-330-9642,Closed · Opens 9 am Wed,,https://lh3.googleusercontent.com/gps-cs-s/APNQkAF-hT6-Ox7ITqsRLU2ob6d4-CkCI3A_GREInmKm3sR4I1KRiWxOU9SPF1Nq9hjNnQ2a_L65ylA6NsdObptxol1xXtGd2mCDXYTHzMec-kUPWK8KHCdapJoFWIgMXMSVDhbs9i0=w408-h272-k-no,true,9 am–6 pm,9 am–6 pm,9 am–6 pm,9 am–6 pm,9 am–1 pm,9 am–1 pm,9 am–6 pm,"https://www.google.com/maps/search/tree+service+businesses+in+Cimarron+Hills+Colorado+Springs+CO/@38.8679842,-104.7013553,14z",2026-04-29T04:52:23.952Z,,,
https://www.google.com/maps/place/Lovera%27s+Landscaping+Services+LLC/data=!4m7!3m6!1s0x82e53aea583d0c9b:0x510b776c7ba27dea!8m2!3d38.875789!4d-104.752089!16s%2Fg%2F11s8m2rldp!19sChIJmww9WOo65YIR6n2ie2x3C1E,Lovera's Landscaping Services LLC,5.0,6,Landscape designer,,,https://loveraslandscapingservicesllc.godaddysites.com/,+1 719-663-4778,Closed · Opens 7 am Wed,,https://lh3.googleusercontent.com/gps-cs-s/APNQkAELmBYPOe-XBvxf24byIf7MH-HPg2yC3eN7wGArtY5mLxcBsyEeAHXEzCDQ0ulSHNdwbape6PGqcdBZIOAHt49cp8RdWrY0exbq7cSJidxH8zidJnC71Gef7gWqTihDTY2BLmR1vXNjSmr3=w408-h452-k-no,true,7 am–7 pm,7 am–7 pm,7 am–7 pm,7 am–7 pm,7 am–7 pm,Closed,7 am–7 pm,"https://www.google.com/maps/search/tree+service+businesses+in+Cimarron+Hills+Colorado+Springs+CO/@38.8679842,-104.7013553,14z",2026-04-29T04:52:28.900Z,,,
https://www.google.com/maps/place/Abe%27s+Tree+Service/data=!4m7!3m6!1s0x871346bead187989:0x82f6445aba8d046f!8m2!3d38.9118704!4d-105.0321784!16s%2Fg%2F1q67wb2zr!19sChIJiXkYrb5GE4cRbwSNulpE9oI,Abe's Tree Service,4.3,12,Tree service,,,,+1 719-231-1868,Closed · Opens 7:30 am Wed,,https://lh3.googleusercontent.com/gps-cs-s/APNQkAE95Ee9a-ni-rKJ2UOklp4ep-iWSWK2hPuF7BU3HmNfg_XWfwbBF1jCcwDJBeH4wdsLyXW83-fNhsw98HLiZzXBfJrLsI9DDewQLMo_pHED_NEHow2Jj9522w4nbQ65DbduE65K=w408-h559-k-no,true,7:30 am–9 pm,7:30 am–9 pm,7:30 am–9 pm,7:30 am–9 pm,7:30 am–9 pm,7:30 am–9 pm,7:30 am–9 pm,"https://www.google.com/maps/search/tree+service+businesses+in+Cimarron+Hills+Colorado+Springs+CO/@38.8679842,-104.7013553,14z",2026-04-29T04:52:33.646Z,,,
https://www.google.com/maps/place/Full+Coverage/data=!4m7!3m6!1s0x871346666533e213:0x6b6b797089c26a39!8m2!3d38.8910499!4d-104.7500677!16s%2Fg%2F1tgd6_3_!19sChIJE-IzZWZGE4cROWrCiXB5a2s,Full Coverage,3.7,6,Landscaper,"4105 Orchid St, Colorado Springs, CO 80917, United States","V6RX+CX Colorado Springs, Colorado, USA",http://fullcoveragelandscaping.com/,+1 719-638-7501,Closed · Opens 8 am Wed,,https://streetviewpixels-pa.googleapis.com/v1/thumbnail?panoid=KG8U9LcVA5ZrJaH-wMGBhA&cb_client=search.gws-prod.gps&w=408&h=240&yaw=139.62866&pitch=0&thumbfov=100,true,8 am–4 pm,8 am–4 pm,8 am–4 pm,9 am–4 pm,Closed,Closed,8 am–4 pm,"https://www.google.com/maps/search/tree+service+businesses+in+Cimarron+Hills+Colorado+Springs+CO/@38.8679842,-104.7013553,14z",2026-04-29T04:52:38.488Z,,,
https://www.google.com/maps/place/Lawn+IQ/data=!4m7!3m6!1s0x871347dc3129a359:0xd486db75f9158a4f!8m2!3d38.8539685!4d-104.715464!16s%2Fg%2F11k9fj5l81!19sChIJWaMpMdxHE4cRT4oV-XXbhtQ,Lawn IQ,5.0,13,Lawn care service,"1543 Paonia St, Colorado Springs, CO 80915, United States","V73M+HR Colorado Springs, Colorado, USA",http://www.lawn-iq.com/,+1 719-300-5660,Closed · Opens 8 am Wed,,https://lh3.googleusercontent.com/gps-cs-s/APNQkAENMqinaU7i7zUNT3Uf6RfFUNS5bf4altLcMw4wQi-sJDrS2KU5-NVyaek2EOiXBkVeoZ6uuiw7ZbjxrV6qAZjo4_9Au4BgLblxcAwGBg5Qoy2ZfpMN2Wx-O8Gdh8sL-xqnMxJTCfOKe6Q=w408-h306-k-no,true,8 am–5 pm,8 am–5 pm,8 am–5 pm,8 am–5 pm,Closed,Closed,8 am–5 pm,"https://www.google.com/maps/search/tree+service+businesses+in+Cimarron+Hills+Colorado+Springs+CO/@38.8679842,-104.7013553,14z",2026-04-29T04:52:43.790Z,,,
https://www.google.com/maps/place/Dynamic+Renovation+Contractors/data=!4m7!3m6!1s0x871337e1e75170ed:0x94d9c76da9f0c3b7!8m2!3d38.8459652!4d-104.7301537!16s%2Fg%2F11fhxxxq0t!19sChIJ7XBR5-E3E4cRt8PwqW3H2ZQ,Dynamic Renovation Contractors,4.9,135,Building restoration service,"920 Babcock Rd Suite #103, Colorado Springs, CO 80915, United States","R7W9+9W Colorado Springs, Colorado, USA",https://www.dynamic-renovation.com/,+1 719-220-1814,"Closed · Opens 7 am Wed

Confirmed by this business 2 weeks ago",,https://lh3.googleusercontent.com/gps-cs-s/APNQkAEvz8rWlXX1qu7impwnNYdd86gU870MNWWnJYOHC0MMPWQ3UR16apGEXqsFhrDZVa-PdBCLXFzPkRotFeLoJqfVu65rfU6WAOscpGBsBp4puwHEHNq1MEDB7_-RwSWN1iKu1OBK=w408-h725-k-no,true,7 am–5 pm,7 am–5 pm,7 am–5 pm,7 am–5 pm,Closed,Closed,7 am–5 pm,"https://www.google.com/maps/search/tree+service+businesses+in+Cimarron+Hills+Colorado+Springs+CO/@38.8679842,-104.7013553,14z",2026-04-29T04:52:48.515Z,,,
https://www.google.com/maps/place/Apex+Waste+-+Colorado+Springs/data=!4m7!3m6!1s0x8713457a37e50ed9:0xf10f4cde7e231ff7!8m2!3d38.8626397!4d-104.755564!16s%2Fg%2F11qz9ygwwd!19sChIJ2Q7lN3pFE4cR9x8jft5MD_E,Apex Waste - Colorado Springs,3.9,175,Garbage collection service,"2121 Academy Cir # 106, Colorado Springs, CO 80909, United States","V67V+3Q Colorado Springs, Colorado, USA",http://www.carefreedisposal.com/,+1 719-635-9999,Closed · Opens 8 am Wed,,https://lh3.googleusercontent.com/gps-cs-s/APNQkAHm44KwOwwacftxRcnHl3MW0PZ0l6ZYNYxPMLpeWvb3eyeY4u1OoYwUy28wnYLYnFRi_-aaxcHEUT8P55Z3F_4QO-uDSyIWgPgGP7TFVdvk-Jchnoj9-Siq63uBG5M4w3idcD8=w427-h240-k-no,true,8 am–4:30 pm,8 am–4:30 pm,8 am–4:30 pm,8 am–4:30 pm,Closed,Closed,8 am–4:30 pm,"https://www.google.com/maps/search/tree+service+businesses+in+Cimarron+Hills+Colorado+Springs+CO/@38.8679842,-104.7013553,14z",2026-04-29T04:52:53.445Z,,,
https://www.google.com/maps/place/Blade+to+Blade+Lawn+%26+Landscape+LLC/data=!4m7!3m6!1s0xa9d8fd71e779a25f:0x407d4707331b0b24!8m2!3d38.8471822!4d-104.7812668!16s%2Fg%2F11lzpdqg88!19sChIJX6J553H92KkRJAsbMwdHfUA,Blade to Blade Lawn & Landscape LLC,4.6,19,Landscaper,,,https://www.springslawns.com/,+1 719-380-0136,Closed · Opens 9 am Wed,,https://lh3.googleusercontent.com/gps-cs-s/APNQkAHrHitYkjho55VizazGOVNRQkwtK4Avw_VjKTJOBs_oIxnriemlynSt38rb4J9hcs9DhLeLKyiLX_Bk8fA2wY0oh7-amDn3OOvKn7yHpkUhe8v8OV2qSMfqE1Gmm-jzy6eIKvR4=w408-h544-k-no,true,9 am–5 pm,9 am–5 pm,9 am–5 pm,9 am–5 pm,Closed,Closed,9 am–5 pm,"https://www.google.com/maps/search/tree+service+businesses+in+Cimarron+Hills+Colorado+Springs+CO/@38.8679842,-104.7013553,14z",2026-04-29T04:52:58.600Z,,,
https://www.google.com/maps/place/Landtech+Landscape+and+Maintenance/data=!4m7!3m6!1s0x871347e0dd1c7c8b:0x762a5e00abf3d27!8m2!3d38.8810934!4d-104.6798756!16s%2Fg%2F1tl_m54s!19sChIJi3wc3eBHE4cRJz2_CuClYgc,Landtech Landscape and Maintenance,1.9,9,Landscaper,"8065 Industry Rd, Colorado Springs, CO 80939, United States","V8JC+C2 Colorado Springs, Colorado, USA",https://www.landtechcontractors.com/,+1 719-471-3199,Closed · Opens 7 am Wed,,https://streetviewpixels-pa.googleapis.com/v1/thumbnail?panoid=I6KOmHO5UStEEd-aBXJtlg&cb_client=search.gws-prod.gps&w=408&h=240&yaw=197.8286&pitch=0&thumbfov=100,true,7 am–4 pm,7 am–4 pm,7 am–4 pm,7 am–4 pm,Closed,Closed,7 am–4 pm,"https://www.google.com/maps/search/tree+service+businesses+in+Cimarron+Hills+Colorado+Springs+CO/@38.8679842,-104.7013553,14z",2026-04-29T04:53:03.357Z,,,
https://www.google.com/maps/place/Christmas+Decor+By+Timberline/data=!4m7!3m6!1s0x8713463b39f39ab7:0xeba3ece554aebacc!8m2!3d38.8832151!4d-104.6769909!16s%2Fg%2F1261bgfwb!19sChIJt5rzOTtGE4cRzLquVOXso-s,Christmas Decor By Timberline,4.4,7,Landscaper,"8110 Opportunity Vw, Colorado Springs, CO 80939, United States","V8MF+76 Colorado Springs, Colorado, USA",https://www.timberlinelandscaping.com/residential-landscaping/christmas-lighting/,+1 719-638-1000,Closed · Opens 7:30 am Wed,,https://lh3.googleusercontent.com/gps-cs-s/APNQkAFCCbpPz9phHjDiWT6zYd7dz0Pe2ijuzLW3N5QJV1lSLx6ixhKSc9ZfcI45on1fEGU4mjAkrbmCDCuNXItmXlrlVjEqawJyr5BOyJ3mvMXus2_Z8fDU6csWvrDcP1fFFg_0DNopE1jiVVSP=w408-h272-k-no,true,7:30 am–4:30 pm,7:30 am–4:30 pm,7:30 am–4:30 pm,7:30 am–4:30 pm,Closed,Closed,7:30 am–4:30 pm,"https://www.google.com/maps/search/tree+service+businesses+in+Cimarron+Hills+Colorado+Springs+CO/@38.8679842,-104.7013553,14z",2026-04-29T04:53:08.489Z,,,
https://www.google.com/maps/place/Timberline+One/data=!4m7!3m6!1s0x36344e0b0ae68f9:0x15ec57b9d24e0ca0!8m2!3d38.9979464!4d-105.550863!16s%2Fg%2F11rvg7tfhy!19sChIJ-WiusOBEYwMRoAxO0rlX7BU,Timberline One,5.0,1,Construction company,,,https://www.timberlineone.com/,+1 719-638-1000,Closed · Opens 7:30 am Wed,,https://lh3.googleusercontent.com/gps-cs-s/APNQkAGgjTUgMHFd1i_DAKcGuzcJIcFy8w_k5Ela7Dpq_AM5d7_Qms9x4hOqKv_4aesru7C60Eq3ZjjGUeNyJMEcQJAHKsKOs2StNUgUISeFEA3g7alYel5YElncoBfWzHUn3YF5NfuR=w408-h271-k-no,true,7:30 am–4:30 pm,7:30 am–4:30 pm,7:30 am–4:30 pm,7:30 am–4:30 pm,Closed,Closed,7:30 am–4:30 pm,"https://www.google.com/maps/search/tree+service+businesses+in+Cimarron+Hills+Colorado+Springs+CO/@38.8679842,-104.7013553,14z",2026-04-29T04:53:13.101Z,,,
https://www.google.com/maps/place/Schubert%27s+Sod+Depot/data=!4m7!3m6!1s0x8713470724253eef:0x61c95cc3a954167!8m2!3d38.8393752!4d-104.6968508!16s%2Fg%2F1vyk2zc5!19sChIJ7z4lJAdHE4cRZ0GVOsyVHAY,Schubert's Sod Depot,4.7,57,Sod supplier,"6951 Space Village Ave, Colorado Springs, CO 80915, United States","R8Q3+Q7 Colorado Springs, Colorado, USA",http://www.schubertsod-depot.com/,+1 719-591-6106,"Closed · Opens 8 am Wed

Confirmed by this business 5 weeks ago",,https://lh3.googleusercontent.com/gps-cs-s/APNQkAG5FPCtm6Xp2mTRgOC2rIm0evyGyUsJiUesWjxx2VKD2-tJRme3mmz9ZHV7YX-AB74auXMzKdlBarB4Whgi5vxls4B4hPe-Mm6Q6LxXm04A23DkNerEA06PaGKii8hqCSsHRLmi=w408-h272-k-no,true,8 am–4 pm,8 am–4 pm,8 am–4 pm,8 am–4 pm,Closed,Closed,8 am–4 pm,"https://www.google.com/maps/search/tree+service+businesses+in+Cimarron+Hills+Colorado+Springs+CO/@38.8679842,-104.7013553,14z",2026-04-29T04:53:17.820Z,,,
https://www.google.com/maps/place/Mug-A-Bug+Pest+%26+Termite+Control/data=!4m7!3m6!1s0x87134707e89ed84b:0xc771b0433e12e62!8m2!3d38.8404936!4d-104.6945088!16s%2Fg%2F1tdf1th9!19sChIJS9ie6AdHE4cRYi7hMwQbdww,Mug-A-Bug Pest & Termite Control,4.9,664,Pest control service,"7185 E U.S. Hwy 24, Colorado Springs, CO 80915, United States","R8R4+55 Colorado Springs, Colorado, USA",https://www.mugabugpestcontrol.com/,+1 719-230-0852,"Closed · Opens 8 am Wed

Confirmed by this business 5 days ago",Identifies as veteran-owned,https://lh3.googleusercontent.com/gps-cs-s/APNQkAHb622iaY3JLcsTu1tc5EujOXKX82GdVz-HNYUPDHULkUL5AUUR6DAA-bu05C4puCj0uKftlAuXVzPoMMJ2nQMr7CydSEW2v72Soz2bimv7NoCLYkGR3UwdyxOBywTKwj1M0dJ-lg=w493-h240-k-no,true,8 am–5 pm,8 am–5 pm,8 am–5 pm,8 am–5 pm,Closed,Closed,8 am–5 pm,"https://www.google.com/maps/search/tree+service+businesses+in+Cimarron+Hills+Colorado+Springs+CO/@38.8679842,-104.7013553,14z",2026-04-29T04:53:22.918Z,,,
https://www.google.com/maps/place/Lawn+Pros+LLC+Artificial+Turf+%26+Synthetic+Grass+Colorado+Springs+CO/data=!4m7!3m6!1s0x8713443cbf76cb7f:0x327786f85db02d2!8m2!3d38.822687!4d-104.7234818!16s%2Fg%2F1hc508lj2!19sChIJf8t2vzxEE4cR0gLbhW94JwM,Lawn Pros LLC Artificial Turf & Synthetic Grass Colorado Springs CO,4.4,226,Turf supplier,"5575 Industrial Pl, Colorado Springs, CO 80916, United States","R7FG+3J Colorado Springs, Colorado, USA",https://lawnpros.biz/,+1 719-963-6267,Closed · Opens 9 am Wed,,https://lh3.googleusercontent.com/gps-cs-s/APNQkAGJ--Pfp37-Xqptbj9adkIp6thQ9kbtU968P-i1NDP7Pv05rOXKkisneuSUFmtkMjcfr5H1kpLhN3-DGjiVOSlcIDftADImfdoEt-zfklOgsYSguwCpaUikCDmpEbZ7l6aQboxG=w426-h240-k-no,true,9 am–4 pm,9 am–4 pm,9 am–4 pm,9 am–4 pm,9 am–4 pm,Closed,9 am–4:02 pm,"https://www.google.com/maps/search/tree+service+businesses+in+Cimarron+Hills+Colorado+Springs+CO/@38.8679842,-104.7013553,14z",2026-04-29T04:53:27.639Z,,,
https://www.google.com/maps/place/G%C3%BCeros+Tree+Service+LLC/data=!4m7!3m6!1s0xb7a04c0b2c75a81:0x7b78434655d05f2a!8m2!3d38.9139651!4d-104.8369284!16s%2Fg%2F11yzl1v0p0!19sChIJgVrHssAEegsRKl_QVUZDeHs,Güeros Tree Service LLC,,,Landscaper,,,,+1 505-908-7530,Closed · Opens 8 am Wed,,https://lh3.googleusercontent.com/gps-cs-s/APNQkAFCjYpDibea086YK2hU8S_P1bFWtNusw2dRb_h7Z3gKeIaktWIkDgS0NbQM23wMFzl8Sb93hqtdPXJtluFa_qp9KWuwc2jTIDWH6lIFUlyy-zLG6ExY8HNPc6i4AAIW0-CcFm2NtxphHhLQ=w408-h544-k-no,true,8 am–5 pm,8 am–5 pm,8 am–5 pm,8 am–5 pm,Closed,Closed,8 am–5 pm,"https://www.google.com/maps/search/tree+service+businesses+in+Cimarron+Hills+Colorado+Springs+CO/@38.8679842,-104.7013553,14z",2026-04-29T04:53:32.377Z,,,
https://www.google.com/maps/place/Forestree+Inc/data=!4m7!3m6!1s0x8713458da43a4b09:0xc69279d01026910f!8m2!3d38.8549736!4d-104.8315307!16s%2Fg%2F11xvzhqy65!19sChIJCUs6pI1FE4cRD5EmENB5ksY,Forestree Inc,4.8,24,Tree service,"1403 Glen Ave, Colorado Springs, CO 80905, United States","V539+X9 Colorado Springs, Colorado, USA",https://www.forestree.co/,+1 719-499-8524,Open 24 hours,,https://lh3.googleusercontent.com/gps-cs-s/APNQkAF8zE7HFZSED_f-TpfxRsfK1rWT_fd8faffShq7yzIaUXluKDehjxfw9lnfnBRmvPNzKSPcr3bEZSdOm-diuEQKcHx8pQO64jLJ-4t1iHHxq1NHithTuTbyVhfoaFN6L5GOkaKIFeB7prBO=w408-h544-k-no,true,Open 24 hours,Open 24 hours,Open 24 hours,Open 24 hours,Open 24 hours,Open 24 hours,Open 24 hours,"https://www.google.com/maps/search/tree+service+businesses+in+Old+Colorado+City+Colorado+Springs+CO/@38.8448168,-104.8585963,14z",2026-04-29T04:53:53.182Z,,,
https://www.google.com/maps/place/CWTreeWorks/data=!4m7!3m6!1s0x87135b3d262d3d7d:0x31e400ddeaf00064!8m2!3d38.847064!4d-104.8566466!16s%2Fg%2F11wp4lxst2!19sChIJfT0tJj1bE4cRZADw6t0A5DE,CWTreeWorks,5.0,2,Tree service,"2214 W Bijou St, Colorado Springs, CO 80904, United States","R4WV+R8 Colorado Springs, Colorado, USA",https://www.cwtreeworkscolorado.com/,+1 719-209-5547,Closed · Opens 7 am Wed,,https://lh3.googleusercontent.com/gps-cs-s/APNQkAHAcaY52MubEz6pA_vJplzi-hxrO3WvWI-N6ebUxTpCrm88mWnXMyW0VwxOoVrcCvXjcrPhUe7IZ4ZlHuQuoacbu0r922dGt_7J25Bl6QOeDaGPD1z0vOMIkEKdjbebUGkiExIkj9S0jiY=w408-h544-k-no,true,7 am–5 pm,7 am–5 pm,7 am–5 pm,7 am–12 am,Open 24 hours,Closed,7 am–5 pm,"https://www.google.com/maps/search/tree+service+businesses+in+Old+Colorado+City+Colorado+Springs+CO/@38.8448168,-104.8585963,14z",2026-04-29T04:53:58.071Z,,,
https://www.google.com/maps/place/AAAA+Healthy+Tree/data=!4m7!3m6!1s0x871345e051886939:0x8af5d348a472d11c!8m2!3d38.8283514!4d-104.8186638!16s%2Fg%2F11h3ykfgdq!19sChIJOWmIUeBFE4cRHNFypEjT9Yo,AAAA Healthy Tree,5.0,4,Tree service,"330 Costilla St, Colorado Springs, CO 80903, United States","R5HJ+8G Colorado Springs, Colorado, USA",,+1 719-578-1458,Closed · Opens 8 am Wed,,https://streetviewpixels-pa.googleapis.com/v1/thumbnail?panoid=j08Z14Jcwnn-izsJdNWyMw&cb_client=search.gws-prod.gps&w=408&h=240&yaw=237.73529&pitch=0&thumbfov=100,false,8 am–5 pm,8 am–5 pm,8 am–5 pm,8 am–5 pm,Closed,Closed,8 am–5 pm,"https://www.google.com/maps/search/tree+service+businesses+in+Old+Colorado+City+Colorado+Springs+CO/@38.8448168,-104.8585963,14z",2026-04-29T04:54:02.918Z,,,
https://www.google.com/maps/place/The+Lawnsmith/data=!4m7!3m6!1s0x87134e89a8b7e78b:0x8b7355dcaf1f24c0!8m2!3d38.8255816!4d-104.8180513!16s%2Fg%2F1v940j5w!19sChIJi-e3qIlOE4cRwCQfr9xVc4s,The Lawnsmith,5.0,100,Lawn care service,"601 S Wahsatch Ave, Colorado Springs, CO 80903, United States","R5GJ+6Q Colorado Springs, Colorado, USA",https://thelawnsmith.com/,+1 719-499-8873,Closed · Opens 8 am Wed,,https://lh3.googleusercontent.com/gps-cs-s/APNQkAFjSlJqFMC8Q5ke_e45H53HdzTkAaQEme24T2zE5yIcSQwF_INzUkL61Jh48CDA02eAZV46ThKUCmUd3RzDjACaXY--Wx3XIdwG2y-Db310_2N_-qd4nbawluqlU0VMAvxMVRse=w426-h240-k-no,true,8 am–5 pm,8 am–5 pm,8 am–5 pm,8 am–5 pm,Closed,Closed,8 am–5 pm,"https://www.google.com/maps/search/tree+service+businesses+in+Old+Colorado+City+Colorado+Springs+CO/@38.8448168,-104.8585963,14z",2026-04-29T04:54:07.857Z,,,
https://www.google.com/maps/place/Hapke%E2%80%99s+Hortum+Houseplants+%26+Supply/data=!4m7!3m6!1s0x87135b2564465b3f:0x1fe94d6f4d56a2ba!8m2!3d38.847658!4d-104.8639552!16s%2Fg%2F11t0qy8lkg!19sChIJP1tGZCVbE4cRuqJWTW9N6R8,Hapke’s Hortum Houseplants & Supply,5.0,78,Plant nursery,"2521 W Colorado Ave, Colorado Springs, CO 80904, United States","R4XP+3C Colorado Springs, Colorado, USA",http://www.hapkeshortum.com/,+1 719-653-7789,Closed · Opens 11 am Wed,,https://lh3.googleusercontent.com/gps-cs-s/APNQkAEuIIBHkVQIy-dtDWBzzyr4gKo4CeiIHl9FzxZXBHpHYJMHls7xBo4t0prTPVRgCtHSxxeqSOFXZWeS-Yc5tCR9rZM1WxVlEj00FSJW6HkpiVU6CzChQhUoGgGa7LQMMGF2m05cTCLN2Qo=w408-h544-k-no,true,Closed,11 am–6 pm,11 am–6 pm,11 am–6 pm,11 am–6 pm,11 am–6 pm,11 am–6 pm,"https://www.google.com/maps/search/tree+service+businesses+in+Old+Colorado+City+Colorado+Springs+CO/@38.8448168,-104.8585963,14z",2026-04-29T04:54:26.345Z,,,
https://www.google.com/maps/place/Colorado+Springs+Forestry+Department/data=!4m7!3m6!1s0x87134545246cb4c7:0x80c57dfdfa24b800!8m2!3d38.8543416!4d-104.8311659!16s%2Fg%2F1wf391p5!19sChIJx7RsJEVFE4cRALgk-v19xYA,Colorado Springs Forestry Department,4.4,7,Government office,"1421 Recreation Way, Colorado Springs, CO 80905, United States","V539+PG Colorado Springs, Colorado, USA",https://coloradosprings.gov/forestry,+1 719-385-5942,,,https://streetviewpixels-pa.googleapis.com/v1/thumbnail?panoid=FlpYCf91MOHFlRRKh4wTkA&cb_client=search.gws-prod.gps&w=408&h=240&yaw=71.13887&pitch=0&thumbfov=100,false,,,,,,,,"https://www.google.com/maps/search/tree+service+businesses+in+Old+Colorado+City+Colorado+Springs+CO/@38.8448168,-104.8585963,14z",2026-04-29T04:54:28.986Z,,,
https://www.google.com/maps/place/DaKine+Landscape+Contractors/data=!4m7!3m6!1s0x8713457354102c95:0xc0228cf02bcf3486!8m2!3d38.8351182!4d-104.8228085!16s%2Fg%2F11bycrs5hw!19sChIJlSwQVHNFE4cRhjTPK_CMIsA,DaKine Landscape Contractors,4.7,66,Landscaper,"31 N Tejon St # 210, Colorado Springs, CO 80903, United States","R5PG+2V Colorado Springs, Colorado, USA",http://www.dakinelandscaping.com/,+1 719-471-4311,Closed · Opens 8 am Wed,,https://lh3.googleusercontent.com/gps-cs-s/APNQkAG13lE1fk5n88nP_BI0mxEwzm30uJ9zq7XuULh3Cbg_-oNZLLHGtAN7qBekKfEymlEq6NxWg1qR8c4pkAOEP6eS8PR3U4f6KYDPbRwQ92lu7BKftgtEAHn38Gi-dLXUyA2nlvs=w648-h240-k-no,true,8 am–6 pm,8 am–6 pm,8 am–6 pm,8 am–6 pm,8 am–2 pm,Closed,8 am–6 pm,"https://www.google.com/maps/search/tree+service+businesses+in+Old+Colorado+City+Colorado+Springs+CO/@38.8448168,-104.8585963,14z",2026-04-29T04:54:33.787Z,,,
https://www.google.com/maps/place/Moon+Junk+Removal/data=!4m7!3m6!1s0x88db6d3f44030b99:0xa9307c22d121b458!8m2!3d38.834044!4d-104.81678!16s%2Fg%2F11fr5dnh63!19sChIJmQsDRD9t24gRWLQh0SJ8MKk,Moon Junk Removal,4.8,283,Junk removal service,"400 E Pikes Peak Ave, Colorado Springs, CO 80903, United States","R5MM+J7 Colorado Springs, Colorado, USA",http://www.moonjunkremoval.com/,+1 719-453-8211,Open 24 hours,Identifies as veteran-owned,https://lh3.googleusercontent.com/gps-cs-s/APNQkAFJDGL4bkDOkEZtzTDgO1NF4mXk35kM8PRpdvc0yUvgECYna1y_5OcK-GuyZff1CiAMZdpjf-ubikYXa1Ej7Qog6-IOBMSgoEk7DzE7pbBVqpTBpRbGeEcFqxNunH3KCeAyYG5g1PYo3wIY=w408-h306-k-no,true,Open 24 hours,Open 24 hours,Open 24 hours,Open 24 hours,Open 24 hours,Open 24 hours,Open 24 hours,"https://www.google.com/maps/search/tree+service+businesses+in+Old+Colorado+City+Colorado+Springs+CO/@38.8448168,-104.8585963,14z",2026-04-29T04:54:38.805Z,,,
"https://www.google.com/maps/place/Frazier+Tree+%26+Shrub,+Inc/data=!4m7!3m6!1s0x87135ac0b0ee998d:0xb227bed2b453f945!8m2!3d38.82474!4d-104.5620485!16s%2Fg%2F1tx47hpy!19sChIJjZnusMBaE4cRRflTtNK-J7I","Frazier Tree & Shrub, Inc",5.0,6,Tree service,,,http://www.fraziertreeandshrub.com/,+1 719-475-1492,Closed · Opens 7 am Wed,,https://lh3.googleusercontent.com/gps-cs-s/APNQkAHrlWaeW7FLZUZz1xKmqYy5qZyEChpZ7s3X9oFh9_W69fzSVGkIF9i2OuyToQiG-FFYdwldlk6LylLtQIb0JH6RD2-qxuS-QTlIv1-Kzj-AJ8FvIvBY8nU8mZs-4TdHuguXjCGy=w408-h306-k-no,true,7 am–8 pm,7 am–8 pm,7 am–8 pm,7 am–8 pm,Closed,Closed,7 am–8 pm,"https://www.google.com/maps/search/tree+service+businesses+in+Old+Colorado+City+Colorado+Springs+CO/@38.8448168,-104.8585963,14z",2026-04-29T04:54:43.708Z,,,
https://www.google.com/maps/place/A+New+Leaf+Tree+Service/data=!4m7!3m6!1s0x871341dcb6618eb7:0xc5a98f72710b3141!8m2!3d38.7634494!4d-104.7385345!16s%2Fg%2F11hdpjj848!19sChIJt45httxBE4cRQTELcXKPqcU,A New Leaf Tree Service,2.3,3,Tree service,"1621 Main St, Colorado Springs, CO 80911, United States","Q776+9H Colorado Springs, Colorado, USA",https://a-new-leaf-tree-service.ueniweb.com/,,Closed · Opens 8 am Wed,,https://streetviewpixels-pa.googleapis.com/v1/thumbnail?panoid=qbW_wswhFIAUhUgE_QQjtg&cb_client=search.gws-prod.gps&w=408&h=240&yaw=66.965645&pitch=0&thumbfov=100,true,8 am–10 pm,8 am–10 pm,8 am–10 pm,8 am–10 pm,8 am–10 pm,8 am–10 pm,8 am–10 pm,"https://www.google.com/maps/search/tree+service+businesses+in+Old+Colorado+City+Colorado+Springs+CO/@38.8448168,-104.8585963,14z",2026-04-29T04:54:48.577Z,,,
https://www.google.com/maps/place/Stone+and+Flower/data=!4m7!3m6!1s0x6dfac35416004ce3:0xd414faa42b54edb5!8m2!3d38.8405392!4d-104.8617362!16s%2Fg%2F11ttbrjmbq!19sChIJ40wAFlTD-m0Rte1UK6T6FNQ,Stone and Flower,4.7,26,Landscaper,"2200 Bott Ave, Colorado Springs, CO 80904, United States","R4RQ+68 Colorado Springs, Colorado, USA",http://stoneandflowergardens.com/,+1 719-632-7742,Closed · Opens 7:30 am Wed,Identifies as veteran-owned,https://lh3.googleusercontent.com/gps-cs-s/APNQkAE03k2flYbnZMbVWOJwIPm3ekb5Hi4cc4BdSL276_T4DJhT46hfdfBXXyzKo6rZcizyw6-8AueLYIXNEaFewPTudEDRCqs0E2_RCgz8WRW2SEmhrmen2j6aEyz01T2uUy42zUWL=w408-h272-k-no,true,7:30 am–4:30 pm,7:30 am–4:30 pm,7:30 am–4:30 pm,7:30 am–4:30 pm,Closed,Closed,7:30 am–4:30 pm,"https://www.google.com/maps/search/tree+service+businesses+in+Old+Colorado+City+Colorado+Springs+CO/@38.8448168,-104.8585963,14z",2026-04-29T04:54:53.535Z,,,
"https://www.google.com/maps/place/O%27Leary+and+Sons,+Inc./data=!4m7!3m6!1s0x871347d8ab6b192b:0x156b884f2602cf7f!8m2!3d38.8461154!4d-104.8715339!16s%2Fg%2F1hc8xsbyf!19sChIJKxlrq9hHE4cRf88CJk-IaxU","O'Leary and Sons, Inc.",4.6,196,Deck builder,"625 S 29th St, Colorado Springs, CO 80904, United States","R4WH+C9 Colorado Springs, Colorado, USA",http://www.olearyandsons.com/,+1 719-573-0682,,LGBTQ+ friendly,https://lh3.googleusercontent.com/gps-cs-s/APNQkAHzDo306h0nZ2R0twLKXAPY8rebTY-ZTOqSbxKsezftpHhMAhykV54bYUsjafn0fy2-sPopLE2PqpW5GzcfHzrTfUPNWwFYO57lm3Utc5rMlXLkcEkhPY5qrJobZGrBqjSyoJGys6_9ajBQ=w408-h369-k-no,true,7:30 am–4:30 pm,7:30 am–4:30 pm,7:30 am–4:30 am,7:30 am–4:30 pm,Closed,Closed,7:30 am–4:30 pm,"https://www.google.com/maps/search/tree+service+businesses+in+Old+Colorado+City+Colorado+Springs+CO/@38.8448168,-104.8585963,14z",2026-04-29T04:54:58.299Z,,,
"https://www.google.com/maps/place/The+Landscaper,+LLC/data=!4m7!3m6!1s0x871344dee8385555:0x551ddb10977e3f1e!8m2!3d38.8355919!4d-104.8607513!16s%2Fg%2F11ghr0yftr!19sChIJVVU46N5EE4cRHj9-lxDbHVU","The Landscaper, LLC",4.8,70,Contractor,"2106 Wheeler Ave, Colorado Springs, CO 80904, United States","R4PQ+6M Colorado Springs, Colorado, USA",http://www.thelandscapercolorado.com/,+1 719-424-2728,Closed · Opens 8 am Wed,,https://lh3.googleusercontent.com/gps-cs-s/APNQkAGTefHQRbUf5bYv6Qs0CPPtmdNllO4MrEW3XKIL0U7vUgrO51V4y6hPSqD9uKl13v_vuYu8HBJsQj8XSEMjeypuDdatoHMXUk9g18uJbRQsz2IBJKhndm6ijNjUcsyJkZ6kcjD0=w408-h408-k-no,true,8 am–4:30 pm,8 am–4:30 pm,8 am–4:30 pm,8 am–4:30 pm,Closed,Closed,8 am–4:30 pm,"https://www.google.com/maps/search/tree+service+businesses+in+Old+Colorado+City+Colorado+Springs+CO/@38.8448168,-104.8585963,14z",2026-04-29T04:55:03.008Z,,,
https://www.google.com/maps/place/Rick%27s+Garden+Center/data=!4m7!3m6!1s0x87135ab382f58fdf:0x538df4dbfa21053a!8m2!3d38.8475939!4d-104.8491052!16s%2Fg%2F1td3ggrb!19sChIJ34_1grNaE4cROgUh-tv0jVM,Rick's Garden Center,4.6,412,Garden center,"1827 W Uintah St, Colorado Springs, CO 80904, United States","R5X2+29 Colorado Springs, Colorado, USA",http://www.ricksgarden.com/,+1 719-632-8491,"Closed · Opens 9 am Wed

Updated by this business 8 weeks ago",,https://lh3.googleusercontent.com/gps-cs-s/APNQkAFfvoozYJbW9bu4Oso79jXzcSIk_uUGAr3mhGA2xex4lKriKQqGmzCa_dPFF5TeaTVvbIbjTGd14QmIPAE6fCOO7Uc8w6HLDM0C4eQi7P6mlg6wowjwKL8IwJVXq_yGblJEnjrb8w=w408-h272-k-no,true,9 am–6 pm,9 am–6 pm,9 am–6 pm,9 am–6 pm,9 am–5 pm,10 am–5 pm,9 am–6 pm,"https://www.google.com/maps/search/tree+service+businesses+in+Old+Colorado+City+Colorado+Springs+CO/@38.8448168,-104.8585963,14z",2026-04-29T04:55:08.230Z,"Neighborhood resource for plants, gardening supplies & trees. · In-store shopping · In-store pick-up",,
https://www.google.com/maps/place/Craig%27s+Power+Equipment/data=!4m7!3m6!1s0x871345a95da5154f:0xd18493287075c8ce!8m2!3d38.8293466!4d-104.817802!16s%2Fg%2F1tj9tsr7!19sChIJTxWlXalFE4cRzsh1cCiThNE,Craig's Power Equipment,4.7,311,Lawn mower store,"301 S Wahsatch Ave, Colorado Springs, CO 80903, United States","R5HJ+PV Colorado Springs, Colorado, USA",http://www.craigspower.com/,+1 719-635-9201,Closed · Opens 8 am Wed,,https://lh3.googleusercontent.com/gps-cs-s/APNQkAGOFsgk6NTMwSJpVrYu1Lmq-uZYaZ-tr2x1CdtCHwhMQ7UmtyGABQWavToi9sOojx3iIlg-AQIcxKQmyTLYAeCYCgOc9Aw97iA6cNOpn_0heDgjGjIoxS8LWNsg_0g3Q8recLcH0A=w408-h306-k-no,true,8 am–5 pm,8 am–5 pm,8 am–5 pm,8 am–5 pm,Closed,Closed,8 am–5 pm,"https://www.google.com/maps/search/tree+service+businesses+in+Old+Colorado+City+Colorado+Springs+CO/@38.8448168,-104.8585963,14z",2026-04-29T04:55:13.036Z,· In-store shopping · In-store pick-up · Delivery,,
https://www.google.com/maps/place/CM+Stone/data=!4m7!3m6!1s0x6975f0570a8489cf:0xea9d5df5ddf6ad1!8m2!3d39.238788!4d-104.834253!16s%2Fg%2F11l6s_cwxc!19sChIJz4mEClfwdWkR0WrfXd_VqQ4,CM Stone,4.9,29,Landscaper,,,http://www.cmstoneconstruction.com/,+1 719-375-9577,Closed · Opens 7 am Wed,,https://lh3.googleusercontent.com/gps-cs-s/APNQkAHf1VP8x7GV_f4HbxBBSNCMxnDMNtIEPDbI0A4HCNVfZLYnl5R6NnPIbFfdio7-R8EQY4De-qgTAY0kELwnhhae3hUMqKscchKWyC_bG9zlkTZ46-JnZcIGO1KcA89PO-cl4nF_zQ=w408-h544-k-no,true,7 am–6 pm,7 am–6 pm,7 am–6 pm,7 am–6 pm,7 am–6 pm,Closed,7 am–6 pm,"https://www.google.com/maps/search/tree+service+businesses+in+Old+Colorado+City+Colorado+Springs+CO/@38.8448168,-104.8585963,14z",2026-04-29T04:55:17.754Z,,,
"https://www.google.com/maps/place/The+Pinetree+Group,+LLC/data=!4m7!3m6!1s0x87134535510fca59:0xa1b2a0d640a54ee2!8m2!3d38.8423114!4d-104.8449739!16s%2Fg%2F11c3xcd3s4!19sChIJWcoPUTVFE4cR4k6lQNagsqE","The Pinetree Group, LLC",4.0,6,Woodworker,"301 N 15th St, Colorado Springs, CO 80904, United States","R5R4+W2 Colorado Springs, Colorado, USA",http://thepinetreegroup.com/,+1 719-332-0022,,,https://lh3.googleusercontent.com/gps-cs-s/APNQkAEjz4ZHJGAyE6oa0FfNHz-vfljcFASDf80yeVMQn9jikYNOQtJ4nncGVeLuMLcRukuwVgvhQn_6GO_GuRaIQV4I8x52i9iUOP427OwUrYK3v48qSGaKX33tORuWDtlhNoi21i2BvnP6aRzI=w519-h240-k-no,false,,,,,,,,"https://www.google.com/maps/search/tree+service+businesses+in+Old+Colorado+City+Colorado+Springs+CO/@38.8448168,-104.8585963,14z",2026-04-29T04:55:20.532Z,,,
https://www.google.com/maps/place/A-Class+Tree+Service/data=!4m7!3m6!1s0x87134f9a38015555:0x284665a5a550a216!8m2!3d46.423669!4d-129.9427086!16s%2Fg%2F11kc8m7bfq!19sChIJVVUBOJpPE4cRFqJQpaVlRig,A-Class Tree Service,5.0,7,Tree service,,,http://aclasstreeservice.com/,+1 719-649-3366,Open 24 hours,,https://lh3.googleusercontent.com/gps-cs-s/APNQkAF6tpw05RmFKkbiLNLhHOpDrXcF9LK5anoHMmHGIVewBnhPEC_6UCE4yCjXrF4MsXt2hOD3KtzitC0TYA6I9PpI-gD05iBOPbw-kRBvn-QsJkHxNxt4QlRBjPOhGkbjsBleubo=w408-h544-k-no,true,Open 24 hours,Open 24 hours,Open 24 hours,Open 24 hours,Open 24 hours,Open 24 hours,Open 24 hours,"https://www.google.com/maps/search/tree+service+businesses+in+Old+Colorado+City+Colorado+Springs+CO/@38.8448168,-104.8585963,14z",2026-04-29T04:55:25.197Z,,,
https://www.google.com/maps/place/Adventures+Out+West/data=!4m7!3m6!1s0x87135adae814de23:0x54e95c9a70e8e3e4!8m2!3d38.820308!4d-104.8414033!16s%2Fg%2F1tf5qpkx!19sChIJI94U6NpaE4cR5OPocJpc6VQ,Adventures Out West,4.8,1159,Tourist attraction,"925 S 8th St, Colorado Springs, CO 80905, United States","R5C5+4C Colorado Springs, Colorado, USA",https://www.advoutwest.com/,+1 719-578-0935,Closed · Opens 8 am Wed,,https://lh3.googleusercontent.com/gps-cs-s/APNQkAGfF5RcRqYstU8_M9srD_aH9UVH0rxqvLCHG-kdg23xnzdsz2-YXYvpjFJTNc9OZ_EY8LWIoQy-Pll5nBwS2JzMd6go74YppXVFldwnNzHESMOQbzs2uZhK45vmAe2LRV6xL1nx2Q=w408-h305-k-no,true,8 am–5 pm,8 am–5 pm,8 am–5 pm,8 am–5 pm,8 am–5 pm,8 am–5 pm,8 am–5 pm,"https://www.google.com/maps/search/tree+service+businesses+in+Old+Colorado+City+Colorado+Springs+CO/@38.8448168,-104.8585963,14z",2026-04-29T04:55:30.328Z,"HQ for Rocky Mountain activity center established in 1973 offering jeep, balloon & segway tours.",,
https://www.google.com/maps/place/Secret+Garden/data=!4m7!3m6!1s0x87135ac7e1de8593:0x6e61b831d0980437!8m2!3d38.8402889!4d-104.8570895!16s%2Fg%2F1tp27r0s!19sChIJk4Xe4cdaE4cRNwSY0DG4YW4,Secret Garden,4.0,29,Wedding venue,"420 S 19th St, Colorado Springs, CO 80904, United States","R4RV+45 Colorado Springs, Colorado, USA",https://coloradosecretgarden.webriq.club/,+1 719-964-0541,,,https://lh3.googleusercontent.com/gps-cs-s/APNQkAG1JkbXIwKSfGNqBmNqA7-NDpmOxes-tvY8hGxxcAvssFQ6UrihJRXiWxSDrPi-8bfNvd68283Q6awRCYdK7z-UnKhrt_EmR4QmbNQeUYazq3gn-JDOuiGBONcwmhc3iHtipbnr=w408-h272-k-no,false,,,,,,,,"https://www.google.com/maps/search/tree+service+businesses+in+Old+Colorado+City+Colorado+Springs+CO/@38.8448168,-104.8585963,14z",2026-04-29T04:55:33.062Z,"Charming wedding & photography venue with mature plants, walkways & an ornate gazebo.",,
https://www.google.com/maps/place/Olive+Tree+Traders/data=!4m7!3m6!1s0x87135abc87f88129:0xdfd410736ca7fb65!8m2!3d38.8480675!4d-104.8636054!16s%2Fg%2F1tvr_58_!19sChIJKYH4h7xaE4cRZfunbHMQ1N8,Olive Tree Traders,4.5,31,Home goods store,"2526 W Colorado Ave, Colorado Springs, CO 80904, United States","R4XP+6H Colorado Springs, Colorado, USA",http://olivetreetraders.com/,+1 719-442-1727,,,https://lh3.googleusercontent.com/gps-cs-s/APNQkAF3y_04Pl4dH3aBZ1DDbng54McxZ5CSnbo-z6kmUM-JB1fih4brM1mUhCPdlQuMlKE0DGgV_4kC8GOU6jQnGJp-QFOhHC4clWS6PdsSBGieqKyYG9GgE2WAaf8gInQO-ZjWPSe3lw=w408-h306-k-no,true,,,,,,,,"https://www.google.com/maps/search/tree+service+businesses+in+Old+Colorado+City+Colorado+Springs+CO/@38.8448168,-104.8585963,14z",2026-04-29T04:55:35.703Z,,,
https://www.google.com/maps/place/The+Living+Room/data=!4m7!3m6!1s0x871345591b072739:0xda69ec6ad708ae5d!8m2!3d38.8246498!4d-104.8246815!16s%2Fg%2F11h9gh601v!19sChIJOScHG1lFE4cRXa4I12rsado,The Living Room,4.8,171,Plant nursery,"22 E Rio Grande St, Colorado Springs, CO 80903, United States","R5FG+V4 Colorado Springs, Colorado, USA",https://thelivingroomplants.com/,+1 719-465-1470,Closed · Opens 10 am Wed,,https://lh3.googleusercontent.com/gps-cs-s/APNQkAEqfk4aA6Tf5HpfzPPaYQcT2b47mMr8FO57fmDCR4IfEaG6CJU4fawDj-jiCq0XTVnsLwkOnP02iKjO0lRJvq7DULmpPZ1Ytk7Wn1SUOeQe_yB3SY4LURa5BcgP-WqK8SZCkNc=w408-h544-k-no,true,10 am–6 pm,10 am–6 pm,10 am–6 pm,10 am–6 pm,10 am–6 pm,11 am–4 pm,Closed,"https://www.google.com/maps/search/tree+service+businesses+in+Old+Colorado+City+Colorado+Springs+CO/@38.8448168,-104.8585963,14z",2026-04-29T04:55:40.539Z,,,
https://www.google.com/maps/place/Top+of+the+Peak+Landscaping/data=!4m7!3m6!1s0x87134bd8f904d415:0xf937d40d158c9f0f!8m2!3d38.846689!4d-104.6973714!16s%2Fg%2F1tk63k_5!19sChIJFdQE-dhLE4cRD5-MFQ3UN_k,Top of the Peak Landscaping,3.5,34,Landscaper,,,http://topofthepeak.com/,+1 719-638-9554,Closed · Opens 8 am Wed,Identifies as veteran-owned,https://lh3.googleusercontent.com/gps-cs-s/APNQkAGvzuCfW4d67b70SOCjLpNk3allsBK15WXLb9EtGYFYK8Y0cAH6lGLVo3nqZiTCfdsxVYJjUW4k1EwS8t1LVWyFD1-GVa9t2_XBIoQX4A8ATb1aFu4llgwyBJ4_TdPK54ByA-PEuQ=w408-h307-k-no,true,8 am–3 pm,8 am–3 pm,8 am–3 pm,8 am–12 pm,Closed,Closed,8 am–3 pm,"https://www.google.com/maps/search/tree+service+businesses+in+Old+Colorado+City+Colorado+Springs+CO/@38.8448168,-104.8585963,14z",2026-04-29T04:55:45.464Z,,,
https://www.google.com/maps/place/Ultimate+Excavation+%26+Liners/data=!4m7!3m6!1s0x87135ac2312ec543:0xcf6cb9a13dda8444!8m2!3d38.8340691!4d-104.8664203!16s%2Fg%2F11cmphbf8g!19sChIJQ8UuMcJaE4cRRITaPaG5bM8,Ultimate Excavation & Liners,5.0,13,Excavating contractor,"2411 Busch Ave, Colorado Springs, CO 80904, United States","R4MM+JC Colorado Springs, Colorado, USA",http://ultimateexcavation.com/,+1 719-337-1772,Open 24 hours,,https://lh3.googleusercontent.com/gps-cs-s/APNQkAHy96TJ-pnWAR1ghD6BAY0r8tzvqTcBzM0JIPLQ5V7_dIUGGVlTECwHBmDHMhxrf-iJsm_cpbz2gJ0RHfadljvgJCQg2C9394g8WkgF3aQstljKKQ41-NMcXYc7PpM80o5wv6sFLnj2NUA=w408-h306-k-no,true,Open 24 hours,Open 24 hours,Open 24 hours,Open 24 hours,Open 24 hours,Open 24 hours,Open 24 hours,"https://www.google.com/maps/search/tree+service+businesses+in+Old+Colorado+City+Colorado+Springs+CO/@38.8448168,-104.8585963,14z",2026-04-29T04:55:50.465Z,,,
https://www.google.com/maps/place/Origin+Craftsmen/data=!4m7!3m6!1s0x8713459d9727f2c1:0x4524bbf9e346c0f2!8m2!3d38.8415652!4d-104.8557966!16s%2Fg%2F11tcwn6jn9!19sChIJwfInl51FE4cR8sBG4_m7JEU,Origin Craftsmen,5.0,16,Contractor,"1919 W Cucharras St, Colorado Springs, CO 80904, United States","R4RV+JM Colorado Springs, Colorado, USA",https://origincraftsmen.com/,+1 719-352-9264,Closed · Opens 9 am Wed,,https://lh3.googleusercontent.com/gps-cs-s/APNQkAE0ISjA1fRNhKjPyTzEqa8k8DUhfG5ppnU96zjkhb204nb6E2rRm21vSdJ0s8d2ebCWngw7JLmXzT313zKppVGrx9TD8TB-6-EiUVoCiqRIVOwq5qf6mAPXX8B0UaYXGlcibAPn=w408-h272-k-no,true,9 am–5 pm,9 am–5 pm,9 am–5 pm,9 am–5 pm,Closed,Closed,9 am–5 pm,"https://www.google.com/maps/search/tree+service+businesses+in+Old+Colorado+City+Colorado+Springs+CO/@38.8448168,-104.8585963,14z",2026-04-29T04:55:55.310Z,,,
https://www.google.com/maps/place/Sunset+Professional+Landscaping/data=!4m7!3m6!1s0x87135ab129faffff:0x2d0f7951894ce5ed!8m2!3d38.8470099!4d-104.8542021!16s%2Fg%2F11fll6t18f!19sChIJ___6KbFaE4cR7eVMiVF5Dy0,Sunset Professional Landscaping,3.0,4,Landscaper,"2106 Armstrong Ave, Colorado Springs, CO 80904, United States","R4WW+R8 Colorado Springs, Colorado, USA",,,,,https://lh3.googleusercontent.com/gps-cs-s/APNQkAEMuddY8rxrjfQMKG5eha29cbsmRInLegj6YgEmn1By4rWieM7LSPfYBLqioLEkkL1a8bzgLdOejmqfE6k0kmJtBK-lrPLG1xHHaOiYCHp1-O-ou6lNS6WriyygZLMbj7MJCdMjtQ=w408-h544-k-no,false,,,,,,,,"https://www.google.com/maps/search/tree+service+businesses+in+Old+Colorado+City+Colorado+Springs+CO/@38.8448168,-104.8585963,14z",2026-04-29T04:55:58.261Z,,,
"https://www.google.com/maps/place/Springs+Wood+Design,+LLC/data=!4m7!3m6!1s0xdb8cdc6df4bff11:0x4158fd2fc1d4ead4!8m2!3d38.875789!4d-104.752089!16s%2Fg%2F11vzbc84yl!19sChIJEf9L38bNuA0R1OrUwS_9WEE","Springs Wood Design, LLC",5.0,10,Carpenter,,,https://springswooddesign.com/,+1 719-367-1592,Closed · Opens 9 am Wed,Identifies as women-owned,https://lh3.googleusercontent.com/gps-cs-s/APNQkAG-PbEviUsUMCRSgQoxYlj4_MY25e7AV9MRlK2Jbzw2_lGmnBqGKKSNoYz5GJk1M8eel0PDHftiQ1klY6_nEYXfMxsueDpKUfc7BvMW4FA3e8zZq3XYu3PYnjTbyazEyDwyQfoc4A=w426-h240-k-no,true,9 am–5 pm,9 am–5 pm,9 am–5 pm,9 am–12 pm,Closed,Closed,9 am–5 pm,"https://www.google.com/maps/search/tree+service+businesses+in+Old+Colorado+City+Colorado+Springs+CO/@38.8448168,-104.8585963,14z",2026-04-29T04:56:03.003Z,,,
https://www.google.com/maps/place/Hensley+Tree+Services/data=!4m7!3m6!1s0x871345a1dcac137d:0xb70b77970a3a75a6!8m2!3d38.875789!4d-104.752089!16s%2Fg%2F11jjqd3_xb!19sChIJfROs3KFFE4cRpnU6Cpd3C7c,Hensley Tree Services,5.0,6,Tree service,,,http://www.hensleytree.com/,+1 719-900-8116,,,https://lh3.googleusercontent.com/gps-cs-s/APNQkAGGB-W3VGri9FvNjNRzUTt3nXD28ot-_0jhpQzE-cMbjF2eMOgWQpd4gcRDYtDcz3AYKb087fBQt0j_WVrTUwdNRhjglYhc_HQPuIzGEYlEuNwvwmqVIzN0G-Ftyi0TRMgME538aQ=w408-h544-k-no,true,,,,,,,,"https://www.google.com/maps/search/tree+service+businesses+in+Old+Colorado+City+Colorado+Springs+CO/@38.8448168,-104.8585963,14z",2026-04-29T04:56:05.563Z,,,
https://www.google.com/maps/place/The+Broadmoor+Seven+Falls/data=!4m7!3m6!1s0x87135b64409ca099:0x7cb9927057d59779!8m2!3d38.8231309!4d-104.8487188!16zL20vMDlyOXM5!19sChIJmaCcQGRbE4cReZfVV3CSuXw,The Broadmoor Seven Falls,4.4,6515,Hiking area,"1045 Lower Gold Camp Rd, Colorado Springs, CO 80905, United States","R5F2+7G Colorado Springs, Colorado, USA",https://www.sevenfalls.com/,+1 855-923-7272,"Closed · Opens 10 am Fri

Updated by this business 4 weeks ago",,https://lh3.googleusercontent.com/gps-cs-s/APNQkAGfH74JJrncSK9azsgyZPNkzhX6E9XqE9JE_Yu4J5DHKz-w_kKnbZ6B1sK7matVj3Or78jn1W791HuZ0NwbEUenikKgXAAxp9hHDcjyb9JqrV84U6ehSb7x5sNoXslrTUEInTzCgQ=w408-h272-k-no,true,Closed,Closed,Closed,10 am–7 pm,10 am–7 pm,10 am–6 pm,10 am–6 pm,"https://www.google.com/maps/search/tree+service+businesses+in+Old+Colorado+City+Colorado+Springs+CO/@38.8448168,-104.8585963,14z",2026-04-29T04:56:10.544Z,Park focused on scenic waterfalls & geologic monuments that also has a historic gravesite.,,
https://www.google.com/maps/place/Cinderella+Enterprises+Inc./data=!4m7!3m6!1s0x871345cbc1b26257:0x8ed71435d95f2286!8m2!3d38.999198!4d-104.7828166!16s%2Fg%2F11j1y7k6qw!19sChIJV2KywctFE4cRhiJf2TUU144,Cinderella Enterprises Inc.,3.3,7,Landscaper,,,https://www.cinderellaenterprisesco.com/,+1 719-290-7660,Closed · Opens 8 am Wed,,https://lh3.googleusercontent.com/gps-cs-s/APNQkAFHuZZVpp_I8_h57bZCIw7TSUP9oQWBlAKJL7RrQrEWCIEtIxKHqx8YxlEaH7hVQZHz7VDYSalWLaW4wBf20kXp5eCNgDuiY0FXceo2xqPBQG9JgxT9C22-R8TjYafO5VNoGhIh=w533-h240-k-no,true,8 am–5 pm,8 am–5 pm,8 am–5 pm,8 am–5 pm,Closed,Closed,8 am–5 pm,"https://www.google.com/maps/search/tree+service+businesses+in+Old+Colorado+City+Colorado+Springs+CO/@38.8448168,-104.8585963,14z",2026-04-29T04:56:15.382Z,,,
https://www.google.com/maps/place/Sea+to+Summit+Designs+Inc./data=!4m7!3m6!1s0x8554bf13e2da247b:0xd02fee35b6e9b9c8!8m2!3d32.9923406!4d-92.5707545!16s%2Fg%2F11td2jjkv1!19sChIJeyTa4hO_VIURyLnptjXuL9A,Sea to Summit Designs Inc.,4.7,12,Landscape designer,,,http://seatosummitdesigns.com/,+1 719-306-3904,Closed · Opens 8 am Wed,,https://lh3.googleusercontent.com/gps-cs-s/APNQkAHczlzYjDeEq1sg0TDQ2KJexw8m60e2Bs_eVeiAepyjk4HuTMlNfFLkw8eNu7jeovK1C2N6eoHpGUKMl66rq7D0d7bNPsKTNBITz0GZ7YZBswwiPjN4SmZBuIX2bbfgWoc8izBZ=w408-h305-k-no,true,8 am–5 pm,8 am–5 pm,8 am–5 pm,Closed,Closed,Closed,8 am–5 pm,"https://www.google.com/maps/search/tree+service+businesses+in+Old+Colorado+City+Colorado+Springs+CO/@38.8448168,-104.8585963,14z",2026-04-29T04:56:20.107Z,,,
"https://www.google.com/maps/place/B%26A+Junk+Removal/@38.8757891,-104.752089,11z/data=!3m1!4b1!4m6!3m5!1s0xa0835115f06d5cef:0xd7e0c9ee45ee854d!8m2!3d38.875789!4d-104.752089!16s%2Fg%2F11ynxqg344",B&A Junk Removal,5.0,1,Junk removal service,,,https://bandajunkremoval.com/,+1 719-212-9814,Closed · Opens 9 am Wed,,,true,9 am–5 pm,9 am–5 pm,9 am–5 pm,9 am–5 pm,9 am–5 pm,9 am–5 pm,9 am–5 pm,"https://www.google.com/maps/search/tree+service+businesses+in+Old+Colorado+City+Colorado+Springs+CO/@38.8448168,-104.8585963,14z",2026-04-29T04:56:26.850Z,,,
https://www.google.com/maps/place/Bumble+Roofing+of+Colorado+Springs/data=!4m7!3m6!1s0xa73a9cac8b35da63:0x11c0429bd4e6b9ba!8m2!3d38.8432963!4d-104.8189516!16s%2Fg%2F11y8710nrj!19sChIJY9o1i6ycOqcRurnm1JtCwBE,Bumble Roofing of Colorado Springs,4.9,55,Roofing contractor,"627 N Weber St Suite 8, Colorado Springs, CO 80903, United States","R5VJ+8C Colorado Springs, Colorado, USA",https://bumbleroofing.com/colorado-springs,+1 719-826-6956,,,https://lh3.googleusercontent.com/gps-cs-s/APNQkAHnyx6ASRyxx-GpVAQRko87O0TSpYEkN87ybCkfIxfGERQBw0e2Zuho3OeZY9Pi-9J1hEtIkBKAM_RLSv9irXt9IaMpo65kZFVydT44MHQxq9WvsGTfui6hv9OJSHO_FBfEEFs5-Hu_Xq8=w408-h408-k-no,true,Open 24 hours,Open 24 hours,Open 24 hours,Open 24 hours,Open 24 hours,Open 24 hours,Open 24 hours,"https://www.google.com/maps/search/tree+service+businesses+in+Old+Colorado+City+Colorado+Springs+CO/@38.8448168,-104.8585963,14z",2026-04-29T04:56:31.632Z,,,
https://www.google.com/maps/place/ECL+Construction/data=!4m7!3m6!1s0x8713471263b3f63f:0x93cbe4947702df8!8m2!3d38.7969304!4d-104.778896!16s%2Fg%2F11rhr370cy!19sChIJP_azYxJHE4cR-C1wR0m-PAk,ECL Construction,5.0,58,Roofing contractor,,,https://www.eclconstruction.net/,+1 719-367-9804,Open 24 hours,,https://lh3.googleusercontent.com/gps-cs-s/APNQkAEg13MGYfj_4ch9-TW1vG-1agMybVnqXRxRtYaUebvwNTj0a-rBO-gdjKJ9CAizzo0QPauCPIq1qut8y1ZEpr5Nl0wO5J6prB5JYzYZrv3COTjU2zv33LFRXoi5pGFgGJje7zA=w408-h306-k-no,true,Open 24 hours,Open 24 hours,Open 24 hours,Open 24 hours,Open 24 hours,Open 24 hours,Open 24 hours,"https://www.google.com/maps/search/tree+service+businesses+in+Old+Colorado+City+Colorado+Springs+CO/@38.8448168,-104.8585963,14z",2026-04-29T04:56:36.676Z,,,
https://www.google.com/maps/place/Songbird+Orchids/data=!4m7!3m6!1s0x87135ab9c265885b:0xd9ad915f757c1!8m2!3d38.8479739!4d-104.8701116!16s%2Fg%2F1tdm8sl0!19sChIJW4hlwrlaE4cRwVf3FdmaDQA,Songbird Orchids,4.9,183,Florist,"2755 Ore Mill Rd Unit 10, Colorado Springs, CO 80904, United States","R4XH+5X Colorado Springs, Colorado, USA",http://www.songbirdorchid.com/,+1 719-475-1700,,LGBTQ+ friendly,https://lh3.googleusercontent.com/gps-cs-s/APNQkAEzk1rUgCjHh0SIO6COp-jSK_WF5a_tyP4Swej0a7n2mfoesIfvYuz2EsD0_gof6pEouqjoa_ud3cUpdYuKqPIBrzKIjlwOBR52mVuc5Gi188hE51Uuzmr1rtF1N4lfUYb1MJOv4UWNrNHm=w408-h306-k-no,true,9:30 am–2 pm,Closed,Closed,9:30 am–2 pm,Closed,Closed,9:30 am–2 pm,"https://www.google.com/maps/search/tree+service+businesses+in+Old+Colorado+City+Colorado+Springs+CO/@38.8448168,-104.8585963,14z",2026-04-29T04:56:41.635Z,· In-store shopping · Kerbside pickup · Delivery,,
https://www.google.com/maps/place/Bargain+Bins+LLC+-+Dumpster+Rentals/data=!4m7!3m6!1s0x876cb11a40b2a313:0x109d4f4e54e8bee1!8m2!3d38.846704!4d-104.704676!16s%2Fg%2F11h9mrp7mv!19sChIJE6OyQBqxbIcR4b7oVE5PnRA,Bargain Bins LLC - Dumpster Rentals,5.0,2043,Dumpster rental service,,,http://www.bargainbins.com/,+1 719-527-1301,Closed · Opens 7 am Wed,Identifies as veteran-owned,https://lh3.googleusercontent.com/gps-cs-s/APNQkAFAxWNuFG9it4p3g1Nmw2-HQuVvJyeEkZ7BrxL29CpUMdoplpnaI5UGk66TcKg-OmngvObIDL2MmLFtDFWKmP8IBBwawUr2-a4VBFWGjGjrizHO7dtDyevjYPlEpk8Vu9lqfbWOQPMyl_dt=w408-h544-k-no,true,7 am–6 pm,7 am–6 pm,7 am–6 pm,7 am–6 pm,7 am–12 pm,Closed,7 am–6 pm,"https://www.google.com/maps/search/tree+service+businesses+in+Old+Colorado+City+Colorado+Springs+CO/@38.8448168,-104.8585963,14z",2026-04-29T04:56:46.357Z,,,
https://www.google.com/maps/place/Environmental+Designs/data=!4m7!3m6!1s0x8713450964892b0f:0xbba8ce78ff865b44!8m2!3d38.8314952!4d-104.8158889!16s%2Fg%2F11shkk658g!19sChIJDyuJZAlFE4cRRFuG_3jOqLs,Environmental Designs,5.0,4,Landscaper,"117 S Corona St, Colorado Springs, CO 80903, United States","R5JM+HJ Colorado Springs, Colorado, USA",http://www.environmentaldesigns.com/,+1 719-521-9761,Closed · Opens 8 am Wed,,https://lh3.googleusercontent.com/gps-cs-s/APNQkAHWuk9dWAqMdA3pJI6AoVzHjSDNAgcyrKvw_oOdJWOUR-t4w9CULHDeH94ig86Tt0ZPF50izbBMGNPbVCfiLDsLtFuPNoF_cmIAFuEdEynIJ21qi0XTSWnjX695QLwq_ml4UhTe=w408-h306-k-no,true,8 am–5 pm,8 am–5 pm,8 am–5 pm,8 am–5 pm,Closed,Closed,8 am–5 pm,"https://www.google.com/maps/search/tree+service+businesses+in+Old+Colorado+City+Colorado+Springs+CO/@38.8448168,-104.8585963,14z",2026-04-29T04:56:51.190Z,,,
https://www.google.com/maps/place/The+Simple+Sort/data=!4m7!3m6!1s0x871349335820270f:0x88036c361296429e!8m2!3d38.8280902!4d-104.822887!16s%2Fg%2F11f79dzttf!19sChIJDycgWDNJE4cRnkKWEjZsA4g,The Simple Sort,5.0,59,Professional organizer,"119 Costilla St, Colorado Springs, CO 80903, United States","R5HG+6R Colorado Springs, Colorado, USA",https://thesimplesort.com/,+1 719-375-5565,Closed · Opens 9 am Wed,Identifies as women-owned,https://lh3.googleusercontent.com/gps-cs-s/APNQkAEzhgZZbRB88vrjsDEtL2zjgu1HFYxkP6MwqzeMFRsvFjQAKa-SHhR26WOVmGcya_jyckZYV_58mJwwRD7uvXusBVrrAbaf1Nm7O_QPIKF8YGQWEnCyBRvyGnGAkPEuiPOzLlj6=w425-h240-k-no,true,9 am–5 pm,9 am–5 pm,9 am–5 pm,9 am–5 pm,Closed,Closed,9 am–5 pm,"https://www.google.com/maps/search/tree+service+businesses+in+Old+Colorado+City+Colorado+Springs+CO/@38.8448168,-104.8585963,14z",2026-04-29T04:56:55.957Z,,,
https://www.google.com/maps/place/Cololorado+Springs+Landscaping+Contractor+Sustainability+Pros/data=!4m7!3m6!1s0x87134520d0c62391:0x3760c525631296f7!8m2!3d38.8267455!4d-104.8273209!16s%2Fg%2F11fk0bc4qb!19sChIJkSPG0CBFE4cR95YSYyXFYDc,Cololorado Springs Landscaping Contractor Sustainability Pros,,,Landscaper,"27 W Cimarron St, Colorado Springs, CO 80903, United States","R5GF+M3 Colorado Springs, Colorado, USA",https://mountainsustainablelandscapes.com/about-us/,+1 800-269-9348,,,https://streetviewpixels-pa.googleapis.com/v1/thumbnail?panoid=P-JwP5lEjtIs3u4XSDf9Pw&cb_client=search.gws-prod.gps&w=408&h=240&yaw=204.3976&pitch=0&thumbfov=100,false,,,,,,,,"https://www.google.com/maps/search/tree+service+businesses+in+Old+Colorado+City+Colorado+Springs+CO/@38.8448168,-104.8585963,14z",2026-04-29T04:56:58.767Z,,,
https://www.google.com/maps/place/Heritage+Lawn+and+Landscaping/data=!4m7!3m6!1s0x87135aa46396dc09:0xecf687e5dbf97dfa!8m2!3d38.8624255!4d-104.813817!16s%2Fg%2F11g71fkp40!19sChIJCdyWY6RaE4cR-n352-WH9uw,Heritage Lawn and Landscaping,4.6,52,Landscaper,,,http://www.myheritagelawn.com/,+1 719-419-0703,Closed · Opens 7 am Wed,,https://lh3.googleusercontent.com/gps-cs-s/APNQkAF3Nk_l4RZNyo-o3KKoWfjA__Xzsvg-AX19h6XLx1yVl-DawaO8SMUM0y2yS0Z_H5CNmI2uf46bMQNBb1Wzxm319hU9CPswmqwLNX2lZK4QykDPQRX8NP5tlF65nzLEAWg2gW4=w408-h407-k-no,true,7 am–7 pm,7 am–7 pm,7 am–7 pm,7 am–7 pm,7 am–7 pm,Closed,7 am–7 pm,"https://www.google.com/maps/search/tree+service+businesses+in+Old+Colorado+City+Colorado+Springs+CO/@38.8448168,-104.8585963,14z",2026-04-29T04:57:03.610Z,,,
https://www.google.com/maps/place/Gutters+Near+You/data=!4m7!3m6!1s0x87135164ab7681e3:0xbaba7a864b8c7646!8m2!3d38.8597964!4d-104.8778388!16s%2Fg%2F11lp5lwnr1!19sChIJ44F2q2RRE4cRRnaMS4Z6uro,Gutters Near You,5.0,35,Construction company,"132 Red Rock Ave, Colorado Springs, CO 80904, United States","V45C+WV Colorado Springs, Colorado, USA",,+1 719-209-5682,Open 24 hours,,https://lh3.googleusercontent.com/gps-cs-s/APNQkAGq9FtDx0r4fibC4gEOiEm5djsSRHAgLXWX7GEai_9O5bG0dZ_FXA2eDMt8UuCARPoP8k4mtSBrLk3NVwAcdGY6sqLU1jwV_xc9_QOLWadROa5GEazUyLBnSYYTG9uv1ToLj0LcPCEWXf8=w408-h544-k-no,true,Open 24 hours,Open 24 hours,Open 24 hours,Open 24 hours,Closed,Closed,Open 24 hours,"https://www.google.com/maps/search/tree+service+businesses+in+Old+Colorado+City+Colorado+Springs+CO/@38.8448168,-104.8585963,14z",2026-04-29T04:57:08.454Z,,,
https://www.google.com/maps/place/Rockstar+Landsculpting/data=!4m7!3m6!1s0x29f852e1a5689c87:0x497daf8e90cfdbee!8m2!3d38.875789!4d-104.752089!16s%2Fg%2F11s6yy6xd1!19sChIJh5xopeFS-CkR7tvPkI6vfUk,Rockstar Landsculpting,5.0,6,Landscape architect,,,,+1 719-254-4008,Closed · Opens 7 am Wed,,https://lh3.googleusercontent.com/gps-cs-s/APNQkAHCrIiH4XkiiWJ-Yt1CelIMtS_E8QeThAoV6I_Lk_Yq8inLEg7qCr5LqK7WsTpyhLiaqfZpdO9Lk8kjRFLW0VnKmWpQGKrIwD7-m_CCdkztJS5RdeT-UKpb6Lk7JDJIgZlIl-Bk=w408-h306-k-no,true,7 am–5 pm,7 am–5 pm,7 am–5 pm,7 am–5 pm,Closed,Closed,7 am–5 pm,"https://www.google.com/maps/search/tree+service+businesses+in+Old+Colorado+City+Colorado+Springs+CO/@38.8448168,-104.8585963,14z",2026-04-29T04:57:19.851Z,,,
https://www.google.com/maps/place/Bird+Tree+Cafe/data=!4m7!3m6!1s0x871345d35f4b16b5:0xa421680fa7f880b1!8m2!3d38.8374202!4d-104.8236697!16s%2Fg%2F11h_zbcw95!19sChIJtRZLX9NFE4cRsYD4pw9oIaQ,Bird Tree Cafe,4.6,581,Restaurant,"218 N Tejon St ste 110, Colorado Springs, CO 80903, United States","R5PG+XG Colorado Springs, Colorado, USA",https://www.birdtreecafe.org/,+1 719-719-2473,Closed · Opens 8 am Wed,,https://lh3.googleusercontent.com/gps-cs-s/APNQkAFT3Fm-B1UMG4Dh1HqHWfkzR6kR4HnoySXd5sgdlKWcEAzOGVF4pN6aak2MfzMQylyxl9GGn6PHnl9UpeHZQaBP_0tdofPDSJTa6AV0aiRkPBkRmY54lpcr4tLSHof7KVQp1gM=w426-h240-k-no,true,8 am–6 pm,8 am–6 pm,8 am–6 pm,8 am–6 pm,8 am–6 pm,8 am–6 pm,8 am–6 pm,"https://www.google.com/maps/search/tree+service+businesses+in+Old+Colorado+City+Colorado+Springs+CO/@38.8448168,-104.8585963,14z",2026-04-29T04:57:25.051Z,· Dine-in · Takeaway · No-contact delivery,,
https://www.google.com/maps/place/Monument+Valley+Park/data=!4m7!3m6!1s0x87134544613f24f7:0xbd08d41b36bbbae2!8m2!3d38.8465688!4d-104.8280831!16s%2Fm%2F0vpxk3b!19sChIJ9yQ_YURFE4cR4rq7NhvUCL0,Monument Valley Park,4.5,1875,Park,"170 W Cache La Poudre St, Colorado Springs, CO 80903, United States","R5WC+JQ Colorado Springs, Colorado, USA",https://coloradosprings.gov/parks/page/monument-valley-park,,Closed · Opens 6 am Wed,,https://lh3.googleusercontent.com/gps-cs-s/APNQkAGhYevAlOuOTNaCSLDvKMgv8Cy-lzXssNVkKXXJ6WQ0TQNEx7dqkmcZVdrsTyDGwgXW5f8SFZgcfXwrqVZOrfB1Y8uuPCwc7BiiSNEvsyBrsvG5dlfy1G6JH88UV_i4f20ZekkM6Q=w408-h306-k-no,false,6 am–9 pm,6 am–9 pm,6 am–9 pm,6 am–9 pm,6 am–9 pm,6 am–9 pm,6 am–9 pm,"https://www.google.com/maps/search/tree+service+businesses+in+Old+Colorado+City+Colorado+Springs+CO/@38.8448168,-104.8585963,14z",2026-04-29T04:57:30.040Z,"Century-old park with ballfields & paths for running & cycling, plus a pool & formal gardens. · Dogs allowed",,
https://www.google.com/maps/place/Organically+Grown/data=!4m7!3m6!1s0x87134fec4b3f9619:0xf8a66cefb3e06630!8m2!3d38.8289514!4d-104.8423478!16s%2Fg%2F1tdywtvw!19sChIJGZY_S-xPE4cRMGbgs-9spvg,Organically Grown,3.8,14,Lawn care service,"835 Garner St, Colorado Springs, CO 80905, United States","R5H5+H3 Colorado Springs, Colorado, USA",https://www.oggrown.com/,+1 719-471-7261,"Closed · Opens 8 am Wed

Confirmed by this business 2 weeks ago",,https://lh3.googleusercontent.com/gps-cs-s/APNQkAGpaB19YSdDJSeefx_P7zKe96D5J6OhGLczEosphGvrSoKfrYB0iprN2zt6u-XEeb00chL68pqhLKTiN5VYMCNOtJquE6eXJT5YH8DxTtY9rsNi-FgmS6vvGIxHvTSbagl2DNo=w408-h307-k-no,true,8 am–5 pm,8 am–5 pm,8 am–5 pm,8 am–5 pm,Closed,Closed,8 am–5 pm,"https://www.google.com/maps/search/tree+service+businesses+in+Old+Colorado+City+Colorado+Springs+CO/@38.8448168,-104.8585963,14z",2026-04-29T04:57:34.922Z,,,
https://www.google.com/maps/place/Cubic+Hauling+-+Dumpster+Rental/data=!4m7!3m6!1s0x87135b87233554af:0xd6d4a799698913cb!8m2!3d38.842108!4d-104.860517!16s%2Fg%2F11pd159vrp!19sChIJr1Q1I4dbE4cRyxOJaZmn1NY,Cubic Hauling - Dumpster Rental,5.0,187,Dumpster rental service,"2130 Naegele Rd, Colorado Springs, CO 80904, United States","R4RQ+RQ Colorado Springs, Colorado, USA",https://www.cubichauling.com/,+1 719-649-1417,Closed · Opens 8 am Wed,,https://lh3.googleusercontent.com/gps-cs-s/APNQkAG3LulGySoi1uHoOpIkEMDMyDkCKmh2mgquaQtmTt2EVZnGN18NgCd0Xz5A3c4WPoat_SNVCvbR8PYgBzhpOEDDgWfB8m3ndyQUSHY3E6SrSg1IgbCbKZhICWQmHEPTNROKHg4y=w426-h240-k-no,true,8 am–8 pm,8 am–8 pm,8 am–8 pm,8 am–8 pm,9 am–8 pm,Closed,8 am–8 pm,"https://www.google.com/maps/search/tree+service+businesses+in+Old+Colorado+City+Colorado+Springs+CO/@38.8448168,-104.8585963,14z",2026-04-29T04:57:39.722Z,,,
https://www.google.com/maps/place/By+The+Branch/data=!4m7!3m6!1s0x87136b8536a81c67:0xde69fcaf7afe2ef8!8m2!3d38.6821985!4d-104.7008746!16s%2Fg%2F11xcsp511z!19sChIJZxyoNoVrE4cR-C7-eq_8ad4,By The Branch,4.7,10,Tree service,"Fountain, CO 80817, United States","M7JX+VM Fountain, Colorado, USA",,+1 720-205-8596,Closed · Opens 8 am Wed,,https://lh3.googleusercontent.com/gps-cs-s/APNQkAG8HxBS6BK4oceeqIYM7JpD2qPcCl7GPmYmDF1_BbBLXBR7omLyg7rqr350GSy4P5Xigv0eZ6Ld9tR_kqEHprAvZjUavE7EGTGPDa83UHOOOUj2f5WazmOda5aFKfjl4ttD7wVKgJi2kamY=w408-h306-k-no,true,8 am–6 pm,8 am–6 pm,8 am–6 pm,8 am–6 pm,10 am–3 pm,10 am–3 pm,8 am–6 pm,"https://www.google.com/maps/search/tree+service+businesses+in+Fountain+Colorado+Springs+CO/@38.682219,-104.7008056,14z",2026-04-29T04:57:54.519Z,,,
https://www.google.com/maps/place/Arbi+Barbi+Tree+Co/data=!4m7!3m6!1s0x871341b7c9fe0429:0x78955a4dc57a9cf!8m2!3d38.7593954!4d-104.7363665!16s%2Fg%2F11yj7tk457!19sChIJKQT-ybdBE4cRz6lX3KRViQc,Arbi Barbi Tree Co,5.0,15,Tree service,"505 Hickory Dr, Colorado Springs, CO 80911, United States","Q757+QF Colorado Springs, Colorado, USA",https://arbibarbi.com/arbi-barbi-tree-co,+1 307-250-9903,,Identifies as veteran-owned,https://lh3.googleusercontent.com/gps-cs-s/APNQkAFtFtj1tAXJrKbL-W-_hUSLN5YxwzX6dRxUDIlURIEZTw8eUr1WKN8gvoheZerMb8Mr6pFAdwumtfQysjjdmErEGwwAwN33ax6lu8pKaIHWCuR8flNMqWkuCIhpDNbTxXPVdYowI_2Pkd2J=w408-h365-k-no,true,9 am–5 pm,9 am–5 pm,9 am–5 pm,9 am–5 pm,9 am–5 pm,9 am–5 pm,9 am–5 pm,"https://www.google.com/maps/search/tree+service+businesses+in+Fountain+Colorado+Springs+CO/@38.682219,-104.7008056,14z",2026-04-29T04:57:59.405Z,,,
"https://www.google.com/maps/place/Foothills+Landscaping+and+Irrigation,+LLC/data=!4m7!3m6!1s0x87136a604edf86e9:0xbdc2a6950d913145!8m2!3d38.8378106!4d-104.695906!16s%2Fg%2F1yg6nr3sj!19sChIJ6YbfTmBqE4cRRTGRDZWmwr0","Foothills Landscaping and Irrigation, LLC",4.7,31,Landscaper,,,https://www.foothills-landscaping.com/,+1 719-393-9074,Closed · Opens 8 am Wed,,https://lh3.googleusercontent.com/gps-cs-s/APNQkAFmWQxAldap6XYpBVP9DSHQ9lr48c2LM-z0CZLo2VgDhGErweuIcezuR52cl3vj26rYTDElY8Hdf5_rorl--E35v88qgFJ-HshggoO5ldrlDiTDXhJnwQw70OC78nmzzol8gM2W=w435-h240-k-no,true,8 am–5 pm,8 am–5 pm,8 am–5 pm,8 am–5 pm,Closed,Closed,8 am–5 pm,"https://www.google.com/maps/search/tree+service+businesses+in+Fountain+Colorado+Springs+CO/@38.682219,-104.7008056,14z",2026-04-29T04:58:04.156Z,,,
https://www.google.com/maps/place/DunRite+Tree+Service+llc/data=!4m7!3m6!1s0x87136be1e3b9b9f1:0x2b61663f34332c7c!8m2!3d38.7996345!4d-104.752089!16s%2Fg%2F11jm895ry5!19sChIJ8bm54-FrE4cRfCwzND9mYSs,DunRite Tree Service llc,5.0,9,Tree service,,,,+1 254-661-7509,Closed · Opens 6:30 am Wed,,https://lh3.googleusercontent.com/gps-cs-s/APNQkAFVkEB6xVfvzr4MLVy0MnvEoSjORK2uVrGMksUYmaRpIBpc-k3-f93XDO3TgYtWxfcmdFGNHXt7CbAGlJiVIOfIQwIt4Eg3CGCwZakXsjZ0hBBryY3raorG46bYxGIvj49gJ6MN=w408-h544-k-no,true,6:30 am–8 pm,6:30 am–8 pm,6:30 am–8 pm,6:30 am–8 pm,6:30 am–8 pm,Closed,6:30 am–8 pm,"https://www.google.com/maps/search/tree+service+businesses+in+Fountain+Colorado+Springs+CO/@38.682219,-104.7008056,14z",2026-04-29T04:58:08.855Z,,,
https://www.google.com/maps/place/Paulsen+lumber/data=!4m7!3m6!1s0x87136b8ba80fc8a3:0x6f32fcb3fc513a56!8m2!3d38.9979464!4d-105.550863!16s%2Fg%2F11fp1fv07n!19sChIJo8gPqItrE4cRVjpR_LP8Mm8,Paulsen lumber,1.0,1,Saw mill,,,,+1 860-300-0320,,,https://lh3.googleusercontent.com/gps-cs-s/APNQkAGrG602evXETO-E1YztazHtjGjdDZFCCxO4DUI6cuPqiKEek4EoVJSTeh93aHsf8KBRKXDqKeEtSS6pvV1jxCNYuECpjXGM50Qce__51Au7hxwEiwkm1tLcxTMDBrU_w56DCuzZ=w408-h544-k-no,true,,,,,,,,"https://www.google.com/maps/search/tree+service+businesses+in+Fountain+Colorado+Springs+CO/@38.682219,-104.7008056,14z",2026-04-29T04:58:11.567Z,,,
https://www.google.com/maps/place/BugFree+Tree+Shrub+Spray/data=!4m7!3m6!1s0x87134039c0b6aaab:0x83be5238176e6eb2!8m2!3d38.7359767!4d-104.6923853!16s%2Fg%2F11fk0bhq7z!19sChIJq6q2wDlAE4cRsm5uFzhSvoM,BugFree Tree Shrub Spray,5.0,3,Tree service,"6610 Goldfield Dr, Colorado Springs, CO 80911, United States","P8P5+92 Colorado Springs, Colorado, USA",,+1 719-358-6412,Open 24 hours,,https://streetviewpixels-pa.googleapis.com/v1/thumbnail?panoid=F6taHHr5bKPb7s93VhtnTw&cb_client=search.gws-prod.gps&w=408&h=240&yaw=279.03113&pitch=0&thumbfov=100,false,Open 24 hours,Open 24 hours,Open 24 hours,Open 24 hours,Closed,Closed,Open 24 hours,"https://www.google.com/maps/search/tree+service+businesses+in+Fountain+Colorado+Springs+CO/@38.682219,-104.7008056,14z",2026-04-29T04:58:16.623Z,,,
https://www.google.com/maps/place/Snare+Timberline/data=!4m7!3m6!1s0x791929b804e5519:0x651e972e8e80032d!8m2!3d38.82474!4d-104.690975!16s%2Fg%2F11rdfwd9fs!19sChIJGVVOgJuSkQcRLQOAji6XHmU,Snare Timberline,5.0,3,Handyman/Handywoman/Handyperson,,,,+1 719-237-3760,Open 24 hours,,https://lh3.googleusercontent.com/gps-cs-s/APNQkAEfw7VXvsXDoFrQ1QTnwN0PwCyBGLeDdeHrIIctRVLn00-zkNLQR-PmwwsajXsf6P0_k1Es9MOvBmN2VnECiFPQzRqiNVd4QnYWHEhO_qOcjsHoSsyF-gMRcCgTOK1sgEt-8OQe=w408-h306-k-no,true,Open 24 hours,Open 24 hours,Open 24 hours,Open 24 hours,Open 24 hours,Open 24 hours,Open 24 hours,"https://www.google.com/maps/search/tree+service+businesses+in+Fountain+Colorado+Springs+CO/@38.682219,-104.7008056,14z",2026-04-29T04:58:21.435Z,,,
https://www.google.com/maps/place/Skyline+Mesa+Landscaping+LLC/data=!4m7!3m6!1s0xa57101982f9c2a31:0x6854dd4ce3dbb6b1!8m2!3d38.82474!4d-104.5620485!16s%2Fg%2F11w8_zbsy8!19sChIJMSqcL5gBcaURsbbb40zdVGg,Skyline Mesa Landscaping LLC,5.0,11,Landscaper,,,https://skyline-mesa.com/,+1 719-698-7406,Closed · Opens 8 am Wed,Identifies as veteran-owned,https://lh3.googleusercontent.com/gps-cs-s/APNQkAF_FOU5Eg4Vj-aaQ3g4zqW0UyquS25hGQ32jXq6jkVs7sYL-q-zsT_Vz2kqf0WSrl5CLk-zpMJVzqKgm-EH1YxHEflhg1wkg_Y4daJ_ZvZObJZUvvNcZ2eQ2Vq0RHUu7tvulk0=w408-h306-k-no,true,8 am–7 pm,8 am–7 pm,8 am–7 pm,8 am–7 pm,8 am–5 pm,Closed,8 am–7 pm,"https://www.google.com/maps/search/tree+service+businesses+in+Fountain+Colorado+Springs+CO/@38.682219,-104.7008056,14z",2026-04-29T04:58:27.249Z,,,
https://www.google.com/maps/place/LawnStarter+Landscaping/data=!4m7!3m6!1s0x871341fc3fe2e935:0xe86ef0c1e6373e8c!8m2!3d38.7264481!4d-104.6687865!16s%2Fg%2F11m2kndfyd!19sChIJNeniP_xBE4cRjD435sHwbug,LawnStarter Landscaping,4.9,34,Landscaper,"7254 Dutch Loop, Colorado Springs, CO 80925, United States","P8GJ+HF Colorado Springs, Colorado, USA",https://www.lawnstarter.com/colorado-springs-co-landscaping?utm_source=google&utm_medium=GLocal&utm_campaign=ColoradoSpringsLocal,+1 719-888-3713,Closed · Opens 7 am Wed,,https://lh3.googleusercontent.com/gps-cs-s/APNQkAF8gRY8YGkQ-bgIFgTvKTvyuR8EFwMLl45-UDveGpPJ0cn7ZNXVlsBjHSEiFmNA7HzB9Uym98xlpxzNeij9LNONauivvd3EstRcZnJJo8421GmtNuEHjP-1Pae1yzmU6Xp34RDPs6AfiSA=w408-h408-k-no,true,7 am–10 pm,7 am–10 pm,7 am–10 pm,7 am–10 pm,7 am–10 pm,7 am–10 pm,7 am–10 pm,"https://www.google.com/maps/search/tree+service+businesses+in+Fountain+Colorado+Springs+CO/@38.682219,-104.7008056,14z",2026-04-29T04:58:32.062Z,,,
https://www.google.com/maps/place/Beard+%26+Babe+Renovations/data=!4m7!3m6!1s0x871341bff985b8fd:0x8b9d179a3a58f5d4!8m2!3d38.7259259!4d-104.6945192!16s%2Fg%2F11m8_gxjfq!19sChIJ_biF-b9BE4cR1PVYOpoXnYs,Beard & Babe Renovations,4.6,8,Lawn care service,"7391 Fortman Ave, Fountain, CO 80817, United States","P8G4+95 Fountain, Colorado, USA",,+1 719-460-2103,Closed · Opens 7:30 am Wed,Identifies as women-owned,https://streetviewpixels-pa.googleapis.com/v1/thumbnail?panoid=H70PZeOcpcl_R2-m6oE3DA&cb_client=search.gws-prod.gps&w=408&h=240&yaw=156.29762&pitch=0&thumbfov=100,true,7:30 am–5:30 pm,7:30 am–5:30 pm,7:30 am–5:30 pm,7:30 am–5:30 pm,7:30 am–5:30 pm,Closed,7:30 am–5:30 pm,"https://www.google.com/maps/search/tree+service+businesses+in+Fountain+Colorado+Springs+CO/@38.682219,-104.7008056,14z",2026-04-29T04:58:37.223Z,,,
https://www.google.com/maps/place/Deep+Roots+Landscaping+and+handyman+services+LLC/data=!4m7!3m6!1s0x403751f7294e0ce1:0x6ec0dcef59552ad0!8m2!3d38.6698685!4d-104.6930001!16s%2Fg%2F11twj9m5wq!19sChIJ4QxOKfdRN0AR0CpVWe_cwG4,Deep Roots Landscaping and handyman services LLC,5.0,5,Landscaper,,,,+1 719-213-0204,Closed · Opens 9 am Wed,,https://lh3.googleusercontent.com/gps-cs-s/APNQkAG_JyVYbvGaY-mprhSLjPoz3SIO0gzh3L_pIF0t0X-7Qrf_1FOzckdhnUfBPWGkv8CIefujWsO5Zbv6sflPZQmlEZOHLyidqPHkX4LnVJ5xZlkQE1yWp4Tu5Yh7ADLEqsS52Rl4=w408-h544-k-no,true,9 am–5 pm,9 am–5 pm,9 am–5 pm,9 am–5 pm,9 am–5 pm,Closed,9 am–5 pm,"https://www.google.com/maps/search/tree+service+businesses+in+Fountain+Colorado+Springs+CO/@38.682219,-104.7008056,14z",2026-04-29T04:58:41.905Z,,,
https://www.google.com/maps/place/Tomahawk+Auto+%26+Truck+Plaza/data=!4m7!3m6!1s0x87136b07d19606e9:0x8ecc3fe1125f3519!8m2!3d38.6722994!4d-104.7123757!16s%2Fg%2F1tmpfcyc!19sChIJ6QaW0QdrE4cRGTVfEuE_zI4,Tomahawk Auto & Truck Plaza,3.3,1176,Truck stop,"1103 Santa Fe Ave, Fountain, CO 80817, United States","M7CQ+W2 Fountain, Colorado, USA",,+1 719-382-5473,Open 24 hours,,https://lh3.googleusercontent.com/gps-cs-s/APNQkAGpzW0jbw-wfrF4A6utB2KnODveheWUDjkIiNPERFDfdjkGTLAUGIBqrJkF-xHkDPovAXNV48x4khW1CRD9tEprxk6ur_yw6sfjyHxIKp4ceGlGbujp8rVJJwEryEXzjJNyLL4u4g=w426-h240-k-no,true,Open 24 hours,Open 24 hours,Open 24 hours,Open 24 hours,Open 24 hours,Open 24 hours,Open 24 hours,"https://www.google.com/maps/search/tree+service+businesses+in+Fountain+Colorado+Springs+CO/@38.682219,-104.7008056,14z",2026-04-29T04:58:46.833Z,,,
"https://www.google.com/maps/place/Arbi+Barbi+Consulting+Arborist/@46.423669,-129.9427085,3z/data=!3m1!4b1!4m6!3m5!1s0xa5c61913ef76cad7:0x95b42d6007a954f9!8m2!3d46.423669!4d-129.9427086!16s%2Fg%2F11wnmx8_sn",Arbi Barbi Consulting Arborist,5.0,3,Consultant,,,https://arbibarbi.com/consulting-1,+1 307-250-9903,Closed · Opens 8 am,Identifies as veteran-owned,,true,8 am–5 pm,8 am–5 pm,8 am–5 pm,8 am–5 pm,8 am–5 pm,8 am–5 pm,8 am–5 pm,"https://www.google.com/maps/search/tree+service+businesses+in+Fountain+Colorado+Springs+CO/@38.682219,-104.7008056,14z",2026-04-29T04:58:53.644Z,,,
https://www.google.com/maps/place/Sue%27s+Floral+Fine+Art+Gifts+%26+Flower+Delivery/data=!4m7!3m6!1s0x87136afbf1f5c1ad:0x2ed06aade397704a!8m2!3d38.686839!4d-104.704248!16s%2Fg%2F1tl7p52k!19sChIJrcH18ftqE4cRSnCX461q0C4,Sue's Floral Fine Art Gifts & Flower Delivery,5.0,180,Florist,"474 N Santa Fe Ave, Fountain, CO 80817, United States","M7PW+P8 Fountain, Colorado, USA",https://www.suesfloral.com/?utm_source=gmb&utm_medium=gmb-website-link&utm_campaign=tf-gmb,+1 719-390-3331,,LGBTQ+ friendly,https://lh3.googleusercontent.com/gps-cs-s/APNQkAGgPD1swdYo6ZcznhflGgyNrppdEi7MNwUhxT10OYGoLs0j6-C0UNSGLm5ZKfxweM1jRvxlGoNQQXnObakbqE-LnJAKqG--Ocq7UTDJM_V6xXLOOGcAs7WdyMcYglSj9TwKil5X3aUSwME=w408-h544-k-no,true,,,,,,,,"https://www.google.com/maps/search/tree+service+businesses+in+Fountain+Colorado+Springs+CO/@38.682219,-104.7008056,14z",2026-04-29T04:58:58.786Z,· In-store shopping · Kerbside pickup · Delivery,,
https://www.google.com/maps/place/True+Craft+Handyman/data=!4m7!3m6!1s0x876c8735394b2367:0x1163dbd48010d6dd!8m2!3d39.0941368!4d-104.889042!16s%2Fg%2F11mmnctqmq!19sChIJZyNLOTWHbIcR3dYQgNTbYxE,True Craft Handyman,5.0,40,Handyman/Handywoman/Handyperson,"17470 Shiloh Pines Dr, Monument, CO 80132, United States","34V6+M9 Monument, Colorado, USA",https://truecrafthandymancolorado.com/,+1 719-726-2589,Closed · Opens 7 am Wed,,https://lh3.googleusercontent.com/gps-cs-s/APNQkAG0rX9thYq6r5BdzLMeZKg7tH6REHKPrxdn9SHZUHedkRNbsfgYE-UrSy9qcgQRPswf2V2nezq6Z4sQxPd2T8_N9HxS_jfr2Z0T84aB65W2mIYIXeb5AXa-qf9XPf8FIQsQPR-6aSWkvSHi=w426-h240-k-no,true,7 am–5 pm,7 am–5 pm,7 am–5 pm,7 am–5 pm,8 am–12 pm,Closed,7 am–5 pm,"https://www.google.com/maps/search/tree+service+businesses+in+Monument+Colorado+Springs+CO/@39.0916586,-104.872758,14z",2026-04-29T04:59:13.880Z,,,
https://www.google.com/maps/place/Nelson+Forestry+Tree+Health+Care/data=!4m7!3m6!1s0x876c803672935e6d:0xe7e124c3b6707d05!8m2!3d39.0351115!4d-104.2979023!16s%2Fg%2F1tdgkrkg!19sChIJbV6TcjaAbIcRBX1wtsMk4ec,Nelson Forestry Tree Health Care,5.0,9,Tree service,"566 Golden St, Calhan, CO 80808, United States","2PP2+2R Calhan, Colorado, USA",http://www.myhealthytrees.com/,+1 719-347-3107,,Identifies as veteran-owned,https://lh3.googleusercontent.com/gps-cs-s/APNQkAFRykWDS5sxnZXpYwZHpEKkddFtHmcEdXw3LlSHPYfd4vFzgbKkEkQRAKpATLsS5HGsIFtobI36h3k1If8QiKYn34No4mUHYTDMB0698-BZXJlGVNLFIrrajWHLgrc6b6y46xY=w408-h556-k-no,true,,,,,,,,"https://www.google.com/maps/search/tree+service+businesses+in+Calhan+Colorado+Springs+CO/@39.0355459,-104.297186,14z",2026-04-29T04:59:24.968Z,,,
https://www.google.com/maps/place/El+Paso+County+Human+Services+Department/data=!4m7!3m6!1s0x87132a127a22a509:0x43b80e18ac31e8ad!8m2!3d39.0313506!4d-104.2966271!16s%2Fg%2F1tg9h_v7!19sChIJCaUiehIqE4cRregxrBgOuEM,El Paso County Human Services Department,3.1,31,Social services organization,"328 10th St, Calhan, CO 80808, United States","2PJ3+G8 Calhan, Colorado, USA",http://dhs.elpasoco.com/,+1 719-347-2221,Closed · Opens 9 am Wed,,https://lh3.googleusercontent.com/gps-cs-s/APNQkAGrq6QrAsX5ELn-8Yx2sSfY-v2qRK-ocMq4H7f6bo1fkzqU5AD5FRyDkJHoEKor1XAMczyp_ypohHWQarnANPp0DnqloYMmcL4aPXmWzk6N1Epbpz1xsPOuIKrNYQ2kkk40FbMB=w408-h306-k-no,false,Closed,"9 am–12 pm, 1–4:30 pm",Closed,Closed,Closed,Closed,Closed,"https://www.google.com/maps/search/tree+service+businesses+in+Calhan+Colorado+Springs+CO/@39.0355459,-104.297186,14z",2026-04-29T04:59:29.751Z,,,
"https://www.google.com/maps/place/Sticky+Nicky's+Mowing+and+Property+Services/@39.0121305,-104.5066321,10z/data=!3m1!4b1!4m6!3m5!1s0x8840030391f12d13:0x68da32e28d00ca34!8m2!3d39.0121305!4d-104.5066321!16s%2Fg%2F11khrvsn0w",Sticky Nicky's Mowing and Property Services,4.0,4,Landscape architect,,,https://stickynickysmowing.com/,+1 719-238-8194,Closed · Opens 7 am Wed,,,true,7 am–5 pm,7 am–5 pm,7 am–5 pm,7 am–5 pm,7 am–5 pm,Closed,7 am–5 pm,"https://www.google.com/maps/search/tree+service+businesses+in+Calhan+Colorado+Springs+CO/@39.0355459,-104.297186,14z",2026-04-29T04:59:36.434Z,,,
https://www.google.com/maps/place/Extreme+Trees+LLC/data=!4m7!3m6!1s0x87132d2be953babd:0x61fdc12dcc8e8394!8m2!3d38.9979464!4d-105.550863!16s%2Fg%2F11f8_fpg4k!19sChIJvbpT6SstE4cRlIOOzC3B_WE,Extreme Trees LLC,5.0,1,Tree service,,,,+1 719-246-0399,Closed · Opens 8 am Wed,,https://lh3.googleusercontent.com/gps-cs-s/APNQkAF8TzZ-afESq99CshJQf5K5lI9nZjNwZvaL2CF03_9gvIOCnUpUti52UtZ_f8N3gUD7Ylgnh0-zZ3Roc-pABWPbS2TnZoQxrq35FLkwyvLHFY5EsMTAPlz7oopEKq6K12FsLmKz=w408-h306-k-no,true,8 am–6 pm,8 am–6 pm,8 am–6 pm,8 am–6 pm,8 am–6 pm,Closed,8 am–6 pm,"https://www.google.com/maps/search/tree+service+businesses+in+Calhan+Colorado+Springs+CO/@39.0355459,-104.297186,14z",2026-04-29T04:59:41.006Z,,,
https://www.google.com/maps/place/United+States+Postal+Service/data=!4m7!3m6!1s0x87132a6b239fae17:0xe4bcb1816676caef!8m2!3d39.0349596!4d-104.3059311!16s%2Fg%2F1thlzx8h!19sChIJF66fI2sqE4cR78p2ZoGxvOQ,United States Postal Service,2.0,79,Post office,"655 Cascade St, Calhan, CO 80808, United States","2MMV+XJ Calhan, Colorado, USA",https://tools.usps.com/locations/details/1356621?utm_source=google-my-business-url&utm_medium=search&utm_campaign=yext,+1 800-275-8777,Closed · Opens 9 am Wed,,https://lh3.googleusercontent.com/gps-cs-s/APNQkAFtzKc_7fEs5e2O8AIkVti6bB616OSzGTjkwDYUsHNwfQYDyhvvXalSwkiblB-MyMLFJEUI6J0b0ktWF4e1YEdTEf97Fj2EnvO0QbaBp21UwqAub9i2xKpmD9pcBiX7SlIZXraAgVAbbPAA=w408-h413-k-no,true,9 am–4:30 pm,9 am–4:30 pm,9 am–4:30 pm,9 am–4:30 pm,9 am–12 pm,Closed,9 am–4:30 pm,"https://www.google.com/maps/search/tree+service+businesses+in+Calhan+Colorado+Springs+CO/@39.0355459,-104.297186,14z",2026-04-29T04:59:45.890Z,,,
https://www.google.com/maps/place/S+and+C+Tree+service+LLC/data=!4m7!3m6!1s0x87134bb2b0a5d77b:0xf6e7c5e1a966ded7!8m2!3d38.8514216!4d-104.4619164!16s%2Fg%2F11rvkvjbf4!19sChIJe9elsLJLE4cR195mqeHF5_Y,S and C Tree service LLC,5.0,6,Agricultural service,"1412 Peyton Hwy, Calhan, CO 80808, United States","VG2Q+H6 Calhan, Colorado, USA",,+1 719-231-3941,Temporarily closed,,https://lh3.googleusercontent.com/gps-cs-s/APNQkAFUevbvIjfiGvPvPo0KEmyjQB07Ra6oVVBPB1pZz3dnxBjl2YTY3H1LnvGjfjwrEw4nGSG-1IJITyIFT2V6btHCrziOa4oXE-2untYW3ikiyy1z-AyPzw3N17rdKg77D84_Sgk=w408-h544-k-no,true,,,,,,,,"https://www.google.com/maps/search/tree+service+businesses+in+Calhan+Colorado+Springs+CO/@39.0355459,-104.297186,14z",2026-04-29T04:59:50.928Z,,,
https://www.google.com/maps/place/RidgePointe+at+Gleneagle+Apartments/data=!4m7!3m6!1s0x876cb2b490af2117:0x2ad4cb7417cedb6a!8m2!3d39.0299322!4d-104.8284341!16s%2Fg%2F1tdgvw_4!19sChIJFyGvkLSybIcRatvOF3TL1Co,RidgePointe at Gleneagle Apartments,4.3,183,Apartment complex,"13631 Shepard Heights, Colorado Springs, CO 80921, United States","25HC+XJ Colorado Springs, Colorado, USA",https://gbridgepointe.com/?utm_source=Google,+1 719-370-4058,Closed · Opens 10 am Wed,,https://lh3.googleusercontent.com/gps-cs-s/APNQkAEReplvcgGq7fIkqQovzpczR2pD6Dk_sVHGxHpv0FjmkrNb8UwhrMGdhV9e_va8Lyr-SbW43y1-5Z7qJ49sMjR2pgNOm-r9CXSZ0djJr45Rz8onzw2_DidDjrk5Yx-yXkcCKh80dKJhe-I=w408-h272-k-no,true,10 am–6 pm,10 am–6 pm,10 am–6 pm,10 am–6 pm,10 am–5 pm,Closed,10 am–6 pm,"https://www.google.com/maps/search/tree+service+businesses+in+Gleneagle+Colorado+Springs+CO/@39.0453205,-104.8277214,14z",2026-04-29T05:00:12.115Z,· Dogs allowed,,
https://www.google.com/maps/place/The+Club+at+Flying+Horse/data=!4m7!3m6!1s0x87134cdc8aba8c19:0x561f6198db35ad88!8m2!3d39.019506!4d-104.791477!16s%2Fg%2F1tcx7gh0!19sChIJGYy6itxME4cRiK0125hhH1Y,The Club at Flying Horse,4.6,948,Golf club,"1880 Weiskopf Point, Colorado Springs, CO 80921, United States","2695+RC Colorado Springs, Colorado, USA",https://flyinghorseresort.com/golf?utm_source=google&utm_medium=organic&utm_campaign=gbp-club,+1 719-494-1222,,,https://lh3.googleusercontent.com/gps-cs-s/APNQkAF5XY27wFo5DDC70ey0AIqmj2Fqz83GB9E5akkBxLHZpxDcv9fLwP7nfDfACd_18sZyVxN7k7QHtAZi8NjajR1ciLYy-sYV8dL79SCUnHX9LvDTRfUbP7d6foF2X2ruXqZHKdkypr97oYM0=w408-h267-k-no,true,,,,,,,,"https://www.google.com/maps/search/tree+service+businesses+in+Gleneagle+Colorado+Springs+CO/@39.0453205,-104.8277214,14z",2026-04-29T05:00:14.932Z,"Refined lodge-style quarters in a country club lodging offering dining, a luxe spa & golf.",,
https://www.google.com/maps/place/Engel+%26+V%C3%B6lkers+-+Pikes+Peak/data=!4m7!3m6!1s0x87134cc482c9a97d:0xaf2b26f4808e0109!8m2!3d39.0293857!4d-104.7788495!16s%2Fg%2F1tfctp4g!19sChIJfanJgsRME4cRCQGOgPQmK68,Engel & Völkers - Pikes Peak,4.5,17,Real estate agency,"2748 North Gate Blvd, Colorado Springs, CO 80921, United States","26HC+QF Colorado Springs, Colorado, USA",https://pikespeak.evrealestate.com/en,+1 719-886-4800,Closed · Opens 10 am Wed,,https://lh3.googleusercontent.com/gps-cs-s/APNQkAHGNMnFuj-FRk_K-GL16JkwbG2i1nmRtOiqEXusJ8HJRfrSoRj93ITihyT123SkY3Ot4MmXX--rkQ0WBFXG8Z5q7-sZaiOBjgrU4da5xaOubLGgBXBTArKnhGHRNSthL1x_VheQfBBMRvxM=w408-h267-k-no,true,10 am–4 pm,10 am–4 pm,10 am–4 pm,10 am–4 pm,10 am–4 pm,10 am–4 pm,Closed,"https://www.google.com/maps/search/tree+service+businesses+in+Gleneagle+Colorado+Springs+CO/@39.0453205,-104.8277214,14z",2026-04-29T05:00:19.686Z,,,
https://www.google.com/maps/place/Ace+Hardware+at+Northgate/data=!4m7!3m6!1s0x87134d3410012f85:0x812c8fcd29173fec!8m2!3d39.0254601!4d-104.8146619!16s%2Fg%2F11c1s996v8!19sChIJhS8BEDRNE4cR7D8XKc2PLIE,Ace Hardware at Northgate,4.2,131,Hardware store,"13355 Voyager Pkwy, Colorado Springs, CO 80921, United States","25GP+54 Colorado Springs, Colorado, USA",http://www.acecoloradosprings.com/?utm_source=google&utm_medium=local&utm_campaign=localmaps&utm_content=16428,+1 719-487-3043,Closed · Opens 8 am Wed,,https://lh3.googleusercontent.com/gps-cs-s/APNQkAHDbacDbFf6msTlb8vS8wJ-Zigv74s260ltMHeKv6gOatt6mNjZ5Z3IcpYuaAb2BtonkMdfpvQZxmevNDBEowanlONgXRpw9e1dHDAgTmX4XszVi2pMQAZZvVtd-dntGNVByUvx_vQsTFmM=w408-h306-k-no,true,8 am–7 pm,8 am–7 pm,8 am–7 pm,8 am–7 pm,8 am–7 pm,9 am–6 pm,8 am–7 pm,"https://www.google.com/maps/search/tree+service+businesses+in+Gleneagle+Colorado+Springs+CO/@39.0453205,-104.8277214,14z",2026-04-29T05:00:31.184Z,"Hardware store stocking household tools, garden supplies, home decor & more. · In-store shopping · In-store pick-up · Delivery",,
"https://www.google.com/maps/place/Root+of+All+Tree+Care,+LLC/data=!4m7!3m6!1s0xadb9d63cdb71e11f:0x6abcff1b8b80bff6!8m2!3d38.7996345!4d-104.752089!16s%2Fg%2F11t_jyzgg5!19sChIJH-Fx2zzWua0R9r-Aixv_vGo","Root of All Tree Care, LLC",5.0,5,Tree service,,,http://www.rootofalltreecare.com/,+1 719-463-9724,Closed · Opens 8 am Wed,,https://lh3.googleusercontent.com/gps-cs-s/APNQkAGkVaBuVNrMJHqD14OO4FGw7-fzp1CLe0LvXwxMKYiyZgcp2b23oed4PIHNqq2EAJVGico4awEpZvrk_GO6TGKM9zI_vpgl8PBBJeIxSgWyrvplXqIwOjd4OZ_HxcSJmrxh9FXK=w408-h544-k-no,true,8 am–5 pm,8 am–5 pm,8 pm–12 am,12 am–5 pm,9 am–2 pm,Closed,8 am–5 pm,"https://www.google.com/maps/search/tree+service+businesses+in+Gleneagle+Colorado+Springs+CO/@39.0453205,-104.8277214,14z",2026-04-29T05:00:36.268Z,,,
https://www.google.com/maps/place/The+Brass+Tap+-+Colorado+Springs/data=!4m7!3m6!1s0x87134d4990a48cb1:0x77674edda342000!8m2!3d39.024929!4d-104.8235626!16s%2Fg%2F11c549bt5t!19sChIJsYykkElNE4cRACA02u10dgc,The Brass Tap - Colorado Springs,4.3,1001,Bar,"13271 Bass Pro Dr Ste 110, Colorado Springs, CO 80921, United States","25FG+XH Colorado Springs, Colorado, USA",https://www.brasstapbeerbar.com/coloradosprings,+1 719-487-8076,Closed · Opens 11 am Wed,Identifies as women-owned,https://lh3.googleusercontent.com/gps-cs-s/APNQkAFYKpl4QPd0stD4ytn3u87tp7MwJdkhP1c2pk4cBiBMCDlUxau4B0hDL4E8bDPoXVO6Gl-0ic8UZiyW3B_DYh07oTmk5q1EweSnXVTvnaJl6bWJUqbqadjW5k5RedLO_CrV41H5ig=w408-h306-k-no,true,11 am–11 pm,11 am–11 pm,11 am–11 pm,11 am–12 am,11 am–12 am,11 am–10 pm,11 am–11 pm,"https://www.google.com/maps/search/tree+service+businesses+in+Gleneagle+Colorado+Springs+CO/@39.0453205,-104.8277214,14z",2026-04-29T05:00:41.303Z,"Festive pub offering myriad beer options, wine & TVs tuned to sports, plus live music. · Dine-in · Kerbside pickup · Delivery",,
https://www.google.com/maps/place/Divine+Landscape/data=!4m7!3m6!1s0x87134969a653a965:0x8829fff8e799cd4!8m2!3d38.999198!4d-104.7374506!16s%2Fg%2F11lh5qz71t!19sChIJZalTpmlJE4cR1Jx5jv-fggg,Divine Landscape,4.9,61,Landscaper,,,https://www.divine-landscape.com/,+1 719-600-1713,Closed · Opens 8 am Wed,,https://lh3.googleusercontent.com/gps-cs-s/APNQkAHKmmrtrvtcW0_U5lWXY-iveJqVlBBgqXynmFn0dYcV5L63RZ33YV-CDVsyzgS-om3n0AgR03GSikUm11Pi_XsZ_gZktR1Eh4yp9SalJccfN-k8Cey3N6qei2jvj7CCTDG8Y7jzUrs6f_BY=w408-h544-k-no,true,8 am–5 pm,8 am–5 pm,8 am–5 pm,8 am–5 pm,Closed,Closed,8 am–5 pm,"https://www.google.com/maps/search/tree+service+businesses+in+Gleneagle+Colorado+Springs+CO/@39.0453205,-104.8277214,14z",2026-04-29T05:00:46.118Z,,true,
https://www.google.com/maps/place/KowboyZ+Inc./data=!4m7!3m6!1s0x3b44a6a3819ab9:0xf1ae1820fe6f6af8!8m2!3d38.875789!4d-104.752089!16s%2Fg%2F11sm6_kf8d!19sChIJuZqBo6ZEOwAR-Gpv_iAYrvE,KowboyZ Inc.,1.0,1,Tree service,,,,+1 719-233-7035,Open 24 hours,,https://lh3.googleusercontent.com/gps-cs-s/APNQkAHmn_OBk0p1pNPC7-0f_OHSfA5-Ck20C0vOfCd8JpNB0MGJzUrutMaiwGjumhz9e8OVGnvBAzm-GyyMGnqScCt5tYvwRU_4eqx6KH-gXiPP2gKZJM35KQVvVHXeambdLO5Eh8za=w408-h544-k-no,true,Open 24 hours,Open 24 hours,Open 24 hours,Open 24 hours,Open 24 hours,Open 24 hours,Open 24 hours,"https://www.google.com/maps/search/tree+service+businesses+in+Gleneagle+Colorado+Springs+CO/@39.0453205,-104.8277214,14z",2026-04-29T05:00:50.842Z,,,
"https://www.google.com/maps/place/Black+Bear+Tree+Care/@38.913899,-104.7815885,13z/data=!3m1!4b1!4m6!3m5!1s0x4cb78ee47270b7b3:0xbbb8b07c7778d1fc!8m2!3d38.913899!4d-104.7815885!16s%2Fg%2F11t8wwx_92",Black Bear Tree Care,,,Tree service,,,https://bbtreecare.com/,+1 719-695-8828,Closed · Opens 8 am Wed,,,true,8 am–5 pm,8 am–5 pm,8 am–5 pm,8 am–5 pm,Closed,Closed,8 am–5 pm,"https://www.google.com/maps/search/tree+service+businesses+in+Gleneagle+Colorado+Springs+CO/@39.0453205,-104.8277214,14z",2026-04-29T05:01:04.404Z,,,
https://www.google.com/maps/place/TAVA+Gardening+%26+Landscaping/data=!4m7!3m6!1s0xae81bc6dfe57abbd:0x392d9d674422070f!8m2!3d38.875789!4d-104.752089!16s%2Fg%2F11rv2l9ww7!19sChIJvatX_m28ga4RDwciRGedLTk,TAVA Gardening & Landscaping,5.0,8,Landscaper,,,http://tavagardening.com/,+1 719-330-5715,Closed · Opens 7 am Wed,,https://lh3.googleusercontent.com/gps-cs-s/APNQkAFSPGp5W4Gv-o7pn-s0puMT5P3Gw5VnIpWi0pyNOF51g0ikiUOxR10kwqJSKbpP-E85zKGa1Z5V5kfBPcLsTyY_UM_OzNNyAuQXlG7Q5jhbtz9pV3bdxDmSyrt_ZvKIKlrks5U=w408-h306-k-no,true,7 am–5 pm,7 am–5 pm,7 am–5 pm,7 am–5 pm,8 am–2 pm,Closed,7 am–5 pm,"https://www.google.com/maps/search/tree+service+businesses+in+Gleneagle+Colorado+Springs+CO/@39.0453205,-104.8277214,14z",2026-04-29T05:01:09.121Z,,,
https://www.google.com/maps/place/AAA+Haulin+Hawg/data=!4m7!3m6!1s0xb5af677f1f4ccdb:0x7880d75027489c80!8m2!3d38.875789!4d-104.752089!16s%2Fg%2F11t29thvzt!19sChIJ28z08Xf2WgsRgJxIJ1DXgHg,AAA Haulin Hawg,,,Demolition contractor,,,,+1 719-338-2013,Open 24 hours,,https://lh3.googleusercontent.com/gps-cs-s/APNQkAEpRGs9JIuqZV1lMc8GnMWxkofV7U98hgmLV1wRYr_c4S3Ws_3IijkXeB8MaUfpvU4TJRvjJ-L6fh0W5lx65LvpiTpf9NFlog3DOvXFG70ASmceFBxAN6QfxxNJgjrehcywzmQ=w408-h306-k-no,true,Open 24 hours,Open 24 hours,Open 24 hours,Open 24 hours,Open 24 hours,Open 24 hours,Open 24 hours,"https://www.google.com/maps/search/tree+service+businesses+in+Gleneagle+Colorado+Springs+CO/@39.0453205,-104.8277214,14z",2026-04-29T05:01:13.715Z,,,
https://www.google.com/maps/place/Old+Growth+Tree+Service/data=!4m7!3m6!1s0x8741d913196186ad:0xb63229cc0f7f6c2f!8m2!3d39.6319387!4d-106.9194064!16s%2Fg%2F11f3m9qxyl!19sChIJrYZhGRPZQYcRL2x_D8wpMrY,Old Growth Tree Service,4.9,105,Tree service,"248 Spring Creek Cir, Gypsum, CO 81637, United States","J3JJ+Q6 Gypsum, Colorado, USA",http://www.oldgrowth-tree.com/,+1 970-401-0274,Closed · Opens 7 am Wed,,https://lh3.googleusercontent.com/gps-cs-s/APNQkAHK7EolHEYVe5yBG2QlAtHcKGj2aTsnHxdmZrdFVo3aOc22ECZutyiqf4DmDfQO4JY3D4GhLfOiHS7nJJCe87V_pjxzcxOoCN1Txuz-cMOg0lHSk6_d0vR1gNHoZ00lFLM7wU2mbv-fxcJU=w408-h272-k-no,true,7 am–6 pm,7 am–6 pm,7 am–6 pm,7 am–5 pm,7 am–6 pm,Closed,7 am–6 pm,"https://www.google.com/maps/search/tree+service+businesses+in+Gleneagle+Colorado+Springs+CO/@39.0453205,-104.8277214,14z",2026-04-29T05:01:18.480Z,,,
https://www.google.com/maps/place/Buckeye+Gardener/data=!4m7!3m6!1s0x87134500517e3811:0x50c11f32cfb33cd8!8m2!3d38.82474!4d-104.5620485!16s%2Fg%2F11j3t9vb6s!19sChIJETh-UQBFE4cR2DyzzzIfwVA,Buckeye Gardener,4.7,27,Landscaper,,,https://buckeyegardener.com/,+1 719-200-2165,Closed · Opens 8 am Wed,,https://lh3.googleusercontent.com/gps-cs-s/APNQkAHosxxjfoeZQUEv6ZiKcM0Xe0bwK-pNvqaLzFKrDE3xmqFkjV3peBhIwGL_XtJ5A39sOnyHePkI3oG66Vd8LAZC0yBdEUIlzE7pyXpFpTOgz8t7mCS5mSk4z-E5sfmjn3sdw1if=w508-h240-k-no,true,8 am–6 pm,8 am–6 pm,8 am–6 pm,8 am–6 pm,Closed,Closed,8 am–6 pm,"https://www.google.com/maps/search/tree+service+businesses+in+Gleneagle+Colorado+Springs+CO/@39.0453205,-104.8277214,14z",2026-04-29T05:01:23.517Z,,,
https://www.google.com/maps/place/Supercuts/data=!4m7!3m6!1s0x876cad7f0e0eec51:0xd04afbc92b146b1f!8m2!3d39.065384!4d-104.849827!16s%2Fg%2F1tcwggr6!19sChIJUewODn-tbIcRH2sUK8n7StA,Supercuts,4.6,621,Hair salon,"15932 Jackson Creek Pkwy, Monument, CO 80132, United States","3582+53 Monument, Colorado, USA",https://www.supercuts.com/locations/nearme/haircut/co/monument/15932-jackson-creek-pkwy/82755,+1 719-487-3314,Closed · Opens 9 am Wed,,https://lh3.googleusercontent.com/gps-cs-s/APNQkAHSlk-eQt1JRge9T_7-G7SgGbdMrNfEGTlM3AwT9FB6n-4BYOrrNA-FNkdq5MxEjuO9yfGBkzz__L4lHLHohEJT82sRlo8UTiupQMmnVvZFwFFZQsydthSTlaRl_sRgx8fikcQq=w408-h306-k-no,true,9 am–6 pm,9 am–6 pm,9 am–6 pm,9 am–6 pm,9 am–5 pm,10 am–5 pm,9 am–6 pm,"https://www.google.com/maps/search/tree+service+businesses+in+Gleneagle+Colorado+Springs+CO/@39.0453205,-104.8277214,14z",2026-04-29T05:01:41.509Z,,,
https://www.google.com/maps/place/Barron+Landscape/data=!4m7!3m6!1s0x8f7f95ee56a7aa1f:0x83f1fefecc812a05!8m2!3d38.8378106!4d-104.752089!16s%2Fg%2F11ygzrjx60!19sChIJH6qnVu6Vf48RBSqBzP7-8YM,Barron Landscape,4.3,4,Landscape designer,,,http://barronlandscapellc.net/,+1 720-448-9364,Closed · Opens 8 am Wed,LGBTQ+ friendly,https://lh3.googleusercontent.com/gps-cs-s/APNQkAEHCdv8NOUqu7ObCnb38lvyoBABzdpsEhq4nIgBz3aNKcOlBOCHkuNve2Q9DofZh3kRzgXtAHZUrba7jGU8zbSul1MCUE2OnK053zXRfd5aZUA0EuLQg06eec18iTa0DhqfXlUkFIPcCp6C=w408-h544-k-no,true,8 am–5 pm,8 am–5 pm,8 am–5 pm,8 am–5 pm,8 am–5 pm,Closed,8 am–5 pm,"https://www.google.com/maps/search/tree+service+businesses+in+Gleneagle+Colorado+Springs+CO/@39.0453205,-104.8277214,14z",2026-04-29T05:01:46.511Z,,,
https://www.google.com/maps/place/The+Jobsite+LLC+-+Lawncare+in+Colorado+Springs/data=!4m7!3m6!1s0x88fae7b4547fe601:0x7d39f95034a85118!8m2!3d38.875789!4d-104.896054!16s%2Fg%2F11vwh4knz7!19sChIJAeZ_VLTn-ogRGFGoNFD5OX0,The Jobsite LLC - Lawncare in Colorado Springs,,,Lawn care service,,,http://atthejobsite.com/,+1 912-532-0322,,LGBTQ+ friendly,https://lh3.googleusercontent.com/gps-cs-s/APNQkAHKQmULc5TYrQjQu8i0qruvIxXLMTHi6AWDfnKdggbdAjShrT7tSrh72NjhV4I-RQHtzcd8zuOYv9tkloAtwVqIsBmyUx_lvKoEPiWHm7PBZBaqHJnfirsdwk-DNqmH6ntcbjsu5mdDrFKs=w408-h408-k-no,true,,,,,,,,"https://www.google.com/maps/search/tree+service+businesses+in+Gleneagle+Colorado+Springs+CO/@39.0453205,-104.8277214,14z",2026-04-29T05:01:50.980Z,,,
"https://www.google.com/maps/place/Landscape+FX,+Inc./data=!4m7!3m6!1s0x87134f537d277a43:0x75191871efdc0c5b!8m2!3d38.8226719!4d-104.8243104!16s%2Fg%2F12hyy7_yr!19sChIJQ3onfVNPE4cRWwzc73EYGXU","Landscape FX, Inc.",4.7,65,Landscaper,"812 S Tejon St, Colorado Springs, CO 80903, United States","R5FG+37 Colorado Springs, Colorado, USA",http://www.landscape-fx.com/,+1 719-439-3169,Temporarily closed,,https://lh3.googleusercontent.com/gps-cs-s/APNQkAFZdheL645V0FNSuE6OAPGWQLOaX7yMLqcQdd7oCT5i_2wlwLUP3WEqS7jrltLnHoq_5kBolwXOnS5YTqXrw_1FGARwLLGH979jiDXc16ZjNPg1nvx1IxU6Iophpoh0mhf_-92t=w408-h306-k-no,true,,,,,,,,"https://www.google.com/maps/search/tree+service+businesses+in+Gleneagle+Colorado+Springs+CO/@39.0453205,-104.8277214,14z",2026-04-29T05:01:55.726Z,,,
https://www.google.com/maps/place/JTB+Landscaping/data=!4m7!3m6!1s0x871346b6c2ec8e9d:0x8b162349eb45a3e5!8m2!3d38.8026965!4d-104.7331012!16s%2Fg%2F1tk23d10!19sChIJnY7swrZGE4cR5aNF60kjFos,JTB Landscaping,4.2,68,Landscaper,"1972 Aerotech Dr #4205, Colorado Springs, CO 80916, United States","R738+3Q Colorado Springs, Colorado, USA",http://jtblandscaping.com/,+1 719-590-7185,Closed · Opens 8 am Wed,,https://lh3.googleusercontent.com/gps-cs-s/APNQkAGdVP5k5KaUKvWzchzbI19QF99KYgKEfrFnLppAbkNJqRc9CHncfuy9njNhLrl8EBGvjuzDfOPv0_cPd7wn3b9R3wLacjqV3KdRVi2R_L759oNcJX8Xgs3SZRdrRLGSrSeWFrk=w408-h306-k-no,true,8 am–4 pm,8 am–4 pm,8 am–4 pm,8 am–4 pm,Closed,Closed,8 am–4 pm,"https://www.google.com/maps/search/tree+service+businesses+in+Stratmoor+Colorado+Springs+CO/@38.7743897,-104.7795861,14z",2026-04-29T05:02:17.464Z,,,
https://www.google.com/maps/place/Lawn+Love+Lawn+Care+of+Colorado+Springs/data=!4m7!3m6!1s0x871341842e9530fd:0x5d80c9e1ac1d72b1!8m2!3d38.875789!4d-104.752089!16s%2Fg%2F11ft5y7zsy!19sChIJ_TCVLoRBE4cRsXIdrOHJgF0,Lawn Love Lawn Care of Colorado Springs,4.1,157,Lawn care service,,,https://lawnlove.com/colorado/colorado-springs-lawn-care?utm_source=Google&utm_medium=Places&utm_campaign=ColoradoSprings,+1 719-888-2942,Closed · Opens 6 am Wed,,https://lh3.googleusercontent.com/gps-cs-s/APNQkAH_NX0DcBaICSMqbBONEk99kn4H4Dufw4MFWPpQ5qmbx7utd39PonRFKY0j8Q5llX-WK5OmzditcRK-MVj4FsXajsp1lcg8oSwuNMWSL4Iib1Pf-rGKFQZ16VR_j918r6l3CC86=w457-h240-k-no,true,6 am–10 pm,6 am–10 pm,6 am–10 pm,6 am–10 pm,6 am–10 pm,6 am–10 pm,6 am–10 pm,"https://www.google.com/maps/search/tree+service+businesses+in+Stratmoor+Colorado+Springs+CO/@38.7743897,-104.7795861,14z",2026-04-29T05:02:22.149Z,,,
https://www.google.com/maps/place/Fresh+Landscapes+%E2%80%93+Colorado+Springs+Landscaping+%26+Outdoor+Construction/data=!4m7!3m6!1s0x8093885b52be6565:0x5a85485f175026e4!8m2!3d38.9139651!4d-104.695906!16s%2Fg%2F11jzqvwhj_!19sChIJZWW-UluIk4AR5CZQF19IhVo,Fresh Landscapes – Colorado Springs Landscaping & Outdoor Construction,4.9,33,Landscaper,,,https://freshlandscapesco.com/,+1 719-650-0486,Closed · Opens 8 am Wed,,https://lh3.googleusercontent.com/gps-cs-s/APNQkAFBEI4aCGxxTX089M0gBClvIj1Wbh5BQHpNHXFewLLB0rYrJtOJGZYQamdWAykpK4uaSsNkDfLr0s9Yj3iYyrlsnqYeaToNLPH2x8sL0VnAXZLb2lqe62uApNdb0yFYjM7sfDysxfX1r1JQ=w408-h272-k-no,true,8 am–5:30 pm,8 am–5:30 pm,8 am–5:30 pm,8 am–5:30 pm,Closed,Closed,8 am–5:30 pm,"https://www.google.com/maps/search/tree+service+businesses+in+Stratmoor+Colorado+Springs+CO/@38.7743897,-104.7795861,14z",2026-04-29T05:02:26.825Z,,,
https://www.google.com/maps/place/Jolly+christmas+trees/data=!4m7!3m6!1s0x871345cca016a9e5:0xabf9d4664f8528d7!8m2!3d38.8077216!4d-104.7809849!16s%2Fg%2F11h3h_t1cc!19sChIJ5akWoMxFE4cR1yiFT2bU-as,Jolly christmas trees,4.8,99,Christmas tree farm,"S Circle Dr &, Monterey Rd, Colorado Springs, CO 80910, United States","R659+3J Colorado Springs, Colorado, USA",http://jollychristmastrees.com/,+1 720-939-6612,Closed · Opens 12 pm Wed,,https://lh3.googleusercontent.com/gps-cs-s/APNQkAGogTwYVHRyaXeu0DALKR7BW-hWvXWuysG3YgzdyMNg1L9JraUZPXSezKQy0DPgOvLaue_avObglrFpI2po-NmrSLzKcfZXQhMmaGPum2Jd6jCQ9etHXpRHzMKWdPtM2MzJwGMN=w408-h544-k-no,true,12–7 pm,12–7 pm,12–7 pm,12–7 pm,10 am–7 pm,10 am–6 pm,12–7 pm,"https://www.google.com/maps/search/tree+service+businesses+in+Stratmoor+Colorado+Springs+CO/@38.7743897,-104.7795861,14z",2026-04-29T05:02:32.065Z,,,
https://www.google.com/maps/place/Weed+Man+Lawn+Care/data=!4m7!3m6!1s0x871345e27ef8a5c1:0xde62786de1251265!8m2!3d38.7932471!4d-104.7890683!16s%2Fg%2F11qzlwsrtb!19sChIJwaX4fuJFE4cRZRIl4W14Yt4,Weed Man Lawn Care,4.6,609,Lawn care service,"2801 Janitell Rd, Colorado Springs, CO 80906, United States","Q6V6+79 Colorado Springs, Colorado, USA",https://weedman.com/en-us/coloradosprings,+1 719-368-4961,"Closed · Opens 8 am Wed

Updated by this business 7 weeks ago",,https://lh3.googleusercontent.com/gps-cs-s/APNQkAHrAHvr6AqfmQ877afqa8BST_TJrPdc3RGBpV3rcjQEUcLRSZ33wEmVV8ej_y5qSO32GhF5Ay5ulm8GpMqj7AVhdVKnKQlRHzN-r_QQd4NI_Z_oPjH8ih-dhz6YfMRHm0fowhcxdA=w427-h240-k-no,true,8 am–7 pm,8 am–7 pm,8 am–7 pm,8 am–6 pm,9 am–2 pm,1–4 pm,8 am–7 pm,"https://www.google.com/maps/search/tree+service+businesses+in+Stratmoor+Colorado+Springs+CO/@38.7743897,-104.7795861,14z",2026-04-29T05:02:43.431Z,,,
https://www.google.com/maps/place/Rocky+Top+Motel+%26+Campground/data=!4m10!3m9!1s0x871355db70c42c61:0xb9cbd7284a92f223!5m2!4m1!1i2!8m2!3d38.9357492!4d-105.0060901!16s%2Fg%2F1tjyp52w!19sChIJYSzEcNtVE4cRI_KSSijXy7k,Rocky Top Motel & Campground,4.4,344,,"10090 W Hwy 24, Green Mountain Falls, CO 80819, United States","WXPV+7H Green Mountain Falls, Colorado, USA",http://www.rockytopco.com/,+1 719-684-9044,,,https://lh3.googleusercontent.com/gps-cs-s/APNQkAEESHUTQc4MoFQNBiQcw4BTukh7zyrryZUY-B_72sXgPcgPVAZWuHZGz1dGNiEu7waWmePtK3Zm4ocy0MLGmWKmZE9gt4W8yTc90K_gmNQYOuAKOboSFUx9hEVdRWW76oucvBwE=w408-h295-k-no,true,,,,,,,,"https://www.google.com/maps/search/tree+service+businesses+in+Green+Mountain+Falls+Colorado+Springs+CO/@38.9349905,-105.0169263,14z",2026-04-29T05:02:59.386Z,,,
https://www.google.com/maps/place/The+Pantry/data=!4m7!3m6!1s0x871355e8cad7bcff:0x31f2f4c480a834f7!8m2!3d38.9343877!4d-105.0146794!16s%2Fg%2F1td05hzq!19sChIJ_7zXyuhVE4cR9zSogMT08jE,The Pantry,4.7,1778,American restaurant,"6980 Lake St, Green Mountain Falls, CO 80819, United States","WXMP+Q4 Green Mountain Falls, Colorado, USA",http://www.thepantryingreenmtnfallsco.com/,+1 719-684-9018,Closed · Opens 7 am Wed,,https://lh3.googleusercontent.com/gps-cs-s/APNQkAFJDOu2addSO58M4nYRVm_jzIbKnDi7jRR1IBTUgqFdoqHCinhq9wpemgcCW7uVe0fnSe5xW4si8miIKYMZ0WFIV8YRK4vK2EzI_7H17hHbkvjaHAxEq1tBn2xLuEX4XCwubHRI=w493-h240-k-no,true,7 am–2:30 pm,7 am–2:30 pm,7 am–2:30 pm,7 am–2:30 pm,7 am–2:30 pm,7 am–2:30 pm,7 am–2:30 pm,"https://www.google.com/maps/search/tree+service+businesses+in+Green+Mountain+Falls+Colorado+Springs+CO/@38.9349905,-105.0169263,14z",2026-04-29T05:03:04.367Z,"Longtime cafe serving breakfasts & American comfort food, with a seasonal creekside patio. · Dine-in · Takeaway · Delivery",,
https://www.google.com/maps/place/Absolutely+Green/data=!4m7!3m6!1s0x87134fddf004dd17:0xca18deaf1a7a19c9!8m2!3d38.88111!4d-104.8257862!16s%2Fg%2F11rtgfnbgv!19sChIJF90E8N1PE4cRyRl6Gq_eGMo,Absolutely Green,4.9,75,Lawn care service,"160C Cascade Ct, Colorado Springs, CO 80907, United States","V5JF+CM Colorado Springs, Colorado, USA",https://www.absolutelygreenco.com/,+1 719-781-6028,"Closed · Opens 8 am Wed

Confirmed by this business 2 weeks ago",,https://lh3.googleusercontent.com/gps-cs-s/APNQkAEOMAHPSftQ0zQvAHLSoeAhuK4DmeivxAHT5wSikc1q0VJ-CFZ0H94hLFbkpnPmKC9YjJV5-DXnuBfscaaHdm_-oIpF0xpdh8nbSsE5vsGusBU_KTD4Ccpvtubm0mBm_v3Fcqni=w408-h306-k-no,true,8 am–5 pm,8 am–5 pm,8 am–5 pm,8 am–5 pm,Closed,Closed,8 am–5 pm,"https://www.google.com/maps/search/tree+service+businesses+in+Green+Mountain+Falls+Colorado+Springs+CO/@38.9349905,-105.0169263,14z",2026-04-29T05:03:09.035Z,,,
https://www.google.com/maps/place/Markit!+Forestry+Management/data=!4m7!3m6!1s0x871351a2682074f7:0xc61937812d2127ff!8m2!3d38.900983!4d-104.8726439!16s%2Fg%2F11cmt4k539!19sChIJ93QgaKJRE4cR_ychLYE3GcY,Markit! Forestry Management,3.3,12,Forestry service,"2424 Garden of the Gods Rd Suite 290 Building F, Colorado Springs, CO 80919, United States","W42G+9W Colorado Springs, Colorado, USA",http://www.markitforestry.com/,+1 800-562-6910,,,https://streetviewpixels-pa.googleapis.com/v1/thumbnail?panoid=rY27ukoX0sU9dk58CWt0wQ&cb_client=search.gws-prod.gps&w=408&h=240&yaw=309.56586&pitch=0&thumbfov=100,true,,,,,,,,"https://www.google.com/maps/search/tree+service+businesses+in+Green+Mountain+Falls+Colorado+Springs+CO/@38.9349905,-105.0169263,14z",2026-04-29T05:03:11.646Z,,,
https://www.google.com/maps/place/Adventures+Out+West+Pikes+Peak+Ziplines/data=!4m7!3m6!1s0x871350bb479ca437:0xb5771ff3631695e5!8m2!3d38.8641425!4d-104.9232848!16s%2Fg%2F11ggsgfjym!19sChIJN6ScR7tQE4cR5ZUWY_Mfd7U,Adventures Out West Pikes Peak Ziplines,4.9,562,Tourist attraction,"1335 Manitou Ave, Manitou Springs, CO 80829, United States","V37G+MM Manitou Springs, Colorado, USA",https://advoutwest.com/ziplines/,+1 719-578-0935,Closed · Opens 8 am Wed,,https://lh3.googleusercontent.com/gps-cs-s/APNQkAFzpVKhLVOwz4z_NuQnVdCPKjnpLIw205x7SiLz04SxX8XHSEEnYV1PDY2c-EtwN6Pvw1YblBvjxBUOEftYAI8KdIvQMm_kbm4ym_EUBsHeRLdyKYr5LemShupblH6KLTfYEyxr=w408-h607-k-no,true,8 am–5 pm,8 am–5 pm,8 am–5 pm,8 am–5 pm,8 am–5 pm,8 am–5 pm,8 am–5 pm,"https://www.google.com/maps/search/tree+service+businesses+in+Green+Mountain+Falls+Colorado+Springs+CO/@38.9349905,-105.0169263,14z",2026-04-29T05:03:16.573Z,,,
https://www.google.com/maps/place/Pikes+Peak+Forestry+%26+Construction/data=!4m7!3m6!1s0x4a5b24f92de89c7f:0xaf5ab00c548dc7f!8m2!3d39.4767071!4d-105.250829!16s%2Fg%2F11sk8_lr7j!19sChIJf5zoLfkkW0oRf9xIxQCr9Qo,Pikes Peak Forestry & Construction,5.0,15,Arborist service,,,http://www.pikespeakforestry.com/,+1 719-473-0546,,Identifies as LGBTQ+ owned,https://lh3.googleusercontent.com/gps-cs-s/APNQkAFVU0czG7arJ9j36M3eECt3N0gvZkXD_tug8FRkB9xBarA3BO9-tWJq1326v72cYojC41-eK6lra_kNfI3AIrPNJAo6xKrqKwqnSHlFNKM1wsfOc14mJS0cb8JBT8hDgw9GebZCwgUgdr9r=w408-h306-k-no,true,Open 24 hours,Open 24 hours,Open 24 hours,Open 24 hours,Open 24 hours,Open 24 hours,Open 24 hours,"https://www.google.com/maps/search/tree+service+businesses+in+Green+Mountain+Falls+Colorado+Springs+CO/@38.9349905,-105.0169263,14z",2026-04-29T05:03:21.518Z,,,
https://www.google.com/maps/place/Mountain+Men+Tree+Service+Inc/data=!4m7!3m6!1s0x876c7d79e643e387:0xdab2102830183ab4!8m2!3d39.545378!4d-105.042211!16s%2Fg%2F11c6l98wvz!19sChIJh-ND5nl9bIcRtDoYMCgQsto,Mountain Men Tree Service Inc,5.0,7,Tree service,"8187 W Brandon Dr suite #37, Littleton, CO 80125, United States","GXW5+54 Littleton, Colorado, USA",http://mountainmentreeservice.com/,+1 720-213-5763,Closed · Opens 8 am Wed,,https://lh3.googleusercontent.com/gps-cs-s/APNQkAGKHaxO0aBYFi8gx7fk_kExAwRBPcMgGiwsWqYuGyS7NRazSL00Ndg2SSxG4wrp7-ZP1TK0xzp-TRdfOQo2xtMmWqXtN4OXzydU0aY_kwHHymkD7fft7sjivbIzxaxFur4FDs4lnZhRWea3=w408-h544-k-no,true,8 am–5 pm,8 am–5 pm,8 am–5 pm,8 am–5 pm,Closed,Closed,8 am–5 pm,"https://www.google.com/maps/search/tree+service+businesses+in+Green+Mountain+Falls+Colorado+Springs+CO/@38.9349905,-105.0169263,14z",2026-04-29T05:03:32.834Z,,,
https://www.google.com/maps/place/Clean+Air+Lawn+Care+Colorado+Springs/data=!4m7!3m6!1s0x871350a5f88eaaab:0x663e5da831d9f6c1!8m2!3d38.8581023!4d-104.927136!16s%2Fg%2F11f4qgtjjy!19sChIJq6qO-KVQE4cRwfbZMahdPmY,Clean Air Lawn Care Colorado Springs,4.9,35,Lawn care service,"398 Pilot Knob Ave, Manitou Springs, CO 80829, United States","V35F+64 Manitou Springs, Colorado, USA",https://cleanairlawncare.com/service-locations/co/colorado-springs/,+1 719-650-5491,Closed · Opens 7 am Wed,,https://lh3.googleusercontent.com/gps-cs-s/APNQkAHi19qJdiG4hx5pDIwGeaF5QdU-UNL8Ne8M9hOpfxgvdedUyKz9_N8N93br-r4_3qJ744-h6LMVn63xoROx9q569Ux3pky7vKkT1DJidrdtUVQVmJ4Epg_ZUGn3JQoRlDrxkHk9=w426-h240-k-no,true,7 am–5 pm,7 am–5 pm,7 am–5 pm,7 am–5 pm,Closed,Closed,7 am–5 pm,"https://www.google.com/maps/search/tree+service+businesses+in+Green+Mountain+Falls+Colorado+Springs+CO/@38.9349905,-105.0169263,14z",2026-04-29T05:03:37.640Z,,,
https://www.google.com/maps/place/Above+Treeline+Construction/data=!4m7!3m6!1s0x8714ac813d773de1:0x81cecd96bbd76cdc!8m2!3d38.9518248!4d-105.1304441!16s%2Fg%2F1q6qg8h6r!19sChIJ4T13PYGsFIcR3GzXu5bNzoE,Above Treeline Construction,4.3,22,Construction company,"12625 US-24, Divide, CO 80814, United States","XV29+PR Divide, Colorado, USA",http://abovetreelineconstruction.com/,+1 719-687-0680,Closed · Opens 9 am Wed,,https://lh3.googleusercontent.com/gps-cs-s/APNQkAHzD-AY-qGR_xBnUWbHUY95q1EcJT3LXmt84jDp9yQQkwwrQLMeup_76VryNmbugeGxiJRAHSvMrngrXyzD_z2Mru4kHX_BBDHH-dTVVQk7qYp12upxKuvgJwoudFEX0-kZEYvU=w408-h272-k-no,true,9 am–4 pm,9 am–4 pm,9 am–4 pm,9 am–4 pm,Closed,Closed,9 am–4 pm,"https://www.google.com/maps/search/tree+service+businesses+in+Green+Mountain+Falls+Colorado+Springs+CO/@38.9349905,-105.0169263,14z",2026-04-29T05:03:42.702Z,,,
,,,,,,,,,,,,,,,,,,,,"https://www.google.com/maps/search/tree+service+businesses+in+Palmer+Lake+Colorado+Springs+CO/@39.1222138,-104.917204,14z",2026-04-29T05:03:53.285Z,,,No new results found
https://www.google.com/maps/place/Tomas+Trees+Services+In+Alamosa+Colorado/data=!4m7!3m6!1s0x87167de31f300aef:0x51c5dac882d40569!8m2!3d37.4587632!4d-105.872219!16s%2Fg%2F11fst7p2x4!19sChIJ7wowH-N9FocRaQXUgsjaxVE,Tomas Trees Services In Alamosa Colorado,4.9,78,Tree service,"1004 14th St, Alamosa, CO 81101, United States","F45H+G4 Alamosa, Colorado, USA",http://www.tomastreesservices.com/,+1 719-480-1821,Open 24 hours,,https://lh3.googleusercontent.com/gps-cs-s/APNQkAHhIC0rsDctIQfaGalrOLTCSp4a5OhJrJGoXUAh_67AOJJKuU7_3tLnzkmbx76xLAN_XTNN_6ixbaIg7-bdSK1s0OCDktDCCzu_4GemW1HtRh64NIBka0QiY_wrTSgprQsmcCQ=w426-h240-k-no,true,Open 24 hours,Open 24 hours,Open 24 hours,Open 24 hours,Open 24 hours,Open 24 hours,Open 24 hours,"https://www.google.com/maps/search/tree+service+businesses+in+Victor+Colorado+Springs+CO/@38.7099896,-105.1399807,14z",2026-04-29T05:04:08.641Z,,,
https://www.google.com/maps/place/Do+It+Right+Firewood/data=!4m7!3m6!1s0x8714a5836093482b:0x86873b9e25534217!8m2!3d38.8886235!4d-105.1346715!16s%2Fg%2F11j0_d3fpk!19sChIJK0iTYIOlFIcRF0JTJZ47h4Y,Do It Right Firewood,1.0,1,Firewood supplier,,,,+1 719-985-9351,Closed · Opens 9 am Wed,,https://lh3.googleusercontent.com/gps-cs-s/APNQkAFQHorFoL6MwW_nEXIQaPBsFH6y5Bp16OgkPvH_WChN8BsbkVOWPGvqPBRLoGu0GT6T976m2fBwPu9xcm7toTAUGj7BmWz2-WG4BBU_WVorN-ja-WJ98y0XgYgUnPglxj2VjQx0=w578-h240-k-no,true,9 am–6 pm,9 am–6 pm,9 am–6 pm,9 am–6 pm,9 am–6 pm,9 am–6 pm,9 am–6 pm,"https://www.google.com/maps/search/tree+service+businesses+in+Victor+Colorado+Springs+CO/@38.7099896,-105.1399807,14z",2026-04-29T05:04:13.227Z,,,
https://www.google.com/maps/place/Autumn+Blaze+Landscapes/data=!4m7!3m6!1s0x871345beae49e6c1:0xcb27358bf6b43c81!8m2!3d38.9921381!4d-104.6719517!16s%2Fg%2F11j8p3t6nq!19sChIJweZJrr5FE4cRgTy09os1J8s,Autumn Blaze Landscapes,4.9,110,Landscaper,"11165 Pine Meadows Rd, Colorado Springs, CO 80908, United States","X8RH+V6 Colorado Springs, Colorado, USA",https://www.autumnblazelandscapesco.com/,+1 719-291-0446,Open 24 hours,,https://lh3.googleusercontent.com/gps-cs-s/APNQkAHOQJFB-7D0GDIP5HL3nyw5RVIPLa5WX73Jn3kJvoT38nIdIAv6UVwKDocrzyk5eXDf4keec8GTyx9-6xguiyMDoI3B0wQkSCrHmv50Vv0gvma7m24PF8R3mA8rwscjKUBROOk4iw=w408-h306-k-no,true,Open 24 hours,Open 24 hours,Open 24 hours,Open 24 hours,Open 24 hours,Open 24 hours,Open 24 hours,"https://www.google.com/maps/search/tree+service+businesses+in+Black+Forest+Colorado+Springs+CO/@39.0130484,-104.7008083,14z",2026-04-29T05:04:29.344Z,,,
https://www.google.com/maps/place/Black+Forest+by+Wedgewood+Weddings/data=!4m7!3m6!1s0x87134afbf4a9081d:0xa63aae33aa175384!8m2!3d39.0111166!4d-104.6993575!16s%2Fg%2F1tfwqf2q!19sChIJHQip9PtKE4cRhFMXqjOuOqY,Black Forest by Wedgewood Weddings,4.6,565,Wedding venue,"12375 Black Forest Rd, Colorado Springs, CO 80908, United States","2862+C7 Colorado Springs, Colorado, USA",https://www.wedgewoodweddings.com/blackforest?utm_source=google&utm_medium=organic&utm_campaign=gmb&utm_content=black-forest,+1 866-966-3009,Closes soon · 12 am · Opens 8 am Wed,LGBTQ+ friendly,https://lh3.googleusercontent.com/gps-cs-s/APNQkAEYT84qOv48q2u4Bi8jHiwOrjgiR_qNaM59ca-FnwLecVsI1TVfV_HHV7dDv8Xa09-2hTXAG3Sy22GQ5Pb0rApHa-rya7jMzmA5bbI_mVO7ZaCUaBCfN2S1rCuK0qvgYABuP-i2=w408-h272-k-no,true,8 am–12 am,8 am–12 am,8 am–12 am,8 am–12 am,8 am–12 am,8 am–12 am,8 am–12 am,"https://www.google.com/maps/search/tree+service+businesses+in+Black+Forest+Colorado+Springs+CO/@39.0130484,-104.7008083,14z",2026-04-29T05:04:34.147Z,,,
https://www.google.com/maps/place/Black+Forest+Garden+Decorations/data=!4m7!3m6!1s0x87134b5aefdd7f49:0x8888b3ace3deb1b7!8m2!3d38.9973647!4d-104.700623!16s%2Fg%2F11rtr0528k!19sChIJSX_d71pLE4cRt7He46yziIg,Black Forest Garden Decorations,4.8,6,Statuary,"11432 Black Forest Rd, Colorado Springs, CO 80908, United States","X7WX+WQ Colorado Springs, Colorado, USA",https://www.shopblackforestgardendecorations.com/,+1 719-424-8175,Closed · Opens 10 am Wed,,https://lh3.googleusercontent.com/gps-cs-s/APNQkAGUeiZXzhHVjI5anw56UbU2BmQcSaOLdRkGvM8x010p8taxLkZUYcopvV2L8vAlkyqugveVOJMdjztk8sruDmrXjX43BSti3QwiVFAN4Vdhr_CK6fWEuW8v9Rn5ZEKw9txCEE-T=w408-h509-k-no,true,10 am–5 pm,10 am–5 pm,10 am–5 pm,10 am–5 pm,8 am–4 pm,8 am–4 pm,Closed,"https://www.google.com/maps/search/tree+service+businesses+in+Black+Forest+Colorado+Springs+CO/@39.0130484,-104.7008083,14z",2026-04-29T05:04:38.979Z,,,
https://www.google.com/maps/place/Elevated+Landscaping+LLC/data=!4m7!3m6!1s0x87134b9d6980d1f7:0xb52c59397450fcbf!8m2!3d38.875789!4d-104.752089!16s%2Fg%2F11vm8mq4lb!19sChIJ99GAaZ1LE4cRv_xQdDlZLLU,Elevated Landscaping LLC,5.0,34,Landscape designer,,,,+1 562-505-8840,Open 24 hours,,https://lh3.googleusercontent.com/gps-cs-s/APNQkAEJ5t04jBPmX08BvvYo4G2SrTsoHdUeaiFSdSwU5sLikkUyLJ8i-mGA3N2TXMEw3Ti3ud8GvlPP2M7vvQ8Rflr6Lim8P8opolqv_LjwFvikDLWgImKBKSaUG36_d4GlDbmr5M4rvA=w408-h544-k-no,true,Open 24 hours,Open 24 hours,Open 24 hours,Open 24 hours,Open 24 hours,Open 24 hours,Open 24 hours,"https://www.google.com/maps/search/tree+service+businesses+in+Black+Forest+Colorado+Springs+CO/@39.0130484,-104.7008083,14z",2026-04-29T05:04:43.927Z,,,
"https://www.google.com/maps/place/N%2Fa/@38.999198,-104.695906,9z/data=!3m1!4b1!4m6!3m5!1s0x843b2e8262eaafe1:0x99bd3dac7a18a6db!8m2!3d38.999198!4d-104.695906!16s%2Fg%2F11myxl0gzf",N/a,5.0,2,Landscaper,,,,+1 719-291-4145,Closed · Opens 7 am Wed,Identifies as veteran-owned,,true,7 am–8 pm,7 am–8 pm,7 am–8 pm,7 am–8 pm,9 am–5 pm,Closed,7 am–8 pm,"https://www.google.com/maps/search/tree+service+businesses+in+Black+Forest+Colorado+Springs+CO/@39.0130484,-104.7008083,14z",2026-04-29T05:04:50.488Z,,true,
"https://www.google.com/maps/place/Castle+Rock+Landscaping+Company/@39.0052118,-104.6859919,17z/data=!3m1!4b1!4m6!3m5!1s0x87134a5f6c515555:0x9259eeddb5650250!8m2!3d39.0052118!4d-104.6859919!16s%2Fg%2F11hy_xk403",Castle Rock Landscaping Company,,,Contractor,"7550 Carver Ln, Colorado Springs, CO 80908, United States","2847+3J Colorado Springs, Colorado, USA",http://5280landscaping.com/about-us/,+1 720-587-7590,,,,false,,,,,,,,"https://www.google.com/maps/search/tree+service+businesses+in+Black+Forest+Colorado+Springs+CO/@39.0130484,-104.7008083,14z",2026-04-29T05:04:55.398Z,,,
https://www.google.com/maps/place/Black+Forest+Brewing+Company/data=!4m7!3m6!1s0x87134a5412cfffff:0x2de0b6447bfff536!8m2!3d38.9999675!4d-104.7008765!16s%2Fg%2F11gg9bzhd8!19sChIJ___PElRKE4cRNvX_e0S24C0,Black Forest Brewing Company,4.6,593,Brewery,"11590 Black Forest Rd Ste 50, Colorado Springs, CO 80908, United States","X7XX+XJ Colorado Springs, Colorado, USA",http://blackforestbrewingco.com/,+1 719-396-2011,"Closed · Opens 11 am Wed

Updated by this business 4 weeks ago",Identifies as veteran-owned,https://lh3.googleusercontent.com/gps-cs-s/APNQkAEh9d_563gcJAFXReRf9viTo_xXQPGAxi47dEA2yEQuLqqIn4sss_kHaRpq1HfbobbY4RSbG8eSHkp9UScK5rq_w_4d3ygTxAUDHbdOmk6hQAba4wV8_Iiaxa7rYevpJuZYkDL0_nUU65vd=w408-h284-k-no,true,11 am–9 pm,11 am–9 pm,11 am–10 pm,11 am–10 pm,11 am–10 pm,11 am–8 pm,11 am–9 pm,"https://www.google.com/maps/search/tree+service+businesses+in+Black+Forest+Colorado+Springs+CO/@39.0130484,-104.7008083,14z",2026-04-29T05:05:00.316Z,· Delivery,,
https://www.google.com/maps/place/Elevated+Environments/data=!4m7!3m6!1s0x47a808e08a651d07:0x98231cb0a7315cee!8m2!3d38.875789!4d-104.752089!16s%2Fg%2F11lf0j7v0h!19sChIJBx1liuAIqEcR7lwxp7AcI5g,Elevated Environments,4.6,40,Landscaper,,,https://elevatedenv.com/,+1 719-799-8304,Closed · Opens 7 am Wed,,https://lh3.googleusercontent.com/gps-cs-s/APNQkAHsPdjT-uQfLE0cV3DAX3L3AZNdTAQLn0xyG4l0gTdRSVqMpKxVKa_Ikfhwn898qzrY8Mth10EWysir82ZlBVZfjPLcYLeYomJU4LTpdQoTL1kXgPhbnEhkyY9c5zM898Gd7xdBYRKFDePE=w408-h306-k-no,true,7 am–7 pm,7 am–7 pm,7 am–7 pm,7 am–7 pm,7 am–7 pm,7 am–7 pm,7 am–7 pm,"https://www.google.com/maps/search/tree+service+businesses+in+Black+Forest+Colorado+Springs+CO/@39.0130484,-104.7008083,14z",2026-04-29T05:05:05.087Z,,,
https://www.google.com/maps/place/The+Chicken+Coop/data=!4m7!3m6!1s0x87134a5406681e87:0xa72442cf56ef9a6e!8m2!3d38.9995965!4d-104.7001533!16s%2Fg%2F11cmfhdl7j!19sChIJhx5oBlRKE4cRbprvVs9CJKc,The Chicken Coop,4.7,90,Bar,"11627 Black Forest Rd, Colorado Springs, CO 80908, United States","X7XX+RW Colorado Springs, Colorado, USA",https://thechickencoopco.com/,+1 719-495-3189,Closed · Opens 11:30 am Wed,,https://lh3.googleusercontent.com/gps-cs-s/APNQkAFLcIt-Pkj6Cg4IyaCmzYiXy_FmGd2HjW6aIz3kX0jE_mATpadNJZkQA_7ZtYdztFUtXMxZyJH_Qhju4IdBsjlDEQmdXa0Ilte9RdNI_O0uLZElQ4_iWvl9df3OY7brmqTcU7I=w408-h306-k-no,true,11:30 am–11 pm,11:30 am–11 pm,11:30 am–11 pm,11:30 am–2 am,11:30 am–2 am,11:30 am–8 pm,11:30 am–10 pm,"https://www.google.com/maps/search/tree+service+businesses+in+Black+Forest+Colorado+Springs+CO/@39.0130484,-104.7008083,14z",2026-04-29T05:05:10.029Z,· Dine-in · Delivery,,
https://www.google.com/maps/place/Peak+N%E2%80%99+Valley+Landscaping/data=!4m7!3m6!1s0x28ec182ceaeed163:0xe3febe4d018a02e4!8m2!3d38.9802629!4d-104.7454855!16s%2Fg%2F11tc0ydwqf!19sChIJY9Hu6iwY7CgR5AKKAU2-_uM,Peak N’ Valley Landscaping,5.0,3,Landscaper,"4286 New Santa Fe Trail, Colorado Springs, CO 80924, United States","X7J3+4R Colorado Springs, Colorado, USA",https://www.peaknvalleylandscaping.com/,+1 719-243-8975,Closed · Opens 7 am Wed,,https://lh3.googleusercontent.com/gps-cs-s/APNQkAFIG7usln4I_RMWykRkoNLBIWFU5v-BW9SxHgV-xf0iHxR0elA2jx7EIyM_Px52nlqiH-qSq0EwFKhFOPH6s4GwMCW69NgT8NAJLNWO_OJ6bC2Sa4V-N2kIW91SN_AkrOIIhPvXG4y6lC5-=w408-h306-k-no,true,7 am–5 pm,7 am–5 pm,7 am–5 pm,7 am–5 pm,Closed,Closed,7 am–5 pm,"https://www.google.com/maps/search/tree+service+businesses+in+Black+Forest+Colorado+Springs+CO/@39.0130484,-104.7008083,14z",2026-04-29T05:05:14.726Z,,,
https://www.google.com/maps/place/Valley+Tree+Care/data=!4m7!3m6!1s0x8714814fc54fe891:0xccf77cc61ab3fc8d!8m2!3d38.3932815!4d-105.1238874!16s%2Fg%2F11mcl46tj9!19sChIJkehPxU-BFIcRjfyzGsZ898w,Valley Tree Care,5.0,8,Tree service,"222 Fremont St, Florence, CO 81226, United States","9VVG+8C Florence, Colorado, USA",,+1 719-964-8148,Closed · Opens 7 am Wed,,https://lh3.googleusercontent.com/gps-cs-s/APNQkAFJbHw28aUcr-4f8oarHS1Ov_6dJbdL_iXMLiQ8wHYpwphg4ZXExhDQ98UikuSK45rvojSNAp7_rGJnj01mDO5BkeSfgZo4YV0emH205tFgXhFuYe9JjbtzalG3cjT26zCX-y00Apf42S0=w408-h538-k-no,true,7 am–6 pm,7 am–6 pm,7 am–6 pm,7 am–6 pm,9 am–6 pm,9 am–6 pm,7 am–6 pm,"https://www.google.com/maps/search/tree+service+businesses+in+Florence+Colorado+Springs+CO/@38.3902777,-105.1185988,14z",2026-04-29T05:05:27.581Z,,,
https://www.google.com/maps/place/All+Terrain+Tree+and+Stump+LLC/data=!4m7!3m6!1s0x227bd779ad1e1093:0xec5c691f96b23a8c!8m2!3d38.4154183!4d-105.198968!16s%2Fg%2F11trcrs7r3!19sChIJkxAerXnXeyIRjDqylh9pXOw,All Terrain Tree and Stump LLC,5.0,49,Tree service,"1722 Ash St, Cañon City, CO 81212, United States","CR82+5C Cañon City, Colorado, USA",https://allterrainstump.com/,+1 719-430-5366,Closed · Opens 7 am Wed,,https://lh3.googleusercontent.com/gps-cs-s/APNQkAHthavrtcZvCCEqlD8xtS2inLiR4aeByYO1Il1zvNjOiQAJ2LL5jaBl1RFzywRcc4BZoz92f-G4V0kttSq8P5_mph_KLyHOTEOwCunh2DkNyJenjMyzDecHLc-Xaj4rDxF4Y_1M5Ds1l-Rb=w426-h240-k-no,true,7 am–7 pm,7 am–7 pm,7 am–7 pm,7 am–7 pm,7 am–7 pm,7 am–7 pm,7 am–7 pm,"https://www.google.com/maps/search/tree+service+businesses+in+Florence+Colorado+Springs+CO/@38.3902777,-105.1185988,14z",2026-04-29T05:05:32.476Z,,,
https://www.google.com/maps/place/Levi+the+Tree+Guy/data=!4m7!3m6!1s0x46909a6479144bfd:0x1e91a3cad120f2d6!8m2!3d38.4941574!4d-105.183021!16s%2Fg%2F11k52h8nfy!19sChIJ_UsUeWSakEYR1vIg0cqjkR4,Levi the Tree Guy,4.3,6,Tree service,,,,+1 304-312-2269,Open 24 hours,,https://lh3.googleusercontent.com/gps-cs-s/APNQkAH0SPty4r5KvDnnylmLFNZU-ztRfTNhKCHomLvfqQwr-_WR4kV0ztN2Zqu4u1O6rmxLHeWO8s1uo4rm2hINpVAdve5RrFO_v2GYq_KSvpqbC4vK5Wrmf0uHuAfEgugJX1b14yNMJw=w408-h544-k-no,true,Open 24 hours,Open 24 hours,Open 24 hours,Open 24 hours,Open 24 hours,Closed,Open 24 hours,"https://www.google.com/maps/search/tree+service+businesses+in+Florence+Colorado+Springs+CO/@38.3902777,-105.1185988,14z",2026-04-29T05:05:37.077Z,,,