placeUrl,title,rating,reviewCount,category,address,plusCode,website,phoneNumber,currentStatus,imgUrl,isClaimed,wednesday,thursday,friday,saturday,sunday,monday,tuesday,query,timestamp,info,attributes,isBlackOwned,error
https://www.google.com/maps/place/Evans+Companies/data=!4m7!3m6!1s0x87f745a13d528b8b:0x995b895ff177f64c!8m2!3d43.971853!4d-92.624298!16s%2Fg%2F11q8g3j7lt!19sChIJi4tSPaFF94cRTPZ38V-JW5k,Evans Companies,5.0,10,Excavating contractor,"9323 35th St SW, Byron, MN 55920, United States","X9CG+P7 Byron, Minnesota, USA",https://evanscompaniesmn.com/,+1 507-440-9910,Open · Closes 5 pm,https://lh3.googleusercontent.com/gps-cs-s/APNQkAEqocZEXTKm-i8AA6ucxDIS1nuf0QZ8U8GwNRhoENrCVPtrAmpp3nE77yQ5x2RcBKvq39pE8FKYDuHZylvHsi7XHkebflbeTo48K8UCYuprRlbqIAxVWqJH0GRXmWTPARhmfj6HRJwM4ck6=w408-h510-k-no,true,8 am–5 pm,8 am–5 pm,8 am–5 pm,8 pm–12 am,12 am–12 pm,8 am–5 pm,8 am–5 pm,"https://www.google.com/maps/search/commercial+landscaping+businesses+in+Byron+Rochester+MN/@43.1565779,-77.6088465,14z",2026-04-29T20:40:30.724Z,,,,
https://www.google.com/maps/place/Weller+Brothers+Landscape+Professionals/data=!4m7!3m6!1s0x87f7592b0c21c0d7:0x62fe30684ae427d7!8m2!3d44.0408531!4d-92.5347089!16s%2Fg%2F11h3g4btxh!19sChIJ18AhDCtZ94cR1yfkSmgw_mI,Weller Brothers Landscape Professionals,4.7,62,Landscaper,"4701 N Frontage Road Hwy, US-14, Rochester, MN 55901, United States","2FR8+84 Rochester, Minnesota, USA",http://www.wellerbrothers.com/,+1 507-200-3058,Open · Closes 5 pm,https://lh3.googleusercontent.com/gps-cs-s/APNQkAHfTuNrBYuBjeJfQJboFonbwd_HYMjnefo8kJdwgFieaBODBukEZHBjtOsv8yQzK84BycR4Ig8fCbPbpvHRaWtWn7sY5YSDgFVpiIHy5awBNWumcKCmlzqu7FYlylNtkUQvdQWP=w408-h272-k-no,true,8 am–5 pm,8 am–5 pm,8 am–5 pm,Closed,Closed,8 am–5 pm,8 am–5 pm,"https://www.google.com/maps/search/commercial+landscaping+businesses+in+Byron+Rochester+MN/@43.1565779,-77.6088465,14z",2026-04-29T20:40:35.287Z,,,,
https://www.google.com/maps/place/Oelkers+Services/data=!4m7!3m6!1s0x87f766318abce501:0xb8f9802e9ea1f39f!8m2!3d44.109586!4d-92.6079662!16s%2Fg%2F11f53v0hhs!19sChIJAeW8ijFm94cRn_Ohni6A-bg,Oelkers Services,4.5,23,Lawn care service,"8430 Main St NW, Byron, MN 55920, United States","495R+RR Byron, Minnesota, USA",https://oelkerslc.com/,+1 507-884-2317,"Closes soon · 4 pm · Opens 8 am Thu

Confirmed by this business 2 weeks ago",https://lh3.googleusercontent.com/gps-cs-s/APNQkAEhCBgelGjrlC1EUZLDsplYxWOgEWOj8yuuKb3C8fMVoNKcnUDooZvSs24MSDjTkLssBY-phYUi1imlzMkRDq_D48hSX27T8VAneYxxQ_SwxDTudMjIGw9vFnmDX44rdvSsC0T2JnMNtU4=w408-h306-k-no,true,8 am–4 pm,8 am–4 pm,8 am–4 pm,Closed,Closed,8 am–4 pm,8 am–4 pm,"https://www.google.com/maps/search/commercial+landscaping+businesses+in+Byron+Rochester+MN/@43.1565779,-77.6088465,14z",2026-04-29T20:40:39.615Z,Identifies as women-owned,,,
https://www.google.com/maps/place/Stahler+Brothers/data=!4m7!3m6!1s0x87f767150fc9812b:0x3397b6f9794697c2!8m2!3d44.068474!4d-92.507401!16s%2Fg%2F11g1lhmj74!19sChIJK4HJDxVn94cRwpdGefm2lzM,Stahler Brothers,4.9,30,Landscaper,"2973 43rd St NW #130, Rochester, MN 55901, United States","3F9V+92 Rochester, Minnesota, USA",https://www.stahlerbrothers.com/,+1 507-910-9196,Open · Closes 7 pm,https://lh3.googleusercontent.com/gps-cs-s/APNQkAE9M_aYc9avA564IgDI7bdn69dwDE-xGbcoHNnxsvR6yjrwdRp5uwhIgiETC0DbxWledK-FLbUPHl-0KovCR5bVL0HroIXDMbJ6M5lUdmnTfwfLmruXrXQi3HBZ1KdwL-m6amQ1pQ=w408-h292-k-no,true,7 am–7 pm,7 am–7 pm,7 am–7 pm,7 am–1 pm,Closed,7 am–7 pm,7 am–7 pm,"https://www.google.com/maps/search/commercial+landscaping+businesses+in+Byron+Rochester+MN/@43.1565779,-77.6088465,14z",2026-04-29T20:40:44.372Z,,,,
https://www.google.com/maps/place/Rochester+Ground+Lawn+%26+Snow+Services/data=!4m7!3m6!1s0x87f760f2e255bdad:0x8eeb80427a016262!8m2!3d43.9170549!4d-92.479414!16s%2Fg%2F1tfzbrjs!19sChIJrb1V4vJg94cRYmIBekKA644,Rochester Ground Lawn & Snow Services,4.9,24,Lawn care service,"1221 County Rd 16 SW, Rochester, MN 55902, United States","WG8C+R6 Rochester, Minnesota, USA",http://www.rochesterground.com/,+1 507-288-1131,Open · Closes 6 pm,https://lh3.googleusercontent.com/gps-cs-s/APNQkAEyCLKfWgJaa1w_3CnKAezR7HkEkBpPE5Y0h1179B52jr53EpQ66Ssb1Hk8a4csN-6eBb9R8t30rCrh9KUFT4q2dRAG02IRLpVcGkORCbtP_qUFq-5nY-iG3YBPllFwbK34a9v0=w437-h240-k-no,true,7 am–6 pm,7 am–6 pm,7 am–6 pm,8 am–12 pm,Closed,7 am–6 pm,7 am–6 pm,"https://www.google.com/maps/search/commercial+landscaping+businesses+in+Byron+Rochester+MN/@43.1565779,-77.6088465,14z",2026-04-29T20:40:48.673Z,Identifies as veteran-owned,,,
https://www.google.com/maps/place/Green+Lawncare+Irrigation/data=!4m7!3m6!1s0x87f9e2757df8d607:0x1791682c88ddf64c!8m2!3d44.0281447!4d-92.6333891!16s%2Fg%2F1tdn01xk!19sChIJB9b4fXXi-YcRTPbdiCxokRc,Green Lawncare Irrigation,4.5,15,Lawn sprinkler system contractor,"613 Barbaree Ln, Byron, MN 55920, United States","29H8+7J Byron, Minnesota, USA",http://www.greenlawncare4u.com/,+1 507-281-9090,Open · Closes 5 pm,https://streetviewpixels-pa.googleapis.com/v1/thumbnail?panoid=Q3ptaSmTFNGO2a1gT9m82Q&cb_client=search.gws-prod.gps&w=408&h=240&yaw=189.62964&pitch=0&thumbfov=100,false,8 am–5 pm,8 am–5 pm,8 am–5 pm,Closed,Closed,8 am–5 pm,8 am–5 pm,"https://www.google.com/maps/search/commercial+landscaping+businesses+in+Byron+Rochester+MN/@43.1565779,-77.6088465,14z",2026-04-29T20:40:53.018Z,,,,
https://www.google.com/maps/place/Elite+Outdoor+Solutions+LLC/data=!4m7!3m6!1s0x87f9e222b4229f09:0x48ca51f1ebc003b5!8m2!3d44.0119075!4d-92.4619144!16s%2Fg%2F11bw2_c31z!19sChIJCZ8itCLi-YcRtQPA6_FRykg,Elite Outdoor Solutions LLC,5.0,11,Lawn care service,"25 9 1/2 St SE Suite #4, Rochester, MN 55904, United States","2G6Q+Q6 Rochester, Minnesota, USA",http://www.507elite.com/,+1 507-951-4166,Open · Closes 5 pm,https://lh3.googleusercontent.com/gps-cs-s/APNQkAGsqAgtp0nGBRFy277bqvi4TPuRzLYfKeZoTc-gln1yy89uQa7TnJcBXN7E4Qq4D4uldXHXhhAqWGYAOuBk6s8Ml87LjfPCwUKHDAfgRVM_1ymKLj9R4u6xx_a8oF-9DiGoQIuWOw=w408-h306-k-no,true,9 am–5 pm,9 am–5 pm,9 am–5 pm,Closed,Closed,9 am–5 pm,9 am–5 pm,"https://www.google.com/maps/search/commercial+landscaping+businesses+in+Byron+Rochester+MN/@43.1565779,-77.6088465,14z",2026-04-29T20:40:57.338Z,,,,
https://www.google.com/maps/place/River+Bluff+Landscaping/data=!4m7!3m6!1s0xa5b1ecb504ce7899:0xd8ca854576879815!8m2!3d44.1463066!4d-92.2013545!16s%2Fg%2F11rv1nnxg2!19sChIJmXjOBLXssaURFZiHdkWFytg,River Bluff Landscaping,5.0,102,Landscaper,,,http://riverblufflandscaping.com/,+1 507-216-6410,Open 24 hours,https://lh3.googleusercontent.com/gps-cs-s/APNQkAHTivhTFi_oaSFR369lep-fyrvqONb2a1mqak-I_yduSGNE4FiZl3jaysdCaFZpb2sEEDP0bXpbP0r-qj3mjwbVu4dswgFR9E5KIq7eKawswJIWlRZGxaIoqIR1Bu3Q2f3pX7e2JlyrVbhw=w408-h306-k-no,true,Open 24 hours,Open 24 hours,Open 24 hours,Open 24 hours,Open 24 hours,Open 24 hours,Open 24 hours,"https://www.google.com/maps/search/commercial+landscaping+businesses+in+Byron+Rochester+MN/@43.1565779,-77.6088465,14z",2026-04-29T20:41:01.627Z,,,,
https://www.google.com/maps/place/Links+Outdoor+Services/data=!4m7!3m6!1s0x7251614938e6959:0xd492a07ecb6847a4!8m2!3d43.9120764!4d-92.4184688!16s%2Fg%2F11y571yqgy!19sChIJWWmOkxQWJQcRpEdoy36gktQ,Links Outdoor Services,5.0,34,Landscaper,"3006 75th St SE, Rochester, MN 55904, United States","WH6J+RJ Rochester, Minnesota, USA",https://www.linksoutdoorservices.com/,+1 507-259-5066,Open · Closes 5 pm,https://lh3.googleusercontent.com/gps-cs-s/APNQkAEIyYES94qs0be3JoZDlUimcT3QhoyXZajAbpHNb4-T6465PCO1p-yCMQhJqU2IQiy2lRp9E5BIF1M__LPkwr9DRbDtXI6QAgGFY6IzVq5OtmWwcyDLcX__mqLjHB4VqKtwB1rNNEUxkTzt=w408-h255-k-no,true,7 am–5 pm,7 am–5 pm,7 am–5 pm,Closed,Closed,7 am–5 pm,7 am–5 pm,"https://www.google.com/maps/search/commercial+landscaping+businesses+in+Byron+Rochester+MN/@43.1565779,-77.6088465,14z",2026-04-29T20:41:05.944Z,,,,
https://www.google.com/maps/place/Kustom+Landscape+%26+Design/data=!4m7!3m6!1s0x87f75e3000000001:0x142228dbdd2e3d89!8m2!3d44.0270105!4d-92.4393805!16s%2Fg%2F1t_wpxsr!19sChIJAQAAADBe94cRiT0u3dsoIhQ,Kustom Landscape & Design,3.6,27,Landscaper,,,http://kustomlandscape.com/,+1 507-272-0162,Open 24 hours,https://lh3.googleusercontent.com/gps-cs-s/APNQkAEHpreWlLBRl1DA8yjP9ynLS3R-TZnBB2KaWt42eEvgYN2Y7VK70LeswoCZeGxXMBFkut76e-xrzEoq6YrKRd9VPm0vpJ6jG-OjT9HElwjgXjZkZ1PZzeDl6GaKhp1a5DWhFRo=w408-h306-k-no,true,Open 24 hours,Open 24 hours,Open 24 hours,Open 24 hours,Open 24 hours,Open 24 hours,Open 24 hours,"https://www.google.com/maps/search/commercial+landscaping+businesses+in+Byron+Rochester+MN/@43.1565779,-77.6088465,14z",2026-04-29T20:41:10.254Z,,,,
https://www.google.com/maps/place/Lehman+Outdoors/data=!4m7!3m6!1s0x692130033e1c0c2f:0x95dffdf8b3e0dce3!8m2!3d43.996339!4d-92.481139!16s%2Fg%2F11txfg28j4!19sChIJLwwcPgMwIWkR49zgs_j935U,Lehman Outdoors,4.9,57,Lawn care service,,,https://lehmanoutdoors.com/,+1 507-273-1988,Open · Closes 5 pm,https://lh3.googleusercontent.com/gps-cs-s/APNQkAFnmId9D5H05lV3rrky5i5YEHO-lzYGK8OL8FbOMc_jDBV62hgsZTCNcukk3Uq9m0TgxR3ObyERMgxnJsWDzonJ7HSeU4QJlx1aN1-vdJY682lnNn9YwA7WsTHaUAKE6dGApK8a=w408-h725-k-no,true,8 am–5 pm,8 am–5 pm,8 am–5 pm,Closed,Closed,8 am–5 pm,8 am–5 pm,"https://www.google.com/maps/search/commercial+landscaping+businesses+in+Byron+Rochester+MN/@43.1565779,-77.6088465,14z",2026-04-29T20:41:14.438Z,,,,
https://www.google.com/maps/place/Custom+Retaining+Walls+And+Landscaping/data=!4m7!3m6!1s0x87f9df633e1e5b11:0xa4b7878bdbc291d6!8m2!3d44.1077016!4d-92.4310524!16s%2Fg%2F1hc7d2rjl!19sChIJEVsePmPf-YcR1pHC24uHt6Q,Custom Retaining Walls And Landscaping,4.7,47,Landscaper,"2375 Sleeper Ln NE, Rochester, MN 55906, United States","4H59+3H Rochester, Minnesota, USA",http://www.crwroch.com/,+1 507-281-0669,"Open · Closes 6 pm

Updated by this business 2 weeks ago",https://lh3.googleusercontent.com/gps-cs-s/APNQkAG7IaROUOzl8TuNYBtss1DNbMTOcdYL_YiG2YUQt8UYfC8ZqDpHsRdHastZzw_eTP52zTL-sZqQbVLtxmzQH-072axGzGkmAT-U72zlvUc0RyMPYZ1w0bHz8s6ZSXHGigMx4ZCwcw=w408-h306-k-no,true,8 am–6 pm,8 am–6 pm,8 am–6 pm,8 am–4 pm,10 am–3 pm,8 am–6 pm,8 am–6 pm,"https://www.google.com/maps/search/commercial+landscaping+businesses+in+Byron+Rochester+MN/@43.1565779,-77.6088465,14z",2026-04-29T20:41:18.712Z,,,,
https://www.google.com/maps/place/Complete+Outdoor+Service/data=!4m7!3m6!1s0x87f756739b1797e7:0x9d8381fb3296219d!8m2!3d43.996339!4d-92.481139!16s%2Fg%2F11cmb2fzbl!19sChIJ55cXm3NW94cRnSGWMvuBg50,Complete Outdoor Service,4.7,14,Lawn care service,,,http://www.completeoutdoorservicellc.com/,+1 507-696-7879,Open · Closes 6 pm,https://lh3.googleusercontent.com/gps-cs-s/APNQkAHHT6mGjNLRePKezidUiTNbA13B-qs4csLlfvP8CgksXdHFmypYkNKvKbvMfVstLPq5F5yA4e15up0A2ePQQo6mMos6RjMsVQDTA_lDMFM2hgt2tJW2kLfLydS_opPQ2SuXodtHKQ=w408-h272-k-no,true,7 am–6 pm,7 am–6 pm,7 am–6 pm,Closed,Closed,7 am–6 pm,7 am–6 pm,"https://www.google.com/maps/search/commercial+landscaping+businesses+in+Byron+Rochester+MN/@43.1565779,-77.6088465,14z",2026-04-29T20:41:23.015Z,,,,
https://www.google.com/maps/place/Distinctive+Lawn+%26+Landscape/data=!4m7!3m6!1s0x87f9e72fc6074f29:0x495b6eb679e086cd!8m2!3d44.009248!4d-92.3716934!16s%2Fg%2F11srhqds2s!19sChIJKU8Hxi_n-YcRzYbgebZuW0k,Distinctive Lawn & Landscape,5.0,3,Landscaper,"5325 US-14, Rochester, MN 55904, United States","2J5H+M8 Rochester, Minnesota, USA",http://www.distinctive-landscape.com/,+1 507-867-3935,Open · Closes 5 pm,https://lh3.googleusercontent.com/gps-cs-s/APNQkAE7SePN7RNeGidD1IYB9jDETMK0LzGq5olA7eF_BQivGCSGS7w0RiY3LOR1gvMJYv51v5DIRA9-1RGhMy922iEAQilJvu1wkIQiN_LoEeHYDnyI6gtLTLyhw22kd7FRNw2ksbRODM5kTGw=w408-h295-k-no,true,8 am–5 pm,8 am–5 pm,8 am–5 pm,Closed,Closed,8 am–5 pm,8 am–5 pm,"https://www.google.com/maps/search/commercial+landscaping+businesses+in+Byron+Rochester+MN/@43.1565779,-77.6088465,14z",2026-04-29T20:41:27.370Z,,,,
https://www.google.com/maps/place/Elevated+Hardscapes/data=!4m7!3m6!1s0x87f767b8d46b8d39:0x89d60765f9193a9c!8m2!3d44.0769785!4d-92.5441245!16s%2Fg%2F11lfpcq0d7!19sChIJOY1r1Lhn94cRnDoZ-WUH1ok,Elevated Hardscapes,5.0,62,Landscaper,"5208 Augusta Ln NW, Rochester, MN 55901, United States","3FG4+Q9 Rochester, Minnesota, USA",https://www.elevatedhardscapes.com/,+1 507-696-8420,Open · Closes 5 pm,https://lh3.googleusercontent.com/gps-cs-s/APNQkAFqBjnqBEaJDva3SKudb9o7e4s9N6uURuChyV7pGyCQuKbtQAngUVfaNR4i6o5vu6h8W0oErC6aj4QmxqbIqlau77-8nryhmucVT40uo75guHGljxtkfBK7mt5FpTssuYddCW-gE7he3SI=w408-h306-k-no,true,7 am–5 pm,7 am–5 pm,7 am–5 pm,Closed,Closed,7 am–5 pm,7 am–5 pm,"https://www.google.com/maps/search/commercial+landscaping+businesses+in+Byron+Rochester+MN/@43.1565779,-77.6088465,14z",2026-04-29T20:41:31.662Z,,,,
"https://www.google.com/maps/place/Jensen+Yard/@43.9985981,-92.6219014,17z/data=!3m1!4b1!4m6!3m5!1s0x87f7435260251ddd:0x16d0987a305c33dd!8m2!3d43.9985981!4d-92.6219014!16s%2Fg%2F11g0k1s_y9",Jensen Yard,5.0,2,Lawn care service,"1657 Lilac Ln SW, Byron, MN 55920, United States","X9XH+C6 Byron, Minnesota, USA",http://jensenyard.com/index.php/contact-us/,+1 507-951-6349,,,false,,,,,,,,"https://www.google.com/maps/search/commercial+landscaping+businesses+in+Byron+Rochester+MN/@43.1565779,-77.6088465,14z",2026-04-29T20:41:35.921Z,,,,
https://www.google.com/maps/place/Farmer%27s+Top+Soil/data=!4m7!3m6!1s0x87f744a7d6641d75:0xed01df2246dc5c06!8m2!3d43.9845056!4d-92.624104!16s%2Fg%2F1tcv1_qq!19sChIJdR1k1qdE94cRBlzcRiLfAe0,Farmer's Top Soil,4.2,18,Wholesaler,"9216 County Rd 25 SW, Byron, MN 55920, United States","X9MG+R9 Byron, Minnesota, USA",https://farmerstopsoil.com/,+1 507-281-7682,Open · Closes 5 pm,https://lh3.googleusercontent.com/gps-cs-s/APNQkAH8EOvo838KR-OVijh92bXkfjv5VHPxkTx82cqVZ3aX64zW_C6hLfGo1rRiqpxyepuUmC5a-tDkZyKOmU_nLhZuO3pm05Fo9DSjKxZgfecCsM39MTNoV7HfMist1_pq7nnMSXHr=w408-h306-k-no,true,8 am–5 pm,8 am–5 pm,8 am–5 pm,Closed,Closed,8 am–5 pm,8 am–5 pm,"https://www.google.com/maps/search/commercial+landscaping+businesses+in+Byron+Rochester+MN/@43.1565779,-77.6088465,14z",2026-04-29T20:41:40.242Z,,,,
"https://www.google.com/maps/place/Family+Tree,+LLC/data=!4m7!3m6!1s0x87f9dfa9cbb9015d:0x93ed8e3c9e10c169!8m2!3d44.1075269!4d-92.4287776!16s%2Fg%2F1tj7wyrl!19sChIJXQG5y6nf-YcRacEQnjyO7ZM","Family Tree, LLC",4.8,44,Landscaper,"2580 75th St NE, Rochester, MN 55906, United States","4H5C+2F Rochester, Minnesota, USA",http://familytreensy.com/,+1 507-289-0557,"Open · Closes 5 pm

Updated by this business 2 weeks ago",https://lh3.googleusercontent.com/gps-cs-s/APNQkAGukxWtdzFayE-Kyf24CmJ2_O5t1xgcdHF-fCr3NOzRpQDIVIrEjlRDl2-bKhGE28BNX95xvNfo1LFeCb5B2q-6d8EFgChCCyHtZ2uNJ7woeDHy12jfYxaB-Z9yUlAjkWBBfDEJ=w630-h240-k-no,true,9 am–5 pm,9 am–5 pm,9 am–5 pm,9 am–4 pm,10 am–4 pm,9 am–5 pm,9 am–5 pm,"https://www.google.com/maps/search/commercial+landscaping+businesses+in+Byron+Rochester+MN/@43.1565779,-77.6088465,14z",2026-04-29T20:41:44.638Z,,,,
https://www.google.com/maps/place/Timber+Tech+Lawn+N+Limb/data=!4m7!3m6!1s0x87f75f61d88cc139:0x33fa3e09dd0b4ab2!8m2!3d43.996339!4d-92.481139!16s%2Fg%2F11gm9jdmz7!19sChIJOcGM2GFf94cRskoL3Qk--jM,Timber Tech Lawn N Limb,4.8,20,Tree service,,,,+1 507-218-6887,Open · Closes 5 pm,https://lh3.googleusercontent.com/gps-cs-s/APNQkAH5OrYUBoEQkrL33NcJ7GFQRSLgkkdMDhHYMNqIIiCCA5Hu06VroFokRlxl4Za_AOholfJ1z4VSRU7YeChmGwIVl8RY9W4KtNt_RQwBRXfiJfXUxfZw7dwBcL-HlHpCkiySvYI-=w408-h308-k-no,true,9 am–5 pm,9 am–5 pm,9 am–5 pm,Closed,Closed,9 am–5 pm,9 am–5 pm,"https://www.google.com/maps/search/commercial+landscaping+businesses+in+Byron+Rochester+MN/@43.1565779,-77.6088465,14z",2026-04-29T20:41:49.195Z,,,,
https://www.google.com/maps/place/Rochester+Landscaping+Services/data=!4m7!3m6!1s0x87f75e66795dfb8d:0x64045b95f32e80ba!8m2!3d46.423669!4d-129.9427086!16s%2Fg%2F1v6wpwyl!19sChIJjftdeWZe94cRuoAu85VbBGQ,Rochester Landscaping Services,4.3,18,Landscaper,,,,+1 507-288-6100,,https://lh3.googleusercontent.com/gps-cs-s/APNQkAEHPUWWfCIAmWRCrQVo5wyyhyuQPmI1jl2wDa29dEwXd3BMT_sQ4JvNfffJo1HqaX2iXVYd2DHrOKxG9m9g5z2Us40fJups9cwLLzsQZLWjg__f8yRuM9w8rF-28rf0dI7FH2EWWA=w408-h275-k-no,true,,,,,,,,"https://www.google.com/maps/search/commercial+landscaping+businesses+in+Byron+Rochester+MN/@43.1565779,-77.6088465,14z",2026-04-29T20:41:51.496Z,,,,
https://www.google.com/maps/place/Middle+River+Tree+Service/data=!4m7!3m6!1s0x6b8319045e978c91:0xdebfc2221d666b1c!8m2!3d44.191244!4d-92.584556!16s%2Fg%2F11khrzv3tr!19sChIJkYyXXgQZg2sRHGtmHSLCv94,Middle River Tree Service,5.0,86,Tree service,"1095 Bioscience Drive SE, Pine Island, MN 55963, United States","5CR8+F5 Pine Island, Minnesota, USA",http://www.middlerivertreeservice.com/,+1 507-322-4336,"Open · Closes 6 pm

Confirmed by this business 7 weeks ago",https://lh3.googleusercontent.com/gps-cs-s/APNQkAHxZ4pdkCDI42UzD1BXE97uYS_-N5iJuDLhnZjWIzSqZggG2Mzsop9ih3urCVfRnzFy_srwvpjcTjJjQhUjlYUEW-1kzmAoMhmRp7YgCvOJexZbecuJuRsbtpM3HsDlnmSPZ3Wddrd2LrKL=w475-h240-k-no,true,8 am–6 pm,8 am–6 pm,8 am–6 pm,Closed,Closed,8 am–6 pm,8 am–6 pm,"https://www.google.com/maps/search/commercial+landscaping+businesses+in+Byron+Rochester+MN/@43.1565779,-77.6088465,14z",2026-04-29T20:41:55.751Z,,,,
https://www.google.com/maps/place/The+Plant+Shack+at+DeCook+Landscaping/data=!4m7!3m6!1s0x87f75b488ee4de15:0x2906f726861ec719!8m2!3d43.9846746!4d-92.5634286!16s%2Fg%2F11sysqrcm2!19sChIJFd7kjkhb94cRGccehib3Bik,The Plant Shack at DeCook Landscaping,4.0,22,Garden center,"6262 Salem Rd SW, Rochester, MN 55902, United States","XCMP+VJ Rochester, Minnesota, USA",http://www.decooklandscaping.com/,+1 507-361-1595,"Open · Closes 5 pm

Updated by this business 2 weeks ago",https://lh3.googleusercontent.com/gps-cs-s/APNQkAEwP8JBRUMMsfnCW5YcbZPggdbJTAtbnZN4cA7lEaKg2fqCggh6htftBcn1JpGwngj-shjhaFz83L2__ek2-eZC0-e6pnA0Zft-Vg4BGThtAtMf2tV9L0qRpcuiIGhbVtekPAHf=w533-h240-k-no,true,8 am–5 pm,8 am–5 pm,8 am–5 pm,Closed,Closed,8 am–5 pm,8 am–5 pm,"https://www.google.com/maps/search/commercial+landscaping+businesses+in+Byron+Rochester+MN/@43.1565779,-77.6088465,14z",2026-04-29T20:42:00.160Z,,· In-store shopping · Delivery,,
https://www.google.com/maps/place/Dynamic+Masonry+Products+LLC/data=!4m7!3m6!1s0x87f742df5659186b:0x1d67ef06d6e87342!8m2!3d44.028034!4d-92.6342903!16s%2Fg%2F11b7qwrr1r!19sChIJaxhZVt9C94cRQnPo1gbvZx0,Dynamic Masonry Products LLC,4.2,43,Masonry supply store,"609 Barbaree Ln, Byron, MN 55920, United States","29H8+67 Byron, Minnesota, USA",http://www.dynamicmasonryproducts.com/,+1 507-315-1000,"Open · Closes 5 pm

Updated by this business 4 weeks ago",https://lh3.googleusercontent.com/gps-cs-s/APNQkAHqZBURz4fvIG8hSIn5avrN5FyMlytWg0IbDiurVOg5BByWEIY6gwgWuvlIgRp4JUDlVHvk4GWo-PSGJXJ_7_PJ5Dp3fAqGtcxo26_XLLFH1_5P9d45qk_7a6EGlYTe8EfMLMAT=w426-h240-k-no,true,7 am–5 pm,7 am–5 pm,7 am–5 pm,Closed,Closed,7 am–5 pm,7 am–5 pm,"https://www.google.com/maps/search/commercial+landscaping+businesses+in+Byron+Rochester+MN/@43.1565779,-77.6088465,14z",2026-04-29T20:42:04.430Z,,· Delivery,,
https://www.google.com/maps/place/Creative+Curb+Appeal/data=!4m7!3m6!1s0x87f75e15e7500001:0x5ad84c8cee4b3e88!8m2!3d44.0376655!4d-92.5245522!16s%2Fg%2F11b7001rm6!19sChIJAQBQ5xVe94cRiD5L7oxM2Fo,Creative Curb Appeal,4.3,108,Landscape designer,"1086 Pendant Ln NW Ste 300, Rochester, MN 55901, United States","2FQG+35 Rochester, Minnesota, USA",https://www.creativecurbappeal.com/,+1 507-204-3024,"Open · Closes 5 pm

Confirmed by this business 2 weeks ago",https://lh3.googleusercontent.com/gps-cs-s/APNQkAGl-7HQz6sK3ajZTq5texx0sGzCMkn4VkdtROgU2wkptZ-PzDcxaQWoV_cS7g_el5gBqoWlpvP5-C_D-FlIaBA2wZ_V44M0HuSU83pb009AwLzKWCGT4EdYOTslSq55Wei3OV13dpQ1VKgE=w408-h543-k-no,true,8 am–5 pm,8 am–5 pm,8 am–5 pm,Closed,Closed,8 am–5 pm,8 am–5 pm,"https://www.google.com/maps/search/commercial+landscaping+businesses+in+Byron+Rochester+MN/@43.1565779,-77.6088465,14z",2026-04-29T20:42:08.691Z,Identifies as veteran-owned,,true,
https://www.google.com/maps/place/Ultimate+Landscaping+Inc/data=!4m7!3m6!1s0x87f75ad58f4ff957:0xd1cf160dd83149c5!8m2!3d43.9516319!4d-92.615786!16s%2Fg%2F11hy9p5vq0!19sChIJV_lPj9Va94cRxUkx2A0Wz9E,Ultimate Landscaping Inc,,,Landscaper,"8871 50th St SW, Byron, MN 55920, United States","X92M+MM Byron, Minnesota, USA",,,,https://streetviewpixels-pa.googleapis.com/v1/thumbnail?panoid=llWVP1v_YgjVYfrsoryW3g&cb_client=search.gws-prod.gps&w=408&h=240&yaw=359.5671&pitch=0&thumbfov=100,false,,,,,,,,"https://www.google.com/maps/search/commercial+landscaping+businesses+in+Byron+Rochester+MN/@43.1565779,-77.6088465,14z",2026-04-29T20:42:11.172Z,,,,
https://www.google.com/maps/place/River+City+Lawnscape+Inc+-+Rochester/data=!4m7!3m6!1s0x87f740f8c672ea41:0xec8cfc2663625d29!8m2!3d44.0236775!4d-92.7441273!16s%2Fg%2F1wk7rdzh!19sChIJQepyxvhA94cRKV1iYyb8jOw,River City Lawnscape Inc - Rochester,4.7,27,Landscaper,"400 5th St SE, Kasson, MN 55944, United States","27F4+F8 Kasson, Minnesota, USA",http://www.rivercitylawnscape.com/,+1 877-402-5296,Closes soon · 4 pm · Opens 8 am Thu,https://lh3.googleusercontent.com/gps-cs-s/APNQkAH7UCaXCWA-tqBkIvfDvDhbImYkybrbtvGMLtyT-F3iha64nH3J2TFrWvlKJh2P6R_cKpXCzwiNP98XeqQndGMhxcfvNONFprltdXtWBFzb_J6z185YKmMk7TVrKZ-PoVDmwcU8yQ=w408-h306-k-no,true,8 am–4 pm,8 am–4 pm,8 am–4 pm,Closed,Closed,8 am–4 pm,8 am–4 pm,"https://www.google.com/maps/search/commercial+landscaping+businesses+in+Byron+Rochester+MN/@43.1565779,-77.6088465,14z",2026-04-29T20:42:15.526Z,,,,
https://www.google.com/maps/place/All+Pro+Pavers+%26+Retaining+Walls/data=!4m7!3m6!1s0x87f7636be7d463a1:0xac178d903f58bfd6!8m2!3d44.0270105!4d-92.5335119!16s%2Fg%2F11h91qfqhg!19sChIJoWPU52tj94cR1r9YP5CNF6w,All Pro Pavers & Retaining Walls,5.0,30,Landscape designer,,,http://www.allpropaversandretainingwalls.com/,+1 507-259-8068,Open · Closes 5 pm,https://lh3.googleusercontent.com/gps-cs-s/APNQkAGG4DM70vqEN7j8tvTVAweuSrIqVAYmsyVfU0leLobsf8gbC2QLPxwGYx1j4soM_KRYSx09bzyySNOoRh6Hb6SYGSG5MAFF37owBW1Q80w8zonPiBTfqmdyveOYf8xSsxcgtZuxng=w480-h240-k-no,true,8 am–5 pm,8 am–5 pm,8 am–5 pm,Closed,Closed,8 am–5 pm,8 am–5 pm,"https://www.google.com/maps/search/commercial+landscaping+businesses+in+Byron+Rochester+MN/@43.1565779,-77.6088465,14z",2026-04-29T20:42:19.777Z,,,,
https://www.google.com/maps/place/DeCook+Excavating/data=!4m7!3m6!1s0x87f74320a22399a9:0x493996747fd40752!8m2!3d44.026038!4d-92.6304023!16s%2Fg%2F1tjpr1l8!19sChIJqZkjoiBD94cRUgfUf3SWOUk,DeCook Excavating,3.5,23,Excavating contractor,"821 Country Club Rd SE, Byron, MN 55920, United States","29G9+CR Byron, Minnesota, USA",http://www.decookexcavating.com/,+1 507-361-4870,Open · Closes 5 pm,https://lh3.googleusercontent.com/gps-cs-s/APNQkAHiaCFop3d-gWqHrEjW0cb7M25GXmRkaPOV1gjUC4LhfaZjNor2YT13anmqxdk5AmG28jneY1O1AUOvlQTKW93ssQSO4BYZcR6wEn-c98odOF31R0geXGUzIyFP9kjODcKtySya=w408-h306-k-no,true,7 am–5 pm,7 am–5 pm,7 am–5 pm,Closed,Closed,7 am–5 pm,7 am–5 pm,"https://www.google.com/maps/search/commercial+landscaping+businesses+in+Byron+Rochester+MN/@43.1565779,-77.6088465,14z",2026-04-29T20:42:24.199Z,,,,
https://www.google.com/maps/place/Totalease+Landscaper+Rochester+MN/data=!4m7!3m6!1s0x637a1fee2f33d1f7:0x8636e360bc238e32!8m2!3d44.0285092!4d-92.4671073!16s%2Fg%2F11tj647fz9!19sChIJ99EzL-4femMRMo4jvGDjNoY,Totalease Landscaper Rochester MN,5.0,5,Landscaper,"506 3rd Ave NW, Rochester, MN 55901, United States","2GHM+C5 Rochester, Minnesota, USA",,+1 507-865-5741,Open · Closes 8 pm,https://streetviewpixels-pa.googleapis.com/v1/thumbnail?panoid=6ZRvIrsIKKcf-Ifm33q1vQ&cb_client=search.gws-prod.gps&w=408&h=240&yaw=84.73969&pitch=0&thumbfov=100,false,8 am–8 pm,8 am–8 pm,8 am–8 pm,8 am–8 pm,8 am–8 pm,8 am–8 pm,8 am–8 pm,"https://www.google.com/maps/search/commercial+landscaping+businesses+in+Byron+Rochester+MN/@43.1565779,-77.6088465,14z",2026-04-29T20:42:28.491Z,,,,
https://www.google.com/maps/place/Lawnpro+Lawn+%26+Tree+Care/data=!4m7!3m6!1s0x87f74586add006c7:0xdf5d4035005d1d87!8m2!3d43.9203282!4d-92.6398473!16s%2Fg%2F11fcqsnkgc!19sChIJxwbQrYZF94cRhx1dADVAXd8,Lawnpro Lawn & Tree Care,4.6,7,Lawn care service,"10086 County Rd 26 SW, Byron, MN 55920, United States","W9C6+43 Byron, Minnesota, USA",http://lawnpromn.com/,+1 507-280-9811,Closes soon · 4:30 pm · Opens 7 am Thu,https://streetviewpixels-pa.googleapis.com/v1/thumbnail?panoid=fOc63qcPCJ4so3ZyWzslBA&cb_client=search.gws-prod.gps&w=408&h=240&yaw=177.45406&pitch=0&thumbfov=100,true,7 am–4:30 pm,7 am–4:30 pm,7 am–4:30 pm,Closed,Closed,7 am–4:30 pm,7 am–4:30 pm,"https://www.google.com/maps/search/commercial+landscaping+businesses+in+Byron+Rochester+MN/@43.1565779,-77.6088465,14z",2026-04-29T20:42:32.765Z,,,,
https://www.google.com/maps/place/Pierson+Lawn+Care+and+Landscaping/data=!4m7!3m6!1s0x87f741a6a063461f:0xa36d811da122f0c0!8m2!3d44.0255255!4d-92.6825431!16s%2Fg%2F11txrv5rl0!19sChIJH0ZjoKZB94cRwPAioR2BbaM,Pierson Lawn Care and Landscaping,5.0,64,Lawn care service,,,http://piersonlawnandlandscape.com/,+1 507-696-3849,Open · Closes 8 pm,https://lh3.googleusercontent.com/gps-cs-s/APNQkAHMhjKVjEv4X8CzP2BpMGAgWMONYJTrWfxDVV5lF7MhmLbEJ5XY5de818grV4mVRTTdhuG1mlUILSa91Spmhefhn26uFrdpRrtu0q1XSn81MsgyC73OOF2n87FN2Y2GEMM4OTlEvw=w408-h882-k-no,true,7:30 am–8 pm,7:30 am–8 pm,7:30 am–8 pm,7:30 am–8 pm,7:30 am–8 pm,7:30 am–8 pm,7:30 am–8 pm,"https://www.google.com/maps/search/commercial+landscaping+businesses+in+Byron+Rochester+MN/@43.1565779,-77.6088465,14z",2026-04-29T20:42:37.256Z,,,,
https://www.google.com/maps/place/Collin%27s+Outdoor+Services/data=!4m7!3m6!1s0x87f9e38510f151dd:0xb65d6dbb748e89a4!8m2!3d43.9833328!4d-92.4221031!16s%2Fg%2F11l_h1n7mh!19sChIJ3VHxEIXj-YcRpImOdLttXbY,Collin's Outdoor Services,4.3,6,Landscaper,"2802 Pinewood Rd SE, Rochester, MN 55904, United States","XHMH+85 Rochester, Minnesota, USA",,+1 507-993-4771,Open · Closes 9 pm,https://lh3.googleusercontent.com/gps-cs-s/APNQkAFjUhv5ViUumw23GBV7wkbGPCMLesaGmkURoz63VJR1fEKb6fGT4tyFfIC7MVSoKPSvVUOS1HfSvMeTjXaI-yA5jo8nquyq44ZTgdJ7Vy5_EzVYOGJZ0zRjyxc3EPX_YgKFXfDk=w425-h240-k-no,true,7 am–9 pm,7 am–9 pm,7 am–9 pm,7 am–9 pm,7 am–9 pm,7 am–9 pm,7 am–9 pm,"https://www.google.com/maps/search/commercial+landscaping+businesses+in+Byron+Rochester+MN/@43.1565779,-77.6088465,14z",2026-04-29T20:42:41.478Z,,,,
https://www.google.com/maps/place/Services+By+Pete+of+Rochester+Inc/data=!4m7!3m6!1s0x881e23746f267b37:0x1cebfaf42ec3c4b!8m2!3d43.9974498!4d-92.4211994!16s%2Fg%2F11r_k5sjlx!19sChIJN3smb3QjHogRSzzsQq-_zgE,Services By Pete of Rochester Inc,3.9,15,Landscaper,"2803 Melody St SE, Rochester, MN 55904, United States","XHWH+XG Rochester, Minnesota, USA",https://servicesbypete.com/,+1 507-246-0819,Open · Closes 8 pm,https://lh3.googleusercontent.com/gps-cs-s/APNQkAHnliovSpuGPuPV48pX8s2yX5rUCJzj3TwB3dFk2awPwIB8FOqegEIkbcMdRCJl86KQkZsbBFdcILbp2DwOXo0v3ND6eTVnBFi5qRQRYBboR-Mqf-rtBjlg9BzU5CrU2ZMzTABx=w408-h306-k-no,true,8 am–8 pm,8 am–8 pm,8 am–8 pm,8 am–8 pm,8 am–8 pm,8 am–8 pm,8 am–8 pm,"https://www.google.com/maps/search/commercial+landscaping+businesses+in+Byron+Rochester+MN/@43.1565779,-77.6088465,14z",2026-04-29T20:42:45.785Z,,,,
https://www.google.com/maps/place/Alex%27s+Lawn+Care+%26+Snow+Removal/data=!4m7!3m6!1s0x87f758998d411c31:0x44c84f3cc7bba8a7!8m2!3d43.9624499!4d-92.53446!16s%2Fg%2F11b62w7r9l!19sChIJMRxBjZlY94cRp6i7xzxPyEQ,Alex's Lawn Care & Snow Removal,5.0,17,Lawn care service,,,https://www.facebook.com/p/Alexs-Lawn-Care-Tree-Service-100063537491322/,+1 507-513-4447,Open 24 hours,https://lh3.googleusercontent.com/gps-cs-s/APNQkAFlIUpLN3ku94O1vf3Qe8N73szbP9CoFdxaFxIXCwoHMHiPVDE2r6Pzfw6i9WtzAFqly3Gl-lTuEbdrbz154--AEoDICH04tm4vXZlWaUuSTV0ErU9Cc0Q0CaY6uiBawAoTHlDu=w408-h301-k-no,true,Open 24 hours,Open 24 hours,Open 24 hours,Open 24 hours,Open 24 hours,Open 24 hours,Open 24 hours,"https://www.google.com/maps/search/commercial+landscaping+businesses+in+Byron+Rochester+MN/@43.1565779,-77.6088465,14z",2026-04-29T20:42:50.151Z,,,,
https://www.google.com/maps/place/East+Side+Lawn+and+Snow/data=!4m7!3m6!1s0x87f75fd72f4b9b9b:0x6e4fa8effc3568a1!8m2!3d44.0907269!4d-92.5128028!16s%2Fg%2F11c5qdxx3c!19sChIJm5tLL9df94cRoWg1_O-oT24,East Side Lawn and Snow,5.0,6,Landscaper,"6230 34th Ave NW, Rochester, MN 55901, United States","3FRP+7V Rochester, Minnesota, USA",http://www.lawnnsnow.com/,+1 507-421-2664,Closes soon · 4 pm · Opens 8 am Thu,https://lh3.googleusercontent.com/gps-cs-s/APNQkAHLpUM_M6e3mZwcKJMtIf6P2DBT3jHtmbL7b1gJStTtwteKbTTPf-o2wS7h4gxDr7rYg-LA1G7pJ5WQMdUhX0idSrAT5T2cOdkCLmcqHGwou5yi2cFjzA4ILkvft79WPSDq4gdLIQ=w408-h544-k-no,true,8 am–4 pm,8 am–4 pm,8 am–4 pm,9 am–12 pm,Closed,8 am–4 pm,8 am–4 pm,"https://www.google.com/maps/search/commercial+landscaping+businesses+in+Byron+Rochester+MN/@43.1565779,-77.6088465,14z",2026-04-29T20:42:54.409Z,,,,
https://www.google.com/maps/place/Milestone+Materials+Golberg+Landscape+Supply+Center/data=!4m7!3m6!1s0x87f9df9b2ddb2aa5:0x74f987a886017146!8m2!3d44.1116638!4d-92.4464111!16s%2Fg%2F11hzfkr2md!19sChIJpSrbLZvf-YcRRnEBhqiH-XQ,Milestone Materials Golberg Landscape Supply Center,4.6,23,Masonry contractor,"1331 75th St NE, Rochester, MN 55906, United States","4H63+MC Rochester, Minnesota, USA",https://www.milestonematerials.com/,+1 507-289-1739,Open · Closes 5 pm,https://lh3.googleusercontent.com/gps-cs-s/APNQkAFSpTSTnUt3KmGXvlssW2FNbqgvrfT5OU-jB5EWwsF3zaNQHIF5DxNBkGTKNWSvj8p48Sjq7pnSYwDRGj6AP4YyFpbH1ovbvT8FophmW34S4fq9KLFbfgS6oknG-wXKbuLWUH4TvA=w408-h544-k-no,true,7 am–5 pm,7 am–5 pm,7 am–5 pm,Closed,Closed,7 am–5 pm,7 am–5 pm,"https://www.google.com/maps/search/commercial+landscaping+businesses+in+Byron+Rochester+MN/@43.1565779,-77.6088465,14z",2026-04-29T20:42:58.878Z,,,,
https://www.google.com/maps/place/Barefoot+Lawn+and+snow/data=!4m7!3m6!1s0x87f75fe53da78ed5:0xb245b261463a742e!8m2!3d43.996339!4d-92.481139!16s%2Fg%2F11hs5dvx1g!19sChIJ1Y6nPeVf94cRLnQ6RmGyRbI,Barefoot Lawn and snow,4.9,49,Lawn care service,,,https://www.barefootlawnandsnow.com/?utm_source=Google%20My%20Business&utm_medium=Google%20My%20Business,+1 952-406-1763,,https://lh3.googleusercontent.com/gps-cs-s/APNQkAHohgfw2-stKpAi_2ONA9J6qgZFrtK5aN0f32uZeZGSqXUyGPOUfZsleaHEv7z-W_T9w1kFdq5HQeTRxSyvcO5_HkrZO0Ghk4M7KTcUt3oMD96zMUH-RyuRBMmHXiTciH_yCzyaWQ=w408-h272-k-no,true,7 am–7 pm,7 am–7 pm,7 am–7 pm,7 am–7 pm,7 am–7 pm,7 am–7 pm,7 am–7 pm,"https://www.google.com/maps/search/commercial+landscaping+businesses+in+Byron+Rochester+MN/@43.1565779,-77.6088465,14z",2026-04-29T20:43:03.164Z,,,,
https://www.google.com/maps/place/Pure+Green+Lawn+Service/data=!4m7!3m6!1s0x87f742f3ebd22d85:0xab6cc2b7ab5c55bd!8m2!3d43.9660575!4d-92.6315632!16s%2Fg%2F11c6vvftcj!19sChIJhS3S6_NC94cRvVVcq7fCbKs,Pure Green Lawn Service,3.7,6,Lawn care service,"3730 95th Ave SW, Byron, MN 55920, United States","X989+C9 Byron, Minnesota, USA",,+1 507-272-1676,Open · Closes 5 pm,https://lh3.googleusercontent.com/gps-cs-s/APNQkAF8Zqge-hgwWY9oC6mDTMoDvwr2FX3WuKiAzSeQJQTbnAD56fz592pm54Nmy3_UugGeSCvuQPv3DwyoPaLPrpf0RHHczdwQ8aJI7CCKraXYe1NJkdzuZbPqf90IEjRbjzdxKI3_=w408-h249-k-no,true,7 am–5 pm,7 am–5 pm,7 am–5 pm,Closed,Closed,7 am–5 pm,7 am–5 pm,"https://www.google.com/maps/search/commercial+landscaping+businesses+in+Byron+Rochester+MN/@43.1565779,-77.6088465,14z",2026-04-29T20:43:07.365Z,,,,
https://www.google.com/maps/place/Cutting+Edge+Lawn+%26+Landscaping/data=!4m7!3m6!1s0x87f744ebf412d94f:0xa6f9d856ad44e51d!8m2!3d44.0776235!4d-92.552214!16s%2Fg%2F11g6ntv8mm!19sChIJT9kS9OtE94cRHeVErVbY-aY,Cutting Edge Lawn & Landscaping,3.2,11,Lawn care service,,,,+1 507-316-5205,Open · Closes 6 pm,https://lh3.googleusercontent.com/gps-cs-s/APNQkAF8RvG5ijiLYyvj6Yjf2PjE3gQj8j2kH1din7iPQ71jRPJ17WYylr5VsoFhn-JzcY4K2sLRpDOntvyaLM606OITfh-nuUyt4zNuubJ0Nvgn77EztmG9jHOBb6utP-rbd1vuvxqKIQ=w479-h240-k-no,true,8 am–6 pm,8 am–6 pm,8 am–6 pm,8 am–6 pm,8 am–6 pm,8 am–6 pm,8 am–6 pm,"https://www.google.com/maps/search/commercial+landscaping+businesses+in+Byron+Rochester+MN/@43.1565779,-77.6088465,14z",2026-04-29T20:43:11.545Z,,,,
https://www.google.com/maps/place/Banick+concrete+and+landscaping+llc/data=!4m7!3m6!1s0x200618c547fc0f8b:0xa8923d6ad8cd2b6!8m2!3d44.10146!4d-92.542611!16s%2Fg%2F11lcvw66ff!19sChIJiw_8R8UYBiARttKMrdYjiQo,Banick concrete and landscaping llc,5.0,13,Concrete contractor,,,,+1 507-259-2216,Open · Closes 5 pm,https://lh3.googleusercontent.com/gps-cs-s/APNQkAGoGDGK55xMebtJd0qQtuzhBpYLhXvRYKIWi13OdCrTHReH2r_EW1IA7--JbeW8h2VBqKn5hHXGlNWxoZkCCBcvgTgiZIoxQwDnkvY0DJ9E0kh4dwEmjBzYqV-mDI2l_RMSwstW4Q=w408-h408-k-no,true,9 am–5 pm,9 am–5 pm,9 am–5 pm,Closed,Closed,9 am–5 pm,9 am–5 pm,"https://www.google.com/maps/search/commercial+landscaping+businesses+in+Byron+Rochester+MN/@43.1565779,-77.6088465,14z",2026-04-29T20:43:15.797Z,,,,
"https://www.google.com/maps/place/Salem+Corners+Services+LLC:+Lawn+Care+%26+Snow+Removal+Rochester,+MN/data=!4m7!3m6!1s0x87f758e6ced90b61:0x9dd3524bba15e5cc!8m2!3d44.0259499!4d-92.4456653!16s%2Fg%2F11h05dc_b!19sChIJYQvZzuZY94cRzOUVuktS050","Salem Corners Services LLC: Lawn Care & Snow Removal Rochester, MN",5.0,20,Lawn care service,"Rochester, MN 55902, United States","2HG3+9P Rochester, Minnesota, USA",https://salemcornersservices.com/lawn-snow-services,+1 507-259-7369,Open · Closes 5 pm,https://lh3.googleusercontent.com/gps-cs-s/APNQkAHEhodEk9CfmXW4HD8Ntz4LZLRq5MghTDK0RwHylVREDKWxnec4lWS7EpeP4stYfvDhfWj0C9B8drPcFUrwczaT4_o_M4KXrZ3FhrxfiryBfFAFkuwxXfzWZY351uVWWZlOSq6M=w408-h244-k-no,true,8 am–5 pm,8 am–5 pm,8 am–5 pm,Closed,Closed,8 am–5 pm,8 am–5 pm,"https://www.google.com/maps/search/commercial+landscaping+businesses+in+Byron+Rochester+MN/@43.1565779,-77.6088465,14z",2026-04-29T20:43:20.151Z,,,,
https://www.google.com/maps/place/Sargent%27s+on+2nd/data=!4m7!3m6!1s0x87f75f055189084f:0xa62953e3cff5e933!8m2!3d44.0218809!4d-92.4911062!16s%2Fg%2F1tghq49z!19sChIJTwiJUQVf94cRM-n1z-NTKaY,Sargent's on 2nd,4.7,242,Garden center,"1811 2nd St SW Suite B, Rochester, MN 55902, United States","2GC5+QH Rochester, Minnesota, USA",http://sargentsgardens.com/,+1 507-289-6068,Open · Closes 6 pm,https://lh3.googleusercontent.com/gps-cs-s/APNQkAEPWpMlLyAnuChWb7ZtVmOnvtrRd4z0DcDRmRlcu3h9IxdPSzu_7Hgmu0WTqNKIB42MHsesERuUfN6iVOkJknpd7_oLD0uA1KrhyVuYXH6MkVaXr8TBOUQZh_-R33mDo-8WtgQ=w408-h307-k-no,true,8 am–6 pm,8 am–6 pm,8 am–6 pm,8 am–5 pm,9 am–5 pm,8 am–6 pm,8 am–6 pm,"https://www.google.com/maps/search/commercial+landscaping+businesses+in+Byron+Rochester+MN/@43.1565779,-77.6088465,14z",2026-04-29T20:43:24.655Z,,· In-store shopping · In-store pick-up · Delivery,,
https://www.google.com/maps/place/Mamba+Mowing/data=!4m7!3m6!1s0x6cde60d2d1896e6d:0x2f800c9256cf628a!8m2!3d44.0288129!4d-92.5335119!16s%2Fg%2F11t24mjg1j!19sChIJbW6J0dJg3mwRimLPVpIMgC8,Mamba Mowing,5.0,66,Lawn care service,,,https://www.mamba-mowing.com/,+1 507-273-7200,Open · Closes 5 pm,https://lh3.googleusercontent.com/gps-cs-s/APNQkAGo66zbg0v01t7pcCeN6_D6Gw2LvJYhgv6nvllvkBnvMFu6VO94D08NB9Y0OeJ6FGNBAnbUsm5MCoZXlJRx9_I1ZBOX-8KzzKD8dNf4P5r5gWQL3_DgC8DdSj1CvQmVxCbvVcXHjVydnfMz=w408-h544-k-no,true,9 am–5 pm,9 am–5 pm,9 am–5 pm,9 am–5 pm,9 am–5 pm,9 am–5 pm,9 am–5 pm,"https://www.google.com/maps/search/commercial+landscaping+businesses+in+Byron+Rochester+MN/@43.1565779,-77.6088465,14z",2026-04-29T20:43:29.065Z,,,,
https://www.google.com/maps/place/Kyle%27s+Lawn+Service/data=!4m7!3m6!1s0x87f76aa162069be9:0x33f4b691d9ec7262!8m2!3d46.017768!4d-94.610628!16s%2Fg%2F1tsykrjb!19sChIJ6ZsGYqFq94cRYnLs2ZG29DM,Kyle's Lawn Service,4.8,60,Landscaper,,,http://www.kyleslawnservice.com/,+1 507-254-5404,Open · Closes 7 pm,https://lh3.googleusercontent.com/gps-cs-s/APNQkAG8GqyQMwURE_G0_Y88tUt0CBpFn05XIQcvFX92NIrsI-Vru_TtmIOYe-8ctfOcY1HvQ1L-_jNRV_hdimT61NgaLtaCQhv7W3qKmB9tpdfL2btujlSLX53sdaqdnYgTfuEtmQbVNlYTGv0T=w408-h408-k-no,true,7:30 am–7 pm,7:30 am–7 pm,7:30 am–5 pm,9 am–2 pm,9 am–2 pm,7:30 am–7 pm,7:30 am–7 pm,"https://www.google.com/maps/search/commercial+landscaping+businesses+in+Byron+Rochester+MN/@43.1565779,-77.6088465,14z",2026-04-29T20:43:33.268Z,,,,
https://www.google.com/maps/place/Integrity+Tree+and+Lawn+Services/data=!4m7!3m6!1s0x3aa8ec082e6f35:0x12fb2514959c072e!8m2!3d43.9692769!4d-92.5436473!16s%2Fg%2F11ldhglpyh!19sChIJNW8uCOyoOgARLgeclRQl-xI,Integrity Tree and Lawn Services,5.0,12,Tree service,"5250 Heritage Ln SW, Rochester, MN 55902, United States","XF94+PG Rochester, Minnesota, USA",https://www.integritytreeandlawnservices.com/,+1 507-923-8777,,https://lh3.googleusercontent.com/gps-cs-s/APNQkAHZbPdKBA6JPHDzR3N297PEheL6yyylS6JWjbWavg8-_WCXOkuBulatMoDFE7IRN-v-kMSmH9343KFNOzsprT0Yv7NObubYLdDwJWPKbm6DdYRbiYqjs7Y4AwMmA2M9rYeFm1vOvw=w408-h544-k-no,true,,,,,,,,"https://www.google.com/maps/search/commercial+landscaping+businesses+in+Byron+Rochester+MN/@43.1565779,-77.6088465,14z",2026-04-29T20:43:35.452Z,,,,
"https://www.google.com/maps/place/Meyer+Outdoor+Services,+Inc./data=!4m7!3m6!1s0x87f9e1943dfeabf7:0x4afc4b9dd1f1e9b9!8m2!3d44.0095225!4d-92.436627!16s%2Fg%2F11bwfzh28j!19sChIJ96v-PZTh-YcRuenx0Z1L_Eo","Meyer Outdoor Services, Inc.",4.1,50,Lawn care service,"2002 US-14, Rochester, MN 55904, United States","2H57+R8 Rochester, Minnesota, USA",http://www.meyeroutdoorservices.com/,+1 507-226-8833,Closes soon · 4 pm · Opens 9 am Thu,https://lh3.googleusercontent.com/gps-cs-s/APNQkAH6TP054F_oxJO3izkWwWqpSOmFTVUNsG6lHM5Mt-rNzrr-RIS_-A1Rz20V2v8henQs6PLiEM4iQqydiVpU3WmnSFkp8O85Pk5s5Eouc_-SycAE9M3GjOe0Ja0V2irCs4kkViE6=w408-h544-k-no,true,9 am–4 pm,9 am–4 pm,9 am–4 pm,Closed,Closed,9 am–4 pm,9 am–4 pm,"https://www.google.com/maps/search/commercial+landscaping+businesses+in+Byron+Rochester+MN/@43.1565779,-77.6088465,14z",2026-04-29T20:43:39.900Z,,,,
"https://www.google.com/maps/place/Hodgman+Drainage+Company,+Inc./data=!4m7!3m6!1s0x87f718b7551236bd:0xb672ccf170e1821a!8m2!3d44.052744!4d-92.9134984!16s%2Fg%2F1tf31z0w!19sChIJvTYSVbcY94cRGoLhcPHMcrY","Hodgman Drainage Company, Inc.",4.8,6,Excavating contractor,"16536 County Hwy 34, Dodge Center, MN 55927, United States","333P+3J Dodge Center, Minnesota, USA",http://hodgmandrainage.com/,+1 507-528-2225,Closes soon · 4:30 pm · Opens 8 am Thu,https://lh3.googleusercontent.com/gps-cs-s/APNQkAFtXHfBUfk5Vo_n5_gj06KHSr_0LZ7kCbWzivNRYHN2hAZEkp5isfIo_rpXj60CL-Y05iBiU8t_5y8M_DzIrz1sqnM5KBx_TBZqpaJ67VzeUFjPsuhw_BikXf80bei1uoISTGY=w426-h240-k-no,true,8 am–4:30 pm,8 am–4:30 pm,8 am–3 pm,Closed,Closed,8 am–4:30 pm,8 am–4:30 pm,"https://www.google.com/maps/search/commercial+landscaping+businesses+in+Dodge+Center+Rochester+MN/@44.0274641,-92.8551933,14z",2026-04-29T20:43:59.689Z,,,,
https://www.google.com/maps/place/Jason+Wilker+Retaining+Wall+%26+Landscaping/data=!4m7!3m6!1s0x87f7406a1ad831af:0xe36ae2057c40ae67!8m2!3d44.0395089!4d-92.7587582!16s%2Fg%2F11c3w02m9s!19sChIJrzHYGmpA94cRZ65AfAXiauM,Jason Wilker Retaining Wall & Landscaping,3.6,12,Paving contractor,"1103 8th Ave NW, Kasson, MN 55944, United States","26QR+RF Kasson, Minnesota, USA",http://www.brickpavinginrochestermn.com/,+1 507-775-7800,Open · Closes 6 pm,https://lh3.googleusercontent.com/gps-cs-s/APNQkAHbrbZopIcCwYxZqAuVE-82BGY1UBhuzfmRDNdeXSijO87VjrylW3QywbpA42BsnrGxww6oZeAPlfHQa125A3UIzMNfw1Fk6X5xnlG-rP2AwKmE97Y1p3s5aKxtXiFN_lze7C6o=w408-h725-k-no,false,7 am–6 pm,7 am–6 pm,7 am–6 pm,Closed,Closed,7 am–6 pm,7 am–6 pm,"https://www.google.com/maps/search/commercial+landscaping+businesses+in+Dodge+Center+Rochester+MN/@44.0274641,-92.8551933,14z",2026-04-29T20:44:04.032Z,,,,
https://www.google.com/maps/place/Madison%27s+Gardens/data=!4m7!3m6!1s0x87f73f72df5545d3:0xe62c7bbf079afa0f!8m2!3d44.0229753!4d-92.849583!16s%2Fg%2F11kb7m8mvc!19sChIJ00VV33I_94cRD_qaB797LOY,Madison's Gardens,,,Garden center,"318 SE South St, Dodge Center, MN 55927, United States","25F2+55 Dodge Center, Minnesota, USA",https://mgairplants.com/,+1 507-405-4624,,https://streetviewpixels-pa.googleapis.com/v1/thumbnail?panoid=lVQfknK_ejPD_KCjzyNYkg&cb_client=search.gws-prod.gps&w=408&h=240&yaw=278.77505&pitch=0&thumbfov=100,true,,,,,,,,"https://www.google.com/maps/search/commercial+landscaping+businesses+in+Dodge+Center+Rochester+MN/@44.0274641,-92.8551933,14z",2026-04-29T20:44:06.411Z,,,,
https://www.google.com/maps/place/Concrete+Curb+Appeal/data=!4m7!3m6!1s0x87f73d2460b85039:0x3264b89d8cc5a7c7!8m2!3d44.0278878!4d-92.8596912!16s%2Fg%2F11vxvpg5z6!19sChIJOVC4YCQ994cRx6fFjJ24ZDI,Concrete Curb Appeal,,,Construction company,"9 3rd Ave SW, Dodge Center, MN 55927, United States","24HR+54 Dodge Center, Minnesota, USA",,+1 507-272-6154,Open 24 hours,https://lh3.googleusercontent.com/gps-cs-s/APNQkAHtH3SWM-T1AqTQQc5fuARt6jA8cMIAo-bw_chtf5qlF5oFWZIgysAm87bLG7JX3lP7KIk0G4WEoJSeHC3-ITSl9u-kGecPv08VLsiT8jTdlqC-eVbXaSzwKraKlJXixwgaBemN=w408-h306-k-no,true,Open 24 hours,Open 24 hours,Open 24 hours,Open 24 hours,Open 24 hours,Open 24 hours,Open 24 hours,"https://www.google.com/maps/search/commercial+landscaping+businesses+in+Dodge+Center+Rochester+MN/@44.0274641,-92.8551933,14z",2026-04-29T20:44:10.606Z,,,,
https://www.google.com/maps/place/Sargent%27s+North+-+Landscape+%26+Garden+Center/data=!4m7!3m6!1s0x87f761ae30ef5661:0x565e857a8178542!8m2!3d44.114423!4d-92.48925!16s%2Fg%2F11c3k50wnv!19sChIJYVbvMK5h94cRQoUXqFfoZQU,Sargent's North - Landscape & Garden Center,4.7,135,Garden center,"7955 18th Ave NW, Rochester, MN 55901, United States","4G76+Q8 Rochester, Minnesota, USA",http://sargentsgardens.com/,+1 507-289-0022,Open · Closes 6 pm,https://lh3.googleusercontent.com/gps-cs-s/APNQkAHFwL_cNe7PSY4RV0ynFXV-wiuLhSfjtSaftrZqbuQKFGHbVPaLlo52doQ3GiyfkLBysPjq11CY4akPjs4Au1LCSK6VN_QgdYI9dv6CzmQeX2jg2O9KU5rwEvrzPqlqYckj4E-9WQ=w408-h306-k-no,true,8 am–6 pm,8 am–6 pm,8 am–6 pm,8 am–5 pm,9 am–5 pm,8 am–6 pm,8 am–6 pm,"https://www.google.com/maps/search/commercial+landscaping+businesses+in+Dodge+Center+Rochester+MN/@44.0274641,-92.8551933,14z",2026-04-29T20:44:15.065Z,,"Destination for plants, flowers & garden supplies along with landscape-design items. · In-store shopping · In-store pick-up · Delivery",,
https://www.google.com/maps/place/Unnasch+Construction+LLC/data=!4m7!3m6!1s0x87f76ba9c78a6b4d:0x75d8c65907a91c97!8m2!3d44.0702992!4d-92.7638054!16s%2Fg%2F11hh_6qb95!19sChIJTWuKx6lr94cRlxypB1nG2HU,Unnasch Construction LLC,4.9,19,General contractor,"809 Jefferson St, Mantorville, MN 55955, United States","36CP+4F Mantorville, Minnesota, USA",https://m.facebook.com/UnnaschConstructionLLC/,+1 507-398-3550,Open · Closes 8 pm,https://lh3.googleusercontent.com/gps-cs-s/APNQkAGUZseJdQcNug4OBP6HcMB4nM_FsT0qrA9RmMBeTBK6dc6fpwtrE_2cXZe8UEsyZx5VNPC0WuX7L38BnovbAH9UGuV-t7rSdn8YjS9l8WhgDKdPuUIhhfntK3O9dfErL8_hBLY_V0KDtwyM=w408-h306-k-no,true,7 am–8 pm,7 am–8 pm,7 am–8 pm,7 am–8 pm,Closed,7 am–8 pm,7 am–8 pm,"https://www.google.com/maps/search/commercial+landscaping+businesses+in+Dodge+Center+Rochester+MN/@44.0274641,-92.8551933,14z",2026-04-29T20:44:19.402Z,,,,
https://www.google.com/maps/place/Peters%27+Patio+%26+Landscape/data=!4m7!3m6!1s0x87f7068c29af7303:0x26eba166c47c5e0a!8m2!3d44.299823!4d-92.9845483!16s%2Fg%2F1tdh8_vj!19sChIJA3OvKYwG94cRCl58xGah6yY,Peters' Patio & Landscape,4.8,54,Landscaper,"2779 450th St, Kenyon, MN 55946, United States","72X8+W5 Kenyon, Minnesota, USA",https://www.peterspatiolandscape.com/,+1 507-789-5990,Open · Closes 7 pm,https://lh3.googleusercontent.com/gps-cs-s/APNQkAFHSVAEOWUyc2b3Svux7folQDDTpjoo66coYQASPesHjm97pw5gMVa9k7EQu_rKOejXdw4DbshbnCvqeVWuvi2N1HpWej9lXXUjhXIY4-woCxUKPSRCZOCe1RNxLvnup0m5lW0=w408-h306-k-no,true,7 am–7 pm,7 am–7 pm,7 am–7 pm,9 am–5 pm,Closed,7 am–7 pm,7 am–7 pm,"https://www.google.com/maps/search/commercial+landscaping+businesses+in+Dodge+Center+Rochester+MN/@44.0274641,-92.8551933,14z",2026-04-29T20:44:23.725Z,,,,
https://www.google.com/maps/place/Dolan%27s+Landscape+Center+Inc./data=!4m7!3m6!1s0x87f0d3ca82e6e8b5:0xa75bb8dbd8386e7f!8m2!3d43.6975137!4d-92.9790264!16s%2Fg%2F1tdlvv1g!19sChIJtejmgsrT8IcRf2442Nu4W6c,Dolan's Landscape Center Inc.,4.4,38,Landscape designer,"3108 4th St NW, Austin, MN 55912, United States","M2XC+29 Austin, Minnesota, USA",https://www.dolanslandscapecenter.com/,+1 507-433-3239,"Open · Closes 5:30 pm

Updated by others 1 week ago",https://lh3.googleusercontent.com/gps-cs-s/APNQkAE9145Shvja9eVdgTnfE0IGHOQ_wn8GD51bMuNMLxw1g7nVzWXdLFrAtLDvYLE1GkyPecRHebnvMP-PzWRtr-GnAVCLuZYOXo_umDidfM70HbRRQTrxVaegb30GTNKFf7oL2UvalQ=w408-h245-k-no,true,9 am–5:30 pm,9 am–5:30 pm,9 am–5 pm,Closed,Closed,9 am–5:30 pm,9 am–5:30 pm,"https://www.google.com/maps/search/commercial+landscaping+businesses+in+Dodge+Center+Rochester+MN/@44.0274641,-92.8551933,14z",2026-04-29T20:44:28.111Z,,,,
https://www.google.com/maps/place/Olmsted+Outdoors/data=!4m7!3m6!1s0xa3d833c4f841361:0xa965b3ae7565c5d9!8m2!3d43.8483146!4d-92.564265!16s%2Fg%2F11z24y8_32!19sChIJYROETzyDPQoR2cVlda6zZak,Olmsted Outdoors,5.0,11,Landscaper,,,,+1 507-251-5915,Open · Closes 7 pm,https://lh3.googleusercontent.com/gps-cs-s/APNQkAEgd5Gsm1oSdT07LPt-iZEUIHHovZJIlAc7Wb7Tor1_cQGma4qqSTA4wGPK7gMau2asT2mNafwIsAu6RHk6IVdqp2qUgh939j_NgSpTD7L4jVsHAWh6Tt3up1SaTuUMWi5-l4dfrtswmyUu=w629-h240-k-no,true,7 am–7 pm,7 am–7 pm,7 am–7 pm,7 am–7 pm,7 am–7 pm,7 am–7 pm,7 am–7 pm,"https://www.google.com/maps/search/commercial+landscaping+businesses+in+Dodge+Center+Rochester+MN/@44.0274641,-92.8551933,14z",2026-04-29T20:44:32.902Z,,,,
https://www.google.com/maps/place/Ruskell+Outdoor+Services/data=!4m7!3m6!1s0x87f98cce0df017fd:0xeb668a6817dbeff1!8m2!3d43.8749978!4d-92.1395503!16s%2Fg%2F1vp74bhq!19sChIJ_RfwDc6M-YcR8e_bF2iKZus,Ruskell Outdoor Services,5.0,8,Landscape designer,"10045 170th Ave SE, Chatfield, MN 55923, United States","VVF6+X5 Chatfield, Minnesota, USA",http://www.ruskelloutdoorservices.com/,+1 507-867-3988,Open · Closes 6 pm,https://lh3.googleusercontent.com/gps-cs-s/APNQkAGMYSxma-3HMfEdfv2AuyfG52OhFV2YPSld_V2rfENoH-G3LafLlGyBXKcCzeS30dvm16PTXq-nU4JhU2NOO88H7Ioa_naRhNLFCpzJwc1LX-94Gs-NlRNjJ3BayUFQwQkNF8R1Lw=w408-h274-k-no,true,8 am–6 pm,8 am–6 pm,8 am–6 pm,8 am–12 pm,Closed,8 am–6 pm,8 am–6 pm,"https://www.google.com/maps/search/commercial+landscaping+businesses+in+Dodge+Center+Rochester+MN/@44.0274641,-92.8551933,14z",2026-04-29T20:44:37.207Z,,,,
https://www.google.com/maps/place/Minnlawn+Lawn+%26+Landscape/data=!4m7!3m6!1s0xaf5810de1c4d0f57:0xa85474c0dd38109f!8m2!3d43.996339!4d-92.5792925!16s%2Fg%2F11xm7q5kbw!19sChIJVw9NHN4QWK8RnxA43cB0VKg,Minnlawn Lawn & Landscape,5.0,9,Lawn care service,,,http://www.minnlawn.com/,+1 507-405-0911,Open · Closes 7 pm,https://lh3.googleusercontent.com/gps-cs-s/APNQkAHyohIL1jmTwyKATgp9OUA969YKEU6LdTou7bSBZXbw6uujP2K1qwFIrClGwmu4Vcu0BPu63dr_uW_hf7LJtMNuZVMlQQe7u9GzJPP_HDW1DdkpVLwMSOim1BdDE0NBhNmzWexOt3sHNRY=w408-h306-k-no,true,8 am–7 pm,8 am–7 pm,8 am–7 pm,8 am–7 pm,8 am–7 pm,8 am–7 pm,8 am–7 pm,"https://www.google.com/maps/search/commercial+landscaping+businesses+in+Dodge+Center+Rochester+MN/@44.0274641,-92.8551933,14z",2026-04-29T20:44:41.647Z,,,,
https://www.google.com/maps/place/Durst+Outdoor+Services/data=!4m7!3m6!1s0x52b1ed877f958b13:0x3dcb6ca19e7a86f3!8m2!3d43.9900983!4d-92.4564444!16s%2Fg%2F11vkm5rps0!19sChIJE4uVf4ftsVIR84Z6nqFsyz0,Durst Outdoor Services,4.2,5,Asphalt contractor,"328 20th St SE, Rochester, MN 55901, United States","XGRV+2C Rochester, Minnesota, USA",https://www.durstoutdoorservices.com/,+1 507-208-4020,Closes soon · 4 pm · Opens 7:30 am Thu,https://lh3.googleusercontent.com/gps-cs-s/APNQkAEGL-fRX0TQre7A-N_PYoa3iSizsIMfsGXX4BEJH9HGK8ASUoT5qFIVZE_daoRMJDk6Syok5dHmhFg3Slj9fhZTquviz6fLtQWKXWhNrGngsdqv4dq8xeW9iVV8OwvnnF0avzbm=w408-h510-k-no,true,7:30 am–4 pm,7:30 am–4 pm,7:30 am–4 pm,Closed,Closed,7:30 am–4 pm,7:30 am–4 pm,"https://www.google.com/maps/search/commercial+landscaping+businesses+in+Dodge+Center+Rochester+MN/@44.0274641,-92.8551933,14z",2026-04-29T20:44:45.878Z,,,,
https://www.google.com/maps/place/Local+Lawn+and+Snow+LLC/data=!4m7!3m6!1s0x23cf32d051d118cd:0x704e319c1c0cb671!8m2!3d43.996339!4d-92.5792925!16s%2Fg%2F11lddd35sr!19sChIJzRjRUdAyzyMRcbYMHJwxTnA,Local Lawn and Snow LLC,5.0,14,Lawn care service,,,https://www.locallawnandsnowllc.com/,+1 507-421-9729,Open · Closes 7 pm,https://lh3.googleusercontent.com/gps-cs-s/APNQkAEFoZjpNa1nMF860RgurM0BogjAknvEqi4f_TYiWjqeGB2410SF2elaJa6yZ8dMWAUX7ewl4PiGRxCXMJaCwfaDwcGaD_7arWvzg3Swcok3z2hiZ969MuTbwTHIzdexiNrHKClS=w426-h240-k-no,true,8 am–7 pm,8 am–7 pm,8 am–7 pm,8 am–7 pm,8 am–7 pm,8 am–7 pm,8 am–7 pm,"https://www.google.com/maps/search/commercial+landscaping+businesses+in+Dodge+Center+Rochester+MN/@44.0274641,-92.8551933,14z",2026-04-29T20:44:50.153Z,,,,
https://www.google.com/maps/place/Leap+of+Faith+Lawn+Care+%26+Snow/data=!4m7!3m6!1s0x87f9e1845dd373a1:0xe4330e285e8b576!8m2!3d44.0010398!4d-92.4272901!16s%2Fg%2F1xcbq5j1!19sChIJoXPTXYTh-YcRdrXoheIwQw4,Leap of Faith Lawn Care & Snow,4.5,12,Landscaper,"1436 24th Ave SE, Rochester, MN 55904, United States","2H2F+C3 Rochester, Minnesota, USA",,+1 507-254-2672,Open 24 hours,https://lh3.googleusercontent.com/gps-cs-s/APNQkAEacS9Mk4_IbUUKK4PvR3T3TI6ZNdyzwX44Ut1ryHDS2SQp7Rzp6s-F4NlOw_tzm5cKUksknd05uzEln8W5UO86VGpOzx5SpAZQiHQqVY7EqFkzkWs5hqvZp7kw12v8hm2SY-gn=w408-h306-k-no,true,Open 24 hours,Open 24 hours,Open 24 hours,Open 24 hours,Closed,Open 24 hours,Open 24 hours,"https://www.google.com/maps/search/commercial+landscaping+businesses+in+Dodge+Center+Rochester+MN/@44.0274641,-92.8551933,14z",2026-04-29T20:44:54.738Z,,,,
https://www.google.com/maps/place/Bernard+Landscaping/data=!4m7!3m6!1s0x87f741dde648c869:0x46695c782cfdfed!8m2!3d44.0584825!4d-92.7192824!16s%2Fg%2F1v6qj5g4!19sChIJachI5t1B94cR7d_PgseVZgQ,Bernard Landscaping,5.0,1,Landscaper,"25950 615th St, Mantorville, MN 55955, United States","375J+97 Mantorville, Minnesota, USA",,+1 507-635-5520,,https://streetviewpixels-pa.googleapis.com/v1/thumbnail?panoid=uql35AQODpvWFZ0md7xuIg&cb_client=search.gws-prod.gps&w=408&h=240&yaw=41.460304&pitch=0&thumbfov=100,false,,,,,,,,"https://www.google.com/maps/search/commercial+landscaping+businesses+in+Dodge+Center+Rochester+MN/@44.0274641,-92.8551933,14z",2026-04-29T20:44:57.004Z,,,,
https://www.google.com/maps/place/Hebron+Brick+Supply+-+Rochester/data=!4m7!3m6!1s0x87f7589bc3ce7ac1:0x8464ed5fac965176!8m2!3d43.9687135!4d-92.4667723!16s%2Fg%2F11csqtbtgb!19sChIJwXrOw5tY94cRdlGWrF_tZIQ,Hebron Brick Supply - Rochester,4.7,11,Building materials store,"3705 Enterprise Dr SW, Rochester, MN 55902, United States","XG9M+F7 Rochester, Minnesota, USA",https://www.hebronbrick.com/,+1 507-252-1129,Closes soon · 4 pm · Opens 7 am Thu,https://lh3.googleusercontent.com/gps-cs-s/APNQkAEQ23QdtY5l8IkDkn-Q60utq9cgRiZV7rWeKbt9Qia7MUhRzg8resQ3OuRpozrmT2YttCPtq8hZjSA67ss26LOebqM1p286rUkhKc24g2MR7tWqGjUTm6aGN_dftGwN6bE6_1vdIje8fkon=w408-h272-k-no,true,7 am–4 pm,7 am–4 pm,7 am–4 pm,Closed,Closed,7 am–4 pm,7 am–4 pm,"https://www.google.com/maps/search/commercial+landscaping+businesses+in+Dodge+Center+Rochester+MN/@44.0274641,-92.8551933,14z",2026-04-29T20:45:01.263Z,,· Delivery,,
"https://www.google.com/maps/place/Non-Profit+Wrench/@43.996339,-92.5792925,11z/data=!3m1!4b1!4m6!3m5!1s0x8647a352e4483a57:0x80a3d78550f3d31f!8m2!3d43.996339!4d-92.5792925!16s%2Fg%2F11vdbff5mz",Non-Profit Wrench,5.0,7,Charity,,,https://nonprofitwrench.org/,+1 507-696-3461,Closes soon · 4 pm · Opens 9 am Thu,,true,9 am–4 pm,9 am–4 pm,9 am–4 pm,Closed,Closed,9 am–4 pm,9 am–4 pm,"https://www.google.com/maps/search/commercial+landscaping+businesses+in+Dodge+Center+Rochester+MN/@44.0274641,-92.8551933,14z",2026-04-29T20:45:07.633Z,,,,
https://www.google.com/maps/place/Leitzen+Sand+and+Gravel/data=!4m7!3m6!1s0x87f75e56e59af6dd:0x1cbd35574fd03a18!8m2!3d43.9567656!4d-92.5629621!16s%2Fg%2F1wk6_b0x!19sChIJ3faa5VZe94cRGDrQT1c1vRw,Leitzen Sand and Gravel,4.4,11,Sand & gravel supplier,"6247 County Rd 117 SW, Rochester, MN 55902, United States","XC4P+PR Rochester, Minnesota, USA",,+1 507-288-3391,Open · Closes 5 pm,https://lh3.googleusercontent.com/gps-cs-s/APNQkAHZUb5qdxhKXIMfophONgTvPCAfyfLlc6cGwrgIuTmm4dOxEYa--9Krk1VSq2SbJejdnLYx66XJPecufCfwcfi38FzyR4wqFxr1XatEZnuY55unhYyrMz-PgUx-ZBqxR38Sb6lp=w408-h544-k-no,true,7 am–5 pm,7 am–5 pm,7 am–5 pm,Closed,Closed,7 am–5 pm,7 am–5 pm,"https://www.google.com/maps/search/commercial+landscaping+businesses+in+Dodge+Center+Rochester+MN/@44.0274641,-92.8551933,14z",2026-04-29T20:45:11.904Z,,,,
https://www.google.com/maps/place/Reinders/data=!4m7!3m6!1s0x87f7589ca9d0119b:0x1bf3272a0bb97cbc!8m2!3d44.0392658!4d-92.5257375!16s%2Fg%2F1v4k721g!19sChIJmxHQqZxY94cRvHy5Cyon8xs,Reinders,4.7,36,Landscaping supply store,"4165 US-14 Suite 100, Rochester, MN 55901, United States","2FQF+PP Rochester, Minnesota, USA",https://www.reinders.com/?utm_source=google&utm_medium=organic&utm_campaign=rochester-gmb,+1 507-292-0677,"Closes soon · 4:30 pm · Opens 7 am Thu

Updated by this business 3 weeks ago",https://lh3.googleusercontent.com/gps-cs-s/APNQkAEkofGBYQMHuYlMBorV-YWTBfzedcUvNhwe8QUyJhhrp1OIe7vzC59TPlh9ZewmtcYOujTU3HlnNFKjSyqq_VfQ_axFZT-HEsE-AP_SyJI4ELOj4TUN1DW70RC7mZVJb0vSYRiL=w408-h306-k-no,true,7 am–4:30 pm,7 am–4:30 pm,7 am–4:30 pm,7–11 am,Closed,7 am–4:30 pm,7 am–4:30 pm,"https://www.google.com/maps/search/commercial+landscaping+businesses+in+Dodge+Center+Rochester+MN/@44.0274641,-92.8551933,14z",2026-04-29T20:45:16.444Z,,· In-store shopping · In-store pick-up · Delivery,,
https://www.google.com/maps/place/Allen+Outdoor+Solutions/data=!4m7!3m6!1s0x87f9e916f841796d:0xb50a8d68c280b9e3!8m2!3d44.0202481!4d-92.2497106!16s%2Fg%2F1tl1n_wh!19sChIJbXlB-Bbp-YcR47mAwmiNCrU,Allen Outdoor Solutions,4.5,2,Masonry contractor,"101 MN-42, Eyota, MN 55934, United States","2QC2+34 Eyota, Minnesota, USA",http://allenoutdoorsolutions.com/,+1 507-208-0151,Open · Closes 6 pm,https://streetviewpixels-pa.googleapis.com/v1/thumbnail?panoid=z4HxH23ELYpZ8oM4km_tMg&cb_client=search.gws-prod.gps&w=408&h=240&yaw=273.54614&pitch=0&thumbfov=100,false,8 am–6 pm,8 am–6 pm,8 am–6 pm,Closed,Closed,8 am–6 pm,8 am–6 pm,"https://www.google.com/maps/search/commercial+landscaping+businesses+in+Dodge+Center+Rochester+MN/@44.0274641,-92.8551933,14z",2026-04-29T20:45:20.631Z,,,,
https://www.google.com/maps/place/Genesis+Outdoor+%26+Construction+Services/data=!4m7!3m6!1s0x87f439fa5a9700e5:0x59583e212c33ee6b!8m2!3d44.4678699!4d-93.564577!16s%2Fg%2F1pxq6wgnn!19sChIJ5QCXWvo59IcRa-4zLCE-WFk,Genesis Outdoor & Construction Services,4.0,32,Landscaper,,,http://genesisoutdoorcs.com/,+1 507-491-2718,Open · Closes 5 pm,https://lh3.googleusercontent.com/gps-cs-s/APNQkAHPXEvAw7ly8xQpj6ZqYQCrklC6DvrL8N9N3--Wqdj-AR8ZVbUVG83eza735Nkvj6yCvUOmN2CCObsNqHjMIviNkyMJylm315BxtmxbARwvpeTstcGC6zRFhreBew49sgatuY6_G7T1RoQ5=w426-h240-k-no,true,9 am–5 pm,9 am–5 pm,9 am–5 pm,Closed,Closed,9 am–5 pm,9 am–5 pm,"https://www.google.com/maps/search/commercial+landscaping+businesses+in+Dodge+Center+Rochester+MN/@44.0274641,-92.8551933,14z",2026-04-29T20:45:24.919Z,Identifies as women-owned,,,
https://www.google.com/maps/place/Advanced+Lawn+Services/data=!4m7!3m6!1s0x87f75e7b353d7ddb:0xffcf7c731a774ecc!8m2!3d43.968999!4d-92.4184259!16s%2Fg%2F1ptw6rck7!19sChIJ2309NXte94cRzE53GnN8z_8,Advanced Lawn Services,4.6,23,Lawn care service,,,http://www.advancedlawnservices.com/,+1 507-884-9638,Open · Closes 5 pm,https://lh3.googleusercontent.com/gps-cs-s/APNQkAGWr4rfD23wzQE6v8Y8Ju-g2EGVQto8BccDFcyeUsR-I8CaHZSfe3DR7ay7znja3v7AV4Stj7RimktckKudCbU-nvpXvpUV96SsmaINq4uYvHbDhD4LWfN9a7WNsYImn4dpXiXKLg=w426-h240-k-no,true,7 am–5 pm,7 am–5 pm,7 am–5 pm,Closed,Closed,7 am–5 pm,7 am–5 pm,"https://www.google.com/maps/search/commercial+landscaping+businesses+in+Dodge+Center+Rochester+MN/@44.0274641,-92.8551933,14z",2026-04-29T20:45:29.194Z,,,,
https://www.google.com/maps/place/Klemmensen+Outdoor+Solutions/data=!4m7!3m6!1s0x87f723f597f242f9:0xb40060a392df0ab0!8m2!3d44.0467011!4d-92.9955426!16s%2Fg%2F11y99vmddj!19sChIJ-ULyl_Uj94cRsArfkqNgALQ,Klemmensen Outdoor Solutions,5.0,4,Landscaper,"331 East St, Claremont, MN 55924, United States","22W3+MQ Claremont, Minnesota, USA",https://www.facebook.com/profile.php?id=61551612793803&mibextid=ZbWKwL,+1 507-213-3499,Open · Closes 8 pm,https://lh3.googleusercontent.com/gps-cs-s/APNQkAHmQPwTxESqjj5uSSjXo-CZIYkkZ3bNgMuNq2c3iPsWDiKo-cC5tUT1adXcSj_RFD073OyXMJmjkAIFQ84-r6KhGHodnt7I7fTSwcBlPLjgfewaeDVQRdY49AbbLZKZ9sinYhUvQ67vZ0Y5=w408-h612-k-no,true,8 am–8 pm,8 am–8 pm,8 am–8 pm,10 am–8 pm,10 am–8 pm,8 am–8 pm,8 am–8 pm,"https://www.google.com/maps/search/commercial+landscaping+businesses+in+Dodge+Center+Rochester+MN/@44.0274641,-92.8551933,14z",2026-04-29T20:45:33.445Z,,,,
https://www.google.com/maps/place/Rochester+Sand+%26+Gravel/data=!4m7!3m6!1s0x87f75f8aee7073bd:0xf5e58e3acdaadc9b!8m2!3d44.0693767!4d-92.460054!16s%2Fg%2F1tgc0bct!19sChIJvXNw7opf94cRm9yqzTqO5fU,Rochester Sand & Gravel,4.5,29,Paving contractor,"4537 E River Rd NE, Rochester, MN 55906, United States","3G9Q+QX Rochester, Minnesota, USA",http://www.rochsg.com/,+1 507-288-7447,Open · Closes 5 pm,https://lh3.googleusercontent.com/gps-cs-s/APNQkAGrfAU30xZXQMPsiJO2MBlm8UwiLIkN7U7uIURZKrWLmUkWvlZL-p4g5BKX3Mcx4UboV_aZVJvcrlF5ZAgTbztIxPavbrjkyfZN5Fz3Ti6LxeV5YbWWtm4La4URVE-5pQP1X9Tn=w408-h544-k-no,true,8 am–5 pm,8 am–5 pm,8 am–5 pm,Closed,Closed,8 am–5 pm,8 am–5 pm,"https://www.google.com/maps/search/commercial+landscaping+businesses+in+Dodge+Center+Rochester+MN/@44.0274641,-92.8551933,14z",2026-04-29T20:45:37.863Z,,,,
https://www.google.com/maps/place/Rochester+Concrete+Products/data=!4m7!3m6!1s0x87f9dfa6794c0d07:0x1bd59501329e76d4!8m2!3d44.103617!4d-92.4329621!16s%2Fg%2F1tmqry75!19sChIJBw1Meabf-YcR1HaeMgGV1Rs,Rochester Concrete Products,3.9,7,Concrete product supplier,"7200 N Broadway Ave, Rochester, MN 55906, United States","4H38+CR Rochester, Minnesota, USA",http://rochestercp.com/,+1 507-288-8850,Open · Closes 5 pm,https://lh3.googleusercontent.com/gps-cs-s/APNQkAFTfVci_DBYGHo8yS62du9zUVRjC5--1Ev3TJkTkhDYmdf4Gjuzm2y7pNpK52ytc4Q9z99hJWfrPg2Z7x_Pm3do6ZbGh5wFjju8OTDBL_3rJLodHYU51PytT7JdBEJy3Vc9MIng8WfhfW1K=w408-h612-k-no,true,8 am–5 pm,8 am–5 pm,8 am–5 pm,Closed,Closed,8 am–5 pm,8 am–5 pm,"https://www.google.com/maps/search/commercial+landscaping+businesses+in+Dodge+Center+Rochester+MN/@44.0274641,-92.8551933,14z",2026-04-29T20:45:42.143Z,,,,
https://www.google.com/maps/place/The+Davey+Tree+Expert+Company/data=!4m7!3m6!1s0x87f9e1d0ea9e2e2b:0x491afe38d6ed8964!8m2!3d44.0117629!4d-92.4012575!16s%2Fg%2F1tdml118!19sChIJKy6e6tDh-YcRZInt1jj-Gkk,The Davey Tree Expert Company,4.8,124,Tree service,"3930 US-14, Rochester, MN 55904, United States","2H6X+PF Rochester, Minnesota, USA",https://www.davey.com/residential-tree-services/local-offices/rochester-minnesota-tree-service/?utm_source=gmb&utm_medium=organic&utm_campaign=rc_rochester_mn,+1 507-286-8733,"Open · Closes 5 pm

Updated by this business 10 weeks ago",https://lh3.googleusercontent.com/gps-cs-s/APNQkAE3k2uQT0VKwPtwEml4uSOcMwucpCxbJv4e2d9_TFm5MQAEvL6JSoNuPWqlG1OSmK-_3_7EeDA-fRO4ywkTmEKUNl1H_irjBhCDhFI6l1NtAsV4eFC3OyKVdC9sG-MAAQ0LEt8=w408-h612-k-no,true,8 am–5 pm,8 am–5 pm,8 am–5 pm,Closed,Closed,8 am–5 pm,8 am–5 pm,"https://www.google.com/maps/search/commercial+landscaping+businesses+in+Dodge+Center+Rochester+MN/@44.0274641,-92.8551933,14z",2026-04-29T20:45:46.448Z,,,,
"https://www.google.com/maps/place/Green+Acres+Hydro+Seeding/@44.0180815,-92.6015834,10z/data=!3m1!4b1!4m6!3m5!1s0x87f75e3000000001:0x62772c0e0c2aff6d!8m2!3d44.0180816!4d-92.6015834!16s%2Fg%2F1td18dls",Green Acres Hydro Seeding,4.2,5,Landscape designer,,,https://www.greenacreshsmn.com/,+1 507-259-8843,Open · Closes 5 pm,,true,9 am–5 pm,9 am–5 pm,9 am–5 pm,Closed,Closed,9 am–5 pm,9 am–5 pm,"https://www.google.com/maps/search/commercial+landscaping+businesses+in+Dodge+Center+Rochester+MN/@44.0274641,-92.8551933,14z",2026-04-29T20:45:52.600Z,,,,
https://www.google.com/maps/place/Blade+of+Grass+Lawn+%26+Landscaping+Inc/data=!4m7!3m6!1s0x87f9e1e4a7f02dad:0x4403bdd3deabbeb4!8m2!3d43.996339!4d-92.481139!16s%2Fg%2F11pgzydtm6!19sChIJrS3wp-Th-YcRtL6r3tO9A0Q,Blade of Grass Lawn & Landscaping Inc,5.0,3,Lawn care service,,,https://www.bladeofgrassrochester.com/,+1 507-262-4655,Open 24 hours,https://lh3.googleusercontent.com/gps-cs-s/APNQkAFQ5h6xjbaBfsrruF5xg3x-kEC_ZDN_9X4bNORM31862CnDV8ZLeFHdd4WOgV5mcYCKp1b73E1wgFLkBnl7KMBdaZDgc1x7Xlvd997G7yVj7zc5e8ITufas1QinW6UmvunGKRLg=w426-h240-k-no,true,Open 24 hours,Open 24 hours,Open 24 hours,Open 24 hours,Open 24 hours,Open 24 hours,Open 24 hours,"https://www.google.com/maps/search/commercial+landscaping+businesses+in+Dodge+Center+Rochester+MN/@44.0274641,-92.8551933,14z",2026-04-29T20:45:56.892Z,,,,
https://www.google.com/maps/place/Los+Patrones+Lawn+Care+%26+House+Cleaning+LLC/data=!4m7!3m6!1s0x2838daeb1962eb:0xaccb360230f8fb1!8m2!3d44.151647!4d-92.899354!16s%2Fg%2F11x28l7chs!19sChIJ62IZ69o4KAARsY8PI2CzzAo,Los Patrones Lawn Care & House Cleaning LLC,5.0,7,Landscape designer,,,https://mnlandscaper.com/,,Open · Closes 5 pm,https://lh3.googleusercontent.com/gps-cs-s/APNQkAGziVn0gp-Wz3Iv0TTSQp1nrMJ8KrN37ZUmp6vChktJCbR1__fo7K4V7lMkV5r3DUxCvEx-wlW3KLoDi7DPvO62e7xba01JNjVYEhLN0T_-cmPrhBfyA03_ZkSHccf51NpZuoxUj-SGIFN1=w408-h306-k-no,true,10 am–5 pm,10 am–5 pm,10 am–12 pm,10 am–5 pm,Closed,10 am–5 pm,10 am–5 pm,"https://www.google.com/maps/search/commercial+landscaping+businesses+in+Dodge+Center+Rochester+MN/@44.0274641,-92.8551933,14z",2026-04-29T20:46:01.320Z,,,,
https://www.google.com/maps/place/Steve+Tlougan+Landscaping/data=!4m7!3m6!1s0x87f75c45d3acf17d:0x154c0eb978cca61a!8m2!3d44.0174487!4d-92.5647205!16s%2Fg%2F1263lyt1z!19sChIJffGs00Vc94cRGqbMeLkOTBU,Steve Tlougan Landscaping,3.7,6,Landscaper,"247 63rd Ave SW, Rochester, MN 55902, United States","2C8P+X4 Rochester, Minnesota, USA",,+1 507-281-2609,,https://lh3.googleusercontent.com/gps-cs-s/APNQkAHEivl14eYZaWJFEkOkpwB91DoUn02X3EQptV93EbURQduCn3jdvBb-6cBDUkeRsu0GJQwS9hQMOxChE-aDKk8qTApKpb7Kt2IAQGbJJIRCsFUBTz1t0ys_yGed8bWK8DNWE7SU1w=w408-h544-k-no,false,,,,,,,,"https://www.google.com/maps/search/commercial+landscaping+businesses+in+Dodge+Center+Rochester+MN/@44.0274641,-92.8551933,14z",2026-04-29T20:46:03.524Z,,,,
https://www.google.com/maps/place/Corey%27s+Outdoor+Services/data=!4m7!3m6!1s0x8d3ef192bb3671d:0x48ab98dc915f2bc5!8m2!3d44.0844914!4d-92.758898!16s%2Fg%2F11rqxsb734!19sChIJHWezKxnv0wgRxStfkdyYq0g,Corey's Outdoor Services,5.0,4,Lawn care service,,,https://coreysoutdoorservices.com/,+1 507-951-5207,Open · Closes 7 pm,https://lh3.googleusercontent.com/gps-cs-s/APNQkAG62CM0MHRc6GVg4KwFzRKhmcD2UdEJFoE5VClMMy804VCtszN7OOOXrIU43B3ltWLjbcn3vmwBMrHbSRDSle0je61LUC-ptAA1jrA9bwefYCcJRwFg3_W1YhIRi4yDR1FX2kVA=w408-h306-k-no,true,8 am–7 pm,8 am–7 pm,8 am–7 pm,Closed,Closed,8 am–7 pm,8 am–7 pm,"https://www.google.com/maps/search/commercial+landscaping+businesses+in+Dodge+Center+Rochester+MN/@44.0274641,-92.8551933,14z",2026-04-29T20:46:07.860Z,,,,
https://www.google.com/maps/place/Beautiful+Cruz+Lawn+LLC/data=!4m7!3m6!1s0x87f75f1beb948451:0x56af498db1c053d7!8m2!3d43.995602!4d-92.495098!16s%2Fg%2F11wc99f84l!19sChIJUYSU6xtf94cR11PAsY1Jr1Y,Beautiful Cruz Lawn LLC,4.6,9,Lawn care service,"2301 Crystal Bay Ct SW, Rochester, MN 55902, United States","XGW3+6X Rochester, Minnesota, USA",https://beautifulcruzlawns.com/,+1 507-405-8180,"Open · Closes 8 pm

Updated by this business 1 week ago",https://lh3.googleusercontent.com/gps-cs-s/APNQkAEIw-HsSA3LF3CWQljZgn_HQuycOJRK4lL8QvHkXtoErCe8oDKeIuMrPTAYxGEhl0tvClYjizzTmPa95r85-iKnPsNUWncFHFojujw8S8KmpxHiFPZ5amEniLfYZBhU5mjooi6ADCre98LE=w408-h544-k-no,true,7 am–8 pm,7 am–8 pm,7 am–8 pm,7 am–8 pm,7 am–8 pm,7 am–8 pm,7 am–8 pm,"https://www.google.com/maps/search/commercial+landscaping+businesses+in+Dodge+Center+Rochester+MN/@44.0274641,-92.8551933,14z",2026-04-29T20:46:12.184Z,,,,
https://www.google.com/maps/place/Rubey+Outdoor+Service%27s/data=!4m7!3m6!1s0x2f74d2ea1fc65ed3:0xe209d920d632db8d!8m2!3d43.996339!4d-92.481139!16s%2Fg%2F11vym4k3wt!19sChIJ017GH-rSdC8Rjdsy1iDZCeI,Rubey Outdoor Service's,5.0,1,Landscaper,,,,+1 507-271-1650,,https://lh3.googleusercontent.com/gps-cs-s/APNQkAFTnBlzCuBoAgiHRrn0sOTJ0h8n-Cq6ej97yBYl1HwVNme7ezEp5EBuhFy-mZCW7svbNsmB9sl6zw5WyNI_mbmlojJSoMiiH1Z0XxDkJNmgQso5zOikS6_m1t87J56gnScT5U3X=w408-h418-k-no,true,,,,,,,,"https://www.google.com/maps/search/commercial+landscaping+businesses+in+Dodge+Center+Rochester+MN/@44.0274641,-92.8551933,14z",2026-04-29T20:46:14.550Z,,,,
https://www.google.com/maps/place/WEIS+LANDSCAPING/data=!4m7!3m6!1s0x87f0c9d26840cfe9:0x65500182de547de8!8m2!3d43.6459281!4d-92.7869075!16s%2Fg%2F1td_htd9!19sChIJ6c9AaNLJ8IcR6H1U3oIBUGU,WEIS LANDSCAPING,5.0,19,Landscape designer,"63118 200th St, Rose Creek, MN 55970, United States","J6W7+96 Rose Creek, Minnesota, USA",https://weislandscaping.com/,+1 507-437-4751,"Open · Closes 5 pm

Updated by this business 3 weeks ago",https://lh3.googleusercontent.com/gps-cs-s/APNQkAEYcpXkUAseBQ5bsQzpH3uB2sGixr6AcjMH-k_uVUNlb9Fwdmhi0BoLBnRtIh488Qgj6yCfS038XzlWtIPMbWL7cLc7ad5_-xKKwJxkaXXdi0bXEwLZ52z4LGG-UcLsC21IG2sbkLUXdfTE=w426-h240-k-no,true,8 am–5 pm,8 am–5 pm,8 am–5 pm,8 am–2 pm,Closed,8 am–5 pm,8 am–5 pm,"https://www.google.com/maps/search/commercial+landscaping+businesses+in+Dodge+Center+Rochester+MN/@44.0274641,-92.8551933,14z",2026-04-29T20:46:19.011Z,,,,
https://www.google.com/maps/place/Jim+Whiting+Nursery+And+Garden+Center/data=!4m7!3m6!1s0x87f75e42390f5585:0x39f10bad2c9ac892!8m2!3d44.0427619!4d-92.5148284!16s%2Fg%2F1tf9td0v!19sChIJhVUPOUJe94cRksiaLK0L8Tk,Jim Whiting Nursery And Garden Center,4.2,87,Plant nursery,"3430 19th St NW, Rochester, MN 55901, United States","2FVP+43 Rochester, Minnesota, USA",http://www.jimwhitingnursery.com/,+1 507-289-3741,"Open · Closes 5 pm

Updated by others 1 week ago",https://lh3.googleusercontent.com/gps-cs-s/APNQkAEeZUDxK3aya1p9usBgZaejmBqVILwI_PB6Gm5VlbSoMMQWEY4ubcPcdcet4E-Rywa9XAhb7eB6nhPHwxfhkU8ULBaWM32bn63qvJbbdPrbsjbc_GFV88IEE1aRNFub97ifpCxS=w408-h544-k-no,true,9 am–5 pm,9 am–5 pm,9 am–5 pm,9 am–5 pm,10 am–4 pm,9 am–5 pm,9 am–5 pm,"https://www.google.com/maps/search/commercial+landscaping+businesses+in+Dodge+Center+Rochester+MN/@44.0274641,-92.8551933,14z",2026-04-29T20:46:23.659Z,,,,
https://www.google.com/maps/place/Sunshine+Food+Stores/data=!4m7!3m6!1s0x87f73e677ab55217:0xa604591e3c533d47!8m2!3d44.0293041!4d-92.8387987!16s%2Fg%2F1vq9mvn6!19sChIJF1K1emc-94cRRz1TPB5ZBKY,Sunshine Food Stores,4.1,213,Hardware store,"20 N Airport Rd, Dodge Center, MN 55927, United States","25H6+PF Dodge Center, Minnesota, USA",http://www.acehardware.com/store-details/16064?utm_source=google&utm_medium=local&utm_campaign=localmaps&utm_content=16064,+1 507-374-6440,"Open · Closes 9 pm

Confirmed by this business 12 weeks ago",https://lh3.googleusercontent.com/gps-cs-s/APNQkAHveF4ILog-P0uKGH8FZ29sWwgfjU8NUg0A0F7t72xfJ6zdswpT7z58ZJCsv7ybLN1ggPIkiw3V4D3UcJ9AwYXBoU2Xdk9-vsYhxjv_JKitZ6wAFwPsAEbZMtyv0V3FYAaKlVBo=w408-h306-k-no,true,6:30 am–9 pm,6:30 am–9 pm,6:30 am–9 pm,6:30 am–9 pm,6:30 am–9 pm,6:30 am–9 pm,6:30 am–9 pm,"https://www.google.com/maps/search/commercial+landscaping+businesses+in+Dodge+Center+Rochester+MN/@44.0274641,-92.8551933,14z",2026-04-29T20:46:28.061Z,,"Hardware store stocking household tools, garden supplies, home decor & more. · In-store shopping",,
https://www.google.com/maps/place/Mc+Outdoor/data=!4m7!3m6!1s0x87f9e3e7a3f6aaab:0x92f8742b64c4dbd6!8m2!3d43.9873232!4d-92.3995993!16s%2Fg%2F11h3vby7tn!19sChIJq6r2o-fj-YcR1tvEZCt0-JI,Mc Outdoor,3.7,3,Lawn care service,"2351 40th Ave SE, Rochester, MN 55904, United States","XJP2+W5 Rochester, Minnesota, USA",,,,https://lh3.googleusercontent.com/gps-cs-s/APNQkAG2DX0MeYfyGqjHi5fUlS7LJ0zmVn1Sd3zst6nZDqlkrO-fqzXAls3bh29tcBixm65-XnQapZ8qEgSsIm6vEaqBHvR4WCxei0n-WEQM1ocYFQNFImzhz90qRzKn6Dp9f0Vf_1X5=w408-h268-k-no,true,,,,,,,,"https://www.google.com/maps/search/commercial+landscaping+businesses+in+Dodge+Center+Rochester+MN/@44.0274641,-92.8551933,14z",2026-04-29T20:46:30.374Z,,,,
https://www.google.com/maps/place/Lawns+Are+Us+%28Creative+Landscapes%29/data=!4m7!3m6!1s0x87f60cd44a7fe6c7:0x8acf70a5a0de0a09!8m2!3d44.6471708!4d-93.624479!16s%2Fg%2F1tsyqbcm!19sChIJx-Z_StQM9ocRCQreoKVwz4o,Lawns Are Us (Creative Landscapes),4.0,21,Landscaper,"5020 210th St W, Jordan, MN 55352, United States","J9WG+V6 Jordan, Minnesota, USA",http://lawnsareus.com/,+1 952-492-3160,Open · Closes 7 pm,https://lh3.googleusercontent.com/gps-cs-s/APNQkAGZgTMBazX1_k12CPCQLT6kHCHcyqtZFgIywwLUD043o9u8Ue2kA7PCHpW8sFsOf4ifL74L29h_5r1zZ8GbupmN94kAEB3nS4GkPctoTLaQFRvrYvioWr0thcL5PIoBw9Du7vn3mw=w408-h272-k-no,true,7 am–7 pm,7 am–7 pm,7 am–7 pm,7 am–7 pm,7 am–7 pm,7 am–7 pm,7 am–7 pm,"https://www.google.com/maps/search/commercial+landscaping+businesses+in+Dodge+Center+Rochester+MN/@44.0274641,-92.8551933,14z",2026-04-29T20:46:34.707Z,,,,
https://www.google.com/maps/place/MoNeve+Outdoor+LLC/data=!4m7!3m6!1s0x88b82a080a5536bf:0x81098c1dda62d75f!8m2!3d44.4440335!4d-92.8952729!16s%2Fg%2F11w4g87s8l!19sChIJvzZVCggquIgRX9di2h2MCYE,MoNeve Outdoor LLC,5.0,4,Landscaper,,,https://moneve-co.com/,+1 507-200-5451,Open · Closes 8:30 pm,https://lh3.googleusercontent.com/gps-cs-s/APNQkAEwQ40CEOloeQxxscVk86XvoLYQgw1EDjWcTRmxzHGSZXjcMuMR7Tg5CZXlwUMZflhMbMRbCmFL_4eYQcnG2EhZiTrE_qf4jlgS02lhuwllrF75a2VB4aLV9wpkyCiAEcV7NPBfAQ=w408-h544-k-no,true,6:30 am–8:30 pm,6:30 am–8:30 pm,6:30 am–8:30 pm,6:30 am–8:30 pm,Closed,6:30 am–8:30 pm,6:30 am–8:30 pm,"https://www.google.com/maps/search/commercial+landscaping+businesses+in+Dodge+Center+Rochester+MN/@44.0274641,-92.8551933,14z",2026-04-29T20:46:38.873Z,,,,
https://www.google.com/maps/place/Rock+solid+retaining+walls+and+landscaping/data=!4m7!3m6!1s0x44ac86cfde75f93d:0x2fd74c8e5d0b5b3a!8m2!3d44.1618701!4d-92.422771!16s%2Fg%2F11ts441g3z!19sChIJPfl13s-GrEQROlsLXY5M1y8,Rock solid retaining walls and landscaping,5.0,2,Landscaper,,,http://rocksolidlandscape.com/,+1 507-398-8231,Open · Closes 6 pm,https://lh3.googleusercontent.com/gps-cs-s/APNQkAGy3tJRlUjHgTCNwW17hTNSVxQQv_J9L6Fm78d2Fn0X0zM1nX1r0Om-IBXALTIBrn8dvYLjkPvowjNBR7VwWGX1d-WmP4zAVxVA2oz55HmwTeS9vaLDIlLG0mDYObiXEu9Sk1y3=w408-h306-k-no,true,8 am–6 pm,8 am–6 pm,8 am–6 pm,Closed,Closed,8 am–6 pm,8 am–6 pm,"https://www.google.com/maps/search/commercial+landscaping+businesses+in+Dodge+Center+Rochester+MN/@44.0274641,-92.8551933,14z",2026-04-29T20:46:43.212Z,,,,
https://www.google.com/maps/place/Cedar+River+Landscapes/data=!4m7!3m6!1s0x87f137efaaf5ebfd:0x27f6b11f330144d5!8m2!3d43.7812055!4d-92.9690782!16s%2Fg%2F11j8k54f1y!19sChIJ_ev1qu838YcR1UQBMx-x9ic,Cedar River Landscapes,5.0,1,Lawn care service,"29382 540th Ave, Austin, MN 55912, United States","Q2JJ+F9 Austin, Minnesota, USA",http://www.cedarriverlandscapes.com/,+1 507-219-4610,Open · Closes 5 pm,https://lh3.googleusercontent.com/gps-cs-s/APNQkAG_VeBIrNkNtxkJW0qVHknaA_L4pEl7OHZBRTap7GUWt_du-zyYZJxylfmZHYoGzYWNdiZ__aOhjvmlwdswaUJKt_hkY5lLWxivAmvGk0pt9bd5eu-i2_-Bp64EyK6zEPYqvV8=w408-h306-k-no,true,8 am–5 pm,8 am–5 pm,8 am–5 pm,8 am–12 pm,Closed,8 am–5 pm,8 am–5 pm,"https://www.google.com/maps/search/commercial+landscaping+businesses+in+Dodge+Center+Rochester+MN/@44.0274641,-92.8551933,14z",2026-04-29T20:46:47.610Z,,,,
https://www.google.com/maps/place/Mike%27s+Outdoor+Services/data=!4m7!3m6!1s0x87f9e1878062ee45:0x75b6f80684842b08!8m2!3d44.1070231!4d-92.1668706!16s%2Fg%2F11c46hlvs_!19sChIJRe5igIfh-YcRCCuEhAb4tnU,Mike's Outdoor Services,4.5,8,Lawn care service,,,http://www.mikes-outdoor-services.com/,+1 507-271-5015,Open · Closes 7 pm,https://lh3.googleusercontent.com/gps-cs-s/APNQkAGfJMjJWemsEosJQ6YO8DyiGxfVEcscCgZZDLNaVjr33awhY_pfldReckhinlFu4zHHA0caZuHe-V_K9MZ8HmerJEax8F9H5pHcPkKgy7A-RrjDCdOfO36dWKyza2QHjICRqFAKCg=w428-h240-k-no,true,8 am–7 pm,8 am–7 pm,8 am–7 pm,9 am–5 pm,9 am–2 pm,8 am–7 pm,8 am–7 pm,"https://www.google.com/maps/search/commercial+landscaping+businesses+in+Dodge+Center+Rochester+MN/@44.0274641,-92.8551933,14z",2026-04-29T20:46:51.851Z,,,,
https://www.google.com/maps/place/Omega+Fencing+LLC/data=!4m7!3m6!1s0x87f74179bab1b5bd:0xad7d490b23752619!8m2!3d44.0312271!4d-92.7388862!16s%2Fg%2F11twj0vlwj!19sChIJvbWxunlB94cRGSZ1IwtJfa0,Omega Fencing LLC,4.8,10,Fence contractor,"102 8th Ave NE, Kasson, MN 55944, United States","27J6+FC Kasson, Minnesota, USA",,+1 612-916-6878,Open · Closes 9 pm,https://lh3.googleusercontent.com/gps-cs-s/APNQkAEDck9xK4Eqggoz4ZCeeSbPrI0XT-nCPOk9EvL1tRvXOsZFE8_6Ab4T0xPJ11M3NVcHa4wIvJIj4WW80OBVTLFs5HeHkR-W_ifrl27Y20XJE7rWGq3kdcnlimk4Z6xe0sbjyr2hwu6iIw=w408-h428-k-no,true,8 am–9 pm,8 am–9 pm,8 am–9 pm,8 am–9 pm,8 am–9 pm,8 am–9 pm,8 am–9 pm,"https://www.google.com/maps/search/commercial+landscaping+businesses+in+Dodge+Center+Rochester+MN/@44.0274641,-92.8551933,14z",2026-04-29T20:46:56.196Z,,,,
https://www.google.com/maps/place/MSL+Landscaping+and+Fencing/data=!4m7!3m6!1s0x87f6e76e8bd4199b:0x3e05cd45cf8ef651!8m2!3d44.2110764!4d-93.363044!16s%2Fg%2F11bz0dsndv!19sChIJmxnUi27n9ocRUfaOz0XNBT4,MSL Landscaping and Fencing,4.9,76,Landscaper,,,http://msllandscapingandfencing.com/,+1 507-413-6315,Open · Closes 5 pm,https://lh3.googleusercontent.com/gps-cs-s/APNQkAGgi_adt5YfSHEsUhOJKaDoR47m9A5a2NWWf9T8SX-cn9J0N266Q9ZI6fBDNGqInDGaEZimE0eOv5hrRHyDiOlXKY3Bz0uCJ9DYH38SzN24_6yIeqIPjWtKUQkgzTeNy2WfmZon=w408-h270-k-no,true,7 am–5 pm,7 am–5 pm,7 am–5 pm,Closed,Closed,7 am–5 pm,7 am–5 pm,"https://www.google.com/maps/search/commercial+landscaping+businesses+in+Dodge+Center+Rochester+MN/@44.0274641,-92.8551933,14z",2026-04-29T20:47:00.406Z,,,,
"https://www.google.com/maps/place/Mike's+Full+Lawn+Service+Inc/@43.888695,-92.8466295,15z/data=!3m1!4b1!4m6!3m5!1s0x87f7373cdef51b8b:0x8a7225106afab7e2!8m2!3d43.888695!4d-92.8466295!16s%2Fg%2F11b64syp1c",Mike's Full Lawn Service Inc,3.4,13,Lawn care service,,,https://www.mikesfulllawnservice.com/,+1 507-259-8698,Open · Closes 6 pm,,true,8 am–6 pm,8 am–6 pm,8 am–6 pm,Closed,Closed,8 am–6 pm,8 am–6 pm,"https://www.google.com/maps/search/commercial+landscaping+businesses+in+Dodge+Center+Rochester+MN/@44.0274641,-92.8551933,14z",2026-04-29T20:47:06.576Z,,,,
https://www.google.com/maps/place/TaylorBoys+Landscaping+%26+Construction+LLC/data=!4m7!3m6!1s0x86d000c26623e307:0xdfeabf0d6f2977f2!8m2!3d44.438253!4d-92.7823485!16s%2Fg%2F11yn2x_sbx!19sChIJB-MjZsIA0IYR8ncpbw2_6t8,TaylorBoys Landscaping & Construction LLC,5.0,2,Landscaper,,,https://www.facebook.com/share/17jyBZ9nh1/?mibextid=wwXIfr,+1 651-448-0705,Open 24 hours,https://lh3.googleusercontent.com/gps-cs-s/APNQkAG4YB1UPbCudGxI9Yz5C33MWX2hC5JrdP4udOHWKfMVc9LDLjKd7wLP9c5TjthBG3--IDaRYLOdXPZeZxo1JuUE1n_R4KVgNGx1ZrnUPAq9EcaXzZ6-e3GueY2wl0zDmt6WHlrAmqZrsdEA=w408-h544-k-no,true,Open 24 hours,Open 24 hours,Open 24 hours,Open 24 hours,Open 24 hours,Open 24 hours,Open 24 hours,"https://www.google.com/maps/search/commercial+landscaping+businesses+in+Dodge+Center+Rochester+MN/@44.0274641,-92.8551933,14z",2026-04-29T20:47:11.032Z,,,,
https://www.google.com/maps/place/Rochester+Sod+%26+Hydroseed/data=!4m7!3m6!1s0xa79770efe734903f:0x4462bd501af4434!8m2!3d43.996339!4d-92.481139!16s%2Fg%2F11xcfhyrv3!19sChIJP5A05-9wl6cRNESvAdUrRgQ,Rochester Sod & Hydroseed,5.0,7,Landscaper,,,https://www.rochestersodandhydroseed.com/,+1 507-322-1542,Open 24 hours,https://lh3.googleusercontent.com/gps-cs-s/APNQkAHHVDfUeRYbiTMUvKipM7KhVyjr9tv_xuX-Ri4bObPSmNoE89xU40yo1wLa5CnfAuY9MWv30lLEATLJEL3_RtAmLiA1otuySe0JSep90YSn0qeZk3F1_YUJ1YfsmTttjQi2LsZjHGKroip-=w408-h305-k-no,true,Open 24 hours,Open 24 hours,Open 24 hours,Open 24 hours,Open 24 hours,Open 24 hours,Open 24 hours,"https://www.google.com/maps/search/commercial+landscaping+businesses+in+Dodge+Center+Rochester+MN/@44.0274641,-92.8551933,14z",2026-04-29T20:47:19.301Z,,,,
"https://www.google.com/maps/place/All-Star+Basements,+LLC/data=!4m7!3m6!1s0x87f760b7f74397c1:0xe955616b1cc8fd20!8m2!3d44.0382292!4d-92.5000691!16s%2Fg%2F1tczwhq4!19sChIJwZdD97dg94cRIP3IHGthVek","All-Star Basements, LLC",4.9,184,Waterproofing service,"1500 Opportunity Rd NW, Rochester, MN 55901, United States","2FQX+7X Rochester, Minnesota, USA",http://www.allstarbasements.com/,+1 507-259-7886,Open · Closes 5 pm,https://lh3.googleusercontent.com/gps-cs-s/APNQkAEG3z3dA9zosJXju-WFPo0R3WQDd9mKpt6vP5rfq41DxXfvQfuCCsPAY9aY_3R13a6hsMFZ7Qtg63ABeGtKtJ-gG-l-f__m2xle7Tfq9K3Ye0tTsuYLO6iL395By4cBso4PCD8V_Q=w515-h240-k-no,true,8 am–5 pm,8 am–5 pm,8 am–5 pm,Closed,Closed,8 am–5 pm,8 am–5 pm,"https://www.google.com/maps/search/commercial+landscaping+businesses+in+Dodge+Center+Rochester+MN/@44.0274641,-92.8551933,14z",2026-04-29T20:47:23.647Z,,,,
https://www.google.com/maps/place/Rochester+Asphalt+and+Concrete/data=!4m7!3m6!1s0x87f9e6b0bf4b8935:0x6f306f79f2229988!8m2!3d43.9951981!4d-92.4566782!16s%2Fg%2F1w0p65qh!19sChIJNYlLv7Dm-YcRiJki8nlvMG8,Rochester Asphalt and Concrete,4.6,59,Paving contractor,"1832 3rd Ave SE Building A, Rochester, MN 55904, United States","XGWV+38 Rochester, Minnesota, USA",https://rochesterasphaltmn.com/,+1 507-529-0643,Open · Closes 5 pm,https://lh3.googleusercontent.com/gps-cs-s/APNQkAF8Qxj3uIi2bqaU1psy4doBjN6Vaa-Mtzrw_L2fAL8O56W8xIP1XbjjtF09OEuPDDAju_TCIYh4S7Pico4Ow06VWYMFH6Jaa8YNA0EA9z7o72YVOKucL-azVIbMJckqU58H4qM=w408-h544-k-no,true,8 am–5 pm,8 am–5 pm,8 am–5 pm,Closed,Closed,8 am–5 pm,8 am–5 pm,"https://www.google.com/maps/search/commercial+landscaping+businesses+in+Dodge+Center+Rochester+MN/@44.0274641,-92.8551933,14z",2026-04-29T20:47:28.003Z,,,,
https://www.google.com/maps/place/Procrete+LLC/data=!4m7!3m6!1s0x87f76b4f7f1dda1d:0xaea731034820ea1f!8m2!3d44.0684587!4d-92.7608307!16s%2Fg%2F11ftn8fh10!19sChIJHdodf09r94cRH-ogSAMxp64,Procrete LLC,,,Concrete contractor,"616 Chestnut St, Mantorville, MN 55955, United States","369Q+9M Mantorville, Minnesota, USA",,+1 507-951-8229,Open · Closes 6 pm,https://streetviewpixels-pa.googleapis.com/v1/thumbnail?panoid=xmKpQaCCTTh6gaP7ZxFFvg&cb_client=search.gws-prod.gps&w=408&h=240&yaw=91.28737&pitch=0&thumbfov=100,true,8 am–6 pm,8 am–6 pm,8 am–6 pm,Closed,Closed,8 am–6 pm,8 am–6 pm,"https://www.google.com/maps/search/commercial+landscaping+businesses+in+Dodge+Center+Rochester+MN/@44.0274641,-92.8551933,14z",2026-04-29T20:47:32.434Z,,,,
https://www.google.com/maps/place/SprinklerMan/data=!4m7!3m6!1s0x87f75fe6f3eaaaab:0xa4db92065078099a!8m2!3d44.0624169!4d-92.4769082!16s%2Fg%2F11rxh_0zsj!19sChIJq6rq8-Zf94cRmgl4UAaS26Q,SprinklerMan,3.6,17,Lawn sprinkler system contractor,"855 38th St NW, Rochester, MN 55901, United States","3G6F+X6 Rochester, Minnesota, USA",https://www.sprinklerman.com/contact,+1 507-282-4400,Closes soon · 4 pm · Opens 8 am Thu,https://streetviewpixels-pa.googleapis.com/v1/thumbnail?panoid=yJzUy9KnjgcXhwnujnJY3Q&cb_client=search.gws-prod.gps&w=408&h=240&yaw=311.33188&pitch=0&thumbfov=100,false,8 am–4 pm,8 am–4 pm,8 am–4 pm,Closed,Closed,8 am–4 pm,8 am–4 pm,"https://www.google.com/maps/search/commercial+landscaping+businesses+in+Dodge+Center+Rochester+MN/@44.0274641,-92.8551933,14z",2026-04-29T20:47:36.796Z,,,,
https://www.google.com/maps/place/Masterwork+Solution+LLC/data=!4m7!3m6!1s0x8b0f224441e365fd:0x956e1e80f6c97c2e!8m2!3d44.0545033!4d-92.4820735!16s%2Fg%2F11v4m808k5!19sChIJ_WXjQUQiD4sRLnzJ9oAebpU,Masterwork Solution LLC,5.0,35,Contractor,"1207 29th St NW, Rochester, MN 55901, United States","3G39+R5 Rochester, Minnesota, USA",http://www.deckcares.com/,+1 507-319-9856,Open · Closes 8 pm,https://lh3.googleusercontent.com/gps-cs-s/APNQkAF1xU9f9aLG8AgDowvkzTA6AXc3wRV_5rn2YxY1rh43yAlT6l1DgLFurPAlRgvmNUaPSXuSkvFJHCmSErUHpRJs7ZcUro4Qb2Q8q4mrL0B5Nn0ZMRMDD7bfmAE6YcTZRkDGauosPqoHr427=w408-h249-k-no,true,7 am–8 pm,7 am–8 pm,7 am–8 pm,9 am–5 pm,9 am–5 pm,7 am–8 pm,7 am–8 pm,"https://www.google.com/maps/search/commercial+landscaping+businesses+in+Dodge+Center+Rochester+MN/@44.0274641,-92.8551933,14z",2026-04-29T20:47:41.094Z,LGBTQ+ friendly,,,
https://www.google.com/maps/place/De+Cook+Excavating+Inc/data=!4m7!3m6!1s0x87f7608fffffffff:0x1c31fbcaaf219d71!8m2!3d44.0780552!4d-92.5098914!16s%2Fg%2F1260qbjy9!19sChIJ_____49g94cRcZ0hr8r7MRw,De Cook Excavating Inc,5.0,2,Excavating contractor,"Rochester, MN 55901, United States",,,+1 507-208-2068,,https://streetviewpixels-pa.googleapis.com/v1/thumbnail?panoid=zxX2FiD6KKCulgc_klw1Hw&cb_client=search.gws-prod.gps&w=408&h=240&yaw=231.32578&pitch=0&thumbfov=100,false,,,,,,,,"https://www.google.com/maps/search/commercial+landscaping+businesses+in+Dodge+Center+Rochester+MN/@44.0274641,-92.8551933,14z",2026-04-29T20:47:43.311Z,,,,
https://www.google.com/maps/place/Kittock+Landscape+Service/data=!4m7!3m6!1s0x37f9c77b68935eb:0x3a12aa18fb80599d!8m2!3d44.5059849!4d-92.9039719!16s%2Fg%2F11vc9hdv9r!19sChIJ6zWJtnecfwMRnVmA-xiqEjo,Kittock Landscape Service,5.0,50,Landscaper,"121 3rd St S, Cannon Falls, MN 55009, United States","G34W+9C Cannon Falls, Minnesota, USA",http://kittocklandscape.com/,+1 651-900-1753,Open · Closes 5 pm,https://lh3.googleusercontent.com/gps-cs-s/APNQkAGip25Tm_yy8nB86w2lgYzDNIdO5CiRMIix1565nkHBJ-xGFe0QyUATu6vG6n2oBk6bII9J-q8jmY1O7Cnr3hf6a5dUE-xM8guYSNPYOpJOZ03TPvcYmIWzcLXEg6dVvJIdTUG-JTWRDEf8=w408-h544-k-no,true,9 am–5 pm,9 am–5 pm,9 am–5 pm,Closed,Closed,9 am–5 pm,9 am–5 pm,"https://www.google.com/maps/search/commercial+landscaping+businesses+in+Dodge+Center+Rochester+MN/@44.0274641,-92.8551933,14z",2026-04-29T20:47:47.657Z,,,,
"https://www.google.com/maps/place/Stumps+%26+Landscaping+of+Rochester,+LLC/data=!4m7!3m6!1s0x87f9fbe6e9d7803b:0xba2584ee15079d7e!8m2!3d43.9188352!4d-92.3309987!16s%2Fg%2F11fn4z9trc!19sChIJO4DX6eb7-YcRfp0HFe6EJbo","Stumps & Landscaping of Rochester, LLC",4.6,10,Tree service,"7136 County Rd 19 SE, Rochester, MN 55904, United States","WM99+GJ Rochester, Minnesota, USA",https://www.507stumpgrinding.com/,+1 507-216-2435,Open · Closes 8 pm,https://lh3.googleusercontent.com/gps-cs-s/APNQkAFBpkteQ_rZIQpU-9lh225RirZJfCRLFqyh7n_t-vTyEpHKhbTar4ZCYkiTXkEpo9zpeOKSJkSEn_jW_wR9GZOQIMPNsSFk3ToiXVDa60bRHH4HAG0gHjYpwvUMHvlMNDkmFL4=w408-h544-k-no,true,7 am–8 pm,7 am–8 pm,7 am–8 pm,7 am–8 pm,Closed,7 am–8 pm,7 am–8 pm,"https://www.google.com/maps/search/commercial+landscaping+businesses+in+Dodge+Center+Rochester+MN/@44.0274641,-92.8551933,14z",2026-04-29T20:47:51.887Z,,,,
https://www.google.com/maps/place/Patios+Plus+-+Concrete+Contractor/data=!4m7!3m6!1s0x87f75fcbeaf232f5:0xff8fe3f2f747d7ee!8m2!3d44.115855!4d-92.6269854!16s%2Fg%2F11qr1r14q1!19sChIJ9TLy6stf94cR7tdH9_Ljj_8,Patios Plus - Concrete Contractor,5.0,31,Concrete contractor,,,https://patiosplusconcrete.com/,+1 507-405-4475,Open · Closes 8 pm,https://lh3.googleusercontent.com/gps-cs-s/APNQkAFUZHgsuPQWZ3OYAPCE2KS5lB7iTkk1r_tbUkFNLh9LJFAeUw5G5vIqbUxGGMQYC_6h_i9Rx0C9jEEjv8lAOoiYnBW_M-3vG-ttY2xe9QCwbu-kY_JZJBfbZt4JDpPylIBFIL-oBjV0K74=w408-h544-k-no,true,7 am–8 pm,7 am–8 pm,7 am–8 pm,Closed,Closed,7 am–8 pm,7 am–8 pm,"https://www.google.com/maps/search/commercial+landscaping+businesses+in+Dodge+Center+Rochester+MN/@44.0274641,-92.8551933,14z",2026-04-29T20:47:56.304Z,,,,
https://www.google.com/maps/place/Earthworks+Tree+%26+Garden/data=!4m7!3m6!1s0x87f75f827b908b6f:0xc2baff2dddfa3ea7!8m2!3d43.996339!4d-92.481139!16s%2Fg%2F11qrhvcyl0!19sChIJb4uQe4Jf94cRpz763S3_usI,Earthworks Tree & Garden,5.0,39,Arborist service,,,http://www.earthworkstng.com/,+1 507-202-9308,Open · Closes 7 pm,https://lh3.googleusercontent.com/gps-cs-s/APNQkAE-9mKWf87WY1OZHQXyO-EfI0ywem4EhkvOigPD9NTxGdMo7FmYvuiDCPah-twom2dCtXJOYno8L7I8Sni5hwvabT6aoo3F6Hy59427PLfysY3UTq5sP775k76TFGcF0kdSYS5xVGv_Ku4s=w408-h541-k-no,true,7 am–7 pm,7 am–7 pm,7 am–7 pm,7 am–7 pm,7 am–7 pm,7 am–7 pm,7 am–7 pm,"https://www.google.com/maps/search/commercial+landscaping+businesses+in+Dodge+Center+Rochester+MN/@44.0274641,-92.8551933,14z",2026-04-29T20:48:00.587Z,,,,
https://www.google.com/maps/place/Graham+Services/data=!4m7!3m6!1s0xaf870266ca2380e5:0x31497e2ab1bdb9dd!8m2!3d44.0049765!4d-92.4485865!16s%2Fg%2F11y374yr6m!19sChIJ5YAjymYCh68R3bm9sSp-STE,Graham Services,4.9,11,Landscaper,,,https://www.grahamservices.llc/,+1 507-993-3622,Open · Closes 6 pm,https://lh3.googleusercontent.com/gps-cs-s/APNQkAFSC0_mmfLqSJANq8ZPXo4_58dUckoSI1QCtl-xrr5nn9OoqeE3MGgg9Ls0eQT-S5_hAJGHetuoyinGPH1OLJIVYo-L6BJsSTP6AZgtGHoPeAjDX_z0lBoMUJqsjZbnbVpVWcsuBw=w408-h611-k-no,true,8 am–6 pm,8 am–6 pm,8 am–6 pm,8 am–4 pm,10 am–4 pm,8 am–6 pm,8 am–6 pm,"https://www.google.com/maps/search/commercial+landscaping+businesses+in+Dodge+Center+Rochester+MN/@44.0274641,-92.8551933,14z",2026-04-29T20:48:04.767Z,,,,
https://www.google.com/maps/place/Farrell+Equipment+%26+Supply+-+Rochester/data=!4m7!3m6!1s0x87f75e676d6c03f9:0x58bbeb67a9890a65!8m2!3d44.036877!4d-92.521158!16s%2Fg%2F1wh4gdvf!19sChIJ-QNsbWde94cRZQqJqWfru1g,Farrell Equipment & Supply - Rochester,4.6,45,Construction equipment supplier,"945 37th Ave NW, Rochester, MN 55901, United States","2FPH+QG Rochester, Minnesota, USA",https://farrellequipment.com/our-locations/rochester-mn/,+1 507-252-0234,,https://lh3.googleusercontent.com/gps-cs-s/APNQkAEgVaB2Q8nB7htMRchvLetvWT1avs4EOmWBWz13fY-EyvR5rT7gRiINu1sHOGUNr2fCL7qNf3fpoNLhRdUfBwfFWoC1FRRNa_BrLqF8uHuBl3tCGTtSICCc3-tfFJp6L23stU5q=w480-h240-k-no,true,7 am–5 pm,7 am–5 pm,7 am–5 pm,Closed,Closed,7 am–5 pm,7 am–5 pm,"https://www.google.com/maps/search/commercial+landscaping+businesses+in+Dodge+Center+Rochester+MN/@44.0274641,-92.8551933,14z",2026-04-29T20:48:09.016Z,,,,
https://www.google.com/maps/place/Stealth+Mowed/data=!4m7!3m6!1s0x87f75f3733976f43:0xdb59b175d1424efb!8m2!3d44.0493844!4d-92.483457!16s%2Fg%2F11rcd6rxqh!19sChIJQ2-XMzdf94cR-05C0XWxWds,Stealth Mowed,4.3,11,Lawn care service,"Elton Hills Dr NW, Rochester, MN 55901, United States","2GX8+QJ Rochester, Minnesota, USA",http://stealthmowed.com/?utm_source=gmb&utm_medium=organic,+1 763-587-8548,Open · Closes 7 pm,https://lh3.googleusercontent.com/gps-cs-s/APNQkAGpY2AcoOeoG8d_PDGjXvtRGQxkNfjmisUulcL2xSFoUnne2D9Rv2FZ8NJgOKrEgVZYhC8CfeaWBx2Df-KraL8lS2JG92aTEfgQ3T9bvmCTrcMV4jbdmYOo2bIulgHd6P85lcG8zQ=w426-h240-k-no,true,7 am–7 pm,7 am–7 pm,7 am–7 pm,Closed,Closed,7 am–7 pm,7 am–7 pm,"https://www.google.com/maps/search/commercial+landscaping+businesses+in+Dodge+Center+Rochester+MN/@44.0274641,-92.8551933,14z",2026-04-29T20:48:13.378Z,,,,
https://www.google.com/maps/place/Castlewood+Homes/data=!4m7!3m6!1s0x602f369552e9506b:0xa0ad2ebabb0a97dc!8m2!3d43.996339!4d-92.481139!16s%2Fg%2F11z0wq91gx!19sChIJa1DpUpU2L2AR3JcKu7ouraA,Castlewood Homes,5.0,7,Custom home builder,,,https://castlewoodhomes.net/,+1 507-696-2962,Open · Closes 5 pm,https://lh3.googleusercontent.com/gps-cs-s/APNQkAERrvcyYk7gqSKR4JWSGFupe--5FC76EHeP9cW-_SuqYFeppUX5NcLcj0K9QWqUO1L7AdNe9DhbT7TImE9DjbB-aD35-x5Q8mIRDPait-Dok3HRP6pkoigF4kTK83EPffOj2aq3rI2026c=w408-h272-k-no,true,7 am–5 pm,7 am–5 pm,7 am–5 pm,8 am–12 pm,Closed,7 am–5 pm,7 am–5 pm,"https://www.google.com/maps/search/commercial+landscaping+businesses+in+Dodge+Center+Rochester+MN/@44.0274641,-92.8551933,14z",2026-04-29T20:48:17.821Z,,,,
https://www.google.com/maps/place/Affordable+Concrete+Inc./data=!4m7!3m6!1s0x2535e6edca873daf:0x639429b945affc1d!8m2!3d44.0147265!4d-92.384159!16s%2Fg%2F11x6sfcrdm!19sChIJrz2Hyu3mNSURHfyvRbkplGM,Affordable Concrete Inc.,5.0,7,Concrete contractor,,,https://affordableconcretemn.com/,+1 507-287-1877,Open · Closes 9 pm,https://lh3.googleusercontent.com/gps-cs-s/APNQkAGO4NcHxVAzYLIKq0OIWWjwCd2QU3A9mBgR-pJ24CL5tuq7rSy1IAgQ0B6B3f7tXhOrQyGnGgiWseL76n36Ygmtti6Vgpw-ecQX_zwfdyOy2WPjeMZrv6OzxZT0ZXgDIsXPRq1ruHqZn-z_=w408-h306-k-no,true,6 am–9 pm,6 am–9 pm,6 am–9 pm,6 am–9 pm,6 am–9 pm,6 am–9 pm,6 am–9 pm,"https://www.google.com/maps/search/commercial+landscaping+businesses+in+Dodge+Center+Rochester+MN/@44.0274641,-92.8551933,14z",2026-04-29T20:48:22.084Z,,,,
https://www.google.com/maps/place/S+L+Contracting/data=!4m7!3m6!1s0x87f75fad1b901c9d:0x1f035a8b066b203b!8m2!3d44.0382141!4d-92.4989129!16s%2Fg%2F1w4vkhgk!19sChIJnRyQG61f94cROyBrBotaAx8,S L Contracting,4.1,9,Excavating contractor,"2510 Schuster Ln NW, Rochester, MN 55901, United States","2GQ2+7C Rochester, Minnesota, USA",https://www.slcontractingmn.com/,+1 507-281-5333,Open · Closes 5 pm,https://streetviewpixels-pa.googleapis.com/v1/thumbnail?panoid=NAOFG8l-gpnXdFlrPb3paQ&cb_client=search.gws-prod.gps&w=408&h=240&yaw=189.96346&pitch=0&thumbfov=100,false,8 am–5 pm,8 am–5 pm,8 am–5 pm,Closed,Closed,8 am–5 pm,8 am–5 pm,"https://www.google.com/maps/search/commercial+landscaping+businesses+in+Dodge+Center+Rochester+MN/@44.0274641,-92.8551933,14z",2026-04-29T20:48:26.472Z,,,,
https://www.google.com/maps/place/Houston%27s+Greenhouse+%26+Gift/data=!4m7!3m6!1s0x87f74045f66722bb:0xd67f3e3da1266e75!8m2!3d44.038944!4d-92.7478535!16s%2Fg%2F1tnl1z8n!19sChIJuyJn9kVA94cRdW4moT0-f9Y,Houston's Greenhouse & Gift,4.8,105,Garden center,"914 Mantorville Ave N, Kasson, MN 55944, United States","27Q2+HV Kasson, Minnesota, USA",https://www.houstonsgreenhouse.com/,+1 507-634-7113,Open · Closes 6 pm,https://lh3.googleusercontent.com/gps-cs-s/APNQkAHf-_l7NBiztne05hAmgErIM4t9_oZE4g1qfU_U2d1U5sh34qf1YtwIhJnAbFol9CCeZBTWVjjS5ywgMQtL4GAsOd-RRere-At9LVSjbovO0bA-my6YN5okJNkrX-plwODvxcaP=w408-h306-k-no,true,9 am–6 pm,9 am–6 pm,9 am–6 pm,9 am–5 pm,10 am–5 pm,9 am–6 pm,9 am–6 pm,"https://www.google.com/maps/search/commercial+landscaping+businesses+in+Dodge+Center+Rochester+MN/@44.0274641,-92.8551933,14z",2026-04-29T20:48:30.795Z,,,,
https://www.google.com/maps/place/Shades+of+Green+Landscaping/data=!4m7!3m6!1s0x87f9e03cf7d4b659:0xc76a239a796b7594!8m2!3d43.923851!4d-92.508876!16s%2Fg%2F11b807yy75!19sChIJWbbU9zzg-YcRlHVreZojasc,Shades of Green Landscaping,4.0,4,Landscaper,,,http://www.shadesofgreenrochester.com/,+1 651-983-6871,,https://lh3.googleusercontent.com/gps-cs-s/APNQkAHQyXh4sp5yvjh-FYo1HA-rJMY_8p5jNmmdWIwYF90s2Omlv9imVaq1TkqC2JAHdYZ-3A-m0850PMK7ueRrIC-gCUg5bYh3w2G8OEaT2BW42KWjUuY4pBoW-Y5CcYt_1IVSZUubkw=w426-h240-k-no,true,,,,,,,,"https://www.google.com/maps/search/commercial+landscaping+businesses+in+Dodge+Center+Rochester+MN/@44.0274641,-92.8551933,14z",2026-04-29T20:48:32.902Z,,,,
https://www.google.com/maps/place/Hometown+Stump+Eliminator/data=!4m7!3m6!1s0x87f9e382fade6929:0xa2fccb85a2438b43!8m2!3d43.9899287!4d-92.4223622!16s%2Fg%2F11q9j2m14v!19sChIJKWne-oLj-YcRQ4tDooXL_KI,Hometown Stump Eliminator,4.8,13,Tree service,"2803 22nd St SE, Rochester, MN 55904, United States","XHQH+X3 Rochester, Minnesota, USA",https://stumpremovalrochester.com/,+1 507-358-4448,Open 24 hours,https://lh3.googleusercontent.com/gps-cs-s/APNQkAHi_zgLK14YV3VJS5dZXPUTQD88SEv4ZkhU-wpI7N7Wt15yqqi4ZoA81j6Yoo0KIu5gvb3ddDCwdQSx-jHncCldGIRuER5JheIocImo0seusKd9WXT8piK2kQqxPS4ZhCPDUaMz5A=w408-h544-k-no,true,Open 24 hours,Open 24 hours,Open 24 hours,Open 24 hours,Open 24 hours,Open 24 hours,Open 24 hours,"https://www.google.com/maps/search/commercial+landscaping+businesses+in+Dodge+Center+Rochester+MN/@44.0274641,-92.8551933,14z",2026-04-29T20:48:37.169Z,,,,
https://www.google.com/maps/place/Tungland+Services/data=!4m7!3m6!1s0x87f9e21d89ae4ee1:0x5cc4aba5848597a4!8m2!3d43.9936249!4d-92.4472167!16s%2Fg%2F1pp2vcct6!19sChIJ4U6uiR3i-YcRpJeFhKWrxFw,Tungland Services,,,Snow removal service,"939 19th St SE, Rochester, MN 55904, United States","XHV3+C4 Rochester, Minnesota, USA",https://www.tunglandservices.com/,+1 507-269-4627,Open · Closes 9 pm,https://streetviewpixels-pa.googleapis.com/v1/thumbnail?panoid=AGLkbJQazfpKmk3Y81sTqQ&cb_client=search.gws-prod.gps&w=408&h=240&yaw=7.097558&pitch=0&thumbfov=100,false,7 am–9 pm,7 am–9 pm,7 am–9 pm,7 am–9 pm,7 am–9 pm,7 am–9 pm,7 am–9 pm,"https://www.google.com/maps/search/commercial+landscaping+businesses+in+Dodge+Center+Rochester+MN/@44.0274641,-92.8551933,14z",2026-04-29T20:48:41.605Z,,,,
https://www.google.com/maps/place/Hoyer+Construction+LLC/data=!4m7!3m6!1s0x87f75fdbeb91aaed:0xd73fd3a357fa0a95!8m2!3d44.006495!4d-92.3452048!16s%2Fg%2F11c2jllqj_!19sChIJ7aqR69tf94cRlQr6V6PTP9c,Hoyer Construction LLC,4.5,52,General contractor,"1019 Chester Ave SE, Rochester, MN 55904, United States","2M43+HW Rochester, Minnesota, USA",https://hoyerconstructionllc.com/,+1 507-358-9673,Open · Closes 5 pm,https://lh3.googleusercontent.com/gps-cs-s/APNQkAFVhTUmPTn__8jiwZ8nKy1LdJSCS_Uu-Prso6qnK2rE6Asmzeu_3IWaIanMV7jWQipVTIUxhP6-QucXSQrKlJrql6R5DhJ8jS7xmwrBeOteEwLfBddkavGKWD5ZQtaoXtaLE18o=w426-h240-k-no,true,8 am–5 pm,8 am–5 pm,8 am–5 pm,Closed,Closed,8 am–5 pm,8 am–5 pm,"https://www.google.com/maps/search/commercial+landscaping+businesses+in+Dodge+Center+Rochester+MN/@44.0274641,-92.8551933,14z",2026-04-29T20:48:45.952Z,,,,
https://www.google.com/maps/place/Root+River+Equipment+LLC/data=!4m7!3m6!1s0x84b4e83164b756cf:0x41be6a5c0979a3f7!8m2!3d43.9173627!4d-92.4749729!16s%2Fg%2F11rhqg8f_f!19sChIJz1a3ZDHotIQR96N5CVxqvkE,Root River Equipment LLC,4.9,41,Equipment rental agency,"3 County Rd 16 SE, Rochester, MN 55904, United States","WG8G+W2 Rochester, Minnesota, USA",http://www.rootriverequipment.com/,+1 507-900-5240,"Open · Closes 6 pm

Updated by this business 3 weeks ago",https://lh3.googleusercontent.com/gps-cs-s/APNQkAHTUKP62TkfFnJ7dEfTd6K19iJrHQtBfN7SL2QM7-3vvZmM9nbV1MvEGOeQiPr_oHnvjiSAJCe6hYwQDoWv7aAsCoCTahH74PmilmavnEu8pJ2W_SyYNpJFUTSJskHMDqFYooCZ=w408-h306-k-no,true,8:30 am–6 pm,8:30 am–6 pm,8:30 am–6 pm,8:30 am–1 pm,Closed,8:30 am–6 pm,8:30 am–6 pm,"https://www.google.com/maps/search/commercial+landscaping+businesses+in+Dodge+Center+Rochester+MN/@44.0274641,-92.8551933,14z",2026-04-29T20:48:50.326Z,Identifies as veteran-owned,,,
https://www.google.com/maps/place/The+Landscape+Company+Inc/data=!4m7!3m6!1s0x87f7b5d58b073441:0xfb43d948db2ef5b1!8m2!3d44.6262341!4d-93.0102417!16s%2Fg%2F11g6xh8y57!19sChIJQTQHi9W194cRsfUu20jZQ_s,The Landscape Company Inc,4.9,13,Landscaper,"4740 222nd St E, Hampton, MN 55031, United States","JXGQ+FW Hampton, Minnesota, USA",http://www.landscapemn.com/,+1 612-282-7199,Open · Closes 5 pm,https://lh3.googleusercontent.com/gps-cs-s/APNQkAGtGyRXU6s83yWvUgTybHlNDQ1JSKjle4dciSImw1iMJcPcWXDqw5VUwqSlNxzrbHTc24cboLj6_2ni8nWSY8LiwqccliUtpXJDceVqDsSRkq1qcKullbTLYi0yZe_P1cSaJgvfh0w8mFHw=w408-h544-k-no,true,7 am–5 pm,7 am–5 pm,7 am–5 pm,7 am–5 pm,Closed,7 am–5 pm,7 am–5 pm,"https://www.google.com/maps/search/commercial+landscaping+businesses+in+Dodge+Center+Rochester+MN/@44.0274641,-92.8551933,14z",2026-04-29T20:48:54.586Z,,,,
https://www.google.com/maps/place/Landscaping+Solutions+LLC/data=!4m7!3m6!1s0x2166aa679bceb303:0x40e27fead051628b!8m2!3d43.8536005!4d-93.2512155!16s%2Fg%2F11y5jgy_cb!19sChIJA7POm2eqZiERi2JR0Op_4kA,Landscaping Solutions LLC,4.9,36,Landscaper,,,https://mnlandscapingsolutions.com/,+1 507-318-6882,Open · Closes 6 pm,https://lh3.googleusercontent.com/gps-cs-s/APNQkAHIw1yNq2S-BYlITbL75zV6o_2Awwfu59JKLT5U38oXzUZw5SoPKoKghIum1VzX5oq_IQ0G457w6X-f8L96jZ5rXbcKuoEhv3j7GSJcdMpm8Vx9ida-OyLBBpIR1Yk26zfP2UO0tXNn0FFt=w408-h306-k-no,true,8 am–6 pm,8 am–6 pm,8 am–6 pm,8 am–6 pm,Closed,8 am–6 pm,8 am–6 pm,"https://www.google.com/maps/search/commercial+landscaping+businesses+in+Dodge+Center+Rochester+MN/@44.0274641,-92.8551933,14z",2026-04-29T20:48:58.797Z,,,,
"https://www.google.com/maps/place/Dirt+Doctor+Construction/@43.9455234,-92.4524846,17z/data=!3m1!4b1!4m6!3m5!1s0x87f9e3130face537:0x7bfef2588842902b!8m2!3d43.9455234!4d-92.4524846!16s%2Fg%2F11x2ghb5vy",Dirt Doctor Construction,,,Excavating contractor,"5300 St Bridget Rd SE, Rochester, MN 55904, United States","WGWX+62 Rochester, Minnesota, USA",,+1 507-951-8628,Open · Closes 6 pm,,true,7 am–6 pm,7 am–6 pm,7 am–6 pm,7 am–4 pm,Closed,7 am–6 pm,7 am–6 pm,"https://www.google.com/maps/search/commercial+landscaping+businesses+in+Dodge+Center+Rochester+MN/@44.0274641,-92.8551933,14z",2026-04-29T20:49:05.286Z,,,,
https://www.google.com/maps/place/Story+Landscaping+LLP/data=!4m7!3m6!1s0x87f702190fe8e2e1:0x3ec8ac22a8dba4f1!8m2!3d44.0023585!4d-93.4829435!16s%2Fg%2F1pzt2f48n!19sChIJ4eLoDxkC94cR8aTbqCKsyD4,Story Landscaping LLP,5.0,2,Landscape designer,,,https://www.storylandscaping.com/,+1 507-330-4646,Open · Closes 9 pm,https://lh3.googleusercontent.com/gps-cs-s/APNQkAHGmBvbDWcNSo7tem6pj0S8dknPxWrnYuQJCjSDAdaCf-EB8E33X4JfYU4Jm7jovmBbzq_mWm-9z0TxdfoMX9NyJ8Gntdpo0Udw6gsn5_Uf1oeTjeZ0p0z4F1Xj4t2QJW6Uqs0=w426-h240-k-no,true,7 am–9 pm,7 am–9 pm,7 am–9 pm,7 am–9 pm,Closed,7 am–9 pm,7 am–9 pm,"https://www.google.com/maps/search/commercial+landscaping+businesses+in+Dodge+Center+Rochester+MN/@44.0274641,-92.8551933,14z",2026-04-29T20:49:09.432Z,,,,
https://www.google.com/maps/place/TruGreen+Lawn+Care/data=!4m7!3m6!1s0x87f75819da29d619:0x7c9c72b29f4ddf2d!8m2!3d43.926201!4d-92.4770395!16s%2Fg%2F1jkxfwvr1!19sChIJGdYp2hlY94cRLd9Nn7JynHw,TruGreen Lawn Care,4.2,260,Lawn care service,"6636 10th Ave SW, Rochester, MN 55902, United States","WGGF+F5 Rochester, Minnesota, USA",https://www.trugreen.com/local-lawn-care/minnesota/rochester/?utm_source=gmb&utm_channel=organic,+1 833-418-5004,,https://lh3.googleusercontent.com/gps-cs-s/APNQkAHeg0vqzUcczbx0VJGwW4hQLsIEJ-auqZU0w0kJG4nxhOnSVLhjXbOpXVJ4mR3oNzLAlfx-LspkYM73Z5gctyAC1tLa9qhuQ830zN1bdvxbr5Q_euzNPbwuan5BfILsAfpVtVv6jEvlTCkj=w426-h240-k-no,true,8 am–6 pm,8 am–6 pm,8 am–6 pm,8 am–12 pm,Closed,8 am–6 pm,8 am–6 pm,"https://www.google.com/maps/search/commercial+landscaping+businesses+in+Dodge+Center+Rochester+MN/@44.0274641,-92.8551933,14z",2026-04-29T20:49:13.833Z,,,,
https://www.google.com/maps/place/Zoller+Brothers+Irrigation/data=!4m7!3m6!1s0x87f9e03545642173:0xca78cac5541c9174!8m2!3d43.9977936!4d-92.4597467!16s%2Fg%2F1tc_4np9!19sChIJcyFkRTXg-YcRdJEcVMXKeMo,Zoller Brothers Irrigation,3.7,19,Lawn sprinkler system contractor,"216 17th St SE, Rochester, MN 55904, United States","XGXR+44 Rochester, Minnesota, USA",http://www.zollerbrothers.com/request-a-quote-contact-us.php,+1 507-289-0000,,https://streetviewpixels-pa.googleapis.com/v1/thumbnail?panoid=orEUvy-AW0nhAK3ky0LPqA&cb_client=search.gws-prod.gps&w=408&h=240&yaw=179.83437&pitch=0&thumbfov=100,true,,,,,,,,"https://www.google.com/maps/search/commercial+landscaping+businesses+in+Dodge+Center+Rochester+MN/@44.0274641,-92.8551933,14z",2026-04-29T20:49:16.058Z,,,,
https://www.google.com/maps/place/Lozoya+Landscaping+%26+Lawncare/data=!4m7!3m6!1s0xd1b1045db4f089:0x2b770427e6bf6732!8m2!3d43.996339!4d-92.481139!16s%2Fg%2F11t8g6k07w!19sChIJifC0XQSx0QARMme_5icEdys,Lozoya Landscaping & Lawncare,3.0,2,Landscaper,,,https://www.facebook.com/Lozoya-Landscaping-Lawncare-105821088316623/?ref=page_internal,+1 507-269-8887,Open · Closes 7 pm,https://lh3.googleusercontent.com/gps-cs-s/APNQkAGOwBZJQhFURdbl9E8H_x6rrAGHmd0xWvvvz4AUE0VQpH2GweKkDDi2vIvivrlfXhXf-1svlFtIniIRfdhmT6x20thbzzSGWLUTFAsUcTW8RKsQ4hySj2K-cugY0T0KI_-6jcuc=w426-h240-k-no,true,7 am–7 pm,7 am–7 pm,7 am–7 pm,7 am–7 pm,Closed,7 am–7 pm,7 am–7 pm,"https://www.google.com/maps/search/commercial+landscaping+businesses+in+Dodge+Center+Rochester+MN/@44.0274641,-92.8551933,14z",2026-04-29T20:49:20.202Z,,,,
https://www.google.com/maps/place/Hathaway+Tree+Service/data=!4m7!3m6!1s0x87f75de021c3867d:0x20ea361a735435e9!8m2!3d44.049877!4d-92.5393634!16s%2Fg%2F1w0h81zr!19sChIJfYbDIeBd94cR6TVUcxo26iA,Hathaway Tree Service,4.6,53,Tree service,"2555 50th Ave NW, Rochester, MN 55901, United States","2FX6+X7 Rochester, Minnesota, USA",http://www.hathawaytree.com/,+1 507-282-4777,,https://lh3.googleusercontent.com/gps-cs-s/APNQkAGqCIH7g7lUiBZXZPruT10v2bltPocmS6gMeEhjCMQ3MV1ZofaFIoAI8fCd9Q5-BAdlBx-eYzuPPYZ_3YOp_wHVPUnCjJzBXb9MZ-Q5jUbvtTXiJUIIrsAcSFfwu50_FgySVWeI=w408-h544-k-no,true,7 am–7 pm,7 am–7 pm,7 am–7 pm,7 am–7 pm,Closed,7 am–7 pm,7 am–7 pm,"https://www.google.com/maps/search/commercial+landscaping+businesses+in+Dodge+Center+Rochester+MN/@44.0274641,-92.8551933,14z",2026-04-29T20:49:24.778Z,,,,
https://www.google.com/maps/place/Above+All+Roofing+of+Rochester/data=!4m7!3m6!1s0x87f75e66795dfb8d:0xcc5274dc2d529408!8m2!3d43.9226529!4d-92.477466!16s%2Fg%2F12jmmkyr1!19sChIJjftdeWZe94cRCJRSLdx0Usw,Above All Roofing of Rochester,4.9,173,Roofing contractor,"6889 10th Ave SW #1, Rochester, MN 55902, United States","WGFF+32 Rochester, Minnesota, USA",http://www.rochesterroofs.com/,+1 507-281-8585,Closes soon · 4 pm · Opens 9 am Thu,https://lh3.googleusercontent.com/gps-cs-s/APNQkAF0mvLsBaTppgL2xoAuTUOJhcIm25aVCqDypXYwp_YWfcUt3vgW_kHnMhQtDdldwnpo7p-_2DDyRbgp8HbNW7q-AS8Sv5PU1kD0Atjix8OxT32CZJUII7LxRse6viSMvBfrVlB1FB_02VU=w408-h271-k-no,true,9 am–4 pm,9 am–4 pm,9 am–4 pm,Closed,Closed,9 am–4 pm,9 am–4 pm,"https://www.google.com/maps/search/commercial+landscaping+businesses+in+Dodge+Center+Rochester+MN/@44.0274641,-92.8551933,14z",2026-04-29T20:49:29.096Z,,,,
"https://www.google.com/maps/place/Gerlach+Snow+Removal,+Lawn+%26+Landscaping/data=!4m7!3m6!1s0x87f655643a769161:0x6ce5a9075ade14b3!8m2!3d44.6558449!4d-93.167249!16s%2Fg%2F11b7t2cn0m!19sChIJYZF2OmRV9ocRsxTeWgep5Ww","Gerlach Snow Removal, Lawn & Landscaping",4.1,8,Landscape designer,,,https://gerlachlandscaping.com/,+1 507-581-6476,Open · Closes 5 pm,https://lh3.googleusercontent.com/gps-cs-s/APNQkAGb7EzF19YGVppbP8cBq5W-8FU5Z0H7lE0kFsokSLqsKo0lisw9HUwzTEAfRHXGyEz50xuYQs5Iy8-sjnPukatR43A-S4XM0WHZI7MXvTWdARdidnscCghk_cv_3-DQ9DRoZdbUqHmzP4wN=w408-h544-k-no,true,8 am–5 pm,8 am–5 pm,8 am–5 pm,8 am–5 pm,Closed,8 am–5 pm,8 am–5 pm,"https://www.google.com/maps/search/commercial+landscaping+businesses+in+Dodge+Center+Rochester+MN/@44.0274641,-92.8551933,14z",2026-04-29T20:49:33.352Z,,,,
https://www.google.com/maps/place/RDO+Equipment+Co./data=!4m7!3m6!1s0x87f75dc99a7cdf35:0xcf284b72231a9a76!8m2!3d44.0350751!4d-92.5575953!16s%2Fg%2F1tl0xxk8!19sChIJNd98msld94cRdpoaI3JLKM8,RDO Equipment Co.,4.6,30,Construction equipment supplier,"1236 60th Ave NW, Rochester, MN 55901, United States","2CPR+2X Rochester, Minnesota, USA",https://www.rdoequipment.com/locations/rochester-mn?utm_source=local&utm_medium=organic&utm_campaign=Not_GMB,+1 507-282-8888,"Open · Closes 5 pm

Confirmed by this business 5 weeks ago",https://lh3.googleusercontent.com/gps-cs-s/APNQkAG40p0BnjVfIzvuMtrDiZzHT0CW8-xgumLXpu-f-cqrmFNJMVnve3vPIEj8VX8EIW2rBmzZMxhap0NadDQvZg4hu7BOrktnknbLAAj6I1mQRELqg1M8DwwxBaIeyWMLM6K7peQ=w426-h240-k-no,true,7 am–5 pm,7 am–5 pm,7 am–5 pm,Closed,Closed,7 am–5 pm,7 am–5 pm,"https://www.google.com/maps/search/commercial+landscaping+businesses+in+Dodge+Center+Rochester+MN/@44.0274641,-92.8551933,14z",2026-04-29T20:49:37.816Z,,,,
"https://www.google.com/maps/place/Thimijan+Custom+Homes,+LLC/data=!4m7!3m6!1s0x87f75f3fe34f91a9:0x895cecf9a14c833c!8m2!3d44.0147265!4d-92.384159!16s%2Fg%2F11dxbhd85p!19sChIJqZFP4z9f94cRPINMofnsXIk","Thimijan Custom Homes, LLC",5.0,7,Custom home builder,,,http://www.thimijan.com/,+1 507-358-4002,Closes soon · 4 pm · Opens 9 am Thu,https://lh3.googleusercontent.com/gps-cs-s/APNQkAFkG67P-BX4JUXuOXYMEI4JgsP6GTfnfcM72S-FrQJf4_LO_jejKupevTbOP3hOlxXvPv55JaJVHd1dtWQsqKVx6MEa6IHR5rtkFT01CcAO-oAaqrfxh9Az1rP8CGlNREm6zYG0=w426-h240-k-no,true,9 am–4 pm,9 am–4 pm,9 am–4 pm,Closed,Closed,9 am–4 pm,9 am–4 pm,"https://www.google.com/maps/search/commercial+landscaping+businesses+in+Dodge+Center+Rochester+MN/@44.0274641,-92.8551933,14z",2026-04-29T20:49:42.050Z,,,,
https://www.google.com/maps/place/ML+Landscaping/data=!4m7!3m6!1s0x87f9df12b1e526fd:0x5c1c4bc4aeb87a1c!8m2!3d44.1181849!4d-92.440288!16s%2Fg%2F1hc56tz2x!19sChIJ_SblsRLf-YcRHHq4rsRLHFw,ML Landscaping,,,Landscaper,"1901 81st St NE, Rochester, MN 55906, United States","4H95+7V Rochester, Minnesota, USA",,+1 507-269-7000,,https://streetviewpixels-pa.googleapis.com/v1/thumbnail?panoid=0vwKjzO5sK8VqiE95HNHzQ&cb_client=search.gws-prod.gps&w=408&h=240&yaw=358.24387&pitch=0&thumbfov=100,true,,,,,,,,"https://www.google.com/maps/search/commercial+landscaping+businesses+in+Dodge+Center+Rochester+MN/@44.0274641,-92.8551933,14z",2026-04-29T20:49:44.357Z,,,,
https://www.google.com/maps/place/Red+Flannel+Landscaping/data=!4m7!3m6!1s0x87f9f499ee1aaaab:0xf9010218f2d3d4e6!8m2!3d43.8381129!4d-92.1689329!16s%2Fg%2F11y1mx0c75!19sChIJq6oa7pn0-YcR5tTT8hgCAfk,Red Flannel Landscaping,,,Contractor,"1596 Enterprise Drive Chatfield Chatfield Township, Chatfield, MN 55923, United States","RRQJ+6C Chatfield, Minnesota, USA",https://redflannelmn.com/contact-us,+1 507-218-4400,,https://streetviewpixels-pa.googleapis.com/v1/thumbnail?panoid=ieiGNKfuZ_Al7A32r-2qMg&cb_client=search.gws-prod.gps&w=408&h=240&yaw=297.58047&pitch=0&thumbfov=100,false,,,,,,,,"https://www.google.com/maps/search/commercial+landscaping+businesses+in+Chatfield+Rochester+MN/@43.8416451,-92.1892439,14z",2026-04-29T20:49:54.183Z,,,,
https://www.google.com/maps/place/Bernard+Excavating/data=!4m7!3m6!1s0x87f9f38bc37fbad1:0xbddc5490f1fd5ad6!8m2!3d43.8490901!4d-92.1946295!16s%2Fg%2F11qyxdtq87!19sChIJ0bp_w4vz-YcR1lr98ZBU3L0,Bernard Excavating,,,Excavating contractor,"103 Division St NE, Chatfield, MN 55923, United States","RRX4+J4 Chatfield, Minnesota, USA",https://kbern143.wixsite.com/bernardexcavating,+1 507-867-3410,Open · Closes 5 pm,https://lh3.googleusercontent.com/gps-cs-s/APNQkAH8A3LWTDn_hwcbq93G8gp-I8c_Zt1c1-8VducpOZne0MiI7Ra4kr5PfPftiPjSYwCASjCM2_EsmX0dWJbwTTsK-UvCAYZMBnYPdqYvQM57-y4sZRLgJbBWIrALCqWvADNNhJ3h=w408-h275-k-no,true,8 am–5 pm,8 am–5 pm,8 am–5 pm,Closed,Closed,8 am–5 pm,8 am–5 pm,"https://www.google.com/maps/search/commercial+landscaping+businesses+in+Chatfield+Rochester+MN/@43.8416451,-92.1892439,14z",2026-04-29T20:49:58.418Z,,,,
"https://www.google.com/maps/place/Zumbro+Valley+Landscaping,+Inc./data=!4m7!3m6!1s0x87f70b507582da71:0xfec28967c3ac34a6!8m2!3d44.2970046!4d-92.7874972!16s%2Fg%2F1tp27vbp!19sChIJcdqCdVAL94cRpjSsw2eJwv4","Zumbro Valley Landscaping, Inc.",4.7,13,Landscaper,"711 3rd Ave S, Wanamingo, MN 55983, United States","76W7+R2 Wanamingo, Minnesota, USA",http://www.zumbrovalleylandscapinginc.com/,+1 507-824-2021,Open · Closes 5 pm,https://lh3.googleusercontent.com/gps-cs-s/APNQkAGPkz7ld5mQXNUB0txJQCBbZPPyZJl33hafg4UUDKHehj65SWY6XxP68h1mSyQPmvKHyxXO4k4nDmzz3zGMrsEdn5EAA7UQo0_XPKTgSjBrIfIqXK3R-VOxU9__pm0ZNFun9ROq3Q=w408-h306-k-no,true,8 am–5 pm,8 am–5 pm,8 am–5 pm,Closed,Closed,8 am–5 pm,8 am–5 pm,"https://www.google.com/maps/search/commercial+landscaping+businesses+in+Mantorville+Township+Rochester+MN/@44.0691307,-92.7557456,14z",2026-04-29T20:50:17.839Z,,,,
https://www.google.com/maps/place/Countryside+Lawn+%26+Landscape+Inc/data=!4m7!3m6!1s0x87f776b6744c67f9:0xd9b4e911cdedfaaf!8m2!3d44.2969399!4d-92.6802058!16s%2Fg%2F1hc94dtg2!19sChIJ-WdMdLZ294cRr_rtzRHptNk,Countryside Lawn & Landscape Inc,4.8,12,Landscaper,"50 Jefferson Dr, Zumbrota, MN 55992, United States","78W9+QW Zumbrota, Minnesota, USA",https://countrysidellinc.com/,+1 507-732-4404,Closes soon · 4 pm · Opens 9 am Thu,https://lh3.googleusercontent.com/gps-cs-s/APNQkAHENAtCpPs7R_9ZBVXYu-zKLpU_IudoYeokiXBdMGtvSUCrLuYFhJqI0UWrLt0dU4GjGdk4oDW5qEoG_F_wpV439CMGmufq52mhPl6lCQgPUTe0UAbzF9_2ydsLmHpduTKinlHr=w426-h240-k-no,true,9 am–4 pm,9 am–4 pm,9 am–4 pm,8 am–12 pm,Closed,9 am–4 pm,9 am–4 pm,"https://www.google.com/maps/search/commercial+landscaping+businesses+in+Mantorville+Township+Rochester+MN/@44.0691307,-92.7557456,14z",2026-04-29T20:50:28.314Z,,,,
https://www.google.com/maps/place/Hammerside+Exteriors/data=!4m7!3m6!1s0x23f4b900930d4f25:0x668d5d48dfac8303!8m2!3d44.0306734!4d-92.6360281!16s%2Fg%2F11l6jcswkt!19sChIJJU8NkwC59CMRA4Os30hdjWY,Hammerside Exteriors,5.0,37,Roofing contractor,"565 High Point Dr NE Unit B, Byron, MN 55920, United States","29J7+7H Byron, Minnesota, USA",https://www.hammerside.com/,+1 507-990-5700,Closes soon · 4 pm · Opens 8 am Thu,https://lh3.googleusercontent.com/gps-cs-s/APNQkAEoPVcwnll_VGu0GpX1Jl580j8r4KaIFGqyfjNR9rmEI6vRfn_79EkkCOi7qRlhBc2HfVuo-fM7gzs614IncXFJaQQzvkhRzUlx2aXMbZs7IdmgqUOHp0lnvmL01WkFJZMVFoBH=w426-h240-k-no,true,8 am–4 pm,8 am–4 pm,8 am–3 pm,Closed,Closed,8 am–4 pm,8 am–4 pm,"https://www.google.com/maps/search/commercial+landscaping+businesses+in+Mantorville+Township+Rochester+MN/@44.0691307,-92.7557456,14z",2026-04-29T20:50:32.630Z,Identifies as veteran-owned,,,
https://www.google.com/maps/place/LOS+PATRONES+LAWN+CARE+%26+House+Cleaning+LLC/data=!4m7!3m6!1s0x8b8f501a54b3220f:0x8f2581d376490128!8m2!3d44.11959!4d-92.7428556!16s%2Fg%2F11wg47v_0t!19sChIJDyKzVBpQj4sRKAFJdtOBJY8,LOS PATRONES LAWN CARE & House Cleaning LLC,5.0,41,Landscaper,,,https://patroneslawncleaningllc.com/,+1 507-990-4358,Open · Closes 5 pm,https://lh3.googleusercontent.com/gps-cs-s/APNQkAE-On8WvF2glUnwMIW69HQJVVx4cZ1vPbZB4rJsZnmX80MET2dO3twYCV6ULCUcbG8iorIlTw0-UfwaNfy-bgbNnspoYg6G6waBo8BYx8eD4ry7OWUqeW8Jp4BVVLAIPUyz2Hwh=w426-h240-k-no,true,7 am–5 pm,7 am–5 pm,7 am–5 pm,7 am–5 pm,7 am–3 pm,7 am–5 pm,7 am–5 pm,"https://www.google.com/maps/search/commercial+landscaping+businesses+in+Mantorville+Township+Rochester+MN/@44.0691307,-92.7557456,14z",2026-04-29T20:50:41.361Z,,,,
https://www.google.com/maps/place/Garten+Marketplatz+Perennial+Farms/data=!4m7!3m6!1s0x87f75af89d881977:0xe52fb6884630ab87!8m2!3d43.945969!4d-92.578926!16s%2Fg%2F1th24cd2!19sChIJdxmInfha94cRh6swRoi2L-U,Garten Marketplatz Perennial Farms,5.0,77,Wedding venue,"5225 County Rd 15 SW, Byron, MN 55920, United States","WCWC+9C Byron, Minnesota, USA",http://www.gartenmarketplatz.com/,+1 507-365-8891,"Closes soon · 4 pm · Opens 10 am Thu

Updated by this business 3 weeks ago",https://lh3.googleusercontent.com/gps-cs-s/APNQkAGRxzXU_KjXlVvP_w6WrbT8jPld0zXJzRdn-u5hI_YKcFfjWyBcVTigvlFyd_F5eewErZIDhpX-M_4_Evnr3LweAKlLcawWYTbeiLRuBSLn0AC4IuJo3WgmLKXDYdwYqPIPleINEhOBclUt=w426-h240-k-no,true,10 am–4 pm,10 am–4 pm,10 am–4 pm,10 am–4 pm,Closed,10 am–4 pm,10 am–4 pm,"https://www.google.com/maps/search/commercial+landscaping+businesses+in+Mantorville+Township+Rochester+MN/@44.0691307,-92.7557456,14z",2026-04-29T20:50:45.632Z,LGBTQ+ friendly,,,
https://www.google.com/maps/place/Three+Boys+Lawn+Care/data=!4m7!3m6!1s0x87f765bac4de2901:0xdacb22b3fc1bb8be!8m2!3d44.1648355!4d-92.54666!16s%2Fg%2F11fr__nct9!19sChIJASnexLpl94cRvrgb_LMiy9o,Three Boys Lawn Care,5.0,24,Lawn care service,"815 1st St NW, Oronoco, MN 55960, United States","5F73+W8 Oronoco, Minnesota, USA",http://www.yardbook.com/hp/108393,+1 507-923-8356,Open · Closes 7 pm,https://lh3.googleusercontent.com/gps-cs-s/APNQkAHU5eG5si8gmi1tg6KVzjJzQ_5hAuTmBCtgM3w7LyF0NJncaVEUiExzJ12iaKKL1qe2PvWlP_WX4FrJKYYmMYX-dhA8gVs9lZsJefMpvACg0-3025Z5S50bdqXzfq_qx7rwCL4J=w408-h306-k-no,true,8 am–7 pm,8 am–7 pm,8 am–7 pm,Closed,Closed,8 am–7 pm,8 am–7 pm,"https://www.google.com/maps/search/commercial+landscaping+businesses+in+Mantorville+Township+Rochester+MN/@44.0691307,-92.7557456,14z",2026-04-29T20:50:49.881Z,,,,
https://www.google.com/maps/place/Summit+Outdoor+Services/data=!4m7!3m6!1s0xb9896c98a0b13f:0xcd9013463e5b9ae8!8m2!3d43.996339!4d-92.481139!16s%2Fg%2F11x95yf8n7!19sChIJP7GgmGyJuQAR6JpbPkYTkM0,Summit Outdoor Services,,,Landscape designer,,,http://summmitoutdoorservices.com/,+1 507-261-5909,Open · Closes 5 pm,https://lh3.googleusercontent.com/gps-cs-s/APNQkAED-_eh5N12ulSxKgEZJX9KgvGHBxmCr5-hpJgCZdZoOI1WVbUXBJG1ujiq6Jc33zKicT6EbzCk0J3tss_srnSTJDKnUfeoj1te4n7ar9oB1nCZR1nN8SpKtIehJ4Cq9kR-bUSKFppwDLE=w408-h291-k-no,true,9 am–5 pm,9 am–5 pm,9 am–5 pm,Closed,Closed,9 am–5 pm,9 am–5 pm,"https://www.google.com/maps/search/commercial+landscaping+businesses+in+Mantorville+Township+Rochester+MN/@44.0691307,-92.7557456,14z",2026-04-29T20:51:00.258Z,,,,
https://www.google.com/maps/place/Justin+Malecha+Landscape+Design+%26+Masonry+LLC/data=!4m7!3m6!1s0x50328ccb8ddbd49:0xb287f09ab7893657!8m2!3d44.330131!4d-92.8538275!16s%2Fg%2F11swzb0yhr!19sChIJSb3duMwoAwURVzaJt5rwh7I,Justin Malecha Landscape Design & Masonry LLC,,,Landscape designer,,,,+1 507-269-0288,Open · Closes 7 pm,https://lh3.googleusercontent.com/gps-cs-s/APNQkAHGUCcvqQHabDbevs6v2X8aDkfQyS452nI8YRULXAkEYrJj-wY2UPJCktlx3hCGN93cIKGk8dTtGrLTUbtu9FqJNM46cBb86eaqRbMRXBpXloYPUFYACjR4LMUt8c6hrZozaRpQi30egmJX=w408-h302-k-no,true,7 am–7 pm,7 am–7 pm,7 am–7 pm,7 am–7 pm,7 am–7 pm,7 am–7 pm,7 am–7 pm,"https://www.google.com/maps/search/commercial+landscaping+businesses+in+Mantorville+Township+Rochester+MN/@44.0691307,-92.7557456,14z",2026-04-29T20:51:04.796Z,,,,
https://www.google.com/maps/place/Hope+Farms/data=!4m7!3m6!1s0x87f7676f78d6f801:0x17c99b0275a0d632!8m2!3d44.1424107!4d-92.5847913!16s%2Fg%2F11m771hn7w!19sChIJAfjWeG9n94cRMtagdQKbyRc,Hope Farms,4.7,14,Greenhouse,"7326 100th St NW, Pine Island, MN 55963, United States","4CR8+X3 Pine Island, Minnesota, USA",https://hopefarms.com/,+1 507-951-1551,"Open · Closes 6 pm

Updated by this business 1 week ago",https://lh3.googleusercontent.com/gps-cs-s/APNQkAFRRVIDE6nle84-m5RY4FJTYM5vlPTNBBzRtUfPNaO0HkOFtjlEA1daPPm4UwAyYTQifGYeulujFboawqDW2BiuH3XEuhn_lP-GXLQlxArWmCK9D194aGAww1Xokiyv_tlqq4n74a2hk4V4=w408-h544-k-no,true,10 am–6 pm,10 am–6 pm,10 am–6 pm,10 am–6 pm,10 am–6 pm,10 am–6 pm,10 am–6 pm,"https://www.google.com/maps/search/commercial+landscaping+businesses+in+Mantorville+Township+Rochester+MN/@44.0691307,-92.7557456,14z",2026-04-29T20:51:09.053Z,,,,
https://www.google.com/maps/place/Stump+Chaser/data=!4m7!3m6!1s0x87f761c4a0d3dae5:0x4be0ce07e32a6958!8m2!3d44.1070231!4d-92.1668706!16s%2Fg%2F11fdy0by_w!19sChIJ5drToMRh94cRWGkq4wfO4Es,Stump Chaser,5.0,4,Tree service,,,,+1 507-251-9033,Open 24 hours,https://lh3.googleusercontent.com/gps-cs-s/APNQkAGfOSH_-zDP1q99ezLaRTRjtAqDT1owjNzmS_fj9SakBbdw2UhLgqc3qBrSt3zwP-1V285dl3FAtEScFH3z1VCOROfIarMUJzELnKu1WrXBoYKymCaoEg9EI64aJYsZubf_MTmr=w408-h306-k-no,true,Open 24 hours,Open 24 hours,Open 24 hours,Open 24 hours,Open 24 hours,Open 24 hours,Open 24 hours,"https://www.google.com/maps/search/commercial+landscaping+businesses+in+Mantorville+Township+Rochester+MN/@44.0691307,-92.7557456,14z",2026-04-29T20:51:13.279Z,,,,
https://www.google.com/maps/place/Hildebrandt+Services+LLC/data=!4m7!3m6!1s0x87f75617b6080459:0xfe2f791396892b94!8m2!3d43.891194!4d-92.366053!16s%2Fg%2F11f0kv_y80!19sChIJWQQIthdW94cRlCuJlhN5L_4,Hildebrandt Services LLC,2.3,3,Excavating contractor,,,https://www.hildebrandtservicesllc.com/,+1 507-208-6228,Open · Closes 5 pm,https://lh3.googleusercontent.com/gps-cs-s/APNQkAFs27dYG3YhUhApzM5VI1KgluPzgd1nDmoeeMrXceHd2u0aDrRwCjMwCrnEd8r0WODbfOl_sd9ncHD6seAt1itoclgMKHr_hMbGz0gcKbh357DP-86HGdl4E6mgOEJE2umKDoz7=w426-h240-k-no,true,7 am–5 pm,7 am–5 pm,7 am–5 pm,Closed,Closed,7 am–5 pm,7 am–5 pm,"https://www.google.com/maps/search/commercial+landscaping+businesses+in+Mantorville+Township+Rochester+MN/@44.0691307,-92.7557456,14z",2026-04-29T20:51:17.622Z,,,,
https://www.google.com/maps/place/Evergreen+Outdoor+Solutions/data=!4m7!3m6!1s0xa7d95d49a814f729:0xc4d9823035597110!8m2!3d44.1858385!4d-92.6649485!16s%2Fg%2F11z13_h2l3!19sChIJKfcUqEld2acREHFZNTCC2cQ,Evergreen Outdoor Solutions,,,Landscape architect,,,http://www.evergreenoutdoorsolutions.com/,+1 612-708-2760,Open · Closes 6 pm,https://lh3.googleusercontent.com/gps-cs-s/APNQkAGXrIVi0mjvgp6vTnUO8U-NxLb_6F5oqKZ2W2GUq2FC4eTdhH0dg6-e1sn1hPX1sFM8Y23VUfsa-I_nMP1OFQMkgdLYqmz318UyxApf9zJxzS-YWuXZHu11oIkRhoyhMr6-8y7qIIALH4k=w408-h305-k-no,true,9 am–6 pm,9 am–6 pm,9 am–6 pm,9 am–6 pm,Closed,9 am–6 pm,9 am–6 pm,"https://www.google.com/maps/search/commercial+landscaping+businesses+in+Mantorville+Township+Rochester+MN/@44.0691307,-92.7557456,14z",2026-04-29T20:51:21.780Z,,,,
https://www.google.com/maps/place/KLM+LLC/data=!4m7!3m6!1s0x86b47eca6d424f55:0x8a767eead87696fe!8m2!3d44.0270105!4d-92.4594525!16s%2Fg%2F11m6xqt_dx!19sChIJVU9Cbcp-tIYR_pZ22Op-doo,KLM LLC,5.0,4,Carpenter,,,https://klm-llc.com/,+1 507-269-5117,Open · Closes 6 pm,https://lh3.googleusercontent.com/gps-cs-s/APNQkAH74C0EZi18hfhgTIYB_JZ9Js_VxhZLuA7B1Hmfmo1sriY9b-pRIX_omFXfaGi13e99EZGM7biTL_OhTyqM8iP9R_L_D6hrEJVuYNoajIft3XDejLloz02XbS1jAGea2IzqHJLBFapj3EJC=w408-h612-k-no,true,6 am–6 pm,6 am–6 pm,6 am–6 pm,6 am–6 pm,Closed,6 am–6 pm,6 am–6 pm,"https://www.google.com/maps/search/commercial+landscaping+businesses+in+Mantorville+Township+Rochester+MN/@44.0691307,-92.7557456,14z",2026-04-29T20:51:26.231Z,,,,
https://www.google.com/maps/place/Wild+Bill%27s+Lawn+%26+Landscape/data=!4m7!3m6!1s0x87f771b73501c163:0xaae59fa79d896e79!8m2!3d44.3224589!4d-92.8051809!16s%2Fg%2F11jjsqnx0r!19sChIJY8EBNbdx94cReW6Jnaef5ao,Wild Bill's Lawn & Landscape,5.0,1,Lawn care service,,,,+1 952-994-4011,Open · Closes 5 pm,https://lh3.googleusercontent.com/gps-cs-s/APNQkAF_DGug8c_gqd1fDFl1vyK9B-y3l2kp9XIzbHosptggTRz3j4f8hALulB4O_eP7d-_GJ3Gpvi9aO3vd5t1AQBh9Ia5OaRvLxX_iPSAyaGEQeagFCudO4wkJE2aHi4lw9LMBtcdl=w408-h544-k-no,true,7 am–5 pm,7 am–5 pm,7 am–5 pm,Closed,Closed,7 am–5 pm,7 am–5 pm,"https://www.google.com/maps/search/commercial+landscaping+businesses+in+Mantorville+Township+Rochester+MN/@44.0691307,-92.7557456,14z",2026-04-29T20:51:30.913Z,,,,
https://www.google.com/maps/place/Par+Three+Lawn+Care/data=!4m7!3m6!1s0x87f76f8a7f3d0781:0xce085f2d437b1865!8m2!3d44.2081381!4d-92.6466335!16s%2Fg%2F11ftnlqj27!19sChIJgQc9f4pv94cRZRh7Qy1fCM4,Par Three Lawn Care,4.3,6,Lawn care service,"516 N Main St, Pine Island, MN 55963, United States","6953+78 Pine Island, Minnesota, USA",,+1 507-273-3310,Open · Closes 6 pm,https://lh3.googleusercontent.com/gps-cs-s/APNQkAE7QkHX_XjglDgoB1fY3Vy60zGIEZgInoI0tVAe9MkMAGElNeMmaghiH1S6dvPB2jL5YbuCeHAWCI3YEbadqfVy5XVabHEpvkWBusfJILRyc4Id7dMofoZg9vENr3GFshLS-gV4XQ=w427-h240-k-no,true,8 am–6 pm,8 am–6 pm,8 am–6 pm,Closed,Closed,8 am–6 pm,8 am–6 pm,"https://www.google.com/maps/search/commercial+landscaping+businesses+in+Mantorville+Township+Rochester+MN/@44.0691307,-92.7557456,14z",2026-04-29T20:51:35.195Z,,,,
"https://www.google.com/maps/place/Glatzmaier+Landscaping/@43.996339,-92.5335119,11z/data=!3m1!4b1!4m6!3m5!1s0x2a4fa64284c0b45:0xfeb361baf46cbdf4!8m2!3d43.996339!4d-92.5335119!16s%2Fg%2F11yctphc47",Glatzmaier Landscaping,,,Landscaper,,,https://www.glatzmaierlandscaping.com/,+1 507-206-0245,Open · Closes 6 pm,,true,6 am–6 pm,6 am–6 pm,6 am–6 pm,6 am–6 pm,6 am–6 pm,6 am–6 pm,6 am–6 pm,"https://www.google.com/maps/search/commercial+landscaping+businesses+in+Mantorville+Township+Rochester+MN/@44.0691307,-92.7557456,14z",2026-04-29T20:51:47.511Z,,,,
https://www.google.com/maps/place/Witts+End+Landscaping/data=!4m7!3m6!1s0x87f770565de72f91:0x5df46b98b68c6f87!8m2!3d44.252294!4d-92.652041!16s%2Fg%2F1hhgmv83t!19sChIJkS_nXVZw94cRh2-Mtphr9F0,Witts End Landscaping,5.0,2,Landscaper,"18956 480th St, Zumbrota, MN 55992, United States","782X+W5 Zumbrota, Minnesota, USA",http://wittsendlandscaping.com/,+1 612-616-5052,Open · Closes 9 pm,https://lh3.googleusercontent.com/gps-cs-s/APNQkAHTnI_FVcCXmIjEEmpjQV3ccIYJV-2nOFU0SFh-q8R94JngtNC9Y_bNZVMJmdgH7GuMywGpfcnk8qTZe03ccpa79GU1hgdo-19zDCaorXOmX3bdA0oI3KKsMo3On9YOY6WXkXyG=w408-h306-k-no,false,6 am–9 pm,6 am–9 pm,6 am–9 pm,6 am–9 pm,10 am–5 pm,6 am–9 pm,6 am–9 pm,"https://www.google.com/maps/search/commercial+landscaping+businesses+in+Mantorville+Township+Rochester+MN/@44.0691307,-92.7557456,14z",2026-04-29T20:51:51.874Z,,,,
"https://www.google.com/maps/place/Mike%27s+Full+Lawn+Service,+Inc/data=!4m7!3m6!1s0xa024717014adc4a1:0xd2777c3e31e3abd2!8m2!3d43.8808669!4d-92.8404316!16s%2Fg%2F11pcsk4c5x!19sChIJocStFHBxJKAR0qvjMT58d9I","Mike's Full Lawn Service, Inc",4.2,5,Lawn care service,"401 9th St SE, Hayfield, MN 55940, United States","V5J5+8R Hayfield, Minnesota, USA",http://www.mikesfulllawnservice.com/,+1 507-259-8698,Open · Closes 5 pm,https://lh3.googleusercontent.com/gps-cs-s/APNQkAGbh8CGYE-iimJ6wjn-01L2dITVV-eYhwO_WkBxx2XtHPna8K-B5J0aLNl2D61Ax9CPG8pGB5RDYbmfPeca3T1ABgd03eAfAHbwY4CGfiPZF_sHDWGlKvWWm8vLHQ-OrxPQX3rhzA=w408-h272-k-no,true,8 am–5 pm,8 am–5 pm,8 am–5 pm,Closed,Closed,8 am–5 pm,8 am–5 pm,"https://www.google.com/maps/search/commercial+landscaping+businesses+in+Mantorville+Township+Rochester+MN/@44.0691307,-92.7557456,14z",2026-04-29T20:51:56.168Z,,,,
https://www.google.com/maps/place/A+TEAM+LANDSCAPING+Inc+a+division+of+Voight+Home+Improvements+Inc/data=!4m7!3m6!1s0x87f700ac3bf87297:0xc200be3aa941b6e3!8m2!3d44.559669!4d-93.128587!16s%2Fg%2F11b6__1_dv!19sChIJl3L4O6wA94cR47ZBqTq-AMI,A TEAM LANDSCAPING Inc a division of Voight Home Improvements Inc,5.0,1,Landscaper,,,http://www.ateamlandscape.com/,+1 507-581-6886,Closed · Opens 9 am Thu,https://lh3.googleusercontent.com/gps-cs-s/APNQkAGUrp7cDSOlNFJ2LeEFDb5Ez8Zvse1BzXmCsNXufJovnottj7Tc0EalexY-ycl5qh3_K0k4zP9tp2KAc28XQ-SBLBvfenbJV1sw7MlS0w17_52726ichLgjUUfKj9UZY5-W6A32tg=w426-h240-k-no,true,9 am–3 pm,9 am–3 pm,Closed,9 am–12 pm,Closed,Closed,9 am–3 pm,"https://www.google.com/maps/search/commercial+landscaping+businesses+in+Mantorville+Township+Rochester+MN/@44.0691307,-92.7557456,14z",2026-04-29T20:52:00.455Z,Identifies as women-owned,,,
https://www.google.com/maps/place/Allen+Landscapes/data=!4m7!3m6!1s0x87f76689c23ed533:0x35c51528f5dbc7c2!8m2!3d44.1300616!4d-92.578386!16s%2Fg%2F11twq3p97h!19sChIJM9U-wolm94cRwsfb9SgVxTU,Allen Landscapes,5.0,2,Landscaper,"8967 County Rd 3 NW, Oronoco, MN 55960, United States","4CJC+2J Oronoco, Minnesota, USA",http://www.allenlandscapesmn.com/contact-us.php,+1 507-208-2682,Temporarily closed,https://streetviewpixels-pa.googleapis.com/v1/thumbnail?panoid=1VQUktDJHdXP4hQ2HWUxDA&cb_client=search.gws-prod.gps&w=408&h=240&yaw=33.323093&pitch=0&thumbfov=100,false,,,,,,,,"https://www.google.com/maps/search/commercial+landscaping+businesses+in+Oronoco+Township+Rochester+MN/@44.1641688,-92.4801989,14z",2026-04-29T20:52:19.408Z,,,,
https://www.google.com/maps/place/Sawdust+Savage+Arbor+Co./data=!4m7!3m6!1s0x8557b50ed4aac7a1:0x186628d6f7e9bd2d!8m2!3d44.2068773!4d-92.4622239!16s%2Fg%2F11kqq2k47k!19sChIJoceq1A61V4URLb3p99YoZhg,Sawdust Savage Arbor Co.,5.0,69,Tree service,"56826 395th Ave, Zumbro Falls, MN 55991, United States","6G4Q+Q4 Zumbro Falls, Minnesota, USA",https://sawdustsavagearborco.com/,+1 507-298-5263,"Open 24 hours

Updated by this business 12 weeks ago",https://lh3.googleusercontent.com/gps-cs-s/APNQkAHJ3QarlO_R6ToqEglykyAW-VjIiTM-O4ir6tJ6hJZ5RCnspXvgsGRxl5dGuONoxxAUKZLycNpWKnxzHZ28kf1RdMEHgnuz9ty6pQfSQ4qtgN7tVBaYp5tT6gxadT4sgi_-9IwA=w408-h544-k-no,true,Open 24 hours,Open 24 hours,Open 24 hours,Open 24 hours,Open 24 hours,Open 24 hours,Open 24 hours,"https://www.google.com/maps/search/commercial+landscaping+businesses+in+Oronoco+Township+Rochester+MN/@44.1641688,-92.4801989,14z",2026-04-29T20:52:23.676Z,,,,
https://www.google.com/maps/place/Gruhlke+Construction/data=!4m7!3m6!1s0x87f77de638e31b1f:0x2a58b022245dfba2!8m2!3d44.286964!4d-92.493759!16s%2Fg%2F11swn2jgx1!19sChIJHxvjOOZ994cRovtdJCKwWCo,Gruhlke Construction,5.0,1,Landscaper,"62495 410th Ave, Zumbro Falls, MN 55991, United States","7GP4+QF Zumbro Falls, Minnesota, USA",,+1 507-202-4871,Open · Closes 7 pm,https://lh3.googleusercontent.com/gps-cs-s/APNQkAFyeqc4mHyGN0TrkX99jvRS7gqQtoupfTXWswIKGESFpkuNvxcRzaMy6fXqKGFoR5crTGbk4y5L1CbIg4PmarvNDmti6Nfj2mVga27fx__gCWa7AZ8tk9Zotwn0EuQnCHuMxfBfMA=w408-h306-k-no,true,7 am–7 pm,7 am–7 pm,7 am–7 pm,7 am–7 pm,7 am–7 pm,7 am–7 pm,7 am–7 pm,"https://www.google.com/maps/search/commercial+landscaping+businesses+in+Oronoco+Township+Rochester+MN/@44.1641688,-92.4801989,14z",2026-04-29T20:52:28.153Z,,,,
https://www.google.com/maps/place/Green+Lawncare+Irrigation+%26+Service+Co/data=!4m7!3m6!1s0x87f75f55945c3e03:0x8d7331f825213ad2!8m2!3d44.0640407!4d-92.4958886!16s%2Fg%2F11ftk9hbq0!19sChIJAz5clFVf94cR0johJfgxc40,Green Lawncare Irrigation & Service Co,4.0,3,Landscaper,"3936 Hwy 52 N Ste 288, Rochester, MN 55901, United States","3G73+JJ Rochester, Minnesota, USA",http://www.greenlawncare4u.com/,+1 507-281-9090,Open · Closes 6 pm,https://streetviewpixels-pa.googleapis.com/v1/thumbnail?panoid=gSpOCgvhMbmUouiuVusRDw&cb_client=search.gws-prod.gps&w=408&h=240&yaw=202.47726&pitch=0&thumbfov=100,true,7 am–6 pm,7 am–6 pm,7 am–6 pm,7 am–6 pm,Open 24 hours,7 am–6 pm,7 am–6 pm,"https://www.google.com/maps/search/commercial+landscaping+businesses+in+Oronoco+Township+Rochester+MN/@44.1641688,-92.4801989,14z",2026-04-29T20:52:32.402Z,,,,
https://www.google.com/maps/place/Triple+Creek+Concrete+%26+Masonry+LLC/data=!4m7!3m6!1s0x899e4c11b1f9db85:0x7faf83902d529b95!8m2!3d44.2834021!4d-92.4214297!16s%2Fg%2F11wg2gcb_j!19sChIJhdv5sRFMnokRlZtSLZCDr38,Triple Creek Concrete & Masonry LLC,5.0,6,Concrete contractor,"197 Hilltop Dr, Zumbro Falls, MN 55991, United States","7HMH+9C Zumbro Falls, Minnesota, USA",https://www.triplecreekconcrete.com/,+1 507-512-9228,Open · Closes 7 pm,https://lh3.googleusercontent.com/gps-cs-s/APNQkAGGMFy2nLS61E7MzQV7I8Sfc8sZ_3-gz0_MfwQvoVBcg554rdqOzQAWSInAqNzMARXOcHrsBPeyfKVv6BtiJLwZGInPdm5zEBw6QYRVkzjVuRKoDwr7ViCEUPoDzY_WTogN6G5nEIBb9GI=w408-h306-k-no,true,7 am–7 pm,7 am–7 pm,7 am–7 pm,8 am–6 pm,10 am–6 pm,7 am–7 pm,7 am–7 pm,"https://www.google.com/maps/search/commercial+landscaping+businesses+in+Oronoco+Township+Rochester+MN/@44.1641688,-92.4801989,14z",2026-04-29T20:52:36.656Z,,,,
https://www.google.com/maps/place/Scofield+Mowing+and+Landscaping+LLC/data=!4m7!3m6!1s0x8fa73e567494d32f:0xc6991d5a5add4d99!8m2!3d44.155238!4d-92.8190955!16s%2Fg%2F11vxq2xs4s!19sChIJL9OUdFY-p48RmU3dWlodmcY,Scofield Mowing and Landscaping LLC,5.0,2,Lawn care service,,,https://www.facebook.com/profile.php?id=100064547934762,+1 507-910-1749,Open 24 hours,https://lh3.googleusercontent.com/gps-cs-s/APNQkAHFc82ajpqrssdVaJlknxalPhK0cPY9rLekut3RZ88Qa_3Tv9Fz4NDfhHZkQDHPHf9XTF-k89Z79MGxukeVMvK-JrT-qoxpA3bne-IR6e_yOdj8SKMYQs0rKDpKv5peglPJfwyCiQ=w408-h306-k-no,true,Open 24 hours,Open 24 hours,Open 24 hours,Open 24 hours,Open 24 hours,Open 24 hours,Open 24 hours,"https://www.google.com/maps/search/commercial+landscaping+businesses+in+Oronoco+Township+Rochester+MN/@44.1641688,-92.4801989,14z",2026-04-29T20:52:41.218Z,LGBTQ+ friendly,,,
https://www.google.com/maps/place/Astorino%27s+Tree+Service/data=!4m7!3m6!1s0x87f761b58d4353a7:0xb921114acd0ca1be!8m2!3d44.0776235!4d-92.552214!16s%2Fg%2F11bbt49yhb!19sChIJp1NDjbVh94cRvqEMzUoRIbk,Astorino's Tree Service,5.0,267,Tree service,,,https://astorinostreeservice.com/,+1 507-273-3616,Open 24 hours,https://lh3.googleusercontent.com/gps-cs-s/APNQkAElLA_cIHZ_iFQlwFZ3b8dfCyoO1zocy9yN_ooCLn2HGbsQE2cnudFSdnNoQnbZt167x-fiX7qv51X7FH_3PTNmNrkJZZ3GTsm4gLCTnjqkmSSb7wTgSPavCCapZtZWwgYrvnCc_A=w408-h306-k-no,true,Open 24 hours,Open 24 hours,Open 24 hours,Open 24 hours,Open 24 hours,Open 24 hours,Open 24 hours,"https://www.google.com/maps/search/commercial+landscaping+businesses+in+Oronoco+Township+Rochester+MN/@44.1641688,-92.4801989,14z",2026-04-29T20:52:45.420Z,,,,
https://www.google.com/maps/place/ArborWise+Tree+Management/data=!4m7!3m6!1s0x87f75f3fffabf049:0x2eb850d79dcfffc6!8m2!3d44.1030385!4d-92.3804249!16s%2Fg%2F11f2b6r8r6!19sChIJSfCr_z9f94cRxv_PnddQuC4,ArborWise Tree Management,5.0,160,Tree service,"7173 Hadley Valley Rd NE, Rochester, MN 55906, United States","4J39+6R Rochester, Minnesota, USA",https://arborwisemn.com/,+1 507-535-9082,"Open · Closes 6 pm

Confirmed by this business 9 weeks ago",https://lh3.googleusercontent.com/gps-cs-s/APNQkAHZhmcJz_FBiI_du6HHvclCaYONTThNNk9cHORbMTt6UeVRqhYZaFT5XABkg-hZtco4lNce5iYrerNrl-Y1ij4L_5iUM5FL9LbH2_3isNSMraBlzk2FNqcb7jVFFpqvxr16LeNC1oaPDsmb=w408-h271-k-no,true,8 am–6 pm,8 am–6 pm,8 am–6 pm,Closed,Closed,8 am–6 pm,8 am–6 pm,"https://www.google.com/maps/search/commercial+landscaping+businesses+in+Oronoco+Township+Rochester+MN/@44.1641688,-92.4801989,14z",2026-04-29T20:52:53.957Z,LGBTQ+ friendly,,,
https://www.google.com/maps/place/Cordes+Construction+LLC/data=!4m7!3m6!1s0x87f7679a6db8218b:0x10aaf2879e0f13c3!8m2!3d44.1079208!4d-92.3700463!16s%2Fg%2F1v26mn_f!19sChIJiyG4bZpn94cRwxMPnofyqhA,Cordes Construction LLC,5.0,1,General contractor,"5501 75th St NE, Rochester, MN 55906, United States","4J5H+5X Rochester, Minnesota, USA",,+1 507-273-9208,,https://streetviewpixels-pa.googleapis.com/v1/thumbnail?panoid=4Jiu9TTStno5yPW4bKn3Zg&cb_client=search.gws-prod.gps&w=408&h=240&yaw=72.89907&pitch=0&thumbfov=100,false,,,,,,,,"https://www.google.com/maps/search/commercial+landscaping+businesses+in+Oronoco+Township+Rochester+MN/@44.1641688,-92.4801989,14z",2026-04-29T20:52:56.095Z,,,,
https://www.google.com/maps/place/Maverick+Construction/data=!4m7!3m6!1s0x52b35b91adc6ac11:0xe91296d149229412!8m2!3d44.2240472!4d-92.4523193!16s%2Fg%2F1tf35ls0!19sChIJEazGrZFbs1IREpQiSdGWEuk,Maverick Construction,4.5,68,Roofing contractor,"58172 Wabasha County Rd 7, Zumbro Falls, MN 55991, United States","6GFX+J3 Zumbro Falls, Minnesota, USA",https://mavconstructionandroofing.com/,+1 507-272-0001,Open 24 hours,https://lh3.googleusercontent.com/gps-cs-s/APNQkAGTzgCQhQWuUkr9f4rKtP-xaXlK2MQmCtuiGXpIrgZKnQw3gK2lGwMitjBNmHZAKl0GlhMUIIC6dwLrPN_-lwZ7XOvwD7Aa-fRb4sckEhANoAW-UVXRzXFl8lHYsaPOqlI5PcdNLsUkMTPc=w408-h272-k-no,true,Open 24 hours,Open 24 hours,Open 24 hours,Open 24 hours,Open 24 hours,Open 24 hours,Open 24 hours,"https://www.google.com/maps/search/commercial+landscaping+businesses+in+Oronoco+Township+Rochester+MN/@44.1641688,-92.4801989,14z",2026-04-29T20:53:00.324Z,,,,
https://www.google.com/maps/place/Blue+Collar+Concrete+LLC/data=!4m7!3m6!1s0x87ee2933bd552e1f:0x82491c4b2d4ea2af!8m2!3d44.4678699!4d-92.348546!16s%2Fg%2F11xkd7lyvj!19sChIJHy5VvTMp7ocRr6JOLUscSYI,Blue Collar Concrete LLC,5.0,5,Concrete contractor,,,,+1 507-316-1559,Open · Closes 7 pm,https://lh3.googleusercontent.com/gps-cs-s/APNQkAEJ0rB7UdAbuSpzQHHajJjTMEBbpP7rQTG9HCgwJALFs52nHjCIOHMkwGJtJV_KXRZL9_A9SuZFpfPTT_knVQRm8sWh_Gz2Gq62oh-LCxEP_0X41BTEtRCRd6mvKfH2Ll05D1ldRyurvEI=w408-h884-k-no,true,7 am–7 pm,7 am–7 pm,7 am–7 pm,7 am–4 pm,7 am–4 pm,7 am–7 pm,7 am–7:30 pm,"https://www.google.com/maps/search/commercial+landscaping+businesses+in+Oronoco+Township+Rochester+MN/@44.1641688,-92.4801989,14z",2026-04-29T20:53:04.824Z,,,,
"https://www.google.com/maps/place/Rockwood+Retaining+Walls+Inc/@44.103658,-92.4328774,17z/data=!3m1!4b1!4m6!3m5!1s0x87f9dfa6794c0d07:0xfa8c8594b5aef36!8m2!3d44.103658!4d-92.4328774!16s%2Fg%2F1tdmffw8",Rockwood Retaining Walls Inc,,,Landscaping supply store,"Rochester, MN 55906, United States","4H38+FR Rochester, Minnesota, USA",http://rockwoodwalls.com/,+1 507-288-8850,,,false,,,,,,,,"https://www.google.com/maps/search/commercial+landscaping+businesses+in+Oronoco+Township+Rochester+MN/@44.1641688,-92.4801989,14z",2026-04-29T20:53:08.919Z,,· Delivery,,
https://www.google.com/maps/place/Joel%27s+Greenhouse/data=!4m7!3m6!1s0x87f771c8086548f5:0x67e83db968090b18!8m2!3d44.2381057!4d-92.6703262!16s%2Fg%2F1thxr604!19sChIJ9UhlCMhx94cRGAsJaLk96Gc,Joel's Greenhouse,4.9,36,Greenhouse,"49058 180th Ave, Pine Island, MN 55963, United States","68QH+6V Pine Island, Minnesota, USA",http://www.joelsgreenhousepi.com/,+1 507-356-4041,"Closes soon · 4 pm · Opens 9 am Thu

Updated by others 4 weeks ago",https://lh3.googleusercontent.com/gps-cs-s/APNQkAHWJzhL2DvfnS-ReZgorbUCgEJfnKSHUK7gTk6cHi62ImqHFJ8S-TB7w-QkmenOdVblbO8wPzliP0kGYqUYfYPkcxm2FhrJmzTBwnLBoJxAY-90K0NMwo8YNG9bv_S5e7cf4L8s=w408-h725-k-no,true,9 am–4 pm,9 am–4 pm,9 am–4 pm,Closed,Closed,9 am–4 pm,9 am–4 pm,"https://www.google.com/maps/search/commercial+landscaping+businesses+in+Oronoco+Township+Rochester+MN/@44.1641688,-92.4801989,14z",2026-04-29T20:53:13.174Z,,,,
https://www.google.com/maps/place/Heyn+Brothers+Roofing/data=!4m7!3m6!1s0x87f761d480039415:0x28c0f212d75d1bae!8m2!3d44.088687!4d-92.514765!16s%2Fg%2F11j9845t9x!19sChIJFZQDgNRh94cRrhtd1xLywCg,Heyn Brothers Roofing,4.9,113,Roofing contractor,"6169 Rome Cir NW, Rochester, MN 55901, United States","3FQP+F3 Rochester, Minnesota, USA",http://www.heynbrothers.com/,+1 507-593-7522,"Open 24 hours

Updated by this business 12 weeks ago",https://lh3.googleusercontent.com/gps-cs-s/APNQkAHZLXJV2M6EEjO0vElLx3XMMkz7WYVvADzUVlvkKr5ZuMTgKH2tvE7QmEZRbBK08CO2ygcWuNTz0QY5GTujqjZv2W0NrkmWsYE0j5Xml9I1flPRUlnP8b-R7MohGcDbWrikxbXh=w494-h240-k-no,true,Open 24 hours,Open 24 hours,Open 24 hours,Open 24 hours,Open 24 hours,Open 24 hours,Open 24 hours,"https://www.google.com/maps/search/commercial+landscaping+businesses+in+Oronoco+Township+Rochester+MN/@44.1641688,-92.4801989,14z",2026-04-29T20:53:21.655Z,,,,
https://www.google.com/maps/place/Roger%27s+Tree+And+Asphalt+Services+LLC/data=!4m7!3m6!1s0x87f9e31d132f6d49:0x7e246b2dadb14d1b!8m2!3d44.1070231!4d-92.1668706!16s%2Fg%2F11fhpmpgb2!19sChIJSW0vEx3j-YcRG02xrS1rJH4,Roger's Tree And Asphalt Services LLC,3.3,38,Tree service,,,https://rogerstreemn.net/,+1 507-280-0453,Open · Closes 8 pm,https://lh3.googleusercontent.com/gps-cs-s/APNQkAHmgKLrRCYkMKj5I0CbkP6fYFAjq5yxTptvDkrgZ2a3T8NeBdtIw3j8bX4KbC7XeS3adtiOzBBnCMG0fPxgIHVllLKgqvEdbziLWmlfY5R2eQS595_LawX_XUfVHaFDbIkHfVLz=w408-h266-k-no,true,8 am–8 pm,8 am–8 pm,8 am–8 pm,8 am–8 pm,Closed,8 am–8 pm,8 am–8 pm,"https://www.google.com/maps/search/commercial+landscaping+businesses+in+Oronoco+Township+Rochester+MN/@44.1641688,-92.4801989,14z",2026-04-29T20:53:26.154Z,,,,
https://www.google.com/maps/place/Elite+Exterior+Solutions/data=!4m7!3m6!1s0x87f743e4d16f57ff:0x4543aa3fbf6a1ea6!8m2!3d44.038208!4d-92.4603295!16s%2Fg%2F11h3bsj8h5!19sChIJ_1dv0eRD94cRph5qvz-qQ0U,Elite Exterior Solutions,5.0,225,Pressure washing service,"1500 1st Ave NE Suite 202, Rochester, MN 55906, United States","2GQQ+7V Rochester, Minnesota, USA",https://eliteexteriorsolutionsmn.com/,+1 507-459-3833,Open · Closes 8 pm,https://lh3.googleusercontent.com/gps-cs-s/APNQkAEe5PJa4ulFxR36_mG5iiPw8DIMrU4nsXteh5_5WSMkn89-H9HTR8Z6r4lw2Lptcrp0N_53N6IYdo8iSg5JyrhSO6lelSLg-vSuVAt5ZSVnijgMZ59nkInXAhtmhIYFFvCd3RQL5A=w426-h240-k-no,true,6 am–8 pm,6 am–8 pm,6 am–8 pm,6 am–8 pm,6 am–8 pm,6 am–8 pm,6 am–8 pm,"https://www.google.com/maps/search/commercial+landscaping+businesses+in+Oronoco+Township+Rochester+MN/@44.1641688,-92.4801989,14z",2026-04-29T20:53:30.570Z,,,,
https://www.google.com/maps/place/Topline+Service+and+Rental+LLC/data=!4m7!3m6!1s0x87f9e50fdcc301c1:0x874235fe10b10988!8m2!3d43.976842!4d-92.337798!16s%2Fg%2F11rrpdyv92!19sChIJwQHD3A_l-YcRiAmxEP41Qoc,Topline Service and Rental LLC,5.0,6,Equipment rental agency,"7020 30th St SE, Eyota, MN 55934, United States","XMG6+PV Eyota, Minnesota, USA",https://topline-rent.com/,+1 507-202-1658,Closed · Opens 8 am Thu,https://lh3.googleusercontent.com/gps-cs-s/APNQkAFJ154uYDLJ8712QvBgH05s2X4RakINJCAsaDjwgXUzmOgzVllMyS8VKKbyB3tZ5MrU7OTH35GxORs8ac-fIwkoSB-aRTl2RgrnWbtdB78ww2gliOnz2wWLY8iGzERqSpgvW7LnGoZdlx4_=w408-h306-k-no,true,8 am–12 pm,8 am–12 pm,8 am–12 pm,Closed,Closed,8 am–12 pm,8 am–12 pm,"https://www.google.com/maps/search/commercial+landscaping+businesses+in+Oronoco+Township+Rochester+MN/@44.1641688,-92.4801989,14z",2026-04-29T20:53:34.785Z,,,,
,,,,,,,,,,,,,,,,,,,"https://www.google.com/maps/search/commercial+landscaping+businesses+in+Kasson+Rochester+MN/@44.0295675,-92.7509042,14z",2026-04-29T20:53:42.778Z,,,,No new results found
https://www.google.com/maps/place/Pine+Island+Lumber/data=!4m7!3m6!1s0x87f76fc5d621b70b:0x6ce8fbd52bb4b453!8m2!3d44.2030982!4d-92.6465377!16s%2Fg%2F1xtf23nz!19sChIJC7ch1sVv94cRU7S0K9X76Gw,Pine Island Lumber,4.7,21,Lumber store,"86 S Main St, Pine Island, MN 55963, United States","6933+69 Pine Island, Minnesota, USA",https://pineislandlumber.com/,+1 507-356-8324,Open · Closes 5 pm,https://lh3.googleusercontent.com/gps-cs-s/APNQkAHMGuWCwzkUiB4_6-mEjLzeE1OBByZ721-4fObFfIVLIoNhvpoMyEYAw3vSHDS3u_VQfLiBwJ7WRWtvbQXedLowc0Axu2Q3L1uz7RXPVfQTtObbrSbibdgx7F_4AdBW3z304sIf=w490-h240-k-no,true,7 am–5 pm,7 am–5 pm,7 am–5 pm,Closed,Closed,7 am–5 pm,7 am–5 pm,"https://www.google.com/maps/search/commercial+landscaping+businesses+in+Pine+Island+Rochester+MN/@44.2013537,-92.6462999,14z",2026-04-29T20:54:05.860Z,,· Delivery,,
https://www.google.com/maps/place/AOS+Home+Solutions/data=!4m7!3m6!1s0xbbf131dbb779fc9:0xc505f17622d1017e!8m2!3d45.425188!4d-93.02466!16s%2Fg%2F11yr1sw5y6!19sChIJyZ93ux0TvwsRfgHRInbxBcU,AOS Home Solutions,4.7,11,General contractor,,,https://www.aoshomesolutions.com/,+1 507-923-3530,Closes soon · 4 pm · Opens 8 am Thu,https://lh3.googleusercontent.com/gps-cs-s/APNQkAHg5e2f-NJmtjhhYujR6xkPofS0-QeqPBQ1_Mzs3OkWvmB_AjTOvgB6TIfJyUuaYzImUVvnybBbQ5w75vrWsrvdRiZ82exQjRf1abxtxgsDVRc18P3rnpwG792h9WaPuC3dX4UEMsLBlB0C=w408-h306-k-no,true,8 am–4 pm,8 am–4 pm,8 am–4 pm,Closed,Closed,8 am–4 pm,8 am–4 pm,"https://www.google.com/maps/search/commercial+landscaping+businesses+in+Pine+Island+Rochester+MN/@44.2013537,-92.6462999,14z",2026-04-29T20:54:10.350Z,,,,
https://www.google.com/maps/place/Olson+Motor+Repair+LLC/data=!4m7!3m6!1s0x87f76fc661cf2099:0xe44f3b0c4f049a87!8m2!3d44.204738!4d-92.644466!16s%2Fg%2F1vc_qy1t!19sChIJmSDPYcZv94cRh5oETww7T-Q,Olson Motor Repair LLC,5.0,20,Electric motor repair shop,"209 1st Ave NE, Pine Island, MN 55963, United States","6934+V6 Pine Island, Minnesota, USA",https://pineislandmn.gov/index.asp?SEC=8D3A8909-D478-4C83-AB5F-C6158B370EF9&DE=A4F4A4A6-79F6-4432-9BDD-0EE07CFB42EB,+1 507-356-8521,Open · Closes 5 pm,https://streetviewpixels-pa.googleapis.com/v1/thumbnail?panoid=TzxUfeNZOMjcp16wIZPLtw&cb_client=search.gws-prod.gps&w=408&h=240&yaw=117.44261&pitch=0&thumbfov=100,true,8 am–5 pm,8 am–5 pm,8 am–5 pm,Closed,Closed,8 am–5 pm,8 am–5 pm,"https://www.google.com/maps/search/commercial+landscaping+businesses+in+Pine+Island+Rochester+MN/@44.2013537,-92.6462999,14z",2026-04-29T20:54:14.671Z,,,,
https://www.google.com/maps/place/KLM+Upkeep/data=!4m7!3m6!1s0x6a423706182ad891:0x47d9bc3607eeeef3!8m2!3d44.050847!4d-92.5301404!16s%2Fg%2F11z12kzw70!19sChIJkdgqGAY3QmoR8-7uBza82Uc,KLM Upkeep,,,Carpenter,,,http://klm-llc.com/,+1 507-269-5117,Open · Closes 5 pm,https://lh3.googleusercontent.com/gps-cs-s/APNQkAHXCFXwiRiczgi3gm0TZB74aI6t9fRpLuO57So3TOS_ihFypFHH2m82HxLzwGgfaSsgXpDyAIp3SsfhOJw-eInEbr9SxfagoT7_OCpR3ilH4iaKR1aBC_ARaZJP-MPnIHyrolt9kbN0LygI=w408-h335-k-no,true,7 am–5 pm,7 am–5 pm,7 am–5 pm,7 am–5 pm,Closed,7 am–5 pm,7 am–5 pm,"https://www.google.com/maps/search/commercial+landscaping+businesses+in+Pine+Island+Rochester+MN/@44.2013537,-92.6462999,14z",2026-04-29T20:54:18.944Z,,,,
https://www.google.com/maps/place/PI+Outdoors+Unlimited/data=!4m7!3m6!1s0x87f76f2d5f1ce17f:0xaad59f173b816fe9!8m2!3d44.2031061!4d-92.6466508!16s%2Fg%2F11x62tc21n!19sChIJf-EcXy1v94cR6W-BOxef1ao,PI Outdoors Unlimited,5.0,4,Outdoor sports store,"86 S Main St, Pine Island, MN 55963, United States","6933+68 Pine Island, Minnesota, USA",http://pioutdoorsunlimited.com/,+1 507-356-8324,Open · Closes 5 pm,https://lh3.googleusercontent.com/gps-cs-s/APNQkAFywONRJBamZL6mkxVRJZ5_rHxs4dv7aa4FhOT3Qyh4Rp0IzdiFIZ6--9vRNi16zJCedk6k64BvD2Wu4Mv3vKbtEGzR9zZle2_I-hjGwC62H7qfgfuxJwJQUxBPTgyTb8Q7odtYB1g5Nnvs=w408-h611-k-no,true,7 am–5 pm,7 am–5 pm,7 am–5 pm,Closed,Closed,7 am–5 pm,7 am–5 pm,"https://www.google.com/maps/search/commercial+landscaping+businesses+in+Pine+Island+Rochester+MN/@44.2013537,-92.6462999,14z",2026-04-29T20:54:23.240Z,,,,
"https://www.google.com/maps/place/Aspiring+Tree+Care,+LLC/data=!4m7!3m6!1s0x4c63911f2455421:0x82e8d5470e63d608!8m2!3d44.200967!4d-92.562627!16s%2Fg%2F11m5zmqfly!19sChIJIVRF8hE5xgQRCNZjDkfV6II","Aspiring Tree Care, LLC",5.0,16,Tree service,"51610 230th Ave, Pine Island, MN 55963, United States","6C2P+9W Pine Island, Minnesota, USA",https://www.aspiringtreecare.com/,+1 320-310-9177,,https://lh3.googleusercontent.com/gps-cs-s/APNQkAH76ym80rkH_TA34DOsyvtaWhrGzIKVP1f5LooMK_SCrqh89usG997iLVRUWLKU5Mbpn9irO25DVNBvTECsb5CI9ip6gk_8EyahbFCk-XFoU-r3N6UGrtpB7zEnVFUvCF36JUW93zoYqSta=w408-h544-k-no,true,,,,,,,,"https://www.google.com/maps/search/commercial+landscaping+businesses+in+Pine+Island+Rochester+MN/@44.2013537,-92.6462999,14z",2026-04-29T20:54:25.474Z,,,,
https://www.google.com/maps/place/Pond+View+Barn/data=!4m7!3m6!1s0x87f764b0946b9dbd:0x60a62604a6a8bc32!8m2!3d44.2104075!4d-92.5523369!16s%2Fg%2F11c57l36t_!19sChIJvZ1rlLBk94cRMryopgQmpmA,Pond View Barn,4.9,96,Wedding venue,"23897 510th St, Pine Island, MN 55963, United States","6C6X+53 Pine Island, Minnesota, USA",http://www.pondviewbarn.com/,+1 507-421-6443,Open · Closes 7 pm,https://lh3.googleusercontent.com/gps-cs-s/APNQkAF4YoICtP2vDSXBi62lLP-VaIJGIL2vyTnIEVFsfrx-_77KbRBpGkJlhD9xuh9EOvxD851QCCZglcBCRY0H42LMTyMVkyGBdNHDHBwhTDt1bLu__oVcbQwBT1puwtmNQPGXiBFXbA=w408-h247-k-no,true,9 am–7 pm,9 am–7 pm,8 am–7 pm,8 am–11 pm,1–7 pm,9 am–7 pm,9 am–7 pm,"https://www.google.com/maps/search/commercial+landscaping+businesses+in+Pine+Island+Rochester+MN/@44.2013537,-92.6462999,14z",2026-04-29T20:54:29.974Z,,,,
"https://www.google.com/maps/place/Better+Lawns/@44.1424521,-92.585562,17z/data=!3m1!4b1!4m6!3m5!1s0x87f7667898efffff:0xf8ef2bdb5fa4d32!8m2!3d44.1424521!4d-92.585562!16s%2Fg%2F11s30jc595",Better Lawns,,,Lawn care service,"7330 100th St NW, Pine Island, MN 55963, United States","4CR7+XQ Pine Island, Minnesota, USA",,+1 507-289-7783,Open · Closes 5 pm,,true,7 am–5 pm,7 am–5 pm,6 am–4 pm,Closed,Closed,7 am–5 pm,7 am–5 pm,"https://www.google.com/maps/search/commercial+landscaping+businesses+in+Pine+Island+Rochester+MN/@44.2013537,-92.6462999,14z",2026-04-29T20:54:36.334Z,,,,
https://www.google.com/maps/place/Pine+Island+City+Hall/data=!4m7!3m6!1s0x87f76fc7ab294b8b:0x9db27918744338b8!8m2!3d44.2005814!4d-92.6466805!16s%2Fg%2F1tdqc3v5!19sChIJi0spq8dv94cRuDhDdBh5sp0,Pine Island City Hall,5.0,1,City government office,"250 S Main St, Pine Island, MN 55963, United States","6923+68 Pine Island, Minnesota, USA",http://www.pineislandmn.com/,+1 507-356-4591,Closes soon · 4:30 pm · Opens 8 am Thu,https://lh3.googleusercontent.com/gps-cs-s/APNQkAGGqcN2nmvrFvfm5H0DjdCG2IZa6dC24ATQm3Lt816N6w5k6EmuHa89b43iMQJMpohyaxqD4f6ACltGkvCsTMKWW-S6IPkMf_c6L9lw1jzBZST7hPpD1-7QzzHFP6sYbMEFzW5Ojw=w408-h306-k-no,true,8 am–4:30 pm,8 am–4:30 pm,8 am–4:30 pm,Closed,Closed,8 am–4:30 pm,8 am–4:30 pm,"https://www.google.com/maps/search/commercial+landscaping+businesses+in+Pine+Island+Rochester+MN/@44.2013537,-92.6462999,14z",2026-04-29T20:54:40.652Z,,,,
https://www.google.com/maps/place/D%26K+Larkin+LLC/data=!4m7!3m6!1s0x87f70538569a615b:0x3a2eccc7227de52e!8m2!3d44.279853!4d-92.984268!16s%2Fg%2F11j6h50403!19sChIJW2GaVjgF94cRLuV9IsfMLjo,D&K Larkin LLC,5.0,1,Snow removal service,"221 Trondheim Rd, Kenyon, MN 55946, United States","72H8+W7 Kenyon, Minnesota, USA",,+1 507-491-5065,Open 24 hours,https://lh3.googleusercontent.com/gps-cs-s/APNQkAGPiX10v5NFx0Nm_QfoYPot-pfeUnUflcZXSAyaywdB_txu4Ff1RMYKVjYEJx304jDg8Bac-Um0LbaiF4B21RGvQIqdkt16PT4DDO_MguCc66WEmiRZAeK_qTaLYx_pSiidhCRb=w408-h306-k-no,true,Open 24 hours,Open 24 hours,Open 24 hours,Open 24 hours,Open 24 hours,Open 24 hours,Open 24 hours,"https://www.google.com/maps/search/commercial+landscaping+businesses+in+Pine+Island+Rochester+MN/@44.2013537,-92.6462999,14z",2026-04-29T20:54:48.925Z,,,,
https://www.google.com/maps/place/Rockwood+Retaining+Walls/data=!4m7!3m6!1s0x87f9e00324e1e347:0x786f7f0e6a5ea0c8!8m2!3d44.0611992!4d-92.4576076!16s%2Fg%2F1wyc4x8t!19sChIJR-PhJAPg-YcRyKBeag5_b3g,Rockwood Retaining Walls,4.3,3,Landscaper,"325 Alliance Pl, Rochester, MN 55906, United States","3G6R+FX Rochester, Minnesota, USA",http://www.rockwoodwalls.com/,+1 888-288-4045,,https://lh3.googleusercontent.com/gps-cs-s/APNQkAFv-M4l6jUHx0i5GOTvwZ7Zjk3FGTWMeNFSWJgAj8WCPbR7GPhMzdpUS7Yly5Uw4bOmhinTf2-kjTV6Iu4HulgJfbL9i_916WZH1zrqDDqUWEzc6yKatx-GsAtxQgLygPugqL6VTQ=w408-h304-k-no,true,,,,,,,,"https://www.google.com/maps/search/commercial+landscaping+businesses+in+Pine+Island+Rochester+MN/@44.2013537,-92.6462999,14z",2026-04-29T20:54:51.196Z,,,,
https://www.google.com/maps/place/Adam%27s+Lawn+Care+Service/data=!4m7!3m6!1s0x87f9c7b72e61a2c1:0xf77ced6bebfc60d5!8m2!3d44.1687178!4d-92.1750943!16s%2Fg%2F11n72n11vx!19sChIJwaJhLrfH-YcR1WD862vtfPc,Adam's Lawn Care Service,5.0,2,Lawn care service,"605 4th Ave NW, Plainview, MN 55964, United States","5R9F+FX Plainview, Minnesota, USA",,+1 507-534-0128,Open · Closes 5 pm,https://lh3.googleusercontent.com/gps-cs-s/APNQkAGfZOW47P7XXZaO5eKHEy0_W_QB_x8yTk_n2DdHcNfq_gK7QexFGUXr_Wit3uS6-LX1tNJdqpo2J60QZgKFhtJSO8LOOgJ1zxMe0Z_2NYZu2sqPJePQbIOvP5bpdObF4gH9Pk1iJg=w408-h544-k-no,true,9 am–5 pm,9 am–5 pm,9 am–5 pm,9 am–5 pm,9 am–5 pm,9 am–5 pm,9 am–5 pm,"https://www.google.com/maps/search/commercial+landscaping+businesses+in+Plainview+Rochester+MN/@43.1565779,-77.6088465,14z",2026-04-29T20:55:06.772Z,,,,
https://www.google.com/maps/place/Pristine+Green+Outdoor+Services+LLC/data=!4m7!3m6!1s0x87f757644578a287:0x8e885cb0672f992f!8m2!3d43.871925!4d-92.5059667!16s%2Fg%2F11j655b0t9!19sChIJh6J4RWRX94cRL5kvZ7BciI4,Pristine Green Outdoor Services LLC,5.0,3,Lawn care service,"Petersen Ct NW, Stewartville, MN 55976, United States","VFCV+QJ Stewartville, Minnesota, USA",http://www.pgoutdoorservices.com/,+1 507-533-8637,Open · Closes 6 pm,https://streetviewpixels-pa.googleapis.com/v1/thumbnail?panoid=z1Nlb_Dic6YgDRSyiY4mlA&cb_client=search.gws-prod.gps&w=408&h=240&yaw=96.165726&pitch=0&thumbfov=100,true,8 am–6 pm,8 am–6 pm,8 am–6 pm,8 am–12 pm,Closed,8 am–6 pm,8 am–6 pm,"https://www.google.com/maps/search/commercial+landscaping+businesses+in+Plainview+Rochester+MN/@43.1565779,-77.6088465,14z",2026-04-29T20:55:11.163Z,,,,
https://www.google.com/maps/place/Engel+Outdoor+Services/data=!4m7!3m6!1s0x87f7566cd1eff9e9:0x9c2a848f19510c88!8m2!3d43.8530487!4d-92.4807827!16s%2Fg%2F11c319cbrd!19sChIJ6fnv0WxW94cRiAxRGY-EKpw,Engel Outdoor Services,4.4,7,Lawn care service,"306 5th Ave SE, Stewartville, MN 55976, United States","VG39+6M Stewartville, Minnesota, USA",,+1 507-601-8010,Open 24 hours,https://streetviewpixels-pa.googleapis.com/v1/thumbnail?panoid=Awly97OSQsFB4nBGfDaqPg&cb_client=search.gws-prod.gps&w=408&h=240&yaw=103.3427&pitch=0&thumbfov=100,true,Open 24 hours,Open 24 hours,Open 24 hours,Open 24 hours,Open 24 hours,Open 24 hours,Open 24 hours,"https://www.google.com/maps/search/commercial+landscaping+businesses+in+Plainview+Rochester+MN/@43.1565779,-77.6088465,14z",2026-04-29T20:55:15.552Z,LGBTQ+ friendly,,,
https://www.google.com/maps/place/JMM+landscaping+LLC/data=!4m7!3m6!1s0x611fe33f62a9669:0x7e33be18a9235875!8m2!3d40.8279791!4d-100.5732435!16s%2Fg%2F11vcxv34km!19sChIJaZYq9jP-EQYRdVgjqRi-M34,JMM landscaping LLC,5.0,33,Landscaper,,,https://www.jmmlandscaping.com/,+1 952-693-9442,Open · Closes 5 pm,https://lh3.googleusercontent.com/gps-cs-s/APNQkAFr3svEnf2onoHiWisRJA1eIVFxm6HQZpuFeRjGh-DpgpVrhe9_RIRXA73qjHz7n5ziU-DxH_5q_ywuY4K9-ksX4-Jo1bV_xvgI7th8KMB9SeG935lqoAdZluRrRrAvMn8s4WfPN6Qw6Net=w408-h306-k-no,true,8 am–5 pm,8 am–5 pm,8 am–5 pm,8 am–3 pm,Closed,8 am–5 pm,8 am–5 pm,"https://www.google.com/maps/search/commercial+landscaping+businesses+in+Plainview+Rochester+MN/@43.1565779,-77.6088465,14z",2026-04-29T20:55:20.090Z,,,,
https://www.google.com/maps/place/Hartman+Complete+Lawncare/data=!4m7!3m6!1s0x87f75061a6161b1f:0x8267b3ff571a1ba1!8m2!3d43.8555186!4d-92.4885079!16s%2Fg%2F11fz7m2m5g!19sChIJHxsWpmFQ94cRoRsaV_-zZ4I,Hartman Complete Lawncare,4.5,16,Lawn care service,"Stewartville, MN 55976, United States","VG46+6H Stewartville, Minnesota, USA",https://hartmancompletelawncare.com/,+1 507-358-9311,,https://streetviewpixels-pa.googleapis.com/v1/thumbnail?panoid=hLYYJehSZi6rVOpDoKmfTg&cb_client=search.gws-prod.gps&w=408&h=240&yaw=172.92151&pitch=0&thumbfov=100,true,,,,,,,,"https://www.google.com/maps/search/commercial+landscaping+businesses+in+Stewartville+Rochester+MN/@43.8555186,-92.4885079,14z",2026-04-29T20:55:37.016Z,,,,
https://www.google.com/maps/place/Davis+WoodScapes/data=!4m7!3m6!1s0x87f756658d28cd75:0x4e2bf97a0eb3af87!8m2!3d43.8635092!4d-92.5316763!16s%2Fg%2F12hqws3_4!19sChIJdc0ojWVW94cRh6-zDnr5K04,Davis WoodScapes,5.0,1,Woodworker,"10963 County Rd 8 SW, Stewartville, MN 55976, United States","VF79+C8 Stewartville, Minnesota, USA",http://facebook.com/WoodScapes,+1 507-272-5905,Open · Closes 5 pm,https://lh3.googleusercontent.com/gps-cs-s/APNQkAFwic5xo7M_qNzzhuiUsmxTuLU_WCDd1zuJYqTfrvOBDGoTQWZ4vfGrpfjoJG8sTQaSJq2X6HI7r1U5vZX2bU64cmK0DBxEd7uHdIMIYrtxDN_xNCOINr-IuOIgL6AyshVoUlzrYg=w408-h265-k-no,true,7:30 am–5 pm,7:30 am–5 pm,7:30 am–5 pm,Closed,Closed,7:30 am–5 pm,7:30 am–5 pm,"https://www.google.com/maps/search/commercial+landscaping+businesses+in+Stewartville+Rochester+MN/@43.8555186,-92.4885079,14z",2026-04-29T20:55:41.586Z,,,,
https://www.google.com/maps/place/Shades+of+Green+Landscaping/data=!4m7!3m6!1s0x87f7573bdf5d9929:0xea06757da4bc777c!8m2!3d44.0147265!4d-92.384159!16s%2Fg%2F11ns6jcygl!19sChIJKZld3ztX94cRfHe8pH11Buo,Shades of Green Landscaping,,,Landscape designer,,,http://shadesofgreenrochester.com/,+1 651-983-6871,,https://lh3.googleusercontent.com/gps-cs-s/APNQkAGAgsZrCp29IOOxhPV7DoVmXWWa7CbZVDoAbr6oEF25EFFM3V-gCS-MWAZBV1ko9I4nz2-8E6IbMsLHcfkZMB3nEl4DAUbNCTDxI8NouNuZ4ynqUHczThB0oKUQ62I-D1RPRQYqVg=w408-h272-k-no,true,,,,,,,,"https://www.google.com/maps/search/commercial+landscaping+businesses+in+Stewartville+Rochester+MN/@43.8555186,-92.4885079,14z",2026-04-29T20:55:43.662Z,,,,
https://www.google.com/maps/place/Return/data=!4m7!3m6!1s0x87f0add822f8b8ad:0xd555d295ebef625d!8m2!3d43.8907135!4d-92.48887!16s%2Fg%2F1hc2c9596!19sChIJrbj4Itit8IcRXWLv65XSVdU,Return,5.0,6,Topsoil supplier,"1802 90th St SW, Stewartville, MN 55976, United States","VGR6+7F Stewartville, Minnesota, USA",http://www.returnco.com/,+1 507-201-9248,Open · Closes 5 pm,https://lh3.googleusercontent.com/gps-cs-s/APNQkAHTpP01_uhTZZXNo2N-O14quhdw1rHuAE45YRovYM-Ldq2vY-Zd3op5bsESUmynDspG_EZhjBsAyjOCSlDeyt2ywgCOMk8r8rPW2oVC7Kg5L_GFBgLvh6PQx8Zs2c2oiQXM9KU=w408-h272-k-no,true,9 am–5 pm,9 am–5 pm,9 am–5 pm,Closed,Closed,9 am–5 pm,9 am–5 pm,"https://www.google.com/maps/search/commercial+landscaping+businesses+in+Stewartville+Rochester+MN/@43.8555186,-92.4885079,14z",2026-04-29T20:55:48.003Z,,,,
https://www.google.com/maps/place/Presto+Janitorial/data=!4m7!3m6!1s0x87f75740b0a8e863:0x496b9dac97f25441!8m2!3d43.8653888!4d-92.4896705!16s%2Fg%2F11fn56w_fy!19sChIJY-iosEBX94cRQVTyl6yda0k,Presto Janitorial,4.8,43,Janitorial service,"1300 2nd Ave NW, Stewartville, MN 55976, United States","VG86+54 Stewartville, Minnesota, USA",http://www.prestojanitorial.com/,+1 507-292-8862,Open · Closes 6 pm,https://lh3.googleusercontent.com/gps-cs-s/APNQkAEenIjh6dDCUQv5QCuanscPt43quHoB8Ve1qOJQmwViqw-TRqi5Bjakpmy4OMnUK38MaId1yaaGcJJuiuqelW66yk_s4g5ZjUvMv0sYFYB6wBOqOvap39uPel5uggK3v9lXxwtR=w408-h397-k-no,true,9 am–6 pm,9 am–6 pm,9 am–6 pm,Closed,Closed,9 am–6 pm,9 am–6 pm,"https://www.google.com/maps/search/commercial+landscaping+businesses+in+Stewartville+Rochester+MN/@43.8555186,-92.4885079,14z",2026-04-29T20:55:52.273Z,,,,
https://www.google.com/maps/place/Plant+53/data=!4m7!3m6!1s0x87f757250d001835:0x795379cae0bcb1e2!8m2!3d43.8433841!4d-92.5373671!16s%2Fg%2F11gr6hnn86!19sChIJNRgADSVX94cR4rG84Mp5U3k,Plant 53,5.0,2,Paving materials supplier,"2627 County 6 Rd SW, Stewartville, MN 55976, United States","RFV7+93 Stewartville, Minnesota, USA",https://www.rochsg.com/,+1 507-533-1981,,https://lh3.googleusercontent.com/gps-cs-s/APNQkAGmOAQPS1uCjKoBgjTeYnNZXJedr-9DUxFP1cA-oF-kc6IELfnTQiBm61Ae6jyXYCvOUZxzp0vAfhR5kzC8OWdIvI0EIl0qgizF4VwwXF-CTxrV5lBbf9pvsFDRaozqPrk51z46cQ=w480-h240-k-no,false,,,,,,,,"https://www.google.com/maps/search/commercial+landscaping+businesses+in+Stewartville+Rochester+MN/@43.8555186,-92.4885079,14z",2026-04-29T20:55:54.410Z,,,,
https://www.google.com/maps/place/HomeTactix/data=!4m7!3m6!1s0xa7c0f2ca25f428ff:0xd815b05afa10dcc8!8m2!3d44.1070231!4d-92.1668706!16s%2Fg%2F11rvlz3m38!19sChIJ_yj0JcrywKcRyNwQ-lqwFdg,HomeTactix,5.0,2,Construction company,,,http://www.hometactix.com/,+1 507-216-1167,Open · Closes 7 pm,https://lh3.googleusercontent.com/gps-cs-s/APNQkAEqIPoH97S7-735cJhKhYaCjMEHB5JCqLT8LOWjPBZMBHu0qKzNMv69yUe5ACIxJctdHMxFYtw7nK8JaQi5RBMRfuTU1RI95TztfUHOs2mePiAprtEQqgq3cy-fEPjN7N8t-Joeb0EnxLmO=w408-h544-k-no,true,7 am–7 pm,7 am–7 pm,7 am–7 pm,Closed,Closed,7 am–7 pm,7 am–7 pm,"https://www.google.com/maps/search/commercial+landscaping+businesses+in+Stewartville+Rochester+MN/@43.8555186,-92.4885079,14z",2026-04-29T20:55:58.629Z,,,,
https://www.google.com/maps/place/Tiger+Ace+Hardware/data=!4m7!3m6!1s0x87f75668bff8a265:0x7281b10d607d4946!8m2!3d43.8557434!4d-92.4889144!16s%2Fg%2F11h0z2h7w!19sChIJZaL4v2hW94cRRkl9YA2xgXI,Tiger Ace Hardware,4.3,87,Hardware store,"103 N Main St, Stewartville, MN 55976, United States","VG46+7C Stewartville, Minnesota, USA",http://www.acehardware.com/store-details/15498?utm_source=google&utm_medium=local&utm_campaign=localmaps&utm_content=15498,+1 507-533-0333,Open · Closes 6 pm,https://lh3.googleusercontent.com/gps-cs-s/APNQkAH3Ml_CAKKB70z5Hz-4-hwr5fiUhwb9HmiWO8b6uDPaQFDxMWHfokVdg0CgWUJ-dnB0hIAXFYQ6C9RI2hnxN9snT06EGeMERb2T51ZRBKSVq5MHWmkzz2SglkwmkPtbvR1MpwMY=w408-h905-k-no,true,8 am–6 pm,8 am–6 pm,8 am–6 pm,8 am–5 pm,10 am–3 pm,8 am–6 pm,8 am–6 pm,"https://www.google.com/maps/search/commercial+landscaping+businesses+in+Stewartville+Rochester+MN/@43.8555186,-92.4885079,14z",2026-04-29T20:56:03.257Z,,"Hardware store stocking household tools, garden supplies, home decor & more. · In-store shopping · In-store pick-up",,
https://www.google.com/maps/place/Pete%27s+Painting/data=!4m7!3m6!1s0x87f75673429e56a3:0xa77483760e015e7e!8m2!3d43.845926!4d-92.4814205!16s%2Fg%2F1tcv1_qr!19sChIJo1aeQnNW94cRfl4BDnaDdKc,Pete's Painting,5.0,1,Painter,"1020 South Washington Avenue, Spring Valley, MN 55975, United States","RGW9+9C Spring Valley, Minnesota, USA",,+1 507-254-7520,Open · Closes 8 pm,https://streetviewpixels-pa.googleapis.com/v1/thumbnail?panoid=SJLQHNy4FPF261_I8Z1H4g&cb_client=search.gws-prod.gps&w=408&h=240&yaw=268.30652&pitch=0&thumbfov=100,true,7 am–8 pm,7 am–8 pm,7 am–8 pm,9 am–5 pm,Closed,7 am–8 pm,7 am–8 pm,"https://www.google.com/maps/search/commercial+landscaping+businesses+in+Stewartville+Rochester+MN/@43.8555186,-92.4885079,14z",2026-04-29T20:56:11.849Z,,,,
"https://www.google.com/maps/place/Sequoia+Landscape+Company,+LLC/data=!4m7!3m6!1s0x87f6b4109163346d:0x9dfa65018b7f4c97!8m2!3d43.8696575!4d-93.2842056!16s%2Fg%2F1td773zh!19sChIJbTRjkRC09ocRl0x_iwFl-p0","Sequoia Landscape Company, LLC",5.0,6,Landscaper,"809 E 8th Ave, Ellendale, MN 56026, United States","VP98+V8 Ellendale, Minnesota, USA",http://www.sequoialandscape.net/,+1 507-688-1251,Open · Closes 5 pm,https://lh3.googleusercontent.com/gps-cs-s/APNQkAE-dOaDSlOfNmFORf_Gohoq7JWOoLnQI07GmclXeFn1XWqhRM0SOG-WSU7JagyoeD-52N1SzZijT-lr5sVLGbH6RIIv_ulgB_DcHMZ3dDcJ8UsIKz06yjcNzEBplvIS3pqK6Ljm=w408-h544-k-no,true,8 am–5 pm,8 am–5 pm,8 am–5 pm,Closed,Closed,8 am–5 pm,8 am–5 pm,"https://www.google.com/maps/search/commercial+landscaping+businesses+in+Stewartville+Rochester+MN/@43.8555186,-92.4885079,14z",2026-04-29T20:56:16.155Z,,,,
https://www.google.com/maps/place/Moore%27s+Lawn+Services/data=!4m7!3m6!1s0x87f9e29de8d0f82b:0x7cb387a315efce63!8m2!3d43.9418342!4d-92.4589029!16s%2Fg%2F1tgh3j_4!19sChIJK_jQ6J3i-YcRY87vFaOHs3w,Moore's Lawn Services,5.0,4,Lawn care service,"5601 St Bridget Rd SE, Rochester, MN 55904, United States","WGRR+PC Rochester, Minnesota, USA",,+1 507-282-8380,,https://streetviewpixels-pa.googleapis.com/v1/thumbnail?panoid=6XRkA8CCgKj5X9ZHgMmlQQ&cb_client=search.gws-prod.gps&w=408&h=240&yaw=262.1433&pitch=0&thumbfov=100,false,,,,,,,,"https://www.google.com/maps/search/commercial+landscaping+businesses+in+Stewartville+Rochester+MN/@43.8555186,-92.4885079,14z",2026-04-29T20:56:31.050Z,,,,
https://www.google.com/maps/place/Stewartville+Area+Chamber+of+Commerce/data=!4m7!3m6!1s0x87f7566fa480624b:0x53fc31e8a3273c8a!8m2!3d43.8564732!4d-92.4887261!16s%2Fg%2F1tr7jytm!19sChIJS2KApG9W94cRijwno-gx_FM,Stewartville Area Chamber of Commerce,4.5,2,Chamber of Commerce,"207 N Main St, Stewartville, MN 55976, United States","VG46+HG Stewartville, Minnesota, USA",http://www.stewartvillechamber.com/,+1 507-533-6006,,https://streetviewpixels-pa.googleapis.com/v1/thumbnail?panoid=2jNXhaa8DJnTKxnBPKohZg&cb_client=search.gws-prod.gps&w=408&h=240&yaw=266.54852&pitch=0&thumbfov=100,true,,,,,,,,"https://www.google.com/maps/search/commercial+landscaping+businesses+in+Stewartville+Rochester+MN/@43.8555186,-92.4885079,14z",2026-04-29T20:56:33.252Z,,,,
https://www.google.com/maps/place/North+River+Gutters/data=!4m7!3m6!1s0x87f9e7bc98ad43f5:0xe3e9b3300bd0413f!8m2!3d44.0017417!4d-92.3124378!16s%2Fg%2F11pdy60tgq!19sChIJ9UOtmLzn-YcRP0HQCzCz6eM,North River Gutters,5.0,42,Construction company,"8308 10th St SE, Rochester, MN 55904, United States","2M2Q+M2 Rochester, Minnesota, USA",http://northrivergutters.com/,+1 507-535-9723,Open · Closes 6 pm,https://lh3.googleusercontent.com/gps-cs-s/APNQkAFOXhkdU3TLGGB2b5gwtARECstXvJoRg8Wg_UmMh4g7ZOaFzu_mzeOqBF9oyo8al911pdSpChCysU_ga7la2sSS-frea7k0VJVsKEFXiXcPeXUpCBRPsVICNBzVoinHIHHls5PBypQhRoA=w408-h725-k-no,true,7 am–6 pm,6 am–6 pm,7 am–6 pm,8 am–12 pm,Closed,7 am–6 pm,7 am–6 pm,"https://www.google.com/maps/search/commercial+landscaping+businesses+in+Stewartville+Rochester+MN/@43.8555186,-92.4885079,14z",2026-04-29T20:56:37.700Z,,,,
https://www.google.com/maps/place/HCH+Outdoor+Services/data=!4m7!3m6!1s0x87f7773f8d60016f:0x78c33ea28056ce7b!8m2!3d44.2966229!4d-92.6626923!16s%2Fg%2F11qh90yb6s!19sChIJbwFgjT9394cRe85WgKI-w3g,HCH Outdoor Services,5.0,3,Lawn care service,"590 Sequoia Ln, Zumbrota, MN 55992, United States","78WP+JW Zumbrota, Minnesota, USA",,+1 507-696-6001,Open · Closes 5 pm,https://lh3.googleusercontent.com/gps-cs-s/APNQkAE5Z41UmDq14Wzz9d40wBW605X3Pu3JWi53Vp9pWzO3h9V1fG8Uadk7NB1HYLTMP4ilzRJCIQDzyV9RQRpxuxu0dMpYaqXo5C4PN-5hznqlFfDwBjFxtLrNa3ZiyRzATRrPtiyB=w408-h544-k-no,true,7 am–5 pm,7 am–5 pm,7 am–5 pm,8 am–4 pm,Closed,7 am–5 pm,7 am–5 pm,"https://www.google.com/maps/search/commercial+landscaping+businesses+in+Zumbrota+Rochester+MN/@44.294132,-92.6690806,14z",2026-04-29T20:56:52.609Z,,,,
https://www.google.com/maps/place/Heartlind+Trees+Inc./data=!4m7!3m6!1s0x87f77135858da85f:0x6384ca083a760c00!8m2!3d44.2842097!4d-92.6968217!16s%2Fg%2F11rrrdx2jl!19sChIJX6iNhTVx94cRAAx2OgjKhGM,Heartlind Trees Inc.,5.0,3,Tree service,"16709 460th St, Zumbrota, MN 55992, United States","78M3+M7 Zumbrota, Minnesota, USA",,+1 507-251-0419,Open 24 hours,https://lh3.googleusercontent.com/gps-cs-s/APNQkAHNJ_qz98SNndgOuy5QqXo4qJ52v9wKQX0GhL83fjOMqTmeDlHdsRqHpVVql2RsB7bJotHMLxmXgLHgJosExe4m5NvpAU3OlMaoSxf2QcBI1TDgGts3s4AdJhBn2AGF2Apf5PShWw=w408-h816-k-no,true,Open 24 hours,Open 24 hours,Open 24 hours,Open 24 hours,Closed,Open 24 hours,Open 24 hours,"https://www.google.com/maps/search/commercial+landscaping+businesses+in+Zumbrota+Rochester+MN/@44.294132,-92.6690806,14z",2026-04-29T20:56:56.795Z,,,,
https://www.google.com/maps/place/Spring+Green/data=!4m7!3m6!1s0x87f7c115ebad2463:0xf2213fb7c45ae50b!8m2!3d44.3479988!4d-92.582123!16s%2Fg%2F1tftfwlx!19sChIJYySt6xXB94cRC-VaxLc_IfI,Spring Green,4.8,271,Lawn care service,"41396 County 4 Blvd, Zumbrota, MN 55992, United States","8CX9+55 Zumbrota, Minnesota, USA",https://www.spring-green.com/lawn-care-locations/rochester-area?utm_source=uberall&utm_medium=local_listings&utm_campaign=google_business_profile,+1 507-281-1221,Open · Closes 6 pm,https://lh3.googleusercontent.com/gps-cs-s/APNQkAEOWksBRp_CODUCib0bCmzdha8isIWSStyZnc6pd6uw3gj1m_tzk4650AHlRrhSK6xcJKea2MGSpybgLcp2RiPU4qUeSyptpd-Vg30zwuGe19m944Ys9ZmhZugIF_MRZUFCpZy_DqyZTfuz=w425-h240-k-no,true,8 am–6 pm,8 am–6 pm,8 am–6 pm,9 am–3 pm,Closed,8 am–6 pm,8 am–6 pm,"https://www.google.com/maps/search/commercial+landscaping+businesses+in+Zumbrota+Rochester+MN/@44.294132,-92.6690806,14z",2026-04-29T20:57:01.141Z,,,,
https://www.google.com/maps/place/Bruening+Rock+Products/data=!4m7!3m6!1s0x87f776a174e77801:0x1ea5ab012f0a5554!8m2!3d44.3083515!4d-92.6945791!16s%2Fg%2F11h3vblxrf!19sChIJAXjndKF294cRVFUKLwGrpR4,Bruening Rock Products,5.0,1,,"1100 Arctic Ave, Zumbrota, MN 55992, United States","8854+85 Zumbrota, Minnesota, USA",http://www.brueningrockproducts.com/,+1 507-732-7625,Open 24 hours,https://streetviewpixels-pa.googleapis.com/v1/thumbnail?panoid=WbIeeBVX36UmMR6_FztfaA&cb_client=search.gws-prod.gps&w=408&h=240&yaw=298.4175&pitch=0&thumbfov=100,false,Open 24 hours,Open 24 hours,Open 24 hours,Closed,Closed,Open 24 hours,Open 24 hours,"https://www.google.com/maps/search/commercial+landscaping+businesses+in+Zumbrota+Rochester+MN/@44.294132,-92.6690806,14z",2026-04-29T20:57:05.449Z,,,,
https://www.google.com/maps/place/Busby%E2%80%99s+Hardware+%26+Furniture/data=!4m7!3m6!1s0x87f776cd60e3cb0f:0x4a8cd8bf05ae5f72!8m2!3d44.2938502!4d-92.6688259!16s%2Fg%2F1wrtddxc!19sChIJD8vjYM1294cRcl-uBb_YjEo,Busby’s Hardware & Furniture,4.9,51,Hardware store,"321 S Main St, Zumbrota, MN 55992, United States","78VJ+GF Zumbrota, Minnesota, USA",https://busbyshardwareandfurniture.com/,+1 507-732-5232,Open · Closes 5:30 pm,https://lh3.googleusercontent.com/gps-cs-s/APNQkAEIwAELAmpgt2XaDG5rK8Dav9U3fDggni5wIo51RZVIdAHSTvsje-3gl5ZVW9LV6eBBS54Nt8gNhqSNg18QoTrkb5bIwsb49n-ETWjijKIYsPaUsc0c7lzGmEyzTdWqm0pdVLVApiXSen4X=w408-h408-k-no,true,7:30 am–5:30 pm,7:30 am–5:30 pm,7:30 am–5:30 pm,7:30 am–3 pm,Closed,7:30 am–5:30 pm,7:30 am–5:30 pm,"https://www.google.com/maps/search/commercial+landscaping+businesses+in+Zumbrota+Rochester+MN/@44.294132,-92.6690806,14z",2026-04-29T20:57:09.732Z,,· Delivery,,
https://www.google.com/maps/place/Pellicci+Ace+Hardware/data=!4m7!3m6!1s0x87f776d28477e381:0x7194b5f680abfef9!8m2!3d44.294707!4d-92.668351!16s%2Fg%2F1thxr606!19sChIJgeN3hNJ294cR-f6rgPa1lHE,Pellicci Ace Hardware,4.5,108,Hardware store,"90 E 3rd St, Zumbrota, MN 55992, United States","78VJ+VM Zumbrota, Minnesota, USA",https://www.acehardware.com/store-details/11513,+1 507-732-4111,Open · Closes 6 pm,https://lh3.googleusercontent.com/gps-cs-s/APNQkAEClc6VWngBGGt6BZk9TxWyuHsEvRMRGvpPPxdM1X8DxddzMEl5CllAYY-pV-8O9Tv2xj_A9j0WLHJdyNUFJXkU3go-QZvqmxp1iE_F_xR6O5z0VH9kSLB94eHi5bPNgdmO-UxW=w408-h306-k-no,true,8 am–6 pm,8 am–6 pm,8 am–6 pm,8 am–6 pm,10 am–4 pm,8 am–6 pm,8 am–6 pm,"https://www.google.com/maps/search/commercial+landscaping+businesses+in+Zumbrota+Rochester+MN/@44.294132,-92.6690806,14z",2026-04-29T20:57:14.436Z,,"Hardware store stocking household tools, garden supplies, home decor & more. · In-store shopping · Kerbside pickup · Delivery",,
https://www.google.com/maps/place/Donohue+Pest+Solutions+LLC/data=!4m7!3m6!1s0x8ce6f60d996eb0e3:0x1546e802c16dea3e!8m2!3d44.2971374!4d-92.5918229!16s%2Fg%2F11t81cwkcc!19sChIJ47BumQ325owRPuptwQLoRhU,Donohue Pest Solutions LLC,5.0,182,Pest control service,,,https://www.donohuepestsolutions.com/,+1 507-421-0249,Open · Closes 6 pm,https://lh3.googleusercontent.com/gps-cs-s/APNQkAGwumRR3jkQ5XRTzWAsX3ZEqKKa6Ej_IwKb7lAtkP9Ul4bdMwtZLlXOlwWAGYG9lhFe5qCtyfv6_c5JHGp2YhviB50PT980TkgIy2lFH060jS0rXrHq4Bx__CHvydmcPUhJy3iORA=w529-h240-k-no,true,7:30 am–6 pm,7:30 am–6 pm,7:30 am–6 pm,7:30 am–12 pm,Closed,7:30 am–6 pm,7:30 am–6 pm,"https://www.google.com/maps/search/commercial+landscaping+businesses+in+Zumbrota+Rochester+MN/@44.294132,-92.6690806,14z",2026-04-29T20:57:18.641Z,,,,
https://www.google.com/maps/place/Zumbrota+Mini+Storage/data=!4m7!3m6!1s0x87f776c603ab4f31:0x2109895df70164b4!8m2!3d44.2836937!4d-92.670147!16s%2Fg%2F1263r1ymt!19sChIJMU-rA8Z294cRtGQB912JCSE,Zumbrota Mini Storage,4.4,8,Self-storage facility,"1206, 1550 Jefferson Dr, Zumbrota, MN 55992, United States","78MH+FW Zumbrota, Minnesota, USA",,+1 507-696-4406,Open · Closes 5:30 pm,https://streetviewpixels-pa.googleapis.com/v1/thumbnail?panoid=hu_HDiiPqJU8rIh7JbdRxw&cb_client=search.gws-prod.gps&w=408&h=240&yaw=221.36406&pitch=0&thumbfov=100,false,7 am–5:30 pm,7 am–5:30 pm,7 am–5:30 pm,Closed,Closed,7 am–5:30 pm,7 am–5:30 pm,"https://www.google.com/maps/search/commercial+landscaping+businesses+in+Zumbrota+Rochester+MN/@44.294132,-92.6690806,14z",2026-04-29T20:57:22.875Z,,,,
https://www.google.com/maps/place/JMC+Property+Services/data=!4m7!3m6!1s0x6d4cef1f0267af63:0xdcd36a3b6644701a!8m2!3d44.3030694!4d-92.7904951!16s%2Fg%2F11y32mprbh!19sChIJY69nAh_vTG0RGnBEZjtq09w,JMC Property Services,5.0,4,Lawn care service,"301 3rd Ave S, Wanamingo, MN 55983, United States","8635+6R Wanamingo, Minnesota, USA",https://www.jmcproservices.com/,+1 507-259-3193,,https://streetviewpixels-pa.googleapis.com/v1/thumbnail?panoid=hiWO0aK5nNis4OZAEh3ErQ&cb_client=search.gws-prod.gps&w=408&h=240&yaw=182.54411&pitch=0&thumbfov=100,true,,,,,,,,"https://www.google.com/maps/search/commercial+landscaping+businesses+in+Zumbrota+Rochester+MN/@44.294132,-92.6690806,14z",2026-04-29T20:57:25.178Z,,,,
https://www.google.com/maps/place/Central+Livestock+Association/data=!4m7!3m6!1s0x87f776c4b93f8025:0x828c55ec0b6ab960!8m2!3d44.305927!4d-92.6689897!16s%2Fg%2F1tfg870n!19sChIJJYA_ucR294cRYLlqC-xVjII,Central Livestock Association,4.2,21,Association / Organization,"44326 County 6 Blvd, Zumbrota, MN 55992, United States","884J+9C Zumbrota, Minnesota, USA",https://www.centrallivestock.com/,+1 877-732-7305,Open · Closes 9 pm,https://streetviewpixels-pa.googleapis.com/v1/thumbnail?panoid=8RZkz3DCHof0kO7ZFOP9QQ&cb_client=search.gws-prod.gps&w=408&h=240&yaw=88.30784&pitch=0&thumbfov=100,false,6 am–9 pm,Closed,Closed,Closed,10 am–9 pm,6 am–9 pm,6 am–9 pm,"https://www.google.com/maps/search/commercial+landscaping+businesses+in+Zumbrota+Rochester+MN/@44.294132,-92.6690806,14z",2026-04-29T20:57:29.441Z,,,,