placeUrl,title,rating,reviewCount,category,address,plusCode,website,phoneNumber,currentStatus,info,imgUrl,isClaimed,wednesday,thursday,friday,saturday,sunday,monday,tuesday,query,timestamp,attributes,isBlackOwned,error
https://www.google.com/maps/place/Classy+Oak+Tree+Care/data=!4m7!3m6!1s0x2234cda03e59785d:0x82bfa725658befc!8m2!3d29.1980353!4d-81.0123688!16s%2Fg%2F11kpnjbyt2!19sChIJXXhZPqDNNCIR_L5YVnL6Kwg,Classy Oak Tree Care,4.8,162,Tree service,"822 Donnelly Pl, Daytona Beach, FL 32114, United States","5XXQ+63 Daytona Beach, Florida, USA",http://classyoaktreecare.com/,+1 386-210-3640,Open 24 hours,LGBTQ+ friendly,https://lh3.googleusercontent.com/gps-cs-s/APNQkAH5grQPfGk4f-7M6VZIglnSTMqr71UI6h4FhELKy1S7Hy4xpHo58AvQT5KZmTHg3WhFa1dP6iTSFaZwSMmu-RPl66VxIQ9NPbIx4_-rHKe_aUyvDDVQ0KJ1Ff5KzOXvXf6FUROxeTHzSd4=w408-h544-k-no,true,Open 24 hours,Open 24 hours,Open 24 hours,Open 24 hours,Open 24 hours,Open 24 hours,Open 24 hours,"https://www.google.com/maps/search/tree+service+businesses+in+Daytona+Beach+Daytona+Beach+FL/@29.2071029,-81.0196796,14z",2026-04-29T04:34:03.809Z,,,
https://www.google.com/maps/place/CN+Tree+Service+LLC/data=!4m7!3m6!1s0x88e6d935aa8d2f8d:0xf04cb0c76429e7a2!8m2!3d29.2201672!4d-81.0263827!16s%2Fg%2F11fn2brv19!19sChIJjS-NqjXZ5ogRoucpZMewTPA,CN Tree Service LLC,4.9,617,Tree service,"212 Fairview Ave, Daytona Beach, FL 32114, United States","6XCF+3C Daytona Beach, Florida, USA",https://youtube.com/@cntreeservice386?si=LGmmN_tN5fdc-7yf,+1 386-254-9005,Open 24 hours,Identifies as veteran-owned,https://lh3.googleusercontent.com/gps-cs-s/APNQkAH4QYhgdJR14COalfbSUTgVh0Bmtk50xZIo-O4E058fEz6-sVJzq8gFVbcna4zz8xvuJKaM7h12aGBrFHuepadn2a96spRttWHr5I6z0R8mCzveoMQ6EvRtj_GauOkasoNFOiDFJoEReA3k=w408-h544-k-no,true,Open 24 hours,Open 24 hours,Open 24 hours,Open 24 hours,Open 24 hours,Open 24 hours,Open 24 hours,"https://www.google.com/maps/search/tree+service+businesses+in+Daytona+Beach+Daytona+Beach+FL/@29.2071029,-81.0196796,14z",2026-04-29T04:34:09.058Z,,,
https://www.google.com/maps/place/InfanTREE+USA+Tree+Service/data=!4m7!3m6!1s0x88e6d96f165a9eff:0x8cc0296d038a6d99!8m2!3d29.2360637!4d-81.0140631!16s%2Fg%2F11r957c9hn!19sChIJ_55aFm_Z5ogRmW2KA20pwIw,InfanTREE USA Tree Service,4.9,183,Tree service,"627 N Grandview Ave Suite 206, Daytona Beach, FL 32118, United States","6XPP+C9 Daytona Beach, Florida, USA",http://www.infantreeusa.com/,+1 386-795-8178,Open 24 hours,LGBTQ+ friendly,https://lh3.googleusercontent.com/gps-cs-s/APNQkAGZp5JkVNbDoSWdFnldiYQcBhygkfmtVZL-XKUwcO8UKDNDfDwPw18nTP1A9gDJMkleUBOjNxpbJupMgj9tZBJRjdwy1qu9AGdkfpO977GqY5HhK9qAf_SwXEzWwG-XIy0BZoEK4E8ryZQ=w408-h299-k-no,true,Open 24 hours,Open 24 hours,Open 24 hours,Open 24 hours,Open 24 hours,Open 24 hours,Open 24 hours,"https://www.google.com/maps/search/tree+service+businesses+in+Daytona+Beach+Daytona+Beach+FL/@29.2071029,-81.0196796,14z",2026-04-29T04:34:13.547Z,,,
https://www.google.com/maps/place/Cutting+Edge+Tree+Experts/data=!4m7!3m6!1s0x88e6db11aaf518bb:0xbc4c4fbd546e2936!8m2!3d29.2271059!4d-81.0354744!16s%2Fg%2F11g2_pbl6g!19sChIJuxj1qhHb5ogRNiluVL1PTLw,Cutting Edge Tree Experts,4.3,228,Tree service,"133 Thomason Ave, Daytona Beach, FL 32117, United States","6XG7+RR Daytona Beach, Florida, USA",https://www.cuttingedgetreeexperts.com/,+1 386-320-6307,Open 24 hours,,https://lh3.googleusercontent.com/gps-cs-s/APNQkAHqRvdhKtIrCZ1i3LFlffaJhYkYZqyaaiyH2aeBhZd5B_GubOcC1sMG5QgxvJ4d777Ta2J_VL_7wLmyBAorDebs1Er6iEDf0UzLkf8jv5nFfS22ZIp0wLRsolNjtGOrBnujqX1p=w408-h272-k-no,true,Open 24 hours,Open 24 hours,Open 24 hours,Open 24 hours,Open 24 hours,Open 24 hours,Open 24 hours,"https://www.google.com/maps/search/tree+service+businesses+in+Daytona+Beach+Daytona+Beach+FL/@29.2071029,-81.0196796,14z",2026-04-29T04:34:17.977Z,,,
https://www.google.com/maps/place/Terry+Smith+Tree+Services./data=!4m7!3m6!1s0x88e6d99a3a359415:0x64c84f0f25e48566!8m2!3d29.1926591!4d-81.0221356!16s%2Fg%2F1tf71rrj!19sChIJFZQ1OprZ5ogRZoXkJQ9PyGQ,Terry Smith Tree Services.,4.7,38,Tree service,"636 Fremont Ave, Daytona Beach, FL 32114, United States","5XVH+34 Daytona Beach, Florida, USA",,+1 386-295-4126,,,https://lh3.googleusercontent.com/gps-cs-s/APNQkAFt8PAkCysUGpgpTBiqH2xxPHfDT5kOMUjsYqh7eGAcnqJ-tV2vF0UjEBOX0EB_eLXaMU1ycpd3UMRWHNnWfdweLpNf5Se-znO1EyX9YSTAObTdUssar-tOy7KjPW-vjLcgkylGeg=w408-h306-k-no,false,,,,,,,,"https://www.google.com/maps/search/tree+service+businesses+in+Daytona+Beach+Daytona+Beach+FL/@29.2071029,-81.0196796,14z",2026-04-29T04:34:20.417Z,,,
"https://www.google.com/maps/place/Florida+Foliage+of+Central+Florida+%7C+Residential+and+Commercial+Tree+Services+in+Daytona+Beach,+FL/data=!4m7!3m6!1s0x88e6d8d09d41d57d:0x2e878dc574a4d1d1!8m2!3d29.1576195!4d-81.0647066!16s%2Fg%2F11fy5gxyf3!19sChIJfdVBndDY5ogR0dGkdMWNhy4","Florida Foliage of Central Florida | Residential and Commercial Tree Services in Daytona Beach, FL",4.7,140,Tree service,"180 Kingbird Cir, Daytona Beach, FL 32119, United States","5W5P+24 Daytona Beach, Florida, USA",http://www.flfoliage.com/,+1 386-481-7913,Open 24 hours,,https://lh3.googleusercontent.com/gps-cs-s/APNQkAHxxcu6uXKicaNyf0FrVuNdjNiEDj1Cq5a9nTYEYULhzA880cBfCQ3cFKIdFOMekoV9wPiM7MlRTn-_ShVW0NtlGxAm5KN5b55xDfKhyupn0wq9SREDj7m0RD1_98FZgHZ9-bKE=w426-h240-k-no,true,Open 24 hours,Open 24 hours,Open 24 hours,Open 24 hours,Open 24 hours,Open 24 hours,Open 24 hours,"https://www.google.com/maps/search/tree+service+businesses+in+Daytona+Beach+Daytona+Beach+FL/@29.2071029,-81.0196796,14z",2026-04-29T04:34:24.793Z,,,
https://www.google.com/maps/place/Custom+Lakefronts+and+Tree+Care+LLC/data=!4m7!3m6!1s0x88e6d9770755ae9f:0x2c0f430953f6f3dd!8m2!3d29.1948534!4d-81.0167645!16s%2Fg%2F11pyc6m2lx!19sChIJn65VB3fZ5ogR3fP2UwlDDyw,Custom Lakefronts and Tree Care LLC,4.9,161,Tree service,"418 Fremont Ave Unit A, Daytona Beach, FL 32114, United States","5XVM+W7 Daytona Beach, Florida, USA",http://www.customlakefrontsandtreecare.com/,+1 386-481-7929,"Closed · Opens 7 am

Confirmed by this business 6 weeks ago",,https://lh3.googleusercontent.com/gps-cs-s/APNQkAHqnCw8I5J1LuVQBtj_pkX7WuJBwgGC-hWxHGMfZit7_qNzAi_Uk-vupE-928OZHYltB2EaMmwGZn_beCOkmqy4Kta-WDydRYSKSxgQVRfbv3-6ZRoLDhUvxMQFBogdFrncIzn5y9E4srbu=w426-h240-k-no,true,7 am–6 pm,7 am–6 pm,7 am–6 pm,Closed,Closed,7 am–6 pm,7 am–6 pm,"https://www.google.com/maps/search/tree+service+businesses+in+Daytona+Beach+Daytona+Beach+FL/@29.2071029,-81.0196796,14z",2026-04-29T04:34:29.301Z,,,
https://www.google.com/maps/place/Higher+Reach+Tree+Service/data=!4m7!3m6!1s0x88e6dbcd7b1bd897:0x99118d3d903dff2a!8m2!3d29.2155205!4d-81.0408488!16s%2Fg%2F11qr166b4k!19sChIJl9gbe83b5ogRKv89kD2NEZk,Higher Reach Tree Service,5.0,30,Tree service,"521 Tomoka Rd, Daytona Beach, FL 32114, United States","6X85+6M Daytona Beach, Florida, USA",,+1 386-307-0573,Open 24 hours,,https://lh3.googleusercontent.com/gps-cs-s/APNQkAFfIrE2Uz9JQud5_Ue_YaV3q8ikNIuWWwL4xqiao70ayqOF0o5u7R-mq_0x-PfqokyG-Uyp071Sc610nMvaV8Vv4DU2-2vvNLdas-CBbPfftWqYN57NZlhVEXaTy3BxaAPPOgz-=w426-h240-k-no,true,Open 24 hours,Open 24 hours,Open 24 hours,Open 24 hours,Open 24 hours,Open 24 hours,Open 24 hours,"https://www.google.com/maps/search/tree+service+businesses+in+Daytona+Beach+Daytona+Beach+FL/@29.2071029,-81.0196796,14z",2026-04-29T04:34:33.794Z,,,
https://www.google.com/maps/place/Legends+Tree+Experts/data=!4m7!3m6!1s0x88e6dbda8177d617:0x4147acc9c6bfc98!8m2!3d29.2275004!4d-81.0448187!16s%2Fg%2F11hj0ry_02!19sChIJF9Z3gdrb5ogRmPxrnMx6FAQ,Legends Tree Experts,4.7,147,Tree service,"304 Cavanah Dr, Holly Hill, FL 32117, United States","6XH4+23 Holly Hill, Florida, USA",http://www.legendstreeexperts.com/,+1 386-320-9291,Open 24 hours,,https://lh3.googleusercontent.com/gps-cs-s/APNQkAEdXFWlWLghmfILiXjVAj2bV8Nn5fDTQpdr32ikm89ZmaOPa6kFnOUZqJ1IObMA7kxShRezwYJSzzuNH-sMeS-3t08COCYcvdBcEqnzo0KyINmfsuk_W0WO7dt9pvGlnY5x5Uyf=w408-h306-k-no,true,Open 24 hours,Open 24 hours,Open 24 hours,Open 24 hours,Open 24 hours,Open 24 hours,Open 24 hours,"https://www.google.com/maps/search/tree+service+businesses+in+Daytona+Beach+Daytona+Beach+FL/@29.2071029,-81.0196796,14z",2026-04-29T04:34:38.252Z,,,
https://www.google.com/maps/place/Arborist+Assessment+and+Tree+Services/data=!4m7!3m6!1s0x8a99eb2ccffe57cd:0xbffaae0f8b761a4b!8m2!3d29.247518!4d-81.0497649!16s%2Fg%2F11mkyhjqtj!19sChIJzVf-zyzrmYoRSxp2iw-u-r8,Arborist Assessment and Tree Services,4.8,44,Tree service,"1320 Graham Ave, Daytona Beach, FL 32117, United States","6XX2+23 Daytona Beach, Florida, USA",https://arboristassessment.com/,+1 689-808-0885,Open 24 hours,,https://lh3.googleusercontent.com/gps-cs-s/APNQkAELAWoQ3GqJnwSdGOWL2b3Zs8LGq1XEr3rVHV8OE_t2O1B-OE_ymHjB_cns8uLhnpuwWwBBKUPXRxOLI1QwUKV9xQnsBnPmyIefppxPYsAQqgOZczuF7TvFYkKnT4ImfUGgzsS_eLxvFJ8=w408-h306-k-no,true,Open 24 hours,Open 24 hours,Open 24 hours,Open 24 hours,Open 24 hours,Open 24 hours,Open 24 hours,"https://www.google.com/maps/search/tree+service+businesses+in+Daytona+Beach+Daytona+Beach+FL/@29.2071029,-81.0196796,14z",2026-04-29T04:34:42.590Z,,,
https://www.google.com/maps/place/Sunset+Tree+Care/data=!4m7!3m6!1s0x88e6d964b920969b:0x72d6a7d678dbe252!8m2!3d29.1948534!4d-81.0167645!16s%2Fg%2F11knbwqf4k!19sChIJm5YguWTZ5ogRUuLbeNan1nI,Sunset Tree Care,4.4,34,Tree service,"418 Fremont Ave, Daytona Beach, FL 32114, United States","5XVM+W7 Daytona Beach, Florida, USA",https://www.sunsettreecare.com/,+1 386-872-0300,Open 24 hours,,https://lh3.googleusercontent.com/gps-cs-s/APNQkAEOm1ZkKIMHTE-H0ALIUBq3vUyn9rR4tCf5A1ouXEnjTdUgalzCbmMnBY0nuI1KmLYk4GF_HfJDnZQGiplghY8d1bym8x0iq6abQUg4L5pPkkCz--psDnt3hKF_R-SzZTrBV724DDSyE0v1=w408-h544-k-no,true,Open 24 hours,Open 24 hours,Open 24 hours,Open 24 hours,Open 24 hours,Open 24 hours,Open 24 hours,"https://www.google.com/maps/search/tree+service+businesses+in+Daytona+Beach+Daytona+Beach+FL/@29.2071029,-81.0196796,14z",2026-04-29T04:34:47.088Z,,,
https://www.google.com/maps/place/Daytona+Beach+Tree+Care/data=!4m7!3m6!1s0x88e6d946ed92e4eb:0x75914f7dc281627!8m2!3d29.8442735!4d-81.5047755!16s%2Fg%2F11wb8m15_j!19sChIJ6-SS7UbZ5ogRJxYo3PcUWQc,Daytona Beach Tree Care,3.0,2,Tree service,,,,+1 352-269-9988,Closed · Opens 7 am,,https://lh3.googleusercontent.com/gps-cs-s/APNQkAEec8hAQalKs08DNY13iZcEUn-c-kQXUMFTKjERPlpOsGpiEsl6GzqtjoOQUD7blKZCzX4Sp_hMEKPaB6Uny3NEGhnHd7amP06iPGntfsT-KsaBJUVbTUB6BYdqONOAmSvzpAgZdw=w408-h544-k-no,true,7 am–5 pm,7 am–5 pm,7 am–5 pm,Closed,Closed,7 am–5 pm,7 am–5 pm,"https://www.google.com/maps/search/tree+service+businesses+in+Daytona+Beach+Daytona+Beach+FL/@29.2071029,-81.0196796,14z",2026-04-29T04:34:51.457Z,,,
https://www.google.com/maps/place/A+Affordable+Tree+Services./data=!4m7!3m6!1s0x88e6d97000000001:0x263146c7641055be!8m2!3d29.2409859!4d-81.0699264!16s%2Fg%2F1vxzbft4!19sChIJAQAAAHDZ5ogRvlUQZMdGMSY,A Affordable Tree Services.,4.7,12,Tree service,"Daytona Beach, FL 32117, United States","6WRJ+92 Daytona Beach, Florida, USA",http://aaffordabletrees.com/,+1 386-527-9006,Open 24 hours,,https://lh3.googleusercontent.com/gps-cs-s/APNQkAEucClCSWejUW4qGlq-v-RxfEJ6QoEoHxNakFMBMDxhBWuaVwGCo04kCoZFIXvNGMNwI3DGo5QDWYluHLInXAJJ5EDGhBPB0InpmEigmhdexd1qFxCHaEFLRIQm4vj1FtKGUciV=w408-h306-k-no,false,Open 24 hours,Open 24 hours,Open 24 hours,Open 24 hours,Open 24 hours,Open 24 hours,Open 24 hours,"https://www.google.com/maps/search/tree+service+businesses+in+Daytona+Beach+Daytona+Beach+FL/@29.2071029,-81.0196796,14z",2026-04-29T04:34:55.719Z,,,
https://www.google.com/maps/place/Daytona+Tree+Men/data=!4m7!3m6!1s0x88e6d986473bffff:0x1577f098b0023af4!8m2!3d29.2050227!4d-81.0217344!16s%2Fg%2F11rkmts8gk!19sChIJ__87R4bZ5ogR9DoCsJjwdxU,Daytona Tree Men,5.0,7,Tree service,"340 S Segrave St, Daytona Beach, FL 32114, United States","6X4H+28 Daytona Beach, Florida, USA",https://daytonatreemen.com/about-us/,+1 386-217-9770,,,https://streetviewpixels-pa.googleapis.com/v1/thumbnail?panoid=Cs2ULybVcKZOT3FQMQpjSA&cb_client=search.gws-prod.gps&w=408&h=240&yaw=177.93173&pitch=0&thumbfov=100,false,,,,,,,,"https://www.google.com/maps/search/tree+service+businesses+in+Daytona+Beach+Daytona+Beach+FL/@29.2071029,-81.0196796,14z",2026-04-29T04:34:57.980Z,,,
https://www.google.com/maps/place/Above+The+Rest+Tree+Service/data=!4m7!3m6!1s0x88e727893870ef41:0x43c53ea1624134e0!8m2!3d29.1735603!4d-81.0223078!16s%2Fg%2F11gl44ybl4!19sChIJQe9wOIkn54gR4DRBYqE-xUM,Above The Rest Tree Service,4.2,137,Tree service,"27 Silk Moss Ct, South Daytona, FL 32119, United States","5XFH+C3 South Daytona, Florida, USA",http://atrtreeservice.com/,+1 407-848-9139,Open 24 hours,,https://lh3.googleusercontent.com/gps-cs-s/APNQkAEQG-fXUfDO4tDiqV2tHFBlwpxQZG9t5XUWk_Rl1Y6sxkaVhYzcpU6yT4lBsjcZkSIN6Jpgsi-dBChuqvpgeGw0bgeeRpbJ2ggq1mKuzwZom7q-1SGb9Gy-aQx_AI4AFFCjHi_D=w408-h306-k-no,true,Open 24 hours,Open 24 hours,Open 24 hours,Open 24 hours,Open 24 hours,Open 24 hours,Open 24 hours,"https://www.google.com/maps/search/tree+service+businesses+in+Daytona+Beach+Daytona+Beach+FL/@29.2071029,-81.0196796,14z",2026-04-29T04:35:02.215Z,,,
https://www.google.com/maps/place/Elite+Tree+Care/data=!4m7!3m6!1s0x8cb8ff8b76edbc37:0xb4235d2c4ac7353b!8m2!3d29.204145!4d-81.2172855!16s%2Fg%2F11rrpyk4sc!19sChIJN7ztdov_uIwROzXHSixdI7Q,Elite Tree Care,4.8,174,Tree service,,,http://elitetreecarefl.com/?utm_source=google&utm_medium=wix_google_business_profile&utm_campaign=10534407110367353281,+1 386-463-0177,Open 24 hours,,https://lh3.googleusercontent.com/gps-cs-s/APNQkAHujFkyAwNMQgWjt1JmIdLV5HG6o8ptiOl003tMJQO-IZlDJsnpok5V8aTRtURdzhQ0nnZ9qDt85bLE0YjShKwx_A3JUVUK4OVWQLlfbEevcIGR0hQvuqAHC9e2EqRrHWgiSzbG=w408-h271-k-no,true,Open 24 hours,Open 24 hours,Open 24 hours,Open 24 hours,Open 24 hours,Open 24 hours,Open 24 hours,"https://www.google.com/maps/search/tree+service+businesses+in+Daytona+Beach+Daytona+Beach+FL/@29.2071029,-81.0196796,14z",2026-04-29T04:35:06.431Z,,,
https://www.google.com/maps/place/Action+Tree+Care/data=!4m7!3m6!1s0x88e6dbb1ee3d53b7:0x2cba0215e5fc6d99!8m2!3d29.1590265!4d-81.0155506!16s%2Fg%2F11f148xd9q!19sChIJt1M97rHb5ogRmW385RUCuiw,Action Tree Care,5.0,309,Tree service,"926 Carey Dr, South Daytona, FL 32119, United States","5X5M+JQ South Daytona, Florida, USA",https://actiontreecare.net/,+1 386-444-5210,Open 24 hours,,https://lh3.googleusercontent.com/gps-cs-s/APNQkAFmP1PGfuUTI77gatJiDLOA3FPeEQxzmE-Z2t5YeGcQKP-_5zoJpFZ5ohZQJydDzGonl8JRIXEuLzGAX7T7TYJyTBCWT770Xog4qHfyzlV-10RAsGk3ixo6M33BSD5oKctS8shZPQ=w426-h240-k-no,true,Open 24 hours,Open 24 hours,Open 24 hours,Open 24 hours,Open 24 hours,Open 24 hours,Open 24 hours,"https://www.google.com/maps/search/tree+service+businesses+in+Daytona+Beach+Daytona+Beach+FL/@29.2071029,-81.0196796,14z",2026-04-29T04:35:10.757Z,,,
https://www.google.com/maps/place/Empire+Tree+Experts/data=!4m7!3m6!1s0x88e6d99d014ce903:0xd3e01e787c6bd13b!8m2!3d29.1660942!4d-81.0472301!16s%2Fg%2F11fj0pfn7h!19sChIJA-lMAZ3Z5ogRO9FrfHge4NM,Empire Tree Experts,4.9,323,Tree service,"128 Oakwood Village Cir, Daytona Beach, FL 32119, United States","5X83+C4 Daytona Beach, Florida, USA",http://empire-tree.com/,+1 904-357-0668,Open 24 hours,,https://lh3.googleusercontent.com/gps-cs-s/APNQkAHthSwoVyWNSXnWNFAVPUr2V6k5TlHKm-VSbJuNTLRiv2NFL8wiGOobIeamHC6o2g2lG6ZBSMTvl0omUyc02_YYiIZxYyK6h9UfwojQgXcyTuYPceD8YRJ8jt0GHA4vUGl2IM4=w427-h240-k-no,true,Open 24 hours,Open 24 hours,Open 24 hours,Open 24 hours,Open 24 hours,Open 24 hours,Open 24 hours,"https://www.google.com/maps/search/tree+service+businesses+in+Daytona+Beach+Daytona+Beach+FL/@29.2071029,-81.0196796,14z",2026-04-29T04:35:15.249Z,,,
https://www.google.com/maps/place/Lnez+Environment+%26+Tree+Service/data=!4m7!3m6!1s0x88e6db14b63b9e69:0xe877afd52ca0588e!8m2!3d29.2092639!4d-81.0653331!16s%2Fg%2F11hz5xndx_!19sChIJaZ47thTb5ogRjligLNWvd-g,Lnez Environment & Tree Service,4.4,5,Tree service,"745 Iowa St, Daytona Beach, FL 32114, United States","6W5M+PV Daytona Beach, Florida, USA",,+1 386-589-0877,Open 24 hours,,https://lh3.googleusercontent.com/gps-cs-s/APNQkAH1Ww_JiVIh730U0ih4WCTjfl9aVWRohf9SSW_-4NdyLu21esBM0iWwd3LWqY1NPkyEo_dvUELc4-UKdbbzygYy4vrrP-J9fOZi6gJk75-ccxNNZYEyIyziL2khpZG0DvY2bzB_=w408-h306-k-no,true,Open 24 hours,Open 24 hours,Open 24 hours,Open 24 hours,8 am–4 pm,Open 24 hours,Open 24 hours,"https://www.google.com/maps/search/tree+service+businesses+in+Daytona+Beach+Daytona+Beach+FL/@29.2071029,-81.0196796,14z",2026-04-29T04:35:19.494Z,,,
https://www.google.com/maps/place/Dave%27s+Tree+Service+Inc./data=!4m7!3m6!1s0x88e6db91d3a2ffff:0xf52fdb7cc5d69463!8m2!3d29.2432647!4d-81.0639964!16s%2Fg%2F11f4tlqlj5!19sChIJ__-i05Hb5ogRY5TWxXzbL_U,Dave's Tree Service Inc.,4.8,21,Tree service,"1173 Manette Cir, Daytona Beach, FL 32117, United States","6WVP+8C Daytona Beach, Florida, USA",,+1 386-253-6405,Closed · Opens 7 am,,https://lh3.googleusercontent.com/gps-cs-s/APNQkAE9W3SCvmBax3snuhcjgMOqohHc0hja7GpTTbX8nuFRHClEGbMVx93wN2Pk6jmP9O6lr9x_MU2U1xY6NoHHmzH87UO8PHKoS9gE3pobYG7FU97WyBuqObDZgXuh9c-bSUll64eu=w408-h612-k-no,true,7 am–6 pm,7 am–6 pm,7 am–6 pm,Closed,Closed,7 am–6 pm,7 am–6 pm,"https://www.google.com/maps/search/tree+service+businesses+in+Daytona+Beach+Daytona+Beach+FL/@29.2071029,-81.0196796,14z",2026-04-29T04:35:23.798Z,,,
https://www.google.com/maps/place/Daytona+Tree+Service/data=!4m7!3m6!1s0x88e6d91aa5b89ba5:0x326153ad56a274ef!8m2!3d29.1418601!4d-81.0088331!16s%2Fg%2F11h4d6jlz3!19sChIJpZu4pRrZ5ogR73SiVq1TYTI,Daytona Tree Service,4.9,130,Tree service,"895 Nixon Ln, Port Orange, FL 32129, United States","4XRR+PF Port Orange, Florida, USA",https://daytonatreeserviceinc.com/,+1 386-760-9090,Open 24 hours,,https://lh3.googleusercontent.com/gps-cs-s/APNQkAGGaB13o7NchUzpczRuLo204Qy88XBYnWQDJU827kHUIJTWDPTgnN0KslAMAEsCQ6Rj3iTzwWdjFpBXr1xCSDZrb14HlmPajuhGOKkpBF3QtGHEGPzz_XwAVDq5DmwZOy6h1nh6=w408-h294-k-no,true,Open 24 hours,Open 24 hours,Open 24 hours,Open 24 hours,Open 24 hours,Open 24 hours,Open 24 hours,"https://www.google.com/maps/search/tree+service+businesses+in+Daytona+Beach+Daytona+Beach+FL/@29.2071029,-81.0196796,14z",2026-04-29T04:35:28.116Z,,,
https://www.google.com/maps/place/Lawn+Kingz+Lawn+and+Tree+Service+LLC/data=!4m7!3m6!1s0x88e6db6bb91a83a3:0x7c781acdd3b4267c!8m2!3d29.2364026!4d-81.1195414!16s%2Fg%2F11b90jp81l!19sChIJo4MauWvb5ogRfCa0080aeHw,Lawn Kingz Lawn and Tree Service LLC,4.9,43,Lawn care service,,,https://m.facebook.com/profile.php?id=516976151813452,+1 386-405-8402,Closed · Opens 8 am,,https://lh3.googleusercontent.com/gps-cs-s/APNQkAFofdJO_JHSMKprSxiE7rCnUg8lXQrG89CHhfByUu5IBpTb6hk6c_3UPdR0QCQ28HQmb0ixtC6VK2fzdBFSJtum8Ysz4-sfePJrH98YBWykhQBpYcvDogrcpXxPaYc2K3cLRhiN=w408-h306-k-no,true,8 am–5 pm,8 am–5 pm,8 am–5 pm,8 am–5 pm,Closed,8 am–5 pm,8 am–5 pm,"https://www.google.com/maps/search/tree+service+businesses+in+Daytona+Beach+Daytona+Beach+FL/@29.2071029,-81.0196796,14z",2026-04-29T04:35:32.374Z,,,
https://www.google.com/maps/place/SB+Tree+Service:+Tree+Removal+%26+Trimming/data=!4m7!3m6!1s0x88e6db262c0c5a8f:0x9049fbb11b8560ac!8m2!3d29.2519701!4d-81.0457439!16s%2Fg%2F1q629d965!19sChIJj1oMLCbb5ogRrGCFG7H7SZA,SB Tree Service: Tree Removal & Trimming,4.8,556,Tree service,"1424 Ridgewood Ave #5, Holly Hill, FL 32117, United States","7X23+QP Holly Hill, Florida, USA",https://sbtreeservice.com/,+1 386-320-3056,"Open 24 hours

Updated by this business 9 weeks ago",Identifies as women-owned,https://lh3.googleusercontent.com/gps-cs-s/APNQkAGLaU6mXUGNpFF6j2GKFH5vIQlDqPmf_IPRz5sUi9mwxG27TLOg1eDA7s_I4w3VHHTUwCAkRQ7UGaerg8fYK0sdSrfT3oINBidL0iyOEhJPaA2bF1phm6cPsyJvNehWGd489oN4wjkBEfRd=w408-h544-k-no,true,Open 24 hours,Open 24 hours,Open 24 hours,Open 24 hours,Open 24 hours,Open 24 hours,Open 24 hours,"https://www.google.com/maps/search/tree+service+businesses+in+Daytona+Beach+Daytona+Beach+FL/@29.2071029,-81.0196796,14z",2026-04-29T04:35:37.134Z,,,
https://www.google.com/maps/place/Opre%E2%80%99s+Tree+Service/data=!4m7!3m6!1s0x88e6d95db97f1eb5:0xfd59b0bb5be1ddfb!8m2!3d29.0956256!4d-81.553655!16s%2Fg%2F11v06r04nv!19sChIJtR5_uV3Z5ogR-93hW7uwWf0,Opre’s Tree Service,5.0,137,Tree service,,,https://m.facebook.com/people/Opres-tree-service/100076349256373/,+1 386-333-4765,Open 24 hours,,https://lh3.googleusercontent.com/gps-cs-s/APNQkAF7wTj4AEEvCCmNFoHuspNLyQQy89OtgfOiua8geeWSW93QZER3Pcc6PQFJFXrcpPBHI9YmPo88gsUWyudJsSylfLVMNDXtzaN04Wx9acuW5cZUDtAlV9Iw9RES4lmiTEF0Symm=w408-h546-k-no,true,Open 24 hours,Open 24 hours,Open 24 hours,Open 24 hours,Open 24 hours,Open 24 hours,Open 24 hours,"https://www.google.com/maps/search/tree+service+businesses+in+Daytona+Beach+Daytona+Beach+FL/@29.2071029,-81.0196796,14z",2026-04-29T04:35:41.376Z,,,
https://www.google.com/maps/place/Tree+of+Life+Landscape+and+Design/data=!4m7!3m6!1s0x88e7177884520d25:0x7d3313623482b4bf!8m2!3d29.097348!4d-81.1171906!16s%2Fg%2F11p9ml08v0!19sChIJJQ1ShHgX54gRv7SCNGITM30,Tree of Life Landscape and Design,4.8,78,Landscaper,,,https://www.treeoflifelandscape.com/,+1 407-506-8339,Closed · Opens 7 am,,https://lh3.googleusercontent.com/gps-cs-s/APNQkAGhb2L50kQFyVRBRmp1ng_YIUhD5vDnDooaYGoAOKPuXpYAk_GPkC7duuxIX9HLNloya5kk6WK6pZ0MuwKjLJvqQnGUtZfAuE-ttSuUTixC76fcds1M69oQhAdFHrQvdoXZBRN4byippmOa=w408-h544-k-no,true,7 am–5:30 pm,7 am–5:30 pm,7 am–5:30 pm,7 am–5:30 pm,Closed,7 am–5:30 pm,7 am–5:30 pm,"https://www.google.com/maps/search/tree+service+businesses+in+Daytona+Beach+Daytona+Beach+FL/@29.2071029,-81.0196796,14z",2026-04-29T04:35:45.842Z,,,
https://www.google.com/maps/place/Grow+With+the+Flow+Lawn+Service/data=!4m7!3m6!1s0x88e72f3daa76bd0d:0xf270dc72c09835e8!8m2!3d29.1355824!4d-81.0333766!16s%2Fg%2F11xv823_mk!19sChIJDb12qj0v54gR6DWYwHLccPI,Grow With the Flow Lawn Service,5.0,17,Lawn care service,,,http://growwiththeflowlawnservice.com/,+1 386-478-8143,Closed · Opens 7 am,LGBTQ+ friendly,https://lh3.googleusercontent.com/gps-cs-s/APNQkAElzaDOu96OYhlHqmrN6hbNT4FgRhUN2BuDp0RI2m6OgXHysVQ9tnKBIX1NRqP7jC6leQnzgpStKdQAl2mhIYOQHPQlBWniXbfAwSQALA8-Hq6VKPmlKf756sV3VK9T-gzzrW60hw3ikRw=w408-h306-k-no,true,7 am–7 pm,7 am–7 pm,7 am–7 pm,7 am–7 pm,Closed,7 am–7 pm,7 am–7 pm,"https://www.google.com/maps/search/tree+service+businesses+in+Daytona+Beach+Daytona+Beach+FL/@29.2071029,-81.0196796,14z",2026-04-29T04:35:50.537Z,,,
https://www.google.com/maps/place/Action+Tree+Care/data=!4m7!3m6!1s0x88e6dbf1b8b40001:0x5201d0ae18184e97!8m2!3d29.2274467!4d-81.0660629!16s%2Fg%2F11v5jkpt5g!19sChIJAQC0uPHb5ogRl04YGK7QAVI,Action Tree Care,5.0,4,Tree service,"1345 Sunset Blvd, Daytona Beach, FL 32117, United States","6WGM+XH Daytona Beach, Florida, USA",https://actiontreecare.net/contact-us/,+1 386-444-5210,Closed · Opens 6 am,,https://streetviewpixels-pa.googleapis.com/v1/thumbnail?panoid=1T90dBvpdj1FPi3F_64z6Q&cb_client=search.gws-prod.gps&w=408&h=240&yaw=45.829548&pitch=0&thumbfov=100,false,6 am–8 pm,6 am–8 pm,6 am–8 pm,6 am–8 pm,6 am–8 pm,6 am–8 pm,6 am–8 pm,"https://www.google.com/maps/search/tree+service+businesses+in+Daytona+Beach+Daytona+Beach+FL/@29.2071029,-81.0196796,14z",2026-04-29T04:35:54.971Z,,,
"https://www.google.com/maps/place/Tree+Solutions+Florida,+LLC/data=!4m7!3m6!1s0x88e6dfcafef8be9b:0x85e33f30a386e87!8m2!3d29.139078!4d-81.133407!16s%2Fg%2F11pvgd5297!19sChIJm774_srf5ogRh244CvMzXgg","Tree Solutions Florida, LLC",4.1,85,Tree service,"3680 W International Speedway Blvd, Daytona Beach, FL 32124, United States","4VQ8+JJ Daytona Beach, Florida, USA",https://www.treesolutionsflorida.com/,+1 386-843-7578,Open 24 hours,,https://lh3.googleusercontent.com/gps-cs-s/APNQkAFq4HfQucejBIm54gaYFDuHhpOZCf0FaPS1SMShQX5OtSmzMPAz1Xf7RWfcKcTkWGOpWrWvgCZvIzoWcfMZn30weXWCaQ81yLNaWG27kdNjt7TJcQ6IwAamVTnaRX9gshZT4cHqxHHE0IY=w408-h725-k-no,true,Open 24 hours,Open 24 hours,Open 24 hours,Open 24 hours,Open 24 hours,Open 24 hours,Open 24 hours,"https://www.google.com/maps/search/tree+service+businesses+in+Daytona+Beach+Daytona+Beach+FL/@29.2071029,-81.0196796,14z",2026-04-29T04:35:59.678Z,,,
https://www.google.com/maps/place/Sunset+Tree+Care/data=!4m7!3m6!1s0x88e6d9adcb2d9ec7:0xa4424422d42fceed!8m2!3d29.998938!4d-81.5958965!16s%2Fg%2F11fn2vfkgk!19sChIJx54ty63Z5ogR7c4v1CJEQqQ,Sunset Tree Care,3.9,42,Tree service,,,https://sunsettreecare.com/?utm_source=google&utm_medium=organic&utm_campaign=gbp,+1 904-445-6148,Open 24 hours,,https://lh3.googleusercontent.com/gps-cs-s/APNQkAEBjYjOSd4AGoMJ2dCKbRsAJew-tQDCvZaSV8kDYxNE8kmT51GYB-p3wASh6RVJwoAuaWznQF7O1wbX178OcqTIhj-SyUo6anM9jB6TvBq0AuM4xZdGeaSRs05ahBrvRwCn8xduqxGpZPbn=w408-h544-k-no,true,Open 24 hours,Open 24 hours,Open 24 hours,Open 24 hours,Open 24 hours,Open 24 hours,Open 24 hours,"https://www.google.com/maps/search/tree+service+businesses+in+Daytona+Beach+Daytona+Beach+FL/@29.2071029,-81.0196796,14z",2026-04-29T04:36:04.215Z,,,
https://www.google.com/maps/place/All+Trees+Matter+LLC+%7C+Tree+Removal+and+Tree+Trimming/data=!4m7!3m6!1s0xa45fe35d629c8a6f:0xeec0ef6627057077!8m2!3d28.8896756!4d-81.172182!16s%2Fg%2F11vzbzbw73!19sChIJb4qcYl3jX6QRd3AFJ2bvwO4,All Trees Matter LLC | Tree Removal and Tree Trimming,4.9,199,Tree service,,,https://alltreesmatter.net/,+1 386-241-3704,Closed · Opens 8 am,,https://lh3.googleusercontent.com/gps-cs-s/APNQkAE_DSaac5uFBSQBGbE9Hp5eSpuxtDDFn1tEDMHLdt83zXivc0gNU0oFEz2KxVEYZhvW-CtewlJC76xCZhOmvtHwQO8C2kaelL6TwXHDKzV2vu1AUL8P3rVUE2nHPvG6N3GqJbgLkDkZtIdL=w408-h306-k-no,true,8 am–6 pm,8 am–6 pm,8 am–6 pm,8 am–6 pm,Closed,8 am–6 pm,8 am–6 pm,"https://www.google.com/maps/search/tree+service+businesses+in+Daytona+Beach+Daytona+Beach+FL/@29.2071029,-81.0196796,14z",2026-04-29T04:36:08.654Z,,,
https://www.google.com/maps/place/Tree+Solutions+Florida/data=!4m7!3m6!1s0x24ab9a6b1e7649f:0xcc8dde35a238dda0!8m2!3d29.8442735!4d-81.6174675!16s%2Fg%2F11sgzr50sk!19sChIJn2Tnsaa5SgIRoN04ojXejcw,Tree Solutions Florida,4.7,27,Tree service,,,https://www.treesolutionsflorida.com/,+1 386-843-7578,Closed · Opens 9 am,,https://lh3.googleusercontent.com/gps-cs-s/APNQkAEaqCHVuEOctENkUwqzD6DeHZizo4Khr2TM3RaBiUCfnMiRVsJnWHKxbATvf93l2-EhvpFZuTSahcgebrVkqIL4F_sIjHYAB9DVwLabD081DuyHEhFVlvVDvc1PGPI5ZIWrlb_u=w427-h240-k-no,true,9 am–7 pm,9 am–7 pm,9 am–7 pm,9 am–7 pm,9 am–7 pm,9 am–7 pm,9 am–7 pm,"https://www.google.com/maps/search/tree+service+businesses+in+Daytona+Beach+Daytona+Beach+FL/@29.2071029,-81.0196796,14z",2026-04-29T04:36:12.903Z,,,
https://www.google.com/maps/place/Technical+Tree+Solutions/data=!4m7!3m6!1s0x485776559b859bc7:0x127994a19e6b30d4!8m2!3d28.7465725!4d-81.171355!16s%2Fg%2F11y_rwsrqj!19sChIJx5uFm1V2V0gR1DBrnqGUeRI,Technical Tree Solutions,5.0,4,Tree service,,,http://treepruningdaytonabeach.com/,+1 386-245-9018,,LGBTQ+ friendly,https://lh3.googleusercontent.com/gps-cs-s/APNQkAFMidU2pY2DrvybPDn2-gv04BjU9gJ8eBZAeH4LT2NgMbEjxg8UUD1ff3IW0OWonbDq3A-_g7OA0bU7KsTvQfuJW-Xxj887y6ILmUj_2ZHgA2z1k9GZt3ukCWkdxETYC08-v8pr7pVkgJMS=w408-h882-k-no,true,9 am–5 pm,9 am–5 pm,9 am–5 pm,9 am–5 pm,9 am–5 pm,9 am–5 pm,9 am–5 pm,"https://www.google.com/maps/search/tree+service+businesses+in+Daytona+Beach+Daytona+Beach+FL/@29.2071029,-81.0196796,14z",2026-04-29T04:36:17.204Z,,,
https://www.google.com/maps/place/Daytona+Tree+Removal/data=!4m7!3m6!1s0x88e6dba0df16589b:0xb4b7b8eab9927d29!8m2!3d29.2532845!4d-81.049046!16s%2Fg%2F11f1vr5l3p!19sChIJm1gW36Db5ogRKX2Sueq4t7Q,Daytona Tree Removal,4.8,22,Tree service,"1532 State Ave, Holly Hill, FL 32117, United States","7X32+89 Holly Hill, Florida, USA",,+1 386-220-1443,Closed · Opens 8 am,,https://streetviewpixels-pa.googleapis.com/v1/thumbnail?panoid=ZvvQaTgH-nqHCDlvNtoBjw&cb_client=search.gws-prod.gps&w=408&h=240&yaw=198.062&pitch=0&thumbfov=100,false,8 am–5 pm,8 am–5 pm,8 am–5 pm,8 am–5 pm,Closed,8 am–5 pm,8 am–5 pm,"https://www.google.com/maps/search/tree+service+businesses+in+Daytona+Beach+Daytona+Beach+FL/@29.2071029,-81.0196796,14z",2026-04-29T04:36:21.587Z,,,
https://www.google.com/maps/place/Hillassistance+landscaping+LLC/data=!4m7!3m6!1s0x88e6dbb9f9b9ca63:0xfc0586027c962ff7!8m2!3d29.230225!4d-81.05354!16s%2Fg%2F11g_rm9qz_!19sChIJY8q5-bnb5ogR9y-WfAKGBfw,Hillassistance landscaping LLC,4.3,65,Landscape designer,"1328 N Nova Rd, Daytona Beach, FL 32117, United States","6WJW+3H Daytona Beach, Florida, USA",https://hillassistancelandscaping.com/,+1 386-843-2093,,Identifies as women-owned,https://lh3.googleusercontent.com/gps-cs-s/APNQkAFAX5ipJNRDAl3EcBEFM_W2ky1KyTwsUXMet-xhj38b4Gs8Une4K-_LqZJ6_VJyM3ninAGTx_sr7yd8OXAvGPrmwm5LCBH_I0utOAuSJ4L5XbgO-buZzupA_JR1p9h-clOMjpk=w426-h240-k-no,true,,,,,,,,"https://www.google.com/maps/search/tree+service+businesses+in+Daytona+Beach+Daytona+Beach+FL/@29.2071029,-81.0196796,14z",2026-04-29T04:36:26.019Z,,,
https://www.google.com/maps/place/Daytona+Beach+Lawns/data=!4m7!3m6!1s0x88e6db26ce59a61d:0xb851ea156cd0cf18!8m2!3d29.2452174!4d-81.0655962!16s%2Fg%2F11fb0qkbws!19sChIJHaZZzibb5ogRGM_QbBXqUbg,Daytona Beach Lawns,4.9,60,Landscaper,"1838 N Nova Rd, Holly Hill, FL 32117, United States","6WWM+3Q Holly Hill, Florida, USA",http://www.daytonabeachlawns.com/,+1 386-679-5668,Closed · Opens 6 am,,https://lh3.googleusercontent.com/gps-cs-s/APNQkAGXXIRcMp92kCQa_z4ZIqHmhQEXZjyROOktQOuz-czG-sWZmDWzBamu3GifQ589VHH0-fNS3wyssncOhLJ6IIXW4IyCEZP0f53lmJtHiYHC6dql7FwN46vF3ZTciqMdxZDaJYDqovIjYB4=w408-h883-k-no,true,6 am–9 pm,6 am–9 pm,6 am–9 pm,6 am–8 pm,6 am–8 pm,6 am–8 pm,6 am–9 pm,"https://www.google.com/maps/search/tree+service+businesses+in+Daytona+Beach+Daytona+Beach+FL/@29.2071029,-81.0196796,14z",2026-04-29T04:36:30.378Z,,,
https://www.google.com/maps/place/Don%27s+Tree+Services/data=!4m7!3m6!1s0x88e6d817138f95e3:0x65b8fe7038fbbe40!8m2!3d29.1545174!4d-81.021981!16s%2Fg%2F1tvr_jt4!19sChIJ45WPExfY5ogRQL77OHD-uGU,Don's Tree Services,4.7,63,Tree service,"1042 Cutters Way, South Daytona, FL 32119, United States","5X3H+R6 South Daytona, Florida, USA",https://donstreeservice.net/,+1 386-761-4920,Closed · Opens 8 am,Identifies as veteran-owned,https://lh3.googleusercontent.com/gps-cs-s/APNQkAFNVxy-8gVyU8CsoIbsRRpZufnU84yc3j_HSCfnczAB9TlXWPEAzIs637uF8vd-ePxaxky9ztbYHi3TTugwZyK3XnCGet0cF1qGUfmOU6oLFS7MsMPgVhI9qTAyxie9ghA1VxeH95vyBZY=w408-h544-k-no,true,8 am–5 pm,8 am–5 pm,8 am–5 pm,Closed,Closed,8 am–5 pm,8 am–5 pm,"https://www.google.com/maps/search/tree+service+businesses+in+Daytona+Beach+Daytona+Beach+FL/@29.2071029,-81.0196796,14z",2026-04-29T04:36:34.721Z,,,
https://www.google.com/maps/place/Cole%27s+Landscaping+and+Property+Maintenance+LLC/data=!4m7!3m6!1s0x843ffd16ea7dba3:0x6e128ec766b35526!8m2!3d29.179248!4d-81.023818!16s%2Fg%2F11r_lhl77w!19sChIJo9unbtH_QwgRJlWzZseOEm4,Cole's Landscaping and Property Maintenance LLC,4.8,24,Landscaper,"1425 Ruthbern Rd, Daytona Beach, FL 32114, United States","5XHG+MF Daytona Beach, Florida, USA",http://coles-landscaping.com/,+1 386-299-8189,Closed · Opens 8 am,,https://lh3.googleusercontent.com/gps-cs-s/APNQkAHT7z63Df6rchVh9C8MnfmfbCEOLym5PfFODc1mF4FKyp0xiHTQjC7uuZ6kuqMuI8PZ20XaIJkIH6sdYqCCYrOjC5W8rqC6JvzN2Byn9V7yUliyqOy17fVVwb6ZUhnrJNxde9Zw=w427-h240-k-no,true,8 am–6 pm,8 am–6 pm,8 am–6 pm,8 am–6 pm,Closed,8 am–6 pm,8 am–6 pm,"https://www.google.com/maps/search/tree+service+businesses+in+Daytona+Beach+Daytona+Beach+FL/@29.2071029,-81.0196796,14z",2026-04-29T04:36:39.264Z,,,
"https://www.google.com/maps/place/Bryson+Crane+Rental+Service,+LLC/data=!4m7!3m6!1s0x88e6d9871b078651:0x14b56c8fbc333e0!8m2!3d29.2067126!4d-81.0237969!16s%2Fg%2F1wk6_ldz!19sChIJUYYHG4fZ5ogR4DPD-8hWSwE","Bryson Crane Rental Service, LLC",4.6,22,Crane service,"225 Marion St, Daytona Beach, FL 32114, United States","6X4G+MF Daytona Beach, Florida, USA",https://www.brysoncrane.com/,+1 386-252-5605,Open 24 hours,,https://lh3.googleusercontent.com/gps-cs-s/APNQkAHuzwkxnVuYxdUL77UtzzSJVgCvfglCITbpPQMxFC6S5FGaBA35nSztXLZlbEeHKL-hRzHjD-s7a2IMgZFrq6620GuNZ0TV465L7mntuX0FWgcEEhG9MPzbP6b1zKjZClul-1W3xQ=w408-h297-k-no,true,Open 24 hours,Open 24 hours,Open 24 hours,Open 24 hours,Open 24 hours,Open 24 hours,Open 24 hours,"https://www.google.com/maps/search/tree+service+businesses+in+Daytona+Beach+Daytona+Beach+FL/@29.2071029,-81.0196796,14z",2026-04-29T04:36:43.736Z,,,
https://www.google.com/maps/place/J%26K+Tree+Service/data=!4m7!3m6!1s0x88e6d914866adb73:0xd7106511eb640e5c!8m2!3d29.197141!4d-81.7075136!16s%2Fg%2F11f1592lnn!19sChIJc9tqhhTZ5ogRXA5k6xFlENc,J&K Tree Service,3.9,55,Tree service,,,,+1 386-222-5218,Open 24 hours,,https://lh3.googleusercontent.com/gps-cs-s/APNQkAGd9xv4LHPV5LgKu5nb2fxh49ww7NhyPgqZQTEsV0eBqrtlPD-RYrHZF2zeosX2-wPzdqyNhAUYKI8eueSTGJ__n8_h2zK1803dkXiR9WTFNYynYARdCVPeT_0dXOKcIB33K6Ui6A=w408-h544-k-no,true,Open 24 hours,Open 24 hours,Open 24 hours,Open 24 hours,Open 24 hours,Open 24 hours,Open 24 hours,"https://www.google.com/maps/search/tree+service+businesses+in+Daytona+Beach+Daytona+Beach+FL/@29.2071029,-81.0196796,14z",2026-04-29T04:36:48.057Z,,,
https://www.google.com/maps/place/Daytona+Beach+Zipline+Adventure+By+TreeTop+Trekking/data=!4m7!3m6!1s0x88e6d97afb4c8a45:0xa5981d737a8c4424!8m2!3d29.201115!4d-81.040262!16s%2Fg%2F11cnb6ydjt!19sChIJRYpM-3rZ5ogRJESMenMdmKU,Daytona Beach Zipline Adventure By TreeTop Trekking,4.5,367,Amusement park,"1000 Orange Ave, Daytona Beach, FL 32114, United States","6X25+CV Daytona Beach, Florida, USA",http://www.daytonazipline.com/,+1 386-882-8016,Closed · Opens 10 am,,https://lh3.googleusercontent.com/gps-cs-s/APNQkAGe-XbULkBAFOR9D8NF6p1Q881FbE3TDlc2mW-ol4DCma0_kDrrbkbc0JBrAUve_CAVtIXqYyvuKL-vqUR2VEUujtcD0R58T-zBoGtuBeNoNfxaKgnBNKMeXrbjFGVwN4kv06ETgw=w427-h240-k-no,true,10 am–3:30 pm,10 am–3:30 pm,10 am–3:30 pm,10 am–3:30 pm,10 am–3:30 pm,10 am–3:30 pm,Closed,"https://www.google.com/maps/search/tree+service+businesses+in+Daytona+Beach+Daytona+Beach+FL/@29.2071029,-81.0196796,14z",2026-04-29T04:36:52.768Z,"Tree-studded, adventure-themed facility with 8 zip lines & a variety of treetop courses & games.",,
https://www.google.com/maps/place/Pura+Vida+Tropical+Gardens+LLC/data=!4m7!3m6!1s0x88e6db7ff1eb7819:0xd47198c4eddbbf6d!8m2!3d29.2373455!4d-81.0366971!16s%2Fg%2F11h52n37qx!19sChIJGXjr8X_b5ogRbb_b7cSYcdQ,Pura Vida Tropical Gardens LLC,4.7,74,Landscaper,"645 Ridgewood Ave, Daytona Beach, Holly Hill, FL 32117, United States","6XP7+W8 Holly Hill, Florida, USA",http://puravidatropicalgardens.com/,+1 386-453-3068,Closed · Opens 8 am,,https://lh3.googleusercontent.com/gps-cs-s/APNQkAH7WWmmCMfZVVG1FNAqF0RHMXiNBwg2Cn2lR-QSb57-Gbt2ujyggXiLJTgWkMp8t9uavYVeUvBSpQJVhieLnN525Fp1bJsWxgYnNt_zHenNVuo-A7QI0rb9yFrMflDzU6nA--1p4fI9atQ=w408-h544-k-no,true,8 am–10 pm,8 am–10 pm,8 am–10 pm,8 am–10 pm,8 am–10 pm,8 am–10 pm,8 am–10 pm,"https://www.google.com/maps/search/tree+service+businesses+in+Daytona+Beach+Daytona+Beach+FL/@29.2071029,-81.0196796,14z",2026-04-29T04:36:57.397Z,,,
https://www.google.com/maps/place/Glenn%27s+Tree+Services+%26+Landscaping/data=!4m7!3m6!1s0x88e6dbbbf22ca58b:0x55de99221f5a194b!8m2!3d29.2405856!4d-81.0473459!16s%2Fg%2F1th82s50!19sChIJi6Us8rvb5ogRSxlaHyKZ3lU,Glenn's Tree Services & Landscaping,5.0,2,Landscaper,"23 Howard Dr, Daytona Beach, FL 32117, United States","6XR3+63 Daytona Beach, Florida, USA",,+1 386-252-6080,Closed · Opens 7 am,,https://streetviewpixels-pa.googleapis.com/v1/thumbnail?panoid=t7oAGl71uCJCvuaw-dhDeQ&cb_client=search.gws-prod.gps&w=408&h=240&yaw=53.77116&pitch=0&thumbfov=100,true,7 am–4 pm,7 am–4 pm,7 am–4 pm,Closed,Closed,7 am–4 pm,7 am–4 pm,"https://www.google.com/maps/search/tree+service+businesses+in+Daytona+Beach+Daytona+Beach+FL/@29.2071029,-81.0196796,14z",2026-04-29T04:37:01.700Z,,,
https://www.google.com/maps/place/Big+Value+Garden+Center/data=!4m7!3m6!1s0x88e6dbdb87fc4203:0xb023b41f04dd7b45!8m2!3d29.218821!4d-81.047395!16s%2Fg%2F1wfvnghv!19sChIJA0L8h9vb5ogRRXvdBB-0I7A,Big Value Garden Center,4.6,400,Garden center,"768 N Nova Rd, Daytona Beach, FL 32114, United States","6X93+G2 Daytona Beach, Florida, USA",http://www.bigvaluegardencenter.com/,+1 386-252-2534,"Closed · Opens 9 am

Updated by this business 4 weeks ago",,https://lh3.googleusercontent.com/gps-cs-s/APNQkAFNoIx7wFHoPu2EL4iLoo3fyhzgfWfuX2zQkajsjwFMLoIP0iv4omlPKzNkKt4KLc1yr19SzB4T7uWjuwn7EdWvW1KApSpoIp4RHUmNKpaXg4uJEnGADN_tA2hxSt-a_RQH1xBC=w513-h240-k-no,true,9 am–5:30 pm,9 am–5:30 pm,9 am–5:30 pm,9 am–4 pm,Closed,9 am–5:30 pm,9 am–5:30 pm,"https://www.google.com/maps/search/tree+service+businesses+in+Daytona+Beach+Daytona+Beach+FL/@29.2071029,-81.0196796,14z",2026-04-29T04:37:06.320Z,· In-store pick-up · Delivery,,
https://www.google.com/maps/place/Time+To+Grind+LLC+-+Stump+Grinding/data=!4m7!3m6!1s0x48a09be794345001:0xa165771904af45a2!8m2!3d29.06104!4d-81.172182!16s%2Fg%2F11rpxswx2k!19sChIJAVA0lOeboEgRokWvBBl3ZaE,Time To Grind LLC - Stump Grinding,5.0,117,Tree service,,,https://www.facebook.com/Time-To-Grind-Stump-Grinding-104450692153260/,+1 386-299-6399,,,https://lh3.googleusercontent.com/gps-cs-s/APNQkAEEuEg1bhcJvYk2JQv5YBm9c6qMM8czjjkvHVSuMwiMGzo92eiT8UxtOWEVd5WOoC1AVWnj-bCsVjjIPuGV9DbGklgNqbAoQKCh3NfYeCqLR_CB_FwxnVLaaWkAG2WFDFIFTQ9NkB98VnCS=w408-h544-k-no,true,,,,,,,,"https://www.google.com/maps/search/tree+service+businesses+in+Daytona+Beach+Daytona+Beach+FL/@29.2071029,-81.0196796,14z",2026-04-29T04:37:08.834Z,,,
https://www.google.com/maps/place/Waste+Pro/data=!4m7!3m6!1s0x88e6d90e13e233c3:0xbba1d83dc6837d2e!8m2!3d29.1808222!4d-81.0419372!16s%2Fg%2F1td3mdrx!19sChIJwzPiEw7Z5ogRLn2Dxj3Yobs,Waste Pro,4.9,3198,Waste management service,"925 S Clyde Morris Blvd, Daytona Beach, FL 32114, United States","5XJ5+86 Daytona Beach, Florida, USA",https://www.wasteprousa.com/office/daytona-beach/,+1 386-788-8890,Closed · Opens 8 am,,https://lh3.googleusercontent.com/gps-cs-s/APNQkAFNpER8Ltfe0KqpmNhwTQW9lxEcgiWDsWcDxtpfYMpmW6sqph0xZI86LB20apRUyJIJ2ZBHWstFMuIGRV02PS8tdQhWPMpbD01T_Ms8WUzpKBXSFuNRiV1QH92LpGj5tTRo1Gg7ALk-HlI=w482-h240-k-no,true,8 am–5 pm,8 am–5 pm,8 am–5 pm,Closed,Closed,8 am–5 pm,8 am–5 pm,"https://www.google.com/maps/search/tree+service+businesses+in+Daytona+Beach+Daytona+Beach+FL/@29.2071029,-81.0196796,14z",2026-04-29T04:37:13.502Z,,,
"https://www.google.com/maps/place/All+Seasons+Lawn+%26+Landscape,+LLC/data=!4m7!3m6!1s0x88e6d9bb0fcaf041:0x4c7c6310888354b4!8m2!3d29.1778666!4d-81.0181324!16s%2Fg%2F11f4mbqxrp!19sChIJQfDKD7vZ5ogRtFSDiBBjfEw","All Seasons Lawn & Landscape, LLC",4.9,19,Lawn care service,"708 Chicago Ave, South Daytona, FL 32119, United States","5XHJ+4P South Daytona, Florida, USA",,+1 386-675-2580,Closed · Opens 8 am,,https://lh3.googleusercontent.com/gps-cs-s/APNQkAFSLHs_gNC8fyRSPPLyuy4KM8HNIqNv_MVUxJVGtGXYdiLVKgi8g1-GExGQIHy2KF7sZwbfOY592pg3sZp_Hp1-fVwFNctyNFeMvJUEfEPiohGjCQ7_noeseZgl_LjBcmgOY3sBww=w408-h544-k-no,true,8 am–5 pm,8 am–5 pm,8 am–5 pm,Closed,Closed,8 am–5 pm,8 am–5 pm,"https://www.google.com/maps/search/tree+service+businesses+in+Daytona+Beach+Daytona+Beach+FL/@29.2071029,-81.0196796,14z",2026-04-29T04:37:17.779Z,,,
https://www.google.com/maps/place/Florida%27s+Tree+Masters+-+Daytona+Beach/data=!4m7!3m6!1s0x88e72965dad52a61:0x2666312104f10f29!8m2!3d29.0374995!4d-81.171355!16s%2Fg%2F11ddxq31tt!19sChIJYSrV2mUp54gRKQ_xBCExZiY,Florida's Tree Masters - Daytona Beach,3.9,263,Tree service,,,http://www.floridastreemasters.com/,+1 386-320-3169,Open 24 hours,,https://lh3.googleusercontent.com/gps-cs-s/APNQkAFRD5m2lKbHrC5-919SH0Bd90WJUACJBVnK6E5wjXJAqevQpguMgQRe71yetqIYH8kVS51OIxTG7PeKDTiGAtVOBVr06j-ASf1BHJaN35m-U4WerEK1NYeXWV-nBoEP_m3hWsDf=w426-h240-k-no,true,Open 24 hours,Open 24 hours,Open 24 hours,Open 24 hours,Open 24 hours,Open 24 hours,Open 24 hours,"https://www.google.com/maps/search/tree+service+businesses+in+Daytona+Beach+Daytona+Beach+FL/@29.2071029,-81.0196796,14z",2026-04-29T04:37:22.114Z,,,
"https://www.google.com/maps/place/A+Cut+Above+Tree+Care+and+More,+LLC/data=!4m7!3m6!1s0x88e6d7bcda0b0a27:0x67650e280adaffc!8m2!3d28.991655!4d-81.135315!16s%2Fg%2F11scz62xqb!19sChIJJwoL2rzX5ogR_K-tgOJQdgY","A Cut Above Tree Care and More, LLC",5.0,107,Tree service,,,http://treecare-acutabove.com/,+1 386-517-4675,Open 24 hours,,https://lh3.googleusercontent.com/gps-cs-s/APNQkAFzDRWRVLO_wHjkHOMgjxCeDd49nJLKnQFWEig-JrYhuaGU5X8HPnV7GPWwy2LupmfMe_xMbHPrq-po_Axjav3qFpFNyn58IW3i-rlgsxLCGE5yjCwrmXw8HjgYpu3elLkM6l6G=w408-h544-k-no,true,Open 24 hours,Open 24 hours,Open 24 hours,Open 24 hours,Open 24 hours,Open 24 hours,Open 24 hours,"https://www.google.com/maps/search/tree+service+businesses+in+Daytona+Beach+Daytona+Beach+FL/@29.2071029,-81.0196796,14z",2026-04-29T04:37:26.674Z,,,
https://www.google.com/maps/place/Daytona+Dumpster+Company/data=!4m7!3m6!1s0x88e6db774dbfabdb:0x7025bceae53023c3!8m2!3d29.2120632!4d-81.0205713!16s%2Fg%2F11z4810wst!19sChIJ26u_TXfb5ogRwyMw5eq8JXA,Daytona Dumpster Company,5.0,20,Dumpster rental service,"132 W International Speedway Blvd Suite 67, Daytona Beach, FL 32114, United States","6X6H+RQ Daytona Beach, Florida, USA",https://www.daytonadumpstercompany.com/,+1 386-853-3365,"Open 24 hours

Confirmed by this business 3 weeks ago",,https://lh3.googleusercontent.com/gps-cs-s/APNQkAH15TYaD6dDX3BRGvLiT2MWGc-O7kLPBcFM8egV_kHi7p7ZsNF4LePwn1Z1OW9Q24q7KdEo0V0dUHm1hyaDpYM9VBoJrNQCsIKuo3UObT614nykUJBShM412i6MQ9Ne8SCR-nmbiQuW3kU=w408-h272-k-no,true,Open 24 hours,Open 24 hours,Open 24 hours,Open 24 hours,Open 24 hours,Open 24 hours,Open 24 hours,"https://www.google.com/maps/search/tree+service+businesses+in+Daytona+Beach+Daytona+Beach+FL/@29.2071029,-81.0196796,14z",2026-04-29T04:37:30.849Z,,,
https://www.google.com/maps/place/Daytona+Aquarium+%26+Rainforest+Adventure/data=!4m7!3m6!1s0x88e6d958383084d5:0xf45303853d943859!8m2!3d29.2034813!4d-81.0418103!16s%2Fg%2F11kq65qvpp!19sChIJ1YQwOFjZ5ogRWTiUPYUDU_Q,Daytona Aquarium & Rainforest Adventure,4.4,1766,Aquarium,"1008 W International Speedway Blvd, Daytona Beach, FL 32114, United States","6X35+97 Daytona Beach, Florida, USA",https://www.daytonaaquariumandrainforest.com/,+1 386-241-3144,Closed · Opens 11 am,LGBTQ+ friendly,https://lh3.googleusercontent.com/gps-cs-s/APNQkAFE7w8l2EFhx8nzxMDw5O0BIY8NgpJF1c-U5Z4YVrNLNqLF-M9cuRmAeOsVaGWRRQg11kvEBh_cbs1LcmybgRxj27MHRDUIIVNV1eqx4hZiqbvXTJXHV9Z2a00_TtzrX-3_P7xDgQ=w408-h428-k-no,true,11 am–6 pm,11 am–6 pm,11 am–6 pm,11 am–6 pm,11 am–6 pm,11 am–6 pm,11 am–6 pm,"https://www.google.com/maps/search/tree+service+businesses+in+Daytona+Beach+Daytona+Beach+FL/@29.2071029,-81.0196796,14z",2026-04-29T04:37:35.370Z,· Gift shop,,
https://www.google.com/maps/place/Yellowstone+Landscape/data=!4m7!3m6!1s0x88e6dbedb1ef8799:0xdffc5e2deaa288c7!8m2!3d29.2348797!4d-81.0654182!16s%2Fg%2F11j9fwvdrd!19sChIJmYfvse3b5ogRx4ii6i1e_N8,Yellowstone Landscape,2.7,15,Landscaper,"1077 Derbyshire Rd, Daytona Beach, FL 32117, United States","6WMM+XR Daytona Beach, Florida, USA",http://yellowstonelandscape.com/,+1 386-248-3298,Closed · Opens 8 am,,https://lh3.googleusercontent.com/gps-cs-s/APNQkAFWPbeyEeJ1XYwP2euR_y-fuMjuMJT6y1217DofYganhL-JwpLZvSquhRNLL-Em12BgV1VwGYZO2wJYk6tz0a6HhkQZmGsaj8rPOmAK0f_pOxujD5ojYeC6I52Rbg5NWD0KStXdFLB3cVY2=w408-h544-k-no,true,8 am–4 pm,8 am–4 pm,8 am–4 pm,Closed,Closed,8 am–4 pm,8 am–4 pm,"https://www.google.com/maps/search/tree+service+businesses+in+Daytona+Beach+Daytona+Beach+FL/@29.2071029,-81.0196796,14z",2026-04-29T04:37:40.057Z,,,
https://www.google.com/maps/place/Daytona+Outdoor+Power/data=!4m7!3m6!1s0x88e6d94fd4a84121:0x4c8c6959404305a7!8m2!3d29.1993274!4d-81.0674667!16s%2Fg%2F11gd39w0mp!19sChIJIUGo1E_Z5ogRpwVDQFlpjEw,Daytona Outdoor Power,4.7,156,Lawn mower store,"331 Bill France Blvd, Daytona Beach, FL 32114, United States","5WXM+P2 Daytona Beach, Florida, USA",https://opedaytona.com/,+1 386-301-5149,"Closed · Opens 8 am

Updated by this business 5 weeks ago",,https://lh3.googleusercontent.com/gps-cs-s/APNQkAEWAMBlFZt8Bs-J9DRhuuTy0xzG3HCLrqkmqk2BULiH7ruv5qAQ65bV0STUVE98ZhLNz8kEJvGWhZKCVmdKAbq6VT_U_wRh18TFN4zgpMeGjRHojv-K6ZIGXjJg-EYJ3eeQtr95HTIwHxf8=w408-h306-k-no,true,8 am–5 pm,8 am–5 pm,8 am–5 pm,8 am–12 pm,Closed,8 am–5 pm,8 am–5 pm,"https://www.google.com/maps/search/tree+service+businesses+in+Daytona+Beach+Daytona+Beach+FL/@29.2071029,-81.0196796,14z",2026-04-29T04:37:44.923Z,· In-store shopping · In-store pick-up · Delivery,,
https://www.google.com/maps/place/Next+Level+Tree+Care/data=!4m7!3m6!1s0x88e6d9f8e2ab885d:0x28dcae175e2d9542!8m2!3d28.6624604!4d-82.5385269!16s%2Fg%2F11shn9hn_2!19sChIJXYir4vjZ5ogRQpUtXheu3Cg,Next Level Tree Care,4.8,32,Tree service,,,http://www.nextleveltreescare.com/,+1 833-768-7337,Open 24 hours,,https://lh3.googleusercontent.com/gps-cs-s/APNQkAFcwv8b9KYnadFKxEEV8QarS99LSW3J6MYk3-us2H7WR5wjXMrLKJ20ey6xQsQy0Xg2SXoL-ry_xOEoIEhNshINC9ZiynYEsgm4L04IlKBrLvhsPnR3EFZYZaNSowp5sCDqyk58TOeJxt0=w408-h506-k-no,true,Open 24 hours,Open 24 hours,Open 24 hours,Open 24 hours,Open 24 hours,Open 24 hours,Open 24 hours,"https://www.google.com/maps/search/tree+service+businesses+in+Daytona+Beach+Daytona+Beach+FL/@29.2071029,-81.0196796,14z",2026-04-29T04:37:51.921Z,,,
https://www.google.com/maps/place/Two+Men+and+a+Truck+Moving/data=!4m7!3m6!1s0x88e6d976c20e12ff:0x6e4d09dd4215d509!8m2!3d29.1943932!4d-81.0353174!16s%2Fg%2F1thw2zh6!19sChIJ_xIOwnbZ5ogRCdUVQt0JTW4,Two Men and a Truck Moving,4.9,1041,Moving service,"370 S Nova Rd, Daytona Beach, FL 32114, United States","5XV7+QV Daytona Beach, Florida, USA",https://twomenandatruck.com/movers/fl/daytona?utm_source=google&utm_medium=organic&utm_campaign=gmb,+1 386-222-6429,Closed · Opens 8 am,,https://lh3.googleusercontent.com/gps-cs-s/APNQkAGEpVe13kT8XJy3lfeXYI3HDZDuq2ZQB4hB1QJTNutYVDon9qq8-FSPC7lBBTdUYEUGykcfQT1OvD8cTydrfqjtyaKG3kVm_4iyq9jA0pqDEQZq-LMWB6uDIJo3j--SmTxyjzK5=w408-h296-k-no,true,8 am–5 pm,8 am–5 pm,8 am–5 pm,8 am–2 pm,Closed,8 am–5 pm,8 am–5 pm,"https://www.google.com/maps/search/tree+service+businesses+in+Daytona+Beach+Daytona+Beach+FL/@29.2071029,-81.0196796,14z",2026-04-29T04:37:57.162Z,,,
"https://www.google.com/maps/place/Affordable+Tree+Services+%26+Landscaping+Inc./@52.6901019,4.9274546,8z/data=!3m1!4b1!4m3!3m2!1s0x88e65a36dc9cffff:0x3098b69ebd2e4f2b!16s%2Fg%2F11f57gc8d4",Affordable Tree Services & Landscaping Inc.,5.0,8,Tree service,,,,+1 386-239-0225,Closed · Opens 8 am,,,true,8 am–7 pm,8 am–7 pm,8 am–7 pm,8 am–7 pm,Closed,8 am–7 pm,8 am–7 pm,"https://www.google.com/maps/search/tree+service+businesses+in+Daytona+Beach+Daytona+Beach+FL/@29.2071029,-81.0196796,14z",2026-04-29T04:38:03.682Z,,,
https://www.google.com/maps/place/Harley+and+Son+Land+Clearing/data=!4m7!3m6!1s0x80bbf42281e3f3b7:0xc6c957c0d788c9f6!8m2!3d28.665738!4d-81.171355!16s%2Fg%2F11q4d9px7n!19sChIJt_PjgSL0u4AR9smI18BXycY,Harley and Son Land Clearing,5.0,12,Excavating contractor,,,https://harleyandsonclearing.com/,+1 386-956-6323,Closed · Opens 8 am,LGBTQ+ friendly,https://lh3.googleusercontent.com/gps-cs-s/APNQkAGbdXcfOgotJ0tyVLoub2wXbCLkpWVo4giOrOPXgjrXGC6iQ3_PL9MZUJAkHmjpH-50OVntQ2UdVHRnmI1uADSzbF8PDKWKyuSVrH4G7DYzGeFSotbZR3iPYA8lKsR6Gr4MXhrgNQ8lNZk=w408-h306-k-no,true,8 am–6 pm,8 am–6 pm,8 am–6 pm,8 am–6 pm,8 am–6 pm,8 am–6 pm,8 am–6 pm,"https://www.google.com/maps/search/tree+service+businesses+in+Daytona+Beach+Daytona+Beach+FL/@29.2071029,-81.0196796,14z",2026-04-29T04:38:08.477Z,,,
https://www.google.com/maps/place/TruGreen+Lawn+Care/data=!4m7!3m6!1s0x88e6dbfe7ead7bbb:0x15b373965eecca3b!8m2!3d29.217596!4d-81.070989!16s%2Fg%2F1tksp5bf!19sChIJu3utfv7b5ogRO8rsXpZzsxU,TruGreen Lawn Care,4.4,883,Lawn care service,"920 Jimmy Ann Dr, Daytona Beach, FL 32117, United States","6W9H+2J Daytona Beach, Florida, USA",https://www.trugreen.com/local-lawn-care/florida/daytona-beach/?utm_source=gmb&utm_channel=organic,+1 833-418-5004,,,https://lh3.googleusercontent.com/gps-cs-s/APNQkAHFzX50dvlJw-7LXSSMvUXUMRlUOel3PuF9I4_qJO7d9JmXfG6Aepa0fIky3grXc-w-nyctDBxDkp5uLNLjIMLf8DbK0NoDUwyGm960Ept-rE0sPsgbbmuxqT5sawr31nZaLBOPDWBTblFt=w426-h240-k-no,true,,,,,,,,"https://www.google.com/maps/search/tree+service+businesses+in+Daytona+Beach+Daytona+Beach+FL/@29.2071029,-81.0196796,14z",2026-04-29T04:38:14.040Z,,,
https://www.google.com/maps/place/Timber+Dawgz+Tree+Service/data=!4m7!3m6!1s0x69576b2d792880df:0x4ed70c7b90a796d3!8m2!3d29.1418745!4d-81.172182!16s%2Fg%2F11vk8_7xbq!19sChIJ34AoeS1rV2kR05ankHsM104,Timber Dawgz Tree Service,5.0,35,Tree service,,,https://timberdawgztreeservice.com/,+1 386-795-3659,Closed · Opens 8 am,,https://lh3.googleusercontent.com/gps-cs-s/APNQkAFSBvSfiL7hZjICGSYNUwMORf8VT5wlmkxNZ0DcOYBYEGsYjTgk0MQBBAoIcx9WNBW-IqnBTaHbESvpx31ai43gV3fUigga78VrNslRRsXsIkdT5ryl9mS5Z1vNk5TYcMFc_gvC-F5eaRA=w408-h544-k-no,true,8 am–6 pm,8 am–6 pm,8 am–6 pm,8 am–6 pm,Closed,8 am–6 pm,8 am–6 pm,"https://www.google.com/maps/search/tree+service+businesses+in+Daytona+Beach+Daytona+Beach+FL/@29.2071029,-81.0196796,14z",2026-04-29T04:38:18.828Z,,,
https://www.google.com/maps/place/Cash+Property+Maintenance+LLC/data=!4m7!3m6!1s0x47306942fef36889:0x2e4d61e7aca0dc50!8m2!3d29.162951!4d-81.1073895!16s%2Fg%2F11z1s9dpv5!19sChIJiWjz_kJpMEcRUNygrOdhTS4,Cash Property Maintenance LLC,5.0,2,Tree service,,,,+1 386-275-0876,Closed · Opens 7 am,,https://lh3.googleusercontent.com/gps-cs-s/APNQkAG6928g2no1Bh38QYYXDnMh_CII9M-PDux7OjxPaEN9pz-y6u8hD04pXJv6vf94okfNdJYhNicAqrf0zBAR6aM4Gq5fIO2afHENHnztFaGEwr8G5ukPG7ug-GtrnHlr4Qg1t6ryMmiGWgnp=w408-h544-k-no,true,7 am–6 pm,7 am–6 pm,7 am–6 pm,7 am–6 pm,7 am–6 pm,7 am–6 pm,7 am–6 pm,"https://www.google.com/maps/search/tree+service+businesses+in+Daytona+Beach+Daytona+Beach+FL/@29.2071029,-81.0196796,14z",2026-04-29T04:38:23.652Z,,,
https://www.google.com/maps/place/P.L.S.+HOME+IMPROVEMENTS+LLC/data=!4m7!3m6!1s0x88e6d90833a091af:0x3f41eac8109c243d!8m2!3d32.536587!4d-79.841058!16s%2Fg%2F11fv1bl1s4!19sChIJr5GgMwjZ5ogRPSScEMjqQT8,P.L.S. HOME IMPROVEMENTS LLC,5.0,3,Handyman/Handywoman/Handyperson,,,,+1 386-363-3223,Closed · Opens 7 am,LGBTQ+ friendly,https://lh3.googleusercontent.com/gps-cs-s/APNQkAEW1LGY54VNOz_FAPFrOWI1aZdM_Oizmb9yxkTdcqa8xkr3m1L0h9FROn4keJNoFchEZkSE8oD2tB07pM_5UMSskbDYfcOXF4bA56P9G6SN-54KK8yLZ2-0JsTftrZ9-PrEBfY=w408-h249-k-no,true,7 am–5 pm,7 am–5 pm,7 am–5 pm,Closed,Closed,7 am–5 pm,7 am–5 pm,"https://www.google.com/maps/search/tree+service+businesses+in+Daytona+Beach+Daytona+Beach+FL/@29.2071029,-81.0196796,14z",2026-04-29T04:38:28.208Z,,,
https://www.google.com/maps/place/Evening+Shade+Tree+Surgeons/data=!4m7!3m6!1s0x4975e347d9956351:0xd59b15474b34f287!8m2!3d28.581834!4d-81.4604925!16s%2Fg%2F11x73zsztx!19sChIJUWOV2UfjdUkRh_I0S0cVm9U,Evening Shade Tree Surgeons,4.9,108,Tree service,,,https://eveningshadetreesurgeons.com/,+1 407-587-5918,Open 24 hours,,https://lh3.googleusercontent.com/gps-cs-s/APNQkAEUH27oGGkROsQP_RolxZ5SkcuwjFonfSKqHEtPa552hbTQGdQeelVdTYwCxDgF0X6PsZPFA9dN-gOv680VHfNSyZLG8XBfNPlgmIO_uCKT_rzpHyCb_ZOsYdZP03VI0_Bl38gj_t_4SMwJ=w408-h544-k-no,true,Open 24 hours,Open 24 hours,Open 24 hours,Open 24 hours,Open 24 hours,Open 24 hours,Open 24 hours,"https://www.google.com/maps/search/tree+service+businesses+in+Daytona+Beach+Daytona+Beach+FL/@29.2071029,-81.0196796,14z",2026-04-29T04:38:32.466Z,,,
https://www.google.com/maps/place/Flying+Squirrel+Tree+and+Debris+Removal+LLC/data=!4m7!3m6!1s0x88e6c5ebc4a9c1a3:0x11d4901a19f16b97!8m2!3d29.2918583!4d-81.0439529!16s%2Fg%2F11nfd74t6n!19sChIJo8GpxOvF5ogRl2vxGRqQ1BE,Flying Squirrel Tree and Debris Removal LLC,5.0,79,Tree service,"1 no street, Ormond Beach, FL 32176, United States","7XR4+PC Ormond Beach, Florida, USA",https://flyingsquirreltreeanddebrisremovalllc.com/,+1 386-795-4241,Closed · Opens 8 am,,https://lh3.googleusercontent.com/gps-cs-s/APNQkAGmX9cIhD02edDCZAH_kuUMTvJA7E8k_2lXpDyoFKPzXzCZ7yd-sWFpZazDKUm62y1Lfshmz7Kt0NS_BmdPAyBcsXf3N4ZbiuMSzieUBaQHbZS6jVP172B99NEjfOsWAIK_2R4TGw=w427-h240-k-no,true,8 am–5 pm,8 am–5 pm,8 am–5 pm,Closed,Closed,8 am–5 pm,8 am–5 pm,"https://www.google.com/maps/search/tree+service+businesses+in+Daytona+Beach+Daytona+Beach+FL/@29.2071029,-81.0196796,14z",2026-04-29T04:38:37.336Z,,,
https://www.google.com/maps/place/Llerena+Professional+Tree+Trimming/data=!4m7!3m6!1s0x8112d102831ab4af:0x9946c4e43fa98d40!8m2!3d29.1418745!4d-81.172182!16s%2Fg%2F11vk3qg115!19sChIJr7QagwLREoERQI2pP-TERpk,Llerena Professional Tree Trimming,5.0,31,Tree service,,,,+1 386-405-5918,Open 24 hours,,https://lh3.googleusercontent.com/gps-cs-s/APNQkAFalcSk7jJA59NEjY_1pLz0wbgfrUDESg5OyAryIV-0lyp-q1dtewdDfc1hpVTMrT2RXkCLjiUy3H55280T2GnoOtqPrXLmWoGFGEChPKggC1bV4UJz-zW0wdoyjxiNCwVNz1Fhwg=w408-h544-k-no,true,Open 24 hours,Open 24 hours,Open 24 hours,Open 24 hours,Open 24 hours,Open 24 hours,Open 24 hours,"https://www.google.com/maps/search/tree+service+businesses+in+Daytona+Beach+Daytona+Beach+FL/@29.2071029,-81.0196796,14z",2026-04-29T04:38:41.803Z,,,
"https://www.google.com/maps/place/Herbs+Tree+Service/@28.9999765,-81.1721819,9z/data=!3m1!4b1!4m6!3m5!1s0x88e6d96273578573:0x871a5eacbee5abb6!8m2!3d28.9999765!4d-81.172182!16s%2Fg%2F11jrkrx1ls",Herbs Tree Service,3.9,16,Tree service,,,,+1 386-220-1639,Open 24 hours,,,true,Open 24 hours,Open 24 hours,Open 24 hours,Open 24 hours,Open 24 hours,Open 24 hours,Open 24 hours,"https://www.google.com/maps/search/tree+service+businesses+in+Daytona+Beach+Daytona+Beach+FL/@29.2071029,-81.0196796,14z",2026-04-29T04:38:48.226Z,,,
https://www.google.com/maps/place/Luggin+Junk/data=!4m7!3m6!1s0x807d5b26e1838f13:0x89c25f9401f334b!8m2!3d29.2062637!4d-81.0236925!16s%2Fg%2F11vhgh4shg!19sChIJE4-D4SZbfYARSzMfQPklnAg,Luggin Junk,4.9,56,Moving service,"506 Orange Ave, Daytona Beach, FL 32114, United States","6X4G+GG Daytona Beach, Florida, USA",http://www.lugginjunk.com/,+1 386-241-8836,"Open 24 hours

Confirmed by this business 9 weeks ago",,https://lh3.googleusercontent.com/gps-cs-s/APNQkAGFrswo7CBRP0dgaHE1Lezl_8YmHbUfAPCcqj07NR4pr9Ffe6Q5WQ6Rmln0spERObdpOEhhcZNgOm6DkIDT_uKbClyFqiBQ_m9A4V5B1uQpgNTUYLBmEb9WFGgGtlA7CpQsLpjbGi-EWfiG=w408-h884-k-no,true,Open 24 hours,Open 24 hours,Open 24 hours,Open 24 hours,Open 24 hours,Open 24 hours,Open 24 hours,"https://www.google.com/maps/search/tree+service+businesses+in+Daytona+Beach+Daytona+Beach+FL/@29.2071029,-81.0196796,14z",2026-04-29T04:38:52.997Z,,,
https://www.google.com/maps/place/Roto-Rooter+Plumbing+%26+Drain+Services/data=!4m7!3m6!1s0x88e6da2d3fea2555:0xc2f1192eb6831f34!8m2!3d29.2195632!4d-81.0300267!16s%2Fg%2F1vp6__mv!19sChIJVSXqPy3a5ogRNB-Dti4Z8cI,Roto-Rooter Plumbing & Drain Services,4.8,1133,Plumber,"524 N Segrave St, Daytona Beach, FL 32114, United States","6X99+RX Daytona Beach, Florida, USA",https://www.rotorooter.com/daytonabeach/?utm_source=Google&utm_medium=organic&utm_campaign=gmb&utm_content=website,+1 386-868-5316,Open 24 hours,LGBTQ+ friendly,https://lh3.googleusercontent.com/gps-cs-s/APNQkAG_PLb_tf4oBHMTTTUM_1TH3XLZnn-dZQUW9b4pAaP1a3CpPVAemA8tLb7QIQvNuJbnqasDScalBfNfutqfwoYSFqtuocJ8AFpoCTkE-kgPCQZb2aL3wN1Ue_Gr63sRuy8YjbbAOQCXgGX0=w408-h306-k-no,true,Open 24 hours,Open 24 hours,Open 24 hours,Open 24 hours,Open 24 hours,Open 24 hours,Open 24 hours,"https://www.google.com/maps/search/tree+service+businesses+in+Daytona+Beach+Daytona+Beach+FL/@29.2071029,-81.0196796,14z",2026-04-29T04:38:57.837Z,,,
https://www.google.com/maps/place/Daytona+Beach+Notary/data=!4m7!3m6!1s0x88e6d9a2e078ed49:0xc0bdc06ed62c7e32!8m2!3d29.1925414!4d-81.0118854!16s%2Fg%2F11fj55tccg!19sChIJSe144KLZ5ogRMn4s1m7AvcA,Daytona Beach Notary,4.9,76,Notary public,"204 Nancy Dr, Daytona Beach, FL 32114, United States","5XVQ+26 Daytona Beach, Florida, USA",http://daytonabeachnotary.com/,+1 386-795-2009,Closed · Opens 9 am,LGBTQ+ friendly,https://lh3.googleusercontent.com/gps-cs-s/APNQkAECeR_Z3gezM8FSq8-rkIwOCehFn9W6D67KBPSG_8Tgmtjj025pqHRtcb4Wh9-8IV1XPS5yc0OLgshXDDJH6MjRpT1Dp7SCT6lHvG1w-NRD6p5H9b0VE6siXzxHlTYGz60W2mRF=w872-h240-k-no,true,9 am–12 pm,8 am–2 pm,9 am–7 pm,8 am–12 pm,9 am–1 pm,9 am–2 pm,9 am–1 pm,"https://www.google.com/maps/search/tree+service+businesses+in+Daytona+Beach+Daytona+Beach+FL/@29.2071029,-81.0196796,14z",2026-04-29T04:39:02.404Z,,,
https://www.google.com/maps/place/Elite+Service/data=!4m7!3m6!1s0x88e6d97f12a580f5:0xd568d0b5820c4015!8m2!3d29.2060507!4d-81.032718!16s%2Fg%2F1tddt05q!19sChIJ9YClEn_Z5ogRFUAMgrXQaNU,Elite Service,4.9,89,Auto repair shop,"801 W International Speedway Blvd, Daytona Beach, FL 32114, United States","6X48+CW Daytona Beach, Florida, USA",,+1 386-253-2801,Closed · Opens 7 am,,https://lh3.googleusercontent.com/gps-cs-s/APNQkAEQ35Xo1yohVUbnf-DYKG2sPiRtS_LKuNgqmuzCRFNepiV1GNJ8e4A1mor3s-4hxzYQsx5L5kiWICnjRc3Ent0azijUvjbw85kGxnkNCt3S61PE93dKkmHFSr2bMdAsKc5m1jcq8Q=w408-h306-k-no,true,7 am–5 pm,7 am–5 pm,7 am–5 pm,Closed,Closed,Closed,7 am–5 pm,"https://www.google.com/maps/search/tree+service+businesses+in+Daytona+Beach+Daytona+Beach+FL/@29.2071029,-81.0196796,14z",2026-04-29T04:39:07.112Z,,,
https://www.google.com/maps/place/Grass+Blasters/data=!4m7!3m6!1s0x88e6d97000000001:0x7db49020d336fc70!8m2!3d29.1666591!4d-81.0290824!16s%2Fg%2F1wtbvq23!19sChIJAQAAAHDZ5ogRcPw20yCQtH0,Grass Blasters,4.3,15,Lawn care service,"1911 Blake Pl, Daytona Beach, FL 32119, United States","5X8C+M9 Daytona Beach, Florida, USA",,+1 386-405-5337,Closed · Opens 8 am,,https://lh3.googleusercontent.com/gps-cs-s/APNQkAExk64XzZ6X0l3kxOIvwCTgM78L5gOjquzEfB7Z6BEo76FVS_TzwwXFNiFAkbOvBCUipSvBj2pVZvcbzx6th4k-vlxPukCB_dw6GNcwyantk1w7BFhjNKymHceh2cgFpVNT2sID=w480-h240-k-no,true,8 am–5 pm,8 am–5 pm,8 am–5 pm,Closed,Closed,8 am–5 pm,8 am–5 pm,"https://www.google.com/maps/search/tree+service+businesses+in+Daytona+Beach+Daytona+Beach+FL/@29.2071029,-81.0196796,14z",2026-04-29T04:39:11.627Z,,,
https://www.google.com/maps/place/Florida+Stump+Pros/data=!4m7!3m6!1s0x88e6d9f3628ec98b:0x58237a17427aa699!8m2!3d29.1322855!4d-81.172182!16s%2Fg%2F11fnytpq51!19sChIJi8mOYvPZ5ogRmaZ6Qhd6I1g,Florida Stump Pros,5.0,91,Tree service,,,,+1 386-868-9264,Open 24 hours,,https://lh3.googleusercontent.com/gps-cs-s/APNQkAG8ETfJMRCI-I_QiM9xzRiPW1-BwhvvZH4gqDKbP3zRXcJqYRjYdFFltYOWfyGIH_3ppg3-QquahbW02xpYIdpwz01lcmashPuRBndKnkyIlYUyWZtfDEDEvuR4lJayvzqXtpSd=w408-h449-k-no,true,Open 24 hours,Open 24 hours,Open 24 hours,Open 24 hours,Open 24 hours,Open 24 hours,Open 24 hours,"https://www.google.com/maps/search/tree+service+businesses+in+Daytona+Beach+Daytona+Beach+FL/@29.2071029,-81.0196796,14z",2026-04-29T04:39:16.237Z,,,
https://www.google.com/maps/place/Permacraft+Signs/data=!4m7!3m6!1s0x88e6d9c08a14e869:0x25a987d574627549!8m2!3d29.1821053!4d-81.007973!16s%2Fg%2F1vg4kmlm!19sChIJaegUisDZ5ogRSXVidNWHqSU,Permacraft Signs,4.5,23,Sign shop,"1644 S Ridgewood Ave, South Daytona, FL 32119, United States","5XJR+RR South Daytona, Florida, USA",,+1 386-767-8011,Closed · Opens 9 am,,https://lh3.googleusercontent.com/gps-cs-s/APNQkAFZ3B2b9ZtWRfCkYbVk27OQk0SxSapzRNPF_kgKdGWyQnC_DVg8nf0MHDuZGBb4Oj0nUWbogE1GiSqXTYRSaLCyDMsLQbUcZcdY6VIS7k0I4p0rYboKPxA2SIY7sA7KUaJggKm4YA=w408-h306-k-no,false,9 am–5 pm,9 am–5 pm,9 am–5 pm,Closed,Closed,9 am–5 pm,9 am–5 pm,"https://www.google.com/maps/search/tree+service+businesses+in+Daytona+Beach+Daytona+Beach+FL/@29.2071029,-81.0196796,14z",2026-04-29T04:39:21.648Z,,,
https://www.google.com/maps/place/J%26G+Tree+Service+LLC/data=!4m7!3m6!1s0xa1ea72ab3d2c5e5:0x62cb835390095000!8m2!3d28.701459!4d-81.3342074!16s%2Fg%2F11mdgqg7s4!19sChIJ5cXSsyqnHgoRAFAJkFODy2I,J&G Tree Service LLC,5.0,10,Tree service,,,,+1 386-220-0134,Open 24 hours,,https://lh3.googleusercontent.com/gps-cs-s/APNQkAEUjoFYIKaV9cKl-4Q7mvlaT_Nbs4Q4KogAeMM5gs5OfZ5K2tsMQv1mj3WuEe4U-CrYMob7O6j-MV0nSa26zJrjnrcrVhwFf1G7m_J76ThRb_X7NRsdIaoG7BziFd3O2zixRBd_WO-BdrM=w408-h725-k-no,true,Open 24 hours,Open 24 hours,Open 24 hours,Open 24 hours,Open 24 hours,Open 24 hours,Open 24 hours,"https://www.google.com/maps/search/tree+service+businesses+in+Daytona+Beach+Daytona+Beach+FL/@29.2071029,-81.0196796,14z",2026-04-29T04:39:25.990Z,,,
https://www.google.com/maps/place/Almond+Tree+Group/data=!4m7!3m6!1s0x88e6d9040a1d9be9:0xe1795f54ddc34234!8m2!3d29.1747494!4d-81.003217!16s%2Fg%2F11j_rkyn2p!19sChIJ6ZsdCgTZ5ogRNELD3VRfeeE,Almond Tree Group,5.0,5,Business broker,"1973 S Ridgewood Ave, South Daytona, FL 32119, United States","5XFW+VP South Daytona, Florida, USA",,+1 386-262-6612,Open 24 hours,Identifies as veteran-owned,https://lh3.googleusercontent.com/gps-cs-s/APNQkAGLgxYdDgbBnIzFc3IYU7cblTkqAySMp60xGJoix5sThTFBoab8ymPWxFDXhDV6lnecq11b4hROt981SZoxItpJs0M8AsRslIU23eARxru-TwCM0fV3_4fEMRGES-UlXoAeueaT=w408-h577-k-no,true,Open 24 hours,Open 24 hours,Open 24 hours,Open 24 hours,Open 24 hours,Open 24 hours,Open 24 hours,"https://www.google.com/maps/search/tree+service+businesses+in+Daytona+Beach+Daytona+Beach+FL/@29.2071029,-81.0196796,14z",2026-04-29T04:39:30.551Z,,,
"https://www.google.com/maps/place/Henry's+Tree+Service/@29.1854899,-81.0971891,12z/data=!3m1!4b1!4m6!3m5!1s0x88e6dfbab1ee87e7:0x471ba573645a0c24!8m2!3d29.18549!4d-81.0971891!16s%2Fg%2F11jprsqb9z",Henry's Tree Service,5.0,1,Tree service,,,https://henrystreeservicefl.com/,+1 407-600-0022,Open 24 hours,,,true,Open 24 hours,Open 24 hours,Open 24 hours,Open 24 hours,Open 24 hours,Open 24 hours,Open 24 hours,"https://www.google.com/maps/search/tree+service+businesses+in+Daytona+Beach+Daytona+Beach+FL/@29.2071029,-81.0196796,14z",2026-04-29T04:39:36.897Z,,,
https://www.google.com/maps/place/American+Arbor+Care/data=!4m7!3m6!1s0x88e6db7caeee9fc7:0x1ee8540ac28ec509!8m2!3d27.698638!4d-83.804601!16s%2Fg%2F11j11z45tw!19sChIJx5_urnzb5ogRCcWOwgpU6B4,American Arbor Care,5.0,9,Tree service,,,,+1 386-301-8939,Open 24 hours,,https://lh3.googleusercontent.com/gps-cs-s/APNQkAHBsOS31ku_QY5KlxmoobJz7y1D83pjSQkZicrOfKXd6FZalwsSPgK0fpCKPjfM1EnrM0NFsIJMq0Pa5rMRrqomck610gvIK1opA6qmVHVlnmsC2QUUfByIB015KdURGW8N7F3pZMQjVGVa=w408-h544-k-no,true,Open 24 hours,Open 24 hours,Open 24 hours,Open 24 hours,Open 24 hours,Open 24 hours,Open 24 hours,"https://www.google.com/maps/search/tree+service+businesses+in+Daytona+Beach+Daytona+Beach+FL/@29.2071029,-81.0196796,14z",2026-04-29T04:39:41.405Z,,,
https://www.google.com/maps/place/Keep+It+Pristine/data=!4m7!3m6!1s0x88e6dc777efd241b:0xb58f903a697d763e!8m2!3d29.2458477!4d-81.0778121!16s%2Fg%2F11hy9pfxmc!19sChIJGyT9fnfc5ogRPnZ9aTqQj7U,Keep It Pristine,4.3,26,Landscaper,"1700 Flomich St, Daytona Beach, FL 32117, United States","6WWC+8V Daytona Beach, Florida, USA",https://keepitpristinellc.com/our-nursery,+1 386-846-4317,Closed · Opens 7 am,,https://lh3.googleusercontent.com/gps-cs-s/APNQkAG0Zu0FAmpeYUAihdvjBF1NvVQraSoF-iylxKb1oqWa_G1QX4XplDX-0bxdLubPj3cmrXX-SEBiW3wiUrbdzG3pjNxt1ccNIyzjIybwZPVRP75_3nC_ZyEujkxhJCR4PvFYoqtTCQ=w408-h306-k-no,true,7 am–5 pm,7 am–5 pm,7 am–5 pm,7 am–1 pm,Closed,7 am–5 pm,7 am–5 pm,"https://www.google.com/maps/search/tree+service+businesses+in+Daytona+Beach+Daytona+Beach+FL/@29.2071029,-81.0196796,14z",2026-04-29T04:39:46.207Z,,,
https://www.google.com/maps/place/Daytona+Embroidery/data=!4m7!3m6!1s0x88e6d945c02be93d:0xe357bb244c774ebf!8m2!3d29.19683!4d-81.0636281!16s%2Fg%2F1v831y31!19sChIJPekrwEXZ5ogRv053TCS7V-M,Daytona Embroidery,4.8,562,Embroidery shop,"1700 W International Speedway Blvd, Daytona Beach, FL 32114, United States","5WWP+PG Daytona Beach, Florida, USA",https://eastcoastcustoms3.godaddysites.com/,+1 386-253-2290,Closed · Opens 11 am,,https://lh3.googleusercontent.com/gps-cs-s/APNQkAEg3yj5VpdvFSPF3pKvrXI89ickOHkpy53RyurUEtroGWq-cJ6_23aGkRXbaPDFTzGzt53qU2uidbmJf-PycjtrI_p_G_DEdn1vBp7RUu7T-LUddREOpO2Q2i6Zh_osiiayM_3DNw=w408-h306-k-no,true,11 am–7 pm,11 am–7 pm,11 am–7:30 pm,11 am–7 pm,12–6 pm,11 am–7 pm,11 am–7 pm,"https://www.google.com/maps/search/tree+service+businesses+in+Daytona+Beach+Daytona+Beach+FL/@29.2071029,-81.0196796,14z",2026-04-29T04:39:50.922Z,,,
https://www.google.com/maps/place/Ben%E2%80%99s+lawn+services+LLC/data=!4m7!3m6!1s0x88e6db9c2d0ac2b3:0xbc87b9d9ca93acdb!8m2!3d29.0225621!4d-81.172182!16s%2Fg%2F11g0g120kd!19sChIJs8IKLZzb5ogR26yTytm5h7w,Ben’s lawn services LLC,4.9,8,Landscaper,,,,+1 386-631-7498,Closed · Opens 7 am,,https://lh3.googleusercontent.com/gps-cs-s/APNQkAGsPy4lrnUEhQOf8wQ7RCwUgScfAzGeq85_DKrgwtqhSotoT2g_80LH8xbnRgkk77-ijEEQHXnH61w0G-RkFQYjZx2-JKAZwhZWQ5qCodBhCQe-hQ5cHtJZQsvhQSAW8TCTh6Hy=w426-h240-k-no,true,7 am–5 pm,7 am–5 pm,7 am–5 pm,7 am–5 pm,Closed,7 am–5 pm,7 am–5 pm,"https://www.google.com/maps/search/tree+service+businesses+in+Daytona+Beach+Daytona+Beach+FL/@29.2071029,-81.0196796,14z",2026-04-29T04:39:56.070Z,,,
https://www.google.com/maps/place/Property+Tree+and+Landscape+Creations+TLC+llc/data=!4m7!3m6!1s0x88e6d7971f9bbf03:0x8d5a186863ee6dce!8m2!3d29.0225621!4d-81.172182!16s%2Fg%2F11rc6f7rgx!19sChIJA7-bH5fX5ogRzm3uY2gYWo0,Property Tree and Landscape Creations TLC llc,5.0,1,Landscape designer,,,,+1 386-506-1632,Closed · Opens 8:30 am,LGBTQ+ friendly,https://lh3.googleusercontent.com/gps-cs-s/APNQkAFBoigyhIzzdcShNV655yH11v0H3ojGcIKZKBUi2bahTQ3eQKHhxTKbMRne93oWXKYj-2W3A75wkTOVZUraWLa0EgEeaSZwSwPKomMAPGKEPMFzNFA5PFweLU_UW4qrdvpxcW0p=w427-h240-k-no,true,8:30 am–6 pm,8:30 am–6 pm,8:30 am–6 pm,9 am–2 pm,Closed,8:30 am–6 pm,8:30 am–6 pm,"https://www.google.com/maps/search/tree+service+businesses+in+Daytona+Beach+Daytona+Beach+FL/@29.2071029,-81.0196796,14z",2026-04-29T04:40:01.104Z,,,
https://www.google.com/maps/place/Blake%27s+Electric+Services/data=!4m7!3m6!1s0x651e26199be609b3:0xe673c6ee4152db50!8m2!3d29.1418745!4d-81.172182!16s%2Fg%2F11xkdzmtc_!19sChIJswnmmxkmHmURUNtSQe7Gc-Y,Blake's Electric Services,5.0,24,Electrician,,,,+1 386-882-7265,Closed · Opens 8 am,,https://lh3.googleusercontent.com/gps-cs-s/APNQkAGg-0vR4urvHxI_PR44CbmMGQtGv-mciZNGwyHjWWS5mgYVVI4OPgRh7392Hud-vXS6ZFDfk8POLIGOYvE-7svg2IwJLuCH5Cb4aH9ReaJ5Vps2URNx4woqvuh9tQ4WYOSNVHqgJST8x5b9=w408-h544-k-no,true,8 am–5 pm,8 am–5 pm,8 am–5 pm,9 am–5 pm,9–10 am,8 am–5 pm,8 am–5 pm,"https://www.google.com/maps/search/tree+service+businesses+in+Daytona+Beach+Daytona+Beach+FL/@29.2071029,-81.0196796,14z",2026-04-29T04:40:05.605Z,,,
https://www.google.com/maps/place/Dynamic+Tree+Masters+LLC+-+Tree+Removal+And+Trimming/data=!4m7!3m6!1s0x88e72781b754f2dd:0x100c797d075c6fd5!8m2!3d29.243436!4d-81.452464!16s%2Fg%2F11vlc4nl_l!19sChIJ3fJUt4En54gR1W9cB315DBA,Dynamic Tree Masters LLC - Tree Removal And Trimming,4.7,89,Tree service,,,https://dynamictreemasters.com/,+1 386-202-5226,Open 24 hours,LGBTQ+ friendly,https://lh3.googleusercontent.com/gps-cs-s/APNQkAEftBikrm4Zk-ZNhzlZjsGH6v0cjfS8DXWAZ_izSeF2gdYbPXB_E7GX_GZfdDSu-w2Tfvev0wxDHDzH5L4cj2OCid7ukRCONZX6UKDHNFVxtFLTmtS9HVf303pfm6qwuAVTBWhadsbxGrUA=w408-h544-k-no,true,Open 24 hours,Open 24 hours,Open 24 hours,Open 24 hours,Open 24 hours,Open 24 hours,Open 24 hours,"https://www.google.com/maps/search/tree+service+businesses+in+Daytona+Beach+Daytona+Beach+FL/@29.2071029,-81.0196796,14z",2026-04-29T04:40:10.637Z,,,
https://www.google.com/maps/place/Marine+Custom+Solutions/data=!4m7!3m6!1s0x88e6d95be6752a23:0xca0321f89d0c4300!8m2!3d29.1943484!4d-81.0167051!16s%2Fg%2F11hz_3tqbj!19sChIJIyp15lvZ5ogRAEMMnfghA8o,Marine Custom Solutions,5.0,249,Boat repair shop,"425 Fremont Ave, Daytona Beach, FL 32114, United States","5XVM+P8 Daytona Beach, Florida, USA",http://www.marinecustomsolutions.com/,+1 386-387-2929,,,https://lh3.googleusercontent.com/gps-cs-s/APNQkAHKBOTt7kOdlQWFSbEsX1lkOpbW5iWxNIolMLgDlwG0WUmjcrZjWFCKS02E4b_uolcpQziAeXVDdjziNpktm4j7K0VRMY6JQJ949uu6mNobbVhMW1XFx-gNxLOdZc1MsrdZmzpR=w426-h240-k-no,true,9 am–3:30 pm,9 am–3:30 pm,9 am–3:30 pm,Closed,Closed,9 am–3:30 am,9 am–3:30 pm,"https://www.google.com/maps/search/tree+service+businesses+in+Daytona+Beach+Daytona+Beach+FL/@29.2071029,-81.0196796,14z",2026-04-29T04:40:15.716Z,,,
https://www.google.com/maps/place/Health+Tree+Cafe/data=!4m7!3m6!1s0x88e6db28e66fa163:0xbcd43d724ed9992!8m2!3d29.2298738!4d-81.0102265!16s%2Fg%2F11h31zfn8v!19sChIJY6Fv5ijb5ogRkpntJNdDzQs,Health Tree Cafe,4.4,508,Restaurant,"715 Earl St, Daytona Beach, FL 32118, United States","6XHQ+WW Daytona Beach, Florida, USA",https://healthtreecafefl.kwickmenu.com/,+1 386-301-4688,Closed · Opens 8 am,LGBTQ+ friendly,https://lh3.googleusercontent.com/gps-cs-s/APNQkAFk_2xFA4DDoMDiQENSToHG5yLS6OPpKw6r1NAQe8fhJ3vL_gvmyC_dADiFFqeoM7SUV9XiffCvcZwu9Yi0zUKhd-HWrL8gESPG6Cxwdlyc65DVlRSBOMhewKGVWucv5UNCfESLuOv_1u0=w408-h272-k-no,true,8 am–4 pm,9 am–4 pm,8 am–4 pm,8 am–6 pm,8 am–4 pm,Closed,9 am–5 pm,"https://www.google.com/maps/search/tree+service+businesses+in+Daytona+Beach+Daytona+Beach+FL/@29.2071029,-81.0196796,14z",2026-04-29T04:40:20.556Z,· Dine-in · Kerbside pickup · No-contact delivery,,
https://www.google.com/maps/place/Harbor+Freight/data=!4m7!3m6!1s0x88e6dbdcaf74097b:0x84821d314f779b6d!8m2!3d29.221155!4d-81.0500034!16s%2Fg%2F1tfzhlfr!19sChIJewl0r9zb5ogRbZt3TzEdgoQ,Harbor Freight,4.4,1106,Hardware store,"874 N Nova Rd, Daytona Beach, FL 32117, United States","6WCX+FX Daytona Beach, Florida, USA",https://www.harborfreight.com/storelocator/874-n-nova-rd-daytona-beach-32117?number=228,+1 386-947-9205,Closed · Opens 8 am,,https://lh3.googleusercontent.com/gps-cs-s/APNQkAES9Tz7ZyQBrHYk54PMcy8S7eUHkCNwS8Q9K8iuiwGKoKuSnm3LBbWcp34J1j-XKzqzBahtRI2E7Mx4-ceFU_OzW-1HlqiCAkLTAVl5PwJLDl5u1mWFWjg1Db1Q_N7-HWUIUDzG=w513-h240-k-no,true,8 am–8 pm,8 am–8 pm,8 am–8 pm,8 am–8 pm,9 am–6 pm,8 am–8 pm,8 am–8 pm,"https://www.google.com/maps/search/tree+service+businesses+in+Daytona+Beach+Daytona+Beach+FL/@29.2071029,-81.0196796,14z",2026-04-29T04:40:25.728Z,"Retail chain carrying a wide range of tools, hardware & other products for the home, garden & car.",,
https://www.google.com/maps/place/Earthworm+Landscaping+LLC/data=!4m7!3m6!1s0x88e6d86637776983:0xdd01edac1dd196c6!8m2!3d29.1606222!4d-80.975701!16s%2Fg%2F11bx8rfcq0!19sChIJg2l3N2bY5ogRxpbRHaztAd0,Earthworm Landscaping LLC,4.5,27,Landscaper,"6 Carter Terrace, Daytona Beach, FL 32118, United States","526F+6P Daytona Beach, Florida, USA",http://earthworm-landscaping.com/,+1 386-882-2726,"Closed · Opens 9 am

Confirmed by this business 11 weeks ago",,https://lh3.googleusercontent.com/gps-cs-s/APNQkAFS2LBTXYp3_7bQqCMreZ7QjK2faX9QN6z037WqJI1DSuUBqXqzpq78mCDJLVPtZdNtMrjaw62AjRzmhfdKVVxJym21de9PbUSKrmDTsqwa7HL7oWbV_gFOPQCnNcoV1dKQdm7xGw=w426-h240-k-no,true,9 am–5 pm,9 am–5 pm,9 am–5 pm,Closed,Closed,9 am–5 pm,9 am–5 pm,"https://www.google.com/maps/search/tree+service+businesses+in+Daytona+Beach+Daytona+Beach+FL/@29.2071029,-81.0196796,14z",2026-04-29T04:40:31.071Z,,,
https://www.google.com/maps/place/Chapman%27s+Expert+Tree+Service/data=!4m7!3m6!1s0x88e6db78d746c637:0xb6e45904b9b3d3b4!8m2!3d29.2075476!4d-81.0855621!16s%2Fg%2F1260_hj_y!19sChIJN8ZG13jb5ogRtNOzuQRZ5LY,Chapman's Expert Tree Service,1.0,1,Tree service,,,http://chapmansexperttreeservice.com/,+1 386-672-0219,Closed · Opens 8 am,Identifies as veteran-owned,https://lh3.googleusercontent.com/gps-cs-s/APNQkAE6PS1c3of4uD3FyxdlGYEZ8idFe6mlegdSdb3toFv3XMo4qWbnvG4ECvqtDtSWGgMHpBpf4u3PJWJxnvbpHMZ2VDwjXwTd9RR-OnEnpzfSLLYUHVJUl8AtgeyoYImnNPa_VAp8=w408-h306-k-no,true,8 am–6 pm,8 am–6 pm,8 am–6 pm,8 am–12 pm,Closed,8 am–6 pm,8 am–6 pm,"https://www.google.com/maps/search/tree+service+businesses+in+Daytona+Beach+Daytona+Beach+FL/@29.2071029,-81.0196796,14z",2026-04-29T04:40:35.671Z,,,
https://www.google.com/maps/place/Royal+Tire+%26+Air/data=!4m7!3m6!1s0x88e6dbc54cb11b07:0x9e3cfa02f72ec3e5!8m2!3d29.2218657!4d-81.0431809!16s%2Fg%2F1x5qtlpl!19sChIJBxuxTMXb5ogR5cMu9wL6PJ4,Royal Tire & Air,4.9,189,Tire shop,"820 Mason Ave, Daytona Beach, FL 32117, United States","6XC4+PP Daytona Beach, Florida, USA",,+1 386-255-1771,Closed · Opens 8 am,,https://lh3.googleusercontent.com/gps-cs-s/APNQkAEbAsSnduF2UsHi70pW1bkIQgJ8R-ZMx6fbyAco_qqoQlYpsk2X6KC0qAVkuAQ-gEGKnygr03zXdrlE8S3ER8x9oLgpuZob3tzeMXBJkwUwGvY_R2ylyXfJEIwHjI8C5zUS_MQT=w408-h306-k-no,true,8 am–4 pm,8 am–4 pm,8 am–4 pm,Closed,Closed,8 am–4 pm,8 am–4 pm,"https://www.google.com/maps/search/tree+service+businesses+in+Daytona+Beach+Daytona+Beach+FL/@29.2071029,-81.0196796,14z",2026-04-29T04:40:40.025Z,,,
"https://www.google.com/maps/place/Volusia-Flagler+Roofing,+LLC/data=!4m7!3m6!1s0x88e6d928efe6a883:0x7fb48ef702119ddc!8m2!3d29.2216074!4d-81.0420599!16s%2Fg%2F11sb9kf1z1!19sChIJg6jm7yjZ5ogR3J0RAveOtH8","Volusia-Flagler Roofing, LLC",5.0,73,Roofing contractor,"825 Mason Ave, Daytona Beach, FL 32117, United States","6XC5+J5 Daytona Beach, Florida, USA",http://volusiaflaglerroofing.com/,+1 386-523-7663,Open 24 hours,,https://lh3.googleusercontent.com/gps-cs-s/APNQkAFU-_uT8FvVbKDqq2j7xzQ3N08Z8OnRrNz5gtqeuvE5hAUudXAqHk3C_rEqwlYIb42dbEfHcDQNtYuz6BGVeiJiAwh2YXCXj7dwi9HnAbgRx2QtthK4IAnCeXcp527PVgl_iqGRjSBWpVqN=w408-h306-k-no,true,Open 24 hours,Open 24 hours,Open 24 hours,Open 24 hours,Open 24 hours,Open 24 hours,Open 24 hours,"https://www.google.com/maps/search/tree+service+businesses+in+Daytona+Beach+Daytona+Beach+FL/@29.2071029,-81.0196796,14z",2026-04-29T04:40:44.595Z,,,
https://www.google.com/maps/place/Florida+Outdoor+Creations/data=!4m7!3m6!1s0x88e6d9885fabd865:0x35e384b339201fc3!8m2!3d28.8896756!4d-81.172182!16s%2Fg%2F11dxkyp6cf!19sChIJZdirX4jZ5ogRwx8gObOE4zU,Florida Outdoor Creations,4.9,13,Fence contractor,,,,+1 386-290-1501,Closed · Opens 8 am,,https://lh3.googleusercontent.com/gps-cs-s/APNQkAFxvTr4U-upuVt0M1OtFoHKhhAtsHo61Ve_2OAIPcvGDxgysx1ddK1mRFQ_iiPrvwc0KkQFRFRJXJ81guhDPdJx2ZPNVPtgV3DzaIq_tY09Jujo7A7iUnBaqrJfS8YxfvXy5CI=w408-h306-k-no,true,8 am–8 pm,8 am–8 pm,8 am–8 pm,8 am–8 pm,8 am–8 pm,8 am–8 pm,8 am–8 pm,"https://www.google.com/maps/search/tree+service+businesses+in+Daytona+Beach+Daytona+Beach+FL/@29.2071029,-81.0196796,14z",2026-04-29T04:40:49.312Z,,,
https://www.google.com/maps/place/Gino%E2%80%99s+Towing+%26+Service/data=!4m7!3m6!1s0x88e6dbfc10d66601:0xcffe1e5348bba1!8m2!3d29.2274214!4d-81.0331826!16s%2Fg%2F11fmbkq1sl!19sChIJAWbWEPzb5ogRobtIUx7-zwA,Gino’s Towing & Service,3.7,161,Towing service,"140 State Ave, Daytona Beach, FL 32117, United States","6XG8+XP Daytona Beach, Florida, USA",http://www.ginostowing.com/,+1 386-256-7970,Open 24 hours,LGBTQ+ friendly,https://lh3.googleusercontent.com/gps-cs-s/APNQkAFyAXyKSOPDvXSre3dprO3wi0HeFUHL9PZpH8pjOh5K2lcNbYzIVfRZV3J_4Pyp2DFCXwCKBBnUS43alXGE0XrKngyOdE-qtOvFW6haw_wKJZQUjzar3fvr6dZSPpqUxjbVFIMmiglS6lKb=w408-h275-k-no,true,Open 24 hours,Open 24 hours,Open 24 hours,Open 24 hours,Open 24 hours,Open 24 hours,Open 24 hours,"https://www.google.com/maps/search/tree+service+businesses+in+Daytona+Beach+Daytona+Beach+FL/@29.2071029,-81.0196796,14z",2026-04-29T04:40:54.039Z,,,
https://www.google.com/maps/place/Mardi+Gras+Fun+Center/data=!4m7!3m6!1s0x88e6da404048a4b7:0x79c9203158da5d48!8m2!3d29.2274191!4d-81.0075572!16s%2Fg%2F1tx47wcb!19sChIJt6RIQEDa5ogRSF3aWDEgyXk,Mardi Gras Fun Center,4.1,759,Video arcade,"12 N Ocean Ave., Daytona Beach, FL 32118, United States","6XGR+XX Daytona Beach, Florida, USA",http://www.daytonabeachboardwalk.com/,+1 386-253-0254,Closed · Opens 9 am,,https://lh3.googleusercontent.com/gps-cs-s/APNQkAF8TLP8A9zKRFUi9i-r076G_R-mUiKE8DOdZ3ONVyDxgul8BXdTjVmUBah3yytjDNQ5Uo8AYi9stih2PeRzBKgjSpRmVrtnat2NP22aeUPj6YzK7OrMv_Blc5kTyRgrV6HhfA=w408-h306-k-no,false,9 am–11 pm,9 am–11 pm,9 am–11:59 pm,9 am–11:59 pm,9 am–11 pm,9 am–11 pm,9 am–11 pm,"https://www.google.com/maps/search/tree+service+businesses+in+Daytona+Beach+Daytona+Beach+FL/@29.2071029,-81.0196796,14z",2026-04-29T04:40:58.588Z,"Beach boardwalk arcade with classic games & prizes, plus a snack bar with beer & outdoor seating.",,
https://www.google.com/maps/place/Kidd+Robert+W/data=!4m7!3m6!1s0x88e6d988c6f89913:0x562c08431b7cbd6c!8m2!3d29.2038237!4d-81.0187743!16s%2Fg%2F1vyxk6yz!19sChIJE5n4xojZ5ogRbL18G0MILFY,Kidd Robert W,,,Accountant,"441 S Ridgewood Ave, Daytona Beach, FL 32114, United States","6X3J+GF Daytona Beach, Florida, USA",,+1 386-258-5880,Closed · Opens 8 am,,https://lh3.googleusercontent.com/gps-cs-s/APNQkAHEM8nj3J5-xnmjvpw35SV-pRMRJF6krC8QxCH3ldjCJGyW96CksmTOia-4hGLCxLvF-Guo7Gm7fwZzt0gpCxpiGqLJ2WXJj8QeMtNRhy2Eam2YtB0KY6qH42Ji1GVpGVdAoria=w408-h272-k-no,false,8 am–8 pm,8 am–8 pm,8 am–8 pm,8 am–8 pm,8 am–8 pm,8 am–8 pm,8 am–8 pm,"https://www.google.com/maps/search/tree+service+businesses+in+Daytona+Beach+Daytona+Beach+FL/@29.2071029,-81.0196796,14z",2026-04-29T04:41:03.049Z,,,
https://www.google.com/maps/place/SB+Tree+Service+LLC/data=!4m7!3m6!1s0x88e727c6ca8a7e0f:0x530732c8e9919b4!8m2!3d29.1012755!4d-81.01614!16s%2Fg%2F11j0wd3xvn!19sChIJD36KysYn54gRtBmZjixzMAU,SB Tree Service LLC,4.5,17,Tree service,,,https://sbtreeservice.com/,+1 386-320-3056,Open 24 hours,,https://lh3.googleusercontent.com/gps-cs-s/APNQkAFD2PHEQzyyx8syU0aMNR5LevnE4Sn2enLHMA7PNwoiUg9M40bk7PpWc6DHRYRPiKRY3OBNysgujp_889jXmWGRazazdFhO2NnxzYcY3ZKeGFu0TIT303oWy87ND-1LD_1B0DgQ3w=w408-h272-k-no,true,Open 24 hours,Open 24 hours,Open 24 hours,Open 24 hours,Open 24 hours,Open 24 hours,Open 24 hours,"https://www.google.com/maps/search/tree+service+businesses+in+Daytona+Beach+Daytona+Beach+FL/@29.2071029,-81.0196796,14z",2026-04-29T04:41:07.374Z,,,
https://www.google.com/maps/place/Ocean+Center/data=!4m7!3m6!1s0x88e6da3eff5f59b5:0x2a0a70885f619d7f!8m2!3d29.228402!4d-81.0111874!16zL20vMDY4dnp5!19sChIJtVlf_z7a5ogRf51hX4hwCio,Ocean Center,4.5,4366,Convention center,"101 N Atlantic Ave, Daytona Beach, FL 32118, United States","6XHQ+9G Daytona Beach, Florida, USA",http://www.oceancenter.com/,+1 386-254-4500,"Closed · Opens 8 am

Confirmed by this business 11 weeks ago",,https://lh3.googleusercontent.com/gps-cs-s/APNQkAFd9erwZzEImnySRsG0x6eJeyD7jHO82xq2MgIQDTa5ga7Ch3YhSU3mMwydR39YiFr53kmeuo509ngOYH-9bcQHUPv3YtfgMJi3RP5UeJ4Q36vKVAfQRUD31sqtPQPIpJBrF8uz=w408-h305-k-no,true,8 am–5 pm,8 am–5 pm,8 am–5 pm,Closed,Closed,8 am–5 pm,8 am–5 pm,"https://www.google.com/maps/search/tree+service+businesses+in+Daytona+Beach+Daytona+Beach+FL/@29.2071029,-81.0196796,14z",2026-04-29T04:41:11.859Z,,,
https://www.google.com/maps/place/The+Cleaning+Authority+-+Daytona+Beach/data=!4m7!3m6!1s0x88e6d9a5e6ff36c3:0x35ef42d08fffe386!8m2!3d29.1759586!4d-81.0255174!16s%2Fg%2F11c325zxf8!19sChIJwzb_5qXZ5ogRhuP_j9BC7zU,The Cleaning Authority - Daytona Beach,4.8,263,House cleaning service,"927 Beville Rd Suite 11, South Daytona, FL 32119, United States","5XGF+9Q South Daytona, Florida, USA",https://www.thecleaningauthority.com/daytona-beach,+1 386-516-5760,Closed · Opens 8 am,,https://streetviewpixels-pa.googleapis.com/v1/thumbnail?panoid=Lexac1H4tenGha4VFsLUJQ&cb_client=search.gws-prod.gps&w=408&h=240&yaw=196.82323&pitch=0&thumbfov=100,true,8 am–5 pm,8 am–5 pm,8 am–5 pm,Closed,Closed,8 am–5 pm,8 am–5 pm,"https://www.google.com/maps/search/tree+service+businesses+in+Daytona+Beach+Daytona+Beach+FL/@29.2071029,-81.0196796,14z",2026-04-29T04:41:16.389Z,,,
https://www.google.com/maps/place/Madden%27s+Ace+Hardware+2/data=!4m7!3m6!1s0x88e6dafc764eb6f1:0xa16236804870ae19!8m2!3d29.184447!4d-80.98769!16s%2Fg%2F1tddbnx8!19sChIJ8bZOdvza5ogRGa5wSIA2YqE,Madden's Ace Hardware 2,4.5,166,Hardware store,"2580 S Atlantic Ave, Daytona Beach, FL 32118, United States","52M6+QW Daytona Beach, Florida, USA",http://www.acehardware.com/mystore/index.jsp?store=10106&cid=localstore10106,+1 386-322-3377,Closed · Opens 8 am,,https://lh3.googleusercontent.com/gps-cs-s/APNQkAHmuJ0WZ7auoQbn6OF_iePmOzbwJa1PYvnecMRCXaBOtsVqkC1UXwFl6Efvq_fPOvZ1wcupMsttTQFgiyyvXAKFZ-OwXAAwPX3YoU6-_hS4ZHFHimWWCMKMDjlni8NAI79pqecu_Q=w513-h240-k-no,true,8 am–6 pm,8 am–6 pm,8 am–6 pm,8 am–6 pm,9 am–6 pm,8 am–6 pm,8 am–6 pm,"https://www.google.com/maps/search/tree+service+businesses+in+Daytona+Beach+Daytona+Beach+FL/@29.2071029,-81.0196796,14z",2026-04-29T04:41:21.449Z,"Hardware store stocking household tools, garden supplies, home decor & more. · In-store shopping · In-store pick-up · Delivery",,
https://www.google.com/maps/place/Herb%27s+Tree+Trimming+and+Removal/data=!4m7!3m6!1s0x4685938a7cff8d29:0x758cb525268b1029!8m2!3d29.0225621!4d-81.172182!16s%2Fg%2F11pk9z99nw!19sChIJKY3_fIqThUYRKRCLJiW1jHU,Herb's Tree Trimming and Removal,4.8,90,Tree service,,,https://m.facebook.com/Herbs-Tree-Trimming-and-Removal-108057931719348/,+1 386-675-7992,Open 24 hours,,https://lh3.googleusercontent.com/gps-cs-s/APNQkAHeb5qYd72dVQz8-DETutUTEZNfNktRh7CqcLyWt7H8H5FTBmOg54JIdw-FvmSlO8wooihMDMTiROEvQw_kBgiABNrazeMokVOCvoF92FitQLUIfI4MmBuRIHHukENnWBOEzHYv-rPUND_t=w408-h544-k-no,true,Open 24 hours,Open 24 hours,Open 24 hours,Open 24 hours,Open 24 hours,Open 24 hours,Open 24 hours,"https://www.google.com/maps/search/tree+service+businesses+in+Daytona+Beach+Daytona+Beach+FL/@29.2071029,-81.0196796,14z",2026-04-29T04:41:25.989Z,,,
https://www.google.com/maps/place/So+Fresh+and+So+Clean+XTRM+services+LLC/data=!4m7!3m6!1s0x88e6d9f38baedb1b:0x859b2e4f1e7e596e!8m2!3d29.2364026!4d-81.113534!16s%2Fg%2F11jgm3gpfr!19sChIJG9uui_PZ5ogRbll-Hk8um4U,So Fresh and So Clean XTRM services LLC,5.0,10,House cleaning service,,,,+1 386-366-1088,Closed · Opens 8 am,LGBTQ+ friendly,https://lh3.googleusercontent.com/gps-cs-s/APNQkAEk0knZHUZmPjpnbRF5HVZ0jWvOClHSZh5GAb6pX4yclhh6SC40ZS1D9WndpBTi2S3hDAOUtc-y1ZIeT1SQyA5jp0rqo7NSPI3_Lvq6yvaz4GySo3Wil8d3qPDMoX5XHnb707pNSQ=w426-h240-k-no,true,8 am–5 pm,8 am–5 pm,Open 24 hours,Open 24 hours,Open 24 hours,8 am–5 pm,8 am–5 pm,"https://www.google.com/maps/search/tree+service+businesses+in+Daytona+Beach+Daytona+Beach+FL/@29.2071029,-81.0196796,14z",2026-04-29T04:41:30.733Z,,,
https://www.google.com/maps/place/Higher+Reach+Tree+Service/data=!4m7!3m6!1s0x88e6d9cc99297093:0xd4ef2ae61e368652!8m2!3d46.423669!4d-129.9427086!16s%2Fg%2F11g_z26361!19sChIJk3ApmczZ5ogRUoY2HuYq79Q,Higher Reach Tree Service,2.5,11,Tree service,,,,+1 386-307-0573,Closed · Opens 8 am,,https://lh3.googleusercontent.com/gps-cs-s/APNQkAGjMgjHqpXOv5WEGFh_Syu-JnjOr_Gi2CJvgkP3Qg5c8nQ2957V8mPETkEps55mc9ldz6ifOaCLqhwbh77AonaUMJVRdcwwm4z5J-G5H1svc5Hh4yvCJJBiO5eo5EyPkvMuFCaS=w408-h544-k-no,true,8 am–5 pm,8 am–5 pm,8 am–5 pm,8 am–5 pm,8 am–5 pm,8 am–5 pm,8 am–5 pm,"https://www.google.com/maps/search/tree+service+businesses+in+Daytona+Beach+Daytona+Beach+FL/@29.2071029,-81.0196796,14z",2026-04-29T04:41:40.216Z,,,
https://www.google.com/maps/place/Daytona+Outreach+Center+Thrift+Store/data=!4m7!3m6!1s0x88e6dbb681953b0f:0x88cb99d8d08a5f4f!8m2!3d29.2363312!4d-81.0367697!16s%2Fg%2F1tl0y4v1!19sChIJDzuVgbbb5ogRT1-K0NiZy4g,Daytona Outreach Center Thrift Store,4.6,81,Thrift store,"610 Ridgewood Ave, Holly Hill, FL 32117, United States","6XP7+G7 Holly Hill, Florida, USA",http://www.docdaytona.com/,+1 386-310-4913,Closed · Opens 10 am,Identifies as women-owned,https://lh3.googleusercontent.com/gps-cs-s/APNQkAG7fWEX_CPT4LJljkCTAvUjuCKBh8AHMmJak3lOPxjZRSzQZlgqQBHGEIcAvgLJkG34vGPjP-JJ2y0wV0liR3drT8T3XWFJHp4D2fki2pRXFMhjgNgK8eE178tbbp55Pn4AACLzXYKNCSk=w408-h725-k-no,true,10 am–5 pm,10 am–5 pm,10 am–5 pm,10 am–5 pm,Closed,10 am–5 pm,10 am–5 pm,"https://www.google.com/maps/search/tree+service+businesses+in+Daytona+Beach+Daytona+Beach+FL/@29.2071029,-81.0196796,14z",2026-04-29T04:41:44.600Z,· In-store shopping · In-store pick-up · Delivery,,
https://www.google.com/maps/place/Zahn%27s+Flowers/data=!4m7!3m6!1s0x88e6da288712fa85:0xe34213da19516ed4!8m2!3d29.2256624!4d-81.0310616!16s%2Fg%2F12605dl4y!19sChIJhfoShyja5ogR1G5RGdoTQuM,Zahn's Flowers,4.3,267,Florist,"818 N Ridgewood Ave, Daytona Beach, FL 32114, United States","6XG9+7H Daytona Beach, Florida, USA",https://zahnsflowers.com/,+1 386-252-3615,,,https://lh3.googleusercontent.com/gps-cs-s/APNQkAHmHhgv0vPlf3FRBbP_hWokz_OrFw0j725Zr0j7EI2AeS7HND22G5WtDUuK-k-EIDJt2hqXbYFQcp2RM6l1sfTQYVgW17iJFCArQ-OpV4J7g9RP7C6kGF7xgOLgv0VF1fAJJwgKDg=w426-h240-k-no,true,9 am–5 pm,9 am–5 pm,9 am–5 pm,Closed,Closed,9 am–5 pm,9 am–5 pm,"https://www.google.com/maps/search/tree+service+businesses+in+Daytona+Beach+Daytona+Beach+FL/@29.2071029,-81.0196796,14z",2026-04-29T04:41:49.259Z,· In-store shopping · In-store pick-up · Delivery,,
"https://www.google.com/maps/place/Conrad+Yelvington+Distributors/@29.177093,-81.0592079,17z/data=!3m1!4b1!4m6!3m5!1s0x88e6d93cac97750d:0xfb9a7007c1f6f2f0!8m2!3d29.177093!4d-81.0592079!16s%2Fg%2F1t_khbvk",Conrad Yelvington Distributors,5.0,3,Landscaping supply store,"2328 Bellevue Ave, Daytona Beach, FL 32114, United States","5WGR+R8 Daytona Beach, Florida, USA",https://cydi.com/,+1 386-257-5504,Closed · Opens 7 am,,,true,7 am–3 pm,7 am–3 pm,7 am–3 pm,Closed,Closed,7 am–3 pm,7 am–3 pm,"https://www.google.com/maps/search/tree+service+businesses+in+Daytona+Beach+Daytona+Beach+FL/@29.2071029,-81.0196796,14z",2026-04-29T04:41:56.284Z,· Delivery,,
https://www.google.com/maps/place/Halifax+Health+Medical+Center/data=!4m7!3m6!1s0x88e6d95d66781f41:0x4428e003ba9be3e0!8m2!3d29.2009696!4d-81.054236!16s%2Fm%2F047dxr8!19sChIJQR94Zl3Z5ogR4OObugPgKEQ,Halifax Health Medical Center,3.3,1226,General hospital,"303 N Clyde Morris Blvd, Daytona Beach, FL 32114, United States","6W2W+98 Daytona Beach, Florida, USA",https://halifaxhealth.org/locations/halifax-health-medical-center-of-daytona-beach,+1 386-425-4000,,LGBTQ+ friendly,https://lh3.googleusercontent.com/gps-cs-s/APNQkAFHt2CFnXTP8hHYqXCe-suUOpx8ah-syLqdDx1v2m_UFhwNGBDhKb_Kptbrgtjxm2a2OYzGxO3SvzMS_qSSDuQb07bPIBS6tgMI7R1OJTTxsy0NVeOcHHuUH1KAw8tRJRNfQriHdg=w408-h272-k-no,true,Open 24 hours,Open 24 hours,Open 24 hours,Open 24 hours,Open 24 hours,Open 24 hours,Open 24 hours,"https://www.google.com/maps/search/tree+service+businesses+in+Daytona+Beach+Daytona+Beach+FL/@29.2071029,-81.0196796,14z",2026-04-29T04:42:00.940Z,,,
https://www.google.com/maps/place/Action+Roofing/data=!4m7!3m6!1s0x88e6d9e81aeacc1b:0xf2220f6742364ba4!8m2!3d29.2112731!4d-81.0634114!16s%2Fg%2F11mvr4636w!19sChIJG8zqGujZ5ogRpEs2QmcPIvI,Action Roofing,5.0,16,Roofing contractor,"772 Georgia St, Daytona Beach, FL 32114, United States","6W6P+GJ Daytona Beach, Florida, USA",https://action-roofing.ueniweb.com/?utm_campaign=gmb,+1 415-349-5506,Open 24 hours,,https://streetviewpixels-pa.googleapis.com/v1/thumbnail?panoid=1JFPtIkWfv8BO_5ab6lAgQ&cb_client=search.gws-prod.gps&w=408&h=240&yaw=254.13239&pitch=0&thumbfov=100,true,Open 24 hours,Open 24 hours,Open 24 hours,Open 24 hours,Open 24 hours,Open 24 hours,Open 24 hours,"https://www.google.com/maps/search/tree+service+businesses+in+Daytona+Beach+Daytona+Beach+FL/@29.2071029,-81.0196796,14z",2026-04-29T04:42:05.330Z,,,
https://www.google.com/maps/place/REDLIGHT+DAYTONA/data=!4m7!3m6!1s0x88e6db1cffb89083:0xa600bc8e169590db!8m2!3d29.214011!4d-81.0215091!16s%2Fg%2F11yj5v9srv!19sChIJg5C4_xzb5ogR25CVFo68AKY,REDLIGHT DAYTONA,4.9,57,Thrift store,"124 Bay St, Daytona Beach, FL 32114, United States","6X7H+J9 Daytona Beach, Florida, USA",http://redlightdaytona.com/,+1 321-765-2755,"Closed · Opens 1 pm

Confirmed by this business 9 weeks ago",,https://lh3.googleusercontent.com/gps-cs-s/APNQkAGl8XxGH8yhfVp4fg013D6No2WIJHr-CZdb5OMB47ZZvI43r7VNz3QgURHrbJ7Pjbk563exBaPMwrFnd0rMIrDPwNPAdidyUT57dH4UHEwEoTBrq11J0eCb4X3uJ96wDswZ9vDNEnWNxzNZ=w408-h544-k-no,true,1–7 pm,1–7 pm,1–7 pm,1–7 pm,1–7 pm,1–7 pm,1–7 pm,"https://www.google.com/maps/search/tree+service+businesses+in+Daytona+Beach+Daytona+Beach+FL/@29.2071029,-81.0196796,14z",2026-04-29T04:42:10.042Z,,,
https://www.google.com/maps/place/Chef+Papa%27s+Cafe+and+Catering/data=!4m7!3m6!1s0x88e6d9882c08c06f:0x7fb04e558cdedceb!8m2!3d29.2105674!4d-81.0190887!16s%2Fg%2F1tfbjk10!19sChIJb8AILIjZ5ogR69zejFVOsH8,Chef Papa's Cafe and Catering,4.7,122,Caterer,"156 S Beach St, Daytona Beach, FL 32114, United States","6X6J+69 Daytona Beach, Florida, USA",http://chefpapas.com/,+1 386-253-5080,,,https://lh3.googleusercontent.com/gps-cs-s/APNQkAHbPMUV7iXzLRyYGeaP9M7qwqm53GkwlZ0KNVeYsw8R-AxBGC2s4N0zoHiduAF5z79EFPqHfxz3zLxUssz1HOkAbR79XFDlW5eEN-eTgJSzim-TIyG_xAetcCASSeCNRoT_UYc=w408-h839-k-no,true,,,,,,,,"https://www.google.com/maps/search/tree+service+businesses+in+Daytona+Beach+Daytona+Beach+FL/@29.2071029,-81.0196796,14z",2026-04-29T04:42:14.398Z,· Dine-in · Takeaway · Delivery,,
https://www.google.com/maps/place/Veteran+Tree+Surgeons/data=!4m7!3m6!1s0x6f75240d1c498d55:0x1facb39fed098e6c!8m2!3d29.0225621!4d-81.172182!16s%2Fg%2F11tcjw6q8v!19sChIJVY1JHA0kdW8RbI4J7Z-zrB8,Veteran Tree Surgeons,3.3,12,Tree service,,,,+1 386-278-9922,Closed · Opens 7 am,,https://lh3.googleusercontent.com/gps-cs-s/APNQkAETjGt040zwaNmNGhxuH-uP1vAQEwKxXh2cZTlChFkxKKuT0tdfJoXnjhFvGQSrUnD8vtgdX7KT1DQdtP17X6aWJL8D9eFEDJepq2QH79GIDI_xbhlYPF3Ps0i4wiEbQOtyNL8ztQ=w408-h544-k-no,true,7 am–5 pm,7 am–5 pm,7 am–5 pm,Closed,Closed,7 am–5 pm,7 am–5 pm,"https://www.google.com/maps/search/tree+service+businesses+in+Daytona+Beach+Daytona+Beach+FL/@29.2071029,-81.0196796,14z",2026-04-29T04:42:18.721Z,,,
https://www.google.com/maps/place/Darryl+Hamilton+Tree+Service/data=!4m7!3m6!1s0x88e6db58506f8d45:0xdf68ba9bc1888997!8m2!3d46.423669!4d-129.9427086!16s%2Fg%2F11rtvfy430!19sChIJRY1vUFjb5ogRl4mIwZu6aN8,Darryl Hamilton Tree Service,,,Tree service,,,https://treeelevationdaytonabeach.com/,+1 386-566-5147,Open 24 hours,,https://lh3.googleusercontent.com/gps-cs-s/APNQkAHaSer3qeCAI91fKG6wqfgn6kpEIqgqbRC7DPX-nHaXXHvaAETzXmEuOrHzAU-prCcQ2OA7VpnfpSpYEL92-AknaXgJy-Ii1tubvRfKBINdl4pv8r5LmHzguWzYv73KcaGQ6QLk=w426-h240-k-no,true,Open 24 hours,Open 24 hours,Open 24 hours,Open 24 hours,Open 24 hours,Open 24 hours,Open 24 hours,"https://www.google.com/maps/search/tree+service+businesses+in+Daytona+Beach+Daytona+Beach+FL/@29.2071029,-81.0196796,14z",2026-04-29T04:42:23.460Z,,,
https://www.google.com/maps/place/Firestone+Complete+Auto+Care/data=!4m7!3m6!1s0x88e6d948bf56c2bd:0x13ed5529d73675ee!8m2!3d29.1947994!4d-81.064685!16s%2Fg%2F1td2vqhf!19sChIJvcJWv0jZ5ogR7nU21ylV7RM,Firestone Complete Auto Care,4.3,498,Tire shop,"1760 W International Speedway Blvd, Daytona Beach, FL 32114, United States","5WVP+W4 Daytona Beach, Florida, USA",https://www.firestonecompleteautocare.com/florida/daytona-beach/1760-w-international-speedway-blvd/?utm_source=google&utm_medium=organic&utm_campaign=localmaps&cmp=oloc_google_localmaps_maps,+1 386-882-9892,"Closed · Opens 7 am

Confirmed by this business 3 weeks ago",LGBTQ+ friendly,https://lh3.googleusercontent.com/gps-cs-s/APNQkAGf1ko26oBpJsqcgscw18hYfl_EQYyrz_9z5lJKa_qpyB2sEBdAfzRSq6s7Z4esAVvuYwfHH2MukzC7z7cavJR53teJ8Lkx6UYfimUYro8V77DtII9LwGOaMZOzVzfbtPIeW5yiNm-zTbxB=w408-h544-k-no,true,7 am–7 pm,7 am–7 pm,7 am–7 pm,7 am–6 pm,8 am–5 pm,7 am–7 pm,7 am–7 pm,"https://www.google.com/maps/search/tree+service+businesses+in+Daytona+Beach+Daytona+Beach+FL/@29.2071029,-81.0196796,14z",2026-04-29T04:42:28.431Z,· In-store shopping · Kerbside pickup,,
https://www.google.com/maps/place/Honest+Arborist+%26+Bobcat+Solutions/data=!4m7!3m6!1s0x8b9959f2be4b0687:0x9d11fe760f565178!8m2!3d29.0225621!4d-81.172182!16s%2Fg%2F11y5vhs0b1!19sChIJhwZLvvJZmYsReFFWD3b-EZ0,Honest Arborist & Bobcat Solutions,4.3,6,Tree service,,,http://honestarboristfl.com/,+1 386-285-8127,Open 24 hours,,https://lh3.googleusercontent.com/gps-cs-s/APNQkAEjHSf7UjGLGvhvvAKuipCuW03E6dm8WJgD0TYt52AHaNRu9gAfG76EjOgUrO1l_80pWgFxLxhAyaTKBPjmv1zgx_WrTzKbId-Euj4imktS6YZGAxDEEU2qIlTnmKwW8QxfBaNlRg=w408-h544-k-no,true,Open 24 hours,Open 24 hours,Open 24 hours,Open 24 hours,Open 24 hours,Open 24 hours,Open 24 hours,"https://www.google.com/maps/search/tree+service+businesses+in+Daytona+Beach+Daytona+Beach+FL/@29.2071029,-81.0196796,14z",2026-04-29T04:42:32.868Z,,,
https://www.google.com/maps/place/Tom+Cook+Jeweler+Inc/data=!4m7!3m6!1s0x88e6da27b806afbf:0x9074dbd02b8e6534!8m2!3d29.2108496!4d-81.0190236!16s%2Fg%2F1tplr421!19sChIJv68GuCfa5ogRNGWOK9DbdJA,Tom Cook Jeweler Inc,4.7,215,Jeweler,"150 S Beach St, Daytona Beach, FL 32114, United States","6X6J+89 Daytona Beach, Florida, USA",http://www.tomcookjeweler.com/,+1 386-255-1468,Closed · Opens 9:30 am,Identifies as women-owned,https://lh3.googleusercontent.com/gps-cs-s/APNQkAG0VLok_MMFdgZH5L53HJl2LH6X1oVbiOaWbytjRt07-Y5xdPm3U5rZpLmwjUXwQaVQBZ5MiXIQcxjB1qo4AhJ3L-EgejVA-zxHqTw7W7x1pAnB5DKoESM4ll59A3TSqEM7oVRq=w408-h272-k-no,true,9:30 am–5:30 pm,9:30 am–5:30 pm,9:30 am–5:30 pm,10 am–5 pm,Closed,9:30 am–5:30 pm,9:30 am–5:30 pm,"https://www.google.com/maps/search/tree+service+businesses+in+Daytona+Beach+Daytona+Beach+FL/@29.2071029,-81.0196796,14z",2026-04-29T04:42:38.225Z,· In-store shopping · Kerbside pickup · Delivery,,
https://www.google.com/maps/place/J+D+Painting/data=!4m7!3m6!1s0x88e6dbcf652876d1:0x88f9bf961369e1bf!8m2!3d29.2253847!4d-81.0417585!16s%2Fg%2F1thss63l!19sChIJ0XYoZc_b5ogRv-FpE5a_-Yg,J D Painting,4.0,1,Painter,"610 Brentwood Dr, Daytona Beach, FL 32117, United States","6XG5+57 Daytona Beach, Florida, USA",,+62 831-3820-9431,,,https://streetviewpixels-pa.googleapis.com/v1/thumbnail?panoid=rJQCRvdqr58TitUg3nE7vQ&cb_client=search.gws-prod.gps&w=408&h=240&yaw=316.2826&pitch=0&thumbfov=100,false,,,,,,,,"https://www.google.com/maps/search/tree+service+businesses+in+Daytona+Beach+Daytona+Beach+FL/@29.2071029,-81.0196796,14z",2026-04-29T04:42:41.121Z,,,
https://www.google.com/maps/place/Madden%27s+Ace+Hardware+3/data=!4m7!3m6!1s0x88e6dbca934bffad:0xac0752a4463db067!8m2!3d29.231325!4d-81.0329547!16s%2Fg%2F1vjdqwzy!19sChIJrf9Lk8rb5ogRZ7A9RqRSB6w,Madden's Ace Hardware 3,4.5,1339,Hardware store,"261 Ridgewood Ave, Holly Hill, FL 32117, United States","6XJ8+GR Holly Hill, Florida, USA",http://www.acehardware.com/mystore/index.jsp?store=14359&cid=localstore14359,+1 386-226-1425,Closed · Opens 7 am,,https://lh3.googleusercontent.com/gps-cs-s/APNQkAHMtLvoyNBxorYrauI1neVpzFTEx4ygbd_7fVOcmEXpsn9hoYphFro-cAZQWSN3BLUa4DAz_bobsAwyhITSMpJnyNSMu2D1BY_dpln9v9ufBBDHoIVd3fXaasWyfWLsAExDWYHMyi9jkz5O=w533-h240-k-no,true,7 am–8 pm,7 am–8 pm,7 am–8 pm,8 am–7 pm,8 am–6 pm,7 am–8 pm,7 am–8 pm,"https://www.google.com/maps/search/tree+service+businesses+in+Daytona+Beach+Daytona+Beach+FL/@29.2071029,-81.0196796,14z",2026-04-29T04:42:46.563Z,"Hardware store stocking household tools, garden supplies, home decor & more. · In-store shopping · In-store pick-up · Delivery",,
https://www.google.com/maps/place/Sprinkler+Repair+Inc/data=!4m7!3m6!1s0x88e6d97000000001:0xb8a1c59b856ae651!8m2!3d29.1987957!4d-81.0423429!16s%2Fg%2F125_w4tx9!19sChIJAQAAAHDZ5ogRUeZqhZvFobg,Sprinkler Repair Inc,1.0,1,Lawn sprinkler system contractor,"Daytona Beach, FL 32114, United States",,,+1 386-252-9976,,,https://streetviewpixels-pa.googleapis.com/v1/thumbnail?panoid=KSnCbunFIBcNA8v62JE7Lw&cb_client=search.gws-prod.gps&w=408&h=240&yaw=27.352125&pitch=0&thumbfov=100,false,,,,,,,,"https://www.google.com/maps/search/tree+service+businesses+in+Daytona+Beach+Daytona+Beach+FL/@29.2071029,-81.0196796,14z",2026-04-29T04:42:49.118Z,,,
https://www.google.com/maps/place/Big+League+Landscape/data=!4m7!3m6!1s0x88e6db333996d9a5:0xa72fed4e39333a06!8m2!3d46.423669!4d-129.9427086!16s%2Fg%2F11f5qsjv8s!19sChIJpdmWOTPb5ogRBjozOU7tL6c,Big League Landscape,,,Landscaper,,,http://www.bigleaguelandscape.com/,+1 386-244-9098,Closed · Opens 8 am,,https://lh3.googleusercontent.com/gps-cs-s/APNQkAFscAd9nDCxUl0y6ozUoaZSBLyyt8VaC3PKjbRTZf5-BTRwPwKXK9lgFZHRqXObchP5e2LjJzaLs_hprvmmoDBzpBY-yS3EVb3vHGser0QKTZ6ameI7jvWDy2kGdUU9caCK7drlfw=w408-h306-k-no,true,8 am–5 pm,8 am–5 pm,8 am–5 pm,Closed,Closed,8 am–5 pm,8 am–5 pm,"https://www.google.com/maps/search/tree+service+businesses+in+Daytona+Beach+Daytona+Beach+FL/@29.2071029,-81.0196796,14z",2026-04-29T04:42:53.827Z,,,
https://www.google.com/maps/place/Surf+N+Turf+Realty/data=!4m7!3m6!1s0x88e6db3b1311ca07:0xbbc17c53b2ac8c19!8m2!3d29.2042132!4d-81.0188579!16s%2Fg%2F11mvv74v00!19sChIJB8oREzvb5ogRGYysslN8wbs,Surf N Turf Realty,4.9,51,Mobile home dealer,"435 S Ridgewood Ave #210C, Daytona Beach, FL 32114, United States","6X3J+MF Daytona Beach, Florida, USA",http://www.surfnturfrealty.com/,+1 386-270-6332,,,https://streetviewpixels-pa.googleapis.com/v1/thumbnail?panoid=dMtRhKZgL_Wcc3wgClYwaQ&cb_client=search.gws-prod.gps&w=408&h=240&yaw=64.39503&pitch=0&thumbfov=100,true,,,,,,,,"https://www.google.com/maps/search/tree+service+businesses+in+Daytona+Beach+Daytona+Beach+FL/@29.2071029,-81.0196796,14z",2026-04-29T04:42:56.201Z,,,
https://www.google.com/maps/place/Planet+13+Neighborhood+Dispensary+Daytona+Beach/data=!4m7!3m6!1s0x88e6db42e092f3f1:0x11672fd0a9a49af4!8m2!3d29.2262884!4d-81.0498812!16s%2Fg%2F11f6tqmpq5!19sChIJ8fOS4ELb5ogR9JqkqdAvZxE,Planet 13 Neighborhood Dispensary Daytona Beach,4.6,429,Cannabis store,"1027 N Nova Rd #105, Daytona Beach, FL 32117, United States","6XG2+G2 Daytona Beach, Florida, USA",https://planet13.com/stores/holly-hill,+1 386-281-3296,,,https://lh3.googleusercontent.com/gps-cs-s/APNQkAFhhDl_evQ3sFP6gbkmu3GQTlxPN1tr9Kt8W4c6NGTMTJqwTTUamA4zuR8IAd_v2ZQd-slG5MTZRV9TZdW6Spxm1Br_sp2ial3iDTw20mHxT_cxWKwDOgOy8Te15HhCt9VrksDYg-NkTXoy=w408-h408-k-no,true,9 am–6:30 pm,9 am–6:30 pm,9 am–6:30 pm,9 am–6:30 pm,11 am–4:30 pm,9 am–6:30 pm,9 am–6:30 pm,"https://www.google.com/maps/search/tree+service+businesses+in+Daytona+Beach+Daytona+Beach+FL/@29.2071029,-81.0196796,14z",2026-04-29T04:43:00.900Z,· In-store shopping · In-store pick-up,,
https://www.google.com/maps/place/Turf+Tenders+Inc/data=!4m7!3m6!1s0x88e6dc7fd832fa03:0x5cef53b5b91bc080!8m2!3d29.1418745!4d-81.172182!16s%2Fg%2F11c6smb3lj!19sChIJA_oy2H_c5ogRgMAbubVT71w,Turf Tenders Inc,5.0,8,Landscaper,,,,+1 386-847-3783,Closed · Opens 8 am,,https://lh3.googleusercontent.com/gps-cs-s/APNQkAEwSZlPy4uB_63OngnviHpfqpmlLvG4aWZaeSkWOSbwxubfCuYJw2FD2K5g_ecZsbEPlSo0DRtavdm8AHnhXq-6LMpHbpx4BZAUINaKDFTwV7OOvoM8fOnRvTLpEDNYAfiM1xOQJQ=w408-h306-k-no,true,8 am–6 pm,8 am–6 pm,8 am–6 pm,8 am–6 pm,8 am–6 pm,8 am–6 pm,8 am–6 pm,"https://www.google.com/maps/search/tree+service+businesses+in+Daytona+Beach+Daytona+Beach+FL/@29.2071029,-81.0196796,14z",2026-04-29T04:43:05.231Z,,,
https://www.google.com/maps/place/EZ+Tree+Solutions+Inc./data=!4m7!3m6!1s0x88e6ddac71eb6069:0x7056408fa9918b2!8m2!3d29.2606973!4d-81.0768239!16s%2Fg%2F11w43pqbjr!19sChIJaWDrcazd5ogRshiZ-ghkBQc,EZ Tree Solutions Inc.,5.0,14,Tree service,"2013 Linda Ave, Ormond Beach, FL 32174, United States","7W6F+77 Ormond Beach, Florida, USA",https://facebook.com/eztreesol,+1 386-268-3175,Open 24 hours,,https://lh3.googleusercontent.com/gps-cs-s/APNQkAHY5BOTK5By3sPKPH6Q-uDbov_Fx5_IvBUjB9xzfobTWW01ERRxbbopCHSuy3Ou5bm6q8uJyORu6pbDiCuOKYSvUyBP52AauHM9btBMUdS46Cm7wjW8DzsWV8J9loN1B9K_gZo=w408-h544-k-no,true,Open 24 hours,Open 24 hours,Open 24 hours,Open 24 hours,Open 24 hours,Open 24 hours,Open 24 hours,"https://www.google.com/maps/search/tree+service+businesses+in+Ormond+Beach+Daytona+Beach+FL/@29.2858129,-81.0558894,14z",2026-04-29T04:43:25.880Z,,,
"https://www.google.com/maps/place/Greg%27s+Tree+Service+LLC+Volusia+County,+FL/data=!4m7!3m6!1s0x88e6c3373bd0de31:0x28047ef51acfaed5!8m2!3d29.3162183!4d-81.102162!16s%2Fg%2F11dxny9p7p!19sChIJMd7QOzfD5ogR1a7PGvV-BCg","Greg's Tree Service LLC Volusia County, FL",4.6,14,Tree service,"Roberts St, Ormond Beach, FL 32174, United States","8V8X+F4 Ormond Beach, Florida, USA",,+1 386-631-0757,Open 24 hours,,https://lh3.googleusercontent.com/gps-cs-s/APNQkAHhp1z5-IGVoSrrJwveP1kvYAo2Nq1t16G5wEhgf43C0MCeW90BeT1TNv6rF2XvEy9FraKpN8-yZd--n1jKX1B9WUqy96dQv2prLMzv08ldUyJ8mGQxLKJg8vYPJp-MV2kuyxJ3Hg=w408-h306-k-no,false,Open 24 hours,Open 24 hours,Open 24 hours,Open 24 hours,Open 24 hours,Open 24 hours,Open 24 hours,"https://www.google.com/maps/search/tree+service+businesses+in+Ormond+Beach+Daytona+Beach+FL/@29.2858129,-81.0558894,14z",2026-04-29T04:43:30.566Z,,,
"https://www.google.com/maps/place/Ormond+Beach+Tree+Removal+%26+Trimming+Services,+Stump+Grinding,+Land+Clearing,+Emergency+Tree+Care/data=!4m7!3m6!1s0x88e6ddd8a1bfbc0d:0x6d912b56be053d26!8m2!3d29.2702133!4d-81.0861228!16s%2Fg%2F11xyq19ydk!19sChIJDby_odjd5ogRJj0FvlYrkW0","Ormond Beach Tree Removal & Trimming Services, Stump Grinding, Land Clearing, Emergency Tree Care",5.0,3,Tree service,"1285 Gallaten Rd, Ormond Beach, FL 32174, United States","7WC7+3H Ormond Beach, Florida, USA",https://deltonatreeremovalservice.com/ormond-beach,+1 407-598-5504,Open 24 hours,LGBTQ+ friendly,https://lh3.googleusercontent.com/gps-cs-s/APNQkAGZ-OJVbwbCdwTEGm-0Gy3bq7btXY2hBazOskPOEAI8Ggm00P9NsBjGiNYzoPX6zojYl2wciCyTQD4HaomhuZkoMwo8WTYHgrdzud8uoSzNYCodzvFyvt97Xl3ZXV0PxD8rD1mj9fpuoD8=w408-h306-k-no,true,Open 24 hours,Open 24 hours,Open 24 hours,Open 24 hours,Open 24 hours,Open 24 hours,Open 24 hours,"https://www.google.com/maps/search/tree+service+businesses+in+Ormond+Beach+Daytona+Beach+FL/@29.2858129,-81.0558894,14z",2026-04-29T04:43:34.942Z,,,
https://www.google.com/maps/place/Florida+Tree+Care+Services/data=!4m7!3m6!1s0x88e6db9e5da4e7c7:0x5237b36391e7ac00!8m2!3d29.2818722!4d-81.0401298!16s%2Fg%2F11lhn00pyb!19sChIJx-ekXZ7b5ogRAKznkWOzN1I,Florida Tree Care Services,5.0,6,Tree service,"119 Arlington Way, Ormond Beach, FL 32176, United States","7XJ5+PW Ormond Beach, Florida, USA",http://treecareexpert.com/,+1 386-222-5006,Closed · Opens 8 am,,https://lh3.googleusercontent.com/gps-cs-s/APNQkAEWujssR0UWdNNLo5SaWUjciXl-eis-jqEMeYIVk4qenIawCq564-wAuO9Dx2kGJca87zyIzAwjRiMgQQdm7KWe7Tz0QvnyhU80ZzJVn-WVO-Ko84PTdndZPWBDJhlt8cwzm30v=w408-h306-k-no,true,8 am–5 pm,8 am–5 pm,8 am–5 pm,8 am–1 pm,Closed,8 am–5 pm,8 am–5 pm,"https://www.google.com/maps/search/tree+service+businesses+in+Ormond+Beach+Daytona+Beach+FL/@29.2858129,-81.0558894,14z",2026-04-29T04:43:39.402Z,,,
https://www.google.com/maps/place/Tree+Life/data=!4m7!3m6!1s0x88e6db6dd87eaaab:0x1f631becab7aefe5!8m2!3d29.2710741!4d-81.0588827!16s%2Fg%2F11srgjw6kn!19sChIJq6p-2G3b5ogR5e96q-wbYx8,Tree Life,5.0,6,Tree service,"281 Hand Ave, Ormond Beach, FL 32174, United States","7WCR+CC Ormond Beach, Florida, USA",https://www.treelifeflorida.com/contact,+1 386-867-7050,,,https://lh3.googleusercontent.com/gps-cs-s/APNQkAHR04hQlP57jO3W-WoRxd5PvP4nlprZf0UlYDftpCnz4gb4K0lu7P-DPiO31Or4RO-S7WXdFbqkZCaKUL0GlQw-WzdqpzAE9yukvKvfbc3Og6AX3K8A1vrnLyArcwP8wZ2X9OJ-=w408-h544-k-no,false,,,,,,,,"https://www.google.com/maps/search/tree+service+businesses+in+Ormond+Beach+Daytona+Beach+FL/@29.2858129,-81.0558894,14z",2026-04-29T04:43:41.800Z,,,
https://www.google.com/maps/place/T%26D+Tree+Services+LLC./data=!4m7!3m6!1s0x88e6e79f5cd4ccf5:0x13415abaad0b6e35!8m2!3d29.2874961!4d-81.1306915!16s%2Fg%2F1v_0kkmb!19sChIJ9czUXJ_n5ogRNW4LrbpaQRM,T&D Tree Services LLC.,4.7,46,Tree service,"500 N Tymber Creek Rd, Ormond Beach, FL 32174, United States","7VP9+XP Ormond Beach, Florida, USA",http://treedoctorormondbeach.com/,+1 386-882-7677,Open 24 hours,,https://lh3.googleusercontent.com/gps-cs-s/APNQkAFEfxk3kAxVU10bYFPEO1L_ueW9gvd_pTTBaAxZxEWDFfWP1G3hpmGHsLvwDPLyR2bWagbt84QaOZX-ItkM0g57pRMfd26S4BP2ECc-2TNDu3LJmSFYQiYNlYp3nUBBlnh_dqI=w408-h271-k-no,true,Open 24 hours,Open 24 hours,Open 24 hours,Open 24 hours,Open 24 hours,Open 24 hours,Open 24 hours,"https://www.google.com/maps/search/tree+service+businesses+in+Ormond+Beach+Daytona+Beach+FL/@29.2858129,-81.0558894,14z",2026-04-29T04:43:46.203Z,,,
https://www.google.com/maps/place/Ormond+Beach+Tree+Service/data=!4m7!3m6!1s0x88e6c335085f2d97:0x59bafce7f8425f8b!8m2!3d29.3322935!4d-81.10974!16s%2Fg%2F11xg5ws3d4!19sChIJly1fCDXD5ogRi19C-Of8ulk,Ormond Beach Tree Service,5.0,5,Tree service,"53 Timucuan Dr, Ormond Beach, FL 32174, United States","8VJR+W4 Ormond Beach, Florida, USA",,+1 386-272-7165,Open 24 hours,,https://lh3.googleusercontent.com/gps-cs-s/APNQkAEMSi83MduDGoyDLUpqGVNh07bv9bVuwjvIIwIncPpU1HMQi_Z7t6qC02pkNcajg4WmglH31LHrGboZJoOhJL47-JpmEunrgmrXXH2siyeFvIjnIB5KGfttAeSX4_Q_G8Kg1KZauMi9C0zs=w408-h306-k-no,true,Open 24 hours,Open 24 hours,Open 24 hours,Open 24 hours,Open 24 hours,Open 24 hours,Open 24 hours,"https://www.google.com/maps/search/tree+service+businesses+in+Ormond+Beach+Daytona+Beach+FL/@29.2858129,-81.0558894,14z",2026-04-29T04:43:50.669Z,,,
https://www.google.com/maps/place/Tree+Life+Florida+LLC/data=!4m7!3m6!1s0x88e6db95f1927e33:0x6849609847faa72!8m2!3d28.5962065!4d-80.790433!16s%2Fg%2F11qn965949!19sChIJM36S8ZXb5ogRcqp_hAmWhAY,Tree Life Florida LLC,4.6,32,Tree service,,,https://www.treelifeflorida.com/,+1 386-867-7050,Closed · Opens 8 am,,https://lh3.googleusercontent.com/gps-cs-s/APNQkAHWWDnNXj6oW6NmMkuWCEV6OJU7yjm3E71DzPziHpiRaRuL_CZ8QHsfcLpFxd8kbjX_iCVK1KretLTE9pkO8sEPONDE7OYbC-ULGDA8XjvRMUgAocf0WVrBjlOlRwG8BRgqfPzblQ=w427-h240-k-no,true,8 am–6 pm,8 am–6 pm,8 am–6 pm,8 am–6 pm,Closed,8 am–6 pm,8 am–6 pm,"https://www.google.com/maps/search/tree+service+businesses+in+Ormond+Beach+Daytona+Beach+FL/@29.2858129,-81.0558894,14z",2026-04-29T04:43:54.973Z,,,
https://www.google.com/maps/place/The+tree+nanny/data=!4m7!3m6!1s0xad8359d2ede9bead:0xcf3dcf0c6a4ed75c!8m2!3d29.274124!4d-81.0680974!16s%2Fg%2F11m6dj7t45!19sChIJrb7p7dJZg60RXNdOagzPPc8,The tree nanny,5.0,14,Tree service,"478 Hammock Ln, Ormond Beach, FL 32174, United States","7WFJ+JQ Ormond Beach, Florida, USA",,+1 909-821-2301,Closed · Opens 8 am,,https://lh3.googleusercontent.com/gps-cs-s/APNQkAHhj5WsOl8GY0hgLH8-1k3RKmz4-0Q-M6XzGaXWuKSS-R65N32IRfXVRnllaYS0m2uCJ4jpv3ZvEdFHATUXyTt_6vgObSfDZ0nKEctlWfvlds4scXlmPE0ipnrrKmzwl_aSZPHo=w408-h306-k-no,true,8 am–5:30 pm,8 am–5:30 pm,8 am–5:30 pm,8 am–5:30 pm,8 am–5:30 pm,8 am–5:30 pm,8 am–5:30 pm,"https://www.google.com/maps/search/tree+service+businesses+in+Ormond+Beach+Daytona+Beach+FL/@29.2858129,-81.0558894,14z",2026-04-29T04:43:59.537Z,,,
https://www.google.com/maps/place/Tree+Worx/data=!4m7!3m6!1s0x88e6d993bd5d45d9:0xb35006095f4a7035!8m2!3d29.2515949!4d-81.1123988!16s%2Fg%2F11b6jgwnss!19sChIJ2UVdvZPZ5ogRNXBKXwkGULM,Tree Worx,4.0,77,Tree service,"260 Williamson Blvd Unit 73198930571, Ormond Beach, FL 32174, United States","7V2Q+J2 Ormond Beach, Florida, USA",,+1 386-307-9217,Closed · Opens 6 am,,https://lh3.googleusercontent.com/gps-cs-s/APNQkAE8lcTkht2LGQ3er3zJT4UGPwCA8AozOZQU7fYSsVWlVXhTcf8xmS-4q8JhWiJC4Mkb_kD_SaJ3q5luVVBVHoyg_VXOklfg8YT3DYmHvHzTtn1Jc8ylqHq_-vIBRLT4c-oYhFvO=w768-h240-k-no,true,6 am–9 pm,6 am–9 pm,6 am–9 pm,9 am–6 pm,12–6 pm,6 am–9 pm,6 am–9 pm,"https://www.google.com/maps/search/tree+service+businesses+in+Ormond+Beach+Daytona+Beach+FL/@29.2858129,-81.0558894,14z",2026-04-29T04:44:03.951Z,,,
https://www.google.com/maps/place/Garden+Boys+Landscaping+LLC/data=!4m7!3m6!1s0xa8cbf2c172a016b1:0xd9927209817e4d9e!8m2!3d29.2882551!4d-81.0434487!16s%2Fg%2F11zk2pzkj_!19sChIJsRagcsHyy6gRnk1-gQlyktk,Garden Boys Landscaping LLC,5.0,72,Landscaper,"65 Seton Trail apt 08, Ormond Beach, FL 32176, United States","7XQ4+8J Ormond Beach, Florida, USA",https://www.gardenboyslandscaping.com/,+1 386-717-8903,Closed · Opens 7 am,,https://lh3.googleusercontent.com/gps-cs-s/APNQkAGIXXisRSufpRv7Xyy9FDZUMTp4vfuj3qe26OVt0JaV893B1_1SK0VigDGNonpTqYrN8_PKgyNoMUSm6f_Aqbjzz0skfazVqeTAR-B9n_dqWb78aMH02JMqZUHdD_ZXH1w8PCCHO0VI02w=w408-h544-k-no,true,7 am–5 pm,7 am–5 pm,7 am–5 pm,10 am–4 pm,Closed,7 am–5 pm,7 am–5 pm,"https://www.google.com/maps/search/tree+service+businesses+in+Ormond+Beach+Daytona+Beach+FL/@29.2858129,-81.0558894,14z",2026-04-29T04:44:08.288Z,,,
https://www.google.com/maps/place/Honesty+Works+LLC/data=!4m7!3m6!1s0x88e6c522edc30987:0x3e1ee29af1acf812!8m2!3d29.3256821!4d-81.0618784!16s%2Fg%2F11k6vkfk6t!19sChIJhwnD7SLF5ogREvis8ZriHj4,Honesty Works LLC,5.0,29,Tree service,"53 Alamanda Dr, Ormond Beach, FL 32176, United States","8WGQ+76 Ormond Beach, Florida, USA",https://honestyworksllc.wixsite.com/honest,+1 386-500-1168,Closed · Opens 8 am,,https://lh3.googleusercontent.com/gps-cs-s/APNQkAH7IzU85JdAYGy5xVVdcihquZv02M93VLRqkpTgoSVIpW8GuZ82JIqWlySWTcUZbYHusY6qA2lGnLVWq-8-y-f-OFYbLxb3uPBKS23sPgSfUJivy7XGeAL1F_pbpgl_ZPFSxM0nrQ=w408-h240-k-no,true,8 am–6 pm,8 am–6 pm,8 am–6 pm,Closed,Closed,8 am–6 pm,8 am–6 pm,"https://www.google.com/maps/search/tree+service+businesses+in+Ormond+Beach+Daytona+Beach+FL/@29.2858129,-81.0558894,14z",2026-04-29T04:44:12.716Z,,,
https://www.google.com/maps/place/Arborist+Pros+Tree+Service+LLC/data=!4m7!3m6!1s0x6496539b1a2fd8a5:0xbebcf3f6d4b589b7!8m2!3d29.3917938!4d-81.1480767!16s%2Fg%2F11t4td2vzs!19sChIJpdgvGptTlmQRt4m11PbzvL4,Arborist Pros Tree Service LLC,4.5,59,Tree service,"3425 Saltee Cir, Ormond Beach, FL 32174, United States","9VR2+PQ Ormond Beach, Florida, USA",https://www.arboristprosllc.com/,+1 386-414-6690,,LGBTQ+ friendly,https://lh3.googleusercontent.com/gps-cs-s/APNQkAG_ibSPWPPZ0gY-I8nsdKSfok5PjU5IE5s4R-9e3J11aX36gmea5VBcyE7EWqakmBnqZ8bIyd0yfRK2Yea2GH56d0xNJRjGFJ8_Wp00s3GTbrHBHSJjfe1B5S04_PTRAd53fz7k=w408-h544-k-no,true,,,,,,,,"https://www.google.com/maps/search/tree+service+businesses+in+Ormond+Beach+Daytona+Beach+FL/@29.2858129,-81.0558894,14z",2026-04-29T04:44:14.923Z,,,
"https://www.google.com/maps/place/Property+Care+Of+Volusia,+Inc./data=!4m7!3m6!1s0x4ca760d3eaed8161:0x4afb29b7b502913f!8m2!3d29.2307038!4d-81.2403157!16s%2Fg%2F11vplqpnf6!19sChIJYYHt6tNgp0wRP5ECtbcp-0o","Property Care Of Volusia, Inc.",5.0,52,Tree service,"221 Pine Cone Ln, Ormond Beach, FL 32174, United States","6QJ5+7V Ormond Beach, Florida, USA",http://propertycareofvolusia.com/,+1 386-527-1781,,LGBTQ+ friendly,https://lh3.googleusercontent.com/gps-cs-s/APNQkAE4u8ghioI61fWvN3q9M11w_HPQDQiDM5_DBCXlc9pTf_AMDSAnMQ5rKdahZ246sTqQIYwQ_ispW_nS6oMaGYQfy7xrHIDwhrWek9kOROC2ha6dJ8Q1qmgxgSrRai_IFhEfjWL8Hdlpc2qV=w426-h240-k-no,true,Open 24 hours,Open 24 hours,Open 24 hours,Open 24 hours,Closed,Open 24 hours,Open 24 hours,"https://www.google.com/maps/search/tree+service+businesses+in+Ormond+Beach+Daytona+Beach+FL/@29.2858129,-81.0558894,14z",2026-04-29T04:44:19.349Z,,,
https://www.google.com/maps/place/ArborView+Tree+Service+LLC/data=!4m7!3m6!1s0x88e6dda3341946e5:0xa8081688e0fd7159!8m2!3d28.9566603!4d-81.741734!16s%2Fg%2F11r10mht69!19sChIJ5UYZNKPd5ogRWXH94IgWCKg,ArborView Tree Service LLC,3.7,49,Tree service,,,,,,,https://lh3.googleusercontent.com/gps-cs-s/APNQkAG5UX0fBK3UYPhp1hP5o6BPpmoqPpBb1RYOXjINq8GgeaqUCJaRtZ_e1SQ_n2b-0H645KauAUP6B4MCi4OgPqVKUWRkebAeKL0MlfJgMs3jwpTMoK5V2OfwmoIFC_-9OmFa0oY=w408-h544-k-no,true,,,,,,,,"https://www.google.com/maps/search/tree+service+businesses+in+Ormond+Beach+Daytona+Beach+FL/@29.2858129,-81.0558894,14z",2026-04-29T04:44:21.506Z,,,
https://www.google.com/maps/place/AMG+Unlimited+Inc./data=!4m7!3m6!1s0x88e6c5446d0465f7:0xdc14958f843d4ef4!8m2!3d29.2770791!4d-81.0888655!16s%2Fg%2F11kb7r08l5!19sChIJ92UEbUTF5ogR9E49hI-VFNw,AMG Unlimited Inc.,4.7,14,Landscape designer,,,,+1 386-466-8640,Open 24 hours,,https://lh3.googleusercontent.com/gps-cs-s/APNQkAG8D2zYl1GAlgr2ibhSqWMFWr0ya1WuM4-1JCp3VLgYGKc6i-7UfB8vSWc6CEFrKK3TV4l4O4kCgkth3oeA0bXPAJTrNfVnsULmIudkmzLj2GHwUe5nTvjnX_UIJRrrM6nevISK=w408-h306-k-no,true,Open 24 hours,Open 24 hours,Open 24 hours,Open 24 hours,Open 24 hours,Open 24 hours,Open 24 hours,"https://www.google.com/maps/search/tree+service+businesses+in+Ormond+Beach+Daytona+Beach+FL/@29.2858129,-81.0558894,14z",2026-04-29T04:44:25.768Z,,,
"https://www.google.com/maps/place/Out+on+a+Limb+Lawn+%26+Tree+Service,+LLC/data=!4m7!3m6!1s0x6679c1ef03e67c3b:0x326fe8c972771643!8m2!3d29.162951!4d-81.1073895!16s%2Fg%2F11rknjgnjr!19sChIJO3zmA-_BeWYRQxZ3csnobzI","Out on a Limb Lawn & Tree Service, LLC",5.0,7,Tree service,,,,+1 386-852-0270,Open 24 hours,,https://lh3.googleusercontent.com/gps-cs-s/APNQkAFJmYGnFdKctsMjzp-kZxZ6QBaOdh195NW2NMgFnefvK6la_Ves7JVvChYeXo-6_8-2nrsCkFGUBBIZkBKIQFWrjQE3EVzL1C1IrqfMChuzXUblGkFuE5xb96V0c3u0msJSWbbW=w408-h544-k-no,true,Open 24 hours,Open 24 hours,Open 24 hours,Open 24 hours,Open 24 hours,Open 24 hours,Open 24 hours,"https://www.google.com/maps/search/tree+service+businesses+in+Ormond+Beach+Daytona+Beach+FL/@29.2858129,-81.0558894,14z",2026-04-29T04:44:30.275Z,,,
https://www.google.com/maps/place/Royal+Cuts+Landscaping+Service+LLC/data=!4m7!3m6!1s0x4a2d316832ac66f7:0x6aedf8826011d5a1!8m2!3d29.1418745!4d-81.172182!16s%2Fg%2F11pyc1s1qp!19sChIJ92asMmgxLUoRodURYIL47Wo,Royal Cuts Landscaping Service LLC,4.9,36,Landscape designer,,,,+1 386-262-2954,Closed · Opens 9 am,,https://lh3.googleusercontent.com/gps-cs-s/APNQkAHCmIwzBW2G3oK4cFAKXlTSgEGYEqcfqSF7Q6tFu5cP5VJDaJUI3GOfo7H6Ikd6oLBQEZcilai5BbLhXfXOJdSwEywwV5Wjdfb2y1JU70k1VBbF374h0rQQbVGIG3gxcaABXLs=w408-h306-k-no,true,9 am–6 pm,9 am–6 pm,9 am–6 pm,9 am–6 pm,9 am–6 pm,9 am–6 pm,9 am–6 pm,"https://www.google.com/maps/search/tree+service+businesses+in+Ormond+Beach+Daytona+Beach+FL/@29.2858129,-81.0558894,14z",2026-04-29T04:44:34.719Z,,,
https://www.google.com/maps/place/Sikorski+Landscaping+Inc/data=!4m7!3m6!1s0x88e6db5c3d1226e3:0xe333908909ab4d26!8m2!3d29.2850383!4d-81.0705834!16s%2Fg%2F1ptwp_c80!19sChIJ4yYSPVzb5ogRJk2rCYmQM-M,Sikorski Landscaping Inc,3.5,51,Landscaper,"299 N Orchard St Suite A, Ormond Beach, FL 32174, United States","7WPH+2Q Ormond Beach, Florida, USA",http://www.sikorskilandscaping.com/,+1 386-872-7313,Closed · Opens 9 am,,https://lh3.googleusercontent.com/gps-cs-s/APNQkAEpwenmAWrUS_AB-jEhBeLMWweLQU6YBPiuOnohxzYxuo4I19mWS4ErPtgAx01hA3UxH-a1ticT_2xtVd80zr0ZCXChmI-LKwhzZ9LxJ7fTGWD1vMwBIoRhmrM72qhgoCnxLL-n=w408-h306-k-no,true,9 am–5 pm,9 am–5 pm,9 am–5 pm,Closed,Closed,9 am–5 pm,9 am–5 pm,"https://www.google.com/maps/search/tree+service+businesses+in+Ormond+Beach+Daytona+Beach+FL/@29.2858129,-81.0558894,14z",2026-04-29T04:44:39.458Z,,,
https://www.google.com/maps/place/Local+Lawn+%26+Landscape/data=!4m7!3m6!1s0x88e6dbcec84856bf:0xdb3fe07a6f7fcda4!8m2!3d29.2560654!4d-81.0672046!16s%2Fg%2F11lt04x00z!19sChIJv1ZIyM7b5ogRpM1_b3rgP9s,Local Lawn & Landscape,4.6,10,Landscaper,"1018 Calle Grande St, Ormond Beach, FL 32174, United States","7W4M+C4 Ormond Beach, Florida, USA",,+1 386-214-9456,,,https://lh3.googleusercontent.com/gps-cs-s/APNQkAHmMOUtcGx3pyn7_LtcxYU9hwGYlu8aWsOyeZa1EwG_zR6Y_N5PfIY_TvG-afV7cJrf_WVRKDlby3pX4TqcomC20ZQ0VJjiYDwLxuCGviAH14r_VFKjUvS9H_HhsE-qnr8ct7EjUg=w408-h306-k-no,true,,,,,,,,"https://www.google.com/maps/search/tree+service+businesses+in+Ormond+Beach+Daytona+Beach+FL/@29.2858129,-81.0558894,14z",2026-04-29T04:44:42.192Z,,,
https://www.google.com/maps/place/Brookes+flower+bed+service+and+lawn+maintenance/data=!4m7!3m6!1s0xa7dac8498ceec6c1:0x2fa21454295ff3cd!8m2!3d46.423669!4d-129.9427086!16s%2Fg%2F11rwpcftfy!19sChIJwcbujEnI2qcRzfNfKVQUoi8,Brookes flower bed service and lawn maintenance,4.3,14,Gardener,,,https://brookesflowerbedserviceandmaintainbusiness.site/?utm_source=gmb&utm_medium=referral,+1 386-222-5930,Open 24 hours,LGBTQ+ friendly,https://lh3.googleusercontent.com/gps-cs-s/APNQkAFU5E1wa6gTJ_nslSDrNt6gfnHLJIRWs5Y7F-1G5Zc2KAwWfKbzGUK01mMf_R7XNdbdoZDOZ5hW7hHvwZL104p3S_4_AfHDBCOQJ0SSp8s5La1ZVzoo9IaO_K9hRFDZZ-Is-cXx=w408-h725-k-no,true,Open 24 hours,Open 24 hours,Open 24 hours,Open 24 hours,Open 24 hours,Open 24 hours,Open 24 hours,"https://www.google.com/maps/search/tree+service+businesses+in+Ormond+Beach+Daytona+Beach+FL/@29.2858129,-81.0558894,14z",2026-04-29T04:44:46.658Z,,,
https://www.google.com/maps/place/J+RIZZY%27S+LANDSCAPING+LLC/data=!4m7!3m6!1s0x88e6db40d42271f5:0xc7be6bfa00dba341!8m2!3d29.2075476!4d-81.0855621!16s%2Fg%2F11b75kmk_w!19sChIJ9XEi1EDb5ogRQaPbAPprvsc,J RIZZY'S LANDSCAPING LLC,4.8,59,Landscaper,,,http://www.jrizzyslandscaping.com/,+1 386-453-0703,Closed · Opens 7 am,,https://lh3.googleusercontent.com/gps-cs-s/APNQkAHe938GeMv4Q4gl9rwAH2netKlv7Gujq6NaJnrmBTDrgrTDXYXtnrbjmIRXlOXz9fvzGv16ovxsA0_LGQMVViA2i5L9ZQt5TRTgcN5AiEHIfUOTZLjFZpuF0LKUfVS5A7eHYR5L-lQw9ha1=w408-h306-k-no,true,7 am–5 pm,7 am–5 pm,7 am–5 pm,7 am–5 pm,Closed,7 am–5 pm,7 am–5 pm,"https://www.google.com/maps/search/tree+service+businesses+in+Ormond+Beach+Daytona+Beach+FL/@29.2858129,-81.0558894,14z",2026-04-29T04:44:51.047Z,,,
https://www.google.com/maps/place/JCs+Tree+and+Stump+Removal+LLC/data=!4m7!3m6!1s0x88e6c52a10625a43:0x6c270d40e6e56bfd!8m2!3d29.890145!4d-81.5046495!16s%2Fg%2F11qn4t2f0x!19sChIJQ1piECrF5ogR_Wvl5kANJ2w,JCs Tree and Stump Removal LLC,4.7,13,Tree service,,,https://grind-a-stump.com/,+1 386-402-1305,Open 24 hours,Identifies as women-owned,https://lh3.googleusercontent.com/gps-cs-s/APNQkAEcuOl62pMqqaNGZ2XsOu4EzQePVPeHOi6KMIVV2ysmyOYP4SkWsyMo5zPlKbd9k8xM5acQREtiWjC25jIHR_AZ77I_1-1p0eFHVlobMJitRCiTW1hWRMNO1hN3ggWn4hy8bNeQ0A=w425-h240-k-no,true,Open 24 hours,Open 24 hours,Open 24 hours,Open 24 hours,Open 24 hours,Open 24 hours,Open 24 hours,"https://www.google.com/maps/search/tree+service+businesses+in+Ormond+Beach+Daytona+Beach+FL/@29.2858129,-81.0558894,14z",2026-04-29T04:44:55.795Z,,,
https://www.google.com/maps/place/Sun+Up+to+Sun+Down/data=!4m7!3m6!1s0xac95532cd6df6b3b:0x3532512111bbfa3c!8m2!3d29.1728525!4d-81.0393841!16s%2Fg%2F11yc7pzc3h!19sChIJO2vf1ixTlawRPPq7ESFRMjU,Sun Up to Sun Down,4.2,37,Tree service,,,https://sunuptosundowntreeservice.com/?utm_source=omg-gbp&utm_medium=webclick,+1 386-405-0780,Closed · Opens 8 am,,https://lh3.googleusercontent.com/gps-cs-s/APNQkAHhep90LJU1tkFPpaMtZskL9HmndQnUhXwOKuT1So6DCn20eCDvejG51ZyJTnxjWRpYd8rGeiuS5KqtBNJ9lV2Y8yNQYfTA12gy2EPCRZdsIBVE-ES2D2vM7pR5L8EaC9Xh_tqwrMBThhRw=w408-h306-k-no,true,8 am–9 pm,8 am–9 pm,8 am–9 pm,8 am–9 pm,8 am–9 pm,8 am–9 pm,8 am–9 pm,"https://www.google.com/maps/search/tree+service+businesses+in+Ormond+Beach+Daytona+Beach+FL/@29.2858129,-81.0558894,14z",2026-04-29T04:45:00.059Z,,,
https://www.google.com/maps/place/Feathercut+Nursery+%26+Design+Landscape/data=!4m7!3m6!1s0x88e6db1a04a781ad:0xf9bcde162207e842!8m2!3d29.2692909!4d-81.0553038!16s%2Fg%2F11h7v8dd0m!19sChIJrYGnBBrb5ogRQugHIhbevPk,Feathercut Nursery & Design Landscape,4.4,22,Garden center,"548 S Yonge St, Ormond Beach, FL 32174, United States","7W9V+PV Ormond Beach, Florida, USA",http://feathercut-nursery.com/,+1 386-492-3131,Closed · Opens 9 am,,https://lh3.googleusercontent.com/gps-cs-s/APNQkAF3DXw5BRAYS3Cei9l6BI0cmR5poIHGRAnYrSxnaPfd1hXL9_CT0Ff9TXcphzZXYPEPPjZVs0AyAVOnkGRzagaAhZ4qUChxhUja0SAWIRAkYTP8zNNNHfF8VIUvXlSKlzJ5W1rA=w408-h278-k-no,true,9 am–3 pm,9 am–3 pm,9 am–3 pm,9 am–3 pm,Closed,Closed,9 am–3 pm,"https://www.google.com/maps/search/tree+service+businesses+in+Ormond+Beach+Daytona+Beach+FL/@29.2858129,-81.0558894,14z",2026-04-29T04:45:04.333Z,· Delivery,,
https://www.google.com/maps/place/O%27scapes+Tree+%26+Landscaping/data=!4m7!3m6!1s0x88e6d870b8d20f75:0x460c103d487ea39f!8m2!3d29.3320872!4d-81.0634785!16s%2Fg%2F11c2j7vhy_!19sChIJdQ_SuHDY5ogRn6N-SD0QDEY,O'scapes Tree & Landscaping,5.0,1,Tree service,"48 Margaret Rd, Ormond Beach, FL 32176, United States","8WJP+RJ Ormond Beach, Florida, USA",https://www.facebook.com/oscapes,,Closed · Opens 7 am,,https://lh3.googleusercontent.com/gps-cs-s/APNQkAFAquWwlMN_SOfNqXOy7xP2kcvIYvZwyB1MKcAGrvKyhtiebE5yLmxKbp-98rwPe1LVP3tm9G-dU2uvbAhcSrk957NYjdqMD-Usu67SFS_gjaErH4EYMXhhXYLorfm4DvqEPr6K=w408-h408-k-no,true,7 am–8 pm,7 am–8 pm,7 am–8 pm,7 am–8 pm,Closed,7 am–8 pm,7 am–8 pm,"https://www.google.com/maps/search/tree+service+businesses+in+Ormond+Beach+Daytona+Beach+FL/@29.2858129,-81.0558894,14z",2026-04-29T04:45:08.682Z,,,
https://www.google.com/maps/place/Nellys+Landscape+Services+LLC/data=!4m7!3m6!1s0x617d536f559ae85f:0x225434ab308ab337!8m2!3d29.2909375!4d-81.0688125!16s%2Fg%2F11shqccjb0!19sChIJX-iaVW9TfWERN7OKMKs0VCI,Nellys Landscape Services LLC,4.7,12,Lawn care service,"7WRJ+9FP, Ormond Beach, FL 32174, United States",,https://nellyslandscapeservicesllc.com/,+1 386-281-0913,Closed · Opens 7 am,,https://lh3.googleusercontent.com/gps-cs-s/APNQkAEjGxzPRSvlXbhkDninGrFDR8fRwCqlj5noUFUYdsQYFFRTAFIsrPqNUpkj9vxg0dLzDPY8KTIswgQepQ63d-NS1JaBtNHWwy5IxAXRodoOJhhuvSgaNB1CVF2DhAhnkgwcJ_4Org=w408-h306-k-no,true,7 am–6 pm,7 am–6 pm,7 am–6 pm,7:30 am–4 pm,Closed,7 am–6 pm,7 am–6 pm,"https://www.google.com/maps/search/tree+service+businesses+in+Ormond+Beach+Daytona+Beach+FL/@29.2858129,-81.0558894,14z",2026-04-29T04:45:12.983Z,,,
https://www.google.com/maps/place/T%26D+Tree+Services+LLC/data=!4m7!3m6!1s0x88e6e7dcdbb3ffff:0x983e545eb596c133!8m2!3d29.3017002!4d-81.1888875!16s%2Fg%2F11khc6l__f!19sChIJ__-z29zn5ogRM8GWtV5UPpg,T&D Tree Services LLC,,,Tree service,"655 Dylan Trail, Ormond Beach, FL 32174, United States","8R26+MC Ormond Beach, Florida, USA",https://treedoctorormondbeach.com/,+1 386-882-7677,Closed · Opens 7 am,,https://lh3.googleusercontent.com/gps-cs-s/APNQkAEVdt-s5eNRSmprVY53YK1Z_DJWl-tIPJFBrJ0BZs2bj5TKHcntRBSBL37H0JViyua08vacN4EfXmssjbH1-Hn7cIQKTYGnQxOPV0nA8qTG-p5PWIM7TEsDoRh07uhosW2O1NC4P_9XsLWE=w408-h408-k-no,true,7 am–7 pm,7 am–7 pm,7 am–7 pm,7 am–7 pm,Closed,7 am–7 pm,7 am–7 pm,"https://www.google.com/maps/search/tree+service+businesses+in+Ormond+Beach+Daytona+Beach+FL/@29.2858129,-81.0558894,14z",2026-04-29T04:45:17.432Z,,,
"https://www.google.com/maps/place/Arbor+Appeal+Tree+Care+LLC/@29.0440739,-81.062632,9z/data=!3m1!4b1!4m6!3m5!1s0x88e6ddc8b0306459:0x2641e7bf9f8cdc99!8m2!3d29.044074!4d-81.062632!16s%2Fg%2F11hg5c7qlh",Arbor Appeal Tree Care LLC,5.0,13,Tree service,,,,+1 386-679-6269,Open 24 hours,,,true,Open 24 hours,Open 24 hours,Open 24 hours,Open 24 hours,Open 24 hours,Open 24 hours,Open 24 hours,"https://www.google.com/maps/search/tree+service+businesses+in+Ormond+Beach+Daytona+Beach+FL/@29.2858129,-81.0558894,14z",2026-04-29T04:45:23.803Z,,,
https://www.google.com/maps/place/Mulch+and+Stuff+by+Smart+Choice/data=!4m7!3m6!1s0x88e6dde0c55ca71b:0x755a1716aee92977!8m2!3d29.2608622!4d-81.0760915!16s%2Fg%2F11v_8ms_yl!19sChIJG6dcxeDd5ogRdynprhYXWnU,Mulch and Stuff by Smart Choice,4.3,19,Landscaping supply store,"760 S Nova Rd, Ormond Beach, FL 32174, United States","7W6F+8H Ormond Beach, Florida, USA",https://www.mulchandstuff.com/,+1 386-302-6444,,Identifies as veteran-owned,https://lh3.googleusercontent.com/gps-cs-s/APNQkAH6oEVVyIkywf0d6VuF-6wPF_i1EL3aulLwvfDPGAKYH34Sslwc2E8GcetLMLCSm7USvFddE01zRdCtYLqbtCjV8fZoWTpavWFnnR-n7UAeRSc4EaDH12trjZ-kScZNZ5-KvH__=w493-h240-k-no,true,9 am–4 pm,9 am–4 pm,9 am–4 pm,9 am–3 pm,Closed,9 am–4 pm,9 am–4 pm,"https://www.google.com/maps/search/tree+service+businesses+in+Ormond+Beach+Daytona+Beach+FL/@29.2858129,-81.0558894,14z",2026-04-29T04:45:28.220Z,· Delivery,,
https://www.google.com/maps/place/Aqua+Tropic+Irrigation+%26+Landscape+Design/data=!4m7!3m6!1s0x21fcb2a0d2a4aa4d:0x2c942bdcfcfff19a!8m2!3d29.3140574!4d-81.0590373!16s%2Fg%2F11z2ln4lv5!19sChIJTaqk0qCy_CERmvH__NwrlCw,Aqua Tropic Irrigation & Landscape Design,5.0,4,Lawn sprinkler system contractor,"995 John Anderson Dr, Ormond Beach, FL 32176, United States","8W7R+J9 Ormond Beach, Florida, USA",http://www.aquatropicfl.com/,+1 386-999-2211,"Closed · Opens 7 am

Updated by this business 4 weeks ago",Identifies as women-owned,https://lh3.googleusercontent.com/gps-cs-s/APNQkAGijO9wCS7mv_NvjO4LarmtqlpvbA9V_txM2gdisKB0Klgy0lG7T7Pyd8ICygs6afp2nXYjOCGL7laJMjNVtdLfsoaIfjy6XO2OVvs9aeOAuwQ4c1j3GG-HgjLkNwD2NmnrZKiUgm0Ex70H=w408-h306-k-no,true,7 am–7 pm,7 am–7 pm,7 am–7 pm,7 am–7 pm,Closed,7 am–7 pm,7 am–7 pm,"https://www.google.com/maps/search/tree+service+businesses+in+Ormond+Beach+Daytona+Beach+FL/@29.2858129,-81.0558894,14z",2026-04-29T04:45:32.749Z,,,
https://www.google.com/maps/place/PURCOR+Pest+Solutions/data=!4m7!3m6!1s0x88e6db81b2428197:0xd87c9f30f85269bd!8m2!3d29.2564102!4d-81.0724149!16s%2Fg%2F11gccyfglq!19sChIJl4FCsoHb5ogRvWlS-DCffNg,PURCOR Pest Solutions,4.7,44,Pest control service,"1025 S Nova Rd unit d, Ormond Beach, FL 32174, United States","7W4H+H2 Ormond Beach, Florida, USA",https://www.purcorpest.com/service-areas/florida/ormond-beach-fl/?utm_source=GBPListings&utm_medium=organic&utm_campaign=peachtree-ormond-beach,+1 386-888-6102,,,https://lh3.googleusercontent.com/gps-cs-s/APNQkAEX1F-u_FawXAmnDmI6KuNuU1itMtgt71Jcd_kZPzB9xH0N0QD3eIIzBuaxB1vbDHMP7NJpX3-A1pBzP2zb6UngL0kTjBL3NLkNk8N0yOgNaEj1GcJ7gBGeakNCFihQF_NOS9qW=w408-h274-k-no,true,Open 24 hours,Open 24 hours,Open 24 hours,Open 24 hours,Open 24 hours,Open 24 hours,Open 24 hours,"https://www.google.com/maps/search/tree+service+businesses+in+Ormond+Beach+Daytona+Beach+FL/@29.2858129,-81.0558894,14z",2026-04-29T04:45:37.362Z,,,
https://www.google.com/maps/place/C+%26+C+Enterprises/data=!4m7!3m6!1s0x88e6dcae655a610b:0xac10324a40ed0f38!8m2!3d29.294231!4d-81.075096!16s%2Fg%2F1w4vkrmc!19sChIJC2FaZa7c5ogROA_tQEoyEKw,C & C Enterprises,4.7,12,Demolition contractor,"783 US-1, Ormond Beach, FL 32174, United States","7WVF+MX Ormond Beach, Florida, USA",http://cc-enterprises.net/,+1 386-868-7431,Open 24 hours,,https://lh3.googleusercontent.com/gps-cs-s/APNQkAEw-ONbIk8LdjoiV-xVL5lkJ5B_f4ECzXFuss5NN2u7TIW0DcDblD4klTmz5gbQLpQ2frYvsmwRKwnCaaEkP1dy8OhZp-OjUwu-qgzj0CDaqUys1VZf_XOQF0hZEzUm8k_0pv9DBdF38CPZ=w408-h306-k-no,true,Open 24 hours,Open 24 hours,Open 24 hours,Open 24 hours,Open 24 hours,Open 24 hours,Open 24 hours,"https://www.google.com/maps/search/tree+service+businesses+in+Ormond+Beach+Daytona+Beach+FL/@29.2858129,-81.0558894,14z",2026-04-29T04:45:43.969Z,,,
"https://www.google.com/maps/place/J+%26+C+Lawn+Care+Inc.+-+Grass+Cutting,+Lawn+Care,+Home+Backyard+%26+Front+Yard+Landscape+Design/data=!4m7!3m6!1s0x88e6dbeab84c0d8b:0x23dbecb185f662a7!8m2!3d29.307395!4d-81.1114855!16s%2Fg%2F11gmc2hsf6!19sChIJiw1MuOrb5ogRp2L2hbHs2yM","J & C Lawn Care Inc. - Grass Cutting, Lawn Care, Home Backyard & Front Yard Landscape Design",5.0,1,Landscape designer,,,,,Closed · Opens 6 am,,https://lh3.googleusercontent.com/gps-cs-s/APNQkAGiw3mKJ8irtKyfhJN3nGehbCPSu2hR6NvU7__SMgScwz3XqNWm_woMQe_cJVUBl860M1SQLAgOKrxwXvlhCkKngMZF3J1kz9wAmeTB92sKixcbW8l5YlvphLidFlJ1kBGV4T_miw=w821-h240-k-no,true,6 am–6 pm,6 am–6 pm,6 am–6 pm,6 am–6 pm,Closed,6 am–6 pm,6 am–6 pm,"https://www.google.com/maps/search/tree+service+businesses+in+Ormond+Beach+Daytona+Beach+FL/@29.2858129,-81.0558894,14z",2026-04-29T04:45:48.406Z,,,
https://www.google.com/maps/place/Aardvark+Tree+Service/data=!4m7!3m6!1s0x88e6d7e31b9f8b07:0x4177a30b813931a!8m2!3d29.1076579!4d-80.9706911!16s%2Fg%2F11c3ynnzml!19sChIJB4ufG-PX5ogRGpMTuDB6FwQ,Aardvark Tree Service,4.9,316,Tree service,"45 E Bayshore Dr, Port Orange, FL 32127, United States","425H+3P Port Orange, Florida, USA",https://aardvark-tree-service.com/,+1 386-202-4503,Open 24 hours,,https://lh3.googleusercontent.com/gps-cs-s/APNQkAES5QJTPYY9H8pquR955aKOaXYq6aB_lfYqJp6nOCffa3GYWOKxXCcIH7vfkUmToz8nVZWJ_KKPytVTGri0aIj6cHQAUPqIDM4Wor-j7COHvfHSnU0g01Y32FcdLizcqo0GY6hpOQ=w408-h544-k-no,true,Open 24 hours,Open 24 hours,Open 24 hours,Open 24 hours,Open 24 hours,Open 24 hours,Open 24 hours,"https://www.google.com/maps/search/tree+service+businesses+in+Ormond+Beach+Daytona+Beach+FL/@29.2858129,-81.0558894,14z",2026-04-29T04:45:52.925Z,,,
"https://www.google.com/maps/place/Toucan+Lawn+Care+%26+Pest+Control,+LLC/data=!4m7!3m6!1s0x88e6db6edd91ef0b:0xf288255e22283a37!8m2!3d29.2708958!4d-81.0579713!16s%2Fg%2F11c6plxg4n!19sChIJC--R3W7b5ogRNzooIl4liPI","Toucan Lawn Care & Pest Control, LLC",4.2,45,Lawn care service,"284 Hand Ave, Ormond Beach, FL 32174, United States","7WCR+9R Ormond Beach, Florida, USA",http://www.toucanlawncare.com/,+1 386-453-6225,Closed · Opens 7 am,,https://lh3.googleusercontent.com/gps-cs-s/APNQkAEhLMygE6VN2AHwGQI5R3JmuCnSwQxSdJxex-3QbhOleYAUc6VQxfRxueveNLvP3OlI5CZoFG5mzmR_NvIEq5xWPt1d37wQhVUJM70gpZLjJVgunqtrytKvP_L2m6axwyn3brOC=w408-h306-k-no,true,7 am–4 pm,7 am–4 pm,7 am–4 pm,Closed,Closed,7 am–4 pm,7 am–4 pm,"https://www.google.com/maps/search/tree+service+businesses+in+Ormond+Beach+Daytona+Beach+FL/@29.2858129,-81.0558894,14z",2026-04-29T04:45:57.207Z,,,
https://www.google.com/maps/place/Decision+Precision+-+Tree+Technicians/data=!4m7!3m6!1s0x67ac7b67e538191:0xc949def9460eafbd!8m2!3d29.1418745!4d-81.172182!16s%2Fg%2F11lv_2_3r_!19sChIJkYFTfrbHegYRva8ORvneSck,Decision Precision - Tree Technicians,5.0,13,Tree service,,,https://www.theprecisiontree.com/,+1 386-444-1386,Closed · Opens 9:30 am,,https://lh3.googleusercontent.com/gps-cs-s/APNQkAFpJLUEbF7_eXHExGXhsd7xAxrXXTOAEDKw_arl4anFfQwfrX3bFc38Rzfp_T7X0iIDyYVSEWDpYAl8N72D-6fn-keSEUvtwv1zAcxDjg_vgyPKXKkRT2w8rgXa5C2kH70e4WsgxnaFGXg=w408-h504-k-no,true,9:30 am–8 pm,9:30 am–8 pm,9:30 am–8 pm,9:30 am–8 pm,9:30 am–8 pm,9:30 am–8 pm,9:30 am–8 pm,"https://www.google.com/maps/search/tree+service+businesses+in+Ormond+Beach+Daytona+Beach+FL/@29.2858129,-81.0558894,14z",2026-04-29T04:46:01.580Z,,,
https://www.google.com/maps/place/Kennedy+Landscaping/data=!4m7!3m6!1s0x88e6db794493465b:0xaf7d1eeef8361a1e!8m2!3d29.236335!4d-81.0971891!16s%2Fg%2F11r6lhcwyn!19sChIJW0aTRHnb5ogRHho2-O4efa8,Kennedy Landscaping,4.9,49,Lawn care service,,,http://www.lawncareormondbeach.com/,+1 386-547-3864,Closed · Opens 7:30 am,,https://lh3.googleusercontent.com/gps-cs-s/APNQkAHgvqf0Ll5Wxc8p78kqaw2jg1B5zUywFEkfICpFOiK6SSq5mLShAveFpI-mjFN6OV1LhUqV9JfEz2V2A9cH19X8KKHf-JwjMRkY6I6rpYKY3wMJKmUgkyb2h6Uk0NNfrqBr7lJ6FuOjuHmy=w408-h884-k-no,true,7:30 am–5 pm,7:30 am–5 pm,7:30 am–5 pm,8 am–12 pm,Closed,7:30 am–5 pm,7:30 am–5 pm,"https://www.google.com/maps/search/tree+service+businesses+in+Ormond+Beach+Daytona+Beach+FL/@29.2858129,-81.0558894,14z",2026-04-29T04:46:06.140Z,,,
https://www.google.com/maps/place/Bruce%27s+Tree+Service/data=!4m7!3m6!1s0x88e6db01dfa52659:0x16a7c2f3596b5916!8m2!3d29.3561694!4d-81.132998!16s%2Fg%2F11hzpnwsyk!19sChIJWSal3wHb5ogRFllrWfPCpxY,Bruce's Tree Service,5.0,4,Tree service,,,https://www.brucestreeserviceinc.com/,+1 386-453-8789,Closed · Opens 8 am,,https://lh3.googleusercontent.com/gps-cs-s/APNQkAHeZvfOQpeOVVWPSAlRQ9ihyjKFFukC56zOiCf0Xeqh28KQ3g78r0HMDt9ocZe12G_q3pPllZKSVmN5pvLqeYcHKXi6AIq6w4arCsIGjm_Uq0si9myCZ8Eoi4nDRWU9hlOp_vxieg=w408-h306-k-no,true,8 am–8 pm,8 am–8 pm,8 am–8 pm,8 am–8 pm,Closed,8 am–8 pm,8 am–8 pm,"https://www.google.com/maps/search/tree+service+businesses+in+Ormond+Beach+Daytona+Beach+FL/@29.2858129,-81.0558894,14z",2026-04-29T04:46:10.413Z,,,
https://www.google.com/maps/place/Heron+Home+%26+Outdoor/data=!4m7!3m6!1s0x88e6c3259df90639:0x7a73539b64fe5a3!8m2!3d29.2866245!4d-81.0645913!16s%2Fg%2F1trsyv8w!19sChIJOQb5nSXD5ogRo-VPtjk1pwc,Heron Home & Outdoor,3.6,49,Pest control service,"148 N Yonge St, Ormond Beach, FL 32174, United States","7WPP+J5 Ormond Beach, Florida, USA",https://www.myheronhome.com/ormond-beach/?utm_source=google&utm_medium=gmb&utm_campaign=ormond_beach,+1 386-202-9116,Closed · Opens 8 am,,https://lh3.googleusercontent.com/gps-cs-s/APNQkAFdZruBDAEbteYz50ipkJG_zkzlGiW1q7esrr7YcBBvaK2DR3phlb_LSHVxFFmnyJs44_QqgEU14uJLOlzqlYDl3Kfh6gAjHr0Ji2OZxR_koBUBH_rgbEBY58YjgU7VeRertPAaxs1u6Nee=w532-h240-k-no,true,8 am–5 pm,8 am–5 pm,8 am–5 pm,8 am–12 pm,Closed,8 am–5 pm,8 am–5 pm,"https://www.google.com/maps/search/tree+service+businesses+in+Ormond+Beach+Daytona+Beach+FL/@29.2858129,-81.0558894,14z",2026-04-29T04:46:14.760Z,,,
https://www.google.com/maps/place/La+Roche+fruit/data=!4m7!3m6!1s0x88e6db0cea779db7:0x6d066e8471b094f2!8m2!3d29.2645619!4d-81.0521928!16s%2Fg%2F1tmxxdn1!19sChIJt5136gzb5ogR8pSwcYRuBm0,La Roche fruit,4.2,40,Fruit and vegetable store,"740 S Yonge St us 1, Ormond Beach, FL 32174, United States","7W7X+R4 Ormond Beach, Florida, USA",http://larocheormond.com/,+1 386-672-7723,Closed · Opens 10 am,,https://lh3.googleusercontent.com/gps-cs-s/APNQkAFsnR2t0X_ufWzyQGB9KG4ZKdfHiYbQAQlAj0krU3XwILmzRvIvCVVls_lpFy-X-urn9PSmYoVUsN7qh9OqrhuMy6bSJJ9-gAcmxeomdtRv4LGL4CrZrCyAsYjtnwfesr28ySrXHA=w426-h240-k-no,true,10 am–5 pm,10 am–5 pm,10 am–5 pm,10 am–5 pm,Closed,10 am–5 pm,10 am–5 pm,"https://www.google.com/maps/search/tree+service+businesses+in+Ormond+Beach+Daytona+Beach+FL/@29.2858129,-81.0558894,14z",2026-04-29T04:46:19.097Z,· In-store shopping,,
https://www.google.com/maps/place/Mangrove+Property+Maintenance+LLC/data=!4m7!3m6!1s0x44cedf399f99b72f:0xa1abb789d5a9903a!8m2!3d29.2593884!4d-81.0759817!16s%2Fg%2F11qg0v4_3m!19sChIJL7eZnznfzkQROpCp1Ym3q6E,Mangrove Property Maintenance LLC,5.0,1,Property maintenance,"1303 Fleming Ave, Ormond Beach, FL 32174, United States","7W5F+QJ Ormond Beach, Florida, USA",,+1 386-290-3137,Closed · Opens 8 am,,https://lh3.googleusercontent.com/gps-cs-s/APNQkAFQPQF48PFuYsodcL1_I6nOZyzTenr5Uak60CuZu96IUEgsd94fbu36BfnRo7zPdyE4K-3BJC-JQhm4f9tuRWV-INpPLxwR2uDM4JsIOEwJ6CUv4-ilM98_rvhJi6VR6B5iztZb=w762-h240-k-no,true,8 am–5 pm,8 am–5 pm,8 am–5 pm,8 am–12 pm,Closed,8 am–5 pm,8 am–5 pm,"https://www.google.com/maps/search/tree+service+businesses+in+Ormond+Beach+Daytona+Beach+FL/@29.2858129,-81.0558894,14z",2026-04-29T04:46:23.373Z,,,
https://www.google.com/maps/place/Superior+Fence+%26+Rail+of+Volusia/data=!4m7!3m6!1s0x88e69344cb0e97e1:0x791c8e7b358b490!8m2!3d29.2627035!4d-81.0534935!16s%2Fg%2F11p06y1qwd!19sChIJ4ZcOy0ST5ogRkLRYs-fIkQc,Superior Fence & Rail of Volusia,4.8,193,Fence contractor,"776 Parque Dr, Ormond Beach, FL 32174, United States","7W7W+3J Ormond Beach, Florida, USA",https://www.superiorfenceandrail.com/volusia-county/,+1 386-253-3623,,,https://lh3.googleusercontent.com/gps-cs-s/APNQkAG0HW0ukXi3SpjTQQafij4jRsyZG7y1NYtlFPZt4yAH9hQV7sB-3woTOXMRb2oKIs7WadELJ0BNZ-LUmp-iqzOdzEq2DMo_u9L_uRi5HzmG0e6WjQVYVjUOFabQsdJhIn8b8NLFAFT2Ron2=w408-h510-k-no,true,Open 24 hours,Open 24 hours,Open 24 hours,Open 24 hours,Open 24 hours,Open 24 hours,Open 24 hours,"https://www.google.com/maps/search/tree+service+businesses+in+Ormond+Beach+Daytona+Beach+FL/@29.2858129,-81.0558894,14z",2026-04-29T04:46:28.333Z,,,
https://www.google.com/maps/place/Slingerland%27s+Inc/data=!4m7!3m6!1s0x88e6db66012e8a81:0x458450d24ad895f5!8m2!3d29.2753734!4d-81.0650329!16s%2Fg%2F1thss63d!19sChIJgYouAWbb5ogR9ZXYStJQhEU,Slingerland's Inc,3.9,21,Wholesale plant nursery,"175 S Orchard St, Ormond Beach, FL 32174, United States","7WGM+4X Ormond Beach, Florida, USA",,+1 386-677-4481,Closed · Opens 7:30 am,,https://lh3.googleusercontent.com/gps-cs-s/APNQkAF53crtcqe1ei_fo67TfxTEO6le2Pl6zcGRdONJaUnusG-Ye4GdaqeJBCSqbw-xZr84mFys0YJDGjo2tjkvVyqBJPeJNVAG2OG9qe_zohFszbbrW_z0AccdmE1pIfsttRwOW1o3oA=w408-h544-k-no,false,7:30 am–4 pm,7:30 am–4 pm,7:30 am–4 pm,7:30 am–12 pm,Closed,7:30 am–4 pm,7:30 am–4 pm,"https://www.google.com/maps/search/tree+service+businesses+in+Ormond+Beach+Daytona+Beach+FL/@29.2858129,-81.0558894,14z",2026-04-29T04:46:32.915Z,,,
https://www.google.com/maps/place/Central+Florida+Tree+Pros/data=!4m7!3m6!1s0x8a81a4d8549ce2e9:0x6e23527c9cc5fffa!8m2!3d29.0225621!4d-81.172182!16s%2Fg%2F11pz1b2bc8!19sChIJ6eKcVNikgYoR-v_FnHxSI24,Central Florida Tree Pros,5.0,16,Tree service,,,https://centralfloridatreepro.com/,+1 386-451-3151,Closed · Opens 8 am,,https://lh3.googleusercontent.com/gps-cs-s/APNQkAGvdX64UKMy9F5ytPXAWWzxGyfL0Tt3omBSquv3WrnADms5EHKOfNVTJfscYzjYPXksSbDea43IGeZPTmkGfyqezJan3JFqXWj_bChg1mS4fC9e0JnYzB9CUHzicMQykZnO5Eyi0Q=w408-h306-k-no,true,8 am–5 pm,8 am–5 pm,8 am–5 pm,Closed,Closed,8 am–5 pm,8 am–5 pm,"https://www.google.com/maps/search/tree+service+businesses+in+Ormond+Beach+Daytona+Beach+FL/@29.2858129,-81.0558894,14z",2026-04-29T04:46:37.246Z,,,
https://www.google.com/maps/place/The+Mower+Depot/data=!4m7!3m6!1s0x88e6db5a4369dd45:0x4a2bea95d7e83abd!8m2!3d29.2909458!4d-81.0679303!16s%2Fg%2F1tf7hh6v!19sChIJRd1pQ1rb5ogRvTro15XqK0o,The Mower Depot,4.6,202,Lawn mower store,"290 Wilmette Ave, Ormond Beach, FL 32174, United States","7WRJ+9R Ormond Beach, Florida, USA",http://www.themowerdepot.com/,+1 386-676-0776,"Closed · Opens 7:30 am

Updated by this business 7 weeks ago",,https://lh3.googleusercontent.com/gps-cs-s/APNQkAGjAsEVsAaiadIZMVzawhsUCoClUuX-po2z5U6RJGxxrGl3mEH7st9dNypH7tF_CbGLc0C-M5EzdvItWuFu9vV2rvItL-qFOiNutTcmAx3eoY7yuSBw-Pt5GqLIRpqXWOrNIqNDtoqwrY6b=w408-h306-k-no,true,7:30 am–5 pm,7:30 am–5 pm,7:30 am–5 pm,8 am–12 pm,Closed,7:30 am–5 pm,7:30 am–5 pm,"https://www.google.com/maps/search/tree+service+businesses+in+Ormond+Beach+Daytona+Beach+FL/@29.2858129,-81.0558894,14z",2026-04-29T04:46:41.844Z,· In-store pick-up · Delivery,,
https://www.google.com/maps/place/Central+Florida+Tree+Pros/data=!4m7!3m6!1s0x2558190f2d74a437:0xeadede42c9e988d3!8m2!3d29.189331!4d-81.1143845!16s%2Fg%2F11trvwh3bm!19sChIJN6R0LQ8ZWCUR04jpyULe3uo,Central Florida Tree Pros,5.0,1,Tree service,,,http://centralfloridatreepro.com/,+1 386-451-3151,Closed · Opens 8 am,,https://lh3.googleusercontent.com/gps-cs-s/APNQkAF9NhgUC4KUBVRmMbWP-S4aeb0fV2JpGmrsz80L7mPI3Ku0uF0vkt_kQE-iMRaf5-yHTh6O87HOuIrs7QpQzSI4Axdzz9ZCw5g8ltsmtVtEJcHFQpYaU-zNaNiRIM3KHzUOS7KRcg=w408-h312-k-no,true,8 am–5 pm,8 am–5 pm,8 am–5 pm,8 am–5 pm,Closed,8 am–5 pm,8 am–5 pm,"https://www.google.com/maps/search/tree+service+businesses+in+Ormond+Beach+Daytona+Beach+FL/@29.2858129,-81.0558894,14z",2026-04-29T04:46:46.259Z,,,
"https://www.google.com/maps/place/Southern+Cuts+Tree+Service,+LLC/data=!4m7!3m6!1s0x88e694fe7bb3df6d:0x7e45eb91f9d33bbe!8m2!3d29.4328015!4d-81.359806!16s%2Fg%2F11c20bbvpx!19sChIJbd-ze_6U5ogRvjvT-ZHrRX4","Southern Cuts Tree Service, LLC",4.9,209,Tree service,,,http://www.southerncutstreeservice.com/,+1 386-559-7577,Open 24 hours,,https://lh3.googleusercontent.com/gps-cs-s/APNQkAGDYN4IBQbHKRAWTqFBK9xUBqzp4ANtldDciF10cxXM4V3vJp82ExPYaIAna9jCjPi8ulZVtpqOnR-5CkT6-4VIEyTCULGh8JYe1DDxJws9FtLP52foeZxFYsL-5xocT_ATAHq4=w408-h544-k-no,true,Open 24 hours,Open 24 hours,Open 24 hours,Open 24 hours,Open 24 hours,Open 24 hours,Open 24 hours,"https://www.google.com/maps/search/tree+service+businesses+in+Ormond+Beach+Daytona+Beach+FL/@29.2858129,-81.0558894,14z",2026-04-29T04:46:51.206Z,,,
https://www.google.com/maps/place/GBS+Sod+%26+Landscape/data=!4m7!3m6!1s0x88e6d98f36adb6df:0x1fed280f5cb93872!8m2!3d29.3036176!4d-81.1275545!16s%2Fg%2F11rfdf4hzq!19sChIJ37atNo_Z5ogRcji5XA8o7R8,GBS Sod & Landscape,4.5,22,Landscaper,"705 Pineland Trail, Ormond Beach, FL 32174, United States","8V3C+CX Ormond Beach, Florida, USA",,+1 386-238-9215,Closed · Opens 7 am,,https://lh3.googleusercontent.com/gps-cs-s/APNQkAGqYcBo_YyKFJ2s744TE1ZbQbcjU_rQ80HH5Z1jZFy-ZeiBx_FObaLl3IzdyCq4iPbeuHXSbt3tBttvnEAjZb-VN22ioou3YBaylgDl0ut0DHoNwlR4NGHaVIu131pFb39mOy_SEn-Pbin9=w408-h306-k-no,true,7 am–5 pm,7 am–5 pm,7 am–5 pm,8 am–12 pm,Closed,7 am–5 pm,7 am–5 pm,"https://www.google.com/maps/search/tree+service+businesses+in+Ormond+Beach+Daytona+Beach+FL/@29.2858129,-81.0558894,14z",2026-04-29T04:46:55.751Z,,,
https://www.google.com/maps/place/Limitless+Exteriors/data=!4m7!3m6!1s0x88e6dd685a7764e3:0x2945fcd7eb53aae4!8m2!3d29.2724836!4d-81.0908362!16s%2Fg%2F11qb555kmw!19sChIJ42R3Wmjd5ogR5KpT69f8RSk,Limitless Exteriors,5.0,178,Pressure washing service,"23 Brookwood Ct, Ormond Beach, FL 32174, United States","7WC5+XM Ormond Beach, Florida, USA",http://www.limitlessexteriorsfl.com/,+1 386-341-4839,Closed · Opens 7 am,,https://lh3.googleusercontent.com/gps-cs-s/APNQkAGFL8Hr2T-U33OyfTsJMTi795WISGVVYe1HUk4IsOxNgF7nxRuVlc25a8fPegSB-PgkbA_ktqaWOjgSY7Y5nXCpLcJvk4W2ou31hMWLfI_20USbWCfMrf_SMxZuWhp2wnd4DB4Qnw=w408-h306-k-no,true,7 am–7 pm,7 am–7 pm,7 am–7 pm,7 am–7 pm,7 am–7 pm,7 am–7 pm,7 am–7 pm,"https://www.google.com/maps/search/tree+service+businesses+in+Ormond+Beach+Daytona+Beach+FL/@29.2858129,-81.0558894,14z",2026-04-29T04:47:00.407Z,,,
https://www.google.com/maps/place/J%26J+Lawn+Care+Florida/data=!4m7!3m6!1s0x88e6dd17292db459:0xede04778440422ff!8m2!3d29.174575!4d-81.0393841!16s%2Fg%2F11hf8lt50x!19sChIJWbQtKRfd5ogR_yIERHhH4O0,J&J Lawn Care Florida,5.0,8,Lawn care service,,,,+1 386-214-8039,,,https://lh3.googleusercontent.com/gps-cs-s/APNQkAHktdfOUt4P083jcNDZnglNgXIh-DO8M9oE9rD8qpXpmoX-46h0dNkilzP71lKUmYtIKOrwhywZspQfTOc4z6sli3mtGHG0IMiXvirktIWS8N0MVa9pAGai50UnrS4_zo_qEWix=w426-h240-k-no,true,,,,,,,,"https://www.google.com/maps/search/tree+service+businesses+in+Ormond+Beach+Daytona+Beach+FL/@29.2858129,-81.0558894,14z",2026-04-29T04:47:02.784Z,,,
https://www.google.com/maps/place/Daytona+Irrigation/data=!4m7!3m6!1s0x88e6dd760b34a901:0x465daa00aeb1cdde!8m2!3d29.2560314!4d-81.0864819!16s%2Fg%2F11n13f73j9!19sChIJAak0C3bd5ogR3s2xrgCqXUY,Daytona Irrigation,4.5,33,Lawn sprinkler system contractor,"1128 Ave G, Ormond Beach, FL 32174, United States","7W47+CC Ormond Beach, Florida, USA",https://daytonairrigation.mydurable.com/,+1 386-846-3926,Open 24 hours,LGBTQ+ friendly,https://lh3.googleusercontent.com/gps-cs-s/APNQkAGqMWZIAx6mgFC9haADfy5LT9pliqK_BYytW6Ug8TDtSHWy2-NrrBe33URVkfHWFEbmnmSl4He_oGNzm7x64HOEfB9LBa4K-kq-8iPSBP_c2P4l-5TTJuBwVY8lO2t5RqotwekK5X6KJBhO=w425-h240-k-no,true,Open 24 hours,Open 24 hours,Open 24 hours,Open 24 hours,Open 24 hours,Open 24 hours,Open 24 hours,"https://www.google.com/maps/search/tree+service+businesses+in+Ormond+Beach+Daytona+Beach+FL/@29.2858129,-81.0558894,14z",2026-04-29T04:47:07.137Z,,,
https://www.google.com/maps/place/Arborist+Action+Professional+Tree+Service/data=!4m7!3m6!1s0x88e6dbcbe97c7693:0x461a77e4a0eef5b5!8m2!3d29.055678!4d-81.0733939!16s%2Fg%2F11hyt_wj9d!19sChIJk3Z86cvb5ogRtfXuoOR3GkY,Arborist Action Professional Tree Service,4.6,318,Tree service,"3961 Langford Rd, New Smyrna Beach, FL 32168, United States","3W4G+7J New Smyrna Beach, Florida, USA",https://arboristaction.com/,+1 386-259-8182,Open 24 hours,,https://lh3.googleusercontent.com/gps-cs-s/APNQkAHvHJufhNgzQcpYkzehb2FU0ROnWMggyOTo7iFOTPKthScEoMvXBMug6F-CiHEmDgPRC_ROxEVW2Pp5KEHkIr0NllXdZYPb0H6G-GchMJRBV20xSI84CCTld0MUavmJez-vda5-=w408-h306-k-no,true,Open 24 hours,Open 24 hours,Open 24 hours,Open 24 hours,Open 24 hours,Open 24 hours,Open 24 hours,"https://www.google.com/maps/search/tree+service+businesses+in+Ormond+Beach+Daytona+Beach+FL/@29.2858129,-81.0558894,14z",2026-04-29T04:47:17.963Z,,,
https://www.google.com/maps/place/Ormond+Ace+Hardware/data=!4m7!3m6!1s0x88e6db5d401a845b:0x885467d78284ce4d!8m2!3d29.282441!4d-81.065881!16s%2Fg%2F1tksp5b6!19sChIJW4QaQF3b5ogRTc6EgtdnVIg,Ormond Ace Hardware,4.6,1002,Hardware store,"333 W Granada Blvd #220, Ormond Beach, FL 32174, United States","7WJM+XJ Ormond Beach, Florida, USA",http://www.ormondacehardware.com/,+1 386-677-1414,,,https://lh3.googleusercontent.com/gps-cs-s/APNQkAGmNEIU_FVP3FuO_kDMmnxnv6H9SQkBaZ9whzqcrDKuJIDYhBlg37Za-tMfOBTJwBLs2CGBYvDpbmAPTaM0_qxysiaPxl-GT-BpgGBQ1pucfZ0ceYnqdBasBy4YtTLCqcvo3BYQ=w408-h271-k-no,true,,,,,,,,"https://www.google.com/maps/search/tree+service+businesses+in+Ormond+Beach+Daytona+Beach+FL/@29.2858129,-81.0558894,14z",2026-04-29T04:47:22.376Z,"Hardware store stocking household tools, garden supplies, home decor & more. · In-store shopping · Kerbside pickup · Delivery",,
https://www.google.com/maps/place/Brad+VanCleef+the+Handyman/data=!4m7!3m6!1s0x88e72e78552d4db7:0x949d9ef1a5f61070!8m2!3d35.709518!4d-84.0867534!16s%2Fg%2F11g65gcczq!19sChIJt00tVXgu54gRcBD2pfGenZQ,Brad VanCleef the Handyman,5.0,4,General contractor,,,https://www.facebook.com/Bradvancleefthehandyman/,+1 386-316-4777,Closed · Opens 8 am,,https://lh3.googleusercontent.com/gps-cs-s/APNQkAEfXfoKYqYUm05tvj-zpVXfOQ7SPIINi4qTAX0Xkjq7nwfpdrLFhv9vq7thxBM02Qrr68qwXIBV-uLlY4lSM5zB5g_VirLpPiNYx_0G0ICZ2spdeAp7x_zPPBCznNlxYkh_PSGi=w408-h544-k-no,true,8 am–5 pm,8 am–5 pm,8 am–5 pm,Closed,Closed,8 am–5 pm,8 am–5 pm,"https://www.google.com/maps/search/tree+service+businesses+in+Ormond+Beach+Daytona+Beach+FL/@29.2858129,-81.0558894,14z",2026-04-29T04:47:26.649Z,,,
"https://www.google.com/maps/place/Choice+Landscapes,+Inc.+%26+Choice+Landscape+Supplies/data=!4m7!3m6!1s0x88e6ddb7d3e3b931:0x4a31cc67e48520c6!8m2!3d29.288078!4d-81.131879!16s%2Fg%2F1thky239!19sChIJMbnj07fd5ogRxiCF5GfMMUo","Choice Landscapes, Inc. & Choice Landscape Supplies",3.8,28,Landscaper,"500 N Tymber Creek Rd, Ormond Beach, FL 32174, United States","7VQ9+66 Ormond Beach, Florida, USA",http://www.choice-landscapes.com/,+1 386-673-5050,Closed · Opens 7:30 am,,https://lh3.googleusercontent.com/gps-cs-s/APNQkAH1YdPRi6mIwEJiXN6SJ7S-heBdBJZ8iIy4A2PNyA3IGUmWNM2htw7MuyXgS6Xyhlb8K_jA_O2D3ZLnR7YzVcNOyjYTXqjQ3Qad8ZbsN-ErvLAwhQb1QypwGCSMAhu1a9NidoCW=w408-h306-k-no,true,7:30 am–5 pm,7:30 am–5 pm,7:30 am–4 pm,8 am–12 pm,Closed,7:30 am–5 pm,7:30 am–5 pm,"https://www.google.com/maps/search/tree+service+businesses+in+Ormond+Beach+Daytona+Beach+FL/@29.2858129,-81.0558894,14z",2026-04-29T04:47:31.117Z,,,
https://www.google.com/maps/place/Frank+Gay+Services/data=!4m7!3m6!1s0x88e6dbbb5a55d75d:0xcbb787c3d438e556!8m2!3d29.2824413!4d-81.0658814!16s%2Fg%2F11vs2d2wfx!19sChIJXddVWrvb5ogRVuU41MOHt8s,Frank Gay Services,4.8,4241,Air conditioning repair service,"333 W Granada Blvd, Ormond Beach, FL 32174, United States","7WJM+XJ Ormond Beach, Florida, USA",https://frankgayservices.com/service-area/ormond-beach/?utm_source=google-gbp&utm_medium=organic&utm_campaign=*103*frank-gay-ormond-beach,+1 386-222-1669,Open 24 hours,,https://lh3.googleusercontent.com/gps-cs-s/APNQkAH49vbvG7lOtAVpGQ6qllCEVvChZQSuRb4nQWwas8gJXcmb6tRiKn81JcO4KzCrI5ZQVkWI5t9xRYk5uIATGFwDkM9uoDB_5eIKa2PXhughrY1qWwk-y_9ydfbTUxnO3MyRTU06oA=w408-h272-k-no,true,Open 24 hours,Open 24 hours,Open 24 hours,Open 24 hours,Open 24 hours,Open 24 hours,Open 24 hours,"https://www.google.com/maps/search/tree+service+businesses+in+Ormond+Beach+Daytona+Beach+FL/@29.2858129,-81.0558894,14z",2026-04-29T04:47:35.672Z,,,
https://www.google.com/maps/place/C+Wright+Landscaping/data=!4m7!3m6!1s0x88e6dd03ac77ac19:0x52f41e18ad5aee3e!8m2!3d29.283759!4d-81.172182!16s%2Fg%2F11h9qf26mm!19sChIJGax3rAPd5ogRPu5arRge9FI,C Wright Landscaping,5.0,10,Excavating contractor,,,,+1 386-238-9859,Closed · Opens 7 am,LGBTQ+ friendly,https://lh3.googleusercontent.com/gps-cs-s/APNQkAFRejjdq9rhHvpVOdh--3-hWBzk8mpy1QAh1Q-9Yu2jq0aWJcbmNTVrJzOA53v0lXokL2rIj01VjdZvCEPrjEeR2xXEOKs_z3uQmWeMsLkuxmqXTchZ6rcH_36mxE5vQcHHWyw=w426-h240-k-no,true,7 am–5 pm,7 am–5 pm,7 am–5 pm,7 am–5 pm,Closed,7 am–5 pm,7 am–5 pm,"https://www.google.com/maps/search/tree+service+businesses+in+Ormond+Beach+Daytona+Beach+FL/@29.2858129,-81.0558894,14z",2026-04-29T04:47:39.952Z,,,
"https://www.google.com/maps/place/Nitrogreen,+LLC/data=!4m7!3m6!1s0x88e6db6c5fc9cf01:0x5caaaa0d79353a65!8m2!3d29.2730647!4d-81.0560998!16s%2Fg%2F1260y1qp7!19sChIJAc_JX2zb5ogRZTo1eQ2qqlw","Nitrogreen, LLC",3.1,33,Lawn care service,"406 Bostrom Ln #7063, Ormond Beach, FL 32174, United States","7WFV+6H Ormond Beach, Florida, USA",http://nitrogreenlawns.com/,+1 386-615-8084,Closed · Opens 9 am,,https://lh3.googleusercontent.com/gps-cs-s/APNQkAEz2JM9qMMbIINQsCgLgBOC2fEMDZLtdh5u0GvgY9lv1M6hYAwr2-ddoxynD5-Recki46lLM9BYBmIqbVQQzHfu5fiNybgyW-RAkmLrbsq4BHDpKFOO3gc-eoYSkQpxVIWsR7TKzQ=w408-h270-k-no,true,9 am–3 pm,9 am–3 pm,9 am–3 pm,Closed,Closed,9 am–3 pm,9 am–3 pm,"https://www.google.com/maps/search/tree+service+businesses+in+Ormond+Beach+Daytona+Beach+FL/@29.2858129,-81.0558894,14z",2026-04-29T04:47:44.292Z,,,
https://www.google.com/maps/place/Tree+Timber+LLC/data=!4m7!3m6!1s0x88e719686483f74f:0x8cd4bdda160c2b94!8m2!3d28.9463475!4d-81.2027166!16s%2Fg%2F11fgm3xchg!19sChIJT_eDZGgZ54gRlCsMFtq91Iw,Tree Timber LLC,4.9,510,Tree service,"2950 Blackburn Ave, Deltona, FL 32738, United States","WQWW+GW Deltona, Florida, USA",http://treetimberllc.com/,+1 386-880-6841,Open 24 hours,LGBTQ+ friendly,https://lh3.googleusercontent.com/gps-cs-s/APNQkAEiTrfNFj-WioO3r2tf2vu45fcf2SCQSW2hKPHLpRcYD0gKHcnSjEOug7Gh3W-wN1uFFDrB2Zi4OQHD2gH2WmH8ToejZPSjM4J7aceRCdPsIMPWYaioXtRxVeRCkRZeuBA7m7_MRA=w408-h319-k-no,true,Open 24 hours,Open 24 hours,Open 24 hours,Open 24 hours,Open 24 hours,Open 24 hours,Open 24 hours,"https://www.google.com/maps/search/tree+service+businesses+in+Ormond+Beach+Daytona+Beach+FL/@29.2858129,-81.0558894,14z",2026-04-29T04:47:48.674Z,,,
https://www.google.com/maps/place/Priest+Property+Maintenance/data=!4m7!3m6!1s0x88e6dd7eb86f598f:0xd4e9867d21eeeeb5!8m2!3d29.280642!4d-81.0834316!16s%2Fg%2F11g0sqbzwq!19sChIJj1lvuH7d5ogRte7uIX2G6dQ,Priest Property Maintenance,3.0,2,Landscaper,"124 N Nova Rd #192, Ormond Beach, FL 32174, United States","7WJ8+7J Ormond Beach, Florida, USA",https://www.priestprop.com/,+1 386-566-1672,Closed · Opens 7 am,,https://streetviewpixels-pa.googleapis.com/v1/thumbnail?panoid=JOL2UTWWjGZT1UGZs2SoAg&cb_client=search.gws-prod.gps&w=408&h=240&yaw=255.86386&pitch=0&thumbfov=100,true,7 am–5 pm,7 am–5 pm,7 am–5 pm,Closed,Closed,7 am–5 pm,7 am–5 pm,"https://www.google.com/maps/search/tree+service+businesses+in+Ormond+Beach+Daytona+Beach+FL/@29.2858129,-81.0558894,14z",2026-04-29T04:47:52.903Z,,,
https://www.google.com/maps/place/East+Coast+Handyman+%26+Landscaping+LLC/data=!4m7!3m6!1s0x88e6dd925fa21cb1:0xf851c707220db074!8m2!3d29.3483246!4d-81.1657194!16s%2Fg%2F11rfbzcggq!19sChIJsRyiX5Ld5ogRdLANIgfHUfg,East Coast Handyman & Landscaping LLC,4.2,5,Handyman/Handywoman/Handyperson,,,,+1 386-453-9682,Closed · Opens 8 am,,https://lh3.googleusercontent.com/gps-cs-s/APNQkAHvabD5M9mxVJ4aPOSRU_JyqZOhckEz2J6LFygQSPeY3fuUi1dC4pqbei9ejPIkr856DYPrnli5ZitBnfO7FqhdZuJIk5M9Y3GgEvbJf24Pm8nje7KZf1YK-xePileXvVpiLbVP=w408-h306-k-no,true,8 am–5 pm,8 am–5 pm,8 am–5 pm,8 am–5 pm,8 am–5 pm,8 am–5 pm,8 am–5 pm,"https://www.google.com/maps/search/tree+service+businesses+in+Ormond+Beach+Daytona+Beach+FL/@29.2858129,-81.0558894,14z",2026-04-29T04:47:57.434Z,,,
https://www.google.com/maps/place/Rescue+Dumpsters/data=!4m7!3m6!1s0x88e6dbaf3374a5af:0xe87b6ad1e2b162f7!8m2!3d29.2632127!4d-81.0517955!16s%2Fg%2F11f3m8zx2q!19sChIJr6V0M6_b5ogR92Kx4tFqe-g,Rescue Dumpsters,5.0,158,Waste management service,"400 Flomich St, Daytona Beach, FL 32117, United States","7W7X+77 Daytona Beach, Florida, USA",http://www.rescuedumpsters.com/,+1 386-299-2952,Closed · Opens 7 am,Identifies as Latino-owned,https://lh3.googleusercontent.com/gps-cs-s/APNQkAET5Ff5sJ42G62V4p1oSszHbq1Ir7zjhq4KqXySlX3PTdeolThtXUR0Pa7t9yPyaIZhek3qz8ImrsZZUFm8wTFowDupg1hQE-c3caTlOtWaWm1HpfQdnTaIgQ-plaIY1o-7eLRVkkabsy0=w408-h306-k-no,true,7 am–6 pm,7 am–6 pm,7 am–6 pm,7 am–3 pm,Closed,7 am–6 pm,7 am–6 pm,"https://www.google.com/maps/search/tree+service+businesses+in+Ormond+Beach+Daytona+Beach+FL/@29.2858129,-81.0558894,14z",2026-04-29T04:48:01.774Z,,,
"https://www.google.com/maps/place/Southern+States+Management+Group,+Inc./data=!4m7!3m6!1s0x88e6d8d9f087513f:0x1019ec05cb5d239e!8m2!3d29.2795194!4d-81.0812866!16s%2Fg%2F1tg5cy6l!19sChIJP1GH8NnY5ogRniNdywXsGRA","Southern States Management Group, Inc.",4.2,151,Property management company,"785 W Granada Blvd Suite 5, Ormond Beach, FL 32174, United States","7WH9+RF Ormond Beach, Florida, USA",http://www.ssmgfl.com/,+1 386-446-6333,Closed · Opens 9 am,,https://lh3.googleusercontent.com/gps-cs-s/APNQkAH0cFLHjYgFF6k68iGbM2WVp9wvLk_dYfb24OCyn6FbGoWYps8ZfbUNvrWgT3Gq631mz4VEr7vj-suQ1rvdgC3UMKAoXtyKEY9EkXYQLN5rqFHPyYEKlvJK1xHs81aV8e3RH0Gv=w408-h408-k-no,true,9 am–5 pm,9 am–5 pm,9 am–5 pm,Closed,Closed,9 am–5 pm,9 am–5 pm,"https://www.google.com/maps/search/tree+service+businesses+in+Ormond+Beach+Daytona+Beach+FL/@29.2858129,-81.0558894,14z",2026-04-29T04:48:06.087Z,,,
https://www.google.com/maps/place/Blade+runners+landscape+and+maintenance+LLC/data=!4m7!3m6!1s0xf8cb4cab1cba497:0x733e80d8f6d90d00!8m2!3d29.236335!4d-81.0971891!16s%2Fg%2F11vb4f8fb5!19sChIJl6TLscq0jA8RAA3Z9tiAPnM,Blade runners landscape and maintenance LLC,5.0,10,Lawn care service,,,http://www.bladerunners.solutions/?utm_source=google&utm_medium=wix_google_business_profile&utm_campaign=12383565729813457905,+1 386-451-8012,Closed · Opens 7:30 am,,https://lh3.googleusercontent.com/gps-cs-s/APNQkAG-eceXIpmcaENZvozwRDrttB-1c5nHPSiH5-LcgDEAterXbxaE0Ss31BxMSOBTAczr5iNjKlIZoWZ4a4YANNRHen3tq1pbR9GYu6xGBHDKTdVYAMnCXTXnbXzgFLIZdoQTtk1D5Fo-wxZd=w408-h306-k-no,true,7:30 am–6 pm,7:30 am–6 pm,7:30 am–6 pm,7:30 am–6 pm,Closed,7:30 am–6 pm,7:30 am–6 pm,"https://www.google.com/maps/search/tree+service+businesses+in+Ormond+Beach+Daytona+Beach+FL/@29.2858129,-81.0558894,14z",2026-04-29T04:48:10.358Z,,,
https://www.google.com/maps/place/Nixon%27s+Exterior+Solutions/data=!4m7!3m6!1s0x418a724d8b8c481f:0x1e01aca2ad815a3a!8m2!3d29.147153!4d-81.041525!16s%2Fg%2F11wr9gpfb3!19sChIJH0iMi01yikEROlqBraKsAR4,Nixon's Exterior Solutions,5.0,32,Landscaper,,,https://nixonsexteriorsolutions.jobbersites.com/,+1 386-478-8807,Closed · Opens 6 am,LGBTQ+ friendly,https://lh3.googleusercontent.com/gps-cs-s/APNQkAEYtmlJvgmYftACNtBEW4BIUvm1m3kCRrkoMXntq4ndVBHGzuv6mkNuAC1XZgieleKIt7Ha5JS3aIEFPXR8tp-vzeYqvK6AdyDmkA-vykvulqYJqzi3DNQ5mjTWYu0VDuPfI1u5=w408-h306-k-no,true,6 am–9:30 pm,6 am–9:30 pm,6 am–9:30 pm,6 am–9:30 pm,6 am–9:30 pm,6 am–9:30 pm,6 am–9:30 pm,"https://www.google.com/maps/search/tree+service+businesses+in+Ormond+Beach+Daytona+Beach+FL/@29.2858129,-81.0558894,14z",2026-04-29T04:48:14.590Z,,,
https://www.google.com/maps/place/GreatMoversFL+Inc./data=!4m7!3m6!1s0x88e6db521396a9cf:0xf51c77e7108a83e4!8m2!3d29.2838064!4d-81.0688014!16s%2Fg%2F11rrrmqhcn!19sChIJz6mWE1Lb5ogR5IOKEOd3HPU,GreatMoversFL Inc.,5.0,8,Moving service,"405 Lincoln Ave, Ormond Beach, FL 32174, United States","7WMJ+GF Ormond Beach, Florida, USA",,+1 386-852-1248,Closed · Opens 9 am,,https://lh3.googleusercontent.com/gps-cs-s/APNQkAGl8YLX8e9wWFjSofV32IbCpr44owTyTiax36WnJbwKWcK-p1XNMykSnAHOTj0tnJJez0fidjO0QdPo1GjEt4WX67QTffGCD_qwARBy1bgBZ-6v8EOQRX03LLNXc1qKvZzIARoF=w408-h883-k-no,true,9 am–5 pm,9 am–5 pm,9 am–5 pm,9 am–1 pm,Closed,9 am–5 pm,9 am–5 pm,"https://www.google.com/maps/search/tree+service+businesses+in+Ormond+Beach+Daytona+Beach+FL/@29.2858129,-81.0558894,14z",2026-04-29T04:48:19.142Z,,,
https://www.google.com/maps/place/Deal+on+Wheels+Tree+Service/data=!4m7!3m6!1s0x88e6c4bd744eb2e3:0xe744dd666570f891!8m2!3d29.3454755!4d-81.064455!16s%2Fg%2F11gfdw519v!19sChIJ47JOdL3E5ogRkfhwZWbdROc,Deal on Wheels Tree Service,5.0,4,Tree service,,,,+1 386-307-5131,Closed · Opens 6 am,,https://lh3.googleusercontent.com/gps-cs-s/APNQkAGvE21hRcDKeC91fI-8AUPAX5IZrGC0V15s46ZyfcyNpa89FoipdSvH7OVtYloNp0XFOt1GCldJiiQTNzcUMP7GPzxcnDu5cjKBTZSrF1BqUCBkuZfaAQdNhTbuO8ZamkWU_9zI6g=w408-h272-k-no,true,6 am–6 pm,6 am–6 pm,6 am–6 pm,6 am–6 pm,6 am–6 pm,6 am–6 pm,6 am–6 pm,"https://www.google.com/maps/search/tree+service+businesses+in+Ormond+Beach+Daytona+Beach+FL/@29.2858129,-81.0558894,14z",2026-04-29T04:48:23.445Z,,,
https://www.google.com/maps/place/Cougar+Landscaping/data=!4m7!3m6!1s0x88e6ddbd832476b9:0x791ebc1d8197a19c!8m2!3d29.258916!4d-81.0843883!16s%2Fg%2F11mw0rk9_v!19sChIJuXYkg73d5ogRnKGXgR28Hnk,Cougar Landscaping,,,Landscape architect,"1408 Ave C, Ormond Beach, FL 32174, United States","7W58+H6 Ormond Beach, Florida, USA",https://cougar-landscaping.ueniweb.com/?utm_campaign=gmb,+1 386-500-8964,Open 24 hours,,https://streetviewpixels-pa.googleapis.com/v1/thumbnail?panoid=8C0-tek-a05VWVN3QqQoig&cb_client=search.gws-prod.gps&w=408&h=240&yaw=352.4954&pitch=0&thumbfov=100,true,Open 24 hours,Open 24 hours,Open 24 hours,Open 24 hours,Open 24 hours,Open 24 hours,Open 24 hours,"https://www.google.com/maps/search/tree+service+businesses+in+Ormond+Beach+Daytona+Beach+FL/@29.2858129,-81.0558894,14z",2026-04-29T04:48:27.604Z,,,
https://www.google.com/maps/place/Tree+Shop/data=!4m7!3m6!1s0x88e71c80bc1d53d5:0xb15fd65dc10132a1!8m2!3d29.0259925!4d-81.0450354!16s%2Fg%2F11cscbx87c!19sChIJ1VMdvIAc54gRoTIBwV3WX7E,Tree Shop,4.8,100,Forestry service,"3634 Watermelon Ln, New Smyrna Beach, FL 32168, United States","2XG3+9X New Smyrna Beach, Florida, USA",https://www.treeshop.app/,+1 386-843-5266,Open 24 hours,,https://lh3.googleusercontent.com/gps-cs-s/APNQkAHa1z-9SxLbsQfHty-NCtLQ-2RGRONdbll7zr9j8QUjhpJAfQlP9bWeKKXGYCAjKAzLgQaNuscUI-RmDIjej5XCPuE4jzVfPcXYe3cVr7yjtAsUJNmIcbvKgqjGsWC5kdEZdRZkk1cRg5sx=w426-h240-k-no,true,Open 24 hours,Open 24 hours,Open 24 hours,Open 24 hours,Open 24 hours,Open 24 hours,Open 24 hours,"https://www.google.com/maps/search/tree+service+businesses+in+Ormond+Beach+Daytona+Beach+FL/@29.2858129,-81.0558894,14z",2026-04-29T04:48:31.903Z,,,
https://www.google.com/maps/place/TreesRx/data=!4m7!3m6!1s0x32a7ca3a6e3ddad:0xa87e7af142c7524b!8m2!3d29.1232766!4d-80.9777981!16s%2Fg%2F11xck3dyr0!19sChIJrd3jpqN8KgMRS1LHQvF6fqg,TreesRx,5.0,341,Tree service,"5310 S Ridgewood Ave, Port Orange, FL 32127, United States","42FC+8V Port Orange, Florida, USA",https://treesrxfl.com/,+1 386-444-1442,,,https://lh3.googleusercontent.com/gps-cs-s/APNQkAEZQi7yd51E3pUnUU_l3dGaSIbbSxOiVxq7stDjhNdvj6uL3lBVl78X3V5qzICFPTxqDaFoQkX6eII9I7Li_d-JknkVITAuCdRarn5Jo0V4vZMkWqY1luP4TeJl5tK7ba2Omv7VuzPBSYlb=w408-h272-k-no,true,Open 24 hours,Open 24 hours,Open 24 hours,Open 24 hours,Open 24 hours,Open 24 hours,Open 24 hours,"https://www.google.com/maps/search/tree+service+businesses+in+Port+Orange+Daytona+Beach+FL/@29.1383165,-80.9956105,14z",2026-04-29T04:48:53.113Z,,,
https://www.google.com/maps/place/ABT+Tree+Care/data=!4m7!3m6!1s0x60daacb7a1a3d35d:0xa743ccc6e92b9000!8m2!3d29.1220692!4d-81.0192609!16s%2Fg%2F11vyrql21y!19sChIJXdOjobes2mARAJAr6cbMQ6c,ABT Tree Care,4.9,215,Tree service,"1047 Wexford Way, Port Orange, FL 32129, United States","4XCJ+R7 Port Orange, Florida, USA",https://abttreecare.com/,+1 386-210-0343,Open 24 hours,,https://lh3.googleusercontent.com/gps-cs-s/APNQkAGsX23IjVqkG1R-iPLHgIoyewYuEWGAgRSzpeNRF15usz8nILb4C6rb5XS49BhaVsOBRLV6c06q48hCrepPAWBkezPlj6g66eY-l49MIpLlYSYDFOo_spy5C5KgnnSD5-7-iJJKUKBBgULE=w408-h544-k-no,true,Open 24 hours,Open 24 hours,Open 24 hours,Open 24 hours,Open 24 hours,Open 24 hours,Open 24 hours,"https://www.google.com/maps/search/tree+service+businesses+in+Port+Orange+Daytona+Beach+FL/@29.1383165,-80.9956105,14z",2026-04-29T04:48:57.871Z,,,
https://www.google.com/maps/place/Higher+Standards+Tree+Care/data=!4m7!3m6!1s0x88e6d95ce122a395:0x1646ed9f0ffa52ee!8m2!3d29.109604!4d-81.0040705!16s%2Fg%2F11rht8czg1!19sChIJlaMi4VzZ5ogR7lL6D5_tRhY,Higher Standards Tree Care,4.4,148,Tree service,"853 Pine Forest Trail W, Port Orange, FL 32127, United States","4X5W+R9 Port Orange, Florida, USA",http://higherstandardstreecare.com/,+1 386-235-3088,Open 24 hours,,https://lh3.googleusercontent.com/gps-cs-s/APNQkAFpRvgCotR3tuCrHtwJMOYVkbh180Faq58oewBXbirVIhyYHEO_6kX-hBqstAGMYHeBwRZ-8O-APBeKvxb11b5vTzz_hPOZDSQWtoG5ZBh9qPrLYoJkc6A_glxSx7CuaqyVHFZb=w408-h544-k-no,true,Open 24 hours,Open 24 hours,7 am–6 pm,7 am–6 pm,7 am–2 pm,Open 24 hours,Open 24 hours,"https://www.google.com/maps/search/tree+service+businesses+in+Port+Orange+Daytona+Beach+FL/@29.1383165,-80.9956105,14z",2026-04-29T04:49:02.174Z,,,
https://www.google.com/maps/place/Higher+standards+tree+care/data=!4m7!3m6!1s0x807f2a7976f8a6d5:0xbd7f6538887052c!8m2!3d29.1475493!4d-81.0029068!16s%2Fg%2F11nxq22fgy!19sChIJ1ab4dnkqf4ARLAWHiFP21ws,Higher standards tree care,4.6,9,Tree service,"947 McDonald Rd, Port Orange, FL 32129, United States","4XXW+2R Port Orange, Florida, USA",http://higherstandardstreecare.com/,+1 386-235-3088,Closed · Opens 9 am,,https://lh3.googleusercontent.com/gps-cs-s/APNQkAFsjpHLROPNwuyqG_yMdbpueAFZAEq5IdjH0uaEpsYCAjhrJWW3Ux96HXs_xyF-F2ToXGa3xImHhQ_rWtZYVIMnPLctunQ8Cy9CyCW62w1zpAMRcR33FxdZbDGEG5mebnzLs546-vnazwAO=w408-h725-k-no,true,9 am–5 pm,9 am–5 pm,9 am–5 pm,9 am–5 pm,9 am–5 pm,9 am–5 pm,9 am–5 pm,"https://www.google.com/maps/search/tree+service+businesses+in+Port+Orange+Daytona+Beach+FL/@29.1383165,-80.9956105,14z",2026-04-29T04:49:06.456Z,,,
https://www.google.com/maps/place/Atlantic+Coast+Tree+Care/data=!4m7!3m6!1s0x88e7270d563abe57:0x1d1718bf2b2a92f1!8m2!3d29.1041821!4d-81.0028405!16s%2Fg%2F11ykf99cpj!19sChIJV746Vg0n54gR8ZIqK78YFx0,Atlantic Coast Tree Care,4.7,15,Tree service,"5822 Southport Dr, Port Orange, FL 32127, United States","4X3W+MV Port Orange, Florida, USA",https://atlanticcoasttreecare.com/,+1 386-318-6161,Open 24 hours,,https://lh3.googleusercontent.com/gps-cs-s/APNQkAGDr4O6_bV5HSw2BbIuPxvAoT0N1Vid4ONkRZIELLvdVZSV3Qp8rcoMB8amQDnU0HJ5JvWBzp8JOM2zkNdPcYhl62Bo60UXlqb8IvvSPFQ0u-JICU2KV4SM2Is-gy8FWrSq9nz4mm9CCgw=w519-h240-k-no,true,Open 24 hours,Open 24 hours,Open 24 hours,Open 24 hours,Open 24 hours,Open 24 hours,Open 24 hours,"https://www.google.com/maps/search/tree+service+businesses+in+Port+Orange+Daytona+Beach+FL/@29.1383165,-80.9956105,14z",2026-04-29T04:49:10.957Z,,,
https://www.google.com/maps/place/Allegiance+Tree+Care/data=!4m7!3m6!1s0x88e6d70c8fa7b421:0x1e7a7f8982005f3f!8m2!3d29.1477831!4d-80.9709469!16s%2Fg%2F11yht7pp8d!19sChIJIbSnjwzX5ogRP18Agol_eh4,Allegiance Tree Care,4.8,24,Tree service,"3600 S Peninsula Dr, Port Orange, FL 32127, United States","42XH+4J Port Orange, Florida, USA",https://allegiancetreecare.com/,+1 386-795-4850,Open 24 hours,,https://lh3.googleusercontent.com/gps-cs-s/APNQkAHJl1YiVaeFDltcBPl2MhaY3BACJkh5kQzUF8qkuVuOkuWKw5KIfevzNJ8QrhXrMv_vOS9-5DovtUvaF9sSlv8Vwvvtg4Z4qT_sU2Kded5zdUA7VsvSQe0iZ_wd1ZzMdBv65GbuBXDlz_F9=w408-h612-k-no,true,Open 24 hours,Open 24 hours,Open 24 hours,Open 24 hours,Open 24 hours,Open 24 hours,Open 24 hours,"https://www.google.com/maps/search/tree+service+businesses+in+Port+Orange+Daytona+Beach+FL/@29.1383165,-80.9956105,14z",2026-04-29T04:49:15.559Z,,,
https://www.google.com/maps/place/Trimco+Lawn+Service/data=!4m7!3m6!1s0x88e6d728a0ac5a07:0x65a625e6aefd31a2!8m2!3d29.1485119!4d-80.9692909!16s%2Fg%2F11fvcs74qk!19sChIJB1qsoCjX5ogRojH9ruYlpmU,Trimco Lawn Service,4.7,25,Lawn care service,"114 Demotte Ave, Port Orange, FL 32127, United States","42XJ+C7 Port Orange, Florida, USA",http://trimcolawn.com/,+1 386-500-1790,Open 24 hours,,https://lh3.googleusercontent.com/gps-cs-s/APNQkAEluVODuDSO0f5gGPJUKIy6tCv1Vs-5AAIeom9t-vQ6NK5hFHOM5QzKDHY9rKyXwgMoLp2Y37U_3htoddq6nx4cURnv9xuXFuYd2Fb-lcQq1XCnJGER5U7aqL6MOqr4PXJ6Azn0VCmhvPRE=w408-h306-k-no,true,Open 24 hours,Open 24 hours,Open 24 hours,Open 24 hours,Closed,Open 24 hours,Open 24 hours,"https://www.google.com/maps/search/tree+service+businesses+in+Port+Orange+Daytona+Beach+FL/@29.1383165,-80.9956105,14z",2026-04-29T04:49:19.955Z,,,
https://www.google.com/maps/place/Angel+Oak+Arbor+Care/data=!4m7!3m6!1s0x88e6d9710774bd49:0xdfa6bece266a7184!8m2!3d29.1529607!4d-81.0195996!16s%2Fg%2F11h_tplp1x!19sChIJSb10B3HZ5ogRhHFqJs6-pt8,Angel Oak Arbor Care,4.4,72,Tree service,"2800 S Nova Rd H4, South Daytona, FL 32119, United States","5X3J+55 South Daytona, Florida, USA",,+1 386-956-2245,Closed · Opens 7 am,,https://lh3.googleusercontent.com/gps-cs-s/APNQkAEkG7yccfbJMcIS-ieX8et7xeQK7BlNzFqa6C6OGR-bTrDNPB49Ncvga_o2NgLzY_z8zqYkBYT89i2B6D62nGyhScRiSjIPbP2BKwILCFOnrXyWgXFSx7smPBqgZJCUoa4v3O2_3g=w408-h335-k-no,true,7 am–7 pm,7 am–7 pm,7 am–7 pm,6 am–7 pm,Closed,7 am–7 pm,7 am–7 pm,"https://www.google.com/maps/search/tree+service+businesses+in+Port+Orange+Daytona+Beach+FL/@29.1383165,-80.9956105,14z",2026-04-29T04:49:24.475Z,,,
https://www.google.com/maps/place/Branching+Out+Tree+Care+Professionals/data=!4m7!3m6!1s0x2c74f44803a804ab:0xd0cb4f449437f7f!8m2!3d29.072764!4d-81.072582!16s%2Fg%2F11y2r6l_9f!19sChIJqwSoA0j0dCwRf39DSfS0DA0,Branching Out Tree Care Professionals,4.2,19,Tree service,,,https://branchingouttreecarepros.com/,+1 386-307-3083,Open 24 hours,,https://lh3.googleusercontent.com/gps-cs-s/APNQkAFCrnKe7o0KnkfuTkZP2r0-Tpnb229XajkfznXIOcAbvDV-oUHqdxCqiq3TwFO3sj6wKJBLXF1Ok6VJhrxE408bNLhOC-w9XfjCgt-fCx_1HcYPTvhsgQEeNCrI0ufYv6qpSlYm=w408-h544-k-no,true,Open 24 hours,Open 24 hours,Open 24 hours,Open 24 hours,Open 24 hours,Open 24 hours,Open 24 hours,"https://www.google.com/maps/search/tree+service+businesses+in+Port+Orange+Daytona+Beach+FL/@29.1383165,-80.9956105,14z",2026-04-29T04:49:28.848Z,,,
https://www.google.com/maps/place/The+Best+Landscaping/data=!4m7!3m6!1s0x49e71202a55d7bd5:0xf5954802eb66e989!8m2!3d29.125404!4d-81.037058!16s%2Fg%2F11w1qppbc4!19sChIJ1XtdpQIS50kRielm6wJIlfU,The Best Landscaping,5.0,10,Landscaper,"1395 Dexter Dr N, Port Orange, FL 32129, United States","4XG7+55 Port Orange, Florida, USA",,+1 407-534-9870,"Open 24 hours

Confirmed by this business 3 weeks ago",,https://lh3.googleusercontent.com/gps-cs-s/APNQkAE95eopG-xF66btjn2TKi1E2OE0Xcgr5u4ZIFl7Tp_UCCRliyBWl4DMQ_O3hJlFo-vEuBt7XC_43FmzexhSmFFJJObZNHr-kum7SUitdB-etCdX7O92RBDNmCgV0Oy-IlYItSKQ3dj3menB=w408-h426-k-no,true,Open 24 hours,Open 24 hours,Open 24 hours,Open 24 hours,Open 24 hours,Open 24 hours,Open 24 hours,"https://www.google.com/maps/search/tree+service+businesses+in+Port+Orange+Daytona+Beach+FL/@29.1383165,-80.9956105,14z",2026-04-29T04:49:33.496Z,,,
https://www.google.com/maps/place/All+Florida+Tree+Services+Inc/data=!4m7!3m6!1s0x88e7277736a6072b:0xa72fa6d23ddd787d!8m2!3d29.104391!4d-81.036455!16s%2Fg%2F1tf8ty0z!19sChIJKwemNncn54gRfXjdPdKmL6c,All Florida Tree Services Inc,3.7,3,Tree service,"1359 S Wembley Cir, Port Orange, FL 32128, United States","4X37+QC Port Orange, Florida, USA",,+1 407-699-7800,,,https://lh3.googleusercontent.com/gps-cs-s/APNQkAEavW3ZTc-htsSMGLIEHnEUAQO0ua_wNVhE5U1QF-m7GkHdzPHcupt4WTRKcNLFyCDi8qv8rOkH-jjSnvbY_7pnpDcNyQexB1HWY0dcCIpmdqpJOgQaUmi9CjfAKQ3ADWDveySjoQ=w408-h544-k-no,true,,,,,,,,"https://www.google.com/maps/search/tree+service+businesses+in+Port+Orange+Daytona+Beach+FL/@29.1383165,-80.9956105,14z",2026-04-29T04:49:36.033Z,,,
"https://www.google.com/maps/place/Over+The+Moon+Lawn+Care,+Inc./data=!4m7!3m6!1s0x88e6d9d0f7a0e875:0xa37788f47ccf8068!8m2!3d29.1728525!4d-81.0393841!16s%2Fg%2F11qplrxy7c!19sChIJdeig99DZ5ogRaIDPfPSId6M","Over The Moon Lawn Care, Inc.",4.4,19,Lawn care service,,,https://overthemoonlawncare.com/,+1 386-307-2871,,LGBTQ+ friendly,https://lh3.googleusercontent.com/gps-cs-s/APNQkAEUgZVpXPjzck0ZEjMM0lF_9rPGSEPaWgPL0gdiPt_h7EANDos6PGfIKE0VC7-tDqvQvKuaQdCABndnwiWK8YciWmIRLSFoFm8P_8Jsw1K9mRSre9sUT01tDHKU6tjPAXfmPIoT9sTE4bPM=w408-h544-k-no,true,Open 24 hours,Open 24 hours,Open 24 hours,Open 24 hours,Open 24 hours,Open 24 hours,Open 24 hours,"https://www.google.com/maps/search/tree+service+businesses+in+Port+Orange+Daytona+Beach+FL/@29.1383165,-80.9956105,14z",2026-04-29T04:49:40.550Z,,,
https://www.google.com/maps/place/Allen%27s+Tree+Service/data=!4m7!3m6!1s0x88e6d8a8390056d9:0x950a8242cb991d1e!8m2!3d29.1197316!4d-81.0658105!16s%2Fg%2F1tvq4yqj!19sChIJ2VYAOajY5ogRHh2Zy0KCCpU,Allen's Tree Service,2.8,31,Tree service,"2113 Mitchell Ln, Port Orange, FL 32128, United States","4W9M+VM Port Orange, Florida, USA",https://allenstreeserviceusmc.com/,+1 386-252-3822,Closed · Opens 7 am,,https://lh3.googleusercontent.com/gps-cs-s/APNQkAEGslk9jt0f1Lt9YLLGdDmD1bVzYA9ddojUf69UyaFKhpSW-JH75XAIInr-0zgAKlfN8ayhQtGXOhcVh98CxNqK1Kh3usK3XBhC_QXs58PU6ilnm3UQwBZXHPpDcz90e93GkZQY=w960-h240-k-no,false,7 am–8 pm,7 am–8 pm,7 am–8 pm,7 am–8 pm,Closed,7 am–8 pm,7 am–8 pm,"https://www.google.com/maps/search/tree+service+businesses+in+Port+Orange+Daytona+Beach+FL/@29.1383165,-80.9956105,14z",2026-04-29T04:49:45.403Z,,,
https://www.google.com/maps/place/Peaceful+Palms+Landscaping+LLC/data=!4m7!3m6!1s0x5dd7b918b2e392f:0xff3b55c7daf359ae!8m2!3d29.0225621!4d-81.172182!16s%2Fg%2F11whdfghyv!19sChIJLzkui5F73QURrlnz2sdVO_8,Peaceful Palms Landscaping LLC,4.8,48,Landscaper,,,http://peacefulpalmsllc.com/,+1 386-243-9356,Closed · Opens 8 am,,https://lh3.googleusercontent.com/gps-cs-s/APNQkAF8Uc_hSFbgMVicqYbbgh9r__Fa6jERzpLc3lftv0zTu7kLAE0tt9ddhQBohVkrS_IrnxjJeRpoIZ5Lhhcr5OfjVebbAsdtMboxPUCJZ60mIXbVYQw_0cuxtv1bJOcz4qJ4Mh8pxJK9Rlk=w408-h544-k-no,true,8 am–5 pm,8 am–5 pm,8 am–5 pm,Closed,Closed,8 am–5 pm,8 am–5 pm,"https://www.google.com/maps/search/tree+service+businesses+in+Port+Orange+Daytona+Beach+FL/@29.1383165,-80.9956105,14z",2026-04-29T04:49:49.971Z,,,
https://www.google.com/maps/place/Port+Orange+Landscaping/data=!4m7!3m6!1s0x46c1ab943da07473:0x2ebbccd573cd6fd5!8m2!3d29.0225621!4d-81.172182!16s%2Fg%2F11pvhk8038!19sChIJc3SgPZSrwUYR1W_Nc9XMuy4,Port Orange Landscaping,4.2,5,Lawn care service,,,,+1 386-281-1578,Open 24 hours,,https://lh3.googleusercontent.com/gps-cs-s/APNQkAHwfIFFr98GSRSeDkQ3LHbUvcjnp4RQzLRJmufUZ-YFIyBZYSgCgw7rqgakJBOzZQUDwPhBJvgffRahIz_4sgx3KW57MkmBOa-uEQnPaBb7z0zWmW-8dgUwcSOkEN7mK1SpyWK8wFP_BQcY=w408-h544-k-no,true,Open 24 hours,Open 24 hours,Open 24 hours,Open 24 hours,Open 24 hours,Open 24 hours,Open 24 hours,"https://www.google.com/maps/search/tree+service+businesses+in+Port+Orange+Daytona+Beach+FL/@29.1383165,-80.9956105,14z",2026-04-29T04:49:54.234Z,,,
https://www.google.com/maps/place/Volusia+Tree+Removal+%26+Trimming/data=!4m7!3m6!1s0x88e6db7cafe41031:0x4e97995d07ca93f6!8m2!3d29.156336!4d-81.0137426!16s%2Fg%2F11fm9hs326!19sChIJMRDkr3zb5ogR9pPKB12Zl04,Volusia Tree Removal & Trimming,5.0,1,Tree service,"50 Bryan Cave Rd, South Daytona, FL 32119, United States","5X4P+GG South Daytona, Florida, USA",http://volusiacountytreeremovaltrimming.com/,+1 386-275-3923,Closed · Opens 8 am,,https://lh3.googleusercontent.com/gps-cs-s/APNQkAERr49_Cj9FqAesIi_bP1ReYU9kXUG4zO656FN4o55joWnaAjgMUq8W78xO5zWxQT1VXRFsCXPLkBDRscDnXSlZQUELHN3NiYWgCqCyzaJqITO5PifXSUE5263Q-PfCYaQi8eMHww=w408-h272-k-no,true,8 am–10 pm,8 am–10 pm,8 am–10 pm,8 am–10 pm,8 am–10 pm,8 am–10 pm,8 am–10 pm,"https://www.google.com/maps/search/tree+service+businesses+in+Port+Orange+Daytona+Beach+FL/@29.1383165,-80.9956105,14z",2026-04-29T04:49:58.710Z,,,
https://www.google.com/maps/place/Florida+Heights+Tree+Services+LLC/data=!4m7!3m6!1s0x88e719748f717165:0xe70ece9f020e4b0d!8m2!3d29.1012755!4d-81.01614!16s%2Fg%2F11dfj81jzj!19sChIJZXFxj3QZ54gRDUsOAp_ODuc,Florida Heights Tree Services LLC,5.0,15,Tree service,,,,+1 386-337-4651,Open 24 hours,,https://lh3.googleusercontent.com/gps-cs-s/APNQkAGSlUpo3Bt_uFekkiwd2vlQwq1ohaxagOcAMRAy85YWNh_5BU_hHKdiJWjJuELFYWSUW0KbGBWg0wgRa6X3r7K8lQRxvTuUc0Dud5rin_84iL9XlrQCH3-fBXccRb-4gWsxqEMUyA=w408-h270-k-no,true,Open 24 hours,Open 24 hours,Open 24 hours,Open 24 hours,Open 24 hours,Open 24 hours,Open 24 hours,"https://www.google.com/maps/search/tree+service+businesses+in+Port+Orange+Daytona+Beach+FL/@29.1383165,-80.9956105,14z",2026-04-29T04:50:02.981Z,,,
https://www.google.com/maps/place/Noe+Trees/data=!4m7!3m6!1s0x7c112cc297c6f7b:0xce10620a6d6a798e!8m2!3d28.8896756!4d-81.172182!16s%2Fg%2F11rk2856l_!19sChIJe298KcwSwQcRjnlqbQpiEM4,Noe Trees,5.0,64,Tree service,,,http://noetrees.com/,+1 386-287-2552,Open 24 hours,Identifies as veteran-owned,https://lh3.googleusercontent.com/gps-cs-s/APNQkAF_bQpXCLcSongQwQozhRhKXZl0_m00YaEp9-_R9ZUdBOpLnjTn8tNXGvT4RnIM-bazl3d5SbIPer9cbajOOSj00Rc1JCMM0cMqUZqdk4RuYoWcD8kJS8HRvl9x2HP-dXE92T9M7g=w408-h544-k-no,true,Open 24 hours,Open 24 hours,Open 24 hours,Open 24 hours,Open 24 hours,Open 24 hours,Open 24 hours,"https://www.google.com/maps/search/tree+service+businesses+in+Port+Orange+Daytona+Beach+FL/@29.1383165,-80.9956105,14z",2026-04-29T04:50:07.357Z,,,
https://www.google.com/maps/place/H%26D+Tree+Service/data=!4m7!3m6!1s0x88e721a4a3c04d51:0x5b59e0245ba74204!8m2!3d29.0889277!4d-81.0826347!16s%2Fg%2F11gv0xdj9h!19sChIJUU3Ao6Qh54gRBEKnWyTgWVs,H&D Tree Service,4.4,21,Tree service,"2399 Palm Dr, Port Orange, FL 32128, United States","3WQ8+HW Port Orange, Florida, USA",,+1 386-295-4052,Open 24 hours,,https://lh3.googleusercontent.com/gps-cs-s/APNQkAGIpxJNFhGsz_B-dVRdTRy_vVtR4hKluYc8gr7kLg4sUOFqp_ISXbJ1DH5bIP7mj-oxT2trNmaPtGt3yJplkc3TWd0-Bz93VG3cbXntrK92YbOUP41c8S8uEsnD4wu7IEC8Nkue=w408-h544-k-no,true,Open 24 hours,Open 24 hours,Open 24 hours,Open 24 hours,Open 24 hours,Open 24 hours,Open 24 hours,"https://www.google.com/maps/search/tree+service+businesses+in+Port+Orange+Daytona+Beach+FL/@29.1383165,-80.9956105,14z",2026-04-29T04:50:11.895Z,,,
https://www.google.com/maps/place/Coastal+Land+Management/data=!4m7!3m6!1s0x88e7299624234003:0xa27a919f78a3d64f!8m2!3d29.1386217!4d-80.9904506!16s%2Fg%2F11hftjh0_5!19sChIJA0AjJJYp54gRT9ajeJ-ReqI,Coastal Land Management,4.7,15,Excavating contractor,"519 Virginia Ave Unit 4, Port Orange, FL 32127, United States","42Q5+CR Port Orange, Florida, USA",http://coastallandmanagementfl.com/,+1 386-316-0606,Closed · Opens 8 am,,https://lh3.googleusercontent.com/gps-cs-s/APNQkAGmDgJgzyeVeieqLaIuYKWy0tZ_8FdB6B7Q843aRH-lAibI5POrsGx_62qzQaGGDs713qpQjT4vBTauUrvhGY-_39-x29U_EE9sEADDyrRj6ZD3sS3_dCm-5qfva2JyMc4lylfdtA=w425-h240-k-no,true,8 am–6 pm,8 am–6 pm,8 am–6 pm,8 am–6 pm,Closed,8 am–6 pm,8 am–6 pm,"https://www.google.com/maps/search/tree+service+businesses+in+Port+Orange+Daytona+Beach+FL/@29.1383165,-80.9956105,14z",2026-04-29T04:50:16.605Z,,,
https://www.google.com/maps/place/Atlantic+Tree+Services/data=!4m7!3m6!1s0xacb063c30a941a2b:0xa48af933af396fc2!8m2!3d29.1418745!4d-81.172182!16s%2Fg%2F11xyrf3_tt!19sChIJKxqUCsNjsKwRwm85rzP5iqQ,Atlantic Tree Services,5.0,9,Tree service,,,,+1 386-235-2081,Closed · Opens 8 am,,https://lh3.googleusercontent.com/gps-cs-s/APNQkAH5tRRD1q72Qws7EQqtZUy55lTjNA9dYw_NxImJMkCzADkAh_RoHXwSmRwqbRC99eTmffqRYWVHaLZktK9BOve_ga38c2XnwmSswh4JkkB0OfC9w_s7YBaVwU-1Vk3OazSQykCP0rKi68Zo=w408-h544-k-no,true,8 am–7 pm,8 am–7 pm,8 am–7 pm,10 am–5 pm,Closed,8 am–7 pm,8 am–7 pm,"https://www.google.com/maps/search/tree+service+businesses+in+Port+Orange+Daytona+Beach+FL/@29.1383165,-80.9956105,14z",2026-04-29T04:50:21.296Z,,,
https://www.google.com/maps/place/Dead+Or+Alive+Tree+Service+LLC/data=!4m7!3m6!1s0xacc16e50ea24e8b7:0xf6f7d78648b91cac!8m2!3d29.1728525!4d-81.0393841!16s%2Fg%2F11tfyk92sj!19sChIJt-gk6lBuwawRrBy5SIbX9_Y,Dead Or Alive Tree Service LLC,4.8,73,Tree service,,,https://deadoralivetreeservicefl.com/,+1 386-333-2252,Open 24 hours,,https://lh3.googleusercontent.com/gps-cs-s/APNQkAGkD6lcK8kPq9ouAVAyl65uPJvhiwom3Z7XZ1_zsa_p0WTXhWyZPsKJKFmG1AE-LYPTKCCZ0JzLs4TojcaUsg2BxcEXK8kt-_xXNvF7HXAoH6ydYAQnHwANwoTVyoWKk5dbG1sr2A=w426-h240-k-no,true,Open 24 hours,Open 24 hours,Open 24 hours,Open 24 hours,Open 24 hours,Open 24 hours,Open 24 hours,"https://www.google.com/maps/search/tree+service+businesses+in+Port+Orange+Daytona+Beach+FL/@29.1383165,-80.9956105,14z",2026-04-29T04:50:26.001Z,,,
https://www.google.com/maps/place/Our+Lawns+-+Lawn+Service+%26+Pressure+Washing+%28Durable+Dreams+LLC%29/data=!4m7!3m6!1s0x88e6d706decdfa73:0xc7d1d533fc516db3!8m2!3d29.1012755!4d-81.01614!16s%2Fg%2F11k_q6n2jv!19sChIJc_rN3gbX5ogRs21R_DPV0cc,Our Lawns - Lawn Service & Pressure Washing (Durable Dreams LLC),4.4,5,Lawn care service,,,http://www.ourlawnslandscaping.com/,+1 321-270-7578,Closed · Opens 9 am,Identifies as women-owned,https://lh3.googleusercontent.com/gps-cs-s/APNQkAE_gC7x9S2QrhyR_vly4NLp6qNlFA9DFYUCSdaeTgiPlFxqGEIp6BHOh_UmR-f2-sYuNgxHZmN3o2nak-jfCPhIQxMAaFbTZdMiJ6ghDTpxqcz-IlwPT_t8inVOIp2wKNvMGOs_=w408-h247-k-no,true,9 am–5 pm,9 am–5 pm,9 am–5 pm,Closed,Closed,9 am–5 pm,9 am–5 pm,"https://www.google.com/maps/search/tree+service+businesses+in+Port+Orange+Daytona+Beach+FL/@29.1383165,-80.9956105,14z",2026-04-29T04:50:30.513Z,,,
https://www.google.com/maps/place/Ganz+Landscape+%26+Nursery/data=!4m7!3m6!1s0x88e6c39f44886f35:0x68e2cabdc97c2f94!8m2!3d29.1484933!4d-81.0357617!16s%2Fg%2F11g0drmdy9!19sChIJNW-IRJ_D5ogRlC98yb3K4mg,Ganz Landscape & Nursery,4.6,19,Plant nursery,"3690 S Clyde Morris Blvd, Port Orange, FL 32129, United States","4XX7+9M Port Orange, Florida, USA",http://ganzlandscape.com/,+1 386-276-0968,"Closed · Opens 8 am

Updated by this business 7 weeks ago",Identifies as women-owned,https://lh3.googleusercontent.com/gps-cs-s/APNQkAG6euamzT9NgFRmsCZR31xdd4g2ENJnVQyg35e3tsUvxjiiVaAcPXRJ6K69uY-xosbaZbF_5oDCoEVsxyxqsG1CZsPMZPMFakST_qGUZpNrXMSD3wBA77Sx2M-WcMponOgit-Rs=w408-h544-k-no,true,8 am–4 pm,8 am–4 pm,8:30 am–3:30 pm,Closed,Closed,8 am–4 pm,8 am–4 pm,"https://www.google.com/maps/search/tree+service+businesses+in+Port+Orange+Daytona+Beach+FL/@29.1383165,-80.9956105,14z",2026-04-29T04:50:34.981Z,,,
https://www.google.com/maps/place/LOGANS+Lawn+%26+Landscape+LLC/data=!4m7!3m6!1s0x88e6d9bf5e8e0219:0xf99e8c20df335de!8m2!3d29.1305111!4d-80.9945055!16s%2Fg%2F11xkhqqg04!19sChIJGQKOXr_Z5ogR3jXzDcLomQ8,LOGANS Lawn & Landscape LLC,5.0,38,Landscaper,"808 Acorn Ln, Port Orange, FL 32127, United States","42J4+65 Port Orange, Florida, USA",,+1 386-882-2325,Closed · Opens 7 am,,https://lh3.googleusercontent.com/gps-cs-s/APNQkAEtdhu3r0BGkSE3MB6UfBnGPgR8GOxgosqxXPOVPK70S5x9VnO-joBEL-plMQvQ_rQYq16qw7feBSFJbGCB6UXslZ80UoU8Px1XSt4yd6a3_LLgHmrowTBU7OC8NuLPa2uKMNtnyz6cawm9=w408-h544-k-no,true,7 am–6 pm,7 am–6 pm,7 am–6 pm,7 am–6 pm,Closed,7 am–6 pm,7 am–6 pm,"https://www.google.com/maps/search/tree+service+businesses+in+Port+Orange+Daytona+Beach+FL/@29.1383165,-80.9956105,14z",2026-04-29T04:50:39.698Z,,,
https://www.google.com/maps/place/Absolute+Quality+Landscaping/data=!4m7!3m6!1s0x88e727ed780503e3:0xb3bbf732cb277aeb!8m2!3d28.4931361!4d-81.646989!16s%2Fg%2F1td7jkg1!19sChIJ4wMFeO0n54gR63onyzL3u7M,Absolute Quality Landscaping,4.8,52,Landscaper,,,http://absolutequalitylandscape.com/,+1 386-763-1097,Closed · Opens 8 am,,https://lh3.googleusercontent.com/gps-cs-s/APNQkAHCBoy5YyYNmM0tjdBN35nqMk16tbYfV7_Ab9bGW3kL315NqDaNxB4V-P16A0Y41s96F_zovMdfBLSbTAtn-JkKXbBpJ2EtBYn1JZrwGJCNO6pq-PekiQ7wBa_aO3SeP1P-t9KFoTbC2mGj=w408-h272-k-no,true,8 am–5 pm,8 am–5 pm,8 am–5 pm,Closed,Closed,8 am–5 pm,8 am–5 pm,"https://www.google.com/maps/search/tree+service+businesses+in+Port+Orange+Daytona+Beach+FL/@29.1383165,-80.9956105,14z",2026-04-29T04:50:44.470Z,,,
https://www.google.com/maps/place/Coastal+Dump+%26+Junk+Removal+Services/data=!4m7!3m6!1s0xececaea26d6383:0xaa54ec1956b49159!8m2!3d29.0447805!4d-81.0688705!16s%2Fg%2F11s19t3qpt!19sChIJg2Ntoq7s7AARWZG0VhnsVKo,Coastal Dump & Junk Removal Services,5.0,99,Junk removal service,,,https://www.coastaldumpjunkremoval.com/get-in-touch,+1 386-864-5654,Closed · Opens 8 am,LGBTQ+ friendly,https://lh3.googleusercontent.com/gps-cs-s/APNQkAH69SLU6V-0XmtnjDJjnns9-HgrNkuQHfK3vxbEqtNHlVzDCHUSScPdIMuhFd4ltrYrpzqHZXqRb19cnDr2nAD89OgvVKgdsUjgugbBxy7-SRGRtcZWCaaqyyoC693KP9XxVvBD9Q=w408-h543-k-no,true,8 am–8 pm,8 am–8 pm,8 am–8 pm,8 am–8 pm,8 am–8 pm,8 am–8 pm,8 am–8 pm,"https://www.google.com/maps/search/tree+service+businesses+in+Port+Orange+Daytona+Beach+FL/@29.1383165,-80.9956105,14z",2026-04-29T04:50:48.998Z,,,
https://www.google.com/maps/place/Roberts+Tree+Care+FL/data=!4m7!3m6!1s0x6594d843419041af:0xddced9faf5d37fb3!8m2!3d29.1012755!4d-81.01614!16s%2Fg%2F11y5j48n_8!19sChIJr0GQQUPYlGURs3_T9frZzt0,Roberts Tree Care FL,5.0,1,Tree service,,,https://www.robertstreecarefl.com/,+1 207-831-9987,Closed · Opens 7 am,,https://lh3.googleusercontent.com/gps-cs-s/APNQkAEUqkc6FuvQJgjQOi6Sxt2QWWi02a0d6JGkePK_PrkQdNEnw-Lx-0PpXiTky-B36jQZhk0jDvuaiCWa5qkKo9WyWUSfIplIns0Mt9x9Myi_yElpJGOlamELnbuhaeRUu7l7m0GI=w408-h544-k-no,true,7 am–7 pm,7 am–7 pm,7 am–7 pm,7 am–7 pm,7 am–7 pm,7 am–7 pm,7 am–7 pm,"https://www.google.com/maps/search/tree+service+businesses+in+Port+Orange+Daytona+Beach+FL/@29.1383165,-80.9956105,14z",2026-04-29T04:50:53.477Z,,,
https://www.google.com/maps/place/Tri+County+Landscape+%26+Nursery/data=!4m7!3m6!1s0x88e6d92414dfd523:0x6d036538633a3823!8m2!3d29.1197605!4d-81.0010225!16s%2Fg%2F11qptl78dx!19sChIJI9XfFCTZ5ogRIzg6YzhlA20,Tri County Landscape & Nursery,4.7,13,Landscaper,"3930 S Nova Rd #305a, Port Orange, FL 32127, United States","4X9X+WH Port Orange, Florida, USA",http://www.tricountylandscape.net/,+1 386-492-7822,Closed · Opens 8 am,,https://lh3.googleusercontent.com/gps-cs-s/APNQkAHkpIyfDGUfHdK0N9ir0Pm-NvirNEGix75Z5Z21zgzatK5-9gqG-YiX4nMWWwYwkmh1vxPR_VE1-y4WuIdmn2AD23GdGi-ZoIgwlblhjmo4LHP1IhfPDePDq2cvU317BhCrOMI=w408-h306-k-no,true,8 am–4 pm,8 am–4 pm,8 am–4 pm,Closed,Closed,8 am–4 pm,8 am–4 pm,"https://www.google.com/maps/search/tree+service+businesses+in+Port+Orange+Daytona+Beach+FL/@29.1383165,-80.9956105,14z",2026-04-29T04:50:58.037Z,,,
https://www.google.com/maps/place/Souls+of+Nature+Landscaping/data=!4m7!3m6!1s0x88e727d97699878d:0x2d1facc67c0ba666!8m2!3d29.0225621!4d-81.172182!16s%2Fg%2F11wj3lyqbg!19sChIJjYeZdtkn54gRZqYLfMasHy0,Souls of Nature Landscaping,5.0,6,Landscape designer,,,,+1 386-301-9980,Closed · Opens 7 am,,https://lh3.googleusercontent.com/gps-cs-s/APNQkAHy7dX9e9_lr3T2GxyxYD7Sg8V6ZYJrnsasXrbUGhHl7LWWFTV1g1bt1DAZq2ts55rfgYes3xDK9b-mgQxTxcPme_SYi7s3jOF3M5FE5eXHbm5PeeVtLEol06qW1KqXtZ-03vY=w408-h306-k-no,true,7 am–5 pm,7 am–5 pm,7 am–5 pm,7 am–5 pm,7 am–12 pm,7 am–5 pm,7 am–5 pm,"https://www.google.com/maps/search/tree+service+businesses+in+Port+Orange+Daytona+Beach+FL/@29.1383165,-80.9956105,14z",2026-04-29T04:51:02.458Z,,,
"https://www.google.com/maps/place/Opre's+Tree+Service/@29.1128515,-80.9796535,13z/data=!3m1!4b1!4m6!3m5!1s0xaff282649cc70fd:0x7ae41892b8444035!8m2!3d29.1128515!4d-80.9796534!16s%2Fg%2F11vsvrn_sp",Opre's Tree Service,3.0,2,Tree service,,,,+1 386-333-4765,Closed · Opens 6 am,,,true,6 am–6 pm,6 am–6 pm,6 am–6 pm,6 am–6 pm,6 am–6 pm,6 am–6 pm,6 am–6 pm,"https://www.google.com/maps/search/tree+service+businesses+in+Port+Orange+Daytona+Beach+FL/@29.1383165,-80.9956105,14z",2026-04-29T04:51:09.032Z,,,
https://www.google.com/maps/place/Knotty+Pines+Tree+Services/data=!4m7!3m6!1s0x28da059abb9a0e21:0x22af2fcb38e096d2!8m2!3d29.162951!4d-81.1073895!16s%2Fg%2F11rsh2h2x7!19sChIJIQ6au5oF2igR0pbgOMsvryI,Knotty Pines Tree Services,5.0,4,Tree service,,,,+1 386-341-2020,Closed · Opens 9 am,,https://lh3.googleusercontent.com/gps-cs-s/APNQkAF-GUPGTA6QlxzmsxvpRCy9E97uwo3HeBy2mJmsH5-eMcOejfy7xcBf8j_mE6a_H6OtUoVTChD94KUKJYhzPjCohCwPgBGIEtzKJrk2fQJd6Q2hT_Ekqbkap6ahxsbCvZltzSB0=w408-h544-k-no,true,9 am–5 pm,9 am–5 pm,9 am–5 pm,Closed,Closed,9 am–5 pm,9 am–5 pm,"https://www.google.com/maps/search/tree+service+businesses+in+Port+Orange+Daytona+Beach+FL/@29.1383165,-80.9956105,14z",2026-04-29T04:51:13.430Z,,,
https://www.google.com/maps/place/All+Florida+Tree+Pros+LLC/data=!4m7!3m6!1s0x8b4ad94d02c2f461:0xfe06e931480bd79!8m2!3d29.43605!4d-81.322261!16s%2Fg%2F11rd85g1wj!19sChIJYfTCAk3ZSosReb2AFJNu4A8,All Florida Tree Pros LLC,5.0,4,Tree service,,,,+1 386-282-3942,Open 24 hours,,https://lh3.googleusercontent.com/gps-cs-s/APNQkAFL0MlCkcnFeqGvHQbTu04-jQsuh4Uusl7ghvYdhiadCYqAidjLX_U1DQLnfvQ37qlFjM3_OpNhoAdWFMU483y6JsVONJLWDS2I4glEbD2GqrogrM40LKi32N026Yw2djvXMt8xcA=w408-h306-k-no,true,Open 24 hours,Open 24 hours,Open 24 hours,Open 24 hours,Open 24 hours,Open 24 hours,Open 24 hours,"https://www.google.com/maps/search/tree+service+businesses+in+Port+Orange+Daytona+Beach+FL/@29.1383165,-80.9956105,14z",2026-04-29T04:51:17.775Z,,,
https://www.google.com/maps/place/Volusia+Turf+Pros/data=!4m7!3m6!1s0xa323ecd49916f5b9:0xf5167fb587616ef7!8m2!3d29.0225621!4d-81.172182!16s%2Fg%2F11kpmz4hws!19sChIJufUWmdTsI6MR925hh7V_FvU,Volusia Turf Pros,4.6,9,Landscaper,,,,+1 386-846-4465,Closed · Opens 7 am,,https://lh3.googleusercontent.com/gps-cs-s/APNQkAHzjyrILyu-C7pmcGQdJNcJx28uvsgzzATkKXhZaNGyPa5Bmt1V81mbUW67h4Dm3-TXfC-lz1K83Hy7trbhVP3XAtdYCQvwoc4bOGW1KRcN0pyemv3tIWJ8gTJG3077SQoV1yK8yjTu77uV=w408-h544-k-no,true,7 am–5 pm,7 am–5 pm,7 am–5 pm,Closed,Closed,7 am–5 pm,7 am–5 pm,"https://www.google.com/maps/search/tree+service+businesses+in+Port+Orange+Daytona+Beach+FL/@29.1383165,-80.9956105,14z",2026-04-29T04:51:22.268Z,,,
https://www.google.com/maps/place/Treesponders/data=!4m7!3m6!1s0x88e727986ce0999f:0xf94ae65d30983196!8m2!3d29.0225621!4d-81.172182!16s%2Fg%2F11g2q7g90l!19sChIJn5ngbJgn54gRljGYMF3mSvk,Treesponders,5.0,53,Tree service,,,http://treesponders.com/?utm_source=gmb&utm_medium=referral,+1 386-852-6256,,,https://lh3.googleusercontent.com/gps-cs-s/APNQkAHG4SmyRi8And9TmHEoUeTvwOfSMOChfh4_iUaEhDU9LjnekuCCWTJlB3AKaRyExr0I1prMVtRmTPswOa7ZVdUrIBK2vel6wWsKJo2Fcb1NGDSbVKddYWlnxHB1JbdNyDAMPso=w426-h240-k-no,true,,,,,,,,"https://www.google.com/maps/search/tree+service+businesses+in+Port+Orange+Daytona+Beach+FL/@29.1383165,-80.9956105,14z",2026-04-29T04:51:24.714Z,,,
https://www.google.com/maps/place/Precision+Cuts+Lawncare+and+Landscaping+LLC./data=!4m7!3m6!1s0x88e6d9b21e5119cd:0x51b7913868be7c7c!8m2!3d29.1728525!4d-81.0393841!16s%2Fg%2F11f3th2q36!19sChIJzRlRHrLZ5ogRfHy-aDiRt1E,Precision Cuts Lawncare and Landscaping LLC.,4.1,15,Lawn care service,,,http://www.precisioncutslandscaping.com/,+1 386-334-1388,Closed · Opens 8 am,,https://lh3.googleusercontent.com/gps-cs-s/APNQkAHu12qdCMuQe86C6vIp60AX8fIHvryBBKLPsc0DaqYaCUq9K8QZ6uSiM3gbJ71TUE_x1VcqBadmnRE93kXnmB6Se59zUjrqR1nL-X6qeA1b8-SVHZ-kYUbFp0T_9npnJ27tLulf7o6YyHX1=w408-h408-k-no,true,8 am–6 pm,8 am–6 pm,8 am–6 pm,8 am–6 pm,Closed,8 am–6 pm,8 am–6 pm,"https://www.google.com/maps/search/tree+service+businesses+in+Port+Orange+Daytona+Beach+FL/@29.1383165,-80.9956105,14z",2026-04-29T04:51:29.399Z,,,
https://www.google.com/maps/place/M.C.+Property+Services+%26+Landscaping/data=!4m7!3m6!1s0x816101f27fb250e9:0x2c5f04ace74404d5!8m2!3d29.0225621!4d-81.172182!16s%2Fg%2F11s4sm3mlv!19sChIJ6VCyf_IBYYER1QRE56wEXyw,M.C. Property Services & Landscaping,5.0,18,Lawn care service,,,,+1 386-333-0105,Closed · Opens 8 am,,https://lh3.googleusercontent.com/gps-cs-s/APNQkAHJfbdKAsG4f2yb4RuuXwaiHAc6nwjks6taKr6JjKpW62vIWe7dP-CSkGdVH3wfPbWz1FXr7x6p9XCB2F6WzyKU-bQpumxCIo3NlHw3iiytHwWZgtcJXHbLbnWmrP5UG5z-hL7b01CZSB8=w408-h374-k-no,true,8 am–6 pm,8 am–6 pm,8 am–6 pm,Closed,Closed,8 am–6 pm,8 am–6 pm,"https://www.google.com/maps/search/tree+service+businesses+in+Port+Orange+Daytona+Beach+FL/@29.1383165,-80.9956105,14z",2026-04-29T04:51:33.688Z,,,
"https://www.google.com/maps/place/Business+Control+Service,+Inc/data=!4m7!3m6!1s0x88e6d8089bc3281f:0x70f24536196e6a88!8m2!3d29.1200251!4d-80.9998978!16s%2Fg%2F1td2vqhb!19sChIJHyjDmwjY5ogRiGpuGTZF8nA","Business Control Service, Inc",4.9,32,Accounting,"3925 S Nova Rd, Port Orange, FL 32127, United States","42C2+22 Port Orange, Florida, USA",http://www.businesscontrolservice.net/,+1 386-760-5454,Closed · Opens 7:30 am,,https://streetviewpixels-pa.googleapis.com/v1/thumbnail?panoid=D8QfKeXfy2mkwrygVj7hBw&cb_client=search.gws-prod.gps&w=408&h=240&yaw=111.00214&pitch=0&thumbfov=100,false,7:30 am–4:30 pm,7:30 am–4:30 pm,7:30 am–12 pm,Closed,Closed,7:30 am–4:30 pm,7:30 am–4:30 pm,"https://www.google.com/maps/search/tree+service+businesses+in+Port+Orange+Daytona+Beach+FL/@29.1383165,-80.9956105,14z",2026-04-29T04:51:38.179Z,,,
https://www.google.com/maps/place/Pleasant+View+Tree+Services/data=!4m7!3m6!1s0x80118b13324ada87:0xbea82d5f9e70f0b1!8m2!3d29.1418745!4d-81.172182!16s%2Fg%2F11qb557hdy!19sChIJh9pKMhOLEYARsfBwnl8tqL4,Pleasant View Tree Services,5.0,2,Tree service,,,https://www.pleasantviewtreeservices.com/,+1 386-562-6634,Closed · Opens 8 am,,https://lh3.googleusercontent.com/gps-cs-s/APNQkAEmNtCqUOjNrEk6QQJK0s9KecJkmIMeN1bqdF7pDMDmsotawqs1zt4t5kCe_02YAs6B87odXRm4nUSTUAzwQk3mn-Bb7mlLR_PpRVYNSvs4naixRgSamzINvKASl1D50-b7S1PJ=w408-h544-k-no,true,8 am–5 pm,8 am–5 pm,8 am–5 pm,8 am–5 pm,Closed,8 am–5 pm,8 am–5 pm,"https://www.google.com/maps/search/tree+service+businesses+in+Port+Orange+Daytona+Beach+FL/@29.1383165,-80.9956105,14z",2026-04-29T04:51:42.401Z,,,
https://www.google.com/maps/place/All+Family+Tree+Services/data=!4m7!3m6!1s0x88e720b7b35580e9:0xda0ee0642d1ad3f5!8m2!3d29.0992839!4d-81.0838378!16s%2Fg%2F1tfvzzhv!19sChIJ6YBVs7cg54gR9dMaLWTgDto,All Family Tree Services,5.0,6,Tree service,"2308 Palm Dr, Port Orange, FL 32128, United States","3WX8+PF Port Orange, Florida, USA",,+1 386-258-1025,Closed · Opens 8 am,,https://lh3.googleusercontent.com/gps-cs-s/APNQkAHtBd-PtBijmIq_BWkYKuSqLRC8aCA9BiojH6PktbqKV5_h8qUBwsTVYCBJMTQ9KLOWXHnryM9OlH0XqtgHnODXrot-wDDcVDUQOEbMPDY2bR7A5cBDf1TBGYEEt1D9KUYRPgjP=w408-h544-k-no,true,8 am–5 pm,8 am–5 pm,8 am–5 pm,8 am–5 pm,8 am–5 pm,8 am–5 pm,8 am–5 pm,"https://www.google.com/maps/search/tree+service+businesses+in+Port+Orange+Daytona+Beach+FL/@29.1383165,-80.9956105,14z",2026-04-29T04:51:46.678Z,,,
https://www.google.com/maps/place/Tow+Pros+Towing+%26+Roadside/data=!4m7!3m6!1s0x88e6d995d18b7847:0x16ded2683105e27!8m2!3d29.1646767!4d-81.0211092!16s%2Fg%2F11ww49lvyx!19sChIJR3iL0ZXZ5ogRJ14QgybtbQE,Tow Pros Towing & Roadside,4.8,109,Towing service,"1 Applewood Cir, South Daytona, FL 32119, United States","5X7H+VH South Daytona, Florida, USA",https://www.towprosdaytona.com/,+1 386-682-1719,Open 24 hours,,https://lh3.googleusercontent.com/gps-cs-s/APNQkAGn-vIu2Y4VsBh6tFIAYhi9CeyUoyPXMjOZ-rRn2zKuHIoI2dmnC0joTE6a7ZdkcrfiKkAbouMH7_iIJRqcX78jfnXRs3I77XdRd0mKin5esW32deA-SXWYiFB_5JtkdgYefJWsyw=w408-h349-k-no,true,Open 24 hours,Open 24 hours,Open 24 hours,Open 24 hours,Open 24 hours,Open 24 hours,Open 24 hours,"https://www.google.com/maps/search/tree+service+businesses+in+Port+Orange+Daytona+Beach+FL/@29.1383165,-80.9956105,14z",2026-04-29T04:51:51.451Z,,,
https://www.google.com/maps/place/Aside+from+the+rest+lawn+and+landscape/data=!4m7!3m6!1s0x89cab348b9418bab:0x9b11a725bfc232f9!8m2!3d29.0225621!4d-81.172182!16s%2Fg%2F11k509tg6q!19sChIJq4tBuUizyokR-TLCvyWnEZs,Aside from the rest lawn and landscape,5.0,67,Landscaper,,,https://asidefromtherest.com/,+1 386-478-6567,Closed · Opens 7:30 am,,https://lh3.googleusercontent.com/gps-cs-s/APNQkAFiBiNjuph3neu25ZsZvNfsdY3wJSP6zt_ZrT0BmhJ_1twZCha5p63hkjiOeXJ8mLJJKIBtflClMwNa7TGf23IWL1tQx3zGeccfbOceI9_Q5MdshxGc1bkKZGE6IRlIVPlshaYgoQ=w408-h544-k-no,true,7:30 am–8 pm,7:30 am–8 pm,7:30 am–8 pm,7:30 am–8 pm,7:30 am–8 pm,7:30 am–8 pm,7:30 am–8 pm,"https://www.google.com/maps/search/tree+service+businesses+in+Port+Orange+Daytona+Beach+FL/@29.1383165,-80.9956105,14z",2026-04-29T04:51:55.682Z,,,
https://www.google.com/maps/place/CNC+Tree+Service+LLC/data=!4m4!3m3!1s0x88e6d9b0c14b0001:0x89b5c9147d8debe5!16s%2Fg%2F11f5dc9616!19sChIJAQBLwbDZ5ogR5euNfRTJtYk,CNC Tree Service LLC,4.1,19,Tree service,,,,+1 386-868-7333,Closed · Opens 8 am,,https://lh3.googleusercontent.com/gps-cs-s/APNQkAGmCpnIJowlNDwBeZAPrYhMJJrdAhRDg6y3cavS8QvSx3tmWyu4zfT04cCNFfIoyzKZ2qYtfO08zZh0CBGc9X22nzUtHEfW_UNRAR8ezz1ztWCloDbLMnadFLYoc5y1DfIEastW=w408-h544-k-no,true,8 am–6 pm,8 am–6 pm,8 am–6 pm,8 am–6 pm,8 am–6 pm,8 am–6 pm,8 am–6 pm,"https://www.google.com/maps/search/tree+service+businesses+in+Port+Orange+Daytona+Beach+FL/@29.1383165,-80.9956105,14z",2026-04-29T04:52:00.047Z,,,
https://www.google.com/maps/place/Wash+and+Go+Pressure+and+Soft+Washing/data=!4m7!3m6!1s0x43fbf234df354609:0xefc4938f7790a4c3!8m2!3d29.1728525!4d-81.0393841!16s%2Fg%2F11j_7tdv1q!19sChIJCUY13zTy-0MRw6SQd4-TxO8,Wash and Go Pressure and Soft Washing,5.0,310,Pressure washing service,,,https://washandgofl.com/,+1 386-516-4464,Open 24 hours,,https://lh3.googleusercontent.com/gps-cs-s/APNQkAE97D7drRITH7fHklFO09p1RaDbOLVjQvFlH88QREb-Vap11seKPEHNt263MS0mjoI2NwKheI73guKupbPGlXw2Ajp00ZiJOlB14beEg4MNOzf8akT2J3wFrAE75t8NUPQCWgYn7jUHU1kc=w408-h584-k-no,true,Open 24 hours,Open 24 hours,Open 24 hours,Open 24 hours,Open 24 hours,Open 24 hours,Open 24 hours,"https://www.google.com/maps/search/tree+service+businesses+in+Port+Orange+Daytona+Beach+FL/@29.1383165,-80.9956105,14z",2026-04-29T04:52:04.343Z,,,
https://www.google.com/maps/place/Greenscape+Outdoor+Solutions+-+Landscape+and+Lawn/data=!4m7!3m6!1s0x88e6d7bfc0111305:0xba2d79ac92742de3!8m2!3d29.1567025!4d-81.0855621!16s%2Fg%2F1hhlncrnd!19sChIJBRMRwL_X5ogR4y10kqx5Lbo,Greenscape Outdoor Solutions - Landscape and Lawn,1.4,19,Landscaper,,,,+1 386-479-3294,,,https://lh3.googleusercontent.com/gps-cs-s/APNQkAEBbikAcq0dhD2897-9Ct5bsM9YlnB34lUUnrufWM2DDyVptEiGoDEcc_es_4ytvyVyw1krVQK1vlQV8hsr2PUH4Kyjv69aYo0ZQHj0JU8-HZ7Qs9wbVAGNp70m98C4KAd3K7GT=w408-h306-k-no,true,,,,,,,,"https://www.google.com/maps/search/tree+service+businesses+in+Port+Orange+Daytona+Beach+FL/@29.1383165,-80.9956105,14z",2026-04-29T04:52:06.691Z,,,
https://www.google.com/maps/place/Donnie+Owens+Tree+Services/data=!4m7!3m6!1s0x88e72f2aa8a7aca7:0xd23c4d3411c03b6a!8m2!3d29.0184742!4d-80.9432312!16s%2Fg%2F1tscpv8k!19sChIJp6ynqCov54gRajvAETRNPNI,Donnie Owens Tree Services,4.6,79,Tree service,"1807 Pioneer Trail, New Smyrna Beach, FL 32168, United States","2394+9P New Smyrna Beach, Florida, USA",,+1 386-427-0982,Open 24 hours,LGBTQ+ friendly,https://lh3.googleusercontent.com/gps-cs-s/APNQkAH1YrEatiLQ6mTWCHKba4-FwE47LE27HtoJNwNCAyCgoe8LRxvbFFKoVCz10PC1tXfuAEYlUVT6acufo7b-czgwkrjnJvMwoD9thIeaYkn-XK2F2jt-Dx34ibzB68CPNGQHtvEwo0aFmSe2=w426-h240-k-no,true,Open 24 hours,Open 24 hours,Open 24 hours,Open 24 hours,Open 24 hours,Open 24 hours,Open 24 hours,"https://www.google.com/maps/search/tree+service+businesses+in+Port+Orange+Daytona+Beach+FL/@29.1383165,-80.9956105,14z",2026-04-29T04:52:11.116Z,,,
"https://www.google.com/maps/place/Barkerscape+Services,+LLC/data=!4m7!3m6!1s0x88e6d851c7d30747:0xc6ea9148412afee9!8m2!3d29.1290137!4d-80.980921!16s%2Fg%2F11cllf0mhb!19sChIJRwfTx1HY5ogR6f4qQUiR6sY","Barkerscape Services, LLC",5.0,15,Paving contractor,"5114 S Ridgewood Ave, Port Orange, FL 32127, United States","42H9+JJ Port Orange, Florida, USA",http://barkerscapes.com/,+1 386-679-0513,Closed · Opens 8:30 am,,https://lh3.googleusercontent.com/gps-cs-s/APNQkAGsoCuIMRay0mA6gkBofSDolHFWvUsA9W_maI-z_CL5XZTPlp0PxxttlnzJOMEpRIoxMHgqtp_Xwz2aYD6HdU6fnNcusmwZLucEqpoxIcs8S-YdRod4Valjw-BrlspZvSwzaYvA=w408-h245-k-no,true,8:30 am–4 pm,8:30 am–4 pm,8:30 am–4 pm,Closed,Closed,8:30 am–4 pm,8:30 am–4 pm,"https://www.google.com/maps/search/tree+service+businesses+in+Port+Orange+Daytona+Beach+FL/@29.1383165,-80.9956105,14z",2026-04-29T04:52:15.797Z,,,
"https://www.google.com/maps/place/M%26M+Curbing+and+Landscaping,+New+Smyrna+Beach,+FL./data=!4m7!3m6!1s0x88e727054e103f29:0xc52783062f362963!8m2!3d29.0956256!4d-81.0786716!16s%2Fg%2F11gvsl32zy!19sChIJKT8QTgUn54gRYyk2LwaDJ8U","M&M Curbing and Landscaping, New Smyrna Beach, FL.",4.8,39,Landscaper,,,https://mandmcurbing.com/,+1 386-290-5766,Closed · Opens 7 am,,https://lh3.googleusercontent.com/gps-cs-s/APNQkAExWh0Mzyf_L2Q-DVpau6QBuTjDQL1Ia2bSNxLwcGiFUwJLOz5iCgkEXS2oR6EpgF0mV577xlvUfRM-pU5RPjCzpy0krZkUZhfOyas20NOUbogRg5PSekuBY6X-c0YHR3O7QAw6-A=w427-h240-k-no,true,7 am–6 pm,7 am–6 pm,7 am–6 pm,8 am–6 pm,9 am–5 pm,7 am–6 pm,7 am–6 pm,"https://www.google.com/maps/search/tree+service+businesses+in+Port+Orange+Daytona+Beach+FL/@29.1383165,-80.9956105,14z",2026-04-29T04:52:20.121Z,,,
https://www.google.com/maps/place/Vanic%27s+Landscaping/data=!4m7!3m6!1s0xa99021231a8bf165:0xa972b5ff8ca604ad!8m2!3d29.0815395!4d-80.969962!16s%2Fg%2F11ydqmyq4y!19sChIJZfGLGiMhkKkRrQSmjP-1cqk,Vanic's Landscaping,5.0,38,Landscaper,,,http://vanicslandscaping.com/,+1 386-405-9712,Closed · Opens 9 am,,https://lh3.googleusercontent.com/gps-cs-s/APNQkAE1j9OaHRpxJjEYpzmyFGJ5uQCx_7LhsdaTuJNKDQA02XPYakc3CQNrONO8iDpmvQtkUS5n8znP6KHW3ml1N93e5Cc89CeJ82XUkMtk9QDpqaMsPR0bgVQkLjhYLTk-ozzMm3Qu8hEE5RpK=w408-h544-k-no,true,9 am–5 pm,9 am–5 pm,9 am–5 pm,Closed,Closed,9 am–5 pm,9 am–5 pm,"https://www.google.com/maps/search/tree+service+businesses+in+Port+Orange+Daytona+Beach+FL/@29.1383165,-80.9956105,14z",2026-04-29T04:52:24.411Z,,,
"https://www.google.com/maps/place/Giles+Electric+Company,+Inc./data=!4m7!3m6!1s0x88e6d9bf5113e12b:0x405ccad87f3255cd!8m2!3d29.1677246!4d-81.0211639!16s%2Fg%2F1tcv741v!19sChIJK-ETUb_Z5ogRzVUyf9jKXEA","Giles Electric Company, Inc.",4.8,180,Electrician,"952A Big Tree Rd, South Daytona, FL 32119, United States","5X9H+3G South Daytona, Florida, USA",http://gileselectriccompany.com/,+1 386-767-5895,Closed · Opens 8 am,,https://lh3.googleusercontent.com/gps-cs-s/APNQkAFRLNFBs_cBok75UEsIwlakHia62hKPvzQNpncy9Co3rlfdZNFRLa-vaeYy9NaW2LqgXZCPRs7jtQGH7ppQhi4N4MdcQsC-YEmCnm11pLWMkpaNaUw9rBz5XAxz_m9x--bER8PWHg=w408-h306-k-no,true,8 am–5 pm,8 am–5 pm,8 am–4:30 pm,Closed,Closed,8 am–5 pm,8 am–5 pm,"https://www.google.com/maps/search/tree+service+businesses+in+Port+Orange+Daytona+Beach+FL/@29.1383165,-80.9956105,14z",2026-04-29T04:52:29.085Z,,,
https://www.google.com/maps/place/Jim%27s+Spray+Services/data=!4m7!3m6!1s0x88e6d8fffab0354f:0x88c87c1f3a5109e4!8m2!3d29.1625524!4d-81.0310659!16s%2Fg%2F1tkp5t3g!19sChIJTzWw-v_Y5ogR5AlROh98yIg,Jim's Spray Services,5.0,1,Landscaper,"1039 Old Big Tree Rd, Daytona Beach, FL 32119, United States","5X79+2H Daytona Beach, Florida, USA",,+1 386-788-2620,,,https://streetviewpixels-pa.googleapis.com/v1/thumbnail?panoid=BHFYqZ5PWIZrfXGomYkmCQ&cb_client=search.gws-prod.gps&w=408&h=240&yaw=154.14874&pitch=0&thumbfov=100,false,,,,,,,,"https://www.google.com/maps/search/tree+service+businesses+in+Port+Orange+Daytona+Beach+FL/@29.1383165,-80.9956105,14z",2026-04-29T04:52:31.432Z,,,
https://www.google.com/maps/place/High+Tide+Graphics/data=!4m7!3m6!1s0x88e6d81f729a3497:0xbe1cf2237e67b378!8m2!3d29.1360061!4d-80.9910562!16s%2Fg%2F11gcf8hghv!19sChIJlzSach_Y5ogReLNnfiPyHL4,High Tide Graphics,4.9,70,Sign shop,"600 Oak St Building 3 Suite 3B, Port Orange, FL 32127, United States","42P5+CH Port Orange, Florida, USA",http://www.hightidegraphicsfl.com/,+1 386-366-8000,Closed · Opens 8:30 am,,https://lh3.googleusercontent.com/gps-cs-s/APNQkAFEKMMe5Q75kjl-zMPwQmZ91HLEfWVkNc1Z9RjVNbUuo9uy_CuoB2Vtg1cajdDtgjUe_ZW80ApvtFHPNeUyztExNC16Qjl7hoPXY5QzXGb-Y9FS3nFnQ1BBw0oqjc8gXYsEvcYi=w408-h306-k-no,true,8:30 am–5 pm,8:30 am–5 pm,8:30 am–5 pm,Closed,Closed,8:30 am–5 pm,8:30 am–5 pm,"https://www.google.com/maps/search/tree+service+businesses+in+Port+Orange+Daytona+Beach+FL/@29.1383165,-80.9956105,14z",2026-04-29T04:52:36.057Z,· In-store shopping · In-store pick-up,,
https://www.google.com/maps/place/Rise+and+Grind+Tree+Solutions+LLC/data=!4m7!3m6!1s0x676d4bd446d88671:0xa8bfd4cd6b08338f!8m2!3d29.026646!4d-81.27281!16s%2Fg%2F11tj_rtm6z!19sChIJcYbYRtRLbWcRjzMIa83Uv6g,Rise and Grind Tree Solutions LLC,5.0,166,Tree service,"1420 Wood St, DeLand, FL 32724, United States","2PGG+MV DeLand, Florida, USA",http://www.riseandgrindtreesolutionsllc.com/,+1 386-220-5537,Closed · Opens 7 am,,https://lh3.googleusercontent.com/gps-cs-s/APNQkAGgevk3XAkYZmkWql_UyhUwHw5UDtPROQ8q3WlYuZfGLj5o56YwI1ccW5TTpllLxegdO_-eaQXOR5YoSEAasSsz3wzLf258E4W6QgRNI6mPyDygOymMyAsbfWHyTiLBpc6sHRk=w408-h408-k-no,true,7 am–6 pm,7 am–6 pm,7 am–6 pm,7 am–6 pm,Closed,7 am–6 pm,7 am–6 pm,"https://www.google.com/maps/search/tree+service+businesses+in+Port+Orange+Daytona+Beach+FL/@29.1383165,-80.9956105,14z",2026-04-29T04:52:40.469Z,,,
https://www.google.com/maps/place/Outdoor+Elevation/data=!4m7!3m6!1s0x6f43b08bb9dcb615:0x93a8d02308e7814e!8m2!3d29.0225621!4d-81.172182!16s%2Fg%2F11w3tzn06q!19sChIJFbbcuYuwQ28RToHnCCPQqJM,Outdoor Elevation,5.0,55,Lawn care service,,,,+1 386-631-6995,Open 24 hours,,https://lh3.googleusercontent.com/gps-cs-s/APNQkAG6kgtqJfbqugOcn853drWPU9ngSbCYBG9XNM8qcQfpiKty2RXm3M1Ycl0hR9Six94A-8QglWe8ljI9CwcVjdOOdJb7xzCKVX8kOXaBPl5gxgZlYz0VUzxWdL8Lho_89zPQidjt=w408-h544-k-no,true,Open 24 hours,Open 24 hours,Open 24 hours,Open 24 hours,Open 24 hours,Open 24 hours,Open 24 hours,"https://www.google.com/maps/search/tree+service+businesses+in+Port+Orange+Daytona+Beach+FL/@29.1383165,-80.9956105,14z",2026-04-29T04:52:44.805Z,,,
https://www.google.com/maps/place/All+Elite+Window+Cleaning+%26+Pressure+Washing/data=!4m7!3m6!1s0x62f63f7717d0fc53:0x3656cb1384f9aa40!8m2!3d29.1193279!4d-81.0406223!16s%2Fg%2F11sw1p6tcf!19sChIJU_zQF3c_9mIRQKr5hBPLVjY,All Elite Window Cleaning & Pressure Washing,5.0,235,Pressure washing service,"Stowers St, Port Orange, FL 32129, United States","4X95+PQ Port Orange, Florida, USA",https://aelitecleaning.com/?utm_campaign=gmb,+1 386-384-8399,,LGBTQ+ friendly,https://lh3.googleusercontent.com/gps-cs-s/APNQkAECCDEtiUKO6SWdfGZua3vdgHkRp_8qU3kWrGMOkcI9BZWWsdeVpS-sGQ0aoSOrqHkqskM9PjGMQ2uCKE8V1_sUfjUKuVriZ_KhxQ3QanySsMykR8rp_yIemJROirvz02Htdkc004FmThGQ=w408-h271-k-no,true,Open 24 hours,Open 24 hours,Open 24 hours,Open 24 hours,Open 24 hours,Open 24 hours,Open 24 hours,"https://www.google.com/maps/search/tree+service+businesses+in+Port+Orange+Daytona+Beach+FL/@29.1383165,-80.9956105,14z",2026-04-29T04:52:49.298Z,,true,
https://www.google.com/maps/place/Port+Orange+Tree+Service/data=!4m7!3m6!1s0xa2c805af9cc2d869:0x7ffccc4b5a62dced!8m2!3d29.1012755!4d-81.01614!16s%2Fg%2F11qg4y43nt!19sChIJadjCnK8FyKIR7dxiWkvM_H8,Port Orange Tree Service,,,Tree service,,,,+1 386-267-6399,Open · Closes 6 am · Reopens 7 am,,https://lh3.googleusercontent.com/gps-cs-s/APNQkAGtm8nsjaKix2ZsTVp8aEMRLvnLTnESe24f9YSw5zXAULJEc-tZbprpizBt68o-qX4KJqFfBIt0zhqe0Pww59DyrCTV423COeg_KhHkx_ynMrvuNaaSrBv13O5p5hlnWim1zXbsqg=w426-h240-k-no,true,"12–6 am, 7 am–12 am","12–6 am, 7 am–12 am","12–6 am, 7 am–12 am","12–6 am, 7 am–12 am","12–6 am, 7 am–12 am","12–6 am, 7 am–12 am","12–6 am, 7 am–12 am","https://www.google.com/maps/search/tree+service+businesses+in+Port+Orange+Daytona+Beach+FL/@29.1383165,-80.9956105,14z",2026-04-29T04:52:53.803Z,,,
https://www.google.com/maps/place/Cinnamon+Tree+Cafe/data=!4m7!3m6!1s0x88e727872686aae1:0xebe3ee8dc8653e27!8m2!3d29.114207!4d-81.0254999!16s%2Fg%2F1hc96_vbx!19sChIJ4aqGJocn54gRJz5lyI3u4-s,Cinnamon Tree Cafe,4.8,1941,Brunch restaurant,"1665 Dunlawton Ave STE 103, Port Orange, FL 32127, United States","4X7F+MR Port Orange, Florida, USA",https://cinnamontree.cafe/,+1 386-760-1500,Closed · Opens 7 am,,https://lh3.googleusercontent.com/gps-cs-s/APNQkAHt7yZR1R-39ZMX-ephifOhhPpteQDlckPYCizovmHSZyXGfIBRyuB27DRfP1kBqxMsJgbwoIfSfwo4xtWtKYPWMTdwkPnkCJuINlLSZZ8ipbrDmfWgUZreF0khnjZc1fQJ-RDmXw=w408-h306-k-no,true,7 am–3 pm,7 am–3 pm,7 am–3 pm,7 am–3 pm,8 am–3 pm,7 am–3 pm,7 am–3 pm,"https://www.google.com/maps/search/tree+service+businesses+in+Port+Orange+Daytona+Beach+FL/@29.1383165,-80.9956105,14z",2026-04-29T04:52:58.558Z,Counter-serve cafe serving breakfast & lunch staples from sweets to sandwiches plus coffee. · Dine-in · Takeaway,,
https://www.google.com/maps/place/A-1+tree+service+Daytona+Beach+fl/data=!4m7!3m6!1s0xa9eadfd1e96efadf:0x89167a81422d8b95!8m2!3d29.18549!4d-81.0971891!16s%2Fg%2F11q22jjj_0!19sChIJ3_pu6dHf6qkRlYstQoF6Fok,A-1 tree service Daytona Beach fl,,,Tree service,,,,+1 386-285-3145,Open 24 hours,,https://lh3.googleusercontent.com/gps-cs-s/APNQkAHf-Kp1F7qw65KImHPujQ3fzZ7LmmCLCy1Q7tektu2rMamlqFOfRQhcCki0IXvI8jq7iMepOWg1oJT5pwuFViI9N-6HWD2Wya8IOI2Vfi6fzBrL2uHjNUnlBXELrCuOblEXgnwDwA=w408-h544-k-no,true,Open 24 hours,Open 24 hours,Open 24 hours,Open 24 hours,Open 24 hours,Open 24 hours,Open 24 hours,"https://www.google.com/maps/search/tree+service+businesses+in+Port+Orange+Daytona+Beach+FL/@29.1383165,-80.9956105,14z",2026-04-29T04:53:02.804Z,,,
https://www.google.com/maps/place/Astro+Roofing/data=!4m7!3m6!1s0x88e727f3fe7d7759:0x7228d67d36e0a73a!8m2!3d29.133059!4d-80.983282!16s%2Fg%2F1tmy5wk8!19sChIJWXd9_vMn54gROqfgNn3WKHI,Astro Roofing,4.9,242,Roofing contractor,"5006 S Ridgewood Ave, Port Orange, FL 32127, United States","42M8+6M Port Orange, Florida, USA",http://astroroofinginc.com/,+1 386-760-8933,Closed · Opens 9 am,,https://lh3.googleusercontent.com/gps-cs-s/APNQkAGgPjE5DXNltT2t9hdMK9FizzH1j-bUjosNAEN6IEpWBf0GpJX-ZWXfmiFwba_HlC4nTrtPnz-qYLYr-9ER5cIR2bEbijPxNbQqDOJ0pjIsWYvWHYDzzH6gWt4yyXbwWW47rzZZkl95cmoO=w408-h271-k-no,true,9 am–4 pm,9 am–4 pm,9 am–3 pm,Closed,Closed,9 am–4 pm,9 am–4 pm,"https://www.google.com/maps/search/tree+service+businesses+in+Port+Orange+Daytona+Beach+FL/@29.1383165,-80.9956105,14z",2026-04-29T04:53:07.239Z,,,
https://www.google.com/maps/place/Fortiline+Waterworks/data=!4m7!3m6!1s0x88e6d9ade096a3ed:0x3ddb323583a37cf5!8m2!3d29.13306!4d-80.9887638!16s%2Fg%2F11dx8ldf75!19sChIJ7aOW4K3Z5ogR9XyjgzUy2z0,Fortiline Waterworks,3.9,8,Water works equipment supplier,"700 Oak Heights Ct, Port Orange, FL 32127, United States","42M6+6F Port Orange, Florida, USA",https://fortiline.com/branches/6053,+1 386-256-5485,"Closed · Opens 7 am

Confirmed by this business 3 weeks ago",,https://lh3.googleusercontent.com/gps-cs-s/APNQkAFR8o1movNHRBcpE0iwx_IimdnhhlKYyN7HUG_cToz8aeBru6UvBuvLwDT6T_5gXTDb6rayO3YDdVABNpYfbV1rpDSdXc5c1WG-PjQ48UZbnNC9PCKhxY_NHcbrHGnc7vy1ElXfRcd_dBOm=w408-h272-k-no,true,7 am–5 pm,7 am–5 pm,7 am–5 pm,Closed,Closed,7 am–5 pm,7 am–5 pm,"https://www.google.com/maps/search/tree+service+businesses+in+Port+Orange+Daytona+Beach+FL/@29.1383165,-80.9956105,14z",2026-04-29T04:53:18.140Z,,,
https://www.google.com/maps/place/Leafy+Landscapes/data=!4m7!3m6!1s0x88e7279c48efe5e9:0x90a75385979502c5!8m2!3d29.1013647!4d-81.0279819!16s%2Fg%2F11h5q8hbsl!19sChIJ6eXvSJwn54gRxQKVl4VTp5A,Leafy Landscapes,4.0,4,Landscaper,"5889 S Williamson Blvd, Port Orange, FL 32128, United States","4X2C+GR Port Orange, Florida, USA",https://www.leafylandscapes.com/contact-us/index,+1 386-492-8862,Closed · Opens 8 am,,https://streetviewpixels-pa.googleapis.com/v1/thumbnail?panoid=6d6k7yVTo34lYZmcFBDSTQ&cb_client=search.gws-prod.gps&w=408&h=240&yaw=177.07086&pitch=0&thumbfov=100,false,8 am–5 pm,8 am–5 pm,8 am–5 pm,Closed,Closed,8 am–5 pm,8 am–5 pm,"https://www.google.com/maps/search/tree+service+businesses+in+Port+Orange+Daytona+Beach+FL/@29.1383165,-80.9956105,14z",2026-04-29T04:53:22.587Z,,,
https://www.google.com/maps/place/Ariel+Tree+Service/data=!4m7!3m6!1s0x88e6dbffb297beb5:0x49e0693bc766418c!8m2!3d29.2245608!4d-81.0621066!16s%2Fg%2F11z5rbpxh8!19sChIJtb6Xsv_b5ogRjEFmxztp4Ek,Ariel Tree Service,,,Tree service,"1231 Imperial Dr, Daytona Beach, FL 32117, United States","6WFQ+R5 Daytona Beach, Florida, USA",https://arieltreeservice.com/,+1 386-847-5951,,,https://streetviewpixels-pa.googleapis.com/v1/thumbnail?panoid=DcS8MxfHscg8vQhGBMis_w&cb_client=search.gws-prod.gps&w=408&h=240&yaw=71.293945&pitch=0&thumbfov=100,true,,,,,,,,"https://www.google.com/maps/search/tree+service+businesses+in+Port+Orange+Daytona+Beach+FL/@29.1383165,-80.9956105,14z",2026-04-29T04:53:24.687Z,,,
https://www.google.com/maps/place/Paver+Sealing+USA/data=!4m7!3m6!1s0x88e6dfc6e7055737:0x9ade419e9196b1be!8m2!3d29.1627297!4d-81.0314068!16s%2Fg%2F11fm_b2kx2!19sChIJN1cF58bf5ogRvrGWkZ5B3po,Paver Sealing USA,4.9,15,Pressure washing service,"1043 Old Big Tree Rd, Daytona Beach, FL 32119, United States","5X79+3C Daytona Beach, Florida, USA",http://www.paversealingusa.net/,+1 386-315-4295,Closed · Opens 9 am,Identifies as veteran-owned,https://lh3.googleusercontent.com/gps-cs-s/APNQkAEO36wpl7A78pqrXVAqRR3spoDrqhmaw1_h0MEFodB2iE_WBJ8U0J0vRGMBV2HggFq1BOfdCzKRrpkMKWtG2xh3BXPjaJPI3A4pb8rm5IkqoccoJxGzpnT04sa0MmyTk0sIsjkB=w408-h544-k-no,true,9 am–5 pm,9 am–5 pm,9 am–5 pm,9 am–3 pm,Closed,9 am–5 pm,9 am–5 pm,"https://www.google.com/maps/search/tree+service+businesses+in+Port+Orange+Daytona+Beach+FL/@29.1383165,-80.9956105,14z",2026-04-29T04:53:29.194Z,,,
https://www.google.com/maps/place/Sunshine+Handyman+Co./data=!4m7!3m6!1s0x43f821519f796e6b:0xe038ecd894d7b498!8m2!3d28.75235!4d-81.26076!16s%2Fg%2F11n4tg3cdw!19sChIJa255n1Eh-EMRmLTXlNjsOOA,Sunshine Handyman Co.,,,Handyman/Handywoman/Handyperson,,,https://sunshinehandymancofl.com/,+1 386-261-6770,Open 24 hours,,https://lh3.googleusercontent.com/gps-cs-s/APNQkAFZ61C3ozdpgnhuT6geyB5rO6GRoEZ0zRTT4ySKMsNk-h0JTfnckT7Ba1chdwddfLmnYtjATPGW7MOlaEcrl7tHCy0ojFEyp8WorSImZS5vFEFbdiatx-hSe3F-cDL1XzGkxrAf9SQiQ1o=w408-h306-k-no,true,Open 24 hours,Open 24 hours,Open 24 hours,Open 24 hours,Open 24 hours,Open 24 hours,Open 24 hours,"https://www.google.com/maps/search/tree+service+businesses+in+Port+Orange+Daytona+Beach+FL/@29.1383165,-80.9956105,14z",2026-04-29T04:53:33.457Z,,,
https://www.google.com/maps/place/Harbor+Freight/data=!4m7!3m6!1s0x88e6d98e5c11dd33:0x1c6e71ab9542aa4f!8m2!3d29.1276951!4d-81.0030917!16s%2Fg%2F11mv__r8cq!19sChIJM90RXI7Z5ogRT6pClatxbhw,Harbor Freight,4.5,369,Hardware store,"3813 S Nova Rd #107, Port Orange, FL 32127, United States","4XHW+3Q Port Orange, Florida, USA",https://www.harborfreight.com/storelocator/3813-s-nova-road-suite-107-port-orange-32127?number=3156,+1 386-999-7990,Closed · Opens 8 am,,https://lh3.googleusercontent.com/gps-cs-s/APNQkAE77xjfjd1fPwICoE2Um70iZga9syJDbRxl70H7CY5ICW6TYc2UAsHY3wkQIzg2okN3zfLsXDZMNhEMXntyeLTc7Bv3GsbmsXU1SeWNAe7z5b26PQtXs5Cont63gX9W9Bl7J4vFOZRuMCF3=w408-h544-k-no,true,8 am–8 pm,8 am–8 pm,8 am–8 pm,8 am–8 pm,9 am–6 pm,8 am–8 pm,8 am–8 pm,"https://www.google.com/maps/search/tree+service+businesses+in+Port+Orange+Daytona+Beach+FL/@29.1383165,-80.9956105,14z",2026-04-29T04:53:37.924Z,"Retail chain carrying a wide range of tools, hardware & other products for the home, garden & car.",,
https://www.google.com/maps/place/Sumner+Do+it+Best+Hardware/data=!4m7!3m6!1s0x88e6d8447b184c15:0x18967b26d3291791!8m2!3d29.1466102!4d-81.0159225!16s%2Fg%2F1ttpc3kv!19sChIJFUwYe0TY5ogRkRcp0yZ7lhg,Sumner Do it Best Hardware,5.0,53,Hardware store,"3406 S Nova Rd, Port Orange, FL 32129, United States","4XWM+JJ Port Orange, Florida, USA",https://www.doitbest.com/sumner,+1 386-761-2204,Closed · Opens 8 am,LGBTQ+ friendly,https://lh3.googleusercontent.com/gps-cs-s/APNQkAEDh5D_m9-bQUil2I1lPE4HFLcQUY9IpMSF6N9ZGtCSgNIi8wuPWNuFzlhQAyOMWNcGG8eCw94neBD5DqKBQISVJ2wW7Pmh17fQj_ER823Cq2ARiKxzJPzslyKKhx5u2VwlNtkj=w426-h240-k-no,true,8 am–5 pm,8 am–5 pm,8 am–5 pm,Closed,Closed,8 am–5 pm,8 am–5 pm,"https://www.google.com/maps/search/tree+service+businesses+in+Port+Orange+Daytona+Beach+FL/@29.1383165,-80.9956105,14z",2026-04-29T04:53:42.569Z,"Co-op chain selling home-improvement products & building materials, including lumber, tools & paint. · In-store pick-up",,
"https://www.google.com/maps/place/Dovi+Windows+and+Doors,+Inc./data=!4m7!3m6!1s0x88e6d821ffe72a0f:0x1675fc2fcca09638!8m2!3d29.1373702!4d-80.992327!16s%2Fg%2F1tflyq7y!19sChIJDyrn_yHY5ogROJagzC_8dRY","Dovi Windows and Doors, Inc.",4.7,194,General contractor,"4187 Dairy Ct, Port Orange, FL 32127, United States","42P5+W3 Port Orange, Florida, USA",http://www.doviwindows.com/,+1 386-760-4344,Closed · Opens 8 am,,https://lh3.googleusercontent.com/gps-cs-s/APNQkAEK3AetX_B1ilHaDmVZ43_qEnmSRLfceCM_ucCVf0Oy0mU0TpeuxtO2psDAcpFgL_T7FBD8y6iSj054TJc5RyqmLCoIcGpOr9ODCRF_tW--p3y4_zJxobmlp7-ZK-zl24CJn2Y_OA=w482-h240-k-no,true,8 am–5 pm,8 am–5 pm,8 am–5 pm,Closed,Closed,8 am–5 pm,8 am–5 pm,"https://www.google.com/maps/search/tree+service+businesses+in+Port+Orange+Daytona+Beach+FL/@29.1383165,-80.9956105,14z",2026-04-29T04:53:47.245Z,,,
https://www.google.com/maps/place/Prime+Shine+Mobile+Detailing/data=!4m7!3m6!1s0x88e6d90265c1adbf:0x6457ff77beeb7bc2!8m2!3d29.1394993!4d-80.9908485!16s%2Fg%2F11j87k4dch!19sChIJv63BZQLZ5ogRwnvrvnf_V2Q,Prime Shine Mobile Detailing,4.8,16,Car detailing service,"535 Virginia Ave unit d, Port Orange, FL 32127, United States","42Q5+QM Port Orange, Florida, USA",,+1 386-299-8971,Closed · Opens 8 am,,https://lh3.googleusercontent.com/gps-cs-s/APNQkAG8YNixRe_-bOijbL-qV0IwDAcz2CZtN3o_DHPqq6MT8gTuSZLlXfVyEJNnJ3hP5H91fp6GTvN-L7CBmvxluxSay03LbNpRd78ppb5DkXdVUPzKvNDyLcOhzqMrR2kCyZKfTxG8=w408-h306-k-no,true,8 am–6 pm,8 am–6 pm,8 am–6 pm,Closed,Closed,8 am–6 pm,8 am–6 pm,"https://www.google.com/maps/search/tree+service+businesses+in+Port+Orange+Daytona+Beach+FL/@29.1383165,-80.9956105,14z",2026-04-29T04:53:51.692Z,,,
https://www.google.com/maps/place/Cuts+by+Quist+Lawn+%26+Landscaping+LLC/data=!4m7!3m6!1s0x2cdd4eb7ae2c20a5:0x4bc96d042d56e559!8m2!3d29.0956256!4d-81.0688705!16s%2Fg%2F11s9k14t4l!19sChIJpSAsrrdO3SwRWeVWLQRtyUs,Cuts by Quist Lawn & Landscaping LLC,4.5,42,Lawn care service,,,https://cuts-by-quist-lawn-landscaping-llc.square.site/,+1 386-214-6845,Closed · Opens 8 am,LGBTQ+ friendly,https://lh3.googleusercontent.com/gps-cs-s/APNQkAFUB2ZMbkP_WZoB4p_oJIEVhRAxOspL9vigtCdK1voTsSI3iNjbSk6ESRKPBCR7Yei716OLofGPNAVKhXfT_LZJyTA-zRjPsFHdb3n7cVTCG3mtiY_xne6riAfJe43Fd4jyIhT4=w408-h614-k-no,true,8 am–5 pm,8 am–5 pm,8 am–5 pm,11 am–3 pm,Closed,8 am–5 pm,8 am–5 pm,"https://www.google.com/maps/search/tree+service+businesses+in+Port+Orange+Daytona+Beach+FL/@29.1383165,-80.9956105,14z",2026-04-29T04:53:55.997Z,,,
https://www.google.com/maps/place/From+the+ground+up+tree+service/data=!4m7!3m6!1s0x88e6dbbcb33cebab:0xc2816d55c53eac2!8m2!3d29.24408!4d-81.0679063!16s%2Fg%2F11nmxgycnc!19sChIJq-s8s7zb5ogRwupTXNUWKAw,From the ground up tree service,2.8,6,Tree service,"1511 San Jose Blvd, Holly Hill, FL 32117, United States","6WVJ+JR Holly Hill, Florida, USA",,+1 386-868-7313,Temporarily closed,,https://streetviewpixels-pa.googleapis.com/v1/thumbnail?panoid=TgGb7rZr22QpMldofu_y3Q&cb_client=search.gws-prod.gps&w=408&h=240&yaw=57.836956&pitch=0&thumbfov=100,true,,,,,,,,"https://www.google.com/maps/search/tree+service+businesses+in+Holly+Hill+Daytona+Beach+FL/@29.2435916,-81.0375555,14z",2026-04-29T04:54:15.222Z,,,
https://www.google.com/maps/place/Eric+Lund%27s+Landscaping/data=!4m7!3m6!1s0x88e6dbb4e2caaa71:0x3175fe1d59d51c39!8m2!3d29.2357518!4d-81.0333564!16s%2Fg%2F11gd_4k9yk!19sChIJcarK4rTb5ogRORzVWR3-dTE,Eric Lund's Landscaping,5.0,46,Landscaper,"149 Melody Ln, Holly Hill, FL 32117, United States","6XP8+8M Holly Hill, Florida, USA",https://ericlundslandscaping.com/,+1 386-852-8517,Closed · Opens 7 am,,https://lh3.googleusercontent.com/gps-cs-s/APNQkAGyT6ZkTzBLfzE_NAN6MVVkQU-W-bXXQ7HQVbyfinXYzIHD1S_C-cc5NiWYQfRUGJLxI4qSMUJ2dIgTGq-JA_srDfEGYf2MhRnZrOHjzktKEbyNEKY0jkxG89Es9nv5qykrS-_MK5dsQg-4=w408-h306-k-no,true,7 am–7 pm,7 am–7 pm,7 am–7 pm,7 am–7 pm,Closed,7 am–7 pm,7 am–7 pm,"https://www.google.com/maps/search/tree+service+businesses+in+Holly+Hill+Daytona+Beach+FL/@29.2435916,-81.0375555,14z",2026-04-29T04:54:19.949Z,,,
https://www.google.com/maps/place/Weedo%27s+Landscape+Supply+Inc./data=!4m7!3m6!1s0x88e6db81131bdd03:0x9fdc5554d483b716!8m2!3d29.2545288!4d-81.0713642!16s%2Fg%2F1td5xzsn!19sChIJA90bE4Hb5ogRFreD1FRV3J8,Weedo's Landscape Supply Inc.,4.3,175,Landscaping supply store,"1071 S Nova Rd, Ormond Beach, FL 32174, United States","7W3H+RF Ormond Beach, Florida, USA",http://www.weedoslandscapesupply.com/,+1 386-672-1837,Closed · Opens 7 am,,https://lh3.googleusercontent.com/gps-cs-s/APNQkAHY99TSW1NNya1CmL8RFg1SSrmUHUprmX2jnjwYApAHjAUgxeAMQCj0BjUWouQgm6otOL28QWzxfGD4W-D05vvGo5rV2rWUgLpIb45i5i9JXd_uODsC9Yd0dSzZEc3ZCUWT6mm9gw=w426-h240-k-no,true,7 am–5 pm,7 am–5 pm,7 am–5 pm,7:30 am–12 pm,Closed,7 am–5 pm,7 am–5 pm,"https://www.google.com/maps/search/tree+service+businesses+in+Holly+Hill+Daytona+Beach+FL/@29.2435916,-81.0375555,14z",2026-04-29T04:54:30.668Z,· In-store shopping · In-store pick-up · Delivery,,
https://www.google.com/maps/place/Universal+Towing+%26+Heavy+Duty+Semi+Truck+Wrecker/data=!4m7!3m6!1s0x88e6dbbc972a258b:0x904179be818d8c02!8m2!3d29.2434406!4d-81.0488662!16s%2Fg%2F1tfkgd7_!19sChIJiyUql7zb5ogRAoyNgb55QZA,Universal Towing & Heavy Duty Semi Truck Wrecker,4.4,1548,Towing service,"542 LPGA Blvd, Holly Hill, FL 32117, United States","6XV2+9F Holly Hill, Florida, USA",https://universaltowingdaytona.com/,+1 386-255-0203,Open 24 hours,LGBTQ+ friendly,https://lh3.googleusercontent.com/gps-cs-s/APNQkAGGEZ8Qbjn8oCNU0WM2p04zhs7NhIR-6BtJ4ibaPTcdujefg-5xLrXKt4hy1KcMLYr6IPctXNctSNy1zNVr1NbnY-_h2cmuglbMad_j_5Zam9t_FaPz9xDghUHgZ2HyzAK_N0hknNR9mST8=w408-h306-k-no,true,Open 24 hours,Open 24 hours,Open 24 hours,Open 24 hours,Open 24 hours,Open 24 hours,Open 24 hours,"https://www.google.com/maps/search/tree+service+businesses+in+Holly+Hill+Daytona+Beach+FL/@29.2435916,-81.0375555,14z",2026-04-29T04:54:35.053Z,,,
https://www.google.com/maps/place/Green+Dragon+Dispensary+Holly+Hill/data=!4m7!3m6!1s0x88e6db56a575755d:0x439edf9ce291752e!8m2!3d29.2414583!4d-81.0389997!16s%2Fg%2F11vs8b1wn1!19sChIJXXV1pVbb5ogRLnWR4pzfnkM,Green Dragon Dispensary Holly Hill,4.7,332,Cannabis store,"915 Ridgewood Ave, Daytona Beach, FL 32117, United States","6XR6+HC Daytona Beach, Florida, USA",https://www.greendragonfl.com/holly-hill,+1 386-270-0674,Closed · Opens 10 am,LGBTQ+ friendly,https://lh3.googleusercontent.com/gps-cs-s/APNQkAGF4E7Y9ZT3IFkQybGl0aLTGP6CV6g5bH9gaQJB8VP9W0HR94_nxbwDzHwmCVq_BbMskzwDfT-cT5MsjEYQcZflnwfR_d1ljAUT5noASpGwecaqaiOvNjbVgdtX-cV8QC8z2dfTRg=w408-h306-k-no,true,10 am–8 pm,10 am–8 pm,10 am–8 pm,10 am–8 pm,10 am–6 pm,10 am–8 pm,10 am–8 pm,"https://www.google.com/maps/search/tree+service+businesses+in+Holly+Hill+Daytona+Beach+FL/@29.2435916,-81.0375555,14z",2026-04-29T04:54:39.796Z,· In-store shopping · In-store pick-up,,
https://www.google.com/maps/place/A-Southern+Pine+Tree+Services/data=!4m7!3m6!1s0x88e6dbbc6ec3eed9:0x2331326c30ab7e78!8m2!3d29.2352039!4d-81.101838!16s%2Fg%2F11gf9dk994!19sChIJ2e7Dbrzb5ogReH6rMGwyMSM,A-Southern Pine Tree Services,5.0,4,Tree service,,,,+1 386-675-2845,Closed · Opens 7 am,,https://lh3.googleusercontent.com/gps-cs-s/APNQkAGume4dFsM6wvZB6w4odL3l0Gbp_th_OcnzmNiJlFtyS5RTvqcHyLmP4haeesTh_nxzLR285GNdeqKCmuXBjq2GJYvtW_NuS_HchLyEryjAv37VVa9VxiyXe1Lo7EWIJSCWeHRp=w420-h240-k-no,true,7 am–5 pm,7 am–5 pm,7 am–5 pm,Closed,Closed,7 am–5 pm,7 am–5 pm,"https://www.google.com/maps/search/tree+service+businesses+in+Holly+Hill+Daytona+Beach+FL/@29.2435916,-81.0375555,14z",2026-04-29T04:54:44.232Z,,,
https://www.google.com/maps/place/Money+Tree+Family/data=!4m7!3m6!1s0x88e6db6b0fd511e5:0xfa344f04271802b1!8m2!3d29.2443044!4d-81.0629117!16s%2Fg%2F11jwglqk3j!19sChIJ5RHVD2vb5ogRsQIYJwRPNPo,Money Tree Family,2.4,17,Store,"1757 N Nova Rd #107J, Holly Hill, FL 32117, United States","6WVP+PR Holly Hill, Florida, USA",,,Closed · Opens 9 am,,https://lh3.googleusercontent.com/gps-cs-s/APNQkAHnOHVKNrh6OCRiCOw8ppnSt9i27DwhEFJbW5Qe0s2FmgggQPrC2ssJue9-vyZRJl9hKLg7VEVAtp21uX0RN2ZhfXapDZmsPHoEoFepWiu-BfW7PTQS9iqBpA_eEkj9xepAiyeNuw=w408-h725-k-no,false,9 am–11 pm,9 am–5 pm,9 am–11 pm,9 am–11 pm,7 am–11 pm,9 am–11 pm,9 am–11 pm,"https://www.google.com/maps/search/tree+service+businesses+in+Holly+Hill+Daytona+Beach+FL/@29.2435916,-81.0375555,14z",2026-04-29T04:54:48.808Z,· Delivery,,
https://www.google.com/maps/place/Daytona+Lagoon/data=!4m7!3m6!1s0x88e6da3fbef2d5c5:0x6ad9b7f63dccb82b!8m2!3d29.2301097!4d-81.0116836!16s%2Fm%2F04mz450!19sChIJxdXyvj_a5ogRK7jMPfa32Wo,Daytona Lagoon,4.1,4153,Amusement park,"601 Earl St, Daytona Beach, FL 32118, United States","6XJQ+28 Daytona Beach, Florida, USA",http://www.daytonalagoon.com/,+1 386-254-5020,Closed · Opens 4 pm,,https://lh3.googleusercontent.com/gps-cs-s/APNQkAHySFINzXY4MBzf9x6rMbbjazJje83_yQbH2CBHk-R_620cE2NAuL1jgZa4xC7BgwqTfE5gMHGlenYeBukAIEkH8e5jVrPjzqCERJzWx7BTW8yrkKNPVs5lipEmtPUkYC2nYVFi=w650-h240-k-no,true,4–9 pm,12–10 pm,10 am–10 pm,10 am–10 pm,10 am–9 pm,4–9 pm,4–9 pm,"https://www.google.com/maps/search/tree+service+businesses+in+Holly+Hill+Daytona+Beach+FL/@29.2435916,-81.0375555,14z",2026-04-29T04:54:53.235Z,"Family-friendly water park with go-karts, mini-golf, an arcade, laser tag & a climbing wall.",,
https://www.google.com/maps/place/Flamingo+Floral+Creations/data=!4m7!3m6!1s0x88e6db5b0a677a07:0xb5a2da79832532f8!8m2!3d29.2292763!4d-81.0315775!16s%2Fg%2F11fj85lxmb!19sChIJB3pnClvb5ogR-DIlg3naorU,Flamingo Floral Creations,5.0,254,Florist,"229 2nd St, Holly Hill, FL 32117, United States","6XH9+P9 Holly Hill, Florida, USA",http://flamingofloralcreations.com/,+1 386-281-3225,Closed · Opens 9 am,,https://lh3.googleusercontent.com/gps-cs-s/APNQkAGOCEB3A570H1VK9i8WGY3LGb2P0md0oO8izD6zxThcOOB7dvRb4csX_dcvt5rz7jdriw8-HCgvZVomBjX5CbmBJdKils0GDKkfGXSM2oHqoT2Dgi9i7VuYSboQ887OWu8n6EVB7qKyS6Ih=w408-h544-k-no,true,9 am–5 pm,9 am–5 pm,9 am–5 pm,Closed,Closed,9 am–5 pm,9 am–5 pm,"https://www.google.com/maps/search/tree+service+businesses+in+Holly+Hill+Daytona+Beach+FL/@29.2435916,-81.0375555,14z",2026-04-29T04:54:57.911Z,· In-store pick-up · Delivery,,
https://www.google.com/maps/place/Twi-Light+II+Motel/data=!4m10!3m9!1s0x88e6dbaf925fa7df:0x6dd8e11a0d004810!5m2!4m1!1i2!8m2!3d29.2465157!4d-81.0416243!16s%2Fg%2F1th6fnnr!19sChIJ36dfkq_b5ogREEgADRrh2G0,Twi-Light II Motel,4.8,659,,"1125 Ridgewood Ave, Holly Hill, FL 32117, United States","6XW5+J9 Holly Hill, Florida, USA",,+1 386-253-0672,,,https://lh3.googleusercontent.com/gps-proxy/ALd4DhHuZ6d19FSj8s0ZKYrwB9upCpliENmgwA-LrJ2RqNbWfFYCcpyqn8ZiEo71Q4QXsCRBQnb6q4jSoXSyWjQhMZKKTOa6uNDBCriT7qtDU6oBx-bVqKgrQiRM6xwOWIO_iLTyi_0uEufNMx_IgatwCxBQufWihqFNbuDPZTcOMTtCpEASKWbsoinj=w408-h300-k-no,false,,,,,,,,"https://www.google.com/maps/search/tree+service+businesses+in+Holly+Hill+Daytona+Beach+FL/@29.2435916,-81.0375555,14z",2026-04-29T04:55:00.754Z,,,
https://www.google.com/maps/place/B+%26+B+Well+Drilling/data=!4m7!3m6!1s0x88e6db915b82b1d3:0xcb74174e243e3b58!8m2!3d29.2408156!4d-81.0597776!16s%2Fg%2F1tgq7gp_!19sChIJ07GCW5Hb5ogRWDs-JE4XdMs,B & B Well Drilling,4.3,29,Well drilling contractor,"1670 N Nova Rd, Daytona Beach, FL 32117, United States","6WRR+83 Daytona Beach, Florida, USA",,+1 386-253-2241,Closed · Opens 8 am,,https://lh3.googleusercontent.com/gps-cs-s/APNQkAHU4h-t7L-i8tGbBpWlhCSWHArXhGmG6gwXUVaZ2tL_ZpyRAw_EKPjz61W21-Rpj-asM74eY4PJ8pl2csoXqDq-uWQ0YHdc2D4Pglsvt9WnHdg6vUjld7mGMl-CPUq9OB26yDgv=w513-h240-k-no,true,8 am–4 pm,8 am–4 pm,8 am–4 pm,Closed,Closed,8 am–4 pm,8 am–4 pm,"https://www.google.com/maps/search/tree+service+businesses+in+Holly+Hill+Daytona+Beach+FL/@29.2435916,-81.0375555,14z",2026-04-29T04:55:05.146Z,,,
https://www.google.com/maps/place/That+Crystal+Place/data=!4m7!3m6!1s0x88e6db1ee26f7a0d:0x532c0dbeb0b68843!8m2!3d29.2626788!4d-81.0287968!16s%2Fg%2F11q7ggq2kg!19sChIJDXpv4h7b5ogRQ4i2sL4NLFM,That Crystal Place,4.7,40,Metaphysical supply store,"2605 N Atlantic Ave, Daytona Beach, FL 32118, United States","7X7C+3F Daytona Beach, Florida, USA",http://www.thatcrystalplace.com/,+1 386-916-2111,"Closed · Opens 10 am

Updated by this business 1 week ago",LGBTQ+ friendly,https://lh3.googleusercontent.com/gps-cs-s/APNQkAHh2ZO6LhV3n4fKn5j2VFiW-Hf7xIJsdDv223KD0zthucBHQlHsaC2H2XW2nWIXpWp2_PDCsap5ls__IjdHnhR8ATwqWg1ojJGdWcm5XuzkUplQ4xOF0uUkJD4P61fpzK3odkrvhsdzS8vB=w408-h544-k-no,true,10 am–8 pm,10 am–8 pm,10 am–8 pm,10 am–8 pm,11 am–7 pm,10 am–8 pm,10 am–8 pm,"https://www.google.com/maps/search/tree+service+businesses+in+Holly+Hill+Daytona+Beach+FL/@29.2435916,-81.0375555,14z",2026-04-29T04:55:09.829Z,· In-store shopping · In-store pick-up · Delivery,true,
https://www.google.com/maps/place/Speed+Demons+Auto+Body+LLC/data=!4m7!3m6!1s0x88e6db5fa9d4da6b:0x858ddc4691762c1a!8m2!3d29.2304193!4d-81.0512719!16s%2Fg%2F11lglmmrn2!19sChIJa9rUqV_b5ogRGix2kUbcjYU,Speed Demons Auto Body LLC,4.9,217,Auto body shop,"610 Fern Ave, Holly Hill, FL 32117, United States","6WJX+5F Holly Hill, Florida, USA",http://www.speeddemonsdaytona.com/,+1 386-675-9861,Closed · Opens 7:30 am,,https://lh3.googleusercontent.com/gps-cs-s/APNQkAHgi2yabrtQzkX6HMYV_LWA8EMx5kgPAo56gJkhtG3wUGOcvSxWOgn9PhgWOpsy_5xUQQ3Rxowp3ytaNn3Ilqw7IdQfhome4HycNsZBVcJj7CIsMLledY9u08-9Tkudwl09_ebgVg=w408-h306-k-no,true,7:30 am–5 pm,7:30 am–5 pm,7:30 am–5 pm,Closed,Closed,7:30 am–5 pm,7:30 am–5 pm,"https://www.google.com/maps/search/tree+service+businesses+in+Holly+Hill+Daytona+Beach+FL/@29.2435916,-81.0375555,14z",2026-04-29T04:55:14.223Z,,true,
https://www.google.com/maps/place/Scattered+Treasures+Events+LLC./data=!4m7!3m6!1s0x88e6ddf88893e4cb:0x928bba6d0c4d170e!8m2!3d29.4665605!4d-81.3564815!16s%2Fg%2F11fmmmtysq!19sChIJy-STiPjd5ogRDhdNDG26i5I,Scattered Treasures Events LLC.,5.0,55,Event planner,,,https://scatteredtreasureseventsllc.com/,+1 386-281-0135,Closed · Opens 9 am,,https://lh3.googleusercontent.com/gps-cs-s/APNQkAFKO3VxigcP6zEm1wpq2KVbhW-paRtfEuBWoZ46kyPvTGzz2j4gXq4gw0JH0Q_Cv-DHuWF59-_1ntosrPjCg8A_2kwIzwtlilGRf-tX_alQAMbIReQBIUp78EAzudo4ysIGr6tK=w408-h381-k-no,true,9 am–7 pm,9 am–7 pm,9 am–7 pm,Open 24 hours,9 am–7 pm,9 am–7 pm,9 am–7 pm,"https://www.google.com/maps/search/tree+service+businesses+in+Holly+Hill+Daytona+Beach+FL/@29.2435916,-81.0375555,14z",2026-04-29T04:55:18.534Z,,,
https://www.google.com/maps/place/Big+Shark/data=!4m7!3m6!1s0x88e6dafceba18295:0x8b36edb1a7d54e1c!8m2!3d29.26502!4d-81.027832!16s%2Fg%2F1vn_zshh!19sChIJlYKh6_za5ogRHE7Vp7HtNos,Big Shark,4.6,832,Gift shop,"2715 N Atlantic Ave, Daytona Beach, FL 32118, United States","7X8C+2V Daytona Beach, Florida, USA",http://bigsharkdaytona.com/,+1 386-677-4041,Closed · Opens 10 am,,https://lh3.googleusercontent.com/gps-cs-s/APNQkAHBwUTLvm4MF_IDne23rWSoDdWZ9GcMgUE00atIUTwtifbbDFI761Tt80ARUWEpk0migyNartprm3EbGdz10n0EcnOspDhQjxmfcyJhM_k0GGCv3HKIk9e0aoJYv5_I4AzVZ2fyngTAzVin=w408-h544-k-no,true,10 am–9 pm,10 am–9 pm,9 am–9 pm,9 am–9 pm,9 am–9 pm,10 am–9 pm,10 am–9 pm,"https://www.google.com/maps/search/tree+service+businesses+in+Holly+Hill+Daytona+Beach+FL/@29.2435916,-81.0375555,14z",2026-04-29T04:55:23.397Z,· In-store shopping,,
https://www.google.com/maps/place/Gino%27s+Road+Service+%26+Repair+%7B24+Hour+Towing+%26+Recovery+Service%7D/data=!4m7!3m6!1s0x88e6db94df6fe28b:0x764513cd49fb3509!8m2!3d29.2273755!4d-81.0332096!16s%2Fg%2F11y6lbrx34!19sChIJi-Jv35Tb5ogRCTX7Sc0TRXY,Gino's Road Service & Repair {24 Hour Towing & Recovery Service},5.0,6,Towing service,"140 State Ave, Holly Hill, FL 32117, United States","6XG8+XP Holly Hill, Florida, USA",https://www.ginosroadserviceandrepair.com/,,Open 24 hours,Identifies as women-owned,https://lh3.googleusercontent.com/gps-cs-s/APNQkAHVuhNr0cebM56k-89OuYj7vvbrpTMlhu_qyZJAwtXUOl8oT3SH6rJ-5OhDJm45hOoeJVbEmRBt3IOZ-S9pn4Xc8ldQpBkwfsaU0vG1tHFf385-it5k-A4wizWG7tsnKb_e_z9JBDfeVXj5=w408-h306-k-no,true,Open 24 hours,Open 24 hours,Open 24 hours,Open 24 hours,Open 24 hours,Open 24 hours,Open 24 hours,"https://www.google.com/maps/search/tree+service+businesses+in+Holly+Hill+Daytona+Beach+FL/@29.2435916,-81.0375555,14z",2026-04-29T04:55:33.988Z,,,
https://www.google.com/maps/place/Mohican+Landscape+llc/data=!4m7!3m6!1s0x88e6dbf3a484fc0f:0x49cc9aea885b8107!8m2!3d29.274313!4d-81.1285544!16s%2Fg%2F11f5q6dyxf!19sChIJD_yEpPPb5ogRB4FbiOqazEk,Mohican Landscape llc,4.8,11,Landscaper,,,,+1 386-232-8072,Closed · Opens 7 am,,https://lh3.googleusercontent.com/gps-cs-s/APNQkAHtpdydLQ2x2uqV_h6E3pYcG5EcR19D10QxFX8VsrG5fm6_Ppv0IsXzUNqC1HP00xeAkD_D0wdph24XDJs9VDYes2nYZzKZokEZClN7sXWb_uZD-69Xx__rgivEnmZbP9USHZAp8w=w426-h240-k-no,true,7 am–5 pm,7 am–5 pm,7 am–5 pm,Closed,Closed,7 am–5 pm,7 am–5 pm,"https://www.google.com/maps/search/tree+service+businesses+in+Holly+Hill+Daytona+Beach+FL/@29.2435916,-81.0375555,14z",2026-04-29T04:55:38.218Z,,,
https://www.google.com/maps/place/From+the+ground+up+tree+service/data=!4m7!3m6!1s0x631244e741725263:0x49aee5f026c99e2f!8m2!3d29.46611!4d-81.2827915!16s%2Fg%2F11nnd_5sk4!19sChIJY1JyQedEEmMRL57JJvDlrkk,From the ground up tree service,,,Arborist service,,,,+1 386-334-2530,Open 24 hours,,https://lh3.googleusercontent.com/gps-cs-s/APNQkAGK8b7bibvw5eGo0oLUPN6f7EBq7ZmSgSVk8SKnqFCnPRtOu5jkc8h3HUUsivFhmrxTwinQchvy36sSfBoF6mw2EemY395rLyyP6zhWvhcuVjqE1vIiHoeAaVxApoH_vGyaTADhYw=w426-h240-k-no,true,Open 24 hours,Open 24 hours,Open 24 hours,Open 24 hours,Open 24 hours,Open 24 hours,Open 24 hours,"https://www.google.com/maps/search/tree+service+businesses+in+Holly+Hill+Daytona+Beach+FL/@29.2435916,-81.0375555,14z",2026-04-29T04:55:42.363Z,,,
https://www.google.com/maps/place/KGB+Enterprises%2FKen%27s+Finishing+Touch/data=!4m7!3m6!1s0x88e6db6fe97ba6b1:0x4d68cec01f289e9!8m2!3d29.270404!4d-81.06325!16s%2Fg%2F1tfnzdtv!19sChIJsaZ76W_b5ogR6YnyAeyM1gQ,KGB Enterprises/Ken's Finishing Touch,5.0,53,Repair service,"330 Orchard St, Ormond Beach, FL 32174, United States","7WCP+5P Ormond Beach, Florida, USA",,+1 386-672-4599,Closed · Opens 10 am,,https://lh3.googleusercontent.com/gps-cs-s/APNQkAHodZKHi_rLHr3C_6bsH0oXGMyDGKNLDgiPb8J5URZP99W0OKyZLQFODqlvuWq7wVTNHTNAXi9SJGkPybx1AOw607PdoDHtRZgPpzTx2A7YHC9OitSRxk2R6EHeoOeh6sYwxUHN=w426-h240-k-no,true,10 am–4 pm,10 am–4 pm,10 am–4 pm,10 am–4 pm,Closed,10 am–4 pm,10 am–4 pm,"https://www.google.com/maps/search/tree+service+businesses+in+Holly+Hill+Daytona+Beach+FL/@29.2435916,-81.0375555,14z",2026-04-29T04:55:53.110Z,,,
https://www.google.com/maps/place/Central+Park/data=!4m7!3m6!1s0x88e6db63811151df:0x5a6a05980d32bcf8!8m2!3d29.2645192!4d-81.0644979!16s%2Fg%2F1tjl6qy5!19sChIJ31ERgWPb5ogR-LwyDZgFalo,Central Park,4.7,1151,Park,"601 Fleming Ave, Ormond Beach, FL 32174, United States","7W7P+R6 Ormond Beach, Florida, USA",https://www.ormondbeach.org/Facilities/Facility/Details/22,+1 386-676-3250,Closed · Opens 8 am,,https://lh3.googleusercontent.com/gps-cs-s/APNQkAHuTBwF2IucJnXJysDqV5thzH0vBjDpIGuPfGgfxz4BHO3Bd7kj8TiN1NcdSC_G8Pjrx9Sfk0Iw7-Nw-_8SNCg9mt4uIPgLGJWv3qsFDSfmG5muMktVPFebF-qojxQI4WIlcY6SLg=w408-h544-k-no,false,8 am–6 pm,8 am–6 pm,8 am–6 pm,8 am–6 pm,8 am–6 pm,8 am–6 pm,8 am–6 pm,"https://www.google.com/maps/search/tree+service+businesses+in+Holly+Hill+Daytona+Beach+FL/@29.2435916,-81.0375555,14z",2026-04-29T04:55:57.631Z,"149-acre, 4-park complex with a lake, fishing pier & boat ramp, plus picnic pavilions & bike trails. · Dogs allowed",,
https://www.google.com/maps/place/Scales+and+Tails+Daytona/data=!4m7!3m6!1s0x88e6db8f8af43865:0xaf0cad19fe6bc1bc!8m2!3d29.2463547!4d-81.0659521!16s%2Fg%2F1262_l9yx!19sChIJZTj0io_b5ogRvMFr_hmtDK8,Scales and Tails Daytona,4.7,347,Reptile store,"1871 N Nova Rd, Holly Hill, FL 32117, United States","6WWM+GJ Holly Hill, Florida, USA",http://scales-and-tails-daytona.com/,+1 386-256-4708,Closed · Opens 11 am,,https://lh3.googleusercontent.com/gps-cs-s/APNQkAG4beacsH_TRrFVMHQRT60Qf03q3EYtDccytP9c_XjPcDpIi4BU1mw3Z6zNPpKeHZjbclDv1VWnGCeMf2K4PKMEo-r3AJaw5haB80k69TX49yLkROUHK7sdo7eGrTyJ2StM2Lh6WkuWaaxo=w408-h544-k-no,true,11 am–6 pm,11 am–6 pm,11 am–6 pm,11 am–6 pm,Closed,Closed,11 am–6 pm,"https://www.google.com/maps/search/tree+service+businesses+in+Holly+Hill+Daytona+Beach+FL/@29.2435916,-81.0375555,14z",2026-04-29T04:56:01.952Z,· In-store shopping · In-store pick-up,,
https://www.google.com/maps/place/Tree+Star+Generals+LLC/data=!4m7!3m6!1s0x88e6d97686169c03:0x2f2e0ccbea32c614!8m2!3d29.1595998!4d-81.0388702!16s%2Fg%2F11h4gpn91w!19sChIJA5wWhnbZ5ogRFMYy6ssMLi8,Tree Star Generals LLC,5.0,6,Tree service,"1832 S Clyde Morris Blvd #51, Daytona Beach, FL 32119, United States","5X56+RF Daytona Beach, Florida, USA",,,Temporarily closed,Identifies as veteran-owned,https://lh3.googleusercontent.com/gps-cs-s/APNQkAFzZRlL0yrcvwZL37qhT9U2JuEsFVxdiIOp8puZq8ADle97Ql2hnwUedkDMym9EMuO9aUkpMcJbKJXrcljcwa36z2eBOiAguL3XSMW9mysHE1nAyVK_dbExADHDgqTsfYJ2JERLXw=w426-h240-k-no,true,,,,,,,,"https://www.google.com/maps/search/tree+service+businesses+in+South+Daytona+Daytona+Beach+FL/@29.1658158,-81.0044995,14z",2026-04-29T04:56:20.639Z,,,
https://www.google.com/maps/place/Affordable+Tree+Service/data=!4m7!3m6!1s0x88e6d989f30c2ead:0xa8d448cd4b4f90f4!8m2!3d29.1812986!4d-81.0096702!16s%2Fg%2F11s3y0f70k!19sChIJrS4M84nZ5ogR9JBPS81I1Kg,Affordable Tree Service,,,Tree service,"359 Orange Blossom Dr #201, South Daytona, FL 32119, United States","5XJR+G4 South Daytona, Florida, USA",,+1 386-265-8528,Open 24 hours,,https://lh3.googleusercontent.com/gps-cs-s/APNQkAF-3L_fJz4b67kaQaw3zWtcYbptwbiGR9pdjndOcgerPuaucgk0I6fCajixtOFwsfWpTKVqN37pBiZ2Ehm3QMFB7qan5E_PLm5O39CxdIcZwNBe_WO5cB_JncTOG_cjWuSz1eh8Kg=w408-h544-k-no,true,Open 24 hours,Open 24 hours,Open 24 hours,Open 24 hours,Closed,Open 24 hours,Open 24 hours,"https://www.google.com/maps/search/tree+service+businesses+in+South+Daytona+Daytona+Beach+FL/@29.1658158,-81.0044995,14z",2026-04-29T04:56:24.826Z,,,
"https://www.google.com/maps/place/Woods+Land+and+Tree,+LLC/data=!4m7!3m6!1s0x45c1f7edf3df9359:0xebddc941069b196d!8m2!3d30.991353!4d-99.361377!16s%2Fg%2F11krdsqqhm!19sChIJWZPf8-33wUURbRmbBkHJ3es","Woods Land and Tree, LLC",4.7,15,Tree service,,,http://woodslandandtree.com/,,Open 24 hours,Identifies as women-owned,https://lh3.googleusercontent.com/gps-cs-s/APNQkAHxU9HJ3BrMK1mgowq5oannOKpmZ4FirIosCeBNGCEIOC2QQW85VJxq_mmhxPJP-kBc5kqVlPlOrX4jBVLYzpHWS1VuTHv0k3L-wzYeP2fAbhDMuNhoCTMtMJkV70bwuf2yezeT=w408-h544-k-no,true,Open 24 hours,Open 24 hours,Open 24 hours,Open 24 hours,Open 24 hours,Open 24 hours,Open 24 hours,"https://www.google.com/maps/search/tree+service+businesses+in+South+Daytona+Daytona+Beach+FL/@29.1658158,-81.0044995,14z",2026-04-29T04:56:29.146Z,,,
https://www.google.com/maps/place/Top+Notch+Tree+Service/data=!4m7!3m6!1s0x88e6d7d41efb4c3b:0x7cce83c41bd77465!8m2!3d29.138258!4d-80.9984584!16s%2Fg%2F11f8l2f0df!19sChIJO0z7HtTX5ogRZXTXG8SDznw,Top Notch Tree Service,3.0,4,Tree service,"Dunlawton Ave, Port Orange, FL 32127, United States","42Q2+8J Port Orange, Florida, USA",,+1 386-317-1327,Open 24 hours,,https://lh3.googleusercontent.com/gps-cs-s/APNQkAEWcAsIQtKKkQi1HxoDdDbboUnSsyQorwiGbpIuvve8SAyFq3qt15hw4MoopbBVCQrWM19MX9gp9dfNShF7JFRHEFTV-w571n-Pt4wsCtuknIXWwN09Wit88nr42JsJR9zcoZI=w408-h306-k-no,true,Open 24 hours,Open 24 hours,Open 24 hours,Open 24 hours,Open 24 hours,Open 24 hours,11:15 am–12 am,"https://www.google.com/maps/search/tree+service+businesses+in+South+Daytona+Daytona+Beach+FL/@29.1658158,-81.0044995,14z",2026-04-29T04:56:33.450Z,,,
https://www.google.com/maps/place/JW+Sod+%26+Tree+LLC/data=!4m7!3m6!1s0x89892cc02f7d06af:0xf41d2544f8fdf6be!8m2!3d28.7465725!4d-81.032986!16s%2Fg%2F11y_pz7c2_!19sChIJrwZ9L8AsiYkRvvb9-EQlHfQ,JW Sod & Tree LLC,5.0,12,Lawn care service,,,https://jwsodandtree.com/,+1 386-478-6690,Closed · Opens 8 am,,https://lh3.googleusercontent.com/gps-cs-s/APNQkAHIjzO9lJ_d6mlODGDlodKUSMGGe2Euib_rN0TqT-SF1iv6a5-fWt0SzkI28R_eV6iURtWmrlrPKedtiykNdR7_QPe6Arf5SmJ1K_olRXVjWKqJznonoOBhK2sNJxStx92fSC_CKrfe9BtY=w426-h240-k-no,true,8 am–7 pm,8 am–7 pm,8 am–7 pm,8 am–7 pm,Closed,8 am–7 pm,8 am–7 pm,"https://www.google.com/maps/search/tree+service+businesses+in+South+Daytona+Daytona+Beach+FL/@29.1658158,-81.0044995,14z",2026-04-29T04:56:37.653Z,,,
https://www.google.com/maps/place/Massey+Services+GreenUP+Lawn+Care+Service/data=!4m7!3m6!1s0x88e6d8516fcc46c5:0x37969a324bd2a0e0!8m2!3d29.170508!4d-81.023515!16s%2Fg%2F1263frtmm!19sChIJxUbMb1HY5ogR4KDSSzKaljc,Massey Services GreenUP Lawn Care Service,4.5,64,Lawn care service,"1801 S Nova Rd # 110, Daytona Beach, FL 32119, United States","5XCG+6H Daytona Beach, Florida, USA",https://www.masseyservices.com/service-location/daytona-lawn-care/?utm_source=googlemybusiness&utm_medium=search&utm_campaign=DaytonaBeach21&utm_content=masseylocalsearch,+1 386-253-6758,Closed · Opens 7 am,,https://lh3.googleusercontent.com/gps-cs-s/APNQkAFrFyVzv9s-ZWQFpyp7i3kExpzRwlkvCdeIgvQ-alWvnCIyFwJKPFGt1fdteCt3A8cMlImjTx3HNNQZm9wRvuzA_OeKLMWx_w3lV7pZqVrximn9gWgSMqrqtvSnES7VPHBw4kDN=w426-h240-k-no,true,7 am–8 pm,7 am–8 pm,7 am–8 pm,8 am–2 pm,Closed,7 am–8 pm,7 am–8 pm,"https://www.google.com/maps/search/tree+service+businesses+in+South+Daytona+Daytona+Beach+FL/@29.1658158,-81.0044995,14z",2026-04-29T04:56:42.345Z,,,
https://www.google.com/maps/place/Your+Lawn+%3D+My+Lawn/data=!4m7!3m6!1s0x88e6d95ae5cb3787:0x48bfb154ce0a0929!8m2!3d29.172949!4d-81.0103995!16s%2Fg%2F11j7jhzhtq!19sChIJhzfL5VrZ5ogRKQkKzlSxv0g,Your Lawn = My Lawn,5.0,2,Tree service,"624 Aurora St, South Daytona, FL 32119, United States","5XFQ+5R South Daytona, Florida, USA",https://yourlawnequalsmylawn.ueniweb.com/?utm_campaign=gmb,,Open 24 hours,,https://lh3.googleusercontent.com/gps-cs-s/APNQkAFtW33sSdFn9r2GsbSO6_Y556UsWgDuXCi-u2iWD4wC91pBIRfo1sUj4N9DbREE2qMpSLia_N4msS6mVLOe4v3sN5-8240Ws7wNu1vV_y9J6dIiQmZK5rgAzf_OOp6jjBdQhFcL=w426-h240-k-no,true,Open 24 hours,Open 24 hours,Open 24 hours,Open 24 hours,Open 24 hours,Open 24 hours,Open 24 hours,"https://www.google.com/maps/search/tree+service+businesses+in+South+Daytona+Daytona+Beach+FL/@29.1658158,-81.0044995,14z",2026-04-29T04:56:52.917Z,,,
https://www.google.com/maps/place/Green+Side+Up+Landscaping/data=!4m7!3m6!1s0x88e6d9b030e91b1d:0x45bfefb03ad5cac4!8m2!3d29.1718995!4d-81.0193458!16s%2Fg%2F1tfl10j1!19sChIJHRvpMLDZ5ogRxMrVOrDvv0U,Green Side Up Landscaping,4.7,3,Landscaper,"814 Scrub Oak St, South Daytona, FL 32119, United States","5XCJ+Q7 South Daytona, Florida, USA",,+1 386-761-3330,,,https://streetviewpixels-pa.googleapis.com/v1/thumbnail?panoid=qidZe-laAZjgv1tsRl3zxA&cb_client=search.gws-prod.gps&w=408&h=240&yaw=235.6274&pitch=0&thumbfov=100,false,,,,,,,,"https://www.google.com/maps/search/tree+service+businesses+in+South+Daytona+Daytona+Beach+FL/@29.1658158,-81.0044995,14z",2026-04-29T04:56:55.535Z,,,
"https://www.google.com/maps/place/Just+Peachy+Clean,+LLC/data=!4m7!3m6!1s0x88e6d96b25e97c69:0x9b770780332dd28!8m2!3d29.1796712!4d-81.0171033!16s%2Fg%2F11rc6_5cxq!19sChIJaXzpJWvZ5ogRKN0yA3hwtwk","Just Peachy Clean, LLC",4.8,563,House cleaning service,"667 Beville Rd Ste. A, South Daytona, FL 32119, United States","5XHM+V5 South Daytona, Florida, USA",https://www.alwaysjustpeachyclean.com/,+1 386-290-7594,Closed · Opens 8:30 am,Identifies as women-owned,https://lh3.googleusercontent.com/gps-cs-s/APNQkAEhpO4ttrD0GlfJetf717Ao3O7CDruSYrHUZWZc03C1mLN3anx9gWURpKnNp9iB67JlPfe1flGsu79CgEozzjQjsD3m4g9vIzgJ0Dr4GsBeeO5aDbSwZItVyIytfUh18tKVG-lsPYWjbtI=w408-h544-k-no,true,8:30 am–4:30 pm,8:30 am–4:30 pm,8:30 am–4:30 pm,Closed,Closed,8:30 am–4:30 pm,8:30 am–4:30 pm,"https://www.google.com/maps/search/tree+service+businesses+in+South+Daytona+Daytona+Beach+FL/@29.1658158,-81.0044995,14z",2026-04-29T04:57:00.244Z,,,
https://www.google.com/maps/place/Imperial+Pest+Prevention/data=!4m7!3m6!1s0x88e6d8f9fc4ffab1:0x9fe7423b6a994c15!8m2!3d29.1717838!4d-81.0259005!16s%2Fg%2F11b6xkrzxx!19sChIJsfpP_PnY5ogRFUyZajtC558,Imperial Pest Prevention,4.9,1126,Pest control service,"1725 S Nova Rd STE B6, South Daytona, FL 32119, United States","5XCF+PJ South Daytona, Florida, USA",https://www.imperialpestprevent.com/,+1 386-956-9506,Closed · Opens 5 am,,https://lh3.googleusercontent.com/gps-cs-s/APNQkAGG354bYLAxAVPVVc_1Q6vJyTDPk72vkwrq7bUYRffQogp2wn17l3Ex469sBJfed_6J3fmYPgLhIDynb0w4aik-4MEerFeYM_4ZXja2yHJW3IjOWKrpaHTDZgHp9jzDL34Tjqqq=w408-h408-k-no,true,5 am–11 pm,5 am–11 pm,5 am–11 pm,5 am–11 pm,5 am–11 pm,5 am–11 pm,5 am–11 pm,"https://www.google.com/maps/search/tree+service+businesses+in+South+Daytona+Daytona+Beach+FL/@29.1658158,-81.0044995,14z",2026-04-29T04:57:05.027Z,,,
https://www.google.com/maps/place/Big+Tree+Barbershop/data=!4m7!3m6!1s0x88e6d9c610f85c01:0x3eef6a90dda7fea2!8m2!3d29.174078!4d-81.0044761!16s%2Fg%2F11b7lsmwwr!19sChIJAVz4EMbZ5ogRov6n3ZBq7z4,Big Tree Barbershop,4.7,568,Barber shop,"306 Big Tree Rd, South Daytona, FL 32119, United States","5XFW+J6 South Daytona, Florida, USA",https://www.facebook.com/Big-tree-barbershop-557858594332850/,+1 386-405-5980,Closed · Opens 8 am,Identifies as veteran-owned,https://lh3.googleusercontent.com/gps-cs-s/APNQkAHb4Yk07-8YGN9BVlh3dJpjnuR_r3Bx4MXIQpld0v2xT7bgMPiI0ICZir8yezVoEm2R5WggAWBlA4X1XtUPSqi7ErLTjYoeSFM0ROT630WZLElJhA09CnQqq53ShON5zF7ByXrPVw=w408-h544-k-no,true,8 am–4:30 pm,8 am–4:30 pm,8 am–4:30 pm,8 am–1:30 pm,11 am–1:30 pm,8 am–4:30 pm,8 am–4:30 pm,"https://www.google.com/maps/search/tree+service+businesses+in+South+Daytona+Daytona+Beach+FL/@29.1658158,-81.0044995,14z",2026-04-29T04:57:09.287Z,,,
https://www.google.com/maps/place/JNG+Tree+Service/data=!4m7!3m6!1s0x88e6da295dca0d2f:0xd2d1f3deda9cf6f0!8m2!3d29.2127868!4d-81.0250787!16s%2Fg%2F11vk2lxsj_!19sChIJLw3KXSna5ogR8Pac2t7z0dI,JNG Tree Service,2.0,4,Tree service,"236 N Ridgewood Ave, Daytona Beach, FL 32114, United States","6X7F+4X Daytona Beach, Florida, USA",,+1 386-523-4943,,,https://lh3.googleusercontent.com/gps-cs-s/APNQkAH6M0smk7fyQOYx50bPstySr43aptYvV3ClWX2QjZH9K_6_8bol1xta2iZjUzBZK2AdphyqmDF7YBe6Xoi82b7F5kgHbV7IbqcWddVrx7KxjiqICF3TxO1EW6BALrcVYvKS_TtmyQ=w408-h725-k-no,false,,,,,,,,"https://www.google.com/maps/search/tree+service+businesses+in+South+Daytona+Daytona+Beach+FL/@29.1658158,-81.0044995,14z",2026-04-29T04:57:11.481Z,,,
https://www.google.com/maps/place/Hughes+Barry+E/data=!4m7!3m6!1s0x88e6d9b18bd08d89:0x75cd1f66fbd54399!8m2!3d29.1685945!4d-81.0185623!16s%2Fg%2F1tdwwhvd!19sChIJiY3Qi7HZ5ogRmUPV-2YfzXU,Hughes Barry E,4.7,23,Lawyer,"900 Big Tree Rd, South Daytona, FL 32119, United States","5X9J+CH South Daytona, Florida, USA",,+1 386-788-9667,,,https://lh3.googleusercontent.com/gps-cs-s/APNQkAHmQEAylAh9bNuiX5cWTykkrULHRP7zyUfjo8QiLv2CKBqCyuatNSVRxkys739TLjkiRs5DQd0haqTXAqaVr5CClw3Sxyxf7sYoiORlUWuypwRnrFG_1D94JrH9wF0loyk5n1CBQg=w408-h544-k-no,false,,,,,,,,"https://www.google.com/maps/search/tree+service+businesses+in+South+Daytona+Daytona+Beach+FL/@29.1658158,-81.0044995,14z",2026-04-29T04:57:20.039Z,,,
https://www.google.com/maps/place/kwik+kerb+llc/data=!4m7!3m6!1s0x88e7279a0cc9c67d:0x429908e06cabe096!8m2!3d29.1699464!4d-81.0135126!16s%2Fg%2F12jskqqtk!19sChIJfcbJDJon54gRluCrbOAImUI,kwik kerb llc,4.1,27,Concrete contractor,"735 Big Tree Rd, South Daytona, FL 32119, United States","5X9P+XH South Daytona, Florida, USA",https://www.kwikkerbllc.com/?utm_source=google&utm_medium=wix_google_business_profile&utm_campaign=12091310573787494477,+1 386-453-1004,Closed · Opens 8 am,,https://lh3.googleusercontent.com/gps-cs-s/APNQkAEHMa2vVL3hkOElPBvHTtrNGV9tqIpabq9PybQNQ9TXejJQTo6c_LatulNhXgvKVeXK_8pAFCDXHJ2U1an_8MEjbrAIHkVlKz3k9_LUaMr8fmpPqisJsuImegP7FLFXrytyCno=w408-h462-k-no,true,8 am–5 pm,8 am–5 pm,8 am–5 pm,Closed,Closed,8 am–5 pm,8 am–5 pm,"https://www.google.com/maps/search/tree+service+businesses+in+South+Daytona+Daytona+Beach+FL/@29.1658158,-81.0044995,14z",2026-04-29T04:57:24.322Z,,,
https://www.google.com/maps/place/Armenta%27s+Affordable+Tree+Service+LLC/data=!4m7!3m6!1s0x291215e260dbefb9:0x36db28b93a72fa3!8m2!3d29.18549!4d-81.0971891!16s%2Fg%2F11mywlwdkg!19sChIJue_bYOIVEikRoy-nk4uybQM,Armenta's Affordable Tree Service LLC,,,Tree service,,,,+1 386-286-2114,Open 24 hours,,https://lh3.googleusercontent.com/gps-cs-s/APNQkAEzexbkdZRLHMyJLkxoUoJ6snf6aOWyaU6Gnk7ohggyUA6intkhmbGGDzxzoxmSgOHR2_UIO-ZjtRCn26SRF5KX-nNMjEqahKM3pqoi7Ir87Cevn1uNT3WfSO0bvd2xA8INkkWs0V97C2jB=w408-h480-k-no,true,Open 24 hours,Open 24 hours,Open 24 hours,Open 24 hours,Open 24 hours,Open 24 hours,Open 24 hours,"https://www.google.com/maps/search/tree+service+businesses+in+South+Daytona+Daytona+Beach+FL/@29.1658158,-81.0044995,14z",2026-04-29T04:57:28.898Z,,,
https://www.google.com/maps/place/Down+2+The+Stump/data=!4m7!3m6!1s0x44c2d13ff7763c21:0x6c9ddca3f4bfaf86!8m2!3d28.4931361!4d-81.646989!16s%2Fg%2F11nxrdssv0!19sChIJITx29z_RwkQRhq-_9KPcnWw,Down 2 The Stump,5.0,2,Tree service,,,,+1 386-341-4038,Open 24 hours,,https://lh3.googleusercontent.com/gps-cs-s/APNQkAH78t40YY24gqSOY95k91sbwvl8Ju4Fsd2Eq4IQfPE4VGRWPVqoSP-zd2rWhIhmruuSaBGUUnn6Y_Xx04KjJETsx6xzznZtUc-KkrkJdPMypZwR7ZmMQ1ge2eewf8UIamN9Hga3qw=w472-h240-k-no,true,Open 24 hours,Open 24 hours,Open 24 hours,Open 24 hours,Open 24 hours,Open 24 hours,Open 24 hours,"https://www.google.com/maps/search/tree+service+businesses+in+South+Daytona+Daytona+Beach+FL/@29.1658158,-81.0044995,14z",2026-04-29T04:57:33.148Z,,,
https://www.google.com/maps/place/Votran/data=!4m7!3m6!1s0x88e6d9adf3e3863b:0x3f5aa9dc3715c40b!8m2!3d29.1682125!4d-81.020167!16s%2Fg%2F1tctshb0!19sChIJO4bj863Z5ogRC8QVN9ypWj8,Votran,2.7,86,Transportation service,"950 Big Tree Rd, South Daytona, FL 32119, United States","5X9H+7W South Daytona, Florida, USA",http://www.votran.org/,+1 386-756-7496,Closed · Opens 6:30 am,,https://lh3.googleusercontent.com/gps-cs-s/APNQkAFuJ8DgkQpYaINv_R7LLUemftnt9IAuAF4Yfqn2YX731SveBK0lsJa1p00LEF7WNw7_44opjxmQn7650PQimnOzno3IQGC7NIAoDGsGexR89RomZV2NvXnSzWgzDnIgUvUCkTms=w408-h544-k-no,false,6:30 am–7:30 pm,6:30 am–7:30 pm,6:30 am–7:30 pm,6:30 am–7:30 pm,Closed,6:30 am–7:30 pm,6:30 am–7:30 pm,"https://www.google.com/maps/search/tree+service+businesses+in+South+Daytona+Daytona+Beach+FL/@29.1658158,-81.0044995,14z",2026-04-29T04:57:37.503Z,,,
https://www.google.com/maps/place/All+Aboard+Storage-+Big+Tree+Depot/data=!4m7!3m6!1s0x88e6d9c891f4aeb5:0x68f05a8bd2a13e83!8m2!3d29.173038!4d-81.005915!16s%2Fg%2F1tcvcqh7!19sChIJta70kcjZ5ogRgz6h0ota8Gg,All Aboard Storage- Big Tree Depot,4.6,108,Self-storage facility,"409 Big Tree Rd, South Daytona, FL 32119, United States","5XFV+6J South Daytona, Florida, USA",https://allaboardstorage.com/storage-locations/florida/south-daytona/409-big-tree-road/?utm_source=GBPListings&utm_medium=organic&utm_campaign=big_tree,+1 386-338-0189,Closed · Opens 9 am,,https://lh3.googleusercontent.com/gps-cs-s/APNQkAFRj3RULgO0ko5z-ZvCUxgt8taYbrcj1z1gyxSjvuIp__RUBZeb4N_G4xoudxT5mWUBzXwvG7SPUl8JqSc7tYoIzle_pqkCz0-D0y8m6yoWgIfyJOxOCqEhFkU3ZBl1AP6vWNbK__6oVDTv=w408-h272-k-no,true,9 am–6 pm,9 am–6 pm,9 am–6 pm,9 am–5 pm,Closed,9 am–6 pm,9 am–6 pm,"https://www.google.com/maps/search/tree+service+businesses+in+South+Daytona+Daytona+Beach+FL/@29.1658158,-81.0044995,14z",2026-04-29T04:57:41.998Z,,,
"https://www.google.com/maps/place/Southern+Outdoors+Tree+Service/@28.4931361,-81.646989,8z/data=!3m1!4b1!4m6!3m5!1s0x2b87b1a45c588f69:0xb4e0391810446282!8m2!3d28.4931361!4d-81.646989!16s%2Fg%2F11skcf140m",Southern Outdoors Tree Service,5.0,2,Tree service,,,https://southernoutdoorstreesrvc.com/,+1 407-255-5815,Open 24 hours,,,true,Open 24 hours,Open 24 hours,Open 24 hours,Open 24 hours,Open 24 hours,Open 24 hours,Open 24 hours,"https://www.google.com/maps/search/tree+service+businesses+in+South+Daytona+Daytona+Beach+FL/@29.1658158,-81.0044995,14z",2026-04-29T04:57:48.243Z,,,
https://www.google.com/maps/place/Big+Tree+Dental+-+Christie+LaTulippe+D.M.D./data=!4m7!3m6!1s0x88e6d9b17de8c5a1:0x3cc6d4f3e43d3d97!8m2!3d29.1684641!4d-81.0171524!16s%2Fg%2F1wz53jbv!19sChIJocXofbHZ5ogRlz095PPUxjw,Big Tree Dental - Christie LaTulippe D.M.D.,4.1,46,Dentist,"821 Big Tree Rd, South Daytona, FL 32119, United States","5X9M+94 South Daytona, Florida, USA",http://www.bigtreedental.com/,+1 386-767-8383,Closed · Opens 8 am,,https://streetviewpixels-pa.googleapis.com/v1/thumbnail?panoid=Wh5njTyCXd3NtwYRDEPWBA&cb_client=search.gws-prod.gps&w=408&h=240&yaw=151.91206&pitch=0&thumbfov=100,true,"8 am–12 pm, 1–5 pm","8 am–12 pm, 1–5 pm",Closed,Closed,Closed,"8 am–12 pm, 1–5 pm","8 am–12 pm, 1–5 pm","https://www.google.com/maps/search/tree+service+businesses+in+South+Daytona+Daytona+Beach+FL/@29.1658158,-81.0044995,14z",2026-04-29T04:57:52.983Z,,,
https://www.google.com/maps/place/USA+Benefits+Group/data=!4m7!3m6!1s0x88e72793ffa6d209:0xaf1de84cef079ccb!8m2!3d29.167871!4d-81.0184925!16s%2Fg%2F11t1h6hc5b!19sChIJCdKm_5Mn54gRy5wH70zoHa8,USA Benefits Group,4.9,220,Insurance broker,"913 Big Tree Rd, South Daytona, FL 32119, United States","5X9J+4J South Daytona, Florida, USA",https://healthbrokerfl.com/,+1 386-401-5644,Closed · Opens 10 am,,https://lh3.googleusercontent.com/gps-cs-s/APNQkAF0QeQbbcj6FwXzY7ACFQGozMSZheqviTgOwLeQSUWWQqYFU2g6x-FiOgJmxjpBG6G3CiaJTKoMRc9JfBKoMbW_4bXyJUmJXPn1xKPUV_mYKgRudxhvLjYq4ACL5kmK0ziryR8BWvulJk6s=w408-h318-k-no,true,10 am–6 pm,10 am–6 pm,10 am–6 pm,Closed,Closed,10 am–6 pm,10 am–6 pm,"https://www.google.com/maps/search/tree+service+businesses+in+South+Daytona+Daytona+Beach+FL/@29.1658158,-81.0044995,14z",2026-04-29T04:57:57.278Z,,,
https://www.google.com/maps/place/French+Drain+King+landscape+designer+%26+lights/data=!4m7!3m6!1s0x4a0b64b500d7e863:0x5efbdf72a4fe1c3f!8m2!3d29.3579136!4d-81.2417285!16s%2Fg%2F11sh6ngdzn!19sChIJY-jXALVkC0oRPxz-pHLf-14,French Drain King landscape designer & lights,5.0,2,Landscape designer,,,,+1 706-502-3228,,,https://lh3.googleusercontent.com/gps-cs-s/APNQkAHY1zFOUoPXoqI072PM735GT9y9XqCv-aoHiBLvSZQor7BIVugwj_NO_o3zP7QZlhFAWIPfFF5jjpF6eXGExZNddK8-ml7dv8NSzlZi0Wd5FIumrbujaQJ18SJgD0VuBgItggrLOw=w426-h240-k-no,true,9 am–5 pm,9 am–5 pm,9 am–5 pm,9 am–5 pm,Closed,9 am–5 pm,9 am–5 pm,"https://www.google.com/maps/search/tree+service+businesses+in+South+Daytona+Daytona+Beach+FL/@29.1658158,-81.0044995,14z",2026-04-29T04:58:01.492Z,,,
https://www.google.com/maps/place/Darryl+Hamilton+Tree+Service/data=!4m7!3m6!1s0x88e6db27a85843cf:0x4d303a6d22d5eee6!8m2!3d29.18549!4d-81.0971891!16s%2Fg%2F11fn5sbzgw!19sChIJz0NYqCfb5ogR5u7VIm06ME0,Darryl Hamilton Tree Service,4.7,15,Tree service,,,http://treeelevationdaytonabeach.com/,+1 386-566-5147,Open 24 hours,,https://lh3.googleusercontent.com/gps-cs-s/APNQkAEqA4Jw23hD46TuXRb43io01vEN6Z_sZd3JlLfmhiz2LzPJ9JzmRRdgvBkqvcW4WQ7OnxDnEvJyXbSHld1_bZbaUgXRAR4MOglzQlCpw3PKur8e4ai-ODUxU6g2NGvMG1xiMgIHnA=w408-h541-k-no,true,Open 24 hours,Open 24 hours,Open 24 hours,Open 24 hours,Open 24 hours,Open 24 hours,Open 24 hours,"https://www.google.com/maps/search/tree+service+businesses+in+South+Daytona+Daytona+Beach+FL/@29.1658158,-81.0044995,14z",2026-04-29T04:58:05.714Z,,,
https://www.google.com/maps/place/Foster%27s+Lawn+and+Tree+Service/data=!4m7!3m6!1s0x88e694b1411f2c5f:0x234116c223561dff!8m2!3d29.4328015!4d-81.5996885!16s%2Fg%2F1th645qv!19sChIJXywfQbGU5ogR_x1WI8IWQSM,Foster's Lawn and Tree Service,5.0,4,Tree service,,,,+1 386-235-0390,Closed · Opens 7 am,,https://lh3.googleusercontent.com/gps-cs-s/APNQkAG1qRX4r661XyGjosM7urxQNCbkTwoANSkZQzM-t32Op36YYYbgYa9f7ug2BMmz5TdFbp0NxCB8YBt8_vT3GbUORyM5E8529apaK5ZdQdLK0CaMfRr-a_mK4L4fm7VPGzPaisJj=w408-h544-k-no,true,7 am–7 pm,7 am–7 pm,7 am–7 pm,7 am–7 pm,7 am–7 pm,7 am–7 pm,7 am–7 pm,"https://www.google.com/maps/search/tree+service+businesses+in+South+Daytona+Daytona+Beach+FL/@29.1658158,-81.0044995,14z",2026-04-29T04:58:09.897Z,,,
"https://www.google.com/maps/place/Bridges+Brothers+Property+Preservation/@29.072764,-81.072582,9z/data=!3m1!4b1!4m6!3m5!1s0x88e6d85f3bb6aaab:0xd91dcb720a3db8c2!8m2!3d29.072764!4d-81.072582!16s%2Fg%2F11hczbpwsn",Bridges Brothers Property Preservation,5.0,2,Tree service,,,https://www.facebook.com/Bridges-Brothers-Property-Preservation-402628436817381/,+1 386-451-9882,Closed · Opens 8 am,,,true,8 am–6 pm,8 am–6 pm,8 am–6 pm,8 am–6 pm,Closed,8 am–6 pm,8 am–6 pm,"https://www.google.com/maps/search/tree+service+businesses+in+South+Daytona+Daytona+Beach+FL/@29.1658158,-81.0044995,14z",2026-04-29T04:58:22.571Z,,,
https://www.google.com/maps/place/Madden%27s+Ace+Hardware/data=!4m7!3m6!1s0x88e6d9cf53d4b303:0xd00025dafe399ec5!8m2!3d29.1724308!4d-81.0034299!16s%2Fg%2F1tjjq5q0!19sChIJA7PUU8_Z5ogRxZ45_tolANA,Madden's Ace Hardware,4.6,734,Hardware store,"2034 S Ridgewood Ave, South Daytona, FL 32119, United States","5XCW+XJ South Daytona, Florida, USA",http://www.acehardware.com/mystore/index.jsp?store=03374&cid=localstore03374,+1 386-767-6036,Closed · Opens 8 am,,https://lh3.googleusercontent.com/gps-cs-s/APNQkAEjrylY_4w3NwTH2wjBsvAiLieajpR_As4xECfActG7864LpLojkM9PtWQdPjp4CI0a4G3z8l3M0dD00-ieI1ZOr1Z4lE4Qx7HptJglWNGvugw7N33u8w7nKvWlRd3DcKOE64s=w426-h240-k-no,true,8 am–7 pm,8 am–7 pm,8 am–7 pm,8 am–7 pm,9 am–6 pm,8 am–7 pm,8 am–7 pm,"https://www.google.com/maps/search/tree+service+businesses+in+South+Daytona+Daytona+Beach+FL/@29.1658158,-81.0044995,14z",2026-04-29T04:58:26.935Z,"Hardware store stocking household tools, garden supplies, home decor & more. · In-store shopping · In-store pick-up",,
https://www.google.com/maps/place/Mobile+Notary/data=!4m7!3m6!1s0x88e6d95dedd6a11f:0xcbeb05cd361f1812!8m2!3d29.1702895!4d-81.0061331!16s%2Fg%2F11h3kcqw3j!19sChIJH6HW7V3Z5ogREhgfNs0F68s,Mobile Notary,5.0,6,Notary public,"Big Tree Rd, South Daytona, FL 32119, United States","5XCV+4G South Daytona, Florida, USA",,+1 386-265-2464,Open 24 hours,,https://streetviewpixels-pa.googleapis.com/v1/thumbnail?panoid=bT5s3O0WehJki_dDjkvgXg&cb_client=search.gws-prod.gps&w=408&h=240&yaw=59.611794&pitch=0&thumbfov=100,false,Open 24 hours,Open 24 hours,Open 24 hours,Open 24 hours,Open 24 hours,Open 24 hours,Open 24 hours,"https://www.google.com/maps/search/tree+service+businesses+in+South+Daytona+Daytona+Beach+FL/@29.1658158,-81.0044995,14z",2026-04-29T04:58:31.323Z,,,
https://www.google.com/maps/place/Jolly+Tree+Giant/data=!4m7!3m6!1s0x88e729276a409295:0x2b5b585808f5a302!8m2!3d29.0251584!4d-80.926237!16s%2Fg%2F11gnrw97cx!19sChIJlZJAaicp54gRAqP1CFhYWys,Jolly Tree Giant,5.0,49,Tree service,"208 N Orange St, New Smyrna Beach, FL 32168, United States","23GF+3G New Smyrna Beach, Florida, USA",https://www.jollytreegiant.com/,+1 386-547-4647,Closed · Opens 8:30 am,,https://lh3.googleusercontent.com/gps-cs-s/APNQkAE3p473G3csdLvdrBSLdySfZRlguVv969izFrrNZ0HplvXY974wE_LPoBrIghzsLGDIG4jIUiVnu10ADrxHjkdBLG0k0_tFEqXTkeZDal7gZqu1-DWTJrM6wFt0J5_3qM_qid80=w408-h541-k-no,true,8:30 am–8:30 pm,8:30 am–8:30 pm,8:30 am–8:30 pm,9 am–8 pm,10:30 am–5 pm,8:30 am–8:30 pm,8:30 am–8:30 pm,"https://www.google.com/maps/search/tree+service+businesses+in+New+Smyrna+Beach+Daytona+Beach+FL/@29.0274345,-80.9231601,14z",2026-04-29T04:58:51.120Z,,,
https://www.google.com/maps/place/Stewart%E2%80%99s+Tree+Professional/data=!4m7!3m6!1s0x88e727d2b40e6c49:0x10f5dba72b8d6510!8m2!3d29.0525912!4d-80.9969274!16s%2Fg%2F11k9ml8dkp!19sChIJSWwOtNIn54gREGWNK6fb9RA,Stewart’s Tree Professional,5.0,58,Tree service,"3045 Turnbull Bay Rd, New Smyrna Beach, FL 32168, United States","3233+26 New Smyrna Beach, Florida, USA",https://www.volusiacountytreeremoval.com/,+1 386-689-9042,Open 24 hours,,https://lh3.googleusercontent.com/gps-cs-s/APNQkAESqcdOgwWgRjjC3IYvTeG8WazaFGeWe4eg2jN_Hnm7iGoGLyt3qNgJOwzlEboIZBJjUsutQI77URmdOB2Gak7kh1-0iPRd6CW9agLaBNj2J42nPxJY7b9B74Uf4XlE17SKtS_ljA=w408-h544-k-no,true,Open 24 hours,Open 24 hours,Open 24 hours,Open 24 hours,Open 24 hours,Open 24 hours,Open 24 hours,"https://www.google.com/maps/search/tree+service+businesses+in+New+Smyrna+Beach+Daytona+Beach+FL/@29.0274345,-80.9231601,14z",2026-04-29T04:58:55.530Z,,,
"https://www.google.com/maps/place/GrassRoots+Tree,+Landscape,+%26+Loader+Services+LLC/data=!4m7!3m6!1s0x88e72f0ed6eb5d49:0x2c4565c97e0d8f1e!8m2!3d29.0235588!4d-80.9480524!16s%2Fg%2F11h70rlg40!19sChIJSV3r1g4v54gRHo8NfsllRSw","GrassRoots Tree, Landscape, & Loader Services LLC",4.3,15,Landscaper,"2013 Debbie St, New Smyrna Beach, FL 32168, United States","23F2+CQ New Smyrna Beach, Florida, USA",https://sites.google.com/view/grassrootstll/home,+1 386-314-3661,Open 24 hours,,https://lh3.googleusercontent.com/gps-cs-s/APNQkAEzP9ymuB9uQ8ntcpo4QS6UaE6SnZ2XvoMSxf-PtU8C-Y6_DqVLX4y102PjJ1zEkrG04hjD4Z1OgX9TbwWRen5c_7gZNe4VVMw5mbIeFWmUy0oYzlfzEpUuhlsZk-_B-KrmRrl84A=w420-h240-k-no,true,Open 24 hours,Open 24 hours,Open 24 hours,Open 24 hours,Open 24 hours,Open 24 hours,Open 24 hours,"https://www.google.com/maps/search/tree+service+businesses+in+New+Smyrna+Beach+Daytona+Beach+FL/@29.0274345,-80.9231601,14z",2026-04-29T04:59:00.328Z,,,
https://www.google.com/maps/place/T%26K+Tree/data=!4m7!3m6!1s0x88e72f3ecb2369b1:0xdf6ec9fc083167bd!8m2!3d29.029754!4d-80.955114!16s%2Fg%2F1v4ptt_k!19sChIJsWkjyz4v54gRvWcxCPzJbt8,T&K Tree,4.6,145,Tree service,,,https://tktreeservice.net/,+1 386-405-4923,Open 24 hours,,https://lh3.googleusercontent.com/gps-cs-s/APNQkAFVKPC7M6RgAjFxv2n1zW8gybsJS9i7vlQvInyEO28lVj4wEtdoh5mF8G5YQUVbukuAk9_X1ZVl6ulaFqfaXlN6S4lenks5H6S7mHe15lqDgv4BN6tWE6CDGM_5YbSi-wBVB7kM=w426-h240-k-no,true,Open 24 hours,Open 24 hours,Open 24 hours,Open 24 hours,Open 24 hours,Open 24 hours,Open 24 hours,"https://www.google.com/maps/search/tree+service+businesses+in+New+Smyrna+Beach+Daytona+Beach+FL/@29.0274345,-80.9231601,14z",2026-04-29T04:59:04.702Z,,,
https://www.google.com/maps/place/Coast+to+Coast+Tree+and+Outdoor+Services/data=!4m7!3m6!1s0x88e7256265c179c5:0xa364ef62d61aa60e!8m2!3d28.9689526!4d-81.0737193!16s%2Fg%2F11thb_6lx1!19sChIJxXnBZWIl54gRDqYa1mLvZKM,Coast to Coast Tree and Outdoor Services,4.9,56,Tree service,"682 Rasley Rd, New Smyrna Beach, FL 32168, United States","XW9G+HG New Smyrna Beach, Florida, USA",,+1 386-216-3231,Closed · Opens 8 am,,https://lh3.googleusercontent.com/gps-cs-s/APNQkAGkh2ln1_dUAw7XqQQZYpgD4kTiTMdq4qP_fv6Jc49iXhc22z61BEuyW-kxDe5Qapbp6cu60mi8B_VoMl4w4UDw2Jh_iKzwyyC_7dhqUliloWMTifMq49t2QMIMLZ-hucv8wZBr1w=w408-h544-k-no,true,8 am–5 pm,8 am–5 pm,8 am–5 pm,8 am–5 pm,Closed,8 am–5 pm,8 am–5 pm,"https://www.google.com/maps/search/tree+service+businesses+in+New+Smyrna+Beach+Daytona+Beach+FL/@29.0274345,-80.9231601,14z",2026-04-29T04:59:09.245Z,,,
https://www.google.com/maps/place/East+Coast+Lawn+and+Landscaping/data=!4m7!3m6!1s0x88e727c92ea665f5:0xaffe2d2e82ccedcc!8m2!3d29.0299404!4d-80.961275!16s%2Fg%2F11fvgktp9m!19sChIJ9WWmLskn54gRzO3Mgi4t_q8,East Coast Lawn and Landscaping,4.6,67,Landscaper,"743 Williams Rd, New Smyrna Beach, FL 32168, United States","22HQ+XF New Smyrna Beach, Florida, USA",https://eastcoastlandscapeservices.com/,+1 386-523-6754,Closed · Opens 8 am,,https://lh3.googleusercontent.com/gps-cs-s/APNQkAFpGFe3ChzX1aB8Lxd9OJIinVo_B13823Rj7FLEGNzk3lOiV7idrNjlUqLDaf7fXFBMsrrfRPX1L3XkMYg2_jow47COuI3pH1UESuTns_O9Q98OMxAnV6S_fTSTJZPmFZ6GVbwacpWzq3If=w408-h306-k-no,true,8 am–5 pm,8 am–5 pm,8 am–5 pm,Closed,Closed,8 am–5 pm,8 am–5 pm,"https://www.google.com/maps/search/tree+service+businesses+in+New+Smyrna+Beach+Daytona+Beach+FL/@29.0274345,-80.9231601,14z",2026-04-29T04:59:13.668Z,,,
https://www.google.com/maps/place/NSB+Tree+Service/data=!4m7!3m6!1s0x88e7293a7cd01a8b:0xb5196de4383f901f!8m2!3d29.030354!4d-80.9288549!16s%2Fg%2F11y2r6qkp5!19sChIJixrQfDop54gRH5A_OORtGbU,NSB Tree Service,,,Tree service,"536 N Dixie Fwy, New Smyrna Beach, FL 32168, United States","23JC+4F New Smyrna Beach, Florida, USA",https://nsbtreeservice.com/about-us/,+1 386-314-1952,,,https://streetviewpixels-pa.googleapis.com/v1/thumbnail?panoid=rbQt0iZqW1MF3q7D9ryRUg&cb_client=search.gws-prod.gps&w=408&h=240&yaw=263.97916&pitch=0&thumbfov=100,false,,,,,,,,"https://www.google.com/maps/search/tree+service+businesses+in+New+Smyrna+Beach+Daytona+Beach+FL/@29.0274345,-80.9231601,14z",2026-04-29T04:59:15.925Z,,,
https://www.google.com/maps/place/Sampson+and+sons+Lawn+care+and+tree+work/data=!4m7!3m6!1s0x88e72f6a8bd72eaf:0x47510f4e22677456!8m2!3d29.0262723!4d-80.9321752!16s%2Fg%2F11jqxys6pz!19sChIJry7Xi2ov54gRVnRnIk4PUUc,Sampson and sons Lawn care and tree work,3.7,3,Lawn care service,"548 Mary avenue cjsampson1972@gmail.com, New Smyrna Beach, FL 32168, United States","23G9+G4 New Smyrna Beach, Florida, USA",,+1 386-957-2080,Closed · Opens 9 am,,https://lh3.googleusercontent.com/gps-cs-s/APNQkAGwy5YMxipzRVx8s9RFVrvVtcqn9B4xmlmECNR7SpUlqR8pNboxDnX4jU-w4guuGSA4DDc8FPwq0J01ICyMi5EdHJpxTCNTL9V31615sPvQhWGhhTknJOx4-KkeAmrH3-M9Y2nhkA=w408-h544-k-no,true,9 am–5 pm,9 am–5 pm,9 am–5 pm,Closed,Closed,9 am–5 pm,9 am–5 pm,"https://www.google.com/maps/search/tree+service+businesses+in+New+Smyrna+Beach+Daytona+Beach+FL/@29.0274345,-80.9231601,14z",2026-04-29T04:59:20.600Z,,,
https://www.google.com/maps/place/Coastal+Cheetah+Property+Services/data=!4m7!3m6!1s0x616fb28b34fcd0b5:0x75587282a3b88a4c!8m2!3d29.0225621!4d-81.172182!16s%2Fg%2F11ypnctpy4!19sChIJtdD8NIuyb2ERTIq4o4JyWHU,Coastal Cheetah Property Services,5.0,11,Landscaper,,,https://www.coastalcheetahpropertyservices.com/,+1 510-896-5568,Closed · Opens 6 am,,https://lh3.googleusercontent.com/gps-cs-s/APNQkAH_lEIE_q53oxnrdqa2ZvZWoJ4g2jsRCBE5K15O_rXbYk7ZVIiCD7hB0sf1Bep0AEjJUviOiqXfVu0tsGBUTw2OQivftOSfVHRE3DUf5kxcZXrwqKb27CU-Bt6qMAs8LaEp8p0op_5kff4A=w408-h544-k-no,true,6 am–7 pm,6 am–7 pm,6 am–7 pm,6 am–7 pm,6 am–7 pm,6 am–7 pm,6 am–7 pm,"https://www.google.com/maps/search/tree+service+businesses+in+New+Smyrna+Beach+Daytona+Beach+FL/@29.0274345,-80.9231601,14z",2026-04-29T04:59:24.760Z,,,
https://www.google.com/maps/place/Shore+Side+Landscaping+LLC/data=!4m7!3m6!1s0x48572ee84c3270d5:0x6b6a215d0c0359c8!8m2!3d29.0154818!4d-80.9510303!16s%2Fg%2F11zkv4x93y!19sChIJ1XAyTOguV0gRyFkDDF0hams,Shore Side Landscaping LLC,5.0,4,Landscaper,"132 Ellison Ave, New Smyrna Beach, FL 32168, United States","228X+5H New Smyrna Beach, Florida, USA",https://www.shoresidelandscaping.com/,+1 386-872-8889,"Closed · Opens 8 am

Confirmed by this business 2 weeks ago",,https://lh3.googleusercontent.com/gps-cs-s/APNQkAEIbsZj0x0sy8oGF3I3GF0tL2F9L0GL7iH39wDlj2UOMzvJnXIunZLoc14dckmQrYoFLh-6xD46zWQctWNeXniQvVb4zeW4_NfAXypRYUu4glLNtjRqqL4QLUvIpClvLVcuCEjgAfg-YXXK=w426-h240-k-no,true,8 am–6 pm,8 am–6 pm,8 am–6 pm,8 am–6 pm,8 am–6 pm,8 am–6 pm,8 am–6 pm,"https://www.google.com/maps/search/tree+service+businesses+in+New+Smyrna+Beach+Daytona+Beach+FL/@29.0274345,-80.9231601,14z",2026-04-29T04:59:29.147Z,,,
https://www.google.com/maps/place/Rakes+Tree+%26+excavation+Service/data=!4m7!3m6!1s0x88e728b19be3044f:0x2184a0e58ac43e07!8m2!3d29.0276869!4d-80.9735915!16s%2Fg%2F1tvr_jv9!19sChIJTwTjm7Eo54gRBz7EiuWghCE,Rakes Tree & excavation Service,5.0,3,Excavating contractor,"2549 Pioneer Trail, New Smyrna Beach, FL 32168, United States","22HG+3H New Smyrna Beach, Florida, USA",,+1 386-235-5594,Closed · Opens 7:30 am,,https://lh3.googleusercontent.com/gps-cs-s/APNQkAGTu5OOYHl0qR3eVydeOTXvG5Rho2UBwf7oOPAY7TaQa3w__DPQ6s2nVp6tZLaB7Sov1Y9be2si7PMSnT4beJDXCvPlt0Zg9FgiCQWupvNYoNALpTnwvLsUioVU-X0Mg-HxkqK8uA=w426-h240-k-no,true,7:30 am–7 pm,7:30 am–7 pm,7:30 am–7 pm,7:30 am–7 pm,7:30 am–7 pm,7:30 am–7 pm,7:30 am–7 pm,"https://www.google.com/maps/search/tree+service+businesses+in+New+Smyrna+Beach+Daytona+Beach+FL/@29.0274345,-80.9231601,14z",2026-04-29T04:59:33.511Z,,,
https://www.google.com/maps/place/Massey+Services+GreenUP+Lawn+Care+Service/data=!4m7!3m6!1s0x88e72f2a3b73f4f1:0xdb70e43950759451!8m2!3d29.0143099!4d-80.9446811!16s%2Fg%2F11cmd2fbxp!19sChIJ8fRzOyov54gRUZR1UDnkcNs,Massey Services GreenUP Lawn Care Service,4.3,34,Lawn care service,"1869 State Rd 44, New Smyrna Beach, FL 32168, United States","2374+P4 New Smyrna Beach, Florida, USA",https://www.masseyservices.com/service-location/new-smyrna-beach-lawn-care/?utm_source=googlemybusiness&utm_medium=search&utm_campaign=NewSmyrna79&utm_content=masseylocalsearch,+1 386-663-1057,Closed · Opens 7 am,,https://lh3.googleusercontent.com/gps-cs-s/APNQkAHnTjixD_52jcue8fBLK9YWl0nc4IikoirKtiu3UTO2FXhDsgMOLGMOiXq80e6Qi3uqaOAmf9nVDA0tEhRQOBlctDLQaGjhOzpssT6Zt2WUZpRATVhglHyUB3-CFyqmjFIK73VAmw=w426-h240-k-no,true,7 am–8 pm,7 am–8 pm,7 am–8 pm,8 am–2 pm,Closed,7 am–8 pm,7 am–8 pm,"https://www.google.com/maps/search/tree+service+businesses+in+New+Smyrna+Beach+Daytona+Beach+FL/@29.0274345,-80.9231601,14z",2026-04-29T04:59:38.107Z,,,
https://www.google.com/maps/place/Apex+Exterior+Services/data=!4m7!3m6!1s0x88e72916cfc31723:0x11d353e99fcef600!8m2!3d29.0272022!4d-80.8953351!16s%2Fg%2F11y_21c2z8!19sChIJIxfDzxYp54gRAPbOn-lT0xE,Apex Exterior Services,,,Pressure washing service,"1331 Saxon Dr #181, New Smyrna Beach, FL 32169, United States","24G3+VV New Smyrna Beach, Florida, USA",https://www.apexexteriorfl.com/,+1 386-690-1087,"Closed · Opens 7 am

Updated by this business 9 weeks ago",,https://lh3.googleusercontent.com/gps-cs-s/APNQkAH0MacBJeyU0GVlsIyZR3MaZt9zIt1g-QQBHcl-6_CWzePOlgwIx54ubQbc9DwyDWEqIW_53awYctjkfAyPnNaav3cymkl3Nixfyp8gcHI-ju3rmkVi_hSDu0iEYrOCj1PN18JnUW-Qlzk=w408-h408-k-no,true,7 am–7 pm,7 am–7 pm,7 am–7 pm,7 am–7 pm,7 am–7 pm,7 am–7 pm,7 am–7 pm,"https://www.google.com/maps/search/tree+service+businesses+in+New+Smyrna+Beach+Daytona+Beach+FL/@29.0274345,-80.9231601,14z",2026-04-29T04:59:42.876Z,,,
https://www.google.com/maps/place/Sun+Splash+Nursery+of+New+Smyrna+Beach/data=!4m7!3m6!1s0x88e72ed195fce8d1:0xa63a25b055135442!8m2!3d29.0115819!4d-80.933571!16s%2Fg%2F1tfntv46!19sChIJ0ej8ldEu54gRQlQTVbAlOqY,Sun Splash Nursery of New Smyrna Beach,4.8,40,Garden center,"617 Ingham Rd, New Smyrna Beach, FL 32168, United States","2368+JH New Smyrna Beach, Florida, USA",http://www.sunsplashnursery.com/,+1 386-690-1618,Closed · Opens 7:30 am,,https://lh3.googleusercontent.com/gps-cs-s/APNQkAE5NjYZyriXWGSK4yEQC1msV2aZ2fXkXEcP2yRAtZi4QGoLaBemmAdNzNK90u7YbWwChMVD7s9-y6wP-EIYOSUhUybEeejIl8P-sWSbzLgSHw7JMgVYg5clBKe9esf0D1WsiGaSYA=w425-h240-k-no,true,7:30 am–3:30 pm,7:30 am–3:30 pm,7:30 am–3:30 pm,7:30 am–12 pm,Closed,7:30 am–3:30 pm,7:30 am–3:30 pm,"https://www.google.com/maps/search/tree+service+businesses+in+New+Smyrna+Beach+Daytona+Beach+FL/@29.0274345,-80.9231601,14z",2026-04-29T04:59:47.388Z,· In-store shopping · Delivery,,
https://www.google.com/maps/place/United+Disposal+Solutions/data=!4m7!3m6!1s0x644bcba46496f769:0x38795434d82d0740!8m2!3d29.0095655!4d-81.172182!16s%2Fg%2F11rqxvyzsy!19sChIJafeWZKTLS2QRQAct2DRUeTg,United Disposal Solutions,5.0,109,Waste management service,,,https://uds.com/services/roll-off-dumpsters/,+1 386-610-2320,Closed · Opens 8 am,,https://lh3.googleusercontent.com/gps-cs-s/APNQkAFsTRpqzUBMHQgK5hQXvEnGVs8rS0t0GYU8zeJ3Tfh-qdMP5PYp8-Ir8Q95kyEZDFd28EU9zIFbzXNNsq92yYahH-Gzo8xY9sozfyNEh9wHyi3yPt9XK1r_bJkNpg3iJp124pL-KU4Qc-OT=w408-h305-k-no,true,8 am–6 pm,8 am–6 pm,8 am–6 pm,Closed,Closed,8 am–6 pm,8 am–6 pm,"https://www.google.com/maps/search/tree+service+businesses+in+New+Smyrna+Beach+Daytona+Beach+FL/@29.0274345,-80.9231601,14z",2026-04-29T04:59:51.703Z,,,
https://www.google.com/maps/place/Lindley%27s+Garden+Center/data=!4m7!3m6!1s0x88e72ed34afcf511:0x6462e513951dec63!8m2!3d29.0184149!4d-80.9361121!16s%2Fg%2F1td6h96f!19sChIJEfX8StMu54gRY-wdlRPlYmQ,Lindley's Garden Center,4.8,252,Garden center,"1232 Canal St, New Smyrna Beach, FL 32168, United States","2397+9H New Smyrna Beach, Florida, USA",https://www.lindleysgardencenter.com/,+1 386-428-7298,Closed · Opens 9 am,Identifies as women-owned,https://lh3.googleusercontent.com/gps-cs-s/APNQkAHwD2ID0Yr4PaR9t_wqcmTg0LBgztn1biYs2qtiUW593eA7UYvzhfXYgizQ3oleWVUCybtMexRrT8L4DAxOcvnDBJO-Oh0_7JNJw-iEPQ35GNYr6HZs3cW9sdPc1mwWbWZdnFM2jgqJ8Dg=w408-h544-k-no,true,9 am–5 pm,9 am–5 pm,9 am–5 pm,9 am–5 pm,11 am–4 pm,Closed,9 am–5 pm,"https://www.google.com/maps/search/tree+service+businesses+in+New+Smyrna+Beach+Daytona+Beach+FL/@29.0274345,-80.9231601,14z",2026-04-29T04:59:56.128Z,· Kerbside pickup · Delivery,,
"https://www.google.com/maps/place/Tree+Service,+Land+Clearing+and+Site+Property+Maintenance/data=!4m7!3m6!1s0x88e729c2416dd573:0x6433a55b0541dfd0!8m2!3d29.0655778!4d-80.9464826!16s%2Fg%2F11smbmxk28!19sChIJc9VtQcIp54gR0N9BBVulM2Q","Tree Service, Land Clearing and Site Property Maintenance",,,Tree service,"2520 N Dixie Fwy, New Smyrna Beach, FL 32168, United States","3383+6C New Smyrna Beach, Florida, USA",,+1 386-693-6924,,,https://streetviewpixels-pa.googleapis.com/v1/thumbnail?panoid=V0M3Exnic0DOu-ci3kiMAQ&cb_client=search.gws-prod.gps&w=408&h=240&yaw=259.78006&pitch=0&thumbfov=100,false,,,,,,,,"https://www.google.com/maps/search/tree+service+businesses+in+New+Smyrna+Beach+Daytona+Beach+FL/@29.0274345,-80.9231601,14z",2026-04-29T04:59:58.536Z,,,
"https://www.google.com/maps/place/Rowland+Pest+Management,+Inc./data=!4m7!3m6!1s0x88e729e13078949b:0xa8c80e4e507a7f5c!8m2!3d29.023837!4d-80.925184!16s%2Fg%2F11qzxknhq1!19sChIJm5R4MOEp54gRXH96UE4OyKg","Rowland Pest Management, Inc.",4.9,944,Pest control service,"434 Canal St, New Smyrna Beach, FL 32168, United States","23FF+GW New Smyrna Beach, Florida, USA",https://www.rowlandpest.com/locations/pest-control-new-smyrna-beach-fl/?utm_source=google&utm_medium=gbp&utm_campaign=website&utm_content=new-smyrna-beach-fl,+1 386-753-3023,Closed · Opens 8 am,,https://lh3.googleusercontent.com/gps-cs-s/APNQkAEt_t2VtKgtle_jcZ0EN9DO-WniKetz9KOx9y6G0ANxxmTcOeVsh6sIWllahw4i5kdt05uVHqFnq2sWxdGKRnyY1OefVUkw6GYO5GuvO7WKMyzWpi05GFljJNtohEqh1droq_p9=w426-h240-k-no,true,8 am–5 pm,8 am–5 pm,8 am–5 pm,9 am–3 pm,Closed,8 am–5 pm,8 am–5 pm,"https://www.google.com/maps/search/tree+service+businesses+in+New+Smyrna+Beach+Daytona+Beach+FL/@29.0274345,-80.9231601,14z",2026-04-29T05:00:03.134Z,,,
https://www.google.com/maps/place/A+Beach+Lawn+Care/data=!4m7!3m6!1s0x88e728b377ecd05f:0xe0ab5d5ec2b883c5!8m2!3d29.0239215!4d-80.9712588!16s%2Fg%2F1tg5cy81!19sChIJX9Dsd7Mo54gRxYO4wl5dq-A,A Beach Lawn Care,4.5,24,Lawn care service,"464 Bridget St, New Smyrna Beach, FL 32168, United States","22FH+HF New Smyrna Beach, Florida, USA",http://abeachlawncare.com/,+1 386-416-8744,Closed · Opens 9 am,,https://lh3.googleusercontent.com/gps-cs-s/APNQkAGbMwR5qC8fNVq-uh6sY1xjoX30LF5lnV79XDuTzDwQ5-RIZUKu-IDk9gOquqRIuuI-8XdtlPawHCHSfIoytHFVv080vCgwnHj05XjQXOOGVHmFg29Rk4coBYuOzdZnMVynFlo=w485-h240-k-no,true,9 am–5 pm,9 am–5 pm,9 am–5 pm,9 am–5 pm,9 am–5 pm,9 am–5 pm,9 am–5 pm,"https://www.google.com/maps/search/tree+service+businesses+in+New+Smyrna+Beach+Daytona+Beach+FL/@29.0274345,-80.9231601,14z",2026-04-29T05:00:07.738Z,,,
https://www.google.com/maps/place/Exotic+Designs+Landscaping/data=!4m7!3m6!1s0x2667ec2e8fb7c44f:0xb10c19553cecb61e!8m2!3d28.9999765!4d-81.172182!16s%2Fg%2F11qgc8scsb!19sChIJT8S3jy7sZyYRHrbsPFUZDLE,Exotic Designs Landscaping,4.9,29,Landscape designer,,,https://exoticdesignslandscaping.com/,+1 386-898-0445,Closed · Opens 7:30 am,Identifies as women-owned,https://lh3.googleusercontent.com/gps-cs-s/APNQkAHu3ZfutnRxQsvTzfWIn8pvBBhUTLqeV5V-F_IHhBLuYcctgyx3TePouFwf0xHz3PdZuT6bOtoL8ZXlZ6dIAf1-RDbmBW5XgnHQfA4kerjVRxQE1Ryg7GEMIgqCq3xkCUA2kT7T=w408-h306-k-no,true,7:30 am–6 pm,7:30 am–6 pm,7:30 am–6 pm,8 am–1 pm,Closed,7:30 am–6 pm,7:30 am–6 pm,"https://www.google.com/maps/search/tree+service+businesses+in+New+Smyrna+Beach+Daytona+Beach+FL/@29.0274345,-80.9231601,14z",2026-04-29T05:00:12.153Z,,,
https://www.google.com/maps/place/Arbor+Enthusiasts/data=!4m7!3m6!1s0x63f258677d57b7c5:0xa378f90ac2593efe!8m2!3d28.9461967!4d-81.1012253!16s%2Fg%2F11t9wtlf8g!19sChIJxbdXfWdY8mMR_j5Zwgr5eKM,Arbor Enthusiasts,5.0,17,Tree service,"1050 State Rte 415, New Smyrna Beach, FL 32168, United States","WVWX+FG New Smyrna Beach, Florida, USA",https://www.facebook.com/ArborEnthusiasts/,+1 407-416-4696,Open 24 hours,,https://lh3.googleusercontent.com/gps-cs-s/APNQkAG1fN46iFjEv9TtRU12IXT2Se0ZyEPakP9n54vgk6o2pIzgVcU6CnE5jplrWXOts29DDbr_wyyrayRym4s6tfoWT7BciulrOzjEMg2pmbVf7JGUhtd_iaXBm683Jc7bszMKoTpsdg=w408-h306-k-no,true,Open 24 hours,Open 24 hours,Open 24 hours,Open 24 hours,Closed,Open 24 hours,Open 24 hours,"https://www.google.com/maps/search/tree+service+businesses+in+New+Smyrna+Beach+Daytona+Beach+FL/@29.0274345,-80.9231601,14z",2026-04-29T05:00:16.465Z,,,
https://www.google.com/maps/place/Blue+Turtle+Landscaping/data=!4m7!3m6!1s0x88e728949aae0d15:0xa1dc1d5bdba0c3bc!8m2!3d29.0490734!4d-80.9669509!16s%2Fg%2F11c1wrmw81!19sChIJFQ2umpQo54gRvMOg21sd3KE,Blue Turtle Landscaping,3.3,7,Landscaper,"1350 Jane Lacy Ln, New Smyrna Beach, FL 32168, United States","22XM+J6 New Smyrna Beach, Florida, USA",http://www.blueturtlelandscaping.com/,+1 386-804-6534,Closed · Opens 8 am,,https://lh3.googleusercontent.com/gps-cs-s/APNQkAHzxwB_epaMDWJlfMOI3bRFe9xZ4aKcM-ct_UlgjJc80AGHHh2cQsvlupsdVPWyizQmSALRsKGwMTVYbp0f-1fXbVLdFd6M2DUygJKPhNLr7qwRVSKsHNst5LohJcW_g9PONrro=w408-h306-k-no,true,8 am–4 pm,8 am–4 pm,8 am–4 pm,Closed,Closed,8 am–4 pm,8 am–4 pm,"https://www.google.com/maps/search/tree+service+businesses+in+New+Smyrna+Beach+Daytona+Beach+FL/@29.0274345,-80.9231601,14z",2026-04-29T05:00:20.713Z,,,
https://www.google.com/maps/place/Marine+Discovery+Center/data=!4m7!3m6!1s0x88e72946f0da5a65:0x82aa8633ac3bb61e!8m2!3d29.036129!4d-80.918038!16s%2Fg%2F1tltn5sf!19sChIJZVra8EYp54gRHrY7rDOGqoI,Marine Discovery Center,4.8,289,Tourist attraction,"520 Barracuda Blvd, New Smyrna Beach, FL 32169, United States","23PJ+FQ New Smyrna Beach, Florida, USA",http://www.marinediscoverycenter.org/,+1 386-428-4828,Closed · Opens 9 am,LGBTQ+ friendly,https://lh3.googleusercontent.com/gps-cs-s/APNQkAG7KG8ougPEq8YzUJGtPvlAR2iGMD-rHABAEPcZUzqAxblfA2tyTMT97W_JqWoIvvE2TR2f0wn2CFqlfoBPhE5Zwgt816MX0e1hatBCFmN0gj4x3ivwf2gfMJdtbpu9bLfZIVt5=w408-h272-k-no,true,9 am–5 pm,9 am–5 pm,9 am–5 pm,9:30 am–2:30 pm,9:30 am–2:30 pm,9 am–5 pm,9 am–5 pm,"https://www.google.com/maps/search/tree+service+businesses+in+New+Smyrna+Beach+Daytona+Beach+FL/@29.0274345,-80.9231601,14z",2026-04-29T05:00:25.553Z,,,
https://www.google.com/maps/place/New+Smyrna+Beach+Ace+Hardware/data=!4m7!3m6!1s0x88e729003304f395:0x609c655240bce314!8m2!3d29.0305038!4d-80.9291268!16s%2Fg%2F11ycf21d47!19sChIJlfMEMwAp54gRFOO8QFJlnGA,New Smyrna Beach Ace Hardware,4.8,57,Hardware store,"540 N Dixie Fwy, New Smyrna Beach, FL 32168, United States","23JC+68 New Smyrna Beach, Florida, USA",http://www.acehardware.com/store-details/18923?utm_source=google&utm_medium=local&utm_campaign=localmaps&utm_content=18923,+1 386-410-2055,"Closed · Opens 7 am

Confirmed by this business 10 weeks ago",,https://lh3.googleusercontent.com/gps-cs-s/APNQkAEDhy4iDmMjpbDfm-TuM7uLQsA3WW7rQLbv1xZ11iLhwCAJ7OWJDL8kmakh02fOnqGx5Q9Ug8GCwW6llx5qzw5YPq3X8gkts4K-deJLpPLowtb1ef4CKG2aG8Ekw1pRvsY2Gm10_9RG2BLS=w408-h306-k-no,true,7 am–7 pm,7 am–7 pm,7 am–7 pm,7 am–7 pm,9 am–6 pm,7 am–7 pm,7 am–7 pm,"https://www.google.com/maps/search/tree+service+businesses+in+New+Smyrna+Beach+Daytona+Beach+FL/@29.0274345,-80.9231601,14z",2026-04-29T05:00:30.136Z,· In-store shopping · Kerbside pickup · Delivery,,
https://www.google.com/maps/place/Edgewater+Yard+Shop/data=!4m7!3m6!1s0x88e72ebb61f2016d:0x4bec185f079f470a!8m2!3d28.9996058!4d-80.9113067!16s%2Fg%2F1tgfxfxx!19sChIJbQHyYbsu54gRCkefB18Y7Es,Edgewater Yard Shop,4.9,150,Landscaping supply store,"401 N Ridgewood Ave, Edgewater, FL 32132, United States","X3XQ+RF Edgewater, Florida, USA",http://edgewateryardshop.com/,+1 386-427-7383,Closed · Opens 8 am,,https://lh3.googleusercontent.com/gps-cs-s/APNQkAFIYWJxQsPVqjVBs6zkPfuy1zetWpaiSFAhZeTo9-ppUh_WPH9LgElh0VxI3-NyzLXQ9JLlSKh8Xs01RV6Q5a4-FXnsgEU_CVgGVl_OAKTqJczghrl1h74mRQj-ySpiu_omCAg=w408-h306-k-no,false,8 am–5 pm,8 am–5 pm,8 am–5 pm,8 am–12 pm,Closed,8 am–5 pm,8 am–5 pm,"https://www.google.com/maps/search/tree+service+businesses+in+New+Smyrna+Beach+Daytona+Beach+FL/@29.0274345,-80.9231601,14z",2026-04-29T05:00:34.469Z,· In-store pick-up · Delivery,,
https://www.google.com/maps/place/Seaside+Landscaping+and+Lawn+Care/data=!4m7!3m6!1s0x201c94677065ccd7:0x8594fe88a7bb4a3f!8m2!3d28.985603!4d-80.9581148!16s%2Fg%2F11s7bg5jdw!19sChIJ18xlcGeUHCARP0q7p4j-lIU,Seaside Landscaping and Lawn Care,4.3,6,Landscaper,"2293 S Glencoe Rd, New Smyrna Beach, FL 32168, United States","X2PR+6Q New Smyrna Beach, Florida, USA",https://www.facebook.com/SeasideLandscapingandLawnCare/,+1 386-214-0112,Closed · Opens 7 am,,https://lh3.googleusercontent.com/gps-cs-s/APNQkAFKRftfmWUi8rAWyqNXbRTFwqxXQMPi9g-1MaAqCwcp9gnffB9raVi6AtWQlPuQOinQLmMZJGNNWgbTa5EMm7-eFfQe6WH2ugleiPHWusQkM449tMQE6uUt7ajiTC07EsgqIp4l=w408-h306-k-no,true,7 am–6 pm,7 am–6 pm,7 am–6 pm,7 am–6 pm,7 am–6 pm,7 am–6 pm,7 am–6 pm,"https://www.google.com/maps/search/tree+service+businesses+in+New+Smyrna+Beach+Daytona+Beach+FL/@29.0274345,-80.9231601,14z",2026-04-29T05:00:38.946Z,,,
https://www.google.com/maps/place/Terra-Scape+Enterprises/data=!4m7!3m6!1s0x88e72e95594de8b5:0x444166bf931da447!8m2!3d28.9898022!4d-80.919536!16s%2Fg%2F11c3k6fjzb!19sChIJtehNWZUu54gRR6Qdk79mQUQ,Terra-Scape Enterprises,4.7,11,Landscape designer,"309 Base Leg Dr, Edgewater, FL 32132, United States","X3QJ+W5 Edgewater, Florida, USA",https://terra-scape.net/,+1 386-465-4745,"Closed · Opens 8 am

Confirmed by this business 10 weeks ago",,https://lh3.googleusercontent.com/gps-cs-s/APNQkAFqKITip9trZCYNTIZf-oPj1vQVyLMCasbSNzGFDKXk0mOJc4RVDIZ1S89nEGIQowAK8jYWFCgclbgbnigXjElxYtArAf_5k8fcdhA3viTWYnmc57FjWqy9zTGhFjRzJiR7zKaGZe_oNla_=w408-h306-k-no,true,8 am–5 pm,8 am–5 pm,8 am–5 pm,Closed,Closed,8 am–5 pm,8 am–5 pm,"https://www.google.com/maps/search/tree+service+businesses+in+New+Smyrna+Beach+Daytona+Beach+FL/@29.0274345,-80.9231601,14z",2026-04-29T05:00:43.206Z,,,
https://www.google.com/maps/place/2+Guys+%26+A+Truck/data=!4m7!3m6!1s0x88e72fd019b2c8c1:0xd33e85361fe8d71b!8m2!3d27.698638!4d-83.804601!16s%2Fg%2F1tf7hh85!19sChIJwciyGdAv54gRG9foHzaFPtM,2 Guys & A Truck,4.7,15,Moving service,,,http://2guysandatruckrac.com/,+1 386-689-5054,Closed · Opens 9 am,,https://lh3.googleusercontent.com/gps-cs-s/APNQkAE0KW80qaxzOvyAf0z1aWLBdBmDe80B4kiBbCJzPGymYubjowRXec_QUKHRR9UcvY3ptFfCXMMfhW1mCfe7OJH9fcbxJtfJKGaYSuTL70-yHhx00NRe-ZBA4t0ThpmBA2cI4uVW7g=w426-h240-k-no,true,9 am–5 pm,9 am–5 pm,9 am–5 pm,9 am–5 pm,Closed,9 am–5 pm,9 am–5 pm,"https://www.google.com/maps/search/tree+service+businesses+in+New+Smyrna+Beach+Daytona+Beach+FL/@29.0274345,-80.9231601,14z",2026-04-29T05:00:47.891Z,,,
https://www.google.com/maps/place/Pink+Flamingo+at+Petals/data=!4m7!3m6!1s0x88e729364291a5cb:0xb9cf56d736a69a16!8m2!3d29.0251026!4d-80.9229832!16s%2Fg%2F1tgdpcpz!19sChIJy6WRQjYp54gRFpqmNtdWz7k,Pink Flamingo at Petals,4.9,607,Florist,"201 Canal St, New Smyrna Beach, FL 32168, United States","23GG+2R New Smyrna Beach, Florida, USA",http://www.pinkflamingoatpetals.com/,+1 386-423-5927,Closed · Opens 9 am,Identifies as women-owned,https://lh3.googleusercontent.com/gps-cs-s/APNQkAFd4xDbFTnrDbJ_Oecng6GzkPg3cNqsqb2nddap6e9DL2ZdIuIxmAvISm5VXgzUbQI8sPw0IDGMtwNcFAYTlR38VxjOIqZ6iQRPnyHu3Xw5KGDQD_TFAvClYTSEENY0ATTR6US_=w408-h544-k-no,true,9 am–5:30 pm,9 am–5:30 pm,9 am–5:30 pm,9 am–5:30 pm,Closed,9 am–5:30 pm,9 am–5:30 pm,"https://www.google.com/maps/search/tree+service+businesses+in+New+Smyrna+Beach+Daytona+Beach+FL/@29.0274345,-80.9231601,14z",2026-04-29T05:00:52.275Z,· In-store shopping · In-store pick-up · Delivery,,
https://www.google.com/maps/place/Norwood%27s+Restaurant+%26+Treehouse+Bar/data=!4m7!3m6!1s0x88e729584dfe5559:0xa735b33445460162!8m2!3d29.0293091!4d-80.9015677!16s%2Fg%2F1tgwnh_0!19sChIJWVX-TVgp54gRYgFGRTSzNac,Norwood's Restaurant & Treehouse Bar,4.5,8875,Bar & grill,"400 2nd Ave E, New Smyrna Beach, FL 32169, United States","23HX+P9 New Smyrna Beach, Florida, USA",http://www.norwoods.com/?y_source=1_MTc4NzEyMDAtNzE1LWxvY2F0aW9uLndlYnNpdGU%3D,+1 386-428-4621,,LGBTQ+ friendly,https://lh3.googleusercontent.com/gps-cs-s/APNQkAGIoZZlQIFPgUSv8-ErkE3SvwmW12gBs0F2lE7EwPkcLbNjGxsKqurDxqAXeGT6K-uqOcD589Tq2ci-Y4dhv5uSfBtAL7jO-Gh6dJvxa8z7K5GhFa8QlbMFBib_goRp7CPmzEAHcg=w408-h272-k-no,true,Closed,Closed,Closed,10 am–3 pm,10 am–3 pm,Closed,Closed,"https://www.google.com/maps/search/tree+service+businesses+in+New+Smyrna+Beach+Daytona+Beach+FL/@29.0274345,-80.9231601,14z",2026-04-29T05:00:56.768Z,"Old-school seafood restaurant with a retro feel, an expansive wine menu & a retail shop. · Dine-in · Kerbside pickup",,
https://www.google.com/maps/place/JNC+Pro+Services/data=!4m7!3m6!1s0x71b15f03dbc17d1:0xd073d75c4386fa7!8m2!3d34.7463354!4d-77.6629179!16s%2Fg%2F11wflbng8h!19sChIJ0Re8PfAVGwcRp284xHU9Bw0,JNC Pro Services,5.0,12,Dumpster rental service,,,https://www.facebook.com/profile.php?id=100089358973238&mibextid=LQQJ4d,+1 386-689-3751,Closed · Opens 8 am,,https://lh3.googleusercontent.com/gps-cs-s/APNQkAE-FxNd4t8SYuuc9Za4M2pUB32zoMg9Du9UFGFjvCLFEKNxqOfPX1D5pTAHQgMuhGNrNGHM2otaUifzMY0TF2y3t7lfctB9wA8AOWTOdetBtXYy43uZUoqI3sPjm8PF5qgoSjU=w408-h883-k-no,true,8 am–6 pm,8 am–6 pm,8 am–6 pm,8 am–6 pm,Closed,8 am–6 pm,8 am–6 pm,"https://www.google.com/maps/search/tree+service+businesses+in+New+Smyrna+Beach+Daytona+Beach+FL/@29.0274345,-80.9231601,14z",2026-04-29T05:01:00.925Z,,,
https://www.google.com/maps/place/Tractor+Supply+Co./data=!4m7!3m6!1s0x88e72f7c5d9909f5:0x151d806c814ea178!8m2!3d29.0122068!4d-80.9544372!16s%2Fg%2F11j5s4ygph!19sChIJ9QmZXXwv54gReKFOgWyAHRU,Tractor Supply Co.,4.6,115,Animal feed store,"2112 FL-44, New Smyrna Beach, FL 32168, United States","226W+V6 New Smyrna Beach, Florida, USA",https://www.tractorsupply.com/tsc/store_Newsmyrnabeach-FL-32168_2473,+1 386-428-5173,"Closed · Opens 8 am

Updated by this business 2 weeks ago",,https://lh3.googleusercontent.com/gps-cs-s/APNQkAG3_B5WGEWp2Wy8P-gaveNf6yaVkvU2l5eMbA-gqgOXIBuYyd4TRwfMgFhUne7XRSX6Bk4nhUCyDznewjs_luR-xVe2u2Eh7AsXdgZKQRP18Ox0xTrJJqIkaV9NHDENcMW4v7ys16azV0jc=w408-h306-k-no,true,8 am–9 pm,8 am–9 pm,8 am–9 pm,8 am–9 pm,9 am–7 pm,8 am–9 pm,8 am–9 pm,"https://www.google.com/maps/search/tree+service+businesses+in+New+Smyrna+Beach+Daytona+Beach+FL/@29.0274345,-80.9231601,14z",2026-04-29T05:01:05.512Z,"Chain with a wide variety of agricultural & livestock supplies, plus tools, workwear & boots. · In-store shopping · Kerbside pickup · Delivery",,
https://www.google.com/maps/place/NSB+Homes/data=!4m7!3m6!1s0x88e72c0b8501b043:0x50644b0eec2e7520!8m2!3d29.021874!4d-80.923496!16s%2Fg%2F1xg5thh_!19sChIJQ7ABhQss54gRIHUu7A5LZFA,NSB Homes,4.7,115,Real estate agency,"318 Palmetto St, New Smyrna Beach, FL 32168, United States","23CG+PJ New Smyrna Beach, Florida, USA",http://www.nsbhomes.com/,+1 386-235-8588,Open 24 hours,LGBTQ+ friendly,https://lh3.googleusercontent.com/gps-cs-s/APNQkAES_I-cGN3p6_1G-2x6Z_aUeEdK0cHnsRI4xbNJF6vYgDrR-HJc4hFbsE-RR1qs9knCh3Do9PV9CTS9PDFTiFr-BPaieJBxHB01ecbACmCxHgnAQDk3GLt469v7MQNW3QsAW5bNPWH24eM=w408-h544-k-no,true,Open 24 hours,Open 24 hours,Open 24 hours,Open 24 hours,Open 24 hours,Open 24 hours,Open 24 hours,"https://www.google.com/maps/search/tree+service+businesses+in+New+Smyrna+Beach+Daytona+Beach+FL/@29.0274345,-80.9231601,14z",2026-04-29T05:01:10.176Z,,,
https://www.google.com/maps/place/Blue+Wave+Construction+LLC/data=!4m7!3m6!1s0x88e729417bb017fb:0xf2331c5732385f81!8m2!3d29.0290802!4d-80.8940368!16s%2Fg%2F1tdcsbyy!19sChIJ-xewe0Ep54gRgV84MlccM_I,Blue Wave Construction LLC,5.0,9,General contractor,"806 E 3rd Ave, New Smyrna Beach, FL 32169, United States","24H4+J9 New Smyrna Beach, Florida, USA",https://bluewaveconstructionllc.com/,+1 770-241-5324,Closed · Opens 9 am,,https://lh3.googleusercontent.com/gps-cs-s/APNQkAG-si7OVzk1nrLGcWVd8NOVq-H4EO6s95uPskILVUJ4mXK3_qXJHqAI_gA9FGf_v8dKRlqQkpVfnG4S_L-Nltk5lvfk4QmSJM0sMN2JIjI81Ig97Ojna5mg8xfPJP68aplzHztj=w408-h272-k-no,true,9 am–4 pm,9 am–4 pm,9 am–4 pm,Closed,Closed,9 am–4 pm,9 am–4 pm,"https://www.google.com/maps/search/tree+service+businesses+in+New+Smyrna+Beach+Daytona+Beach+FL/@29.0274345,-80.9231601,14z",2026-04-29T05:01:14.759Z,,,
https://www.google.com/maps/place/Sun+Coast+Roofing+%26+Solar/data=!4m7!3m6!1s0x88e7295503ed08ad:0xdce9c520f372ce45!8m2!3d29.0543736!4d-80.9390221!16s%2Fg%2F11h1_0p24x!19sChIJrQjtA1Up54gRRc5y8yDF6dw,Sun Coast Roofing & Solar,4.5,227,Roofing contractor,"1919 N Dixie Fwy, New Smyrna Beach, FL 32168, United States","3336+P9 New Smyrna Beach, Florida, USA",http://www.suncoastroofing.com/,+1 386-423-0656,Closed · Opens 7 am,Identifies as women-owned,https://lh3.googleusercontent.com/gps-cs-s/APNQkAGlVFrmE5lf1BpBPWH7z5OWb06845u3BWDDnqKaSvVZpTf5SZ8os_Y7fWx0tmeaMPwkL0Us1SW59COUlGzKQdSVKBkuNSdfN8IXDg_IIhD6Bg0vCwVPxVASixUPiHyxkSJjObtu=w426-h240-k-no,true,7 am–5 pm,7 am–5 pm,7 am–5 pm,Closed,Closed,7 am–5 pm,7 am–5 pm,"https://www.google.com/maps/search/tree+service+businesses+in+New+Smyrna+Beach+Daytona+Beach+FL/@29.0274345,-80.9231601,14z",2026-04-29T05:01:19.187Z,,,
https://www.google.com/maps/place/Brannon+Center/data=!4m7!3m6!1s0x88e72949e9f49a15:0x58eb694d99f2419a!8m2!3d29.0253914!4d-80.9201072!16s%2Fg%2F1v2gfl5q!19sChIJFZr06Ukp54gRmkHymU1p61g,Brannon Center,4.7,474,Event venue,"105 S Riverside Dr, New Smyrna Beach, FL 32168, United States","23GH+5X New Smyrna Beach, Florida, USA",https://www.brannoncenter.com/,+1 386-410-2880,Closed · Opens 8 am,,https://lh3.googleusercontent.com/gps-cs-s/APNQkAEtunPUciaI31qz-KqS984070vpJ6CsOG2OzOGzlsvBv6tFlgld-yowZF0JnwLVhfYAdeU-VIYcN0-uLGUHH30bpq6eEb1ZDpOHnjNG-o9hfOU4B4_nSTI_q3HpCU4zpsC1IzWo=w425-h240-k-no,false,8 am–5 pm,8 am–5 pm,8 am–5 pm,8 am–5 pm,Closed,8 am–5 pm,8 am–5 pm,"https://www.google.com/maps/search/tree+service+businesses+in+New+Smyrna+Beach+Daytona+Beach+FL/@29.0274345,-80.9231601,14z",2026-04-29T05:01:23.614Z,,,
https://www.google.com/maps/place/TB+tree+care+llc/data=!4m7!3m6!1s0x88e72f47e3b09179:0x49a3110c92f2b4fd!8m2!3d29.253696!4d-82.550214!16s%2Fg%2F11jgk4zyps!19sChIJeZGw40cv54gR_bTykgwRo0k,TB tree care llc,4.3,31,Tree service,,,,+1 386-402-5199,Open 24 hours,,https://lh3.googleusercontent.com/gps-cs-s/APNQkAFKDpVqOrlzFJbmF5ya8qrR3E1wQKOumfucCd5DshjsCwkKE8emv1FoK4xfGoFVXHG3l2lLwhI9GumRXfYEXB5rZU15xI6N-SF7I7FKVTo4UlfvwHtmp0ylm6kSzb-IQ1bWZSV_=w426-h240-k-no,true,Open 24 hours,Open 24 hours,Open 24 hours,Open 24 hours,Open 24 hours,Open 24 hours,Open 24 hours,"https://www.google.com/maps/search/tree+service+businesses+in+New+Smyrna+Beach+Daytona+Beach+FL/@29.0274345,-80.9231601,14z",2026-04-29T05:01:27.891Z,,,
https://www.google.com/maps/place/Pools+By+Bradley/data=!4m7!3m6!1s0x88e72fcf5f5e473b:0xdfa737063e2131f2!8m2!3d29.0128093!4d-80.9623541!16s%2Fg%2F11g1mj1z0v!19sChIJO0deX88v54gR8jEhPgY3p98,Pools By Bradley,5.0,113,Swimming pool contractor,"151 Wildwood Dr, New Smyrna Beach, FL 32168, United States","227Q+43 New Smyrna Beach, Florida, USA",https://poolsbybradley.com/,+1 386-410-7946,Closed · Opens 8 am,,https://lh3.googleusercontent.com/gps-cs-s/APNQkAEENfQa04zBOO5zaxM76opp0vywLiYzLKGr2Fsx_wjYnDZs3sjmiUczO80oLUBNSX4IztiUWIoLK5EXjbsHxb3-G32Ep4TTMI4jYdl7SUBwKbw6dJ0tzdLZ0rGUdpKAF_-R66Ff=w408-h272-k-no,true,8 am–5 pm,8 am–5 pm,8 am–4 pm,Closed,Closed,8 am–5 pm,8 am–5 pm,"https://www.google.com/maps/search/tree+service+businesses+in+New+Smyrna+Beach+Daytona+Beach+FL/@29.0274345,-80.9231601,14z",2026-04-29T05:01:32.644Z,,,
https://www.google.com/maps/place/Box+Tree+Bookkeeping/data=!4m7!3m6!1s0x656a1962f0449b35:0x997401fa242ca15!8m2!3d29.029754!4d-80.955114!16s%2Fg%2F11xnxf9wnx!19sChIJNZtE8GIZamURFcpCoh9Alwk,Box Tree Bookkeeping,5.0,3,Bookkeeping service,,,https://boxtreebookkeeping.com/,+1 386-314-5243,Closed · Opens 8 am,,https://lh3.googleusercontent.com/gps-cs-s/APNQkAE5iFpq8NA90iEfFclldPwLqHroZ8KMLTH9zmNwIGHV_FbI3pe7zkFewSoMRhOu8AlIawvch0ZffA2VJp3NSSvpeW_wllkfjDUjuNjsTWPMfhWCNeBv-9eIuPr4KRFVXmCjKQqTssC1eOZY=w408-h407-k-no,true,8 am–5 pm,8 am–5 pm,8 am–5 pm,Closed,Closed,8 am–5 pm,8 am–5 pm,"https://www.google.com/maps/search/tree+service+businesses+in+New+Smyrna+Beach+Daytona+Beach+FL/@29.0274345,-80.9231601,14z",2026-04-29T05:01:37.064Z,,,
https://www.google.com/maps/place/Coastal+Dump+Land+Services/data=!4m7!3m6!1s0xab198497a4680821:0xdfa0561e061efa42!8m2!3d29.0225621!4d-81.172182!16s%2Fg%2F11ln61znv9!19sChIJIQhopJeEGasRQvoeBh5WoN8,Coastal Dump Land Services,5.0,5,Earth works company,,,,+1 386-516-3332,Closed · Opens 8 am,Identifies as veteran-owned,https://lh3.googleusercontent.com/gps-cs-s/APNQkAFskv-DrGhMID2dpo2AZbeewoqCEfQxOO4x29OAvmAbhnBeTQAs_WAqUzXpri6laHFgR1aA5_egg8PNnCLf5CGo9-Ym1w1Ewt-Lw54NolJwDU5f1bUxfwqxcupZrTDpMdl_dPOO=w408-h306-k-no,true,8 am–8 pm,8 am–8 pm,8 am–8 pm,8 am–8 pm,8 am–8 pm,8 am–8 pm,8 am–8 pm,"https://www.google.com/maps/search/tree+service+businesses+in+New+Smyrna+Beach+Daytona+Beach+FL/@29.0274345,-80.9231601,14z",2026-04-29T05:01:41.492Z,,,
https://www.google.com/maps/place/Old+Mission+Cove+by+D.R.+Horton/data=!4m7!3m6!1s0x88e72fbabfd4bbb7:0x727f31f5945dfa06!8m2!3d29.0133211!4d-80.9345643!16s%2Fg%2F11m5jpnhvx!19sChIJt7vUv7ov54gRBvpdlPUxf3I,Old Mission Cove by D.R. Horton,5.0,2,Home builder,"508 Coronado Cv Rd, New Smyrna Beach, FL 32168, United States","2378+85 New Smyrna Beach, Florida, USA",https://www.drhorton.com/florida/volusia-county/new-smyrna-beach/old-mission-cove?utm_source=googlemybusiness&utm_medium=organic&utm_content=346-4&utm_campaign=GMB,+1 386-202-1665,"Closed · Opens 7 am

Updated by this business 8 weeks ago",,https://lh3.googleusercontent.com/gps-cs-s/APNQkAGVVzA67DfKH_uuup1FRT8CsbVhbK_YiuuWtk0nhXTKYLD13zMuW1sYcxrP03dgf-QeGtzDN51WLu0a7S7Sb7A4sdbNy9cGLlHTKQPBD8mAOcL8v4ExhY62bgdbaW7eZpinaklR5LaLzRM=w408-h272-k-no,true,7 am–9 pm,7 am–9 pm,7 am–9 pm,7 am–9 pm,7 am–9 pm,7 am–9 pm,7 am–9 pm,"https://www.google.com/maps/search/tree+service+businesses+in+New+Smyrna+Beach+Daytona+Beach+FL/@29.0274345,-80.9231601,14z",2026-04-29T05:01:45.969Z,,,
https://www.google.com/maps/place/Tire+Choice+Auto+Service+Centers/data=!4m7!3m6!1s0x88e72eb6340409fb:0xb582bf3e414155db!8m2!3d29.0077659!4d-80.9180447!16s%2Fg%2F1td142jb!19sChIJ-wkENLYu54gR21VBQT6_grU,Tire Choice Auto Service Centers,4.5,618,Tire shop,"1445 S Dixie Fwy, New Smyrna Beach, FL 32168, United States","235J+4Q New Smyrna Beach, Florida, USA",https://locations.thetirechoice.com/fl/new-smyrna-beach/1445-s-dixie-freeway?&utm_source=google&utm_medium=organic&utm_campaign=gbp-listing-store_1393,+1 386-428-5784,"Closed · Opens 7:30 am

Confirmed by this business 2 weeks ago",,https://lh3.googleusercontent.com/gps-cs-s/APNQkAGbXenuoUWWowqSjqvQJIi8THghF6gFGmztSmkT8R5CIFcOWH41LUqZqcLCDag1PGbyxbutwP4O8I_EKxS_MiVtiYmqWTWv6Hm1y7vhQVN3qPjo_JOktreFw4QeZG0qsYod7nCF=w513-h240-k-no,true,7:30 am–7 pm,7:30 am–7 pm,7:30 am–7 pm,7:30 am–6 pm,9 am–5 pm,7:30 am–7 pm,7:30 am–7 pm,"https://www.google.com/maps/search/tree+service+businesses+in+New+Smyrna+Beach+Daytona+Beach+FL/@29.0274345,-80.9231601,14z",2026-04-29T05:01:50.337Z,· In-store shopping · In-store pick-up,,
"https://www.google.com/maps/place/DOA+TREE+SERVICE,+Inc./data=!4m7!3m6!1s0x88e72e7c5e92f16f:0x4eb5abe8637f0ab9!8m2!3d29.0225621!4d-81.172182!16s%2Fg%2F1260xrnct!19sChIJb_GSXnwu54gRuQp_Y-irtU4","DOA TREE SERVICE, Inc.",5.0,28,Tree service,,,,+1 386-290-1094,Closed · Opens 8 am,,https://lh3.googleusercontent.com/gps-cs-s/APNQkAH9EhZTG8tyk_JiZeGSISGNjgfzfVTBRybfi0YCgTmrzR0Mtxl5Lhsakhp0TPxbJ37SQ_mj3sGFU-ZH0-gbp42-QxgW8MxTnBZzk79vOAq2C7QXyPRqUYQUA6Lv9AJADB7AYbcT4aSuvxag=w408-h371-k-no,true,8 am–5 pm,8 am–5 pm,8 am–5 pm,8 am–5 pm,8 am–5 pm,8 am–5 pm,8 am–5 pm,"https://www.google.com/maps/search/tree+service+businesses+in+New+Smyrna+Beach+Daytona+Beach+FL/@29.0274345,-80.9231601,14z",2026-04-29T05:01:54.989Z,,,
https://www.google.com/maps/place/Callalisa+Park/data=!4m7!3m6!1s0x88e7295997ac94cf:0xdc88192f11b03f19!8m2!3d29.0296606!4d-80.9034038!16s%2Fg%2F1q6jjlh4q!19sChIJz5Ssl1kp54gRGT-wES8ZiNw,Callalisa Park,4.4,238,Park,"598 S Peninsula Ave, New Smyrna Beach, FL 32169, United States","23HW+VJ New Smyrna Beach, Florida, USA",,+1 386-424-2205,Closed · Opens 7 am,,https://lh3.googleusercontent.com/gps-cs-s/APNQkAH-08lWWctXJmKQRxpPJLoqphWNEpCY87P45HxvM3GSk65QJArVECRdmWLQtDRxrVT_OIyVxf6Ovwg7gzPsCOo8gWxDcRgdX1M1Z2QGdMYKIW0W6PLUoBnb6sPg3Z-aJaGiLye4=w408-h306-k-no,false,7 am–8 pm,7 am–8 pm,7 am–8 pm,7 am–8 pm,7 am–8 pm,7 am–8 pm,7 am–8 pm,"https://www.google.com/maps/search/tree+service+businesses+in+New+Smyrna+Beach+Daytona+Beach+FL/@29.0274345,-80.9231601,14z",2026-04-29T05:01:59.557Z,"Creekside park with a launch spot for kayaks, canoes & paddle boards, plus fishing & picnic areas.",,
https://www.google.com/maps/place/White+Whale+Real+Estate/data=!4m7!3m6!1s0x88e72938182fa3f7:0xfff21d80d14200!8m2!3d29.023906!4d-80.9258461!16s%2Fg%2F11fspzgntx!19sChIJ96MvGDgp54gRAELRgB3y_wA,White Whale Real Estate,5.0,157,Real estate agency,"509 Canal St, New Smyrna Beach, FL 32168, United States","23FF+HM New Smyrna Beach, Florida, USA",https://www.whitewhalerealestate.com/,+1 386-333-6580,"Closed · Opens 9 am

Updated by this business 4 weeks ago",,https://lh3.googleusercontent.com/gps-cs-s/APNQkAHktll4wNOIS5VFdngZjSu37UmbUHz4u52lmod2P_pNIQDgdkfadWGuney1o2QdyC2azVrSfkJ7B6n7BIblMhvikwNdMbkBacB8iZtH5IsWjQzxYW6LX0ASFr3HwAPG38W1PqBw=w408-h306-k-no,true,9 am–8 pm,9 am–8 pm,9 am–8 pm,9 am–8 pm,9 am–8 pm,9 am–8 pm,9 am–8 pm,"https://www.google.com/maps/search/tree+service+businesses+in+New+Smyrna+Beach+Daytona+Beach+FL/@29.0274345,-80.9231601,14z",2026-04-29T05:02:03.936Z,,,
https://www.google.com/maps/place/Platinum+Builders/data=!4m7!3m6!1s0x88e726870cc45277:0x77fbb4b2fd69607d!8m2!3d29.0479954!4d-80.9352157!16s%2Fg%2F11c3s95r9q!19sChIJd1LEDIcm54gRfWBp_bK0-3c,Platinum Builders,4.8,26,Home builder,"1311 N Dixie Fwy Unit C, New Smyrna Beach, FL 32168, United States","23X7+5W New Smyrna Beach, Florida, USA",https://www.platinumhomebuilder.com/,+1 386-506-8759,Closed · Opens 9 am,,https://lh3.googleusercontent.com/gps-cs-s/APNQkAFgpQGE-ZEPgFCBNljwcVwD31SLTdXcAInEUd9UWQQKFxs2Nin1BT1uZ21t7T-7B7MZlHiNU1C06u6n6BL3Gy_1oRm0bxgMccCv3-waFDLzMn5UCtFNMQsv7KiAVK9H-fYHJr9Z=w408-h272-k-no,true,9 am–5 pm,9 am–5 pm,9 am–5 pm,Closed,Closed,9 am–5 pm,9 am–5 pm,"https://www.google.com/maps/search/tree+service+businesses+in+New+Smyrna+Beach+Daytona+Beach+FL/@29.0274345,-80.9231601,14z",2026-04-29T05:02:08.364Z,,,
https://www.google.com/maps/place/A.N.E+Landscaping+LLC/data=!4m7!3m6!1s0x87509034377b37fb:0x1a0759d478624b2b!8m2!3d29.0225621!4d-81.172182!16s%2Fg%2F11myv31hbp!19sChIJ-zd7NzSQUIcRK0tieNRZBxo,A.N.E Landscaping LLC,5.0,2,Landscaper,,,https://www.ane-landscaping.com/,+1 386-837-9564,Closed · Opens 7 am,,https://lh3.googleusercontent.com/gps-cs-s/APNQkAHQJzcu_XEsMEcWCyKKQcn-rcZfzOZNdt1HqO-HU0-bWcdq7iBy3axRxB9G-8aJSGYPalcrHdJUG_SFX9i7O8giI79yocKAaDxd9SBDw3L1M94atyAeYQWPLCWHhwiEC8Tp-qS2gk0eXlRw=w408-h272-k-no,true,7 am–5:30 pm,7 am–5:30 pm,7 am–5:30 pm,8 am–1:30 pm,Closed,7 am–5:30 pm,7 am–5:30 pm,"https://www.google.com/maps/search/tree+service+businesses+in+New+Smyrna+Beach+Daytona+Beach+FL/@29.0274345,-80.9231601,14z",2026-04-29T05:02:12.638Z,,,
https://www.google.com/maps/place/Your+Neighborhood+Trees+Llc/data=!4m7!3m6!1s0x841af1e986cec4bd:0xa364c46d7c97f60!8m2!3d29.0095655!4d-81.172182!16s%2Fg%2F11sfp5kx3r!19sChIJvcTOhunxGoQRYH_J10ZMNgo,Your Neighborhood Trees Llc,5.0,2,Tree service,,,,+1 386-314-9580,Open 24 hours,,https://lh3.googleusercontent.com/gps-cs-s/APNQkAGamhZTlTaN_OF5SDKMtHBlm18GNNP1ymIhcDKGnkW9i7i76EiBN9yaQSXQaajrVTz3ENYvKucy7y8XmVrbqoAZMsb_krfK0apTz_DBrZmNrxBL2CmAc7H4m96P6KP5sip0r5_s=w408-h306-k-no,true,Open 24 hours,Open 24 hours,Open 24 hours,Open 24 hours,Open 24 hours,Open 24 hours,Open 24 hours,"https://www.google.com/maps/search/tree+service+businesses+in+New+Smyrna+Beach+Daytona+Beach+FL/@29.0274345,-80.9231601,14z",2026-04-29T05:02:17.160Z,,,
https://www.google.com/maps/place/Behr+Wire+Electric/data=!4m7!3m6!1s0x88e7292596340001:0x78b5bff4f1373de3!8m2!3d29.0314804!4d-80.9354846!16s%2Fg%2F11g0k11g7x!19sChIJAQA0liUp54gR4z038fS_tXg,Behr Wire Electric,5.0,4,Utility contractor,"2 Lynn Ct, New Smyrna Beach, FL 32168, United States","23J7+HR New Smyrna Beach, Florida, USA",,+1 386-416-9038,,,https://streetviewpixels-pa.googleapis.com/v1/thumbnail?panoid=c94Kkendw2umO8Bu9Ah-XQ&cb_client=search.gws-prod.gps&w=408&h=240&yaw=88.44269&pitch=0&thumbfov=100,false,,,,,,,,"https://www.google.com/maps/search/tree+service+businesses+in+New+Smyrna+Beach+Daytona+Beach+FL/@29.0274345,-80.9231601,14z",2026-04-29T05:02:19.361Z,,,
https://www.google.com/maps/place/Garden+Center+at+The+Home+Depot/data=!4m7!3m6!1s0x88e72f4a0eb79723:0x70f8b94139b58569!8m2!3d29.0158008!4d-80.9654386!16s%2Fg%2F11c5_wctjn!19sChIJI5e3Dkov54gRaYW1OUG5-HA,Garden Center at The Home Depot,4.8,43,Garden center,"2359 FL-44, New Smyrna Beach, FL 32168, United States","228M+8R New Smyrna Beach, Florida, USA",https://www.homedepot.com/l/New-Smyrna-Beach/FL/New-Smyrna-Beach/32168/6936/garden-center?emt=GCGoogleMaps,+1 386-423-0394,"Closed · Opens 6 am

Confirmed by this business 2 weeks ago",,https://lh3.googleusercontent.com/gps-cs-s/APNQkAEp_YfX6pS-y1EqLwCVGjsLVoIpw6_GI1TYtAd-m4IOsfkVa92zyE8E_MW-Az-ZL9LJATQjoKCwvWNR-P6rQqes26Ootsb8nTUeY22mj3kt2DkTq9tCGzBvEZ66wFGb9iZMA28Dad53VeIi=w412-h240-k-no,true,6 am–10 pm,6 am–10 pm,6 am–10 pm,6 am–10 pm,8 am–8 pm,6 am–10 pm,6 am–10 pm,"https://www.google.com/maps/search/tree+service+businesses+in+New+Smyrna+Beach+Daytona+Beach+FL/@29.0274345,-80.9231601,14z",2026-04-29T05:02:24.206Z,· Kerbside pickup · Delivery,,
https://www.google.com/maps/place/Great+Ocean+Condos+and+Homes/data=!4m7!3m6!1s0x88e72d0530e04d27:0x93f8ec08e373b2ad!8m2!3d29.0479954!4d-80.9352157!16s%2Fg%2F1trqj0tb!19sChIJJ03gMAUt54gRrbJz4wjs-JM,Great Ocean Condos and Homes,4.5,428,Vacation home rental agency,"1311 N Dixie Fwy, New Smyrna Beach, FL 32168, United States","23X7+5W New Smyrna Beach, Florida, USA",https://www.greatoceancondos.com/,+1 386-478-7863,Closed · Opens 9 am,,https://lh3.googleusercontent.com/gps-cs-s/APNQkAGusgstG3swJ14nBG1o6eSaa1-oHU-8VGmnHFFaswYEIE4gH3koFB1SdJn93c7IHTyb53aiuP6yk2BhBC3Zls9J0DM-DVDLrVUH9KaJia4RVsCIJaEnFJEF-Dj11jlxYMFyvkQv=w408-h408-k-no,true,9 am–5 pm,9 am–5 pm,9 am–5 pm,9 am–5 pm,Closed,9 am–5 pm,9 am–5 pm,"https://www.google.com/maps/search/tree+service+businesses+in+New+Smyrna+Beach+Daytona+Beach+FL/@29.0274345,-80.9231601,14z",2026-04-29T05:02:28.579Z,,,
https://www.google.com/maps/place/WR+Land+Development/data=!4m7!3m6!1s0x86c50b7b8c94b28b:0x7b26ac27b1bde5a2!8m2!3d27.791872!4d-80.898952!16s%2Fg%2F11snz81bx5!19sChIJi7KUjHsLxYYRouW9sSesJns,WR Land Development,5.0,11,Excavating contractor,,,http://wrlanddevelopmentllc.com/,+1 407-499-5755,Closed · Opens 7 am,,https://lh3.googleusercontent.com/gps-cs-s/APNQkAEoofSXGzBO2H5orEpPdH3dsZypGNEiVs-ViJV2WzgTckPt2hJNq4z5x6MapFmJ8G1rHuAFPYsX363h4lq9euLJ2kn1DmW4qgOB5Xq2D2sVFblKhtZ0j7AlhTvp6E0TyV5KR5GX=w426-h240-k-no,true,7 am–6 pm,7 am–6 pm,7 am–6 pm,Closed,Closed,7 am–6 pm,7 am–6 pm,"https://www.google.com/maps/search/tree+service+businesses+in+New+Smyrna+Beach+Daytona+Beach+FL/@29.0274345,-80.9231601,14z",2026-04-29T05:02:32.807Z,,,
https://www.google.com/maps/place/Land+and+Sea+Realty/data=!4m7!3m6!1s0x88e72bcaa688b279:0x660dd988d8ed26d4!8m2!3d29.0291658!4d-80.897655!16s%2Fg%2F11px94xdwz!19sChIJebKIpsor54gR1Cbt2IjZDWY,Land and Sea Realty,5.0,12,Real estate agency,"632 E 3rd Ave, New Smyrna Beach, FL 32169, United States","24H2+MW New Smyrna Beach, Florida, USA",http://wendyrealtor.com/,+1 386-314-8509,Closed · Opens 9 am,,https://streetviewpixels-pa.googleapis.com/v1/thumbnail?panoid=yos0mZNMZRSVOB_RC9KtyA&cb_client=search.gws-prod.gps&w=408&h=240&yaw=354.55478&pitch=0&thumbfov=100,true,9 am–5 pm,9 am–5 pm,9 am–5 pm,9 am–5 pm,9 am–5 pm,9 am–5 pm,9 am–5 pm,"https://www.google.com/maps/search/tree+service+businesses+in+New+Smyrna+Beach+Daytona+Beach+FL/@29.0274345,-80.9231601,14z",2026-04-29T05:02:37.375Z,,,
"https://www.google.com/maps/place/New+Smyrna+Beach+Tree+Services/@29.029754,-80.955114,13z/data=!3m1!4b1!4m6!3m5!1s0x27c8483d25b72015:0x1d5d1a76a01bdf22!8m2!3d29.029754!4d-80.955114!16s%2Fg%2F11tcjs5njb",New Smyrna Beach Tree Services,,,Tree service,,,,+1 386-690-5614,Closed · Opens 9 am,,,true,9 am–5 pm,9 am–5 pm,9 am–5 pm,9 am–5 pm,9 am–5 pm,9 am–5 pm,9 am–5 pm,"https://www.google.com/maps/search/tree+service+businesses+in+New+Smyrna+Beach+Daytona+Beach+FL/@29.0274345,-80.9231601,14z",2026-04-29T05:02:44.208Z,,,
"https://www.google.com/maps/place/Weichert,+Realtors+-+Hallmark+Properties+-+New+Smyrna+Beach/data=!4m7!3m6!1s0x88e72943f6b28ae3:0x60705d0c1cc15c5d!8m2!3d29.0350356!4d-80.9144395!16s%2Fg%2F1hm5_nx63!19sChIJ44qy9kMp54gRXVzBHAxdcGA","Weichert, Realtors - Hallmark Properties - New Smyrna Beach",4.9,88,Real estate agency,"235 Causeway N, New Smyrna Beach, FL 32169, United States","23PP+26 New Smyrna Beach, Florida, USA",http://www.weicherthallmark.com/,+1 386-427-2622,Closed · Opens 8:30 am,,https://lh3.googleusercontent.com/gps-cs-s/APNQkAFyODCLXDWH-sZivFMK0YprbN0xDh-BmReMWhgZgKJB8g4jGGOgccgGEynG4ocvHfov5xcmV0EIunBsUc8xccu7NVKwz87Is-ckz3_0JBxJ8YtZrAQ3kPCoAdc5iniECt8q6p05ZL1ioHpQ=w560-h240-k-no,true,8:30 am–5:30 pm,8:30 am–5:30 pm,8:30 am–5:30 pm,Closed,Closed,8:30 am–5:30 pm,8:30 am–5:30 pm,"https://www.google.com/maps/search/tree+service+businesses+in+New+Smyrna+Beach+Daytona+Beach+FL/@29.0274345,-80.9231601,14z",2026-04-29T05:02:48.686Z,,,
https://www.google.com/maps/place/Beachside+Candy+Co./data=!4m7!3m6!1s0x88e7295e32cc664d:0x67ca98fc6ac424f4!8m2!3d29.0384466!4d-80.9014238!16s%2Fg%2F1tf87xls!19sChIJTWbMMl4p54gR9CTEavyYymc,Beachside Candy Co.,4.5,221,Candy store,"221 Flagler Ave, New Smyrna Beach, FL 32169, United States","23QX+9C New Smyrna Beach, Florida, USA",http://www.beachsidecandy.com/,+1 386-424-1883,Closed · Opens 9 am,,https://lh3.googleusercontent.com/gps-cs-s/APNQkAFy-r-Wjksyi2LEaGsG6ImAj9JK1caX4sjLyNe5RKKcLMGhqRHrZ_zYiNLUi0cqrLI6BN8r8v_Ko4XEIHan0alGc5SALV3UaOx63aJA7uc5L5YFUROpbrJZhZmZM_wk8knAC2N9Pw=w440-h240-k-no,true,9 am–8 pm,9 am–8 pm,9 am–10 pm,10 am–10 pm,10 am–8 pm,9 am–8 pm,9 am–8 pm,"https://www.google.com/maps/search/tree+service+businesses+in+New+Smyrna+Beach+Daytona+Beach+FL/@29.0274345,-80.9231601,14z",2026-04-29T05:02:53.168Z,,,
https://www.google.com/maps/place/NorthX/data=!4m7!3m6!1s0x60f01968b4b0e3cd:0xf4cfe69ea8ecc180!8m2!3d29.029754!4d-80.955114!16s%2Fg%2F11t84nt6rx!19sChIJzeOwtGgZ8GARgMHsqJ7mz_Q,NorthX,,,Landscaper,,,,+1 814-691-4342,Open 24 hours,,https://lh3.googleusercontent.com/gps-cs-s/APNQkAHFHuTrJa_1v5k3kxVb0sbFBYZJF8-DqdTZ2zrrFJj6dLV1RdYEf5ANhrnXhmrw_KaNApTHsLIPdWL0FbU-Dno8X79pRcaWMPL04y57tp4ywMh3iYYavkNIxp4MkIu7vN7u_Bo=w408-h306-k-no,true,Open 24 hours,Open 24 hours,Open 24 hours,Closed,Open 24 hours,Open 24 hours,Open 24 hours,"https://www.google.com/maps/search/tree+service+businesses+in+New+Smyrna+Beach+Daytona+Beach+FL/@29.0274345,-80.9231601,14z",2026-04-29T05:02:57.592Z,,,
https://www.google.com/maps/place/Local+Living+Realty+Group/data=!4m7!3m6!1s0x88e7293fd48123e7:0xb23045a41fb5d4d1!8m2!3d29.0228143!4d-80.9238296!16s%2Fg%2F11jhzh39sv!19sChIJ5yOB1D8p54gR0dS1H6RFMLI,Local Living Realty Group,5.0,343,Real estate agency,"212 Palmetto St, New Smyrna Beach, FL 32168, United States","23FG+4F New Smyrna Beach, Florida, USA",https://locallivingrg.com/,+1 386-202-6115,Open 24 hours,Identifies as women-owned,https://lh3.googleusercontent.com/gps-cs-s/APNQkAEPEj4IRhF-O1r4oDqX4nWlx9p9plJlAqsDkM2ECEZGv4lIVhzYCXLDyzNExkYriFA-TwKXAvHTMHEKdaIYSwDEluiC8hKnZdiHQC0RhTk7-SXL2mz2ky2roY35Qnd8Wy6zQcEC-FHJLm9B=w426-h240-k-no,true,Open 24 hours,Open 24 hours,Open 24 hours,Open 24 hours,Open 24 hours,Open 24 hours,Open 24 hours,"https://www.google.com/maps/search/tree+service+businesses+in+New+Smyrna+Beach+Daytona+Beach+FL/@29.0274345,-80.9231601,14z",2026-04-29T05:03:02.324Z,,,
https://www.google.com/maps/place/Perrine%27s+Produce/data=!4m7!3m6!1s0x88e729228f93a013:0x776b5a19ee681296!8m2!3d29.0157384!4d-80.9230325!16s%2Fg%2F1tfscnxt!19sChIJE6CTjyIp54gRlhJo7hlaa3c,Perrine's Produce,4.6,1552,Grocery store,"720 S Dixie Fwy, New Smyrna Beach, FL 32168, United States","238G+7Q New Smyrna Beach, Florida, USA",http://perrinesproduce.com/,+1 386-423-2336,Closed · Opens 8 am,,https://lh3.googleusercontent.com/gps-cs-s/APNQkAGNWnKz1ToU1OXDMDRdeDc5K8mdM4nHq4FtRUYtjU_dNGK5LbHPLMgRYO_WisArp-PGvEgtNQh6eAg7zhRARW5q5yVOWcEDgHqKsna7GrPY0LzVfxHuI6TauOJt-UALt5dk3OomfQ6jwqWS=w408-h408-k-no,true,8 am–7 pm,8 am–7 pm,8 am–7 pm,8 am–7 pm,8 am–6 pm,8 am–7 pm,8 am–7 pm,"https://www.google.com/maps/search/tree+service+businesses+in+New+Smyrna+Beach+Daytona+Beach+FL/@29.0274345,-80.9231601,14z",2026-04-29T05:03:07.450Z,,,
https://www.google.com/maps/place/The+Keyes+Company+%7C+New+Smyrna+Beach/data=!4m7!3m6!1s0x88e72c0a2d46cb19:0xd14c52951b20f6ab!8m2!3d29.0119897!4d-80.8816559!16s%2Fg%2F1vlk2crn!19sChIJGctGLQos54gRq_YgG5VSTNE,The Keyes Company | New Smyrna Beach,4.1,36,Real estate agency,"3314 S Atlantic Ave, New Smyrna Beach, FL 32169, United States","2469+Q8 New Smyrna Beach, Florida, USA",https://newsmyrnabeach.keyes.com/,+1 386-428-5723,Closed · Opens 8:30 am,,https://streetviewpixels-pa.googleapis.com/v1/thumbnail?panoid=PmyeJFeNIf1vTFoXsyJqdw&cb_client=search.gws-prod.gps&w=408&h=240&yaw=213.62721&pitch=0&thumbfov=100,true,8:30 am–5:30 pm,8:30 am–5:30 pm,8:30 am–5:30 pm,Closed,Closed,8:30 am–5:30 pm,8:30 am–5:30 pm,"https://www.google.com/maps/search/tree+service+businesses+in+New+Smyrna+Beach+Daytona+Beach+FL/@29.0274345,-80.9231601,14z",2026-04-29T05:03:12.207Z,,,
https://www.google.com/maps/place/Seward+Outdoor+Services/data=!4m7!3m6!1s0x88e6918d232ecc47:0x9709e2f258cf659a!8m2!3d29.0293104!4d-80.9639545!16s%2Fg%2F11s103_jh_!19sChIJR8wuI42R5ogRmmXPWPLiCZc,Seward Outdoor Services,5.0,5,Landscaper,,,,,Closed · Opens 9 am,,https://lh3.googleusercontent.com/gps-cs-s/APNQkAFJtuUp6ilo4YObhG_2lL7svtUdbTJ6op5bx8WZ4-K7pxB4-jX1Ri5z5A69syykpArs5Pr3DToyYkBUb1PZhyK4uoB-y89L8G9qIZRuFMaDE9TwHUe7OU6GpivKAqBuIYCGHcy5=w408-h404-k-no,true,9 am–5 pm,9 am–5 pm,9 am–5 pm,9 am–5 pm,Closed,9 am–5 pm,9 am–5 pm,"https://www.google.com/maps/search/tree+service+businesses+in+New+Smyrna+Beach+Daytona+Beach+FL/@29.0274345,-80.9231601,14z",2026-04-29T05:03:16.838Z,,,
"https://www.google.com/maps/place/Himarc+Automotive,+LLC/data=!4m7!3m6!1s0x88e728e115608857:0xd817a0f4de3d7b42!8m2!3d29.0466378!4d-80.9470806!16s%2Fg%2F11fxt2cxq4!19sChIJV4hgFeEo54gRQns93vSgF9g","Himarc Automotive, LLC",4.9,262,Auto body shop,"405 United Dr, New Smyrna Beach, FL 32168, United States","23W3+M5 New Smyrna Beach, Florida, USA",,+1 386-416-0001,Closed · Opens 9 am,,https://lh3.googleusercontent.com/gps-cs-s/APNQkAEBa7fUFul_cdnb76-oPvqAwo-gpwgYJKc7Tlq56KMe-I37QBwHbVDwWHiltwGADKDT2XbNRKkTYNm9qPflMpYmnUWKNaY5QfFuU3maAZhj6lojGn4G7BXiTEt3_qP1w1zbYYnVVQ=w408-h366-k-no,true,9 am–5 pm,9 am–5 pm,9 am–5 pm,Closed,Closed,9 am–5 pm,9 am–5 pm,"https://www.google.com/maps/search/tree+service+businesses+in+New+Smyrna+Beach+Daytona+Beach+FL/@29.0274345,-80.9231601,14z",2026-04-29T05:03:21.434Z,,,
https://www.google.com/maps/place/Dominion+Earth+Care/data=!4m7!3m6!1s0x245620713daebb61:0x22581da6d1584a6d!8m2!3d29.1220074!4d-81.0393841!16s%2Fg%2F11w3hyljfr!19sChIJYbuuPXEgViQRbUpY0aYdWCI,Dominion Earth Care,,,Lawn care service,,,,+1 386-478-3281,Closed · Opens 9 am,,https://lh3.googleusercontent.com/gps-cs-s/APNQkAEl_Llc2wKDr-xkRAHn8WnbIzokPj2k_fbKi7C8VMgF0udeWoZ-oONePIEzznDgr-MLn50EH3a4QMs-icMKzL7wt07mfwBP8r1lr8wIsfbZfmSizRNmQYfCkNPQKSpCeS0jUnYgog=w408-h306-k-no,true,9 am–5 pm,9 am–5 pm,9 am–5 pm,Closed,Closed,9 am–5 pm,9 am–5 pm,"https://www.google.com/maps/search/tree+service+businesses+in+New+Smyrna+Beach+Daytona+Beach+FL/@29.0274345,-80.9231601,14z",2026-04-29T05:03:25.643Z,,,
https://www.google.com/maps/place/The+Grand+721+Wedding+Venue/data=!4m7!3m6!1s0x88e72987beacb2a3:0xf74ec924c81c8270!8m2!3d29.0182863!4d-80.9212582!16s%2Fg%2F11fpmrf76s!19sChIJo7Ksvocp54gRcIIcyCTJTvc,The Grand 721 Wedding Venue,4.6,233,Wedding venue,"721 Palmetto St, New Smyrna Beach, FL 32168, United States","239H+8F New Smyrna Beach, Florida, USA",https://www.thegrand721.com/,+1 386-232-8728,,LGBTQ+ friendly,https://lh3.googleusercontent.com/gps-cs-s/APNQkAHGnUKEpHbeUtnBY05wnTAU6MtQTamQQt7avGutVKn5LVjhRLqG_cxSbfuXkQM9qXoY6GDstRNC-lcCtmzdyfnNJqs2prYB4EIxQrK1pAm5rvT565ju_6CyGBxQoSTpTKob-e7cAw=w408-h272-k-no,true,,,,,,,,"https://www.google.com/maps/search/tree+service+businesses+in+New+Smyrna+Beach+Daytona+Beach+FL/@29.0274345,-80.9231601,14z",2026-04-29T05:03:28.388Z,,,
https://www.google.com/maps/place/Heath%27s+Natural+Foods+Inc/data=!4m7!3m6!1s0x88e72be29f5d2253:0x111e76a413cb7af9!8m2!3d29.0290686!4d-80.8983234!16s%2Fg%2F1tcx7v7q!19sChIJUyJdn-Ir54gR-XrLE6R2HhE,Heath's Natural Foods Inc,4.5,133,Health food store,"600 E 3rd Ave, New Smyrna Beach, FL 32169, United States","24H2+JM New Smyrna Beach, Florida, USA",http://heathsnaturalfoods.com/,+1 386-423-5126,Closed · Opens 8 am,,https://lh3.googleusercontent.com/gps-cs-s/APNQkAEz2BR19dOcoZnKh4iIC5t7bMLmFOUBuJzFV9HKXydYLz6aOnyXsklSG8mwp4XNcwNCqLGmZs9GgFD_lyX7PsaaVBIuZvWvtzJ7qOKpEYO2Zuj8aqu_tg-xKaYGDMEwMfNxKpeVKg=w408-h724-k-no,true,8 am–6 pm,8 am–6 pm,8 am–6 pm,8 am–5 pm,9 am–5 pm,8 am–6 pm,8 am–6 pm,"https://www.google.com/maps/search/tree+service+businesses+in+New+Smyrna+Beach+Daytona+Beach+FL/@29.0274345,-80.9231601,14z",2026-04-29T05:03:33.202Z,· Delivery,,
https://www.google.com/maps/place/groundeffectslandscaping/data=!4m7!3m6!1s0x88e731dc9fda8d17:0x4cee3d7f333282!8m2!3d28.9935644!4d-81.0688705!16s%2Fg%2F11v5whcvqw!19sChIJF43an9wx54gRgjIzfz3uTAA,groundeffectslandscaping,,,Landscape designer,,,https://groundeffectslandscapingfl.com/,+1 386-402-0431,Closed · Opens 7 am,,https://lh3.googleusercontent.com/gps-cs-s/APNQkAEnBrw5kYNgGV2kyEim4_YSeZshpemW9WsKrZSok5vnw08Wz17GjevSJgBImmATVw7BIXfTuLrLufxar_Mast2TtNWXweXWBnPj2kQsW_Ukg_LNe4TJDFg2fIDtwpy2rR9-V4o=w408-h307-k-no,true,7 am–5 pm,7 am–5 pm,7 am–5 pm,7 am–5 pm,7 am–5 pm,7 am–5 pm,7 am–5 pm,"https://www.google.com/maps/search/tree+service+businesses+in+New+Smyrna+Beach+Daytona+Beach+FL/@29.0274345,-80.9231601,14z",2026-04-29T05:03:37.404Z,,,
https://www.google.com/maps/place/The+Home+Depot/data=!4m7!3m6!1s0x88e72f4a08527e63:0xe53ee6afdf37539b!8m2!3d29.0158184!4d-80.9654637!16s%2Fg%2F1tfxyvzf!19sChIJY35SCEov54gRm1M336_mPuU,The Home Depot,4.2,1576,Home improvement store,"2359 FL-44, New Smyrna Beach, FL 32168, United States","228M+8R New Smyrna Beach, Florida, USA",https://www.homedepot.com/l/New-Smyrna-Beach/FL/New-Smyrna-Beach/32168/6936?emt=MSGoogleMaps,+1 386-423-0394,,,https://lh3.googleusercontent.com/gps-cs-s/APNQkAFc0K_KfqNELG3aY7ezu2QFsuJQafFfhccjtbIn_o6PYGP6rkKpa0h5J9DedxoSX2UxyK3BURjjEq8cTMFTejMWgbVJMFz7kOEPLOFqaZvjbXjd3GHHsEEC8EZsY0bMRhrLxj-yK1ZOVQ2G=w408-h306-k-no,true,6 am–8 pm,6 am–8 pm,6 am–8 pm,6 am–8 pm,8 am–8 pm,6 am–8 pm,6 am–8 pm,"https://www.google.com/maps/search/tree+service+businesses+in+New+Smyrna+Beach+Daytona+Beach+FL/@29.0274345,-80.9231601,14z",2026-04-29T05:03:42.113Z,"Chain home improvement retailer for tools, appliances & other products (some offer truck rentals). · In-store shopping · Kerbside pickup · Delivery",,
https://www.google.com/maps/place/United+Church+of+Christ+Thrift+Shop/data=!4m7!3m6!1s0x88e7293718325a89:0x3d2e42f3096bbbe5!8m2!3d29.0271854!4d-80.924755!16s%2Fg%2F11f3fzj_p2!19sChIJiVoyGDcp54gR5btrCfNCLj0,United Church of Christ Thrift Shop,4.6,59,Thrift store,"203 Washington St, New Smyrna Beach, FL 32168, United States","23GG+V3 New Smyrna Beach, Florida, USA",https://www.uccnsb.org/thrift-store,+1 386-427-2115,"Closed · Opens 9:30 am

Updated by this business 11 weeks ago",,https://lh3.googleusercontent.com/gps-cs-s/APNQkAGRIIONlhYmjA9vk7wNkQB4JqE8adh6W19ZdfljVG3ydoJGyK-DpUDLGG5EiVl2w5cTD6_t71l0-_yh9bHv5qYBfrwwlfrxgIZP0F2cDQlwR4mu7CdotWxH1kSCW9Zwufm4WY0U=w408-h725-k-no,true,9:30 am–3:30 pm,9:30 am–3:30 pm,9:30 am–3:30 pm,9:30 am–3:30 pm,Closed,9:30 am–3:30 pm,9:30 am–3:30 pm,"https://www.google.com/maps/search/tree+service+businesses+in+New+Smyrna+Beach+Daytona+Beach+FL/@29.0274345,-80.9231601,14z",2026-04-29T05:03:46.564Z,,,
https://www.google.com/maps/place/Paradise+Properties+Of+NSB/data=!4m7!3m6!1s0x88e72be003c429df:0x451b702ade75870f!8m2!3d29.0354331!4d-80.9137589!16s%2Fg%2F11cjkvx94p!19sChIJ3ynEA-Ar54gRD4d13ipwG0U,Paradise Properties Of NSB,3.9,25,Real estate agent,"265 Causeway N, New Smyrna Beach, FL 32169, United States","23PP+5F New Smyrna Beach, Florida, USA",,+1 386-847-8885,Open 24 hours,Identifies as women-owned,https://lh3.googleusercontent.com/gps-cs-s/APNQkAGMclxDflSRe85wc_yJdyrcLYDhMJZBqS6DHkPYuav_W9um2reUmRKYVuoM56DUehIZWRIWhHB3tCscKVwqIrCzgXg930-h71wfTQUZvD8YRzn6297uXSsLcNK_mFKyIFG1IfhNLA=w408-h306-k-no,true,Open 24 hours,Open 24 hours,Open 24 hours,Open 24 hours,Open 24 hours,Open 24 hours,Open 24 hours,"https://www.google.com/maps/search/tree+service+businesses+in+New+Smyrna+Beach+Daytona+Beach+FL/@29.0274345,-80.9231601,14z",2026-04-29T05:03:51.469Z,,,
https://www.google.com/maps/place/Wilkie%27s+Pest+Control/data=!4m7!3m6!1s0x88e72e6c9aa3c75d:0xe6c1df293142944!8m2!3d28.9922689!4d-80.907893!16s%2Fg%2F1tgpc2mp!19sChIJXcejmmwu54gRRCkUk_IdbA4,Wilkie's Pest Control,4.9,178,Pest control service,"107 N Ridgewood Ave, Edgewater, FL 32132, United States","X3RR+WR Edgewater, Florida, USA",http://www.wilkiespestcontrol.com/,+1 386-423-9778,Closed · Opens 8:30 am,LGBTQ+ friendly,https://lh3.googleusercontent.com/gps-cs-s/APNQkAEezEpLsZxgSih1O0HiNplNW7hl68rCFjVaTdbZPndJsR1iJ81kMe7cZzJS3UVYma1GmMZo30-PE8PcYTPG4xPirSp1HKu-axuEIOfGijg2nhQ2O1Xzfn-a2X37eZuZtxiMglynhQ=w509-h240-k-no,true,8:30 am–4:30 pm,8:30 am–4:30 pm,8:30 am–4:30 pm,Closed,Closed,8:30 am–4:30 pm,8:30 am–4:30 pm,"https://www.google.com/maps/search/tree+service+businesses+in+New+Smyrna+Beach+Daytona+Beach+FL/@29.0274345,-80.9231601,14z",2026-04-29T05:03:56.038Z,,,
"https://www.google.com/maps/place/Sandpiper+Tree+Service/@29.0182489,-80.9491065,11z/data=!3m1!4b1!4m6!3m5!1s0x8c2783f86f8c4f3f:0x861563ff52b74e30!8m2!3d29.0182489!4d-80.9491065!16s%2Fg%2F11wfqnw7p5",Sandpiper Tree Service,,,Tree service,,,http://www.sandpipertreeservice.com/,+1 386-337-1327,Closed · Opens 9 am,,,true,9 am–6 pm,9 am–6 pm,9 am–4 pm,Closed,9 am–6 pm,9 am–6 pm,9 am–6 pm,"https://www.google.com/maps/search/tree+service+businesses+in+New+Smyrna+Beach+Daytona+Beach+FL/@29.0274345,-80.9231601,14z",2026-04-29T05:04:02.359Z,,,
"https://www.google.com/maps/place/Indian+River+Homes+Inc/@29.0532059,-80.9639545,11z/data=!3m1!4b1!4m6!3m5!1s0x42cb46ce09c17aa5:0x288e3e5319aa40ad!8m2!3d29.0532059!4d-80.9639545!16s%2Fg%2F11ym_mt1z0",Indian River Homes Inc,,,Contractor,,,https://indianriverhomesinc.com/,+1 386-690-3348,Closed · Opens 8 am,,,true,8 am–5 pm,8 am–5 pm,8 am–5 pm,9 am–4 pm,Closed,8 am–5 pm,8 am–5 pm,"https://www.google.com/maps/search/tree+service+businesses+in+New+Smyrna+Beach+Daytona+Beach+FL/@29.0274345,-80.9231601,14z",2026-04-29T05:04:08.676Z,,,
https://www.google.com/maps/place/The+Christmas+Stop/data=!4m7!3m6!1s0x88e7292c8a16e4c5:0x9fe97fa86fe451ac!8m2!3d29.0387469!4d-80.9002304!16s%2Fg%2F11krqc2508!19sChIJxeQWiiwp54gRrFHkb6h_6Z8,The Christmas Stop,5.0,3,Christmas store,"306 Flagler Ave, New Smyrna Beach, FL 32169, United States","23QX+FW New Smyrna Beach, Florida, USA",http://thechristmasstopnsb.com/,,Closed · Opens 10 am,,https://lh3.googleusercontent.com/gps-cs-s/APNQkAF9Uq8ukPjXFSOEEL-EQTNE3oG01pMGJjoj4YRpwMUV4UhljXrH2DQgrKXq3rl0yY0tZh7rxNvrPouy9XvNV1WxEOBwvUGHclXYBwDZUJ7gRCIlnw-wL-yhMmHvIaf6FswlsG87qQ=w408-h305-k-no,true,10 am–5 pm,10 am–5 pm,10 am–5 pm,10 am–5 pm,12–5 pm,10 am–5 pm,10 am–5 pm,"https://www.google.com/maps/search/tree+service+businesses+in+New+Smyrna+Beach+Daytona+Beach+FL/@29.0274345,-80.9231601,14z",2026-04-29T05:04:13.248Z,,,
https://www.google.com/maps/place/Treescapes+Tree+Removal+Services/data=!4m7!3m6!1s0x88e71bb7ab219c0d:0xdcc6b92d69ed101f!8m2!3d29.0037892!4d-81.2764905!16s%2Fg%2F1tj5lzz7!19sChIJDZwhq7cb54gRHxDtaS25xtw,Treescapes Tree Removal Services,5.0,161,Tree service,"328 Churchill Downs Blvd, DeLand, FL 32724, United States","2P3F+GC DeLand, Florida, USA",https://www.treescapestreeremoval.com/,+1 386-532-1066,Closed · Opens 8 am,,https://lh3.googleusercontent.com/gps-cs-s/APNQkAF0BhKMvyy8Tig0VAMhIX4DROtR5fgvNZ6HKg_flB-DYxgUfXX4X-P59kFk8Krx08qrl7JOE2j8hIMSpLkMAMVO6qTgvmeqYVJ2vz9V_Jvi-yKoOeJAzjbAlOWDAoa9dWZIO4VUA-II0Lo=w426-h240-k-no,true,8 am–7:30 pm,8 am–7:30 pm,8 am–7:30 pm,8 am–12 pm,Closed,8 am–7:30 pm,8 am–7:30 pm,"https://www.google.com/maps/search/tree+service+businesses+in+DeLand+Daytona+Beach+FL/@29.028318,-81.3031179,14z",2026-04-29T05:04:32.931Z,,,
https://www.google.com/maps/place/McGraw%E2%80%99s+Lawn+and+Tree+Service/data=!4m7!3m6!1s0x88e71b997465b049:0x9b12be5f23643bc4!8m2!3d29.0056715!4d-81.3010071!16s%2Fg%2F11spynnq9l!19sChIJSbBldJkb54gRxDtkI1--Eps,McGraw’s Lawn and Tree Service,4.9,124,Tree service,"109 Gilbert St, DeLand, FL 32724, United States","2M4X+7H DeLand, Florida, USA",https://mcgrawslawnandtreeservice.com/,+1 386-333-8699,Closed · Opens 8 am,,https://lh3.googleusercontent.com/gps-cs-s/APNQkAGS0U_ERl1xIqtWLbthDQO0PNn5QCAovL_6FDqkdMpZcKTZgqXJYexTIxlt6wV1rwR7F943mAa2Efo_ndIQhkdIuQKNwUqqPK5kzXDyk0zCSmIr0GioCO9FMwmnQoHTjFu3lO72kA=w408-h544-k-no,true,8 am–6 pm,8 am–6 pm,8 am–6 pm,8 am–6 pm,8 am–6 pm,8 am–6 pm,8 am–6 pm,"https://www.google.com/maps/search/tree+service+businesses+in+DeLand+Daytona+Beach+FL/@29.028318,-81.3031179,14z",2026-04-29T05:04:42.270Z,,,
https://www.google.com/maps/place/Arborist+Tree+Experts/data=!4m7!3m6!1s0x88e71c8b15e9fef5:0x6b05b8bf8a75912b!8m2!3d29.0643056!4d-81.2997505!16s%2Fg%2F11gbxc243g!19sChIJ9f7pFYsc54gRK5F1ir-4BWs,Arborist Tree Experts,4.0,50,Tree service,"1856 Patterson Ave, DeLand, FL 32724, United States","3P72+P3 DeLand, Florida, USA",http://arboristtreeexperts.com/,+1 407-416-7939,Open 24 hours,,https://lh3.googleusercontent.com/gps-cs-s/APNQkAFyJNEkJM_wMy-cOtKjC-oSUJoEWHAj2mJud6kpN0dpqQ6WUqWFVCSHUey3CZyJjXnp5h2IT-vgUAO0KIDfUFzavUWqOFt5vvPqtIm1jEqhc4VOo-Bd2pFu3rGcqqgWzN7AAFtw=w408-h306-k-no,true,Open 24 hours,Open 24 hours,Open 24 hours,Open 24 hours,Open 24 hours,Open 24 hours,Open 24 hours,"https://www.google.com/maps/search/tree+service+businesses+in+DeLand+Daytona+Beach+FL/@29.028318,-81.3031179,14z",2026-04-29T05:04:46.594Z,,,
https://www.google.com/maps/place/Falcon+Tree+Service/data=!4m4!3m3!1s0x88e71b1717ee4e6d:0x56ea1736f93eac69!16s%2Fg%2F11c75wk9hp!19sChIJbU7uFxcb54gRaaw--TYX6lY,Falcon Tree Service,4.2,40,Tree service,,,,+1 386-337-1676,Open 24 hours,,https://lh3.googleusercontent.com/gps-cs-s/APNQkAExf42GzcTw49b62yPP4iaYIOjmzlwykRMZOnSoL30nGTGnP2PB_F4sSNAOFsgqdAWoUldP1BRkc1rkliGoKoq6OIZKjGDxsuaiz_tjxaOuzK_rD928I1I0kcqNzh4FQFJz927S=w408-h544-k-no,true,Open 24 hours,Open 24 hours,Open 24 hours,Open 24 hours,Open 24 hours,Open 24 hours,Open 24 hours,"https://www.google.com/maps/search/tree+service+businesses+in+DeLand+Daytona+Beach+FL/@29.028318,-81.3031179,14z",2026-04-29T05:04:51.267Z,,,
"https://www.google.com/maps/place/Charles+Reeves+Tree+Services./@29.0688564,-81.2617723,17z/data=!3m1!4b1!4m6!3m5!1s0x88e71c235f290ef1:0xf3855c71d10426d8!8m2!3d29.0688564!4d-81.2617723!16s%2Fg%2F1tjkgm98",Charles Reeves Tree Services.,4.5,15,Tree service,"1820 Old Daytona Rd, DeLand, FL 32724, United States","3P9Q+G7 DeLand, Florida, USA",,+1 386-734-4730,,,,false,,,,,,,,"https://www.google.com/maps/search/tree+service+businesses+in+DeLand+Daytona+Beach+FL/@29.028318,-81.3031179,14z",2026-04-29T05:04:55.964Z,,,
https://www.google.com/maps/place/Daniel+Hickey%27s+Tree+Service/data=!4m7!3m6!1s0x88e71b30e90c3cfd:0x43854d25a458cace!8m2!3d29.070186!4d-81.312409!16s%2Fg%2F11cp871hvw!19sChIJ_TwM6TAb54gRzspYpCVNhUM,Daniel Hickey's Tree Service,4.9,63,Tree service,"373 Glenwood Rd, DeLand, FL 32720, United States","3MCQ+32 DeLand, Florida, USA",http://hickeystreeservice.com/,+1 386-804-4756,Closed · Opens 7 am,,https://lh3.googleusercontent.com/gps-cs-s/APNQkAEFdwvX6ZUV1mGL_RMHVFhS8FqCJzh_AAeNE2M_4yDWbPpfARUP4sRiTFJGj2a1nSzQ8xgn2TJBU6Je5Z09mrNPwnYisTRW9ugMaVrKPmK0_OoxXh_co_kSSnSFcEboGuRzDoBs=w408-h298-k-no,true,7 am–6 pm,7 am–6 pm,7 am–6 pm,7 am–6 pm,7 am–6 pm,7 am–6 pm,7 am–6 pm,"https://www.google.com/maps/search/tree+service+businesses+in+DeLand+Daytona+Beach+FL/@29.028318,-81.3031179,14z",2026-04-29T05:05:00.821Z,,,
https://www.google.com/maps/place/Paradise+Arbor+%26+Outdoors/data=!4m7!3m6!1s0x859c328e9cc88533:0x2875e919f2e6d59f!8m2!3d28.9985927!4d-81.3617039!16s%2Fg%2F11sk2x0xpx!19sChIJM4XInI4ynIURn9Xm8hnpdSg,Paradise Arbor & Outdoors,4.9,29,Tree service,"1776 Hontoon Rd, DeLand, FL 32720, United States","XJXQ+C8 DeLand, Florida, USA",https://www.paradisearborandoutdoors.com/,+1 407-698-6465,"Closed · Opens 9 am

Confirmed by this business 2 weeks ago",LGBTQ+ friendly,https://lh3.googleusercontent.com/gps-cs-s/APNQkAH2pWVOI4XJUHqJm4rFcGukr7haiXlQYbv8AShwTej5uB4Zfy7QVmR7LsVM1ucUukvhVjhIBFQw9M4mbTs_Z2NeBdPgdLId9UlzezJVEP9Eg6aMEb76FHD_9DhAghc8z0yJcZm3n7dpWhmK=w408-h544-k-no,true,9 am–5 pm,9 am–5 pm,9 am–5 pm,9 am–5 pm,Closed,9 am–5 pm,9 am–5 pm,"https://www.google.com/maps/search/tree+service+businesses+in+DeLand+Daytona+Beach+FL/@29.028318,-81.3031179,14z",2026-04-29T05:05:05.547Z,,,
"https://www.google.com/maps/place/Davis+Tree+Service,+Inc./data=!4m7!3m6!1s0x88e7194efe638851:0x33146a417f9506e5!8m2!3d29.1017028!4d-81.3340647!16s%2Fg%2F1v5fsqsj!19sChIJUYhj_k4Z54gR5QaVf0FqFDM","Davis Tree Service, Inc.",4.8,53,Tree service,"4043 US-17, DeLand, FL 32724, United States","4M28+M9 DeLand, Florida, USA",http://www.delandtreeservice-davis.com/,+1 386-734-5209,Open 24 hours,,https://lh3.googleusercontent.com/gps-cs-s/APNQkAErRs_HKEvH4trCk0irQo2Q0007iP4bAAXxEXbJzKVexcrLR69u3ZmL2_tZqg82qxu97FZ2q-_g_e3N0SiPk7na6XNOgtUI59QjHxV3Q6njZFkElA8NvkdGeQFNNomDgUeb3EU=w408-h272-k-no,true,Open 24 hours,Open 24 hours,Open 24 hours,Open 24 hours,Open 24 hours,Open 24 hours,Open 24 hours,"https://www.google.com/maps/search/tree+service+businesses+in+DeLand+Daytona+Beach+FL/@29.028318,-81.3031179,14z",2026-04-29T05:05:10.196Z,,,
https://www.google.com/maps/place/Lumbee+Tree+Care+LLC/data=!4m7!3m6!1s0x88e70530c0a1cf4d:0x635a1bd4aed0099c!8m2!3d28.9917275!4d-81.4213523!16s%2Fg%2F11t_gnpw37!19sChIJTc-hwDAF54gRnAnQrtQbWmM,Lumbee Tree Care LLC,4.9,326,Tree service,"32216 Forest Dr, DeLand, FL 32720, United States","XHRH+MF DeLand, Florida, USA",https://lumbeetreecare.godaddysites.com/,+1 386-363-5724,Open 24 hours,,https://lh3.googleusercontent.com/gps-cs-s/APNQkAFYVJfC1ST7L5bv6EJ1FIC4XILZKx6c_rqeNc7fa-a49o0VV4Hu0UqC-lyDZu2K132lVz9BpmUrPqztphcWrRy9LphP7bT96pNPGaat5p7_tLFMdIbv-DoKTMwOdExzYu_0SevL=w408-h544-k-no,true,Open 24 hours,Open 24 hours,Open 24 hours,Open 24 hours,Open 24 hours,Open 24 hours,Open 24 hours,"https://www.google.com/maps/search/tree+service+businesses+in+DeLand+Daytona+Beach+FL/@29.028318,-81.3031179,14z",2026-04-29T05:05:14.811Z,,,
https://www.google.com/maps/place/God%27s+Country+Tree+Service/data=!4m7!3m6!1s0x88e7171ecc120457:0x8a9d79e724621472!8m2!3d29.0797006!4d-81.3393707!16s%2Fg%2F11f3wc52wx!19sChIJVwQSzB4X54gRchRiJOd5nYo,God's Country Tree Service,4.8,84,Tree service,"3220 Oaklea Dr, DeLand, FL 32720, United States","3MH6+V7 DeLand, Florida, USA",https://www.facebook.com/godscountrytree,+1 407-280-3484,"Closed · Opens 7 am

Updated by this business 6 weeks ago",,https://lh3.googleusercontent.com/gps-cs-s/APNQkAGOx63U7rmjx-hMUjZcz5-M9njUSmJqLg0gAAEH3kGTduuYt2nqqqbnRr8Oami2ujBC-oV4GA3L7lfbVsXix_FDpjTYiRWXSkjrp0ZQiCRxqkL6M6s82V5BlLGzmTfXlktvrKG2m_u2T3wU=w408-h697-k-no,true,7 am–10 pm,7 am–10 pm,7 am–10 pm,8 am–9 pm,Closed,7 am–10 pm,7 am–10 pm,"https://www.google.com/maps/search/tree+service+businesses+in+DeLand+Daytona+Beach+FL/@29.028318,-81.3031179,14z",2026-04-29T05:05:19.192Z,,,
https://www.google.com/maps/place/Pro+Trim+Tree+Services/data=!4m7!3m6!1s0x88e71c7c43a12963:0x3fe570f6e779b541!8m2!3d29.140794!4d-81.172182!16s%2Fg%2F11g7njdq7d!19sChIJYymhQ3wc54gRQbV55_Zw5T8,Pro Trim Tree Services,4.9,122,Tree service,,,https://www.protrimtrees.com/,+1 407-462-1603,Open 24 hours,,https://lh3.googleusercontent.com/gps-cs-s/APNQkAEXo6-5k5VOBIu-t-rD6vasoW20MGDeVe7DOQdCSGFaDUWtYovEzbsGIXcbYcGwUU-QMkXv5aCqYgZDfOgTTlMNEbJAxrlcIeQy6Bf_UVnd2dLHb-5mMgZKlMV238-rQDgGhGKTs9nDgMgh=w408-h306-k-no,true,Open 24 hours,Open 24 hours,Open 24 hours,Open 24 hours,Open 24 hours,Open 24 hours,Open 24 hours,"https://www.google.com/maps/search/tree+service+businesses+in+DeLand+Daytona+Beach+FL/@29.028318,-81.3031179,14z",2026-04-29T05:05:23.945Z,,,
https://www.google.com/maps/place/J%26B%27s+Tree+Services+LLC/data=!4m7!3m6!1s0x88e71bf70c7c5da3:0xe775f78f911330c0!8m2!3d28.9657091!4d-81.2994795!16s%2Fg%2F1tfbjk1h!19sChIJo118DPcb54gRwDATkY_3dec,J&B's Tree Services LLC,4.9,89,Tree service,"2009 N Volusia Ave, Orange City, FL 32763, United States","XP82+76 Orange City, Florida, USA",http://www.jandbstreeservices.com/,+1 386-804-7145,Open 24 hours,,https://lh3.googleusercontent.com/gps-cs-s/APNQkAFofm4i5XQVt5VCCtR92HDaom5KNFdh9mqc5xjQi4hez2SKte4yBcjy1DvhBxBd_ZDoh_Shohqamlc_jcaDSytm1Vynf5igD_VBalYVpWm6AcEzc2roVZL9qwoVSnJNKwJh6iMLkF5_Kd9l=w408-h329-k-no,true,Open 24 hours,Open 24 hours,Open 24 hours,Open 24 hours,Open 24 hours,Open 24 hours,Open 24 hours,"https://www.google.com/maps/search/tree+service+businesses+in+DeLand+Daytona+Beach+FL/@29.028318,-81.3031179,14z",2026-04-29T05:05:28.301Z,,,
https://www.google.com/maps/place/Treeworknow.Com/data=!4m7!3m6!1s0x88e71b489f965ff5:0xd909c2546d50d9f3!8m2!3d28.888821!4d-81.310551!16s%2Fg%2F11g6vg69l0!19sChIJ9V-Wn0gb54gR89lQbVTCCdk,Treeworknow.Com,4.9,126,Tree service,,,http://treeworknow.com/,+1 386-747-8933,Closed · Opens 7 am,,https://lh3.googleusercontent.com/gps-cs-s/APNQkAHm2FQqtAaOIdg_30RNtEj2Hh-rTMj36pgNTE3q9PqkdEmg656HFKx89k9sFyuecech_Awx5NM0twvg--aamvilqEu9v3LT8qvFAYNpZ175l8TsZNmWScW0lb3_7JiZeFkvs_uJpA=w426-h240-k-no,true,7 am–7 pm,7 am–7 pm,7 am–7 pm,7 am–7 pm,Closed,7 am–7 pm,7 am–7 pm,"https://www.google.com/maps/search/tree+service+businesses+in+DeLand+Daytona+Beach+FL/@29.028318,-81.3031179,14z",2026-04-29T05:05:32.625Z,,,
https://www.google.com/maps/place/McBride+Land+Services/data=!4m7!3m6!1s0x88e71b51a0f9d1dd:0x69547c3164c8892!8m2!3d29.0225621!4d-81.172182!16s%2Fg%2F11gy63j4tv!19sChIJ3dH5oFEb54gRkohMFsNHlQY,McBride Land Services,4.8,155,Lawn care service,,,https://www.mcbridelandservices.com/,+1 386-216-6685,Closed · Opens 8:30 am,,https://lh3.googleusercontent.com/gps-cs-s/APNQkAHiELiB2DdE2UHjSZy4ET_gizdutAI-jTUK4bqIus9Kasxiobj10g6Bl6IgcISKUK3PUATHJ-LFWyE_N9dwidijIInOu0o1ikIdDrNWNqdIfOsX8ObBo7ctMopeVIMCq5zFNxdB=w408-h428-k-no,true,8:30 am–5:30 pm,8:30 am–5:30 pm,8:30 am–5:30 pm,Closed,Closed,8:30 am–5:30 pm,8:30 am–5:30 pm,"https://www.google.com/maps/search/tree+service+businesses+in+DeLand+Daytona+Beach+FL/@29.028318,-81.3031179,14z",2026-04-29T05:05:36.957Z,,,
https://www.google.com/maps/place/GrassHopper/data=!4m7!3m6!1s0x88e71b44d490ebef:0x2acab5099fbdfbea!8m2!3d28.7772665!4d-81.142655!16s%2Fg%2F11fqsstq41!19sChIJ7-uQ1EQb54gR6vu9nwm1yio,GrassHopper,4.8,190,Landscape designer,,,http://www.ghlawns.com/,+1 407-548-4006,Closed · Opens 7 am,,https://lh3.googleusercontent.com/gps-cs-s/APNQkAED0xAddRAOjn6yT0_tpguxslKxPp-1iSAIKLrVPvCrRJcbpTfPq1164ROkeVUQNsDzzI0j3pNnw0scAU5O-3y-KReOV4eH2RdOem3SOM9vMwmagpHJECv9N5SFksIGQ1Die5Qa=w408-h544-k-no,true,7 am–9 pm,7 am–9 pm,7 am–9 pm,7 am–9 pm,7 am–9 pm,7 am–9 pm,7 am–9 pm,"https://www.google.com/maps/search/tree+service+businesses+in+DeLand+Daytona+Beach+FL/@29.028318,-81.3031179,14z",2026-04-29T05:05:41.157Z,,,
https://www.google.com/maps/place/Your+Tree+Services/data=!4m7!3m6!1s0x88e77235941c0a3d:0x1f73beb73c790d72!8m2!3d28.984099!4d-81.4172414!16s%2Fg%2F1q6h_ddwv!19sChIJPQoclDVy54gRcg15PLe-cx8,Your Tree Services,5.0,120,Tree service,"32500 Ponderosa Ave, DeLand, FL 32720, United States","XHMM+J4 DeLand, Florida, USA",https://yourtreeservices.com/,+1 321-303-1677,Closed · Opens 8 am,,https://lh3.googleusercontent.com/gps-cs-s/APNQkAFPSPB6YlIaQTMxqa29JJjQFVqd4sj_Tukn8DUGNeX8OWSXBatHmm2SWg2JU0vfCalKCZZ7kT5KHmLQo8_Mq-HBhRtKNNPtaO4ncdj0cOICnrQmsjk2LIEiujIIvyaZtnTopxkanQ=w408-h394-k-no,true,8 am–5 pm,8 am–5 pm,8 am–5 pm,Closed,Closed,8 am–5 pm,8 am–5 pm,"https://www.google.com/maps/search/tree+service+businesses+in+DeLand+Daytona+Beach+FL/@29.028318,-81.3031179,14z",2026-04-29T05:05:47.779Z,,,
https://www.google.com/maps/place/Alltimate+Tree+Care/data=!4m7!3m6!1s0x88e71b41ea7925ef:0x833974849c94af23!8m2!3d29.0267501!4d-81.3247921!16s%2Fg%2F11kj4psvdd!19sChIJ7yV56kEb54gRI6-UnIR0OYM,Alltimate Tree Care,4.5,77,Tree service,"1010 Forest Ave, DeLand, FL 32720, United States","2MGG+P3 DeLand, Florida, USA",https://alltimatetreecare.com/,+1 386-624-4097,Closed · Opens 8 am,Identifies as veteran-owned,https://lh3.googleusercontent.com/gps-cs-s/APNQkAFORFDZI5InGbE1M15o9hPxif8Dj1r2i2Kdp2W9KZn_ekMNphjsR7ZrFpsBWmrxd6PRzPsb6wekEXOk1wRX91UyrsUVdr4bA5ajEBKQqed81uluEnWgmYqWR6ujm59mC9RHo6oYy8-LcrLp=w426-h240-k-no,true,8 am–6:30 pm,8 am–6:30 pm,8 am–6:30 pm,8 am–6:30 pm,Closed,8 am–6:30 pm,8 am–6:30 pm,"https://www.google.com/maps/search/tree+service+businesses+in+DeLand+Daytona+Beach+FL/@29.028318,-81.3031179,14z",2026-04-29T05:05:52.165Z,,,
https://www.google.com/maps/place/Southern+Oasis+Land+Management+LLC/data=!4m7!3m6!1s0x2d625c3d7809e107:0xab4c65a9724c98ed!8m2!3d28.8896756!4d-81.172182!16s%2Fg%2F11yhs6b044!19sChIJB-EJeD1cYi0R7ZhMcqllTKs,Southern Oasis Land Management LLC,5.0,9,Tree service,,,,+1 386-624-1792,Open 24 hours,,https://lh3.googleusercontent.com/gps-cs-s/APNQkAHq_h8gpFj-brC4k5XjiNX7d6KDPRMnsQbBnpwdVRjSZVCO3VQ1BL2F3tGmUByH4Ib6-uxYS2uOj0hh-s2_ydBKNPfLW22fQAsAD-WwrN3GFMkY4talGo8HBoMbWigay8YL3ye9aSwiHf8a=w408-h306-k-no,true,Open 24 hours,Open 24 hours,Open 24 hours,Open 24 hours,Open 24 hours,Open 24 hours,Open 24 hours,"https://www.google.com/maps/search/tree+service+businesses+in+DeLand+Daytona+Beach+FL/@29.028318,-81.3031179,14z",2026-04-29T05:05:56.394Z,,,
https://www.google.com/maps/place/Walkers+Land+Clearing+%26+Tree+Service/data=!4m7!3m6!1s0x88e71ba77f4b992b:0x81f6a196ee22df5e!8m2!3d29.0304955!4d-81.741734!16s%2Fg%2F11h0cd916f!19sChIJK5lLf6cb54gRXt8i7pah9oE,Walkers Land Clearing & Tree Service,4.9,147,Tree service,,,,+1 386-837-8306,Open 24 hours,,https://lh3.googleusercontent.com/gps-cs-s/APNQkAE2mxP8xrY5J4GlisQOMPFDHxiO7XITuNyZkT8JquncJ2VqgxIK1t2xXvL-0oT_doMR0ohVEf_ZFu7sWldsK6c50JhJX3osyekXS3FsE6GztGZYdJnjUpMcX-LDiT-GWXMlTNRbU-PveAGT=w408-h544-k-no,true,Open 24 hours,Open 24 hours,Open 24 hours,Open 24 hours,Open 24 hours,Open 24 hours,Open 24 hours,"https://www.google.com/maps/search/tree+service+businesses+in+DeLand+Daytona+Beach+FL/@29.028318,-81.3031179,14z",2026-04-29T05:06:00.582Z,,,
https://www.google.com/maps/place/A%26E+SantiRios+LLC/data=!4m7!3m6!1s0x8944a21379b38943:0x71f4e0031390299!8m2!3d29.0225621!4d-81.1966265!16s%2Fg%2F11yp4k_zdh!19sChIJQ4mzeROiRIkRmQI5MQBOHwc,A&E SantiRios LLC,5.0,25,Lawn care service,,,https://www.santiriospropertycare.com/,+1 386-349-3443,Closed · Opens 8 am,Identifies as Latino-owned,https://lh3.googleusercontent.com/gps-cs-s/APNQkAF3QfCCZvE29uAPigIpnKAawd_AP6bA-xqIGe0evD10ZCLCTJKjIy4dIluB0Qj2iHES1j1ikGvqeWB1t2TbRas8CqeaQTJZPLXLUpbAwSKE-6gVJcJ1n4muLZed8wfKQA79M_oV7DNSY1ZI=w408-h306-k-no,true,8 am–5 pm,8 am–5 pm,8 am–5 pm,8 am–5 pm,1–5 pm,8 am–5 pm,8 am–5 pm,"https://www.google.com/maps/search/tree+service+businesses+in+DeLand+Daytona+Beach+FL/@29.028318,-81.3031179,14z",2026-04-29T05:06:04.937Z,,,
https://www.google.com/maps/place/Tucker%27s+Tree+%26+Bobcat+Services/data=!4m7!3m6!1s0x88e71bba21c88f91:0x11a33b91ee54077c!8m2!3d28.717589!4d-81.2986165!16s%2Fg%2F11snyv19k1!19sChIJkY_IIbob54gRfAdU7pE7oxE,Tucker's Tree & Bobcat Services,4.8,68,Tree service,,,http://www.tuckerstreefl.com/,+1 386-804-0370,Open 24 hours,,https://lh3.googleusercontent.com/gps-cs-s/APNQkAHmWllODhyEyOgeGSpKjAAg8XmMVqeaLaGpV2T0kehgW0SmYJ2qo90v5UYX7sGiZP24ccZd_famKECnKvmWpSvN43EWjZwfCG6V3zc0TgxepC6G-9qBwmF0pZfwSjmvBFHA_mS5=w408-h544-k-no,true,Open 24 hours,Open 24 hours,Open 24 hours,Open 24 hours,Open 24 hours,Open 24 hours,Open 24 hours,"https://www.google.com/maps/search/tree+service+businesses+in+DeLand+Daytona+Beach+FL/@29.028318,-81.3031179,14z",2026-04-29T05:06:09.511Z,,,
https://www.google.com/maps/place/Arbor+X+Tree+Care+LLC/data=!4m7!3m6!1s0x2ff6419030753f7:0x64b892a4af682465!8m2!3d29.467138!4d-81.714863!16s%2Fg%2F11y8338603!19sChIJ91MHAxlk_wIRZSRor6SSuGQ,Arbor X Tree Care LLC,4.8,121,Tree service,,,http://www.arborxtreecarefl.com/,+1 386-378-5640,Closed · Opens 8 am,,https://lh3.googleusercontent.com/gps-cs-s/APNQkAEVzMV3MJN3WPZhM2b-8d-gjC8TA9yHbeNT0DwO5QUbQZDeeIm0phtZeS43_F76VuP1zsyo-R1LkC_tOadK8KcT5KGVpwYlv_eQNk-7wEwMH75TENf9P1ng0TWUEG2yAf_SNGjvjOeZoBED=w408-h306-k-no,true,8 am–6 pm,8 am–6 pm,8 am–6 pm,Closed,Closed,8 am–6 pm,8 am–6 pm,"https://www.google.com/maps/search/tree+service+businesses+in+DeLand+Daytona+Beach+FL/@29.028318,-81.3031179,14z",2026-04-29T05:06:13.723Z,,,
https://www.google.com/maps/place/Narrow+path+tree+service/data=!4m7!3m6!1s0x88e71dc55c04625f:0x6a146f1305642b3d!8m2!3d35.5298309!4d-83.433399!16s%2Fg%2F11n29n_jh2!19sChIJX2IEXMUd54gRPStkBRNvFGo,Narrow path tree service,4.8,65,Tree service,,,,+1 386-301-9501,Open 24 hours,,https://lh3.googleusercontent.com/gps-cs-s/APNQkAHesgfzPDprGFb8byQzvZITI73qXPU6uMM4WcR8JrYAyybkJcDKT5ISEYFMfQDUmmA22nk91lMa_gzEnZsMsB8M-f9I19LRbJM-x9y76Oh229WMLeE8WkpDjfC4FlforsI93sir=w408-h253-k-no,true,Open 24 hours,Open 24 hours,Open 24 hours,Open 24 hours,Closed,Open 24 hours,Open 24 hours,"https://www.google.com/maps/search/tree+service+businesses+in+DeLand+Daytona+Beach+FL/@29.028318,-81.3031179,14z",2026-04-29T05:06:17.968Z,,,
https://www.google.com/maps/place/Tree+Service+Near+Me/data=!4m7!3m6!1s0x8bbae7ba3b409bb5:0x909ac29ca450559b!8m2!3d29.1077708!4d-81.269464!16s%2Fg%2F11y69qqry0!19sChIJtZtAO7rnuosRm1VQpJzCmpA,Tree Service Near Me,5.0,6,Tree service,"4025 Marsh Rd, DeLand, FL 32724, United States","4P5J+46 DeLand, Florida, USA",https://treeservicenearme.ai/,+1 386-243-2747,,LGBTQ+ friendly,https://lh3.googleusercontent.com/gps-cs-s/APNQkAFJXfFiruxJ-VLenWbxgwo6crQqV0PNx5WFnUNAUBKQHrMSWVVjX3NCD5C4E7n-P_GFQYjMrIBju_KyPzc0cjgBltdRj5ukF-6WyTVd4d3e6_MwyYICkyAFh3dhnmrjMBZup3VJIqPHSgA=w426-h240-k-no,true,Open 24 hours,Open 24 hours,Open 24 hours,Open 24 hours,Open 24 hours,Open 24 hours,Open 24 hours,"https://www.google.com/maps/search/tree+service+businesses+in+DeLand+Daytona+Beach+FL/@29.028318,-81.3031179,14z",2026-04-29T05:06:22.198Z,,,
https://www.google.com/maps/place/Quality+Green+Specialists/data=!4m7!3m6!1s0x88e71d3f1ce01aa5:0x7f9bc8a5237010dc!8m2!3d29.0337765!4d-81.3085657!16s%2Fg%2F11h6rqzlz2!19sChIJpRrgHD8d54gR3BBwI6XIm38,Quality Green Specialists,4.7,68,Plant nursery,"335 W Michigan Ave, DeLand, FL 32720, United States","2MMR+GH DeLand, Florida, USA",https://qualitygreenspecialists.com/?utm_source=google&utm_medium=organic&utm_campaign=gbp,+1 386-734-8000,Closed · Opens 9 am,,https://lh3.googleusercontent.com/gps-cs-s/APNQkAHsjYxg7nwOfk9JSkV5_09t_R2eeo0dbVIcEM_0oxS-N_1WK2xRwV3FsgyqDI0yaC-cNv0CYZdwBj0sZ60Ac_beqoHX5bnOTFjLEpefvSVS_w2KAdRu31zImoU3dkQQb5AlCvu4=w408-h306-k-no,true,9 am–4 pm,9 am–4 pm,9 am–4 pm,9 am–4 pm,9 am–4 pm,9 am–4 pm,9 am–4 pm,"https://www.google.com/maps/search/tree+service+businesses+in+DeLand+Daytona+Beach+FL/@29.028318,-81.3031179,14z",2026-04-29T05:06:26.630Z,,,
https://www.google.com/maps/place/U.S.+Lawns+-+Sanford/data=!4m7!3m6!1s0x88e715f7dd9c7eaf:0xf959ce7bd73f4edd!8m2!3d29.5785369!4d-82.654463!16s%2Fg%2F1yfj43mcd!19sChIJr36c3fcV54gR3U4_13vOWfk,U.S. Lawns - Sanford,4.5,8,Landscaper,,,https://uslawns.com/locations/fl/sanford/,+1 407-926-0366,Open 24 hours,,https://lh3.googleusercontent.com/gps-cs-s/APNQkAF37NNxj4CM46DgnNQjbbruyUDRRKGHFkr-GrJ5k_XxzGzhQXechMXkcT9xFu0qqpKgvAU7GFNdsuvf8T8i5CIgf8S0kQVA9FHCEgTdlG6RX7WtagmB7ZEqDpSzf_BYC5zuCx_W=w408-h257-k-no,true,Open 24 hours,Open 24 hours,Open 24 hours,Open 24 hours,Open 24 hours,Open 24 hours,Open 24 hours,"https://www.google.com/maps/search/tree+service+businesses+in+DeLand+Daytona+Beach+FL/@29.028318,-81.3031179,14z",2026-04-29T05:06:31.252Z,,,
https://www.google.com/maps/place/Duval+and+Son+Services/data=!4m7!3m6!1s0x88e71798427f18ab:0x5a6267b60eac360!8m2!3d28.9222035!4d-81.1986491!16s%2Fg%2F11c6cq2tz_!19sChIJqxh_QpgX54gRYMPqYHsmpgU,Duval and Son Services,4.9,367,Tree service,"2101 Hainlin Ct, Deltona, FL 32738, United States","WRC2+VG Deltona, Florida, USA",http://www.duvaltreeandbobcat.com/,+1 386-717-4959,Open 24 hours,LGBTQ+ friendly,https://lh3.googleusercontent.com/gps-cs-s/APNQkAGAmBl-GdhXrQxmmLLs_MLu6ofZcjwyh1LhQ2qpGrXti5vyvEvpfzrIUO-xy6kZCdU7Eao5yox98wHWEPkehg9zwOOBVMWFghzi3B4tJBbiXdX0c9wyQMUHyf6Ql7N3XAG7pPib9A=w426-h240-k-no,true,Open 24 hours,Open 24 hours,Open 24 hours,Open 24 hours,Open 24 hours,Open 24 hours,Open 24 hours,"https://www.google.com/maps/search/tree+service+businesses+in+DeLand+Daytona+Beach+FL/@29.028318,-81.3031179,14z",2026-04-29T05:06:35.545Z,,,
https://www.google.com/maps/place/Keeping+Florida+Beautiful+Landscaping/data=!4m7!3m6!1s0x88e71b9458aa4d77:0x45e365c547592579!8m2!3d29.0213405!4d-81.2911355!16s%2Fg%2F11f1x1fhk2!19sChIJd02qWJQb54gReSVZR8Vl40U,Keeping Florida Beautiful Landscaping,5.0,1,Landscaper,,,,+1 386-222-0651,Closed · Opens 8 am,,https://lh3.googleusercontent.com/gps-cs-s/APNQkAE7X1IP0nyW-sJV5Kkofu6LNNVwioY-RGOgb1A6yYZI1qOd6Yqs4hAlmSlWlqsdixSYj5wr6Srvki0XtCKjPYki2iIF0_LUo38qi_-pJ-zqMG-djbI_aMkRPpuwwdLWq0_4hVc=w408-h407-k-no,true,8 am–5 pm,8 am–5 pm,8 am–5 pm,Closed,Closed,8 am–5 pm,8 am–5 pm,"https://www.google.com/maps/search/tree+service+businesses+in+DeLand+Daytona+Beach+FL/@29.028318,-81.3031179,14z",2026-04-29T05:06:39.731Z,,,
https://www.google.com/maps/place/Grand+Ave+Recycling+and+Disposal/data=!4m7!3m6!1s0x88e705f33f913801:0x9876b992a5cdd8fb!8m2!3d29.0344333!4d-81.3479843!16s%2Fg%2F11ghxpz74x!19sChIJATiRP_MF54gR-9jNpZK5dpg,Grand Ave Recycling and Disposal,4.3,14,Recycling center,"480 Grand Ave, DeLand, FL 32720, United States","2MM2+QR DeLand, Florida, USA",https://gelrecycling.com/?UTM_source=GMB_listing&UTM_medium=organic,+1 386-624-6341,Closed · Opens 7 am,,https://lh3.googleusercontent.com/gps-cs-s/APNQkAEu5NFWIGpRP4wuNbfbkz4VQfH0Vh5f622G_JTSxLI4uK9JG92lGpATEtfbEFiQF2hksNwfnZ3iULQf6_RBPv7M_JfmIDfEMXFwkV_ijG55g9pa66eWFi3sD_USyLw9xTH2LkI7_g=w408-h306-k-no,true,7 am–4 pm,7 am–4 pm,7 am–4 pm,8 am–2 pm,Closed,7 am–4 pm,7 am–4 pm,"https://www.google.com/maps/search/tree+service+businesses+in+DeLand+Daytona+Beach+FL/@29.028318,-81.3031179,14z",2026-04-29T05:06:44.083Z,,,
https://www.google.com/maps/place/Southern+Oasis+Land+Management+LLC/data=!4m7!3m6!1s0x88e71bb19576f72f:0xaaeadbce2fbcb778!8m2!3d29.0161289!4d-81.3361212!16s%2Fg%2F11yhv136bj!19sChIJL_d2lbEb54gReLe8L87b6qo,Southern Oasis Land Management LLC,5.0,2,Landscaper,"1514 W Winnemissett Ave, DeLand, FL 32720, United States","2M87+FH DeLand, Florida, USA",,+1 386-624-1792,Open 24 hours,LGBTQ+ friendly,https://lh3.googleusercontent.com/gps-cs-s/APNQkAFpeNaQkQshiqF_0ip66ZCPtPXxjRPlgBuzU1BnYKs0qkA6MGTx5ZqYqV7DFSeCIa9kELUy-1Gl7hSyJAhUDV0AzEo6JlRUZSBfzKRH23diVjUlyqmepDgyzOL-gATTbqb45xvPaFzF28zz=w408-h544-k-no,true,Open 24 hours,Open 24 hours,Open 24 hours,Open 24 hours,Open 24 hours,Open 24 hours,Open 24 hours,"https://www.google.com/maps/search/tree+service+businesses+in+DeLand+Daytona+Beach+FL/@29.028318,-81.3031179,14z",2026-04-29T05:06:48.240Z,,,
https://www.google.com/maps/place/Arnie+Barrow+Stump+Grinding/data=!4m4!3m3!1s0x88e71b2238f98c39:0x8f10c9a78ef9ff34!16s%2Fg%2F1tff_9y4!19sChIJOYz5OCIb54gRNP_5jqfJEI8,Arnie Barrow Stump Grinding,4.8,49,Tree service,,,http://www.stumpgrindingdeland.com/,+1 386-747-6566,Open 24 hours,,https://lh3.googleusercontent.com/gps-cs-s/APNQkAFYL32ytfS9T0KtuWqneI0aQ1gdXAc2syGQoNRRsXwt4-XYKWkjWibrGprfn9sDzi3u8xAuNLUy05bz5zugQuSetytPqn2jByuxBfDmM8-H-WvyKXfVorKnMB4ojMJKMIB6SqOQ9g=w408-h271-k-no,true,Open 24 hours,Open 24 hours,Open 24 hours,Open 24 hours,Open 24 hours,Open 24 hours,Open 24 hours,"https://www.google.com/maps/search/tree+service+businesses+in+DeLand+Daytona+Beach+FL/@29.028318,-81.3031179,14z",2026-04-29T05:06:52.719Z,,,
https://www.google.com/maps/place/DeLand+Land+Clearing/data=!4m7!3m6!1s0x88e71bbdd625359d:0x6780295612078800!8m2!3d29.0122092!4d-81.2932376!16s%2Fg%2F11pv2ht5s3!19sChIJnTUl1r0b54gRAIgHElYpgGc,DeLand Land Clearing,1.0,1,Excavating contractor,"560 E Samuel St, DeLand, FL 32724, United States","2P64+VP DeLand, Florida, USA",https://www.delandlandclearing.com/,+1 386-343-5739,Closed · Opens 9 am,,https://lh3.googleusercontent.com/gps-cs-s/APNQkAGV1WdCEqk0K3_YK-ul8Eql7whwfy5VOzSKrsnjfzvW7lgaHEbmwdNqV8RL3s2s7bSxEzieyDWxO_eA2gUooJSvWda_ps1wrzd9KRw2J-SeNzatqkOFhBiC8aRWUMbt1GOqOqCTvg=w408-h307-k-no,true,9 am–5 pm,9 am–5 pm,9 am–5 pm,Closed,Closed,9 am–5 pm,9 am–5 pm,"https://www.google.com/maps/search/tree+service+businesses+in+DeLand+Daytona+Beach+FL/@29.028318,-81.3031179,14z",2026-04-29T05:06:56.955Z,,,
https://www.google.com/maps/place/A+Place+In+the+Son+Nursery+Home+of+Peerless+Landscape+and+Irrigation/data=!4m7!3m6!1s0x88e71be7a4607925:0xec940119e8f2aa4c!8m2!3d29.018996!4d-81.26065!16s%2Fg%2F1xtf2d1v!19sChIJJXlgpOcb54gRTKry6BkBlOw,A Place In the Son Nursery Home of Peerless Landscape and Irrigation,4.9,94,Plant nursery,"600 S Kepler Rd, DeLand, FL 32724, United States","2P9Q+HP DeLand, Florida, USA",,+1 386-740-1330,,,https://lh3.googleusercontent.com/gps-cs-s/APNQkAGd2eA0L1XvQSSUaZ0StyUUXaCzPeM-HKbCO3lmrK6ndErs0bfUv0HXfUagb0FphqiW9z7U1vBFeqV0DJ7BI_ccmQ9Wl_p5P3gpb0B9vU4587PjihMzRcE5AfHXLKiS-yUophrqwEnIePsj=w408-h306-k-no,true,8 am–5 pm,8 am–5 pm,8 am–5 pm,9 am–4 pm,10 am–3 pm,Closed,8 am–5 pm,"https://www.google.com/maps/search/tree+service+businesses+in+DeLand+Daytona+Beach+FL/@29.028318,-81.3031179,14z",2026-04-29T05:07:01.386Z,· Dogs allowed,,
https://www.google.com/maps/place/All+American+Tree+Specialist+LLC/data=!4m7!3m6!1s0x88e717032effb72b:0x14b2efebecb22a98!8m2!3d28.9176592!4d-81.2235678!16s%2Fg%2F11pc20v2tb!19sChIJK7f_LgMX54gRmCqy7OvvshQ,All American Tree Specialist LLC,4.6,80,Tree service,"1760 W Acadian Dr, Deltona, FL 32725, United States","WQ9G+3H Deltona, Florida, USA",http://www.allamericantreework.com/,+1 386-299-8307,Open 24 hours,,https://lh3.googleusercontent.com/gps-cs-s/APNQkAHc8LsJSP4MCVx1wmenw_EJbeLB8sHi9hH49nXY80WtGisQ-Jm_vY9jsggoqEvRTfFYNnHMJ68tek-14p82LekIZrmfGk3A_eA39vrjc7lUYpEMTG9mFmcY1Bv-8joL2N9fk3LYww=w408-h544-k-no,true,Open 24 hours,Open 24 hours,Open 24 hours,Open 24 hours,Open 24 hours,Open 24 hours,Open 24 hours,"https://www.google.com/maps/search/tree+service+businesses+in+DeLand+Daytona+Beach+FL/@29.028318,-81.3031179,14z",2026-04-29T05:07:05.797Z,,,
https://www.google.com/maps/place/Leach%E2%80%99s+anytime+junk+removal/data=!4m7!3m6!1s0x46343df59d070d71:0x2e7e6e0ae2863273!8m2!3d29.0239167!4d-81.3097305!16s%2Fg%2F11sjwp3lgq!19sChIJcQ0HnfU9NEYRczKG4gpufi4,Leach’s anytime junk removal,5.0,166,Junk removal service,"312 S Delaware Ave, DeLand, FL 32720, United States","2MFR+H4 DeLand, Florida, USA",http://leachsanytimejunkremoval.com/,+1 702-726-0925,,LGBTQ+ friendly,https://lh3.googleusercontent.com/gps-cs-s/APNQkAG4NUv26souz11_B2g3sxK7S5hWCkBJ6PwNL0D3SK0nvpAbOntz5uNbTCTwhUGxBivyBh-YAEnUpmFZIcGho7fDsreDRWW6cnZYMIoH3M59I9YSGfKHT_GV47gWR-rJ_d4f4Lri=w408-h544-k-no,true,8 am–5 pm,8 am–5 pm,8 am–5 pm,8 am–5 pm,8 am–5 pm,8 am–5 pm,8 am–5 pm,"https://www.google.com/maps/search/tree+service+businesses+in+DeLand+Daytona+Beach+FL/@29.028318,-81.3031179,14z",2026-04-29T05:07:10.243Z,,,
https://www.google.com/maps/place/Volusia+Bobcat+%26+Tree+Service/data=!4m7!3m6!1s0x25cd0f9a7540ad73:0x5ea4555f143d5dac!8m2!3d28.8775276!4d-81.2976383!16s%2Fg%2F11vtbqwyfg!19sChIJc61AdZoPzSURrF09FF9VpF4,Volusia Bobcat & Tree Service,4.7,136,Tree service,"210 Valencia Rd, DeBary, FL 32713, United States","VPH2+2W DeBary, Florida, USA",https://vbtreeremoval.com/,+1 386-675-7898,,LGBTQ+ friendly,https://lh3.googleusercontent.com/gps-cs-s/APNQkAGbtiE-koYe42XIZOJ3O8eI-rIbPgkW9xw-jkKzp1kyWWvJNqp3qkbyvlDBMdW6ryEydwfw3yvIa4IFIz861F3dGu_oBl3zmMVzdZilNob3GeCoTwpbEx2hF9nXDnzd7sufDdFq6YW6MpAv=w426-h240-k-no,true,Open 24 hours,Open 24 hours,Open 24 hours,Open 24 hours,Open 24 hours,Open 24 hours,Open 24 hours,"https://www.google.com/maps/search/tree+service+businesses+in+DeLand+Daytona+Beach+FL/@29.028318,-81.3031179,14z",2026-04-29T05:07:14.930Z,,,
https://www.google.com/maps/place/Green+Acres+Lawnscaping/data=!4m7!3m6!1s0x88e71b2a7eb4bc3f:0x415289b37d0e7f39!8m2!3d29.0447805!4d-81.1171906!16s%2Fg%2F11jhtmv22k!19sChIJP7y0fiob54gROX8OfbOJUkE,Green Acres Lawnscaping,4.6,9,Landscaper,,,,+1 386-956-8553,Closed · Opens 8 am,,https://lh3.googleusercontent.com/gps-cs-s/APNQkAFsVByieNPiVrSCk259Vtss45CNeuxes0QFv7jVIEv6nGYIyLtyj-yYREb6KJSVDxk9_KucLSIMmi8wc48NRf3XM15Uz_nNtaDA6g8tdMl73C2qPnCJrah7JUYcRdqMWJVozK_o=w408-h306-k-no,true,8 am–5 pm,8 am–5 pm,8 am–5 pm,8 am–2 pm,Closed,8 am–5 pm,8 am–5 pm,"https://www.google.com/maps/search/tree+service+businesses+in+DeLand+Daytona+Beach+FL/@29.028318,-81.3031179,14z",2026-04-29T05:07:19.210Z,,,
"https://www.google.com/maps/place/Cox's+Quality+Tree+Service+Inc./@29.21181,-81.3188907,17z/data=!3m1!4b1!4m6!3m5!1s0x88e71c3ef63d24f1:0x75afa46dfd66e84f!8m2!3d29.21181!4d-81.3188907!16s%2Fg%2F1w0p6g2j",Cox's Quality Tree Service Inc.,5.0,32,Tree service,"6120 FL-11, De Leon Springs, FL 32130, United States","6M6J+PC De Leon Springs, Florida, USA",http://delandtree.com/,+1 386-740-8057,Closed · Opens 8 am,,,true,8 am–5 pm,8 am–5 pm,8 am–5 pm,Closed,Closed,8 am–5 pm,8 am–5 pm,"https://www.google.com/maps/search/tree+service+businesses+in+DeLand+Daytona+Beach+FL/@29.028318,-81.3031179,14z",2026-04-29T05:07:25.727Z,,,
https://www.google.com/maps/place/Pinnacle+Land+Maintenance+Inc/data=!4m7!3m6!1s0x88e71b221b63ffff:0x432cc9952d27326a!8m2!3d29.0039382!4d-81.3187316!16s%2Fg%2F11fnypfp4y!19sChIJ__9jGyIb54gRajInLZXJLEM,Pinnacle Land Maintenance Inc,2.5,11,Landscaper,"850 W Beresford Rd, DeLand, FL 32720, United States","2M3J+HG DeLand, Florida, USA",,+1 386-804-2381,,,https://lh3.googleusercontent.com/gps-cs-s/APNQkAEQqev3UXF0u55Jze7sy-uTTuX7QTB7Awa8hTOb4r9WufNo2kkONMDBPdL1XPqnKiplw7R4PeyEWrg9Wlx2zJf0LB_DiOqSq3yD63r0UGRfIww1glXp4MLW2cVplaIN86iY3sJM=w408-h544-k-no,false,,,,,,,,"https://www.google.com/maps/search/tree+service+businesses+in+DeLand+Daytona+Beach+FL/@29.028318,-81.3031179,14z",2026-04-29T05:07:28.028Z,,,
https://www.google.com/maps/place/True+Outdoors+LLC/data=!4m7!3m6!1s0x88e711fd287f70b5:0x3df311a40585d3f!8m2!3d28.9405681!4d-81.2179221!16s%2Fg%2F11fkll5m1v!19sChIJtXB_KP0R54gRP11YQBox3wM,True Outdoors LLC,5.0,325,Tree service,"1957 Brewster Dr, Deltona, FL 32738, United States","WQRJ+6R Deltona, Florida, USA",https://www.trueoutdoortreeservicesfl.com/,+1 386-242-9035,Closed · Opens 8 am,LGBTQ+ friendly,https://lh3.googleusercontent.com/gps-cs-s/APNQkAHPpFEf42l-fbH4x5MxogtmpshJi37BRJEZfhQqUudsSHi1g3PYDNmO1i3OS1l_Nz-Hc8Utw8c0fukmKzNqp9U9Bi3lwfRYVZHLDaNDmAL_hw2YuDiLegYyiWNQaj-16hjvr0AkyacXMv8=w408-h298-k-no,true,8 am–7 pm,8 am–7 pm,8 am–7 pm,Closed,Closed,8 am–7 pm,8 am–7 pm,"https://www.google.com/maps/search/tree+service+businesses+in+DeLand+Daytona+Beach+FL/@29.028318,-81.3031179,14z",2026-04-29T05:07:32.409Z,,,
https://www.google.com/maps/place/CLIFTON+LANDSCAPING/data=!4m7!3m6!1s0x88e71b5ccad9f5c1:0xc6de32926794a6e1!8m2!3d29.0325886!4d-81.321916!16s%2Fg%2F11b807f8gc!19sChIJwfXZylwb54gR4aaUZ5Iy3sY,CLIFTON LANDSCAPING,4.2,12,Landscaper,"360 Stewart Ave, DeLand, FL 32720, United States","2MMH+26 DeLand, Florida, USA",http://www.cliftonlandscaping.net/,+1 386-785-1500,Closed · Opens 9:30 am,,https://lh3.googleusercontent.com/gps-cs-s/APNQkAGpbglfWB-1vlRJPhILPs3nxgXP6g4-guHXVLGcY3UL1GJ4MmqVcDNKih9yvw6pDIhmvEwjKAb8K7zXxOqGQkoSQxhQFXSRvmMTFzj60pFI1bN80Bjdfymomngemai8uRMFy3U=w408-h282-k-no,true,9:30 am–2 pm,9:30 am–2 pm,9:30 am–2 pm,Closed,Closed,9:30 am–2 pm,9:30 am–2 pm,"https://www.google.com/maps/search/tree+service+businesses+in+DeLand+Daytona+Beach+FL/@29.028318,-81.3031179,14z",2026-04-29T05:07:37.014Z,,,
https://www.google.com/maps/place/Elegant+Earth+Florida/data=!4m7!3m6!1s0x88e711fcab037d09:0x32a541b0e81cf5ab!8m2!3d29.0214816!4d-81.172182!16s%2Fg%2F11fs2855g2!19sChIJCX0Dq_wR54gRq_Uc6LBBpTI,Elegant Earth Florida,5.0,44,Tree service,,,http://www.elegantearthtreeservice.com/,+1 407-431-4501,,,https://lh3.googleusercontent.com/gps-cs-s/APNQkAFr4W_UL9lPQUmHt1xECgPzVbDrLf0IFexAEtNLYkcypzlODWqxUDZujiC5FZmqYQkdXIaaYyJxHmC2_1sJVqntkBaJEcvH58GHhH6T1u2U4aMUsIdn1YcYVxgXsZFnQiTbyQ8=w408-h544-k-no,true,,,,,,,,"https://www.google.com/maps/search/tree+service+businesses+in+DeLand+Daytona+Beach+FL/@29.028318,-81.3031179,14z",2026-04-29T05:07:39.189Z,,,
https://www.google.com/maps/place/Kairos+Outdoors/data=!4m7!3m6!1s0x4f41566a6645609d:0xd4c42f19d6d31f12!8m2!3d29.0225621!4d-81.172182!16s%2Fg%2F11q9j3mf21!19sChIJnWBFZmpWQU8REh_T1hkvxNQ,Kairos Outdoors,5.0,88,Landscaper,,,http://kairosdeland.com/,+1 386-295-6459,Closed · Opens 8:30 am,,https://lh3.googleusercontent.com/gps-cs-s/APNQkAFSIAGXuKABtNiWqw06VxIKo50_oRJL4vsp6Ts0JWWeHsf5k6NCMl1Mtbg6s3FIjw0T93KF94VV9jUW47UKg7kFWqWN121W3HJey1FYKUBHTjEcGUJMq-sbqiRANELjjDREMmTu=w760-h240-k-no,true,8:30 am–4 pm,8:30 am–4 pm,8:30 am–4 pm,Closed,Closed,8:30 am–4 pm,8:30 am–4 pm,"https://www.google.com/maps/search/tree+service+businesses+in+DeLand+Daytona+Beach+FL/@29.028318,-81.3031179,14z",2026-04-29T05:07:43.432Z,,,
https://www.google.com/maps/place/Drop+a+Tree/data=!4m7!3m6!1s0xa167289f1d503661:0x5996cae0474c3c04!8m2!3d27.698638!4d-83.804601!16s%2Fg%2F11xgb6ymz3!19sChIJYTZQHZ8oZ6ERBDxMR-DKllk,Drop a Tree,4.9,15,Tree service,,,https://dropatree.com/,+1 386-414-6673,Open 24 hours,,https://lh3.googleusercontent.com/gps-cs-s/APNQkAGUZEkgTalfGLEpcr7jGHo4Qu-5aujPoIHYby-huaD7KfQsYjq2_Phl6o1WHRUxzxOIE0ahfcfq6pm-zRoc8IgV8CtRqwpifZtwwjuH8RxXWS1vBDFuyp_XKLhKk--4xoMbOnWzpqH1aXMV=w408-h544-k-no,true,Open 24 hours,Open 24 hours,Open 24 hours,Open 24 hours,Open 24 hours,Open 24 hours,Open 24 hours,"https://www.google.com/maps/search/tree+service+businesses+in+DeLand+Daytona+Beach+FL/@29.028318,-81.3031179,14z",2026-04-29T05:07:47.674Z,,,
"https://www.google.com/maps/place/The+Grounds+Guys+of+Deland,+FL/data=!4m7!3m6!1s0x2986f28ec922b141:0x1f50053294e2fa7a!8m2!3d29.0212966!4d-81.133774!16s%2Fg%2F11l6ynm892!19sChIJQbEiyY7yhikRevrilDIFUB8","The Grounds Guys of Deland, FL",5.0,28,Lawn care service,,,https://www.groundsguys.com/deland-fl/?cid=LSTL_GUY000204&utm_source=gmb&utm_campaign=local&utm_medium=organic,+1 386-388-5890,Closed · Opens 7 am,,https://lh3.googleusercontent.com/gps-cs-s/APNQkAGnazHA7fwH6nqcCVP2S3sAr9NvOYzhLrWtzaR8r24proSAZufSRkOZj3XL9ch6w4jNG6evB6iciZcGjIfMp8h9APtE2OtlelKUFG3GfIFGIi1rMHsBoZcaznOu3yO_sUPLifPO8A=w408-h306-k-no,true,7 am–8 pm,7 am–8 pm,7 am–8 pm,7 am–8 pm,Open 24 hours,7 am–8 pm,7 am–8 pm,"https://www.google.com/maps/search/tree+service+businesses+in+DeLand+Daytona+Beach+FL/@29.028318,-81.3031179,14z",2026-04-29T05:07:52.005Z,,,
https://www.google.com/maps/place/Clayton%27s+Quality+Tree+Service+LLC/data=!4m7!3m6!1s0x88e7177ac5cecf3b:0xcfa14319dd11a8fb!8m2!3d28.9123491!4d-81.1768748!16s%2Fg%2F11plgrvrjy!19sChIJO8_OxXoX54gR-6gR3RlDoc8,Clayton's Quality Tree Service LLC,5.0,126,Tree service,"3133 Sky St, Deltona, FL 32738, United States","WR6F+W7 Deltona, Florida, USA",https://claytonsqualitytreeservice.com/,+1 386-804-2477,Open 24 hours,Identifies as veteran-owned,https://lh3.googleusercontent.com/gps-cs-s/APNQkAGoGXVM3jv--8nLepwCimFCon_lTr1yMpPezNzU8xbExRitIXvCRsUldWeNXrDUrq7OrlZoSNb7buODT2pbT16Obf3f8YrOeIxpGX9_yHMueC5V2UBTNI_2a1gtXrRU5AaUcfMbFYBk943k=w408-h544-k-no,true,Open 24 hours,Open 24 hours,Open 24 hours,Open 24 hours,Open 24 hours,Open 24 hours,Open 24 hours,"https://www.google.com/maps/search/tree+service+businesses+in+DeLand+Daytona+Beach+FL/@29.028318,-81.3031179,14z",2026-04-29T05:07:56.509Z,,,
https://www.google.com/maps/place/Affordable+Tree+Service/data=!4m7!3m6!1s0x88e71143dec755cf:0xc354f00436db99e1!8m2!3d28.8767696!4d-81.3146199!16s%2Fg%2F11hlstgrf0!19sChIJz1XH3kMR54gR4ZnbNgTwVMM,Affordable Tree Service,5.0,37,Tree service,"19 Monroe Ave, DeBary, FL 32713, United States","VMGP+P5 DeBary, Florida, USA",,+1 407-558-5789,Open 24 hours,LGBTQ+ friendly,https://lh3.googleusercontent.com/gps-cs-s/APNQkAFm5pyp4PSz4fW5gAMTVUzkGnomyve0bAEmeLdh8D4DF_GmLehgl4rH7kAAWm6OhiKmfwUFGklSSW3M44-jroLtZBEejF8JlBD4wyiMpjF6UtBIl0Z8LploBQh0LJrqkIjle1Jq=w408-h255-k-no,true,Open 24 hours,Open 24 hours,Open 24 hours,Open 24 hours,Open 24 hours,Open 24 hours,Open 24 hours,"https://www.google.com/maps/search/tree+service+businesses+in+DeLand+Daytona+Beach+FL/@29.028318,-81.3031179,14z",2026-04-29T05:08:01.194Z,,,
https://www.google.com/maps/place/Rejoice+Water+Works+-+Irrigation+%26+Wells/data=!4m7!3m6!1s0x8e0d1bafc6c8067b:0xc3072cace3af0170!8m2!3d29.004675!4d-81.327096!16s%2Fg%2F11m_654dyf!19sChIJewbIxq8bDY4RcAGv46wsB8M,Rejoice Water Works - Irrigation & Wells,5.0,28,Lawn sprinkler system contractor,"1311 Blue Ash Ln, DeLand, FL 32720, United States","2M3F+V5 DeLand, Florida, USA",https://rejoiceirrig-gpwnuh9e.manus.space/,+1 407-408-0013,"Closed · Opens 8 am

Confirmed by this business 9 weeks ago",,https://lh3.googleusercontent.com/gps-cs-s/APNQkAHAbyhZhLKeH2kGsIXp_LfiCmSkNUBk1okHFYpiErkhm1_tzYRlLMxvA0th_l9TNx6ryW2XBZgfACKX83EfHmRw-YBGZbbdhNSjp76xokmqeGgaV83fhG4DSnrMlemVHIXZEjM5icFbtnFH=w408-h544-k-no,true,8 am–5 pm,8 am–5 pm,8 am–5 pm,8 am–5 pm,Closed,8 am–5 pm,8 am–5 pm,"https://www.google.com/maps/search/tree+service+businesses+in+DeLand+Daytona+Beach+FL/@29.028318,-81.3031179,14z",2026-04-29T05:08:05.400Z,,,
https://www.google.com/maps/place/Hollis+House/data=!4m7!3m6!1s0x88e71df9f1b76ded:0xbdffffa4e3c79199!8m2!3d29.057121!4d-81.2871961!16s%2Fg%2F11hp8gtw5n!19sChIJ7W238fkd54gRmZHH46T__70,Hollis House,,,Woodworker,"813 Flight Line Blvd Units 25 & 26, DeLand, FL 32724, United States","3P47+R4 DeLand, Florida, USA",http://www.hollishouse.com/,+1 386-337-7144,Closed · Opens 9 am,,https://lh3.googleusercontent.com/gps-cs-s/APNQkAHb2NxX-x-uM6xhzI-C57W18sMHyN1MBie8Y90SHSPrcGjA4b0-q5eofZPG7Q9HRnMxBd83XsLWpQzEU67GYvs1LBaJStPk-Uyl6vsopAFrNI3QxpUmgT_S_yoPwzJ4fEj1KKyZ=w408-h510-k-no,true,9 am–4 pm,9 am–4 pm,9 am–4 pm,Closed,Closed,9 am–4 pm,9 am–4 pm,"https://www.google.com/maps/search/tree+service+businesses+in+DeLand+Daytona+Beach+FL/@29.028318,-81.3031179,14z",2026-04-29T05:08:09.641Z,,,
https://www.google.com/maps/place/Yard+Dogs+Lawn+Care+LLC/data=!4m7!3m6!1s0x88e71d932c17f8a1:0xa342189cdb19336e!8m2!3d29.0657951!4d-81.2648666!16s%2Fg%2F11hynfr5pv!19sChIJofgXLJMd54gRbjMZ25wYQqM,Yard Dogs Lawn Care LLC,4.8,45,Landscaper,"1742 Pine St, DeLand, FL 32724, United States","3P8P+83 DeLand, Florida, USA",http://www.yarddogsfl.com/,+1 386-748-0599,Closed · Opens 7 am,,https://lh3.googleusercontent.com/gps-cs-s/APNQkAFw99AG-vQJ_NRUQek0T9kE-Ot8-7OgXZ4pwlNZHnWrxBLsTPT1rY1-mf0qegYTPo04xV3b7yau-rPlvxr3G2fcpsej6FmsZMt2AUx6bEh0vOuSnjp0ANrxKKNvXH4teMHPUmqiMXRkeek=w408-h544-k-no,true,7 am–5 pm,7 am–5 pm,7 am–5 pm,Closed,Closed,7 am–5 pm,7 am–5 pm,"https://www.google.com/maps/search/tree+service+businesses+in+DeLand+Daytona+Beach+FL/@29.028318,-81.3031179,14z",2026-04-29T05:08:15.935Z,,,
https://www.google.com/maps/place/Ocala+Tree+Service+LLC/data=!4m7!3m6!1s0xacc30f96b0a06fcd:0x36b796ceb5631a4a!8m2!3d29.0631944!4d-81.856879!16s%2Fg%2F11yhfj26s5!19sChIJzW-gsJYPw6wRShpjtc6WtzY,Ocala Tree Service LLC,5.0,5,Tree service,,,https://ocala-tree-service.com/,+1 352-460-3066,Open 24 hours,LGBTQ+ friendly,https://lh3.googleusercontent.com/gps-cs-s/APNQkAFOQ13qUN81dITC5OcmLRuuOVnnIfx2lhSNIT03OminREHSqc1fGfvVjHOiaWZcHGsoeRhu1OcgP3ijxPHmyOv1oMwto5xIGnSu7THwTrOwwYN2r-pq0_MFEZlRMdruLCyut8vjrtfoaxoI=w426-h240-k-no,true,Open 24 hours,Open 24 hours,Open 24 hours,Open 24 hours,Open 24 hours,Open 24 hours,Open 24 hours,"https://www.google.com/maps/search/tree+service+businesses+in+DeLand+Daytona+Beach+FL/@29.028318,-81.3031179,14z",2026-04-29T05:08:20.118Z,,,
https://www.google.com/maps/place/McMaster+Lawn+%26+Pest+Services/data=!4m7!3m6!1s0x88e71d5050c70f1d:0xba61c5d380f908da!8m2!3d29.0570296!4d-81.2956758!16s%2Fg%2F1tf71rsj!19sChIJHQ_HUFAd54gR2gj5gNPFYbo,McMaster Lawn & Pest Services,3.6,45,Lawn care service,"1635 N Garfield Ave, DeLand, FL 32724, United States","3P43+RP DeLand, Florida, USA",https://www.mcmpest.com/,+1 386-985-4343,Closed · Opens 8 am,,https://lh3.googleusercontent.com/gps-cs-s/APNQkAEzwhVx9IgMekVcbZ8fStfZubqovDGdRfbsjFawaPGrRd7Gn9Le5Woz4UDtwISYHaNFdNpk3gIAp9Pxz6m1tyEqxOalsxlpzujtR0DvOKPFPMuk41NG_ySx3t9AgLZe6q2x4yhstg=w426-h240-k-no,true,8 am–4 pm,8 am–4 pm,8 am–4 pm,Closed,Closed,8 am–4 pm,8 am–4 pm,"https://www.google.com/maps/search/tree+service+businesses+in+DeLand+Daytona+Beach+FL/@29.028318,-81.3031179,14z",2026-04-29T05:08:25.124Z,,,
https://www.google.com/maps/place/Hopton%27s+Tree+Service/data=!4m7!3m6!1s0x88e71931261139e9:0xc5f00f29a009890e!8m2!3d28.8826519!4d-81.3202715!16s%2Fg%2F11fmzt3c5w!19sChIJ6TkRJjEZ54gRDokJoCkP8MU,Hopton's Tree Service,4.2,9,Tree service,,,,+1 386-215-3339,Open 24 hours,,https://lh3.googleusercontent.com/gps-cs-s/APNQkAEpvRO3aNaJUuV4fwui2up4J2IlMoNPTVKRm7XJG3FRAabDIusp_kleKBAC0fqsojOJTn3ussimdZwPtfkaEXLZdotJIUisGbOmz2j45fQe6Bbb9nAgiftb0M91543w2ed5DHbGHw=w414-h240-k-no,true,Open 24 hours,Open 24 hours,Open 24 hours,Open 24 hours,Open 24 hours,Open 24 hours,Open 24 hours,"https://www.google.com/maps/search/tree+service+businesses+in+DeLand+Daytona+Beach+FL/@29.028318,-81.3031179,14z",2026-04-29T05:08:31.243Z,,,
https://www.google.com/maps/place/Clint%27s+Land+Services+LLC/data=!4m7!3m6!1s0x88e6821cade75995:0xcc98441c3f386043!8m2!3d29.679648!4d-81.487859!16s%2Fg%2F11b6t81tq9!19sChIJlVnnrRyC5ogRQ2A4PxxEmMw,Clint's Land Services LLC,4.9,28,Tree service,"8655 D Beck Rd, Hastings, FL 32145, United States","MGH6+VV Hastings, Florida, USA",http://clintslandservices.com/,+1 904-669-3137,Closed · Opens 7 am,,https://lh3.googleusercontent.com/gps-cs-s/APNQkAEDVlg8_CgRzM9Pj5i0rED-a2RTPcFF_EnDDH4ZT0bIMEtcP6g0sak5aPs8_m03zxWEkIYijSpztS_7iCMr0ll1th9dlyZ2nsno50hSJOgjBbNePtW5C_agu7n7c_z_Xkio0mWO_yMpev15=w408-h408-k-no,true,7 am–8 pm,7 am–8 pm,7 am–8 pm,7 am–8 pm,Closed,7 am–8 pm,7 am–8 pm,"https://www.google.com/maps/search/tree+service+businesses+in+DeLand+Daytona+Beach+FL/@29.028318,-81.3031179,14z",2026-04-29T05:08:39.875Z,,,
"https://www.google.com/maps/place/U.S.+Lawns+-+Volusia+County/@29.2390306,-81.0393841,10z/data=!3m1!4b1!4m6!3m5!1s0x6191bde7bca86e17:0x7233f760cc1b105a!8m2!3d29.2390306!4d-81.0393841!16s%2Fg%2F11thggj0sl",U.S. Lawns - Volusia County,,,Landscaper,,,https://uslawns.com/locations/fl/east-volusia-county/,+1 407-926-0366,Open 24 hours,,,true,Open 24 hours,Open 24 hours,Open 24 hours,Open 24 hours,Open 24 hours,Open 24 hours,Open 24 hours,"https://www.google.com/maps/search/tree+service+businesses+in+DeLand+Daytona+Beach+FL/@29.028318,-81.3031179,14z",2026-04-29T05:08:45.960Z,,,
https://www.google.com/maps/place/Uplift+Exteriors/data=!4m7!3m6!1s0x58315aff8d6b1af:0x611bac8ad8b934ca!8m2!3d29.0278534!4d-81.3031912!16s%2Fg%2F11ksplkyrl!19sChIJr7HW-K8VgwURyjS52IqsG2E,Uplift Exteriors,4.9,78,Pressure washing service,"100 E New York Ave Suite 103 AA, DeLand, FL 32724, United States","2MHW+4P DeLand, Florida, USA",https://www.upliftexteriors.com/,+1 352-720-0678,Closed · Opens 9 am,,https://lh3.googleusercontent.com/gps-cs-s/APNQkAHg0Yu82NWtBQTEDQcuxKxUSoxbfupxpcwL9hTCEigT4E3IXOGy1j7lewQ3o2NPeolo7a3TJG9nls0aUxJDIhrG9nVyX6-ioIx4KWyVde7uZRA2iZCjPepF-zjqnMxyFpPOqDz0=w408-h544-k-no,true,9 am–5 pm,9 am–5 pm,9 am–5 pm,9 am–5 pm,Closed,9 am–5 pm,9 am–5 pm,"https://www.google.com/maps/search/tree+service+businesses+in+DeLand+Daytona+Beach+FL/@29.028318,-81.3031179,14z",2026-04-29T05:08:50.983Z,,,
"https://www.google.com/maps/place/Driggers+Pest+Control,+Inc./data=!4m7!3m6!1s0x88e71bb2bcb2ef0f:0xe62ee657b1fc3b83!8m2!3d29.028318!4d-81.3031179!16s%2Fg%2F11fv3ch88r!19sChIJD--yvLIb54gRgzv8sVfmLuY","Driggers Pest Control, Inc.",4.9,35,Pest control service,"1350 E New York Ave, DeLand, FL 32724, United States","2MHW+8Q DeLand, Florida, USA",https://www.driggerspestcontrol.com/,+1 386-279-7287,Closed · Opens 8 am,,https://lh3.googleusercontent.com/gps-cs-s/APNQkAFz2ndRWZnYJXV2_0l3pWg6me8U5zPnhm_sOHAvApaSgaz7c3lRAkRNjiphDBcVAtQu1F26AUnUx4zV5P_JhrTuA8qMRFB-TfEto6OrE2sP8kokYMzMsKoEdrunQI5hMMmH8ng=w520-h240-k-no,true,8 am–5 pm,8 am–5 pm,8 am–5 pm,Closed,Closed,8 am–5 pm,8 am–5 pm,"https://www.google.com/maps/search/tree+service+businesses+in+DeLand+Daytona+Beach+FL/@29.028318,-81.3031179,14z",2026-04-29T05:08:55.388Z,,,
https://www.google.com/maps/place/Crystal+Tractor+%26+Equipment/data=!4m7!3m6!1s0x88e71af40573f899:0xb82410f7116300ad!8m2!3d29.0006239!4d-81.303252!16s%2Fg%2F1tj2jqh2!19sChIJmfhzBfQa54gRrQBjEfcQJLg,Crystal Tractor & Equipment,4.6,489,Farm equipment supplier,"1580 S Woodland Blvd, DeLand, FL 32720, United States","2M2W+6M DeLand, Florida, USA",http://www.crystaltractor.com/,+1 386-734-2119,"Closed · Opens 8 am

Updated by this business 8 weeks ago",,https://lh3.googleusercontent.com/gps-cs-s/APNQkAGhuhVHmFFWjjmbmkS3sM95m2VuIJ_9J-j0duWssVQSnEh36QeFfZDXQiDJ9GV8Xw15xXaf85xn1Hc3Ue-2Yq69u5xQRMoFBsXiZ3F109ZpzUR5vY4lWslkx0_4l-pMvzBmK-o=w426-h240-k-no,true,8 am–6 pm,8 am–6 pm,8 am–6 pm,8 am–4 pm,Closed,8 am–6 pm,8 am–6 pm,"https://www.google.com/maps/search/tree+service+businesses+in+DeLand+Daytona+Beach+FL/@29.028318,-81.3031179,14z",2026-04-29T05:08:59.808Z,,,
https://www.google.com/maps/place/Deland+Lawn+%26+Gardens/data=!4m7!3m6!1s0x27a8471cc0160665:0x58e86a63d7a0eb14!8m2!3d28.9802726!4d-81.2584906!16s%2Fg%2F11y3hx4ry7!19sChIJZQYWwBxHqCcRFOug12Nq6Fg,Deland Lawn & Gardens,4.5,8,Lawn care service,,,,+1 386-232-9512,Closed · Opens 7:30 am,LGBTQ+ friendly,https://lh3.googleusercontent.com/gps-cs-s/APNQkAHNoXBvjx9MD9v_A0xBWcpuUlnvdS_Lj0mdahsw9mMbe93T_VC6c5mxoKGCsEnT3hQdMDUfXeRvi3kDz9dGUXuelms0Y-nw-sQphYmFkEt9vth1OpBNRamQc98hBNg7v0ybalZh=w408-h408-k-no,true,7:30 am–6 pm,7:30 am–6 pm,7:30 am–6 pm,7:30 am–6 pm,Closed,7:30 am–6 pm,7:30 am–6 pm,"https://www.google.com/maps/search/tree+service+businesses+in+DeLand+Daytona+Beach+FL/@29.028318,-81.3031179,14z",2026-04-29T05:09:04.357Z,,,
https://www.google.com/maps/place/TLR+Tree+Service+%26+Landscaping/data=!4m7!3m6!1s0x88e717a584b6c307:0xb93ceb28f62dfa25!8m2!3d28.9139931!4d-81.2040306!16s%2Fg%2F11smsdr6xw!19sChIJB8O2hKUX54gRJfot9ijrPLk,TLR Tree Service & Landscaping,5.0,24,Tree service,"1790 Dublin Rd, Deltona, FL 32738, United States","WQ7W+H9 Deltona, Florida, USA",,+1 321-746-0630,Open 24 hours,,https://lh3.googleusercontent.com/gps-cs-s/APNQkAE_9Rl6AYKVBCrfgmZzvtuvJW3d5ziWYDrjSbuC4lcSrM4vqfQD2qvg9g7pKlM0NQgR53dEJUz6nL0BPTzbnw6WFv_miVUL4FuJDM3496DmlwV5qRzJPZJcvl42WuEKJTj3om_K=w408-h544-k-no,true,Open 24 hours,Open 24 hours,Open 24 hours,Open 24 hours,Open 24 hours,Open 24 hours,Open 24 hours,"https://www.google.com/maps/search/tree+service+businesses+in+DeLand+Daytona+Beach+FL/@29.028318,-81.3031179,14z",2026-04-29T05:09:08.849Z,,,
https://www.google.com/maps/place/Handy+tree+service/data=!4m7!3m6!1s0x4397c836aa827de1:0x1da40e2d635fe973!8m2!3d28.9977089!4d-81.16657!16s%2Fg%2F11l2lzjxxb!19sChIJ4X2CqjbIl0MRc-lfYy0OpB0,Handy tree service,5.0,9,Tree service,,,,+1 682-412-2879,Closed · Opens 8 am,,https://lh3.googleusercontent.com/gps-cs-s/APNQkAHb8OlDIu9hAJU4-KaENovPO5CY7xqd0vGfIUlc0SS6s4_7L02qUBgsrApMLxKFtSIFrRWbqX_yIgirmu_MOeGpKL-Dgg_jUiQA5x236BzG2SoSharH6DIX_2yQmFLaMXdhtPc=w408-h544-k-no,true,8 am–7 pm,8 am–7 pm,8 am–7 pm,8 am–7 pm,Closed,8 am–7 pm,8 am–7 pm,"https://www.google.com/maps/search/tree+service+businesses+in+DeLand+Daytona+Beach+FL/@29.028318,-81.3031179,14z",2026-04-29T05:09:13.389Z,,,
https://www.google.com/maps/place/Sackett+Tree+Care/data=!4m7!3m6!1s0x88e71d1af2e1d37b:0x5cd7a437786fadec!8m2!3d28.9999765!4d-81.181586!16s%2Fg%2F11h66b4tdn!19sChIJe9Ph8hod54gR7K1veDek11w,Sackett Tree Care,5.0,235,Tree service,,,https://www.sacketttreecare.com/,+1 386-868-7325,Open 24 hours,,https://lh3.googleusercontent.com/gps-cs-s/APNQkAEpYdgpiknpWJotIdQWDCZlZxMyCd_5xpfKz682_Y4edQ2ZA9OyLqJcfg6AMy-sSdd_tofeEKgiPwMzjWou2IYy8UUB2w7H-U3ctZQgNcLQjZpaFKmzd7wFjUZ51CN3FMyXOsdx=w426-h240-k-no,true,Open 24 hours,Open 24 hours,Open 24 hours,Open 24 hours,Open 24 hours,Open 24 hours,Open 24 hours,"https://www.google.com/maps/search/tree+service+businesses+in+DeLand+Daytona+Beach+FL/@29.028318,-81.3031179,14z",2026-04-29T05:09:17.763Z,,,
https://www.google.com/maps/place/Tractor+Supply+Co./data=!4m7!3m6!1s0x88e71cee68a88067:0x6bfaa038a1424801!8m2!3d29.0563125!4d-81.3029007!16s%2Fg%2F1tg517gr!19sChIJZ4CoaO4c54gRAUhCoTig-ms,Tractor Supply Co.,4.4,634,Animal feed store,"101 E International Speedway Blvd, DeLand, FL 32724, United States","3M4W+GR DeLand, Florida, USA",https://www.tractorsupply.com/tsc/store_Deland-FL-32724_549,+1 386-736-1115,"Closed · Opens 8 am

Updated by this business 2 weeks ago",,https://lh3.googleusercontent.com/gps-cs-s/APNQkAGe5DnmaQy2ZheqkQ7b5iJm8LquhwTFn5vkNF8IMaxSi5GCGDLIWCgJMrkJnQkKf1u3rpytsmsCx5sw2yPqHhjSSw7a0Cdg5FM3HCU8gKr4ZktUfvK-ixpHagezd1sLIWrZHuC9iuGd39fa=w408-h306-k-no,true,8 am–9 pm,8 am–9 pm,8 am–9 pm,8 am–9 pm,9 am–7 pm,8 am–9 pm,8 am–9 pm,"https://www.google.com/maps/search/tree+service+businesses+in+DeLand+Daytona+Beach+FL/@29.028318,-81.3031179,14z",2026-04-29T05:09:22.152Z,"Chain with a wide variety of agricultural & livestock supplies, plus tools, workwear & boots. · In-store shopping · Kerbside pickup · Delivery",,
https://www.google.com/maps/place/Trickey+%26+Kizma+Certified+Public+Accountants/data=!4m7!3m6!1s0x88e71b9d739aaaab:0x7b5fbdc505a3b510!8m2!3d29.0449807!4d-81.3043971!16s%2Fg%2F11ggzmvnrl!19sChIJq6qac50b54gRELWjBcW9X3s,Trickey & Kizma Certified Public Accountants,5.0,1,Certified public accountant,"1006 N Woodland Blvd, DeLand, FL 32720, United States","2MVW+X6 DeLand, Florida, USA",,+1 386-469-9440,Closed · Opens 9 am,Identifies as women-owned,https://streetviewpixels-pa.googleapis.com/v1/thumbnail?panoid=UDlqboep8wgrhTt99jKqIg&cb_client=search.gws-prod.gps&w=408&h=240&yaw=261.4465&pitch=0&thumbfov=100,false,9 am–5 pm,9 am–5 pm,9 am–5 pm,Closed,Closed,9 am–5 pm,9 am–5 pm,"https://www.google.com/maps/search/tree+service+businesses+in+DeLand+Daytona+Beach+FL/@29.028318,-81.3031179,14z",2026-04-29T05:09:26.402Z,,,
https://www.google.com/maps/place/Sentry+Tree+Service/data=!4m7!3m6!1s0x88e70334693bf865:0xe82176d647b9b89c!8m2!3d29.465706!4d-81.4576724!16s%2Fg%2F11j1kcc85d!19sChIJZfg7aTQD54gRnLi5R9Z2Ieg,Sentry Tree Service,3.7,22,Tree service,,,,+1 386-785-8027,Open 24 hours,,https://lh3.googleusercontent.com/gps-cs-s/APNQkAHlDTbj4AcUm7njEjLyyHA4Cdu-JH1fUZOSVeuifmJUotf_8vbd1FMAO9BDBsxqAPDqbKhaQpUuwWcfMahYJ9vgXKsq1kS_rwAu1DESS_qBpInixBYSa84UN3dkzLd0pv0cQpgN=w408-h544-k-no,true,Open 24 hours,Open 24 hours,Open 24 hours,Open 24 hours,Open 24 hours,Open 24 hours,Open 24 hours,"https://www.google.com/maps/search/tree+service+businesses+in+DeLand+Daytona+Beach+FL/@29.028318,-81.3031179,14z",2026-04-29T05:09:30.769Z,,,
https://www.google.com/maps/place/Efird+Surveying+Group+Inc/data=!4m7!3m6!1s0x88e71c82fc71d989:0xebdcadf7cc15cd0c!8m2!3d29.0217192!4d-81.2737288!16s%2Fg%2F1tfm7gr5!19sChIJidlx_IIc54gRDM0VzPet3Os,Efird Surveying Group Inc,3.4,76,Land surveyor,"475 S Blue Lk Ave, DeLand, FL 32724, United States","2PCG+MG DeLand, Florida, USA",https://www.efirdsurveying.com/,+1 386-740-4144,Closed · Opens 8 am,,https://streetviewpixels-pa.googleapis.com/v1/thumbnail?panoid=y9OZBgM8tkPGBWbywggiKw&cb_client=search.gws-prod.gps&w=408&h=240&yaw=85.42014&pitch=0&thumbfov=100,true,8 am–4 pm,8 am–4 pm,8 am–4 pm,Closed,Closed,8 am–4 pm,8 am–4 pm,"https://www.google.com/maps/search/tree+service+businesses+in+DeLand+Daytona+Beach+FL/@29.028318,-81.3031179,14z",2026-04-29T05:09:35.377Z,,,
https://www.google.com/maps/place/Clearview+Geographic+LLC/data=!4m7!3m6!1s0x88e71b3237ff6ead:0x5b1c07b97601a354!8m2!3d29.0229151!4d-81.3035299!16s%2Fg%2F11h42zzq_l!19sChIJrW7_NzIb54gRVKMBdrkHHFs,Clearview Geographic LLC,5.0,3,Consultant,"344 S Woodland Blvd, DeLand, FL 32720, United States","2MFW+5H DeLand, Florida, USA",https://www.clearviewgeographic.com/,+1 386-957-2314,Closed · Opens 9 am,,https://streetviewpixels-pa.googleapis.com/v1/thumbnail?panoid=dkG9E2qiGLtkwSQk14Y0TQ&cb_client=search.gws-prod.gps&w=408&h=240&yaw=263.0596&pitch=0&thumbfov=100,true,9 am–5 pm,9 am–5 pm,9 am–5 pm,Closed,Closed,9 am–5 pm,9 am–5 pm,"https://www.google.com/maps/search/tree+service+businesses+in+DeLand+Daytona+Beach+FL/@29.028318,-81.3031179,14z",2026-04-29T05:09:39.660Z,,,
https://www.google.com/maps/place/DeRosa%27s+Tree+Service/data=!4m7!3m6!1s0x88e719b8b11ad77d:0x90533bf1ad629339!8m2!3d28.8777746!4d-81.2423184!16s%2Fg%2F11c80djgxv!19sChIJfdcasbgZ54gROZNirfE7U5A,DeRosa's Tree Service,4.9,50,Tree service,"538 Giralda Ave, Deltona, FL 32725, United States","VQH5+43 Deltona, Florida, USA",https://kendixoncreative.wixsite.com/derosa-s-tree-servic,+1 386-216-7738,Open 24 hours,LGBTQ+ friendly,https://lh3.googleusercontent.com/gps-cs-s/APNQkAG6KDzrg_7X9BnBPhtjtjvDSYfj5l-Aew8pE4Dsmke1xCtDEahQVjbDAbomONqJjxssRvwijnQfU5D2Z9sch3eHiJ3Xx_KCYisso0tfif7sds46FfvzPmeFFtyNHh6Ugc9AszRa=w408-h361-k-no,true,Open 24 hours,Open 24 hours,Open 24 hours,Open 24 hours,8 am–5 pm,Open 24 hours,Open 24 hours,"https://www.google.com/maps/search/tree+service+businesses+in+Deltona+Daytona+Beach+FL/@28.9005446,-81.2636738,14z",2026-04-29T05:09:59.207Z,,,
https://www.google.com/maps/place/Tree+pros%2B+ODDS%26ENDS+llc/data=!4m7!3m6!1s0x65b846c24fc10251:0x7fdbc6bb38f282cb!8m2!3d28.584544!4d-81.7201285!16s%2Fg%2F11m6s98lr1!19sChIJUQLBT8JGuGURy4LyOLvG238,Tree pros+ ODDS&ENDS llc,4.9,54,Tree service,,,https://www.treeodds.com/,+1 386-689-7448,Open 24 hours,LGBTQ+ friendly,https://lh3.googleusercontent.com/gps-cs-s/APNQkAH9M3qIXzqeoowPyWU3hhgfWihw5sukeeMROrYBF1TX4TmH4B1TmWnykMDYokIRWC1Sv_aWoEblG1wH5UGEwCcVw7Zqn8UCNDzwtPelN8uA1qizsXH6u3HZedUirQtibLDfEvVWS3uy7rVQ=w408-h544-k-no,true,Open 24 hours,Open 24 hours,Open 24 hours,Open 24 hours,9 am–5 pm,Open 24 hours,Open 24 hours,"https://www.google.com/maps/search/tree+service+businesses+in+Deltona+Daytona+Beach+FL/@28.9005446,-81.2636738,14z",2026-04-29T05:10:03.491Z,,,
https://www.google.com/maps/place/The+Best+Landscaping/data=!4m7!3m6!1s0x88e717d230976257:0xf4aa5ff0a9798e1c!8m2!3d28.9118734!4d-81.2268681!16s%2Fg%2F11ng1sfxzd!19sChIJV2KXMNIX54gRHI55qfBfqvQ,The Best Landscaping,4.9,120,Landscaper,"1680 Hallcrest Dr, Deltona, FL 32725, United States","WQ6F+P7 Deltona, Florida, USA",http://thebestlandscapingfl.com/,+1 407-534-9870,Open 24 hours,LGBTQ+ friendly,https://lh3.googleusercontent.com/gps-cs-s/APNQkAGbIQDsj5ntS4pm6CHA1Udeaczq0dnZ6aBKBsqOjnqS8ZcKRzkpsndsBiV30qoo4LM-YDNiD9D1KTU3LGca6vNZy8GJBYD5pi9OjY5bg9K9qJLK3XGwwy_WcAhJ2ag89hNU2wnqUw=w408-h544-k-no,true,Open 24 hours,Open 24 hours,Open 24 hours,Open 24 hours,Open 24 hours,Open 24 hours,Open 24 hours,"https://www.google.com/maps/search/tree+service+businesses+in+Deltona+Daytona+Beach+FL/@28.9005446,-81.2636738,14z",2026-04-29T05:10:07.860Z,,,
https://www.google.com/maps/place/Aggressive+Tree+Pros+%26+Stump+Grinding/data=!4m7!3m6!1s0x2a5bd8584e50cad3:0xdc9f9ac9dedccda!8m2!3d27.424217!4d-81.0321414!16s%2Fg%2F11ldsxvn6w!19sChIJ08pQTljYWyoR2sztnaz5yQ0,Aggressive Tree Pros & Stump Grinding,5.0,138,Tree service,,,https://aggressivetreepros.com/,+1 407-886-1800,Open 24 hours,,https://lh3.googleusercontent.com/gps-cs-s/APNQkAGbG9KezbhUlfBTP9fSQSzmggOLGPYjwE2ieJ36J7Be-tSlwv_6kuloFX6gDiO11zPWaQ4z6bUv5_AL0soytDwLdJ-esiCJAUNtFe9RIBaGBER-guHLamaDYBx6iofyX5DP2ev9=w426-h240-k-no,true,Open 24 hours,Open 24 hours,Open 24 hours,Open 24 hours,Open 24 hours,Open 24 hours,Open 24 hours,"https://www.google.com/maps/search/tree+service+businesses+in+Deltona+Daytona+Beach+FL/@28.9005446,-81.2636738,14z",2026-04-29T05:10:12.255Z,,,
https://www.google.com/maps/place/Clark+%26+More+Land+Clearing+%26+Tree+Service/data=!4m7!3m6!1s0x88e717454a4f91ff:0x6e68a2d176e0ca24!8m2!3d28.9405259!4d-81.2184745!16s%2Fg%2F11j99tmpty!19sChIJ_5FPSkUX54gRJMrgdtGiaG4,Clark & More Land Clearing & Tree Service,5.0,5,Tree service,"1941 Brewster Dr, Deltona, FL 32738, United States","WQRJ+6J Deltona, Florida, USA",,+1 386-956-6418,Open 24 hours,,https://lh3.googleusercontent.com/gps-cs-s/APNQkAG6xXuLFD0yjA5Ey0iGsNesTKT0ZUZfhAvj5vcXDl6qa2ORRHU7SK30md6kCxsQeD7YODKB9uCjJ-vPTo8G23_a6ES7yUjBnTV3UnAQVfXOkpsOjoy4LX8v_njopL-S7jvXkUKNdQ=w408-h255-k-no,true,Open 24 hours,Open 24 hours,Open 24 hours,Open 24 hours,Open 24 hours,Open 24 hours,Open 24 hours,"https://www.google.com/maps/search/tree+service+businesses+in+Deltona+Daytona+Beach+FL/@28.9005446,-81.2636738,14z",2026-04-29T05:10:16.538Z,,,
https://www.google.com/maps/place/Professional+Tree+Care/data=!4m7!3m6!1s0x88e71117b8bba14f:0xfc308f377cc1107c!8m2!3d29.0200253!4d-81.2065632!16s%2Fg%2F1264bfspx!19sChIJT6G7uBcR54gRfBDBfDePMPw,Professional Tree Care,4.9,45,Tree service,,,http://louiesprotreecare.com/,+1 386-574-4445,Closed · Opens 7 am,LGBTQ+ friendly,https://lh3.googleusercontent.com/gps-cs-s/APNQkAHw-VImyOtLHXWok6ViPOfB91seNGkvmj1__ckRwUV7kf8IFTpCiRVXcfCkUUTf4BjQE8CzXTquI126rZgug25ga-hWkALMw6wQpKPRyAf789YwwlJKAEl8X_vf_A-fmnXjib2P=w408-h680-k-no,true,7 am–7 pm,7 am–7 pm,7 am–7 pm,7 am–7 pm,Closed,7 am–7 pm,7 am–7 pm,"https://www.google.com/maps/search/tree+service+businesses+in+Deltona+Daytona+Beach+FL/@28.9005446,-81.2636738,14z",2026-04-29T05:10:21.178Z,,,
https://www.google.com/maps/place/B.D.+Tree+%26+Bobcat/data=!4m7!3m6!1s0x2e59d6e902c936a5:0x716d12360f85ac0b!8m2!3d28.9182944!4d-81.279857!16s%2Fg%2F11vpzkcck4!19sChIJpTbJAunWWS4RC6yFDzYSbXE,B.D. Tree & Bobcat,5.0,43,Tree service,,,https://bdtreeandbobcat.com/,+1 386-349-1481,Open 24 hours,,https://lh3.googleusercontent.com/gps-cs-s/APNQkAGjD7Bdti-FaedumjVhhnqmpQPrlSUjBu122594MRzNTfpzFU3lUDWxKPPz32LtdRVHXj1jpPMg5J4EQzctit7NbyFGGSJR37W8tHiq9LF4iyPFLMNGl9r9iVAQYo_N6FyUKV9b05U-YhEu=w426-h240-k-no,true,Open 24 hours,Open 24 hours,Open 24 hours,Open 24 hours,Open 24 hours,Open 24 hours,Open 24 hours,"https://www.google.com/maps/search/tree+service+businesses+in+Deltona+Daytona+Beach+FL/@28.9005446,-81.2636738,14z",2026-04-29T05:10:25.553Z,,,
https://www.google.com/maps/place/Super+Trim+Group/data=!4m7!3m6!1s0x88e71133198223c1:0x85a1a9d7d719a57a!8m2!3d28.8591995!4d-81.1875936!16s%2Fg%2F1v940wrf!19sChIJwSOCGTMR54gReqUZ19epoYU,Super Trim Group,5.0,12,Tree service,,,,+1 321-377-6388,Closed · Opens 8 am,,https://lh3.googleusercontent.com/gps-cs-s/APNQkAEnrISrx2Ce_lDHCvvX1rMJPkB0ndXaKK-mUJTq7gYCMnHTIv0ii0SSHVWCmq5AIXvNNJ-abI1AAPCZEHTWE01KH4E3UAoo6qGOPExi2NAnTiM-i40LmOHot0pxLgKOZviGscIEFQ=w408-h303-k-no,true,8 am–7 pm,8 am–8:30 pm,8 am–7 pm,8 am–8 pm,Closed,8:30 am–6 pm,8 am–9 pm,"https://www.google.com/maps/search/tree+service+businesses+in+Deltona+Daytona+Beach+FL/@28.9005446,-81.2636738,14z",2026-04-29T05:10:29.803Z,,,
"https://www.google.com/maps/place/Core+Tree+Service,+LLC/data=!4m7!3m6!1s0x486e1d093e84adc1:0xeb1297883e06366d!8m2!3d28.4931361!4d-81.646989!16s%2Fg%2F11vy_h86k7!19sChIJwa2EPgkdbkgRbTYGPoiXEus","Core Tree Service, LLC",5.0,89,Tree service,,,https://coretreeservicellc.com/,+1 386-282-3023,Open 24 hours,,https://lh3.googleusercontent.com/gps-cs-s/APNQkAGfah7CCWoske-HTHWQYAP0zOCbWpRNTVtho94F4WvfdUawKwtnyZqj-rw68WvTD8ZkLE-E2zwO24xCCs4cKg91NmDvhb6RthezaWwaQ4slAS_hpqNcMQ7PTRdLF_NbfeLj-Cse=w408-h307-k-no,true,Open 24 hours,Open 24 hours,Open 24 hours,Open 24 hours,Open 24 hours,Open 24 hours,Open 24 hours,"https://www.google.com/maps/search/tree+service+businesses+in+Deltona+Daytona+Beach+FL/@28.9005446,-81.2636738,14z",2026-04-29T05:10:34.134Z,,,
"https://www.google.com/maps/place/Longleaf+arbor+care/@28.9095288,-81.2968738,17z/data=!3m1!4b1!4m6!3m5!1s0x88e711c37f06eea7:0x52474435ea864eab!8m2!3d28.9095288!4d-81.2968738!16s%2Fg%2F11m9myz994",Longleaf arbor care,4.4,16,Tree service,"641 Dartford Ct, DeBary, FL 32713, United States","WP53+R7 DeBary, Florida, USA",,+1 386-837-5984,Open 24 hours,,,true,Open 24 hours,Open 24 hours,Open 24 hours,Open 24 hours,Open 24 hours,Open 24 hours,Open 24 hours,"https://www.google.com/maps/search/tree+service+businesses+in+Deltona+Daytona+Beach+FL/@28.9005446,-81.2636738,14z",2026-04-29T05:10:40.518Z,,,
https://www.google.com/maps/place/Tom+Aliscio+Tree+Care/data=!4m7!3m6!1s0xadf9eb63a2c9f5e9:0x949de0f963f0beed!8m2!3d28.9802726!4d-81.2584906!16s%2Fg%2F11strs43wx!19sChIJ6fXJomPr-a0R7b7wY_ngnZQ,Tom Aliscio Tree Care,5.0,12,Tree service,,,https://alisciotreeservice.com/,+1 386-532-0989,Open 24 hours,,https://lh3.googleusercontent.com/gps-cs-s/APNQkAHf3J3h8eJXnqAqcc18SSJ4dpSQ3U-9roY1XFOS3KZ5mHxnL9eAxex8QCO7Pr_GPzLrzETUpJtvDazmyCrT8jXF8k_PTcjuZUJ822iQ9s8To9zziqZmqb5rxQsnMvijxUK39Ir64q8AGrfC=w408-h585-k-no,true,Open 24 hours,Open 24 hours,Open 24 hours,Open 24 hours,Open 24 hours,Open 24 hours,Open 24 hours,"https://www.google.com/maps/search/tree+service+businesses+in+Deltona+Daytona+Beach+FL/@28.9005446,-81.2636738,14z",2026-04-29T05:10:45.140Z,,,
https://www.google.com/maps/place/BNK+Outdoor+Enhancements/data=!4m7!3m6!1s0x28a323146353992d:0x2eb3a00ab5e68487!8m2!3d28.8725158!4d-81.3084148!16s%2Fg%2F11yxk7kqxg!19sChIJLZlTYxQjoygRh4TmtQqgsy4,BNK Outdoor Enhancements,4.8,24,Landscaper,"221 Alta Vista St, DeBary, FL 32713, United States","VMFR+2J DeBary, Florida, USA",https://www.bnk-outdoor.com/,+1 407-951-2594,Closed · Opens 8 am,Identifies as veteran-owned,https://lh3.googleusercontent.com/gps-cs-s/APNQkAFPdkCjg1Bf9Exa4KBCug2TFViNe9q7Oclss7f-DDAeU6mF1L-ebz1Y3kEYjAWSVtK4CFrrCNAT9jPiI9gAO5WEedSyRrTTUhnAI1qCot6yCTpM162W60KMcdYNTBNaLSKa8i5MFI2i6fET=w408-h272-k-no,true,8 am–5 pm,8 am–5 pm,8 am–5 pm,Closed,Closed,8 am–5 pm,8 am–5 pm,"https://www.google.com/maps/search/tree+service+businesses+in+Deltona+Daytona+Beach+FL/@28.9005446,-81.2636738,14z",2026-04-29T05:10:49.616Z,,,
https://www.google.com/maps/place/JI+Tree+Service/data=!4m7!3m6!1s0x88e7172bfc59fc7f:0xbcdf772ccd125870!8m2!3d28.9347659!4d-81.1959934!16s%2Fg%2F11q8wly3w5!19sChIJf_xZ_CsX54gRcFgSzSx337w,JI Tree Service,5.0,6,Tree service,"2541 Lake Helen Osteen Rd, Deltona, FL 32738, United States","WRM3+WJ Deltona, Florida, USA",https://www.jitreeservice.com/,+1 386-315-3333,Closed · Opens 7 am,,https://lh3.googleusercontent.com/gps-cs-s/APNQkAGZ_6ByP-SoIH3tgFnnmzcIGX0NzovrzTqtZWIrHcxfLT09UbuumwWAa8bw4bdh1zH1QV-CwsEkSJ75ZHKObHia1sJwypLBDG_KROw_WiT4rNx048rXYzq_yRY-UUD6JgcJzTY=w408-h544-k-no,true,7 am–7 pm,7 am–7 pm,7 am–7 pm,7 am–7 pm,Closed,7 am–7 pm,7 am–7 pm,"https://www.google.com/maps/search/tree+service+businesses+in+Deltona+Daytona+Beach+FL/@28.9005446,-81.2636738,14z",2026-04-29T05:10:53.972Z,,,
"https://www.google.com/maps/place/Baker+Tree+Care,+LLC/data=!4m7!3m6!1s0x4348589ff11a199f:0x6887f4a988781ed!8m2!3d28.7192438!4d-81.511768!16s%2Fg%2F11ld8xybb9!19sChIJnxka8Z9YSEMR7YGHmEp_iAY","Baker Tree Care, LLC",5.0,10,Tree service,,,,,,,https://lh3.googleusercontent.com/gps-cs-s/APNQkAGGdvhNT0IzhfgZLFix8LnvRiUOFqqRd8ypVv5gvLhjAbwZE_Hh_cQhe7n3_FcWuJuvgXvp_R3sl3bd2ivhxBeUQRbqXBjeGzZncxe3HTjXwx_BzuyE_nIpALujjAG9Y5_CX5g=w408-h543-k-no,true,,,,,,,,"https://www.google.com/maps/search/tree+service+businesses+in+Deltona+Daytona+Beach+FL/@28.9005446,-81.2636738,14z",2026-04-29T05:10:56.212Z,,,
https://www.google.com/maps/place/Precision+Tree+Care+%26+Lawn+Maintenance/data=!4m7!3m6!1s0x8a0a9f8cc5b50279:0x5a69e6191deb1657!8m2!3d29.008988!4d-81.2265121!16s%2Fg%2F11ynbmkgmy!19sChIJeQK1xYyfCooRVxbrHRnmaVo,Precision Tree Care & Lawn Maintenance,4.9,28,Tree service,,,https://www.precisiontclm.com/,+1 386-442-9284,Closed · Opens 7 am,,https://lh3.googleusercontent.com/gps-cs-s/APNQkAGDKyxQYT9rnU1tuTc2Cld2zK0c5JNr5YGeIMsmRMwbBC8wmdbv2g4lQd2-lRGUA1Si-4WtO-1HX2KF7iB493Ug0UHDh__WnwgaALcdIYadZQgOF_1Ptf-MEQzXUgD44iFMroGPAIZ5aaXj=w408-h544-k-no,true,7 am–6 pm,7 am–6 pm,7 am–6 pm,7 am–6 pm,7 am–6 pm,7 am–6 pm,7 am–6 pm,"https://www.google.com/maps/search/tree+service+businesses+in+Deltona+Daytona+Beach+FL/@28.9005446,-81.2636738,14z",2026-04-29T05:11:00.500Z,,,
https://www.google.com/maps/place/Top+Care+Ground+Control/data=!4m7!3m6!1s0x88e71116f292c683:0xe4921493cd5a22ec!8m2!3d28.9379472!4d-81.3068134!16s%2Fg%2F11qnf5l753!19sChIJg8aS8hYR54gR7CJazZMUkuQ,Top Care Ground Control,4.9,64,Landscaper,"1000 S Sparkman Ave, Orange City, FL 32763, United States","WMQV+57 Orange City, Florida, USA",http://topcareground.com/?utm_source=google&utm_medium=organic&utm_campaign=gmb-listing,+1 407-406-5945,"Closed · Opens 8 am

Updated by this business 12 weeks ago",,https://lh3.googleusercontent.com/gps-cs-s/APNQkAGGCedGe3COeJiCAhL24WbLQoru3Yr9kJ6GeyqRRpsfrlx49PTcNxQygqzoxPQe90d4gvALU4igk6d9EHd0mSMTXGdLnUcQlGXOk2itWE8Q2hmfuK0kaYu-zo-gNDx6eu6w0vD4=w408-h306-k-no,true,8 am–5 pm,8 am–5 pm,8 am–5 pm,8 am–5 pm,8 am–5 pm,8 am–5 pm,8 am–5 pm,"https://www.google.com/maps/search/tree+service+businesses+in+Deltona+Daytona+Beach+FL/@28.9005446,-81.2636738,14z",2026-04-29T05:11:04.894Z,,,
https://www.google.com/maps/place/DeBary+Nursery/data=!4m7!3m6!1s0x88e711bccf2cafaf:0x9f2b036a5201b75e!8m2!3d28.8854045!4d-81.3075388!16s%2Fg%2F1tgfxfwt!19sChIJr68sz7wR54gRXrcBUmoDK58,DeBary Nursery,4.8,439,Garden center,"61 S Charles Richard Beall Blvd, DeBary, FL 32713, United States","VMPR+5X DeBary, Florida, USA",http://www.debarynursery.net/,+1 386-668-4466,"Closed · Opens 9 am

Updated by this business 7 weeks ago",,https://lh3.googleusercontent.com/gps-cs-s/APNQkAFguSq5pQgEpIO2oTXmEElRNVRlKRiUPKsnTdXoZABo7I9PSr_-AKqIoS9BWlqVAhMZKqtd01r6quw8lU6Jc_Dpty_7skzwpB0HTUro3_B6AQc2SJ85t44aeUXbdq47e5ZsjBWI=w408-h905-k-no,true,9 am–5 pm,9 am–5 pm,9 am–5 pm,9 am–5 pm,10 am–3 pm,9 am–5 pm,9 am–5 pm,"https://www.google.com/maps/search/tree+service+businesses+in+Deltona+Daytona+Beach+FL/@28.9005446,-81.2636738,14z",2026-04-29T05:11:09.803Z,,,
https://www.google.com/maps/place/KYLE+DEROSA+Tree+trimming+and+Removal/data=!4m7!3m6!1s0x88e7172f2435cfd7:0x1bbd5d785f14c022!8m2!3d28.892273!4d-81.2584906!16s%2Fg%2F11h2mfzn31!19sChIJ1881JC8X54gRIsAUX3hdvRs,KYLE DEROSA Tree trimming and Removal,4.6,10,Tree service,,,,+1 386-878-6625,Open 24 hours,LGBTQ+ friendly,https://lh3.googleusercontent.com/gps-cs-s/APNQkAEOg832dPsDKaE_XLA3GmIxT6OZihrm-xoRsEcU_m7nQsocqXURPOTvLRDEoKXLFfo9QUEvUbFUNvN2V-VdASUVrooXClb2rik-3GIQtYWTaP9v3TIoRlWf-Ifgw_H4xBOAveMr=w408-h459-k-no,true,Open 24 hours,Open 24 hours,Open 24 hours,Open 24 hours,Open 24 hours,Open 24 hours,Open 24 hours,"https://www.google.com/maps/search/tree+service+businesses+in+Deltona+Daytona+Beach+FL/@28.9005446,-81.2636738,14z",2026-04-29T05:11:14.119Z,,,
https://www.google.com/maps/place/Magic+Tree+Service/data=!4m7!3m6!1s0x88e7117fe2c17ca9:0x749e941e7a0b023d!8m2!3d28.8591995!4d-81.2903286!16s%2Fg%2F11fn5s77k_!19sChIJqXzB4n8R54gRPQILeh6UnnQ,Magic Tree Service,5.0,209,Tree service,,,http://www.magictreeservices.com/,+1 407-760-1758,Open 24 hours,,https://lh3.googleusercontent.com/gps-cs-s/APNQkAFrqz4qUmpobNfLyeQDuCTn5uhMSbWcQrty-UE7t28ZEmtflwuV1oLCzIBCGV9XqNQClCKAWgdqTlvkbj4rmWDr1hhnaLsvKZ8Tz17zbkpMSHBw7FlYK8PylCAaulUZZ4d6N3SBdQ=w408-h544-k-no,true,Open 24 hours,Open 24 hours,Open 24 hours,Open 24 hours,Open 24 hours,Open 24 hours,Open 24 hours,"https://www.google.com/maps/search/tree+service+businesses+in+Deltona+Daytona+Beach+FL/@28.9005446,-81.2636738,14z",2026-04-29T05:11:18.416Z,,,
https://www.google.com/maps/place/OnPoint+Junk+Removal/data=!4m7!3m6!1s0x88e717f64eed6563:0x407cf8cc5fe34b3!8m2!3d28.8824308!4d-81.2391538!16s%2Fg%2F11h56cpvd6!19sChIJY2XtTvYX54gRszT-xYzPBwQ,OnPoint Junk Removal,5.0,122,Junk removal service,"1281 Dandelion Dr, Deltona, FL 32725, United States","VQJ6+X8 Deltona, Florida, USA",http://junkremovalindeltonafl.com/,+1 386-400-5533,Open 24 hours,,https://lh3.googleusercontent.com/gps-cs-s/APNQkAGn7RePW7aOPE48C6DWis9xVg-TVRm-u8qg_VhP_PUoETQQF8rG_6qYN7krPWD5UF12NUdpVU-GMkpJO3ROZ528xzLGKwx0q4NvT2wB8a7O7JigIZSY5IUPzVDG1TiywytxzU7g=w426-h240-k-no,true,Open 24 hours,Open 24 hours,Open 24 hours,Open 24 hours,Open 24 hours,Open 24 hours,Open 24 hours,"https://www.google.com/maps/search/tree+service+businesses+in+Deltona+Daytona+Beach+FL/@28.9005446,-81.2636738,14z",2026-04-29T05:11:22.805Z,,,
https://www.google.com/maps/place/S+%26+L+Landscape+diversified+services+LLC/data=!4m7!3m6!1s0x47f19aa4b516093:0x9085ab1cad53d9cc!8m2!3d28.8902531!4d-81.172182!16s%2Fg%2F11x8fjghmt!19sChIJk2BRS6oZfwQRzNlTrRyrhZA,S & L Landscape diversified services LLC,5.0,11,Landscape designer,,,,+1 386-576-2213,Closed · Opens 7:30 am,LGBTQ+ friendly,https://lh3.googleusercontent.com/gps-cs-s/APNQkAGZaTIVWfOpyfsEPF0WhTPzPrORRPKcl6sL3YGTXLqyjXk0QQPq4QDZu92WTmjNTjKM9LOjhrPzjm3sczPs8j2jVM9wk-fsrKfTluTRfiNIiCojKyZxR_x9JIaoSUcRAyI8ZLJAZjdxtB_8=w408-h306-k-no,true,7:30 am–5 pm,7:30 am–5 pm,7:30 am–5 pm,7 am–5 pm,Closed,7:30 am–5 pm,7:30 am–5 pm,"https://www.google.com/maps/search/tree+service+businesses+in+Deltona+Daytona+Beach+FL/@28.9005446,-81.2636738,14z",2026-04-29T05:11:27.257Z,,,
https://www.google.com/maps/place/Hills+tree+service/data=!4m7!3m6!1s0x88e717cf2c1d924f:0x59f4aa81e2c21aac!8m2!3d30.877843!4d-99.4056334!16s%2Fg%2F11jn1_vnbc!19sChIJT5IdLM8X54gRrBrC4oGq9Fk,Hills tree service,2.5,8,Tree service,,,,+1 407-879-8987,,,https://lh3.googleusercontent.com/gps-cs-s/APNQkAHwhqUZT7FaopKEolq6njXvV68zcCDPCxgtUQnOWEsmqWnx9IzWYeBoE_lwfDOlkwjRyDoOeOJ-dS2CONdLjPsdZqqtZDhTNdqOVbAU26T3MhOILUKh1D3kq6UvN75FdLrIVtXr=w408-h544-k-no,true,,,,,,,,"https://www.google.com/maps/search/tree+service+businesses+in+Deltona+Daytona+Beach+FL/@28.9005446,-81.2636738,14z",2026-04-29T05:11:29.921Z,,,
https://www.google.com/maps/place/It%E2%80%99s+a+G+Service+LLC/data=!4m7!3m6!1s0xa458f85e244144db:0x59564d0f0e955506!8m2!3d28.8976735!4d-81.2584906!16s%2Fg%2F11tsnvldfw!19sChIJ20RBJF74WKQRBlWVDg9NVlk,It’s a G Service LLC,4.8,12,Handyman/Handywoman/Handyperson,,,https://itsagservicellc.jobbersites.com/,+1 386-576-4731,Closed · Opens 9 am,Identifies as Latino-owned,https://lh3.googleusercontent.com/gps-cs-s/APNQkAHy2au3abOKdjhhuDTQKIx1d7-k2noXI1zRDxs1K9HNsk_xdI9ZlDgQ3khY6EiftLr1FrkWt78PxHqlwtE8wsVRYDbPue9FPav1yfGcK3vcOKNb2fimRhz28rGByAF0FLYMib3ZrQ=w408-h406-k-no,true,9 am–5 pm,9 am–5 pm,9 am–5 pm,9 am–5 pm,Closed,9 am–5 pm,9 am–5 pm,"https://www.google.com/maps/search/tree+service+businesses+in+Deltona+Daytona+Beach+FL/@28.9005446,-81.2636738,14z",2026-04-29T05:11:34.202Z,,,
"https://www.google.com/maps/place/LB+Tree+Solutions,+LLC/data=!4m7!3m6!1s0x88e73fdc83869851:0xf8f8a5a1ff35a2e!8m2!3d28.4931361!4d-81.646989!16s%2Fg%2F11n8zt22fh!19sChIJUZiGg9w_54gRLlrzH1qKjw8","LB Tree Solutions, LLC",4.8,149,Tree service,,,https://www.lbtreesolutions.com/,+1 407-692-6837,Open 24 hours,,https://lh3.googleusercontent.com/gps-cs-s/APNQkAEv7gPun99yfx2czxgFAXw_OuWHsnZ9GA2nqZfV7q_IjXgL6NlhR5gdZbZGe928FaXLprbCXRYy_XCnfeQ-Bt9q3-M25h3mLb1Rk6pSCnkWMzwB0-RiwfcZLna1UffPjQDVu88T=w496-h240-k-no,true,Open 24 hours,Open 24 hours,Open 24 hours,Open 24 hours,Closed,Open 24 hours,Open 24 hours,"https://www.google.com/maps/search/tree+service+businesses+in+Deltona+Daytona+Beach+FL/@28.9005446,-81.2636738,14z",2026-04-29T05:11:38.496Z,,,
https://www.google.com/maps/place/Local+Sod+and+Landscape/data=!4m7!3m6!1s0x88e71badbc1fa56f:0x4ad7a6320da018a8!8m2!3d28.8834852!4d-81.295293!16s%2Fg%2F11h_kf5s6s!19sChIJb6UfvK0b54gRqBigDTKm10o,Local Sod and Landscape,4.8,189,Sod supplier,"224 Angeles Rd, DeBary, FL 32713, United States","VPM3+9V DeBary, Florida, USA",http://www.localsodandlandscape.com/,+1 386-848-2531,Closed · Opens 7 am,,https://lh3.googleusercontent.com/gps-cs-s/APNQkAF4fTZHKgZnrBXntoVdlbD0aIP0iqnmqZxvz5yUU2S_OSB44IkSx427GuVGzHoy5G9dXjRKZOw0fmu0TO334fy0yJp8efZOnxXmcrICBye1MRD0uatkD6qcCyD7xlwcxrBRHFY4Xw=w425-h240-k-no,true,7 am–4:30 pm,7 am–4:30 pm,7 am–4:30 pm,7 am–2:30 pm,Closed,7 am–4:30 pm,7 am–4:30 pm,"https://www.google.com/maps/search/tree+service+businesses+in+Deltona+Daytona+Beach+FL/@28.9005446,-81.2636738,14z",2026-04-29T05:11:42.799Z,,,
"https://www.google.com/maps/place/Trees+for+the+Fallen,+LLC/data=!4m7!3m6!1s0x88e73f1a6a4f42f5:0xc140eeb037cc86cb!8m2!3d28.8569185!4d-81.1495144!16s%2Fg%2F11pp9gm74l!19sChIJ9UJPaho_54gRy4bMN7DuQME","Trees for the Fallen, LLC",4.8,95,Tree service,,,https://www.treesforthefallen.com/,+1 321-578-2235,Closed · Opens 7 am,,https://lh3.googleusercontent.com/gps-cs-s/APNQkAFHSxNDMTcCs2DMMwnqvcoc6QSQyKeHKoE-WvJ0kXKwR1Bc3n5mfhbp0t7ZQaN4Qh924SVtpL5O0FCDsnfOcYLTJvEP_zhKpjol8aAL2mydAEXAUtNwpY9KSRXaGuWqz-hqEb-Y0q-XNhdk=w408-h544-k-no,true,7 am–5 pm,7 am–5 pm,7 am–5 pm,9 am–5 am,9 am–5 am,7 am–5 pm,7 am–5 pm,"https://www.google.com/maps/search/tree+service+businesses+in+Deltona+Daytona+Beach+FL/@28.9005446,-81.2636738,14z",2026-04-29T05:11:47.095Z,,,
https://www.google.com/maps/place/New+Leaf+Arbor+Services/data=!4m7!3m6!1s0x83f850cbba1b71ef:0x2f6765eeda90667b!8m2!3d28.9182944!4d-81.2325235!16s%2Fg%2F11yjbm1yn2!19sChIJ73EbustQ-IMRe2aQ2u5lZy8,New Leaf Arbor Services,5.0,4,Tree service,,,,+1 407-860-6591,Closed · Opens 10 am,,https://lh3.googleusercontent.com/gps-cs-s/APNQkAFsnult2xYQWd_2GNGlQ-CBJobgUCNtcq_x78RWHH1J1FSg0wnyW664QjsuGGuVGzCxo1yiTDHPeiJKykyrEppePBtsT-Fs2ogkUDwiRCo4POiNFGvFfRvBjUDspHH9kGRtgiR6lMjs0qM=w408-h408-k-no,true,10 am–5 pm,10 am–5 pm,10 am–5 pm,Closed,Closed,10 am–5 pm,10 am–5 pm,"https://www.google.com/maps/search/tree+service+businesses+in+Deltona+Daytona+Beach+FL/@28.9005446,-81.2636738,14z",2026-04-29T05:11:51.459Z,,,
https://www.google.com/maps/place/E%26D+Drywall+and+Painting+LLC/data=!4m7!3m6!1s0x88e711b6a37dd0bf:0x1d4fec0346de0ecc!8m2!3d28.9171181!4d-81.2664623!16s%2Fg%2F11t9js2y6f!19sChIJv9B9o7YR54gRzA7eRgPsTx0,E&D Drywall and Painting LLC,5.0,148,Dry wall contractor,"2129 E Parkton Dr, Deltona, FL 32725, United States","WP8M+RC Deltona, Florida, USA",,+1 407-759-9122,Closed · Opens 7:30 am,,https://lh3.googleusercontent.com/gps-cs-s/APNQkAGLbKLHxHF0qlqn7h01xjK8ZOopyGO33r3f_ctA8YHG1Xce3qA9-DAEyumK_NM5sUX9OhiAaOSDRBJGqql_JmsHk2JneKLaJrvG3HMuUys3WaP3c6c4kNwHXGNyZpL5NljnZs_6OQ=w408-h906-k-no,true,7:30 am–6 pm,7:30 am–6 pm,7:30 am–6 pm,7:30 am–6 pm,Closed,7:30 am–6 pm,7:30 am–6 pm,"https://www.google.com/maps/search/tree+service+businesses+in+Deltona+Daytona+Beach+FL/@28.9005446,-81.2636738,14z",2026-04-29T05:11:56.124Z,,,
https://www.google.com/maps/place/Skid+Steer+Services/data=!4m7!3m6!1s0x69ad6320c3cf8e7:0x3907deace18fc524!8m2!3d31.14784!4d-99.4056334!16s%2Fg%2F11xkp5zy79!19sChIJ5_g8DDLWmgYRJMWP4azeBzk,Skid Steer Services,5.0,3,Demolition contractor,,,https://jdlandmanagementservices.com/,+1 386-804-8575,Closed · Opens 8 am,,https://lh3.googleusercontent.com/gps-cs-s/APNQkAETefWNkAZsefBi9yQ8pMY5X_xngdIHe3Cw-Ps8Wf2Ts5NhMJO4uclpxi7eliiVL8x09kgHcFyYuh_GAwfhH39jOFMS9dK-0RDZA-4PzwCPsghN3m4LHGkULBF8_IzBYr4bSkpUtzlZ7FA=w426-h240-k-no,true,8 am–5 pm,8 am–5 pm,8 am–5 pm,8 am–5 pm,Closed,8 am–5 pm,8 am–5 pm,"https://www.google.com/maps/search/tree+service+businesses+in+Deltona+Daytona+Beach+FL/@28.9005446,-81.2636738,14z",2026-04-29T05:12:00.427Z,,,
https://www.google.com/maps/place/Imperial+Turf+Services+inc/data=!4m7!3m6!1s0x6cb01ad4d05a148b:0xc54893a1766a2f9d!8m2!3d28.4931361!4d-81.646989!16s%2Fg%2F11wp7cjk9z!19sChIJixRa0NQasGwRnS9qdqGTSMU,Imperial Turf Services inc,5.0,14,Landscape designer,,,https://imperialturfservicesfl.com/,+1 321-517-9048,Closed · Opens 7 am,,https://lh3.googleusercontent.com/gps-cs-s/APNQkAGd-Z2xSokm5J4dI7AWwm1OvJTa3JGcxSIfUvWjref0vpkx_2q3pSH3jEO7KmnLpg7Y8u2qHxHhxAiPBE4YpToAEmtfJmZuKM5_xCMi6J3i3Cm9r523pNFLjU-S2immpXQy4w0Ac6sZdHA=w408-h306-k-no,true,7 am–7 pm,7 am–7 pm,7 am–7 pm,7 am–4 pm,Closed,7 am–7 pm,7 am–7 pm,"https://www.google.com/maps/search/tree+service+businesses+in+Deltona+Daytona+Beach+FL/@28.9005446,-81.2636738,14z",2026-04-29T05:12:04.729Z,,,
https://www.google.com/maps/place/Floridus/data=!4m7!3m6!1s0x88e717d9e7161255:0xe4d42d15b35b5edf!8m2!3d28.8728971!4d-81.2323926!16s%2Fg%2F11tgdyly9z!19sChIJVRIW59kX54gR315bsxUt1OQ,Floridus,5.0,2,Landscaper,"410 Tequila Trail, Deltona, FL 32725, United States","VQF9+52 Deltona, Florida, USA",,+1 407-676-3760,Closed · Opens 7 am,,https://lh3.googleusercontent.com/gps-cs-s/APNQkAEMgsFesWcnNx6OrNYAoLZx3CdWk1SDcLEpca3hX5dIjoaWu4gy-l_Ej4AuJJGN23mFqYdKtgH_Qm_IrMCDaacTaCZtPBSQAOq_7mhAVfItWZ8ENZCOl3d4bpMt1SsoXnfe72KZ=w408-h306-k-no,true,7 am–6 pm,7 am–6 pm,7 am–6 pm,Closed,Closed,7 am–6 pm,7 am–6 pm,"https://www.google.com/maps/search/tree+service+businesses+in+Deltona+Daytona+Beach+FL/@28.9005446,-81.2636738,14z",2026-04-29T05:12:09.004Z,,,
https://www.google.com/maps/place/Grass+Grunts+FL/data=!4m7!3m6!1s0x88e715828d7973b1:0xc86a692c7cd46fc1!8m2!3d28.4931361!4d-81.646989!16s%2Fg%2F11qq6tvmw6!19sChIJsXN5jYIV54gRwW_UfCxpasg,Grass Grunts FL,4.9,27,Landscaper,,,http://grassgruntsfl.com/,+1 321-350-2314,Closed · Opens 8 am,Identifies as veteran-owned,https://lh3.googleusercontent.com/gps-cs-s/APNQkAGCIlOpWm-YkVFVp-PeZoLVT05sjt62AAlYOSC0XHForvYksS2JGZMV6DCc6QUELsSvxr0t0xId845C-3wijdhzFlNeS2V8ONZJUVzVq5N2WdGFECHqZbMiWvp78B7E4DPAioEC=w408-h408-k-no,true,8 am–5 pm,8 am–5 pm,8 am–5 pm,Closed,Closed,8 am–5 pm,8 am–5 pm,"https://www.google.com/maps/search/tree+service+businesses+in+Deltona+Daytona+Beach+FL/@28.9005446,-81.2636738,14z",2026-04-29T05:12:13.397Z,,,
https://www.google.com/maps/place/RojasPartyRentalsLLC/data=!4m7!3m6!1s0x88e76cca5990878b:0x73afba169270d6a2!8m2!3d28.8843298!4d-81.2350327!16s%2Fg%2F11f5dn8750!19sChIJi4eQWcps54gRotZwkha6r3M,RojasPartyRentalsLLC,5.0,151,Party equipment rental service,"1441 Malaluka St, Deltona, FL 32725, United States","VQM7+PX Deltona, Florida, USA",,+1 407-221-8901,Closed · Opens 9 am,,https://lh3.googleusercontent.com/gps-cs-s/APNQkAGCSxA2-zdMNs5MbB7DDuI1VMzD3WH4Yk9Xgb_yzNXYEMj4YHdoKLITGnRt-9ZfHfD6D1YK8Zwq15flpfV6DMF0C7jzEujLGnNKVqlz8Yr7fDw0AQmpQjBkUwbqVlqIwmMVYUuN=w408-h306-k-no,true,9 am–7 pm,9 am–7 pm,9 am–7 pm,9 am–7 pm,Closed,9 am–7 pm,9 am–7 pm,"https://www.google.com/maps/search/tree+service+businesses+in+Deltona+Daytona+Beach+FL/@28.9005446,-81.2636738,14z",2026-04-29T05:12:18.157Z,,,
https://www.google.com/maps/place/AllStarr+Rands+Landscaping+LLC/data=!4m7!3m6!1s0x636e5e691612180b:0x598aee5e23317799!8m2!3d28.9396869!4d-81.1555219!16s%2Fg%2F11s8dxrr_4!19sChIJCxgSFmlebmMRmXcxI17uilk,AllStarr Rands Landscaping LLC,5.0,49,Landscaper,,,https://www.allstarrrandslandscaping.com/?utm_source=google&utm_medium=wix_google_business_profile&utm_campaign=12892676374215669409,+1 407-627-9203,,,https://lh3.googleusercontent.com/gps-cs-s/APNQkAEb01Woq2Rb_macU7Xu0VXXO0kfn-vFI-fWYMq3iZLMnnvBd7oyD7IqW_-sSII649FqisrU7PV2RCBHZ1luYso0vcSTQb-5CY7DTvIDT646GhKiZABk3zzKqas63AODtGKfkUbn-T8MVPX8=w426-h240-k-no,true,Open 24 hours,Open 24 hours,Open 24 hours,Open 24 hours,Open 24 hours,Open 24 hours,Open 24 hours,"https://www.google.com/maps/search/tree+service+businesses+in+Deltona+Daytona+Beach+FL/@28.9005446,-81.2636738,14z",2026-04-29T05:12:26.743Z,,,
https://www.google.com/maps/place/Mister+Brakes+Mobile+Mechanic/data=!4m7!3m6!1s0x88e71124086612ad:0xdb32f54b8436a771!8m2!3d28.8831831!4d-81.2728642!16s%2Fg%2F11qr83r_ph!19sChIJrRJmCCQR54gRcac2hEv1Mts,Mister Brakes Mobile Mechanic,4.9,88,Mechanic,"Deltona, FL 32725, United States","VPMG+7V Deltona, Florida, USA",http://www.misterbrakesmobile.com/,+1 386-259-9621,,,https://lh3.googleusercontent.com/gps-cs-s/APNQkAH1cbneOQskIRtrGZWMu67K2Lc2wLQUPKkqTi4LKhpNIKPZc2Ri1ah_VlaI5cHJ_2RSkP3QOH5gmEYqeeAbGSlMYJ16b_nCWRUrZCq_x2O5weAuvZKa2DkWKTXI3elO0r3y7KE=w408-h544-k-no,true,,,,,,,,"https://www.google.com/maps/search/tree+service+businesses+in+Deltona+Daytona+Beach+FL/@28.9005446,-81.2636738,14z",2026-04-29T05:12:29.072Z,,,
https://www.google.com/maps/place/DISCOUNT+ROOTER+SERVICES+LLC/data=!4m7!3m6!1s0x88e765e117a44237:0x2ab3f5b63f1311c5!8m2!3d28.892273!4d-81.217968!16s%2Fg%2F11gmq5b3h3!19sChIJN0KkF-Fl54gRxRETP7b1syo,DISCOUNT ROOTER SERVICES LLC,4.5,31,Plumber,,,http://discountrooterservices.com/?utm_source=Google%20My%20Business&utm_medium=GMB&utm_campaign=GMB&utm_term=Location&utm_content=Location,+1 407-536-3636,Closed · Opens 6 am,,https://lh3.googleusercontent.com/gps-cs-s/APNQkAEJc6M3SBxQWXNw-weySJ6fqDvIBU2NS6dIo-D2Ypb9ZUWhb0ETYQcLv2Zf2X8A7RY39cYZshqaz7rcDTx5UcJqpGHo8galRKGp6UDHItJkcnZuZhmiR9K4IJmqdkG4fjSaokaDuA=w426-h240-k-no,true,6 am–12 am,6 am–12 am,6 am–12 am,6 am–12 am,6:30 am–12 am,6:30 am–12 am,6:30 am–12 am,"https://www.google.com/maps/search/tree+service+businesses+in+Deltona+Daytona+Beach+FL/@28.9005446,-81.2636738,14z",2026-04-29T05:12:33.314Z,,,
https://www.google.com/maps/place/WBE+Environmental/data=!4m7!3m6!1s0x88e7107f9ffd502b:0xb587d6d0d55b2315!8m2!3d28.8819377!4d-81.2802605!16s%2Fg%2F1tfc7fgp!19sChIJK1D9n38Q54gRFSNb1dDWh7U,WBE Environmental,,,Environmental consultant,"690 Deltona Blvd, Deltona, FL 32725, United States","VPJ9+QV Deltona, Florida, USA",https://www.wbeenvironmental.com/,+1 386-753-0575,Closed · Opens 9 am,,https://lh3.googleusercontent.com/gps-cs-s/APNQkAH4JSb4FDFTqOYHuwiWCavD9Xp2XG1hMIFQlLgVsoE0oGClxtidnD9yWwI_oy5MU6Zjp7inIojff3qBrn2Lm88V7-j29NaQ7T2miuGXIM-NqahjIhJs_UWK3cW66Bddzelzddo917Msk16P=w408-h951-k-no,true,9 am–5 pm,9 am–5 pm,9 am–5 pm,Closed,Closed,9 am–5 pm,9 am–5 pm,"https://www.google.com/maps/search/tree+service+businesses+in+Deltona+Daytona+Beach+FL/@28.9005446,-81.2636738,14z",2026-04-29T05:12:37.779Z,,,
"https://www.google.com/maps/place/Tree+Monkeys,+Inc./data=!4m7!3m6!1s0x88e769f54669e2a1:0x73a1390f5b9850a1!8m2!3d28.6566253!4d-81.1022124!16s%2Fg%2F12cp6fp78!19sChIJoeJpRvVp54gRoVCYWw85oXM","Tree Monkeys, Inc.",4.9,1242,Tree service,"274 Clearview Rd, Chuluota, FL 32766, United States","MV4X+M4 Chuluota, Florida, USA",http://www.treemonkeysinc.com/,+1 407-542-4553,Open 24 hours,,https://lh3.googleusercontent.com/gps-cs-s/APNQkAH9ESfvNLdd5VWL38t74RUJIRDY-9qZs-Ve3nxhSccsxEdbwN-6460ejdsPQO1C0lkAnlEM_HykycjuBab51RngyyNSiTpmc5QJMTY1Dz0Xzz-WvsDLzTfKCiQzcmIN5E9LVqcfZw=w408-h544-k-no,true,Open 24 hours,Open 24 hours,Open 24 hours,Open 24 hours,Open 24 hours,Open 24 hours,Open 24 hours,"https://www.google.com/maps/search/tree+service+businesses+in+Deltona+Daytona+Beach+FL/@28.9005446,-81.2636738,14z",2026-04-29T05:12:42.499Z,,,
"https://www.google.com/maps/place/Deltona+Tree+Removal+%26+Trimming+Services,+Stump+Grinding,+Land+Clearing,+Emergency+Tree+Care/data=!4m7!3m6!1s0xb74974cada43643:0xaa7af517692479d7!8m2!3d29.0225621!4d-81.172182!16s%2Fg%2F11xvypps39!19sChIJQzakrUyXdAsR13kkaRf1eqo","Deltona Tree Removal & Trimming Services, Stump Grinding, Land Clearing, Emergency Tree Care",5.0,4,Tree service,,,https://deltonatreeremovalservice.com/,+1 407-598-5504,Open 24 hours,LGBTQ+ friendly,https://lh3.googleusercontent.com/gps-cs-s/APNQkAFUHE2418BrfQtjFxjnzEjh1P4taVIfGCV1P1neSVMDs-pU3wafXUq3k3cf__P41WeFTbhA8Nv01oi2jVK_q4ykV_O8OGT6IxiGKpeMe3W9sH4zWHRnwWvLDaP9uQwSk5gWwOI_wf1ypC5c=w408-h873-k-no,true,Open 24 hours,Open 24 hours,Open 24 hours,Open 24 hours,Open 24 hours,Open 24 hours,Open 24 hours,"https://www.google.com/maps/search/tree+service+businesses+in+Deltona+Daytona+Beach+FL/@28.9005446,-81.2636738,14z",2026-04-29T05:12:46.973Z,,,
https://www.google.com/maps/place/Martinez+Landscaping/data=!4m7!3m6!1s0x9b9931158bfcd85:0x2bf5aa87abf2e462!8m2!3d39.6332234!4d-74.6557989!16s%2Fg%2F11srlgx7nr!19sChIJhc2_WBGTuQkRYuTyq4eq9Ss,Martinez Landscaping,4.4,14,Landscaper,,,,+1 407-687-9998,Closed · Opens 7 am,,https://lh3.googleusercontent.com/gps-cs-s/APNQkAEOgbO8Srf-5fuwD-kpg7fVR2WbvIWsmH3NZuWebZoRB1pCLXLw-thiFgW_wLaBbfwgJLdylbejKAGHv9cyQR1GBnD6EizIAtxFAwrGIym6_suKZUwhftT_rx4obxURwqo3DIg=w408-h541-k-no,true,7 am–9 pm,7 am–9 pm,7 am–9 pm,7 am–9 pm,7 am–9 pm,7 am–9 pm,7 am–9 pm,"https://www.google.com/maps/search/tree+service+businesses+in+Deltona+Daytona+Beach+FL/@28.9005446,-81.2636738,14z",2026-04-29T05:12:51.395Z,,,
https://www.google.com/maps/place/Class+Act+Arbor+Care/data=!4m7!3m6!1s0x88e7140358088a51:0xa2361adf30fa7fd!8m2!3d29.0214816!4d-81.172182!16s%2Fg%2F1tftg3w9!19sChIJUYoIWAMU54gR_acP861hIwo,Class Act Arbor Care,4.7,19,Tree service,,,http://www.classactarborcare.com/,+1 407-323-6398,Closed · Opens 8 am,,https://lh3.googleusercontent.com/gps-cs-s/APNQkAHJaD0eW4_AxYjVgxlKmBqdQeY_hKKMsB5brj21eFpBEmja8FOUQBL9d6r6ax6kKjxMUQoBKD9RC1BRyiDmYMBr9A5bAE2zF3jtDXq0dAW7xOwrkgWb9ikvF3VrL08TcZoYuQw3T5_VTkHW=w408-h544-k-no,true,8 am–5 pm,8 am–5 pm,8 am–5 pm,8 am–5 pm,Closed,8 am–5 pm,8 am–5 pm,"https://www.google.com/maps/search/tree+service+businesses+in+Deltona+Daytona+Beach+FL/@28.9005446,-81.2636738,14z",2026-04-29T05:12:55.705Z,,,
https://www.google.com/maps/place/Zero+Eleven+Landscaping/data=!4m7!3m6!1s0x96f229cf956b8e9:0x95ac51250431a19b!8m2!3d28.9069434!4d-81.261692!16s%2Fg%2F11z1zqs201!19sChIJ6bhW-ZwibwkRm6ExBCVRrJU,Zero Eleven Landscaping,5.0,2,Landscaper,,,,+1 978-962-9481,Closed · Opens 8 am,,https://lh3.googleusercontent.com/gps-cs-s/APNQkAFuhYOvzGP4dHPH7nutSwzgkYZgOipOUzWWRPax_f55BCyUAJCsgqbvSnf90RpdZI_0z5hudX1Qrk1lXWTsC0esrmIaRR7u7S0-ZHvAKo3YjZi35rW_jO7bxA0wI19kS_TPbPTOF6zBnXWU=w408-h725-k-no,true,8 am–6 pm,8 am–6 pm,8 am–6 pm,Closed,Closed,8 am–6 pm,8 am–6 pm,"https://www.google.com/maps/search/tree+service+businesses+in+Deltona+Daytona+Beach+FL/@28.9005446,-81.2636738,14z",2026-04-29T05:12:59.956Z,,,
https://www.google.com/maps/place/Dan+Dan+the+Handyman/data=!4m7!3m6!1s0x88e710f5b3d9e3a7:0xd12fda75f4524c2e!8m2!3d28.9230011!4d-81.2934973!16s%2Fg%2F11gd67pz8z!19sChIJp-PZs_UQ54gRLkxS9HXaL9E,Dan Dan the Handyman,3.7,6,Handyman/Handywoman/Handyperson,"625 Pine Tree Cir Dr, Orange City, FL 32763, United States","WPF4+6J Orange City, Florida, USA",,+1 407-637-4005,,,https://streetviewpixels-pa.googleapis.com/v1/thumbnail?panoid=v_u49GhlMWbusanqHYV_jA&cb_client=search.gws-prod.gps&w=408&h=240&yaw=17.119223&pitch=0&thumbfov=100,false,,,,,,,,"https://www.google.com/maps/search/tree+service+businesses+in+Deltona+Daytona+Beach+FL/@28.9005446,-81.2636738,14z",2026-04-29T05:13:02.816Z,,,
https://www.google.com/maps/place/Sir+Dump+Alot+Dumpster+%26+Junk+Removal/data=!4m7!3m6!1s0xa9b4efc6ff68fabd:0xd7775b9368ebb3b!8m2!3d28.8416034!4d-81.172182!16s%2Fg%2F11n3nxgnfy!19sChIJvfpo_8bvtKkRO7uONrl1dw0,Sir Dump Alot Dumpster & Junk Removal,5.0,28,Dumpster rental service,,,https://www.sirdumps.com/,+1 386-547-9224,,,https://lh3.googleusercontent.com/gps-cs-s/APNQkAEBGgroOswU9yS1SGAZX5uiZWWLd2xUBT4HxVT1lGnrBW8Zbd0CAVzMput6msjqLvARjUQ2ZSEKrwSgom1SC_FP3Y1ZnRmVP23IUoqjZQZu_8XIa_83Yok5RpeJjjLq3u_NsAV6_BaOzWw=w408-h612-k-no,true,,,,,,,,"https://www.google.com/maps/search/tree+service+businesses+in+Deltona+Daytona+Beach+FL/@28.9005446,-81.2636738,14z",2026-04-29T05:13:05.029Z,,,
https://www.google.com/maps/place/Gel+Recycling+Inc/data=!4m7!3m6!1s0x88e7108edee67389:0xa4786aa5a59efb1a!8m2!3d28.9365735!4d-81.2898621!16s%2Fg%2F1tjy29tl!19sChIJiXPm3o4Q54gRGvuepaVqeKQ,Gel Recycling Inc,3.6,63,Recycling center,"1200 Leavitt Ave S, Orange City, FL 32763, United States","WPP6+J3 Orange City, Florida, USA",https://gelrecycling.com/?UTM_source=GMB_listing&UTM_medium=organic,+1 386-775-5385,Closed · Opens 7 am,,https://lh3.googleusercontent.com/gps-cs-s/APNQkAFQDPR5wnYh9K4XnuTGa_rwDF6MoPNAoPFjxcMOBUniS3Bq93_T8tU6Kw5KjdKuamj2OPkajEUxI6p-d1cxkRNFLFGUKtWdCApV2sZoMUyyKH4aSht3OFhfrWYfjeoIELS5KPcR=w408-h306-k-no,true,7 am–4:30 pm,7 am–4:30 pm,7 am–4:30 pm,8:30 am–1:15 pm,Closed,7 am–4:30 pm,7 am–4:30 pm,"https://www.google.com/maps/search/tree+service+businesses+in+Deltona+Daytona+Beach+FL/@28.9005446,-81.2636738,14z",2026-04-29T05:13:09.549Z,,,
https://www.google.com/maps/place/Southern+Solutions+Fence+And+Outdoors/data=!4m7!3m6!1s0x8a01b250a2531a0d:0x66ad4fb9d0724d33!8m2!3d28.4931361!4d-81.646989!16s%2Fg%2F11m68mnk71!19sChIJDRpTolCyAYoRM01y0LlPrWY,Southern Solutions Fence And Outdoors,5.0,15,Fence contractor,,,https://southernsolutionsfence.co/,+1 386-564-6212,Open 24 hours,LGBTQ+ friendly,https://lh3.googleusercontent.com/gps-cs-s/APNQkAGeLmn5J94ueP0Pn5qcjmdarL-5SNT-rioC8BoqyIqfwYMMquAZGnAJSqn_7BqFh91OTqcPflQs7QqOU9MYjXf-L7w0HLS4rxFZJANgIK7i4uYeUOFXB0EHwaIKWOxOOAzFGQiDJwwSC67e=w408-h408-k-no,true,Open 24 hours,Open 24 hours,Open 24 hours,Open 24 hours,Closed,Open 24 hours,Open 24 hours,"https://www.google.com/maps/search/tree+service+businesses+in+Deltona+Daytona+Beach+FL/@28.9005446,-81.2636738,14z",2026-04-29T05:13:13.831Z,,,
https://www.google.com/maps/place/Radiant+Roots+Landscaping/data=!4m7!3m6!1s0x62b98c3f6f670771:0xc75483b74c4563ec!8m2!3d28.856706!4d-81.2584906!16s%2Fg%2F11svmt85mp!19sChIJcQdnbz-MuWIR7GNFTLeDVMc,Radiant Roots Landscaping,5.0,6,Lawn care service,,,http://www.radiantrootslawncare.com/,+1 386-289-4852,Closed · Opens 8 am,LGBTQ+ friendly,https://lh3.googleusercontent.com/gps-cs-s/APNQkAF4-FgFZBXK61jj29Zf_EXeJvH78GNj9lAIVDlW__acBZy2sE1obRjYDP5I-HzdNjfOYLQTRQioHQbcs9Fku2leYMZyPC-JZ366B8Ou5zguihvF9_A0Z0oeEBGYpDqNQrA6qQcY6kD1QNY=w408-h306-k-no,true,8 am–7 pm,8 am–7 pm,8 am–7 pm,8 am–7 pm,8 am–7 pm,8 am–7 pm,8 am–7 pm,"https://www.google.com/maps/search/tree+service+businesses+in+Deltona+Daytona+Beach+FL/@28.9005446,-81.2636738,14z",2026-04-29T05:13:18.210Z,,,
https://www.google.com/maps/place/Forks+%26+Fingers+Nigerian+Cuisine/data=!4m7!3m6!1s0x498e388dcde55e75:0x1706bf70de4daa3!8m2!3d28.8854794!4d-81.2779366!16s%2Fg%2F11rgrkb4vn!19sChIJdV7lzY04jkkRo9rkDfdrcAE,Forks & Fingers Nigerian Cuisine,4.8,37,Caterer,"840 Deltona Blvd r, Deltona, FL 32725, United States","VPPC+5R Deltona, Florida, USA",http://www.nigerianfooddelivered.com/?utm_source=google&utm_medium=wix_google_business_profile&utm_campaign=12227617639394454086,,,Identifies as women-owned,https://lh3.googleusercontent.com/gps-cs-s/APNQkAFVCdV9ydTTBxg1ia5pdbydgLmNqJyjYs5T9Sy6m8YNj5qtsqpvwQWeCJhZgXJlNQYCGR0vzjyXSL-jxleeKYgmX1iAdLpLnAKCUdVKFuhlJu28fmQofPXCrbq3Kt2YqdbX1mw=w408-h544-k-no,true,,,,,,,,"https://www.google.com/maps/search/tree+service+businesses+in+Deltona+Daytona+Beach+FL/@28.9005446,-81.2636738,14z",2026-04-29T05:13:20.519Z,· Delivery · Dine-in · Takeaway,true,
https://www.google.com/maps/place/JB+Tree+Care/data=!4m7!3m6!1s0x88e7416d424dbf01:0xb7d57c7901ec0345!8m2!3d28.7286822!4d-81.105498!16s%2Fg%2F11rvjnqjm7!19sChIJAb9NQm1B54gRRQPsAXl81bc,JB Tree Care,4.9,30,Tree service,"580 FL-46, Geneva, FL 32732, United States","PVHV+FR Geneva, Florida, USA",http://jbtreecarefl.com/,+1 407-450-1425,Closed · Opens 8 am,LGBTQ+ friendly,https://lh3.googleusercontent.com/gps-cs-s/APNQkAEp5HqVHXC_7dtNlBX3wTO0pSBWeBiRnZYF8PaKFnhu3WEaaPNtKl1ahEOGs6CwA3RWgvtedXRIYiwKZmL2x2rW2OBTwTpGIKwXbLn_7h_RIJaGS8oiyfwzMnhuHzHG265-3GQx=w408-h905-k-no,true,8 am–6 pm,8 am–6 pm,8 am–6 pm,9 am–4 pm,Closed,8 am–6 pm,8 am–6 pm,"https://www.google.com/maps/search/tree+service+businesses+in+Deltona+Daytona+Beach+FL/@28.9005446,-81.2636738,14z",2026-04-29T05:13:25.116Z,,,
https://www.google.com/maps/place/More+Than+A+Dump/data=!4m7!3m6!1s0x4c7e4d4f163fbad:0x682b0c5c81c12271!8m2!3d28.4931361!4d-81.646989!16s%2Fg%2F11rjlvwx6j!19sChIJrftj8dTkxwQRcSLBgVwMK2g,More Than A Dump,5.0,20,Waste management service,,,,+1 610-333-7269,Closed · Opens 7 am,,https://lh3.googleusercontent.com/gps-cs-s/APNQkAFlfp-wummXAfgLNDMMG0BRY9bxtWWaLZbPznsVxPcRWj0_guc3XZ_ZNkS9s5S6xfiFIQ-M3g8yyN5XCM6-ay0hdcSew43KgRKkUZ28ujT99jmlIuPsYV0D_1bwdTb4DYydC7h5Jg=w408-h408-k-no,true,7 am–7 pm,7 am–7 pm,7 am–7 pm,7 am–7 pm,7 am–7 pm,7 pm–12 am,12 am–7 pm,"https://www.google.com/maps/search/tree+service+businesses+in+Deltona+Daytona+Beach+FL/@28.9005446,-81.2636738,14z",2026-04-29T05:13:29.498Z,,true,
https://www.google.com/maps/place/Harbor+Freight/data=!4m7!3m6!1s0x88e7105f214d5023:0x8d055d4cea95292!8m2!3d28.923652!4d-81.2974387!16s%2Fg%2F125_yg1kc!19sChIJI1BNIV8Q54gRklKpztRV0Ag,Harbor Freight,4.5,1603,Hardware store,"2401 Enterprise Rd, Orange City, FL 32763, United States","WPF3+F2 Orange City, Florida, USA",https://www.harborfreight.com/storelocator/2401-enterprise-road-orange-city-32763?number=366,+1 386-456-0105,Closed · Opens 8 am,,https://lh3.googleusercontent.com/gps-cs-s/APNQkAFdIO8LfkHlM_7UcSP7HPqNh5eDDywRn6jrChUMkH_hApzoLjYot8YHYip8d_PNM9cOa2A1j7kPXg8YShZ1bJPgoiwSu1kFZSuezqFypGHQspCBNVAg1UP246m0pm6-c-XbwF-3WtCCp7k=w408-h306-k-no,true,8 am–8 pm,8 am–8 pm,8 am–8 pm,8 am–8 pm,9 am–6 pm,8 am–8 pm,8 am–8 pm,"https://www.google.com/maps/search/tree+service+businesses+in+Deltona+Daytona+Beach+FL/@28.9005446,-81.2636738,14z",2026-04-29T05:13:33.845Z,"Retail chain carrying a wide range of tools, hardware & other products for the home, garden & car.",,
https://www.google.com/maps/place/America%E2%80%99s+Demo+and+Haul+Away+LLC/data=!4m7!3m6!1s0x63fac24a779c176f:0x427bf0dea8ec17e5!8m2!3d28.4931361!4d-81.646989!16s%2Fg%2F11wbb1n6m6!19sChIJbxecd0rC-mMR5RfsqN7we0I,America’s Demo and Haul Away LLC,5.0,98,Demolition contractor,,,,+1 386-297-1417,Open 24 hours,Identifies as veteran-owned,https://lh3.googleusercontent.com/gps-cs-s/APNQkAEPHDYs8hDFSytMP4JoQ1qXrjH8ShXdzkdCmwu9RveHnpaMOUY2K2sfMNQxp1o_Uqd3-L17lNVQZcuxD1x1zYuFPe9Z9yzK5tbUSGHwAW0PEHit8tHB91vlt1y_oSYNzAOBUQ_tuj0ih7iO=w408-h306-k-no,true,Open 24 hours,Open 24 hours,Open 24 hours,Open 24 hours,Open 24 hours,Open 24 hours,Open 24 hours,"https://www.google.com/maps/search/tree+service+businesses+in+Deltona+Daytona+Beach+FL/@28.9005446,-81.2636738,14z",2026-04-29T05:13:38.143Z,,,
"https://www.google.com/maps/place/First+Choice+Home+Inspections,+LLC/data=!4m7!3m6!1s0x88e7114cef587777:0x208f6bba9529781e!8m2!3d28.8701273!4d-81.2536828!16s%2Fg%2F119vls4zj!19sChIJd3dY70wR54gRHngplbprjyA","First Choice Home Inspections, LLC",4.9,33,Home inspector,"341 Montego St, Deltona, FL 32725, United States","VPCW+3G Deltona, Florida, USA",http://1homeinspector.com/,+1 386-624-3893,Closed · Opens 8 am,,https://lh3.googleusercontent.com/gps-cs-s/APNQkAHJtIzG_qWgjrwIViUf9jGWp1AzCO6G9KoQHP-XAngq1rZuzuN1kjpj5WoiqMCJ1oDf3eWT7KHqC0juihyLMnItda5p_8zMhvozDA87OqVYDEdkG96OqSHZebHm4Y2hicstm-1SrHO6ueJq=w446-h240-k-no,true,8 am–5 pm,8 am–5 pm,8 am–5 pm,9 am–5 pm,10 am–3 pm,8 am–5 pm,8 am–5 pm,"https://www.google.com/maps/search/tree+service+businesses+in+Deltona+Daytona+Beach+FL/@28.9005446,-81.2636738,14z",2026-04-29T05:13:42.674Z,,,
https://www.google.com/maps/place/Four+Towns+Plumbing+Inc/data=!4m7!3m6!1s0x88e71719751ae9d3:0x11ba9e7b30619b00!8m2!3d28.9078644!4d-81.2256096!16s%2Fg%2F1tf_j70_!19sChIJ0-kadRkX54gRAJthMHueuhE,Four Towns Plumbing Inc,4.7,159,Plumber,"1623 Dunlap Dr, Deltona, FL 32725, United States","WQ5F+4Q Deltona, Florida, USA",http://fourtownsplumbingdebary.com/,+1 386-668-4424,Closed · Opens 8 am,,https://lh3.googleusercontent.com/gps-cs-s/APNQkAFJ6chY31EGyoCHcfnKI_F7hM2yvDsb9sYg65_pD4F_zu6HEzBXAwKmLWHPYMwnztPziJlIfz_hlw_UhP6fW45jrVcUwwURiWbIyz_4VWMwtX4eFOsgpeo_pKbpZwZxVS3Qk3ru=w507-h240-k-no,true,8 am–5 pm,8 am–5 pm,8 am–5 pm,8 am–5 pm,Closed,8 am–5 pm,8 am–5 pm,"https://www.google.com/maps/search/tree+service+businesses+in+Deltona+Daytona+Beach+FL/@28.9005446,-81.2636738,14z",2026-04-29T05:13:47.339Z,,,
https://www.google.com/maps/place/Matt%27s+Ace+Hardware/data=!4m7!3m6!1s0x88e7171f312c8b93:0xa06a8d89c7a8f91b!8m2!3d28.9045405!4d-81.228224!16s%2Fg%2F1tfzy9kt!19sChIJk4ssMR8X54gRG_mox4mNaqA,Matt's Ace Hardware,4.6,183,Hardware store,"1656 Providence Blvd, Deltona, FL 32725, United States","WQ3C+RP Deltona, Florida, USA",http://www.acehardware.com/store-details/19605?utm_source=google&utm_medium=local&utm_campaign=localmaps&utm_content=19605,+1 386-789-7744,Closed · Opens 7:30 am,,https://lh3.googleusercontent.com/gps-cs-s/APNQkAE70Ol1LymAGzWTSYUWvQE_UYOl6Q1I7zL8dHNFt6QbOiSt_26FflpEldK1Gw0ziZH2fs5Npnp-NJCXWlODuYpzlZXi3ah3SldkdU1ImtjngwYQ9BIbEQwHb-_2DlfoY_070QRbCOemI1bU=w408-h306-k-no,true,7:30 am–6 pm,7:30 am–6 pm,7 am–6 pm,7:30 am–6 pm,9 am–5 pm,7:30 am–6 pm,7:30 am–6 pm,"https://www.google.com/maps/search/tree+service+businesses+in+Deltona+Daytona+Beach+FL/@28.9005446,-81.2636738,14z",2026-04-29T05:13:51.739Z,"Hardware store stocking household tools, garden supplies, home decor & more. · In-store shopping · Kerbside pickup",,
https://www.google.com/maps/place/Kiss+My+Grass+FL+LLC/data=!4m7!3m6!1s0x88e717b5f0db17c1:0x1d88372dd1e22c0d!8m2!3d28.9198722!4d-81.2333149!16s%2Fg%2F11szsyw1pq!19sChIJwRfb8LUX54gRDSzi0S03iB0,Kiss My Grass FL LLC,5.0,1,Landscape designer,"2025 E Prairie Cir, Deltona, FL 32725, United States","WQ98+WM Deltona, Florida, USA",,+1 407-431-8578,Closed · Opens 7 am,,https://streetviewpixels-pa.googleapis.com/v1/thumbnail?panoid=7OtLGW9j_mNm9Hp9y3Mq9A&cb_client=search.gws-prod.gps&w=408&h=240&yaw=113.90818&pitch=0&thumbfov=100,true,7 am–5 pm,7 am–5 pm,7 am–5 pm,7 am–5 pm,Closed,7 am–5 pm,7 am–5 pm,"https://www.google.com/maps/search/tree+service+businesses+in+Deltona+Daytona+Beach+FL/@28.9005446,-81.2636738,14z",2026-04-29T05:13:56.092Z,,,
https://www.google.com/maps/place/Ace+Hardware+of+DeBary/data=!4m7!3m6!1s0x88e71195ae017a6d:0x4ed6a52ce57335d9!8m2!3d28.8997252!4d-81.3058768!16s%2Fg%2F11f7bqwj3c!19sChIJbXoBrpUR54gR2TVz5Syl1k4,Ace Hardware of DeBary,4.7,448,Hardware store,"220 N Charles Richard Beall Blvd, DeBary, FL 32713, United States","VMXV+VJ DeBary, Florida, USA",http://www.acehardware.com/store-details/16824?utm_source=google&utm_medium=localstore&utm_campaign=,+1 386-320-0847,Closed · Opens 7:30 am,,https://lh3.googleusercontent.com/gps-cs-s/APNQkAFFepmSvppN1yTbWcZ0I10LxiP5i4qfKfSzet-25NQSwnzAVK75W3G2hmOSBtOh-qFCnJ3peYAgfnHH88w4D7Xe8qGlm00FbG7FG_UTSyvsCVM74fhSUX9JgPj2kqnIAPcs65iNAg=w408-h498-k-no,true,7:30 am–7 pm,7:30 am–7 pm,7:30 am–7 pm,7:30 am–7 pm,9 am–5 pm,7:30 am–7 pm,7:30 am–7 pm,"https://www.google.com/maps/search/tree+service+businesses+in+Deltona+Daytona+Beach+FL/@28.9005446,-81.2636738,14z",2026-04-29T05:14:00.688Z,"Hardware store stocking household tools, garden supplies, home decor & more. · In-store pick-up",,
https://www.google.com/maps/place/Legacy+Construction+%26+Contracting+LLC/data=!4m7!3m6!1s0x6d6242c88a99dfd9:0x999aa83b01f17b92!8m2!3d28.9208527!4d-81.2590676!16s%2Fg%2F11y3hknmj9!19sChIJ2d-ZishCYm0RknvxATuompk,Legacy Construction & Contracting LLC,5.0,16,General contractor,"2057 E Gloria Dr, Deltona, FL 32725, United States","WPCR+89 Deltona, Florida, USA",https://www.legacyconstructs.com/,+1 407-495-8259,Closed · Opens 8 am,,https://lh3.googleusercontent.com/gps-cs-s/APNQkAHlzaiNHBs_3KitfTZdQ_sYjt-qKpyT3xDlspsxYB6m2aJLLhQD8tIsei4jIRD6KzQE5F1nswQD5DIlFrH9NhVTyrhuD9u7DOxlFmVNW0esGW0LpRDJSiq1JYP-H3TiPICp2HkS=w408-h306-k-no,true,8 am–5 pm,8 am–5 pm,8 am–5 pm,Closed,Closed,8 am–5 pm,8 am–5 pm,"https://www.google.com/maps/search/tree+service+businesses+in+Deltona+Daytona+Beach+FL/@28.9005446,-81.2636738,14z",2026-04-29T05:14:05.059Z,,,
"https://www.google.com/maps/place/Expert+Stump+Removal,+LLC/data=!4m7!3m6!1s0xa526ecf19443c161:0xaebb38c5b0d29032!8m2!3d28.990532!4d-81.1495144!16s%2Fg%2F11l2qlmr03!19sChIJYcFDlPHsJqURMpDSsMU4u64","Expert Stump Removal, LLC",5.0,3,Tree service,,,,+1 386-843-5101,Closed · Opens 8 am,Identifies as veteran-owned,https://lh3.googleusercontent.com/gps-cs-s/APNQkAHAEoSBRN-ISNfutXnzEUGEvDhsO6lwIC95nlGGfb18-9h9UXYmGREYLegn0sgL3VHYeOCcH6M2thp8PKWv5X21N5H4bXvo189B8ROqLCYiRNcouQH994-M8_5f5MDSbb4vAOexQA=w408-h306-k-no,true,8 am–7 pm,8 am–7 pm,8 am–7 pm,10 am–3 pm,Closed,8 am–7 pm,8 am–7 pm,"https://www.google.com/maps/search/tree+service+businesses+in+Deltona+Daytona+Beach+FL/@28.9005446,-81.2636738,14z",2026-04-29T05:14:09.725Z,,,
https://www.google.com/maps/place/Wes+Crile+Park/data=!4m7!3m6!1s0x88e71704b4e447f7:0x1bbdc7887e40af0a!8m2!3d28.9067677!4d-81.2185224!16s%2Fg%2F11c164kgwf!19sChIJ90fktAQX54gRCq9AfojHvRs,Wes Crile Park,4.5,495,Park,"1537 Norbert Terrace, Deltona, FL 32738, United States","WQ4J+PH Deltona, Florida, USA",https://www.deltonafl.gov/Facilities/Facility/Details/Wes-Crile-Park-27,+1 386-878-8940,Closed · Opens 8:30 am,,https://lh3.googleusercontent.com/gps-cs-s/APNQkAE0wGIEOj02WvPhQ-ZVrjUtLKyJRqQ7zsAskl7vcU1iFBkwuUnv05ZRDvx17W_k3VxYuj5OUck54qW-kfWM8rQHimQLwD2DNtvILKFbwUX60nX_oV9IkSHG74ymNlZTBmOH9Q=w687-h240-k-no,true,8:30 am–8:30 pm,8:30 am–8:30 pm,8:30 am–8:30 pm,9 am–8:30 pm,9 am–8:30 pm,8:30 am–8:30 pm,8:30 am–8:30 pm,"https://www.google.com/maps/search/tree+service+businesses+in+Deltona+Daytona+Beach+FL/@28.9005446,-81.2636738,14z",2026-04-29T05:14:14.223Z,,,
https://www.google.com/maps/place/Arborist+Plus+Tree+and+Landscapes/data=!4m7!3m6!1s0x88e72e788fc589c1:0x3aa6db06c1cde770!8m2!3d28.9674796!4d-80.9001204!16s%2Fg%2F11cr_p44_m!19sChIJwYnFj3gu54gRcOfNwQbbpjo,Arborist Plus Tree and Landscapes,4.3,16,Tree service,"1926 Fern Palm Dr, Edgewater, FL 32141, United States","X38X+XX Edgewater, Florida, USA",https://arboristplustreeservice.com/,+1 386-690-5797,Closed · Opens 7 am,,https://lh3.googleusercontent.com/gps-cs-s/APNQkAHOdM7cL8xCvDUpyafov5n_ZyGDVXmmtosFJl9EgStVcHw92rvToRqaXAhHJlo4BcuNf8CYbqNq3wiVNgBoLS4aUDYlSpbFulT_nYAfxiK5VqY9WXc1Zrf4gD80XECbKZ3gI5jkjQ=w408-h306-k-no,true,7 am–5 pm,7 am–5 pm,7 am–5 pm,7 am–5 pm,Closed,7 am–5 pm,7 am–5 pm,"https://www.google.com/maps/search/tree+service+businesses+in+Edgewater+Daytona+Beach+FL/@28.9888754,-80.9022758,14z",2026-04-29T05:14:34.156Z,,,
https://www.google.com/maps/place/Above+and+Beyond+Tree+Care/data=!4m7!3m6!1s0x88e72e7ff8c649ed:0x4508982d1ec7258a!8m2!3d29.1220074!4d-81.0393841!16s%2Fg%2F11c708vjz8!19sChIJ7UnG-H8u54gRiiXHHi2YCEU,Above and Beyond Tree Care,5.0,192,Tree service,,,https://aboveandbeyond386.com/,+1 386-576-4221,Open 24 hours,,https://lh3.googleusercontent.com/gps-cs-s/APNQkAF7Ikgw7QF8jNAR5rpiUJBdFYAiV0qUWv7fn3yQc3u-5mQeETHTyDM0qZu_XXEG08Hm9_ZV4l045Wqzd8K7-_9es7LLf9IcdjDFKYOYXJxah0qoQW2eGddedJHbpkWABGNaqDuJ=w427-h240-k-no,true,Open 24 hours,Open 24 hours,Open 24 hours,Open 24 hours,Open 24 hours,Open 24 hours,Open 24 hours,"https://www.google.com/maps/search/tree+service+businesses+in+Edgewater+Daytona+Beach+FL/@28.9888754,-80.9022758,14z",2026-04-29T05:14:38.445Z,,,
https://www.google.com/maps/place/A%26B+Outdoors/data=!4m7!3m6!1s0x88d95192ee4e0131:0x4cc3756bbd653653!8m2!3d28.7292625!4d-81.047845!16s%2Fg%2F11t7bytwyb!19sChIJMQFO7pJR2YgRUzZlvWt1w0w,A&B Outdoors,4.7,15,Landscape designer,,,https://www.facebook.com/ablandscaping13,+1 386-314-1550,Open · Closes 5 am · Reopens 8 am,,https://lh3.googleusercontent.com/gps-cs-s/APNQkAGKXxCYA5-rxM4KcL-k8ID_LobVqa5affj2Fu4vocDNbkyR3kMeLaxeS-OaTUaAyBBHjP5ejiJhnxpOu--SPVUTmlekzSvAJCIk1OPEq1OuG0Lqi3ng5rlAiVpZmB_0P8V3H_gZ=w408-h306-k-no,true,8 am–5 am,8 am–5 am,8 am–5 am,Closed,Closed,8 am–5 am,8 am–5 am,"https://www.google.com/maps/search/tree+service+businesses+in+Edgewater+Daytona+Beach+FL/@28.9888754,-80.9022758,14z",2026-04-29T05:14:42.984Z,,,
https://www.google.com/maps/place/Southern+Turf/data=!4m7!3m6!1s0x4ad65bd8ad8539c3:0x60ca9f04da8d46e7!8m2!3d28.9053185!4d-80.8660366!16s%2Fg%2F11sx3vpl39!19sChIJwzmFrdhb1koR50aN2gSfymA,Southern Turf,4.4,173,Tree service,"4610 US-1, Edgewater, FL 32141, United States","W44M+4H Edgewater, Florida, USA",http://southernturf.co/,+1 386-416-8988,Open 24 hours,,https://lh3.googleusercontent.com/gps-cs-s/APNQkAHcJF0Qj32oVHRZk4O0S3v1VBJxzdc-7XeZRPYQz2XmEv0-NVodKNBWNRShaCwYolB1Eh2dRG6htMa68orUOv-tCjBFACQFfPtKEoblsDS7EVPz4eLUOKFCzoR3jYH--atBIZtr=w408-h544-k-no,true,Open 24 hours,Open 24 hours,Open 24 hours,Open 24 hours,Open 24 hours,Open 24 hours,Open 24 hours,"https://www.google.com/maps/search/tree+service+businesses+in+Edgewater+Daytona+Beach+FL/@28.9888754,-80.9022758,14z",2026-04-29T05:14:47.377Z,,,
https://www.google.com/maps/place/American+Hardware/data=!4m7!3m6!1s0x88e72e98492dd10d:0x7c2658ef9236966c!8m2!3d28.9913462!4d-80.9079813!16s%2Fg%2F1wl4rf5_!19sChIJDdEtSZgu54gRbJY2ku9YJnw,American Hardware,4.7,179,Hardware store,"100 S Ridgewood Ave, Edgewater, FL 32132, United States","X3RR+GR Edgewater, Florida, USA",https://www.doitbest.com/find-a-store/florida/3365-american-hardware,+1 386-428-9784,Closed · Opens 8:30 am,,https://lh3.googleusercontent.com/gps-cs-s/APNQkAG7k_1Dn7vESvH0rTh5XukXbQlqR9yPBuAi513NWfWRluSfsbbhMMJ8uTadHKVlqIURzJXbtEq5VygGksiqmI8QhFd2fdLYpWhc6jryW8HnHP0jE13aEr9oS-vMjoZWK-9UG6SZ=w513-h240-k-no,true,8:30 am–5 pm,8:30 am–5 pm,8:30 am–5 pm,8:30 am–12:30 pm,Closed,8:30 am–5 pm,8:30 am–5 pm,"https://www.google.com/maps/search/tree+service+businesses+in+Edgewater+Daytona+Beach+FL/@28.9888754,-80.9022758,14z",2026-04-29T05:14:51.851Z,,,
https://www.google.com/maps/place/Oak+Leaf+Preserve+by+D.R.+Horton/data=!4m7!3m6!1s0x88e72f437de59e53:0x3fcf743efa855c2a!8m2!3d28.986794!4d-80.941703!16s%2Fg%2F11rg_rg2lk!19sChIJU57lfUMv54gRKlyF-j50zz8,Oak Leaf Preserve by D.R. Horton,4.6,26,Home builder,"1841 Red Rock Rd, Edgewater, FL 32132, United States","X3P5+P8 Edgewater, Florida, USA",https://www.drhorton.com/florida/central-florida/new-smyrna-beach/oak-leaf-preserve?utm_source=googlemybusiness&utm_medium=organic&utm_content=380-113&utm_campaign=GMB,+1 386-888-2724,Closed · Opens 12 pm,,https://lh3.googleusercontent.com/gps-cs-s/APNQkAE-paapbB6gZ3hcpbq79gWzUgydP28uhcOYQ8WMD5pDBKJwZ8xfsPWxjUwKqenfsSx9vTdGfPZXTQDlEYEw1UXGvvP_GbHXxE5GQb19MPRd7nyLvxgWd32jisULkaU2CUfJMJBX=w408-h305-k-no,true,12–6 pm,10 am–6 pm,10 am–6 pm,10 am–6 pm,12–6 pm,10 am–6 pm,10 am–6 pm,"https://www.google.com/maps/search/tree+service+businesses+in+Edgewater+Daytona+Beach+FL/@28.9888754,-80.9022758,14z",2026-04-29T05:14:56.838Z,,,
https://www.google.com/maps/place/A+East+Coast+Tree+Surgeon+LLC/data=!4m7!3m6!1s0x88e728ec445dadd9:0xca2c0f8e53a47c51!8m2!3d28.992484!4d-80.9491065!16s%2Fg%2F11bw22chsz!19sChIJ2a1dROwo54gRUXykU44PLMo,A East Coast Tree Surgeon LLC,4.8,4,Tree service,,,,+1 386-689-6936,Closed · Opens 8 am,,https://lh3.googleusercontent.com/gps-cs-s/APNQkAFzqSsF1nUTbMcFkvET7pwLR_f6qg6P8lNuD8fIewX1RHkJb0654u9XvlBZU3_NSzx73kFCPjrfDHCxNKVnqPQEdMdlyFgBw9w01vpILhCWySciTMaeN620er7pYO3L2Vz94b2GPQ=w426-h240-k-no,true,8 am–6 pm,8 am–6 pm,8 am–6 pm,8 am–6 pm,10 am–3 pm,8 am–6 pm,8 am–6 pm,"https://www.google.com/maps/search/tree+service+businesses+in+Edgewater+Daytona+Beach+FL/@28.9888754,-80.9022758,14z",2026-04-29T05:15:01.201Z,,,
https://www.google.com/maps/place/Mordinis+Landscapes/data=!4m7!3m6!1s0x88e72f0091bf1a05:0x2c73f2b46f870b4c!8m2!3d28.9824527!4d-80.9221778!16s%2Fg%2F11vz072lgg!19sChIJBRq_kQAv54gRTAuHb7Tycyw,Mordinis Landscapes,3.6,23,Landscape designer,"309 Cherrywood Ln, Edgewater, FL 32132, United States","X3JH+X4 Edgewater, Florida, USA",,+1 386-270-6034,Open 24 hours,,https://lh3.googleusercontent.com/gps-cs-s/APNQkAELDKpljKH3BaLxEYLH3ioxUle9XLk1LDwa1ffoAWc0Y4phXRRYAx5wqVtrLdpt_9OJ1GKybwnWsblC8k_dKg4FIXwlkKOcEpa6SwizivpUMhK5nFhcsroMC0am2KBS5NfdGpH3=w408-h544-k-no,true,Open 24 hours,Open 24 hours,Open 24 hours,Open 24 hours,Open 24 hours,Open 24 hours,Open 24 hours,"https://www.google.com/maps/search/tree+service+businesses+in+Edgewater+Daytona+Beach+FL/@28.9888754,-80.9022758,14z",2026-04-29T05:15:05.517Z,,,
https://www.google.com/maps/place/Edgewater+Public+Works+Department/data=!4m7!3m6!1s0x88e72e9174d93005:0x50a466672811eb51!8m2!3d28.9855852!4d-80.9138067!16s%2Fg%2F1td2vqjy!19sChIJBTDZdJEu54gRUesRKGdmpFA,Edgewater Public Works Department,4.4,12,Paving contractor,"409 Mango Tree Dr, Edgewater, FL 32132, United States","X3PP+6F Edgewater, Florida, USA",,+1 386-424-2476,,,https://lh3.googleusercontent.com/gps-cs-s/APNQkAFR5YbtlVnWNmwEmSG5xqpuI0_LAIyI8HI0h3KqarPMe8yzaq8VcytyLKTQMtr3XmsDMPddcSE1tyG43MTGG4trzQLxSuN854A1jWhZ5pK_NYLtpzB4qgJnG1vp0R_-XjyKrdo8RhFiUU2d=w426-h240-k-no,false,,,,,,,,"https://www.google.com/maps/search/tree+service+businesses+in+Edgewater+Daytona+Beach+FL/@28.9888754,-80.9022758,14z",2026-04-29T05:15:07.920Z,,,
https://www.google.com/maps/place/Edgewater/data=!4m7!3m6!1s0x88e72e61ebf3ffff:0x6fb8932e9f18e31b!8m2!3d28.9699801!4d-80.9163003!16s%2Fg%2F11hy9p55m_!19sChIJ___z62Eu54gRG-MYny6TuG8,Edgewater,5.0,11,Building restoration service,"1624 Umbrella Tree Dr, Edgewater, FL 32132, United States","X39M+XF Edgewater, Florida, USA",,+1 386-251-7443,Open 24 hours,,https://streetviewpixels-pa.googleapis.com/v1/thumbnail?panoid=wh4HerzY2MK6Iyi191RvWg&cb_client=search.gws-prod.gps&w=408&h=240&yaw=266.59015&pitch=0&thumbfov=100,true,Open 24 hours,Open 24 hours,Open 24 hours,Open 24 hours,Closed,Open 24 hours,Open 24 hours,"https://www.google.com/maps/search/tree+service+businesses+in+Edgewater+Daytona+Beach+FL/@28.9888754,-80.9022758,14z",2026-04-29T05:15:12.690Z,,,
https://www.google.com/maps/place/Edgewater+Animal+Shelter/data=!4m7!3m6!1s0x88e72e91ee866f1b:0xb669d1523bccaad0!8m2!3d28.983735!4d-80.913822!16s%2Fg%2F1vc_r5g9!19sChIJG2-G7pEu54gR0KrMO1LRabY,Edgewater Animal Shelter,4.7,315,Animal shelter,"605 Mango Tree Dr, Edgewater, FL 32132, United States","X3MP+FF Edgewater, Florida, USA",http://edgewateranimalshelter.org/,+1 386-402-7476,Closed · Opens 9 am,,https://lh3.googleusercontent.com/gps-cs-s/APNQkAGQQEAGGr4WjY3AZy1O9piPsJil4X1ahLYL-dY8gcEO-q7kGsu6ciBjztwMP5pJdS0zaaIuql9pTcPH9OwrVHPY-gLO5jzeuAaw2bz-ThUI2U-ZOYzrt-tmC6vZb7UZHwlq-aI=w426-h240-k-no,true,9 am–4 pm,9 am–4 pm,9 am–4 pm,Closed,Closed,9 am–4 pm,9 am–4 pm,"https://www.google.com/maps/search/tree+service+businesses+in+Edgewater+Daytona+Beach+FL/@28.9888754,-80.9022758,14z",2026-04-29T05:15:17.468Z,,,
https://www.google.com/maps/place/First+Response+Disaster+Team/data=!4m7!3m6!1s0x88e72e7887b15079:0xc46b2fcbc68d3b4d!8m2!3d28.9595899!4d-80.8985206!16s%2Fg%2F1hm4kfdgm!19sChIJeVCxh3gu54gRTTuNxssva8Q,First Response Disaster Team,4.5,50,Water damage restoration service,"2322 Hibiscus Dr, Edgewater, FL 32141, United States","X452+RH Edgewater, Florida, USA",http://www.thedisasterteam.com/,+1 386-428-8825,Open 24 hours,,https://lh3.googleusercontent.com/gps-cs-s/APNQkAGSAQX3i-042gocEso5jajjAEq1uTawNe27fo-JACsZRaR3cQAqkfTiPUTXdQqSLRNC3-4I4BMtPAuCo88GTWHvzTJAKsiUCax5TTnrprkNS8-gWnhUdFYDHc5IzF-sFsFMm_DmbA=w455-h240-k-no,true,Open 24 hours,Open 24 hours,Open 24 hours,Open 24 hours,Open 24 hours,Open 24 hours,Open 24 hours,"https://www.google.com/maps/search/tree+service+businesses+in+Edgewater+Daytona+Beach+FL/@28.9888754,-80.9022758,14z",2026-04-29T05:15:21.840Z,,,
"https://www.google.com/maps/place/D%26J+Home+Medic+Handyman+Services/@28.9688885,-80.983331,9z/data=!3m1!4b1!4m6!3m5!1s0xafeeadebc42e5585:0xedc737e4b9e0b4a2!8m2!3d28.9688886!4d-80.983331!16s%2Fg%2F11wvm7v2j7",D&J Home Medic Handyman Services,5.0,7,Handyman/Handywoman/Handyperson,,,https://handymanedgewater.com/,+1 321-961-2147,Open 24 hours,,,true,Open 24 hours,Open 24 hours,Open 24 hours,Open 24 hours,Open 24 hours,Open 24 hours,Open 24 hours,"https://www.google.com/maps/search/tree+service+businesses+in+Edgewater+Daytona+Beach+FL/@28.9888754,-80.9022758,14z",2026-04-29T05:15:28.094Z,,,
https://www.google.com/maps/place/Grand+Rental+Station/data=!4m7!3m6!1s0x88e732577982f5a9:0xabe4a82f5d1c4f61!8m2!3d28.9705652!4d-80.8929814!16s%2Fg%2F1wcxdxtw!19sChIJqfWCeVcy54gRYU8cXS-o5Ks,Grand Rental Station,4.2,84,Equipment rental agency,"107 Boston Rd, Edgewater, FL 32141, United States","X4C4+6R Edgewater, Florida, USA",https://www.grandrentalstationvolusia.com/,+1 386-423-5655,"Closed · Opens 8 am

Confirmed by this business 2 weeks ago",,https://lh3.googleusercontent.com/gps-cs-s/APNQkAHt8GJzV9IUzMmTotisgLJRwuJX17t6TUCIR-WJhmsLFk555yzfhh_BPOR18aJpE-1tfn12WqxfcH4WrzTrzXK15Ze4C0Sv9Ek7koKrJOIMAYRgk8c8zjfWBXMYORuWbovJvV5HmQ=w426-h240-k-no,true,8 am–5 pm,8 am–5 pm,8 am–5 pm,8 am–5 pm,Closed,8 am–5 pm,8 am–5 pm,"https://www.google.com/maps/search/tree+service+businesses+in+Edgewater+Daytona+Beach+FL/@28.9888754,-80.9022758,14z",2026-04-29T05:15:32.507Z,,,
https://www.google.com/maps/place/Lift+Off+Pressure+Washing/data=!4m7!3m6!1s0xe7d4aad05918a15:0x37121b5030a0e365!8m2!3d28.945864!4d-80.896597!16s%2Fg%2F11vpy_htn5!19sChIJFYqRBa1KfQ4RZeOgMFAbEjc,Lift Off Pressure Washing,5.0,78,Pressure washing service,"3004 Lime Tree Dr, Edgewater, FL 32141, United States","W4W3+89 Edgewater, Florida, USA",http://liftoffpressurewashing.com/,+1 386-478-9484,Open 24 hours,,https://lh3.googleusercontent.com/gps-cs-s/APNQkAGhoGvboSLF4_523mqYItkE47BiPm1bN6sidj-QYX465YmKTVFIewfDo6e_onktgaruu9vyMwXgzkVmeGNxcAFo_Mxh-5dUCB37DezeQguVT7hQyiHPHHVWeXWYxcclguM1QE_y0x1gupJm=w408-h408-k-no,true,Open 24 hours,Open 24 hours,Open 24 hours,Open 24 hours,Open 24 hours,Open 24 hours,Open 24 hours,"https://www.google.com/maps/search/tree+service+businesses+in+Edgewater+Daytona+Beach+FL/@28.9888754,-80.9022758,14z",2026-04-29T05:15:36.866Z,,,
https://www.google.com/maps/place/Faletti+Services/data=!4m7!3m6!1s0x649ea84ab8e5b467:0x478402508a85b1f7!8m2!3d28.97404!4d-81.3754385!16s%2Fg%2F11x258dkw9!19sChIJZ7TluEqonmQR97GFilAChEc,Faletti Services,5.0,16,Crane service,,,https://fsi-gp.com/,+1 386-478-4683,,,https://lh3.googleusercontent.com/gps-cs-s/APNQkAGxy9RdmceFvgc_Tvaxvm2rBm-z5hj97Ycq2mDYYcZ_crHU21ka7jNPfCX0Qm_Puk-6HYgBa6Jaf1QbgZQ2WIV5KBcsU5mDji_p7TFzrly5gibtfWgv8j3kyuqO9e224_h3sigt=w408-h306-k-no,true,Open 24 hours,Open 24 hours,Open 24 hours,Open 24 hours,9 am–5 pm,Open 24 hours,Open 24 hours,"https://www.google.com/maps/search/tree+service+businesses+in+Edgewater+Daytona+Beach+FL/@28.9888754,-80.9022758,14z",2026-04-29T05:15:41.447Z,,,
https://www.google.com/maps/place/ONIT+Worldwide/data=!4m7!3m6!1s0x88e72e915e3fffff:0x17cc75551c3df61!8m2!3d28.9869987!4d-80.9150081!16s%2Fg%2F11twq3q350!19sChIJ__8_XpEu54gRYd_DUVXHfAE,ONIT Worldwide,,,Flooring contractor,"301 Mango Tree Dr, Edgewater, FL 32132, United States","X3PM+QX Edgewater, Florida, USA",https://www.onit-worldwide.com/contact,+1 407-553-8850,,,https://streetviewpixels-pa.googleapis.com/v1/thumbnail?panoid=ZIEQNq0uVhD0i96BP_pxIQ&cb_client=search.gws-prod.gps&w=408&h=240&yaw=66.4892&pitch=0&thumbfov=100,false,,,,,,,,"https://www.google.com/maps/search/tree+service+businesses+in+Edgewater+Daytona+Beach+FL/@28.9888754,-80.9022758,14z",2026-04-29T05:15:43.769Z,,,
https://www.google.com/maps/place/Tri-County+Hard+Chrome+Inc/data=!4m7!3m6!1s0x88e72e93fe46f989:0xd968b61fe1a96da2!8m2!3d28.987969!4d-80.9155997!16s%2Fg%2F1tcysnc3!19sChIJiflG_pMu54gRom2p4R-2aNk,Tri-County Hard Chrome Inc,5.0,2,Plating service,"109 Mango Tree Dr, Edgewater, FL 32132, United States","X3QM+5Q Edgewater, Florida, USA",,+1 386-427-9241,,,https://streetviewpixels-pa.googleapis.com/v1/thumbnail?panoid=zGbExHKMRzZJ2Y9_AR-NNg&cb_client=search.gws-prod.gps&w=408&h=240&yaw=107.33381&pitch=0&thumbfov=100,false,,,,,,,,"https://www.google.com/maps/search/tree+service+businesses+in+Edgewater+Daytona+Beach+FL/@28.9888754,-80.9022758,14z",2026-04-29T05:15:46.105Z,,,
https://www.google.com/maps/place/J%26M+southern+construction/data=!4m7!3m6!1s0x88e72f098ce563ed:0x59dff4b5473deebc!8m2!3d28.9849196!4d-80.9228498!16s%2Fg%2F11wbdwgpb4!19sChIJ7WPljAkv54gRvO49R7X031k,J&M southern construction,,,Landscaper,"000 Wildwood Dr, Edgewater, FL 32132, United States","X3MG+XV Edgewater, Florida, USA",https://jmsouthernconstruction.com/,+1 386-689-5852,Closed · Opens 7 am,,https://streetviewpixels-pa.googleapis.com/v1/thumbnail?panoid=af3MUAJRKgv9F6biPwi6HA&cb_client=search.gws-prod.gps&w=408&h=240&yaw=255.81041&pitch=0&thumbfov=100,true,7 am–7 pm,7 am–7 pm,7 am–7 pm,9 am–5 pm,9 am–5 pm,7 am–7 pm,7 am–7 pm,"https://www.google.com/maps/search/tree+service+businesses+in+Edgewater+Daytona+Beach+FL/@28.9888754,-80.9022758,14z",2026-04-29T05:15:50.434Z,,,
https://www.google.com/maps/place/Tropical+Pest+and+Termite+Solutions/data=!4m7!3m6!1s0x88e72fe93891372f:0x2526b3df3bcd60e4!8m2!3d28.9464705!4d-80.9114696!16s%2Fg%2F11mjnj1v_r!19sChIJLzeROOkv54gR5GDNO9-zJiU,Tropical Pest and Termite Solutions,5.0,41,Pest control service,"2729 Unity Tree Dr, Edgewater, FL 32141, United States","W3WQ+HC Edgewater, Florida, USA",,+1 386-262-9218,Closed · Opens 7 am,Identifies as women-owned,https://lh3.googleusercontent.com/gps-cs-s/APNQkAHIlFeeFvPi4CWPKlXdh8GNw8NB6sQhGweD4Y5XuneVSV8vPDlgyjBCYLrlkuxmtW9oimkNgWQekpTmSGHqBHG4lrnhwe2ycaN8v5YCi-glKiS-JFeTBeXbSAPmIlwEUaZ_ZbKI=w408-h243-k-no,true,7 am–6 pm,7 am–6 pm,7 am–6 pm,Closed,Closed,7 am–6 pm,7 am–6 pm,"https://www.google.com/maps/search/tree+service+businesses+in+Edgewater+Daytona+Beach+FL/@28.9888754,-80.9022758,14z",2026-04-29T05:15:54.673Z,,,
https://www.google.com/maps/place/R+%26+F+Painting/data=!4m7!3m6!1s0x88e72e89234cb685:0x687fc1d4fb700435!8m2!3d28.975535!4d-80.913168!16s%2Fg%2F1v47050g!19sChIJhbZMI4ku54gRNQRw-9TBf2g,R & F Painting,4.8,5,Painter,"1413 Pine Tree Dr, Edgewater, FL 32132, United States","X3GP+6P Edgewater, Florida, USA",,+1 386-314-5863,,,https://streetviewpixels-pa.googleapis.com/v1/thumbnail?panoid=3yBjd_4oAOb4oq-CNfBuiQ&cb_client=search.gws-prod.gps&w=408&h=240&yaw=68.73885&pitch=0&thumbfov=100,false,,,,,,,,"https://www.google.com/maps/search/tree+service+businesses+in+Edgewater+Daytona+Beach+FL/@28.9888754,-80.9022758,14z",2026-04-29T05:15:56.914Z,,,
https://www.google.com/maps/place/Terra+Vida+Landscaping/data=!4m7!3m6!1s0x88e72c4342724811:0x5067b99fa22712!8m2!3d29.0293104!4d-80.9639545!16s%2Fg%2F1hm5kh2qn!19sChIJEUhyQkMs54gREiein7lnUAA,Terra Vida Landscaping,3.0,2,Lawn care service,,,http://www.terravidalandscaping.com/,+1 386-690-6601,Closed · Opens 8 am,,https://lh3.googleusercontent.com/gps-cs-s/APNQkAG2oVnpjjAjHTPmaTjpfQwEDr-gElDsuvDSlmnTXkHvDiATrwZPdgqx1lZKZAE9hlByqFoh15vDqwlEXtT1Rar8V00nvH4YQLTq1nCWsixPNOAnSQwpxx0GqqQD3sH4cV_OvjR8YA=w408-h306-k-no,true,8 am–5 pm,8 am–5 pm,8 am–5 pm,8 am–12 pm,Closed,8 am–5 pm,8 am–5 pm,"https://www.google.com/maps/search/tree+service+businesses+in+Edgewater+Daytona+Beach+FL/@28.9888754,-80.9022758,14z",2026-04-29T05:16:01.334Z,,,
https://www.google.com/maps/place/ALL+THE+ODD+JOBS+INC./data=!4m7!3m6!1s0x88e72d98aa230227:0x184b1b2e24f5a000!8m2!3d28.9477816!4d-80.8969428!16s%2Fg%2F11h84lx4dg!19sChIJJwIjqpgt54gRAKD1JC4bSxg,ALL THE ODD JOBS INC.,4.5,18,Handyman/Handywoman/Handyperson,"2921 Lime Tree Dr, Edgewater, FL 32141, United States","W4X3+46 Edgewater, Florida, USA",https://www.google.com/url?sa=t&source=web&rct=j&opi=89978449&url=https://odds-ends-unlimited-llc.business.site/&ved=2ahUKEwjsg43458KDAxVrmmoFHQjxBhkQFnoECCQQAQ&usg=AOvVaw2G014g7gOy-3KfrrynivnT,+1 386-478-9693,Open 24 hours,,https://lh3.googleusercontent.com/gps-cs-s/APNQkAEW0FG5ZFL08uHwQEvKzdbI46BgXDKdk6r-5I_TlW5r5w6K7XR0BCKii4D9WzPJ4XPnzEiJotlEUDAPHzYAi2xzIrJOyVhEuyxEbKPxYv3-8EhvcnWdj58tCAsTqq5U2uoJD-Mw=w426-h240-k-no,true,Open 24 hours,Open 24 hours,Open 24 hours,Open 24 hours,Open 24 hours,Open 24 hours,Open 24 hours,"https://www.google.com/maps/search/tree+service+businesses+in+Edgewater+Daytona+Beach+FL/@28.9888754,-80.9022758,14z",2026-04-29T05:16:06.153Z,,,
https://www.google.com/maps/place/Southern+Land+Services/data=!4m7!3m6!1s0x4290cc12ced31c87:0x4e783a0062e8f4c4!8m2!3d28.62726!4d-81.032986!16s%2Fg%2F11y75zw76t!19sChIJhxzTzhLMkEIRxPToYgA6eE4,Southern Land Services,5.0,38,Tree service,,,https://southernlandservicesfl.com/,+1 386-416-8458,Closed · Opens 8 am,,https://lh3.googleusercontent.com/gps-cs-s/APNQkAFs_CuYf1BI0zVmQjetKqGTjR5YPi1Pico0gJKvhuqccPErwqk9kA3tYfHj_lHep-Fx-_y7uAu1e8G_d2cSXZ-3kV2hebHEC1NH_y8wvfA951hyUbx99NmyNbVQcwWwDf13YTE8-0M0eNw=w408-h612-k-no,true,8 am–5 pm,8 am–5 pm,8 am–5 pm,9 am–4 pm,9 am–4 pm,8 am–5 pm,8 am–5 pm,"https://www.google.com/maps/search/tree+service+businesses+in+Edgewater+Daytona+Beach+FL/@28.9888754,-80.9022758,14z",2026-04-29T05:16:10.554Z,,,
https://www.google.com/maps/place/True+Value+Of+Edgewater/data=!4m7!3m6!1s0x88e72dc3ad3b9dcd:0x3e9a55602c33c6ec!8m2!3d28.9493286!4d-80.8857572!16s%2Fg%2F1pxwmyjv6!19sChIJzZ07rcMt54gR7MYzLGBVmj4,True Value Of Edgewater,4.0,221,Hardware store,"2962 S Ridgewood Ave, Edgewater, FL 32141, United States","W4X7+PM Edgewater, Florida, USA",https://www.truevalue.com/edgewater/?utm_source=gbp&utm_medium=organic,+1 386-410-4715,Closed · Opens 7:30 am,,https://lh3.googleusercontent.com/gps-cs-s/APNQkAH2KZ7qkCdU5fbta0yK1apvYRUZY9yKqnXyTkWuXl70t8maASWQ5CQNGY-WpQNVBMv2qPrn5fSnOx3Ots0w3ixkHmALFSYXgaNFMIy3lH5yFL5pWHGuWB_5W2nG6jwOKZQsX1_M=w426-h240-k-no,true,7:30 am–6:30 pm,7:30 am–6:30 pm,7:30 am–6:30 pm,7:30 am–6:30 pm,8 am–5 pm,7:30 am–6:30 pm,7:30 am–6:30 pm,"https://www.google.com/maps/search/tree+service+businesses+in+Edgewater+Daytona+Beach+FL/@28.9888754,-80.9022758,14z",2026-04-29T05:16:14.992Z,"Chain retailer carrying household tools, supplies & more (many family-run or independently owned). · In-store shopping · Kerbside pickup",,
"https://www.google.com/maps/place/Del-Air+Heating,+Air+Conditioning,+Plumbing+and+Electrical/data=!4m7!3m6!1s0x88e72f2013e8bbb1:0x96243a6471db94aa!8m2!3d28.9869978!4d-80.9149969!16s%2Fg%2F11m7905lq9!19sChIJsbvoEyAv54gRqpTbcWQ6JJY","Del-Air Heating, Air Conditioning, Plumbing and Electrical",4.7,234,HVAC contractor,"301 Mango Tree Dr, Edgewater, FL 32132, United States","X3PP+Q2 Edgewater, Florida, USA",https://www.delair.com/daytona,+1 386-777-1754,Open 24 hours,,https://lh3.googleusercontent.com/gps-cs-s/APNQkAGAza3a8S_2oj7m0oIAt02S1ENPNDHK58VJwhDVpGfGlTuuofWcTMGkBHxqMgdB7jaBamu9cNGP73lvTPIhq-78WFpsBL61D7wO79XZHKoSTWhAvb8UjfDjegLK2fazbQ_Kcjtq-8bpI08B=w408-h527-k-no,true,Open 24 hours,Open 24 hours,Open 24 hours,Open 24 hours,Open 24 hours,Open 24 hours,Open 24 hours,"https://www.google.com/maps/search/tree+service+businesses+in+Edgewater+Daytona+Beach+FL/@28.9888754,-80.9022758,14z",2026-04-29T05:16:21.186Z,,,
"https://www.google.com/maps/place/EAST+COAST+AUTOMOTIVE,+Edgewater/data=!4m7!3m6!1s0x88e72fdc7c6587e7:0x183fb92f5bf75388!8m2!3d28.9869735!4d-80.9158243!16s%2Fg%2F11t1m1vwxl!19sChIJ54dlfNwv54gRiFP3Wy-5Pxg","EAST COAST AUTOMOTIVE, Edgewater",4.0,1,Auto repair shop,"220 Mango Tree Dr, Edgewater, FL 32132, United States","X3PM+QM Edgewater, Florida, USA",,,,,https://streetviewpixels-pa.googleapis.com/v1/thumbnail?panoid=gSMn1YOCay7jr_8tfPn0wg&cb_client=search.gws-prod.gps&w=408&h=240&yaw=174.34457&pitch=0&thumbfov=100,false,,,,,,,,"https://www.google.com/maps/search/tree+service+businesses+in+Edgewater+Daytona+Beach+FL/@28.9888754,-80.9022758,14z",2026-04-29T05:16:23.497Z,,,
"https://www.google.com/maps/place/Frog+Ministry,+Inc+COME+VISIT+OUR+NEW+LOCATION!+1708+S+Ridgewood+Ave+in+Edgewater+FL/data=!4m7!3m6!1s0x88e72ebb71c6f9f3:0x70c6cfda8eac7c12!8m2!3d28.9750649!4d-80.8979184!16s%2Fg%2F1tfk9vgw!19sChIJ8_nGcbsu54gREnysjtrPxnA","Frog Ministry, Inc COME VISIT OUR NEW LOCATION! 1708 S Ridgewood Ave in Edgewater FL",4.7,152,Thrift store,"1708 S Ridgewood Ave, Edgewater, FL 32132, United States","X4G2+2R Edgewater, Florida, USA",https://frogministryinc.faith/,+1 386-957-3822,Closed · Opens 8 am,,https://lh3.googleusercontent.com/gps-cs-s/APNQkAGTVmx61V0rbonGFkFQ0Wfotr1EgdGthAAXQZtLceSpjtpo5pGV-oN2rkQWWxQaF-E46RQJNV-XwtE7_1AscrVS9RfOB8YEUOdKraTXV74s4Ue12gePJDFnoY51wk_vNllhMtg=w408-h306-k-no,true,8 am–4 pm,Closed,8 am–4 pm,8 am–12 pm,Closed,Closed,8 am–4 pm,"https://www.google.com/maps/search/tree+service+businesses+in+Edgewater+Daytona+Beach+FL/@28.9888754,-80.9022758,14z",2026-04-29T05:16:32.474Z,· In-store shopping,,
https://www.google.com/maps/place/In+%26+Out+Cellular+Repair+%28Technology+Repair+Services%29/data=!4m7!3m6!1s0x88e72dd3d53d42cb:0x8a36aa7e99903f75!8m2!3d28.9641189!4d-80.8900146!16s%2Fg%2F11c52kkbh7!19sChIJy0I91dMt54gRdT-QmX6qNoo,In & Out Cellular Repair (Technology Repair Services),4.5,265,Cell phone store,"2327 S Ridgewood Ave, Edgewater, FL 32141, United States","X475+JX Edgewater, Florida, USA",https://www.facebook.com/InAndOutCellularRepair?,+1 386-410-5872,"Closed · Opens 9:30 am

Updated by this business 4 weeks ago",Identifies as veteran-owned,https://lh3.googleusercontent.com/gps-cs-s/APNQkAEAkViv7WJjDmvWOTTJyvdWXLg4195gERdA-58OdPvXKcH_HnBp_4bvtAhtPcUd1CetMIEW1_LZ2m1XOemqN04NvyXoZ8kiaK0Rf3HZQRUXlpg84Hm3DqzAu_vt6J0scGVbiOfi=w408-h306-k-no,true,9:30 am–5 pm,9:30 am–6 pm,9:30 am–6 pm,10 am–4 pm,Closed,9:30 am–6 pm,9:30 am–6 pm,"https://www.google.com/maps/search/tree+service+businesses+in+Edgewater+Daytona+Beach+FL/@28.9888754,-80.9022758,14z",2026-04-29T05:16:36.888Z,· In-store shopping · In-store pick-up · Delivery,,
https://www.google.com/maps/place/Rise+Yaupon/data=!4m7!3m6!1s0x88e72f50dc6a6fc9:0xbc905b0034d7a821!8m2!3d28.9916493!4d-80.9191752!16s%2Fg%2F11y3xnz7dx!19sChIJyW9q3FAv54gRIajXNABbkLw,Rise Yaupon,5.0,30,Tea manufacturer,"504 Pullman Rd, Edgewater, FL 32132, United States","X3RJ+M8 Edgewater, Florida, USA",https://www.riseyaupon.com/,+1 386-222-2795,"Closed · Opens 9 am

Confirmed by this business 2 weeks ago",,https://lh3.googleusercontent.com/gps-cs-s/APNQkAFAqwdnWh-cgMW2dFeP4Hio3yaN4MMBlGWiv1c01evCrDVzzL3u7Egd4kVnuXpDtEKGcUXk22hwgCd75Q9plaFZY2NbxQgRWvryi64L3Mf2VZGJkMD4H-MZHopmRCy96__xvH0D2g=w408-h544-k-no,true,9 am–4 pm,9 am–4 pm,9 am–4 pm,9 am–12 pm,Closed,Closed,9 am–4 pm,"https://www.google.com/maps/search/tree+service+businesses+in+Edgewater+Daytona+Beach+FL/@28.9888754,-80.9022758,14z",2026-04-29T05:16:41.273Z,· Dine-in · Takeaway · Delivery,,
"https://www.google.com/maps/place/Quality+Cuts+Lawn+and+Landscaping/@29.0847374,-81.0333765,11z/data=!3m1!4b1!4m6!3m5!1s0x8e7dd1bc1927e011:0x8989d2a8b09fa987!8m2!3d29.0847374!4d-81.0333766!16s%2Fg%2F11l6mb0cq1",Quality Cuts Lawn and Landscaping,4.4,7,Lawn care service,,,https://www.qualitycutslawnandlandscaping.net/,+1 386-847-2694,Closed · Opens 8 am,,,true,8 am–8 pm,8 am–8 pm,8 am–8 pm,8 am–8 pm,Closed,8 am–7 pm,8 am–8 pm,"https://www.google.com/maps/search/tree+service+businesses+in+Edgewater+Daytona+Beach+FL/@28.9888754,-80.9022758,14z",2026-04-29T05:16:48.143Z,,,
https://www.google.com/maps/place/American+Tree+Care+LLC/data=!4m7!3m6!1s0x2805248179342ec7:0xb1ff052523769c49!8m2!3d29.4274706!4d-81.1844172!16s%2Fg%2F11v3xc6vsz!19sChIJxy40eYEkBSgRSZx2IyUF_7E,American Tree Care LLC,4.9,238,Tree service,"29 Sea Trail, Palm Coast, FL 32164, United States","CRG8+X6 Palm Coast, Florida, USA",https://www.americantreecarefl.com/,+1 386-302-3779,Open 24 hours,,https://lh3.googleusercontent.com/gps-cs-s/APNQkAEO3wABuF_mjkudc0dQWlZvv7IxZx5-0l38OUdZrm1hoZbcV7z-0_smPxeaQKflEpmDdCE8zhEXO6MDA0KmPQTF-2sq6qTHy8qjutI7F5C6td6W5nCy_IRNZnOBCQBw_y0-QPzeuA=w408-h544-k-no,true,Open 24 hours,Open 24 hours,Open 24 hours,Open 24 hours,Open 24 hours,Open 24 hours,Open 24 hours,"https://www.google.com/maps/search/tree+service+businesses+in+Palm+Coast+Daytona+Beach+FL/@29.2554343,-81.0220913,14z",2026-04-29T05:17:16.724Z,,,
https://www.google.com/maps/place/Tree+Kings+Florida/data=!4m7!3m6!1s0x88e6c38c76c20531:0x26e1806eb00b857a!8m2!3d29.6038506!4d-81.2580017!16s%2Fg%2F11df0s6dc5!19sChIJMQXCdozD5ogReoULsG6A4SY,Tree Kings Florida,4.7,366,Tree service,"26 Lysander Ln, Palm Coast, FL 32137, United States","JP3R+GQ Palm Coast, Florida, USA",http://treekingsfl.com/,+1 386-871-4518,"Closed · Opens 7 am

Confirmed by this business 6 days ago",,https://lh3.googleusercontent.com/gps-cs-s/APNQkAGausPW1GsGX7rvFusqmPDmPPOqxLjVxkqpAlVp-fV7Wy6XmqqbP80d5kumYSRPhIfk4isFb0samdhs6mUABHdRiLrgP5bcPBX7-HtJHlyJsB5H9CplXLH1QgVjo6_nlT44N1XmVA=w630-h240-k-no,true,7 am–9 pm,7 am–9 pm,7 am–9 pm,7 am–9 pm,7 am–9 pm,7 am–9 pm,7 am–9 pm,"https://www.google.com/maps/search/tree+service+businesses+in+Palm+Coast+Daytona+Beach+FL/@29.2554343,-81.0220913,14z",2026-04-29T05:17:21.117Z,,,
https://www.google.com/maps/place/Atlantic+Property+Services+APS+Tree+Service/data=!4m7!3m6!1s0x88e6fa93c8b0d325:0x556c704e4e9525cb!8m2!3d29.6170624!4d-81.2031242!16s%2Fg%2F11ckv6t_fp!19sChIJJdOwyJP65ogRyyWVTk5wbFU,Atlantic Property Services APS Tree Service,3.2,53,Tree service,"5895 N Ocean Shore Blvd, Palm Coast, FL 32137, United States","JQ8W+RQ Palm Coast, Florida, USA",,+1 386-366-3450,Open 24 hours,,https://lh3.googleusercontent.com/gps-cs-s/APNQkAGiLX1XjIHVh28uk39y-mlJL1jYg4cYWHuzm_883wUtRLt4oQ8ukgSY4Hm-Z_OKfMTcsF0vCHANp3I-XbrHhMFRMD7v2YoOsKv5IUc0vpjpI9I6NJckmx2KYR-efwkHPRfwajPr=w408-h271-k-no,true,Open 24 hours,Open 24 hours,Open 24 hours,Open 24 hours,Open 24 hours,Open 24 hours,Open 24 hours,"https://www.google.com/maps/search/tree+service+businesses+in+Palm+Coast+Daytona+Beach+FL/@29.2554343,-81.0220913,14z",2026-04-29T05:17:25.695Z,,,
https://www.google.com/maps/place/Against+The+Grain+Tree+Care/data=!4m7!3m6!1s0x23d39ae8adddf2d9:0xe63a67a39b4fa96f!8m2!3d29.5399255!4d-81.411512!16s%2Fg%2F11s51slz01!19sChIJ2fLdreia0yMRb6lPm6NnOuY,Against The Grain Tree Care,5.0,212,Tree service,,,https://www.againstthegraintreecare.com/,+1 386-276-4700,Open 24 hours,,https://lh3.googleusercontent.com/gps-cs-s/APNQkAECc606lz_peYBkFPp2yGWPfRqUcqtzGz3KQ2kmmSrvUSbeqtXzOd-8ednbC770FWZNWCxRDvgjb9xU1a46sa8j0Px27qrgRcIMXRzmQUS7mygbUmQydOhE7B5MxWN7aSXDdkVI=w426-h240-k-no,true,Open 24 hours,Open 24 hours,Open 24 hours,Open 24 hours,Open 24 hours,Open 24 hours,Open 24 hours,"https://www.google.com/maps/search/tree+service+businesses+in+Palm+Coast+Daytona+Beach+FL/@29.2554343,-81.0220913,14z",2026-04-29T05:17:30.017Z,,,
https://www.google.com/maps/place/Elvis+Tree+Climber+Extraordinaire/data=!4m7!3m6!1s0x88e694fc7016aaab:0xb44c4286aeee70ab!8m2!3d29.5363235!4d-81.2127221!16s%2Fg%2F11s0sktc3z!19sChIJq6oWcPyU5ogRq3DuroZCTLQ,Elvis Tree Climber Extraordinaire,5.0,18,Tree service,"149 Persimmon Dr, Palm Coast, FL 32164, United States","GQPP+GW Palm Coast, Florida, USA",https://elvistreeclimber.com/contact-us,+1 386-569-0163,Open 24 hours,,https://lh3.googleusercontent.com/gps-cs-s/APNQkAGDfO3ERGdiySyGUEWLI-zPh_CkghVIsT4asRj7gA5yaS_wstFE-MgVaybduNd5zDC90RZ2nJoua3xv3oIOFZBDIDVZtwHMv1UeXnKk8PvOS1BYanxD-NAmVFezvkSaaz95vbpN=w408-h544-k-no,true,Open 24 hours,Open 24 hours,Open 24 hours,Open 24 hours,Open 24 hours,Open 24 hours,Open 24 hours,"https://www.google.com/maps/search/tree+service+businesses+in+Palm+Coast+Daytona+Beach+FL/@29.2554343,-81.0220913,14z",2026-04-29T05:17:34.321Z,,,
https://www.google.com/maps/place/Flagler+Land+Management+LLC/data=!4m7!3m6!1s0x88e694d3fcfd3531:0x6c9bd3ec25a797ca!8m2!3d29.5037526!4d-81.2139072!16s%2Fg%2F11gf5j595k!19sChIJMTX9_NOU5ogRypenJezTm2w,Flagler Land Management LLC,4.6,11,Tree service,"18 Powder Ln, Palm Coast, FL 32164, United States","GQ3P+GC Palm Coast, Florida, USA",http://www.facebook.com/flaglerlandmanagementllc/,+1 386-864-3876,Open 24 hours,,https://lh3.googleusercontent.com/gps-cs-s/APNQkAGKtIzwvehHZPHx5xcFG343r5Kf2JEUwaSU4PLkXnhxUX5aOppjn6njHI2YTB4xRF_VCkD7l7yczVJvCjmPNcPSwn1f2zbZ60KuHnZSlCZ2JB-ITUe38WU07Gsy6vAPvgvGYhF2=w408-h724-k-no,true,Open 24 hours,Open 24 hours,Open 24 hours,Open 24 hours,Open 24 hours,Open 24 hours,Open 24 hours,"https://www.google.com/maps/search/tree+service+businesses+in+Palm+Coast+Daytona+Beach+FL/@29.2554343,-81.0220913,14z",2026-04-29T05:17:39.072Z,,,
https://www.google.com/maps/place/Holden%E2%80%99s+Tree+Service/data=!4m7!3m6!1s0xaccdc662c09a2b97:0x1fe33f873fb57117!8m2!3d30.350777!4d-83.4554025!16s%2Fg%2F11x6dkdtcq!19sChIJlyuawGLGzawRF3G1P4c_4x8,Holden’s Tree Service,4.1,9,Tree service,,,https://www.holdenstreeservices.com/?utm_source=google&utm_medium=wix_google_business_profile&utm_campaign=4097593260606717657,+1 850-358-4457,Open 24 hours,,https://lh3.googleusercontent.com/gps-cs-s/APNQkAHxTeg5lBvGrSvOTt9hdUZGI6u7YmAOEeHlqTq-tiLSsreyVu1qiweioYDJGWA3x6voEY-I9TEN5IcACT4DWT_NEykTFMnYuCPJDkBtA0QVMQDlnX--Q1AZyab1hhV43nM0eLcrcQBrOIQ=w408-h544-k-no,true,Open 24 hours,Open 24 hours,Open 24 hours,Open 24 hours,Open 24 hours,Open 24 hours,Open 24 hours,"https://www.google.com/maps/search/tree+service+businesses+in+Palm+Coast+Daytona+Beach+FL/@29.2554343,-81.0220913,14z",2026-04-29T05:17:43.381Z,,,
https://www.google.com/maps/place/Treecon/data=!4m7!3m6!1s0x88e69526d8cd01bf:0x39b7159a8142333c!8m2!3d29.403064!4d-81.359806!16s%2Fg%2F11nmdmwc7s!19sChIJvwHN2CaV5ogRPDNCgZoVtzk,Treecon,5.0,102,Tree service,,,http://www.treeconus.com/,+1 386-225-1534,Open 24 hours,,https://lh3.googleusercontent.com/gps-cs-s/APNQkAGvPVxkFjd4e9WGtfsRDQzuttATkHY7oSmTbJHX2JO4NYfSqdqIK6onvsWdoE0pSQ7R2JWoiVFYPhFcZwLXeDTBDXrHxlnfKffwvFHnLQbpIqBPnWJc0vrD4Sj2zkaJdU6ox4s=w426-h240-k-no,true,Open 24 hours,Open 24 hours,Open 24 hours,Open 24 hours,Open 24 hours,Open 24 hours,Open 24 hours,"https://www.google.com/maps/search/tree+service+businesses+in+Palm+Coast+Daytona+Beach+FL/@29.2554343,-81.0220913,14z",2026-04-29T05:17:47.697Z,,,
https://www.google.com/maps/place/Elvis.+Tree+climber+extraordinaire/data=!4m7!3m6!1s0x88e694fc701299fb:0x9050bb0a6a3bc92b!8m2!3d34.3432601!4d-78.654!16s%2Fg%2F1q6jd_csg!19sChIJ-5kScPyU5ogRK8k7agq7UJA,Elvis. Tree climber extraordinaire,5.0,186,Tree service,,,http://www.elvistreeclimber.com/,+1 386-569-0163,Closed · Opens 7 am,,https://lh3.googleusercontent.com/gps-cs-s/APNQkAGwUgwFNIw-SLzk95aQwmUSMxTmLDBoh6fDesczSCSCiMWDvwGpf0hm4rz_VGllKvTHu7OYwjo6YJpuR5tT9LoVLZU2ryRVuLNX5edDCzXXVwKciG2fAr1IA3kD34v7COTX2Viikg=w408-h404-k-no,true,7 am–8 pm,7 am–8 pm,7 am–8 pm,7 am–8 pm,7 am–8 pm,7 am–8 pm,7 am–8 pm,"https://www.google.com/maps/search/tree+service+businesses+in+Palm+Coast+Daytona+Beach+FL/@29.2554343,-81.0220913,14z",2026-04-29T05:17:52.039Z,,,
https://www.google.com/maps/place/EverGreen+Landscapes+of+Palm+Coast/data=!4m7!3m6!1s0x88e694cb62781411:0xca1f31e7cdc26536!8m2!3d29.748688!4d-81.275417!16s%2Fg%2F11gf960qyw!19sChIJERR4YsuU5ogRNmXCzecxH8o,EverGreen Landscapes of Palm Coast,4.5,61,Landscaper,,,http://www.evergreenlandscapes.co/,+1 386-793-5296,Open 24 hours,,https://lh3.googleusercontent.com/gps-cs-s/APNQkAGsUsnbVBTreSxHYa-y9GxU17-Cgb8s7lWQu93YFxbrRojxUFNbKB711kLcXrYd9poEAKvvktwuaVIrTqF-Q6Pq0u5qa2a297UN_8UB8DgiKTNqy6m1R5qnbiOWHdwpgtZxY_0DwSyod8p5=w426-h240-k-no,true,Open 24 hours,Open 24 hours,Open 24 hours,Open 24 hours,Open 24 hours,Open 24 hours,Open 24 hours,"https://www.google.com/maps/search/tree+service+businesses+in+Palm+Coast+Daytona+Beach+FL/@29.2554343,-81.0220913,14z",2026-04-29T05:18:03.263Z,,,
https://www.google.com/maps/place/Coast+Care+Lawn+Maintenance+LLC/data=!4m7!3m6!1s0x2a8ff40cfb5350cd:0x15740bbcf8dd3bfa!8m2!3d29.5317765!4d-81.2569665!16s%2Fg%2F11rtm7vdjt!19sChIJzVBT-wz0jyoR-jvd-LwLdBU,Coast Care Lawn Maintenance LLC,5.0,26,Landscaper,,,,+1 386-538-0544,Closed · Opens 8 am,,https://lh3.googleusercontent.com/gps-cs-s/APNQkAFlpKbUhYpVZ7T_sUtEqGHJIwf7OqMzwDQagmpVCr22huV16xw-TnGVX5AENg1aK4AZu5N53y-knG1b75F7-Vdmg_VT2xlhHhQmCf6kG4cU40stjmOPy0ijPUGjNdnavWs2kboIM_LpTgPN=w408-h361-k-no,true,8 am–7 pm,8 am–7 pm,8 am–7 pm,9 am–4 pm,Closed,8 am–7 pm,8 am–7 pm,"https://www.google.com/maps/search/tree+service+businesses+in+Palm+Coast+Daytona+Beach+FL/@29.2554343,-81.0220913,14z",2026-04-29T05:18:07.532Z,,,
https://www.google.com/maps/place/Complete+%26+Total+Tree+care/data=!4m7!3m6!1s0x2b522bca28cfbeb5:0xee24f1602d122ec3!8m2!3d29.998938!4d-81.575793!16s%2Fg%2F11wwjg2y1_!19sChIJtb7PKMorUisRwy4SLWDxJO4,Complete & Total Tree care,5.0,10,Tree service,,,https://completetotaltreecare.com/,+1 386-871-2572,Open 24 hours,LGBTQ+ friendly,https://lh3.googleusercontent.com/gps-cs-s/APNQkAGvP1_mY3zAeCsoC6gMBICvmChevbeeU82VmLm81eWEY_Qie1Y9vcQj7LeRvV5NrqgrBV5rhlMsgnxoakoPda447VizppasliXwOtsUMa_kVY5mJzk8-rolZ-cJ_zEhih_ZpNZU0OcE8xxV=w408-h544-k-no,true,Open 24 hours,Open 24 hours,Open 24 hours,Open 24 hours,Open 24 hours,Open 24 hours,Open 24 hours,"https://www.google.com/maps/search/tree+service+businesses+in+Palm+Coast+Daytona+Beach+FL/@29.2554343,-81.0220913,14z",2026-04-29T05:18:12.086Z,,,
https://www.google.com/maps/place/Newman%E2%80%99s+Tree+Service+LLC/data=!4m7!3m6!1s0x88e6eb421bb89e51:0xea00698452c92f68!8m2!3d29.5317765!4d-81.2569665!16s%2Fg%2F11vc363zp4!19sChIJUZ64G0Lr5ogRaC_JUoRpAOo,Newman’s Tree Service LLC,4.6,10,Tree service,,,,+1 423-333-2795,Open 24 hours,,https://lh3.googleusercontent.com/gps-cs-s/APNQkAElGP_05zXdD6fZgfhBVYdvh4SD66h5_9OSFlG17neWksQZiDQFZMpmUlfA4_pr4Yswtvjk58KU682ZuRMAA-OrQ4cf4DPFn3oLcWGetkDXdSnPDGBRVeeo5lGCAEOmi5Fx47oD=w487-h240-k-no,true,Open 24 hours,Open 24 hours,Open 24 hours,Open 24 hours,Open 24 hours,Open 24 hours,Open 24 hours,"https://www.google.com/maps/search/tree+service+businesses+in+Palm+Coast+Daytona+Beach+FL/@29.2554343,-81.0220913,14z",2026-04-29T05:18:27.952Z,,,
https://www.google.com/maps/place/Flagler+Trees+and+LawnService+LLC/data=!4m7!3m6!1s0x4b0d38f5d4eb62cd:0x983f65eb3386daf4!8m2!3d29.5561923!4d-81.2571346!16s%2Fg%2F11ygp0s6r0!19sChIJzWLr1PU4DUsR9NqGM-tlP5g,Flagler Trees and LawnService LLC,5.0,38,Tree service,"11 Pine Lakes Pkwy, Palm Coast, FL 32137, United States","HP4V+F4 Palm Coast, Florida, USA",,+1 386-393-1060,Open 24 hours,,https://lh3.googleusercontent.com/gps-cs-s/APNQkAFEtB_upqU9rWvfQyi_QF-0NTkGRrnB-N9VajgFHxuJuSPG3j5xJd5EGBmeJUZScH1ut8IJjOuirmTc_qhqSA5z7oTgoesyTvADMIN_5IQIgN2xLFcs9Qb-do88m4XOW6oHCwV50Nl649w=w426-h240-k-no,true,Open 24 hours,Open 24 hours,Open 24 hours,Open 24 hours,Open 24 hours,Open 24 hours,Open 24 hours,"https://www.google.com/maps/search/tree+service+businesses+in+Flagler+Beach+Daytona+Beach+FL/@29.4749754,-81.1270035,14z",2026-04-29T05:18:53.403Z,,,
https://www.google.com/maps/place/Flagler+Sun+%26+Seed/data=!4m7!3m6!1s0x88e6c14b0d8a9501:0x63244345e61bfca2!8m2!3d29.481398!4d-81.127946!16s%2Fg%2F11vk_gf_gm!19sChIJAZWKDUvB5ogRovwb5kVDJGM,Flagler Sun & Seed,5.0,99,Plant nursery,"105 N Ocean Shore Blvd suite e, Flagler Beach, FL 32136, United States","FVJC+HR Flagler Beach, Florida, USA",https://flaglersunandseed.com/,+1 386-371-8388,"Closed · Opens 11 am

Confirmed by this business 4 weeks ago",LGBTQ+ friendly,https://lh3.googleusercontent.com/gps-cs-s/APNQkAFNtI8xE3FDaXojtoBJj-hH0A74zpNO9AqA-Dd_bkgaIyJCYtwUWHxUeT9nODETFJ9BP3q5HZgeVJPQljWUuErDBrNB8uzuE3d3P3a856D3-Ve7osKvNYJ2uD4AgmBt7YDfMlZA=w408-h544-k-no,true,11 am–6 pm,11 am–6 pm,11 am–6 pm,11 am–6 pm,Closed,Closed,11 am–6 pm,"https://www.google.com/maps/search/tree+service+businesses+in+Flagler+Beach+Daytona+Beach+FL/@29.4749754,-81.1270035,14z",2026-04-29T05:18:57.735Z,,,
https://www.google.com/maps/place/Goode+Brothers+Roofs+and+Gutters+Inc./data=!4m7!3m6!1s0x88e6c1bbe48eaecd:0xe49a663e4daff572!8m2!3d29.4766063!4d-81.1255329!16s%2Fg%2F11s7rcm8zg!19sChIJza6O5LvB5ogRcvWvTT5mmuQ,Goode Brothers Roofs and Gutters Inc.,4.6,36,Roofing contractor,"712 S Ocean Shore Blvd, Flagler Beach, FL 32136, United States","FVGF+JQ Flagler Beach, Florida, USA",https://www.goodebrothersroofsandgutters.com/?utm_source=google-gmb-maps&utm_medium=gmb-website-button&utm_campaign=locl.io&utm_content=38231725-0472-42bf-afd0-8dd24276be71,+1 904-827-7978,Closed · Opens 9 am,Identifies as veteran-owned,https://lh3.googleusercontent.com/gps-cs-s/APNQkAFqWaNE_NXELRWD78MO1JAHGe1eXgtbEY2X0c6zGEb3A-ArRwqh86AEuhl2PQ2OCYF8RYHY3gB15_PTmE-GpjKQoVP_lARMv_dpgWglgbwXUrddFmI2DlUvDx6FAwiRSBXQkAA1AC46WzZf=w408-h312-k-no,true,9 am–7 pm,9 am–7 pm,9 am–7 pm,9 am–2 pm,Closed,9 am–7 pm,9 am–7 pm,"https://www.google.com/maps/search/tree+service+businesses+in+Flagler+Beach+Daytona+Beach+FL/@29.4749754,-81.1270035,14z",2026-04-29T05:19:02.333Z,,,
https://www.google.com/maps/place/JRM+Landscaping+%26+Maintenance/data=!4m7!3m6!1s0x88e6ebe6f510f5b3:0x71f7b4c6faeefcef!8m2!3d29.46611!4d-81.2827915!16s%2Fg%2F11fpb914xp!19sChIJs_UQ9ebr5ogR7_zu-sa093E,JRM Landscaping & Maintenance,5.0,3,Landscaper,,,http://www.facebook.com/JRMLandscapingandMaintenance/,,,,https://lh3.googleusercontent.com/gps-cs-s/APNQkAHDKFco5VnMrB1GviD5v-4v-PLLxg-6eDwAs0VJryeXtFLe5ZoWRyZxvhnMkiUfMEFRzSgNCOS25yfrSZcycFh4tDryWp3jBM6F-sxYWwKxGJgYXL6aSqhFWzPKUxVNhJYDLDE=w455-h240-k-no,true,,,,,,,,"https://www.google.com/maps/search/tree+service+businesses+in+Flagler+Beach+Daytona+Beach+FL/@29.4749754,-81.1270035,14z",2026-04-29T05:19:04.627Z,,,
https://www.google.com/maps/place/Kirby%27s+Expert+Tree+Service/data=!4m7!3m6!1s0x88e6c1a12447fc07:0xdf2da0082c8cc7c5!8m2!3d46.423669!4d-129.9427086!16s%2Fg%2F1tcwmct9!19sChIJB_xHJKHB5ogRxceMLAigLd8,Kirby's Expert Tree Service,5.0,5,Tree service,,,http://www.kirbysexperttreeservice.com/,+1 386-672-2493,Closed · Opens 8 am,,https://lh3.googleusercontent.com/gps-cs-s/APNQkAGRbqpuXe3sfxeBcedkgopfFnxbN-RxGh8uJOnXcKao0-xW4oQjAE0V-1pIOjRpE6Ts1W_3fFr48svXwVqoLe-AOPd_Dh_4c6C1UwCtCtejVGeCnhhbtYa-CwFnMd-LY0HFaSXpsg=w408-h306-k-no,true,8 am–6 pm,8 am–6 pm,8 am–6 pm,8 am–6 pm,Closed,8 am–6 pm,8 am–6 pm,"https://www.google.com/maps/search/tree+service+businesses+in+Flagler+Beach+Daytona+Beach+FL/@29.4749754,-81.1270035,14z",2026-04-29T05:19:08.925Z,,,
https://www.google.com/maps/place/Coquina+Coast+Brewing+Co./data=!4m7!3m6!1s0x88e6c1a2250c0e55:0xb87af07d59809c94!8m2!3d29.4804016!4d-81.1302315!16s%2Fg%2F11mtdg01kf!19sChIJVQ4MJaLB5ogRlJyAWX3werg,Coquina Coast Brewing Co.,4.6,180,Brewery,"318 Moody Blvd, Flagler Beach, FL 32136, United States","FVJ9+5W Flagler Beach, Florida, USA",https://coquinacoastbrewingcompany.com/,+1 386-338-3735,Closed · Opens 3 pm,,https://lh3.googleusercontent.com/gps-cs-s/APNQkAGHnWRu5I6KB52ygK6silcJQH-TuPLzeUVGb7gAPR_LRQtp2HZFepWCbJT5i4yk9CBdYZjX2Iop0errVDAwl7Efx8QXfg4-WB56s-fbWVM_JrfoeUROwhH6Gq9eGnwWXoOIlxg=w408-h271-k-no,true,3–9 pm,3–9 pm,12–11 pm,12–11 pm,12–8 pm,3–9 pm,Closed,"https://www.google.com/maps/search/tree+service+businesses+in+Flagler+Beach+Daytona+Beach+FL/@29.4749754,-81.1270035,14z",2026-04-29T05:19:13.461Z,· Delivery,,
"https://www.google.com/maps/place/Joshua+Tree+Landscaping,+Inc./data=!4m7!3m6!1s0x88e695eb06b0de69:0x67eecd1fc2a033d8!8m2!3d29.5317765!4d-81.2569665!16s%2Fg%2F11h_wrqtj3!19sChIJad6wBuuV5ogR2DOgwh_N7mc","Joshua Tree Landscaping, Inc.",5.0,2,Landscaper,,,,+1 386-200-9687,Closed · Opens 8 am,,https://lh3.googleusercontent.com/gps-cs-s/APNQkAGFHzumI-gwTAe7HrnfNephycU3dkG79v05xcWiWzUJVz9_NQPtLdudhoPRXLNM5YHeMj0eHn_SqdNjqqmABDqa_k7hp0HXVJKhrv3OMcCDAHixwCxMOyDzV3LSLoiPGvJ6x9gK=w1027-h240-k-no,true,8 am–5 pm,8 am–5 pm,8 am–5 pm,Closed,Closed,8 am–5 pm,8 am–5 pm,"https://www.google.com/maps/search/tree+service+businesses+in+Flagler+Beach+Daytona+Beach+FL/@29.4749754,-81.1270035,14z",2026-04-29T05:19:18.139Z,,,
https://www.google.com/maps/place/To+The+Top+Tree+Service/data=!4m7!3m6!1s0x88e6892dd09ff345:0x782d8a37b39fcb13!8m2!3d30.2322264!4d-81.5383379!16s%2Fg%2F11h03g4jqs!19sChIJRfOf0C2J5ogRE8ufszeKLXg,To The Top Tree Service,5.0,94,Tree service,,,http://www.tothetoptree.com/,+1 904-814-9458,Open 24 hours,,https://lh3.googleusercontent.com/gps-cs-s/APNQkAFJeJU5XRo4_2pdv8ZL82-ADwpxS1Nh4MbUBf6Iz15XFqW0VvSfB8yXdXfK68wlx1kcc-Ecwsmp33D5Yy8ZlCmNIBpRV8X08IhIdFp7Q-RXMK5xgGoMuE6v_H09NJsBgxYpcmcE=w408-h306-k-no,true,Open 24 hours,Open 24 hours,Open 24 hours,Open 24 hours,Open 24 hours,Open 24 hours,Open 24 hours,"https://www.google.com/maps/search/tree+service+businesses+in+Flagler+Beach+Daytona+Beach+FL/@29.4749754,-81.1270035,14z",2026-04-29T05:19:22.430Z,,,
https://www.google.com/maps/place/Flagler+Beach+Farmers+Market+-+Flagler+Strong/data=!4m7!3m6!1s0x88e6c1e5777efbdb:0x3c4468cd31ef1d12!8m2!3d29.4800347!4d-81.1279406!16s%2Fg%2F11s_swkk6d!19sChIJ2_t-d-XB5ogREh3vMc1oRDw,Flagler Beach Farmers Market - Flagler Strong,4.1,30,Farmers' market,"South 2nd Street &, S Central Ave, Flagler Beach, FL 32136, United States","FVJC+2R Flagler Beach, Florida, USA",https://www.weareflaglerstrong.com/,+1 386-233-4875,Closed · Opens 9 am Sat,,https://lh3.googleusercontent.com/gps-cs-s/APNQkAHPGohbriPOFYuBA7SDnRpZLpZrfFpGnUl3JzyuRw1Y48zO0OiW7MvbHT0oJwGPDy8G0XG4UHP8gAiNEsT1Ap6KFVC6sRCIZvDDEK-qdzFSnXOA0ctNk2q1_I7AtgcB-vSS0S0CjTNTBog=w426-h240-k-no,true,Closed,Closed,Closed,9 am–1 pm,Closed,Closed,Closed,"https://www.google.com/maps/search/tree+service+businesses+in+Flagler+Beach+Daytona+Beach+FL/@29.4749754,-81.1270035,14z",2026-04-29T05:19:26.900Z,,,
https://www.google.com/maps/place/Serenity+Sands+Landscapes/data=!4m7!3m6!1s0xdd9bc70a6612a5b:0xdd06b05570bdc017!8m2!3d29.4846735!4d-81.2104586!16s%2Fg%2F11mzb9xg_m!19sChIJWyphpnC82Q0RF8C9cFWwBt0,Serenity Sands Landscapes,5.0,4,Landscaper,,,,+1 386-225-5577,Closed · Opens 8 am,,https://lh3.googleusercontent.com/gps-cs-s/APNQkAHpJ6fxks2T7ujbCHGY9ggAbr4P8Q0JYNKX4q-PaMF2ES1HNcVIDOXLEXyaRsabHpGf8QyqThThuXKMWeh9S8BQ1nGwmlXg1rFqu0FJ7ZRKWbBQ24NYCC3REX3scYWsq7HC3FLsN80AOj8=w408-h544-k-no,true,8 am–5 pm,8 am–5 pm,8 am–5 pm,Closed,Closed,8 am–5 pm,8 am–5 pm,"https://www.google.com/maps/search/tree+service+businesses+in+Flagler+Beach+Daytona+Beach+FL/@29.4749754,-81.1270035,14z",2026-04-29T05:19:31.357Z,,,
https://www.google.com/maps/place/Leone+Screening+LLC/data=!4m7!3m6!1s0x88e6eb9897c3037f:0x3a4252cf1b253e47!8m2!3d29.4637689!4d-81.1193812!16s%2Fg%2F11f61yxcjp!19sChIJfwPDl5jr5ogRRz4lG89SQjo,Leone Screening LLC,5.0,67,Screen repair service,"1800 S Ocean Shore Blvd, Flagler Beach, FL 32136, United States","FV7J+G6 Flagler Beach, Florida, USA",https://leonescreening.com/,+1 570-484-1350,Closed · Opens 8 am,,https://lh3.googleusercontent.com/gps-cs-s/APNQkAGEKKzp-OVLa3TcAVBM6YUCmW_KN5mfVujO3S834DSGNJxaMt7vWxfh6cvSOWXxYRb8bDdOQX8fQA3e0OE2zKSZYE59ynBL5T9oQ6GORiAHT_xELb5tF-F3nGSXNrnoNNHcQjgb=w493-h240-k-no,true,8 am–6 pm,8 am–6 pm,8 am–6 pm,8 am–6 pm,Closed,8 am–6 pm,8 am–6 pm,"https://www.google.com/maps/search/tree+service+businesses+in+Flagler+Beach+Daytona+Beach+FL/@29.4749754,-81.1270035,14z",2026-04-29T05:19:35.793Z,,,
https://www.google.com/maps/place/Aaron+Crandall+Plumbing+LLC/data=!4m7!3m6!1s0x88e6c05e4869c815:0x4e080c995fa4ec61!8m2!3d29.47037!4d-81.1994079!16s%2Fg%2F1tdh4pmg!19sChIJFchpSF7A5ogRYeykX5kMCE4,Aaron Crandall Plumbing LLC,4.9,252,Plumber,,,https://www.aaroncrandallplumbing.com/,+1 386-931-6576,Closed · Opens 7 am,,https://lh3.googleusercontent.com/gps-cs-s/APNQkAEsePmLM181jF9lhJx_Se2rDQOLUcZ8mf3CaNG6cCdjQGJwlgiZWm7RHnQ5AcugsJFkUiQN5KlJlR5u8EnNBlZ1RjiIJzfAJVy8quaOdtPbSoPiGWitWQzSjV63QKAu3v8gY9R6Up4TnUNT=w408-h548-k-no,true,7 am–6 pm,7 am–5 pm,7 am–6 pm,8 am–5 pm,8 am–5 pm,7 am–6:30 pm,7 am–6:30 pm,"https://www.google.com/maps/search/tree+service+businesses+in+Flagler+Beach+Daytona+Beach+FL/@29.4749754,-81.1270035,14z",2026-04-29T05:19:40.657Z,,,
https://www.google.com/maps/place/Tree+Hunters/data=!4m7!3m6!1s0x24fdd7cf17fbe5af:0xafa220c89977652a!8m2!3d34.730381!4d-77.8175484!16s%2Fg%2F11ycs9htb2!19sChIJr-X7F8_X_SQRKmV3mcggoq8,Tree Hunters,5.0,26,Tree service,,,https://treehuntersfl.com/,+1 386-275-7901,Open 24 hours,,https://lh3.googleusercontent.com/gps-cs-s/APNQkAEYYRiJU4iJ-Sr7v38Tt1ORV7iD8MiSrAT7aEC44h7zEmOjybFpuPn62zMl1LfK34xXdD4Y57g55t-7X_SKMDc0HymFirT1d1UqziUYzIuSvQf3G_gOl2FKF4cNcQH3lwYjCjHXNjCnTEQ=w546-h240-k-no,true,Open 24 hours,Open 24 hours,Open 24 hours,Open 24 hours,Open 24 hours,Open 24 hours,Open 24 hours,"https://www.google.com/maps/search/tree+service+businesses+in+Flagler+Beach+Daytona+Beach+FL/@29.4749754,-81.1270035,14z",2026-04-29T05:19:44.975Z,,,
https://www.google.com/maps/place/PC+Skid+Steer/data=!4m7!3m6!1s0x6e8f8d92ba0683f7:0x1b7492060a87398e!8m2!3d29.448172!4d-81.2749315!16s%2Fg%2F11wmh99n10!19sChIJ94MGupKNj24RjjmHCgaSdBs,PC Skid Steer,5.0,42,Debris removal service,,,https://www.pcskidsteer.com/,+1 386-846-2851,Closed · Opens 9 am,,https://lh3.googleusercontent.com/gps-cs-s/APNQkAECVIjbttOrU1rnqMu1V5-NIumYejh-Rks02UrzWDcSMBi4Qn1WtFT03p2wcTjbRIrPEE8tqAtGRq86EcSV1JFIaJ--85Ef1Ii2Ztlqlanf9nEWYf_ZGTKcG4UlCTAW-kEwlhU=w408-h305-k-no,true,9 am–6 pm,9 am–6 pm,9 am–6 pm,Closed,Closed,9 am–6 pm,9 am–6 pm,"https://www.google.com/maps/search/tree+service+businesses+in+Flagler+Beach+Daytona+Beach+FL/@29.4749754,-81.1270035,14z",2026-04-29T05:19:49.563Z,,,
https://www.google.com/maps/place/Tortugas+Florida+Kitchen+%26+Bar/data=!4m7!3m6!1s0x88e6c06465405ac9:0x3cadd5fcf0808983!8m2!3d29.4773414!4d-81.1258677!16s%2Fg%2F11c0vh0y_0!19sChIJyVpAZWTA5ogRg4mA8PzVrTw,Tortugas Florida Kitchen & Bar,4.3,3386,Bar & grill,"608 S Ocean Shore Blvd, Flagler Beach, FL 32136, United States","FVGF+WM Flagler Beach, Florida, USA",http://www.tortugasflorida.com/,+1 386-439-0098,,,https://lh3.googleusercontent.com/gps-cs-s/APNQkAHFGKJGq4qJL_3kEhZO_Ex6_EatkoBO-V02JHfw0RUE9y14SWdXA9iToMUtNfAYDjnwQcV9pMpWE6pv_314GzgeguPfv6OxXcKl_LmxUPATc0QszmLADoBGae4qVX-Aw1r1lNhJkN6_Sdna=w408-h306-k-no,true,,,,,,,,"https://www.google.com/maps/search/tree+service+businesses+in+Flagler+Beach+Daytona+Beach+FL/@29.4749754,-81.1270035,14z",2026-04-29T05:19:54.191Z,"Expansive waterfront hangout features American fare & seafood, drink specials & terrace dining. · Dine-in · Takeaway · Delivery",,
https://www.google.com/maps/place/A+Scent+To+Remember/data=!4m7!3m6!1s0x88e6c0652045248f:0xf244d5659a5a4c5!8m2!3d29.47961!4d-81.1279292!16s%2Fg%2F11b6r_sqb2!19sChIJjyRFIGXA5ogRxaSlWVZNJA8,A Scent To Remember,4.6,21,Boutique,"208b S Central Ave, Flagler Beach, FL 32136, United States","FVHC+RR Flagler Beach, Florida, USA",http://www.ascenttoremember.net/,+1 386-631-3962,Closed · Opens 10 am Fri,LGBTQ+ friendly,https://lh3.googleusercontent.com/gps-cs-s/APNQkAH6QgREXsBAgtPAOfp3bw3xkLmHi9I9boyl-NH6nTNSUkYU2W9HdzVEpN9J9-GO8Vrxb4-AHrmpN_M7BSmWcAvuw6zVx1BRbTNPtT-zcGAcrT6BuICli-ILSt-pUtlx1rWkSw-FsA=w426-h240-k-no,true,Closed,Closed,10 am–5 pm,10 am–5 pm,10 am–6 pm,10 am–5 pm,10 am–5 pm,"https://www.google.com/maps/search/tree+service+businesses+in+Flagler+Beach+Daytona+Beach+FL/@29.4749754,-81.1270035,14z",2026-04-29T05:19:58.669Z,· In-store shopping · In-store pick-up,,
https://www.google.com/maps/place/Crue+Cut+Lawn+Maintenance/data=!4m7!3m6!1s0x88e6eaea7f274567:0x240f8cfce83c4fae!8m2!3d29.4733527!4d-81.1888016!16s%2Fg%2F1260mfhfk!19sChIJZ0Unf-rq5ogRrk886PyMDyQ,Crue Cut Lawn Maintenance,4.0,21,Landscaper,"80 Utah Pl, Palm Coast, FL 32164, United States","FRF6+8F Palm Coast, Florida, USA",https://www.cruecutlawn.com/contact,+1 386-986-7062,Closed · Opens 9 am,,https://lh3.googleusercontent.com/gps-cs-s/APNQkAEmo49y9xyX9PTEXw69ODfxZkIr25ClGyqq-ps2GOgl7jBra8VZ0lZoltdB2juL5hOf89tvHJyvc201DwJZfR3NdZEBpDbV7lg1R2tZ2tnIbGLWBePKxTRHzBavLrSM-EcOm2ee0A=w408-h306-k-no,true,9 am–4 pm,9 am–4 pm,9 am–4 pm,Closed,Closed,9 am–4 pm,9:30 am–4 pm,"https://www.google.com/maps/search/tree+service+businesses+in+Flagler+Beach+Daytona+Beach+FL/@29.4749754,-81.1270035,14z",2026-04-29T05:20:03.385Z,,,
https://www.google.com/maps/place/New+Leaf+Arbor+Care/data=!4m7!3m6!1s0xa6805812f557b2ab:0xea6e457b8e60d379!8m2!3d29.465706!4d-81.359806!16s%2Fg%2F11yjmfj44v!19sChIJq7JX9RJYgKYRedNgjntFbuo,New Leaf Arbor Care,5.0,10,Tree service,,,https://newleafarborcare.com/,+1 386-631-1403,Open 24 hours,,https://lh3.googleusercontent.com/gps-cs-s/APNQkAHPhY4Qkk9CKmZh_8vQyC1asTltJqEQhifMWwbhpaxBo2-NTBU5Oy0bj1xUmiotCFWIDPgypZcSa7Tfr4sQxfDjdWKr0ecdfgvdqd0e7FsecuMhStLsawBxexKk63OlPF5u0gsdifKfCUiS=w408-h408-k-no,true,Open 24 hours,Open 24 hours,Open 24 hours,Open 24 hours,Open 24 hours,Open 24 hours,Open 24 hours,"https://www.google.com/maps/search/tree+service+businesses+in+Flagler+Beach+Daytona+Beach+FL/@29.4749754,-81.1270035,14z",2026-04-29T05:20:07.966Z,,,
https://www.google.com/maps/place/Great+Outdoors+Tree+Services/data=!4m7!3m6!1s0x430c07b60003bf7b:0x211f9c66598792cb!8m2!3d29.4328015!4d-81.359806!16s%2Fg%2F11mdpj_0kr!19sChIJe78DALYHDEMRy5KHWWacHyE,Great Outdoors Tree Services,5.0,10,Tree service,,,http://greatoutdoorstreeservice.com/,+1 904-495-2587,Open 24 hours,,https://lh3.googleusercontent.com/gps-cs-s/APNQkAErke5njtDi4oAAXdLwLnfOgh8uKCZN84kjx_AbEPKOqy0bJW82L6NSas2MpEA0zBhVbd3kkshLPUDjstxtEbU76DXWUoU6yH33TRT-j0TKo8-gG-B08zIgC4coxJ7S5_x3o3YkGzeELsEP=w408-h544-k-no,true,Open 24 hours,Open 24 hours,Open 24 hours,Open 24 hours,Open 24 hours,Open 24 hours,Open 24 hours,"https://www.google.com/maps/search/tree+service+businesses+in+Flagler+Beach+Daytona+Beach+FL/@29.4749754,-81.1270035,14z",2026-04-29T05:20:12.394Z,,,
"https://www.google.com/maps/place/P.C.+Skid+Steer+Services,+LLC/data=!4m7!3m6!1s0x88e6c15a356d25b7:0xcb1f7cec6166c2db!8m2!3d29.448172!4d-81.2749315!16s%2Fg%2F11qsn_4_zf!19sChIJtyVtNVrB5ogR28JmYex8H8s","P.C. Skid Steer Services, LLC",5.0,35,Excavating contractor,,,https://pcskidsteer.com/,+1 386-846-2851,Closed · Opens 9 am,,https://lh3.googleusercontent.com/gps-cs-s/APNQkAEPGjySQRSC8P_oCsSa1f2keEVIR91KnklBU9MxXShUoUt2VCgc0eYrAP4iJ4M4oGS6hOBxS9s0CFM7rAf6p_pxvsehwzXG7lQVzceLqvvjxBXsBb5SL-dwoK2gy3aGle2dhA_m=w408-h305-k-no,true,9 am–5 pm,9 am–5 pm,9 am–5 pm,9 am–5 pm,Closed,9 am–5 pm,9 am–5 pm,"https://www.google.com/maps/search/tree+service+businesses+in+Flagler+Beach+Daytona+Beach+FL/@29.4749754,-81.1270035,14z",2026-04-29T05:20:16.833Z,,,
https://www.google.com/maps/place/St.+Vincent+de+Paul+Society/data=!4m7!3m6!1s0x88e6c06508207eef:0x60cfb43aa7175796!8m2!3d29.478094!4d-81.128643!16s%2Fg%2F1td4w2gm!19sChIJ734gCGXA5ogRllcXpzq0z2A,St. Vincent de Paul Society,4.5,47,Thrift store,"400 S Daytona Ave, Flagler Beach, FL 32136, United States","FVHC+6G Flagler Beach, Florida, USA",,+1 386-693-4806,Closed · Opens 10 am,,https://streetviewpixels-pa.googleapis.com/v1/thumbnail?panoid=Su9KR88UupW8AnWP_OdwLg&cb_client=search.gws-prod.gps&w=408&h=240&yaw=246.21927&pitch=0&thumbfov=100,false,10 am–3 pm,10 am–3 pm,10 am–3 pm,10 am–3 pm,Closed,10 am–3 pm,Closed,"https://www.google.com/maps/search/tree+service+businesses+in+Flagler+Beach+Daytona+Beach+FL/@29.4749754,-81.1270035,14z",2026-04-29T05:20:21.261Z,,,
https://www.google.com/maps/place/Gamble+Rogers+State+Park/data=!4m7!3m6!1s0x88e6c104ea9dd99b:0x842c78070f56ff82!8m2!3d29.4380465!4d-81.1099577!16zL20vMGIxNmR6!19sChIJm9md6gTB5ogRgv9WDwd4LIQ,Gamble Rogers State Park,4.7,1663,State park,"3100 S Ocean Shore Blvd, Flagler Beach, FL 32136, United States","CVQR+62 Flagler Beach, Florida, USA",https://www.floridastateparks.org/parks-and-trails/gamble-rogers-memorial-state-recreation-area-flagler-beach,+1 386-517-2086,,,https://lh3.googleusercontent.com/gps-cs-s/APNQkAHUc_o34xTjfnpRTPM2ZkSwdizsWigD55nPfqGrNyOvP2OMW4kSFonxXhlQbFNJ_0D_a3TxRdgnyMAsfBunYRiB8XMeZ6AeJAK6w_N8Np8NAXwLRxCDYM8NE904HOMo2T-9Ivc=w408-h306-k-no,false,,,,,,,,"https://www.google.com/maps/search/tree+service+businesses+in+Flagler+Beach+Daytona+Beach+FL/@29.4749754,-81.1270035,14z",2026-04-29T05:20:24.016Z,"This scenic destination with a half-mile of beach & boardwalk offers kayak, canoe & bike rentals. · Dogs allowed",,
"https://www.google.com/maps/place/Udell%27s+Landscape+Services,+LLC./data=!4m7!3m6!1s0x88e6952794d6dbeb:0x86c1302f4e08ec00!8m2!3d29.5285854!4d-81.2533556!16s%2Fg%2F11c1s1rsx5!19sChIJ69vWlCeV5ogRAOwITi8wwYY","Udell's Landscape Services, LLC.",5.0,54,Landscaper,,,https://www.udellslandscaping.com/,+1 386-931-6539,Closed · Opens 8 am,,https://lh3.googleusercontent.com/gps-cs-s/APNQkAFuKvXGUIFY21irOQqrI5CbZZ5c4FTIqLrHcmE-Sa_SQfSquugaVVI0E9NM306Ll-v8Vu89K3H7tknqOZUZtEUHTSuzJbByAu6OkFNrKbiwxLxLg9T-OR6E3rqz8lFu7lqiavQ=w408-h544-k-no,true,8 am–4:30 pm,8 am–4:30 pm,8 am–4:30 pm,Closed,Closed,8 am–4:30 pm,8 am–4:30 pm,"https://www.google.com/maps/search/tree+service+businesses+in+Flagler+Beach+Daytona+Beach+FL/@29.4749754,-81.1270035,14z",2026-04-29T05:20:28.283Z,,,
https://www.google.com/maps/place/SK+Arborcare+LLC/data=!4m7!3m6!1s0xa01f5222876530ed:0xe335e383065ca8cf!8m2!3d29.2242375!4d-81.1964605!16s%2Fg%2F11w2gjkgmg!19sChIJ7TBlhyJSH6ARz6hcBoPjNeM,SK Arborcare LLC,4.6,9,Tree service,,,https://www.skarborcare.com/,+1 386-276-6434,Open 24 hours,Identifies as women-owned,https://lh3.googleusercontent.com/gps-cs-s/APNQkAFA6AiObd99gr53-WB3pcku9C6Ib2pFzxQ_KW6p7BT8BxwhA3LfWl6B1WhWKx9NsCYlhJEmtpWLNTYGr-4MborpoZrPjtC-L42d1gPRL6IFOPPtlOjNJLvcW_LAEnwqH689iIoa=w408-h306-k-no,true,Open 24 hours,Open 24 hours,Open 24 hours,Open 24 hours,Open 24 hours,Open 24 hours,Open 24 hours,"https://www.google.com/maps/search/tree+service+businesses+in+Flagler+Beach+Daytona+Beach+FL/@29.4749754,-81.1270035,14z",2026-04-29T05:20:32.622Z,,,
https://www.google.com/maps/place/Buzzz+Cuts+LLC./data=!4m7!3m6!1s0x443beea7cbfd6f1b:0x39a5cb4d1665988d!8m2!3d29.448172!4d-81.2749315!16s%2Fg%2F11ryb6w_dh!19sChIJG2_9y6fuO0QRjZhlFk3LpTk,Buzzz Cuts LLC.,5.0,26,Lawn care service,,,,+1 386-585-0560,Open 24 hours,,https://lh3.googleusercontent.com/gps-cs-s/APNQkAGEpsJ5AkT_GRfvGRYf4dBSv9VsmqdCNw1n6nQrL09koTAd32yxVQ5TVRHUlkx4WAQbnG5dU9RlYrxb4sqNwUpCJ1dUAG3-fGo7EVzYP6JblNMNNnuZy5ab2ors3TY2HXkNYLSm=w408-h544-k-no,true,Open 24 hours,Open 24 hours,Open 24 hours,Open 24 hours,Open 24 hours,Open 24 hours,Open 24 hours,"https://www.google.com/maps/search/tree+service+businesses+in+Flagler+Beach+Daytona+Beach+FL/@29.4749754,-81.1270035,14z",2026-04-29T05:20:36.788Z,,,
https://www.google.com/maps/place/Branchin+Off+Tree+Services+LLC/data=!4m7!3m6!1s0x86beaa9727a5b96f:0x608541eb28faa51!8m2!3d29.274313!4d-81.1773465!16s%2Fg%2F11y64zbgyy!19sChIJb7mlJ5eqvoYRUaqPsh5UCAY,Branchin Off Tree Services LLC,5.0,4,Tree service,,,https://www.treeremovalpalmcoast.net/,+1 386-286-3602,Closed · Opens 8 am,,https://lh3.googleusercontent.com/gps-cs-s/APNQkAG97DdjzxjK5Pv8RPSUuQ9tN3PCsKbPdZBe5lG1OtV3IL4IXxnzmm8kCV1Ghf2_XCMyGEXhQ1IISrAcCPNc5OpzocRdNJGuaYQFn4pvZvVV_JsWTaTc7bVaTyAyokT0X84gFczgdLokCvZL=w408-h544-k-no,true,8 am–5 pm,8 am–5 pm,8 am–5 pm,8 am–5 pm,Closed,8 am–5 pm,8 am–5 pm,"https://www.google.com/maps/search/tree+service+businesses+in+Flagler+Beach+Daytona+Beach+FL/@29.4749754,-81.1270035,14z",2026-04-29T05:20:40.982Z,,,
https://www.google.com/maps/place/What+In+Carnation/data=!4m7!3m6!1s0x88e6c1be99609369:0x9af5b7e5518df446!8m2!3d28.6239794!4d-81.914144!16s%2Fg%2F11ft2cv1xb!19sChIJaZNgmb7B5ogRRvSNUeW39Zo,What In Carnation,5.0,5,Plant nursery,,,http://www.facebook.com/whatincarnation.us,+1 386-968-2925,Closed · Opens 7:30 am,,https://lh3.googleusercontent.com/gps-cs-s/APNQkAH_NOfX1RdpOaRS_5CQlz_Y_ckAb3t-6BQgMU03D4fqZb3twIGuqFkzdbENSVxhM7hv8oL1uGrfuEdfj1DP6ew3VB3fKxMhcl9Ulf9X1PpTeQRZ0PrXhfs9qaz3ytxneHkgJnB_4w=w408-h306-k-no,true,7:30 am–6:30 pm,7:30 am–6:30 pm,7:30 am–6:30 pm,4–6:30 pm,12–5 pm,7:30 am–6:30 pm,7:30 am–6:30 pm,"https://www.google.com/maps/search/tree+service+businesses+in+Flagler+Beach+Daytona+Beach+FL/@29.4749754,-81.1270035,14z",2026-04-29T05:20:45.317Z,,,
https://www.google.com/maps/place/TreesOnly/data=!4m7!3m6!1s0x464f36ddb908219f:0xfbf0e1a7a6a7400a!8m2!3d29.3589664!4d-81.359806!16s%2Fg%2F11kskq_47v!19sChIJnyEIud02T0YRCkCnpqfh8Ps,TreesOnly,5.0,23,Tree service,,,,+1 386-283-1956,Open 24 hours,,https://lh3.googleusercontent.com/gps-cs-s/APNQkAGbVj_njW0j7kzon2chNVoyos8l4t5kcVUb_0hUXr96R5jV05_aMjRWm7i9jzHrlERt5wMlILsQIEiB41TxK_pWjKCUViaZSXSipTNrKsB5t2ELnN9h7Xjlc9DfF0zUPhdy2yZTUA=w408-h544-k-no,true,Open 24 hours,Open 24 hours,Open 24 hours,Open 24 hours,Open 24 hours,Open 24 hours,Open 24 hours,"https://www.google.com/maps/search/tree+service+businesses+in+Flagler+Beach+Daytona+Beach+FL/@29.4749754,-81.1270035,14z",2026-04-29T05:20:49.946Z,,,
https://www.google.com/maps/place/My+Irrigation+Guy/data=!4m7!3m6!1s0x4f3d46fe34edfddb:0xa8e68878341ccb36!8m2!3d29.386701!4d-81.2533556!16s%2Fg%2F11s9hd__bt!19sChIJ2_3tNP5GPU8RNsscNHiI5qg,My Irrigation Guy,4.9,146,Lawn sprinkler system contractor,,,https://myirrigationguy.com/?utm_source=google&utm_medium=organic&utm_campaign=gbp-listing,+1 386-610-2882,Closed · Opens 8 am,,https://lh3.googleusercontent.com/gps-cs-s/APNQkAHbKZNc_-oPdtu4qNboBgwelRafNkKOsSGRKWrMTKFvh2bsljppA5eOl44pH_OIRxFzY8yb7InjS5I04QR6q53MkQmD28b1XE9dnVdzXGaRm7-kzcntf0sOLMkv_ahKNOcqPOjmwGWcy6k=w408-h544-k-no,true,8 am–6 pm,8 am–6 pm,8 am–6 pm,Closed,Closed,8 am–6 pm,8 am–6 pm,"https://www.google.com/maps/search/tree+service+businesses+in+Flagler+Beach+Daytona+Beach+FL/@29.4749754,-81.1270035,14z",2026-04-29T05:20:54.197Z,,,
https://www.google.com/maps/place/Flagler+Tea+Company/data=!4m7!3m6!1s0x88e6c1a3224f4115:0x5d4f1bd587301ac4!8m2!3d29.4796321!4d-81.1279196!16s%2Fg%2F11fl1qfyc5!19sChIJFUFPIqPB5ogRxBowh9UbT10,Flagler Tea Company,5.0,96,Gluten-free restaurant,"208 S Central Ave Unit B, Flagler Beach, FL 32136, United States","FVHC+VR Flagler Beach, Florida, USA",http://flaglerteacompany.com/,+1 386-631-3962,Closed · Opens 12 pm Fri,LGBTQ+ friendly,https://lh3.googleusercontent.com/gps-cs-s/APNQkAEg8YXW3Lwsp7YfAYLPf_9g1dXqKBOTpafrVoIW0Dg-m4Rp94Uy7wly5OrgSXcIW9RYHjzaIe3uYkZ5Z2do-P2E0ACL3mafm503i5Q1cEkxIviuIS-oDV3xUTe4YaKYF7KnEHQxkoAT6dE=w408-h243-k-no,true,Closed,Closed,12–6 pm,12–6 pm,12–6 pm,Closed,Closed,"https://www.google.com/maps/search/tree+service+businesses+in+Flagler+Beach+Daytona+Beach+FL/@29.4749754,-81.1270035,14z",2026-04-29T05:20:58.997Z,· Dine-in · Kerbside pickup · No-contact delivery,,
https://www.google.com/maps/place/Bug+Check+Services+Inc/data=!4m7!3m6!1s0x88e694545db1967b:0x116b50026b902844!8m2!3d29.5482!4d-81.211038!16s%2Fg%2F1w0h8b6x!19sChIJe5axXVSU5ogRRCiQawJQaxE,Bug Check Services Inc,4.8,4,Pest control service,"15 Utility Dr # B, Palm Coast, FL 32137, United States","GQXQ+7H Palm Coast, Florida, USA",http://www.bugcheckservices.com/,+1 386-446-7944,Closed · Opens 7 am,,https://streetviewpixels-pa.googleapis.com/v1/thumbnail?panoid=womfKlnVSQreuYgq60PQKw&cb_client=search.gws-prod.gps&w=408&h=240&yaw=343.12308&pitch=0&thumbfov=100,true,7 am–3:30 pm,7 am–3:30 pm,7 am–12 pm,Closed,Closed,7 am–3:30 pm,7 am–3:30 pm,"https://www.google.com/maps/search/tree+service+businesses+in+Flagler+Beach+Daytona+Beach+FL/@29.4749754,-81.1270035,14z",2026-04-29T05:21:03.280Z,,,
https://www.google.com/maps/place/Austin%E2%80%99s+Tree+Service+LLC/data=!4m7!3m6!1s0x64640ec35b3b3f75:0x61ebe73f0cdc63ce!8m2!3d29.3277745!4d-81.1955505!16s%2Fg%2F11w997_s5c!19sChIJdT87W8MOZGQRzmPcDD_n62E,Austin’s Tree Service LLC,5.0,3,Tree service,,,https://www.austinstreeservice.com/,+1 386-276-1285,Closed · Opens 8 am,,https://lh3.googleusercontent.com/gps-cs-s/APNQkAEXSlSE5T7axa6eWzHGyazihnRamv5h3Zrsxe-LpjxbidQCd6fo9ywjVX_MRpvDPdT70sILkxoG2o2zPt02guwX-NmRIpMyb97PkeR2Rwg2yjrahn8p1lobgKEFs0Mj1mQm7Ri3M9tUBlQN=w408-h544-k-no,true,8 am–5 pm,8 am–5 pm,8 am–5 pm,8 am–5 pm,Closed,8 am–5 pm,8 am–5 pm,"https://www.google.com/maps/search/tree+service+businesses+in+Flagler+Beach+Daytona+Beach+FL/@29.4749754,-81.1270035,14z",2026-04-29T05:21:07.613Z,,,
https://www.google.com/maps/place/Florida+Lawnscape+Services/data=!4m7!3m6!1s0x88e695b743e36749:0x2a31ec55587e806f!8m2!3d29.5317765!4d-81.2569665!16s%2Fg%2F11tnf5v9tn!19sChIJSWfjQ7eV5ogRb4B-WFXsMSo,Florida Lawnscape Services,4.8,34,Lawn care service,,,https://www.floridalawnscapeservices.com/?utm_source=google&utm_medium=wix_google_business_profile&utm_campaign=7241941233204113781,+1 386-246-9660,,,https://lh3.googleusercontent.com/gps-cs-s/APNQkAHpPL9JvXbWFH1m3cbr5072zM-FZ9KVjOJPnjHJ3dRxhTe0xhN9yxtxqoDfc2b-NHZxIYI4jvPbkzrtrNcwfLGZ_KDVWimwjpChYTkGTCL6Q0nKcd6DO1xRcop_vTAkl-UMAMdWCVTZRwQ1=w426-h240-k-no,true,Open 24 hours,Open 24 hours,Open 24 hours,Open 24 hours,Open 24 hours,Open 24 hours,Open 24 hours,"https://www.google.com/maps/search/tree+service+businesses+in+Flagler+Beach+Daytona+Beach+FL/@29.4749754,-81.1270035,14z",2026-04-29T05:21:12.510Z,,,
https://www.google.com/maps/place/Scott%27s+Tree+Svc/data=!4m7!3m6!1s0x88e6f3db28905d13:0xb954427543377f7b!8m2!3d29.599447!4d-81.359806!16s%2Fg%2F11frtlh579!19sChIJE12QKNvz5ogRe383Q3VCVLk,Scott's Tree Svc,4.7,13,Tree service,,,http://scottstreesvc.com/,+1 386-569-9101,Closed · Opens 7 am,,https://lh3.googleusercontent.com/gps-cs-s/APNQkAFr0Mc5XR_dXaElCOJwraI7LK8QUiGhtfwq5sBdrnuYIF-QPhROut3QPkPbJpIrVux07Zgl57x0HL1CTPQ3SRYF6pIceEufYyFOdZFbz21r0pX0n3U57WEEm8lyJ8-8W8LuXaGkPw=w426-h240-k-no,true,7 am–5 pm,7 am–5 pm,7 am–5 pm,Closed,Closed,7 am–5 pm,7 am–5 pm,"https://www.google.com/maps/search/tree+service+businesses+in+Flagler+Beach+Daytona+Beach+FL/@29.4749754,-81.1270035,14z",2026-04-29T05:21:16.856Z,,,
"https://www.google.com/maps/place/P.C.+Skid+Steer+Services,+LLC/data=!4m7!3m6!1s0x88e6c1f0f4be6b31:0xe662f9d0528274c7!8m2!3d29.448172!4d-81.2749315!16s%2Fg%2F11mwl3w0c2!19sChIJMWu-9PDB5ogRx3SCUtD5YuY","P.C. Skid Steer Services, LLC",5.0,19,Contractor,,,https://pcskidsteer.com/,+1 386-846-2851,Open 24 hours,,https://lh3.googleusercontent.com/gps-cs-s/APNQkAGI718L9vIS4XcFAlpW0aduIRuxhxJxFV-KDIs7_g9TQ5i_A_pegmx5vdLvoK8rEiapgBzj8QU1RI1ux_5eTzUM_f-2GtduQmF6wiBKHHOIkOVoctmfsl6iYUXTmV79cjNiO0td=w408-h544-k-no,true,Open 24 hours,Open 24 hours,Open 24 hours,Open 24 hours,Open 24 hours,Open 24 hours,Open 24 hours,"https://www.google.com/maps/search/tree+service+businesses+in+Flagler+Beach+Daytona+Beach+FL/@29.4749754,-81.1270035,14z",2026-04-29T05:21:21.255Z,,,
https://www.google.com/maps/place/Cox+Cuts+LLC/data=!4m7!3m6!1s0xafb3f55454a35e51:0xca66f940e39e33c7!8m2!3d29.46611!4d-81.2827915!16s%2Fg%2F11spp8m2gc!19sChIJUV6jVFT1s68RxzOe40D5Zso,Cox Cuts LLC,,,Lawn care service,,,https://www.facebook.com/CoxCutsLLC,+1 386-283-1304,Closed · Opens 8 am Fri,,https://lh3.googleusercontent.com/gps-cs-s/APNQkAHwjF7ZWNyuDj77u4gZK0hbZbxrBbNxkHUqbAap9OVACHvuw-iDO1X2boZ5YW1ZR8gLUWuQWHGbm6-eF92o_OURZkX9-fY8aguB2H1_ic7CFQ1ULbVJnBy5yqumBSJQa2CSogY9iw=w408-h408-k-no,true,Closed,Closed,8 am–5 pm,8 am–5 pm,8 am–5 pm,Closed,Closed,"https://www.google.com/maps/search/tree+service+businesses+in+Flagler+Beach+Daytona+Beach+FL/@29.4749754,-81.1270035,14z",2026-04-29T05:21:25.587Z,,,
https://www.google.com/maps/place/Bulow+Plantation+Ruins+Historic+State+Park/data=!4m7!3m6!1s0x88e6db40d42271f5:0x9522490c01b7488e!8m2!3d29.4345581!4d-81.142676!16zL20vMDl0cTR3!19sChIJ9XEi1EDb5ogRjki3AQxJIpU,Bulow Plantation Ruins Historic State Park,4.6,422,State park,"3501 Old Kings Rd, Flagler Beach, FL 32136, United States","CVM4+RW Flagler Beach, Florida, USA",https://www.floridastateparks.org/parks-and-trails/bulow-plantation-ruins-historic-state-park,+1 386-517-2084,Closed · Opens 9 am Thu,,https://lh3.googleusercontent.com/gps-cs-s/APNQkAHL2X3Vm6XK1Ts6zXRepb240XN55WbnM47tpe2orTs3YuAyOxHpz_BeR-a3zyvypNIdFKOMfK-LoFAMgCg103A-mjbbT0-BYLnXYUTCY-HxQcFyTbSuA9hS7OyRlulPN1jrK73O=w408-h306-k-no,false,Closed,9 am–5 pm,9 am–5 pm,9 am–5 pm,9 am–5 pm,9 am–5 pm,Closed,"https://www.google.com/maps/search/tree+service+businesses+in+Flagler+Beach+Daytona+Beach+FL/@29.4749754,-81.1270035,14z",2026-04-29T05:21:36.500Z,The ruins of an 1800s sugar & cotton plantation in a lush setting with trails & a boat ramp. · Dogs allowed,,
https://www.google.com/maps/place/Hobbs+Tree+Service/data=!4m7!3m6!1s0x88e0b33488e25433:0x3b11872307633871!8m2!3d28.5966538!4d-80.8312023!16s%2Fg%2F1vxdz267!19sChIJM1TiiDSz4IgRcThjByOHETs,Hobbs Tree Service,4.9,102,Tree service,"1425 Crest Dr, Titusville, FL 32780, United States","H5W9+MG Titusville, Florida, USA",http://www.hobbstreeservicefl.com/,+1 321-269-8733,,,https://lh3.googleusercontent.com/gps-cs-s/APNQkAEUn7VEnl8SaKR0gdbR-xWBDOMGZ6z-664pHJAei39266Gzaorqn1cs43eXAga04BIcB62XP8GMFoWsnKtE_qUjM-ETx5ISSKsWYI1vP59FqKBLWEpae0oXaBnEd1ijofi3dadk=w408-h544-k-no,true,Open 24 hours,Open 24 hours,Open 24 hours,Open 24 hours,Open 24 hours,Open 24 hours,Open 24 hours,"https://www.google.com/maps/search/tree+service+businesses+in+Titusville+Daytona+Beach+FL/@28.6080347,-80.8084112,14z",2026-04-29T05:22:02.217Z,,,
"https://www.google.com/maps/place/LBJ+Services,+llc/data=!4m7!3m6!1s0x88e74d0054be9da7:0xa60c2a54bc78d41!8m2!3d28.6163026!4d-80.8362651!16s%2Fg%2F11vsppm5zc!19sChIJp52-VABN54gRQY3HS6XCYAo","LBJ Services, llc",4.1,36,Tree service,"60 N Christmas Hill Rd, Titusville, FL 32796, United States","J587+GF Titusville, Florida, USA",,+1 321-604-8845,Closed · Opens 8 am,,https://lh3.googleusercontent.com/gps-cs-s/APNQkAEeDVLoWdtMJWshxMUkIfAFt844lfrA4vVWte5KD0cJb9j6VVMXSc20-mq3xb65otgsELX0FW7QXMg-ZzwhzcDLb0KCX1BzfiITY9qWsZzsu4yY_eTD0kj3R-IazMxKGRwu3RvE=w408-h544-k-no,true,8 am–5:30 pm,8 am–5:30 pm,8 am–5:30 pm,Closed,Closed,8 am–5:30 pm,8 am–5:30 pm,"https://www.google.com/maps/search/tree+service+businesses+in+Titusville+Daytona+Beach+FL/@28.6080347,-80.8084112,14z",2026-04-29T05:22:06.532Z,,,
https://www.google.com/maps/place/Mow+Muscle+Tree+Services/data=!4m7!3m6!1s0x88e74a1c2eb7ee0b:0xc4ce2ac9f6671c2e!8m2!3d28.6232271!4d-80.8229211!16s%2Fg%2F1w0j4_x_!19sChIJC-63LhxK54gRLhxn9skqzsQ,Mow Muscle Tree Services,4.1,72,Tree service,"634 Childre Ave, Titusville, FL 32796, United States","J5FG+7R Titusville, Florida, USA",,+1 321-385-1633,Open 24 hours,,https://lh3.googleusercontent.com/gps-cs-s/APNQkAH4DLLC-F1EKOYcpgEZ5_23yaRUl5TXPayfw1oRYQOSaX4PPQy9kxsIQ5TCSkAPuCZKxN_qbM6yxZfR6FD7l5KKZ7gwUcvEnKmT1qnbHsdHqHB4j5n3KrdWdGuGOkc7fY9M9pc=w427-h240-k-no,true,Open 24 hours,Open 24 hours,Open 24 hours,Open 24 hours,Open 24 hours,Open 24 hours,Open 24 hours,"https://www.google.com/maps/search/tree+service+businesses+in+Titusville+Daytona+Beach+FL/@28.6080347,-80.8084112,14z",2026-04-29T05:22:11.039Z,,,
https://www.google.com/maps/place/First+Choice+Tree+Service/data=!4m7!3m6!1s0x88e0b2c9b641d7cb:0x78d1b1bb3a72ea21!8m2!3d28.5598672!4d-80.8052369!16s%2Fg%2F1264r31dl!19sChIJy9dBtsmy4IgRIepyOrux0Xg,First Choice Tree Service,5.0,71,Tree service,"4485 Osceola Rd Apt B, Titusville, FL 32780, United States","H55V+WW Titusville, Florida, USA",http://www.afirstchoicetreeservice.com/,+1 321-268-3002,Closed · Opens 7 am,,https://lh3.googleusercontent.com/gps-cs-s/APNQkAEaioiHo-K71ja8KH8pHoJe-RJVRfCEHE35t9gkexQtVuW0MYEkVoJCCCVTaOIPfwkohras9FH2UaC7AsETwbPboYpXzIWzeGq_uUjbHEVhuztktRes_CjSo0GH75gaE6odorYe=w408-h479-k-no,true,7 am–9 pm,7 am–9 pm,7 am–9 pm,7 am–9 pm,7 am–9 pm,7 am–9 pm,7 am–9 pm,"https://www.google.com/maps/search/tree+service+businesses+in+Titusville+Daytona+Beach+FL/@28.6080347,-80.8084112,14z",2026-04-29T05:22:15.493Z,,,
https://www.google.com/maps/place/Stratford+Tree+Service/data=!4m7!3m6!1s0x88e0b2b668204a25:0xf7d4f67df535e3ed!8m2!3d28.5687175!4d-80.803254!16s%2Fg%2F11cm0sqqv8!19sChIJJUogaLay4IgR7eM19X321Pc,Stratford Tree Service,5.0,21,Tree service,"3842 S Hopkins Ave, Titusville, FL 32780, United States","H59W+FM Titusville, Florida, USA",http://www.stratfordtree.com/,+1 321-289-5282,Closed · Opens 5 am,,https://lh3.googleusercontent.com/gps-cs-s/APNQkAH0q6DV0rgFTevaZeSye18HbEWmuxAfbTyKxHpvWb4wqldzjTplDcwAxobGcBEz-3E6sVDsejmuAc9SwsCn5zWa0B8b6S9KKJkuO12BHPWzY-K0N5ClwqSGpY6dK2gcdBhbVD8=w426-h240-k-no,true,5 am–11 pm,5 am–11 pm,5 am–11 pm,5 am–11 pm,5 am–11 pm,5 am–11 pm,5 am–11 pm,"https://www.google.com/maps/search/tree+service+businesses+in+Titusville+Daytona+Beach+FL/@28.6080347,-80.8084112,14z",2026-04-29T05:22:19.784Z,,,
https://www.google.com/maps/place/Redwine%27s+Tree+Service+LLC/data=!4m7!3m6!1s0x88de0398eacb333f:0xc60d5332961286e4!8m2!3d28.5504561!4d-80.8072031!16s%2Fg%2F11f7qy_lvg!19sChIJPzPL6pgD3ogR5IYSljJTDcY,Redwine's Tree Service LLC,4.9,35,Tree service,"535 Key Largo Dr S, Titusville, FL 32780, United States","H52V+54 Titusville, Florida, USA",http://www.redwinestreeservice.com/,+1 321-615-1427,Closed · Opens 7 am,,https://lh3.googleusercontent.com/gps-cs-s/APNQkAF_nG_hzkfBIm3B9O3R4CyT9X1v80xYDWW6dg1IcI6Z__mWkDI8YDmoABPFFevu-Ya7-ilYV_Fi7p3ASVgLY_luVHAehj_v2f7AMvjz73gWAITJ_JAPG6osOy_KNzgt3RFO9TOl=w408-h275-k-no,true,7 am–7 pm,7 am–7 pm,7 am–7 pm,Closed,Closed,7 am–7 pm,7 am–7 pm,"https://www.google.com/maps/search/tree+service+businesses+in+Titusville+Daytona+Beach+FL/@28.6080347,-80.8084112,14z",2026-04-29T05:22:24.485Z,,,
https://www.google.com/maps/place/Elite+Tree+Service+%26+Landscaping/data=!4m7!3m6!1s0x88e74dbc477ea427:0x5ae85b727b0efacb!8m2!3d28.5620184!4d-80.934154!16s%2Fg%2F11ly18lgw_!19sChIJJ6R-R7xN54gRy_oOe3Jb6Fo,Elite Tree Service & Landscaping,5.0,12,Landscaper,,,,+1 321-914-8764,Open 24 hours,LGBTQ+ friendly,https://lh3.googleusercontent.com/gps-cs-s/APNQkAHrZku0lM_H0_Ygsx0Oaq3aX0o0k5AaTAtxc0bYeIMMMIUXE9L6ZL6kOia1aWhUCAjVkoD1H1sjCTrmWoLlVWS1Vl30Ki0z7Mz5lyxd96UIPDNZxu0wPeKs8lX4FkIHrBtDvFBv=w408-h306-k-no,true,Open 24 hours,Open 24 hours,Open 24 hours,Open 24 hours,Open 24 hours,Open 24 hours,Open 24 hours,"https://www.google.com/maps/search/tree+service+businesses+in+Titusville+Daytona+Beach+FL/@28.6080347,-80.8084112,14z",2026-04-29T05:22:28.758Z,,,
https://www.google.com/maps/place/Avalos+Landscaping+Service/data=!4m7!3m6!1s0x88e74de4a7f353bf:0x12ecc8478637afc6!8m2!3d28.6147899!4d-80.8229647!16s%2Fg%2F11h263y306!19sChIJv1Pzp-RN54gRxq83hkfI7BI,Avalos Landscaping Service,5.0,6,Landscaper,"1800 N Lilac Cir, Titusville, FL 32796, United States","J57G+WR Titusville, Florida, USA",https://avaloslandscapingservice.com/,+1 321-225-0007,Closed · Opens 7 am,,https://lh3.googleusercontent.com/gps-cs-s/APNQkAE_Q8XkWL3S47jXLRf3RSYvJOOP_Xm9Z6Kxvuwp5-c-O7_4Fzz7JhtAapARiKUSrs3hO6hQKbCW6L9x5xB8VAb-P2guxgdT-ax_ZqMzbd5TNo-Id6HdMfLi5YC-kHVgcB_bmPtQ=w408-h306-k-no,true,7 am–5 pm,7 am–5 pm,7 am–5 pm,7 am–5 pm,Closed,7 am–5 pm,7 am–5 pm,"https://www.google.com/maps/search/tree+service+businesses+in+Titusville+Daytona+Beach+FL/@28.6080347,-80.8084112,14z",2026-04-29T05:22:33.060Z,,,
https://www.google.com/maps/place/Sniper+Tree+Service/data=!4m4!3m3!1s0x88e74c855c69892d:0x24e87cf6763db435!16s%2Fg%2F11f404fz46!19sChIJLYlpXIVM54gRNbQ9dvZ86CQ,Sniper Tree Service,5.0,4,Tree service,,,http://snipetrees.com/,+1 352-432-8860,Open 24 hours,,https://lh3.googleusercontent.com/gps-cs-s/APNQkAEqJss26wtqzHaDs9q8zzYvOl8KRLQGmQDYWpBZINBZWsvCoxO4yINglmj395f61-VgxDlNiA9PRJTXWWFxBZTdv0TFWuLmOFejol72SWJZuqM-dU3T534RWKizADGELH6TmAYc4rvyZ6j7=w408-h544-k-no,true,Open 24 hours,Open 24 hours,Open 24 hours,Open 24 hours,Open 24 hours,Open 24 hours,Open 24 hours,"https://www.google.com/maps/search/tree+service+businesses+in+Titusville+Daytona+Beach+FL/@28.6080347,-80.8084112,14z",2026-04-29T05:22:37.403Z,,,
https://www.google.com/maps/place/Wilson%27s+Lawn+Care+and+Landscaping+LLC/data=!4m7!3m6!1s0x88e74ddc08996d15:0xf41c4f7c56dd1b88!8m2!3d28.5851016!4d-80.8006627!16s%2Fg%2F11pg3swcnk!19sChIJFW2ZCNxN54gRiBvdVnxPHPQ,Wilson's Lawn Care and Landscaping LLC,4.8,38,Lawn care service,"2503 S Washington Ave #1341, Titusville, FL 32780, United States","H5PX+2P Titusville, Florida, USA",http://www.wilsonslawnlandscaping.com/,+1 321-607-1144,Closed · Opens 9 am,,https://lh3.googleusercontent.com/gps-cs-s/APNQkAEG4Jv5nb8I23bOQKE812F1jjdmnkMAcz8Z6GEYRwDpFsS0Jzg2OV4t_uX3dp8QmRHxXoorBpnt_5eHZ3fH3QwzXhzk0EV-de_wvKhnwqvWHLvW6dn5ocq04kfnnT0AhjTCmGc=w426-h240-k-no,true,9 am–5 pm,9 am–5 pm,9 am–5 pm,Closed,Closed,9 am–5 pm,9 am–5 pm,"https://www.google.com/maps/search/tree+service+businesses+in+Titusville+Daytona+Beach+FL/@28.6080347,-80.8084112,14z",2026-04-29T05:22:41.806Z,,,
https://www.google.com/maps/place/Homegrown+Outdoors/data=!4m7!3m6!1s0xab69a00d05da6f0b:0xe5db580a0c414d4b!8m2!3d28.569977!4d-80.915752!16s%2Fg%2F11rqvc1lp7!19sChIJC2_aBQ2gaasRS01BDApY2-U,Homegrown Outdoors,4.8,58,Tree service,,,https://homegrownoutdoors.net/,+1 321-376-3781,Open 24 hours,,https://lh3.googleusercontent.com/gps-cs-s/APNQkAG19qUy7h3T22wXjdNSOZjIdwZOycmAPi88RNsjMwOEqP1IcG2zsj0_ovvLNd9SaZCGewfxJ7lTjfQLkyu0YO32pMvY7-YV9_XzNGRLQTb2WGVghSPJyihZmOWLt5N9r8RR0S4U3w=w408-h544-k-no,true,Open 24 hours,Open 24 hours,Open 24 hours,Open 24 hours,Open 24 hours,Open 24 hours,Open 24 hours,"https://www.google.com/maps/search/tree+service+businesses+in+Titusville+Daytona+Beach+FL/@28.6080347,-80.8084112,14z",2026-04-29T05:22:46.399Z,,,
https://www.google.com/maps/place/A+N+J+Tree+Service+LLC/data=!4m7!3m6!1s0x88e7350064e3ce5d:0x663798ed5bc50cf0!8m2!3d28.7601175!4d-80.8732603!16s%2Fg%2F11lp1yfg23!19sChIJXc7jZAA154gR8AzFW-2YN2Y,A N J Tree Service LLC,4.6,48,Tree service,"3715 Coolidge Ave, Mims, FL 32754, United States","Q46G+2M Mims, Florida, USA",https://www.anjtreeservicellc.com/,+1 352-356-7042,Open 24 hours,,https://lh3.googleusercontent.com/gps-cs-s/APNQkAHR3xvgIC5sCetzJvPbDPSsjBj2KhfpSs1LWBwyqQ1St_2UnBbikxlkYBLKAs9-I6Ta7DsAe4eikhIAEd2HIFr-tUGx22ewK6C5twkVS8lG0737-MKmQ5trdWG3Y20ftOJBE0PanA=w408-h544-k-no,true,Open 24 hours,Open 24 hours,Open 24 hours,Open 24 hours,Open 24 hours,Open 24 hours,Open 24 hours,"https://www.google.com/maps/search/tree+service+businesses+in+Titusville+Daytona+Beach+FL/@28.6080347,-80.8084112,14z",2026-04-29T05:22:50.816Z,,,
https://www.google.com/maps/place/Climbing+For+Christ+Tree+Services+and+Bee+Removal/data=!4m7!3m6!1s0x88e0b37e0846fe3f:0xe1cdcc774ff632f4!8m2!3d28.4559244!4d-80.8512266!16s%2Fg%2F11g0g_8x5f!19sChIJP_5GCH6z4IgR9DL2T3fMzeE,Climbing For Christ Tree Services and Bee Removal,4.9,90,Tree service,,,http://climbinforchristtreeservice.com/,+1 321-362-1424,Closed · Opens 8 am,,https://lh3.googleusercontent.com/gps-cs-s/APNQkAFFw4Lcjfl5cEfL0ZTMcjWVdE-C9BLRZaotXyVcbR3s82fNli9eEz6X626EV5tRQqrldXr-OvszYnDCq90aYF2qbcb6aGKe4Y1f2B6FWT262HKqzdIwz3IiL3sp8f3XvghJt__fvw=w408-h544-k-no,true,8 am–7 pm,8 am–7 pm,8 am–7 pm,8 am–7 pm,8 am–7 pm,8 am–7 pm,8 am–7 pm,"https://www.google.com/maps/search/tree+service+businesses+in+Titusville+Daytona+Beach+FL/@28.6080347,-80.8084112,14z",2026-04-29T05:22:55.108Z,,,
https://www.google.com/maps/place/Total+Tactical+Services/data=!4m7!3m6!1s0x839f26985e0ba1a5:0x1b8cc6179ae7e405!8m2!3d27.698638!4d-83.804601!16s%2Fg%2F11mm1yhm2v!19sChIJpaELXpgmn4MRBeTnmhfGjBs,Total Tactical Services,5.0,5,Tree service,,,,+1 321-289-5125,Open 24 hours,,https://lh3.googleusercontent.com/gps-cs-s/APNQkAEtUsqOLG620QbnkV1et-gnBhlYCHZO2seva78A8HXpb3_sS8TpkW2ZxSBwq1_5B1e2qS99H2VjuDDQhRx94c_KP0X3k2ItmWhCJBnBX6iRuagHnoXILanQnbYwY2Jr4jcFGZ4NsHxGJuY=w408-h408-k-no,true,Open 24 hours,Open 24 hours,Open 24 hours,Open 24 hours,Open 24 hours,Open 24 hours,Open 24 hours,"https://www.google.com/maps/search/tree+service+businesses+in+Titusville+Daytona+Beach+FL/@28.6080347,-80.8084112,14z",2026-04-29T05:22:59.256Z,,,
https://www.google.com/maps/place/Growing+Crazy/data=!4m7!3m6!1s0x88e74c9eadd51a05:0xe73cd87b64f08986!8m2!3d28.6369444!4d-80.8372222!16s%2Fg%2F1tdgl263!19sChIJBRrVrZ5M54gRhonwZHvYPOc,Growing Crazy,4.5,73,Garden center,"1510 Old Dixie Hwy, Titusville, FL 32796, United States","J5P7+Q4 Titusville, Florida, USA",,+1 321-268-2975,Closed · Opens 11 am,,https://lh3.googleusercontent.com/gps-cs-s/APNQkAHy-JvbJMY1p0cQKidnArpPzpkxnCOoGsxxk6iQ8tBB8bNJi9yGgR_DFAMTQ2XaTIiaeFSSP4jO3PwkdEzoltAc4jzUCmEvUGNkHDtx8lSG8Eiwu_4v09uIOHSmVW3ii4qd7Qz34Q=w408-h544-k-no,true,11 am–3 pm,11 am–3 pm,11 am–3 pm,Closed,Closed,11 am–3 pm,Closed,"https://www.google.com/maps/search/tree+service+businesses+in+Titusville+Daytona+Beach+FL/@28.6080347,-80.8084112,14z",2026-04-29T05:23:03.753Z,· Delivery,,
https://www.google.com/maps/place/A+Landscape+to+Remember+LLC/data=!4m7!3m6!1s0x8ae4521323995dff:0xb6d8e0876ba04ebc!8m2!3d28.5666551!4d-80.7978932!16s%2Fg%2F11p00p97lb!19sChIJ_12ZIxNS5IoRvE6ga4fg2LY,A Landscape to Remember LLC,4.6,16,Landscaper,"S Washington Ave, Titusville, FL 32780, United States","H682+MR Titusville, Florida, USA",,+1 321-289-8508,Closed · Opens 8 am,,https://streetviewpixels-pa.googleapis.com/v1/thumbnail?panoid=mEMX937N3m86UUSjUdhzmA&cb_client=search.gws-prod.gps&w=408&h=240&yaw=85.52349&pitch=0&thumbfov=100,true,8 am–8 pm,8 am–8 pm,8 am–8 pm,8 am–8 pm,8 am–8 pm,8 am–8 pm,8 am–8 pm,"https://www.google.com/maps/search/tree+service+businesses+in+Titusville+Daytona+Beach+FL/@28.6080347,-80.8084112,14z",2026-04-29T05:23:08.360Z,,,
https://www.google.com/maps/place/TRAILS+END+SEPTIC/data=!4m7!3m6!1s0x88e0b3cff1fd6361:0x2e073b60c228e1d2!8m2!3d28.6009457!4d-80.808732!16s%2Fg%2F11ghs74x_7!19sChIJYWP98c-z4IgR0uEowmA7By4,TRAILS END SEPTIC,4.8,302,Septic system service,"1236 S Hopkins Ave, Titusville, FL 32780, United States","J52R+9G Titusville, Florida, USA",http://www.titusvilleseptictank.com/,+1 321-567-5460,Closed · Opens 7 am,,https://lh3.googleusercontent.com/gps-cs-s/APNQkAGOUoCmya-DAJWWbCFu46N2uqMnBw0l0I4e0wS3raspFHMyA23lO68bortGDUBjT3KHRjAINhY7NXnA-XVqEVpcghBlS2zjYotRVFJD8hIpZ4FAJ-GumuLyIrgUWG4hIahUh3oy7Q=w408-h306-k-no,true,7 am–5 pm,7 am–5 pm,7 am–5 pm,8 am–1 pm,Closed,7 am–5 pm,7 am–5 pm,"https://www.google.com/maps/search/tree+service+businesses+in+Titusville+Daytona+Beach+FL/@28.6080347,-80.8084112,14z",2026-04-29T05:23:12.867Z,,,
https://www.google.com/maps/place/Florida+Outdoor+Solutions/data=!4m7!3m6!1s0x88e74b5d6a3ceb67:0xf3e9f2d04442e612!8m2!3d27.698638!4d-83.804601!16s%2Fg%2F11lrlmq3cn!19sChIJZ-s8al1L54gREuZCRNDy6fM,Florida Outdoor Solutions,2.6,11,Landscaper,,,,+1 844-365-5296,Closed · Opens 8 am,,https://lh3.googleusercontent.com/gps-cs-s/APNQkAEZfg-qOgOcCoU2y4wf_GthjRo0RtD-0jXRz04Kdwiq5UoXgbixFIgWGCFp6o5sO8mWp2CNFW-Rjdr_v1XeghkeRw7BiZ0Ku396Vlx1KeX5QcOZhbCIOQ2mTSnKKpR9p1zRCFji=w408-h306-k-no,true,8 am–5 pm,8 am–5 pm,8 am–5 pm,Closed,Closed,8 am–5 pm,8 am–5 pm,"https://www.google.com/maps/search/tree+service+businesses+in+Titusville+Daytona+Beach+FL/@28.6080347,-80.8084112,14z",2026-04-29T05:23:17.443Z,,,
"https://www.google.com/maps/place/AMG+Property+Maintenance,+LLC/data=!4m7!3m6!1s0x298c5eab269f6e13:0x369d0fbc4492e546!8m2!3d28.6319235!4d-80.831914!16s%2Fg%2F11lp7ybskr!19sChIJE26fJqtejCkRRuWSRLwPnTY","AMG Property Maintenance, LLC",3.5,16,Handyman/Handywoman/Handyperson,"1175 Old Dixie Hwy, Titusville, FL 32796, United States","J5J9+Q6 Titusville, Florida, USA",https://www.facebook.com/profile.php?id=100092611934126&mibextid=ZbWKwL,+1 321-468-3263,Closed · Opens 9 am,,https://lh3.googleusercontent.com/gps-cs-s/APNQkAEUIACUNCdnXR42v0v7gFkUQhP3tDUSXhq4Ayo7QUf_TpHIkrrdKe-A0lC6Wny4YV0SqrOTBx0evIDdQ1j2y-CQULx8DEhSkv3hz7UWUy4qUUqK5lq8lxDv6041H4NAOOIeqny4rw=w408-h272-k-no,true,9 am–6 pm,9 am–6 pm,9 am–6 pm,9 am–12 pm,Closed,9 am–6 pm,9 am–6 pm,"https://www.google.com/maps/search/tree+service+businesses+in+Titusville+Daytona+Beach+FL/@28.6080347,-80.8084112,14z",2026-04-29T05:23:21.767Z,,,
https://www.google.com/maps/place/Crosby+tree+solutions+LLC/data=!4m7!3m6!1s0x88e74b9a6c1089fd:0x93723c9bdfb5056c!8m2!3d28.569977!4d-81.0551606!16s%2Fg%2F11rxk_v4qn!19sChIJ_YkQbJpL54gRbAW135s8cpM,Crosby tree solutions LLC,5.0,30,Tree service,,,http://crosbytreesolutions.com/,+1 321-607-4054,Open 24 hours,,https://lh3.googleusercontent.com/gps-cs-s/APNQkAE74i8k5VjuJ81Nd7ddN7GYHskVpfLudoZqD2iBu1i0ZLoHKHn51KGYDD2ZyG0xxZ20KyqeKCWPwNqJrhMheyKu2reqdfQUgmx_FdrIrvlWFR-NzQR2n3g8RNE5o4Y7hp6dKuBI=w425-h240-k-no,true,Open 24 hours,Open 24 hours,Open 24 hours,Open 24 hours,Open 24 hours,Open 24 hours,Open 24 hours,"https://www.google.com/maps/search/tree+service+businesses+in+Titusville+Daytona+Beach+FL/@28.6080347,-80.8084112,14z",2026-04-29T05:23:26.056Z,,,
https://www.google.com/maps/place/Turf+Tamers+Lawn+Services/data=!4m7!3m6!1s0x88e74d2fa94e49f1:0xeb6fc6d761dd6c12!8m2!3d28.306727!4d-80.6861594!16s%2Fg%2F1thmg6jf!19sChIJ8UlOqS9N54gREmzdYdfGb-s,Turf Tamers Lawn Services,5.0,2,Lawn sprinkler system contractor,,,http://www.turftamerslawn.com/,+1 321-591-9589,Closed · Opens 8 am,,https://lh3.googleusercontent.com/gps-cs-s/APNQkAG6YP-UcSkxTTbLgaUSBKGSxE6sVCdJ0MN4uTe6JrHcgelWYwDipe-Ary1R-hrTBgSG8dzD80eC4bW3xKcNiuwNjCPGKza1O-Qgx5cJymXIC6V6HwkqQnL6oIpyAQ55v_jjHv-p3Q=w408-h306-k-no,true,8 am–5 pm,8 am–5 pm,8 am–5 pm,Closed,Closed,8 am–5 pm,8 am–5 pm,"https://www.google.com/maps/search/tree+service+businesses+in+Titusville+Daytona+Beach+FL/@28.6080347,-80.8084112,14z",2026-04-29T05:23:30.719Z,,,
https://www.google.com/maps/place/Jerry%27s+Tree+Service+Inc./data=!4m7!3m6!1s0x88e74c07cb0f8db7:0xd92f92eb9d993665!8m2!3d28.62726!4d-81.032986!16s%2Fg%2F1tfv5yx4!19sChIJt40PywdM54gRZTaZneuSL9k,Jerry's Tree Service Inc.,4.8,22,Tree service,,,,+1 321-544-5399,Closed · Opens 8 am,,https://lh3.googleusercontent.com/gps-cs-s/APNQkAFGZBJ7VIX1a8cYTgBAO1Go_2FMCpHO1DxpFFd2Mxm-wf9mV4QytovFaaeDMi1DhOCXI-2RuBq9gV4UqObxI0AZwFhLAEgWG0hLH34A3_8PRzrUwkk_SlCgEqLZUx5OR0pRp5Y8=w408-h306-k-no,true,8 am–4 pm,8 am–4 pm,8 am–4 pm,Closed,Closed,8 am–4 pm,8 am–4 pm,"https://www.google.com/maps/search/tree+service+businesses+in+Titusville+Daytona+Beach+FL/@28.6080347,-80.8084112,14z",2026-04-29T05:23:34.957Z,,,
https://www.google.com/maps/place/BK+Adventure+Florida+-+Bioluminescence+Tours/data=!4m7!3m6!1s0x88e77afe76135d35:0x8e32e47b3f342344!8m2!3d28.6199821!4d-80.8142696!16s%2Fg%2F11cls9glzr!19sChIJNV0Tdv5654gRRCM0P3vkMo4,BK Adventure Florida - Bioluminescence Tours,4.7,2074,Canoe & kayak tour agency,"485 N Washington Ave, Titusville, FL 32796, United States","J59P+X7 Titusville, Florida, USA",https://www.bkadventure.com/,+1 407-519-8711,Closed · Opens 10 am,LGBTQ+ friendly,https://lh3.googleusercontent.com/gps-cs-s/APNQkAEfi8qz0EcxDuMXPwFeilr7D1aO3_B4D0oHjQOIjCk_wSRWwIR-VxlqGRa3lcdMNmX2Q4Dm9BzLRYHiPvanM-u-Q1NiaYXnxNrHmHJ3feA6z0gLGz62U5BARrywpq3XnnalI1URNw=w408-h408-k-no,true,10 am–10 pm,10 am–10 pm,10 am–10 pm,10 am–10 pm,10 am–10 pm,10 am–10 pm,10 am–10 pm,"https://www.google.com/maps/search/tree+service+businesses+in+Titusville+Daytona+Beach+FL/@28.6080347,-80.8084112,14z",2026-04-29T05:23:39.443Z,,,
https://www.google.com/maps/place/Eco+Tree+Service/data=!4m7!3m6!1s0x88e74d04f1935f23:0xf6bc75f9a7858cb0!8m2!3d46.423669!4d-129.9427086!16s%2Fg%2F11h6nr19fx!19sChIJI1-T8QRN54gRsIyFp_l1vPY,Eco Tree Service,3.0,2,Tree service,,,,+1 321-460-8008,Closed · Opens 10 am,,https://lh3.googleusercontent.com/gps-cs-s/APNQkAFijqBw2oor1japSvYlQbEEMNxI-v1-v1fQZ_UExtsiedUsi5kgPucmUYXpn-qfukZhctORzG9rVSrf91_86iR94UBP1jWR4G6YF4FZIfWM06w7R1Z98GdmCxk2gYKaFJdZHGISEA=w408-h725-k-no,true,10 am–6 pm,10 am–6 pm,10 am–6 pm,10 am–6 pm,Closed,10 am–7 pm,10 am–6 pm,"https://www.google.com/maps/search/tree+service+businesses+in+Titusville+Daytona+Beach+FL/@28.6080347,-80.8084112,14z",2026-04-29T05:23:43.764Z,,,
https://www.google.com/maps/place/AMERICAN+TREE+SERVICE+LLC/data=!4m7!3m6!1s0x88e74d72184bf985:0xb82262b235bec6b0!8m2!3d28.62726!4d-81.032986!16s%2Fg%2F11mxld3xhm!19sChIJhflLGHJN54gRsMa-NbJiIrg,AMERICAN TREE SERVICE LLC,3.0,2,Tree service,,,,+1 321-289-5823,Closed · Opens 7 am,,https://lh3.googleusercontent.com/gps-cs-s/APNQkAHItxIjIHofp7Q-cuMER7zRSRWO6P6oMtA2j4pugeDKdyXpFOQjRmeg-EP1RmX5DKW26NCWLiskJxPkK0tNPUOVUITcl-uVQRbQPcn7IpderSOjXSlH4MRknw9cNMZlvjPH26LV=w408-h544-k-no,true,7 am–5 pm,7 am–5 pm,7 am–5 pm,7 am–5 pm,Closed,7 am–5 pm,7 am–5 pm,"https://www.google.com/maps/search/tree+service+businesses+in+Titusville+Daytona+Beach+FL/@28.6080347,-80.8084112,14z",2026-04-29T05:23:47.922Z,,true,
https://www.google.com/maps/place/Ace+Hardware+Garden+St/data=!4m7!3m6!1s0x88e74ced3ccbd3fb:0x85dc40234c0cb1cb!8m2!3d28.6179658!4d-80.8412373!16s%2Fg%2F11byx85g7h!19sChIJ-9PLPO1M54gRy7EMTCNA3IU,Ace Hardware Garden St,4.5,578,Hardware store,"3160 Garden St, Titusville, FL 32796, United States","J595+5G Titusville, Florida, USA",https://www.acehardware.com/store-details/16419,+1 321-225-8725,Closed · Opens 8 am,,https://lh3.googleusercontent.com/gps-cs-s/APNQkAH4gxlndW3dWhAwqTH88Dp-SFVNTa9cnXpRf7jWZUbG9p5sZzQi1azoCI-ViVdJymitPx_gyX96_S6R6FL7Yw89KCWwShRXdWBjjSuIoy91QIwZu-3Wi7Mt6tO-xTvIjeCrmm4D=w408-h328-k-no,true,8 am–8 pm,8 am–8 pm,8 am–8 pm,8 am–8 pm,9 am–6 pm,8 am–8 pm,8 am–8 pm,"https://www.google.com/maps/search/tree+service+businesses+in+Titusville+Daytona+Beach+FL/@28.6080347,-80.8084112,14z",2026-04-29T05:23:52.856Z,"Hardware store stocking household tools, garden supplies, home decor & more. · In-store shopping · In-store pick-up",,
https://www.google.com/maps/place/Harbor+Freight/data=!4m7!3m6!1s0x88e74db1472bb4d7:0xe68dee8c369fb281!8m2!3d28.6157715!4d-80.8413403!16s%2Fg%2F11mxzpll20!19sChIJ17QrR7FN54gRgbKfNozujeY,Harbor Freight,4.6,431,Hardware store,"2959 Garden St, Titusville, FL 32796, United States","J585+8F Titusville, Florida, USA",https://www.harborfreight.com/storelocator/2959-garden-street-titusville-32796?number=3199,+1 321-291-8900,Closed · Opens 8 am,,https://lh3.googleusercontent.com/gps-cs-s/APNQkAHoLwxX4Ae8HE0B0NUSrLPK8L3SdaFC0M2GYgybq5YvAwXwGdf8mN7QJ0Mo4Ib3lQlSlBiSyKk-scld_GzB8P_5OHhOyi95AOquoa1U-qsM4sVKIAVdEf3fgRrCt2dIAQSywUjP=w408-h268-k-no,true,8 am–8 pm,8 am–8 pm,8 am–8 pm,8 am–8 pm,9 am–6 pm,8 am–8 pm,8 am–8 pm,"https://www.google.com/maps/search/tree+service+businesses+in+Titusville+Daytona+Beach+FL/@28.6080347,-80.8084112,14z",2026-04-29T05:23:59.241Z,"Retail chain carrying a wide range of tools, hardware & other products for the home, garden & car.",,
https://www.google.com/maps/place/Brevard+County+Auto+Tags/data=!4m7!3m6!1s0x88e74ccfc8b66d93:0x945ea50474001e29!8m2!3d28.6061647!4d-80.819894!16s%2Fg%2F1tfc7fh_!19sChIJk222yM9M54gRKR4AdASlXpQ,Brevard County Auto Tags,3.6,363,Tax department,"800 S Park Ave, Titusville, FL 32780, United States","J54J+F2 Titusville, Florida, USA",http://www.brevardtc.com/,+1 321-264-5224,Closed · Opens 9 am,,https://lh3.googleusercontent.com/gps-cs-s/APNQkAHGqGI3iP5OcGhRq6dwyFaZqztywxmWT8w8bS-AEq8iZIENgP1w8Vz-sAbHksHmRRhOjOig8wzD3WTdi6RsWlWIfW4YdPADpxaH6rD4n136Mk_4U7alzM8LbMFYQI7UFFE8AQStUN7xPsqR=w408-h544-k-no,false,9 am–5 pm,9 am–5 pm,9 am–5 pm,Closed,Closed,9 am–5 pm,9 am–5 pm,"https://www.google.com/maps/search/tree+service+businesses+in+Titusville+Daytona+Beach+FL/@28.6080347,-80.8084112,14z",2026-04-29T05:24:03.601Z,,,
https://www.google.com/maps/place/Kickin+Grass+LLC/data=!4m7!3m6!1s0xa88a25386c10c2db:0xf15d1f3b88c8e493!8m2!3d28.5738442!4d-80.8341927!16s%2Fg%2F11pkd_rfg8!19sChIJ28IQbDgliqgRk-TIiDsfXfE,Kickin Grass LLC,3.0,10,Landscaper,"3641 Frazier Ct, Titusville, FL 32780, United States","H5F8+G8 Titusville, Florida, USA",http://www.kickinggrassfl.com/,+1 407-446-2527,Closed · Opens 7 am,LGBTQ+ friendly,https://lh3.googleusercontent.com/gps-cs-s/APNQkAGaUA6s6HKbnU_5IHJKHL5PDUbUlNslbQXCfFOC_vZcAmkqlGP4SGiE0hbC9pntg6AENQQPH4hThVdYNpbK35m21iN2ooIKxTBBu_9YIveFh5fxyt1WZGs0SuOMCBKFvsZYxEPa=w408-h306-k-no,true,7 am–7 pm,7 am–7 pm,7 am–7 pm,7 am–7 pm,Closed,7 am–7 pm,7 am–7 pm,"https://www.google.com/maps/search/tree+service+businesses+in+Titusville+Daytona+Beach+FL/@28.6080347,-80.8084112,14z",2026-04-29T05:24:08.122Z,,,
https://www.google.com/maps/place/Tree+of+Life+Cuban+Bakery/data=!4m7!3m6!1s0x88e0b32b74ffd221:0x2180ff8a94faaead!8m2!3d28.612753!4d-80.8069581!16s%2Fg%2F11ss80z9r8!19sChIJIdL_dCuz4IgRra76lIr_gCE,Tree of Life Cuban Bakery,4.6,457,Bakery,"106 Main St, Titusville, FL 32796, United States","J57V+46 Titusville, Florida, USA",https://tree-of-life-cuban-bakery.square.site/,+1 321-225-4214,,LGBTQ+ friendly,https://lh3.googleusercontent.com/gps-cs-s/APNQkAHMjpDrFxVB8SeXmZjEQHAlKCh8RFLsPFnyLL-NINEQa3ZQEj2Q9teFkXguDgPO_70IDf5ESUyG3fV_1WwG6aESgkNbDuAxYpsCEUJKOa6y1HkyoIiT42SlNgBs4TI2zElT5pbpcQ=w408-h306-k-no,true,7 am–6 pm,7 am–6 pm,7 am–6 pm,7 am–6 pm,8 am–5 pm,7 am–6 pm,7 am–6 pm,"https://www.google.com/maps/search/tree+service+businesses+in+Titusville+Daytona+Beach+FL/@28.6080347,-80.8084112,14z",2026-04-29T05:24:12.635Z,· Dine-in · Takeaway · No-contact delivery,,
https://www.google.com/maps/place/Space+Coast+Lawn+Care/data=!4m7!3m6!1s0x88e74d893afa1cf5:0xac2380c277b3e7a!8m2!3d28.4909524!4d-80.8027495!16s%2Fg%2F11jmyx2c68!19sChIJ9Rz6OolN54gRej57Jww4wgo,Space Coast Lawn Care,4.8,46,Lawn care service,,,http://www.spacecoastlawncarecorp.com/,+1 321-360-6475,Closed · Opens 8 am,Identifies as women-owned,https://lh3.googleusercontent.com/gps-cs-s/APNQkAGsXU4wNJfP2qqB2euwXRNLnc55e8770ixNVlUH5phXxswBLx-RqeJEvVKAe7OqS7qrBW7IDkycsmhKDG6ER6eZ0nJIyWuEkjmb2AgKBfXpGtAT1iX3V5cjKrKvTqAUwjNsy7ca=w408-h306-k-no,true,8 am–5 pm,8 am–5 pm,8 am–5 pm,Closed,Closed,8 am–5 pm,8 am–5 pm,"https://www.google.com/maps/search/tree+service+businesses+in+Titusville+Daytona+Beach+FL/@28.6080347,-80.8084112,14z",2026-04-29T05:24:17.180Z,,,
https://www.google.com/maps/place/Pritchard+House/data=!4m7!3m6!1s0x88e0b33370379127:0x2ec9665c9177018c!8m2!3d28.6104965!4d-80.8079274!16s%2Fm%2F01xllz0!19sChIJJ5E3cDOz4IgRjAF3kVxmyS4,Pritchard House,4.9,47,Event venue,"424 S Washington Ave, Titusville, FL 32796, United States","J56R+5R Titusville, Florida, USA",http://www.pritchardhouse.com/,+1 321-607-0203,Closed · Opens 9 am,,https://lh3.googleusercontent.com/gps-cs-s/APNQkAGaE6cuZ-dOlUV7rAQw2befJAg5QDzj1CTtT105nOqwNMJcKzhQMw25TBpvUFZEXM94QneOO4t7ZEDsr8m2iaOQJkCcG2M14-iQa4QLyPGZmijyIXRZE7tmtXMKMOEVsJus4m3QDALktiEP=w408-h544-k-no,false,9 am–6 pm,9 am–6 pm,9 am–6 pm,9 am–6 pm,9 am–6 pm,9 am–6 pm,9 am–6 pm,"https://www.google.com/maps/search/tree+service+businesses+in+Titusville+Daytona+Beach+FL/@28.6080347,-80.8084112,14z",2026-04-29T05:24:21.514Z,"Tours are available of this restored, circa-1891 Queen Anne mansion with period furnishings.",,
https://www.google.com/maps/place/Hope+For+North+Brevard+Thrift/data=!4m7!3m6!1s0x88e74cc04ac36f3b:0xa70051e7add4dbba!8m2!3d28.6158308!4d-80.8306425!16s%2Fg%2F1tm897rn!19sChIJO2_DSsBM54gRutvUredRAKc,Hope For North Brevard Thrift,4.3,169,Thrift store,"2214 Garden St, Titusville, FL 32796, United States","J589+8P Titusville, Florida, USA",https://www.facebook.com/HopeforNorthBrevardThrift?mibextid=LQQJ4d,+1 321-383-8638,"Closed · Opens 9:30 am

Updated by others 6 days ago",,https://lh3.googleusercontent.com/gps-cs-s/APNQkAHRU3soJPxIaHID_JVM9962E-q4YrawWGFnJtKy3o4AP7RC6_hymIotYONwikL-RZI02C1mhQdgP-70V_GcY0c-cKMoyPt-mYZE_nZjJtjdEDEgwSzxmrgnavjTc_0YS3wiR1kA=w513-h240-k-no,true,9:30 am–4 pm,9:30 am–4 pm,9:30 am–4 pm,9:30 am–5:30 pm,Closed,9:30 am–4 pm,9:30 am–4 pm,"https://www.google.com/maps/search/tree+service+businesses+in+Titusville+Daytona+Beach+FL/@28.6080347,-80.8084112,14z",2026-04-29T05:24:25.826Z,· In-store shopping,,
https://www.google.com/maps/place/Land+and+Sea+Clearing+and+Construction/data=!4m7!3m6!1s0x88e0ad35733b2755:0x6ffb81e640d553b8!8m2!3d28.641023!4d-80.8396541!16s%2Fg%2F11q99gjrrt!19sChIJVSc7czWt4IgRuFPVQOaB-28,Land and Sea Clearing and Construction,,,Construction company,"2860 Diamond Rd, Titusville, FL 32796, United States","J5R6+C4 Titusville, Florida, USA",,+1 321-693-3206,,,https://lh3.googleusercontent.com/gps-cs-s/APNQkAHdx9v2hJMmtB6FrLRyrCl0MYupt2a_iaflCi_R-MDFtPkchC-KANk1SXoY1J6Kmnfcryz4nSPs8nXesbE5OW0YTD656VCz5shd7pyYUA4NGB2QL3iz7_5BDjE7YKdQAGxNOJDBhA=w408-h306-k-no,true,,,,,,,,"https://www.google.com/maps/search/tree+service+businesses+in+Titusville+Daytona+Beach+FL/@28.6080347,-80.8084112,14z",2026-04-29T05:24:27.966Z,,,
https://www.google.com/maps/place/Buck%27s+Lawnmower+Shop/data=!4m7!3m6!1s0x88e0b2c99e420bc7:0xc3e975aff758c13e!8m2!3d28.5731544!4d-80.8035203!16s%2Fg%2F1tk_q2fj!19sChIJxwtCnsmy4IgRPsFY96916cM,Buck's Lawnmower Shop,4.2,140,Lawn mower store,"3655 S Hopkins Ave, Titusville, FL 32780, United States","H5FW+7H Titusville, Florida, USA",http://www.buckslawnmowershop.net/,+1 321-267-4170,Closed · Opens 8 am,,https://lh3.googleusercontent.com/gps-cs-s/APNQkAE29sQOct9Vb-JDJhdcT28ojkrUdm3TQDXHoERaW1MUlxF5wxI_mTlPfTxjaW_TvkNTD3jly2FPVNRbS2lIXdFw57QPk5fyvdbmLokhTwKOj6m8n2Lu-NQ4tHMrM0RCMm66fUYs=w408-h306-k-no,true,8 am–5 pm,8 am–5 pm,8 am–5 pm,8 am–1 pm,Closed,8 am–5 pm,8 am–5 pm,"https://www.google.com/maps/search/tree+service+businesses+in+Titusville+Daytona+Beach+FL/@28.6080347,-80.8084112,14z",2026-04-29T05:24:32.700Z,· In-store pick-up,,
https://www.google.com/maps/place/C+%26+C+Crane+Works/data=!4m7!3m6!1s0x88e74d38f96a90e7:0x3161e316f4fc65ba!8m2!3d28.5592451!4d-80.8258413!16s%2Fg%2F11h_82lmt4!19sChIJ55Bq-ThN54gRumX89BbjYTE,C & C Crane Works,5.0,21,Crane service,"2000 Cheney Hwy Ste 103, Titusville, FL 32780, United States","H55F+MM Titusville, Florida, USA",https://brevardcrane.com/,+1 407-271-2916,Open 24 hours,,https://lh3.googleusercontent.com/gps-cs-s/APNQkAHw1daxw2MjxJcMujMxpf4grB3lqLvLIoXwEv6xSqXXUFoMa1tfXT4H5hFDvhZwzjLYRjrWS2AjE848KxNmCPUMNI67CECluvWQYSox0X5IdusHqzHpGN8avthkzCDeFAGMjmDwRw=w458-h240-k-no,true,Open 24 hours,Open 24 hours,Open 24 hours,Open 24 hours,Open 24 hours,Open 24 hours,Open 24 hours,"https://www.google.com/maps/search/tree+service+businesses+in+Titusville+Daytona+Beach+FL/@28.6080347,-80.8084112,14z",2026-04-29T05:24:37.247Z,,,
"https://www.google.com/maps/place/Brevard+Feed+%26+Seed,+Inc/data=!4m7!3m6!1s0x88e74ca1bb3c5c3d:0x41116ebd44ea1501!8m2!3d28.646298!4d-80.834917!16s%2Fg%2F1tjdxqt6!19sChIJPVw8u6FM54gRARXqRL1uEUE","Brevard Feed & Seed, Inc",4.6,233,Animal feed store,"1885 US-1, Titusville, FL 32796, United States","J5W8+G2 Titusville, Florida, USA",http://www.brevardfeed.com/,+1 321-268-4455,Closed · Opens 9 am,,https://lh3.googleusercontent.com/gps-cs-s/APNQkAGkIB1KRIH0VEtptFxavb8_OLZ8iBZXchWYSSJhTLRqbaVs2m9aQtgPrPBZtccSxkciv6z60ZFFgnR7-7Zw9IuGeQbMyJnLUtEDrs8bmoTeXuwmcW4bYjE5-hVKFFqS1q2tFSoUHw=w408-h839-k-no,true,9 am–12 pm,9 am–5:30 pm,9 am–5:30 pm,9 am–3 pm,Closed,9 am–5:30 pm,9 am–5:30 pm,"https://www.google.com/maps/search/tree+service+businesses+in+Titusville+Daytona+Beach+FL/@28.6080347,-80.8084112,14z",2026-04-29T05:24:41.855Z,,,
https://www.google.com/maps/place/Liquid+color+llc/data=!4m7!3m6!1s0x88e74da99d7f083b:0x70548cd6a68aaf22!8m2!3d28.639159!4d-80.8524747!16s%2Fg%2F11qn7pgs7j!19sChIJOwh_nalN54gRIq-KptaMVHA,Liquid color llc,5.0,10,Painter,"1560 Liberty Tree Rd, Titusville, FL 32796, United States","J4QX+M2 Titusville, Florida, USA",,+1 386-402-2063,Closed · Opens 9 am,,https://lh3.googleusercontent.com/gps-cs-s/APNQkAH1L6ekKWPnlXR1YzoJ82sE3zd5onfNKXx_7MY_ssN5l_FIcTrhhnq77S6omlE5eKQCC-DZHp8MMzLpeeXGo50MAjraZaNM3rq1HpUGKTsjbpnigzWYuDbRaH5nDQWRlsLyraw=w408-h544-k-no,true,9 am–5 pm,9 am–5 pm,9 am–5 pm,Closed,Closed,9 am–5 am,9 am–5 pm,"https://www.google.com/maps/search/tree+service+businesses+in+Titusville+Daytona+Beach+FL/@28.6080347,-80.8084112,14z",2026-04-29T05:24:46.229Z,,,
https://www.google.com/maps/place/East+Coast+Body+Shop+Inc/data=!4m7!3m6!1s0x88e0b32b69a91b9b:0xc3ad968f90f3d626!8m2!3d28.598793!4d-80.808649!16s%2Fg%2F1tdwwhnb!19sChIJmxupaSuz4IgRJtbzkI-WrcM,East Coast Body Shop Inc,4.7,63,Auto body shop,"1350 S Hopkins Ave, Titusville, FL 32780, United States","H5XR+GG Titusville, Florida, USA",,+1 321-267-2724,Closed · Opens 9 am,,https://lh3.googleusercontent.com/gps-cs-s/APNQkAEhGniOQuGoZzDu4ZKs-ao9Y4Ccl5mnXaseZ4leNWplYW1Oh0K8ntUOLTKdZ8qM-A2h_n6NvcqzbGcDMYuSaEcffNpnzpETpveKCxi3v27owOfSY5or2zBYVWNcAvRqbX9JTmk=w408-h408-k-no,false,9 am–5 pm,9 am–5 pm,9 am–5 pm,Closed,Closed,9 am–5 pm,9 am–5 pm,"https://www.google.com/maps/search/tree+service+businesses+in+Titusville+Daytona+Beach+FL/@28.6080347,-80.8084112,14z",2026-04-29T05:24:50.462Z,,,
https://www.google.com/maps/place/Best+Friends+Cremation+Crmtry/data=!4m7!3m6!1s0x88e74cba21340dcd:0x3c2d575a944693ca!8m2!3d28.6242123!4d-80.8228303!16s%2Fg%2F1tjl6qzk!19sChIJzQ00IbpM54gRypNGlFpXLTw,Best Friends Cremation Crmtry,4.9,64,Funeral home,"685 Childre Ave, Titusville, FL 32796, United States","J5FG+MV Titusville, Florida, USA",https://www.bestfriendscremation.com/,+1 321-264-2399,,,https://lh3.googleusercontent.com/gps-cs-s/APNQkAGsHtsXZMmv3KPnrh3CZlARjLRDxZhfhg2PPlTI1jzA93B5THBWrlp-re2pF2udH5mJ4ffVBByJQ5F8rBnN8PcDOKVVlXs7lDKrlJuhmG6Ai0xx6q7pBc-A_JYivxtaTe5AuBWwHA=w408-h702-k-no,false,,,,,,,,"https://www.google.com/maps/search/tree+service+businesses+in+Titusville+Daytona+Beach+FL/@28.6080347,-80.8084112,14z",2026-04-29T05:24:52.678Z,,,
https://www.google.com/maps/place/Correo+postal/data=!4m7!3m6!1s0x88e74d6743fe889f:0xe637fc3a85561590!8m2!3d28.586806!4d-80.8157622!16s%2Fg%2F11fnqm1m6k!19sChIJn4j-Q2dN54gRkBVWhTr8N-Y,Correo postal,,,Mailing service,"1035 Tree Ln, Titusville, FL 32780, United States","H5PM+PM Titusville, Florida, USA",,,,,https://streetviewpixels-pa.googleapis.com/v1/thumbnail?panoid=UlX_0yfV7jnVEOF_f_NAig&cb_client=search.gws-prod.gps&w=408&h=240&yaw=137.75023&pitch=0&thumbfov=100,false,,,,,,,,"https://www.google.com/maps/search/tree+service+businesses+in+Titusville+Daytona+Beach+FL/@28.6080347,-80.8084112,14z",2026-04-29T05:24:55.095Z,,,
https://www.google.com/maps/place/RC+Lawn+Maintenance+%26+Care+LLC/data=!4m7!3m6!1s0x88de0513b5361d1d:0x74c5014022e28888!8m2!3d28.343444!4d-80.7233!16s%2Fg%2F11fsvtxx8x!19sChIJHR02tRMF3ogRiIjiIkABxXQ,RC Lawn Maintenance & Care LLC,5.0,2,Lawn care service,,,,+1 407-724-4660,Closed · Opens 7 am,,https://lh3.googleusercontent.com/gps-cs-s/APNQkAHy_imJGbvNoe52X_HiOi3dYFclg0qccAyRkoXniZ1xOEX0uHa5lSnNwTDGWPDMUIH5dalj-zxbMf8xX4CG9rxsb4x3goYqVjJxXPCc3ofUiYx44OI25dfzp5SjwxPuety0crS1=w408-h306-k-no,true,7 am–5 pm,7 am–5 pm,7 am–5 pm,7 am–5 pm,Closed,7 am–5 pm,7 am–5 pm,"https://www.google.com/maps/search/tree+service+businesses+in+Titusville+Daytona+Beach+FL/@28.6080347,-80.8084112,14z",2026-04-29T05:24:59.334Z,,,
https://www.google.com/maps/place/St.+Teresa%27s+BUYERS+BARGAIN+SHOP/data=!4m7!3m6!1s0x88e0b334b8fceef9:0x86fa892fef10c20d!8m2!3d28.6127168!4d-80.8091936!16s%2Fg%2F11gdmfx1cm!19sChIJ-e78uDSz4IgRDcIQ7y-J-oY,St. Teresa's BUYERS BARGAIN SHOP,4.3,19,Thrift store,"400-412 Main St, Titusville, FL 32796, United States","J57R+38 Titusville, Florida, USA",,+1 321-267-4874,"Closed · Opens 10 am

Updated by others 11 weeks ago",,https://lh3.googleusercontent.com/gps-cs-s/APNQkAErMRYP8UXVfeBV0h5Tqdb_gSa7XrTpCDzeh95PdGgWGSSJjtqmPtIBmEZ6OM3m0AtLpTwdhfNZdySVSUbA5Y0FSeJT7V5sNSJASg6WICEW12YSDsEGUJx-x63_ZJg37mhCNX6F=w408-h306-k-no,false,10 am–1 pm,10 am–1 pm,10 am–1 pm,10 am–1 pm,Closed,10 am–1 pm,10 am–1 pm,"https://www.google.com/maps/search/tree+service+businesses+in+Titusville+Daytona+Beach+FL/@28.6080347,-80.8084112,14z",2026-04-29T05:25:04.044Z,,,
https://www.google.com/maps/place/Tucker%27s+Professional+Tree+Care+Inc./data=!4m7!3m6!1s0x8256f6b6626fc6e3:0x5da9a54cf83719e8!8m2!3d27.8388995!4d-80.7584762!16s%2Fg%2F11lcf4ll5h!19sChIJ48ZvYrb2VoIR6Bk3-EylqV0,Tucker's Professional Tree Care Inc.,5.0,83,Tree service,,,https://www.tuckersprotreecare.com/,+1 386-444-0281,Open 24 hours,,https://lh3.googleusercontent.com/gps-cs-s/APNQkAFNkwfmuVMIsqvv1Dl9TCpnhimLVYelsF9k30BafMap3gDhwgJdW6zZX7iIxoWDc9NN4FQBSx8AvHKpTJpk6RIdAe7To8-05sqXS4cl7yNTUNCcT0oWZ7x3o0a8GgU_auJq5KU1Ep9t3nLE=w408-h291-k-no,true,Open 24 hours,Open 24 hours,Open 24 hours,Open 24 hours,Open 24 hours,Open 24 hours,Open 24 hours,"https://www.google.com/maps/search/tree+service+businesses+in+Titusville+Daytona+Beach+FL/@28.6080347,-80.8084112,14z",2026-04-29T05:25:08.363Z,,,
https://www.google.com/maps/place/Flo.+Craft+LLC/data=!4m7!3m6!1s0x80a458cf88a7aa0f:0xe6a3f090dba9eadd!8m2!3d28.62726!4d-81.032986!16s%2Fg%2F11whm5pg9g!19sChIJD6qniM9YpIAR3eqp25Dwo-Y,Flo. Craft LLC,5.0,3,Home builder,,,https://www.facebook.com/flo.craft.llc?mibextid=ZbWKwL,+1 321-346-3830,Closed · Opens 7 am,,https://lh3.googleusercontent.com/gps-cs-s/APNQkAHeTurJY5TxoqvpvlAYptdedxdy75agR_ZqzNP7cq45-20JeJuAFqz6_4IEFC9OyLiqSoKEnrDGYo2wvmAfapvEZy1H1z7Emu8Z8owvxl1g84SDKAwQCZS4SkuOnaiWW4IH8_4=w408-h306-k-no,true,7 am–5 pm,7 am–5 pm,7 am–5 pm,Closed,Closed,7 am–5 pm,7 am–5 pm,"https://www.google.com/maps/search/tree+service+businesses+in+Titusville+Daytona+Beach+FL/@28.6080347,-80.8084112,14z",2026-04-29T05:25:12.622Z,,,
https://www.google.com/maps/place/Thriftopia/data=!4m7!3m6!1s0x88e0b3f012a17f4f:0xb95ea17829d54ce8!8m2!3d28.5998001!4d-80.8070282!16s%2Fg%2F11y6hr_kb3!19sChIJT3-hEvCz4IgR6EzVKXihXrk,Thriftopia,4.6,32,Thrift store,"1325 S Washington Ave, Titusville, FL 32780, United States","H5XV+W5 Titusville, Florida, USA",,+1 321-225-4202,Closed · Opens 9 am,,https://lh3.googleusercontent.com/gps-cs-s/APNQkAEs32MQeyW2oQo5Tzf4QNQIGvKotts1ZkwzoK9cGgIw20gTZAkB-z-VTrtZmUz1QFRzwtj9Fp8BUfZh6TcmrjzlRhhj_GVyD9vIeg6Y1cGGzK5w34reNe9ccnrEYd755eBwVIKA=w426-h240-k-no,true,9 am–6 pm,9 am–6 pm,9 am–6 pm,9 am–6 pm,Closed,9 am–6 pm,9 am–6 pm,"https://www.google.com/maps/search/tree+service+businesses+in+Titusville+Daytona+Beach+FL/@28.6080347,-80.8084112,14z",2026-04-29T05:25:16.893Z,,,
https://www.google.com/maps/place/Don%27s+Tree+Service/data=!4m7!3m6!1s0x88e0ad6e9372f71b:0xa199e0f3594c68c7!8m2!3d28.4764769!4d-80.782293!16s%2Fg%2F11gvqdrgq8!19sChIJG_dyk26t4IgRx2hMWfPgmaE,Don's Tree Service,4.6,14,Tree service,"3940 Delespine Rd, Cocoa, FL 32927, United States","F6G9+H3 Cocoa, Florida, USA",https://donstreeservicefl.com/,+1 321-631-8701,"Open 24 hours

Confirmed by this business 2 weeks ago",,https://lh3.googleusercontent.com/gps-cs-s/APNQkAGNq3XV_ifwJb-3aeUJCD03FGFgdjHfxFWCFRCiWh1_ncXDQBVYXj0qV8mHRTrE3vr8rlCU_ckXHSVyhfPAFwnAXrZ-AKBQ-LBeGyL5Uaa1vrbHR4LkNRvgrMhXjadqe7E6BM_c8g=w426-h240-k-no,true,Open 24 hours,Open 24 hours,Open 24 hours,Open 24 hours,Open 24 hours,Open 24 hours,Open 24 hours,"https://www.google.com/maps/search/tree+service+businesses+in+Titusville+Daytona+Beach+FL/@28.6080347,-80.8084112,14z",2026-04-29T05:25:21.368Z,,,
https://www.google.com/maps/place/Ace+Hardware/data=!4m7!3m6!1s0x88e0b2c628ab61f7:0x9381377a60d25a02!8m2!3d28.5734683!4d-80.7996399!16s%2Fg%2F1tqcm0lq!19sChIJ92GrKMay4IgRAlrSYHo3gZM,Ace Hardware,4.6,1268,Hardware store,"3636 S Washington Ave, Titusville, FL 32780, United States","H6F2+94 Titusville, Florida, USA",http://www.acehardwaretitusville.com/?utm_source=google&utm_medium=local&utm_campaign=localmaps&utm_content=01536,+1 321-267-1030,Closed · Opens 8 am,,https://lh3.googleusercontent.com/gps-cs-s/APNQkAHq_UtalkGkjxMkcb1Y4x_q6MF1OifZStUsww-TaGcy5P7cX1Nc8Qzzww66NVE6QJ0oGpetF4Ex1FcnDGYrzgfMRG8Y5SqQjOdm2V_qY1PG4eXQ-FFxZv4DvLu1BZmeTEyGZJcg=w513-h240-k-no,true,8 am–8 pm,8 am–8 pm,8 am–8 pm,8 am–8 pm,9 am–6 pm,8 am–8 pm,8 am–8 pm,"https://www.google.com/maps/search/tree+service+businesses+in+Titusville+Daytona+Beach+FL/@28.6080347,-80.8084112,14z",2026-04-29T05:25:26.193Z,"Hardware store stocking household tools, garden supplies, home decor & more. · In-store shopping · In-store pick-up",,
"https://www.google.com/maps/place/Big+Wood+Tree+Service,+Inc./data=!4m7!3m6!1s0x88de0270e283ede9:0xc4e88d08a51362ea!8m2!3d28.3466857!4d-80.6907281!16s%2Fg%2F1pzwzvwml!19sChIJ6e2D4nAC3ogR6mITpQiN6MQ","Big Wood Tree Service, Inc.",4.9,114,Tree service,"606 Gladiola St, Merritt Island, FL 32952, United States","88W5+MP Merritt Island, Florida, USA",http://bigwoodtreeservice.com/,+1 321-537-9341,Closed · Opens 7 am,,https://lh3.googleusercontent.com/gps-cs-s/APNQkAF3FNHx97i8J4TXkmmrt7sgcLVV-WSJBfd7lI_R_r7RgWed2Gv69kEINPZ2WKiOqGSd5Tjg4o2lJzBMPuyg_AaGSvm3Ilw4R7t5UDax6jYrow9XCQWRyKK4bH2d-7mPY8r2u8hfeA=w560-h240-k-no,true,7 am–7 pm,7 am–7 pm,7 am–7 pm,7 am–7 pm,Closed,7 am–7 pm,7 am–7 pm,"https://www.google.com/maps/search/tree+service+businesses+in+Titusville+Daytona+Beach+FL/@28.6080347,-80.8084112,14z",2026-04-29T05:25:30.454Z,,,
https://www.google.com/maps/place/Pittman+%26+Sons+LLC./data=!4m7!3m6!1s0x88e0b2ae76d4ffff:0xa3e5bf8ad9bb11a2!8m2!3d28.5570654!4d-80.8042215!16s%2Fg%2F11rkmvtml4!19sChIJ___Udq6y4IgRohG72Yq_5aM,Pittman & Sons LLC.,5.0,145,Patio enclosure supplier,"379 Cheney Hwy, Titusville, FL 32780, United States","H54W+R8 Titusville, Florida, USA",https://psoutdoorliving.com/,+1 321-505-7537,Closed · Opens 8 am,,https://lh3.googleusercontent.com/gps-cs-s/APNQkAFyaS8Wef7fWfVhrg9SZL2HWJGhHGeBsgYWYIqYzfIfYHAod4kjuXUYvVZcDLs9XVW8xMs_RFrQ9PiQbW9u8a9955YeSwbBHD8f8rJxAb4KrEibncsSg4QgV4GPPj5dHKXVYG7k=w408-h306-k-no,true,8 am–5 pm,8 am–5 pm,8 am–5 pm,Closed,Closed,8 am–5 pm,8 am–5 pm,"https://www.google.com/maps/search/tree+service+businesses+in+Titusville+Daytona+Beach+FL/@28.6080347,-80.8084112,14z",2026-04-29T05:25:34.807Z,,,
https://www.google.com/maps/place/Dream+Space+Coast/data=!4m7!3m6!1s0x88e0b3480a5a8927:0x530ee8a6a79d5e0e!8m2!3d28.5834631!4d-80.8004896!16s%2Fg%2F11h5vz3k02!19sChIJJ4laCkiz4IgRDl6dp6boDlM,Dream Space Coast,4.6,96,Apartment complex,"2825 S Washington Ave, Titusville, FL 32780, United States","H5MX+9R Titusville, Florida, USA",https://www.dreamspacecoast.com/?utm_medium=organic&utm_source=google&utm_campaign=gmb-website-button,+1 321-529-0002,Closed · Opens 8:30 am,,https://lh3.googleusercontent.com/gps-cs-s/APNQkAHCXIsj4WRaYqGxHXP99e_58Gniwi2zdf5-rwdKyhc9GF1HlaehpepXQfLTeM6TYMGeu42NDt9kRGLL4D8koAOwdPuVeVq-kmFtrC9zPv3S0DXskz3Z1nb_1AbKQHtmRDD87Q=w408-h305-k-no,true,8:30 am–5:30 pm,8:30 am–5:30 pm,8:30 am–5:30 pm,10 am–5 pm,Closed,8:30 am–5:30 pm,8:30 am–5:30 pm,"https://www.google.com/maps/search/tree+service+businesses+in+Titusville+Daytona+Beach+FL/@28.6080347,-80.8084112,14z",2026-04-29T05:25:39.136Z,· Dogs allowed,,
https://www.google.com/maps/place/Eastern+Florida+State+College+-+Titusville+Campus/data=!4m7!3m6!1s0x88e74ca439d25f0d:0x569252131d22a341!8m2!3d28.6340971!4d-80.8239447!16s%2Fg%2F12mjyhqgc!19sChIJDV_SOaRM54gRQaMiHRNSklY,Eastern Florida State College - Titusville Campus,3.6,29,College,"1311 U.S. 1, Titusville, FL 32796, United States","J5MG+JC Titusville, Florida, USA",https://www.easternflorida.edu/,+1 321-632-1111,Closed · Opens 8 am,,https://lh3.googleusercontent.com/gps-cs-s/APNQkAFhOzMnlDxVOapEX1OMtN4FULiC15VsKug5aBZ6iYb-3TgKrpEbbTwT7Bs8DNNR-CM3zt1AJdqyqhCXZJlRiPpvf6MilhhGmtXL0opQah-g1zjh_LP18iVBQ3B28SbQdOOGGL16mQ=w408-h306-k-no,true,8 am–5:30 pm,8 am–7 pm,Closed,Closed,Closed,8 am–5:30 pm,8 am–5:30 pm,"https://www.google.com/maps/search/tree+service+businesses+in+Titusville+Daytona+Beach+FL/@28.6080347,-80.8084112,14z",2026-04-29T05:25:43.528Z,,,
"https://www.google.com/maps/place/Tree+Service+Express,+Inc./data=!4m7!3m6!1s0x88de13e32cac6523:0x25424b96e440e0a1!8m2!3d27.9969069!4d-80.619915!16s%2Fg%2F11g_t2958!19sChIJI2WsLOMT3ogRoeBA5JZLQiU","Tree Service Express, Inc.",5.0,774,Tree service,"1766 Canova St SE, Palm Bay, FL 32909, United States","X9WJ+Q2 Palm Bay, Florida, USA",https://www.treeserviceexpress.com/,+1 321-237-3733,Open 24 hours,,https://lh3.googleusercontent.com/gps-cs-s/APNQkAEIyg1leYCUJ5u1EFHWlm7Ia1mRI7qNctwcuCcSZKCGxpgboay0CZzU7P4zBwwZK3Wk9HGiG7YFEFzQKRhlkCkojVk1SIismBYirUeTtaxMStx9ZF2kCR65HbPLla7lEDFWQu3hHzHQjbxt=w408-h481-k-no,true,Open 24 hours,Open 24 hours,Open 24 hours,Open 24 hours,Open 24 hours,Open 24 hours,Open 24 hours,"https://www.google.com/maps/search/tree+service+businesses+in+Titusville+Daytona+Beach+FL/@28.6080347,-80.8084112,14z",2026-04-29T05:25:48.346Z,,,
https://www.google.com/maps/place/Treesmith/data=!4m7!3m6!1s0x85c05627be657af3:0x4e7d9732cd4ee937!8m2!3d28.6171555!4d-80.8270094!16s%2Fg%2F11t7g7c087!19sChIJ83plvidWwIURN-lOzTKXfU4,Treesmith,3.0,2,Tree service,,,,+1 321-383-8733,Closed · Opens 8 am,,https://lh3.googleusercontent.com/gps-cs-s/APNQkAGUnO-Y9-sCyPQCHnlOMk3XqrMb15n6yIb5HK0Wil-rwkpMV63Up4xK3j22Po27TIflqQlkRzdXGBJcNTdJM5Lpl5QYdHjDQNDRh36e4MYpSWC2ri-WET0fqT0OHp5MNJIu7ytNTQ=w408-h306-k-no,true,8 am–8 pm,8 am–8 pm,8 am–8 pm,8 am–8 pm,Closed,8 am–8 pm,8 am–8 pm,"https://www.google.com/maps/search/tree+service+businesses+in+Titusville+Daytona+Beach+FL/@28.6080347,-80.8084112,14z",2026-04-29T05:25:52.549Z,,,
"https://www.google.com/maps/place/Luke+Vest+And+Associates+Inc./@28.5372261,-81.0329859,9z/data=!3m1!4b1!4m6!3m5!1s0x88e0b2b477a96da9:0x1fe4a278010f1bbc!8m2!3d28.5372261!4d-81.032986!16s%2Fg%2F11hb2wlm4h",Luke Vest And Associates Inc.,5.0,6,Tree service,,,,+1 321-698-6923,Open 24 hours,,,true,Open 24 hours,Open 24 hours,Open 24 hours,Open 24 hours,Open 24 hours,Open 24 hours,Open 24 hours,"https://www.google.com/maps/search/tree+service+businesses+in+Titusville+Daytona+Beach+FL/@28.6080347,-80.8084112,14z",2026-04-29T05:25:58.665Z,,,
https://www.google.com/maps/place/A+Landscape+to+Remember+LLC/data=!4m7!3m6!1s0x2455a4a546b3bf71:0xd0e6ef9a291f8868!8m2!3d28.5727185!4d-80.822587!16s%2Fg%2F11l6zmkhjw!19sChIJcb-zRqWkVSQRaIgfKZrv5tA,A Landscape to Remember LLC,,,Landscaper,,,,+1 321-289-8508,Closed · Opens 8 am,LGBTQ+ friendly,https://lh3.googleusercontent.com/gps-cs-s/APNQkAFgCBk0NidQTIjXq5hsV0KH46_3Y5zrBnhYZpAIqyTscA0Mi4DkPfyXHaq0T0nvUMo5JDWjpnWuREHevvDIzlliwsTNVL_58n-OWruHAyAQesuyTF2AYaOWvQ1FNo6B-9avlY9YxQ=w408-h408-k-no,true,8 am–8 pm,8 am–8 pm,8 am–8 pm,8 am–8 pm,Closed,8 am–8 pm,8 am–8 pm,"https://www.google.com/maps/search/tree+service+businesses+in+Titusville+Daytona+Beach+FL/@28.6080347,-80.8084112,14z",2026-04-29T05:26:02.917Z,,,
https://www.google.com/maps/place/Dusty+Rose+Antique+Mall/data=!4m7!3m6!1s0x88e0b32d0a1a3ccb:0xa291f4a6770a427f!8m2!3d28.6038311!4d-80.8075234!16s%2Fg%2F1tmz7rkv!19sChIJyzwaCi2z4IgRf0IKd6b0kaI,Dusty Rose Antique Mall,4.7,242,Antique store,"1101 S Washington Ave, Titusville, FL 32780, United States","J53R+GX Titusville, Florida, USA",https://www.facebook.com/dustyrose.antiquemall/,+1 321-567-4580,Closed · Opens 10 am,LGBTQ+ friendly,https://lh3.googleusercontent.com/gps-cs-s/APNQkAGRiCQU_o0GsopRrYp_iL8I8rmcSQAP7o8fzjxD0ebDvzKSGjEHUjQxTqT4JCf587Sq00VTNqVmBtOkK8UVgocDhWOLnFuDEwePOICf2XJDLCN9GrRjIwtenYBLgnrw72cjnKsvyA=w408-h306-k-no,true,10 am–5:30 pm,10 am–5:30 pm,10 am–5:30 pm,10 am–5:30 pm,10 am–5:30 pm,10 am–5:30 pm,10 am–5:30 pm,"https://www.google.com/maps/search/tree+service+businesses+in+Titusville+Daytona+Beach+FL/@28.6080347,-80.8084112,14z",2026-04-29T05:26:07.251Z,,,
https://www.google.com/maps/place/WW+Tree+Expert+Company/data=!4m7!3m6!1s0x88e0ad53bf6eb0e9:0xa8c4b45813c3411c!8m2!3d28.306727!4d-80.6861594!16s%2Fg%2F11fntdzzh1!19sChIJ6bBuv1Ot4IgRHEHDE1i0xKg,WW Tree Expert Company,4.9,27,Tree service,,,https://wwtreeexpert.com/,+1 321-302-5281,Open 24 hours,,https://lh3.googleusercontent.com/gps-cs-s/APNQkAE_Yyf4Ww9Wupb9B8UluCbrbRjbW0eAxROGl_SYt0AJg0qtM2Q4xiaJ1PFBMKToEI2unQATUC1-H870n9AqxVVminnixoosH0OT8sbwb3UW04iJyZTlzuu5Elxi5BwkBIDMaSK9wA=w427-h240-k-no,true,Open 24 hours,Open 24 hours,Open 24 hours,Open 24 hours,Open 24 hours,Open 24 hours,Open 24 hours,"https://www.google.com/maps/search/tree+service+businesses+in+Titusville+Daytona+Beach+FL/@28.6080347,-80.8084112,14z",2026-04-29T05:26:12.063Z,,,
https://www.google.com/maps/place/Keep+%27em+Runnin%27+LLC/data=!4m7!3m6!1s0x88e0b2ae2568678b:0xc43d94e7a896877a!8m2!3d28.558288!4d-80.8022611!16s%2Fg%2F1wf39fbz!19sChIJi2doJa6y4IgReoeWqOeUPcQ,Keep 'em Runnin' LLC,4.3,191,Lawn mower store,"4575 Capron Rd, Titusville, FL 32780, United States","H55X+83 Titusville, Florida, USA",https://www.keepemrunninllc.com/,+1 321-268-4024,Closed · Opens 8 am,Identifies as women-owned,https://lh3.googleusercontent.com/gps-cs-s/APNQkAEqKaEOLKuFBdIAEkQc_bigGpcmk4cFsaFSYb80hKaFCdN4yGFEhQU0gG-2eqKG1e8QlJVfwX4yZ_smTCJM0_kuzOAGDOwrNRPAjEvSF_Il0HaadY8YNpfZEX3SYpX8u0yWf530=w408-h306-k-no,true,8 am–5 pm,8 am–5 pm,8 am–5 pm,Closed,Closed,8 am–5 pm,8 am–5 pm,"https://www.google.com/maps/search/tree+service+businesses+in+Titusville+Daytona+Beach+FL/@28.6080347,-80.8084112,14z",2026-04-29T05:26:16.514Z,· In-store shopping · In-store pick-up · Delivery,,
https://www.google.com/maps/place/Loyd+Have+Mercy+Restaurant/data=!4m7!3m6!1s0x88e74ccfac49543f:0xb45c7f330f5ebb8!8m2!3d28.5769929!4d-80.799697!16s%2Fg%2F1tmz7rsh!19sChIJP1RJrM9M54gRuOv1MPPHRQs,Loyd Have Mercy Restaurant,4.6,2333,Southern restaurant (US),"3434 S Washington Ave, Titusville, FL 32780, United States","H6G2+Q4 Titusville, Florida, USA",http://www.loydhavemercy.com/,+1 321-269-1008,Closed · Opens 11 am,,https://lh3.googleusercontent.com/gps-cs-s/APNQkAFNnbIYa9a53na1Tq0Lgq3lAhTmA_hBlzTRzWzoNbXHOXgCInJTXvHTB-W2v4TPj4lIqu-G5JODBVr4vm3AB1ZlZCwyNKvEAfMiLIqpxcjU9Kuy6pGhaVtjZ0aeC-6_p2MAFuS51w=w408-h306-k-no,true,11 am–9 pm,11 am–9 pm,11 am–9 pm,11 am–9 pm,11 am–8 pm,Closed,11 am–9 pm,"https://www.google.com/maps/search/tree+service+businesses+in+Titusville+Daytona+Beach+FL/@28.6080347,-80.8084112,14z",2026-04-29T05:26:21.062Z,A menu of homestyle Southern fare like chitterlings & fried chicken served in laid-back environs. · Dine-in · Takeaway · No-contact delivery,true,
https://www.google.com/maps/place/Indian+River+RV+Park/data=!4m7!3m6!1s0x88e0b3344407d681:0xcefb997d77e67dd3!8m2!3d28.6130724!4d-80.8063223!16s%2Fg%2F11fjtb8wlk!19sChIJgdYHRDSz4IgR033md32Z-84,Indian River RV Park,4.7,224,,"5 Broad St, Titusville, FL 32796, United States","J57V+6F Titusville, Florida, USA",https://www.indianriverrvpark.com/,+1 321-267-3562,,,https://lh3.googleusercontent.com/gps-cs-s/APNQkAGC6d8P0isvWv8kcgxNPsrC3vAzeAbLMjAAkBBFyelhfvwWNgzGsjsAiYriP1ohdQ9CKSZcUv8WhHf-TyDqOdjF4wYfg4PqXAV32AqQgjJPwMpR91zzugex3OvZ51aV6tyvCrhX=w426-h240-k-no,true,,,,,,,,"https://www.google.com/maps/search/tree+service+businesses+in+Titusville+Daytona+Beach+FL/@28.6080347,-80.8084112,14z",2026-04-29T05:26:23.450Z,,,
https://www.google.com/maps/place/River+Palms/data=!4m7!3m6!1s0x88e0b2d6139a1e19:0xcb9d7ce045ea860!8m2!3d28.5922317!4d-80.8030476!16s%2Fg%2F11s4fd7jl1!19sChIJGR6aE9ay4IgRYKheBM7XuQw,River Palms,5.0,5,Condominium complex,"S Terrier Trail, Titusville, FL 32780, United States","H5RW+VQ Titusville, Florida, USA",,+1 321-848-8379,,,https://lh3.googleusercontent.com/gps-cs-s/APNQkAGAUbJenwBKp3s1-1SBZWGVrBKRi6JMIavQ6e9XSmkcUdKMhgolEs3DpZUTlxLE8IpkjVm6XGicb7Tm63sbDsIJUsorwaDF9DyM1O4SkLJuuF857DL5q6HflKGbY-YT8x7OY3UddA=w408-h544-k-no,false,,,,,,,,"https://www.google.com/maps/search/tree+service+businesses+in+Titusville+Daytona+Beach+FL/@28.6080347,-80.8084112,14z",2026-04-29T05:26:25.839Z,,,
https://www.google.com/maps/place/First+Response+Complete+Tree+Service+and+Property+Management/data=!4m7!3m6!1s0x88de0dbca523b621:0xb4249f9913369937!8m2!3d28.306727!4d-80.6861594!16s%2Fg%2F11pb9s4mzd!19sChIJIbYjpbwN3ogRN5k2E5mfJLQ,First Response Complete Tree Service and Property Management,4.9,65,Tree service,,,http://www.firstresponsects.com/,+1 321-549-1522,Open 24 hours,,https://lh3.googleusercontent.com/gps-cs-s/APNQkAFES0RXruWtybUZne5FRqAcA4TMlBToJO219Vio-fh6fo9kmG0aUYXCv8omQrJlCRvWGsA7IHx7RirArY5ceHJxOBMMVoC_7Xv05CjncsHlo_Fx_uV-kkPTrIKB8zZjQNorW0lkGrKQxVYl=w408-h544-k-no,true,Open 24 hours,Open 24 hours,Open 24 hours,Open 24 hours,Open 24 hours,Open 24 hours,Open 24 hours,"https://www.google.com/maps/search/tree+service+businesses+in+Titusville+Daytona+Beach+FL/@28.6080347,-80.8084112,14z",2026-04-29T05:26:30.133Z,,,
https://www.google.com/maps/place/Titusville+Area+Chamber+of+Commerce/data=!4m7!3m6!1s0x88e0b2d66589c8bf:0xb71b062f0e2d9b5f!8m2!3d28.6106946!4d-80.8081351!16s%2Fg%2F1tk1zw09!19sChIJv8iJZday4IgRX5stDi8GG7c,Titusville Area Chamber of Commerce,4.4,20,Chamber of Commerce,"419 S Hopkins Ave, Titusville, FL 32796, United States","J56R+7P Titusville, Florida, USA",http://www.titusville.org/,+1 321-348-4748,Closed · Opens 9 am,,https://lh3.googleusercontent.com/gps-cs-s/APNQkAHLWLMQEmZYNcqadSgnjP8D4dsVp0CYtoe-CaBsxuPd2nzdg_kxa4jdd6byhgv-qorSiJkYQdgG-76VqvEKmlvN_iUXPPuAKfHH1kJFUbT5-ogaiaScixaqHSDTRzxkBdSng_s=w426-h240-k-no,true,9 am–5 pm,9 am–5 pm,9 am–5 pm,9 am–5 pm,Closed,9 am–5 pm,9 am–5 pm,"https://www.google.com/maps/search/tree+service+businesses+in+Titusville+Daytona+Beach+FL/@28.6080347,-80.8084112,14z",2026-04-29T05:26:34.773Z,,,
"https://www.google.com/maps/place/Ibby+Carlile+LLC/@28.6193295,-80.8241196,13z/data=!3m1!4b1!4m6!3m5!1s0x2b30929b52bc73c9:0x419e0ccaae1aa706!8m2!3d28.6193295!4d-80.8241196!16s%2Fg%2F11rst7cksy",Ibby Carlile LLC,,,Pressure washing service,,,https://www.ibbycarlile.com/,+1 321-267-1596,Closed · Opens 8 am,,,true,8 am–6 pm,8 am–6 pm,8 am–12 pm,Closed,8 am–4 pm,8 am–12 am,"12–6 am, 8 am–6 pm","https://www.google.com/maps/search/tree+service+businesses+in+Titusville+Daytona+Beach+FL/@28.6080347,-80.8084112,14z",2026-04-29T05:26:40.977Z,,,
https://www.google.com/maps/place/Titusville+Antique+Mall/data=!4m7!3m6!1s0x88e0b3af28e0ea01:0x914980194cddffbb!8m2!3d28.5754105!4d-80.8031346!16s%2Fg%2F11j4fcc9wv!19sChIJAergKK-z4IgRu__dTBmASZE,Titusville Antique Mall,4.5,481,Antique store,"3550 S Washington Ave STE 1, Titusville, FL 32780, United States","H5GW+5P Titusville, Florida, USA",https://www.facebook.com/titusvilleantiquemall,+1 321-225-8663,Closed · Opens 10 am,,https://lh3.googleusercontent.com/gps-cs-s/APNQkAG3hje27Lo0vcLk0DLP9SeoBrw7cocNWS3IrQvh4ThbCpIa6RTTSRzGRKa2BAiXUv3BzHf7fCo8wPgKpGM1ywSE4pYgEMRQ3gvmmq-M9L-WOIdn3DCxeKXwUyGL90j5R30oQDD7s8L18COH=w408-h522-k-no,true,10 am–6 pm,10 am–6 pm,10 am–6 pm,10 am–6 pm,12–6 pm,10 am–6 pm,10 am–6 pm,"https://www.google.com/maps/search/tree+service+businesses+in+Titusville+Daytona+Beach+FL/@28.6080347,-80.8084112,14z",2026-04-29T05:26:45.509Z,,,
https://www.google.com/maps/place/Pat+Fischer+Collision+Center/data=!4m7!3m6!1s0x88e0b32d24710b55:0x4bc79ef2a5c185ff!8m2!3d28.6029693!4d-80.8092762!16s%2Fg%2F1hg4tqxgg!19sChIJVQtxJC2z4IgR_4XBpfKex0s,Pat Fischer Collision Center,4.6,68,Auto body shop,"1128 S Hopkins Ave, Titusville, FL 32780, United States","J53R+57 Titusville, Florida, USA",https://www.patfischernissan.com/collision-center?utm_source=google&utm_medium=organic&utm_campaign=gbp_collision_websitelink,+1 321-268-2000,Closed · Opens 7:30 am,,https://lh3.googleusercontent.com/gps-cs-s/APNQkAGuTTN6SWuXD4ZJHLnpxIl1X_SThi-VT-Nq_xZGL1KxIrQvqFP-grviRPvubnHjJ2JjEE42zUYwZ5sXp_A1qSkmAOY-XGJqynU-vBun3bs2qtTQ1jGGZ6_gy5HVMFZSBlwmx_ls=w408-h544-k-no,true,7:30 am–5 pm,7:30 am–5 pm,7:30 am–5 pm,Closed,Closed,7:30 am–5 pm,7:30 am–5 pm,"https://www.google.com/maps/search/tree+service+businesses+in+Titusville+Daytona+Beach+FL/@28.6080347,-80.8084112,14z",2026-04-29T05:26:50.252Z,,,
https://www.google.com/maps/place/CostlowTreeCare+./data=!4m7!3m6!1s0x88de1dfabfe56bd1:0x37205e06afb1b609!8m2!3d28.3200823!4d-80.6075943!16s%2Fg%2F11h3sms7rr!19sChIJ0Wvlv_od3ogRCbaxrwZeIDc,CostlowTreeCare .,4.8,41,Tree service,"Cocoa Beach, FL 32931, United States","89CR+2X Cocoa Beach, Florida, USA",,+1 321-987-3663,"Closed · Opens 8 am

Updated by others 6 days ago",,https://lh3.googleusercontent.com/gps-cs-s/APNQkAEQ9juii0SDgWA1ZwgTOcQ_HLAZYTamqN0MMxl-iEnz4hmRB81CMwSFob_41nkQsv250W3GcUREuTSf8B7iV5a_hNJlPXzpp3sPzYM-qO2bOP89Afi7JljLeaawCU_1b3je7SNnCA=w408-h544-k-no,false,8 am–6 pm,8 am–6 pm,8 am–6 pm,Closed,Open 24 hours,8 am–6 pm,8 am–6 pm,"https://www.google.com/maps/search/tree+service+businesses+in+Titusville+Daytona+Beach+FL/@28.6080347,-80.8084112,14z",2026-04-29T05:26:54.679Z,,,
https://www.google.com/maps/place/JACK+OF+ALL+TREES/data=!4m7!3m6!1s0x88e7355e0622c695:0xab65c3ba53fd408b!8m2!3d28.4931361!4d-81.646989!16s%2Fg%2F11r9w07nc2!19sChIJlcYiBl4154gRi0D9U7rDZas,JACK OF ALL TREES,5.0,54,Tree service,,,,+1 321-271-7322,Closed · Opens 8 am,,https://lh3.googleusercontent.com/gps-cs-s/APNQkAHQ3itfNfttTTYj5tJajwjYNkXN96bKoMd7eOKgYqS5J12Nqd35cI-ifqWIPm0l1TT1uIik_h5TBnZA921_f4MvULOnx5BWMTXUXt5JmWeUdLY3QckZDzxxis9hq-WNVloXud62=w408-h544-k-no,true,8 am–5 pm,8 am–5 pm,8 am–5 pm,9 am–5 pm,9 am–5 pm,8 am–5 pm,8 am–5 pm,"https://www.google.com/maps/search/tree+service+businesses+in+Titusville+Daytona+Beach+FL/@28.6080347,-80.8084112,14z",2026-04-29T05:26:59.297Z,,,
https://www.google.com/maps/place/D+%26+E+Pump+Sales+%26+Services/data=!4m7!3m6!1s0x88e0b2b6396dad4f:0x26050ad319322401!8m2!3d28.5693568!4d-80.802649!16s%2Fg%2F1vqthlrl!19sChIJT61tObay4IgRASQyGdMKBSY,D & E Pump Sales & Services,4.1,219,Well drilling contractor,"3833 S Hopkins Ave, Titusville, FL 32780, United States","H59W+PW Titusville, Florida, USA",http://www.depumpsales.com/,+1 321-267-8287,Closed · Opens 8 am,,https://lh3.googleusercontent.com/gps-cs-s/APNQkAGIeToU4nIBE9lvgkKwzVR7TRDwgHILeMZKQ-1YyooJRRUxqIWGmXc55fQz1ZKcWWGP8IPYqN3MsHDzM6iA7QghqMDMIM25pEc6_dILfXmxEYnb0ItplkhmZU14TE4zQkW2Ow0J=w408-h306-k-no,true,8 am–5 pm,8 am–5 pm,8 am–5 pm,8 am–12 pm,Closed,8 am–5 pm,8 am–5 pm,"https://www.google.com/maps/search/tree+service+businesses+in+Titusville+Daytona+Beach+FL/@28.6080347,-80.8084112,14z",2026-04-29T05:27:03.675Z,,,
"https://www.google.com/maps/place/Down+The+Road+Thrift,+Inc./data=!4m7!3m6!1s0x88de0391830fffff:0x7010128f288db0ca!8m2!3d28.5577002!4d-80.8008642!16s%2Fg%2F11f544h1mc!19sChIJ__8Pg5ED3ogRyrCNKI8SEHA","Down The Road Thrift, Inc.",4.5,99,Thrift store,"228 Cheney Hwy, Titusville, FL 32780, United States","H55X+3M Titusville, Florida, USA",https://downtheroadthrift.org/,+1 321-349-0134,Closed · Opens 10 am,Identifies as veteran-owned,https://lh3.googleusercontent.com/gps-cs-s/APNQkAGxI6CQPvIqgzYHwgTuEGWk6WAbEKqtCDMxj3t2Li-nWAlBkWBFLaoIi0TQu7XWXfjlZP5W2R9wPcKjlv12Co82wk6_giDzMpISzmhCtSPpokkfvhfblkB_-B7KeCDscEKDpjCT=w513-h240-k-no,true,10 am–4 pm,10 am–4 pm,10 am–4 pm,10 am–4 pm,11 am–3 pm,10 am–4 pm,10 am–4 pm,"https://www.google.com/maps/search/tree+service+businesses+in+Titusville+Daytona+Beach+FL/@28.6080347,-80.8084112,14z",2026-04-29T05:27:08.007Z,· In-store pick-up,,
https://www.google.com/maps/place/Harvest+Market/data=!4m7!3m6!1s0x88e74dba63d36317:0xebe50823f46ca129!8m2!3d28.6081084!4d-80.8180055!16s%2Fg%2F11syd3zwk7!19sChIJF2PTY7pN54gRKaFs9CMI5es,Harvest Market,4.9,118,Grocery store,"1306 South St, Titusville, FL 32796, United States","J55J+6Q Titusville, Florida, USA",https://www.shopharvestmarket.com/,+1 321-365-5734,Closed · Opens 10 am,,https://lh3.googleusercontent.com/gps-cs-s/APNQkAH9bKDPiVyHKyBO0gxsH_qlimAPnO2_HTXEsh92EyU1P8pNlkWN1uCkGZiOQ1jrjJYRlZ_qkHtQ0sxSbtRVteZwsCu5ML9_5KcXIo4LxW2MnENr5ihboi3SLYjoRi8G8dVHtD1g=w408-h544-k-no,false,10 am–7 pm,10 am–7 pm,10 am–7 pm,10 am–7 pm,10 am–3 pm,Closed,10 am–7 pm,"https://www.google.com/maps/search/tree+service+businesses+in+Titusville+Daytona+Beach+FL/@28.6080347,-80.8084112,14z",2026-04-29T05:27:12.332Z,,,
https://www.google.com/maps/place/Ulta+Beauty/data=!4m7!3m6!1s0x88e0b2d125690a75:0xa7c354a8998abda4!8m2!3d28.5867114!4d-80.8037348!16s%2Fg%2F11f4xcklj3!19sChIJdQppJdGy4IgRpL2KmahUw6c,Ulta Beauty,4.4,430,Cosmetics store,"2430 S Washington Ave Ste 101, Titusville, FL 32780, United States","H5PW+MG Titusville, Florida, USA",https://www.ulta.com/stores/titusville-fl-1155,+1 321-607-3748,,,https://lh3.googleusercontent.com/gps-cs-s/APNQkAFN6DwW3-jH-vAohQyVBdC2WWj99ENO-kAyj0zKPOBu_mQX4lKeamq8udjy13fszber8KQNHrqLWvyQ4gsOFw-6i_YPDHutKylQz0dhHZz7zrq1yuVouWoO-v8acSaif3ESn9Sy6m8XUnsl=w426-h240-k-no,true,,,,,,,,"https://www.google.com/maps/search/tree+service+businesses+in+Titusville+Daytona+Beach+FL/@28.6080347,-80.8084112,14z",2026-04-29T05:27:16.851Z,"Chain with a diverse selection of cosmetics & other beauty products, plus on-site salon services. · In-store shopping · Kerbside pickup · Delivery",,
https://www.google.com/maps/place/Joseph+Daniel%27s+Lawn+Care/data=!4m7!3m6!1s0x88e74d489dd502e9:0x6db38f011a579824!8m2!3d28.5727185!4d-80.822587!16s%2Fg%2F11c3wsyv55!19sChIJ6QLVnUhN54gRJJhXGgGPs20,Joseph Daniel's Lawn Care,5.0,3,Landscaper,,,,+1 321-890-9542,Closed · Opens 9 am,,https://lh3.googleusercontent.com/gps-cs-s/APNQkAEG846wv8QS3znLxRwIcRhCywigEXYiLgmnU9qfYnLv41niFKaeP0rHNY8vCUKVSiKa7kMrJPXSiyFqOuDB1fO5XFlhbuR79VDORVbg3K8HdiP7Be2IH78WAVVHiHBj4RQ5m0XmQQ=w408-h306-k-no,true,9 am–5 pm,9 am–5 pm,9 am–5 pm,9 am–5 pm,Closed,9 am–5 pm,9 am–5 pm,"https://www.google.com/maps/search/tree+service+businesses+in+Titusville+Daytona+Beach+FL/@28.6080347,-80.8084112,14z",2026-04-29T05:27:21.480Z,,,
https://www.google.com/maps/place/Garden+Street+Animal+Hospital/data=!4m7!3m6!1s0x88e74cc1cb042cc5:0x833733e4a474e182!8m2!3d28.6156815!4d-80.8310469!16s%2Fg%2F1tdzmcmg!19sChIJxSwEy8FM54gRguF0pOQzN4M,Garden Street Animal Hospital,4.6,443,Veterinarian,"2220 Garden St, Titusville, FL 32796, United States","J589+7H Titusville, Florida, USA",https://gardenstreetanimalhospital.com/,+1 321-267-4615,Closed · Opens 7:30 am,,https://lh3.googleusercontent.com/gps-cs-s/APNQkAF3S28uW4iIuBkxc29uX45khR_TgnqNPg7fcYmbRBKAtEZz3wAFf0VqlZauL4lPUQsb6QE9c2Wf_Hbg7ENLzP9lfOtZW7bpk6VxlAy5iVwYoQkPE1brDhpAG03KAy7KKP_c8-LUFQ=w408-h591-k-no,true,7:30 am–5:45 pm,7:30 am–5:45 pm,7:30 am–5:45 pm,Closed,Closed,7:30 am–5:45 pm,7:30 am–5:45 pm,"https://www.google.com/maps/search/tree+service+businesses+in+Titusville+Daytona+Beach+FL/@28.6080347,-80.8084112,14z",2026-04-29T05:27:25.779Z,,,
https://www.google.com/maps/place/Bent+Oak+Tree+Service+LLC/data=!4m7!3m6!1s0x88e753e09bb02377:0xaaa09b44a27dfbb9!8m2!3d28.306727!4d-80.6861594!16s%2Fg%2F11jx203xcw!19sChIJdyOwm-BT54gRuft9okSboKo,Bent Oak Tree Service LLC,4.6,19,Tree service,,,http://www.bentoakts.com/,+1 321-483-9178,Closed · Opens 7:30 am,,https://lh3.googleusercontent.com/gps-cs-s/APNQkAFUkXOizKVdiVAohq-FQLU0ouWIowYA5_2ILdT51-v8piIeEm9jrIXh7fADFXN84ysTGy5A3lAwkS79Uxd_p8rCjUl_3YPqF2w-qlJjXjku62KkzaxWTtPuuN6Smo_dJrn6xWYO=w427-h240-k-no,true,7:30 am–5:30 pm,7:30 am–5:30 pm,7:30 am–5:30 pm,7:30 am–5:30 pm,Closed,7:30 am–5:30 pm,7:30 am–5:30 pm,"https://www.google.com/maps/search/tree+service+businesses+in+Titusville+Daytona+Beach+FL/@28.6080347,-80.8084112,14z",2026-04-29T05:27:30.052Z,,,
https://www.google.com/maps/place/La+Cita+Golf+%26+Country+Club/data=!4m7!3m6!1s0x88e74d3302bb9551:0xedd564f08b806636!8m2!3d28.5745202!4d-80.8115351!16s%2Fg%2F1vn9pxn0!19sChIJUZW7AjNN54gRNmaAi_Bk1e0,La Cita Golf & Country Club,3.7,162,Country club,"777 Country Club Dr, Titusville, FL 32780, United States","H5FQ+R9 Titusville, Florida, USA",http://www.lacitacc.com/,+1 321-383-2582 ext. 2,,LGBTQ+ friendly,https://lh3.googleusercontent.com/gps-cs-s/APNQkAHN_LA5jlLn6cWYoS5swnG1Sx0tZTNcTZ8neepCSMaNiFoEDKLfsefkAQ6ubnekFyBwBZBQGqxovEPzgUcs0Z0i3YOsQu6iG_3a2ty_qTwA0is6OV9S_ISgGk5ZTku6OYzjh-DGFQ=w408-h271-k-no,true,Closed,5–8 pm,5–8 pm,5–8 pm,Closed,Closed,Closed,"https://www.google.com/maps/search/tree+service+businesses+in+Titusville+Daytona+Beach+FL/@28.6080347,-80.8084112,14z",2026-04-29T05:27:34.455Z,,,
https://www.google.com/maps/place/Ray%27s+Tree+Service/data=!4m7!3m6!1s0x88e70d0b8be30ec7:0x7ef75249c447a235!8m2!3d28.8104566!4d-81.3659825!16s%2Fg%2F1hc5ckn5v!19sChIJxw7jiwsN54gRNaJHxElS934,Ray's Tree Service,4.7,65,Tree service,"150 S Center Rd, Sanford, FL 32771, United States","RJ6M+5J Sanford, Florida, USA",https://www.callraystreeservice.com/,+1 407-326-4019,Open 24 hours,,https://lh3.googleusercontent.com/gps-cs-s/APNQkAGDSiJN4dXnLWP6PsANW_qaePb1T94C8e2ehFmWjYYnX7mgYnlP6e-J3eZS6dTgCfchmRrkc2w9vheK5RAzEHkBQBirn2OOTiTcQLZ4at0fTmQGWgR2EdlM_UgSY3Taczp5YTSU=w408-h544-k-no,true,Open 24 hours,Open 24 hours,Open 24 hours,Open 24 hours,Open 24 hours,Open 24 hours,Open 24 hours,"https://www.google.com/maps/search/tree+service+businesses+in+Sanford+Daytona+Beach+FL/@29.2071029,-81.0196796,14z",2026-04-29T05:27:54.762Z,,,
https://www.google.com/maps/place/Local+Land+and+Tree+%7C+Tree+Trimming+and+Tree+Removal+Service/data=!4m7!3m6!1s0xa7689df05537b5bf:0x7bc32b53a6957561!8m2!3d28.7894318!4d-81.3327481!16s%2Fg%2F11yds0qfpy!19sChIJv7U3VfCdaKcRYXWVplMrw3s,Local Land and Tree | Tree Trimming and Tree Removal Service,5.0,12,Tree service,"130 Wood Ridge Trail, Sanford, FL 32771, United States","QMQ8+QW Sanford, Florida, USA",http://localarborists.com/,+1 321-467-2188,Open 24 hours,Identifies as veteran-owned,https://lh3.googleusercontent.com/gps-cs-s/APNQkAHzfOrC6nds2TZUqh21YjBGfEIW4-1VIjws8uzNl6WwVYW-xTsJBhJgFQUEMw_0FjOMvqZ45jbp7HtaHmZU63RRHd06mupkqdU24ivUZiOx5mmZvnlML3UZkvLJFv1iBOjsAmmd3WbM3eU=w408-h396-k-no,true,Open 24 hours,Open 24 hours,Open 24 hours,Open 24 hours,Closed,Open 24 hours,Open 24 hours,"https://www.google.com/maps/search/tree+service+businesses+in+Sanford+Daytona+Beach+FL/@29.2071029,-81.0196796,14z",2026-04-29T05:28:18.273Z,,,
"https://www.google.com/maps/place/Trees+for+the+Fallen,+LLC/data=!4m7!3m6!1s0x88e73f1a6a4f42f5:0xc140eeb037cc86cb!8m2!3d28.84016!4d-81.090207!16s%2Fg%2F11pp9gm74l!19sChIJ9UJPaho_54gRy4bMN7DuQME","Trees for the Fallen, LLC",4.8,95,Tree service,,,https://www.treesforthefallen.com/,+1 321-578-2235,Closed · Opens 7 am,,https://lh3.googleusercontent.com/gps-cs-s/APNQkAFHSxNDMTcCs2DMMwnqvcoc6QSQyKeHKoE-WvJ0kXKwR1Bc3n5mfhbp0t7ZQaN4Qh924SVtpL5O0FCDsnfOcYLTJvEP_zhKpjol8aAL2mydAEXAUtNwpY9KSRXaGuWqz-hqEb-Y0q-XNhdk=w408-h544-k-no,true,7 am–5 pm,7 am–5 pm,7 am–5 pm,9 am–5 am,9 am–5 am,7 am–5 pm,7 am–5 pm,"https://www.google.com/maps/search/tree+service+businesses+in+Sanford+Daytona+Beach+FL/@29.2071029,-81.0196796,14z",2026-04-29T05:28:22.755Z,,,
"https://www.google.com/maps/place/Southeast+Waterproofing+and+Coatings,+LLC/data=!4m7!3m6!1s0x88e73ed2f6b43515:0xc08f42b62d7b9470!8m2!3d29.2120632!4d-81.0205713!16s%2Fg%2F11fll5_jd6!19sChIJFTW09tI-54gRcJR7LbZCj8A","Southeast Waterproofing and Coatings, LLC",4.8,20,Roofing contractor,"132 W International Speedway Blvd Suite 69, Daytona Beach, FL 32114, United States","6X6H+RQ Daytona Beach, Florida, USA",https://seroofer.com/,+1 321-225-0315,"Closed · Opens 7 am

Confirmed by this business 3 weeks ago",LGBTQ+ friendly,https://lh3.googleusercontent.com/gps-cs-s/APNQkAHKwB2lGNmqNUawBCJe8DEkYgYzqAS0z1zpzDNEeiJE6da4SsX8LyoToyULWWoK4QlrgP0FnYWaIJeHBnESMeEa9VtHuUDuO97KvO9nZhAnZUCYFm7f5OrSO09aQ54GSG_CAhd1=w408-h306-k-no,true,7 am–5 pm,7 am–5 pm,7 am–5 pm,Closed,Closed,7 am–5 pm,7 am–5 pm,"https://www.google.com/maps/search/tree+service+businesses+in+Sanford+Daytona+Beach+FL/@29.2071029,-81.0196796,14z",2026-04-29T05:28:27.205Z,,,
https://www.google.com/maps/place/Digital+Service+Solutions/data=!4m7!3m6!1s0xa83d0020aa525bd:0xccb2bb6813fb1d07!8m2!3d29.238398!4d-81.0201616!16s%2Fg%2F11lnswwvxx!19sChIJvSWlCgLQgwoRBx37E2i7ssw,Digital Service Solutions,5.0,2,Marketing agency,"840 N Halifax Ave #4, Daytona Beach, FL 32118, United States","6XQH+9W Daytona Beach, Florida, USA",https://digitalservicesolutions.co/,+1 904-514-2847,,LGBTQ+ friendly,https://streetviewpixels-pa.googleapis.com/v1/thumbnail?panoid=3Dic09XhUm-hJ8xA27-GXQ&cb_client=search.gws-prod.gps&w=408&h=240&yaw=67.09755&pitch=0&thumbfov=100,true,Open 24 hours,Open 24 hours,Open 24 hours,Open 24 hours,Open 24 hours,Open 24 hours,Open 24 hours,"https://www.google.com/maps/search/tree+service+businesses+in+Sanford+Daytona+Beach+FL/@29.2071029,-81.0196796,14z",2026-04-29T05:28:31.572Z,,,
https://www.google.com/maps/place/Top+Em+%26+Drop+Em+Tree+Solutions+and+Land+Management/data=!4m7!3m6!1s0x88e70de0b40308fb:0xe9d41192dc1e8618!8m2!3d28.888821!4d-81.310551!16s%2Fg%2F11mhd18q19!19sChIJ-wgDtOAN54gRGIYe3JIR1Ok,Top Em & Drop Em Tree Solutions and Land Management,4.8,20,Tree service,,,https://www.topemdropemsolutions.com/services/tree-service,+1 407-562-7093,Open 24 hours,,https://lh3.googleusercontent.com/gps-cs-s/APNQkAGHqXsm-hgCuaSH7j8HyqO9VFIW_TNqm0RgzxdazAgrVp3tkGWrgoSW9dNIFKlFuXb2s-W8kCjNCSI24pypRBKdZXOJuo7hD1uKITBkoIf8VwCzmADDJkaNVU_7dnqm2YotybE=w408-h309-k-no,true,Open 24 hours,Open 24 hours,Open 24 hours,Open 24 hours,Open 24 hours,Open 24 hours,Open 24 hours,"https://www.google.com/maps/search/tree+service+businesses+in+Sanford+Daytona+Beach+FL/@29.2071029,-81.0196796,14z",2026-04-29T05:28:35.791Z,,,
https://www.google.com/maps/place/Servello+%26+Son+Inc/data=!4m7!3m6!1s0x88e711f0f6941dff:0xa58b55166fa8fb99!8m2!3d28.8686162!4d-81.3265242!16s%2Fg%2F1tjcq82x!19sChIJ_x2U9vAR54gRmfuobxZVi6U,Servello & Son Inc,3.0,30,Landscaper,"261 Springview Commerce Dr, DeBary, FL 32713, United States","VM9F+C9 DeBary, Florida, USA",http://servelloandson.com/,+1 386-753-1100,Closed · Opens 7:30 am,,https://lh3.googleusercontent.com/gps-cs-s/APNQkAGaePl-vJ0d60OMMGdyw-XY9iLnPhHAPVA-Yu5AuNIfyjLNzmxckIg4xKs-RKbvw5INU8k_SAPqXwwZtdkrS2yPVEQNvaYfX5KFrgg1gyJvff5MP0H8odTn_9JnQgjZG-UzJJsP=w408-h271-k-no,true,7:30 am–4 pm,7:30 am–4 pm,7:30 am–4:30 pm,Closed,Closed,7:30 am–4 pm,7:30 am–4 pm,"https://www.google.com/maps/search/tree+service+businesses+in+DeBary+Daytona+Beach+FL/@28.8713443,-81.3289397,14z",2026-04-29T05:28:58.378Z,,,
https://www.google.com/maps/place/Trinity+Tree+Farm/data=!4m7!3m6!1s0x88e7121e3c715697:0x7e11b7065b406764!8m2!3d28.8583986!4d-81.321429!16s%2Fg%2F1tf6hgc1!19sChIJl1ZxPB4S54gRZGdAWwa3EX4,Trinity Tree Farm,5.0,1,Plant nursery,"558 S Charles Richard Beall Blvd, DeBary, FL 32713, United States","VM5H+9C DeBary, Florida, USA",,+1 386-320-0543,Closed · Opens 9 am,,https://streetviewpixels-pa.googleapis.com/v1/thumbnail?panoid=2Jxqu_CtxgZC-ngKlHCGhw&cb_client=search.gws-prod.gps&w=408&h=240&yaw=277.6587&pitch=0&thumbfov=100,false,9 am–4:30 pm,9 am–4:30 pm,9 am–4:30 pm,9 am–4:30 pm,Closed,9 am–4:30 pm,9 am–4:30 pm,"https://www.google.com/maps/search/tree+service+businesses+in+DeBary+Daytona+Beach+FL/@28.8713443,-81.3289397,14z",2026-04-29T05:29:02.993Z,,,
https://www.google.com/maps/place/Mid-Florida+Construction+Services+LLC/data=!4m7!3m6!1s0x88e711cb4c1ecca3:0x5f0ae50143b49b96!8m2!3d28.8813046!4d-81.3212782!16s%2Fg%2F11nnvy5xkl!19sChIJo8weTMsR54gRlpu0QwHlCl8,Mid-Florida Construction Services LLC,5.0,16,Construction company,"83 Smyrna Dr, DeBary, FL 32713, United States","VMJH+GF DeBary, Florida, USA",https://www.facebook.com/profile.php?id=100069233783703,+1 321-262-6618,Closed · Opens 7 am,,https://lh3.googleusercontent.com/gps-cs-s/APNQkAEXrAw5WUw9xq9aSILxisVfkCRex0l9BS_pWgJqzzpel6srCEkpN8riLECVz0wrQ48dfEOlCJh1g24jXqVWcg3xk0XXuBTJmGylg95SOaogK4iJoTllu_xbtQxYMykq1HsuhiEl=w408-h408-k-no,true,7 am–5 pm,7 am–5 pm,7 am–5 pm,9 am–12 pm,Closed,7 am–5 pm,7 am–5 pm,"https://www.google.com/maps/search/tree+service+businesses+in+DeBary+Daytona+Beach+FL/@28.8713443,-81.3289397,14z",2026-04-29T05:29:07.407Z,,,
"https://www.google.com/maps/place/4+Jays+Land+Services,+Inc.+MAIN+OFFICE/data=!4m7!3m6!1s0x88e71192af97ed87:0xb4fa769c99716eea!8m2!3d28.8712199!4d-81.3173293!16s%2Fg%2F1tgff5kv!19sChIJh-2Xr5IR54gR6m5xmZx2-rQ","4 Jays Land Services, Inc. MAIN OFFICE",5.0,1,Construction company,"74 Spring Vista Dr Suite 100, DeBary, FL 32713, United States","VMCM+F3 DeBary, Florida, USA",,+1 386-860-4355,Closed · Opens 9 am,,https://lh3.googleusercontent.com/gps-cs-s/APNQkAGnEor6PpOk18Jy_2ytQd7rT0CEJWR5rCt0FxQyLfek8LAs-EnwcXYJJiFoCXiP4trT-4viwiC_8GiOGES0JYYlbd7ZqSsLXPHM4kcXj-dYO09eXzpvU90F7Q1K405kwVcCVQRsIA=w408-h306-k-no,true,9 am–4 pm,9 am–4 pm,Closed,Closed,Closed,Closed,9 am–4 pm,"https://www.google.com/maps/search/tree+service+businesses+in+DeBary+Daytona+Beach+FL/@28.8713443,-81.3289397,14z",2026-04-29T05:29:11.715Z,,,
https://www.google.com/maps/place/Natalia%E2%80%99s+Garden+Center/data=!4m7!3m6!1s0x88e7134d47d3408d:0x602f06746ce2e8ed!8m2!3d28.8535896!4d-81.3216222!16s%2Fg%2F11h7s3qpcb!19sChIJjUDTR00T54gR7ejibHQGL2A,Natalia’s Garden Center,5.0,169,Garden center,"665 S Charles Richard Beall Blvd, DeBary, FL 32713, United States","VM3H+C9 DeBary, Florida, USA",http://www.nataliasgardencenter.com/,+1 386-561-3211,"Closed · Opens 9 am Thu

Updated by this business 8 weeks ago",,https://lh3.googleusercontent.com/gps-cs-s/APNQkAGlv6XUx0jEUiCbijA_8eshvapuM5gIVrm8_4XJeddwLRnCbg3cb_hJ5HX2ohkENBu_sbNVnKByyfqLJA7Z29UCr92O1CNZAYropE4cIp-YhQ2ftKNZdtr_Ifra6ONKM0GmdlmY=w408-h544-k-no,true,Closed,9 am–5 pm,9 am–5 pm,9 am–5 pm,9 am–3 pm,9 am–5 pm,9 am–5 pm,"https://www.google.com/maps/search/tree+service+businesses+in+DeBary+Daytona+Beach+FL/@28.8713443,-81.3289397,14z",2026-04-29T05:29:16.174Z,,,
https://www.google.com/maps/place/Cfl+Property+Preservation/data=!4m7!3m6!1s0x464e9f837b8a411b:0xf2ee55bfe3d8bd0!8m2!3d28.8896756!4d-81.172182!16s%2Fg%2F11ww6md0hz!19sChIJG0GKe4OfTkYR0Is9_lvlLg8,Cfl Property Preservation,4.7,15,Tree service,,,https://cfllandscaping.com/,+1 407-312-1773,Closed · Opens 7 am,,https://lh3.googleusercontent.com/gps-cs-s/APNQkAEOyzhxk53FgzkpcLjnpJ9b4BuLp5w4fvnqfIT04QGdhNRTj5Cb3E9za8VvEPyvxhyCN1CG7deiiPPZbZo3LQevBD-o4H4AZ_mqHXO8eR67MC6uNmdWW5L1c-ykoBqYAyl3NRtDSwN2cx5U=w408-h544-k-no,true,7 am–8 pm,7 am–8 pm,7 am–8 pm,7 am–2 pm,Closed,7 am–8 pm,7 am–8 pm,"https://www.google.com/maps/search/tree+service+businesses+in+DeBary+Daytona+Beach+FL/@28.8713443,-81.3289397,14z",2026-04-29T05:29:20.399Z,,,
https://www.google.com/maps/place/AAA+Tree+Services/data=!4m7!3m6!1s0x88e70d73520027c7:0x2246697d807c6224!8m2!3d28.8087723!4d-81.3615927!16s%2Fg%2F1tcyg8nw!19sChIJxycAUnMN54gRJGJ8gH1pRiI,AAA Tree Services,3.7,19,Tree service,"5640 Wayside Dr, Sanford, FL 32771, United States","RJ5Q+G9 Sanford, Florida, USA",,+1 407-339-5242,Closed · Opens 7 am,,https://lh3.googleusercontent.com/gps-cs-s/APNQkAFpVwJqHGA0NCUUrJYVDNXmUUa_Aq3jYWdBIqTei7Egx_JOvNfbiij1b1-jPTToJh20m_hJ8lnMoMo-YPz3KoDuOQykolZO-VefSfCwZbxepbh63OAfdwE9wbAksBb2oAcvFOZW=w426-h240-k-no,true,7 am–6 pm,7 am–6 pm,7 am–6 pm,Closed,Closed,7 am–6 pm,7 am–6 pm,"https://www.google.com/maps/search/tree+service+businesses+in+DeBary+Daytona+Beach+FL/@28.8713443,-81.3289397,14z",2026-04-29T05:29:25.059Z,,,
https://www.google.com/maps/place/Byers+Fence/data=!4m7!3m6!1s0x88e711c54a83ffff:0x94d2645d596676b3!8m2!3d28.8930374!4d-81.3287865!16s%2Fg%2F11hckr87r4!19sChIJ__-DSsUR54gRs3ZmWV1k0pQ,Byers Fence,4.6,118,Fence contractor,"39 Rosedown Blvd, DeBary, FL 32713, United States","VMVC+6F DeBary, Florida, USA",https://www.byersfence.com/,+1 386-457-2045,Closed · Opens 8 am,,https://lh3.googleusercontent.com/gps-cs-s/APNQkAGkdORJuBYZr3k1AYWB_06TqEqd2OYrP1qhjM9oLTuPb_J3abmvXVWZkm6EDhpmI6siqN7og-jtTHH96VlJWmcQbFqixmT7LkycAbog_eh0omtYhPbor9WE6hbY9TpNUQofdk0=w408-h272-k-no,true,8 am–5 pm,8 am–5 pm,8 am–5 pm,Closed,Closed,8 am–5 pm,8 am–5 pm,"https://www.google.com/maps/search/tree+service+businesses+in+DeBary+Daytona+Beach+FL/@28.8713443,-81.3289397,14z",2026-04-29T05:29:29.283Z,,,
https://www.google.com/maps/place/REW+Landscape+Corporation/data=!4m7!3m6!1s0x88e70d902dfca071:0x7c98127105de5d71!8m2!3d28.843366!4d-81.3210241!16s%2Fg%2F1tfstpxq!19sChIJcaD8LZAN54gRcV3eBXESmHw,REW Landscape Corporation,3.3,28,Landscape designer,"921 Old Deland Rd, DeBary, FL 32713, United States","RMVH+8H DeBary, Florida, USA",https://rewlandscape.com/,+1 407-328-9425,Closed · Opens 8 am,,https://lh3.googleusercontent.com/gps-cs-s/APNQkAE4OpvGIgx-x7WFkOaCrMN6BiGpypO5fWVjDJo_SOrzmqLg7ShvpHdZSCNc-BQqfyZeCBL_2GRe8gux45h1k9GBXCQwCdN0yyIWPCeu4IrQ9gNKJxkQJtLnR4_fAPAM_kTwpq4hbQ=w480-h240-k-no,true,8 am–5 pm,8 am–5 pm,8 am–5 pm,Closed,Closed,8 am–5 pm,8 am–5 pm,"https://www.google.com/maps/search/tree+service+businesses+in+DeBary+Daytona+Beach+FL/@28.8713443,-81.3289397,14z",2026-04-29T05:29:33.459Z,,,
https://www.google.com/maps/place/Enhanced+Outdoors+LLC/data=!4m7!3m6!1s0xa1103ba2bf6a3c43:0x6a7f4572d8cd30d1!8m2!3d28.8358765!4d-81.224351!16s%2Fg%2F11x5npy9wv!19sChIJQzxqv6I7EKER0TDN2HJFf2o,Enhanced Outdoors LLC,5.0,29,Landscaper,,,https://enhancedoutdoors.com/,+1 386-801-8826,Closed · Opens 8 am,,https://lh3.googleusercontent.com/gps-cs-s/APNQkAEXRT2aRQ6cZAwPrSegehcmZNuu-9fHFSnFq3D-x5SaZIThm98BzQUo8yZcQu97rJapwbiWjChJn4wxQsjJpBsBCVYa7orGbOEt5p5BKyjPzM63yDW0SzyXufrDbjdGzFMM1veqOJI5GTo=w408-h306-k-no,true,8 am–5 pm,8 am–5 pm,8 am–5 pm,Closed,Closed,8 am–5 pm,8 am–5 pm,"https://www.google.com/maps/search/tree+service+businesses+in+DeBary+Daytona+Beach+FL/@28.8713443,-81.3289397,14z",2026-04-29T05:29:37.742Z,,,
https://www.google.com/maps/place/RAMCO+TREE+SERVICES/data=!4m7!3m6!1s0x88e7137d6dd6d8b3:0xe81f73397c4ee9c1!8m2!3d28.8113315!4d-81.267176!16s%2Fg%2F11thwxpvdl!19sChIJs9jWbX0T54gRwelOfDlzH-g,RAMCO TREE SERVICES,4.0,7,Tree service,"110 Magnolia Ave, Sanford, FL 32771, United States","RP6M+G4 Sanford, Florida, USA",http://ramcotree.com/,+1 321-389-5053,Closed · Opens 7 am,,https://lh3.googleusercontent.com/gps-cs-s/APNQkAE0lsVUnFkzkO_V3Q_q-uFyIhWGxJ6zs2ax_yI8Wt2muhH9O062o05DX7YKamnF0WueiTfH8c1CzMPHot2mAPN6tuQZir7kJZgv-lkPJsQE9deLLKx8jiHu2R66RiPGX7ThaXMWqQ=w432-h240-k-no,true,7 am–7 pm,7 am–7 pm,7 am–7 pm,7 am–5 pm,Closed,7 am–7 pm,7 am–7 pm,"https://www.google.com/maps/search/tree+service+businesses+in+DeBary+Daytona+Beach+FL/@28.8713443,-81.3289397,14z",2026-04-29T05:29:42.074Z,,,
https://www.google.com/maps/place/R.+Kuybus+Painting/data=!4m7!3m6!1s0x88e70d050e8aa841:0x8d76d00a4ea15eb2!8m2!3d28.851068!4d-81.3425002!16s%2Fg%2F11fk1lpy98!19sChIJQaiKDgUN54gRsl6hTgrQdo0,R. Kuybus Painting,5.0,1,Painter,"145 Oak Tree Dr, DeBary, FL 32713, United States","VM24+CX DeBary, Florida, USA",https://rkuybuspainting.com/,+1 407-314-2141,Open 24 hours,,https://lh3.googleusercontent.com/gps-cs-s/APNQkAF-pnUh5ta-DDZe0z8FwcToJgoQjdmfyQrOEW16s4Jk9CA1xIEAGCWUxDqDOKo4ocvqrQpUyvQ9v4oxhb_LXtuj0zGskp3A4DVsmkkhHd7nEsMHFANuzRj0w7v8UhnUhT6IMKjfXw=w426-h240-k-no,true,Open 24 hours,Open 24 hours,Open 24 hours,Open 24 hours,Open 24 hours,Open 24 hours,Open 24 hours,"https://www.google.com/maps/search/tree+service+businesses+in+DeBary+Daytona+Beach+FL/@28.8713443,-81.3289397,14z",2026-04-29T05:29:46.557Z,,,
https://www.google.com/maps/place/The+Brothers+That+Just+Do+Gutters/data=!4m7!3m6!1s0x88e713a178127841:0xa070a9789130f5d9!8m2!3d28.8457273!4d-81.320322!16s%2Fg%2F11trs03l_8!19sChIJQXgSeKET54gR2fUwkXipcKA,The Brothers That Just Do Gutters,4.9,144,Gutter service,"881 S Charles Richard Beall Blvd Unit. 101, DeBary, FL 32713, United States","RMWH+7V DeBary, Florida, USA",https://deltona.brothersgutters.com/?utm_source=GMB&utm_medium=organic?utm_source=GMB&utm_medium=organic,+1 321-234-9064,Closed · Opens 8 am,Identifies as veteran-owned,https://lh3.googleusercontent.com/gps-cs-s/APNQkAGkA5ShfEw9oUKvVtNZPKy-BX372t8t8bAwRzkHXUyGBtflmf9YS6Z4_uV6a1NyxluYgBIzuD2g14BP3sdOeR2TnLD5q6l743qANmLpcVCEWZ-Jgq8vR5USZ0bE0YdcOxMQrKcgtA=w408-h307-k-no,true,8 am–4 pm,8 am–4 pm,8 am–4 pm,Closed,Closed,8 am–4 pm,8 am–4 pm,"https://www.google.com/maps/search/tree+service+businesses+in+DeBary+Daytona+Beach+FL/@28.8713443,-81.3289397,14z",2026-04-29T05:29:50.974Z,,,
https://www.google.com/maps/place/Green+For+Miles+Lawn+Care+%26+Pressure+Washing/data=!4m7!3m6!1s0x88e711997ac6e49b:0xaa2609cd35578e19!8m2!3d29.0214816!4d-81.172182!16s%2Fg%2F1z449zyf5!19sChIJm-TGepkR54gRGY5XNc0JJqo,Green For Miles Lawn Care & Pressure Washing,4.7,66,Lawn care service,,,http://www.greenformiles.com/,+1 407-353-2486,Closed · Opens 8 am,,https://lh3.googleusercontent.com/gps-cs-s/APNQkAHvXQLsNdc75JtKpklREHOXQKpL0UIrrLs4Sz5EOa-CcrBY_KZlpLHU0VVgrpDdTqAMzAr9h9FGAEPDWZnsI6-lOVMcdfHPM1nn5UgAFGERwckVaEQ4y1My06uydnltKKb2ocE=w408-h306-k-no,true,8 am–8 pm,8 am–8 pm,8 am–8 pm,9 am–8 pm,9 am–4 pm,8 am–8 pm,8 am–8 pm,"https://www.google.com/maps/search/tree+service+businesses+in+DeBary+Daytona+Beach+FL/@28.8713443,-81.3289397,14z",2026-04-29T05:29:55.290Z,,,
"https://www.google.com/maps/place/All+American+Tree+Service,+LLC/data=!4m7!3m6!1s0x88e7133655ecc61f:0xebcdac95b671adac!8m2!3d28.7867624!4d-81.275377!16s%2Fg%2F11h8cnvcsk!19sChIJH8bsVTYT54gRrK1xtpWszes","All American Tree Service, LLC",4.2,10,Tree service,,,,+1 407-855-6744,Open 24 hours,,https://lh3.googleusercontent.com/gps-cs-s/APNQkAHtvLBSYF0oFxtQx9u5sRVyENaOYqaoSWHDjKpoEJbYqjtLfBEhOwtLhdTb2_aCFZXHX7a02AUp4lC4h2XbK8rQU8StM2mLVTYzmP1QQJpFKmrw3RIHZyY7DOLn1AehTYaKZyFGkg=w408-h306-k-no,true,Open 24 hours,Open 24 hours,Open 24 hours,Open 24 hours,Open 24 hours,Open 24 hours,Open 24 hours,"https://www.google.com/maps/search/tree+service+businesses+in+DeBary+Daytona+Beach+FL/@28.8713443,-81.3289397,14z",2026-04-29T05:29:59.616Z,,,
https://www.google.com/maps/place/Superior+Ideas+Tree+%26+Ground/data=!4m7!3m6!1s0x88e7110af9d74fe7:0xfd65f943cfb7624e!8m2!3d28.8832838!4d-81.2938352!16s%2Fg%2F1tfjx2xb!19sChIJ50_X-QoR54gRTmK3z0P5Zf0,Superior Ideas Tree & Ground,4.0,4,Tree service,"60 Bonita Rd, DeBary, FL 32713, United States","VPM4+8F DeBary, Florida, USA",http://www.superiorideasinc.com/,+1 386-668-3605,Temporarily closed,,https://streetviewpixels-pa.googleapis.com/v1/thumbnail?panoid=pHk0J9zYM-ZCHhbuhxJ72A&cb_client=search.gws-prod.gps&w=408&h=240&yaw=323.60385&pitch=0&thumbfov=100,false,,,,,,,,"https://www.google.com/maps/search/tree+service+businesses+in+DeBary+Daytona+Beach+FL/@28.8713443,-81.3289397,14z",2026-04-29T05:30:04.089Z,,,
https://www.google.com/maps/place/Mini+Moe%27s+Tree+Service/data=!4m7!3m6!1s0x88e782dbe093d447:0x2e92ea8552a9584a!8m2!3d28.9807593!4d-81.246699!16s%2Fg%2F11dxkht9yy!19sChIJR9ST4NuC54gRSlipUoXqki4,Mini Moe's Tree Service,4.9,47,Tree service,"308 Church St, Lake Helen, FL 32744, United States","XQJ3+88 Lake Helen, Florida, USA",,+1 321-239-6767,Open 24 hours,,https://lh3.googleusercontent.com/gps-cs-s/APNQkAGqdZWl2QJeMNGI1JZIjQUC2T2AjCWeSnGLBlonPLwn1V8xxUhfRCZWKOKlcgeGZZrYsbsZWPiM6OGz9zLA7u8oZ576EOmNss7pCYW_fPEOwxOrmTBEocGWqOmsJB2o8xd-2XK4pQ=w408-h544-k-no,true,Open 24 hours,Open 24 hours,Open 24 hours,Open 24 hours,Open 24 hours,Open 24 hours,Open 24 hours,"https://www.google.com/maps/search/tree+service+businesses+in+Lake+Helen+Daytona+Beach+FL/@28.9808195,-81.2333936,14z",2026-04-29T05:30:23.619Z,,,
https://www.google.com/maps/place/J.F.+PRO+SERVICES+LLC/data=!4m7!3m6!1s0x99a5b4b5f9811eb:0xa8be5ff31d6ee20a!8m2!3d28.9622623!4d-81.2222862!16s%2Fg%2F11yxfc65hk!19sChIJ6xGYX0tbmgkRCuJuHfNfvqg,J.F. PRO SERVICES LLC,5.0,13,Forestry service,"1280 Lake Helen Osteen Rd, Lake Helen, FL 32744, United States","XQ6H+W3 Lake Helen, Florida, USA",https://www.jfproservices.com/,+1 386-259-0284,"Open 24 hours

Confirmed by this business 12 weeks ago",LGBTQ+ friendly,https://lh3.googleusercontent.com/gps-cs-s/APNQkAGYAfyKySR9gutvK1Dlepq8GanaeCAIIejOH0P3kq0BRU_oXiqrKZgCG-DBmMS6NBL2dZkiN3Df9zmgxzsPKRm0B3_oUlcaFWy3wP7F_KQ1zuiyLLOCn1vBH8in3PFRqzzs5WE3pfiFowYC=w408-h306-k-no,true,Open 24 hours,Open 24 hours,Open 24 hours,Open 24 hours,Open 24 hours,Open 24 hours,Open 24 hours,"https://www.google.com/maps/search/tree+service+businesses+in+Lake+Helen+Daytona+Beach+FL/@28.9808195,-81.2333936,14z",2026-04-29T05:30:28.128Z,,,
https://www.google.com/maps/place/No+Bad+Trees/data=!4m7!3m6!1s0x88e719c752039929:0x18918f95af3d4508!8m2!3d29.005117!4d-81.229405!16s%2Fg%2F11cjk915k2!19sChIJKZkDUscZ54gRCEU9r5WPkRg,No Bad Trees,4.6,7,Tree service,"160 North Ave, Lake Helen, FL 32744, United States","2Q4C+26 Lake Helen, Florida, USA",,+1 386-747-3656,,,https://lh3.googleusercontent.com/gps-cs-s/APNQkAHMXtgd817u2N8ZpqRth9iZBuDrttqWIg15Oq5imerqZctT2au9U8EkLDh4gcrFxm281w-NkkyU3Hpm4X2ikbCzSdfxmFPsIrtmPXh9u29JUkTjwh04yKQFG4SrQtW-ujf6rKc0ZQ=w426-h240-k-no,true,,,,,,,,"https://www.google.com/maps/search/tree+service+businesses+in+Lake+Helen+Daytona+Beach+FL/@28.9808195,-81.2333936,14z",2026-04-29T05:30:30.661Z,,,
"https://www.google.com/maps/place/Comly%27s+Stump+Grinding,+LLC/data=!4m7!3m6!1s0x88e71999d8488be5:0x3bbf205d83071105!8m2!3d28.9892991!4d-81.2434728!16s%2Fg%2F1tsjfgct!19sChIJ5YtI2JkZ54gRBREHg10gvzs","Comly's Stump Grinding, LLC",5.0,24,Tree service,"371 N Goodwin St, Lake Helen, FL 32744, United States","XQQ4+PJ Lake Helen, Florida, USA",http://www.comlysstumpgrinding.com/,+1 386-801-5159,,,https://streetviewpixels-pa.googleapis.com/v1/thumbnail?panoid=7AlBWj3Q6LfmuvViXNBKlA&cb_client=search.gws-prod.gps&w=408&h=240&yaw=104.95653&pitch=0&thumbfov=100,false,,,,,,,,"https://www.google.com/maps/search/tree+service+businesses+in+Lake+Helen+Daytona+Beach+FL/@28.9808195,-81.2333936,14z",2026-04-29T05:30:32.930Z,,,
https://www.google.com/maps/place/Dirt+Dynamics/data=!4m7!3m6!1s0x2e533090906e94d7:0xb149e3f094e4caa2!8m2!3d34.336097!4d-78.1030389!16s%2Fg%2F11yylqq_1g!19sChIJ15RukJAwUy4RosrklPDjSbE,Dirt Dynamics,5.0,29,Excavating contractor,,,https://dirtdynamicsfl.com/,+1 386-457-8785,Open 24 hours,LGBTQ+ friendly,https://lh3.googleusercontent.com/gps-cs-s/APNQkAGgxzpLz1zYs2TJMCBMaybemH6GgEixURRilBtOeCPyQ7avH1DKajhMekPSTjXbyqONoVmj9BrZVnaJXI5A2NpFe4jYB-SAu2_kVAWpdPlXXs2_ePmQK2VGM26QEiQFXgIJylp1-FZHHfA=w408-h544-k-no,true,Open 24 hours,Open 24 hours,Open 24 hours,Open 24 hours,Open 24 hours,Open 24 hours,Open 24 hours,"https://www.google.com/maps/search/tree+service+businesses+in+Lake+Helen+Daytona+Beach+FL/@28.9808195,-81.2333936,14z",2026-04-29T05:30:37.118Z,,true,
https://www.google.com/maps/place/The+Reid+Farm/data=!4m7!3m6!1s0x88e71b32b45d0013:0x47ce2ea298241566!8m2!3d28.975997!4d-81.256237!16s%2Fg%2F11jwcqk6n0!19sChIJEwBdtDIb54gRZhUkmKIuzkc,The Reid Farm,4.9,133,Plant nursery,"2670 San Juan St, DeLand, FL 32724, United States","XPGV+9G DeLand, Florida, USA",http://www.thereidfarm.com/,+1 407-929-2892,Closed · Opens 10 am Fri,,https://lh3.googleusercontent.com/gps-cs-s/APNQkAGAl_ZquQXe5rM9Klo1tLXZ9GcOpHbZ-WV4ftliOW0VKSUDAXX8JDr-FSOvqTvJJsxAtPU7118LbKvjoIryW3SziMGxVkf7af9rPLAz0Z7QA_rLzhim9bgolrZ8cC-4pBgqMhAv=w408-h495-k-no,true,Closed,Closed,10 am–4 pm,10 am–4 pm,10 am–4 pm,Closed,Closed,"https://www.google.com/maps/search/tree+service+businesses+in+Lake+Helen+Daytona+Beach+FL/@28.9808195,-81.2333936,14z",2026-04-29T05:30:41.479Z,,,
"https://www.google.com/maps/place/ShadowCat+Services,+Inc./data=!4m7!3m6!1s0x88e773d3bf0306a5:0xf9206a49f18ecef6!8m2!3d29.15145!4d-81.6174675!16s%2Fg%2F11b6t49qv6!19sChIJpQYDv9Nz54gR9s6O8UlqIPk","ShadowCat Services, Inc.",5.0,122,Tree service,,,https://www.shadowcatservices.com/?y_source=1_MTQ4NjU4NzQtNzE1LWxvY2F0aW9uLndlYnNpdGU%3D,+1 407-312-9075,Closed · Opens 8 am,,https://lh3.googleusercontent.com/gps-cs-s/APNQkAHzFCqM4fAghZLxXhhrLsrK5Q-NH0FFrRb4lR6wcgWiJhzsyFDhgT4DIT8s9quY_xAWz7A8A9aISJbsaz1s1CGnPgTVpw_Puy6RkV3z1G61PlMUYcsT8eXmDxEEiRqbH7ON9dGj=w493-h240-k-no,true,8 am–6:30 pm,8 am–6:30 pm,8 am–6:30 pm,8 am–6:30 pm,8 am–6:30 pm,8 am–6:30 pm,8 am–6:30 pm,"https://www.google.com/maps/search/tree+service+businesses+in+Lake+Helen+Daytona+Beach+FL/@28.9808195,-81.2333936,14z",2026-04-29T05:30:45.752Z,,,
"https://www.google.com/maps/place/Infinity+Lawn+Services+LLC/@28.9682351,-81.2621657,17z/data=!3m1!4b1!4m6!3m5!1s0x88e711e7179c0e47:0x708b313329348846!8m2!3d28.9682351!4d-81.2621657!16s%2Fg%2F11mpcp4_g5",Infinity Lawn Services LLC,4.8,56,Lawn care service,"2105 Canopy Ter Blvd, DeLand, FL 32724, United States","XP9Q+74 DeLand, Florida, USA",http://infinitylawnservices.com/,+1 386-490-0313,Closed · Opens 7 am,,,true,7 am–7 pm,7 am–7 pm,7 am–7 pm,Closed,Closed,7 am–7 pm,7 am–7 pm,"https://www.google.com/maps/search/tree+service+businesses+in+Lake+Helen+Daytona+Beach+FL/@28.9808195,-81.2333936,14z",2026-04-29T05:30:51.983Z,,,
https://www.google.com/maps/place/Out+The+Dirt+LLC/data=!4m7!3m6!1s0x88e71900350d204d:0x4d44fe673e731f79!8m2!3d28.9916619!4d-81.2157796!16s%2Fg%2F11vsrs7dnh!19sChIJTSANNQAZ54gReR9zPmf-RE0,Out The Dirt LLC,5.0,18,Plant nursery,"871 Lake Pearl Dr, Lake Helen, FL 32744, United States","XQRM+MM Lake Helen, Florida, USA",,+1 386-215-7909,,Identifies as women-owned,https://lh3.googleusercontent.com/gps-cs-s/APNQkAEf5uJaQvRHE5T5bw5nIIdl-iZMHYVGUlROZpIs4KG_MoX8iSJ2OaOvesC3j4ZWNi4yv-FOf6tTtxdNxM0v9k5X80wmpPHU7qapsLzm5l_plY69OpEBSVvJe4JHlQD-dFgTTCb9Kpc1Jfiz=w408-h306-k-no,true,Closed,Closed,Closed,10 am–2 pm,10 am–2:30 pm,Closed,Closed,"https://www.google.com/maps/search/tree+service+businesses+in+Lake+Helen+Daytona+Beach+FL/@28.9808195,-81.2333936,14z",2026-04-29T05:30:56.653Z,,,
"https://www.google.com/maps/place/Arbor+Enthusiasts,+LLC/data=!4m7!3m6!1s0x88e7193d7870c513:0x6d07d5b0c9f17c93!8m2!3d46.423669!4d-129.9427086!16s%2Fg%2F11j7dr2z_4!19sChIJE8VweD0Z54gRk3zxybDVB20","Arbor Enthusiasts, LLC",5.0,32,Tree service,,,https://www.facebook.com/ArborEnthusiasts,+1 407-416-4696,Closed · Opens 6 am,,https://lh3.googleusercontent.com/gps-cs-s/APNQkAHEyRlVez3iNvUN3E3R__I35w2BhAbxkTWbi5SdSbLnLeE7-ng7ohSIUyQ4TVCiKslFffTOss80yEd--98umvUluPS_OlbANsFHNqpuQIX4K5WwlF0rjFadCq2KjyriCwxtmCz50qtk3BrS=w408-h408-k-no,true,6 am–8 pm,6 am–8 pm,6 am–8 pm,6 am–8 pm,Closed,6 am–8 pm,6 am–8 pm,"https://www.google.com/maps/search/tree+service+businesses+in+Lake+Helen+Daytona+Beach+FL/@28.9808195,-81.2333936,14z",2026-04-29T05:31:00.832Z,,,
https://www.google.com/maps/place/ABC+Excavating/data=!4m7!3m6!1s0x88e7198cfd7b0d6f:0xb20f769a570646f2!8m2!3d28.9721532!4d-81.2435947!16s%2Fg%2F1tj976_r!19sChIJbw17_YwZ54gR8kYGV5p2D7I,ABC Excavating,5.0,2,Excavating contractor,"792 Oak Tree Ln, Lake Helen, FL 32744, United States","XQC4+VH Lake Helen, Florida, USA",,+1 386-228-0311,,,https://lh3.googleusercontent.com/gps-cs-s/APNQkAFfuCgFmIC84qutGH0wa-3rk3_dyENHPkdfNkgbjRp5nv7VGdF8kLhKGls4fZ8fwJWpioOCGyO6pheXWmoerc2ljYu1FX18BpcU5MQb_oaDCDcvC2lbLP4t6vdo4vEp9Ch6rGlgLw=w408-h544-k-no,false,,,,,,,,"https://www.google.com/maps/search/tree+service+businesses+in+Lake+Helen+Daytona+Beach+FL/@28.9808195,-81.2333936,14z",2026-04-29T05:31:02.993Z,,,
https://www.google.com/maps/place/Feral+Ranch/data=!4m7!3m6!1s0x88e71951c6caab23:0x3ce2cdf8ed116676!8m2!3d28.9718013!4d-81.1989269!16s%2Fg%2F11yj6h8x5j!19sChIJI6vKxlEZ54gRdmYR7fjN4jw,Feral Ranch,5.0,67,Farm,"840 Pineda Rd, Lake Helen, FL 32744, United States","XRC2+PC Lake Helen, Florida, USA",http://feralranch.org/,+1 386-747-8350,Closed · Opens 9 am Sat,LGBTQ+ friendly,https://lh3.googleusercontent.com/gps-cs-s/APNQkAHly7O5UOn9wc0BX5xogMKmWmOkRhY_iCUk3jA5GKb0xzXEZRYtbSuBj0-XmvSIyMBC6HkvwtN5yT-Nj9Lx6DgAsVZBp9ywCJlKIQtdR6RnOSkHZGUzKDPoinaW5oKHFxXwC07mHE942bY8=w408-h544-k-no,true,Closed,Closed,Closed,9 am–5 pm,9 am–5 pm,Closed,Closed,"https://www.google.com/maps/search/tree+service+businesses+in+Lake+Helen+Daytona+Beach+FL/@28.9808195,-81.2333936,14z",2026-04-29T05:31:07.349Z,,,
https://www.google.com/maps/place/O%27Donnell+Landscaping+Inc./data=!4m7!3m6!1s0x88e71a4941f74045:0x57d4942dd5b14f25!8m2!3d29.0447805!4d-81.1749956!16s%2Fg%2F1tgd7btm!19sChIJRUD3QUka54gRJU-x1S2U1Fc,O'Donnell Landscaping Inc.,4.6,18,Landscaper,,,https://www.landscapingdeland.com/,+1 386-338-0694,Closed · Opens 7 am,,https://lh3.googleusercontent.com/gps-cs-s/APNQkAGJb8PnVc5LlEX7gu6bTsDQPAip7l3EnDt1FJhUUAzhhM2gESSHcz3pGECmQ9hx74LV5MSKqCZZgXH6v14OhxKaLlYFz7dkyLNCMlsm9LB3McXpiXZW7m7y5C8IqHncbSiyp34=w408-h306-k-no,true,7 am–5 pm,7 am–5 pm,7 am–5 pm,Closed,Closed,7 am–5 pm,7 am–5 pm,"https://www.google.com/maps/search/tree+service+businesses+in+Lake+Helen+Daytona+Beach+FL/@28.9808195,-81.2333936,14z",2026-04-29T05:31:11.685Z,,,
https://www.google.com/maps/place/KC+plants/data=!4m7!3m6!1s0x88e71b316c71e975:0x3265ad50616b1391!8m2!3d28.97507!4d-81.2573469!16s%2Fg%2F11ks33tchp!19sChIJdelxbDEb54gRkRNrYVCtZTI,KC plants,5.0,1,Plant nursery,"2661 San Juan St, DeLand, FL 32724, United States","XPGV+23 DeLand, Florida, USA",https://m.facebook.com/people/KC-plants/100063988515366/,+1 386-414-1876,,,https://lh3.googleusercontent.com/gps-cs-s/APNQkAHPCn3oZV-TC46XDoHD6FN-iZ1RZ4LvDKBUMWSiotMYpAlZQ_NTymSLiyLGDi-UFssYKkdNFoLlvGIDegAM0r3tRM1tUje_CKD9TFaxjnUwBmyLqMYS8GnF1r-scTY8TqS14A_k=w408-h306-k-no,true,,,,,,,,"https://www.google.com/maps/search/tree+service+businesses+in+Lake+Helen+Daytona+Beach+FL/@28.9808195,-81.2333936,14z",2026-04-29T05:31:13.858Z,,,
https://www.google.com/maps/place/D%26Y+Sunshine+State+Services+Corp./data=!4m7!3m6!1s0x88e719b1d20644ab:0x7f094917dabb896a!8m2!3d28.9878709!4d-81.2404995!16s%2Fg%2F11y68c3bqh!19sChIJq0QG0rEZ54gRaom72hdJCX8,D&Y Sunshine State Services Corp.,5.0,2,Demolition contractor,"260 N Summit Ave, Lake Helen, FL 32744, United States","XQQ5+4R Lake Helen, Florida, USA",https://www.demolitionsunshinestate.com/,+1 386-804-3798,Closed · Opens 7 am,,https://lh3.googleusercontent.com/gps-cs-s/APNQkAEFNb810JtXx2LXZR_QZOYq7L_XfvV4M3v886yy1xN7SZNTQpM_T9IB2P9h79ssMcWUcyhijiNuzW-Shx7bGHpmhusrdCDD0jYwxG9brRaNq7HOWePH6XxLNAc7i1PvGtBnfi0=w408-h306-k-no,true,7 am–5 pm,7 am–5 pm,7 am–5 pm,Closed,Closed,7 am–5 pm,7 am–5 pm,"https://www.google.com/maps/search/tree+service+businesses+in+Lake+Helen+Daytona+Beach+FL/@28.9808195,-81.2333936,14z",2026-04-29T05:31:18.854Z,,,
https://www.google.com/maps/place/Plant+Source+of+Florida/data=!4m7!3m6!1s0x88e717dfc811242f:0xadca3bf4d8a7ac4b!8m2!3d28.9657131!4d-81.1878158!16s%2Fg%2F11g8dh7h5n!19sChIJLyQRyN8X54gRS6yn2PQ7yq0,Plant Source of Florida,4.6,5,Plant nursery,"2910 Apaloosa Trail, Deltona, FL 32738, United States","XR86+7V Deltona, Florida, USA",http://www.plantsource.co/,+1 386-279-9797,Closed · Opens 7 am,,https://lh3.googleusercontent.com/gps-cs-s/APNQkAFoBnU6lcagut3YRr1bhV3UpT5Yz2HY_GqhoVqeY8uAAViEC1Us0HCs6ij1OEyRKj4Rlu7UKB3K7_YuZ1GAuAKza9W4EoRIby3CIgprmV1M6XqTpSlGzb7yK1tFEYYDxsdoCwXi=w408-h544-k-no,true,7 am–5 pm,7 am–5 pm,7 am–5 pm,Closed,Closed,7 am–5 pm,7 am–5 pm,"https://www.google.com/maps/search/tree+service+businesses+in+Lake+Helen+Daytona+Beach+FL/@28.9808195,-81.2333936,14z",2026-04-29T05:31:23.375Z,,,
https://www.google.com/maps/place/Point+of+View+Landscapes/data=!4m7!3m6!1s0x88e71b7791f435cf:0x31998ebb175b9186!8m2!3d28.9711375!4d-81.2762943!16s%2Fg%2F11s51t_24y!19sChIJzzX0kXcb54gRhpFbF7uOmTE,Point of View Landscapes,4.6,22,Landscaper,"915 Victoria Hills Dr S, DeLand, FL 32724, United States","XPCF+FF DeLand, Florida, USA",,+1 646-713-4130,Closed · Opens 7 am,,https://lh3.googleusercontent.com/gps-cs-s/APNQkAFj1iFkQgWqExw2G_nPXCD0eb5BeSFSlzj3hjxvdQopmj9CKiLPW4xmjbUfv7LBHJbm0x2usJTxO3s2RmNIxXATkaF67zlY2pveI9vLrhAiZtJhYBwcLev_yKrUuha723uUnkAA0RV-a-lU=w408-h306-k-no,true,7 am–7 pm,7 am–7 pm,7 am–7 pm,7 am–7 pm,7 am–7 pm,7 am–7 pm,7 am–7 pm,"https://www.google.com/maps/search/tree+service+businesses+in+Lake+Helen+Daytona+Beach+FL/@28.9808195,-81.2333936,14z",2026-04-29T05:31:27.713Z,,,
"https://www.google.com/maps/place/A+First+Class+Aluminum+Co.,+Inc./data=!4m7!3m6!1s0x88e719bdf23ab92d:0xc4c49e12d525ecae!8m2!3d28.9757785!4d-81.2293075!16s%2Fg%2F1vhq4jgv!19sChIJLbk68r0Z54gRruwl1RKexMQ","A First Class Aluminum Co., Inc.",4.9,255,Aluminum supplier,"597 Pleasant St, Lake Helen, FL 32744, United States","XQGC+87 Lake Helen, Florida, USA",https://www.afirstclassaluminum.com/,+1 386-228-3933,Closed · Opens 8:30 am,,https://lh3.googleusercontent.com/gps-cs-s/APNQkAGC_DLKbnclAgqv2kMSCevAhvC6I25qiIJ8yH2h74iOHWvUMRQe930WA0fkqMdG96XtgwgtME0J1sXtpMtuMfijLLTPwpZqaI-0GTtrHMBWTgdfeGJtMJwiaBjGUo3wG3SE7wIC=w408-h306-k-no,true,8:30 am–3 pm,8:30 am–3 pm,8:30 am–3 pm,Closed,Closed,8:30 am–3 pm,8:30 am–3 pm,"https://www.google.com/maps/search/tree+service+businesses+in+Lake+Helen+Daytona+Beach+FL/@28.9808195,-81.2333936,14z",2026-04-29T05:31:32.269Z,,,
https://www.google.com/maps/place/Epic+Landworx/data=!4m7!3m6!1s0x88e71b01e8a70943:0x6d7a4a9a9e1ebf19!8m2!3d29.0213405!4d-81.2911355!16s%2Fg%2F11fp7w4qpz!19sChIJQwmn6AEb54gRGb8enppKem0,Epic Landworx,5.0,31,Tree service,,,,+1 386-478-3030,Open 24 hours,,https://lh3.googleusercontent.com/gps-cs-s/APNQkAHNeKpUi4fmyqL8UXuEnBfOZWZsaRPK7UYxHu_qutoZ3tiI6WnWAELG3vsmAAwHqKCezOciTsahLO_iedYyvHQ9HKEuAWyykIzc6t5gh5Myq4OELxGPYr26u99IAzMxxhNNv6Q=w426-h240-k-no,true,Open 24 hours,Open 24 hours,Open 24 hours,Open 24 hours,Open 24 hours,Open 24 hours,Open 24 hours,"https://www.google.com/maps/search/tree+service+businesses+in+Lake+Helen+Daytona+Beach+FL/@28.9808195,-81.2333936,14z",2026-04-29T05:31:36.573Z,,,
https://www.google.com/maps/place/The+Purple+Rose+Trading+Co/data=!4m7!3m6!1s0x88e719ecbfdcb443:0xcdfecc505c306117!8m2!3d28.9668811!4d-81.2366586!16s%2Fg%2F1tgqk779!19sChIJQ7Tcv-wZ54gRF2EwXFDM_s0,The Purple Rose Trading Co,4.6,193,Metaphysical supply store,"1083 Stevens St, Lake Helen, FL 32744, United States","XQ87+Q8 Lake Helen, Florida, USA",https://www.facebook.com/pr1079/,+1 386-228-3315,Closed · Opens 10 am,LGBTQ+ friendly,https://lh3.googleusercontent.com/gps-cs-s/APNQkAF2U-s2yv8Hy1UgXvHqOZH0iTi5Jz2m8AKRkX_Fnd3NBsuHM9KAl-YngJE6sBxyuIyW5E9aIfAjGjfQnh5bOzWd5P-xt_GoViQq3e8Lv7x_PDx-yj4bjbNfUIFcX3Pzj0BVVR5i=w408-h306-k-no,true,10 am–6 pm,10 am–6 pm,10 am–6 pm,10 am–7 pm,10 am–6 pm,10 am–6 pm,10 am–6 pm,"https://www.google.com/maps/search/tree+service+businesses+in+Lake+Helen+Daytona+Beach+FL/@28.9808195,-81.2333936,14z",2026-04-29T05:31:41.413Z,· In-store shopping · In-store pick-up,,
"https://www.google.com/maps/place/Backyard+Boys,+LLC./data=!4m7!3m6!1s0x2bf84d66c5c47ad9:0xdbc63b4385276016!8m2!3d29.008988!4d-81.172182!16s%2Fg%2F11kc7y9xlt!19sChIJ2XrExWZN-CsRFmAnhUM7xts","Backyard Boys, LLC.",5.0,10,Property maintenance,,,,+1 321-460-8647,Closed · Opens 8:30 am,,https://lh3.googleusercontent.com/gps-cs-s/APNQkAEzwF78xEphCcVY50gqFtHMiIOF0lzjuUAPn2i6adoCCX9x_8wy2-TdwDiMNAh-CovWm13-8a0juZh-u2vgCQyHQLq0U3_qoR9Gn9zawJNTsHbcD6QwrKReN6Ca-DN8PxdslZb2Xv-8HHz7=w408-h544-k-no,true,8:30 am–8 pm,8:30 am–8 pm,8:30 am–8 pm,8:30 am–8 pm,8 am–8:30 pm,8:30 am–8 pm,8:30 am–8 pm,"https://www.google.com/maps/search/tree+service+businesses+in+Lake+Helen+Daytona+Beach+FL/@28.9808195,-81.2333936,14z",2026-04-29T05:31:45.922Z,,,
https://www.google.com/maps/place/A-1+A.C.E.+Tree+Solutions/data=!4m7!3m6!1s0x88e71ab016301163:0x2a9bb67c5c5d6048!8m2!3d29.0081334!4d-81.310551!16s%2Fg%2F11g02k03f4!19sChIJYxEwFrAa54gRSGBdXHy2myo,A-1 A.C.E. Tree Solutions,5.0,1,Tree service,,,,+1 386-215-3499,Open 24 hours,,https://lh3.googleusercontent.com/gps-cs-s/APNQkAE7kcZLTt4fqKyBS7T5QFpaza3MDHVdOzFUyTeCZmPm3w1OJNhPs2X-qdNCK8RRbafXG17Sf9taDPghQRcwSluudUffi-HOUPNbBF6DoFLVNnZIDg3oFGoiqxBYcuXwoySwuAKE=w408-h544-k-no,true,Open 24 hours,Open 24 hours,Open 24 hours,Open 24 hours,Open 24 hours,Open 24 hours,Open 24 hours,"https://www.google.com/maps/search/tree+service+businesses+in+Lake+Helen+Daytona+Beach+FL/@28.9808195,-81.2333936,14z",2026-04-29T05:31:50.210Z,,,
https://www.google.com/maps/place/Masterpiece+Landscaping+LLC/data=!4m7!3m6!1s0x64635df9558c55b3:0x89fecb29ceb629d1!8m2!3d29.0214816!4d-81.172182!16s%2Fg%2F11xv6403vw!19sChIJs1WMVfldY2QR0Sm2zinL_ok,Masterpiece Landscaping LLC,5.0,11,Lawn care service,,,http://site-zqcwr13sd.godaddysites.com/,+1 352-459-8180,Open 24 hours,,https://lh3.googleusercontent.com/gps-cs-s/APNQkAGyYxzFClaLmcGX_UAC0A_PvIBtelKLu3ErhkzY4tJKpKFUY7VG7dA_Q_RqcMsvsc1n_FxDurvEEjzRO1-5cHlGdnyW04HiSO0uXWG89dpvgXjj-k0LptexXc4oOZmbK2c02aeNBRATdZJD=w408-h306-k-no,true,Open 24 hours,Open 24 hours,Open 24 hours,Open 24 hours,Closed,Open 24 hours,Open 24 hours,"https://www.google.com/maps/search/tree+service+businesses+in+Lake+Helen+Daytona+Beach+FL/@28.9808195,-81.2333936,14z",2026-04-29T05:31:54.537Z,,,
https://www.google.com/maps/place/Jacobs+Tree+Service+And+Stump+Removal/data=!4m7!3m6!1s0x88e65f2e613e6207:0x57d75161d6326d21!8m2!3d29.430321!4d-81.5501706!16s%2Fg%2F11c51rp3k3!19sChIJB2I-YS5f5ogRIW0y1mFR11c,Jacobs Tree Service And Stump Removal,4.7,12,Tree service,"144 Palmer Sawmill Rd, Crescent City, FL 32112, United States","CCJX+4W Crescent City, Florida, USA",http://www.jacobstreeservice.com/,+1 386-698-2376,Open 24 hours,,https://lh3.googleusercontent.com/gps-cs-s/APNQkAGsAfZGrlsVbcuEzGH1MPWaMsoyoK0S4URFiRlNaXL873QYXQZzOgsBuvHuexENR2KsLO7noR7t2o4nGwUbW17kJisksi10UXGJPyZgcP9lnCXc5cRVXAJ_wnKXfWx14MML5ERApw=w408-h454-k-no,true,Open 24 hours,Open 24 hours,Open 24 hours,Open 24 hours,Open 24 hours,Open 24 hours,Open 24 hours,"https://www.google.com/maps/search/tree+service+businesses+in+Lake+Helen+Daytona+Beach+FL/@28.9808195,-81.2333936,14z",2026-04-29T05:31:59.066Z,,,
https://www.google.com/maps/place/Bert%27s+lawn+service/data=!4m7!3m6!1s0x4d99396d79211ae3:0x78aa2a5bdc0e0605!8m2!3d29.0225621!4d-81.172182!16s%2Fg%2F11sqq19vl2!19sChIJ4xoheW05mU0RBQYO3Fsqqng,Bert's lawn service,5.0,1,Landscaper,,,,+1 386-320-1426,Closed · Opens 7 am,,https://lh3.googleusercontent.com/gps-cs-s/APNQkAHS__kwUVpdj-cEt-VVdi44-VUaH82gXmD7hWbK8Zililvtev9D0pmC0DY0qjEO_TI_RZub8-MzwTmOeSptgVqizboWbV0V4Z2tfBKT-Bm7yltACAvT8BIE8kSg_SG6OfIDCGqX3Gqev3zW=w408-h544-k-no,true,7 am–7 pm,7 am–7 pm,7 am–7 pm,9 am–5 pm,8 am–5 pm,7 am–7 pm,7 am–7 pm,"https://www.google.com/maps/search/tree+service+businesses+in+Lake+Helen+Daytona+Beach+FL/@28.9808195,-81.2333936,14z",2026-04-29T05:32:03.773Z,,,
"https://www.google.com/maps/place/Blaze+Tree+Service,+Inc./data=!4m7!3m6!1s0x88e7692431265061:0xc9ecfc70553db964!8m2!3d34.1391545!4d-93.2928894!16s%2Fg%2F11dzt58j1v!19sChIJYVAmMSRp54gRZLk9VXD87Mk","Blaze Tree Service, Inc.",4.9,242,Tree service,,,http://www.blazetreeservice.com/,+1 407-247-9038,,,https://lh3.googleusercontent.com/gps-cs-s/APNQkAFNdOp1-n0_lT4nmT5jy_fzSzuNVOpmDS3kVF6MCkmqLptRtpUVtURgQWjW9YJtoFNsu50TA51Bpr9pq8jIcpheBleFzYwd_6RpbUE34guHb38Fa68mpVjtVqLyQYwYmgFECwdnwA=w408-h544-k-no,true,,,,,,,,"https://www.google.com/maps/search/tree+service+businesses+in+Lake+Helen+Daytona+Beach+FL/@28.9808195,-81.2333936,14z",2026-04-29T05:32:12.297Z,,,
https://www.google.com/maps/place/Bridle+Oaks/data=!4m7!3m6!1s0x88e71bb459c8ae09:0xa927407d55e7fe7a!8m2!3d28.9988325!4d-81.2772846!16s%2Fg%2F11c55cgqkn!19sChIJCa7IWbQb54gRev7nVX1AJ6k,Bridle Oaks,4.9,299,Wedding venue,"1250 E Taylor Rd, DeLand, FL 32724, United States","XPXF+G3 DeLand, Florida, USA",https://www.bridleoaksbarn.com/,+1 386-216-2147,,LGBTQ+ friendly,https://lh3.googleusercontent.com/gps-cs-s/APNQkAETK7TUgSBhk0Tm651RIp6NGnfm7rMv2CstpRvlOPr2myu50vUjrXXzsUYjbZ-lnLvjEOFQO0crXkccjM2o2nQB9HlDhviifpA1mL_Mw0GfvdIk8F9Sp_5tfPinqc4rgEqT4XwVQQ=w408-h280-k-no,true,,,,,,,,"https://www.google.com/maps/search/tree+service+businesses+in+Lake+Helen+Daytona+Beach+FL/@28.9808195,-81.2333936,14z",2026-04-29T05:32:20.821Z,,,
"https://www.google.com/maps/place/A+To+D,+LLC/data=!4m7!3m6!1s0x88e71a7c8855e12f:0x334c785e431b6429!8m2!3d28.935584!4d-81.286712!16s%2Fg%2F11byck6yqx!19sChIJL-FViHwa54gRKWQbQ154TDM","A To D, LLC",,,Tree service,,,,+1 386-216-0359,Closed · Opens 8 am,,https://lh3.googleusercontent.com/gps-cs-s/APNQkAF7SHUf--vIXfVht-pIK_RLzmsC7RXuq6N7Cgshmw6mYaXCzJjQSwaX_-xgH4gVkz6jucToq-knKMPIvoRQ8hr-AagnEyy4PJ2lU1Jcfo66TywLhiQC0xqo3hqLXSKGbZrsPZRA=w408-h306-k-no,true,8 am–8 pm,8 am–8 pm,8 am–8 pm,8 am–8 pm,Closed,8 am–8 pm,8 am–8 pm,"https://www.google.com/maps/search/tree+service+businesses+in+Lake+Helen+Daytona+Beach+FL/@28.9808195,-81.2333936,14z",2026-04-29T05:32:25.472Z,,,
https://www.google.com/maps/place/Nick%27s+Push+%26+Go/data=!4m7!3m6!1s0x8e990cf782f0e9d9:0xf280e712a982e0ae!8m2!3d29.0214816!4d-81.172182!16s%2Fg%2F11lw1l5mwb!19sChIJ2enwgvcMmY4RruCCqRLngPI,Nick's Push & Go,5.0,25,Landscaper,,,,+1 386-265-8113,Open 24 hours,,https://lh3.googleusercontent.com/gps-cs-s/APNQkAFVvK4YWCbEvyFFUSoY42n6Jb1IQt1qFIFsJ-AwdDVOiHRmQTMSZX2qXBUUNlOKQ-jArfYv5SagzlKZ3jAQqfkYINk3-Bnm8cBNRQXhyD8nfYkyw0H44cDwDcgajWyNjxTwMkji9Kmk60ey=w408-h306-k-no,true,Open 24 hours,Open 24 hours,Open 24 hours,Open 24 hours,Open 24 hours,Open 24 hours,Open 24 hours,"https://www.google.com/maps/search/tree+service+businesses+in+Lake+Helen+Daytona+Beach+FL/@28.9808195,-81.2333936,14z",2026-04-29T05:32:29.747Z,,,
https://www.google.com/maps/place/Dans+v.i.p.tree+service/data=!4m7!3m6!1s0x88e6dbb374772bad:0x30019d031cfb9304!8m2!3d29.248267!4d-81.047333!16s%2Fg%2F11kjhmdhjj!19sChIJrSt3dLPb5ogRBJP7HAOdATA,Dans v.i.p.tree service,5.0,3,Tree service,"428 Walker St, Daytona Beach, FL 32117, United States","6XX3+83 Daytona Beach, Florida, USA",,+1 386-673-8396,Closed · Opens 8 am,,https://lh3.googleusercontent.com/gps-cs-s/APNQkAE6SguRLpTftshOzl3UWuAWT-tmd3YEBcOPUPi6KVxXWqLsFpZMsXPg4UAMNORsPLF8qxkRrmiD944JsoT6uXBP6PQCtjkIi0vEXD7sXhC-orzeSX9shr-Qpo_gxxLJhh-f1bX3=w408-h408-k-no,true,8 am–8 pm,8 am–8 pm,8 am–8 pm,8 am–8 pm,Closed,8 am–8 pm,8 am–8 pm,"https://www.google.com/maps/search/tree+service+businesses+in+Bunnell+Daytona+Beach+FL/@29.2071029,-81.0196796,14z",2026-04-29T05:33:00.118Z,,,
https://www.google.com/maps/place/Low-cost+stump+grinding+inc./data=!4m7!3m6!1s0x88e6e9d1d441c971:0x74416ec6d44e7abf!8m2!3d29.3657832!4d-81.1744764!16s%2Fg%2F11ddwwfyyj!19sChIJcclB1NHp5ogRv3pO1MZuQXQ,Low-cost stump grinding inc.,4.7,133,Tree service,"271 Co Rd 200, Bunnell, FL 32110, United States","9R8G+86 Bunnell, Florida, USA",https://lowcoststumpgrinding.com/,+1 386-356-4687,Open 24 hours,,https://lh3.googleusercontent.com/gps-cs-s/APNQkAHDDRRrxgNsDAAMW6K9-dbkCeCtjwNJR5rZMa6fdM3aooQz8QYrcQwmIWCBplTQAwiLAsheaxwJ8H2YdwUZLTF5zE_01wu69DlT_-HJY4NZoyyNBV4qK5kxMXzzn948ZM1QNmB6=w408-h306-k-no,true,Open 24 hours,Open 24 hours,Open 24 hours,Open 24 hours,Open 24 hours,Open 24 hours,Open 24 hours,"https://www.google.com/maps/search/tree+service+businesses+in+Bunnell+Daytona+Beach+FL/@29.2071029,-81.0196796,14z",2026-04-29T05:33:04.524Z,,,
https://www.google.com/maps/place/JMH+Land+Management/data=!4m7!3m6!1s0x88e6f3639af06007:0xad5d6a22a3cc693e!8m2!3d29.4445394!4d-81.4134105!16s%2Fg%2F11qyc4xsvm!19sChIJB2DwmmPz5ogRPmnMoyJqXa0,JMH Land Management,4.8,89,Contractor,"5990 Mango Ave, Bunnell, FL 32110, United States","CHVP+RJ Bunnell, Florida, USA",https://palmcoastlocal.com/jmh-land-management,+1 502-767-7318,Closed · Opens 9 am,LGBTQ+ friendly,https://lh3.googleusercontent.com/gps-cs-s/APNQkAFGBZjkSbz7_88CecHSdUx6R7uvEnoYb4qguJ0GcoFvhSQBucazADvgPuo32SHmces0ET4Tk8TdD33C8ZO1SbZU5WO6YNVdbOsR-4rNu5CqUzcHLrAjn1IeytA8rj_eRby-npALLfWf4XHp=w408-h544-k-no,true,9 am–10 pm,9 am–10 pm,9 am–10 pm,9 am–10 pm,9 am–10 pm,9 am–10 pm,9 am–10 pm,"https://www.google.com/maps/search/tree+service+businesses+in+Bunnell+Daytona+Beach+FL/@29.2071029,-81.0196796,14z",2026-04-29T05:33:08.784Z,,,
https://www.google.com/maps/place/Massey+Services+GreenUP+Lawn+Care+Service/data=!4m7!3m6!1s0x88e6c3259df9a81f:0x884d7ce999ae1c73!8m2!3d29.3197895!4d-81.1114385!16s%2Fg%2F11b6zt23hl!19sChIJH6j5nSXD5ogRcxyumel8TYg,Massey Services GreenUP Lawn Care Service,4.8,82,Lawn care service,"1230 US-1 STE 2, Ormond Beach, FL 32174, United States","8V9Q+WC Ormond Beach, Florida, USA",https://www.masseyservices.com/service-location/ormond-lawn-care/?utm_source=googlemybusiness&utm_medium=search&utm_campaign=OrmondBeach89&utm_content=masseylocalsearch,+1 386-944-0440,Closed · Opens 7 am,,https://lh3.googleusercontent.com/gps-cs-s/APNQkAGwlEmAMWFJYJu18dKNwk_dC85-g-OyJC619Bvnl9ChcjOmQI-YcXo9UlEaYuUW1PyHIY0XJLDoRkCcQ78Dl5EWEtcnTRgKPUnvcq2bTC3n9PFRFKdDxLV1mKfwvZyvvSZVHLM=w426-h240-k-no,true,7 am–8 pm,7 am–8 pm,7 am–8 pm,8 am–2 pm,Closed,7 am–8 pm,7 am–8 pm,"https://www.google.com/maps/search/tree+service+businesses+in+Ormond-by-the-Sea+Daytona+Beach+FL/@29.3491449,-81.0664455,14z",2026-04-29T05:33:28.131Z,,,
https://www.google.com/maps/place/Michael+Crotty+Bicentennial+Park/data=!4m7!3m6!1s0x88e6c4854835a7d3:0xf1d9ea591db2c837!8m2!3d29.33923!4d-81.0637363!16s%2Fg%2F1yl45jqdr!19sChIJ06c1SIXE5ogRN8iyHVnq2fE,Michael Crotty Bicentennial Park,4.6,970,Park,"1800 Ocean Shore Blvd, Ormond Beach, FL 32176, United States","8WQP+MG Ormond Beach, Florida, USA",https://www.volusia.org/services/community-services/parks-recreation-and-culture/parks-and-trails/park-facilities-and-locations/beachfront-parks/michael-crotty-bicentennial-park.stml,+1 386-441-6252,Closed · Opens 8 am,,https://lh3.googleusercontent.com/gps-cs-s/APNQkAFcxClJtcP8yQOTSmwTefjNbZoJjv2Bx6i07L48SCLryTgwRGio5FkdQQv4S6txo8pjV_QLm6_zPDiuOa1ukJwkNTMhMOYSHnqC9_hbdFth-J-JbcY2P_ER-ugkmjLk0greDuU_=w408-h306-k-no,false,8 am–8 pm,8 am–8 pm,8 am–8 pm,8 am–8 pm,8 am–8 pm,8 am–8 pm,8 am–8 pm,"https://www.google.com/maps/search/tree+service+businesses+in+Ormond-by-the-Sea+Daytona+Beach+FL/@29.3491449,-81.0664455,14z",2026-04-29T05:33:32.509Z,"Park boasting oceanfront beach & riverfront boardwalk with tree-covered roads, campsites & dog park. · Dogs allowed",,
https://www.google.com/maps/place/Ormond+Land+Clearing/data=!4m7!3m6!1s0x88e6e7c7ba6019c7:0x75298c268ea1c88b!8m2!3d29.3017003!4d-81.1889513!16s%2Fg%2F11wn7h96h4!19sChIJxxlgusfn5ogRi8ihjiaMKXU,Ormond Land Clearing,5.0,2,Excavating contractor,"655 Dylan Trail, Ormond Beach, FL 32174, United States","8R26+MC Ormond Beach, Florida, USA",https://ormondlandclearing.com/,+1 386-882-7677,Closed · Opens 7 am,,https://lh3.googleusercontent.com/gps-cs-s/APNQkAFGX8lVsYA2v29NV2sodpEC_4heprDltu7GPxJ8DzYWLLu_Uf_ikxnWLP7g_5GlZoFkYci3pNImeVezk51S0zfbBHQ27ePBOdzz4sPYpO718oHraz-mCzGK_71W26hhxlqg1BqnRw=w408-h408-k-no,true,7 am–7 pm,7 am–7 pm,7 am–7 pm,7 am–7 pm,7 am–7 pm,7 am–7 pm,7 am–7 pm,"https://www.google.com/maps/search/tree+service+businesses+in+Ormond-by-the-Sea+Daytona+Beach+FL/@29.3491449,-81.0664455,14z",2026-04-29T05:33:36.826Z,,,
https://www.google.com/maps/place/A1A+Landscaping/data=!4m7!3m6!1s0x88e6c2d317a0c9db:0x9d95b60655fd6654!8m2!3d29.309803!4d-81.127086!16s%2Fg%2F11vm7g5skc!19sChIJ28mgF9PC5ogRVGb9VQa2lZ0,A1A Landscaping,3.9,7,Lawn care service,"1533 Harmony Ave, Ormond Beach, FL 32174, United States","8V5F+W5 Ormond Beach, Florida, USA",http://a1alandscaping.com/,+1 386-492-3781,,,https://lh3.googleusercontent.com/gps-cs-s/APNQkAFZRxGCkfCuk7q8Ap7O3hpEs_Q8dOP6YyUVYRa8ULnyrXUVfL35Ox5n28GCWMellRNw8FbZEqfeUkPQDJs2IPYsVCo4rp-RB6tfGb1wokLv1BvSeEtIfA-pVI_QQBryZcuPnkgf=w408-h306-k-no,true,,,,,,,,"https://www.google.com/maps/search/tree+service+businesses+in+Ormond-by-the-Sea+Daytona+Beach+FL/@29.3491449,-81.0664455,14z",2026-04-29T05:33:45.307Z,,,
https://www.google.com/maps/place/The+Salty+Mermaid/data=!4m7!3m6!1s0x88e6c53f6303ecaf:0x3e87750bb3fe1c4b!8m2!3d29.3315826!4d-81.0594227!16s%2Fg%2F11h7fnvx7c!19sChIJr-wDYz_F5ogRSxz-swt1hz4,The Salty Mermaid,4.8,84,Art gallery,"1546 - 1548 Ocean Shore Blvd, Ormond Beach, FL 32176, United States","8WJR+J6 Ormond Beach, Florida, USA",https://m.facebook.com/TheSaltyMermaidArt/,+1 904-704-7449,Closed · Opens 10 am,,https://lh3.googleusercontent.com/gps-cs-s/APNQkAFVB7mMdome1IUl-QL6xIK25pS285CfO4hDjmmBMQCdf-P5HxzrvPZJyc9PB8GPdwnE7i0a1p5e3nMNMfVrCffxSrfVKDXRiSBx9JcRX5OPf1uV3Y2IKf4Hxb4sNqqx-GgYxJSP=w408-h533-k-no,true,10 am–4 pm,10 am–4 pm,10 am–4 pm,10 am–4 pm,Closed,10 am–4 pm,10 am–4 pm,"https://www.google.com/maps/search/tree+service+businesses+in+Ormond-by-the-Sea+Daytona+Beach+FL/@29.3491449,-81.0664455,14z",2026-04-29T05:33:50.075Z,,,
https://www.google.com/maps/place/Sun+Deck+Motel/data=!4m10!3m9!1s0x88e6c4bfbbd65af1:0x77b34d072fe8263e!5m2!4m1!1i2!8m2!3d29.324592!4d-81.055413!16s%2Fg%2F1tczl93k!19sChIJ8VrWu7_E5ogRPiboLwdNs3c,Sun Deck Motel,4.6,216,,"1285 Ocean Shore Blvd, Ormond Beach, FL 32176, United States","8WFV+RR Ormond Beach, Florida, USA",http://www.sundeckmoteldaytonabeach.com/,+1 386-441-0377,,,https://lh3.googleusercontent.com/gps-proxy/ALd4DhE2NF0hYqxGN7EiWhcBM99pQUlgkKHX5XH50WWlNqM9swNd4Wh8XmWipKS7qovuHWngRxVd35Humgeb3FBV41VTALxuFG0_wsKCNzETRkJP4EkgbyKxHx6TUrDAGSAOyUwLpzGNrb0b3TTSCbG_b8jQ82DzD7dZ0YOtJy_TcLZJyt52uLoaeQM=w408-h300-k-no,true,,,,,,,,"https://www.google.com/maps/search/tree+service+businesses+in+Ormond-by-the-Sea+Daytona+Beach+FL/@29.3491449,-81.0664455,14z",2026-04-29T05:33:52.458Z,,,
https://www.google.com/maps/place/Universal+Pest+Control/data=!4m7!3m6!1s0x88e6c32480c8561b:0x42766a9c7d7ecbde!8m2!3d29.3232272!4d-81.1120406!16s%2Fg%2F1thxx0vd!19sChIJG1bIgCTD5ogR3st-fZxqdkI,Universal Pest Control,4.9,96,Pest control service,"1295 US-1 #6, Ormond Beach, FL 32174, United States","8VFQ+75 Ormond Beach, Florida, USA",https://bugandtermitecontrol.com/,+1 386-673-1557,Closed · Opens 8:30 am,LGBTQ+ friendly,https://lh3.googleusercontent.com/gps-cs-s/APNQkAHNaEd3VZERjYdcqxogNRs9crDz0upmBE8IAVpwUemh1wxqJq5VnnrO9YuH4v5CuuYUX2w8l1wRTY3FX_pab8Gi9lX7omoaYF8ObVCKu27ih7Vo550WN7Iw0wejhmYb2SN9MCu6=w408-h544-k-no,true,8:30 am–4:30 pm,8:30 am–4:30 pm,8:30 am–4:30 pm,Closed,Closed,8:30 am–4:30 pm,8:30 am–4:30 pm,"https://www.google.com/maps/search/tree+service+businesses+in+Ormond-by-the-Sea+Daytona+Beach+FL/@29.3491449,-81.0664455,14z",2026-04-29T05:33:56.797Z,,,
https://www.google.com/maps/place/Garrett+Cannon+Services/data=!4m7!3m6!1s0x49213eb32b1233ad:0xaaa24c42d0d4ec4d!8m2!3d29.3136295!4d-81.1195414!16s%2Fg%2F11kq61t778!19sChIJrTMSK7M-IUkRTezU0EJMoqo,Garrett Cannon Services,5.0,9,Tree service,,,,+1 386-295-6471,Closed · Opens 8 am,,https://lh3.googleusercontent.com/gps-cs-s/APNQkAHZTaWaP6RWl-0nnUK0GPuUp_A6-n0SAqsX7bLov6hMkVDtwQZkzF1eHZzXEjmOiHMkfJ4JzTTxJpElkRWk2yVghKmeCt1zaYtRyJY0bl4nJspK2PsbzmPttMQkC1x7Py0u-0Xe=w408-h306-k-no,true,8 am–5 pm,8 am–5 pm,8 am–5 pm,Closed,Closed,8 am–5 pm,8 am–5 pm,"https://www.google.com/maps/search/tree+service+businesses+in+Ormond-by-the-Sea+Daytona+Beach+FL/@29.3491449,-81.0664455,14z",2026-04-29T05:34:07.325Z,,,
https://www.google.com/maps/place/A1+Skid+Steer+Service/data=!4m7!3m6!1s0x42b6f7fe0289ce2f:0x67c9e23c8978a876!8m2!3d29.3589664!4d-81.456463!16s%2Fg%2F11shp2g8ky!19sChIJL86JAv73tkIRdqh4iTziyWc,A1 Skid Steer Service,,,Forestry service,,,http://a1skidsteerservice.com/,+1 386-295-0013,Closed · Opens 9 am,,https://lh3.googleusercontent.com/gps-cs-s/APNQkAFJMzZkznC9jJ7iWT17yHHTCJrMhnDPemaWjltGCv-8KTSL6Bw6GmcNjtxDG85HFl31tSH5k8vhkZ-cKaRSUUZ95oaxOf563nXDBpBi_8gTu0WcWJLXWSx7whJVYNyynsO42zIn=w427-h240-k-no,true,9 am–5 pm,9 am–5 pm,9 am–5 pm,9 am–5 pm,Closed,9 am–5 pm,9 am–5 pm,"https://www.google.com/maps/search/tree+service+businesses+in+Ormond-by-the-Sea+Daytona+Beach+FL/@29.3491449,-81.0664455,14z",2026-04-29T05:34:11.963Z,,,
https://www.google.com/maps/place/Daytona+Magic/data=!4m7!3m6!1s0x88e6da27c94f6927:0x9a544c6a6baf8fd1!8m2!3d29.3256666!4d-81.1183416!16s%2Fg%2F1vc82msn!19sChIJJ2lPySfa5ogR0Y-va2pMVJo,Daytona Magic,4.5,187,Magic store,"1360 US-1 #105, Ormond Beach, FL 32174, United States","8VGJ+7M Ormond Beach, Florida, USA",http://www.daytonamagic.com/,+1 386-252-6767,"Closed · Opens 10 am

Updated by others 4 weeks ago",,https://lh3.googleusercontent.com/gps-cs-s/APNQkAFXtnGl-1j2Io9kQ__Uaf-bB1TTFxMAv58ZMTyHZFZpnISOZUsO9Fo7rbfh_FNV6_Kwuh0kAJAuWrygLSWfoXULgfOEf03YCjn1qjvv2ATCXd2T2UB5dQiUVPIsiGEvX_Ai-KTH=w408-h544-k-no,true,10 am–6 pm,10 am–6 pm,10 am–6 pm,10 am–3 pm,Closed,10 am–6 pm,10 am–6 pm,"https://www.google.com/maps/search/tree+service+businesses+in+Ormond-by-the-Sea+Daytona+Beach+FL/@29.3491449,-81.0664455,14z",2026-04-29T05:34:22.521Z,· Delivery,,
https://www.google.com/maps/place/Ormond+Ace+North/data=!4m7!3m6!1s0x88e6c30f630463a5:0xbd6d23f284c2fd0c!8m2!3d29.331256!4d-81.1257499!16s%2Fg%2F11qbr8lsgm!19sChIJpWMEYw_D5ogRDP3ChPIjbb0,Ormond Ace North,4.5,157,Hardware store,"1480 US-1, Ormond Beach, FL 32174, United States","8VJF+GP Ormond Beach, Florida, USA",http://www.ormondaacehardware.com/?utm_source=google&utm_medium=local&utm_campaign=localmaps&utm_content=18296,+1 386-238-9176,,,https://lh3.googleusercontent.com/gps-cs-s/APNQkAFwyZtkDXHoK6FUEW2hEbVMJc61MP6luBfvHR0mHknTkfD_Jw1GRQNvzV-x30xJiotZo5lCmlpC5b6d4bD3wNOa5kDTOqZ8gNpU-eUfJtaW9FMho7YyeCvzMAYsC-vTXWca7qh2U9RTrPNx=w408-h270-k-no,true,7 am–7 pm,7 am–7 pm,7 am–7 pm,7:30 am–7 pm,9 am–5 pm,7 am–7 pm,7 am–7 pm,"https://www.google.com/maps/search/tree+service+businesses+in+Ormond-by-the-Sea+Daytona+Beach+FL/@29.3491449,-81.0664455,14z",2026-04-29T05:34:26.945Z,· In-store shopping · In-store pick-up · Delivery,,
https://www.google.com/maps/place/MCJ+Construction+LLC/data=!4m7!3m6!1s0x88e6c3dba33e5457:0x7a7e0638f8d44db9!8m2!3d29.3424319!4d-81.0711341!16s%2Fg%2F11js2tw9zj!19sChIJV1Q-o9vD5ogRuU3U-DgGfno,MCJ Construction LLC,,,General contractor,"2056 John Anderson Dr, Ormond Beach, FL 32176, United States","8WRH+XG Ormond Beach, Florida, USA",http://mcjgeneralcontractors.com/,+1 386-503-4874,Closed · Opens 7 am,,https://lh3.googleusercontent.com/gps-cs-s/APNQkAEu70HHN12U8Af9hRCU1FxhfoiDTvXLSDfkM7oRugu5J5-bU04s58C5nnsZtg59l7B0NUSmnegVH2W5rFW-8KtrjAnUgTDq3kJH7D6VJIPztkkJYRk7GT_9QR7IjUMj93kKPTO8QIumVOHt=w426-h240-k-no,true,7 am–5 pm,7 am–5 pm,6:30 am–4 pm,Closed,Closed,7 am–5 pm,7 am–5 pm,"https://www.google.com/maps/search/tree+service+businesses+in+Ormond-by-the-Sea+Daytona+Beach+FL/@29.3491449,-81.0664455,14z",2026-04-29T05:34:31.199Z,,,
https://www.google.com/maps/place/TREE+BARBER+Tree+Service+DBA/data=!4m7!3m6!1s0x88e727f97f273e2d:0x398a9fc3dd89fdc8!8m2!3d29.0225621!4d-81.172182!16s%2Fg%2F11c2qv129y!19sChIJLT4nf_kn54gRyP2J3cOfijk,TREE BARBER Tree Service DBA,5.0,4,Tree service,,,http://www.houzz.com/pro/treebarber79/__public,+1 386-392-8220,Closed · Opens 8 am,,https://lh3.googleusercontent.com/gps-cs-s/APNQkAE6nwUrKBe-uTuNabOCCG1N9tZ4udWCoCdGPxawSPSWm74S7XgONJnlkpobFTPEbExGDFv4x6Guoe72FI9qDy-KmChxDMzYRYQjyniq7lXh4a527am27jel0dL-uFyuuk83UqZ6=w408-h544-k-no,true,8 am–7 pm,8 am–7 pm,8 am–7 pm,8 am–6:30 pm,Closed,8 am–7 pm,8 am–7 pm,"https://www.google.com/maps/search/tree+service+businesses+in+Ormond-by-the-Sea+Daytona+Beach+FL/@29.3491449,-81.0664455,14z",2026-04-29T05:34:35.891Z,,,
https://www.google.com/maps/place/Resin+Rock+Florida/data=!4m7!3m6!1s0xbd3bd2daf8b114f:0x915669e5e9c959e0!8m2!3d29.3089376!4d-81.101868!16s%2Fg%2F11mckq5hhw!19sChIJTxGLry290wsR4FnJ6eVpVpE,Resin Rock Florida,,,Distribution service,"880 Airport Rd # 104, Ormond Beach, FL 32174, United States","8V5X+H7 Ormond Beach, Florida, USA",https://resinrockflorida.com/,+1 386-256-3181,Closed · Opens 7 am,,https://lh3.googleusercontent.com/gps-cs-s/APNQkAFH9jsh7Y-2E4kqd0vqDWOCxNFV5FRVYGKFTEV5gNx4tM1Yz6VB4qnCXShIrnscH19-FKqiS6ITiRgTr6jfeoTDzS_UyDN67qUx84N7VKBk6MPOH0ThaCqFZ6ZzoBAegviu8ZBq8eVofUY=w408-h306-k-no,false,7 am–4 pm,7 am–4 pm,7 am–4 pm,Closed,Closed,7 am–4 pm,7 am–4 pm,"https://www.google.com/maps/search/tree+service+businesses+in+Ormond-by-the-Sea+Daytona+Beach+FL/@29.3491449,-81.0664455,14z",2026-04-29T05:34:40.001Z,,,
https://www.google.com/maps/place/The+Red+Bud+Cafe/data=!4m7!3m6!1s0x88e6da471e906e35:0x51850f32f6af0a87!8m2!3d29.2342716!4d-81.016428!16s%2Fg%2F11ggz736fb!19sChIJNW6QHkfa5ogRhwqv9jIPhVE,The Red Bud Cafe,4.8,1547,Restaurant,"317 Seabreeze Blvd, Daytona Beach, FL 32118, United States","6XMM+PC Daytona Beach, Florida, USA",http://theredbud.cafe/,+1 386-888-1974,,LGBTQ+ friendly,https://lh3.googleusercontent.com/gps-cs-s/APNQkAHMUqWrwLPq8iUZWmnMWbiERE5Iv0qr51tT9kA-mS2ngH9NmMThhzsYvz1B-OtcWMOz7kAMsCUSBz4SY1bncpeDXOF0yyyVaaXcpJ1P8xX0uV8mWF0NbyQjgUPy9BgRugzMf1g2YX1Aee1U=w408-h272-k-no,true,,,,,,,,"https://www.google.com/maps/search/tree+service+businesses+in+Pierson+Daytona+Beach+FL/@29.2071029,-81.0196796,14z",2026-04-29T05:35:05.526Z,"Relaxed, cozy outlet serving homemade French crepes alongside eclectic dishes & coffee drinks. · Dine-in · Kerbside pickup · No-contact delivery",,
https://www.google.com/maps/place/Munson+Land+%26+Tree+Services/data=!4m7!3m6!1s0x6f1f5e5be2e3c61f:0x985b32939dc69ae7!8m2!3d28.9999765!4d-81.3285021!16s%2Fg%2F11l1m_xl0z!19sChIJH8bj4lteH28R55rGnZMyW5g,Munson Land & Tree Services,5.0,24,Tree service,,,,+1 386-402-2931,Open 24 hours,,https://lh3.googleusercontent.com/gps-cs-s/APNQkAGG68d7M4R-NePOTbfDDJ6rBcJP-VBPFiHdQou0w3Y95WIxMLWH3Wwrm79ZLdED57Enca5uwfW6oITd7s_jSu3AlBIz3opzMZzre8OoPXYGrl4Qe8du3TPaXqXEnX9T8pGtP9Ef=w408-h544-k-no,true,Open 24 hours,Open 24 hours,Open 24 hours,Open 24 hours,Open 24 hours,Open 24 hours,Open 24 hours,"https://www.google.com/maps/search/tree+service+businesses+in+Pierson+Daytona+Beach+FL/@29.2071029,-81.0196796,14z",2026-04-29T05:35:09.897Z,,,
https://www.google.com/maps/place/Prime+Lawn+Services/data=!4m7!3m6!1s0x8a46db55e0ecb6bf:0xe14681d80e6577df!8m2!3d29.287465!4d-81.1660204!16s%2Fg%2F11vlnq8s0k!19sChIJv7bs4FXbRooR33dlDtiBRuE,Prime Lawn Services,4.5,15,Lawn care service,,,http://prime-lawn-services.square.site/,+1 386-242-2041,Open 24 hours,,https://lh3.googleusercontent.com/gps-cs-s/APNQkAGifd0upGzhHg74FErguC0YrBlclpLtVUBJdKPOqXj2HgcPVfnMAHWSzSD0OWCLLDr72NCHsj6mXJeiwsfjiaJj7X0qih2k7sWVa2gbAO7NzrJDRqSl9mJhDfnXm-PQdy7WTUFwTLSi4io=w425-h240-k-no,true,Open 24 hours,Open 24 hours,Open 24 hours,Open 24 hours,Open 24 hours,Open 24 hours,Open 24 hours,"https://www.google.com/maps/search/tree+service+businesses+in+Pierson+Daytona+Beach+FL/@29.2071029,-81.0196796,14z",2026-04-29T05:35:14.229Z,,,
https://www.google.com/maps/place/Dancing+Avocado+Kitchen+%28daK%29/data=!4m7!3m6!1s0x88e6da2633ab79d3:0xfbdc2ab5f6468039!8m2!3d29.2117425!4d-81.0196144!16s%2Fg%2F1tycxgr_!19sChIJ03mrMyba5ogROYBG9rUq3Ps,Dancing Avocado Kitchen (daK),4.5,967,Vegetarian restaurant,"110 S Beach St, Daytona Beach, FL 32114, United States","6X6J+M5 Daytona Beach, Florida, USA",https://www.dancingavocadokitchen.com/,+1 386-947-2022,Closed · Opens 11 am,,https://lh3.googleusercontent.com/gps-cs-s/APNQkAE9Byky0Z3URazDjTiFWlHIrCzoz683u4ydTjhVnb877ELfON3w6wM6d59bq2qOEQh8rtYddweitfOttvVgFbun1w0O0FjuaZnsd32mbwP4gLQe8Tv48fAUyGIoJ4lD_8eZOx098g=w426-h240-k-no,true,11 am–3 pm,11 am–3 pm,11 am–8 pm,9 am–8 pm,Closed,11 am–3 pm,11 am–3 pm,"https://www.google.com/maps/search/tree+service+businesses+in+Pierson+Daytona+Beach+FL/@29.2071029,-81.0196796,14z",2026-04-29T05:35:18.645Z,Casual breakfast & lunch joint offers global light bites with plenty of vegetarian options. · Dine-in · Takeaway · No-contact delivery,,
https://www.google.com/maps/place/Starlite+Diner/data=!4m7!3m6!1s0x88e6da406921bee5:0xd4542c1db9d4e6f3!8m2!3d29.2323085!4d-81.0110802!16s%2Fg%2F1tdlj384!19sChIJ5b4haUDa5ogR8-bUuR0sVNQ,Starlite Diner,4.5,5329,Diner,"401 N Atlantic Ave, Daytona Beach, FL 32118, United States","6XJQ+WH Daytona Beach, Florida, USA",https://www.starlitedinerdb.com/,+1 386-301-5796,"Closed · Opens 7 am

Updated by this business 4 weeks ago",LGBTQ+ friendly,https://lh3.googleusercontent.com/gps-cs-s/APNQkAEZgKYrxieS3jgzHRHOdxXXAaTzvJUsXobF2w0AYUbrF7P075PN14jHRwafGgyHy5Pw3ZMkIqAd5WQ_zadwNYm1n-kMNTQd8lppc5lMDZCbKZ_QS1_aA7_LU01gkLUqUYBXQQVTDQ=w426-h240-k-no,true,7 am–9 pm,7 am–9 pm,7 am–10 pm,7 am–10 pm,7 am–9 pm,7 am–9 pm,7 am–9 pm,"https://www.google.com/maps/search/tree+service+businesses+in+Pierson+Daytona+Beach+FL/@29.2071029,-81.0196796,14z",2026-04-29T05:35:23.498Z,Iconic 1948 diner dishing up American classics in a retro space with red & white vinyl booths. · Dine-in · Takeaway · Delivery,,
https://www.google.com/maps/place/City+Thrift/data=!4m7!3m6!1s0x88e6dbdcaf64a14b:0xb906c062d30d60ab!8m2!3d29.2193436!4d-81.0493924!16s%2Fg%2F1tflyq8h!19sChIJS6Fkr9zb5ogRq2AN02LABrk,City Thrift,3.6,726,Thrift store,"808 N Nova Rd, Daytona Beach, FL 32117, United States","6X92+P6 Daytona Beach, Florida, USA",http://buythrift.com/,+1 386-257-2611,"Closed · Opens 9 am

Updated by this business 7 weeks ago",,https://lh3.googleusercontent.com/gps-cs-s/APNQkAELS5DbFCLuNbgVHwBEdrKVsZfTsXIvmDQP4MoQlHtv9QT7VzEtGjQaK0fB5BxQ_37YrZYAHGo4Pjhpj0KF014TC9T2YG3FWVylK3nlDwnNUJKgeEHnveDHS2zXZWiGgFLTxQrb=w408-h526-k-no,true,9 am–9 pm,9 am–9 pm,9 am–9 pm,9 am–9 pm,11 am–7 pm,9 am–9 pm,9 am–9 pm,"https://www.google.com/maps/search/tree+service+businesses+in+Pierson+Daytona+Beach+FL/@29.2071029,-81.0196796,14z",2026-04-29T05:35:27.782Z,"Store for secondhand clothing, plus toys, appliances & household items.",,
https://www.google.com/maps/place/Daytona+Outreach+Center+thrift+store/data=!4m7!3m6!1s0x88e6da32867a65fd:0xe2452b89f4ffca0f!8m2!3d29.2361995!4d-81.0367977!16s%2Fg%2F1tsyk_t_!19sChIJ_WV6hjLa5ogRD8r_9IkrReI,Daytona Outreach Center thrift store,4.6,22,Thrift store,"610 Ridgewood Ave, Daytona Beach, FL 32117, United States","6XP7+F7 Daytona Beach, Florida, USA",http://www.daytonaoutreachcenter.com/,+1 386-310-4913,Closed · Opens 10 am,,https://lh3.googleusercontent.com/gps-cs-s/APNQkAEzfP9rg5J9mh8egi46Y8NGo4ek08F8_Wxz8yVsyiRxTPyqfe7rTmdnN0jNHjFhrUm2sKSU7WUsgt0fPE1ryY4VXLkNFJkP9t02awks9Q_GpqiGMwtKqNXyveu1i20nzPR3lP3y=w745-h240-k-no,true,10 am–5 pm,10 am–5 pm,10 am–5 pm,10 am–5 pm,Closed,10 am–5 pm,10 am–5 pm,"https://www.google.com/maps/search/tree+service+businesses+in+Pierson+Daytona+Beach+FL/@29.2071029,-81.0196796,14z",2026-04-29T05:35:32.038Z,,,
https://www.google.com/maps/place/Hilton+Garden+Inn+Daytona+Beach+Airport/data=!4m7!3m6!1s0x88e6d9468aaf0b4f:0x1a73a73531b89221!8m2!3d29.1928791!4d-81.0615867!16s%2Fg%2F1vxf__63!19sChIJTwuvikbZ5ogRIZK4MTWncxo,Hilton Garden Inn Daytona Beach Airport,4.3,995,,"189 Midway Ave, Daytona Beach, FL 32114, United States","5WVQ+59 Daytona Beach, Florida, USA",https://www.hilton.com/en/hotels/dabahgi-hilton-garden-inn-daytona-beach-airport/?SEO_id=GMB-AMER-GI-DABAHGI&y_source=1_MjA4Mjc2My03MTUtbG9jYXRpb24ud2Vic2l0ZQ%3D%3D,+1 386-944-4000,,,https://lh3.googleusercontent.com/gps-cs-s/APNQkAFcCUugD-LKF41U5Z2gEN4MR7cw5415mTOh_xUCdXDqv078dCC10MsG-N4twoZ1wTllL4Ooz85kqjh6tomi-QW_0XGjNS4hBn24OIN_HLoVnyJpazaH9gDg2fNpo9P-H3EqbM0hB8jeoSg=w408-h272-k-no,true,,,,,,,,"https://www.google.com/maps/search/tree+service+businesses+in+Pierson+Daytona+Beach+FL/@29.2071029,-81.0196796,14z",2026-04-29T05:35:34.561Z,,,
https://www.google.com/maps/place/All+seasons+land+clearing+and+dump+services/data=!4m7!3m6!1s0x23cf9dd74d9fa201:0x5956655d8bdf58b0!8m2!3d29.4328015!4d-81.176965!16s%2Fg%2F11k9ffb9_x!19sChIJAaKfTdedzyMRsFjfi11lVlk,All seasons land clearing and dump services,,,Landscaper,,,,+1 386-569-8876,Closed · Opens 8 am,,https://lh3.googleusercontent.com/gps-cs-s/APNQkAG-ITqfu-CBiilng3FBNQRoDT175CY2bLmlLIL8aeLPvV4qgQAa5w1OOBh-6Fr7Dkvh5RVgpATYfjiLoD1z0URdCAg5S6wT0fSOCi21okZQBvEm5ErXYkjKiMzpuJvJPZx24m8a=w426-h240-k-no,true,8 am–5 pm,8 am–5 pm,8 am–5 pm,Closed,Closed,8 am–5 pm,8 am–5 pm,"https://www.google.com/maps/search/tree+service+businesses+in+Pierson+Daytona+Beach+FL/@29.2071029,-81.0196796,14z",2026-04-29T05:35:38.726Z,,,
https://www.google.com/maps/place/M3+Services/data=!4m7!3m6!1s0x88e6dbc07b9d06c7:0xf3bab79c30bb5e37!8m2!3d29.0225621!4d-81.172182!16s%2Fg%2F11q2jzh9sh!19sChIJxwade8Db5ogRN167MJy3uvM,M3 Services,5.0,5,Handyman/Handywoman/Handyperson,,,,+1 386-233-5966,Closed · Opens 8 am,,https://lh3.googleusercontent.com/gps-cs-s/APNQkAEc08fJR4nQiMhE-NwgLxelEqWSJ9p9IEb6tjeJmcwSZUC-Tbe9_DuF59RQmNL7_uUjCeicjfXvMNy3qg0orpH0WGa32q_ZSD0TTKl-TZ9-U0DN3v6VKzrfNWTVJ8aVTMzsQk8naw=w408-h544-k-no,true,8 am–5 pm,8 am–5 pm,8 am–5 pm,7 am–5 pm,Closed,8 am–5 pm,8 am–5 pm,"https://www.google.com/maps/search/tree+service+businesses+in+Pierson+Daytona+Beach+FL/@29.2071029,-81.0196796,14z",2026-04-29T05:35:43.136Z,,,
https://www.google.com/maps/place/Gretchen%27s+Hallmark+Shop/data=!4m7!3m6!1s0x88e6d945c02be93d:0x798c575c85cac245!8m2!3d29.1966091!4d-81.063801!16s%2Fg%2F1tdp18n5!19sChIJPekrwEXZ5ogRRcLKhVxXjHk,Gretchen's Hallmark Shop,4.6,123,Greeting card shop,"Volusia Mall, 1700 W International Speedway Blvd Suite 566, Daytona Beach, FL 32114, United States","5WWP+JF Daytona Beach, Florida, USA",https://gretchenshallmark.com/,+1 386-257-4002,Closed · Opens 11 am,,https://lh3.googleusercontent.com/gps-cs-s/APNQkAEXnUaSISYSNHTk4FV3_vwpho2ED3WPcy3ID54Hxy2pqgtk-o0sPN9c8j6J4OfqaXJSpTZDW-QUczMRC18yx1zDfyjTfjdpUr16p02ApkWHvolPHynH0IlK_-Aq4vLCKAYr9DSSgQ=w408-h544-k-no,true,11 am–8 pm,11 am–8 pm,11 am–8 pm,11 am–8 pm,12–6 pm,11 am–8 pm,11 am–8 pm,"https://www.google.com/maps/search/tree+service+businesses+in+Pierson+Daytona+Beach+FL/@29.2071029,-81.0196796,14z",2026-04-29T05:35:48.164Z,"Retail chain specializing in greeting cards, gift wrap, ornaments & gifts for all occasions. · In-store shopping",,
https://www.google.com/maps/place/Arepita+Beach/data=!4m7!3m6!1s0x88e6db6100d1ad51:0xc4c92e785c6416fa!8m2!3d29.2136306!4d-81.0202636!16s%2Fg%2F11fnwfq32c!19sChIJUa3RAGHb5ogR-hZkXHguycQ,Arepita Beach,4.5,637,Venezuelan restaurant,"174 N Beach St, Daytona Beach, FL 32114, United States","6X7H+FV Daytona Beach, Florida, USA",https://www.arepitabeachdaytona.com/,+1 386-675-2288,"Closed · Opens 9 am

Updated by this business 6 weeks ago",,https://lh3.googleusercontent.com/gps-cs-s/APNQkAF1vHbCAK5DOgSiOCuObeoDkuxo3j8gD08uKorxOF3YhyOdja2zWx90lIuQ2ZRVAgPwZOjstMLl3cUWn_z3dM4PrIqNZEVH-LMBa1lPtCuohGciz2nx57rftPHOjnJDwYfIdC0=w408-h544-k-no,true,9 am–6 pm,9 am–9 pm,9 am–9 pm,9 am–9 pm,9 am–7 pm,9 am–6 pm,9 am–6 pm,"https://www.google.com/maps/search/tree+service+businesses+in+Pierson+Daytona+Beach+FL/@29.2071029,-81.0196796,14z",2026-04-29T05:35:52.796Z,· Dine-in · Drive-through · No-contact delivery,,
https://www.google.com/maps/place/Olive+Garden+Italian+Restaurant/data=!4m7!3m6!1s0x88e6d948c63a92a1:0x563b4223d902e1b8!8m2!3d29.1938509!4d-81.0658519!16s%2Fg%2F1pp2t_wyp!19sChIJoZI6xkjZ5ogRuOEC2SNCO1Y,Olive Garden Italian Restaurant,4.4,4412,Italian restaurant,"1780 W International Speedway Blvd, Daytona Beach, FL 32114, United States","5WVM+GM Daytona Beach, Florida, USA",https://www.olivegarden.com/locations/fl/daytona-beach/daytona-beach/4460?cmpid=br:og_ag:ie_ch:loc_ca:OGGMB_sn:gmb_gt:daytona-beach-fl-4460_pl:locurl_rd:1800,+1 386-255-0019,"Closed · Opens 11 am

Confirmed by this business 2 weeks ago",,https://lh3.googleusercontent.com/gps-cs-s/APNQkAGhLdGkaSNRjCS0kv2o0bqmmdZdOEtSCoF1xwtmPoi2WXI6tNArQ4sZS5qo71DHuF2Kkc9wG1qINrN7VYHL8X3F0UbgHXRpaswRE1xG5_mxCkrt_oEJuPvB7Dw90YNNzAGDVfeD=w408-h541-k-no,true,11 am–10 pm,11 am–10 pm,11 am–11 pm,11 am–11 pm,11 am–10 pm,11 am–10 pm,11 am–10 pm,"https://www.google.com/maps/search/tree+service+businesses+in+Pierson+Daytona+Beach+FL/@29.2071029,-81.0196796,14z",2026-04-29T05:35:57.592Z,"Lively, family-friendly chain featuring Italian standards such as pastas & salads. · Dine-in · Kerbside pickup · No-contact delivery",,
,,,,,,,,,,,,,,,,,,,,"https://www.google.com/maps/search/tree+service+businesses+in+Oak+Hill+Daytona+Beach+FL/@29.2071029,-81.0196796,14z",2026-04-29T05:36:39.195Z,,,No new results found
,,,,,,,,,,,,,,,,,,,,"https://www.google.com/maps/search/tree+service+businesses+in+Mims+Daytona+Beach+FL/@29.2071029,-81.0196796,14z",2026-04-29T05:37:25.558Z,,,No new results found