placeUrl,title,rating,reviewCount,category,address,plusCode,website,phoneNumber,currentStatus,info,imgUrl,isClaimed,wednesday,thursday,friday,saturday,sunday,monday,tuesday,query,timestamp,attributes,isBlackOwned,error
https://www.google.com/maps/place/Prime+Landscapers/data=!4m7!3m6!1s0x89d37365e96db6ef:0x6a4e076ff5b46c0b!8m2!3d42.976846!4d-78.814735!16s%2Fg%2F11rfqmthjn!19sChIJ77Zt6WVz04kRC2y09W8HTmo,Prime Landscapers,4.9,61,Landscaper,"163 Emerson Dr, Buffalo, NY 14226, United States","X5GP+P4 Buffalo, New York, USA",https://primelandscapers.com/,+1 716-404-5544,Open 24 hours,LGBTQ+ friendly,https://lh3.googleusercontent.com/gps-cs-s/APNQkAF8G4wUvX7HnfWOvpuwLBpv0oeN32A3mEnGwk31RxT-l7OSnC0xRH_m8ybyHnVgv8uC2VY6qQsvw72niGuQuGw8-GaBR8cjlcyW0XvOe54-fp1glDDrmQNlW__ejdxp8lPttCVe=w408-h306-k-no,true,Open 24 hours,Open 24 hours,Open 24 hours,Open 24 hours,Open 24 hours,Open 24 hours,Open 24 hours,"https://www.google.com/maps/search/commercial+landscaping+businesses+in+North+Buffalo+Buffalo+NY/@42.9509105,-78.8488584,14z",2026-04-29T18:49:27.585Z,,,
https://www.google.com/maps/place/Silbak+Plowing+%26+Landscaping/data=!4m7!3m6!1s0x89d36d667ac5e1fb:0x973576ca71e18038!8m2!3d42.945669!4d-78.7553929!16s%2Fg%2F11h07dfjgp!19sChIJ--HFemZt04kROIDhccp2NZc,Silbak Plowing & Landscaping,4.7,75,Landscaper,,,https://silbakplowinglandscaping.com/,+1 716-575-2670,Open · Closes 9 pm,,https://lh3.googleusercontent.com/gps-cs-s/APNQkAHtEXpo5Eo6-lJCNpDEYcDB5Udgb0U11gdFClyntmX2BQnbyFsxqNfp-ch1yKyT6zQ81eALU27DbT1AM54IMbje1KBxHSvNYyHiI1pk2hGuEa-OR4czWcIGZcM3mIwz9FhXdUqC=w426-h240-k-no,true,8 am–9 pm,8 am–9 pm,8 am–9 pm,8 am–9 pm,8 am–9 pm,8 am–9 pm,8 am–9 pm,"https://www.google.com/maps/search/commercial+landscaping+businesses+in+North+Buffalo+Buffalo+NY/@42.9509105,-78.8488584,14z",2026-04-29T18:49:33.114Z,,,
https://www.google.com/maps/place/Landscape+For+Less+of+Western+New+York/data=!4m7!3m6!1s0x89d30d5a0e65262f:0xdb65fb0addca6dd9!8m2!3d42.9427047!4d-78.7846761!16s%2Fg%2F11ftvtwq86!19sChIJLyZlDloN04kR2W3K3Qr7Zds,Landscape For Less of Western New York,4.8,68,Landscaper,"3620 Harlem Rd Suite 17, Buffalo, NY 14215, United States","W6V8+34 Buffalo, New York, USA",http://landscapeforlesswny.com/,+1 716-339-9230,"Closes soon · 3 pm · Opens 8 am Thu

Updated by this business 7 weeks ago",,https://lh3.googleusercontent.com/gps-cs-s/APNQkAHKQSJAeHQkmUeoPEktXMEH_MAK0F4vuUesiF8uz4Kj_GwRNTx6N3tsRtkM9KcQ0GhaNx0HLzvVKDDeO6_kGVE3Rt3fweIBUctzYwf37MCOjZdGlVizXxfwgaxhfy2hpqbBpOAl=w408-h306-k-no,true,8 am–3 pm,8 am–3 pm,8 am–3 pm,8 am–3 pm,Closed,8 am–3 pm,8 am–3 pm,"https://www.google.com/maps/search/commercial+landscaping+businesses+in+North+Buffalo+Buffalo+NY/@42.9509105,-78.8488584,14z",2026-04-29T18:49:38.174Z,,,
https://www.google.com/maps/place/Percy%27s+Lawn+Care+and+Son/data=!4m7!3m6!1s0x89d372c83e778f89:0x32801232f67e195a!8m2!3d42.7852054!4d-78.8862675!16s%2Fg%2F11cmglw_3t!19sChIJiY93Pshy04kRWhl-9jISgDI,Percy's Lawn Care and Son,4.9,51,Lawn care service,,,http://www.percyslawncare.com/,+1 716-245-5296,Open · Closes 6 pm,,https://lh3.googleusercontent.com/gps-cs-s/APNQkAEy2kLFiWp8AuLrslBQt7k4V-DCPOZN7yhG-T6O9MhNC8XFCuwSsKHWv6BAlD4h4hMJmO8TpelLLCkiikmVUYNi-FOEwoXxa7wRueH3Qv4jBDCb5iiDKtwYme6x6SKazpdjBlJ2=w408-h306-k-no,true,7 am–6 pm,7 am–6 pm,7 am–6 pm,7 am–6 pm,Closed,7 am–6 pm,7 am–6 pm,"https://www.google.com/maps/search/commercial+landscaping+businesses+in+North+Buffalo+Buffalo+NY/@42.9509105,-78.8488584,14z",2026-04-29T18:49:42.868Z,,,
https://www.google.com/maps/place/Redefine+Landscaping/data=!4m7!3m6!1s0x89d30ac97d8359ed:0xb1e6b74bc2557945!8m2!3d42.8915574!4d-78.7553929!16s%2Fg%2F1tfjm2z_!19sChIJ7VmDfckK04kRRXlVwku35rE,Redefine Landscaping,4.8,224,Landscape designer,,,https://redefinelandscaping.com/,+1 716-899-5995,Open 24 hours,,https://lh3.googleusercontent.com/gps-cs-s/APNQkAFy_SRxh3TTIxzP0rQa0o5E-Mnp9RHgdPP17UpqBKRM090ZbTTKtBkjxVALCmy52wrZKjbye1vGPNM7iW-EUlqa-9yMcVDvRZja7MxdcclUVg4NSoEGba7VeKXN6BORGVZoVzIn=w548-h240-k-no,true,Open 24 hours,Open 24 hours,Open 24 hours,Open 24 hours,Open 24 hours,Open 24 hours,Open 24 hours,"https://www.google.com/maps/search/commercial+landscaping+businesses+in+North+Buffalo+Buffalo+NY/@42.9509105,-78.8488584,14z",2026-04-29T18:49:47.655Z,,,
https://www.google.com/maps/place/Gaelic+Clover+Landscape+Design+LLC/data=!4m7!3m6!1s0x89d313ab132dea01:0x86a704b0d4813c7f!8m2!3d42.9394707!4d-78.8670915!16s%2Fg%2F11tbvxjzq7!19sChIJAeotE6sT04kRfzyB1LAEp4Y,Gaelic Clover Landscape Design LLC,5.0,14,Landscape architect,"2025 Delaware Ave Apartment 1G, Buffalo, NY 14216, United States","W4QM+Q5 Buffalo, New York, USA",http://gaeliccloverlandscapedesign.com/,+1 716-245-4451,Open · Closes 7 pm,LGBTQ+ friendly,https://lh3.googleusercontent.com/gps-cs-s/APNQkAFKWPRFK1zNLFSNA5sR5upxShh1szkXh0LQoycqDauz6ddPsNG6EnLjHOanjCfrfe-Z_uMfy0bHficVmzNCqmOSNBTn2KJRfolpCl0slrLpmFLMonNnUz2qI1A_ti_HulgGOyHZfQ=w408-h306-k-no,true,9 am–7 pm,9 am–7 pm,9 am–3 pm,10 am–4 pm,11 am–4 pm,9 am–7 pm,9 am–7 pm,"https://www.google.com/maps/search/commercial+landscaping+businesses+in+North+Buffalo+Buffalo+NY/@42.9509105,-78.8488584,14z",2026-04-29T18:49:52.460Z,,,
https://www.google.com/maps/place/TAJ+Landscaping/data=!4m7!3m6!1s0x8969ab07f59f71a7:0xd92b865f79019ae2!8m2!3d42.936389!4d-78.808256!16s%2Fg%2F11ymt6qhbm!19sChIJp3Gf9QeraYkR4poBeV-GK9k,TAJ Landscaping,5.0,20,Landscaper,"141 Hastings Ave, Buffalo, NY 14215, United States","W5PR+HM Buffalo, New York, USA",https://tajlandscaping.com/?utm_source=GMB&utm_medium=local_search&utm_campaign=organic&utm_id=1,+1 716-709-1440,Open 24 hours,,https://lh3.googleusercontent.com/gps-cs-s/APNQkAGd9lZP64y_EF3KednxqESp4MaOs1qZ4hGBCAyULon1BGYdvymZ-n_zlFaL-PunOtb-uc2zLIdhJj0u5WC9IJ2bIqeO6o4JlRf6ArHVOsK2D9JgGV7SQGt6x-LWPbfJ47YZwh1JiTd9eU8x=w408-h306-k-no,true,Open 24 hours,Open 24 hours,Open 24 hours,Open 24 hours,Closed,Open 24 hours,Open 24 hours,"https://www.google.com/maps/search/commercial+landscaping+businesses+in+North+Buffalo+Buffalo+NY/@42.9509105,-78.8488584,14z",2026-04-29T18:49:57.385Z,,,
https://www.google.com/maps/place/CSA+Landscaping+%26+Plowing/data=!4m7!3m6!1s0x89d373c220cf8bfd:0xa9d359de5d0e5318!8m2!3d42.9528833!4d-78.749954!16s%2Fg%2F11t38b5pfg!19sChIJ_YvPIMJz04kRGFMOXd5Z06k,CSA Landscaping & Plowing,5.0,44,Landscaper,"134 N Linden St, Buffalo, NY 14221, United States","X732+52 Buffalo, New York, USA",https://csalandscapingplowing.com/,+1 716-259-5100,Open · Closes 9 pm,,https://lh3.googleusercontent.com/gps-cs-s/APNQkAE0V3Z1W3fMkuUODTJsnJFuQy3rfyXbIfne8T1Dz5UgELa1ssSZcD2IJuYscGC97TyRUvExqbOynO4oVoIrx0jNQ60CwSQIQhit8IfsBQabnDkvujJXZkqrt3fDXDM6E6uH4aNYLeC1HlGf=w408-h306-k-no,true,8 am–9 pm,8 am–9 pm,8 am–9 pm,8 am–9 pm,8 am–9 pm,8 am–9 pm,8 am–9 pm,"https://www.google.com/maps/search/commercial+landscaping+businesses+in+North+Buffalo+Buffalo+NY/@42.9509105,-78.8488584,14z",2026-04-29T18:50:02.155Z,,,
https://www.google.com/maps/place/Ground+Control/data=!4m7!3m6!1s0x89d36d3906cb2b15:0xe820dec8ae3c6f3d!8m2!3d42.9525431!4d-78.8641106!16s%2Fg%2F11bx48czb_!19sChIJFSvLBjlt04kRPW88rsjeIOg,Ground Control,4.5,8,Lawn care service,"169 Virgil Ave, Buffalo, NY 14216, United States","X43P+29 Buffalo, New York, USA",,+1 716-400-4899,Open 24 hours,,https://lh3.googleusercontent.com/gps-cs-s/APNQkAEQcpOBus0Y6yK3ow6yM4SyMnODWCKgvFWaqWhbggYpQfJthlCY2x9Wctuw8XcKBtQ_tABK0o--XbaaHT1pXBer8TFO_6MJXIhD4Qh2cYEsBRfqwAkzni3IL_OoPKxTOr8zXsQZtQ=w408-h272-k-no,true,Open 24 hours,Open 24 hours,Open 24 hours,Open 24 hours,Open 24 hours,Open 24 hours,Open 24 hours,"https://www.google.com/maps/search/commercial+landscaping+businesses+in+North+Buffalo+Buffalo+NY/@42.9509105,-78.8488584,14z",2026-04-29T18:50:06.979Z,,,
"https://www.google.com/maps/place/Elbers+Landscape+Service,+Inc./data=!4m7!3m6!1s0x89d37333d83fd173:0x4229caccf36ce3c8!8m2!3d42.9450149!4d-78.8334976!16s%2Fg%2F11h1ybhbc1!19sChIJc9E_2DNz04kRyONs88zKKUI","Elbers Landscape Service, Inc.",5.0,1,Landscaper,"2900 Main Rd, Buffalo, NY 14214, United States","W5W8+2J Buffalo, New York, USA",https://elberslandscape.com/,+1 716-834-2167,Open · Closes 5 pm,,https://lh3.googleusercontent.com/gps-cs-s/APNQkAHaxANXvNoaUsTviZxULy0LPx_6MlFcBYIpW26XrxbKLEqVm5yWZMkCaSvkvXYOVHv2VJbxMV6OrS7sBY47L6o5unJiEAvElDzBhk0gUJlo4vkR6Fwrv2SWizqVPF2snB6oaQ5-yA=w408-h272-k-no,true,8:30 am–5 pm,8:30 am–5 pm,8:30 am–5 pm,Closed,Closed,8:30 am–5 pm,8:30 am–5 pm,"https://www.google.com/maps/search/commercial+landscaping+businesses+in+North+Buffalo+Buffalo+NY/@42.9509105,-78.8488584,14z",2026-04-29T18:50:11.790Z,,,
https://www.google.com/maps/place/KD+Landscaping+and+Snow+Plowing/data=!4m7!3m6!1s0x89d36d3906cb2b15:0x59757d341f676331!8m2!3d42.944568!4d-78.826224!16s%2Fg%2F11bwhb7057!19sChIJFSvLBjlt04kRMWNnHzR9dVk,KD Landscaping and Snow Plowing,4.8,430,Landscaper,,,https://kdlandscapingandsnowplowingbuffalo.com/,+1 716-400-4369,Open 24 hours,LGBTQ+ friendly,https://lh3.googleusercontent.com/gps-cs-s/APNQkAFyVq4MgHL1VJDKyHcNt2SBjuZWylVZfK5jq_LXbzH2oBjriNCAWUbd6Du2duSv1Wwut9uy8XxEtdHdbWhr1py54z2y7rD2poNJ40kAuiWaJCGyjHBeZB7wCMnbnQ6IHaqgKtmyNsDMXjBy=w408-h544-k-no,true,Open 24 hours,Open 24 hours,Open 24 hours,Open 24 hours,Open 24 hours,Open 24 hours,Open 24 hours,"https://www.google.com/maps/search/commercial+landscaping+businesses+in+North+Buffalo+Buffalo+NY/@42.9509105,-78.8488584,14z",2026-04-29T18:50:16.465Z,,,
https://www.google.com/maps/place/Lud%27s+Landscaping+Inc/data=!4m7!3m6!1s0x89d31303f6596beb:0xb917e5fe526d5d20!8m2!3d42.9099673!4d-78.8892726!16s%2Fg%2F1vf9dbrk!19sChIJ62tZ9gMT04kRIF1tUv7lF7k,Lud's Landscaping Inc,4.3,46,Landscaper,"320 Rhode Island St #2234, Buffalo, NY 14213, United States","W456+X7 Buffalo, New York, USA",http://www.ludslandscaping.com/,+1 716-885-2285,Open · Closes 4:30 pm,,https://lh3.googleusercontent.com/gps-cs-s/APNQkAF5TjcbiSET7ngry1qSA1pXBIvAL5b9W6cq15SrnK4Y4wdFuES9tKEPBjJYXGef5Nx3W9pHPU_fuhRyL0gOPAA9hwfhaypoxLs4dgYmSjh15bNEwEvOPZtG4CGZDBcc03jwGB69=w408-h306-k-no,true,8 am–4:30 pm,8 am–4:30 pm,8 am–4:30 pm,8 am–12 pm,Closed,8 am–4:30 pm,8 am–4:30 pm,"https://www.google.com/maps/search/commercial+landscaping+businesses+in+North+Buffalo+Buffalo+NY/@42.9509105,-78.8488584,14z",2026-04-29T18:50:21.321Z,,,
"https://www.google.com/maps/place/Reinhart+Enterprises+Landscaping+and+Lawn+Care,+LLC/data=!4m7!3m6!1s0x89d372e51b42f93b:0xe190d9e5df2c33a1!8m2!3d42.9612744!4d-78.802144!16s%2Fg%2F1s04j486_!19sChIJO_lCG-Vy04kRoTMs3-XZkOE","Reinhart Enterprises Landscaping and Lawn Care, LLC",3.8,76,Lawn care service,"92 Chassin Ave, Amherst, NY 14226, United States","X56X+G4 Eggertsville, New York, USA",http://www.reinhartlandscaping.com/,+1 716-207-2352,"Open · Closes 4 pm

Confirmed by this business 4 weeks ago",,https://lh3.googleusercontent.com/gps-cs-s/APNQkAFEOUx5tLdStgx7YNYZsMazrKkgq1OZpxVlArKUHkzzselTk127W0ylU2bTUhWJpcBEZUz7chw011_dUWXG1iEGPfdaDEscW27KxTsg6JxQZH72RhbbZWXEPXEOaw4kHOsscjVW1Q=w408-h544-k-no,true,9 am–4 pm,9 am–4 pm,9 am–4 pm,Closed,Closed,9 am–4 pm,9 am–4 pm,"https://www.google.com/maps/search/commercial+landscaping+businesses+in+North+Buffalo+Buffalo+NY/@42.9509105,-78.8488584,14z",2026-04-29T18:50:26.112Z,,,
https://www.google.com/maps/place/JD+Landscaping+%26+Snowplowing/data=!4m7!3m6!1s0x45541e16609299d1:0x75be941acdc08611!8m2!3d42.7502535!4d-79.0893384!16s%2Fg%2F11md50hrsk!19sChIJ0ZmSYBYeVEUREYbAzRqUvnU,JD Landscaping & Snowplowing,5.0,40,Landscaper,,,https://jdlandscapingny.com/,+1 716-906-6463,Open 24 hours,LGBTQ+ friendly,https://lh3.googleusercontent.com/gps-cs-s/APNQkAFZ6vZhn-9Klz09jk_CGXdbkmvB7Lq8AKdZfAsWHuNFrxpRa6DGpVn2VH2q6HtQqF_fYLTQWDlJO3BozLBs0XVcppE16jbnT6Kn7S2ZSPhIBy2BX2IZcqJb95iY8nTGzgMc54EdkQ=w408-h306-k-no,true,Open 24 hours,Open 24 hours,Open 24 hours,Open 24 hours,Open 24 hours,Open 24 hours,Open 24 hours,"https://www.google.com/maps/search/commercial+landscaping+businesses+in+North+Buffalo+Buffalo+NY/@42.9509105,-78.8488584,14z",2026-04-29T18:50:30.901Z,,,
https://www.google.com/maps/place/Fresh+Cut+Lawn+%26+Landscape/data=!4m7!3m6!1s0x40166b04be6717c1:0x1c15b616e639188d!8m2!3d42.9654562!4d-78.8747988!16s%2Fg%2F11vs3sgg_k!19sChIJwRdnvgRrFkARjRg55ha2FRw,Fresh Cut Lawn & Landscape,4.6,22,Landscaper,"115 Wabash Ave, Kenmore, NY 14217, United States","X48G+53 Kenmore, New York, USA",https://www.freshcutwny.com/,+1 716-799-5375,"Open · Closes 5 pm

Updated by this business 2 weeks ago",LGBTQ+ friendly,https://lh3.googleusercontent.com/gps-cs-s/APNQkAGgezstR2AsYrk0VDt-Hg6M7q_XgTLhR7YLl0YTjlgnuwXdm9-ZVl5c8eIJmRZjTeD0Gsl8-bwjgiVbjTKZJwDTTtfpTb0jttgpQDZkKoEsYBnjaOv22xVJKRP3JDN69QmjfiR5=w457-h240-k-no,true,9 am–5 pm,9 am–5 pm,9 am–5 pm,9 am–5 pm,9 am–5 pm,9 am–5 pm,9 am–5 pm,"https://www.google.com/maps/search/commercial+landscaping+businesses+in+North+Buffalo+Buffalo+NY/@42.9509105,-78.8488584,14z",2026-04-29T18:50:35.867Z,,,
https://www.google.com/maps/place/Samis+landscaping+LLC/data=!4m7!3m6!1s0x21fc200fa32ff655:0x83424c719e9d90d7!8m2!3d42.9177784!4d-78.7553929!16s%2Fg%2F11vz30gq87!19sChIJVfYvow8g_CER15CdnnFMQoM,Samis landscaping LLC,5.0,70,Landscaper,,,http://samislandscapingllc.com/,+1 716-463-1071,Open · Closes 11 pm,,https://lh3.googleusercontent.com/gps-cs-s/APNQkAGrOAWQPvYAhiW2rued2U0R_-Li_5WnYxgNevMfdQolhqaIhpzXWrtx2OFxaDWGUmPkK0ZUaaZaeTAaSeOTGN6Vlc3FdIr3ermgr72Gga1wTAfgPltswUFZyou8V9WdNROv60xSlsE9BM0O=w426-h240-k-no,true,5 am–11 pm,5 am–11 pm,5 am–11 pm,12 am–11 pm,5 am–11 pm,5 am–11 pm,5 am–11 pm,"https://www.google.com/maps/search/commercial+landscaping+businesses+in+North+Buffalo+Buffalo+NY/@42.9509105,-78.8488584,14z",2026-04-29T18:50:40.504Z,,,
https://www.google.com/maps/place/Green%27s+Landscaping+%26+Services+LLC/data=!4m7!3m6!1s0x89d313c53db1ce01:0xbbc63296e64841c3!8m2!3d42.9104881!4d-78.886248!16s%2Fg%2F11m59sdf7t!19sChIJAc6xPcUT04kRw0FI5pYyxrs,Green's Landscaping & Services LLC,4.6,45,Lawn care service,"43 Bremen St, Buffalo, NY 14213, United States","W467+5G Buffalo, New York, USA",https://www.greens-landscaping-services.com/,+1 716-816-8725,Open 24 hours,,https://lh3.googleusercontent.com/gps-cs-s/APNQkAH4Mod76ibMsPqhBI5gVHsWAkBYWp_C9CNeKm8voZInN5A1A1znCp-THeLvlPZ0KskPhpQsFD5aU_UyDdJRZlOhqqYx_DoDaSISQ_ydtJhV0NcV0OddC7YlH7MfR1mckdnH5YLC5VUhdatD=w408-h286-k-no,true,Open 24 hours,Open 24 hours,Open 24 hours,Open 24 hours,Open 24 hours,Open 24 hours,Open 24 hours,"https://www.google.com/maps/search/commercial+landscaping+businesses+in+North+Buffalo+Buffalo+NY/@42.9509105,-78.8488584,14z",2026-04-29T18:50:45.302Z,,,
https://www.google.com/maps/place/716+Lawn+Care/data=!4m7!3m6!1s0x89d36f994fdab8d3:0x8c9ff098dedb859a!8m2!3d42.9514165!4d-78.8950604!16s%2Fg%2F11mz7xdk00!19sChIJ07jaT5lv04kRmoXb3pjwn4w,716 Lawn Care,5.0,12,Landscape designer,,,https://716lawncare.com/,+1 716-466-9969,Open 24 hours,LGBTQ+ friendly,https://lh3.googleusercontent.com/gps-cs-s/APNQkAFhKxpJEAdtRs5HMpzFG_ssJKnJXwbXAK9e4zR6EK5m-Xrggwa_c3g350-Ig_5i5sNG4ZAgUGZLyXtC-4AllXd8OvYhtPUSaxkxJtZJkbb5aXyp-8OhrLCgpcW3rMjy9d_z5MStNUogtUIz=w408-h272-k-no,true,Open 24 hours,Open 24 hours,Open 24 hours,Open 24 hours,Closed,Open 24 hours,Open 24 hours,"https://www.google.com/maps/search/commercial+landscaping+businesses+in+North+Buffalo+Buffalo+NY/@42.9509105,-78.8488584,14z",2026-04-29T18:50:50.024Z,,,
https://www.google.com/maps/place/Starlite+Snow+Removal+%26+Lawn+Care+LLC/data=!4m7!3m6!1s0x22b2a8f2940c3bed:0x66305cd93938cf32!8m2!3d42.9476829!4d-78.8783686!16s%2Fg%2F11t76jd_f5!19sChIJ7TsMlPKosiIRMs84OdlcMGY,Starlite Snow Removal & Lawn Care LLC,4.8,19,Landscaper,"WNY, Buffalo, NY 14216, United States","W4XC+3M Buffalo, New York, USA",,+1 716-348-8597,Open · Closes 7 pm,,https://lh3.googleusercontent.com/gps-cs-s/APNQkAEKmqadWaoqWfZVBWYb1izU7FI25fMYJm3aAksMXvv3XdQpA-kXdeEv6_AqVQ07sXE0JZWBCNbas_Sb5OK18Xag12aKfc-w101ZlkPvjep0Q_JQ3OpG4AqdDZRM1OGS7MqYrEqO=w602-h240-k-no,true,6 am–7 pm,6 am–7 pm,6 am–7 pm,9 am–3 pm,9 am–2:30 pm,6 am–7 pm,6 am–7 pm,"https://www.google.com/maps/search/commercial+landscaping+businesses+in+North+Buffalo+Buffalo+NY/@42.9509105,-78.8488584,14z",2026-04-29T18:50:54.860Z,,,
https://www.google.com/maps/place/Buffalo+Landscaping+Service/data=!4m7!3m6!1s0x89d36d298ba5b929:0x8b059a311bb831e!8m2!3d42.9064155!4d-78.818409!16s%2Fg%2F11c1s3yybr!19sChIJKbmliylt04kRHoO7EaNZsAg,Buffalo Landscaping Service,4.0,4,Landscaper,,,http://www.buffalolandscapingservice.com/,+1 716-219-0940,Open · Closes 7 pm,,https://lh3.googleusercontent.com/gps-cs-s/APNQkAFolVIpWZcLrIJYmMKTZAWgiAZxXIJHkaIMATlp17qzXq3xfplXKDFsmgEcOpN1e9-1ZgHF6j--Xq9_ypmTVYfOphgpHFX2r4FHBJ-z6CQ1wiPaXSm0-OJmC_dVPkXTXR6t2V5_=w408-h273-k-no,true,7 am–7 pm,7 am–7 pm,7 am–7 pm,7 am–7 pm,Closed,7 am–7 pm,7 am–7 pm,"https://www.google.com/maps/search/commercial+landscaping+businesses+in+North+Buffalo+Buffalo+NY/@42.9509105,-78.8488584,14z",2026-04-29T18:50:59.669Z,,,
https://www.google.com/maps/place/10x+Landscaping+%26+Snow+Plowing+Service/data=!4m7!3m6!1s0x2d90b826beeece5:0x3c8c100355ac8e02!8m2!3d42.7919665!4d-78.7267344!16s%2Fg%2F11krhs_592!19sChIJ5ezua4IL2QIRAo6sVQMQjDw,10x Landscaping & Snow Plowing Service,5.0,41,Landscape designer,,,https://10xlandscaping.com/,+1 716-303-3595,Open · Closes 5:30 pm,,https://lh3.googleusercontent.com/gps-cs-s/APNQkAGaJbwuA8a4Toa7T995H2TSsW9oIR27eKKno5MkdtgnCBrUIzg6RxjXddfLFbEyXAvNFjef4UQUGkQK2t46iEqwtLgLLjB5ymtCO0OO9dUNcs0Uns7QjxSsqb0UwAzN1e26VaPqII_WpRAP=w408-h308-k-no,true,9 am–5:30 pm,9 am–5:30 pm,9 am–5:30 pm,9 am–5:30 pm,Closed,9 am–5:30 pm,9 am–5:30 pm,"https://www.google.com/maps/search/commercial+landscaping+businesses+in+North+Buffalo+Buffalo+NY/@42.9509105,-78.8488584,14z",2026-04-29T18:51:04.407Z,,,
https://www.google.com/maps/place/ALs+Property+Services/data=!4m7!3m6!1s0x2885ef429409d267:0x31fab553fd68d32e!8m2!3d42.9177784!4d-78.7553929!16s%2Fg%2F11kb3n24pm!19sChIJZ9IJlELvhSgRLtNo_VO1-jE,ALs Property Services,5.0,37,Landscape designer,,,http://alspropertyservices716.com/,+1 716-444-2545,Open · Closes 7 pm,,https://lh3.googleusercontent.com/gps-cs-s/APNQkAGlFbHufKqoRshFdGU9VXfJjRUE9VEO9HnU6uaiYXTqKiJllYv2ta3TVK0vY6wX3puyPuLyq3XYrbtJE4E493lHMIX9-AjO5cjOjxyVtJnsCoEVDaFNUu7garHrAfxOGW0K6ml91D-wevBs=w426-h240-k-no,true,7 am–7 pm,7 am–7 pm,7 am–7 pm,7 am–7 pm,Closed,7 am–7 pm,7 am–7 pm,"https://www.google.com/maps/search/commercial+landscaping+businesses+in+North+Buffalo+Buffalo+NY/@42.9509105,-78.8488584,14z",2026-04-29T18:51:09.004Z,,,
https://www.google.com/maps/place/O%27Donnell+Landscapes/data=!4m7!3m6!1s0x89d30982d086f863:0x6766f9275206ef03!8m2!3d42.8381075!4d-78.6995655!16s%2Fg%2F1hc7d2sdv!19sChIJY_iG0IIJ04kRA-8GUif5Zmc,O'Donnell Landscapes,4.8,105,Landscaper,"500 Bullis Rd, Buffalo, NY 14224, United States","R8Q2+65 Buffalo, New York, USA",http://odonnell-landscapes.com/,+1 716-675-6670,Open · Closes 5 pm,,https://lh3.googleusercontent.com/gps-cs-s/APNQkAHPuHdPx6KQJJQCj91pRbYL--Cr5-OSHerymH2Mritw2dEjKijPqTz378Kgfwi7_LkbKhtJJmTyfMAv4eLbaRl2tyZ8UiEDUd13BTp9jB9_a4F_h4ySgmSkXaPU5cxn5QWb7r6Uyg=w426-h240-k-no,true,8 am–5 pm,8 am–5 pm,8 am–5 pm,Closed,Closed,8 am–5 pm,8 am–5 pm,"https://www.google.com/maps/search/commercial+landscaping+businesses+in+North+Buffalo+Buffalo+NY/@42.9509105,-78.8488584,14z",2026-04-29T18:51:13.882Z,,,
"https://www.google.com/maps/place/Grabber+%26+Sons+Landscaping+and+Nursery,+Inc./data=!4m7!3m6!1s0x89d30cd2d60e391f:0xb764e1a64eda187c!8m2!3d42.932047!4d-78.7845364!16s%2Fg%2F1trxfp6p!19sChIJHzkO1tIM04kRfBjaTqbhZLc","Grabber & Sons Landscaping and Nursery, Inc.",3.9,121,Landscape designer,"3242 Harlem Rd, Cheektowaga, NY 14225, United States","W6J8+R5 Cheektowaga, New York, USA",https://www.grabberlandscape.com/,+1 716-633-1920,"Open · Closes 5 pm

Updated by this business 1 week ago",,https://lh3.googleusercontent.com/gps-cs-s/APNQkAFDA8pmHLqQC7vTCL7O0EqVbOXaRZB2eovD8qyyejMglR_yecxQ2iK7__m0Nj4ORIAP8298XmcCF4T3eVzpGRV0s3vjzhcMhixmXp0vEOtbps5yv8p-96cspesMQ9vetSDvrVxw=w426-h240-k-no,true,8 am–5 pm,8 am–5 pm,8 am–5 pm,9 am–4 pm,9 am–3 pm,8 am–5 pm,8 am–5 pm,"https://www.google.com/maps/search/commercial+landscaping+businesses+in+North+Buffalo+Buffalo+NY/@42.9509105,-78.8488584,14z",2026-04-29T18:51:18.759Z,,,
https://www.google.com/maps/place/Beautiful+River+Landscape+Design/data=!4m7!3m6!1s0x89d31317f908b6f9:0x2cc37d46606d42b7!8m2!3d42.9236494!4d-78.8951068!16s%2Fg%2F1v8gd05r!19sChIJ-bYI-RcT04kRt0JtYEZ9wyw,Beautiful River Landscape Design,4.0,5,Landscape designer,"244 Dewitt St, Buffalo, NY 14213, United States","W4F3+FX Buffalo, New York, USA",http://beautifulriverlandscape.com/,,Open · Closes 4 pm,,https://lh3.googleusercontent.com/gps-cs-s/APNQkAHioxu8iOcz8g-2XDjwTnbqUuxdVeWo8eIFbRfNpLKeGgYIoBUMH4j5h6_T01I-fEFJbY1D1x17Hvwm2Goj8Qx8i90vo-Bbx9yrGhlJXpaPkUN1KmTXC54h-MIfX9qiStUwtHx_DSz7Ky1j=w408-h544-k-no,true,8 am–4 pm,8 am–4 pm,8 am–4 pm,Closed,Closed,8 am–4 pm,8 am–4 pm,"https://www.google.com/maps/search/commercial+landscaping+businesses+in+North+Buffalo+Buffalo+NY/@42.9509105,-78.8488584,14z",2026-04-29T18:51:23.679Z,,,
https://www.google.com/maps/place/Elbers+Garden+Center/data=!4m7!3m6!1s0x89d372a8caf366d5:0x344e52f65acf8f0b!8m2!3d42.9454527!4d-78.8329271!16s%2Fg%2F1tl9nk5v!19sChIJ1Wbzyqhy04kRC4_PWvZSTjQ,Elbers Garden Center,4.4,83,Garden center,"2918 Main St, Buffalo, NY 14214, United States","W5W8+5R Buffalo, New York, USA",http://www.elbersgardencenter.com/,+1 716-834-2167,"Open · Closes 5 pm

Updated by this business 4 weeks ago",,https://lh3.googleusercontent.com/gps-cs-s/APNQkAE_LUS_3urPxOeQsk1Nyb94tQqz1gaMoWB48dzEFhui9RL83OPCQl_pTirIqlCtJ9cu4pUXUpJelJKJRVedQn5l5KdsE2pPK7C73D9R48rH9XbxDucYzMIqrN-lqUgzUQrI01o_=w408-h306-k-no,true,9 am–5 pm,9 am–5 pm,9 am–5 pm,9 am–5 pm,Closed,9 am–5 pm,9 am–5 pm,"https://www.google.com/maps/search/commercial+landscaping+businesses+in+North+Buffalo+Buffalo+NY/@42.9509105,-78.8488584,14z",2026-04-29T18:51:28.504Z,"Long-running, family-owned garden center, also offering landscaping & snow/ice removal services. · Delivery",,
https://www.google.com/maps/place/Morths+Landscaping/data=!4m7!3m6!1s0x4795f364ad259d35:0xfbce6bf20b21cdeb!8m2!3d42.8962391!4d-78.864442!16s%2Fg%2F11w1zm7322!19sChIJNZ0lrWTzlUcR680hC_Jrzvs,Morths Landscaping,4.9,38,Landscaper,,,https://morthslandscaping.jobbersites.com/,+1 716-445-6901,Open · Closes 7 pm,,https://lh3.googleusercontent.com/gps-cs-s/APNQkAGVoA_zh1JF8w6dtC4uKi5IrfKdF9sfWYxlEb6HKhb4EcqryjPemZnaxFUdreQ9NDTbPuCsQec8mZGsBQ5OmDv4zo2QIxrbpBySoPgsMcpMQXHX6GMwh0eXXXEpOmzKD54edwUX7JaWxouH=w408-h544-k-no,true,8 am–7 pm,8 am–7 pm,8 am–7 pm,8 am–5 am,Closed,8 am–7 pm,8 am–7 pm,"https://www.google.com/maps/search/commercial+landscaping+businesses+in+North+Buffalo+Buffalo+NY/@42.9509105,-78.8488584,14z",2026-04-29T18:51:33.251Z,,,
https://www.google.com/maps/place/KS+Landscaping+%26+Plowing/data=!4m7!3m6!1s0x49cf6940122b2dd9:0x8f283e1e9dff937e!8m2!3d42.9878783!4d-78.8238495!16s%2Fg%2F11w1jdgg22!19sChIJ2S0rEkBpz0kRfpP_nR4-KI8,KS Landscaping & Plowing,4.7,15,Landscape designer,"41 Wrexham Ct N, Tonawanda, NY 14150, United States","X5QG+5F Tonawanda, New York, USA",https://landscapingandplowing.com/,+1 716-290-9299,Open · Closes 9 pm,,https://lh3.googleusercontent.com/gps-cs-s/APNQkAGtmhPpcg9ydO3xuA--FqH1rdr4X4mKjHgofw2bahNAT0LYPzH5O4CihepU6avTjkg5gK12NsAd6qzvVll3Td68uhUgVaVxIoakZG4ufkiYd6mBUZ9qn74ZrAuztFAWR10E1ZVIlg=w408-h297-k-no,true,8 am–9 pm,8 am–9 pm,8 am–9 pm,8 am–9 pm,8 am–9 pm,8 am–9 pm,8 am–9 pm,"https://www.google.com/maps/search/commercial+landscaping+businesses+in+North+Buffalo+Buffalo+NY/@42.9509105,-78.8488584,14z",2026-04-29T18:51:37.948Z,,,
https://www.google.com/maps/place/Hensley%27s+Landscaping+%26+Snowplowing/data=!4m7!3m6!1s0x89d3734454820385:0x503f1f6eb70689c6!8m2!3d42.9865643!4d-78.8271984!16s%2Fg%2F11msg4c63s!19sChIJhQOCVERz04kRxokGt24fP1A,Hensley's Landscaping & Snowplowing,5.0,16,Landscaper,"116 Treadwell Rd, Tonawanda, NY 14150, United States","X5PF+J4 Tonawanda, New York, USA",,+1 716-817-4105,"Open 24 hours

Updated by this business 9 weeks ago",,https://lh3.googleusercontent.com/gps-cs-s/APNQkAHQ5vuY-nB2yLpXevxwbPYZRfqAYvlvXHYtPiIO-lGKZne0oy4tcXNca524I_FAoirepTPIDr9qgsApUeF-eGpdaPd4iYTUN9eMKe3MOlDmTI_HhoOhfjV0ErH7OKJIvGF-95waVY57Yz4=w408-h544-k-no,true,Open 24 hours,Open 24 hours,Open 24 hours,Open 24 hours,9 am–5 pm,Open 24 hours,Open 24 hours,"https://www.google.com/maps/search/commercial+landscaping+businesses+in+North+Buffalo+Buffalo+NY/@42.9509105,-78.8488584,14z",2026-04-29T18:51:42.691Z,,,
"https://www.google.com/maps/place/Rocco%27s+Home+%26+Landscape,+LLC/data=!4m7!3m6!1s0xade7df8a72975519:0x983b795eafc93db8!8m2!3d42.768351!4d-78.8862675!16s%2Fg%2F11rxyn4sdt!19sChIJGVWXcorf560RuD3Jr155O5g","Rocco's Home & Landscape, LLC",4.8,18,General contractor,,,http://www.roccoshomeandlandscape.com/,+1 716-279-5580,Open 24 hours,,https://lh3.googleusercontent.com/gps-cs-s/APNQkAH_Mey46B_VFFFAg4Qg_BU-IdK226BOFjhuQbEbtJ_uqJkDqxeWHYyBz1yiBrgfYT6Vo03m3QZ9pqocPx8BbxdbjfPlTjef0pOsumxXh0e7brZxm0I8kkivC9arCxV6MQttg9bRwWEUkvg9=w408-h544-k-no,true,Open 24 hours,Open 24 hours,Open 24 hours,Open 24 hours,Open 24 hours,Open 24 hours,Open 24 hours,"https://www.google.com/maps/search/commercial+landscaping+businesses+in+North+Buffalo+Buffalo+NY/@42.9509105,-78.8488584,14z",2026-04-29T18:51:47.722Z,,,
https://www.google.com/maps/place/Yard+Barber+landscaping+%26+Lawn+Service+LLC/data=!4m7!3m6!1s0x89d372aa8c2cc33d:0xa90045f6e3bd1f0e!8m2!3d42.939545!4d-78.8370739!16s%2Fg%2F11bc73mtkq!19sChIJPcMsjKpy04kRDh-94_ZFAKk,Yard Barber landscaping & Lawn Service LLC,3.5,10,Landscaper,"45 Pannell St, Buffalo, NY 14214, United States","W5Q7+R5 Buffalo, New York, USA",https://www.yardbarberlawnservice.com/,+1 716-217-1728,Open · Closes 6 pm,,https://lh3.googleusercontent.com/gps-cs-s/APNQkAFcPmOHEox8aqnghu03Rmm4SVcWh0Nu_RN9wtXd9iIJGMwErBQzkoG6h3yy3TZdMlPsMNdvtYyrDf6WUbj4y_vsoaQVFgFmYmJt_C7t8f8UfkYbuXZXWcfUeT9OBsWDP9ngP73Yww=w426-h240-k-no,true,9:30 am–6 pm,9:30 am–6 pm,9:30 am–6 pm,9:30 am–6 pm,Closed,9:30 am–6 pm,9:30 am–6 pm,"https://www.google.com/maps/search/commercial+landscaping+businesses+in+North+Buffalo+Buffalo+NY/@42.9509105,-78.8488584,14z",2026-04-29T18:51:52.466Z,,,
https://www.google.com/maps/place/Kunkles+Landscaping/data=!4m7!3m6!1s0x89d36d808f951d0d:0xd025999c2a9ee3b3!8m2!3d42.9792267!4d-78.8390416!16s%2Fg%2F1tw_p72y!19sChIJDR2Vj4Bt04kRs-OeKpyZJdA,Kunkles Landscaping,5.0,4,Landscaper,"368 Abbington Ave, Buffalo, NY 14223, United States","X5H6+M9 Buffalo, New York, USA",,+1 716-833-1016,Open 24 hours,,https://streetviewpixels-pa.googleapis.com/v1/thumbnail?panoid=-1aLX1iKx8TW7SbHU2B9tA&cb_client=search.gws-prod.gps&w=408&h=240&yaw=351.31693&pitch=0&thumbfov=100,false,Open 24 hours,Open 24 hours,Open 24 hours,Open 24 hours,Open 24 hours,Open 24 hours,Open 24 hours,"https://www.google.com/maps/search/commercial+landscaping+businesses+in+North+Buffalo+Buffalo+NY/@42.9509105,-78.8488584,14z",2026-04-29T18:51:57.123Z,,,
https://www.google.com/maps/place/Tolsma+Landscaping+Services/data=!4m7!3m6!1s0x89d373cc57505caf:0x7a31c67dc3c31f67!8m2!3d42.9847942!4d-78.7870761!16s%2Fg%2F11g1mcxq44!19sChIJr1xQV8xz04kRZx_Dw33GMXo,Tolsma Landscaping Services,4.7,23,Landscaper,"470 Frankhauser Rd, Amherst, NY 14221, United States","X6M7+W5 Eggertsville, New York, USA",http://www.tolsmalandscape.com/,+1 716-480-9262,Open · Closes 7 pm,,https://lh3.googleusercontent.com/gps-cs-s/APNQkAFqlRTz3uP36sz0xObRtJcLNXBOF7eFGNP8DgRnT7GEWBRTm6iQSYQgi5p3PAFFvqbsa50uL-p1CJx2XhJ5R3viB3O5uL_dvezghQDMj020fluEg-DxaWeKA7Aph92rCDok5bgLDSq9SCo=w408-h306-k-no,true,8 am–7 pm,8 am–7 pm,8 am–7 pm,8 am–7 pm,8 am–7 pm,8 am–7 pm,8 am–7 pm,"https://www.google.com/maps/search/commercial+landscaping+businesses+in+North+Buffalo+Buffalo+NY/@42.9509105,-78.8488584,14z",2026-04-29T18:52:02.059Z,,,
https://www.google.com/maps/place/Buffalo+Horticulture/data=!4m7!3m6!1s0x89d313037f11c6c1:0xb1dd44a87be0681c!8m2!3d42.91333!4d-78.884567!16s%2Fg%2F1pzrn4ytx!19sChIJwcYRfwMT04kRHGjge6hE3bE,Buffalo Horticulture,4.5,2,Landscape designer,"80 Chenango St, Buffalo, NY 14213, United States","W478+85 Buffalo, New York, USA",http://www.buffalohorticulture.com/,+1 716-259-8451,Open · Closes 6 pm,,https://lh3.googleusercontent.com/gps-cs-s/APNQkAHPifkp0POn3DWfq0CKES70v77XyA497uhLI6dFpai7WbHhYkvOQD1bB1r1koJGS6lUCv1BBDDUehgX68yMecNW1CDhcNVFximlYjdxCwxeQSO2Afx13rDqVDCU07y394_KbNM=w426-h240-k-no,true,10 am–6 pm,10 am–6 pm,10 am–6 pm,10 am–4 pm,Closed,10 am–6 pm,10 am–6 pm,"https://www.google.com/maps/search/commercial+landscaping+businesses+in+North+Buffalo+Buffalo+NY/@42.9509105,-78.8488584,14z",2026-04-29T18:52:06.648Z,,,
https://www.google.com/maps/place/Budget+Landscaping+and+Renovation/data=!4m7!3m6!1s0x21a9767a737caba7:0x2bebbeca25461342!8m2!3d42.980975!4d-78.8930742!16s%2Fg%2F11ldvz8x2b!19sChIJp6t8c3p2qSERQhNGJcq-6ys,Budget Landscaping and Renovation,4.8,31,Landscaper,"11-15 Sheridan park drive, Tonawanda, NY 14150, United States","X4J4+9Q Tonawanda, New York, USA",https://budgetwny.com/,+1 716-400-4454,Open 24 hours,,https://lh3.googleusercontent.com/gps-cs-s/APNQkAExdbbjX9VurNbNTdNO9VOAGuoWPIn-LhQ4WItDzQwrpOG3IOk7MdR4zfbUbTwNxa6D6-CSCx5S-Y1qwZ1PrfMKBAZUQEfZ4ElmXp27bXaz2uc7JpGCpjtB2mmx_xKcsTE8jxuYRg=w408-h306-k-no,true,Open 24 hours,Open 24 hours,Open 24 hours,Open 24 hours,Open 24 hours,Open 24 hours,Open 24 hours,"https://www.google.com/maps/search/commercial+landscaping+businesses+in+North+Buffalo+Buffalo+NY/@42.9509105,-78.8488584,14z",2026-04-29T18:52:11.692Z,,,
https://www.google.com/maps/place/Knight%E2%80%99s+Landscaping+%26+Snow+Removal/data=!4m7!3m6!1s0x89d37378fae45497:0xfbc6d65c9352e4e0!8m2!3d42.9949168!4d-78.8155004!16s%2Fg%2F11pwt3_zcy!19sChIJl1Tk-nhz04kR4ORSk1zWxvs,Knight’s Landscaping & Snow Removal,4.6,10,Landscaper,"5550 N Bailey Ave #381, Buffalo, NY 14226, United States","X5VM+XQ Buffalo, New York, USA",https://www.knightslandscapingwny.com/,+1 716-715-9812,,,https://lh3.googleusercontent.com/gps-cs-s/APNQkAHXopEr4yzrYMJjmPldWI8hfH_22SjW4NBXHf9pN40PcXLaFk2sbl-VFaXkbCDY5o6MFWSItdNoqrJWG7LWlFKPkbfeAd1ejN2HTjjn0b4FeQN5pJT5T4UvoqGmFEnecvw8k1Nx0g=w408-h306-k-no,true,,,,,,,,"https://www.google.com/maps/search/commercial+landscaping+businesses+in+North+Buffalo+Buffalo+NY/@42.9509105,-78.8488584,14z",2026-04-29T18:52:14.519Z,,true,
"https://www.google.com/maps/place/Buffalo+Landscape+Design,+Inc./data=!4m7!3m6!1s0x89d30d7e15273b77:0xed9e5d9d899e6d1d!8m2!3d42.8794989!4d-78.7520064!16s%2Fg%2F11gzmc6m5w!19sChIJdzsnFX4N04kRHW2eiZ1dnu0","Buffalo Landscape Design, Inc.",4.7,12,Landscaper,"37 Groell Ave, Cheektowaga, NY 14227, United States","V6HX+Q5 Cheektowaga, New York, USA",http://www.buffalolandscapedesigninc.com/,+1 716-673-5170,Open 24 hours,,https://lh3.googleusercontent.com/gps-cs-s/APNQkAHTlsVTf9Bx6tG1Ui3LqjOFRXhYRhoMKyQ0n6-vjLpAGFHcpxOnBAJhBxtINovq-z-WtNevYw0u84az-gT1A2MRcukC5I4HtV7hr51vlQyzJTWTYjQR6WQcW9ZR9qkuFHfO-i1Y=w408-h408-k-no,true,Open 24 hours,Open 24 hours,Open 24 hours,Open 24 hours,Open 24 hours,Open 24 hours,Open 24 hours,"https://www.google.com/maps/search/commercial+landscaping+businesses+in+North+Buffalo+Buffalo+NY/@42.9509105,-78.8488584,14z",2026-04-29T18:52:19.239Z,,,
https://www.google.com/maps/place/All-Pro+Landscaping/data=!4m7!3m6!1s0x89d372c955555555:0xe603c55958c62a19!8m2!3d42.9397534!4d-78.809951!16s%2Fg%2F1hc1kzbxd!19sChIJVVVVVcly04kRGSrGWFnFA-Y,All-Pro Landscaping,1.0,1,Landscaper,"Buffalo, NY 14215, United States","W5QR+W2 Buffalo, New York, USA",,+1 716-913-1524,,,https://streetviewpixels-pa.googleapis.com/v1/thumbnail?panoid=vm1INLAQ6qL2sxCmeu-Chw&cb_client=search.gws-prod.gps&w=408&h=240&yaw=165.47153&pitch=0&thumbfov=100,false,,,,,,,,"https://www.google.com/maps/search/commercial+landscaping+businesses+in+North+Buffalo+Buffalo+NY/@42.9509105,-78.8488584,14z",2026-04-29T18:52:21.805Z,,,
https://www.google.com/maps/place/Prestige+Property+Services+of+WNY/data=!4m7!3m6!1s0x89d36dd855fe901d:0xa9c9c3dc81f453f0!8m2!3d42.971026!4d-78.886641!16s%2Fg%2F11sw3x40p9!19sChIJHZD-Vdht04kR8FP0gdzDyak,Prestige Property Services of WNY,4.6,10,Concrete contractor,"1243 Military Rd #2, Buffalo, NY 14217, United States","X4C7+C8 Buffalo, New York, USA",,+1 716-417-5323,Open · Closes 5 pm,,https://lh3.googleusercontent.com/gps-cs-s/APNQkAGxkFPwA5vVA7PZjft85HBob0Gq2NeKUCQ1qwutamYntOXbeRTjDhg-Ec1Qmlgq7aeHryKF0X6EQJcRTALBvAhpWnj0nOj8eF3dRuJLq8QHf3zFuazGynb4kln7KisfyTnr9uxK=w408-h544-k-no,true,8 am–5 pm,8 am–5 pm,8 am–5 pm,Closed,Closed,8 am–5 pm,8 am–5 pm,"https://www.google.com/maps/search/commercial+landscaping+businesses+in+North+Buffalo+Buffalo+NY/@42.9509105,-78.8488584,14z",2026-04-29T18:52:26.517Z,,,
https://www.google.com/maps/place/DRDS+Landscaping+and+snowplowing+LLC/data=!4m7!3m6!1s0x89d3735980fb941b:0x20351d44713401af!8m2!3d42.9764513!4d-78.8159713!16s%2Fg%2F11m60xh387!19sChIJG5T7gFlz04kRrwE0cUQdNSA,DRDS Landscaping and snowplowing LLC,4.0,4,Landscape architect,"143 Carmen Rd, Buffalo, NY 14226, United States","X5GM+HJ Buffalo, New York, USA",https://www.drds-experts.pro/,+1 716-377-2908,Open 24 hours,,https://lh3.googleusercontent.com/gps-cs-s/APNQkAHl597tHIUHsi1hADUDEalHgoMhIQ7u2YqB3upxi57HKGPbKiNljbz4QR-vKb2cPNBRYuQDOvAa5bMSBjJ_DAWpwSYvOauuLSUYBgPxzPGhRa10b0cMg9bdscz0ujnS_K9iJwCnIA=w408-h306-k-no,true,Open 24 hours,Open 24 hours,Open 24 hours,Open 24 hours,Open 24 hours,Open 24 hours,Open 24 hours,"https://www.google.com/maps/search/commercial+landscaping+businesses+in+North+Buffalo+Buffalo+NY/@42.9509105,-78.8488584,14z",2026-04-29T18:52:31.581Z,,,
https://www.google.com/maps/place/Cercone+Lawn+Care/data=!4m7!3m6!1s0x89d3737a43464f49:0x47ad0fc6a7c97fb4!8m2!3d42.9859213!4d-78.784223!16s%2Fg%2F11tdr26c_p!19sChIJSU9GQ3pz04kRtH_Jp8YPrUc,Cercone Lawn Care,4.8,19,Landscaper,"42 Cindy Dr, Buffalo, NY 14221, United States","X6P8+98 Buffalo, New York, USA",http://www.cerconelawncare.com/,+1 716-578-5059,Open · Closes 7 pm,,https://lh3.googleusercontent.com/gps-cs-s/APNQkAFZm7oJwo4k7psQBO8nQbdoJS3EXQ6dVGZSSQNSPLG3nmHbNJ2voCbwtx-P0i8qtZ3rNuQf9t9OftdDn0owb5NBvg0_hjOGiFyefOpYoRQwVCQvd7WebIDThC7E1iEDZA7U1uQK=w528-h240-k-no,true,8 am–7 pm,8 am–7 pm,8 am–7 pm,8 am–7 pm,8 am–7 pm,8 am–7 pm,8 am–7 pm,"https://www.google.com/maps/search/commercial+landscaping+businesses+in+North+Buffalo+Buffalo+NY/@42.9509105,-78.8488584,14z",2026-04-29T18:52:37.203Z,,,
https://www.google.com/maps/place/Aarbor+Service+Landscaping/data=!4m7!3m6!1s0x89d3725c1fab7c9d:0xbdb2153a785260c2!8m2!3d42.9785134!4d-78.8111748!16s%2Fg%2F113g84l9k!19sChIJnXyrH1xy04kRwmBSeDoVsr0,Aarbor Service Landscaping,5.0,4,Landscaper,"35 Augusta Ave, Buffalo, NY 14226, United States","X5HQ+CG Buffalo, New York, USA",,+1 716-835-1954,Open 24 hours,,https://streetviewpixels-pa.googleapis.com/v1/thumbnail?panoid=5wwrm4hNchheS4miSCAgqg&cb_client=search.gws-prod.gps&w=408&h=240&yaw=92.73365&pitch=0&thumbfov=100,false,Open 24 hours,Open 24 hours,Open 24 hours,Open 24 hours,Open 24 hours,Open 24 hours,Open 24 hours,"https://www.google.com/maps/search/commercial+landscaping+businesses+in+North+Buffalo+Buffalo+NY/@42.9509105,-78.8488584,14z",2026-04-29T18:52:42.127Z,,,
https://www.google.com/maps/place/Northeastern+Exteriors+LLC/data=!4m7!3m6!1s0x89d312c441d8ba7f:0x101e513e58195367!8m2!3d42.927474!4d-78.8680664!16s%2Fg%2F1thzpwp2!19sChIJf7rYQcQS04kRZ1MZWD5RHhA,Northeastern Exteriors LLC,5.0,5,Landscape designer,"408 Quaker #495, East Aurora, NY 14052, NY 14052, United States","W4GJ+XQ Buffalo, New York, USA",https://northeasternexteriors.com/,+1 716-400-4688,Open · Closes 5 pm,,https://streetviewpixels-pa.googleapis.com/v1/thumbnail?panoid=AZUB-4ao6iy5p4LYgfW8jw&cb_client=search.gws-prod.gps&w=408&h=240&yaw=258.81155&pitch=0&thumbfov=100,true,9 am–5 pm,9 am–5 pm,9 am–5 pm,Closed,Closed,9 am–5 pm,9 am–5 pm,"https://www.google.com/maps/search/commercial+landscaping+businesses+in+North+Buffalo+Buffalo+NY/@42.9509105,-78.8488584,14z",2026-04-29T18:52:46.797Z,,,
https://www.google.com/maps/place/Buffalo+Lawn+%26+Pest+Services/data=!4m7!3m6!1s0x89d30db8f664f315:0x1ae696d7163232e5!8m2!3d42.8782194!4d-78.8072633!16s%2Fg%2F1t_wqbbr!19sChIJFfNk9rgN04kR5TIyFteW5ho,Buffalo Lawn & Pest Services,4.8,328,Lawn care service,"224 Dingens St, Buffalo, NY 14206, United States","V5HV+73 Buffalo, New York, USA",https://www.buffalolawns.com/,+1 716-452-2030,Open · Closes 4 pm,,https://lh3.googleusercontent.com/gps-cs-s/APNQkAELvggb57SquGKgvGsbf6Y_vju25dCJe9apEbzAVT-CyTbkQX7n8X84v035j0k28qCs1Qa1EU57mIX_PHIlc-HeBD5LoNGgnQFNOkqFSY-JZTwifxNhvFoK28SkZLEegLaIrEV8=w408-h272-k-no,true,8 am–4 pm,8 am–4 pm,8 am–4 pm,8 am–12 pm,Closed,8 am–4 pm,8 am–4 pm,"https://www.google.com/maps/search/commercial+landscaping+businesses+in+North+Buffalo+Buffalo+NY/@42.9509105,-78.8488584,14z",2026-04-29T18:52:51.609Z,,,
https://www.google.com/maps/place/Delmont+Landscaping+%26+Snwplwng/data=!4m7!3m6!1s0x89d36d05fceaa511:0xfa6eaff9c6410b62!8m2!3d42.9745469!4d-78.872935!16s%2Fg%2F1tf43yrz!19sChIJEaXq_AVt04kRYgtBxvmvbvo,Delmont Landscaping & Snwplwng,5.0,1,Landscaper,"33 Tulane Rd, Tonawanda, NY 14217, United States","X4FG+RR Tonawanda Town, New York, USA",,+1 716-866-7584,Open · Closes 7 pm,,https://lh3.googleusercontent.com/gps-cs-s/APNQkAFYf3yOMy8YVs7NryDIcZbuP8rfgvep0lhn70BT8BSfYCT_efBd8D-bOKy40js0UoQd1Tgj7d_aueZcebJYtsbOY9ta4NXcOX9ezhiXFULsEA15CUj5OBJdhrFqczmFlNIcAdZu=w408-h306-k-no,false,7 am–7 pm,7 am–7 pm,7 am–7 pm,7 am–7 pm,7 am–7 pm,7 am–7 pm,7 am–7 pm,"https://www.google.com/maps/search/commercial+landscaping+businesses+in+North+Buffalo+Buffalo+NY/@42.9509105,-78.8488584,14z",2026-04-29T18:52:56.506Z,,,
"https://www.google.com/maps/place/Stonish%27s+Lawn+Care+%26+Snowplowing,+Inc./data=!4m7!3m6!1s0x89d3726b1655ec1b:0x2a7cd89107cc2168!8m2!3d42.9922064!4d-78.8193439!16s%2Fg%2F1tgpz5gm!19sChIJG-xVFmty04kRaCHMB5HYfCo","Stonish's Lawn Care & Snowplowing, Inc.",4.7,29,Lawn care service,"79 Meyer Rd, Amherst, NY 14226, United States","X5RJ+V7 Tonawanda Town, New York, USA",https://www.stonishs.com/,+1 716-835-1858,Open · Closes 4 pm,,https://lh3.googleusercontent.com/gps-cs-s/APNQkAEF6KoacK8hDHZDNHeW_pXVmDp9apXuP0DA1QtB0-VJd_H1l9gT1mcfFNP8pqFBQ-s6upHsBsDlJjXZsNBuut2I3Z0vdYZl3imWZ_C6dTdups-th9L0WK6MpFg7EK9WOWcY2Dt0=w408-h306-k-no,true,9 am–4 pm,9 am–4 pm,9 am–4 pm,Closed,Closed,9 am–4 pm,9 am–4 pm,"https://www.google.com/maps/search/commercial+landscaping+businesses+in+North+Buffalo+Buffalo+NY/@42.9509105,-78.8488584,14z",2026-04-29T18:53:01.396Z,,,
https://www.google.com/maps/place/A%26B+Landscaping/data=!4m7!3m6!1s0x26474311bf5a5b97:0x95999e2ad40e64e8!8m2!3d42.8893585!4d-78.8002515!16s%2Fg%2F11ykmssc7x!19sChIJl1tavxFDRyYR6GQO1CqemZU,A&B Landscaping,5.0,18,Landscaper,,,https://a-b-landscaping.com/,+1 716-622-5532,Closed · Opens 7 am Thu,,https://lh3.googleusercontent.com/gps-cs-s/APNQkAEM1DFdFxAfytF87nbO-w_IFiYTxLtA76ltpgZfb1pAObLyXoRNPO55PIng2zoaV0GeqVP1icH1AP6XI8deTvI83VZ8uzUY8pdSSgjphXcAw4Lj19dXEeO7LprT50MQBcS3Vhoo1LUvHp8A=w408-h255-k-no,true,7 am–12:30 pm,7 am–5:30 pm,7 am–5:30 pm,7 am–5:30 pm,Closed,7 am–5:30 pm,7 am–5:30 pm,"https://www.google.com/maps/search/commercial+landscaping+businesses+in+North+Buffalo+Buffalo+NY/@42.9509105,-78.8488584,14z",2026-04-29T18:53:06.193Z,,,
https://www.google.com/maps/place/Ashton+Services+%7C+Tree+Service+Buffalo+NY/data=!4m7!3m6!1s0xa5df6b5b3dc4113d:0x687676fbfed83366!8m2!3d42.9685483!4d-78.823059!16s%2Fg%2F11jzw_1nms!19sChIJPRHEPVtr36URZjPY_vt2dmg,Ashton Services | Tree Service Buffalo NY,5.0,6,Landscaper,"525 Wheatfield Street, Eggertsville, NY 14226, United States","X59G+CQ Eggertsville, New York, USA",https://www.ashtonservicesny.com/?utm_source=google&utm_medium=organic&utm_campaign=gmb,+1 716-340-0590,Open 24 hours,,https://lh3.googleusercontent.com/gps-cs-s/APNQkAELHCB5dFCDtPOnmvNtL1hRZ_-GdfsGFWTEG5cJjKeZ52GWbwhgglsg14D2SvPH3nHR-cfukczNtU9Dsn2eY_-q5zhVbeNPioGR2RL_xgkZALSgXGfWn43Vx0GVwRuw9GvNKlab=w408-h306-k-no,true,Open 24 hours,Open 24 hours,Open 24 hours,Open 24 hours,Open 24 hours,Open 24 hours,Open 24 hours,"https://www.google.com/maps/search/commercial+landscaping+businesses+in+North+Buffalo+Buffalo+NY/@42.9509105,-78.8488584,14z",2026-04-29T18:53:11.417Z,,,
https://www.google.com/maps/place/LUX+Landscaping+%26+Lighting/data=!4m7!3m6!1s0x80f743a65e61d3b5:0xef0f08b0fbdc73f9!8m2!3d42.768351!4d-78.8862675!16s%2Fg%2F11x7mdwcy_!19sChIJtdNhXqZD94AR-XPc-7AID-8,LUX Landscaping & Lighting,5.0,12,Landscape lighting designer,,,https://www.luxlandscapinglighting.com/,+1 716-983-1620,Open · Closes 8 pm,,https://lh3.googleusercontent.com/gps-cs-s/APNQkAGwUoBT2z4kpKOX4PfE47o4SRrSr5P9ftalUOAZhGLKVKBdWyQ9o6Vy-tamvgf2kvHZV_SvoMv680Cg3M_yLvxSYPlHAwcwxnugCw3ePvX6w9EEwd_VLYw_QYrAMdto5kICAQnTTob8msG-=w408-h306-k-no,true,9 am–8 pm,9 am–8 pm,9 am–8 pm,Closed,Closed,9 am–8 pm,9 am–8 pm,"https://www.google.com/maps/search/commercial+landscaping+businesses+in+North+Buffalo+Buffalo+NY/@42.9509105,-78.8488584,14z",2026-04-29T18:53:16.664Z,,,
https://www.google.com/maps/place/Tree+Removal+Buffalo+NY/data=!4m7!3m6!1s0x89d313217c93ab45:0x2429778439580871!8m2!3d42.8962391!4d-78.864442!16s%2Fg%2F11c6lxn048!19sChIJRauTfCET04kRcQhYOYR3KSQ,Tree Removal Buffalo NY,5.0,11,Tree service,,,http://www.olivebranchtree.com/,+1 716-241-0035,Open 24 hours,,https://lh3.googleusercontent.com/gps-cs-s/APNQkAF9IQdujz7JhNPJcO74dANOK70MjB-EcWO3cK0bOh8uVWCmWVd4FxGnvjf-Hj23GdsU40SU4psjYnlsS528nE0sXgBwBZwmWqMy4vAM43ogkVhUejYm-sP6owm8WoAi2sbecxIs=w408-h285-k-no,true,Open 24 hours,Open 24 hours,Open 24 hours,Open 24 hours,Open 24 hours,Open 24 hours,Open 24 hours,"https://www.google.com/maps/search/commercial+landscaping+businesses+in+North+Buffalo+Buffalo+NY/@42.9509105,-78.8488584,14z",2026-04-29T18:53:22.109Z,,,
"https://www.google.com/maps/place/LMG+property+management,+LLC+%22Call+My+Gardener%22/data=!4m7!3m6!1s0x89d36fc932142929:0xb3cb7b795a326c5e!8m2!3d42.9747137!4d-78.8524692!16s%2Fg%2F11dylrhchp!19sChIJKSkUMslv04kRXmwyWnl7y7M","LMG property management, LLC ""Call My Gardener""",3.1,11,Landscape designer,"185 Belmont Ave, Tonawanda, NY 14223, United States","X4FX+V2 Tonawanda Town, New York, USA",https://lmgpropertymanagement.com/lmghome/welcome/,+1 716-715-4899,Open · Closes 4 pm,Identifies as women-owned,https://lh3.googleusercontent.com/gps-cs-s/APNQkAFKxtHF5HiFd4AMooKtH6UddGe76gWQ0YPzbhbcFKe0J9wsuhR1kargCBACqYxPY2gfHU7ksbaPDVMROvOcSMkXhQgJz8Wd1ennsjozdc7c6B1wt3ZrvXyGBNcTVNpu-z9R3JIGbQ=w408-h333-k-no,true,9 am–4 pm,9 am–4 pm,9 am–4 pm,10 am–2 pm,Closed,9 am–4 pm,9 am–4 pm,"https://www.google.com/maps/search/commercial+landscaping+businesses+in+North+Buffalo+Buffalo+NY/@42.9509105,-78.8488584,14z",2026-04-29T18:53:26.944Z,,,
https://www.google.com/maps/place/B%27s+Lawn+%26+Beyond/data=!4m7!3m6!1s0xa06ba98473eb7e3f:0xffa63b0a7338f5c7!8m2!3d42.9565275!4d-78.7980827!16s%2Fg%2F11rpdcn4lm!19sChIJP37rc4Spa6ARx_U4cwo7pv8,B's Lawn & Beyond,4.9,16,Landscaper,,,http://www.blawnandbeyond.com/,+1 716-431-5486,Open · Closes 5 pm,,https://lh3.googleusercontent.com/gps-cs-s/APNQkAH3Domoktzak_GQRH9aFL8i1fg9cAYXbIo82bEq2oBl0-yt0NpsgfNmnDvHqXx4A9euBw47uhtWR3yD8oZrRYxgVOpA02mQGa3aBJxNHlHwUzy0vlOn1SfWhPzqYV5uG9dHVxgbZg=w427-h240-k-no,true,9 am–5 pm,9 am–5 pm,9 am–5 pm,9 am–5 pm,9 am–5 pm,9 am–5 pm,9 am–5 pm,"https://www.google.com/maps/search/commercial+landscaping+businesses+in+North+Buffalo+Buffalo+NY/@42.9509105,-78.8488584,14z",2026-04-29T18:53:31.635Z,,,
https://www.google.com/maps/place/Brian%27s+Landscaping+%26+Snowplow/data=!4m7!3m6!1s0x89d312abffffffff:0xc9978e77837a36e4!8m2!3d42.933499!4d-78.8439382!16s%2Fg%2F1tmqh5ld!19sChIJ_____6sS04kR5DZ6g3eOl8k,Brian's Landscaping & Snowplow,2.3,3,Landscaper,"Buffalo, NY 14214, United States","W5M4+9C Buffalo, New York, USA",,+1 716-838-9071,,,https://streetviewpixels-pa.googleapis.com/v1/thumbnail?panoid=LuwgDh7JeC_HK32ZLvAuNw&cb_client=search.gws-prod.gps&w=408&h=240&yaw=142.81667&pitch=0&thumbfov=100,false,,,,,,,,"https://www.google.com/maps/search/commercial+landscaping+businesses+in+North+Buffalo+Buffalo+NY/@42.9509105,-78.8488584,14z",2026-04-29T18:53:34.402Z,,,
https://www.google.com/maps/place/Hausrath%27s+Landscape+Maintenance/data=!4m7!3m6!1s0x89d372385cb1173f:0xf491c57acd3ae56a!8m2!3d42.9932636!4d-78.806398!16s%2Fg%2F1td18tzn!19sChIJPxexXDhy04kRauU6zXrFkfQ,Hausrath's Landscape Maintenance,3.4,14,Landscaper,"451 Meyer Rd, Amherst, NY 14226, United States","X5VV+8C University at Buffalo, New York, USA",,+1 716-834-3500,Open · Closes 5 pm,,https://lh3.googleusercontent.com/gps-cs-s/APNQkAE3z52x_XJ5Nmk-40kC3IHh6P015mGbaynpTVx1DfB6feH8rscDURosi30eM-23tO7NNVPtjfus_PyFdgWB_FGxwAckPWRuZ8s51f5u9LQGxzLBoEc3NA89HitfwxlAmoYn6xv-=w408-h544-k-no,true,9 am–5 pm,9 am–5 pm,9 am–5 pm,Closed,Closed,9 am–5 pm,9 am–5 pm,"https://www.google.com/maps/search/commercial+landscaping+businesses+in+North+Buffalo+Buffalo+NY/@42.9509105,-78.8488584,14z",2026-04-29T18:53:39.079Z,,,
https://www.google.com/maps/place/AMA+Property+Maintenance/data=!4m7!3m6!1s0x89d36dbabbf46eaf:0x4597b81a77066589!8m2!3d43.0164015!4d-78.8238305!16s%2Fg%2F1pp2vm798!19sChIJr270u7pt04kRiWUGdxq4l0U,AMA Property Maintenance,4.9,42,Landscape designer,,,http://amapropertymaintenance.com/,+1 716-491-8335,Open 24 hours,,https://lh3.googleusercontent.com/gps-cs-s/APNQkAHDpZl7m09quz6fE4NhplL-QsP_RTNM72d73HtDZD4MxHUVUd8z9LrrWchBzfbCeLROLuXs22Kx_cEhEm1tTnrQbnt3u3jh9JcRwJ5PLJYKHl424gqwMdd6jGgrEPICJU8YNPGfmn-82EaU=w408-h544-k-no,true,Open 24 hours,Open 24 hours,Open 24 hours,Open 24 hours,Open 24 hours,Open 24 hours,Open 24 hours,"https://www.google.com/maps/search/commercial+landscaping+businesses+in+North+Buffalo+Buffalo+NY/@42.9509105,-78.8488584,14z",2026-04-29T18:53:44.401Z,,,
https://www.google.com/maps/place/Amherst+Landscaping/data=!4m7!3m6!1s0x89d3728a30ecf09b:0x3b0d552118d39faa!8m2!3d42.945447!4d-78.7954325!16s%2Fg%2F11dxl5n6r8!19sChIJm_DsMIpy04kRqp_TGCFVDTs,Amherst Landscaping,4.8,85,Landscaper,,,https://amherstlandscaping.com/,+1 716-235-1333,Open 24 hours,,https://lh3.googleusercontent.com/gps-cs-s/APNQkAHQO4Du2Y8enw0EU9kPGXTLLg1Uh5S-aVvzRln8squXAC7fti73jjy30mPwOXk_LwIjIHxFqGZ2PhQh2Zm0Ol43wMjTBe_gNw4oBBX34wIDkY51sJ9Lden6uG_8uYTZGXQjaDkEyMbhd60L=w408-h308-k-no,true,Open 24 hours,Open 24 hours,Open 24 hours,Open 24 hours,Open 24 hours,Open 24 hours,Open 24 hours,"https://www.google.com/maps/search/commercial+landscaping+businesses+in+North+Buffalo+Buffalo+NY/@42.9509105,-78.8488584,14z",2026-04-29T18:53:49.462Z,,,
"https://www.google.com/maps/place/Rodriguez+Construction+Group,+Inc./data=!4m7!3m6!1s0x89d3125bb2fbc3f9:0x657e61668baa5ba3!8m2!3d42.9178192!4d-78.8343712!16s%2Fg%2F11gfgvm840!19sChIJ-cP7slsS04kRo1uqi2ZhfmU","Rodriguez Construction Group, Inc.",4.8,12,Contractor,"683 Northland Ave, Buffalo, NY 14211, United States","W598+47 Buffalo, New York, USA",https://rodriguez-cg.com/,+1 716-464-3257,Open · Closes 5 pm,,https://streetviewpixels-pa.googleapis.com/v1/thumbnail?panoid=CYdap5o3-J-OHwfQj2-Hbw&cb_client=search.gws-prod.gps&w=408&h=240&yaw=133.80092&pitch=0&thumbfov=100,false,7 am–5 pm,7 am–5 pm,7 am–5 pm,Closed,Closed,7 am–5 pm,7 am–5 pm,"https://www.google.com/maps/search/commercial+landscaping+businesses+in+North+Buffalo+Buffalo+NY/@42.9509105,-78.8488584,14z",2026-04-29T18:53:54.226Z,,,
https://www.google.com/maps/place/Lauren%27s+Pro+Landscapes+%22LPL%22/data=!4m7!3m6!1s0x89d3724860f82689:0xf339253844f19034!8m2!3d42.98633!4d-78.7046956!16s%2Fg%2F11cl_fzjb2!19sChIJiSb4YEhy04kRNJDxRDglOfM,"Lauren's Pro Landscapes ""LPL""",5.0,7,Landscape designer,,,http://laurensprolandscapes.com/,+1 716-902-3213,Open · Closes 6 pm,,https://lh3.googleusercontent.com/gps-cs-s/APNQkAHNhORxqv8EN-sYkHlCgFLMmdTjy6CiNN1-_VC_tOpfy2gZHYWwFs7iqUq_WTd9gTAg7nZETyydSR2woFaXr4tQ5cx2seQB83lp63zRMtZPlgJgp2V6k9-6EcTm9b8bKKhFMZaq=w408-h544-k-no,true,9 am–6 pm,9 am–6 pm,9 am–6 pm,9 am–6 pm,Closed,9 am–6 pm,9 am–6 pm,"https://www.google.com/maps/search/commercial+landscaping+businesses+in+North+Buffalo+Buffalo+NY/@42.9509105,-78.8488584,14z",2026-04-29T18:53:58.868Z,,,
https://www.google.com/maps/place/Buffalo+Landscaping+Brothers/data=!4m7!3m6!1s0x89d371c0d2293d73:0xf82f6c327e8530c3!8m2!3d42.925089!4d-78.864442!16s%2Fg%2F11scm48f0w!19sChIJcz0p0sBx04kRwzCFfjJsL_g,Buffalo Landscaping Brothers,5.0,17,Landscaper,,,https://www.blbrothers.com/,+1 716-909-9212,Open · Closes 5 pm,,https://lh3.googleusercontent.com/gps-cs-s/APNQkAFDL1aFop60Q8n0RkpkHrX7Wm4n0gAe0iuVpjRVo0EhHgT7OdmAG6dQF8RgawhzuoDfWNuoIleLKgPL415o4iWCUFe5ro7HiQXU2QKbHH5snT3MCD0MiLhaPRHrH9zOtGhO0CAX=w408-h408-k-no,true,9 am–5 pm,9 am–5 pm,9 am–5 pm,Closed,Closed,9 am–5 pm,9 am–5 pm,"https://www.google.com/maps/search/commercial+landscaping+businesses+in+North+Buffalo+Buffalo+NY/@42.9509105,-78.8488584,14z",2026-04-29T18:54:03.717Z,,,
"https://www.google.com/maps/place/Aaron%27s+Landscaping+%26+Snowplowing,+LLC/data=!4m7!3m6!1s0x89d3138534d04cbd:0xdcf812b3faeea836!8m2!3d42.9064155!4d-78.7985702!16s%2Fg%2F11jxnxkjsg!19sChIJvUzQNIUT04kRNqju-rMS-Nw","Aaron's Landscaping & Snowplowing, LLC",4.7,14,Lawn care service,,,http://www.aaronslandscapingsnowplowing.com/,+1 716-578-4560,Open · Closes 5:30 pm,,https://lh3.googleusercontent.com/gps-cs-s/APNQkAHtu1Gi6Qxm_s4hsWscAZNC5xQ5Lci_rPu9LhB5J8WTll4UFKHGF4TtJk5ISPLcW0TAg7MHV15pQ229lYDui5ZrV7mt_a2qxNDxUefeeEpytfTlfXBMVKSm2DOAFSPVkoa_qxAc=w408-h306-k-no,true,8 am–5:30 pm,8 am–5:30 pm,8 am–5:30 pm,8 am–5:30 pm,Closed,8 am–5:30 pm,8 am–5:30 pm,"https://www.google.com/maps/search/commercial+landscaping+businesses+in+North+Buffalo+Buffalo+NY/@42.9509105,-78.8488584,14z",2026-04-29T18:54:08.627Z,,,
https://www.google.com/maps/place/Olson+Design/data=!4m7!3m6!1s0x89d36d48356178ad:0x46d1315ec6376da6!8m2!3d42.9112214!4d-78.8854394!16s%2Fg%2F11cmg9dbnx!19sChIJrXhhNUht04kRpm03xl4x0UY,Olson Design,5.0,4,Landscape designer,"Brayton St, Buffalo, NY 14213, United States","W467+FR Buffalo, New York, USA",,+1 716-680-1122,Open · Closes 11 pm,Identifies as women-owned,https://streetviewpixels-pa.googleapis.com/v1/thumbnail?panoid=_RL9kJdiT-GS6QnYDtqmIg&cb_client=search.gws-prod.gps&w=408&h=240&yaw=32.326557&pitch=0&thumbfov=100,true,6 am–11 pm,6 am–11 pm,6 am–11 pm,6 am–11 pm,6 am–11 pm,6 am–11 pm,6 am–11 pm,"https://www.google.com/maps/search/commercial+landscaping+businesses+in+North+Buffalo+Buffalo+NY/@42.9509105,-78.8488584,14z",2026-04-29T18:54:13.340Z,,,
https://www.google.com/maps/place/Top+Shelf+Landscaping/data=!4m7!3m6!1s0x89d36d475b1e7c29:0xe1b294972110d26f!8m2!3d42.989758!4d-78.8864874!16s%2Fg%2F11j8k7yn2k!19sChIJKXweW0dt04kRb9IQIZeUsuE,Top Shelf Landscaping,4.7,35,Landscaper,,,http://topshelflandscaping.com/,+1 716-207-8005,Open · Closes 4 pm,,https://lh3.googleusercontent.com/gps-cs-s/APNQkAHamMSM5fTAZVewEeuCcspOl1dGPbQHPJT1kL0tFkTW2El1h_F4DwUOSVKYYwFfH8vijepVug2aNduQyF-2wko_RXscBw7dXgBNvgdTiR4g-RtSOXRCCaBGP9C6Mp14enZ_oAtb6oFansa2=w408-h306-k-no,true,8 am–4 pm,8 am–4 pm,8 am–4 pm,8 am–4 pm,Closed,8 am–4 pm,8 am–4 pm,"https://www.google.com/maps/search/commercial+landscaping+businesses+in+North+Buffalo+Buffalo+NY/@42.9509105,-78.8488584,14z",2026-04-29T18:54:18.163Z,,,
https://www.google.com/maps/place/Green+Giant+Landscaping/data=!4m7!3m6!1s0x89d36d1102b1a4dd:0x2f2ecb16985d9b45!8m2!3d42.9671278!4d-78.8698926!16s%2Fg%2F11bw1glqqc!19sChIJ3aSxAhFt04kRRZtdmBbLLi8,Green Giant Landscaping,4.0,5,Landscaper,"ap, 16 Chapel Rd #7, Kenmore, NY 14217, United States","X48J+V2 Kenmore, New York, USA",,+1 716-807-6047,Open · Closes 6 pm,,https://streetviewpixels-pa.googleapis.com/v1/thumbnail?panoid=GFw-xmvX4Xk1l3_XhNEhEw&cb_client=search.gws-prod.gps&w=408&h=240&yaw=351.75232&pitch=0&thumbfov=100,false,8 am–6 pm,8 am–6 pm,8 am–6 pm,8 am–6 pm,8 am–6 pm,8 am–6 pm,8 am–6 pm,"https://www.google.com/maps/search/commercial+landscaping+businesses+in+North+Buffalo+Buffalo+NY/@42.9509105,-78.8488584,14z",2026-04-29T18:54:22.833Z,,,
https://www.google.com/maps/place/LawnStarter+Lawn+Care+Service/data=!4m7!3m6!1s0x89d373e200ff6e23:0xfc7ca725998977f7!8m2!3d42.9483447!4d-78.8226269!16s%2Fg%2F11gjnr2kwt!19sChIJI27_AOJz04kR93eJmSWnfPw,LawnStarter Lawn Care Service,4.4,136,Lawn care service,"139 Highgate Ave, Buffalo, NY 14214, United States","W5XG+8W Buffalo, New York, USA",https://www.lawnstarter.com/buffalo-ny-lawn-care?utm_source=google&utm_medium=GLocal&utm_campaign=BuffaloLocal,+1 716-261-3864,Open · Closes 10 pm,,https://lh3.googleusercontent.com/gps-cs-s/APNQkAEWXTdn_Tpy0tZSBLt5qOpwyMOQyV_rGkUqALlU_u311t7A5FSLx-qqTqBIXyeS6FaebiQMDE2O3n_MNJIQnU8Zz6OCcF5st2ZpWkL4wiN5z0t791vD4D0Xc387xo-SwjRaZ08wZo5676Yv=w408-h544-k-no,true,7 am–10 pm,7 am–10 pm,7 am–10 pm,7 am–10 pm,7 am–10 pm,7 am–10 pm,7 am–10 pm,"https://www.google.com/maps/search/commercial+landscaping+businesses+in+North+Buffalo+Buffalo+NY/@42.9509105,-78.8488584,14z",2026-04-29T18:54:27.663Z,,,
https://www.google.com/maps/place/Art%27s+landscaping+recovery+LLC/data=!4m7!3m6!1s0x89d30dda46e60e63:0x7d72542989c5feea!8m2!3d42.9314316!4d-78.8013529!16s%2Fg%2F11r98cvcbb!19sChIJYw7mRtoN04kR6v7FiSlUcn0,Art's landscaping recovery LLC,,,Landscaper,"Collins Walk, Buffalo, NY 14215, United States","W5JX+HF Buffalo, New York, USA",,,Open · Closes 6:30 pm,,https://lh3.googleusercontent.com/gps-cs-s/APNQkAFtS_HkrI45sGSYx-nBPzefkZ1OdisqOBeUSfZ2nDLF1NrbYToRXhffVak6mZZy3ikXipAHDMvJs_sBr3h4_EUCgFWBADS34Q7QV5z5yh0jt2txTWTXG19J51vG0kgHDAe2JCxX=w408-h408-k-no,false,7:30 am–6:30 pm,7:30 am–6:30 pm,7:30 am–6:30 pm,7:30 am–4:30 pm,7:30 am–4:30 pm,7:30 am–6:30 pm,7:30 am–6:30 pm,"https://www.google.com/maps/search/commercial+landscaping+businesses+in+North+Buffalo+Buffalo+NY/@42.9509105,-78.8488584,14z",2026-04-29T18:54:32.579Z,,,
https://www.google.com/maps/place/CGS+Lawn+and+Co+Inc/data=!4m7!3m6!1s0x89d30d746ed7f961:0x2dcf26456906f748!8m2!3d42.8952235!4d-78.8145454!16s%2Fg%2F11mq31r241!19sChIJYfnXbnQN04kRSPcGaUUmzy0,CGS Lawn and Co Inc,5.0,5,Landscape designer,"1504 Bailey Ave, Buffalo, NY 14212, United States","V5WP+35 Buffalo, New York, USA",http://www.cgslawnandco.com/,+1 716-570-1947,Open · Closes 6 pm,,https://lh3.googleusercontent.com/gps-cs-s/APNQkAG3KQtOoEyVt-lMF4-xhX5wBHLt5AAi8_T6vJDiovL4p8nw1lKtnbqqxoaUVsQMIB6jYUOKJQQL2LnoF0rZdifYYrApMYLUwyD2gHkI_2XHFFkkLArLKLlbrQODVgxMNpzaPMI=w408-h306-k-no,true,8 am–6 pm,8 am–6 pm,8 am–6 pm,8 am–12 am,Closed,8 am–6 pm,8 am–6 pm,"https://www.google.com/maps/search/commercial+landscaping+businesses+in+North+Buffalo+Buffalo+NY/@42.9509105,-78.8488584,14z",2026-04-29T18:54:37.717Z,,,
"https://www.google.com/maps/place/Wegman+Motor+Works,+Inc./data=!4m7!3m6!1s0x89d36d22e6ba44d5:0xf5072573187a1598!8m2!3d42.9584419!4d-78.8738297!16s%2Fg%2F1tf1ptrb!19sChIJ1US65iJt04kRmBV6GHMlB_U","Wegman Motor Works, Inc.",4.6,122,Lawn mower store,"1500 Kenmore Ave, Buffalo, NY 14216, United States","X45G+9F Buffalo, New York, USA",https://www.wegmanmotorworksinc.com/,+1 716-875-2321,Open · Closes 5 pm,,https://lh3.googleusercontent.com/gps-cs-s/APNQkAE7wtobVFoEEUfybby95-fSLsAB2GR6APKdO19AwZQyMLjn_wZsl085Dvt9jWiw9wFlgmeM_ZMLs438l9UFfK4rMqkdh-xkeF02ydEXLnvzHWM9DvFnZG9G8dwr7cKxvkOCL1Bz=w408-h544-k-no,true,8:30 am–5 pm,8:30 am–5 pm,8:30 am–5 pm,8:30 am–12 pm,Closed,8:30 am–5 pm,8:30 am–5 pm,"https://www.google.com/maps/search/commercial+landscaping+businesses+in+North+Buffalo+Buffalo+NY/@42.9509105,-78.8488584,14z",2026-04-29T18:54:42.530Z,· In-store shopping · In-store pick-up · Delivery,,
https://www.google.com/maps/place/Martins+landscaping+LLC/data=!4m7!3m6!1s0xd2751580987357f:0x1c593fd55d9df997!8m2!3d42.938909!4d-78.8152784!16s%2Fg%2F11x8_l_t1s!19sChIJfzWHCVhRJw0Rl_mdXdU_WRw,Martins landscaping LLC,5.0,3,Landscaper,,,http://www.facebook.com/martinslandscapingg,+1 716-830-2071,Open · Closes 8 pm,,https://lh3.googleusercontent.com/gps-cs-s/APNQkAE1012YlcOo1BdBqBDX14-juiNFJET8fnguFJZCliL6MIz5veJdL_9dJSr04spv2PwP99riSRwM6rGN5bv_H6OXmbkytERTbQc3G66L_xiC1Rh8oNbRkQwJEqmZpCSyYmCmxL8YrmKnxHiA=w408-h416-k-no,true,9 am–8 pm,9 am–12 am,"12–8 am, 9 am–8 pm",9 am–8 pm,9 am–8 pm,9 am–8 pm,9 am–8 pm,"https://www.google.com/maps/search/commercial+landscaping+businesses+in+North+Buffalo+Buffalo+NY/@42.9509105,-78.8488584,14z",2026-04-29T18:54:47.249Z,,,
https://www.google.com/maps/place/Restorff%27s+Garden+Center/data=!4m7!3m6!1s0x89d36d6765ecee5d:0xabb20888a8f2c0dd!8m2!3d42.9582675!4d-78.8458102!16s%2Fg%2F1vvdw5_c!19sChIJXe7sZWdt04kR3cDyqIgIsqs,Restorff's Garden Center,3.0,8,Landscaper,"750 Kenmore Ave, Buffalo, NY 14216, United States","X553+8M Buffalo, New York, USA",http://restorffslandscape.com/,+1 716-835-7434,,,https://streetviewpixels-pa.googleapis.com/v1/thumbnail?panoid=3Maj4OrD4w3mux79B6ljOg&cb_client=search.gws-prod.gps&w=408&h=240&yaw=163.76091&pitch=0&thumbfov=100,false,,,,,,,,"https://www.google.com/maps/search/commercial+landscaping+businesses+in+North+Buffalo+Buffalo+NY/@42.9509105,-78.8488584,14z",2026-04-29T18:54:50.173Z,,,
https://www.google.com/maps/place/Green+Buffalo+Outdoor+Design/data=!4m7!3m6!1s0x89d36d3b1e26e747:0xcc5c3bc41b2eecae!8m2!3d42.94427!4d-79.123857!16s%2Fg%2F11dybg74b0!19sChIJR-cmHjtt04kRruwuG8Q7XMw,Green Buffalo Outdoor Design,5.0,3,Landscaper,,,http://www.gboutdoordesign.com/,+1 716-907-6535,Open · Closes 6 pm,,https://lh3.googleusercontent.com/gps-cs-s/APNQkAH6dWn0_41NBhyKY6FZP9LvaPS309oPAtDFYU4R58EralPqWEWUirCRf51k43aaXayZXKyUVyumDf-n7twtJNQu6EeH-xUd-YzWLYQ6EXIci-7GL6brofwTFs5Wx3JuMAYFxNl0=w408-h306-k-no,true,7 am–6 pm,7 am–6 pm,7 am–6 pm,7 am–6 pm,Closed,7 am–6 pm,7 am–6 pm,"https://www.google.com/maps/search/commercial+landscaping+businesses+in+North+Buffalo+Buffalo+NY/@42.9509105,-78.8488584,14z",2026-04-29T18:54:55.136Z,,,
https://www.google.com/maps/place/Central+Lawn+%26+Landscaping+LLC/data=!4m7!3m6!1s0x8113aaa2921021f5:0x167707ee7dcd823d!8m2!3d42.9980362!4d-78.8013395!16s%2Fg%2F11n52vj_qq!19sChIJ9SEQkqKqE4ERPYLNfe4HdxY,Central Lawn & Landscaping LLC,5.0,1,Landscaper,,,,+1 716-334-7922,Open 24 hours,,https://lh3.googleusercontent.com/gps-cs-s/APNQkAHUc3g0lMfvBELB5-NHBg1J0yWT7-igWBa959tyLv3lZjJ38PFwTeh2hmbo0WRtjQdUI5SIx5GT2qXbceWPCuiR6XYQPHc8Oog6ILqPpvHGKrdu0iYHby1WbMDKdv_IX5AW8JkqERs_ggPK=w408-h544-k-no,true,Open 24 hours,Open 24 hours,Open 24 hours,Open 24 hours,Open 24 hours,Open 24 hours,Open 24 hours,"https://www.google.com/maps/search/commercial+landscaping+businesses+in+North+Buffalo+Buffalo+NY/@42.9509105,-78.8488584,14z",2026-04-29T18:54:59.991Z,,,
https://www.google.com/maps/place/Napier+%26+Son+Landscape+Services+Inc/data=!4m7!3m6!1s0x89d36d9141b801fd:0x9fa3ed29f7dc8f69!8m2!3d42.9908707!4d-78.8544505!16s%2Fg%2F1vd729c3!19sChIJ_QG4QZFt04kRaY_c9ynto58,Napier & Son Landscape Services Inc,2.1,9,Landscape designer,"517 Brighton Rd, Tonawanda, NY 14150, United States","X4RW+86 Tonawanda, New York, USA",https://napierandsons.com/,+1 716-832-9000,,,https://streetviewpixels-pa.googleapis.com/v1/thumbnail?panoid=WUubNQMA733wzuZCK-2NjA&cb_client=search.gws-prod.gps&w=408&h=240&yaw=166.75638&pitch=0&thumbfov=100,false,,,,,,,,"https://www.google.com/maps/search/commercial+landscaping+businesses+in+North+Buffalo+Buffalo+NY/@42.9509105,-78.8488584,14z",2026-04-29T18:55:02.768Z,,,
https://www.google.com/maps/place/Mikey%27s+Mowing+Inc/data=!4m7!3m6!1s0x89d3725b1fc1c68f:0x63b2bd99f393cbcb!8m2!3d42.7852054!4d-78.8862675!16s%2Fg%2F11cm772q02!19sChIJj8bBH1ty04kRy8uT85m9smM,Mikey's Mowing Inc,2.8,16,Landscaper,,,https://mikeysmowinginc.com/,+1 716-837-0476,Open · Closes 5 pm,,https://lh3.googleusercontent.com/gps-cs-s/APNQkAEHByIG8QA4Ha6HY83d3oknWx2_VrxxbL2IBJlbn3y_-FIxYBIwXlBso9jWqA3GpgyVKNZr5LLIxNJRLalx8GvAe6pH4Fn7ewxpNDEA-pZGUtka4jNcFanWBpibLr99x3QA91iNzFIEkfju=w425-h240-k-no,true,9 am–5 pm,9 am–5 pm,9 am–5 pm,9 am–4 pm,9 am–2 pm,9 am–5 pm,9 am–5 pm,"https://www.google.com/maps/search/commercial+landscaping+businesses+in+North+Buffalo+Buffalo+NY/@42.9509105,-78.8488584,14z",2026-04-29T18:55:07.597Z,,,
https://www.google.com/maps/place/Classic+Designs+Landscape+Lawn+and+Garden+care/data=!4m7!3m6!1s0x89d37358de34278d:0x56799da31727a327!8m2!3d42.9664075!4d-78.821671!16s%2Fg%2F11g0gp0b28!19sChIJjSc03lhz04kRJ6MnF6OdeVY,Classic Designs Landscape Lawn and Garden care,5.0,1,Landscaper,"397 Allenhurst Rd, Amherst, NY 14226, United States","X58H+H8 Eggertsville, New York, USA",,+1 716-472-3523,Open · Closes 6 pm,,https://lh3.googleusercontent.com/gps-cs-s/APNQkAElfz82-nLO-Z1Dac0MjoVR8y0jTT7FRoW-i3WOGZcK1OYy9lcMk90zg3faHf_Cpjs0Z_B8aRGQtgaJ3tAeSz1d7YIVCUWA6_eD_-TBpVYbrZGEl2XzjyyjeRk1bB-0K84WD0qq=w408-h306-k-no,false,9 am–6 pm,9 am–6 pm,9 am–6 pm,9 am–6 pm,Closed,9 am–6 pm,9 am–6 pm,"https://www.google.com/maps/search/commercial+landscaping+businesses+in+North+Buffalo+Buffalo+NY/@42.9509105,-78.8488584,14z",2026-04-29T18:55:12.505Z,,,
https://www.google.com/maps/place/D%26A+Landscaping+and+Home+Improvement/data=!4m7!3m6!1s0x89d373021497c4cf:0x44e7b682d172bd1e!8m2!3d43.0164015!4d-78.7645986!16s%2Fg%2F11h4_drq1k!19sChIJz8SXFAJz04kRHr1y0YK250Q,D&A Landscaping and Home Improvement,3.9,11,Landscape designer,,,,+1 716-715-6505,Open · Closes 7 pm,,https://lh3.googleusercontent.com/gps-cs-s/APNQkAHgsU7BEjxqUiNVrCZdfkLJmZb8mb6sSY-MZkWDkMtYba7qj_Mps7q5_obEZyptiD-z8a2KGsq300XHji-TtWN6G3x_SjwzGAmVaBIA_6bB9o5k_YdW3zXp6f8y3Myf7GYkxRmr=w408-h337-k-no,true,6 am–7 pm,6 am–7 pm,6 am–7 pm,6 am–7 pm,Closed,6 am–7 pm,6 am–7 pm,"https://www.google.com/maps/search/commercial+landscaping+businesses+in+North+Buffalo+Buffalo+NY/@42.9509105,-78.8488584,14z",2026-04-29T18:55:17.381Z,,,
https://www.google.com/maps/place/Buffalo+Landscapes/data=!4m7!3m6!1s0x89d39d3ad6740f89:0x997e3371f0b321fe!8m2!3d43.0743968!4d-78.6368528!16s%2Fg%2F11p5gh8v5z!19sChIJiQ901jqd04kR_iGz8HEzfpk,Buffalo Landscapes,4.3,55,Landscaper,"8255 Goodrich Rd, Clarence Center, NY 14032, United States","39F7+Q7 Clarence Center, New York, USA",https://buffalolandscaping716.com/,+1 716-249-2841,Open · Closes 6 pm,,https://lh3.googleusercontent.com/gps-cs-s/APNQkAEC1LIQVE3wN67iClbFyPBkAN96DdctWusqhrUCDEqDKM9jZCHyJBsNfj2DBSU8szUD8K_GLMCFvqHVc-2E0eB9-LWME9L196P88_zFKHLL9ejpOVYhEL7ksXS5eoClmPLFuDh_oVo_E2Fn=w408-h297-k-no,true,8 am–6 pm,8 am–6 pm,8 am–6 pm,8 am–6 pm,Closed,8 am–6 pm,8 am–6 pm,"https://www.google.com/maps/search/commercial+landscaping+businesses+in+North+Buffalo+Buffalo+NY/@42.9509105,-78.8488584,14z",2026-04-29T18:55:22.153Z,,,
https://www.google.com/maps/place/Alliance+Landscapes/data=!4m7!3m6!1s0x89d30f6137a58479:0x314f81b4141f93c6!8m2!3d42.8097331!4d-78.8278782!16s%2Fg%2F11srl4qsc_!19sChIJeYSlN2EP04kRxpMfFLSBTzE,Alliance Landscapes,5.0,132,Landscape designer,"77 Keever Ave, Lackawanna, NY 14218, United States","R55C+VR Lackawanna, New York, USA",https://alliancelandscapeswny.com/,+1 716-796-8474,Open · Closes 5:30 pm,,https://lh3.googleusercontent.com/gps-cs-s/APNQkAGQKPUzoFgjY9xnBkJ2odUmtWEiCP7ghnyqSOMRyTRV8FJZfjpAI0KSu81-yAtMzWFyAvQ-19_LlrhDQNdrpDdLhG76VFox8KgvVup75CqtpjJi2XFIrPJoeUcUyXN-YiYemrKigC60kEE=w408-h306-k-no,true,9 am–5:30 pm,9 am–5:30 pm,9 am–5:30 pm,Closed,Closed,9 am–5:30 pm,9 am–5:30 pm,"https://www.google.com/maps/search/commercial+landscaping+businesses+in+North+Buffalo+Buffalo+NY/@42.9509105,-78.8488584,14z",2026-04-29T18:55:27.108Z,,,
https://www.google.com/maps/place/Marinucci+Landscaping/data=!4m7!3m6!1s0x89d373b694ae75d5:0x52f981bfd7209a83!8m2!3d42.99939!4d-78.805132!16s%2Fg%2F11g6xc2497!19sChIJ1XWulLZz04kRg5og17-B-VI,Marinucci Landscaping,4.6,41,Landscaper,,,http://www.marinuccilandscaping.com/,+1 716-440-4576,Open · Closes 7 pm,,https://lh3.googleusercontent.com/gps-cs-s/APNQkAEwMyK_les6J1jYVMWP9OCHSrg2UTAW-HLsJB5a3ggQDEOhgDsqDddoiccPszphZwjMjYdK8z6PcUvvU7IY7J4yOrLOe386ZWY3Nx0yPOzvZOGY8eYXPIs01u_7hcZKMrWJHhWO=w408-h306-k-no,true,8 am–7 pm,8 am–7 pm,8 am–7 pm,10 am–5 pm,Closed,8 am–7 pm,8 am–7 pm,"https://www.google.com/maps/search/commercial+landscaping+businesses+in+North+Buffalo+Buffalo+NY/@42.9509105,-78.8488584,14z",2026-04-29T18:55:31.823Z,,,
https://www.google.com/maps/place/Japanese+Garden/data=!4m7!3m6!1s0x89d312d1730204fd:0x2a232329872c0471!8m2!3d42.9351135!4d-78.8760125!16s%2Fg%2F11cls7rsg_!19sChIJ_QQCc9ES04kRcQQshykjIyo,Japanese Garden,4.7,1036,Garden,"1 Museum Ct, Buffalo, NY 14216, United States","W4PF+2H Buffalo, New York, USA",https://www.bfloparks.org/parks/specialty-gardens/,+1 716-838-1249,Open · Closes 10 pm,,https://lh3.googleusercontent.com/gps-cs-s/APNQkAF-0q9OLmQGXQ-65DGgO0OJrZ235IQBSmxPIxg3-_pC0gqDyX7QAVd6pj_E_XhA6fkfJZQUJ7tsdJndhJ4dI2R4oLtuGNuheAg0gz9qEf-7GR1AV5Lr9YvsmO9bB566V9W-58iesw=w408-h246-k-no,true,5 am–10 pm,5 am–10 pm,5 am–10 pm,5 am–10 pm,5 am–10 pm,5 am–10 pm,5 am–10 pm,"https://www.google.com/maps/search/commercial+landscaping+businesses+in+North+Buffalo+Buffalo+NY/@42.9509105,-78.8488584,14z",2026-04-29T18:55:36.751Z,,,
"https://www.google.com/maps/place/Blue+Line+Concrete+And+Construction,+LLC/data=!4m7!3m6!1s0x89d30d1056049689:0x9efaee487d749824!8m2!3d42.9228282!4d-78.8089671!16s%2Fg%2F11hbqyg7hn!19sChIJiZYEVhAN04kRJJh0fUju-p4","Blue Line Concrete And Construction, LLC",4.7,28,Concrete contractor,"1294 E Delavan Ave, Buffalo, NY 14215, United States","W5FR+4C Buffalo, New York, USA",https://bluelineconcrete.com/,+1 716-812-9768,Open · Closes 5 pm,,https://lh3.googleusercontent.com/gps-cs-s/APNQkAEK1I0tohpIdfrSGjmGoE-sMwQCFl8dOb6sKuCD_G9DD3JD7xmX4BYNP54Xtc_JU45ZdcCCMXhjh8O9dJNB3GGaIFYl0aSu41P-itUyfgCmTiO3lO0MVrOSCoPdyQDBtJ2WPsoIgQ=w408-h306-k-no,true,9 am–5 pm,9 am–5 pm,9 am–5 pm,Closed,Closed,9 am–5 pm,9 am–5 pm,"https://www.google.com/maps/search/commercial+landscaping+businesses+in+North+Buffalo+Buffalo+NY/@42.9509105,-78.8488584,14z",2026-04-29T18:55:41.815Z,,true,
https://www.google.com/maps/place/Spectrum+Landscape+Services+LLC/data=!4m7!3m6!1s0x89d30cadb6ab4a3f:0x454c7111baddffb8!8m2!3d42.855829!4d-78.659704!16s%2Fg%2F11cjgbxmy2!19sChIJP0qrtq0M04kRuP_duhFxTEU,Spectrum Landscape Services LLC,4.5,30,Landscaper,"6101 Clinton St, Elma, NY 14059, United States","V84R+84 Elma Center, New York, USA",http://www.spectrumlandscapeservices.com/,+1 716-580-3431,Open · Closes 4 pm,,https://lh3.googleusercontent.com/gps-cs-s/APNQkAGgM_mWyEcvtHyw-D6hU7XkyRnOKg1Nu4ho2IR6HexrN0SUpPZTUq_QHVNd2pDtOqhlAlErqyJ8aHOHoMIESWB6z3rPfwANUBhts-PFowFq8_Ei9TwWoFBMVWwD2C3AEo-UbZl_Zw=w408-h300-k-no,true,8 am–4 pm,8 am–4 pm,8 am–4 pm,Closed,Closed,8 am–4 pm,8 am–4 pm,"https://www.google.com/maps/search/commercial+landscaping+businesses+in+North+Buffalo+Buffalo+NY/@42.9509105,-78.8488584,14z",2026-04-29T18:55:46.509Z,,,
https://www.google.com/maps/place/Leaps+Landscaping+LLC/data=!4m7!3m6!1s0x76f737dacde3669:0x112c79df1c39f807!8m2!3d42.9760636!4d-78.7940219!16s%2Fg%2F11y5f8m9hw!19sChIJaTberH1zbwcRB_g5HN95LBE,Leaps Landscaping LLC,5.0,26,Landscaper,,,http://leapslandscaping.com/,+1 716-344-5000,Open · Closes 5 pm,,https://lh3.googleusercontent.com/gps-cs-s/APNQkAFsCIIS2ALtFVoGyE812bXXamRmV14fM4FKL3elNIGVQRneYlrlbJQcMpa4IHtXP4YBlo4-3nJQCR8Z9nhhgK3gQe6ZN6X7iegCF-yMQBsw4chKZ2Gan5Z4kpCsT9xwWHI12fI5lgu51HsP=w408-h306-k-no,true,8 am–5 pm,8 am–5 pm,8 am–5 pm,8 am–4 pm,Closed,8 am–5 pm,8 am–5 pm,"https://www.google.com/maps/search/commercial+landscaping+businesses+in+North+Buffalo+Buffalo+NY/@42.9509105,-78.8488584,14z",2026-04-29T18:55:51.097Z,,,
https://www.google.com/maps/place/Huck%27s+Stump+Grinding/data=!4m7!3m6!1s0x89d3728aadfc73db:0x87603a185cafbc58!8m2!3d42.973407!4d-78.8160303!16s%2Fg%2F1w666db1!19sChIJ23P8rYpy04kRWLyvXBg6YIc,Huck's Stump Grinding,4.7,33,Tree service,"33 Carmen Rd, Buffalo, NY 14226, United States","X5FM+9H Buffalo, New York, USA",https://troytreeserviceco.com/,+1 716-834-5975,"Open · Closes 7 pm

Confirmed by this business 5 weeks ago",,https://lh3.googleusercontent.com/gps-cs-s/APNQkAEhJF1_YS_F6c8UJcX4sTEduJx9WUaUv_E8DejSSLnNV3ZMLgdhcqPPIBZCVqBdXFBjPWnQ6aKnVh9QDbsZx1hiA-dWsj03_2AjcYmgejd4hrV0VhLkFBgzWZ2Aqj6WvFmgrljOxA=w408-h306-k-no,false,7 am–7 pm,7 am–7 pm,7 am–7 pm,7 am–7 pm,7 am–7 pm,7 am–7 pm,7 am–7 pm,"https://www.google.com/maps/search/commercial+landscaping+businesses+in+North+Buffalo+Buffalo+NY/@42.9509105,-78.8488584,14z",2026-04-29T18:55:56.015Z,,,
https://www.google.com/maps/place/Superior+Fence+%26+Rail+of+Buffalo/data=!4m7!3m6!1s0x89d36d1c3435088f:0xde33d8abf03160b6!8m2!3d42.958882!4d-78.874855!16s%2Fg%2F11ldq29ztv!19sChIJjwg1NBxt04kRtmAx8KvYM94,Superior Fence & Rail of Buffalo,4.7,104,Fence contractor,"1517 Kenmore Ave # 2, Buffalo, NY 14217, United States","X45G+H3 Buffalo, New York, USA",https://www.superiorfenceandrail.com/buffalo/?utm_source=GMB&utm_medium=location&utm_campaign=SFR-Buffalo-GMB&utm_content=url-7-6-22,+1 716-463-2771,,,https://lh3.googleusercontent.com/gps-cs-s/APNQkAG3weYkmgHpRMp5ksOfxfirqsCqbfa-uSCZtY2o_wGO0C756ADGfM0Q2VVYwY1C_yHnlIK7qLDGxddFaddbnYo7CAWWwGmU7WSEjllt-AtcvrVt8Uvj8dr9wFy9J_xqz_H6u8jyvDPl_5nz=w427-h240-k-no,true,Open 24 hours,Open 24 hours,Open 24 hours,Open 24 hours,Open 24 hours,Open 24 hours,Open 24 hours,"https://www.google.com/maps/search/commercial+landscaping+businesses+in+North+Buffalo+Buffalo+NY/@42.9509105,-78.8488584,14z",2026-04-29T18:56:00.725Z,,,
https://www.google.com/maps/place/M+and+A+Contracting/data=!4m7!3m6!1s0x89d36d1268a4093d:0xebbc71ff93a091b8!8m2!3d42.9681972!4d-78.8644893!16s%2Fg%2F11hy9p2jx9!19sChIJPQmkaBJt04kRuJGgk_9xvOs,M and A Contracting,4.9,29,Contractor,"92 Stillwell Ave, Buffalo, NY 14217, United States","X49P+76 Buffalo, New York, USA",https://www.macontracting.net/,+1 716-578-6334,Open · Closes 6 pm,,https://lh3.googleusercontent.com/gps-cs-s/APNQkAH-wGMOvLfWGyuhkD-vtLK2wpi8f9zGImiCqj2iD7dPpDW1ZS-MOzI4kIe61xzt3ajxBAgxjA82Ht-7rCwXckFBK63U5gs5eq_r7n7pTV87vCqZ9rP0CkExsyckzWm7TRg4RTmp=w408-h306-k-no,true,8 am–6 pm,8 am–6 pm,8 am–6 pm,8 am–12 pm,Closed,8 am–6 pm,8 am–6 pm,"https://www.google.com/maps/search/commercial+landscaping+businesses+in+North+Buffalo+Buffalo+NY/@42.9509105,-78.8488584,14z",2026-04-29T18:56:05.705Z,,,
https://www.google.com/maps/place/HDHomeImprovementLLC/data=!4m7!3m6!1s0x48b4bf2f343fa7eb:0x1885862087113f9e!8m2!3d42.9478974!4d-78.8593143!16s%2Fg%2F11w9rtzlys!19sChIJ66c_NC-_tEgRnj8RhyCGhRg,HDHomeImprovementLLC,5.0,15,Handyman/Handywoman/Handyperson,"1320 Hertel Ave, Buffalo, NY 14216, United States","W4XR+57 Buffalo, New York, USA",https://www.hdhomeimprovementllc.com/,+1 239-898-8136,Open · Closes 8 pm,,https://lh3.googleusercontent.com/gps-cs-s/APNQkAG9V4ouDizeYD-TaQ2KyBtDs4iijNObckZcvpct3i4a3Fh_Q11hAlQwv63ql0Ik_JzJBmrq0lqjVkrgM4s8SCqS1xGN0a4JgjJHthrhO_2iaHm9c_O71g0J__T_dpKK5ymKOwQ=w408-h544-k-no,true,8 am–8 pm,8 am–8 pm,8 am–8 pm,8 am–8 pm,8 am–8 pm,8 am–8 pm,8 am–8 pm,"https://www.google.com/maps/search/commercial+landscaping+businesses+in+North+Buffalo+Buffalo+NY/@42.9509105,-78.8488584,14z",2026-04-29T18:56:10.455Z,,,
https://www.google.com/maps/place/Urban+Roots+Cooperative+Garden+Market/data=!4m7!3m6!1s0x89d31302fa46fd19:0xe2c959c0fe1964b8!8m2!3d42.9116452!4d-78.8860224!16s%2Fg%2F1tf7c1_t!19sChIJGf1G-gIT04kRuGQZ_sBZyeI,Urban Roots Cooperative Garden Market,4.6,103,Garden center,"428 Rhode Island St, Buffalo, NY 14213, United States","W467+MH Buffalo, New York, USA",https://urbanroots.org/,+1 716-362-8982,"Open · Closes 5 pm

Updated by this business 2 weeks ago",LGBTQ+ friendly,https://lh3.googleusercontent.com/gps-cs-s/APNQkAFNxhUfKgIdYnIG57Qfb14K15Oxdoj0K4_93qO7FTxrObePRnIAy9Gd_5ZUYS-wwAfWD45KBND1zXXhpCr0tnerOJ52UcVyEb3joswYRMPSX_9irMssw6MIbmZb7p8dr_7K6PWO=w408-h544-k-no,true,9 am–5 pm,9 am–5 pm,9 am–5 pm,9 am–5 pm,9 am–5 pm,9 am–5 pm,9 am–5 pm,"https://www.google.com/maps/search/commercial+landscaping+businesses+in+North+Buffalo+Buffalo+NY/@42.9509105,-78.8488584,14z",2026-04-29T18:56:15.377Z,· In-store shopping · In-store pick-up,,
https://www.google.com/maps/place/Grande+Landscaping/data=!4m7!3m6!1s0x89d376ba36e55555:0x64d7b850be98f421!8m2!3d43.0176801!4d-78.7339404!16s%2Fg%2F11g0k124z_!19sChIJVVXlNrp204kRIfSYvlC412Q,Grande Landscaping,5.0,3,Lawn care service,"42 Greencastle Ln, Buffalo, NY 14221, United States","2798+3C Buffalo, New York, USA",http://grandelandscaping.com/contact/,+1 716-688-0246,,,https://streetviewpixels-pa.googleapis.com/v1/thumbnail?panoid=InyzKIG3O_YlpCBTtJUSjQ&cb_client=search.gws-prod.gps&w=408&h=240&yaw=232.15877&pitch=0&thumbfov=100,false,,,,,,,,"https://www.google.com/maps/search/commercial+landscaping+businesses+in+North+Buffalo+Buffalo+NY/@42.9509105,-78.8488584,14z",2026-04-29T18:56:17.952Z,,,
https://www.google.com/maps/place/Mike%27s+Landscaping+LLC/data=!4m7!3m6!1s0x89d372440aa1d9b7:0x1e9a44bebe0d98bf!8m2!3d42.9866886!4d-78.8099407!16s%2Fg%2F1tmg7jp0!19sChIJt9mhCkRy04kRv5gNvr5Emh4,Mike's Landscaping LLC,5.0,1,Landscaper,"27 Hillcrest Dr, Amherst, NY 14226, United States","X5PR+M2 Eggertsville, New York, USA",,+1 716-838-6313,,,https://streetviewpixels-pa.googleapis.com/v1/thumbnail?panoid=uh30KSmpshLPOOH7nha2uA&cb_client=search.gws-prod.gps&w=408&h=240&yaw=338.26413&pitch=0&thumbfov=100,false,,,,,,,,"https://www.google.com/maps/search/commercial+landscaping+businesses+in+North+Buffalo+Buffalo+NY/@42.9509105,-78.8488584,14z",2026-04-29T18:56:20.542Z,,,
https://www.google.com/maps/place/Primeval+Forest+Nursery/data=!4m7!3m6!1s0x89d36dd6ec0f8257:0xdcaf13f24484f326!8m2!3d42.9571757!4d-78.9124248!16s%2Fg%2F11trs39rvm!19sChIJV4IP7NZt04kRJvOERPITr9w,Primeval Forest Nursery,4.5,24,Plant nursery,"2813 Niagara St, Buffalo, NY 14207, United States","X34Q+V2 Buffalo, New York, USA",https://www.primevalforestnursery.com/,+1 716-322-6815,"Closed · Opens 11 am Thu

Updated by this business 4 weeks ago",LGBTQ+ friendly,https://lh3.googleusercontent.com/gps-cs-s/APNQkAGptnlYm9AZ73QvTjXklut1WbHaOKi52yvVSz2KGlEgMe9g6UKbAJXccUOZGZacYc88Vm-30XueDycGYogQkO9GvwjnV37VjgAnJ3tcFg0PSsP3Gm2tJ2jsvMMq9XGKfqGAg0RA=w408-h307-k-no,true,10 am–2 pm,11 am–7 pm,11 am–7 pm,11 am–7 pm,10 am–5 pm,10 am–2 pm,10 am–5 pm,"https://www.google.com/maps/search/commercial+landscaping+businesses+in+North+Buffalo+Buffalo+NY/@42.9509105,-78.8488584,14z",2026-04-29T18:56:25.382Z,,true,
"https://www.google.com/maps/place/Buffalo+Landscape+Design,+Inc./data=!4m7!3m6!1s0x89d371905b326669:0xdd3b8636c44d1ff3!8m2!3d43.0433866!4d-78.7697274!16s%2Fg%2F11qbh3slbj!19sChIJaWYyW5Bx04kR8x9NxDaGO90","Buffalo Landscape Design, Inc.",5.0,4,Landscaper,"990 Campbell Blvd, Buffalo, NY 14228, United States","26VJ+94 Buffalo, New York, USA",http://www.buffalolandscapedesigninc.com/,+1 716-673-5170,Open 24 hours,,https://streetviewpixels-pa.googleapis.com/v1/thumbnail?panoid=EhCCH3lqrokg4r-e41R0Lg&cb_client=search.gws-prod.gps&w=408&h=240&yaw=270.80093&pitch=0&thumbfov=100,true,Open 24 hours,Open 24 hours,Open 24 hours,Open 24 hours,Open 24 hours,Open 24 hours,Open 24 hours,"https://www.google.com/maps/search/commercial+landscaping+businesses+in+North+Buffalo+Buffalo+NY/@42.9509105,-78.8488584,14z",2026-04-29T18:56:30.321Z,,,
https://www.google.com/maps/place/WNY+Services+LLC/data=!4m7!3m6!1s0x89d36bdcda363c33:0x77b165494fae8456!8m2!3d43.0345724!4d-79.123857!16s%2Fg%2F11gbxgfyxn!19sChIJMzw22txr04kRVoSuT0llsXc,WNY Services LLC,4.7,141,Landscaper,,,http://wnyservicesllc.com/,+1 716-425-5577,Open · Closes 4 pm,,https://lh3.googleusercontent.com/gps-cs-s/APNQkAFBGzgU2pgtqZiM46VWUUVYVGdIKZ0KzVl8uBYvTUfX-MpoLvJOY03sYk-bl5wM1Pn3mQdjCbY4Xt7yepnjT516SwUlKbybgxnBKPvdJQ7dl8bcyuJ8Ok6k9ggYBx3fKbLwQlVV=w408-h544-k-no,true,8 am–4 pm,8 am–4 pm,8 am–4 pm,8 am–4 pm,Closed,8 am–4 pm,8 am–4 pm,"https://www.google.com/maps/search/commercial+landscaping+businesses+in+North+Buffalo+Buffalo+NY/@42.9509105,-78.8488584,14z",2026-04-29T18:56:35.092Z,,,
https://www.google.com/maps/place/Carozzolo+Lawn+%26+Snow+Services/data=!4m7!3m6!1s0x89d36df52c99eb19:0x322c928a26b3a709!8m2!3d43.0164015!4d-78.8069125!16s%2Fg%2F11mhmvdnrk!19sChIJGeuZLPVt04kRCaezJoqSLDI,Carozzolo Lawn & Snow Services,5.0,12,Lawn care service,,,http://fb.com/carozzolo,+1 716-909-9624,,,https://lh3.googleusercontent.com/gps-cs-s/APNQkAEzZmllI4UNHo4RJflKkGBTM-7_1cMYVNAFXf64HLkkEZK37dU-bgEJMFgpJ3kPkfwNyVs5Rbi--KAQk1RiK7M-BC9k-EYHmhFZc0FwoH5JbqiyDBHWSiKUU_ReUGuLiGYqwWlvOw=w408-h306-k-no,true,,,,,,,,"https://www.google.com/maps/search/commercial+landscaping+businesses+in+North+Buffalo+Buffalo+NY/@42.9509105,-78.8488584,14z",2026-04-29T18:56:37.663Z,,,
"https://www.google.com/maps/place/Amherst+Landscaping,+Lawn+Maintenance+and+Snow+Removal+Services/data=!4m7!3m6!1s0x89d3728eebf7358d:0xa3af7a06496f9f47!8m2!3d42.9683947!4d-78.8230151!16s%2Fg%2F12cp38nx6!19sChIJjTX3645y04kRR59vSQZ6r6M","Amherst Landscaping, Lawn Maintenance and Snow Removal Services",2.3,3,Landscaper,"535 Niagara Falls Blvd, Amherst, NY 14226, United States","X59G+9Q Eggertsville, New York, USA",,+1 716-940-4372,Open 24 hours,,https://lh3.googleusercontent.com/gps-cs-s/APNQkAEoI7gJK7hbw4d8nYrqpcesWCBLRcQ0bwvJFbzrPpBwEK3ur4sLi_K9RzbneyO4uBzjM8dYeZA4suyhreDZU5-Hz1HXxnhHDDuY9ri9XeXI6FXwPDwii9AdX7nX-gh2Jf9DTCBS4A=w408-h259-k-no,false,Open 24 hours,Open 24 hours,Open 24 hours,Open 24 hours,Open 24 hours,Open 24 hours,Open 24 hours,"https://www.google.com/maps/search/commercial+landscaping+businesses+in+North+Buffalo+Buffalo+NY/@42.9509105,-78.8488584,14z",2026-04-29T18:56:42.270Z,,,
https://www.google.com/maps/place/Rob%27s+Property+Solutions/data=!4m7!3m6!1s0x89d373ea44b46485:0xf33039c2781397be!8m2!3d42.9609801!4d-78.7580638!16s%2Fg%2F11fn5vj4__!19sChIJhWS0ROpz04kRvpcTeMI5MPM,Rob's Property Solutions,5.0,5,Landscaper,"5228 Main Rd, Williamsville, NY 14221, United States","X66R+9Q Williamsville, New York, USA",https://m.facebook.com/RobsPropertySolutions,+1 716-912-5101,Open 24 hours,,https://lh3.googleusercontent.com/gps-cs-s/APNQkAEZQjT7MGCd7TItRuXAafwa6Paohbl4Nk1CBbRikEDX95zXjALAikW9T2Hv5rwmukPMxtMNWEIHv2Oxl6JFYR_Bp1BMXd_lD4VARykbkgZk1kMCmdK7Djlg1y_RZOVzQ8CT5KolHN4QNq10=w408-h307-k-no,true,Open 24 hours,Open 24 hours,Open 24 hours,Open 24 hours,Open 24 hours,Open 24 hours,Open 24 hours,"https://www.google.com/maps/search/commercial+landscaping+businesses+in+North+Buffalo+Buffalo+NY/@42.9509105,-78.8488584,14z",2026-04-29T18:56:47.097Z,,,
https://www.google.com/maps/place/Cousins+Landscaping/data=!4m7!3m6!1s0x89d3130323272edf:0x4cbd3c9d785ba9ca!8m2!3d42.9126495!4d-78.887002!16s%2Fg%2F11nsv4dnks!19sChIJ3y4nIwMT04kRyqlbeJ08vUw,Cousins Landscaping,,,Landscaper,"113 Brayton St, Buffalo, NY 14213, United States","W477+35 Buffalo, New York, USA",,,,,https://streetviewpixels-pa.googleapis.com/v1/thumbnail?panoid=duQA82fowMq9nwulU6LjYw&cb_client=search.gws-prod.gps&w=408&h=240&yaw=61.86475&pitch=0&thumbfov=100,false,,,,,,,,"https://www.google.com/maps/search/commercial+landscaping+businesses+in+North+Buffalo+Buffalo+NY/@42.9509105,-78.8488584,14z",2026-04-29T18:56:49.766Z,,,
"https://www.google.com/maps/place/First+Choice+Property+Contracting+%26+Landscaping+of+WNY,+LLC/data=!4m7!3m6!1s0x89d36d3923545703:0x2e583bc7db253ccd!8m2!3d43.3374555!4d-75.3897896!16s%2Fg%2F11pwscl0t9!19sChIJA1dUIzlt04kRzTwl28c7WC4","First Choice Property Contracting & Landscaping of WNY, LLC",5.0,6,Foreclosure service,,,http://fcpcwnyllc.com/,+1 716-533-6095,Open · Closes 5 pm,LGBTQ+ friendly,https://lh3.googleusercontent.com/gps-cs-s/APNQkAGmhoKbwMctDdsA0h8y3Z0WjUw4Q2Ed6FW7u8Xb2zkd0mWaC_BGleop2GSP15Oy66yld4myciJPcRjpwhy8giotn5WUybZ-Gk5A-eaWDW89FHbqEbTCSt5DW0S42JyCjVlAAGHW-g=w408-h390-k-no,true,9 am–5 pm,9 am–5 pm,9 am–5 pm,10 am–2 pm,10 am–2 pm,9 am–5 pm,9 am–5 pm,"https://www.google.com/maps/search/commercial+landscaping+businesses+in+North+Buffalo+Buffalo+NY/@42.9509105,-78.8488584,14z",2026-04-29T18:56:54.374Z,,,
https://www.google.com/maps/place/Infinity+Landscaping/data=!4m7!3m6!1s0x89d36d891764ef37:0xe50363707898f1b7!8m2!3d42.9892157!4d-78.8422625!16s%2Fg%2F1thf9jvs!19sChIJN-9kF4lt04kRt_GYeHBjA-U,Infinity Landscaping,4.7,6,Landscaper,"310 Floradale Ave, Tonawanda, NY 14150, United States","X5Q5+M3 Tonawanda, New York, USA",,+1 716-831-1276,,,https://lh3.googleusercontent.com/gps-cs-s/APNQkAHA2RRNDSa-cMDRch36L-oOtu4ooAQ78BgEmF2W85zJRtRiJvJaH4VvnNzbjIBhpIPgUITwabPHltXakWC2oHM64xnfdbk1pstG6vLqLPmYdph21LO-nOolCwYpu3CFLd_ET8ptWg=w408-h303-k-no,false,,,,,,,,"https://www.google.com/maps/search/commercial+landscaping+businesses+in+North+Buffalo+Buffalo+NY/@42.9509105,-78.8488584,14z",2026-04-29T18:56:57.146Z,,,
https://www.google.com/maps/place/Matty%27s+Landscape+%26+Snow+Removal/data=!4m7!3m6!1s0x45d50415e1be5deb:0xc76e011d582eafcf!8m2!3d42.9565275!4d-78.8429412!16s%2Fg%2F11l2lstcv5!19sChIJ612-4RUE1UURz68uWB0Bbsc,Matty's Landscape & Snow Removal,4.7,17,Landscaper,,,http://mattys-landscape-snow-removal-llc.square.site/,+1 716-435-8316,Open 24 hours,,https://lh3.googleusercontent.com/gps-cs-s/APNQkAEdhD5ahvrXkFJEsHmBulQPQRL1L0iXV8-dt-t-wkCNzYgbbi4rLY3w6kvPB-OFf_uSk6sVXqt7LOYazGt9CV5HA0bxKuuVV2cJnNGwHwKj-POtmNx1xRc3hbGYgkbcAuFrosw=w408-h306-k-no,true,Open 24 hours,Open 24 hours,Open 24 hours,Open 24 hours,Open 24 hours,Open 24 hours,Open 24 hours,"https://www.google.com/maps/search/commercial+landscaping+businesses+in+North+Buffalo+Buffalo+NY/@42.9509105,-78.8488584,14z",2026-04-29T18:57:01.756Z,,,
https://www.google.com/maps/place/Buffalo+Roots+Hydroponics+and+Organics/data=!4m7!3m6!1s0x89d372bc906080d9:0x7f236e460e25e6f9!8m2!3d42.9516216!4d-78.825148!16s%2Fg%2F119vhp5pc!19sChIJ2YBgkLxy04kR-eYlDkZuI38,Buffalo Roots Hydroponics and Organics,4.7,100,Hydroponics equipment supplier,"3231 Main St, Buffalo, NY 14214, United States","X52F+JW Buffalo, New York, USA",https://netputers.wixsite.com/buffalorootshydro,+1 716-240-9075,Open · Closes 6 pm,,https://lh3.googleusercontent.com/gps-cs-s/APNQkAH3ZMri0656ypO7VJJSEOjzxX7gJvAHISA2vsfQt0YExPjnemCH1cpcysp8EO4xxadOEo4GztHiTMyrGNn_mXOHlqanO9fVnyOCNC4WD2Iqvha8xeGHdRGFDXSL5sql5c7LEBQc=w427-h240-k-no,true,11 am–6 pm,11 am–6 pm,11 am–6 pm,11 am–6 pm,11 am–6 pm,11 am–6 pm,11 am–6 pm,"https://www.google.com/maps/search/commercial+landscaping+businesses+in+North+Buffalo+Buffalo+NY/@42.9509105,-78.8488584,14z",2026-04-29T18:57:06.520Z,,,
"https://www.google.com/maps/place/Double+A+Landscaping,+LLC/data=!4m7!3m6!1s0x89d39de48887d823:0x67e30fc940dd15ba!8m2!3d43.0254071!4d-78.637879!16s%2Fg%2F11gh3dycsz!19sChIJI9iHiOSd04kRuhXdQMkP42c","Double A Landscaping, LLC",4.9,107,Landscaper,"6560 Goodrich Rd, Clarence Center, NY 14032, United States","29G6+5R Clarence Center, New York, USA",http://doubleascapes.com/,+1 716-598-9933,Open · Closes 5 pm,,https://lh3.googleusercontent.com/gps-cs-s/APNQkAGecODfe0Qq-DXPDhL4QYgXeGnv9iG6f5VfM6XeGiL2OKo5KACtoBOV6xb27Jf9QPh8BjuwklAfh-0BFyROZR1mZo0id3mqnrUh7Hg6b7EZIeJS1X8INArVdnaW380RNsnjCQ-k0rEbDGfI=w408-h725-k-no,true,8 am–5 pm,8 am–5 pm,8 am–5 pm,Closed,Closed,8 am–5 pm,8 am–5 pm,"https://www.google.com/maps/search/commercial+landscaping+businesses+in+North+Buffalo+Buffalo+NY/@42.9509105,-78.8488584,14z",2026-04-29T18:57:11.434Z,,,
https://www.google.com/maps/place/Rolax+Landscaping+and+Tree+Services/data=!4m7!3m6!1s0xaa82ae96f69ad601:0x87cda4960e8aa4c6!8m2!3d43.048658!4d-78.807764!16s%2Fg%2F11xcn7bdq8!19sChIJAdaa9paugqoRxqSKDpakzYc,Rolax Landscaping and Tree Services,4.9,53,Landscaper,"107 Fairgreen Dr, Buffalo, NY 14228, United States","25XR+FV Buffalo, New York, USA",https://rolaxlandscaping.com/,+1 716-650-1358,Open 24 hours,,https://lh3.googleusercontent.com/gps-cs-s/APNQkAHx2Dj2MFrlD16mLi_7mRNocWhaafLYIi6O4WuMdqXHXh-hhhprjL86OH-G-btZi6LzV6OwemsphHkZrkyJpAOvBiq0WHO6Ciwek-IqSc6bNyGTB-uiTnrKaTp97KpR9t8eUmJTLmgF1nMJ=w408-h483-k-no,true,Open 24 hours,Open 24 hours,Open 24 hours,Open 24 hours,Open 24 hours,Open 24 hours,Open 24 hours,"https://www.google.com/maps/search/commercial+landscaping+businesses+in+North+Buffalo+Buffalo+NY/@42.9509105,-78.8488584,14z",2026-04-29T18:57:16.334Z,,,
https://www.google.com/maps/place/ProClean+Facility+Services/data=!4m7!3m6!1s0x89d30d75e6df81a7:0xa27effc7273bbef0!8m2!3d42.9639236!4d-78.8700337!16s%2Fg%2F11hfg41_8r!19sChIJp4Hf5nUN04kR8L47J8f_fqI,ProClean Facility Services,5.0,10,Janitorial service,"2929 Delaware Ave, Kenmore, NY 14217, United States","X47H+HX Kenmore, New York, USA",http://www.trustproclean.com/,+1 716-313-2020,Open 24 hours,,https://lh3.googleusercontent.com/gps-cs-s/APNQkAHfBwB6wS_65dT5u9QXReSnu3lxFbSDGOG_FCfsHDH_Rfe_c27uokl5IGkVLy-MSrTNg_iUaYbWXA2p2D09wjhBHjphqz79s4gKO0mZJ40wfpYgzQWrSJPcu91z3Zwpj3CFv9MR=w408-h544-k-no,true,Open 24 hours,Open 24 hours,Open 24 hours,Open 24 hours,Open 24 hours,Open 24 hours,Open 24 hours,"https://www.google.com/maps/search/commercial+landscaping+businesses+in+North+Buffalo+Buffalo+NY/@42.9509105,-78.8488584,14z",2026-04-29T18:57:21.052Z,,,
https://www.google.com/maps/place/Enhance+Pros/data=!4m7!3m6!1s0x680c69d47d5bf3d1:0xc7ec2696ac91789e!8m2!3d42.9626695!4d-78.8933979!16s%2Fg%2F11l379q7s9!19sChIJ0fNbfdRpDGgRnniRrJYm7Mc,Enhance Pros,4.7,14,Bathroom remodeler,"2075 Kenmore Ave #1107, Buffalo, NY 14207, United States","X474+3J Buffalo, New York, USA",https://enhancepros.com/,+1 716-402-6812,"Open · Closes 5 pm

Updated by this business 6 weeks ago",,https://lh3.googleusercontent.com/gps-cs-s/APNQkAFrLuxLuxJlPwDwe6yB_me8x2SrGsCQOwNzK50GbH915cZP9PenfiXivVPTL9oyf72xrjfpYL5Ie_Z-186tPeXBLlRIvXT813z2dfIrntPQvT6JDWFtIWae2uhMDPQpanFDVvcaSXmL4hk=w408-h306-k-no,true,8:30 am–5 pm,8:30 am–5 pm,8:30 am–5 pm,Closed,Closed,8:30 am–5 pm,8:30 am–5 pm,"https://www.google.com/maps/search/commercial+landscaping+businesses+in+North+Buffalo+Buffalo+NY/@42.9509105,-78.8488584,14z",2026-04-29T18:57:25.850Z,,,
https://www.google.com/maps/place/Phillips+and+Cowles+Landscaping+LLC/data=!4m7!3m6!1s0x89d36dff2394aee1:0x60cd08cf4ca560c7!8m2!3d42.925089!4d-78.7553929!16s%2Fg%2F11rb4njn3d!19sChIJ4a6UI_9t04kRx2ClTM8IzWA,Phillips and Cowles Landscaping LLC,5.0,4,Landscaper,,,,+1 716-948-5699,Open · Closes 6 pm,,https://lh3.googleusercontent.com/gps-cs-s/APNQkAFLm5sthpqDe4-fVRlzle0-UXM5OAZ6mRaQtiHN1TvAVwQQNuzG19FPLZXAlk18ExGIJkXDLi9c6JzkuSYrR3srmwkoPnxkTUHTnT9zd8I4aPb48WMd7rSrrT_hpmRxMQx6Qttz=w426-h240-k-no,true,7 am–6 pm,7 am–6 pm,7 am–6 pm,7 am–3 pm,Closed,7 am–6 pm,7 am–6 pm,"https://www.google.com/maps/search/commercial+landscaping+businesses+in+North+Buffalo+Buffalo+NY/@42.9509105,-78.8488584,14z",2026-04-29T18:57:30.441Z,,,
https://www.google.com/maps/place/KD+Fence+%26+Deck+Services/data=!4m7!3m6!1s0xaf6132aa0136d509:0x91a00b93c55d19bb!8m2!3d42.8817124!4d-78.826224!16s%2Fg%2F11t85p32hv!19sChIJCdU2AaoyYa8RuxldxZMLoJE,KD Fence & Deck Services,4.8,150,Fence contractor,,,https://kdfencing.com/service-location/buffalo-ny/,+1 716-452-9220,Open 24 hours,LGBTQ+ friendly,https://lh3.googleusercontent.com/gps-cs-s/APNQkAH6YrBowwkFYaK-H8HIN4ofCCAoRvAdFgXnW1CfczfKV3YNDhPmSikw7SaYuLPsQwwmx2Xna-F6RKaEcVhy5odXZ2ve18hiiy7qhAeF9NBFfJHEvsyfGpq6SS_dIIBJ1Kl8RsnFa7UGQok=w408-h306-k-no,true,Open 24 hours,Open 24 hours,Open 24 hours,Open 24 hours,Open 24 hours,Open 24 hours,Open 24 hours,"https://www.google.com/maps/search/commercial+landscaping+businesses+in+North+Buffalo+Buffalo+NY/@42.9509105,-78.8488584,14z",2026-04-29T18:57:35.218Z,,,
https://www.google.com/maps/place/KD+Tree+Service+Buffalo+NY/data=!4m7!3m6!1s0x89d3739a16e7d093:0xe5b4cb747dbf22e1!8m2!3d42.8962391!4d-78.864442!16s%2Fg%2F11kqnm_r51!19sChIJk9DnFppz04kR4SK_fXTLtOU,KD Tree Service Buffalo NY,4.9,273,Tree service,,,https://kdlawncareandtreeservicebuffalo.com/,+1 716-220-7282,Open 24 hours,LGBTQ+ friendly,https://lh3.googleusercontent.com/gps-cs-s/APNQkAFf9vcQ_NrfzIGjrtCoeu1SQLYBhnHToUKG0AxzlVpMEZXIeiJjWWIhf7BnrtEvnC2wt8T4zVNuC9nrFqFXjhZF_3Zt1lrCezN8bI-KU9UolMj45fSngwjro8nqQJxpp9Jh0jB2=w427-h240-k-no,true,Open 24 hours,Open 24 hours,Open 24 hours,Open 24 hours,Open 24 hours,Open 24 hours,Open 24 hours,"https://www.google.com/maps/search/commercial+landscaping+businesses+in+North+Buffalo+Buffalo+NY/@42.9509105,-78.8488584,14z",2026-04-29T18:57:40.361Z,,,
https://www.google.com/maps/place/Limestone+landscaping+%26+snowplowing/data=!4m7!3m6!1s0x8b5f36314d58f8ab:0x93fdd555e3199a80!8m2!3d43.0099655!4d-78.7980499!16s%2Fg%2F11ylsqrq7t!19sChIJq_hYTTE2X4sRgJoZ41XV_ZM,Limestone landscaping & snowplowing,5.0,1,Landscaper,,,https://limestonewny.com/,+1 716-305-0097,Open 24 hours,,https://lh3.googleusercontent.com/gps-cs-s/APNQkAHybNZrwg-VTBFTyfRhLgQQYP5nCx6jaKHIxVI0bgRt7Tpj5ZLbuPLosBUqeO867ae45s6F9pA6xXwTPvhksw6sjnyzysyXC2emlYwWH0aBj8blcH9H8fvHnCOBKtfRJnjHeVPAA-bhUsS0=w408-h289-k-no,true,Open 24 hours,Open 24 hours,Open 24 hours,Open 24 hours,Closed,Open 24 hours,Open 24 hours,"https://www.google.com/maps/search/commercial+landscaping+businesses+in+North+Buffalo+Buffalo+NY/@42.9509105,-78.8488584,14z",2026-04-29T18:57:44.930Z,,,
https://www.google.com/maps/place/All+Pro+Home+Improvements/data=!4m7!3m6!1s0x89d373d137d3e661:0xad796f819e8f036a!8m2!3d42.9584163!4d-78.8272796!16s%2Fg%2F11jn3v4ncj!19sChIJYebTN9Fz04kRagOPnoFvea0,All Pro Home Improvements,5.0,10,General contractor,"257 Kenmore Ave, Buffalo, NY 14223, United States","X55F+93 Buffalo, New York, USA",https://allprocontractingny.com/,+1 716-710-0002,Open 24 hours,LGBTQ+ friendly,https://lh3.googleusercontent.com/gps-cs-s/APNQkAF_PjTM6ShRUsmre4z5SlDDNCyZRQMF3aAo5fftUgaxPDhk7a9z2eH5uVOpZxaBwtnrojDzjK3NIv8u3Kotmhcacm60bL75HowTS7vnoiVodIasZG58ST1rMlpOFe96_83em8HVAQ=w560-h240-k-no,true,Open 24 hours,Open 24 hours,Open 24 hours,Open 24 hours,Open 24 hours,Open 24 hours,Open 24 hours,"https://www.google.com/maps/search/commercial+landscaping+businesses+in+North+Buffalo+Buffalo+NY/@42.9509105,-78.8488584,14z",2026-04-29T18:57:49.673Z,,,
https://www.google.com/maps/place/Buffalo+Green+Company/data=!4m7!3m6!1s0x8f7bb9679b9e8ecf:0x6382dea889d83f47!8m2!3d42.9477905!4d-78.9093005!16s%2Fg%2F11kr_lb8m6!19sChIJz46em2e5e48RRz_YiajegmM,Buffalo Green Company,5.0,3,Landscaper,,,https://buffalogreencompany.com/,+1 716-504-0003,Open · Closes 5 pm,,https://lh3.googleusercontent.com/gps-cs-s/APNQkAFUGd_rrZNHaHOCY0O9IFteVKg6TYiE6n45Fd7E-zFKX_eZYIMzYa8KYfEZVdM8AIxLzFjcqBzoNnU82nL7wKe0rBbMZ0vbD11AoiPBt9qj95lfR2BAl9cx37ua94afcEXrHlP2Z--58UtF=w408-h408-k-no,true,9 am–5 pm,9 am–5 pm,9 am–5 pm,Closed,Closed,9 am–5 pm,9 am–5 pm,"https://www.google.com/maps/search/commercial+landscaping+businesses+in+North+Buffalo+Buffalo+NY/@42.9509105,-78.8488584,14z",2026-04-29T18:57:54.571Z,,,
https://www.google.com/maps/place/Elmwood+Landscaping+LLC/data=!4m7!3m6!1s0x89d312e35573e029:0xbc3735a03f2ae3fc!8m2!3d42.9129883!4d-78.877961!16s%2Fg%2F1vxvjvcc!19sChIJKeBzVeMS04kR_OMqP6A1N7w,Elmwood Landscaping LLC,1.0,1,Landscaper,"216 Lexington Ave, Buffalo, NY 14222, United States","W47C+5R Buffalo, New York, USA",,,,,https://streetviewpixels-pa.googleapis.com/v1/thumbnail?panoid=uaOszihKOgJXmdmyqcq_QQ&cb_client=search.gws-prod.gps&w=408&h=240&yaw=182.37325&pitch=0&thumbfov=100,false,,,,,,,,"https://www.google.com/maps/search/commercial+landscaping+businesses+in+North+Buffalo+Buffalo+NY/@42.9509105,-78.8488584,14z",2026-04-29T18:57:57.133Z,,,
https://www.google.com/maps/place/J+%26+D%27s+Seal+Tech/data=!4m7!3m6!1s0x89d36d2ef57364e9:0x86c81c3bfd206ab2!8m2!3d42.9436044!4d-78.8866521!16s%2Fg%2F11b6xmcgkq!19sChIJ6WRz9S5t04kRsmog_TscyIY,J & D's Seal Tech,3.0,61,Paving contractor,"138 Chandler St, Buffalo, NY 14207, United States","W4V7+C8 Buffalo, New York, USA",https://www.jdspavingandsealing.com/,+1 716-743-1017,Open · Closes 5 pm,,https://streetviewpixels-pa.googleapis.com/v1/thumbnail?panoid=QFg_s1VcZ5JUQowj_9XjKQ&cb_client=search.gws-prod.gps&w=408&h=240&yaw=2.3495426&pitch=0&thumbfov=100,true,7:30 am–5 pm,7:30 am–5 pm,7:30 am–5 pm,8 am–12 pm,Closed,7:30 am–5 pm,7:30 am–5 pm,"https://www.google.com/maps/search/commercial+landscaping+businesses+in+North+Buffalo+Buffalo+NY/@42.9509105,-78.8488584,14z",2026-04-29T18:58:02.146Z,,,
https://www.google.com/maps/place/CK+Landscaping+%26+Lawn+Care+LLC/data=!4m7!3m6!1s0x9632e6a9e6ee715:0x6e066764ccc6308f!8m2!3d42.843686!4d-77.7466235!16s%2Fg%2F11yf3wsk9_!19sChIJFedunmouYwkRjzDGzGRnBm4,CK Landscaping & Lawn Care LLC,4.3,6,Landscaper,,,https://cklawncareandmore.com/,+1 716-271-2660,,,https://lh3.googleusercontent.com/gps-cs-s/APNQkAHuniv6F6g2gKPr0yK0mY1h04XgGzSgYE6AloX2F5-58FILGBkluG-4zXMKRZpA5nUGf5prmnM25Da8vEHw3k-4EYHUgUvo938_Zi4glxLfVVKdO4h6oZtXgkScB1GQM0hUEBa1gann4mky=w408-h544-k-no,true,,,,,,,,"https://www.google.com/maps/search/commercial+landscaping+businesses+in+North+Buffalo+Buffalo+NY/@42.9509105,-78.8488584,14z",2026-04-29T18:58:04.881Z,,,
https://www.google.com/maps/place/Buffalo+Niagara+Concrete/data=!4m7!3m6!1s0x89d36dea8be2367d:0xbee0c5a6cbd623dc!8m2!3d42.9773861!4d-78.9073975!16s%2Fg%2F11rv854kk9!19sChIJfTbii-pt04kR3CPWy6bF4L4,Buffalo Niagara Concrete,4.7,50,Concrete contractor,"678 Sheridan Dr, Tonawanda, NY 14150, United States","X3GV+X2 Tonawanda, New York, USA",https://www.buffaloniagaraconcrete.com/,+1 716-201-0098,Open · Closes 7 pm,,https://lh3.googleusercontent.com/gps-cs-s/APNQkAFiUjzPhG28p-m9VJGd9CaPKCFm0CSaPGPgKrV0nwsyjqKtFDUHCNKmtlI_I9tIGQMSzAGj9UfohJUmxEUQGLCU4NaB4UrHoHjgb1AIM8GntKYVJaV5MsoeQ0Or1_q5cx9pQ444TQ=w426-h240-k-no,true,9 am–7 pm,9 am–7 pm,9 am–7 pm,Closed,Closed,9 am–7 pm,9 am–7 pm,"https://www.google.com/maps/search/commercial+landscaping+businesses+in+North+Buffalo+Buffalo+NY/@42.9509105,-78.8488584,14z",2026-04-29T18:58:09.543Z,,,
https://www.google.com/maps/place/Dalex+Roofing/data=!4m7!3m6!1s0x89d36fc8f0383585:0x7f8191d23ee0ba62!8m2!3d42.9773417!4d-78.8159492!16s%2Fg%2F1tgfr314!19sChIJhTU48Mhv04kRYrrgPtKRgX8,Dalex Roofing,4.8,258,Roofing contractor,"1974 Eggert Rd, Buffalo, NY 14226, United States","X5GM+WJ Buffalo, New York, USA",http://www.dalexroofing.com/,+1 716-609-2918,Open · Closes 4:30 pm,,https://lh3.googleusercontent.com/gps-cs-s/APNQkAGtUHk4XIenC49JAJ7Q3fsdfeCfS8oKL2bKVEx6BSz3n0VACckiRct1CpRm5p1MdNBy4Yv_LSlXObVBCoT1MP-YBl54Tgl-bQHHmQth_F8_r7WL3Wb3NIJZ9vuR-f3v5Gyufos=w408-h306-k-no,true,8:30 am–4:30 pm,8:30 am–4:30 pm,8:30 am–4:30 pm,Closed,Closed,8:30 am–4:30 pm,8:30 am–4:30 pm,"https://www.google.com/maps/search/commercial+landscaping+businesses+in+North+Buffalo+Buffalo+NY/@42.9509105,-78.8488584,14z",2026-04-29T18:58:14.384Z,,,
"https://www.google.com/maps/place/D.C.+Landscaping+%26+Design,+Inc./data=!4m7!3m6!1s0x89d375e7b784bbcf:0x7686d25215e5eb1c!8m2!3d42.9903997!4d-78.6773354!16s%2Fg%2F1q5gqqrn_!19sChIJz7uEt-d104kRHOvlFVLShnY","D.C. Landscaping & Design, Inc.",4.0,11,Landscaper,"5290 Harris Hill Rd, Williamsville, NY 14221, United States","X8RF+53 Williamsville, New York, USA",http://www.dclandscapinganddesign.com/,+1 716-800-2597,Open · Closes 5 pm,,https://lh3.googleusercontent.com/gps-cs-s/APNQkAF3wypHasrMAJsgc9WInoC2bzJxqvdYw4QOLTzULQ5I_7eydBGtDDqGoOvAzLQg0yaY2AH2alDDbu_u-dLMHxqpQzornmCrTYwnPMlo9yhogKWY3vwCKVLlN10RJr4SxA9HfNXO=w408-h300-k-no,true,9 am–5 pm,9 am–5 pm,9 am–5 pm,Closed,Closed,9 am–5 pm,9 am–5 pm,"https://www.google.com/maps/search/commercial+landscaping+businesses+in+North+Buffalo+Buffalo+NY/@42.9509105,-78.8488584,14z",2026-04-29T18:58:19.299Z,,,
https://www.google.com/maps/place/Thomas+C+Bandinelli+Enterprises/data=!4m7!3m6!1s0x89d36d83b3c147df:0x51e68ba2dbafc2!8m2!3d42.9795769!4d-78.8457789!16s%2Fg%2F1tnjkk8c!19sChIJ30fBs4Nt04kRwq_boovmUQA,Thomas C Bandinelli Enterprises,,,Landscaper,"185 Woodland Dr, Buffalo, NY 14223, United States","X5H3+RM Buffalo, New York, USA",,+1 716-833-3522,,,https://streetviewpixels-pa.googleapis.com/v1/thumbnail?panoid=PMHQ0uMboVexEn8xp-hSBQ&cb_client=search.gws-prod.gps&w=408&h=240&yaw=177.74956&pitch=0&thumbfov=100,false,,,,,,,,"https://www.google.com/maps/search/commercial+landscaping+businesses+in+North+Buffalo+Buffalo+NY/@42.9509105,-78.8488584,14z",2026-04-29T18:58:22.077Z,,,
https://www.google.com/maps/place/Rose+Lawn+Care+%26+Snow+Removal/data=!4m7!3m6!1s0x682b80bb12463727:0xaf6c1a5eb55aa0f3!8m2!3d42.9565275!4d-78.8152959!16s%2Fg%2F11swt88h1m!19sChIJJzdGEruAK2gR86BatV4abK8,Rose Lawn Care & Snow Removal,5.0,5,Lawn care service,,,https://roselawncare.wixsite.com/lroselawncare,+1 716-844-2036,Open · Closes 4 pm,LGBTQ+ friendly,https://lh3.googleusercontent.com/gps-cs-s/APNQkAHd8to8buidOuIEechUzInI7gOeLIprI6TbFeXGK1aVFKOph_zCxFlmsa3e5YjpzGpnt7KBW2_0Fi_7zZkik3903hvLey5Z51q5U2mVwBbDkPVt2WlswQppDk77gBnAOVfoLBQsyQ=w408-h306-k-no,true,8 am–4 pm,8 am–4 pm,8 am–4 pm,8 am–4 pm,8 am–4 pm,8 am–4 pm,8 am–4 pm,"https://www.google.com/maps/search/commercial+landscaping+businesses+in+North+Buffalo+Buffalo+NY/@42.9509105,-78.8488584,14z",2026-04-29T18:58:26.670Z,,true,
https://www.google.com/maps/place/PlotScapes/data=!4m7!3m6!1s0x4b59d522b682087d:0x9755298d7bcf1cca!8m2!3d42.8962391!4d-78.864442!16s%2Fg%2F11khtjyl3f!19sChIJfQiCtiLVWUsRyhzPe40pVZc,PlotScapes,,,Landscape designer,,,http://plotscapes.com/,+1 518-653-1588,Open · Closes 6 pm,,https://lh3.googleusercontent.com/gps-cs-s/APNQkAEZXZTHFRWGbFC-kNN0EmThhvWUutPbBXu6SayOWvtKyqbnU7hhGOHpb0zDxPlRWnh1HmPWyGIJXrkEybsI8o9iB-XovqfulS7vvLkGH5xv3usiFtzEzSl1Yq_VmaaQ3hbo28tu=w408-h257-k-no,true,9 am–6 pm,9 am–6 pm,9 am–6 pm,9 am–6 pm,9 am–6 pm,9 am–6 pm,9 am–6 pm,"https://www.google.com/maps/search/commercial+landscaping+businesses+in+North+Buffalo+Buffalo+NY/@42.9509105,-78.8488584,14z",2026-04-29T18:58:31.296Z,,,
https://www.google.com/maps/place/Allami+Home+Services+Inc./data=!4m7!3m6!1s0x8ca4a1d80d3493cb:0x2948cd2cda9b6d49!8m2!3d42.9109405!4d-78.826224!16s%2Fg%2F11w2g9h81d!19sChIJy5M0DdihpIwRSW2b2izNSCk,Allami Home Services Inc.,5.0,3,Construction company,,,https://brand.site/allamihomeservicesinc,+1 716-398-1933,Open 24 hours,,https://lh3.googleusercontent.com/gps-cs-s/APNQkAGNv4aLsYFAi9L-lYVRlkXS5E2S3AyAwX1RI3Trz0x2Smvz1XbFKQqtyfovSX-NEpCG6r6B-alaIz_CH4Bel0rareZ1YG1gWrwuLUqGIGuOO8Jhkp1Z45apadswusPUBGs2rBtwmA1TrdL-=w408-h725-k-no,true,Open 24 hours,Open 24 hours,Open 24 hours,Open 24 hours,Open 24 hours,Open 24 hours,Open 24 hours,"https://www.google.com/maps/search/commercial+landscaping+businesses+in+North+Buffalo+Buffalo+NY/@42.9509105,-78.8488584,14z",2026-04-29T18:58:35.879Z,,,
https://www.google.com/maps/place/AG+Landscaping+Snowplowing+LLC/data=!4m7!3m6!1s0x89d30ca5a19271f7:0xfbdf805a24103864!8m2!3d42.9186876!4d-78.7558148!16s%2Fg%2F11bzq382m7!19sChIJ93GSoaUM04kRZDgQJFqA3_s,AG Landscaping Snowplowing LLC,2.0,4,Landscaper,"3820 Union Rd, Buffalo, NY 14225, United States","W69V+FM Buffalo, New York, USA",,+1 716-949-5072,,,https://streetviewpixels-pa.googleapis.com/v1/thumbnail?panoid=OtspRTWeZP_9zw-16AT3tQ&cb_client=search.gws-prod.gps&w=408&h=240&yaw=270.70734&pitch=0&thumbfov=100,false,,,,,,,,"https://www.google.com/maps/search/commercial+landscaping+businesses+in+North+Buffalo+Buffalo+NY/@42.9509105,-78.8488584,14z",2026-04-29T18:58:38.479Z,,,
https://www.google.com/maps/place/Steps+of+Faith+Landscaping/data=!4m7!3m6!1s0x62ff61ba3710f6dd:0x6246c287f3bf6d83!8m2!3d42.9177784!4d-78.7553929!16s%2Fg%2F11n542g5dj!19sChIJ3fYQN7ph_2IRg22_84fCRmI,Steps of Faith Landscaping,5.0,4,Landscaper,,,https://stepsoffaithlandscaping.com/,+1 678-365-1105,Open · Closes 7 pm,,https://lh3.googleusercontent.com/gps-cs-s/APNQkAEEwRf7AyEXiZXgd6-xEWNUU9gTeQ4sMvXwUHM1s_oZ4ovdF-G8qiLXouy9aZYIExs0NRgEjEWmQUWbSu1jeLDbhW-aisl-_bDpDEqyoUZ9v0Z4iJFh4BC1YaQJSNvsv5l7CbrWpwXDfNGs=w408-h306-k-no,true,7 am–7 pm,7 am–7 pm,7 am–7 pm,7 am–3:30 pm,Closed,7 am–7 pm,7 am–7 pm,"https://www.google.com/maps/search/commercial+landscaping+businesses+in+North+Buffalo+Buffalo+NY/@42.9509105,-78.8488584,14z",2026-04-29T18:58:43.292Z,,,
"https://www.google.com/maps/place/Rich-E-Landscaping,+Inc./data=!4m7!3m6!1s0x89d3066ed60f822b:0xbd24298b7cbc8589!8m2!3d42.7465968!4d-78.7315731!16s%2Fg%2F11cm1qq9jc!19sChIJK4IP1m4G04kRiYW8fIspJL0","Rich-E-Landscaping, Inc.",4.7,24,Landscaper,"5053 S Freeman Rd, Orchard Park, NY 14127, United States","P7W9+J9 Orchard Park, New York, USA",http://www.richelandscaping.com/,+1 716-867-5296,Open · Closes 8 pm,,https://lh3.googleusercontent.com/gps-cs-s/APNQkAFyMklfXLbHPe4M780azettSzHqwOi4Keg3pdNwuW6kZFTlXFTDYIaboXNIxe3TKl4U6iUwpn3bsvTgNzvZInSykTxSYeSJlsq6u2HW8Z3W_V6AVvHS9ISIhRJ4dSf2Ks6yFtvbUg=w408-h306-k-no,true,8 am–8 pm,8 am–8 pm,8 am–8 pm,8 am–8 pm,8 am–8 pm,8 am–8 pm,8 am–8 pm,"https://www.google.com/maps/search/commercial+landscaping+businesses+in+Orchard+Park+Buffalo+NY/@42.7675593,-78.7439189,14z",2026-04-29T18:59:04.430Z,,,
https://www.google.com/maps/place/Care+Ease+Lawn+LLC/data=!4m7!3m6!1s0x2edb5b1c13f0fcd7:0x50569bfe772c3dc9!8m2!3d42.7885917!4d-78.7313527!16s%2Fg%2F11sf3x8b5x!19sChIJ1_zwExxb2y4RyT0sd_6bVlA,Care Ease Lawn LLC,4.8,51,Lawn care service,"7013 Milestrip Rd, Orchard Park, NY 14127, United States","Q7Q9+CF Orchard Park, New York, USA",http://www.careeaselawnllc.com/,+1 716-783-2289,"Open · Closes 5 pm

Confirmed by this business 10 weeks ago",,https://lh3.googleusercontent.com/gps-cs-s/APNQkAELCtB1Tlzh6udsJqFJPWpj1nvM98YeOyqKdu4KLgB56v3qaGS0wHx3QYP63yjlF1Ao3YMNCM_NCWcSIn7IDO1eoj07ZGQCkcFaetuYHM6S0d8cVvPrY41fW3FX2WCbPU3HaS4r2w7vVY8=w408-h544-k-no,true,8 am–5 pm,8 am–5 pm,8 am–5 pm,Closed,Closed,8 am–5 pm,8 am–5 pm,"https://www.google.com/maps/search/commercial+landscaping+businesses+in+Orchard+Park+Buffalo+NY/@42.7675593,-78.7439189,14z",2026-04-29T18:59:09.467Z,,,
https://www.google.com/maps/place/AA+Landscaping+And+Tree+Care/data=!4m7!3m6!1s0x370fd936819bbe5:0xd0d89ca4ec545fff!8m2!3d42.7656455!4d-78.7458824!16s%2Fg%2F11wxg_v5lz!19sChIJ5bsZaJP9cAMR_19U7KSc2NA,AA Landscaping And Tree Care,5.0,16,Landscaper,"60 School St, Orchard Park, NY 14127, United States","Q783+7J Orchard Park, New York, USA",https://aalandscapingandtreecare.durablesites.com/,+1 716-777-2436,Open · Closes 7 pm,,https://lh3.googleusercontent.com/gps-cs-s/APNQkAHCk8Utgea4P6CgK1XNjnICfLW5Hf_NNaJ193umf91pXNUQOuOxISxIrO6teD3HkHjGVLMH0iB_7PTru9jrPyDHj2mee4HGI0Dl3flRVzXVZk7AW4Uxmi9yvslYbPm3S-4xRRYlE04CPSIr=w408-h544-k-no,true,7 am–7 pm,7 am–7 pm,7 am–7 pm,7 am–7 pm,7 am–7 pm,7 am–7 pm,7 am–7 pm,"https://www.google.com/maps/search/commercial+landscaping+businesses+in+Orchard+Park+Buffalo+NY/@42.7675593,-78.7439189,14z",2026-04-29T18:59:14.511Z,,,
https://www.google.com/maps/place/JM%27s+Plowing+%26+Landscape/data=!4m7!3m6!1s0x89d30f4403f79fe7:0x596ab7aabb1ce0cc!8m2!3d42.7963439!4d-78.7810662!16s%2Fg%2F11h_3xrjys!19sChIJ55_3A0QP04kRzOAcu6q3alk,JM's Plowing & Landscape,5.0,4,Landscaper,"5531 Lake Ave, Orchard Park, NY 14127, United States","Q6W9+GH Orchard Park, New York, USA",https://www.facebook.com/JMSPLOWINGANDLANDSCAPE/,+1 716-986-2664,Open · Closes 9 pm,,https://lh3.googleusercontent.com/gps-cs-s/APNQkAEhcCVzCCPnWncGa0-GzK7IBxUs3T-w8fPwgTyU0Y9qpnhslCdJxC7IGyoKEKWbNxgo3CRhKr0Yv2dtyEa6gwbeKexpIFRtUHe4-FCqlk_mcuC-L5B75CBZhT8QRevfFxvEuLUzIw=w408-h544-k-no,true,7 am–9 pm,7 am–9 pm,7 am–9 pm,7 am–9 pm,Closed,7 am–9 pm,7 am–9 pm,"https://www.google.com/maps/search/commercial+landscaping+businesses+in+Orchard+Park+Buffalo+NY/@42.7675593,-78.7439189,14z",2026-04-29T18:59:19.297Z,,,
https://www.google.com/maps/place/NICK%27S+SERVICE+WITH+A+SMILE+INC./data=!4m7!3m6!1s0x89d30572547d2b5b:0x26d40474f1cbeae0!8m2!3d42.751094!4d-78.766601!16s%2Fg%2F11qnk8cclg!19sChIJWyt9VHIF04kR4OrL8XQE1CY,NICK'S SERVICE WITH A SMILE INC.,4.8,31,Landscaper,"5980 Armor Duells Rd, Orchard Park, NY 14127, United States","Q62M+C9 Orchard Park, New York, USA",http://www.serviceandsmiles.com/,+1 716-359-4647,Closes soon · 3 pm · Opens 8 am Thu,,https://lh3.googleusercontent.com/gps-cs-s/APNQkAHYbney0BQkkihQuEt9jk2YARUU1hBR7t60N72cAcWVaBpenL5QN3z9m92TE3qD-JyzEdf3Mvqvi_Ygm3uWv_XTq8rZ8S4-3WydZPUy512pgQSOEiN-fKZzNQYQvbr7rY7wVU18=w408-h272-k-no,true,8 am–3 pm,8 am–3 pm,8 am–3 pm,Closed,Closed,8 am–3 pm,8 am–3 pm,"https://www.google.com/maps/search/commercial+landscaping+businesses+in+Orchard+Park+Buffalo+NY/@42.7675593,-78.7439189,14z",2026-04-29T18:59:24.002Z,,,
https://www.google.com/maps/place/Battles+Landscaping+%26+Lawn+Service/data=!4m7!3m6!1s0xa67fd1f1fd18ee0b:0xf5c115d42014c999!8m2!3d42.7834774!4d-78.7422628!16s%2Fg%2F11vyt8swcx!19sChIJC-4Y_fHRf6YRmckUINQVwfU,Battles Landscaping & Lawn Service,5.0,7,Landscape designer,"70 Woodhaven Rd, Orchard Park, NY 14127, United States","Q7M5+93 Orchard Park, New York, USA",http://www.battleslandscapeandlawnservice.com/,+1 716-313-9101,"Open · Closes 7 pm

Updated by this business 4 weeks ago",,https://lh3.googleusercontent.com/gps-cs-s/APNQkAGklB7D-UijluUu8VsEnnSXgx1BbAPxcOBQtTz2QPjP46D-J51tadNexy5q2U3IgPkZqqMHrEnxgyy5qRH5XxN8a5kJEaJ_ZDujg4osBWs2XxNLZTkJe3k5Cb6wUoWhbvNi5J4=w408-h306-k-no,true,7 am–7 pm,7 am–7 pm,7 am–7 pm,9 am–5 pm,Closed,7 am–7 pm,7 am–7 pm,"https://www.google.com/maps/search/commercial+landscaping+businesses+in+Orchard+Park+Buffalo+NY/@42.7675593,-78.7439189,14z",2026-04-29T18:59:28.845Z,,,
https://www.google.com/maps/place/Beez+Works+LLC/data=!4m7!3m6!1s0x89d30546fe9d19d1:0x67414f0a872af256!8m2!3d42.7497624!4d-78.7679775!16s%2Fg%2F11mxzd4rn_!19sChIJ0Rmd_kYF04kRVvIqhwpPQWc,Beez Works LLC,5.0,22,Lawn care service,"5928 Armor Duells Rd, Orchard Park, NY 14127, United States","P6XJ+WR Orchard Park, New York, USA",,,"Open · Closes 4 pm

Updated by this business 10 weeks ago",,https://lh3.googleusercontent.com/gps-cs-s/APNQkAE6K-2kkAnHpDm5ePYCzg25j-zSovMkHa7sK_DtEmg3F5uL2z-QOLXxah7SlvgNxTdGSL0LbmyVg7MMRbnrBbOtFytQkQfHE8-bw1RQfkdgQU3uPzwx6eoTU7bV0Eh4d0sX1I4cyg=w408-h306-k-no,true,7 am–4 pm,7 am–4 pm,7 am–4 pm,Closed,Closed,7 am–4 pm,7 am–6 pm,"https://www.google.com/maps/search/commercial+landscaping+businesses+in+Orchard+Park+Buffalo+NY/@42.7675593,-78.7439189,14z",2026-04-29T18:59:33.832Z,,,
https://www.google.com/maps/place/Arbor+Lawns/data=!4m7!3m6!1s0x89d3060201fb6253:0xf68a33f54e41fe11!8m2!3d42.7737667!4d-78.7422077!16s%2Fg%2F1vfzg424!19sChIJU2L7AQIG04kREf5BTvUzivY,Arbor Lawns,4.4,7,Landscaper,"4045 N Buffalo St, Orchard Park, NY 14127, United States","Q7F5+G4 Orchard Park, New York, USA",,+1 716-662-3755,,,https://lh3.googleusercontent.com/gps-cs-s/APNQkAEw1wxdsz2lQ6h7JMFzdoo5t1iCQV9q_6skLSVTDjvfxrlqHzgmRd_QpmfuwDUZKPxM2oxHzUaCf6u1f8ZKth64smF-K805z3Sb6SCyNmXRRp4nkEM3nyPAactr-k_akHXQn2__UA=w408-h408-k-no,false,,,,,,,,"https://www.google.com/maps/search/commercial+landscaping+businesses+in+Orchard+Park+Buffalo+NY/@42.7675593,-78.7439189,14z",2026-04-29T18:59:36.438Z,,,
https://www.google.com/maps/place/Kaber+Landscaping/data=!4m7!3m6!1s0x89d304327f4bffff:0xb09ef285bb44df09!8m2!3d42.7345477!4d-78.7590222!16s%2Fg%2F11hbvc868r!19sChIJ__9LfzIE04kRCd9Eu4XynrA,Kaber Landscaping,4.6,15,Landscaper,"6180 Powers Rd #3289, Orchard Park, NY 14127, United States","P6MR+R9 Orchard Park, New York, USA",,+1 716-289-8393,Open · Closes 5 pm,LGBTQ+ friendly,https://streetviewpixels-pa.googleapis.com/v1/thumbnail?panoid=F5RfFfqw5zD_1jqKCaLOCg&cb_client=search.gws-prod.gps&w=408&h=240&yaw=43.39976&pitch=0&thumbfov=100,true,9 am–5 pm,9 am–5 pm,9 am–5 pm,9 am–5 pm,9 am–5 pm,9 am–5 pm,9 am–5 pm,"https://www.google.com/maps/search/commercial+landscaping+businesses+in+Orchard+Park+Buffalo+NY/@42.7675593,-78.7439189,14z",2026-04-29T18:59:41.212Z,,,
https://www.google.com/maps/place/Tripi%27s+Landscaping/data=!4m7!3m6!1s0x89d30ff112271fd1:0xdf0a7225087eec8e!8m2!3d42.7939977!4d-78.8234544!16s%2Fg%2F1pxwmyjvd!19sChIJ0R8nEvEP04kRjux-CCVyCt8,Tripi's Landscaping,4.2,65,Landscape designer,"3812 South Park Ave, Blasdell, NY 14219, United States","Q5VG+HJ Blasdell, New York, USA",http://www.tripislandscaping.com/,+1 716-472-4847,Open · Closes 4:30 pm,,https://lh3.googleusercontent.com/gps-cs-s/APNQkAH9Za5kBhm_WKgumgCdQHYrlvXRBPMXIOweGpqmyyY3rfzI_8CpJmfcPftSi4HzqKvyeEjpdxhRKSU1QUGf8Hxg3QCNeLggRFb5iRMbXCjvv2zqy8jaoAXY53RGUdL1HpT5HjssmQ=w408-h272-k-no,true,9 am–4:30 pm,9 am–4:30 pm,9 am–4:30 pm,Closed,Closed,9 am–4:30 pm,9 am–4:30 pm,"https://www.google.com/maps/search/commercial+landscaping+businesses+in+Orchard+Park+Buffalo+NY/@42.7675593,-78.7439189,14z",2026-04-29T18:59:46.360Z,,,
https://www.google.com/maps/place/Flett+lawn/data=!4m7!3m6!1s0x89d309133792cd89:0x8b62643fbe2780bf!8m2!3d42.7779279!4d-78.7449861!16s%2Fg%2F11nyvtzyr0!19sChIJic2SNxMJ04kRv4Anvj9kYos,Flett lawn,5.0,8,Lawn care service,"3881 N Buffalo St, Orchard Park, NY 14127, United States","Q7H4+52 Orchard Park, New York, USA",http://flettlawn.com/,+1 716-870-2200,Open · Closes 5:30 pm,,https://lh3.googleusercontent.com/gps-cs-s/APNQkAE6WpreqxDuYmUQVkPZgH5POZ68Tzdd-LXzYKiAMxxJtisIdecwwvfyAEXgx09jbqPFP9EAz3juYrL-469Zr6j1hyFDsHxfUQ4Pk-pV_uIohbrYHXSacs0pv8Ia_IdRqC_PobAE=w408-h544-k-no,true,8 am–5:30 pm,8 am–5:30 pm,8 am–5:30 pm,Closed,Closed,8 am–5:30 pm,8 am–5:30 pm,"https://www.google.com/maps/search/commercial+landscaping+businesses+in+Orchard+Park+Buffalo+NY/@42.7675593,-78.7439189,14z",2026-04-29T18:59:51.152Z,,,
https://www.google.com/maps/place/Modern+Landscape+%26+Maintenance/data=!4m7!3m6!1s0x89d30fd2ca728d97:0x6d53ffd7cdffe962!8m2!3d42.7917958!4d-78.7777946!16s%2Fg%2F11m74gp99_!19sChIJl41yytIP04kRYun_zdf_U20,Modern Landscape & Maintenance,5.0,26,Landscaper,"3405 N Benzing Rd, Orchard Park, NY 14127, United States","Q6RC+PV Orchard Park, New York, USA",https://www.modernlandscapeandmaintenance.com/,+1 716-715-4041,"Open · Closes 5 pm

Updated by this business 2 weeks ago",,https://lh3.googleusercontent.com/gps-cs-s/APNQkAHEr76EyyBBQyEsRfkvYLMhe0MaM8WZMW66uh3hGnskhbU20cdOW4CvtfMVIz5b3epeJ0kX8FgjrjRQ-8I8DThHNtKxSX2A1zkH6uVZBk-_sU8v2f7Er0CGpsnmvJ_GslD4q0W8EvaqMhOh=w426-h240-k-no,true,9 am–5 pm,9 am–5 pm,9 am–5 pm,9 am–5 pm,9 am–5 pm,9 am–5 pm,9 am–5 pm,"https://www.google.com/maps/search/commercial+landscaping+businesses+in+Orchard+Park+Buffalo+NY/@42.7675593,-78.7439189,14z",2026-04-29T18:59:56.212Z,,,
https://www.google.com/maps/place/Buffalo+Summit+Group+LLC/data=!4m7!3m6!1s0xaf071f026732e407:0x9ba6a1d6c81205b7!8m2!3d42.837807!4d-78.7633374!16s%2Fg%2F11ykw9pts_!19sChIJB-QyZwIfB68RtwUSyNahpps,Buffalo Summit Group LLC,5.0,10,Lawn care service,,,https://www.facebook.com/share/1CNzvnwdjY/?mibextid=wwXIfr,+1 716-345-6271,Open 24 hours,,https://lh3.googleusercontent.com/gps-cs-s/APNQkAEuEK726jNU8MInJ0dpLMGoctiyX1KXG8LtlcYoEEC8bT5km686Mgnzz154DwjND3i9TMJZ7yU9pQRgqtwEgLrVwJvKw2HblB0FZAEktJZlSiHbT-u70b4Zrfq8NiWPXDkuNprMqW_cPL8=w426-h240-k-no,true,Open 24 hours,Open 24 hours,Open 24 hours,Open 24 hours,Open 24 hours,Open 24 hours,Open 24 hours,"https://www.google.com/maps/search/commercial+landscaping+businesses+in+Orchard+Park+Buffalo+NY/@42.7675593,-78.7439189,14z",2026-04-29T19:00:00.829Z,,,
https://www.google.com/maps/place/Funk+Outdoor+Enterprises+llc/data=!4m7!3m6!1s0x66ae9d30dbe903a1:0xff98a896d6f7cebf!8m2!3d42.7825955!4d-78.764335!16s%2Fg%2F11jt3gbzjy!19sChIJoQPp2zCdrmYRv8731paomP8,Funk Outdoor Enterprises llc,5.0,8,Concrete contractor,"3725 Breem St, Orchard Park, NY 14127, United States","Q6MP+27 Orchard Park, New York, USA",http://funkoutdoor.com/,+1 716-432-5859,Open · Closes 5 pm,,https://lh3.googleusercontent.com/gps-cs-s/APNQkAGcc5s9Mdjlva94Nf9W2QH8GiNO5Il1e8l8ofvdrF9t5y3iFuSrzsiXnE4PXqei7JnjJ9bsUILRQ3tKRKwAeuuDTv8ug6A02vQ3Mko41laOk22MJ3hZYXkteMZbht5D2ORCBnBTNw=w408-h544-k-no,true,8 am–5 pm,8 am–5 pm,8 am–5 am,Closed,Closed,8 am–5 pm,8 am–5 pm,"https://www.google.com/maps/search/commercial+landscaping+businesses+in+Orchard+Park+Buffalo+NY/@42.7675593,-78.7439189,14z",2026-04-29T19:00:05.537Z,,,
https://www.google.com/maps/place/Gardenette/data=!4m7!3m6!1s0x89d307fe24f79e7b:0x90061b5528a0866c!8m2!3d43.0345724!4d-78.8855275!16s%2Fg%2F11qntrblvx!19sChIJe573JP4H04kRbIagKFUbBpA,Gardenette,5.0,8,Landscape designer,,,,+1 716-508-0852,Open · Closes 6 pm,Identifies as women-owned,https://lh3.googleusercontent.com/gps-cs-s/APNQkAHjCm2q-yfKvO5lPOIrc2-xNL_ePtlvB1lpNoe7Z3peUE97bpySz9zY8P4xgFC_hTr8FDr41T2OpqdV_khUxi47HORxW9S97B8nlOxjSJTVb0iXCTOc_WdJBL_7jn69pdzijM_g-Q=w630-h240-k-no,true,9 am–6 pm,9 am–6 pm,9 am–3 pm,9 am–2 pm,9 am–2 pm,9 am–6 pm,9 am–6 pm,"https://www.google.com/maps/search/commercial+landscaping+businesses+in+Orchard+Park+Buffalo+NY/@42.7675593,-78.7439189,14z",2026-04-29T19:00:10.375Z,,,
https://www.google.com/maps/place/TruGreen+Lawn+Care/data=!4m7!3m6!1s0x89d30f432a45e65b:0x75fa0680ff57d1b!8m2!3d42.7865483!4d-78.7671598!16s%2Fg%2F1vpq7wh7!19sChIJW-ZFKkMP04kRG331D2igXwc,TruGreen Lawn Care,4.4,582,Lawn care service,"100 Mid County Dr, Orchard Park, NY 14127, United States","Q6PM+J4 Orchard Park, New York, USA",https://www.trugreen.com/local-lawn-care/new-york/orchard-park?utm_source=gmb&utm_channel=organic,+1 833-418-5004,,,https://lh3.googleusercontent.com/gps-cs-s/APNQkAHr1Lgr2IFX7XGw3TY7hoVt845oTo0NwaUdcRd8BVZ1T2sqr5CPWqkILUpKsMU96MK2QcpLMtJjVrdUXrc66JjUG7mrOyFnXdizkfiv5w5zzre0yBeLDLyRgY7m1gFAcDEIMUJT=w408-h306-k-no,true,8 am–6 pm,8 am–6 pm,8 am–6 pm,8 am–12 pm,Closed,8 am–6 pm,8 am–6 pm,"https://www.google.com/maps/search/commercial+landscaping+businesses+in+Orchard+Park+Buffalo+NY/@42.7675593,-78.7439189,14z",2026-04-29T19:00:15.170Z,,,
https://www.google.com/maps/place/Buffalo+%26+Orchard+Park+Topsoil/data=!4m7!3m6!1s0x89d30f6db366b355:0x1065bd6dc873b2d3!8m2!3d42.7937979!4d-78.778866!16s%2Fg%2F1td6nmzw!19sChIJVbNms20P04kR07JzyG29ZRA,Buffalo & Orchard Park Topsoil,4.2,58,Topsoil supplier,"3340 N Benzing Rd, Orchard Park, NY 14127, United States","Q6VC+GF Orchard Park, New York, USA",http://www.buffalonytopsoil.com/,+1 716-822-2807,Open · Closes 5 pm,,https://lh3.googleusercontent.com/gps-cs-s/APNQkAEA7VE1c4xKBQ7wdXTfwPtANOtXmpBqkaZxtDpSblc--aJCnvknB1TMhrsRxyjCO1bkM5oXPyvx4UWVOm20okak2wmXkxkOWXg1-x-_XutvMUFd7XQqCWJETMIXQSt8ryVwX64=w408-h285-k-no,true,7:30 am–5 pm,7:30 am–5 pm,7:30 am–5 pm,8 am–3 pm,Closed,7:30 am–5 pm,7:30 am–5 pm,"https://www.google.com/maps/search/commercial+landscaping+businesses+in+Orchard+Park+Buffalo+NY/@42.7675593,-78.7439189,14z",2026-04-29T19:00:20.146Z,,,
https://www.google.com/maps/place/Thruway+Builders+of+Orchard+Park/data=!4m7!3m6!1s0x89d30f7a07c3251b:0x571809042d6cfee1!8m2!3d42.7883486!4d-78.7868892!16s%2Fg%2F1thbxndy!19sChIJGyXDB3oP04kR4f5sLQQJGFc,Thruway Builders of Orchard Park,5.0,5,Construction equipment supplier,"3515 California Rd, Orchard Park, NY 14127, United States","Q6Q7+86 Orchard Park, New York, USA",http://www.thruwaybuildersofop.com/,+1 716-662-4491,Open 24 hours,,https://streetviewpixels-pa.googleapis.com/v1/thumbnail?panoid=qAHIC4A0cmzULUljV4kyFg&cb_client=search.gws-prod.gps&w=408&h=240&yaw=47.766075&pitch=0&thumbfov=100,true,Open 24 hours,Open 24 hours,Open 24 hours,Closed,Closed,Open 24 hours,Open 24 hours,"https://www.google.com/maps/search/commercial+landscaping+businesses+in+Orchard+Park+Buffalo+NY/@42.7675593,-78.7439189,14z",2026-04-29T19:00:24.989Z,,,
https://www.google.com/maps/place/Snow+and+Mow+Services/data=!4m7!3m6!1s0x89d309a20849b00f:0x7fe31297459fd185!8m2!3d42.8075901!4d-78.7321621!16s%2Fg%2F11nc433jdt!19sChIJD7BJCKIJ04kRhdGfRZcS438,Snow and Mow Services,5.0,2,Landscaper,"2890 Southwestern Blvd, Orchard Park, NY 14127, United States","R759+24 Orchard Park, New York, USA",https://snowandmow.biz/,+1 716-705-8666,"Open 24 hours

Updated by this business 2 weeks ago",,https://streetviewpixels-pa.googleapis.com/v1/thumbnail?panoid=ry0FcxAhrLYvQBNc4DXEhw&cb_client=search.gws-prod.gps&w=408&h=240&yaw=318.41183&pitch=0&thumbfov=100,true,Open 24 hours,Open 24 hours,Open 24 hours,Open 24 hours,Open 24 hours,Open 24 hours,Open 24 hours,"https://www.google.com/maps/search/commercial+landscaping+businesses+in+Orchard+Park+Buffalo+NY/@42.7675593,-78.7439189,14z",2026-04-29T19:00:29.740Z,,,
https://www.google.com/maps/place/Pinelli+Landscaping/data=!4m7!3m6!1s0x89d30bc5401d64cf:0xd3d8ed36dd188bdf!8m2!3d42.85859!4d-78.7148822!16s%2Fg%2F1tfbp9jy!19sChIJz2QdQMUL04kR34sY3Tbt2NM,Pinelli Landscaping,5.0,71,Landscaper,"4524 Clinton St, West Seneca, NY 14224, United States","V75P+C2 West Seneca, New York, USA",https://pinellilandscaping.com/,+1 716-656-1000,"Open · Closes 5 pm

Updated by this business 4 weeks ago",,https://lh3.googleusercontent.com/gps-cs-s/APNQkAHB2-vyjz-KoXFULxgGAYD4Maua8-MsZ3hRg3x3X-PMKi-Mq-u_RpLHV-On2_vNQApa7cxSOPhmpnaCLQMOKzc30z22ALmJnz7oXruhdkCk7robh7SDT1XyTsU_AF8q3qwVmVTh=w408-h408-k-no,true,7:30 am–5 pm,7:30 am–5 pm,7:30 am–5 pm,Closed,Closed,7:30 am–5 pm,7:30 am–5 pm,"https://www.google.com/maps/search/commercial+landscaping+businesses+in+Orchard+Park+Buffalo+NY/@42.7675593,-78.7439189,14z",2026-04-29T19:00:34.508Z,,,
https://www.google.com/maps/place/Personal+Touch+Enterprises/data=!4m7!3m6!1s0x89d30f51a570ac77:0xea5744068b469aec!8m2!3d42.7831768!4d-78.7553336!16s%2Fg%2F11fnyph24x!19sChIJd6xwpVEP04kR7JpGiwZEV-o,Personal Touch Enterprises,5.0,4,Lawn care service,"46 Deacon Rd, Orchard Park, NY 14127, United States","Q6MV+7V Orchard Park, New York, USA",,,,,https://lh3.googleusercontent.com/gps-cs-s/APNQkAGOE-DeVVztxqbDNW46raGVmxJM4HLb4n9O8dS_L3bKGvZlF_cW7HJ97VfdWX9wpw28yOqSbWzIejhCUAn8MnGobg_-CaKz1TQvxKYSqkzXmSLqz9AGhf6dVphjx8rxOAMvrpE=w408-h544-k-no,true,,,,,,,,"https://www.google.com/maps/search/commercial+landscaping+businesses+in+Orchard+Park+Buffalo+NY/@42.7675593,-78.7439189,14z",2026-04-29T19:00:37.201Z,,,
https://www.google.com/maps/place/Orchard+Parks+%26+Gardens+%28Buffalo+%26+WNY%29/data=!4m7!3m6!1s0x89d308d9bb524c01:0x77092ea2ed229b99!8m2!3d42.8072779!4d-78.7338238!16s%2Fg%2F1tdd1nzt!19sChIJAUxSu9kI04kRmZsi7aIuCXc,Orchard Parks & Gardens (Buffalo & WNY),4.5,11,Garden center,"2924 Southwestern Blvd, Orchard Park, NY 14127, United States","R748+WF Orchard Park, New York, USA",,+1 716-675-4888,Open · Closes 5 pm,,https://lh3.googleusercontent.com/gps-cs-s/APNQkAGnj3MymfPAHNa9zcd86rguV5Pp-euOXTk22jIalRG_DMWxEpcwhqjLmJEb31dzEJiPU9qO5lPiwJJRHO7Bhybu5tKR4KiLiaBlhkYA-EKgyD6qCnJSBT6okSnhqCl5ENgdDh0eHylD2AEg=w408-h306-k-no,false,10 am–5 pm,10 am–5 pm,10 am–5 pm,10 am–5 pm,10 am–5 pm,10 am–5 pm,10 am–5 pm,"https://www.google.com/maps/search/commercial+landscaping+businesses+in+Orchard+Park+Buffalo+NY/@42.7675593,-78.7439189,14z",2026-04-29T19:00:42.245Z,,,
https://www.google.com/maps/place/Pace+Landscaping/data=!4m7!3m6!1s0x89d30560375a9261:0x821c6ae6ccfd3f5!8m2!3d42.7803044!4d-78.8137111!16s%2Fg%2F1tfm2fg2!19sChIJYZJaN2AF04kR9dPPbK7GIQg,Pace Landscaping,3.7,15,Landscaper,"4442 E Highland Pkwy, Blasdell, NY 14219, United States","Q5JP+4G Blasdell, New York, USA",http://www.pacelandscaping.com/,+1 716-822-1023,Open · Closes 6 pm,,https://lh3.googleusercontent.com/gps-cs-s/APNQkAELKP3hGND2h1DxN7vm5pjLYUFlXOUW9eaq0v32RimVsaOy0CZ2OsP0CNZ3bBsmiwWZJaU74YP8ef4wYPT_8OivLtbmZhoAXjshxpbXTsTnXsNMr638Co3B1G9yqpywPhiQtyuH1g=w408-h316-k-no,true,8 am–6 pm,8 am–6 pm,8 am–6 pm,Closed,Closed,8 am–6 pm,8 am–6 pm,"https://www.google.com/maps/search/commercial+landscaping+businesses+in+Orchard+Park+Buffalo+NY/@42.7675593,-78.7439189,14z",2026-04-29T19:00:46.985Z,,,
"https://www.google.com/maps/place/T%26R+Seasonal+Services,+Inc./data=!4m7!3m6!1s0x3184ecf437f629b:0xc20201b680c2a3ce!8m2!3d42.7664434!4d-78.7463301!16s%2Fg%2F11xsd8kmp4!19sChIJm2J_Q89OGAMRzqPCgLYBAsI","T&R Seasonal Services, Inc.",,,Landscaper,"6413 W Quaker St, Orchard Park, NY 14127, United States","Q783+HF Orchard Park, New York, USA",https://www.tandrseasonal.com/,+1 716-432-7308,Open · Closes 8 pm,,https://lh3.googleusercontent.com/gps-cs-s/APNQkAGpyO2xJxk1F1Hat92deUdcP6wqF8AH2kQHH0pQomMrWvVEP1Z9NeNekWpsd176_-f5Ktf11ghYdesDHqVMyl3YYvbKzVoffMSMqbzdFKuy7Ux3uL1k-IdIPQ9omOQuLcByFyN77fRqRsUB=w408-h271-k-no,true,8 am–8 pm,8 am–8 pm,8 am–8 pm,9 am–12 pm,Closed,8 am–8 pm,8 am–8 pm,"https://www.google.com/maps/search/commercial+landscaping+businesses+in+Orchard+Park+Buffalo+NY/@42.7675593,-78.7439189,14z",2026-04-29T19:00:51.613Z,,,
"https://www.google.com/maps/place/Professional+Property+Accents,+Inc./data=!4m7!3m6!1s0x89d30f8612d5ffd7:0x8182c5fb08c69473!8m2!3d42.7839455!4d-78.7829207!16s%2Fg%2F1tfxz00_!19sChIJ1__VEoYP04kRc5TGCPvFgoE","Professional Property Accents, Inc.",3.0,4,Landscape designer,"3689 California Rd, Orchard Park, NY 14127, United States","Q6M8+HR Orchard Park, New York, USA",http://www.propertyaccents.com/,+1 716-982-4873,,,https://lh3.googleusercontent.com/gps-cs-s/APNQkAF2QHO-S05DQ3kKQ7d00073uxvdP7yVEx65nK0cW3Pr4pj9EvPnkcieAhR24LVruPfj2plVZji-OdtC0k-mpF1pAvuqk3pQujE3v9jdATzqzdUlezQ-2Lo5Bg6nxhR01GJ-dqDA=w408-h302-k-no,true,,,,,,,,"https://www.google.com/maps/search/commercial+landscaping+businesses+in+Orchard+Park+Buffalo+NY/@42.7675593,-78.7439189,14z",2026-04-29T19:00:54.273Z,,,
https://www.google.com/maps/place/Tme+Landscaping/data=!4m7!3m6!1s0x89d30f11c27c2701:0x9a602b83c9f35359!8m2!3d42.8032278!4d-78.78077!16s%2Fg%2F11h3vblsvx!19sChIJASd8whEP04kRWVPzyYMrYJo,Tme Landscaping,5.0,1,Landscaper,"5569 Berg Rd, Buffalo, NY 14218, United States","R639+7M Buffalo, New York, USA",,,Open 24 hours,,https://lh3.googleusercontent.com/gps-cs-s/APNQkAH68mKoihjpVKR4CaqDEBoX5eGbPp_JsDIw9fGPk5qLl10ay06yLwW_Rdu1UuSy1uEBbbdy_usSlgIvYd4RP1t-4FHnM9ny2xi5IanG0aksHleXNn1ggMj142-EiQi-x8BBCKZv=w408-h544-k-no,false,Open 24 hours,Open 24 hours,Open 24 hours,Open 24 hours,Open 24 hours,Open 24 hours,Open 24 hours,"https://www.google.com/maps/search/commercial+landscaping+businesses+in+Orchard+Park+Buffalo+NY/@42.7675593,-78.7439189,14z",2026-04-29T19:00:58.992Z,,,
https://www.google.com/maps/place/Boldt+Excavating+LLC/data=!4m7!3m6!1s0x89d309ea2a1fcd3b:0x8ee58a33e182c970!8m2!3d42.8083099!4d-78.717878!16s%2Fg%2F11nxnn51xn!19sChIJO80fKuoJ04kRcMmC4TOK5Y4,Boldt Excavating LLC,5.0,61,Excavating contractor,"2855 Angle Rd, Orchard Park, NY 14127, United States","R75J+8R Orchard Park, New York, USA",,+1 716-480-4972,Open · Closes 5 pm,,https://lh3.googleusercontent.com/gps-cs-s/APNQkAH_mHCP-0u5B5LO1-DbCz4-HiFnyO3cbPWRnMNbblFx9KMrSk9OdyjifZ4iZEDF5V_mFARvEqhZkq7yhGtgabAWb_Iqn3-qtDaq34YGgkr4FYI3SshDc1bdtKWd6boe-W0K02wW=w408-h301-k-no,true,7 am–5 pm,7 am–5 pm,7 am–5 pm,7 am–5 pm,8 am–5 pm,7 am–5 pm,7 am–5 pm,"https://www.google.com/maps/search/commercial+landscaping+businesses+in+Orchard+Park+Buffalo+NY/@42.7675593,-78.7439189,14z",2026-04-29T19:01:04.048Z,,,
https://www.google.com/maps/place/Four+Season%27s+Landscaping/data=!4m7!3m6!1s0x89d30fa04c897355:0x590b05ce5535b24a!8m2!3d42.8003049!4d-78.7956425!16s%2Fg%2F1tdqckf5!19sChIJVXOJTKAP04kRSrI1Vc4FC1k,Four Season's Landscaping,5.0,1,Landscaper,"3133 Abbott Rd, Orchard Park, NY 14127, United States","R623+4P Orchard Park, New York, USA",,+1 716-597-5089,,,https://streetviewpixels-pa.googleapis.com/v1/thumbnail?panoid=QJmBQ1Uf0E2yCNV7uW2rCQ&cb_client=search.gws-prod.gps&w=408&h=240&yaw=73.99676&pitch=0&thumbfov=100,false,,,,,,,,"https://www.google.com/maps/search/commercial+landscaping+businesses+in+Orchard+Park+Buffalo+NY/@42.7675593,-78.7439189,14z",2026-04-29T19:01:06.859Z,,,
https://www.google.com/maps/place/Mike%27s+Mulching+and+More/data=!4m7!3m6!1s0x840b9fa8c13d94b9:0x77ef489994b2ab27!8m2!3d42.7678884!4d-78.7486488!16s%2Fg%2F11wvthkcbs!19sChIJuZQ9waifC4QRJ6uylJlI73c,Mike's Mulching and More,5.0,12,Landscaper,,,https://www.mikesmulchingandmore.com/,+1 716-997-2889,Open · Closes 9 pm,,https://lh3.googleusercontent.com/gps-cs-s/APNQkAFwFxXXDO1p7t_Fpb0hacUbu7zoM-LXuOCgOF7ysXCfaxmAhDe_Zk_qOFySKvVeZutFCYEt2ju5EWScSRhwP_lMuvp8BDdxPSkG115qA5rENO92c23V6bvEuJDXj5aiW7o27o8-xg=w408-h306-k-no,true,9 am–9 pm,9 am–9 pm,9 am–9 pm,9 am–9 pm,9 am–9 pm,9 am–9 pm,9 am–9 pm,"https://www.google.com/maps/search/commercial+landscaping+businesses+in+Orchard+Park+Buffalo+NY/@42.7675593,-78.7439189,14z",2026-04-29T19:01:11.727Z,,,
https://www.google.com/maps/place/Branch+Managers+LLC/data=!4m7!3m6!1s0x89d3060201fb6253:0xdf117e2cd76f788e!8m2!3d42.7735615!4d-78.7421408!16s%2Fg%2F1v1tp1n3!19sChIJU2L7AQIG04kRjnhv1yx-Ed8,Branch Managers LLC,4.5,6,Tree service,"4045 N Buffalo St, Orchard Park, NY 14127, United States","Q7F5+C4 Orchard Park, New York, USA",http://branchmanagerstree.com/,+1 716-662-6868,Open · Closes 5 pm,,https://lh3.googleusercontent.com/gps-cs-s/APNQkAEw7GL7mWL43wtJYXsAo4hAiK8JfvSlSVhuNjD405LnkAxwuIxzyQRDA5J6XwEwwnrdJBV_P-SWNTsSzLJIiztxKC1MF1mdXcD7F0XRTZ8S9N1kDqwCJS0xTjTTZI4rZ3k5HesR=w408-h374-k-no,false,8 am–5 pm,8 am–5 pm,8 am–5 pm,Closed,Closed,8 am–5 pm,8 am–5 pm,"https://www.google.com/maps/search/commercial+landscaping+businesses+in+Orchard+Park+Buffalo+NY/@42.7675593,-78.7439189,14z",2026-04-29T19:01:16.942Z,,,
https://www.google.com/maps/place/ACP+Innovations+Landscaping/data=!4m7!3m6!1s0x409c432070678c2f:0x884be70b3d40aefd!8m2!3d42.85749!4d-78.7633374!16s%2Fg%2F11mt7yjln6!19sChIJL4xncCBDnEAR_a5APQvnS4g,ACP Innovations Landscaping,5.0,5,Landscaper,,,http://www.acpinnovationslandscaping.com/,+1 716-324-6711,Open · Closes 5 pm,LGBTQ+ friendly,https://lh3.googleusercontent.com/gps-cs-s/APNQkAE_eY5rBiTQ_cZYFW7hRgN1WTfKJXAvPnNucvTg-TacQeYlxz16RkzjevL8NFhoZX4YkQ96XM8xbdRIKYHNCtasYfqRzd4Etx0C0dOtJCWJ_WyOiwS8to2D1J9KWUPVpMaO3R2JQelCmC-y=w408-h271-k-no,true,9 am–5 pm,9 am–5 pm,9 am–5 pm,Closed,Closed,9 am–5 pm,9 am–5 pm,"https://www.google.com/maps/search/commercial+landscaping+businesses+in+Orchard+Park+Buffalo+NY/@42.7675593,-78.7439189,14z",2026-04-29T19:01:21.671Z,,,
https://www.google.com/maps/place/MC+Landscaping/data=!4m7!3m6!1s0xa76a90d92acdb213:0x867d92d08c3c2460!8m2!3d42.7704137!4d-78.8332873!16s%2Fg%2F11kjpl_c0g!19sChIJE7LNKtmQaqcRYCQ8jNCSfYY,MC Landscaping,5.0,25,Landscaper,"4023 Towers Pl, Hamburg, NY 14075, United States","Q5C8+5M Hamburg, New York, USA",,+1 716-989-8897,Open 24 hours,,https://lh3.googleusercontent.com/gps-cs-s/APNQkAHMBLGz1vOm7t94oEy3SC6aXJklkDo8uS3Dz-2LWAVGW09ThX85iwnkDLOgTce-O4TMDJBQ2gBKw41rikrKa8sCmXFT4cYdqDoEeOepqE4raUOQraJqDLM_5iwYHZyZbPOUwZ26lg=w408-h306-k-no,true,Open 24 hours,Open 24 hours,Open 24 hours,Open 24 hours,Open 24 hours,Open 24 hours,Open 24 hours,"https://www.google.com/maps/search/commercial+landscaping+businesses+in+Orchard+Park+Buffalo+NY/@42.7675593,-78.7439189,14z",2026-04-29T19:01:27.125Z,,,
https://www.google.com/maps/place/Superb+Curb+%26+Landscaping/data=!4m7!3m6!1s0x89d30f6eb469a9b9:0x9b5b8241f5df15a!8m2!3d42.7924077!4d-78.8065228!16s%2Fg%2F11sx0tnypr!19sChIJualptG4P04kRWvFdHyS4tQk,Superb Curb & Landscaping,4.7,15,Landscaper,"3469 Emerling Dr, Blasdell, NY 14219, United States","Q5RV+X9 Blasdell, New York, USA",http://www.superbcurbandlandscaping.com/,+1 716-548-5408,Open · Closes 8 pm,,https://lh3.googleusercontent.com/gps-cs-s/APNQkAGnMHvD01j7HgtMUAZiAf287HIYL2pmwhjgekU9qVcKYLhY3v2vCB9bLsyomIAlj3vCkdzFUbAE_6_DoZ_ADkQFljGIMz5QbGEGTmcyE_IaGsBZyeM0TJUlgQgbWYVHIaeFzI8L_HUlEg=w408-h306-k-no,true,8 am–8 pm,8 am–8 pm,8 am–8 pm,8 am–8 pm,Closed,8 am–8 pm,8 am–8 pm,"https://www.google.com/maps/search/commercial+landscaping+businesses+in+Orchard+Park+Buffalo+NY/@42.7675593,-78.7439189,14z",2026-04-29T19:01:32.290Z,,,
https://www.google.com/maps/place/Craig%27s+Landscaping+Inc./data=!4m7!3m6!1s0x6b4360d3ea345cb:0x2d921e20b8947c70!8m2!3d42.842261!4d-78.718828!16s%2Fg%2F11yf0hntjc!19sChIJy0WjPg02tAYRcHyUuCAeki0,Craig's Landscaping Inc.,5.0,28,Landscaper,,,https://craigslandscapingwny.com/,+1 716-570-1761,Open · Closes 6 pm,,https://lh3.googleusercontent.com/gps-cs-s/APNQkAGTl_dW8slcRAu_AAdEUsgoqld-OELKk_hEhO0potLFlLROtN5FpydcIsYK_XsUmk-bciOQT3YGHU7fkN_QtLRAg3enHeqz_RiKUpmdCbO9OAttGUKGMixpnzRMEJCGHfnCr_oMZ2pxYooJ=w408-h306-k-no,true,8 am–6 pm,8 am–6 pm,8 am–6 pm,Closed,Closed,8 am–6 pm,8 am–6 pm,"https://www.google.com/maps/search/commercial+landscaping+businesses+in+Orchard+Park+Buffalo+NY/@42.7675593,-78.7439189,14z",2026-04-29T19:01:37.576Z,,,
https://www.google.com/maps/place/Southtowns+Supply/data=!4m7!3m6!1s0x89d30f666f693885:0x27eb49ea3d2bc560!8m2!3d42.7969354!4d-78.8324937!16s%2Fg%2F11h714pf2w!19sChIJhThpb2YP04kRYMUrPepJ6yc,Southtowns Supply,5.0,83,Mulch supplier,"190 Lake Ave, Buffalo, NY 14219, United States","Q5W9+Q2 Buffalo, New York, USA",https://southtownssupply.com/,+1 716-822-3150,,,https://lh3.googleusercontent.com/gps-cs-s/APNQkAEbHXGBblK6aU_MsxnuGttMTFfXdHHOlniVwejQmrTSgiL9NUSSYmERd-wTpX7yYgicJ6r_yO5KbhHzdHwVuWOoSB8HePgMTH8kUfSzw3mL4SIyU6J3vShaeU7cvXpbnKA890jx=w426-h240-k-no,true,,,,,,,,"https://www.google.com/maps/search/commercial+landscaping+businesses+in+Orchard+Park+Buffalo+NY/@42.7675593,-78.7439189,14z",2026-04-29T19:01:42.774Z,,,
https://www.google.com/maps/place/Royal+Landscaping+and+snow+p%EF%BB%BFowlin%EF%BB%BFg/data=!4m7!3m6!1s0x89d30f462fc7f7ef:0xd2ebf8a2a508d6ba!8m2!3d42.7842956!4d-78.7994368!16s%2Fg%2F11vhqfwms2!19sChIJ7_fHL0YP04kRutYIpaL469I,Royal Landscaping and snow p﻿owlin﻿g,5.0,1,Landscaper,"4947 Roseview Ave, Buffalo, NY 14219, United States","Q6M2+P6 Buffalo, New York, USA",https://royalprolandscaping.com/?,,,,https://streetviewpixels-pa.googleapis.com/v1/thumbnail?panoid=9JqZVqoT0Xj6wLdK1fM3ng&cb_client=search.gws-prod.gps&w=408&h=240&yaw=187.79665&pitch=0&thumbfov=100,false,,,,,,,,"https://www.google.com/maps/search/commercial+landscaping+businesses+in+Orchard+Park+Buffalo+NY/@42.7675593,-78.7439189,14z",2026-04-29T19:01:45.939Z,,,
"https://www.google.com/maps/place/Grasschoppers+Lawn+And+Landscape+-+Lawn+Care+Service,+Landscaping,+Excavation+And+Bobcat+Work/data=!4m7!3m6!1s0x89d304b032111537:0x32a5029d1d6f5321!8m2!3d42.738142!4d-78.8422458!16s%2Fg%2F1vyk3g_x!19sChIJNxURMrAE04kRIVNvHZ0CpTI","Grasschoppers Lawn And Landscape - Lawn Care Service, Landscaping, Excavation And Bobcat Work",4.7,12,Lawn care service,"5501 Camp Rd #388, Hamburg, NY 14075, United States","P5Q5+74 Hamburg, New York, USA",http://www.grasschopperslawnandlandscape.com/,+1 716-912-4422,Open · Closes 6 pm,,https://streetviewpixels-pa.googleapis.com/v1/thumbnail?panoid=bmMTumL2WSTEO7mhkSthPA&cb_client=search.gws-prod.gps&w=408&h=240&yaw=37.02908&pitch=0&thumbfov=100,false,8 am–6 pm,8 am–6 pm,8 am–6 pm,8 am–4 pm,Closed,8 am–6 pm,8 am–6 pm,"https://www.google.com/maps/search/commercial+landscaping+businesses+in+Orchard+Park+Buffalo+NY/@42.7675593,-78.7439189,14z",2026-04-29T19:01:50.852Z,,,
https://www.google.com/maps/place/Kamholz+Outdoor+Living/data=!4m7!3m6!1s0x89d3094b451c243f:0xb4628289fd298311!8m2!3d42.8274122!4d-78.6982725!16s%2Fg%2F1hhxqyqty!19sChIJPyQcRUsJ04kREYMp_YmCYrQ,Kamholz Outdoor Living,4.3,23,Deck builder,"5641 Seneca St, Buffalo, NY 14224, United States","R8G2+XM Buffalo, New York, USA",http://www.kamholzoutdoor.com/,+1 716-983-8124,"Open · Closes 7 pm

Updated by this business 4 weeks ago",,https://lh3.googleusercontent.com/gps-cs-s/APNQkAFeIs-fJEm3vfIVuG5tAX_g4vM89B0GEu-TWtQd_RxBRRpjm3i8qhexdDu_1Z7nPTOns3x4t0MuvVVgkCi44LBJKPy2f5AnIY8eMBNXRITXqHBopbdZuRvD2_IRLc82R3xbH8Lyg8Ub_Uu6=w426-h240-k-no,true,7 am–7 pm,7 am–6 pm,7 am–6 pm,8 am–2 pm,Closed,7 am–7 pm,7 am–7 pm,"https://www.google.com/maps/search/commercial+landscaping+businesses+in+Orchard+Park+Buffalo+NY/@42.7675593,-78.7439189,14z",2026-04-29T19:02:00.678Z,,,
https://www.google.com/maps/place/5+Star+Plowing+%26+Landscaping/data=!4m7!3m6!1s0x89d311a22923f44d:0xad361f60b44363f4!8m2!3d42.8212757!4d-78.8398847!16s%2Fg%2F11fv84y4dk!19sChIJTfQjKaIR04kR9GNDtGAfNq0,5 Star Plowing & Landscaping,4.4,23,Landscaper,"195 Lehigh St, Lackawanna, NY 14218, United States","R5C6+G2 Lackawanna, New York, USA",https://5starpal.com/,+1 716-825-7827,Open · Closes 6 pm,,https://lh3.googleusercontent.com/gps-cs-s/APNQkAEJ44Ps_MJOuMDDLrG24EwAPka8q_Ep29y1JQ55CpLiDeLhtB4mLG9z_8CGsxT45kRjCvXXjg2gC1evlt3Ha_Ck_Itnvk9cUY-4afX42WD8GeGbOengvdWMzifmzjbrtcjToeGE=w408-h544-k-no,true,8 am–6 pm,8 am–6 pm,8 am–6 pm,8 am–6 pm,8 am–6 pm,8 am–6 pm,8 am–6 pm,"https://www.google.com/maps/search/commercial+landscaping+businesses+in+Orchard+Park+Buffalo+NY/@42.7675593,-78.7439189,14z",2026-04-29T19:02:05.441Z,,,
"https://www.google.com/maps/place/Juniors+Design+%26+Build+Firm/@42.7240885,-78.870961,9z/data=!3m1!4b1!4m6!3m5!1s0x89d3051c682bdd55:0x518379b01091557f!8m2!3d42.7240885!4d-78.870961!16s%2Fg%2F11h03qp2fv",Juniors Design & Build Firm,5.0,2,Landscape designer,,,,+1 716-444-2932,Open · Closes 6 pm,,,true,8 am–6 pm,8 am–6 pm,8 am–6 pm,8 am–6 pm,Closed,8 am–6 pm,8 am–6 pm,"https://www.google.com/maps/search/commercial+landscaping+businesses+in+Orchard+Park+Buffalo+NY/@42.7675593,-78.7439189,14z",2026-04-29T19:02:12.221Z,,,
https://www.google.com/maps/place/Murray+Bros+Nurseries+and+Garden+Center/data=!4m7!3m6!1s0x89d307d5e178d7ff:0xf84a45ecefc501c7!8m2!3d42.766772!4d-78.694458!16s%2Fg%2F1th4bclv!19sChIJ_9d44dUH04kRxwHF7-xFSvg,Murray Bros Nurseries and Garden Center,4.6,189,Garden center,"4399 Transit Rd, Orchard Park, NY 14127, United States","Q884+P6 Orchard Park, New York, USA",http://www.murrayslovesplants.com/,+1 716-662-3860,Open · Closes 5 pm,,https://lh3.googleusercontent.com/gps-cs-s/APNQkAGBdNc5VH0P1WP99oYlb4jBWRxw31Q1reKSuDamNLyVwnggoa1YYz1S0Nw1u_ptHYTIrRSFPGcvejVObMJ0hjtSYmdY2hv68d-eyILuLSVYTzhzVlm90R8BxZY0BTCVhWO4DnN-rg=w426-h240-k-no,true,9 am–5 pm,9 am–5 pm,9 am–5 pm,9 am–5 pm,10 am–4 pm,9 am–5 pm,9 am–5 pm,"https://www.google.com/maps/search/commercial+landscaping+businesses+in+Orchard+Park+Buffalo+NY/@42.7675593,-78.7439189,14z",2026-04-29T19:02:17.034Z,· In-store shopping · In-store pick-up · Delivery,,
https://www.google.com/maps/place/Evergreen+Landscaping/data=!4m7!3m6!1s0x89d303ace0751de7:0xb31ed265d57d9684!8m2!3d42.8201994!4d-78.8497298!16s%2Fg%2F11jg1wccby!19sChIJ5x114KwD04kRhJZ91WXSHrM,Evergreen Landscaping,4.8,65,Lawn care service,,,https://www.evergreenlandscaping.co/,+1 716-262-4093,Open · Closes 7 pm,,https://lh3.googleusercontent.com/gps-cs-s/APNQkAHETscvwGE6cOspOwoNu5537oExM9MOmr46u6wqIP9nTQ2ie-FOtQazaVdm-As80m4oP1zCUqJ_-uMgzCjn86IuG80oK5RQPKpSjijEyIWE3BKErNz40fL1Rw_O7SHcjJ-f_kKQMA=w426-h240-k-no,true,7 am–7 pm,7 am–7 pm,7 am–7 pm,7 am–7 pm,Closed,7 am–7 pm,7 am–7 pm,"https://www.google.com/maps/search/commercial+landscaping+businesses+in+Orchard+Park+Buffalo+NY/@42.7675593,-78.7439189,14z",2026-04-29T19:02:21.677Z,,,
https://www.google.com/maps/place/Luminated+Landscapes+Inc/data=!4m7!3m6!1s0x89d307e1d0bc0f71:0xef03903941335611!8m2!3d42.767901!4d-78.675719!16s%2Fg%2F1tf7hndy!19sChIJcQ-80OEH04kREVYzQTmQA-8,Luminated Landscapes Inc,4.8,21,Landscape lighting designer,"1216 Quaker Rd, East Aurora, NY 14052, United States","Q89F+5P East Aurora, New York, USA",http://www.luminatedlandscapes.com/,+1 716-655-7319,Open · Closes 5 pm,,https://streetviewpixels-pa.googleapis.com/v1/thumbnail?panoid=nfttYXsMwfI4r2q4JAwhjg&cb_client=search.gws-prod.gps&w=408&h=240&yaw=15.559819&pitch=0&thumbfov=100,false,9 am–5 pm,9 am–5 pm,9 am–5 pm,Closed,Closed,9 am–5 pm,9 am–5 pm,"https://www.google.com/maps/search/commercial+landscaping+businesses+in+Orchard+Park+Buffalo+NY/@42.7675593,-78.7439189,14z",2026-04-29T19:02:26.393Z,,,
https://www.google.com/maps/place/Nick%27s+Mowing+Service+Complete+Landscaping+Services+LLC/data=!4m7!3m6!1s0x89d30b2654fda9ff:0x2164a96690fa86a9!8m2!3d42.8448455!4d-78.765747!16s%2Fg%2F1td2ngmg!19sChIJ_6n9VCYL04kRqYb6kGapZCE,Nick's Mowing Service Complete Landscaping Services LLC,4.5,194,Landscaper,"187 Westminster Rd, West Seneca, NY 14224, United States","R6VM+WP West Seneca, New York, USA",http://www.nicksmowingservice.com/,+1 716-523-0219,Open · Closes 5 pm,,https://lh3.googleusercontent.com/gps-cs-s/APNQkAGsYBMkoCp1ArdihrDQhKIE0z3IMwfrzpcJ5-BQEjEYDplvtmwQBjJ6JMgqt2r6m1ULOhDtPtWnR2Ds1fwpIvSi_3-1nYFj9Dftc9-0N8SOY6hIu6HE0U2UsFwEO_kcr6kex2DCjQOpsLk=w408-h306-k-no,true,9 am–5 pm,9 am–5 pm,9 am–5 pm,9 am–12 pm,Closed,9 am–5 pm,9 am–5 pm,"https://www.google.com/maps/search/commercial+landscaping+businesses+in+Orchard+Park+Buffalo+NY/@42.7675593,-78.7439189,14z",2026-04-29T19:02:31.544Z,,,
https://www.google.com/maps/place/Sunrise+Proscapes/data=!4m7!3m6!1s0x89d30f2012212639:0xd05914622f5373ca!8m2!3d42.8147422!4d-78.7692406!16s%2Fg%2F11fx7wqgw1!19sChIJOSYhEiAP04kRynNTL2IUWdA,Sunrise Proscapes,5.0,11,Contractor,"24 Park Meadow Dr, West Seneca, NY 14224, United States","R67J+V8 West Seneca, New York, USA",https://sunriseproscapes.com/,+1 716-677-9085,Open · Closes 5 pm,,https://lh3.googleusercontent.com/gps-cs-s/APNQkAHL21T4V8L5G_9NFsDG_feA0NCaLwd266b3WHDnyozzVFqmEFzIgHEIECVRouflvrgDor6daQobSGYDJlnTCHehHBTOVyAWeJucd_JPc-Jj5lmH37IxInXuKkWRqjVlGw2yJaWFuZPREv6F=w408-h408-k-no,true,9 am–5 pm,9 am–5 pm,9 am–5 pm,9 am–5 pm,9 am–5 pm,9 am–5 pm,9 am–5 pm,"https://www.google.com/maps/search/commercial+landscaping+businesses+in+Orchard+Park+Buffalo+NY/@42.7675593,-78.7439189,14z",2026-04-29T19:02:36.353Z,,,
https://www.google.com/maps/place/Blasdell+Soil+%26+Stone/data=!4m7!3m6!1s0x89d30fc30327ce89:0xba1fa99026e7ed37!8m2!3d42.8042886!4d-78.8245948!16s%2Fg%2F1tg_bglp!19sChIJic4nA8MP04kRN-3nJpCpH7o,Blasdell Soil & Stone,4.4,35,Topsoil supplier,"3527 South Park Ave, Buffalo, NY 14219, United States","R53G+P5 Buffalo, New York, USA",,+1 716-822-1991,Open · Closes 7 pm,,https://lh3.googleusercontent.com/gps-cs-s/APNQkAH-Zc7pp5JB9CbbdJUHem08vHwiT4vSVIbDqUtOdtV6UyWKE1xHCAQWGM9vrlmXRH-ewW6Mcm6-Z3VePUk0lyzik0W0wjST-62N1In0jVNo0SAgZdDO-BA3WtzuUJTQnnPhoCSFabcrxHQ=w408-h544-k-no,true,8 am–7 pm,8 am–7 pm,8 am–7 pm,8 am–7 pm,9 am–5 pm,8 am–7 pm,8 am–7 pm,"https://www.google.com/maps/search/commercial+landscaping+businesses+in+Orchard+Park+Buffalo+NY/@42.7675593,-78.7439189,14z",2026-04-29T19:02:41.136Z,,,
https://www.google.com/maps/place/Signature+Lawn+Care/data=!4m7!3m6!1s0x4d2793288b9a9063:0x713c16a8d9c5fd85!8m2!3d42.7764386!4d-78.8525579!16s%2Fg%2F11md9clgpp!19sChIJY5CaiyiTJ00Rhf3F2agWPHE,Signature Lawn Care,5.0,5,Lawn care service,,,http://signaturelawncare.net/,+1 716-534-1099,Open · Closes 6 pm,,https://lh3.googleusercontent.com/gps-cs-s/APNQkAEV2xg6dgQHa4F6V3ey747fWnj1Qhlky8RdFoAkkRK7wQS96sb84qKLokjoptUXad2Z52aN4lwMDktYiNDOzsPw7SQqG6gRvW6mBplu3y8CUAOvUMLtj4vN6aaiYh3U3RRy4-dnBkUtpSI=w408-h272-k-no,true,8 am–6 pm,8 am–6 pm,8 am–6 pm,9 am–2 pm,Closed,8 am–6 pm,8 am–6 pm,"https://www.google.com/maps/search/commercial+landscaping+businesses+in+Orchard+Park+Buffalo+NY/@42.7675593,-78.7439189,14z",2026-04-29T19:02:45.967Z,,,
https://www.google.com/maps/place/Premier+Concrete+%26+Landscapes+of+WNY/data=!4m7!3m6!1s0x89d31ba8f409e8e7:0xfba1e66959e25729!8m2!3d42.8384598!4d-78.7811343!16s%2Fg%2F11k7cjvt47!19sChIJ5-gJ9Kgb04kRKVfiWWnmofs,Premier Concrete & Landscapes of WNY,4.1,44,Concrete contractor,"3045 Seneca St, Buffalo, NY 14224, United States","R6Q9+9G Buffalo, New York, USA",https://premierconcretewny.com/,+1 716-406-6090,Open · Closes 6 pm,,https://lh3.googleusercontent.com/gps-cs-s/APNQkAEYknvyKNzdDMyVKBgQVHPaglO8L0pJj2BiBCvQTiyeUis5BtZc0eQyGlneuPAbOfx72zjqsmV24lnxmJg911OkITdkR3RP8JS8CZwZqwjS_dk-mJdkhiH68XlM2n_nG40DIlS-zvu16m_2=w408-h544-k-no,true,7 am–6 pm,7 am–6 pm,7 am–6 pm,7 am–6 pm,Closed,7 am–6 pm,7 am–6 pm,"https://www.google.com/maps/search/commercial+landscaping+businesses+in+Orchard+Park+Buffalo+NY/@42.7675593,-78.7439189,14z",2026-04-29T19:02:50.926Z,,,
https://www.google.com/maps/place/Atkinson+Landscapes+Inc./data=!4m7!3m6!1s0x96f8d6bf18bbb75:0xae04ed0e00787a1c!8m2!3d42.745195!4d-78.7267344!16s%2Fg%2F11p75q51bp!19sChIJdbuL8WuNbwkRHHp4AA7tBK4,Atkinson Landscapes Inc.,4.2,5,Landscaper,,,https://atkinsonlandscapesinc.com/,+1 716-861-3898,Open · Closes 8 pm,,https://lh3.googleusercontent.com/gps-cs-s/APNQkAEvioYrW8QelNxOv2CHgyRtlB14cvsrnfQF6HQlrl9HT3xNcWi4cCQwSdpAO3vOh_Ul_ag0eO2GHIZw-YQqsIlX09H3pNsyOzistRrhB9LhR0yp6NnNLixsEzKAh15vd_sI74QU=w408-h306-k-no,true,7 am–8 pm,7 am–8 pm,7 am–8 pm,7 am–8 pm,Closed,7 am–8 pm,7 am–8 pm,"https://www.google.com/maps/search/commercial+landscaping+businesses+in+Orchard+Park+Buffalo+NY/@42.7675593,-78.7439189,14z",2026-04-29T19:02:55.875Z,,,
https://www.google.com/maps/place/Level+Up+Landscaping/data=!4m7!3m6!1s0x89d30f6bba34883f:0x68180303667a45c1!8m2!3d42.837807!4d-78.7633374!16s%2Fg%2F11rtx78fwq!19sChIJP4g0umsP04kRwUV6ZgMDGGg,Level Up Landscaping,5.0,3,Landscaper,,,,+1 716-345-4651,Open · Closes 6 pm,,https://lh3.googleusercontent.com/gps-cs-s/APNQkAH6ajkhGlQPYGW1NZf3usX7X2je7szzDa3g4cBXqQtJugWII-zJjHRxU1azTHOWMXI9bNZInEx3oQk5g421e8vgsgl_t-DOwKbXlnX_XPaxiHED28ItbJLudjngrsb5edhTuQgh=w408-h306-k-no,true,8 am–6 pm,8 am–6 pm,8 am–6 pm,8 am–6 pm,Closed,8 am–6 pm,8 am–6 pm,"https://www.google.com/maps/search/commercial+landscaping+businesses+in+Orchard+Park+Buffalo+NY/@42.7675593,-78.7439189,14z",2026-04-29T19:03:01.259Z,,,
https://www.google.com/maps/place/Enser%E2%80%99s+Lawn+%26+Landscaping/data=!4m7!3m6!1s0x89d3055381ebd305:0x12b224a51c3c1865!8m2!3d42.7251625!4d-78.8241805!16s%2Fg%2F11jmzj00vl!19sChIJBdPrgVMF04kRZRg8HKUkshI,Enser’s Lawn & Landscaping,4.8,18,Lawn care service,,,https://enserslawnandlandscaping.com/,+1 716-930-5081,Open · Closes 5 pm,,https://lh3.googleusercontent.com/gps-cs-s/APNQkAE1rAlrcChn46qVuTLYKaAZBOuZBaFm8XUEAJ6Hz5YlAtbQr1f0k67xA2dIyBDfx-q_ukdYwGvSZ0JEYU3gEYVI-_S6hWaWrkfMEF_E96ywxZll_IPsYbnINVjCPpn4-pwSUoXkL26T9Ld7=w426-h240-k-no,true,8 am–5 pm,8 am–5 pm,8 am–5 pm,Closed,Closed,8 am–5 pm,8 am–5 pm,"https://www.google.com/maps/search/commercial+landscaping+businesses+in+Orchard+Park+Buffalo+NY/@42.7675593,-78.7439189,14z",2026-04-29T19:03:05.978Z,,,
https://www.google.com/maps/place/Choice+Seasonal+Services+LLC/data=!4m7!3m6!1s0x89d3094a18c9835b:0x67d621455e42ab13!8m2!3d42.8200413!4d-78.7121754!16s%2Fg%2F11y36btylt!19sChIJW4PJGEoJ04kRE6tCXkUh1mc,Choice Seasonal Services LLC,5.0,9,Landscaper,"1585 E and West Rd, West Seneca, NY 14224, United States","R7CQ+24 West Seneca, New York, USA",,+1 716-393-1833,Open 24 hours,,https://lh3.googleusercontent.com/gps-cs-s/APNQkAEJ7Kg3v19etHh6JaQqakZUKVSM8AIi7EX5aVlp1TXDjW5S-N13mjm3_cqsZwAZJUxm1YYVfhCuEtwPkiEQv8BXBFNnuqM00phmkyrMuT8mG2g9fenJFLORcsohu-UpEBHxsvBVZBc8iPs=w408-h541-k-no,true,Open 24 hours,Open 24 hours,Open 24 hours,Open 24 hours,Open 24 hours,Open 24 hours,Open 24 hours,"https://www.google.com/maps/search/commercial+landscaping+businesses+in+Orchard+Park+Buffalo+NY/@42.7675593,-78.7439189,14z",2026-04-29T19:03:10.756Z,,,
"https://www.google.com/maps/place/Wannemacher+Enterprises,+Inc.+dba+%2F+Big+Tree+Lawn+Care/data=!4m7!3m6!1s0x89d3054739c99aed:0x2ee3ebd3d3d1fabb!8m2!3d42.735172!4d-78.771066!16s%2Fg%2F11y3ds88pp!19sChIJ7ZrJOUcF04kRu_rR09Pr4y4","Wannemacher Enterprises, Inc. dba / Big Tree Lawn Care",,,Landscaper,"5847 Powers Rd, Orchard Park, NY 14127, United States","P6PH+3H Orchard Park, New York, USA",,+1 716-868-7856,,,https://lh3.googleusercontent.com/gps-cs-s/APNQkAFxDeEs5LJSTUnTCbkY1r6UFEOjRrN_sLryBjDVABH0AMYg9iWYYUTVdmxraj5w18yH2z-YrRGq7d4MYQvoaBHvYC9Z72o97g2ZeRz22359rriEVRsPlwXHI_qvUx_H4Z2YJL3yjjqkDa4-=w408-h306-k-no,true,,,,,,,,"https://www.google.com/maps/search/commercial+landscaping+businesses+in+Orchard+Park+Buffalo+NY/@42.7675593,-78.7439189,14z",2026-04-29T19:03:13.277Z,,,
https://www.google.com/maps/place/Evergreen+Landscaping+WNY+INC/data=!4m7!3m6!1s0x68713a8d5e267c51:0x7a6b1fc73d300db7!8m2!3d42.7485175!4d-78.8164544!16s%2Fg%2F11jzjd4qnd!19sChIJUXwmXo06cWgRtw0wPccfa3o,Evergreen Landscaping WNY INC,5.0,22,Landscaper,,,https://www.evergreenlandscaping.co/,+1 716-262-4093,Open · Closes 5 pm,LGBTQ+ friendly,https://lh3.googleusercontent.com/gps-cs-s/APNQkAHKnOPDC2yW-SQ-19_jJEGKNOp4UAbfuuGgRZrSHUkpbPTiXWKK42ENzLoanF7yCWvwkz_XkBWhESyXpgcxTGikimKk4oNBR-YSAJB-4KCv8SqB1B87Mm7eJSICpPvQFlxR-x5OVKjZvJDq=w408-h306-k-no,true,9 am–5 pm,9 am–5 pm,9 am–5 pm,Closed,Closed,9 am–5 pm,9 am–5 pm,"https://www.google.com/maps/search/commercial+landscaping+businesses+in+Orchard+Park+Buffalo+NY/@42.7675593,-78.7439189,14z",2026-04-29T19:03:18.184Z,,,
https://www.google.com/maps/place/Angle+Acres+Greenhouse/data=!4m7!3m6!1s0x89d308e2f7679dcd:0xbed47133c0769678!8m2!3d42.8082409!4d-78.7179222!16s%2Fg%2F1tm8lksw!19sChIJzZ1n9-II04kReJZ2wDNx1L4,Angle Acres Greenhouse,4.9,39,Greenhouse,"2855 Angle Rd, Orchard Park, NY 14127, United States","R75J+7R Orchard Park, New York, USA",https://angleacresgreenhouses.com/,+1 716-674-8754,Closes soon · 4 pm · Opens 11 am Thu,,https://lh3.googleusercontent.com/gps-cs-s/APNQkAG0YHx91psPD7J1vBfotm67ptXfiJkWs29ILR3b5MjBz55akhvFPPd8MQ4HEvHJh0fuKB4w0ImMMwAdPzDSQBX6j5tUoFxyT75Av3QKT7pMyloLQCW5RrOHCXg43XLzeBbo0M5QCMoDZE3C=w426-h240-k-no,true,11 am–4 pm,11 am–4 pm,11 am–4 pm,10 am–3 pm,Closed,11 am–4 pm,11 am–4 pm,"https://www.google.com/maps/search/commercial+landscaping+businesses+in+Orchard+Park+Buffalo+NY/@42.7675593,-78.7439189,14z",2026-04-29T19:03:22.984Z,,,
https://www.google.com/maps/place/Total+Landscape+Services/data=!4m7!3m6!1s0x89d30700a12a85cd:0x795a70a8ccc1556!8m2!3d42.7379756!4d-78.6908787!16s%2Fg%2F1tkrmscr!19sChIJzYUqoQAH04kRVhXMjAqnlQc,Total Landscape Services,5.0,5,Landscaper,"186 Ellicott Rd, West Falls, NY 14170, United States","P8Q5+5J West Falls, New York, USA",,+1 716-662-3462,,,https://lh3.googleusercontent.com/gps-cs-s/APNQkAHxgHDSrKP1pXuke1mUBjYDqxid4jCurjdL5ECsMzuHmnt-YNPKIDvHMvMJzejkOOguLSqXvqnQBaV6xQMxPs0uTFE6TNhSPTCFsAYlT0MTJ_TJAWZdRxcjb0g-tyOoEckP_nk=w408-h302-k-no,true,,,,,,,,"https://www.google.com/maps/search/commercial+landscaping+businesses+in+Orchard+Park+Buffalo+NY/@42.7675593,-78.7439189,14z",2026-04-29T19:03:25.618Z,,,
https://www.google.com/maps/place/SANTANA+LAWN+CARE+SERVICES/data=!4m7!3m6!1s0x89d30d89a944fd3d:0xeb083abe1d31b3c!8m2!3d42.8805131!4d-78.8361833!16s%2Fg%2F11s2nk56f1!19sChIJPf1EqYkN04kRPBvT4auDsA4,SANTANA LAWN CARE SERVICES,4.9,13,Lawn care service,"27 Metcalfe St, Buffalo, NY 14206, United States","V5J7+6G Buffalo, New York, USA",,+1 716-563-9524,,Identifies as Latino-owned,https://lh3.googleusercontent.com/gps-cs-s/APNQkAEFPH8Hq4Vo21SnABHiGUPvhPYEfe5oo7Ft_n-20NkdvlkWjYiGYJsy6_iZDkdRd_JIBNTl-kEkxLimc4wWPD12ha7pt52RRuYS2_HFWx1A5rK-wwrSfb1sFbwUtyYgw84JGAJP=w418-h240-k-no,true,7 am–7 pm,7 am–7 pm,7 am–7 pm,7 am–7 pm,7 am–7 pm,7 am–7 pm,7 am–7 pm,"https://www.google.com/maps/search/commercial+landscaping+businesses+in+Orchard+Park+Buffalo+NY/@42.7675593,-78.7439189,14z",2026-04-29T19:03:30.490Z,,,
https://www.google.com/maps/place/Grever+%26+Ward+Inc/data=!4m7!3m6!1s0x89d308ac97ba0a97:0x578814b8491c97eb!8m2!3d42.78009!4d-78.7460306!16s%2Fg%2F1td2c9p_!19sChIJlwq6l6wI04kR65ccSbgUiFc,Grever & Ward Inc,,,Landscape architect,"3802 N Buffalo St, Orchard Park, NY 14127, United States","Q7J3+2H Orchard Park, New York, USA",http://www.greverandward.com/,+1 716-662-7700,,,https://streetviewpixels-pa.googleapis.com/v1/thumbnail?panoid=mkmTqUzgpzakarYlK5tQsA&cb_client=search.gws-prod.gps&w=408&h=240&yaw=265.50378&pitch=0&thumbfov=100,true,,,,,,,,"https://www.google.com/maps/search/commercial+landscaping+businesses+in+Orchard+Park+Buffalo+NY/@42.7675593,-78.7439189,14z",2026-04-29T19:03:33.108Z,,,
"https://www.google.com/maps/place/Doles+landscaping+and+property+maintenance/@42.794358,-78.7633374,11z/data=!3m1!4b1!4m6!3m5!1s0x425cc088245c5eb:0xf9372be741f0af83!8m2!3d42.794358!4d-78.7633374!16s%2Fg%2F11n539yz8q",Doles landscaping and property maintenance,,,Landscaper,,,,+1 716-983-3404,Open 24 hours,,,true,Open 24 hours,Open 24 hours,Open 24 hours,Open 24 hours,Open 24 hours,Open 24 hours,Open 24 hours,"https://www.google.com/maps/search/commercial+landscaping+businesses+in+Orchard+Park+Buffalo+NY/@42.7675593,-78.7439189,14z",2026-04-29T19:03:39.664Z,,,
https://www.google.com/maps/place/Darling+Enterprises+WNY+Inc./data=!4m7!3m6!1s0x89d3051841eb0cab:0xe42248040fd8ae3b!8m2!3d43.3374555!4d-75.3897896!16s%2Fg%2F11h0_7glsz!19sChIJqwzrQRgF04kRO67YDwRIIuQ,Darling Enterprises WNY Inc.,5.0,6,Landscaper,,,https://www.yardbook.com/hp/111963,+1 716-343-3301,Open · Closes 7 pm,,https://lh3.googleusercontent.com/gps-cs-s/APNQkAENBCc2-rGlc3EXLBtexirHXLcqKIdTYcmNeiDvPdaQpSa33JSS0-VLHqRFIjzBt75JQ5ih0jl-lRmRcvfIqnHM-Q0W9C1OFtfpw_uQAT3etSlhqL_jd9IX5IVs03iC5RqH6_3yMUhDqp4=w408-h306-k-no,true,8 am–7 pm,8 am–7 pm,8 am–7 pm,8 am–7 pm,Closed,8 am–7 pm,8 am–7 pm,"https://www.google.com/maps/search/commercial+landscaping+businesses+in+Orchard+Park+Buffalo+NY/@42.7675593,-78.7439189,14z",2026-04-29T19:03:45.244Z,,true,
https://www.google.com/maps/place/Bammel+Architects/data=!4m7!3m6!1s0x89d3060693414655:0x1b27f9a9ee38b08b!8m2!3d42.7652874!4d-78.751676!16s%2Fg%2F1tfcv63w!19sChIJVUZBkwYG04kRi7A47qn5Jxs,Bammel Architects,5.0,6,Architect,"6264 W Quaker St, Orchard Park, NY 14127, United States","Q68X+48 Orchard Park, New York, USA",http://bammelarchitects.com/,+1 716-662-2482,Open · Closes 5 pm,,https://streetviewpixels-pa.googleapis.com/v1/thumbnail?panoid=_SCXOu9sRalI3xdjTLUr9Q&cb_client=search.gws-prod.gps&w=408&h=240&yaw=353.77737&pitch=0&thumbfov=100,false,8 am–5 pm,8 am–5 pm,8 am–5 pm,Closed,Closed,8 am–5 pm,8 am–5 pm,"https://www.google.com/maps/search/commercial+landscaping+businesses+in+Orchard+Park+Buffalo+NY/@42.7675593,-78.7439189,14z",2026-04-29T19:03:49.910Z,,,
https://www.google.com/maps/place/Lockwood%27s+Greenhouses+%26+Farm/data=!4m7!3m6!1s0x89d304c280e0fed7:0x8edba737610cc040!8m2!3d42.7307229!4d-78.81632!16s%2Fg%2F1tk642vh!19sChIJ1_7ggMIE04kRQMAMYTen244,Lockwood's Greenhouses & Farm,4.7,351,Garden center,"4484 Clark St, Hamburg, NY 14075, United States","P5JM+7F Hamburg, New York, USA",http://weknowplants.com/,+1 716-649-4684,Open · Closes 5 pm,,https://lh3.googleusercontent.com/gps-cs-s/APNQkAGAx07zPk1hKqYdAAMv0F6JpeAL5VIwCfq-mumfUZ6WnRT8HkgsqnBmw1w84KceR36ZvlXLVgGG0vmfsINcMvlJdf-8SXBUMu2kq4pVyHpu7Ny7g73C0pXSdgcTzotOttFDSxruZg=w408-h306-k-no,true,9 am–5 pm,9 am–5 pm,9 am–8 pm,9 am–6 pm,10 am–5 pm,9 am–8 pm,9 am–8 pm,"https://www.google.com/maps/search/commercial+landscaping+businesses+in+Orchard+Park+Buffalo+NY/@42.7675593,-78.7439189,14z",2026-04-29T19:03:54.806Z,"Family-owned, year-round center since 1914 carrying plants, trees & eco-friendly gardening supplies. · In-store shopping",,
https://www.google.com/maps/place/Busy+Beaver+Lawn+and+Garden+Inc./data=!4m7!3m6!1s0x89d31b7b15f6f527:0xba2cd4606014e0e6!8m2!3d43.1241715!4d-73.702485!16s%2Fg%2F11bbyg8ytq!19sChIJJ_X2FXsb04kR5uAUYGDULLo,Busy Beaver Lawn and Garden Inc.,4.1,36,Landscaper,,,http://www.busybeaverlawnandgarden.com/,,,,https://lh3.googleusercontent.com/gps-cs-s/APNQkAGQk4pI6noceo9BtZ_1U5ygwAeyyR4G_-PEptbRFp6te74P_h9ta3axITuU2JCKFmyi851-5AJ_z7cD6TFRKZTlMWQYZ5ccpK1uZz6Wct5rw2QKkku2D0G9u3v7xxf6DCdY-CcO=w408-h306-k-no,true,,,,,,,,"https://www.google.com/maps/search/commercial+landscaping+businesses+in+Orchard+Park+Buffalo+NY/@42.7675593,-78.7439189,14z",2026-04-29T19:03:57.462Z,,,
https://www.google.com/maps/place/Green+Space+Creations/data=!4m7!3m6!1s0x89d31ba91b435339:0x6e872865bee7b5c5!8m2!3d42.768351!4d-78.8862675!16s%2Fg%2F11h5vlwbxn!19sChIJOVNDG6kb04kRxbXnvmUoh24,Green Space Creations,4.7,15,Landscaper,,,http://greenspaceny.com/,+1 716-604-5832,Open 24 hours,,https://lh3.googleusercontent.com/gps-cs-s/APNQkAGPdRm1jbkx-XI5-XLON1h0O0P0V5VYCLHp68hBDs6hZRwVqdG0Zz4bYmUZpLHOxBV2ZgxfA1SkbsnQfcoDFSBEc3_RUdJVJIpoVxd3uNU7-j6o2lxDTuRDK0tMl2dj7ZVoXYZAmlirwkE=w408-h725-k-no,true,Open 24 hours,Open 24 hours,Open 24 hours,Open 24 hours,Open 24 hours,Open 24 hours,Open 24 hours,"https://www.google.com/maps/search/commercial+landscaping+businesses+in+Orchard+Park+Buffalo+NY/@42.7675593,-78.7439189,14z",2026-04-29T19:04:02.272Z,,,
https://www.google.com/maps/place/terrain+Landscaping/data=!4m7!3m6!1s0x89d309006ec880af:0x6e71f616d0f3a407!8m2!3d42.8066602!4d-78.7453928!16s%2Fg%2F11lclp1vps!19sChIJr4DIbgAJ04kRB6Tz0Bb2cW4,terrain Landscaping,1.0,2,Home builder,"135 Heather Hill Dr, Buffalo, NY 14224, United States","R743+MR Buffalo, New York, USA",,,,,https://streetviewpixels-pa.googleapis.com/v1/thumbnail?panoid=Q1mUGiig2K_4kSKy00DJXQ&cb_client=search.gws-prod.gps&w=408&h=240&yaw=278.9457&pitch=0&thumbfov=100,false,,,,,,,,"https://www.google.com/maps/search/commercial+landscaping+businesses+in+Orchard+Park+Buffalo+NY/@42.7675593,-78.7439189,14z",2026-04-29T19:04:05.199Z,,,
"https://www.google.com/maps/place/Trident+Construction+Buffalo,+NY/data=!4m7!3m6!1s0x60a09a30e54657ab:0xf3e7f6410d519183!8m2!3d42.8958918!4d-78.8555775!16s%2Fg%2F11vwmr7qzt!19sChIJq1dG5TCaoGARg5FRDUH25_M","Trident Construction Buffalo, NY",5.0,33,Property maintenance,"562 Genesee St, Buffalo, NY 14204, United States","V4WV+9Q Buffalo, New York, USA",https://www.tridentbuffalo.com/,+1 716-819-8199,Open 24 hours,,https://lh3.googleusercontent.com/gps-cs-s/APNQkAHCBm9vUVE0Tf0Vp4LqXZjG1IcYSnq8TwbCVs6gvMqgSWFmZ8CjMtiH4LWGxrRZd8Kr7LFXEd-jmniJQX1GRAZ-L-33EHwVsSehW1qdaCnugPySjGrVODm2WD0kueO4FysanTERtQ=w408-h544-k-no,true,Open 24 hours,Open 24 hours,Open 24 hours,Open 24 hours,Open 24 hours,Open 24 hours,Open 24 hours,"https://www.google.com/maps/search/commercial+landscaping+businesses+in+Allentown+Buffalo+NY/@42.8994057,-78.8764795,14z",2026-04-29T19:04:28.752Z,,,
https://www.google.com/maps/place/Galluzzo+%26+Sons+Lawns+and+Landscaping/data=!4m7!3m6!1s0x2d1b32758bf42a1:0xed75d9533388b4de!8m2!3d42.8962391!4d-78.864442!16s%2Fg%2F11nxt2rvmv!19sChIJoUK_WCez0QIR3rSIM1PZde0,Galluzzo & Sons Lawns and Landscaping,3.8,8,Landscape designer,,,http://galluzzosonslawnsandlandscaping.com/,+1 716-796-1913,Open · Closes 6 pm,,https://lh3.googleusercontent.com/gps-cs-s/APNQkAEYkVMwZokKYEXE_ZI-txM7g2IMzI4ELyw1oVapbf7jC5zi2_o7VSVH_krmdj4hp493lnplKr9u8hmijP9nOsTRd96eDGrz-rXLqbtyh-orzhoNVTCK9-lU4Ywhs0WpE2QcmkywIA=w408-h306-k-no,true,6 am–6 pm,6 am–6 pm,6 am–6 pm,6 am–6 pm,Closed,6 am–6 pm,6 am–6 pm,"https://www.google.com/maps/search/commercial+landscaping+businesses+in+Allentown+Buffalo+NY/@42.8994057,-78.8764795,14z",2026-04-29T19:04:33.324Z,,,
https://www.google.com/maps/place/Red+Oak+Landscaping+%26+Snowplowing+LLC/data=!4m7!3m6!1s0x89d313dc649216dd:0x11d9545325e03b18!8m2!3d42.8899897!4d-78.8737973!16s%2Fg%2F11h6p4vs2h!19sChIJ3RaSZNwT04kRGDvgJVNU2RE,Red Oak Landscaping & Snowplowing LLC,,,Landscaper,"50 Fountain Plz Suite 1400 PMB 261, Buffalo, NY 14202, United States","V4QG+XF Buffalo, New York, USA",,+1 716-869-1474,Open · Closes 5:30 pm,,https://lh3.googleusercontent.com/gps-cs-s/APNQkAGHwqLrnAXPTvmkOJ8NWxKZb-vBhJ7LPEZ9CO_f6XnWCpZ0PSMNt31CCn1gVuIMlfjvJ8oB2t4NP7J4uiZ0GPPynm44KjWKyKMOdvHLQoL0-7WQWlWULmctl5D26JsrrbKKB6XGLQ=w426-h240-k-no,true,9 am–5:30 pm,9 am–5:30 pm,9 am–5:30 pm,9 am–4 pm,Closed,9 am–5:30 pm,9 am–5:30 pm,"https://www.google.com/maps/search/commercial+landscaping+businesses+in+Allentown+Buffalo+NY/@42.8994057,-78.8764795,14z",2026-04-29T19:04:38.073Z,,,
https://www.google.com/maps/place/Precision+Land+and+Snow/data=!4m7!3m6!1s0xaa02b13de3924893:0x24f18cda504c5d8f!8m2!3d46.423669!4d-129.9427086!16s%2Fg%2F11stjqg191!19sChIJk0iS4z2xAqoRj11MUNqM8SQ,Precision Land and Snow,4.8,22,Landscape designer,,,,+1 716-424-7910,Open 24 hours,,https://lh3.googleusercontent.com/gps-cs-s/APNQkAHmZkadtErZUsF0xj1ltwu5mfiXO6x_YEE-Z7gQ1nthX3zdiAa53XToNYE-pS3rmw1vAosSy_Wyj_qufh92EQZVng_XtUTdsJxCJ5NKxlw71mgSX_ZCSTcPmyDOzf4FbKXTx-SO=w408-h759-k-no,true,Open 24 hours,Open 24 hours,Open 24 hours,Open 24 hours,Open 24 hours,Open 24 hours,Open 24 hours,"https://www.google.com/maps/search/commercial+landscaping+businesses+in+Allentown+Buffalo+NY/@42.8994057,-78.8764795,14z",2026-04-29T19:04:42.682Z,,,
https://www.google.com/maps/place/Belmont+Landscape/data=!4m7!3m6!1s0xa0bfc91da33f8fb:0xf85170abec0a40f5!8m2!3d42.9177784!4d-78.8501445!16s%2Fg%2F11vzx6n9qc!19sChIJ-_gz2pH8CwoR9UAK7KtwUfg,Belmont Landscape,5.0,1,Landscaper,,,http://belmontlandscape.multiscreensite.com/,+1 716-717-4599,Closes soon · 4 pm · Opens 10 am Thu,,https://lh3.googleusercontent.com/gps-cs-s/APNQkAFXILRrCh70082_I7yswqHVpfNwr009uCYL2huJXzjqG6dOX2dJ4o8NDi29w9Q7HGOZV_ZSBnkM0bQbuMa8AUrPUoNSwDrAX_Z35QOAKLnPsfH6JDXxFuBtD-cK0ZlFpffqdj6i=w408-h306-k-no,true,10 am–4 pm,10 am–4 pm,10 am–4 pm,10 am–4 pm,Closed,10 am–4 pm,10 am–4 pm,"https://www.google.com/maps/search/commercial+landscaping+businesses+in+Allentown+Buffalo+NY/@42.8994057,-78.8764795,14z",2026-04-29T19:04:47.306Z,,,
"https://www.google.com/maps/place/Flannel+Man+Landscaping+and+Tree+Service/@42.7586723,-78.576584,10z/data=!3m1!4b1!4m6!3m5!1s0x8872a47f7ae9297:0x705daf21ec4bc236!8m2!3d42.7586723!4d-78.576584!16s%2Fg%2F11srrj3v5p",Flannel Man Landscaping and Tree Service,5.0,1,Landscaper,,,,+1 716-225-8959,Open · Closes 7 pm,,,true,7 am–7 pm,7 am–7 pm,7 am–7 pm,7 am–7 pm,7 am–7 pm,7 am–7 pm,7 am–7 pm,"https://www.google.com/maps/search/commercial+landscaping+businesses+in+Allentown+Buffalo+NY/@42.8994057,-78.8764795,14z",2026-04-29T19:04:54.142Z,,,
https://www.google.com/maps/place/Xandscapes+Lawn+Care+%26+Landscaping/data=!4m7!3m6!1s0x40241039d25f2607:0xbebe51fa483d265e!8m2!3d43.0685869!4d-79.346621!16s%2Fg%2F11t0r324b8!19sChIJByZf0jkQJEARXiY9SPpRvr4,Xandscapes Lawn Care & Landscaping,4.9,18,Landscape designer,,,http://www.niagarapropertyservices.com/,+1 289-686-9855,Open · Closes 6 pm,,https://lh3.googleusercontent.com/gps-cs-s/APNQkAET1tgTzUizMynftNwtYm4xpra1A6pcI65izeWuHjq6dlooOO2KndKlPrbmH5Sg2orJ99S_X3c5XSWHbscaLD3n1GoF0jLsguSaQ8jiRQkInRNlNdu1yiOx91q5ccCfYUdVuluLvA=w408-h461-k-no,true,6 am–6 pm,6 am–6 pm,6 am–6 pm,Closed,Closed,6 am–6 pm,6 am–6 pm,"https://www.google.com/maps/search/commercial+landscaping+businesses+in+Allentown+Buffalo+NY/@42.8994057,-78.8764795,14z",2026-04-29T19:04:58.838Z,,,
https://www.google.com/maps/place/Bikini+bottom+plowing+llc/data=!4m7!3m6!1s0xec7237daa309f03:0xf932a106d353379c!8m2!3d42.8980955!4d-78.8152784!16s%2Fg%2F11y51464y8!19sChIJA58wqn0jxw4RnDdT0wahMvk,Bikini bottom plowing llc,4.9,37,Snow removal service,,,,+1 716-597-3699,Open 24 hours,,https://lh3.googleusercontent.com/gps-cs-s/APNQkAE4HuvRKbRm11BRcLvsWWkNi7bixIJyH1xJEtXf7vorM4dtTMEAlcEJrkK8WCJsiQoCAO92BJy_wPoPnWAAnS4Eefkw76VPkZrnTn8IONTMlAk4QgpoPu7vijpDzjZjhMQqk01I=w408-h306-k-no,true,Open 24 hours,Open 24 hours,Open 24 hours,Open 24 hours,Open 24 hours,Open 24 hours,Open 24 hours,"https://www.google.com/maps/search/commercial+landscaping+businesses+in+Allentown+Buffalo+NY/@42.8994057,-78.8764795,14z",2026-04-29T19:05:03.625Z,,,
https://www.google.com/maps/place/Hardscape+Niagara/data=!4m7!3m6!1s0x89d3130359329a31:0x6751f478e8dffe5e!8m2!3d42.8711221!4d-79.014247!16s%2Fg%2F11kfbvbbdp!19sChIJMZoyWQMT04kRXv7f6Hj0UWc,Hardscape Niagara,4.7,18,Landscape designer,,,http://www.hardscapeniagara.com/,+1 905-327-5350,Open 24 hours,,https://lh3.googleusercontent.com/gps-cs-s/APNQkAEDtb65c84dufDkqrTTJ6TspB5YeyNBfsfI26bXxy0XY0qxG9Mb92jec3JA69TTWwwKfcSgXlLCl5H7xvWOTtmSnqVTbwV5DmkOQKydfNpZnoun4eJTwk7ODfBhmyFUfLy0ZDP6=w408-h306-k-no,true,Open 24 hours,Open 24 hours,Open 24 hours,Open 24 hours,Open 24 hours,Open 24 hours,Open 24 hours,"https://www.google.com/maps/search/commercial+landscaping+businesses+in+Allentown+Buffalo+NY/@42.8994057,-78.8764795,14z",2026-04-29T19:05:08.281Z,,,
https://www.google.com/maps/place/Mark%27s+Landscaping+Services/data=!4m7!3m6!1s0x89d30d9e4699fc1f:0x2fe072116b9302ae!8m2!3d42.8959691!4d-78.8193917!16s%2Fg%2F1trc5yq7!19sChIJH_yZRp4N04kRrgKTaxFy4C8,Mark's Landscaping Services,5.0,2,Landscaping supply store,"1501 Broadway, Buffalo, NY 14212, United States","V5WJ+96 Buffalo, New York, USA",,,Open · Closes 7 pm,,https://streetviewpixels-pa.googleapis.com/v1/thumbnail?panoid=skKWVMUduofk84DYPEEPgQ&cb_client=search.gws-prod.gps&w=408&h=240&yaw=172.6806&pitch=0&thumbfov=100,false,7 am–7 pm,7 am–7 pm,7 am–7 pm,7 am–7 pm,7 am–7 pm,7 am–7 pm,7 am–7 pm,"https://www.google.com/maps/search/commercial+landscaping+businesses+in+Allentown+Buffalo+NY/@42.8994057,-78.8764795,14z",2026-04-29T19:05:13.291Z,· Delivery,,
"https://www.google.com/maps/place/Allentown+Landscape,+LLC/data=!4m7!3m6!1s0x89d312480c7807b3:0x91c8da962b2079e4!8m2!3d42.768351!4d-78.8862675!16s%2Fg%2F1hc2yljlx!19sChIJswd4DEgS04kR5HkgK5bayJE","Allentown Landscape, LLC",,,Landscaper,,,http://allentownlandscape.com/,+1 716-998-9459,,,https://lh3.googleusercontent.com/gps-cs-s/APNQkAHGJe21mM1fB4-4SPWKdO_tHIcXbKZfQJwh3coaxOHwHNhnL7vNFjTUFS0ZAbewx_9bwghwqJbagX3lrVyalhiY7oE2Wbz-z4I_kgfI_hUN2phWE7EtOTHy1NzXodtrLr1XJbed=w408-h271-k-no,true,,,,,,,,"https://www.google.com/maps/search/commercial+landscaping+businesses+in+Allentown+Buffalo+NY/@42.8994057,-78.8764795,14z",2026-04-29T19:05:15.770Z,,,
https://www.google.com/maps/place/Preferred+Seed+Co/data=!4m7!3m6!1s0x89d3712ad4996e2b:0x92ffdd3eebad3f73!8m2!3d42.9003093!4d-78.7725788!16s%2Fg%2F1tfjgj4f!19sChIJK26Z1Cpx04kRcz-t6z7d_5I,Preferred Seed Co,4.9,52,Landscaping supply store,"2775 Broadway Ste 300 Ste 300, Buffalo, NY 14227, United States","W62G+4X Buffalo, New York, USA",https://preferredseed.com/,+1 716-895-7333,"Open · Closes 4:30 pm

Confirmed by this business 1 week ago",,https://lh3.googleusercontent.com/gps-cs-s/APNQkAHWnsrvO2pGFmTzTrMXQKrSmfcl6-6TCgTua_3Mzv4zHtdGZkz1NdcaCHeEMjyaNZMK_T_lyYkjrl6mBZhRikGhckMwC8M-HTylEY2QUUCNPRExtAmbyhq9BzTZloVpqJzf7SJH2P1qBHvg=w426-h240-k-no,true,7 am–4:30 pm,7 am–4:30 pm,7 am–4:30 pm,8 am–12 pm,Closed,7 am–4:30 pm,7 am–4:30 pm,"https://www.google.com/maps/search/commercial+landscaping+businesses+in+Allentown+Buffalo+NY/@42.8994057,-78.8764795,14z",2026-04-29T19:05:20.554Z,"Resource for landscaping materials & supplies, including compost, mulches, sand & natural flagstone. · In-store shopping · In-store pick-up · Delivery",,
https://www.google.com/maps/place/Experienced+Brick+%26+Stone/data=!4m7!3m6!1s0x89d3730577686b3d:0x2b58244b050addf3!8m2!3d42.8919248!4d-78.8156354!16s%2Fg%2F1hc1f2qfb!19sChIJPWtodwVz04kR890KBUskWCs,Experienced Brick & Stone,4.8,18,Masonry supply store,"268 Central Ave, Buffalo, NY 14206, United States","V5RM+QP Buffalo, New York, USA",https://www.experiencedbricks.com/,+1 716-691-3061,Open · Closes 5 pm,,https://lh3.googleusercontent.com/gps-cs-s/APNQkAH0_h9KQjoQRMrpvQ-Onar2fpAYOuYcKqSJqrOevu3yC0vo0kMJtnIxmZMonlN5FhY7_5No1kc0E9W4asmDlv378NCV4CIJ18LUS4DFO6wObHsG2dXvODWk0w6m8pq8DSbZ-9Vy=w408-h544-k-no,true,7:30 am–5 pm,7:30 am–5 pm,7:30 am–5 pm,Closed,Closed,7:30 am–5 pm,7:30 am–5 pm,"https://www.google.com/maps/search/commercial+landscaping+businesses+in+Allentown+Buffalo+NY/@42.8994057,-78.8764795,14z",2026-04-29T19:05:25.384Z,· Delivery,,
https://www.google.com/maps/place/Anthonys+Landscaping+And+Snowplowing/data=!4m7!3m6!1s0x89d30c6268655555:0x8e81554117e2be49!8m2!3d42.8907023!4d-78.7625625!16s%2Fg%2F11j03bl68q!19sChIJVVVlaGIM04kRSb7iF0FVgY4,Anthonys Landscaping And Snowplowing,5.0,1,Landscaper,"54 Joanne Ln, Buffalo, NY 14227, United States","V6RP+7X Buffalo, New York, USA",,+1 716-598-7436,Open · Closes 6 pm,,https://streetviewpixels-pa.googleapis.com/v1/thumbnail?panoid=mn8H2zskF_8s-yPLn2Jk3w&cb_client=search.gws-prod.gps&w=408&h=240&yaw=271.21695&pitch=0&thumbfov=100,true,8 am–6 pm,8 am–6 pm,8 am–6 pm,8 am–5 pm,8 am–4 pm,8 am–6 pm,8 am–6 pm,"https://www.google.com/maps/search/commercial+landscaping+businesses+in+Allentown+Buffalo+NY/@42.8994057,-78.8764795,14z",2026-04-29T19:05:30.108Z,,,
https://www.google.com/maps/place/Nantka+Property+Services+LLC/data=!4m7!3m6!1s0x5d1e1cbd2fa461f:0xf06c66c8ea24a105!8m2!3d42.9515335!4d-78.7741585!16s%2Fg%2F11xs5x_vfn!19sChIJH0b60svh0QURBaEk6shmbPA,Nantka Property Services LLC,5.0,2,HVAC contractor,,,https://nantkaservices.com/,+1 716-217-5587,Open 24 hours,,https://lh3.googleusercontent.com/gps-cs-s/APNQkAE51GCMP_UdUsDHl6Gpv2zFmB0Xu42yHkjOuSbuMMMGVMY0zldW04kCE3xa08Jc0A5KfpMQzmrbjdLtXAiOZKFdnw18JPx1xZKgGOpXP29_1ENtRd-hXwb8JvAfBn1yIDWSYIg6723HQXh_=w408-h408-k-no,true,Open 24 hours,Open 24 hours,Open 24 hours,Open 24 hours,Open 24 hours,Open 24 hours,Open 24 hours,"https://www.google.com/maps/search/commercial+landscaping+businesses+in+Allentown+Buffalo+NY/@42.8994057,-78.8764795,14z",2026-04-29T19:05:34.899Z,,,
https://www.google.com/maps/place/Real+Help+Decorative+Concrete/data=!4m7!3m6!1s0x89d30cfe008b7495:0x130edb9c7b9a4ee0!8m2!3d42.8992961!4d-78.7926157!16s%2Fg%2F1hc33370j!19sChIJlXSLAP4M04kR4E6ae5zbDhM,Real Help Decorative Concrete,4.9,185,Concrete contractor,"2221 Broadway, Buffalo, NY 14212, United States","V6X4+PX Buffalo, New York, USA",http://www.realhelpconcrete.com/,+1 716-997-3058,Closes soon · 3:30 pm · Opens 7 am Thu,,https://lh3.googleusercontent.com/gps-cs-s/APNQkAEt1n0OXB0w4H_QcPcrC8GD8lbcMAmTS-yj5t1D5Z8UNArFAVX_pbja7PwFXOxQPVIEQJgR2o_BI-04wWh79PpJfKEn0eKfVI79aLtaplt7cWCD1oAHUTrbnNFdIBNPJ5gmMENBOrli0-oO=w408-h306-k-no,true,7 am–3:30 pm,7 am–3:30 pm,7 am–3:30 pm,9 am–12 pm,Closed,7 am–3:30 pm,7 am–3:30 pm,"https://www.google.com/maps/search/commercial+landscaping+businesses+in+Allentown+Buffalo+NY/@42.8994057,-78.8764795,14z",2026-04-29T19:05:39.808Z,,,
https://www.google.com/maps/place/Hall+Services/data=!4m7!3m6!1s0x89d3131d0aee7ee7:0xaa6a45d78bf51387!8m2!3d42.768351!4d-78.8862675!16s%2Fg%2F11g0732gcs!19sChIJ537uCh0T04kRhxP1i9dFaqo,Hall Services,4.5,2,Landscaper,,,,+1 716-888-0872,Open 24 hours,,https://lh3.googleusercontent.com/gps-cs-s/APNQkAE3A0LUz-6sezjLN7dt-NLVIPwDwlLwI0uGOgzPLPB8RGo3XIEW5cHNFiC76IZk3WMTXBYwLfucX9s9LTf_00Z5FA4H5aHQ5JYW2j0o6dt6dKUhBEjX5xMLH0FcB-Zxezs3LyB4=w670-h240-k-no,true,Open 24 hours,Open 24 hours,Open 24 hours,Open 24 hours,Open 24 hours,Open 24 hours,Open 24 hours,"https://www.google.com/maps/search/commercial+landscaping+businesses+in+Allentown+Buffalo+NY/@42.8994057,-78.8764795,14z",2026-04-29T19:05:44.539Z,,,
https://www.google.com/maps/place/Tony%27s+Tree+and+Landscaping/data=!4m7!3m6!1s0x89d37526d1ffec2d:0x87e5fc2d7001d2ad!8m2!3d42.9419269!4d-78.7199893!16s%2Fg%2F1tkl4953!19sChIJLez_0SZ104kRrdIBcC385Yc,Tony's Tree and Landscaping,4.2,521,Tree service,"573 Aero Dr, Buffalo, NY 14225, United States","W7RJ+Q2 Buffalo, New York, USA",https://tonystree.com/,+1 716-568-4473,Open 24 hours,LGBTQ+ friendly,https://lh3.googleusercontent.com/gps-cs-s/APNQkAGAcFcizzvdaVKGNhXBgoi6LMRkUk-iCXk9bezg08pXV-wH00g78qVhN3cnBzHjAnWfyDG0Z0-X6WfThjMGajGvxY4K05yTI56cdlhzYq4wBAyxTgdL9K4ulCaRrlB1Z7pLnGlaUHvj3dU=w408-h725-k-no,true,Open 24 hours,Open 24 hours,Open 24 hours,Open 24 hours,Open 24 hours,Open 24 hours,Open 24 hours,"https://www.google.com/maps/search/commercial+landscaping+businesses+in+Allentown+Buffalo+NY/@42.8994057,-78.8764795,14z",2026-04-29T19:05:49.200Z,,,
https://www.google.com/maps/place/H+%26+H+Landscaping/data=!4m7!3m6!1s0x89d37332fea78c05:0x1ce117d03b38cecb!8m2!3d42.9340105!4d-78.7790915!16s%2Fg%2F11fll6nvsj!19sChIJBYyn_jJz04kRy844O9AX4Rw,H & H Landscaping,5.0,4,Landscaper,"130 Westbrook Dr, Buffalo, NY 14225, United States","W6MC+J9 Buffalo, New York, USA",,,,,https://lh3.googleusercontent.com/gps-cs-s/APNQkAE77LZHiK2VZKBYkkUCiJ1u2QKqZe_yJ4-tQGpjEmlA5IiumG5txExtI6EtknTjHVGEz4fsA4wMBjaHxcdB7WpbJ-U7IEHOK8oY908CW0T0gXpbay_pqhB1hoZkh0YaAYc_0bKj=w408-h544-k-no,false,,,,,,,,"https://www.google.com/maps/search/commercial+landscaping+businesses+in+Allentown+Buffalo+NY/@42.8994057,-78.8764795,14z",2026-04-29T19:05:51.690Z,,,
https://www.google.com/maps/place/Property+Optics/data=!4m7!3m6!1s0x89d30e13ffffffff:0x8818b19a3c9cf885!8m2!3d42.8551507!4d-78.8214057!16s%2Fg%2F11b7lhx48n!19sChIJ_____xMO04kRhficPJqxGIg,Property Optics,4.1,19,Lawn sprinkler system contractor,"218 Abbott Rd, Buffalo, NY 14220, United States","V54H+3C Buffalo, New York, USA",https://propertyoptics.com/,+1 716-783-8186,Closed · Opens 9 am Thu,,https://lh3.googleusercontent.com/gps-cs-s/APNQkAE_-AnSRZe9je_HrLLvNaYVa9O_bn6hSW3F9sad_fHXRdP4-z0fD9q3UPi9Yx5tCJq55EjVz_JeqQaEjNOXDUi6kGlOON_gpX1tdgFLJ5RfhJfn5iJAEfvXgDsl0QGryFQNlZMe=w426-h240-k-no,true,9 am–3 pm,9 am–3 pm,9 am–3 pm,Closed,Closed,9 am–3 pm,9 am–3 pm,"https://www.google.com/maps/search/commercial+landscaping+businesses+in+Allentown+Buffalo+NY/@42.8994057,-78.8764795,14z",2026-04-29T19:05:56.833Z,,,
https://www.google.com/maps/place/KD+Marketing+Group/data=!4m7!3m6!1s0x89d3135b66d310e5:0x6c4791f8174b86b!8m2!3d42.9140826!4d-78.8588555!16s%2Fg%2F11yk4zxltk!19sChIJ5RDTZlsT04kRa7h0gR95xAY,KD Marketing Group,4.8,24,Marketing agency,"162 Woodlawn Ave, Buffalo, NY 14208, United States","W47R+JF Buffalo, New York, USA",https://kdmarketinggroup.com/,+1 716-333-8202,Open · Closes 5 pm,,https://lh3.googleusercontent.com/gps-cs-s/APNQkAEqa_b8nLLtmpiwDk8IHbxKjM3ketoUlkHWcZa-bkMPbUulZ8DMyov_IzDXEZSYbRWlafYxwk-avpTguQWzZsunqzXQPLyi88Jc1QIF9wR4RC4G7demFsp3SxASF-ZmWCHtZeNTnop_3QM=w408-h544-k-no,true,8 am–5 pm,8 am–5 pm,8 am–5 pm,8 am–5 pm,Closed,8 am–5 pm,8 am–5 pm,"https://www.google.com/maps/search/commercial+landscaping+businesses+in+Allentown+Buffalo+NY/@42.8994057,-78.8764795,14z",2026-04-29T19:06:01.670Z,,,
https://www.google.com/maps/place/CW+Snowplowing+%26+Landscaping/data=!4m7!3m6!1s0x63bafad61599d7d1:0xf21ec21b5c5b11fe!8m2!3d46.423669!4d-129.9427086!16s%2Fg%2F11vsyfb8ng!19sChIJ0deZFdb6umMR_hFbXBvCHvI,CW Snowplowing & Landscaping,5.0,13,Landscaper,,,https://buffalolandscaper.com/,+1 716-400-0567,Open · Closes 9 pm,,https://lh3.googleusercontent.com/gps-cs-s/APNQkAHv-gBwo8G8DR_ayZ8g1IZpNPk6UMIw_B73sI1_n2j5crPmzDkdG6sY7tQWuNV_5quiN85ZsOfmx-aPOpdMScZkhlMNEYvBE2UmPTf78OZ1b6aC6FOJFL2ERqBtiDRbSL4Aygd8Bw=w408-h267-k-no,true,8 am–9 pm,8 am–9 pm,8 am–9 pm,9 am–9 pm,8 am–9 pm,8 am–9 pm,8 am–9 pm,"https://www.google.com/maps/search/commercial+landscaping+businesses+in+Allentown+Buffalo+NY/@42.8994057,-78.8764795,14z",2026-04-29T19:06:06.226Z,,,
https://www.google.com/maps/place/Mann+Roofing+and+Remodeling/data=!4m7!3m6!1s0x89d313a9f9cb7453:0x1e59aee16c2a0ee9!8m2!3d42.8879732!4d-78.8577523!16s%2Fg%2F11h5rls0mr!19sChIJU3TL-akT04kR6Q4qbOGuWR4,Mann Roofing and Remodeling,4.7,134,Roofing contractor,"237 Pratt St, Buffalo, NY 14204, United States","V4QR+5V Buffalo, New York, USA",https://www.mannconstruction-wny.com/,+1 716-500-6266,Open 24 hours,Identifies as veteran-owned,https://lh3.googleusercontent.com/gps-cs-s/APNQkAGqYyrRQ7k5A0YOy8-JHMkO3OFchDEMSHJi0mCTotTocKkPRFPvMTbQPj2koj8X0FC1GvLW6eS0r6nkcDbZtMGtCSDmz95L30MzoldsNacqlfXEuEIJre_kD7zArq-pID-5eB_T=w426-h240-k-no,true,Open 24 hours,Open 24 hours,Open 24 hours,Open 24 hours,Open 24 hours,Open 24 hours,Open 24 hours,"https://www.google.com/maps/search/commercial+landscaping+businesses+in+Allentown+Buffalo+NY/@42.8994057,-78.8764795,14z",2026-04-29T19:06:16.017Z,,,
https://www.google.com/maps/place/Ryan%27s+Lawncare+and+Plowing/data=!4m7!3m6!1s0x89d30dc3d22f4e1d:0xef3dc2b1f916358b!8m2!3d42.8721773!4d-78.812558!16s%2Fg%2F1tdz0yh8!19sChIJHU4v0sMN04kRizUW-bHCPe8,Ryan's Lawncare and Plowing,4.3,6,Lawn care service,"1734 Clinton St, Buffalo, NY 14206, United States","V5CP+VX Buffalo, New York, USA",,+1 716-826-3740,,,https://streetviewpixels-pa.googleapis.com/v1/thumbnail?panoid=j0ZcALiRc3-7Tw9e3txhqw&cb_client=search.gws-prod.gps&w=408&h=240&yaw=2.2998116&pitch=0&thumbfov=100,true,,,,,,,,"https://www.google.com/maps/search/commercial+landscaping+businesses+in+Allentown+Buffalo+NY/@42.8994057,-78.8764795,14z",2026-04-29T19:06:18.877Z,,,
https://www.google.com/maps/place/Golden+Orchard+Landscaping/data=!4m7!3m6!1s0x89d315dde5745957:0x9953b68bd62872c!8m2!3d42.8955269!4d-78.9698093!16s%2Fg%2F11txjcj_0v!19sChIJV1l05d0V04kRLIdivWg7lQk,Golden Orchard Landscaping,5.0,24,Landscaper,"1472 Phillips St, Fort Erie, ON L2A 3C5, Canada","V2WJ+63 Fort Erie, Ontario, Canada",https://goldenorchardlandscaping.ca/,+1 647-267-0958,Open · Closes 5 pm,,https://lh3.googleusercontent.com/gps-cs-s/APNQkAHrGxotd-uCwpEHUdOtebpTyv6WPK-iwyLot52VGb-GGhV_0IwNDkCQNhvu94F-WB6Xl6z6lZSzb6oIKMfqtDlgxdsenDnczlHIGcBlofCbrnh5Ow5ZkCYidnGlUqGTtGmpx02eWA=w408-h544-k-no,true,9 am–5 pm,9 am–5 pm,9 am–5 pm,9 am–5 pm,Closed,9 am–5 pm,9 am–5 pm,"https://www.google.com/maps/search/commercial+landscaping+businesses+in+Allentown+Buffalo+NY/@42.8994057,-78.8764795,14z",2026-04-29T19:06:23.749Z,,,
https://www.google.com/maps/place/All+Access+Builders+LLC/data=!4m7!3m6!1s0x89d30dcf2b7f05e1:0x8679633eca3e40f7!8m2!3d42.8715167!4d-78.8017272!16s%2Fg%2F11fll6ndq5!19sChIJ4QV_K88N04kR90A-yj5jeYY,All Access Builders LLC,4.9,141,Roofing contractor,"2017 Clinton St, Buffalo, NY 14206, United States","V5CX+J8 Buffalo, New York, USA",https://allaccessbuilders.com/roofing/?utm_source=GMBmain&utm_medium=organic,+1 716-770-6560,"Open 24 hours

Updated by this business 3 weeks ago",,https://lh3.googleusercontent.com/gps-cs-s/APNQkAGkQFCtsxobkJz3EjFTOF6viD-dgP398Yi3MLG_UOiAXlGbu9GGvS0UkjU3-w6GpSIHneBIkP8CF70wuaydcFDpe-27P4gWVFZVxtFjaBCQAkNuTZ8yjoSdnE50j_ybo0Yav4O1=w426-h240-k-no,true,Open 24 hours,Open 24 hours,Open 24 hours,Open 24 hours,Closed,Open 24 hours,Open 24 hours,"https://www.google.com/maps/search/commercial+landscaping+businesses+in+Allentown+Buffalo+NY/@42.8994057,-78.8764795,14z",2026-04-29T19:06:28.549Z,,,
https://www.google.com/maps/place/Worthy+Landscaping+Services/data=!4m7!3m6!1s0x473ce5132bb984af:0x8bf644f031ed71ca!8m2!3d42.9565275!4d-78.8152959!16s%2Fg%2F11z2g4ngqv!19sChIJr4S5KxPlPEcRynHtMfBE9os,Worthy Landscaping Services,,,Landscaper,,,,+1 716-864-9099,Open · Closes 5 pm,,https://lh3.googleusercontent.com/gps-cs-s/APNQkAE_e9gkCeVdkN2fwFivalDfQAiG81flhs6-zk2AF7T3cpzGxz_EA9wf381lBHyaoQW70T9BeswLyKu1ORqDxZs4Gqg9Y6OBsjcfEiv-Oqv3eo_aTnJvPO0hXy2Mdy6auHS8yVKGvgFFDqqZ=w408-h544-k-no,true,7 am–5 pm,7 am–5 pm,7 am–5 pm,7 am–5 pm,Closed,7 am–5 pm,7 am–5 pm,"https://www.google.com/maps/search/commercial+landscaping+businesses+in+Allentown+Buffalo+NY/@42.8994057,-78.8764795,14z",2026-04-29T19:06:33.040Z,,,
"https://www.google.com/maps/place/Emerald+Services+of+WNY,+Inc/data=!4m7!3m6!1s0x89d30d09fbf68059:0xaa6a0c33180a1e6d!8m2!3d42.8952226!4d-78.8145445!16s%2Fg%2F11fy1vhl3v!19sChIJWYD2-wkN04kRbR4KGDMMaqo","Emerald Services of WNY, Inc",,,Concrete contractor,"1504 Bailey Ave, Buffalo, NY 14212, United States","V5WP+35 Buffalo, New York, USA",https://emeraldserviceswny.com/,+1 716-570-2211,Open · Closes 5 pm,,https://lh3.googleusercontent.com/gps-cs-s/APNQkAGuPZHXsDkiTQpNAP_UGEZLFjeaNEKmm2pI2f0CPjC1DtEjg_ibdYVUMGuXBnQ9eMF--_dZ5ID9WOJ46lXpWvwytVA8hTH8FQpAIdtiGbn9g9rVJL67W7YPLAIDRg_Q8gHgGR4=w408-h306-k-no,true,9 am–5 pm,9 am–5 pm,9 am–5 pm,Closed,Closed,9 am–5 pm,9 am–5 pm,"https://www.google.com/maps/search/commercial+landscaping+businesses+in+Allentown+Buffalo+NY/@42.8994057,-78.8764795,14z",2026-04-29T19:06:37.790Z,,,
https://www.google.com/maps/place/Arbour+Construction+Management/data=!4m7!3m6!1s0x89d31236657cb43f:0x23d84d8082449b0c!8m2!3d42.8820093!4d-78.8771016!16s%2Fg%2F11g0k1mq36!19sChIJP7R8ZTYS04kRDJtEgoBN2CM,Arbour Construction Management,,,General contractor,"110 Pearl St, Buffalo, NY 14202, United States","V4JF+R5 Buffalo, New York, USA",http://arbourcm.com/contact-us/,+1 716-856-4572,,,https://streetviewpixels-pa.googleapis.com/v1/thumbnail?panoid=Wz1NdAkcKYD2qKjprQdm6w&cb_client=search.gws-prod.gps&w=408&h=240&yaw=296.3443&pitch=0&thumbfov=100,false,,,,,,,,"https://www.google.com/maps/search/commercial+landscaping+businesses+in+Allentown+Buffalo+NY/@42.8994057,-78.8764795,14z",2026-04-29T19:06:40.586Z,,,
https://www.google.com/maps/place/Maverick+Real+Properties/data=!4m7!3m6!1s0x89d31257f13aaaab:0x8b077db8f7e0bd92!8m2!3d42.9018477!4d-78.8726322!16s%2Fg%2F11y2cl5ssk!19sChIJq6o68VcS04kRkr3g97h9B4s,Maverick Real Properties,5.0,7,Real estate agency,"651 Delaware Ave, Buffalo, NY 14202, United States","W42G+PW Buffalo, New York, USA",https://maverickrealpropertiesbuffalo.com/,+1 716-222-0624,Open · Closes 5 pm,,https://lh3.googleusercontent.com/gps-cs-s/APNQkAEFG8eTECc_FZx_Ly-p5ZCVmXxa18CmElXYxDnBiC7hFsPrmzTzrFqOfIKUsZuLcHiRXjySVF4DsOt9xkhfcNRXgtP3XFsMm4AahjJYoQE10oQUlK8CrOVSgK-dt-7QRetcJfPkLUPZWgQ_=w408-h271-k-no,true,7 am–5 pm,7 am–5 pm,7 am–5 pm,Closed,Closed,7 am–5 pm,7 am–5 pm,"https://www.google.com/maps/search/commercial+landscaping+businesses+in+Allentown+Buffalo+NY/@42.8994057,-78.8764795,14z",2026-04-29T19:06:45.391Z,,,
https://www.google.com/maps/place/Greg%27s+Tree+Services/data=!4m7!3m6!1s0x89d30d1400000001:0x85b226f036c87b7e!8m2!3d42.9109046!4d-78.8099539!16s%2Fg%2F1262w43vd!19sChIJAQAAABQN04kRfnvINvAmsoU,Greg's Tree Services,4.4,51,Tree service,"Buffalo, NY 14211, United States","W56R+92 Buffalo, New York, USA",http://www.gregstreeservices.com/,+1 716-892-0885,Open 24 hours,,https://lh3.googleusercontent.com/gps-cs-s/APNQkAHeNSn0mWJ3VEFFqwwDRRlQatvYMEpNVVOPE9Y-c7PkU5MAFoLdkK2t0CkcZI0JxG2c6-G-5cF2c4jv1422LlwvsXRddKENqewOfMoe5cbuczQnsJkSgYP-8xTovBy-aTRnslp8=w408-h333-k-no,true,Open 24 hours,Open 24 hours,Open 24 hours,Open 24 hours,Open 24 hours,Open 24 hours,Open 24 hours,"https://www.google.com/maps/search/commercial+landscaping+businesses+in+Allentown+Buffalo+NY/@42.8994057,-78.8764795,14z",2026-04-29T19:06:50.421Z,,,
https://www.google.com/maps/place/Mangione+Hardware/data=!4m7!3m6!1s0x89d313adbf460955:0xaf8bdb6f9fd7b499!8m2!3d42.8960921!4d-78.887524!16s%2Fg%2F1tdc1mh8!19sChIJVQlGv60T04kRmbTXn2_bi68,Mangione Hardware,4.3,18,Home improvement store,"448 Niagara St, Buffalo, NY 14201, United States","V4W6+CX Buffalo, New York, USA",,+1 716-847-6414,"Open · Closes 5 pm

Updated by this business 5 weeks ago",,https://lh3.googleusercontent.com/gps-cs-s/APNQkAF7JkWU-OV1se7D716Z8xKG_YkADJavU2oN4TPZXN3ARskd99Smzbe70TugbRr-7ZavjN0Ue-z-eiJd-psIh29DZROSufaYVl1xOk7OICviiznOgpLkLviujGV52epwsLzP7hKjxSCnV9qG=w408-h544-k-no,true,10 am–5 pm,10 am–5 pm,10 am–5 pm,10 am–4 pm,Closed,10 am–5 pm,10 am–5 pm,"https://www.google.com/maps/search/commercial+landscaping+businesses+in+Allentown+Buffalo+NY/@42.8994057,-78.8764795,14z",2026-04-29T19:06:55.120Z,,,
https://www.google.com/maps/place/LeChot+Land+%26+Snow+LLC/data=!4m7!3m6!1s0x4965a1daa2f622c5:0xe5badd4a61f57cd2!8m2!3d42.9565275!4d-78.820713!16s%2Fg%2F11z4b3x6t0!19sChIJxSL2otqhZUkR0nz1YUrduuU,LeChot Land & Snow LLC,,,Landscaper,,,http://www.lechotlandsnowllc.com/,+1 716-331-0280,Open · Closes 6 pm,,https://lh3.googleusercontent.com/gps-cs-s/APNQkAHGmJ6Kr5mGzKkc2IgikR-ZpAS50XmFFbYIrc3rTFdUATkRvUhdz_DHxLuJJRaNXT1MfCOnfl-IUXoicxTfqgGAlf69_sCIJVKqpphJMN_G7FXohv6nCwUBHZC0Z_RXBmc1BphQunedfbIg=w408-h306-k-no,true,8 am–6 pm,8 am–6 pm,8 am–6 pm,Closed,Closed,8 am–6 pm,8 am–6 pm,"https://www.google.com/maps/search/commercial+landscaping+businesses+in+Elmwood+Village+Buffalo+NY/@42.919713,-78.8750644,14z",2026-04-29T19:07:22.842Z,,,
https://www.google.com/maps/place/Greenleaf+Landscape+Services+LLC/data=!4m7!3m6!1s0x838da8be78df0c73:0x254eeaf0ce6b8d2b!8m2!3d43.0211541!4d-78.6971789!16s%2Fg%2F11tjpgq95m!19sChIJcwzfeL6ojYMRK41rzvDqTiU,Greenleaf Landscape Services LLC,4.9,27,Landscaper,"9260 Transit Rd, East Amherst, NY 14051, United States","28C3+F4 East Amherst, New York, USA",http://greenleaflandscapeservice.com/,+1 716-846-4287,Open 24 hours,,https://lh3.googleusercontent.com/gps-cs-s/APNQkAELhlyBvM7UUqRzM34eEkShneicUBe07WaXgRYOQBJGKh5p69uF72e1DfEqSyuQkDpLVUw2WzEdSqD1rkXzLPr5fKC58JCRbn2ufSc9-F5uV6PnI_PlHA9lREPxEl9qs3lh7G_3=w408-h306-k-no,true,Open 24 hours,Open 24 hours,Open 24 hours,Open 24 hours,Open 24 hours,Open 24 hours,Open 24 hours,"https://www.google.com/maps/search/commercial+landscaping+businesses+in+Elmwood+Village+Buffalo+NY/@42.919713,-78.8750644,14z",2026-04-29T19:07:27.626Z,,,
https://www.google.com/maps/place/Franklin+Seasonal+Care+LLC/data=!4m7!3m6!1s0x404f67537273a3df:0x3b673efd81f74fff!8m2!3d42.8962391!4d-78.864442!16s%2Fg%2F11yx9mg_n_!19sChIJ36NzclNnT0AR_0_3gf0-Zzs,Franklin Seasonal Care LLC,5.0,5,Landscaper,,,https://franklinseasonalcare.com/,+1 716-548-9059,Open · Closes 5 pm,Identifies as veteran-owned,https://lh3.googleusercontent.com/gps-cs-s/APNQkAGUJ18FaS7e59-j9pd4ZXv-iCYHhAnTXUkj9Z1toFu59lAAAMimWLzFoUGjsEdWYJORelp2RxqkttVzpP2hmurOo_owdRwscGA4-ATnlIGGsUBI_8eFYihCkl8jViGbJx4WnaeH-Z1nSVE=w408-h544-k-no,true,9 am–5 pm,9 am–5 pm,9 am–5 pm,9 am–5 pm,9 am–5 pm,9 am–5 pm,9 am–5 pm,"https://www.google.com/maps/search/commercial+landscaping+businesses+in+Elmwood+Village+Buffalo+NY/@42.919713,-78.8750644,14z",2026-04-29T19:07:32.335Z,,,
https://www.google.com/maps/place/Transparent+Property+Services/data=!4m7!3m6!1s0x2e59eca18b31e237:0xe6b5612b58ca802b!8m2!3d42.9447633!4d-78.8567748!16s%2Fg%2F11ygdtyl3k!19sChIJN-Ixi6HsWS4RK4DKWCthteY,Transparent Property Services,5.0,26,Window cleaning service,"373 Linden Ave, Buffalo, NY 14216, United States","W4VV+W7 Buffalo, New York, USA",https://www.transparentwny.com/,+1 716-356-2300,Open · Closes 7 pm,LGBTQ+ friendly,https://lh3.googleusercontent.com/gps-cs-s/APNQkAF1F5uxQeuBQzH8tnz-qv_SOHOrpsfwPe0K86VsS8ztpNeMxKNsbTzkzRxUdnjbV0T2d1aHghKCBHky2yrv6oQNhZGZs_ycKuJXNjBhCDHdkfkXRzZmal3_3Hp33bMiP_fJEdIC6Z3UmkP2=w408-h306-k-no,true,7 am–7 pm,7 am–7 pm,7 am–7 pm,7 am–7 pm,Closed,7 am–7 pm,7 am–7 pm,"https://www.google.com/maps/search/commercial+landscaping+businesses+in+Elmwood+Village+Buffalo+NY/@42.919713,-78.8750644,14z",2026-04-29T19:07:42.414Z,,,
https://www.google.com/maps/place/Aquaman+Lawn+Sprinklers/data=!4m7!3m6!1s0x89d30e3fb5318b97:0x55728efd057dd7a5!8m2!3d42.8382325!4d-78.818431!16s%2Fg%2F11fyx9pw1f!19sChIJl4sxtT8O04kRpdd9Bf2OclU,Aquaman Lawn Sprinklers,5.0,28,Lawn sprinkler system contractor,"328 Okell St, Buffalo, NY 14220, United States","R5QJ+7J Buffalo, New York, USA",https://www.facebook.com/pg/Aquaman-Lawn-Sprinklers-119298628706306/posts/,+1 716-381-6456,Open · Closes 9 pm,,https://lh3.googleusercontent.com/gps-cs-s/APNQkAGNS49kXtAMtHdhfES1IePwAzejfnXF12pTyY4S3enrV7x_M44TgLxoINrsZuWNkg9r6-nco_kK6f8v8BkFidsr265YoLXKNLDN00xoLWFVjKZtdwSCEp4cZrBkS0eD-g72GUQLww=w408-h305-k-no,true,7 am–9 pm,7 am–9 pm,7 am–9 pm,7 am–9 pm,7 am–9 pm,7 am–9 pm,7 am–9 pm,"https://www.google.com/maps/search/commercial+landscaping+businesses+in+Downtown+Buffalo+NY/@42.8869004,-78.8788896,14z",2026-04-29T19:08:10.163Z,,,
https://www.google.com/maps/place/Irish+Jones+Construction/data=!4m7!3m6!1s0x89d30d1bc5677a35:0x750a18553fc3467d!8m2!3d42.889917!4d-78.8138976!16s%2Fg%2F11jzntx81w!19sChIJNXpnxRsN04kRfUbDP1UYCnU,Irish Jones Construction,4.9,48,General contractor,"1305 Bailey Ave Unit 1, Buffalo, NY 14206, United States","V5QP+XC Buffalo, New York, USA",https://irishjonesconstruction.com/,+1 716-768-4915,Open · Closes 5 pm,,https://lh3.googleusercontent.com/gps-cs-s/APNQkAEetKmgJbJDATlh6zNC3nLlKVHoBEq_EOikzZ0Z7ftz0ajyPdG__bvrTyige_jQ0R3k_JFceQi9EY-hsSji6mrwoOnWxxNlfDi-V-g4_o1ZCxRU_5OZpF3yeCgUrxXxLS8sHKv8=w408-h297-k-no,true,9 am–5 pm,9 am–5 pm,9 am–5 pm,Closed,Closed,9 am–5 pm,9 am–5 pm,"https://www.google.com/maps/search/commercial+landscaping+businesses+in+Downtown+Buffalo+NY/@42.8869004,-78.8788896,14z",2026-04-29T19:08:14.974Z,,,
https://www.google.com/maps/place/Lavocat%27s+Garden+Center/data=!4m7!3m6!1s0x89d30dee8fe38b0b:0xc7182b695ab271cc!8m2!3d42.8729573!4d-78.8234149!16s%2Fg%2F12hkkyl4b!19sChIJC4vjj-4N04kRzHGyWmkrGMc,Lavocat's Garden Center,4.4,17,Garden center,"1437 Clinton St, Buffalo, NY 14206, United States","V5FG+5J Buffalo, New York, USA",,+1 716-940-7998,Closes soon · 4 pm · Opens 10 am Thu,,https://lh3.googleusercontent.com/gps-cs-s/APNQkAHaWWsEaFnogpVLE27HsEF2eOaS7Xwz0864JhCmUezHudEWiuELmsNECs3pwAcrL-OFq-aoYqcxLe0t1XleWZ9tlkYmkgTnFXA1oeyew4o7MmRQ3RRcxt15LY6QXrCxOqMQTJtYaw=w426-h240-k-no,false,10 am–4 pm,10 am–4 pm,10 am–4 pm,10 am–4 pm,10 am–4 pm,10 am–4 pm,10 am–4 pm,"https://www.google.com/maps/search/commercial+landscaping+businesses+in+Downtown+Buffalo+NY/@42.8869004,-78.8788896,14z",2026-04-29T19:08:19.658Z,,,
https://www.google.com/maps/place/AFA+Landscape+Construction+LLC/data=!4m7!3m6!1s0x89d3749761ec9b3b:0x9432d1657091102b!8m2!3d42.9502338!4d-78.736204!16s%2Fg%2F11d_7hldv_!19sChIJO5vsYZd004kRKxCRcGXRMpQ,AFA Landscape Construction LLC,5.0,5,Landscaper,"4 Aero Dr, Buffalo, NY 14225, United States","X727+3G Buffalo, New York, USA",http://afalandscape.com/,+1 716-634-6093,Open · Closes 5 pm,,https://lh3.googleusercontent.com/gps-cs-s/APNQkAED_wN6o36LFNotXuIMcQM-75MP1TjAoKh9RYZnEis67B_LQ7Al9fG_XUs9JjHvBMcag8vjf4nCcZGUBeLESqIyYkEGSrLGaCra6zW1Yi666PBxIkSExgXSzYv2WMqOdGCL_I_QIg=w408-h544-k-no,true,8 am–5 pm,8 am–5 pm,8 am–5 pm,Closed,Closed,8 am–5 pm,8 am–5 pm,"https://www.google.com/maps/search/commercial+landscaping+businesses+in+Downtown+Buffalo+NY/@42.8869004,-78.8788896,14z",2026-04-29T19:08:24.607Z,,,
https://www.google.com/maps/place/Silo+City/data=!4m7!3m6!1s0x89d3118a8b58bc1d:0x8e1fcbe33b52272f!8m2!3d42.8611306!4d-78.8652192!16s%2Fg%2F11b75hbz7g!19sChIJHbxYi4oR04kRLydSO-PLH44,Silo City,4.6,285,Grain elevator,"85 Silo City Row, Buffalo, NY 14203, United States","V46M+FW Buffalo, New York, USA",http://www.silo.city/,,Open · Closes 10 pm,,https://lh3.googleusercontent.com/gps-cs-s/APNQkAE9NQ-WoHUh-dsUVv8ySeK8EfzJHyJH4gvofNdbh36rT_td4UtP-FKQ1rWiStabnsKFn4txGqS3Cyi6SRTY--Qovak-rUaDtSbSkURUpg8Mmq-_19sulfhb0amfmWdH4aA4zUGy=w408-h306-k-no,false,3–10 pm,3–10 pm,3 pm–12 am,12 pm–12 am,12–7 pm,Closed,Closed,"https://www.google.com/maps/search/commercial+landscaping+businesses+in+Downtown+Buffalo+NY/@42.8869004,-78.8788896,14z",2026-04-29T19:08:29.601Z,,,
"https://www.google.com/maps/place/J.+R.+Militello+Realty,+Inc./data=!4m7!3m6!1s0x89d3123659dc7315:0xe4e3d6bfe048f0bc!8m2!3d42.8813734!4d-78.8760207!16s%2Fg%2F1vxw97gs!19sChIJFXPcWTYS04kRvPBI4L_W4-Q","J. R. Militello Realty, Inc.",4.8,5,Commercial real estate agency,"268 Main St #301, Buffalo, NY 14202, United States","V4JF+GH Buffalo, New York, USA",http://www.militello.com/,+1 716-856-2872,Open · Closes 5 pm,,https://lh3.googleusercontent.com/gps-cs-s/APNQkAGCTk6zwuf7G30uVm0t8vRBDd9bJDggjHuEdpHO4JsJ3otH4Vpm0J9u9cFqw68LPuvxbil8tlXYCbWFgHUNKU3BFyafpl_GSIuUQzqHOr3wSb5y-c0jpy-ZnARpRY_TR3WNbANwHQ=w408-h246-k-no,true,8 am–5 pm,8 am–5 pm,8 am–5 pm,Closed,Closed,8 am–5 pm,8 am–5 pm,"https://www.google.com/maps/search/commercial+landscaping+businesses+in+Downtown+Buffalo+NY/@42.8869004,-78.8788896,14z",2026-04-29T19:08:34.351Z,,,
https://www.google.com/maps/place/AJD+Snow+Plowing+LLC/data=!4m7!3m6!1s0x2b6e8deb443de6d5:0x53d6a15c292736f2!8m2!3d42.8844387!4d-78.7955638!16s%2Fg%2F11sl6bmxsx!19sChIJ1eY9ROuNbisR8jYnKVyh1lM,AJD Snow Plowing LLC,4.7,50,Snow removal service,"William St, Cheektowaga, NY 14206, United States","V6M3+QQ Cheektowaga, New York, USA",,+1 716-479-5681,Open 24 hours,,https://lh3.googleusercontent.com/gps-cs-s/APNQkAGGogsmUoZtQiIruyE5TQKSXDZs54aqgoumK06WZNiNy1xgnx-PL6oeisJkF3E2PLPnmT5DMiKrPSkBAL5ZwoaBjh-33qr_biz6F5Z_5R8-xT8apq6OAz5wgBpbt2mYMUxvOdFH=w408-h306-k-no,true,Open 24 hours,Open 24 hours,Open 24 hours,Open 24 hours,Open 24 hours,Open 24 hours,Open 24 hours,"https://www.google.com/maps/search/commercial+landscaping+businesses+in+Downtown+Buffalo+NY/@42.8869004,-78.8788896,14z",2026-04-29T19:08:39.033Z,,,
https://www.google.com/maps/place/Queen+City+Builders/data=!4m7!3m6!1s0x89d30f8b5f9a2b33:0x21a250e0c151330e!8m2!3d43.0345724!4d-78.8855275!16s%2Fg%2F11ky_y8rvc!19sChIJMyuaX4sP04kRDjNRweBQoiE,Queen City Builders,4.8,75,Remodeler,,,https://www.queencitybuilders.net/,+1 716-347-9588,Open · Closes 5 pm,,https://lh3.googleusercontent.com/gps-cs-s/APNQkAHtvmknE8iEZPWQLKSSbR_C5iplQ4oUF25IgsupJh25c0O8226aieFdh1u0GcI-GTQv81DTYhZqLlO7TDAXZmK2sBQrLKXZ2fO_3le-Ug73v_d7B9vJDBF9Y6QPHcFt7W2sahyDfnMgF-1C=w408-h304-k-no,true,8 am–5 pm,8 am–5 pm,8 am–5 pm,Closed,Closed,8 am–5 pm,8 am–5 pm,"https://www.google.com/maps/search/commercial+landscaping+businesses+in+Downtown+Buffalo+NY/@42.8869004,-78.8788896,14z",2026-04-29T19:08:43.756Z,,,
https://www.google.com/maps/place/Hydraulic+Hearth/data=!4m7!3m6!1s0x89d312120758dc53:0x89795d66037ba69a!8m2!3d42.8765809!4d-78.8496386!16s%2Fg%2F11b6gqfhch!19sChIJU9xYBxIS04kRmqZ7A2ZdeYk,Hydraulic Hearth,4.5,433,Restaurant,"716 Swan St, Buffalo, NY 14210, United States","V5G2+J4 Buffalo, New York, USA",http://www.hydraulichearth.com/,+1 716-248-2216,Closed · Opens 4 pm,,https://lh3.googleusercontent.com/gps-cs-s/APNQkAHrxJXrw2uXCKKT4_bKzMEJIzxm6G3XPHaBlm-22M00y4-Us9WgjD4fxFNBz1qdCjdtk-lFoA6acM2dU2pKeY613FMtKnJMuvPVw-vZnz5KT-SmRrc5vyhUvLCM7xd6xdJmiKFj=w408-h272-k-no,true,4–9 pm,4–10 pm,4–11 pm,4–11 pm,Closed,Closed,4–9 pm,"https://www.google.com/maps/search/commercial+landscaping+businesses+in+Downtown+Buffalo+NY/@42.8869004,-78.8788896,14z",2026-04-29T19:08:49.036Z,"Brick-walled restaurant & bar featuring brick-oven pizzas, craft brews & specialty cocktails. · Dine-in · Takeaway",,
https://www.google.com/maps/place/Aurora+Lawn+Services/data=!4m7!3m6!1s0x89d3a7bab2a58ba7:0x1c49557f7233431c!8m2!3d42.735969!4d-78.5975304!16s%2Fg%2F11hdjdfk9z!19sChIJp4ulsrqn04kRHEMzcn9VSRw,Aurora Lawn Services,4.9,152,Lawn care service,"2268 Blakeley Rd, East Aurora, NY 14052, United States","PCP2+9X East Aurora, New York, USA",http://auroralawnservices.com/,+1 716-714-5667,Open · Closes 5 pm,,https://lh3.googleusercontent.com/gps-cs-s/APNQkAHRsWtyS7q4cTfDh-xqK5CV4S5Iv8dnufFewg6E44Swfe9LI2NJ_ot2cuX0cM_N0SsEpkKZ59htrU41T7Nh50pi_ifSmF_fqL6fvLpjb7UZZ37vbWaZawGDDFtwhwiMpimorp5V4Q=w408-h306-k-no,true,9 am–5 pm,9 am–5 pm,9 am–5 pm,9 am–12 pm,Closed,9 am–5 pm,9 am–5 pm,"https://www.google.com/maps/search/commercial+landscaping+businesses+in+East+Aurora+Buffalo+NY/@42.8869004,-78.8788896,14z",2026-04-29T19:09:08.849Z,,,
https://www.google.com/maps/place/Seasonal+Lawncare/data=!4m7!3m6!1s0x89d3091d75db26c1:0x52db2ccb8ce8d1d7!8m2!3d42.838687!4d-78.6756011!16s%2Fg%2F1tfff53n!19sChIJwSbbdR0J04kR19HojMss21I,Seasonal Lawncare,4.9,2103,Lawn care service,"1120 Bullis Rd, Elma, NY 14059, United States","R8QF+FQ Elma Center, New York, USA",http://seasonallawncare.com/,+1 716-675-4000,Open · Closes 5 pm,,https://lh3.googleusercontent.com/gps-cs-s/APNQkAFcy17aoUNbMbnvxETpLO9CbOOlAPi66QuPI1d1H21GdKFNwMHmKhEcf9ZvsCrBV054ooCwUrPdKkfVN8HtPN9IGQVbp5bNnXw2Wnob8M1k18T0wlvp7jcYOWeu6q81XBlDpgHF1h4jJvR6=w408-h306-k-no,true,9 am–5 pm,9 am–5 pm,9 am–5 pm,9 am–5 pm,Closed,8 am–5 pm,9 am–5 pm,"https://www.google.com/maps/search/commercial+landscaping+businesses+in+East+Aurora+Buffalo+NY/@42.8869004,-78.8788896,14z",2026-04-29T19:09:25.300Z,,,
https://www.google.com/maps/place/Calandra+Landscaping+and+Snowplow/data=!4m7!3m6!1s0x89d30d861607f613:0xc6229ebcd5b3ae5a!8m2!3d42.9006888!4d-78.6906709!16s%2Fg%2F11swpjvgz_!19sChIJE_YHFoYN04kRWq6z1byeIsY,Calandra Landscaping and Snowplow,4.9,47,Landscape designer,"42 Warsaw St, Depew, NY 14043, United States","W825+7P Depew, New York, USA",http://www.calandralandscaping.com/,+1 716-559-6554,Open 24 hours,,https://lh3.googleusercontent.com/gps-cs-s/APNQkAHbEaiMeQJ3mS9SO9Tjeb_G8zV3lcoUGDQXvb8Q5EvP3s9EbiS8sXuDGGLe7m6QgtnsSqs1SLEi-dvzJYBdBmu4wQCyBgxVw7hEcQU0RdGVHocA7rHUOidHsEueoxVSfBi7pIM5VInDJDI=w408-h306-k-no,true,Open 24 hours,Open 24 hours,Open 24 hours,Open 24 hours,Open 24 hours,Open 24 hours,Open 24 hours,"https://www.google.com/maps/search/commercial+landscaping+businesses+in+East+Aurora+Buffalo+NY/@42.8869004,-78.8788896,14z",2026-04-29T19:09:30.354Z,,,
https://www.google.com/maps/place/Karalus+Landscape+Inc./data=!4m7!3m6!1s0x89d3a73f21e15215:0x6ae23525cbef1b92!8m2!3d42.768351!4d-78.8862675!16s%2Fg%2F11gfls8r2z!19sChIJFVLhIT-n04kRkhvvyyU14mo,Karalus Landscape Inc.,5.0,2,Landscaper,,,http://www.karaluslandscapeinc.com/,+1 716-803-7272,Open · Closes 5 pm,,https://lh3.googleusercontent.com/gps-cs-s/APNQkAF_H32tm4YzlVTvd1eHm9xxuVsQXjXuBVNRQvkZR5MrwNm-CLTMQAq9uzIt1xcW4Rn2QILK_HCffH5Prt_IFIigkhijl2yWpIo6WxxkPzJb_n7KPMtKaabwu1LjAnf_DHjw0G5A=w408-h308-k-no,true,9 am–5 pm,9 am–5 pm,9 am–5 pm,9 am–5 pm,Closed,9 am–5 pm,9 am–5 pm,"https://www.google.com/maps/search/commercial+landscaping+businesses+in+East+Aurora+Buffalo+NY/@42.8869004,-78.8788896,14z",2026-04-29T19:09:35.274Z,,,
"https://www.google.com/maps/place/Jerry%27s+Contracting+Enterprises,+Inc/data=!4m7!3m6!1s0x89d3a5dce8a95393:0xb5c5674d1ab73ef8!8m2!3d42.7735736!4d-78.5426904!16s%2Fg%2F11hzyytlkq!19sChIJk1Op6Nyl04kR-D63Gk1nxbU","Jerry's Contracting Enterprises, Inc",4.9,8,Excavating contractor,"11878 Big Tree Rd, East Aurora, NY 14052, United States","QFF4+CW East Aurora, New York, USA",https://jerryscontractinginc.com/,+1 716-998-6253,Open · Closes 12 am,,https://lh3.googleusercontent.com/gps-cs-s/APNQkAFIIXK0_Pbz4DHgxi7pj2MtiMKxrCkT5qEqEJgfjTFrj6kSQ9z9otC5LGh6n9y_CBCqqaLTURHDuOuEGedT4JOGw_ICLuQB74lnhJ8gpTN0exBteqbm8mkHJb607iYYqeUih-KaaQ=w758-h240-k-no,true,Open 24 hours,8 am–5:30 pm,8 am–5:30 pm,8 am–5 pm,Closed,Open 24 hours,Open 24 hours,"https://www.google.com/maps/search/commercial+landscaping+businesses+in+East+Aurora+Buffalo+NY/@42.8869004,-78.8788896,14z",2026-04-29T19:09:39.992Z,,,
https://www.google.com/maps/place/Phillips+Lawn+and+Landscape/data=!4m7!3m6!1s0x4c7e43a9804a88bf:0xd8a05d8a8e233e73!8m2!3d42.8524909!4d-78.7262864!16s%2Fg%2F11vq_1zb2s!19sChIJv4hKgKlDfkwRcz4jjopdoNg,Phillips Lawn and Landscape,4.8,26,Lawn care service,,,https://www.phillipslandscapingpro.com/,,Open · Closes 7 pm,,https://lh3.googleusercontent.com/gps-cs-s/APNQkAHkyPfCISaZOUd4ELTR8BqO6U3YmM8V8wQDXqtUsl3x5xmIAzOGdSkkvfvo9rilzt6j_-E4SbkXRIYMiF1IJIUerAYXbL_4MkyTbTLoJIJkXD0KYycOIFkwo0XxvysPneSG_RvotWg_3FQ=w408-h544-k-no,true,9 am–7 pm,9 am–7 pm,9 am–7 pm,9 am–1 pm,Closed,9 am–7 pm,9 am–7 pm,"https://www.google.com/maps/search/commercial+landscaping+businesses+in+East+Aurora+Buffalo+NY/@42.8869004,-78.8788896,14z",2026-04-29T19:09:44.678Z,,,
https://www.google.com/maps/place/Terra+Property+Services+-+Lawn+and+Landscape/data=!4m7!3m6!1s0x89d30fe96544aec9:0x7a37ba3f05fde471!8m2!3d42.768351!4d-78.8862675!16s%2Fg%2F11fqd158rj!19sChIJya5EZekP04kRceT9BT-6N3o,Terra Property Services - Lawn and Landscape,4.6,9,Lawn care service,,,http://www.terrapropertyserviceswny.com/,+1 716-861-4811,Open 24 hours,,https://lh3.googleusercontent.com/gps-cs-s/APNQkAGKm95sYTrsiXaU0h89emuv3D-RCwU0FGyId5Fm18txRNxB8L-X3ab9xKEQ8zAapsbAN2EVTYWnPQNMiCXSuDaGrftXSoHez7Pm9VmIW8rBbH9oYgqtA8zxuUjOpAxdt_m5PlM=w426-h240-k-no,true,Open 24 hours,Open 24 hours,Open 24 hours,Open 24 hours,Open 24 hours,Open 24 hours,Open 24 hours,"https://www.google.com/maps/search/commercial+landscaping+businesses+in+East+Aurora+Buffalo+NY/@42.8869004,-78.8788896,14z",2026-04-29T19:09:49.267Z,,,
https://www.google.com/maps/place/Green+Lawn+Landscapes/data=!4m7!3m6!1s0x89d30bda6bb35007:0x1c63d84ca0baa2a4!8m2!3d42.8781264!4d-78.6752136!16s%2Fg%2F11h0ggsp5b!19sChIJB1Cza9oL04kRpKK6oEzYYxw,Green Lawn Landscapes,4.2,9,Landscape architect,"516 Aurora St, Lancaster, NY 14086, United States","V8HF+7W Lancaster, New York, USA",,+1 716-597-4465,Open · Closes 5 pm,,https://lh3.googleusercontent.com/gps-cs-s/APNQkAFxrfGFsV7HgBtxA0DTX0RDo2yP330BisxPdQhe5ObX1G2eHhtqWC0vbvCTQM_W53L53_baDpWQhMqUBrGspKv8BBXZi6Lj99RaoPrm5nGcnIR9AlLZhMYJI_eApmdG3bhhCyUV=w408-h271-k-no,true,8 am–5 pm,8 am–5 pm,8 am–5 pm,Closed,Closed,8 am–5 pm,8 am–5 pm,"https://www.google.com/maps/search/commercial+landscaping+businesses+in+East+Aurora+Buffalo+NY/@42.8869004,-78.8788896,14z",2026-04-29T19:09:54.005Z,,,
"https://www.google.com/maps/place/Mattucci+Design,+LLC/data=!4m7!3m6!1s0x89d3a8866baff81b:0xa1d118c2a5733440!8m2!3d42.7532992!4d-78.606647!16s%2Fg%2F11f405csbb!19sChIJG_iva4ao04kRQDRzpcIY0aE","Mattucci Design, LLC",3.7,6,Landscaper,"540 Olean Rd, East Aurora, NY 14052, United States","Q93V+88 East Aurora, New York, USA",http://www.mattuccidesign.com/,+1 716-875-7887,,,https://lh3.googleusercontent.com/gps-cs-s/APNQkAGyZ_jPBr7SeK_C776nVEht8yFx4Y3yEKL0BDrv222KTi4dfDj0LLSiTxaMGTTyM1Ae8iQtboqaF22tpgIVfobQfSW0A2N8N1irYnd9cFDTq1zUgLLvndd29iRFUJ5zQ6bBLLYZ=w408-h306-k-no,true,,,,,,,,"https://www.google.com/maps/search/commercial+landscaping+businesses+in+East+Aurora+Buffalo+NY/@42.8869004,-78.8788896,14z",2026-04-29T19:09:57.014Z,,,
https://www.google.com/maps/place/Green+Yard+Landscaping/data=!4m7!3m6!1s0x89d3a7ef6a8f1c4f:0x9205cb0e78111fed!8m2!3d42.8027192!4d-78.6206464!16s%2Fg%2F11xnnc791q!19sChIJTxyPau-n04kR7R8ReA7LBZI,Green Yard Landscaping,5.0,1,Landscaper,"1231 Maple St, Elma, NY 14059, United States","R93H+3P Elma Center, New York, USA",http://greenyardlandscaping.org/,+1 716-368-2504,Open · Closes 5 pm,,https://lh3.googleusercontent.com/gps-cs-s/APNQkAGWu8JroFJ37RoDIjJhyLMjY_nKBmrwSLlCMCwfLC6S8BVnqX5Fi8hd8zTmjRw3OnSsW39_da3Gr9BWvaOJxXvAq53fCYS97S5EdC7bi0lqq4Dw2HjJiGIohb0Lwc-9GCi1r-o6eHx8Csjp=w408-h306-k-no,true,8 am–5 pm,8 am–5 pm,8 am–5 pm,Closed,Closed,8 am–5 pm,8 am–5 pm,"https://www.google.com/maps/search/commercial+landscaping+businesses+in+East+Aurora+Buffalo+NY/@42.8869004,-78.8788896,14z",2026-04-29T19:10:01.612Z,,,
https://www.google.com/maps/place/Soil+and+Seed+Landscaping/data=!4m7!3m6!1s0x89d39f2bb76acf5d:0xa65b8a1bff3fee00!8m2!3d43.0391469!4d-78.6177027!16s%2Fg%2F11rg2nhmv0!19sChIJXc9qtyuf04kRAO4__xuKW6Y,Soil and Seed Landscaping,5.0,94,Landscaper,"5369 Marguerites Way, Clarence, NY 14031, United States","29QJ+MW Clarence, New York, USA",https://sslandscapingny.com/,+1 716-320-7707,Open 24 hours,,https://lh3.googleusercontent.com/gps-cs-s/APNQkAFSm64i2fLP7Xf9isDi9wkIgRe_3Ir1tGZdHG9at5Yp6-zvJvrw7nYm_aNijJTg0vusa0bzwv1M6dRV78MIfz0IWYX42e21YXyZkDqBb76ZB7QiXjF-ewzmWCkzbLUovzWKHrFj=w408-h306-k-no,true,Open 24 hours,Open 24 hours,Open 24 hours,Open 24 hours,Open 24 hours,Open 24 hours,Open 24 hours,"https://www.google.com/maps/search/commercial+landscaping+businesses+in+East+Aurora+Buffalo+NY/@42.8869004,-78.8788896,14z",2026-04-29T19:10:06.463Z,,,
https://www.google.com/maps/place/Razor+Sharp+Rizzo+%26+Sons+LLC/data=!4m7!3m6!1s0x89d30f9c9c018b23:0x7d594f24dcc3628b!8m2!3d42.8491137!4d-78.8002998!16s%2Fg%2F11xrhkd72s!19sChIJI4sBnJwP04kRi2LD3CRPWX0,Razor Sharp Rizzo & Sons LLC,5.0,34,Lawn care service,"2400 Seneca St, West Seneca, NY 14210, United States","R5XX+JV West Seneca, New York, USA",http://razorsharprizzo.com/,+1 716-319-7431,"Closes soon · 4 pm · Opens 8 am Thu

Updated by this business 8 weeks ago",,https://lh3.googleusercontent.com/gps-cs-s/APNQkAHtVy-imFbS07JQ2k6aVHtqMGMQt-povLDk-gygIqFGmyjyrkDwwMcBG8gqK_xd3GzPlhvj_sVUZHwmIuiQ0eEuHwgQ1MOubVMcy3LRALWFScTofF8VaWw1Wyi4Wy1kg2wetavyik8xZJHY=w408-h306-k-no,true,8 am–4 pm,8 am–4 pm,8 am–4 pm,10 am–2 pm,Closed,8 am–4 pm,8 am–4 pm,"https://www.google.com/maps/search/commercial+landscaping+businesses+in+East+Aurora+Buffalo+NY/@42.8869004,-78.8788896,14z",2026-04-29T19:10:11.281Z,,,
"https://www.google.com/maps/place/Forever+Green+Landscapes+%26+Designs,+LLC/data=!4m7!3m6!1s0x89d309fd89e49a99:0xeee7fe5e28ba6cef!8m2!3d42.836402!4d-78.656919!16s%2Fg%2F12hqd_qz3!19sChIJmZrkif0J04kR72y6KF7-5-4","Forever Green Landscapes & Designs, LLC",3.8,10,Landscaper,"1640 Bullis Rd, Elma, NY 14059, United States","R8PV+H6 Elma Center, New York, USA",http://landscapingdesignswny.com/,+1 716-633-6965,Open · Closes 9 pm,,https://lh3.googleusercontent.com/gps-cs-s/APNQkAE98w1y4rwIIh1vyj03GxV8BIFfjDeK-UhrNu3tvMClgKi4Si4WnH1-WsRq9oyDkZhZSFTXbxLpbp11a5AFsyeiFT7FzJQdVTruPFJEVG1BJ-PGWc8clTMVkI92q2XuwYzlLggc=w426-h240-k-no,true,7 am–9 pm,7 am–9 pm,7 am–9 pm,7 am–9 pm,7 am–9 pm,7 am–9 pm,7 am–9 pm,"https://www.google.com/maps/search/commercial+landscaping+businesses+in+East+Aurora+Buffalo+NY/@42.8869004,-78.8788896,14z",2026-04-29T19:10:16.035Z,,,
https://www.google.com/maps/place/GV+Landscaping/data=!4m7!3m6!1s0x7dfbeae2a270fab:0x1710792a3deba470!8m2!3d42.8700114!4d-79.098432!16s%2Fg%2F11x84_7mff!19sChIJqw8nKq6-3wcRcKTrPSp5EBc,GV Landscaping,5.0,6,Landscaper,,,,+1 289-321-0667,Open · Closes 7 pm,,https://lh3.googleusercontent.com/gps-cs-s/APNQkAHczM7pqJAuASYOb_vR46olfDa_pFXsA1eZA9dgjtSX7pym3UpoN8WU4umNxZH7y6AKxjl1FZbwR-7XO9dqR6mVFhxZoaJQNfJvCPgt7fm6_kMHGa2E4IaR2bOO8rMGVtUuGX5nf2U9ZPM=w408-h408-k-no,true,7 am–7 pm,7 am–7 pm,7 am–7 pm,7 am–7 pm,Closed,7 am–7 pm,7 am–7 pm,"https://www.google.com/maps/search/commercial+landscaping+businesses+in+East+Aurora+Buffalo+NY/@42.8869004,-78.8788896,14z",2026-04-29T19:10:20.833Z,,,
https://www.google.com/maps/place/Terra+Verde+Landscaping/data=!4m7!3m6!1s0x89d33dba9b0c357d:0xe45fbba00116723b!8m2!3d42.9565275!4d-78.8152959!16s%2Fg%2F11hz9bvgqr!19sChIJfTUMm7o904kRO3IWAaC7X-Q,Terra Verde Landscaping,5.0,5,Landscaper,,,https://terraverde-landscaping.com/,+1 716-255-0702,Open · Closes 9 pm,,https://lh3.googleusercontent.com/gps-cs-s/APNQkAEwpdZxjN4gqYgmKOk0UqoljpiG1zHUtdVrrdyYksToJyUhHHZVII_EhSLDpsI_13iHVJJq-QJxbCuNRdmoTzXxBgEL4UQX0SOXdrH0KIcQ-QeRoTAdI3JeTpDLLC8p1BO5CxNd=w408-h544-k-no,true,8 am–9 pm,8 am–9 pm,8 am–9 pm,10 am–4 pm,Closed,8 am–9 pm,8 am–9 pm,"https://www.google.com/maps/search/commercial+landscaping+businesses+in+East+Aurora+Buffalo+NY/@42.8869004,-78.8788896,14z",2026-04-29T19:10:25.724Z,,,
https://www.google.com/maps/place/Exquisite+Lawns+and+Landscapes/data=!4m7!3m6!1s0x8d8e62316d0310f9:0xa49951cc556a90f8!8m2!3d42.868403!4d-78.6893779!16s%2Fg%2F11vr586bpc!19sChIJ-RADbTFijo0R-JBqVcxRmaQ,Exquisite Lawns and Landscapes,5.0,7,Landscaper,,,,+1 716-523-6275,Open · Closes 8 pm,,https://lh3.googleusercontent.com/gps-cs-s/APNQkAHsKBGNq8ZV8yJJSFcWGlUKvI5OwBii6KvIPHmGYkan2TV1atHOkW_-O1GjCCf8t5TgWzb71fAyzTTcwKE_oXiPyilJKOLrU4qXIC1dZUzqaVojRHrfRadvjW-JARIao3Q18kUVt4pNMz5p=w408-h306-k-no,true,8 am–8 pm,8 am–8 pm,8 am–8 pm,8 am–5 pm,8 am–12 pm,8 am–8 pm,8 am–8 pm,"https://www.google.com/maps/search/commercial+landscaping+businesses+in+East+Aurora+Buffalo+NY/@42.8869004,-78.8788896,14z",2026-04-29T19:10:30.336Z,,,
https://www.google.com/maps/place/Schaubel+Brothers+Landscaping/data=!4m7!3m6!1s0x89d314485066aaab:0xb7e22231a353eb14!8m2!3d42.89434!4d-78.9649495!16s%2Fg%2F11sy_kp4d1!19sChIJq6pmUEgU04kRFOtTozEi4rc,Schaubel Brothers Landscaping,5.0,3,Landscaper,"681 Lakeside Rd, Fort Erie, ON L2A 4Y4, Canada","V2VP+P2 Fort Erie, Ontario, Canada",https://www.schaubelbrothers.ca/contact/,+1 905-329-3764,Open · Closes 7 pm,,https://lh3.googleusercontent.com/gps-cs-s/APNQkAGlOQYHgcWGkrPibZI-rjDH2QMvBiuJxNlVYSlcA3su433o6V4T38eZU72JfHNn94VawdZMtqqizN9-o4aB9NEbeFVB33wKuRrwR82B7LfjOcxPgKa1CUk-iwOwWUx0sYSH82FN4Q=w408-h254-k-no,true,8 am–7 pm,8 am–7 pm,8 am–7 pm,8 am–5 pm,Closed,8 am–7 pm,8 am–7 pm,"https://www.google.com/maps/search/commercial+landscaping+businesses+in+East+Aurora+Buffalo+NY/@42.8869004,-78.8788896,14z",2026-04-29T19:10:35.004Z,,,
https://www.google.com/maps/place/Expert+Tree+Service/data=!4m7!3m6!1s0x89d3a751fdba856d:0x68d2f68c60bae14a!8m2!3d42.7540931!4d-78.6351013!16s%2Fg%2F1hdzvkprd!19sChIJbYW6_VGn04kRSuG6YIz20mg,Expert Tree Service,5.0,12,Tree service,"702 Kelly Dr, East Aurora, NY 14052, United States","Q937+JX East Aurora, New York, USA",http://www.treeserviceeastaurorany.com/,+1 716-445-4015,Open · Closes 9 pm,,https://lh3.googleusercontent.com/gps-cs-s/APNQkAHce-9CcInCbCdYLqfXaaH2iynIFS1PCVPBGitx85Ds4TDQFv81vPR8uSotlWI8CQk_sJmG4snSIkCz7dGQbfaPCqDGB0NdLnCwkKkAYvMCRpD2ATG2raS4KxNjLsnHq9xd_uiynw=w408-h306-k-no,true,7 am–9 pm,7 am–9 pm,7 am–9 pm,7 am–9 pm,7 am–9 pm,7 am–9 pm,7 am–9 pm,"https://www.google.com/maps/search/commercial+landscaping+businesses+in+East+Aurora+Buffalo+NY/@42.8869004,-78.8788896,14z",2026-04-29T19:10:39.965Z,,,
"https://www.google.com/maps/place/Naccarato+Landscaping+%26+Design,+LLC/data=!4m7!3m6!1s0xb0939efd92758c9:0xc10f70d21f01f5f2!8m2!3d42.9792852!4d-78.826224!16s%2Fg%2F11l6ljd9n7!19sChIJyVgn2e85CQsR8vUBH9JwD8E","Naccarato Landscaping & Design, LLC",4.8,29,Landscaper,,,https://naccaratolandscaping.com/north-tonawanda-ny/,+1 716-628-8179,Open 24 hours,,https://lh3.googleusercontent.com/gps-cs-s/APNQkAHs_a91bWzHLq05xNADAVDQNsNhZuC3UzSay-e_ynUuSj3IVdIo-ji7AkbtP5KXrb5Yd9--UwvIWBxGfJYEM7oskedffCsDQ7jsEs4LSSOqFQfuOivZHD23elnNBiQK8wfCHfw9wYSTgfcO=w408-h408-k-no,true,Open 24 hours,Open 24 hours,Open 24 hours,Open 24 hours,Open 24 hours,Open 24 hours,Open 24 hours,"https://www.google.com/maps/search/commercial+landscaping+businesses+in+North+Park+Buffalo+NY/@42.9517041,-78.8580815,14z",2026-04-29T19:11:00.402Z,,,
"https://www.google.com/maps/place/Bison+Turf+Equipment,+Inc./data=!4m7!3m6!1s0x89d36c8eabe49211:0x1d5a3cbb974ae7e6!8m2!3d42.9784186!4d-78.9119978!16s%2Fg%2F1tcysthw!19sChIJEZLkq45s04kR5udKl7s8Wh0","Bison Turf Equipment, Inc.",4.5,48,Lawn mower store,"2800 Kenmore Ave, Tonawanda, NY 14150, United States","X3HQ+96 Tonawanda, New York, USA",http://www.bisonturf.com/,+1 716-876-2000,"Open · Closes 6 pm

Updated by this business 1 week ago",,https://lh3.googleusercontent.com/gps-cs-s/APNQkAETZhq-ytJ4S77HHL3MamiY12cNRzFZXuYHVs--NMjmfBMfQcpHSL9d4xlkw4QxjTYep0ON03Wff0ETV2Y0dAEV2pRtPTsrMQlMZc8wDzQhfTHHl8TkT1QmpavC4g0GS2E-OlLXDQ=w408-h348-k-no,true,8 am–6 pm,8 am–6 pm,8 am–5 pm,8 am–12 pm,Closed,8 am–6 pm,8 am–6 pm,"https://www.google.com/maps/search/commercial+landscaping+businesses+in+North+Park+Buffalo+NY/@42.9517041,-78.8580815,14z",2026-04-29T19:11:05.383Z,· In-store pick-up · Delivery,,
https://www.google.com/maps/place/Louie%27s+Property+Maintenance/data=!4m7!3m6!1s0x89d36cc7da640001:0xe5fc4e408d42a054!8m2!3d42.9542467!4d-78.9041364!16s%2Fg%2F11kc8mg_6j!19sChIJAQBk2sds04kRVKBCjUBO_OU,Louie's Property Maintenance,,,Lawn care service,"2 Condon Ave, Buffalo, NY 14207, United States","X33W+M8 Buffalo, New York, USA",https://www.louiespropertymaintenance.com/estimate,+1 716-545-6081,,,https://streetviewpixels-pa.googleapis.com/v1/thumbnail?panoid=N4bE4bSDK4N5CCpeLb8pnA&cb_client=search.gws-prod.gps&w=408&h=240&yaw=330.5424&pitch=0&thumbfov=100,false,,,,,,,,"https://www.google.com/maps/search/commercial+landscaping+businesses+in+North+Park+Buffalo+NY/@42.9517041,-78.8580815,14z",2026-04-29T19:11:07.952Z,,,
https://www.google.com/maps/place/Infinite+Blooms+Garden+Center/data=!4m7!3m6!1s0x89d36d9c2bb0b8a3:0xc4e5b500d8c0a98c!8m2!3d42.9803197!4d-78.8551962!16s%2Fg%2F1tdfjnzz!19sChIJo7iwK5xt04kRjKnA2AC15cQ,Infinite Blooms Garden Center,4.5,137,Garden center,"2121 Sheridan Dr, Tonawanda, NY 14223, United States","X4JV+4W Tonawanda Town, New York, USA",https://infiniteblooms.com/,+1 716-876-2121,Open · Closes 8 pm,,https://lh3.googleusercontent.com/gps-cs-s/APNQkAHDpCKN75ifOa-ih_7hRVUo-gVBKJNScAAd2-TG6LxoQQWqJodwSy9vbx2bIi0KouByLO5RuGnmpl4JD-PIDKXRVV5Ul0D3A_J6FXVmra7sYWawFG4R-BSxnSvpbauQa1lpGYBRNJeGP-ov=w408-h302-k-no,true,9 am–8 pm,9 am–8 pm,9 am–8 pm,9 am–8 pm,9 am–6 pm,9 am–8 pm,9 am–8 pm,"https://www.google.com/maps/search/commercial+landscaping+businesses+in+North+Park+Buffalo+NY/@42.9517041,-78.8580815,14z",2026-04-29T19:11:13.001Z,,,
"https://www.google.com/maps/place/Complete+Lawn+%26+Yard+Care,+Inc./data=!4m7!3m6!1s0x89d3733fa0a849d5:0x1a5c4eff83fe41ed!8m2!3d42.9480445!4d-78.7721479!16s%2Fg%2F11dzt4zwzy!19sChIJ1UmooD9z04kR7UH-g_9OXBo","Complete Lawn & Yard Care, Inc.",5.0,79,Lawn care service,"25 Ravenswood Terrace, Cheektowaga, NY 14225, United States","W6XH+64 Cheektowaga, New York, USA",http://completelawnandyardcare.com/,+1 716-913-7677,Open · Closes 5 pm,,https://lh3.googleusercontent.com/gps-cs-s/APNQkAES5ePyNqW6HmNZTmBwnngFc18aG7dtqkNppdTr1i38V4gG5ErRUeB3peCC2H1vxQ1OIK1quPV1xVkfZQe0PT7izaESFqA6EjbzkkSvZrt-xbnI4LhHY7nz8SB4lrU6GxCt4Afy=w408-h544-k-no,true,8 am–5 pm,8 am–5 pm,8 am–5 pm,8 am–5 pm,Closed,8 am–5 pm,8 am–5 pm,"https://www.google.com/maps/search/commercial+landscaping+businesses+in+Lower+West+Side+Buffalo+NY/@42.9029802,-78.8885015,14z",2026-04-29T19:11:33.841Z,,,
https://www.google.com/maps/place/Gorski+Landscape+Services+Inc/data=!4m7!3m6!1s0xf7d0d187e9357b:0xe7e1ac8a265957d4!8m2!3d42.8667723!4d-78.7553929!16s%2Fg%2F11w2n88kcc!19sChIJezXph9HQ9wAR1FdZJoqs4ec,Gorski Landscape Services Inc,5.0,20,Landscaper,,,https://gorskilandscapingny.com/,+1 716-344-5349,Open · Closes 7 pm,,https://lh3.googleusercontent.com/gps-cs-s/APNQkAGiyEBIY5QKn3b-PdgeDz9y9o1B8JqlR-o0ooR17IY1-ctd1ad_Ak2wH9F33NZ2EtmZSGNAvyHKHdTuy3L6GrV17fuR3ADJCS4r2_s8Uan7AE6PYgm44dAt5OJGz08r2IWsqvPamGUaOSw=w408-h306-k-no,true,7 am–7 pm,7 am–7 pm,7 am–7 pm,7 am–7 pm,Closed,7 am–7 pm,7 am–7 pm,"https://www.google.com/maps/search/commercial+landscaping+businesses+in+Lower+West+Side+Buffalo+NY/@42.9029802,-78.8885015,14z",2026-04-29T19:11:45.165Z,,,
https://www.google.com/maps/place/DOVE+AND+SONS+LANDSCAPING+AND+PROPERTY+MANAGEMENT/data=!4m7!3m6!1s0x6ce3fe040d12fbef:0xff23a3da90e3c498!8m2!3d42.8962391!4d-78.864442!16s%2Fg%2F11sx6yt3fs!19sChIJ7_sSDQT-42wRmMTjkNqjI_8,DOVE AND SONS LANDSCAPING AND PROPERTY MANAGEMENT,,,Landscaper,,,https://dove-and-sons-landscaping-and-property-management.square.site/,+1 716-465-9740,Open · Closes 6 pm,,https://lh3.googleusercontent.com/gps-cs-s/APNQkAEvWQCbmPMXbYWb5pSjP8S8BeB0h_vnCNbpPBrGRQGQuSC_41bRq5NZko_FnLbzQsyvaUg-oUa8GDICqLzCaRrHAzJTDWK7GQBf_evSfPYm-lijvKUNVxZcZ2JXE5aX3iOh3HzH=w408-h408-k-no,true,7 am–6 pm,7 am–6 pm,6 am–7 pm,Closed,Closed,7 am–6 pm,7 am–6 pm,"https://www.google.com/maps/search/commercial+landscaping+businesses+in+Lower+West+Side+Buffalo+NY/@42.9029802,-78.8885015,14z",2026-04-29T19:11:49.719Z,,,
https://www.google.com/maps/place/Hauser%27s+Complete+Care/data=!4m7!3m6!1s0x89d309c704a176f5:0x6e0d059241a7f84b!8m2!3d42.768351!4d-78.8862675!16s%2Fg%2F11dx8p9jvx!19sChIJ9XahBMcJ04kRS_inQZIFDW4,Hauser's Complete Care,4.2,73,Landscaper,,,https://hauserscompletecareinc.com/,+1 716-393-1765,Open · Closes 6 pm,,https://lh3.googleusercontent.com/gps-cs-s/APNQkAFrX7aMl_jboErb7MybOeqWmDrkDqpCXp1uGi1H15Jk6DORTaS1CSxebMrQsAL-axnE09Go91cfUHqwOu6T5VZnH0ru92lIlv7Ukoogbjv4JJaQTWdBVH26ZfyGlDzekdbC_vAEZXTKFkU=w408-h612-k-no,true,8 am–6 pm,8 am–6 pm,8 am–6 pm,10 am–2 pm,Closed,Closed,8 am–6 pm,"https://www.google.com/maps/search/commercial+landscaping+businesses+in+Williamsville+Buffalo+NY/@42.963947,-78.7378091,14z",2026-04-29T19:12:11.641Z,,,
https://www.google.com/maps/place/SJD+Property+maintenance/data=!4m7!3m6!1s0x89d37430997c8dbb:0x70a0980b6c51c1e!8m2!3d42.9892962!4d-78.7130456!16s%2Fg%2F11c2y75tqf!19sChIJu418mTB004kRHhzFtoAJCgc,SJD Property maintenance,4.9,33,Tree service,"415 Country Pkwy, Williamsville, NY 14221, United States","X7QP+PQ Williamsville, New York, USA",,+1 716-472-1115,Open 24 hours,,https://lh3.googleusercontent.com/gps-cs-s/APNQkAG711-tZqoz3IpoZMWIl5U2ESWAQwQR_lVX4Kh5b3Wr9f4VK76zke8pW_jK0JG6MO-mft3glx1R67BETd64x-GBByqwdnPpBSp8dAbOWiz4O3q-YXuR0fZaAzjhSD8ObWF6-2ZQ=w408-h306-k-no,true,Open 24 hours,Open 24 hours,Open 24 hours,Open 24 hours,Open 24 hours,Open 24 hours,Open 24 hours,"https://www.google.com/maps/search/commercial+landscaping+businesses+in+Williamsville+Buffalo+NY/@42.963947,-78.7378091,14z",2026-04-29T19:12:16.745Z,,,
"https://www.google.com/maps/place/Pristine+Green+Lawn+Care+and+Landscaping,+Inc./data=!4m7!3m6!1s0x89d3735f6e016b4f:0x2beb8d765f7b5c5d!8m2!3d42.9426255!4d-78.7564559!16s%2Fg%2F11rbdvhjtj!19sChIJT2sBbl9z04kRXVx7X3aN6ys","Pristine Green Lawn Care and Landscaping, Inc.",4.9,45,Lawn care service,"42 Princess Dr, Cheektowaga, NY 14225, United States","W6VV+3C Cheektowaga, New York, USA",https://www.pristinegreenlawncare.org/,+1 716-253-1323,"Open · Closes 7 pm

Updated by this business 3 weeks ago",Identifies as women-owned,https://lh3.googleusercontent.com/gps-cs-s/APNQkAEyA9P9HKSo-JpKdocdGw3xY6oDDocovDCgxLPz13d_I7sh24MLsVHqeIsaMs7Dmue2WsnOze8tar7WkjLRiBBKbmmUHQuGZbw3prJjapIgVt_ZMQG7HaGvBORGv_3Zf71AjuA5SPnLT4Q=w426-h240-k-no,true,8 am–7 pm,8 am–7 pm,8 am–7 pm,8 am–5 pm,Closed,8 am–7 pm,8 am–7 pm,"https://www.google.com/maps/search/commercial+landscaping+businesses+in+Williamsville+Buffalo+NY/@42.963947,-78.7378091,14z",2026-04-29T19:12:21.569Z,,,
"https://www.google.com/maps/place/Picone+Landscaping+%26+Snow+Plowing,+INC/data=!4m7!3m6!1s0x89d37328db01efdd:0xf6358d1b8acd2757!8m2!3d42.9940073!4d-78.7507482!16s%2Fg%2F11ns3w_r__!19sChIJ3e8B2yhz04kRVyfNihuNNfY","Picone Landscaping & Snow Plowing, INC",3.8,36,Lawn care service,"234 Ranch Trail W, Williamsville, NY 14221, United States","X6VX+JP Williamsville, New York, USA",http://piconelandscapingwny.com/,+1 716-908-3876,Closes soon · 4 pm · Opens 9 am Thu,,https://lh3.googleusercontent.com/gps-cs-s/APNQkAECM5_o0Be-wzWWsJ4vJR_JDqp9fH1_potOglZLWlJ4tmqvt6EbRJnZbjCbnFUjRbJLomsJIYewVR0tI0yq23-4DGTa05RYaYkuJlKVRdkQlFDdUBrd131ELhTSs6we9FtXlWqo=w408-h241-k-no,true,9 am–4 pm,9 am–4 pm,9 am–4 pm,9 am–12 pm,Closed,9 am–4 pm,9 am–4 pm,"https://www.google.com/maps/search/commercial+landscaping+businesses+in+Williamsville+Buffalo+NY/@42.963947,-78.7378091,14z",2026-04-29T19:12:26.315Z,,,
https://www.google.com/maps/place/Meta+Snow+Plowing+%26+Landscaping/data=!4m7!3m6!1s0x89d373a84576e73b:0x3140c3c8ec74701a!8m2!3d43.0008394!4d-78.7501796!16s%2Fg%2F11swdbk1bp!19sChIJO-d2Rahz04kRGnB07MjDQDE,Meta Snow Plowing & Landscaping,4.5,11,Snow removal service,"290 Ranch Trail, Buffalo, NY 14221, United States","262X+8W Buffalo, New York, USA",https://metaservicesny.com/,+1 716-466-5651,Open 24 hours,,https://lh3.googleusercontent.com/gps-cs-s/APNQkAF49enYfPcVJCl33fDZ55lRaH-Iv_3E_kHUFI5KrB4BiJ5cRyb1S7aSdU4SSGwbA3FTj4PCScHAdKLUaEyWggjLoqf_OlAIY0ocTwvqzR_bGBar-atZwYbTaZr5DhN7Z1bFoVyEPByyeMt2=w408-h306-k-no,true,Open 24 hours,Open 24 hours,Open 24 hours,Open 24 hours,Open 24 hours,Open 24 hours,Open 24 hours,"https://www.google.com/maps/search/commercial+landscaping+businesses+in+Williamsville+Buffalo+NY/@42.963947,-78.7378091,14z",2026-04-29T19:12:31.079Z,,,
https://www.google.com/maps/place/Landy+Landscaping/data=!4m7!3m6!1s0x9e06841a7946da1:0x5df01378e10efd42!8m2!3d42.9792184!4d-78.886127!16s%2Fg%2F11z1tglyb5!19sChIJoW2Up0Fo4AkRQv0O4XgT8F0,Landy Landscaping,5.0,2,Landscaper,,,https://landylandscaping.com/,+1 716-658-0126,Open 24 hours,,https://lh3.googleusercontent.com/gps-cs-s/APNQkAFewXmvIzUfRvXRdfzKoizQthCkgdIt8bL0EGCNHkLUM0rRmCAnV0Le5_usdwQ0ChPIW4ou9UgXc58AY2iD9_c0ZAuRLC75yriPCL1y9GNWot992Iy3H-c8g8JBxFTYRh0-Z2xs9fU6JEI=w408-h408-k-no,true,Open 24 hours,Open 24 hours,Open 24 hours,Closed,Closed,Open 24 hours,Open 24 hours,"https://www.google.com/maps/search/commercial+landscaping+businesses+in+Williamsville+Buffalo+NY/@42.963947,-78.7378091,14z",2026-04-29T19:12:35.699Z,,,
https://www.google.com/maps/place/Land+%26+Snow+Services+LLC/data=!4m7!3m6!1s0x89d374c3c6ba73d7:0xd1a2841b31b2a8a9!8m2!3d42.9416962!4d-78.7182393!16s%2Fg%2F11bbrjmj3l!19sChIJ13O6xsN004kRqaiyMRuEotE,Land & Snow Services LLC,5.0,1,Snow removal service,"592 Aero Dr, Buffalo, NY 14225, United States","W7RJ+MP Buffalo, New York, USA",,+1 716-626-3274,Open · Closes 6 pm,,https://lh3.googleusercontent.com/gps-cs-s/APNQkAEUOZFj7GecoOPFB0xpKHSJ8C9OIafP929u_wudpecXUSfaOgXvuX56qkN8EFBeiYoQ8fvh_3AgoCWDF7YbJRKQN7uZycR9AcS0Enahvkvi5vxA3O8KM1ZcYol2SQtNb5003yksJw=w408-h267-k-no,true,9 am–6 pm,9 am–6 pm,9 am–6 pm,9 am–5 pm,Closed,9 am–6 pm,9 am–6 pm,"https://www.google.com/maps/search/commercial+landscaping+businesses+in+Williamsville+Buffalo+NY/@42.963947,-78.7378091,14z",2026-04-29T19:12:40.634Z,,,
https://www.google.com/maps/place/FoxTail+Landscaping+Buffalo+NY/data=!4m7!3m6!1s0x89d375a52e36fdbf:0xa00c6e6b30880d9c!8m2!3d42.9968945!4d-78.7398796!16s%2Fg%2F11xtqymhzy!19sChIJv_02LqV104kRnA2IMGtuDKA,FoxTail Landscaping Buffalo NY,5.0,3,Landscaper,"658 Hopkins Rd, Buffalo, NY 14221, United States","X7W6+Q2 Buffalo, New York, USA",https://foxtaillandscaping.com/,+1 716-710-8844,Open · Closes 7 pm,,https://lh3.googleusercontent.com/gps-cs-s/APNQkAEuRRGja5Eh8vrGBhZrONacuMmRV9wUQEShV1eCl5KG6CJryHb79acorvJ9c6K75qeVOpsjtHQHVneFqSLOVrD42f9xBJf1lpZx1mcRHWpFn-TM2BVdm2W47oAHCgCUZT43gCPuQn1TcgVb=w408-h408-k-no,true,7 am–7 pm,7 am–7 pm,7 am–7 pm,7 am–7 pm,7 am–7 pm,7 am–7 pm,7 am–7 pm,"https://www.google.com/maps/search/commercial+landscaping+businesses+in+Williamsville+Buffalo+NY/@42.963947,-78.7378091,14z",2026-04-29T19:12:45.318Z,,,
"https://www.google.com/maps/place/Shine+On:+Pressure+Washing,+Concrete+Sealing,+%26+More!/data=!4m7!3m6!1s0x61ba0e84c8649e4b:0x9955563f9f0b3b46!8m2!3d42.9788179!4d-78.7193699!16s%2Fg%2F11krvr6sq0!19sChIJS55kyIQOumERRjsLnz9WVZk","Shine On: Pressure Washing, Concrete Sealing, & More!",5.0,40,Pressure washing service,"10 Northwood Dr, Williamsville, NY 14221, United States","X7HJ+G7 Williamsville, New York, USA",http://shineonpoc.com/,+1 716-320-7423,,,https://lh3.googleusercontent.com/gps-cs-s/APNQkAGdBNci4_aVwHXQyVHEltjbAR8NE0Bx-qVcPsclKI5ZZGTiutDsMCa3CkSRFdtEBhrqWNy7jvNtMBTw5ZW3jQc_t2mP88t_zYYkhgINnKu8h28Q0S2clN04mMTZoB2xDN1dUd8Nc-L96YFf=w408-h408-k-no,true,,,,,,,,"https://www.google.com/maps/search/commercial+landscaping+businesses+in+Williamsville+Buffalo+NY/@42.963947,-78.7378091,14z",2026-04-29T19:12:47.978Z,,,
https://www.google.com/maps/place/OBrien%E2%80%99s+Site+Services/data=!4m7!3m6!1s0x89d36bc24412ad29:0x58ec2496c5404b57!8m2!3d42.999107!4d-78.868881!16s%2Fg%2F11tswtkjs0!19sChIJKa0SRMJr04kRV0tAxZYk7Fg,OBrien’s Site Services,5.0,2,Landscaper,,,http://obrienssiteservices.com/,+1 716-262-8863,Open 24 hours,,https://lh3.googleusercontent.com/gps-cs-s/APNQkAEjYEMAFJ1reeIlCt7dEIHdmFHLNY6Pk7wq8w9fQHSpXfBtzsC2_ewk6zgXaFNcFZxajafrm62h1qyZhsnQHIwjjATj-9ppIN9rCqXQfk-JNOJHaZvw8addZBL01Ti1MrIKNMryL8lv1OIK=w408-h544-k-no,true,Open 24 hours,Open 24 hours,Open 24 hours,Open 24 hours,Closed,Open 24 hours,Open 24 hours,"https://www.google.com/maps/search/commercial+landscaping+businesses+in+Williamsville+Buffalo+NY/@42.963947,-78.7378091,14z",2026-04-29T19:12:52.547Z,,,
https://www.google.com/maps/place/Stone+Mountain+Lawn+Care+%26+Landscaping+LLC/data=!4m7!3m6!1s0x2b2ee1ff2415a2d5:0xf10cf37d81083184!8m2!3d42.919444!4d-78.728521!16s%2Fg%2F11swz6fd53!19sChIJ1aIVJP_hLisRhDEIgX3zDPE,Stone Mountain Lawn Care & Landscaping LLC,4.8,21,Lawn care service,,,https://www.facebook.com/StoneMountainLawnCare,+1 716-727-8582,Open · Closes 5 pm,,https://lh3.googleusercontent.com/gps-cs-s/APNQkAElVz-dc3f7TrLom2zsetbuYCLHcGDAaV2qa2GPEahdC4PUnbNBehSdGKYyEiH8OrYNu71-6jk5dt5H4YykOGy_ZDZ7jx2Lalach4SuNjWL-Nnxa_9XEH5Ax4oGhAYs97KaB-TY_vbJiFg=w408-h544-k-no,true,9 am–5 pm,9 am–5 pm,9 am–5 pm,9 am–4 pm,Closed,9 am–5 pm,9 am–5 pm,"https://www.google.com/maps/search/commercial+landscaping+businesses+in+Williamsville+Buffalo+NY/@42.963947,-78.7378091,14z",2026-04-29T19:12:57.163Z,,,
"https://www.google.com/maps/place/Bison+Turf+Equipment,+Inc./data=!4m7!3m6!1s0x89d372385cb1173f:0x3e742e1651994abb!8m2!3d42.9746713!4d-78.6974872!16s%2Fg%2F1thd2spc!19sChIJPxexXDhy04kRu0qZURYudD4","Bison Turf Equipment, Inc.",4.7,86,Lawn mower store,"7590 Transit Rd, Williamsville, NY 14221, United States","X8F3+V2 Williamsville, New York, USA",https://www.bisonturf.com/,+1 716-436-2000,Open · Closes 6 pm,,https://lh3.googleusercontent.com/gps-cs-s/APNQkAH4-vv2mE9LsIwCI6kvh6-1-KphsV0sYXbrhUXt8kvPlqMffPLu_I0Q5TbzBS_RopFbV1RoEo0Uf9tOLvmKtjwj3aTGnih9QyDCQ3YwgQ_VgLq5gORAoKxV5RSJEcJPS-2FVTv7IYUMdBJN=w408-h306-k-no,true,8 am–6 pm,8 am–6 pm,8 am–6 pm,9 am–12 pm,Closed,8 am–6 pm,8 am–7 pm,"https://www.google.com/maps/search/commercial+landscaping+businesses+in+Williamsville+Buffalo+NY/@42.963947,-78.7378091,14z",2026-04-29T19:13:02.275Z,· In-store shopping · In-store pick-up · Delivery,,
https://www.google.com/maps/place/Carr+Enterprises+WNY/data=!4m7!3m6!1s0x89d307ceea7444d3:0x4b1b305b779606ef!8m2!3d42.9412254!4d-78.7189343!16s%2Fg%2F11vqhqwkc_!19sChIJ00R06s4H04kR7waWd1swG0s,Carr Enterprises WNY,5.0,1,Lawn care service,"601 Aero Dr, Cheektowaga, NY 14225, United States","W7RJ+FC Cheektowaga, New York, USA",http://www.carrenterprises-wny.com/,+1 716-327-6881,Open · Closes 7 pm,,https://streetviewpixels-pa.googleapis.com/v1/thumbnail?panoid=PTQ_wFal5W108M8oeMhzoQ&cb_client=search.gws-prod.gps&w=408&h=240&yaw=219.34409&pitch=0&thumbfov=100,true,7 am–7 pm,7 am–7 pm,7 am–7 pm,9 am–2 pm,Closed,7 am–7 pm,7 am–7 pm,"https://www.google.com/maps/search/commercial+landscaping+businesses+in+Williamsville+Buffalo+NY/@42.963947,-78.7378091,14z",2026-04-29T19:13:06.963Z,,,
https://www.google.com/maps/place/Siegel+Landscape+%26+Drainage/data=!4m7!3m6!1s0x89d3772620921671:0x3197b90e7a5b1a9a!8m2!3d43.0456861!4d-78.7365784!16s%2Fg%2F1tg692h0!19sChIJcRaSICZ304kRmhpbeg65lzE,Siegel Landscape & Drainage,5.0,40,Landscaper,"3870 Millersport Hwy, Getzville, NY 14068, United States","27W7+79 Getzville, University at Buffalo, NY, USA",http://www.dryyard.com/,+1 716-688-6906,Closes soon · 4 pm · Opens 8 am Thu,,https://lh3.googleusercontent.com/gps-cs-s/APNQkAE31t3F_gwCT7SRt1eG0kBQuKoNo9HXeeDzOcGZJ9wMxEA1P1E6pFjNkrAOdeiiXydveYtPRKoF-3t3YD43NODgEIPvCEQ46eC-fJoNdeTSL4Xhhz3wuKWPOMJ2dVLO2XahAfTH8b5eoE5P=w408-h544-k-no,false,8 am–4 pm,8 am–4 pm,8 am–4 pm,Closed,Closed,8 am–4 pm,8 am–4 pm,"https://www.google.com/maps/search/commercial+landscaping+businesses+in+Williamsville+Buffalo+NY/@42.963947,-78.7378091,14z",2026-04-29T19:13:11.705Z,,,
https://www.google.com/maps/place/Fergusons+Landscaping+and+Plowing/data=!4m7!3m6!1s0xa1e50cfbd5ffe16b:0x68698327f69a095f!8m2!3d43.0164015!4d-78.7046956!16s%2Fg%2F11vsw2_33w!19sChIJa-H_1fsM5aERXwma9ieDaWg,Fergusons Landscaping and Plowing,5.0,13,Landscaper,,,https://www.fergusonslandscaping.com/,+1 716-545-0632,Open · Closes 7 pm,,https://lh3.googleusercontent.com/gps-cs-s/APNQkAE8_OXw_QAeSbbO1ZqlK5yOGh_k1U5pxYmX2hzu0QMKJk5bmVIojOOJFH883bCbkH2-7-2IjANpCv8TDv2U-FezBgLyK3ktroqs08DnQXOHDushSGDhsETV-yJ1eklVjAH_BMfNRLq04SmT=w408-h306-k-no,true,7 am–7 pm,7 am–7 pm,7 am–7 pm,Closed,Closed,7 am–7 pm,7 am–7 pm,"https://www.google.com/maps/search/commercial+landscaping+businesses+in+Williamsville+Buffalo+NY/@42.963947,-78.7378091,14z",2026-04-29T19:13:16.458Z,,,
"https://www.google.com/maps/place/All+Seasons+Outdoor+Care,+LLC/data=!4m7!3m6!1s0x89d39d0a730d48ad:0x12211025cf7cfd1b!8m2!3d43.0307233!4d-78.62653!16s%2Fg%2F11cn15xf30!19sChIJrUgNcwqd04kRG_18zyUQIRI","All Seasons Outdoor Care, LLC",5.0,12,Lawn care service,"9737 County Rd, Clarence Center, NY 14032, United States","29JF+79 Clarence Center, New York, USA",http://www.allseasonsoutdoorcare.com/,+1 716-391-2377,Open · Closes 5 pm,,https://lh3.googleusercontent.com/gps-cs-s/APNQkAGgEkbI2NZnmjJMqs_tmCgAFJBsJ-yqogZcRIDhZUCQh8wpcT1YRWiTaPcXmhm2CeIJGXP3YZW-G37Ydpdyc5WSJdQaaA00s_7nXd9SUldyHG07c5Q9GiH-9ck0rewOe19wVRNT6w=w408-h306-k-no,true,9 am–5 pm,9 am–5 pm,9 am–5 pm,9 am–3 pm,Closed,9 am–5 pm,9 am–5 pm,"https://www.google.com/maps/search/commercial+landscaping+businesses+in+Williamsville+Buffalo+NY/@42.963947,-78.7378091,14z",2026-04-29T19:13:21.226Z,,,
https://www.google.com/maps/place/All+Seasons+Landscaping+%26+Snowplowing/data=!4m7!3m6!1s0x89d30be60838c259:0xe3b1ca1e4f29275b!8m2!3d42.906008!4d-78.7327869!16s%2Fg%2F11grnzv97k!19sChIJWcI4COYL04kRWycpTx7KseM,All Seasons Landscaping & Snowplowing,3.2,13,Lawn care service,"5 Old Indian Rd, Cheektowaga, NY 14227, United States","W748+CV Cheektowaga, New York, USA",http://allseasonswny.com/,+1 716-683-7669,Open · Closes 5 pm,,https://lh3.googleusercontent.com/gps-cs-s/APNQkAFofY02ITnLC4fguUUKr6aNsiRaSO159aU3NUeoR5yof_7FASuhdrfad2UyTJrQOAYeR7sxFUUERbFXiTDLkiqnm7ayLQRf01DF6AT6KcsLzoWZFK3BE8poOKzPq1UnNom1h3X8=w408-h306-k-no,true,7 am–5 pm,7 am–5 pm,7 am–5 pm,Closed,Closed,7 am–5 pm,7 am–5 pm,"https://www.google.com/maps/search/commercial+landscaping+businesses+in+Williamsville+Buffalo+NY/@42.963947,-78.7378091,14z",2026-04-29T19:13:26.277Z,,,
https://www.google.com/maps/place/GreenKnight+Landscaping/data=!4m7!3m6!1s0x89d3759b99fd2c03:0xfc3f4b3ebfad61bf!8m2!3d42.9736877!4d-78.6328258!16s%2Fg%2F11lt4824kn!19sChIJAyz9mZt104kRv2Gtvz5LP_w,GreenKnight Landscaping,4.4,20,Landscaper,"9580 Main St, Clarence, NY 14031, United States","X9F8+FV Clarence, New York, USA",https://greenknightlandscaping.com/?utm_source=google&utm_medium=organic&utm_campaign=GBP,+1 716-228-9819,Open · Closes 6 pm,,https://lh3.googleusercontent.com/gps-cs-s/APNQkAEfVd-kT3VVwFwFda97ag6Yc0Ie1oc4hIEwx0nqmyH5fsTauq_wrZrdbYKxOD9dp0FkBBKOTwG-sy8AEzhwuuDsbTpzqDJmi-9QtKTA1KJhTfq36FoujaAGmR8FSOOkjDcBoItR=w408-h306-k-no,true,8 am–6 pm,8 am–6 pm,8 am–6 pm,8 am–6 pm,8 am–6 pm,8 am–6 pm,8 am–6 pm,"https://www.google.com/maps/search/commercial+landscaping+businesses+in+Williamsville+Buffalo+NY/@42.963947,-78.7378091,14z",2026-04-29T19:13:31.553Z,,,
https://www.google.com/maps/place/English+Gardener+Ltd/data=!4m7!3m6!1s0x89d372d02a15d1d1:0xf07bca38b5ae3bc1!8m2!3d42.9523699!4d-78.7846092!16s%2Fg%2F1tk70h6d!19sChIJ0dEVKtBy04kRwTuutTjKe_A,English Gardener Ltd,3.9,11,Landscaper,"4000 Harlem Rd, Snyder, NY 14226, United States","X628+W5 Snyder, New York, USA",http://www.english-gardener.com/,+1 716-833-8000,,,https://streetviewpixels-pa.googleapis.com/v1/thumbnail?panoid=513cw2aLc9Yg03BqGbwK1w&cb_client=search.gws-prod.gps&w=408&h=240&yaw=327.29703&pitch=0&thumbfov=100,false,,,,,,,,"https://www.google.com/maps/search/commercial+landscaping+businesses+in+Williamsville+Buffalo+NY/@42.963947,-78.7378091,14z",2026-04-29T19:13:34.270Z,,,
https://www.google.com/maps/place/AW+Landscape+%26+Construction/data=!4m7!3m6!1s0x89803eefb5472861:0xbfa9379afe381d50!8m2!3d42.9259015!4d-78.6800728!16s%2Fg%2F11txtbb5d2!19sChIJYShHte8-gIkRUB04_po3qb8,AW Landscape & Construction,5.0,9,Landscaper,"15 Pheasant Run Ln, Lancaster, NY 14086, United States","W8G9+9X Lancaster, New York, USA",https://www.awlandscapeandconstruction.com/,+1 716-260-9700,Open 24 hours,,https://lh3.googleusercontent.com/gps-cs-s/APNQkAEzbf6RlKt-hGBMmU_yHA1a-B8Lpu1MiVC8T0Ksmbz-sQoXaBdB-UlRNYLi2T2rqohRWBl9AeX51PShQp0aSLwTd-6ZNZDgMFgEbz9Ovd3sH5K1rWO5p9bmI1ds4YA3MPoWypqQ=w408-h306-k-no,true,Open 24 hours,Open 24 hours,Open 24 hours,Open 24 hours,Open 24 hours,Open 24 hours,Open 24 hours,"https://www.google.com/maps/search/commercial+landscaping+businesses+in+Williamsville+Buffalo+NY/@42.963947,-78.7378091,14z",2026-04-29T19:13:39.019Z,,,
https://www.google.com/maps/place/Landscaping+Clarence/data=!4m7!3m6!1s0x89d39e968b816b81:0x8d65a83139b82a85!8m2!3d42.9905236!4d-78.614705!16s%2Fg%2F1235c920l!19sChIJgWuBi5ae04kRhSq4OTGoZY0,Landscaping Clarence,4.9,29,Landscaper,,,https://landscapingclarence.com/,+1 716-350-3990,Open · Closes 7 pm,,https://lh3.googleusercontent.com/gps-cs-s/APNQkAGaoib2O_umaiVIYnnfaXtsmEUh0GtXjHAkqZN5RYPi41ABfjDyjE9ykMd4a1viHwzbm6A1ZznLpBp4tEMdwjtI9Ipt39hkZ-qvsi74NG63n0oWQy61Lh8eh2kaBOH2yegoeoW2JFW0ReD-=w408-h306-k-no,true,8 am–7 pm,8 am–7 pm,8 am–7 pm,8 am–7 pm,Closed,8 am–7 pm,8 am–7 pm,"https://www.google.com/maps/search/commercial+landscaping+businesses+in+Williamsville+Buffalo+NY/@42.963947,-78.7378091,14z",2026-04-29T19:13:43.815Z,,,
https://www.google.com/maps/place/Jay%27s+Landscaping/data=!4m7!3m6!1s0x89d3746bf06bd523:0x2b9cdd4c1c31441!8m2!3d42.9064155!4d-78.5204228!16s%2Fg%2F11f3h35zm1!19sChIJI9Vr8Gt004kRQRTDwdTNuQI,Jay's Landscaping,3.8,11,Landscaper,,,,+1 716-715-5296,Open 24 hours,,https://lh3.googleusercontent.com/gps-cs-s/APNQkAHOOaNLAaxz-4kabDOwq1YC48V7tAgtDPiTL5cM6JWgZbJmzYkkMaDMW8h9wDTK-iaovzrmpB8spUB_gEjigWkVHC0441UYMf8Gm4UU6VT59ZQpnM9fLoWvCZVUnQPr7z2pgXJE=w408-h305-k-no,true,Open 24 hours,Open 24 hours,Open 24 hours,Closed,Closed,Open 24 hours,Open 24 hours,"https://www.google.com/maps/search/commercial+landscaping+businesses+in+Williamsville+Buffalo+NY/@42.963947,-78.7378091,14z",2026-04-29T19:13:48.815Z,,,
https://www.google.com/maps/place/Grandview+Landscaping/data=!4m7!3m6!1s0x89d3753a0fde151b:0x98d68feb6b0b4bde!8m2!3d42.9331414!4d-78.6861528!16s%2Fg%2F1w6r982h!19sChIJGxXeDzp104kR3ksLa-uP1pg,Grandview Landscaping,4.7,3,Landscaper,"114 Pleasant View Dr, Lancaster, NY 14086, United States","W8M7+7G Lancaster, New York, USA",,+1 716-684-7165,,,https://streetviewpixels-pa.googleapis.com/v1/thumbnail?panoid=XAg-FlLHo2-2CkBIKry3Jg&cb_client=search.gws-prod.gps&w=408&h=240&yaw=9.272114&pitch=0&thumbfov=100,false,,,,,,,,"https://www.google.com/maps/search/commercial+landscaping+businesses+in+Williamsville+Buffalo+NY/@42.963947,-78.7378091,14z",2026-04-29T19:13:51.362Z,,,
https://www.google.com/maps/place/Dan+D%27s+Landscaping+%26+Lawn+Care/data=!4m7!3m6!1s0x89d375bec2c59319:0x97ad20b876fff73b!8m2!3d42.9770639!4d-78.6838915!16s%2Fg%2F1tcvk294!19sChIJGZPFwr5104kRO_f_drggrZc,Dan D's Landscaping & Lawn Care,4.0,4,Landscaper,"8337 Sheridan Dr, Buffalo, NY 14221, United States","X8G8+RC Buffalo, New York, USA",,+1 716-632-5012,,,https://streetviewpixels-pa.googleapis.com/v1/thumbnail?panoid=DZf5KefoxzCQ7mmkT6aRMg&cb_client=search.gws-prod.gps&w=408&h=240&yaw=180.83252&pitch=0&thumbfov=100,false,,,,,,,,"https://www.google.com/maps/search/commercial+landscaping+businesses+in+Williamsville+Buffalo+NY/@42.963947,-78.7378091,14z",2026-04-29T19:13:54.157Z,,,
https://www.google.com/maps/place/Greenview+Team+Inc./data=!4m7!3m6!1s0x89d3760af71dc82f:0x719df0e1b98f8969!8m2!3d43.001875!4d-78.672952!16s%2Fg%2F1tglj8_x!19sChIJL8gd9wp204kRaYmPueHwnXE,Greenview Team Inc.,4.2,41,Landscaper,"8600 Roll Rd, Clarence Center, NY 14032, United States","282G+PR Clarence Center, New York, USA",https://www.greenviewteam.com/,+1 716-741-8468,Closes soon · 4 pm · Opens 9 am Thu,,https://lh3.googleusercontent.com/gps-cs-s/APNQkAGWSR0L9Id43NRvaMJIFjKTUJWhpqXlsrzvuHlxYYOgEOnHnDqhRsS2E6QNeeGlSTnL-En5VDIo358O109WZkCXXm7fHQm3wZ1--3VsIb_W22tK5kHny9vms4-Xiak72ZbUK1AK=w408-h271-k-no,true,9 am–4 pm,9 am–4 pm,9 am–4 pm,Closed,Closed,9 am–4 pm,9 am–4 pm,"https://www.google.com/maps/search/commercial+landscaping+businesses+in+Williamsville+Buffalo+NY/@42.963947,-78.7378091,14z",2026-04-29T19:13:58.873Z,,,
https://www.google.com/maps/place/AllPro+Landscaping+Service/data=!4m7!3m6!1s0x89d36f557af4e9d3:0x165184c48530850e!8m2!3d42.8980955!4d-78.8015954!16s%2Fg%2F11v6fgtjq4!19sChIJ0-n0elVv04kRDoUwhcSEURY,AllPro Landscaping Service,5.0,2,Landscaper,,,https://allprolandscapingbuffalo.com/,+1 716-477-5296,Open · Closes 8 pm,,https://lh3.googleusercontent.com/gps-cs-s/APNQkAGLTSl86b7XFMuIx59gVVdtkN-WcKRQLqYGeo-cOUC4j6QbVbkEE1ZdEUYR3tveV92s_R2XmFDQCV8mM2fwiGch9FDOTY2x37tt8H2kuy7S97cshii97mbblQBEtgNQCd-7EXKQkINNN1nV=w408-h306-k-no,true,8 am–8 pm,8 am–8 pm,8 am–8 pm,8 am–8 pm,Closed,8 am–8 pm,8 am–8 pm,"https://www.google.com/maps/search/commercial+landscaping+businesses+in+Williamsville+Buffalo+NY/@42.963947,-78.7378091,14z",2026-04-29T19:14:03.426Z,,,
"https://www.google.com/maps/place/W.F.+Tree+Care,+Inc./data=!4m7!3m6!1s0x89d374dc8f20e4c7:0xc87d46857b03d9f!8m2!3d42.9401958!4d-78.7108476!16s%2Fg%2F1tv253mg!19sChIJx-Qgj9x004kRnz2wV2jUhww","W.F. Tree Care, Inc.",5.0,4,Tree service,"1014 Rein Rd, Cheektowaga, NY 14225, United States","W7RQ+3M Cheektowaga, New York, USA",http://www.wftree.com/,+1 716-634-3431,Closes soon · 4 pm · Opens 7:30 am Thu,,https://lh3.googleusercontent.com/gps-cs-s/APNQkAHDpEgN6j0AUpUVQ4uKcvQ4wPLnuFL9ooIfY7RqVnHqs6MrVlxSIbLn26VAobtCbDfOMc_Nr3xM4uEeGKZDk6Hpu3qUbLCfCqPq8JZZummroWA8rS--FCpOF7fDcOB1K0KpuyLLFQ=w408-h306-k-no,true,7:30 am–4 pm,7:30 am–4 pm,7:30 am–4 pm,Closed,Closed,7:30 am–4 pm,7:30 am–4 pm,"https://www.google.com/maps/search/commercial+landscaping+businesses+in+Williamsville+Buffalo+NY/@42.963947,-78.7378091,14z",2026-04-29T19:14:08.537Z,,,
https://www.google.com/maps/place/Branch+Specialists/data=!4m7!3m6!1s0x89d375f13c8d7577:0x5ff7513a592c10e7!8m2!3d42.998685!4d-78.7460559!16s%2Fg%2F11nwbsk7h8!19sChIJd3WNPPF104kR5xAsWTpR918,Branch Specialists,4.9,134,Tree service,"18 Cottonwood Dr, Buffalo, NY 14221, United States","X7X3+FH Buffalo, New York, USA",https://branchspecialists.com/,+1 716-400-0763,Open 24 hours,,https://lh3.googleusercontent.com/gps-cs-s/APNQkAG2MWOrj0Xb2TX_jkXNsk1CnPqn494v8ypZs-VEsC-SNsW9bE2CLsYsZo2qxo2kbHYK3n9WVuck4OvJ7rsbQKk8eRUEON9M-gNk77-XGasIW-2RDmIQtj046AkKiX8VL69bnL5E=w426-h240-k-no,true,Open 24 hours,Open 24 hours,Open 24 hours,Open 24 hours,Open 24 hours,Open 24 hours,Open 24 hours,"https://www.google.com/maps/search/commercial+landscaping+businesses+in+Williamsville+Buffalo+NY/@42.963947,-78.7378091,14z",2026-04-29T19:14:14.020Z,,,
https://www.google.com/maps/place/TJ%27S+LAKE+EFFECT+SNOW+PLOWING+LLC/data=!4m7!3m6!1s0x85072b9f1b7b7b0d:0x81c0417c2abf09b6!8m2!3d42.945447!4d-78.7046956!16s%2Fg%2F11yfyd1_zn!19sChIJDXt7G58rB4URtgm_KnxBwIE,TJ'S LAKE EFFECT SNOW PLOWING LLC,5.0,12,Snow removal service,,,http://tjslakeeffectsnow.com/,+1 716-982-2499,Open · Closes 5 pm,,https://lh3.googleusercontent.com/gps-cs-s/APNQkAEmc987crskurUcUgb_Th7xNzK_3CfaZ1xNy9D7RgTUCtOjAGfgSda8cdLdWgIXCSe37ueeSogTfx6wojQCM7PM2tlaz4nFAl_OIlvlyeIdVPvc_jAjKel0RVdBuEoMVwnVAsgtKG_-XT74=w426-h240-k-no,true,7 am–5 pm,7 am–5 pm,7 am–5 pm,10 am–3 pm,7 am–5 pm,7 am–5 pm,7 am–5 pm,"https://www.google.com/maps/search/commercial+landscaping+businesses+in+Williamsville+Buffalo+NY/@42.963947,-78.7378091,14z",2026-04-29T19:14:18.845Z,,,
https://www.google.com/maps/place/JLS+Property+Maintenance/data=!4m7!3m6!1s0x89d3730f65056069:0xd92c8a9d4ebe65cb!8m2!3d43.0164015!4d-78.7243295!16s%2Fg%2F11g0mgsrpx!19sChIJaWAFZQ9z04kRy2W-Tp2KLNk,JLS Property Maintenance,5.0,1,Landscape designer,,,http://jlspropertymaintenance.net/,+1 716-770-9972,Open · Closes 6 pm,,https://lh3.googleusercontent.com/gps-cs-s/APNQkAEtVD-rtbuxk0Dj_YRW0ujyQKWWom5C5gK7YDDBpl5GE3oxn0s-0T0JF4n8JRgCTW2OG3tbVRjWhP28p0k0d4dDWitmlZtyHj_UaH8-36776RDg0p7F5DR5q7lRrT0op2uvNnTH=w426-h240-k-no,true,9 am–6 pm,9 am–6 pm,9 am–6 pm,9 am–6 pm,Closed,9 am–6 pm,9 am–6 pm,"https://www.google.com/maps/search/commercial+landscaping+businesses+in+Williamsville+Buffalo+NY/@42.963947,-78.7378091,14z",2026-04-29T19:14:23.422Z,,,
https://www.google.com/maps/place/McGregor%27s+Landscaping/data=!4m7!3m6!1s0x606af72f4c5c29af:0x6a4d4b11d9e885b1!8m2!3d43.0287165!4d-78.826224!16s%2Fg%2F11sn2g4k8w!19sChIJrylcTC_3amARsYXo2RFLTWo,McGregor's Landscaping,4.5,8,Landscaper,,,https://mcgregorslandscapi.wixsite.com/website-1,+1 716-345-5030,,,https://lh3.googleusercontent.com/gps-cs-s/APNQkAFx-9zGHvzJK15azfvQj4UZYXXV_O0YUYw9ibb7k9wnht958rdnpZv9QSN8X6D8RZdx3eqDN7Y8FuoB4RwHXj1ykv8O4qR0RDd6X6N7PGiyXmkuPdK6ItFkPxl-xnwwMnnGxIT8=w426-h240-k-no,true,7 am–7 pm,7 am–7 pm,7 am–7 pm,Closed,Closed,7 am–7 pm,7 am–7 pm,"https://www.google.com/maps/search/commercial+landscaping+businesses+in+Williamsville+Buffalo+NY/@42.963947,-78.7378091,14z",2026-04-29T19:14:28.098Z,,,
https://www.google.com/maps/place/Renewal+By+Andersen+of+Western+New+York/data=!4m7!3m6!1s0x89d30b6af6935495:0xc45b329472e8756e!8m2!3d42.9391875!4d-78.7436864!16s%2Fg%2F1hc180zpc!19sChIJlVST9moL04kRbnXocpQyW8Q,Renewal By Andersen of Western New York,4.8,1091,Window installation service,"303 Cayuga Rd, Buffalo, NY 14225, United States","W7Q4+MG Buffalo, New York, USA",http://www.rbawny.com/,+1 716-486-3001,Open · Closes 4:30 pm,,https://lh3.googleusercontent.com/gps-cs-s/APNQkAF1GzKWwb05ToK0-kt973DNh5LwL78mVcnn_A6VStrJgE7iKDQM1oVN0oAEOXzNLOlV-rUWawkFutzlp_BYeDf-VpmoWd3QCz6R0agZnFahyZfBBsyBUaWCcvspKTh7vSXaGm0g=w408-h311-k-no,true,9 am–4:30 pm,9 am–4:30 pm,9 am–4:30 pm,9 am–2 pm,Closed,9 am–4:30 pm,9 am–4:30 pm,"https://www.google.com/maps/search/commercial+landscaping+businesses+in+Williamsville+Buffalo+NY/@42.963947,-78.7378091,14z",2026-04-29T19:14:33.057Z,,,
https://www.google.com/maps/place/D+Plus+Landscaping+%26+Snow+Plowing/data=!4m7!3m6!1s0x463a2c84c7d1d031:0x4b5f110697199504!8m2!3d42.9939755!4d-78.788214!16s%2Fg%2F11vqm3v4d7!19sChIJMdDRx4QsOkYRBJUZlwYRX0s,D Plus Landscaping & Snow Plowing,5.0,35,Landscaper,,,http://www.dpluslandscaping.com/,+1 716-232-0717,Open 24 hours,LGBTQ+ friendly,https://lh3.googleusercontent.com/gps-cs-s/APNQkAE71WB9_Zc0NknknzpO7gwF743PzzPcXqUhPZwDr3zGTVESryH5g-yG6Kx9yawhB2znL63ZOeWQ1jWhzzpZfu9UyQopnZvY7tEAAbzki1PnIZ2cHEMEHqeLb59Emtl62nvGK4jowA=w408-h306-k-no,true,Open 24 hours,Open 24 hours,Open 24 hours,Open 24 hours,Open 24 hours,Open 24 hours,Open 24 hours,"https://www.google.com/maps/search/commercial+landscaping+businesses+in+Williamsville+Buffalo+NY/@42.963947,-78.7378091,14z",2026-04-29T19:14:38.034Z,,,
https://www.google.com/maps/place/Dreamscapes/data=!4m7!3m6!1s0x89d30b69af48ced1:0xc41c447d3571ba3!8m2!3d43.0345724!4d-78.8457095!16s%2Fg%2F11bc70wccz!19sChIJ0c5Ir2kL04kRoxtX00fEQQw,Dreamscapes,3.0,23,Landscape designer,,,http://www.dreamscapeslandscaping.com/,+1 716-683-2408,Open · Closes 5 pm,,https://lh3.googleusercontent.com/gps-cs-s/APNQkAH6cINyzpVR0flT5b5OJT0yvdAt33uVYX8tIHWZ1jr5CDDSIuG5yYyaNprtd-rosnLGeeAf2j4f4EexDS9CzVB2Tc53arSv4JSfyk5LYOa5aszA-f4Iv57nRFKE3uCjEe1OBiDu=w438-h240-k-no,true,8 am–5 pm,8 am–5 pm,8 am–5 pm,Closed,Closed,8 am–5 pm,8 am–5 pm,"https://www.google.com/maps/search/commercial+landscaping+businesses+in+Williamsville+Buffalo+NY/@42.963947,-78.7378091,14z",2026-04-29T19:14:42.730Z,,,
https://www.google.com/maps/place/SN+landscaping+and+snow+plowing/data=!4m7!3m6!1s0x3bf1e12f963bc6d:0x53b44d6b6b8f37a9!8m2!3d42.9712164!4d-78.826224!16s%2Fg%2F11xml2_8q_!19sChIJbbxj-RIevwMRqTePa2tNtFM,SN landscaping and snow plowing,5.0,3,Landscaper,,,,+1 716-303-1571,Open 24 hours,,https://lh3.googleusercontent.com/gps-cs-s/APNQkAH7lTqPnjSEeFWlml2o35DrYcJ2cxTWb5N-btiyS4b15zyIfKctxGMNxuFTYfIilhcGpMiv-hsSR3ghfNkBwyR5XOaMwjgXzyHhBtVk8wjNbCmc9iWo_MSK7eIZXEL4nZrcZBK33fkYHvM=w408-h483-k-no,true,Open 24 hours,Open 24 hours,Open 24 hours,Open 24 hours,Closed,Open 24 hours,Open 24 hours,"https://www.google.com/maps/search/commercial+landscaping+businesses+in+Williamsville+Buffalo+NY/@42.963947,-78.7378091,14z",2026-04-29T19:14:47.454Z,,,
https://www.google.com/maps/place/All+Seasons+Landscaping+%26+Snowplowing+LLC/data=!4m7!3m6!1s0x89d3734e4cf3443b:0xcced99c73060dbf!8m2!3d42.828674!4d-78.8862675!16s%2Fg%2F11c1r33q7j!19sChIJO0TzTE5z04kRvw0Gc5zZzgw,All Seasons Landscaping & Snowplowing LLC,1.9,18,Landscaper,,,,+1 716-512-2609,Open 24 hours,,https://lh3.googleusercontent.com/gps-cs-s/APNQkAHVUVaG79yg5hzMdxxz88zT4sxaTsoHxJoHDs7xBwwJu0VLakYD4XvIz0fPe8LP9qlwAIXkF8YcndZveeyBvcdP2bmU6yxMPBdDplKN7IP3QyDUmd9vsiOkqJdEBg_OHv9k-y1VNQ=w408-h271-k-no,true,Open 24 hours,Open 24 hours,Open 24 hours,Open 24 hours,Open 24 hours,Open 24 hours,Open 24 hours,"https://www.google.com/maps/search/commercial+landscaping+businesses+in+Williamsville+Buffalo+NY/@42.963947,-78.7378091,14z",2026-04-29T19:14:52.046Z,,,
https://www.google.com/maps/place/Moser%27s+Plumbing+%26+Heating+Inc./data=!4m7!3m6!1s0x89d373b09562b49b:0x54cb90bae0a89da6!8m2!3d42.9565275!4d-78.7553929!16s%2Fg%2F11csbqygtn!19sChIJm7RilbBz04kRpp2o4LqQy1Q,Moser's Plumbing & Heating Inc.,4.9,123,Plumber,,,http://www.mosersplumbing.com/,+1 716-260-7481,Open 24 hours,Identifies as veteran-owned,https://lh3.googleusercontent.com/gps-cs-s/APNQkAG-h6tsgclzstWF2ARlfIuU4mMJCHxW0maCrICMcG-tQVSo0vtsAlxoLqd0g5t-m-E4UFmKNxFolOmPjBb68NojEQfkwomjFBjrqj1aWYVWKU64RyO09ImQS_W1WtAZFVPccR2U=w408-h306-k-no,true,Open 24 hours,Open 24 hours,Open 24 hours,Open 24 hours,Open 24 hours,Open 24 hours,Open 24 hours,"https://www.google.com/maps/search/commercial+landscaping+businesses+in+Williamsville+Buffalo+NY/@42.963947,-78.7378091,14z",2026-04-29T19:14:56.766Z,,,
https://www.google.com/maps/place/Ewing+Outdoor+Supply/data=!4m7!3m6!1s0x89d3756de17f4409:0xb38c9877530efbfa!8m2!3d42.9461543!4d-78.6621235!16s%2Fg%2F11tgb_l1x4!19sChIJCUR_4W1104kR-vsOU3eYjLM,Ewing Outdoor Supply,5.0,11,Landscaping supply store,"5550 Genesee St, Lancaster, NY 14086, United States","W8WQ+F5 Lancaster, New York, USA",http://www.ewingoutdoorsupply.com/,+1 716-309-2886,"Open · Closes 4:30 pm

Updated by this business 4 weeks ago",,https://lh3.googleusercontent.com/gps-cs-s/APNQkAFvJ_jcah9xw3yLwkKjPsxag5ZFWfIu52VKwvuzR2Hk3AKQWZSKB3nLjOJmdxyzIJfondvztRxb0dyR4poyzvlw_shpuwRUfAo4_3Lj9ZjdMqOHbMXZ4u9_EI1FVZ4T_sSsww=w426-h240-k-no,true,7 am–4:30 pm,7 am–4:30 pm,7 am–4:30 pm,8 am–12 pm,Closed,7 am–4:30 pm,7 am–4:30 pm,"https://www.google.com/maps/search/commercial+landscaping+businesses+in+Williamsville+Buffalo+NY/@42.963947,-78.7378091,14z",2026-04-29T19:15:01.873Z,· In-store shopping · In-store pick-up · Delivery,,
"https://www.google.com/maps/place/Slaughters+Landscaping+and+Snow+Plowing,+LLC/@42.747683,-75.698961,7z/data=!3m1!4b1!4m6!3m5!1s0x47e1c2807f8b823d:0xcb700af51cd021f3!8m2!3d42.747683!4d-75.698961!16s%2Fg%2F11l6qvmr5d","Slaughters Landscaping and Snow Plowing, LLC",5.0,4,Snow removal service,,,https://slaughterslawnandsnow.com/,+1 716-574-5379,Open 24 hours,,,true,Open 24 hours,Open 24 hours,Open 24 hours,Open 24 hours,Open 24 hours,Open 24 hours,Open 24 hours,"https://www.google.com/maps/search/commercial+landscaping+businesses+in+Williamsville+Buffalo+NY/@42.963947,-78.7378091,14z",2026-04-29T19:15:08.491Z,,,
https://www.google.com/maps/place/Bissell+Stone+Associates+Land+Surveying/data=!4m7!3m6!1s0x89d374871ca68e37:0x87d5ef130f15b31d!8m2!3d42.9643568!4d-78.7399565!16s%2Fg%2F1tgh8k1c!19sChIJN46mHId004kRHbMVDxPv1Yc,Bissell Stone Associates Land Surveying,5.0,2,Land surveyor,"19 N Ellicott St, Williamsville, NY 14221, United States","X776+P2 Williamsville, New York, USA",,+1 716-632-7000,,,https://streetviewpixels-pa.googleapis.com/v1/thumbnail?panoid=e5jR3KXbw-s1ds24wLdEag&cb_client=search.gws-prod.gps&w=408&h=240&yaw=68.35216&pitch=0&thumbfov=100,true,,,,,,,,"https://www.google.com/maps/search/commercial+landscaping+businesses+in+Williamsville+Buffalo+NY/@42.963947,-78.7378091,14z",2026-04-29T19:15:11.306Z,,,
https://www.google.com/maps/place/Tammy+Landscaping+%26+Snow+plowing/data=!4m7!3m6!1s0x2bc84e3cbc60d7b1:0xa7e4166fba76fca9!8m2!3d42.768351!4d-78.8862675!16s%2Fg%2F11l73rzg41!19sChIJsddgvDxOyCsRqfx2um8W5Kc,Tammy Landscaping & Snow plowing,5.0,9,Landscaper,,,,+1 716-334-1204,Open 24 hours,,https://lh3.googleusercontent.com/gps-cs-s/APNQkAHlkGc-TkVEG8a67xhKXU3zUB3Nf3Vwtm3B6c3LB0A6n7Oygc9NaPcHcLUZAJZ7Qb-ck8MDhWozhMRsSzh6aJelDIqLLRTw2qcVInHnWogbaacG8sAXd7qEE2rqtufWsnq3bpkF=w408-h612-k-no,true,Open 24 hours,Open 24 hours,Open 24 hours,Open 24 hours,Open 24 hours,Open 24 hours,Open 24 hours,"https://www.google.com/maps/search/commercial+landscaping+businesses+in+Williamsville+Buffalo+NY/@42.963947,-78.7378091,14z",2026-04-29T19:15:15.897Z,,,
"https://www.google.com/maps/place/FASTSIGNS+of+Cheektowaga,+NY/data=!4m7!3m6!1s0x89d3727b53b21cf3:0x4d92682d8381ef8c!8m2!3d42.9363039!4d-78.7056237!16s%2Fg%2F1td0twgx!19sChIJ8xyyU3ty04kRjO-Bgy1okk0","FASTSIGNS of Cheektowaga, NY",4.9,183,Sign shop,"4913 Genesee St, Cheektowaga, NY 14225, United States","W7PV+GQ Cheektowaga, New York, USA",https://www.fastsigns.com/cheektowaga-ny/,+1 716-869-4256,Open · Closes 5 pm,,https://lh3.googleusercontent.com/gps-cs-s/APNQkAGIMZYiZTg4Lfdt3S02jmwiX2fmqNKS8VywRbctf7Vt9Ufx1jmrQcCnFaMsSDPvKecKjubpjMrHOoytR1duwWpiDISJV2p1UHrsEzqhuMAMwdy1eQKuIskMuv-34a7_dlN9Fpx41g=w408-h544-k-no,true,9 am–5 pm,9 am–5 pm,9 am–5 pm,Closed,Closed,9 am–5 pm,9 am–5 pm,"https://www.google.com/maps/search/commercial+landscaping+businesses+in+Williamsville+Buffalo+NY/@42.963947,-78.7378091,14z",2026-04-29T19:15:20.742Z,· In-store shopping · Kerbside pickup · Delivery,,
https://www.google.com/maps/place/Denali+Outdoor+Services/data=!4m7!3m6!1s0x48c74379187a6307:0xb23b803eb4180ed3!8m2!3d42.768351!4d-78.8862675!16s%2Fg%2F11yg111_p8!19sChIJB2N6GHlDx0gR0w4YtD6AO7I,Denali Outdoor Services,5.0,4,Lawn care service,,,,+1 716-803-3199,Open 24 hours,,https://lh3.googleusercontent.com/gps-cs-s/APNQkAGxLX46ROtBlnbgf9hkURJ9EUKn0YvIE3OuyMbCmubhueHE_YEQcYQYt2Uz_Bfhr6iLbcECgOdC4XFu3aWNCBc3Uc9GQGm2eY7fU7TTKV5E2khvHkAxYre0ECxK2ZZoF4OKwvgsr-1zOjOq=w408-h306-k-no,true,Open 24 hours,Open 24 hours,Open 24 hours,Open 24 hours,Open 24 hours,Open 24 hours,Open 24 hours,"https://www.google.com/maps/search/commercial+landscaping+businesses+in+Williamsville+Buffalo+NY/@42.963947,-78.7378091,14z",2026-04-29T19:15:25.860Z,,,
https://www.google.com/maps/place/Greg%27s+Tree+Service/data=!4m7!3m6!1s0x89d3751603456e0b:0x19c9c9ba7dd759ca!8m2!3d42.942558!4d-78.686053!16s%2Fg%2F1tmbx2rq!19sChIJC25FAxZ104kRylnXfbrJyRk,Greg's Tree Service,4.8,65,Tree service,"36 Main St, Bowmansville, NY 14026, United States","W8V7+2H Bowmansville, Lancaster, NY, USA",http://www.gregstreeservices.com/,+1 716-683-2453,Open 24 hours,,https://lh3.googleusercontent.com/gps-cs-s/APNQkAEo5Jcl7NiAiWaaw-BdoU_Rd-RYZ38k00avsLoVbgyLY1b26p8XD_Q4Zrgx-AChEEfpVfl5VX_f2lgWg87R1UNPhlVGR6XMHzzbEq5l3a6P9s4friyCOwj_kxaeS5t0vi_sGLkZ0g=w408-h272-k-no,true,Open 24 hours,Open 24 hours,Open 24 hours,Open 24 hours,Open 24 hours,Open 24 hours,Open 24 hours,"https://www.google.com/maps/search/commercial+landscaping+businesses+in+Williamsville+Buffalo+NY/@42.963947,-78.7378091,14z",2026-04-29T19:15:30.856Z,,,
https://www.google.com/maps/place/Regan+Landscape/data=!4m7!3m6!1s0x89d36d22f7045783:0x99cde4d856472bf0!8m2!3d43.058827!4d-78.678438!16s%2Fg%2F11bbx0r5_s!19sChIJg1cE9yJt04kR8CtHVtjkzZk,Regan Landscape,4.4,108,Landscaper,"8490 Wolcott Rd, Clarence Center, NY 14032, United States","385C+GJ Clarence Center, New York, USA",http://reganlandscape.com/,+1 716-573-1212,Open · Closes 4:30 pm,,https://lh3.googleusercontent.com/gps-cs-s/APNQkAGHMFvn-OLZ6YDjclzLzos7NFsgXmQzX5z7Mxht2uhgsd5HEJ-9YWANKz1McdLUAiJDdjnyYnVL9ReR9e9_Vd0ITe6AB31TmdRtNo56yxvTStYBUfRfw7WZFuUmBZbrB-uThduV=w408-h544-k-no,true,8 am–4:30 pm,8 am–4:30 pm,8 am–4:30 pm,Closed,Closed,8 am–4:30 pm,8 am–4:30 pm,"https://www.google.com/maps/search/commercial+landscaping+businesses+in+Clarence+Center+Buffalo+NY/@42.8869004,-78.8788896,14z",2026-04-29T19:15:50.993Z,,,
"https://www.google.com/maps/place/Stone+and+Landscape+Creations,+LLC/data=!4m7!3m6!1s0x89d39dfd8c49b117:0xb96cbb6f54170da9!8m2!3d43.036848!4d-78.609826!16s%2Fg%2F11h8dx95j7!19sChIJF7FJjP2d04kRqQ0XVG-7bLk","Stone and Landscape Creations, LLC",4.7,11,Landscaper,"6960 Strickler Rd, Clarence Center, NY 14032, United States","29PR+P3 Clarence Center, New York, USA",https://www.stoneandlandscapecreations.com/,+1 716-462-3498,Open · Closes 5:30 pm,,https://lh3.googleusercontent.com/gps-cs-s/APNQkAGgJwiu7Sf_-sXebLT_OjHC8HM_5TNgaWk41gG9c_ZrFf0BAT__Bb8dsQrlQf6Bg4w50eClTFHstrsHnYwaPRk5SdTrA2MEKcTiuFWMAWspgHd86VzQQX9xUnjFrF3IFafhOWvmKaSjy6aM=w408-h306-k-no,true,8 am–5:30 pm,8 am–5:30 pm,8 am–5:30 pm,Closed,Closed,8 am–5:30 pm,8 am–5:30 pm,"https://www.google.com/maps/search/commercial+landscaping+businesses+in+Clarence+Center+Buffalo+NY/@42.8869004,-78.8788896,14z",2026-04-29T19:15:55.747Z,,,
https://www.google.com/maps/place/Buffalo%27s+Best+Landscaping/data=!4m7!3m6!1s0x6fa36420eb9faa39:0x69eb29d921618b9c!8m2!3d42.9728594!4d-78.6268979!16s%2Fg%2F11y3wjsbnb!19sChIJOaqf6yBko28RnIthIdkp62k,Buffalo's Best Landscaping,5.0,4,Landscaper,"9735 Main Rd Suite 2CB, Clarence, NY 14031, United States","X9FF+46 Clarence, New York, USA",https://buffalosbestlandscaping.com/,+1 716-201-0002,Open · Closes 8 pm,,https://lh3.googleusercontent.com/gps-cs-s/APNQkAESI4_x8JAYUvMCzBPypULZtTdF3N3ICix8lOSC9GyCvMcBNyOvh1-CNzZuJ2bbjaYZWFkOl8lsj2yY18IC78EwRuJRq5oX5DMQlbQ6854URdWYv0TE5WZwPBFVxBLQ_Rcrak8=w408-h306-k-no,true,7 am–8 pm,7 am–8 pm,7 am–8 pm,7 am–8 pm,7 am–8 pm,7 am–8 pm,7 am–8 pm,"https://www.google.com/maps/search/commercial+landscaping+businesses+in+Clarence+Center+Buffalo+NY/@42.8869004,-78.8788896,14z",2026-04-29T19:16:00.527Z,,,
https://www.google.com/maps/place/Groundhog+Landscaping+Inc./data=!4m7!3m6!1s0x89d39dff93ab64f3:0xeda9eb77822969af!8m2!3d43.0329!4d-78.6479239!16s%2Fg%2F11gmf94vqv!19sChIJ82Srk_-d04kRr2kpgnfrqe0,Groundhog Landscaping Inc.,5.0,1,Landscaper,"9210 County Rd, Clarence Center, NY 14032, United States","29M2+5R Clarence Center, New York, USA",http://www.groundhoglandscaping.com/,+1 716-741-8428,Closes soon · 3:30 pm · Opens 8:30 am Thu,,https://streetviewpixels-pa.googleapis.com/v1/thumbnail?panoid=mANZgLnr01D1y0REWAj8jA&cb_client=search.gws-prod.gps&w=408&h=240&yaw=11.114663&pitch=0&thumbfov=100,false,8:30 am–3:30 pm,8:30 am–3:30 pm,8:30 am–3:30 pm,Closed,Closed,8:30 am–3:30 pm,8:30 am–3:30 pm,"https://www.google.com/maps/search/commercial+landscaping+businesses+in+Clarence+Center+Buffalo+NY/@42.8869004,-78.8788896,14z",2026-04-29T19:16:12.251Z,,,
https://www.google.com/maps/place/Lavocat%27s+Family+Greenhouse+and+Nursery/data=!4m7!3m6!1s0x89d382db5c8e6f4b:0x4cabb2bb8a3406ee!8m2!3d43.0323599!4d-78.6798226!16s%2Fg%2F1tc_m3n8!19sChIJS2-OXNuC04kR7gY0iruyq0w,Lavocat's Family Greenhouse and Nursery,4.9,436,Greenhouse,"8441 County Rd, East Amherst, NY 14051, United States","28JC+W3 East Amherst, New York, USA",http://www.lavocatsnursery.com/,+1 716-741-3976,"Open · Closes 7 pm

Updated by this business 3 weeks ago",,https://lh3.googleusercontent.com/gps-cs-s/APNQkAGRGE6f1OTbP5ujzvSgaM-Jqn9FAhhmyyLoUMqhdV6c5pUEK2bHyNet4MSXdu9zTc2OnNZGJ6ewmJYohMEG5AcPQNGXOvSHuGYrlEbMmNYyS3iLkxdv_rl88VgCHbykP4y6PSk6=w408-h541-k-no,true,9 am–7 pm,9 am–7 pm,9 am–7 pm,9 am–7 pm,9 am–5 pm,9 am–7 pm,9 am–7 pm,"https://www.google.com/maps/search/commercial+landscaping+businesses+in+Clarence+Center+Buffalo+NY/@42.8869004,-78.8788896,14z",2026-04-29T19:16:16.990Z,,,
https://www.google.com/maps/place/JA+Krantz+Landscapes/data=!4m7!3m6!1s0x89d3772278ced25d:0x7cf6b1eb0687f6a6!8m2!3d42.9920531!4d-78.7113833!16s%2Fg%2F11h0vwqfwy!19sChIJXdLOeCJ304kRpvaHBuux9nw,JA Krantz Landscapes,4.6,11,Landscape designer,,,https://www.jakrantzlandscapes.com/,+1 716-449-2205,Open · Closes 5 pm,,https://lh3.googleusercontent.com/gps-cs-s/APNQkAErq9Ju25uHEg-0JykMEhHCNWmr4Fmmzg4v5CO1ZRotxZGubve4vwih8E1IDgGeXvZ3iN2hWg0NRVOYf6FJB5Ulgw6hIjOtcj3-7SP_yKB0l9uKssix2GKIgRxXgQRjSa85jRTufg=w408-h341-k-no,true,7 am–5 pm,7 am–5 pm,7 am–5 pm,7 am–5 pm,Closed,7 am–5 pm,7 am–5 pm,"https://www.google.com/maps/search/commercial+landscaping+businesses+in+Clarence+Center+Buffalo+NY/@42.8869004,-78.8788896,14z",2026-04-29T19:16:21.620Z,,,
https://www.google.com/maps/place/Lakeside+Sod+Supply+Co+Inc/data=!4m7!3m6!1s0x89d39d9eccc8fa51:0xde3cb7aba3c4e09e!8m2!3d43.028335!4d-78.6379989!16s%2Fg%2F1tnctww0!19sChIJUfrIzJ6d04kRnuDEo6u3PN4,Lakeside Sod Supply Co Inc,4.8,98,Sod supplier,"6660 Goodrich Rd, Clarence Center, NY 14032, United States","29H6+8R Clarence Center, New York, USA",http://lakesidesod.com/,+1 716-741-2877,Closes soon · 4 pm · Opens 8 am Thu,LGBTQ+ friendly,https://lh3.googleusercontent.com/gps-cs-s/APNQkAF7PRP0Q4KEmb8Dv7cuIbJzzQM1ZeoeCLdl1bSG-aIyPL0hmV1EvFTNp34EDsRIfkHWmQdtteLsUmuMzBjMfnuy0EVfddayxN-Ktk4ITPLrwqeHydnqkjB7J22D4GbCFGm7XPKm=w408-h544-k-no,true,8 am–4 pm,8 am–4 pm,8 am–4 pm,8 am–12 pm,Closed,8 am–4 pm,8 am–4 pm,"https://www.google.com/maps/search/commercial+landscaping+businesses+in+Clarence+Center+Buffalo+NY/@42.8869004,-78.8788896,14z",2026-04-29T19:16:26.506Z,,,
https://www.google.com/maps/place/K.A.P.+Landscaping+and+Snowplowing/data=!4m7!3m6!1s0x89d3735af829b959:0x2628a378316619c7!8m2!3d42.991762!4d-78.6182319!16s%2Fg%2F1thw7qd3!19sChIJWbkp-Fpz04kRxxlmMXijKCY,K.A.P. Landscaping and Snowplowing,4.2,20,Landscaper,"5410 Kraus Rd, Clarence, NY 14031, United States","X9RJ+PP Clarence, New York, USA",https://kaplandscaping.com/,+1 716-510-7788,,,https://lh3.googleusercontent.com/gps-cs-s/APNQkAGJfiT4COA_303XnTVsIbZJX_vJT55Z-pndN-EI8sEcc8U-TSF9ahQLZe0eIkPaQl_UwcciUjNFUN3XoZ-nh4LKUMJHFk1RLkPM26sBSjq6IlvyyFIgA7VXRqVctalc2Laie0U=w408-h306-k-no,true,,,,,,,,"https://www.google.com/maps/search/commercial+landscaping+businesses+in+Clarence+Center+Buffalo+NY/@42.8869004,-78.8788896,14z",2026-04-29T19:16:29.168Z,,,
https://www.google.com/maps/place/Kings+Landscaping/data=!4m7!3m6!1s0xabdf1657fe202cdd:0x9c07604ac0696df1!8m2!3d42.98633!4d-78.7046956!16s%2Fg%2F11q9fvqhqv!19sChIJ3Swg_lcW36sR8W1pwEpgB5w,Kings Landscaping,5.0,1,Landscaper,,,,+1 716-906-6595,Open 24 hours,,https://lh3.googleusercontent.com/gps-cs-s/APNQkAGgc40PocOYZj18a1MlD0kewcwrsM0g8b9GqpUHY7vON_1uz7eKDJF4cyb7Ee-mrayZO5hJnFpHQJl2FgRAsWEqVVIh46gRboFQ7ucLApGB0GkUF3vxOUCciGV5YB2WP_L3x45czg=w408-h306-k-no,true,Open 24 hours,Open 24 hours,Open 24 hours,Open 24 hours,Open 24 hours,Open 24 hours,Open 24 hours,"https://www.google.com/maps/search/commercial+landscaping+businesses+in+Clarence+Center+Buffalo+NY/@42.8869004,-78.8788896,14z",2026-04-29T19:16:34.015Z,,,
https://www.google.com/maps/place/Ken+Seitz+Yard+Services/data=!4m7!3m6!1s0x89d39d827db8d95f:0xd533ad95f38e0a68!8m2!3d43.0347324!4d-78.6484834!16s%2Fg%2F1tscp_j0!19sChIJX9m4fYKd04kRaAqO85WtM9U,Ken Seitz Yard Services,5.0,1,Landscaper,"9201 Martin Rd, Clarence Center, NY 14032, United States","29M2+VJ Clarence Center, New York, USA",,,Open · Closes 6 pm,,https://streetviewpixels-pa.googleapis.com/v1/thumbnail?panoid=zlObW3QBFo-B3A8ySTk_7A&cb_client=search.gws-prod.gps&w=408&h=240&yaw=182.25732&pitch=0&thumbfov=100,true,8 am–6 pm,8 am–6 pm,8 am–6 pm,8 am–4 pm,Closed,8 am–6 pm,8 am–6 pm,"https://www.google.com/maps/search/commercial+landscaping+businesses+in+Clarence+Center+Buffalo+NY/@42.8869004,-78.8788896,14z",2026-04-29T19:16:43.594Z,,,
https://www.google.com/maps/place/Peerless+Landscape+Maintenance/data=!4m7!3m6!1s0x89d39d005ae63103:0xef48249fac1cedad!8m2!3d43.0324191!4d-78.6137283!16s%2Fg%2F11cn775y_k!19sChIJAzHmWgCd04kRre0crJ8kSO8,Peerless Landscape Maintenance,2.6,5,Lawn care service,"10060 County Rd, Clarence Center, NY 14032, United States","29JP+XG Clarence Center, New York, USA",http://www.plmwny.com/,+1 716-818-1873,,,https://lh3.googleusercontent.com/gps-cs-s/APNQkAGLjkz_Fjk73KZpuvpK7f_MPIBUcXHLXNglwUXpzYfuzv5pkzypkla_wi2-K3G_UGXZcJCm-lXzRLJxKtN92VbUi78EsC5PQs1e9nX1PFSBJWozJGAohrhrvOKhM76TmQZ_-SY=w408-h306-k-no,true,,,,,,,,"https://www.google.com/maps/search/commercial+landscaping+businesses+in+Clarence+Center+Buffalo+NY/@42.8869004,-78.8788896,14z",2026-04-29T19:16:46.197Z,,,
https://www.google.com/maps/place/Fiorellas+Landscaping+%7C+Garden+Center+%7C+Snowplowing/data=!4m7!3m6!1s0x89d36dd7d9362295:0x31e0608d74154d2b!8m2!3d43.0179165!4d-78.8740694!16s%2Fg%2F11bv1c7_md!19sChIJlSI22ddt04kRK00VdI1g4DE,Fiorellas Landscaping | Garden Center | Snowplowing,4.5,40,Garden center,"55 Delaware St, Tonawanda, NY 14150, United States","249G+59 Tonawanda, New York, USA",https://fiorellaslandscaping.com/,+1 716-525-1129,,Identifies as women-owned,https://lh3.googleusercontent.com/gps-cs-s/APNQkAGFAMrL9vTvnJC6IozSnJ38p2fcP1yCxxLaeQHhvL1IanmDe5z-xMcfSNlbK-9QMdohq5e5sYor20jtduQiXYLqSPnylhy333i0M49zOxmgDAITpacfpqPMilDXwy8yYtbTnAeHRQ=w408-h544-k-no,true,9 am–5 pm,9 am–5 pm,9 am–5 pm,9 am–5 pm,Closed,9 am–5 pm,9 am–5 pm,"https://www.google.com/maps/search/commercial+landscaping+businesses+in+Deleware+District+Buffalo+NY/@42.8869004,-78.8788896,14z",2026-04-29T19:17:15.303Z,· Kerbside pickup · Delivery,,
https://www.google.com/maps/place/Woodlands+Earth+%26+Stone/data=!4m7!3m6!1s0x89d36dbf87af3dc1:0xc406f11c6d58b566!8m2!3d42.9763931!4d-78.9295638!16s%2Fg%2F11jkxgc18k!19sChIJwT2vh79t04kRZrVYbRzxBsQ,Woodlands Earth & Stone,4.6,41,Landscaping supply store,"3701 River Rd, Tonawanda, NY 14150, United States","X3GC+H5 Tonawanda, New York, USA",https://www.woodlandsearthandstone.com/,+1 716-389-4825,"Open · Closes 4:30 pm

Confirmed by this business 4 weeks ago",,https://lh3.googleusercontent.com/gps-cs-s/APNQkAFaKEnNPz9clUHtfmWEAqwsaSLYI_4DYq1lUIFfU8Hvy3nLll1R5bOG0CZAXka3w6Iv-CLuaFRJaLZ6DtnxAIwyQCNOQPkAN0vepYmY6ebcpgx-ch3haJq4UtwdsLp2eaGeDwSf3mRKY1Gt=w408-h306-k-no,true,7:30 am–4:30 pm,7:30 am–4:30 pm,7:30 am–4:30 pm,Closed,Closed,7:30 am–4:30 pm,7:30 am–4:30 pm,"https://www.google.com/maps/search/commercial+landscaping+businesses+in+Kenmore+Buffalo+NY/@42.9658907,-78.870036,14z",2026-04-29T19:17:42.795Z,· In-store shopping · Kerbside pickup · Delivery,,
"https://www.google.com/maps/place/Willow+Ridge+Landscaping,+Inc./data=!4m7!3m6!1s0x89d3718ac4cce3bf:0xc149ec97065959b4!8m2!3d43.0140797!4d-78.8146707!16s%2Fg%2F1hd_2sf3y!19sChIJv-PMxIpx04kRtFlZBpfsScE","Willow Ridge Landscaping, Inc.",4.2,25,Landscaper,"20 Manor Oak Dr, Buffalo, NY 14228, United States","257P+J4 Buffalo, New York, USA",http://willowridgelandscapinginc.com/,+1 716-799-0835,Open 24 hours,,https://lh3.googleusercontent.com/gps-cs-s/APNQkAFyKnO9jEH5OJ-WgmPhfpYM5u_gFpl46x-3IxLALhnT15KHds5jhjrBGQaJeiuU2bO-EiJFzGkZk4EuXMrqyMdjQCnIsIU4l-3tNBxP9TolXVKded13HLaObfuFeplDeC8WsI_iNA=w408-h544-k-no,true,Open 24 hours,Open 24 hours,Open 24 hours,Open 24 hours,Closed,Open 24 hours,Open 24 hours,"https://www.google.com/maps/search/commercial+landscaping+businesses+in+Kenmore+Buffalo+NY/@42.9658907,-78.870036,14z",2026-04-29T19:17:47.943Z,,,
https://www.google.com/maps/place/Red+Rose+Landscaping+LLC/data=!4m7!3m6!1s0x89d36dc11082fbe5:0xac4fc4b678a572a8!8m2!3d43.0069125!4d-78.9146385!16s%2Fg%2F11c57cqf_1!19sChIJ5fuCEMFt04kRqHKleLbET6w,Red Rose Landscaping LLC,4.3,108,Landscaper,"5445 River Rd, Tonawanda, NY 14150, United States","234P+Q4 Tonawanda, New York, USA",http://www.redroselandscapingofwny.com/,+1 716-699-3400,Closes soon · 4 pm · Opens 7:30 am Thu,,https://lh3.googleusercontent.com/gps-cs-s/APNQkAGcyGLSr4DNsuJV1UZegcBTUzQUDSonMQvo3d-a0DF515XvINFbMUqjfPCVn5-CIolLaD6FEg5YSC5pxCME4jBM9KT8pXyYBeXAYEX9fEtXwm0cz9Qt8krH95MvCQ8ehG-OoMjd=w408-h306-k-no,true,7:30 am–4 pm,7:30 am–4 pm,7:30 am–4 pm,8 am–12 pm,Closed,7:30 am–4 pm,7:30 am–4 pm,"https://www.google.com/maps/search/commercial+landscaping+businesses+in+Kenmore+Buffalo+NY/@42.9658907,-78.870036,14z",2026-04-29T19:17:53.409Z,,,
"https://www.google.com/maps/place/Big+Rock+Landscaping+and+Snowplowing,+Inc/data=!4m7!3m6!1s0x89d373b653723f65:0xe1ac9ff25b6c6f31!8m2!3d43.0034474!4d-78.8338045!16s%2Fg%2F11rccxvxbr!19sChIJZT9yU7Zz04kRMW9sW_KfrOE","Big Rock Landscaping and Snowplowing, Inc",5.0,10,Landscaper,"32 Idlewood Dr, Tonawanda, NY 14150, United States","2538+9F Tonawanda, New York, USA",http://www.bigrocklandscapingandsnow.com/,+1 716-807-5430,Open · Closes 8 pm,LGBTQ+ friendly,https://lh3.googleusercontent.com/gps-cs-s/APNQkAEZiN9_QP582-3E22vpFU73PvFYP3fRJxIaolbD9SmwPWfNl0BvCejomyXkP2xCx72HkEAsjuEBmoIWm2_CEheKPRP-t-0WfzUznHPrzSiDGPxcFqMGgv60bEt9ZCfN3YUwHF0dxzSJE74=w408-h306-k-no,true,7:30 am–8 pm,7:30 am–8 pm,7:30 am–8 pm,8 am–3 pm,Closed,7:30 am–8 pm,7:30 am–8 pm,"https://www.google.com/maps/search/commercial+landscaping+businesses+in+Kenmore+Buffalo+NY/@42.9658907,-78.870036,14z",2026-04-29T19:17:58.673Z,,,
https://www.google.com/maps/place/N+A+Cudeck+Ltd/data=!4m7!3m6!1s0x89d36c42c5efe5a5:0x14bf128881d458a!8m2!3d42.9930368!4d-78.905845!16s%2Fg%2F1td1fd8s!19sChIJpeXvxUJs04kRikUdiCjxSwE,N A Cudeck Ltd,3.5,23,Landscaper,"111 Fire Tower Dr, Tonawanda, NY 14150, United States","X3VV+6M Tonawanda, New York, USA",https://nacudeck.com/,+1 716-807-7000,,,https://streetviewpixels-pa.googleapis.com/v1/thumbnail?panoid=U7dGn1pGU23VzFv_d17pxg&cb_client=search.gws-prod.gps&w=408&h=240&yaw=297.28955&pitch=0&thumbfov=100,false,,,,,,,,"https://www.google.com/maps/search/commercial+landscaping+businesses+in+Kenmore+Buffalo+NY/@42.9658907,-78.870036,14z",2026-04-29T19:18:01.870Z,,,
https://www.google.com/maps/place/Frank%27s+Basement+Systems/data=!4m7!3m6!1s0x89d36ccbffffffff:0x9c3bfd05b2703e52!8m2!3d42.9936192!4d-78.8848956!16s%2Fg%2F1tfgf6ms!19sChIJ_____8ts04kRUj5wsgX9O5w,Frank's Basement Systems,4.9,861,Waterproofing service,"2080 Military Rd, Tonawanda, NY 14150, United States","X4V8+C2 Tonawanda, New York, USA",https://www.franksbasements.com/?utm_source=google&utm_medium=organic&utm_campaign=gmb-website&y_source=1_MTE4MDkwMi03MTUtbG9jYXRpb24ud2Vic2l0ZQ%3D%3D,+1 716-402-4832,"Open · Closes 7 pm

Confirmed by this business 2 weeks ago",,https://lh3.googleusercontent.com/gps-cs-s/APNQkAFn-NWBmClapFJWpVBu8wZ38fMNpOcKcL7JuoP7QieiXiHz5TNHk27WvL6ImUJs-NRx0NFoh7brx2wXXPtBGSNw4WEw1gCUG6YI2bF-liGapl4xXJvYKmdjuBxq9IA0uXVVyfU-=w408-h305-k-no,true,8 am–7 pm,8 am–7 pm,8 am–7 pm,9 am–5 pm,Closed,8 am–5 pm,8 am–7 pm,"https://www.google.com/maps/search/commercial+landscaping+businesses+in+Kenmore+Buffalo+NY/@42.9658907,-78.870036,14z",2026-04-29T19:18:06.984Z,,,
https://www.google.com/maps/place/Tender+Care+Landscaping/data=!4m7!3m6!1s0x89d36dbcfc5d5497:0x56e991526ab7e5d8!8m2!3d42.9902377!4d-78.8640197!16s%2Fg%2F1tjwjqwm!19sChIJl1Rd_Lxt04kR2OW3alKR6VY,Tender Care Landscaping,,,Landscape designer,"238 McConkey Dr, Buffalo, NY 14223, United States","X4RP+39 Buffalo, New York, USA",,+1 716-877-5560,,,https://lh3.googleusercontent.com/gps-cs-s/APNQkAH9hGX0zQWvnJS_2fctqNOoeRr-hffIAECq1sYGQtXYiPgrMJM990IxATUldUImHk-BShrNjqX9qecGOdREu-UO3SKW7dZio5VaLHsrcgarjOq2ReZ10MK2Y92-i_v1TUMt0Kgb=w408-h544-k-no,true,,,,,,,,"https://www.google.com/maps/search/commercial+landscaping+businesses+in+Kenmore+Buffalo+NY/@42.9658907,-78.870036,14z",2026-04-29T19:18:09.754Z,,,
https://www.google.com/maps/place/B%27s+Lawn+%26+Beyond+LLC/data=!4m7!3m6!1s0x89d36d0f415bb80d:0x503e5648c0df5ce9!8m2!3d42.9736617!4d-78.871145!16s%2Fg%2F11vk2l_v2g!19sChIJDbhbQQ9t04kR6VzfwEhWPlA,B's Lawn & Beyond LLC,,,Lawn care service,"3281 Delaware Ave, Tonawanda, NY 14217, United States","X4FH+FG Tonawanda Town, New York, USA",https://blawnandbeyond.com/contact-us,+1 716-431-5486,,,https://streetviewpixels-pa.googleapis.com/v1/thumbnail?panoid=kDp12hx8R9TW3LZc7jrAnw&cb_client=search.gws-prod.gps&w=408&h=240&yaw=105.432304&pitch=0&thumbfov=100,false,,,,,,,,"https://www.google.com/maps/search/commercial+landscaping+businesses+in+Kenmore+Buffalo+NY/@42.9658907,-78.870036,14z",2026-04-29T19:18:12.446Z,,,
https://www.google.com/maps/place/Pfohman+Landscaping+and+Snowplowing+LLC/data=!4m7!3m6!1s0x83579b6833204533:0x5fc355a78d1e4562!8m2!3d42.9905814!4d-78.8417371!16s%2Fg%2F11p16fm0yr!19sChIJM0UgM2ibV4MRYkUejadVw18,Pfohman Landscaping and Snowplowing LLC,,,Landscaper,"357 Floradale Ave, Tonawanda, NY 14150, United States","X5R5+68 Tonawanda, New York, USA",https://www.facebook.com/pfohman/,+1 716-836-0237,Open · Closes 6 pm,,https://lh3.googleusercontent.com/gps-cs-s/APNQkAEtx5oLdhRyDg3LamsWq02G84a2mR1oO6-JGq-BclISNrG8W59FXWVyzTIyCY5zWTaYz4cUJKvtqYV4csiC01X12PSRH_1rQIq2SzU88a7tgURLUB3g3vBOs83L6yTKQe477TDj8w=w425-h240-k-no,true,7:30 am–6 pm,7:30 am–6 pm,7:30 am–6 pm,7:30 am–6 pm,Closed,7:30 am–6 pm,7:30 am–6 pm,"https://www.google.com/maps/search/commercial+landscaping+businesses+in+Kenmore+Buffalo+NY/@42.9658907,-78.870036,14z",2026-04-29T19:18:17.287Z,,,
https://www.google.com/maps/place/Black+Rock+Roofing/data=!4m7!3m6!1s0x89d31335f0f3b65d:0xd121a479e2121fd0!8m2!3d42.9791363!4d-78.9037269!16s%2Fg%2F1tql5rwr!19sChIJXbbz8DUT04kR0B8S4nmkIdE,Black Rock Roofing,4.6,134,Roofing contractor,"797 Sheridan Dr, Tonawanda, NY 14150, United States","X3HW+MG Tonawanda, New York, USA",https://www.blackrockroofingny.com/?utm_source=google&utm_medium=organic&utm_campaign=gbp,+1 716-875-5138,Open 24 hours,Identifies as veteran-owned,https://lh3.googleusercontent.com/gps-cs-s/APNQkAG6UNCfPN69X0PiYid2VrWJqVjKZHkdphnndGLGfm5dD7xdbEK7jPa4WI28lr6iL1SDPQsJNbxBEmbbAXs5bp84e8CUjs-32QgTgbXhwePRGG4g3jP2NTYCJG3QWNAFPAuEp3H50Th2Kbfc=w408-h725-k-no,true,Open 24 hours,Open 24 hours,Open 24 hours,Open 24 hours,Open 24 hours,Open 24 hours,Open 24 hours,"https://www.google.com/maps/search/commercial+landscaping+businesses+in+Kenmore+Buffalo+NY/@42.9658907,-78.870036,14z",2026-04-29T19:18:22.159Z,,,
"https://www.google.com/maps/place/RJB+landscape+service/@43.0164015,-78.8069125,12z/data=!3m1!4b1!4m6!3m5!1s0x89d373ba9bb3064f:0xa2ae87bbb236e94!8m2!3d43.0164015!4d-78.8069125!16s%2Fg%2F11ft4wlvv0",RJB landscape service,5.0,1,Landscaper,,,,+1 716-201-0069,Open 24 hours,,,true,Open 24 hours,Open 24 hours,Open 24 hours,Open 24 hours,Open 24 hours,Open 24 hours,Open 24 hours,"https://www.google.com/maps/search/commercial+landscaping+businesses+in+Kenmore+Buffalo+NY/@42.9658907,-78.870036,14z",2026-04-29T19:18:29.179Z,,,
https://www.google.com/maps/place/brothers+in+lawn/data=!4m7!3m6!1s0x89d3724f2ad6aaab:0xe6c0d3057c0ec798!8m2!3d42.9605127!4d-78.90772!16s%2Fg%2F11g0dtf3ss!19sChIJq6rWKk9y04kRmMcOfAXTwOY,brothers in lawn,2.0,8,Lawn care service,"176 Vulcan St, Buffalo, NY 14207, United States","X36R+6W Buffalo, New York, USA",,+1 716-279-6191,,,https://streetviewpixels-pa.googleapis.com/v1/thumbnail?panoid=iJShBRyPnXiowiwpwfW2ag&cb_client=search.gws-prod.gps&w=408&h=240&yaw=320.56476&pitch=0&thumbfov=100,false,,,,,,,,"https://www.google.com/maps/search/commercial+landscaping+businesses+in+Kenmore+Buffalo+NY/@42.9658907,-78.870036,14z",2026-04-29T19:18:31.904Z,,,
,,,,,,,,,,,,,,,,,,,,"https://www.google.com/maps/search/commercial+landscaping+businesses+in+Black+Rock+Buffalo+NY/@42.9370654,-78.8934762,14z",2026-04-29T19:18:55.727Z,,,No new results found
https://www.google.com/maps/place/Hart+WNY/data=!4m7!3m6!1s0xae73b8316356aa45:0x9a6f90e6176553ba!8m2!3d42.8962391!4d-78.864442!16s%2Fg%2F11v01f9pdf!19sChIJRapWYzG4c64RulNlF-aQb5o,Hart WNY,,,Landscaper,,,,+1 716-222-7898,Open · Closes 5 pm,,https://lh3.googleusercontent.com/gps-cs-s/APNQkAHz_OSH46d1-vOl2ogCJUyedVSQDl1Tec2asgS1-kwPYP1ThsNhL6rC-8vJs3t5jWCq_aOwbsIMDVMMg_KonmZwNopV8SP7jUxnm3Bhp6nZZByI5I6gHHYUbV4hUAf2mAKXU_l_BA=w408-h272-k-no,true,8 am–5 pm,8 am–5 pm,8 am–5 pm,Closed,Closed,8 am–5 pm,8 am–5 pm,"https://www.google.com/maps/search/commercial+landscaping+businesses+in+Central+Park+Buffalo+NY/@42.944165,-78.8425112,14z",2026-04-29T19:19:16.005Z,,,
https://www.google.com/maps/place/McNutt+Landscaping/data=!4m7!3m6!1s0x89d36d3ad8fb05e5:0xffc15f53f1456209!8m2!3d43.0468217!4d-78.7701651!16s%2Fg%2F1vs5xq1s!19sChIJ5QX72Dpt04kRCWJF8VNfwf8,McNutt Landscaping,4.6,16,Landscaper,"1120 Campbell Blvd, Buffalo, NY 14228, United States","26WH+PW Buffalo, New York, USA",http://www.mcnuttlandscaping.com/,+1 716-875-4525,Open · Closes 5 pm,,https://lh3.googleusercontent.com/gps-cs-s/APNQkAEXzlJSWDQrKva2Ot1tg9x0KYXlA_MZyhXTCbXx6dST-s4CXB3Fm3cicN8cyH4JB2OftDlz8BVzP9lduPjYSYuBqrRzRUhmyeCbJcMCOgJMb2s6WB49YQBBfUW9oGgDrDO-yHA=w426-h240-k-no,true,8 am–5 pm,8 am–5 pm,8 am–5 pm,Closed,Closed,8 am–5 pm,8 am–5 pm,"https://www.google.com/maps/search/commercial+landscaping+businesses+in+University+Heights+Buffalo+NY/@42.9539511,-78.8198591,14z",2026-04-29T19:19:39.057Z,,,
https://www.google.com/maps/place/CJ+Cutting+Edge+Lawn+%26+Landscape/data=!4m7!3m6!1s0x89d36deaa27468ab:0x9a6b67ee099cf130!8m2!3d43.0192576!4d-78.8712988!16s%2Fg%2F1tvw5xsm!19sChIJq2h0oupt04kRMPGcCe5na5o,CJ Cutting Edge Lawn & Landscape,5.0,22,Landscaper,"115 Fillmore Ave Suite 8, Tonawanda, NY 14150, United States","249H+PF Tonawanda, New York, USA",https://www.buffalonylawncare.com/,+1 716-833-5296,Open · Closes 7 pm,,https://lh3.googleusercontent.com/gps-cs-s/APNQkAGXfkAyjD1gIYWLNQjZyHgiWXa-w66PHqWu3SQ7v9n7g4XMKCvTPyGvbHks95MD3Ibl9X_ubd155wOL3UlFdIaZQjWliXMcXjkoNGLXR6Uai0ndh7b9pHCgqrQO-kmpGHBtdDhKcS9l3huA=w426-h240-k-no,true,7:30 am–7 pm,7:30 am–7 pm,7:30 am–7 pm,9 am–3 pm,9 am–3 pm,7:30 am–7 pm,7:30 am–7 pm,"https://www.google.com/maps/search/commercial+landscaping+businesses+in+University+Heights+Buffalo+NY/@42.9539511,-78.8198591,14z",2026-04-29T19:19:48.957Z,,,
https://www.google.com/maps/place/RCooper+%26+Company+LLC/data=!4m7!3m6!1s0x4b637d53e5db4a6d:0xadff867413797971!8m2!3d42.9148986!4d-78.8489654!16s%2Fg%2F11x2ln9l1j!19sChIJbUrb5VN9Y0sRcXl5E3SG_60,RCooper & Company LLC,5.0,6,Handyman/Handywoman/Handyperson,,,http://www.rcoopercompany.com/,+1 716-510-9962,Closes soon · 4 pm · Opens 8 am Thu,,https://lh3.googleusercontent.com/gps-cs-s/APNQkAGKqwQSSTI1kc4_G-0z3f8RXPVln06-qzQxvB7LJaWHGx7mNyhEidSEXlCy_crA_46XVwCU842JMhu6fW8YJuwGimXau6LHk17BN9RpOqvJ0RmOQUxw9amxV_oIeWL6feXBk_Avug=w408-h306-k-no,true,8 am–4 pm,8 am–4 pm,8 am–4 pm,Closed,Closed,8 am–4 pm,8 am–4 pm,"https://www.google.com/maps/search/commercial+landscaping+businesses+in+University+Heights+Buffalo+NY/@42.9539511,-78.8198591,14z",2026-04-29T19:20:00.846Z,,,
https://www.google.com/maps/place/Yard+Guys+Landscaping+LLC/data=!4m7!3m6!1s0x28f9a9e2d6993707:0xa857dd63a83e8e39!8m2!3d42.9741191!4d-78.5948515!16s%2Fg%2F11yt89z885!19sChIJBzeZ1uKp-SgROY4-qGPdV6g,Yard Guys Landscaping LLC,5.0,6,Landscaper,,,https://yardguyslandscaping.jobbersites.com/,+1 716-444-0382,Open · Closes 5 pm,,https://lh3.googleusercontent.com/gps-cs-s/APNQkAFTZrWHE8gErgB5xzVUeG65m2RqorjDGmFGjxggqKkcaHtwtuUOzX7nXWFqurP5eX1DhrUPW7ma5WS21d0MZiN1peAVDjikYjn50ceQ2Fjz7BFa8X5MI3CkSINcjICNb8DXpQ3gzaU3zf_y=w408-h539-k-no,true,8 am–5 pm,8 am–5 pm,8 am–5 pm,Closed,Closed,8 am–5 pm,8 am–5 pm,"https://www.google.com/maps/search/commercial+landscaping+businesses+in+Harris+Hill+Buffalo+NY/@42.9686623,-78.6771593,14z",2026-04-29T19:20:22.403Z,,,
"https://www.google.com/maps/place/Hilltop+Lawncare,+LLC/data=!4m7!3m6!1s0x89d30a97b80e406f:0xe71f9b01b0ec9c48!8m2!3d42.9064155!4d-78.5204228!16s%2Fg%2F1hc47wpn5!19sChIJb0AOuJcK04kRSJzssAGbH-c","Hilltop Lawncare, LLC",5.0,8,Lawn care service,,,,,Open 24 hours,,https://lh3.googleusercontent.com/gps-cs-s/APNQkAE6Rp4nz1LjLz0BfvlHlGzJw18sa3uBjfdh9XFDalflvWw79tY-6JONa3K0653otzVlYp8jcerrUG_aUIVqOsM9t-SWoGUctMR8gXdyHvn-lBrbYQ603_ZuqMgKN7nqu6ehYYHgiQ=w424-h240-k-no,true,Open 24 hours,Open 24 hours,Open 24 hours,Open 24 hours,Open 24 hours,Open 24 hours,Open 24 hours,"https://www.google.com/maps/search/commercial+landscaping+businesses+in+Harris+Hill+Buffalo+NY/@42.9686623,-78.6771593,14z",2026-04-29T19:20:27.067Z,,,
https://www.google.com/maps/place/Canella+Landscaping+And+Snowplowing/data=!4m7!3m6!1s0x21e3b16d597b9e3d:0x182523a96f419136!8m2!3d42.768351!4d-78.8862675!16s%2Fg%2F11m6ndr7fm!19sChIJPZ57WW2x4yERNpFBb6kjJRg,Canella Landscaping And Snowplowing,5.0,3,Landscaper,,,https://canellalandscaping.com/,+1 716-909-9083,Open · Closes 5 pm,,https://lh3.googleusercontent.com/gps-cs-s/APNQkAHuhD_Ln1RMk20asiSNL0t8O9idkUk6IjJhvlm6ApqS_z2KBonvHf6x2ZV-kK7dDR8fKm74Y4DSOR26GA-SOJ7G2fcBMEEZnlIBAG1B-d_AiuVcuywc2htvZK59gwzjK01UaU9l=w408-h408-k-no,true,9 am–5 pm,9 am–5 pm,9 am–5 pm,9 am–5 pm,Closed,9 am–5 pm,9 am–5 pm,"https://www.google.com/maps/search/commercial+landscaping+businesses+in+Harris+Hill+Buffalo+NY/@42.9686623,-78.6771593,14z",2026-04-29T19:20:31.711Z,,,
https://www.google.com/maps/place/C%26C+Landscape+LLC/data=!4m7!3m6!1s0x4269de83d85c5f1f:0x10544ae457dce11a!8m2!3d43.0733834!4d-77.1235495!16s%2Fg%2F11xd_r4dck!19sChIJH19c2IPeaUIRGuHcV-RKVBA,C&C Landscape LLC,5.0,4,Landscape designer,,,http://www.cclandscapellc.com/,+1 716-449-3712,Open · Closes 5 pm,,https://lh3.googleusercontent.com/gps-cs-s/APNQkAGF9HBIt2kMySM61K2mKT5q4pU8cjkY8vWp8ws_Vy5r38XKrKedcggod8nc0FWuSX5t56mr24omRcRNcNMEQ1qFlDALeSfrN418bFuvuyKImePQAh06Fpkv7TLi9ReeV_H54PRn54d-QZlf=w408-h306-k-no,true,6 am–5 pm,6 am–5 pm,6 am–5 pm,6 am–5 pm,6 am–5 pm,6 am–5 pm,6 am–5 pm,"https://www.google.com/maps/search/commercial+landscaping+businesses+in+Harris+Hill+Buffalo+NY/@42.9686623,-78.6771593,14z",2026-04-29T19:20:36.420Z,,,
https://www.google.com/maps/place/Rosewood+landscaping/data=!4m7!3m6!1s0x2e7b36223851441:0x157a865a43dd8923!8m2!3d42.85749!4d-78.755431!16s%2Fg%2F11ypnww1fs!19sChIJQRSFI2Kz5wIRI4ndQ1qGehU,Rosewood landscaping,5.0,16,Landscaper,,,,+1 716-431-4765,,,https://lh3.googleusercontent.com/gps-cs-s/APNQkAH9hArUSvWFWxpYWjyvPdw9t15TSz-v1uUoWD06acOzsQVodjAgHK-Sn3gKp4iMv4a_RPIofwx331hLwx3xkPX5ri5lt1_piT6TuJ_Cpi8DxCNGY80_eHcPDr6-VP9eJTExMa-s7uQPjQkb=w408-h306-k-no,true,7 am–9 pm,7 am–9 pm,7 am–9 pm,7 am–9 pm,7 am–5 pm,7 am–9 pm,7 am–9 pm,"https://www.google.com/maps/search/commercial+landscaping+businesses+in+Harris+Hill+Buffalo+NY/@42.9686623,-78.6771593,14z",2026-04-29T19:20:41.582Z,,,
https://www.google.com/maps/place/Greenscapes+of+WNY/data=!4m7!3m6!1s0x3f76b56b41599ef:0x2d7d0d2353d6a6d9!8m2!3d43.071533!4d-78.8151959!16s%2Fg%2F11n9dgmb44!19sChIJ75kVtFZr9wMR2abWUyMNfS0,Greenscapes of WNY,5.0,22,Landscaper,,,https://www.greenscapesofwny.com/,+1 716-392-9420,Open · Closes 5 pm,,https://lh3.googleusercontent.com/gps-cs-s/APNQkAEz2RxUTiFcMCOz3Ga6NJDExVBuS32sIBhOOtAM4G88ULxd7l6fCBJyp609B4DGsmUdT3xtgnQKlQTqT4difp0ArUhsE8Ia3X7V7zSJs-0m7408hl8xxY3i3R5sBRYVJRwSH79s0nebJ10=w408-h306-k-no,true,8 am–5 pm,8 am–5 pm,8 am–5 pm,Closed,Closed,8 am–5 pm,8 am–5 pm,"https://www.google.com/maps/search/commercial+landscaping+businesses+in+Harris+Hill+Buffalo+NY/@42.9686623,-78.6771593,14z",2026-04-29T19:20:47.095Z,,,
https://www.google.com/maps/place/Luke%27s+Landscaping/data=!4m7!3m6!1s0x93c29fa0153c349:0x1caff9bb796ce31!8m2!3d43.0121063!4d-78.6866292!16s%2Fg%2F11lv_942d_!19sChIJScNTAfopPAkRMc6Wt5v_ygE,Luke's Landscaping,5.0,2,Landscaper,,,http://lukeslandscapingwny.com/,+1 716-392-8618,Open · Closes 7 pm,,https://lh3.googleusercontent.com/gps-cs-s/APNQkAHC8kleDjYYQKohR43UeThfzInfhl5jdb8cyJQsx7rCDzG297vDOG4RzMiDPfOElFODSSh_PeOxpZsxmrn9f90IxjX2uhb7NHF1A6KhEeJgD8oClvJ_gk_TfcFfHLZ1HBxRfmMe=w408-h306-k-no,true,7 am–7 pm,7 am–7 pm,7 am–7 pm,7 am–7 pm,Closed,7 am–7 pm,7 am–7 pm,"https://www.google.com/maps/search/commercial+landscaping+businesses+in+Harris+Hill+Buffalo+NY/@42.9686623,-78.6771593,14z",2026-04-29T19:20:52.471Z,,,
https://www.google.com/maps/place/Zen+Zone+Property+Maintenance+LLC/data=!4m7!3m6!1s0xe34e2f1046efdbf:0x826bffafce329b55!8m2!3d42.9681379!4d-78.8689137!16s%2Fg%2F11vcbnzzm0!19sChIJv_1uBPHiNA4RVZsyzq__a4I,Zen Zone Property Maintenance LLC,5.0,1,Landscaper,,,https://zenzonepropertymaintenance.net/,+1 716-476-9899,Open 24 hours,,https://lh3.googleusercontent.com/gps-cs-s/APNQkAFQxuTABrsxDgPf_4ooYZu3dER2S4licpfgt1GFOgwtgGGFt-sL4z4DhFDKiNzTmC76_RfccDFQkbA5mCVyiWTZGXHhPw_QV1IWdeUCU-jkf6U8u_B4qeLDTvUxhCbwvZMBjKGcEg=w532-h240-k-no,true,Open 24 hours,Open 24 hours,Open 24 hours,Open 24 hours,Open 24 hours,Open 24 hours,Open 24 hours,"https://www.google.com/maps/search/commercial+landscaping+businesses+in+Harris+Hill+Buffalo+NY/@42.9686623,-78.6771593,14z",2026-04-29T19:20:57.994Z,,,
https://www.google.com/maps/place/CC%27s+Home+Maintenance/data=!4m7!3m6!1s0x83493ec657d4678d:0x345e16628f6a32c8!8m2!3d43.0345724!4d-78.8855275!16s%2Fg%2F11kjpg6y4s!19sChIJjWfUV8Y-SYMRyDJqj2IWXjQ,CC's Home Maintenance,5.0,14,Lawn care service,,,,+1 716-550-6754,Open · Closes 9 pm,,https://lh3.googleusercontent.com/gps-cs-s/APNQkAHzlimAlqBnELkAAPsIq6HxilD-AgjywIRbqtoD97HwNNZnNm1hgoMWawAluPx1pgJRqm0wDqn2AtWn49SrgnRMYhq1wD3Z3XID4HeCDvX-4ZH_EVXLNuWo1zyK75hrwJfBy7g=w480-h240-k-no,true,8 am–9 pm,8 am–9 pm,8 am–9 pm,9 am–5 pm,Closed,8 am–9 pm,8 am–9 pm,"https://www.google.com/maps/search/commercial+landscaping+businesses+in+Harris+Hill+Buffalo+NY/@42.9686623,-78.6771593,14z",2026-04-29T19:21:03.294Z,,,
https://www.google.com/maps/place/Bielinski+Bros+Landscaping/data=!4m7!3m6!1s0x89d39908a2015611:0x4bc5d5d4f3357683!8m2!3d42.98633!4d-78.7046956!16s%2Fg%2F11nn77d6fp!19sChIJEVYBogiZ04kRg3Y189TVxUs,Bielinski Bros Landscaping,4.6,11,Landscaper,,,https://bielinskibroslandscaping.com/,+1 716-861-8677,Open · Closes 6 pm,,https://lh3.googleusercontent.com/gps-cs-s/APNQkAGLl5VGnqLMRoOTkMd1dNZzcezbibQ6C9H2er7EfCHPQfvqJJHbF4JHdq6_8p7y-6XLJd-p9uUgPUiG4DYa-oasaaqT4_0UXsu0d3TmLLOMM61PMSWD3CRbYTLYKmVBloS_OTf9=w408-h306-k-no,true,8 am–6 pm,8 am–6 pm,8 am–6 pm,8 am–6 pm,8 am–6 pm,8 am–6 pm,8 am–6 pm,"https://www.google.com/maps/search/commercial+landscaping+businesses+in+Harris+Hill+Buffalo+NY/@42.9686623,-78.6771593,14z",2026-04-29T19:21:09.135Z,,,
"https://www.google.com/maps/place/E.P.+Walters+Lawn+Landscape+%26+Snow+Inc./@43.0164015,-78.7046955,12z/data=!3m1!4b1!4m6!3m5!1s0x8de7a92df6cea213:0x6c9cdc2acdfe6dac!8m2!3d43.0164015!4d-78.7046956!16s%2Fg%2F11xv12p8rw",E.P. Walters Lawn Landscape & Snow Inc.,,,Landscaper,,,https://eplawn.com/,+1 716-446-3735,Open · Closes 5 pm,,,true,8 am–5 pm,8 am–5 pm,8 am–5 pm,Closed,Closed,8 am–5 pm,8 am–5 pm,"https://www.google.com/maps/search/commercial+landscaping+businesses+in+Harris+Hill+Buffalo+NY/@42.9686623,-78.6771593,14z",2026-04-29T19:21:16.137Z,,,
https://www.google.com/maps/place/PBC+Services+Inc/data=!4m7!3m6!1s0x89d3774f04105a65:0xabbc9f3a66f9493d!8m2!3d42.9712164!4d-78.7470095!16s%2Fg%2F1pzvk2d2v!19sChIJZVoQBE9304kRPUn5ZjqfvKs,PBC Services Inc,4.5,19,Concrete contractor,,,https://www.pbcservicesinc.com/,+1 716-839-1554,Open · Closes 6 pm,,https://lh3.googleusercontent.com/gps-cs-s/APNQkAE2xMPQAFlkd4Duy_GCDtJznq5PVeSYj0UfP5R4HMBoN3siQ3x4h-HYuYapp4Z5np-RxcWtzNQSlRupGqahf5ID9qlQPL0cvmXl7dh_6_g4kpOlta--fVQqf9lU7tI3ZlMthQwAtQ-ETVRu=w426-h240-k-no,true,7 am–6 pm,7 am–6 pm,7 am–6 pm,10 am–5 pm,10 am–5 pm,7 am–6 pm,7 am–6 pm,"https://www.google.com/maps/search/commercial+landscaping+businesses+in+Harris+Hill+Buffalo+NY/@42.9686623,-78.6771593,14z",2026-04-29T19:21:21.001Z,,,
https://www.google.com/maps/place/AKS+Property+Care/data=!4m7!3m6!1s0x86697cb38666e30f:0x88c3d50616bdf890!8m2!3d42.98633!4d-78.7046956!16s%2Fg%2F11z0xv7bdm!19sChIJD-NmhrN8aYYRkPi9FgbVw4g,AKS Property Care,,,Landscaper,,,,+1 716-534-7230,Open · Closes 7 pm,,https://lh3.googleusercontent.com/gps-cs-s/APNQkAE0r2DGij1ecwD_FoRmMavbNwAH-8s0PmbF1N7Y9-W8wZBF2FyLs2dX_VeIUIhCQBR-6WftMGRgDOxJnUq04qOTXrh85Sy0tisJ6a8yyK3tcEx68u4xpU4Pj4iyALD6x-Dg4OVOT-wF8xtU=w408-h544-k-no,true,7 am–7 pm,7 am–7 pm,7 am–7 pm,7 am–7 pm,7 am–7 pm,7 am–7 pm,7 am–7 pm,"https://www.google.com/maps/search/commercial+landscaping+businesses+in+Harris+Hill+Buffalo+NY/@42.9686623,-78.6771593,14z",2026-04-29T19:21:25.643Z,,,
https://www.google.com/maps/place/Evelt+Brothers+Landscape+LLC/data=!4m7!3m6!1s0x4d2475a74fbcc747:0xe1a5a7202ba93490!8m2!3d43.0164015!4d-78.74171!16s%2Fg%2F11yzp43_d_!19sChIJR8e8T6d1JE0RkDSpKyCnpeE,Evelt Brothers Landscape LLC,5.0,1,Landscaper,,,https://eveltbrothers.com/,+1 716-277-7111,Open · Closes 5 pm,,https://lh3.googleusercontent.com/gps-cs-s/APNQkAH6Uq3Ao1IZg1lHJzCQGDy6mrT5-Pr6g_-5nGk4tRK5t1eT-9M9TiDPQGMdb5h11p_UicBBZa056CIEjvU3OOMg43P2noJQHar502WFAMk7hHYNQztkdHIq6Yvwn-yP_kLggCKeGCla5Vb4=w408-h306-k-no,true,7:30 am–5 pm,7:30 am–5 pm,7:30 am–5 pm,Closed,Closed,7:30 am–5 pm,7:30 am–5 pm,"https://www.google.com/maps/search/commercial+landscaping+businesses+in+Harris+Hill+Buffalo+NY/@42.9686623,-78.6771593,14z",2026-04-29T19:21:30.773Z,,,
https://www.google.com/maps/place/Brothers+Environmental+Solutions/data=!4m7!3m6!1s0xa10bcf0febfb38d1:0x84ed3931800400b4!8m2!3d43.0345724!4d-78.8855275!16s%2Fg%2F11tx6t_449!19sChIJ0Tj76w_PC6ERtAAEgDE57YQ,Brothers Environmental Solutions,4.7,12,Landscaper,,,,+1 716-207-2753,Open 24 hours,,https://lh3.googleusercontent.com/gps-cs-s/APNQkAF50qR5tkVPITNcLsEgukGn3SATrjNeOrWmsTfM9_j98QLbh1V8yDlNiF_Pxyd1IKlxmtFJ0EZOldLkUBLXJwBuZA_b2AQQpmVALJLM5uk8NeuQXs0I3XJxB-Ipqu_lrwqnjA3vJ1U-2YE=w408-h458-k-no,true,Open 24 hours,Open 24 hours,Open 24 hours,Open 24 hours,Closed,Open 24 hours,Open 24 hours,"https://www.google.com/maps/search/commercial+landscaping+businesses+in+Harris+Hill+Buffalo+NY/@42.9686623,-78.6771593,14z",2026-04-29T19:21:35.617Z,,,
https://www.google.com/maps/place/Lattimer+Outdoor+Living+Spaces/data=!4m7!3m6!1s0x20ee3576cd3b4b01:0x2fd1070c83c29c9b!8m2!3d42.8894059!4d-78.7033274!16s%2Fg%2F11thcwjq89!19sChIJAUs7zXY17iARm5zCgwwH0S8,Lattimer Outdoor Living Spaces,5.0,16,Landscaper,,,http://lattimerinc.com/,+1 716-512-3696,Closes soon · 4 pm · Opens 8 am Thu,,https://lh3.googleusercontent.com/gps-cs-s/APNQkAE-OhXDLLQRYZZai2Ufpm-qSuk5gytkPukXdO29YTBSqMU9iuxNE3l-bPY6CF94M1spvoqrsGcp3tdmYHr5Xe2cxPGawv0BRxaiC8dDe7-PxOVwNkK-eBHn6iGHPHzznbUlF2GuIt2Yam_P=w408-h272-k-no,true,8 am–4 pm,8 am–4 pm,8 am–4 pm,Closed,Closed,8 am–4 pm,8 am–4 pm,"https://www.google.com/maps/search/commercial+landscaping+businesses+in+Harris+Hill+Buffalo+NY/@42.9686623,-78.6771593,14z",2026-04-29T19:21:40.442Z,,,
https://www.google.com/maps/place/Lawn+Love+Lawn+Care+of+Buffalo/data=!4m7!3m6!1s0x89d30be86e1568e5:0x66f43f9753f8d4d3!8m2!3d42.8962391!4d-78.864442!16s%2Fg%2F11jgt9n196!19sChIJ5WgVbugL04kR09T4U5c_9GY,Lawn Love Lawn Care of Buffalo,4.4,94,Lawn care service,,,https://lawnlove.com/new-york/buffalo-lawn-care?utm_source=Google&utm_medium=Places&utm_campaign=Buffalo,+1 716-261-2856,Open · Closes 8 pm,,https://lh3.googleusercontent.com/gps-cs-s/APNQkAH8MXnzXMUXjPVxr2eq2I2_cZzxW6BWyRT29-Q8FxOXRjh2TNFZt88All4IQNcRe2JBz9oCNrdm9GAIhuTZYYs3il2dAGRi8CxY7v6OZhwr7dGPxQ8BWa_27Xi4MCzx69OnPpk=w457-h240-k-no,true,6 am–8 pm,6 am–8 pm,6 am–8 pm,6 am–8 pm,6 am–8 pm,6 am–8 pm,6 am–8 pm,"https://www.google.com/maps/search/commercial+landscaping+businesses+in+Harris+Hill+Buffalo+NY/@42.9686623,-78.6771593,14z",2026-04-29T19:21:45.364Z,,,
https://www.google.com/maps/place/Hawks+Landscaping/data=!4m7!3m6!1s0x89d377f35636c995:0x7fd516e44f3df720!8m2!3d43.1720065!4d-77.0728521!16s%2Fg%2F11h1dpdjq9!19sChIJlck2VvN304kRIPc9T-QW1X8,Hawks Landscaping,4.4,7,Landscaper,,,,+1 716-444-1248,Open 24 hours,,https://lh3.googleusercontent.com/gps-cs-s/APNQkAG4-018lPGmQkqib2pOUhir3586qlX1DPx7aQMfvjuAxYw0efDfgfeolSdNyDl3VeTLWh-kE6Xk4WWb9Rd2egKyHytxyyqGlpDWxiuZGSebOsff_nGwLuhVpPjdvsSyIlmxFSco=w408-h305-k-no,true,Open 24 hours,Open 24 hours,Open 24 hours,Open 24 hours,Closed,Open 24 hours,Open 24 hours,"https://www.google.com/maps/search/commercial+landscaping+businesses+in+Harris+Hill+Buffalo+NY/@42.9686623,-78.6771593,14z",2026-04-29T19:21:50.183Z,,,
https://www.google.com/maps/place/G%26S+Lawn+Care+and+Snow+Removal/data=!4m7!3m6!1s0xf64104cfbb12319:0x8e198b6c029ee69d!8m2!3d42.900693!4d-78.7954325!16s%2Fg%2F11nc5yhmz8!19sChIJGSOx-0wQZA8RneaeAmyLGY4,G&S Lawn Care and Snow Removal,5.0,16,Landscaper,,,,+1 716-863-4866,Open · Closes 7:30 pm,,https://lh3.googleusercontent.com/gps-cs-s/APNQkAGETa22nv24wHmLQZhlQUoUpE56-7eiIetxnbc3M4WHwI_CIj2F8Ko0WGoHzuVYVjTGmrotaw7SZ12sSCFdKuEnCHtJbc8iQGggcTiHznY2TEuYpL3rOZJ3qc8_AyvaxVWXdwthmh62bPHY=w517-h240-k-no,true,9 am–7:30 pm,9 am–7:30 pm,9 am–7:30 pm,9 am–7:30 pm,9 am–7:30 pm,9 am–7:30 pm,9 am–7:30 pm,"https://www.google.com/maps/search/commercial+landscaping+businesses+in+Harris+Hill+Buffalo+NY/@42.9686623,-78.6771593,14z",2026-04-29T19:21:55.480Z,,,
https://www.google.com/maps/place/DGB+Concrete/data=!4m7!3m6!1s0xaba72e8d5f47d4a9:0x7d34be68c20e482e!8m2!3d42.899411!4d-78.7077959!16s%2Fg%2F11n9tygg7m!19sChIJqdRHX40up6sRLkgOwmi-NH0,DGB Concrete,5.0,1,Landscape architect,,,http://dgbconcrete.com/,+1 716-480-8642,Open · Closes 6 pm,,https://lh3.googleusercontent.com/gps-cs-s/APNQkAF2U9zLpwOtcFIRLRRkw7efwEYwg8x4CLlqOQXK-2wqClBKPmk73sg629gQGpMR4Jp5TITb0kUp74uLcvZIIcpo_3JLBlnUZd_i_Znh64NvIXz0NmcwtmETUMjXooGA6rNbE17OD-L1vU0S=w408-h725-k-no,true,8 am–6 pm,8 am–6 pm,8 am–6 pm,8 am–6 pm,8 am–6 pm,8 am–6 pm,8 am–6 pm,"https://www.google.com/maps/search/commercial+landscaping+businesses+in+Harris+Hill+Buffalo+NY/@42.9686623,-78.6771593,14z",2026-04-29T19:22:00.116Z,,,
"https://www.google.com/maps/place/Buffalo+Landscaping/@42.9071521,-78.7553929,11z/data=!3m1!4b1!4m6!3m5!1s0x2126ff1201e65bbb:0x1373fd360cb3a9b0!8m2!3d42.907152!4d-78.7553929!16s%2Fg%2F11y_pm148b",Buffalo Landscaping,,,Landscaper,,,https://buffalo-landscaping.com/,+1 716-275-6549,Open · Closes 5 pm,LGBTQ+ friendly,,true,9 am–5 pm,9 am–5 pm,9 am–5 pm,Closed,Closed,9 am–5 pm,9 am–5 pm,"https://www.google.com/maps/search/commercial+landscaping+businesses+in+Harris+Hill+Buffalo+NY/@42.9686623,-78.6771593,14z",2026-04-29T19:22:06.767Z,,,
https://www.google.com/maps/place/Nature%27s+Design+Landscaping/data=!4m7!3m6!1s0x89d3796010b30e89:0x58b4cd5812f3264d!8m2!3d43.0345724!4d-78.8457095!16s%2Fg%2F11crxsvy6n!19sChIJiQ6zEGB504kRTSbzEljNtFg,Nature's Design Landscaping,5.0,15,Landscape designer,,,http://www.naturesdesignwny.com/,+1 716-998-7598,Open · Closes 8 pm,,https://lh3.googleusercontent.com/gps-cs-s/APNQkAFcIgq1Fm6f8cY7-tlOaEtK9mrulcdnZFd4Mw2nHlgVmrJIjofhQDhHpa0wxJ1BvQCoyBA3J7s0P7oJyX4oHomV9kMuWn-zGjA4hXKYexTuzhCh8LvVRoutsd9dYlJ73YCUzOjn=w408-h306-k-no,true,8 am–8 pm,8 am–8 pm,8 am–8 pm,9 am–5 pm,Closed,8 am–8 pm,8 am–8 pm,"https://www.google.com/maps/search/commercial+landscaping+businesses+in+Harris+Hill+Buffalo+NY/@42.9686623,-78.6771593,14z",2026-04-29T19:22:11.758Z,,,
https://www.google.com/maps/place/Lucky+Lawn+Care+Services/data=!4m7!3m6!1s0x81f3780efae42701:0x90da01590f44a789!8m2!3d42.8159525!4d-78.8862675!16s%2Fg%2F11v9kyvd_c!19sChIJASfk-g5484ERiadED1kB2pA,Lucky Lawn Care Services,4.6,31,Lawn care service,,,http://www.luckylawncareservices.com/,+1 716-601-5597,Open 24 hours,,https://lh3.googleusercontent.com/gps-cs-s/APNQkAFN4QArH7ZRjGQOo4CBNvPAQxHfqD8UcX96_BG4ZdVyQSc2d1p0DYSAJYZ9DzFVR58NH2crOMtZ95zEfZi6Tph5ryMwxsncz4CRq7jIcElHxgb73f4o8a3FgdDhhAT5u6C1WmA=w408-h544-k-no,true,Open 24 hours,Open 24 hours,Open 24 hours,Open 24 hours,Open 24 hours,Open 24 hours,Open 24 hours,"https://www.google.com/maps/search/commercial+landscaping+businesses+in+Harris+Hill+Buffalo+NY/@42.9686623,-78.6771593,14z",2026-04-29T19:22:17.111Z,,,
https://www.google.com/maps/place/Dino%27s+Landscaping/data=!4m7!3m6!1s0x89d3732cd701dd5d:0xe8f5bcf43a245d20!8m2!3d42.9565275!4d-78.8152959!16s%2Fg%2F11kkvfsvxr!19sChIJXd0B1yxz04kRIF0kOvS89eg,Dino's Landscaping,5.0,2,Landscaper,,,,,Open · Closes 5 pm,,https://lh3.googleusercontent.com/gps-cs-s/APNQkAHuIovEWH-gVS9elANLNLD6V-eJLrmmZVYJZcYD8vWS7PtteoMoo8vLDyVt66JHFLq9SYw05vC4RuIm3qWJvGD3CisNcnnnsSu49y4W0AOYsNuUEToo3_c4v06QyVqjbe4af5d9=w408-h301-k-no,true,8 am–5 pm,8 am–5 pm,8 am–5 pm,8 am–5 pm,Closed,8 am–5 pm,8 am–5 pm,"https://www.google.com/maps/search/commercial+landscaping+businesses+in+Harris+Hill+Buffalo+NY/@42.9686623,-78.6771593,14z",2026-04-29T19:22:21.935Z,,,
"https://www.google.com/maps/place/R+E+Peters+Landscaping+%26+Drainage/@43.0345724,-78.8457095,9z/data=!3m1!4b1!4m6!3m5!1s0x89d3744e1814ca37:0x237f502ca9989ca1!8m2!3d43.0345724!4d-78.8457095!16s%2Fg%2F1vqmkbwk",R E Peters Landscaping & Drainage,4.4,7,Excavating contractor,,,,+1 716-741-8674,,,,true,,,,,,,,"https://www.google.com/maps/search/commercial+landscaping+businesses+in+Harris+Hill+Buffalo+NY/@42.9686623,-78.6771593,14z",2026-04-29T19:22:33.153Z,,,
"https://www.google.com/maps/place/ON-Point+Construction+%26+Landscaping/@46.423669,-129.9427085,3z/data=!3m1!4b1!4m6!3m5!1s0x89d30bad6e85829f:0x85df94ba20f3a88b!8m2!3d46.423669!4d-129.9427086!16s%2Fg%2F11h6q5_nx7",ON-Point Construction & Landscaping,5.0,1,Construction company,,,,+1 716-777-2727,,,,true,,,,,,,,"https://www.google.com/maps/search/commercial+landscaping+businesses+in+Harris+Hill+Buffalo+NY/@42.9686623,-78.6771593,14z",2026-04-29T19:22:38.221Z,,,
https://www.google.com/maps/place/Custom+Landscape+%26+Patio+Supply+Center/data=!4m7!3m6!1s0x89d38389728ba84d:0xbb327204894ff0e3!8m2!3d42.881002!4d-78.2324464!16s%2Fg%2F1jkybyl0v!19sChIJTaiLcomD04kR4_BPiQRyMrs,Custom Landscape & Patio Supply Center,5.0,4,Landscaping supply store,,,http://www.clpatio.com/,+1 716-628-9790,Open · Closes 5 pm,,https://lh3.googleusercontent.com/gps-cs-s/APNQkAElMza1z-xhcyXOtG66oswbQ1OZz_3LHFJY1pBcZcrtZ4JPK66VzwhztgXaPR0iuExXqyzfw_PI_ucIY5oXLO9p6qLaW9m9ZAYmBRYhvf5aml9j-qZ8c2mZgss54bZa8lEh1pxZRQ=w408-h272-k-no,true,9 am–5 pm,9 am–5 pm,9 am–5 pm,9 am–3 pm,Closed,Closed,9 am–5 pm,"https://www.google.com/maps/search/commercial+landscaping+businesses+in+Harris+Hill+Buffalo+NY/@42.9686623,-78.6771593,14z",2026-04-29T19:22:43.285Z,,,
https://www.google.com/maps/place/Nako+Services/data=!4m7!3m6!1s0xa3d6f8c815916f59:0x7123207706557074!8m2!3d42.9515335!4d-78.826224!16s%2Fg%2F11yhxmjnkw!19sChIJWW-RFcj41qMRdHBVBncgI3E,Nako Services,5.0,76,Tree service,,,https://www.nakoservices.com/,+1 716-235-7161,Open 24 hours,,https://lh3.googleusercontent.com/gps-cs-s/APNQkAFNtWDoTQet7HZJZW87GW3VxD9cicZcAXr5Vx3jObJFv12vhJnrAgvHW6veICP-slc63TAOsUm1bsEcZTAZlVvm4vOiiwJ1GK6_1xe4x2Z1IPVj2N5pNQipaC-Mzb07gHnoO2i2Ul94RJDQ=w408-h272-k-no,true,Open 24 hours,Open 24 hours,Open 24 hours,Open 24 hours,Open 24 hours,Open 24 hours,Open 24 hours,"https://www.google.com/maps/search/commercial+landscaping+businesses+in+Harris+Hill+Buffalo+NY/@42.9686623,-78.6771593,14z",2026-04-29T19:22:49.055Z,,,
https://www.google.com/maps/place/Ground+Effects+Site+Service/data=!4m7!3m6!1s0x89d37bcb33fa06d3:0xc753bc7315d9a967!8m2!3d43.0345724!4d-78.8855275!16s%2Fg%2F11qvcbjxtt!19sChIJ0wb6M8t704kRZ6nZFXO8U8c,Ground Effects Site Service,4.3,6,Excavating contractor,,,https://www.groundeffectswny.com/,+1 716-609-1914,Open · Closes 5 pm,,https://lh3.googleusercontent.com/gps-cs-s/APNQkAEBmx4j18jTst_h7aSwXxnW0v1bCE8gh3tFkDlFoaVaKzQfgKpmkAeY7O_oWH0VL-XNNh379V15OTrEWNDfaDtm9T8L1Xv_Ws4xNttlYQ_VsW4xR-sBlLHWUq2-KKD6b319biRs=w408-h399-k-no,true,8 am–5 pm,8 am–5 pm,8 am–5 pm,8 am–12 pm,Closed,8 am–5 pm,8 am–5 pm,"https://www.google.com/maps/search/commercial+landscaping+businesses+in+Harris+Hill+Buffalo+NY/@42.9686623,-78.6771593,14z",2026-04-29T19:22:54.479Z,,,
https://www.google.com/maps/place/Mike+Sinatra%27s+Landscaping+and+Snowplowing+LLC/data=!4m7!3m6!1s0x89d36e7f0ec44ba1:0x12c91d08ee01667e!8m2!3d43.0516983!4d-78.8470857!16s%2Fg%2F11b7lnh6rf!19sChIJoUvEDn9u04kRfmYB7ggdyRI,Mike Sinatra's Landscaping and Snowplowing LLC,4.0,8,Landscaper,"1212 Erie Ave, North Tonawanda, NY 14120, United States","3523+M5 North Tonawanda, New York, USA",https://www.mikesinatralandscaping.com/,+1 716-946-8906,Open · Closes 7 pm,,https://lh3.googleusercontent.com/gps-cs-s/APNQkAF-cqo-mZ1msU6ngujztudV24QvuYvLD2dbksg76cT5EaevXvsHbp_zAUuAXigQuh7BQ_uBWLCAjIqMd3GOPzsyNPOKQQDrk8NrmXlSwDT3ZPxluji0geVvZ4ArkIltpU1XkkyDZQ=w408-h306-k-no,true,8 am–7 pm,8 am–7 pm,8 am–7 pm,Closed,Closed,8 am–7 pm,8 am–7 pm,"https://www.google.com/maps/search/commercial+landscaping+businesses+in+Harris+Hill+Buffalo+NY/@42.9686623,-78.6771593,14z",2026-04-29T19:22:59.738Z,,,
https://www.google.com/maps/place/BACK+Home+and+Yard+Services/data=!4m7!3m6!1s0x2d2c1db5dbe03d11:0x69fcb4f424aba909!8m2!3d42.8159525!4d-78.8862675!16s%2Fg%2F11vr576bxn!19sChIJET3g27UdLC0RCamrJPS0_Gk,BACK Home and Yard Services,5.0,2,Landscaper,,,https://www.backhomeandyard.com/,+1 716-704-5225,,,https://lh3.googleusercontent.com/gps-cs-s/APNQkAFsqy3GXyJEbcJBekU-An1O42zPCxFfQIKXpbCtwhamfSiRdxVH4cXHq3PUjZCrc-UD9ssgHn3ZKzilawwvpc6JQx_P0uh_glLCXIx_URKKwxNtUccRxGOQ8_qHT2IyFQ-WyY5_8w=w408-h306-k-no,true,,,,,,,,"https://www.google.com/maps/search/commercial+landscaping+businesses+in+Harris+Hill+Buffalo+NY/@42.9686623,-78.6771593,14z",2026-04-29T19:23:02.425Z,,,
https://www.google.com/maps/place/HTR+Home+Services+%26+Tree+Care/data=!4m7!3m6!1s0x83355ad1432c9615:0xbf7afdc015cf46e3!8m2!3d43.0345724!4d-78.8855275!16s%2Fg%2F11w3h9j5mk!19sChIJFZYsQ9FaNYMR40bPFcD9er8,HTR Home Services & Tree Care,5.0,54,Tree service,,,https://www.bbb.org/us/ny/getzville/profile/tree-service/htr-home-services-llc-0041-236026515,+1 716-327-1800,Open 24 hours,,https://lh3.googleusercontent.com/gps-cs-s/APNQkAHBCCCMl905lNRlm8to-Ee0WG6dZJZ102S3Myzb29Zou-3AnfBnbJbaieq2wI1x-DV23ig0FGOqifL3Z4Gtp4d1shv8BpPo7jPuLeulbX0dZw3Pg2l66KHTrabwSTCnw5jQDrbp=w408-h306-k-no,true,Open 24 hours,Open 24 hours,Open 24 hours,Open 24 hours,Open 24 hours,Open 24 hours,Open 24 hours,"https://www.google.com/maps/search/commercial+landscaping+businesses+in+Harris+Hill+Buffalo+NY/@42.9686623,-78.6771593,14z",2026-04-29T19:23:07.907Z,,,
https://www.google.com/maps/place/JT%27s+Property+Maintenance/data=!4m7!3m6!1s0x89d39e9943dc51d9:0x8039d20b7b01e92f!8m2!3d42.9861759!4d-78.6026595!16s%2Fg%2F11fzfbs2t6!19sChIJ2VHcQ5me04kRL-kBewvSOYA,JT's Property Maintenance,5.0,6,Landscaper,,,,+1 716-217-4050,Open · Closes 7 pm,,https://lh3.googleusercontent.com/gps-cs-s/APNQkAGS9tQWxPP8n8JefsVKz0FZ7OT-dXkSzSSMJOQ6nFJ8AOQ5-vLHbyY1E_JXInVHJJrmTEVstj7TBaUU6VzA_fk-5S0xtO9keKc-E2VTaRtC5s9ukIU6-ojDb52TDsTzfP288Dg=w408-h244-k-no,true,8 am–7 pm,8 am–7 pm,8 am–7 pm,10 am–3 pm,10 am–3 pm,8 am–7 pm,8 am–7 pm,"https://www.google.com/maps/search/commercial+landscaping+businesses+in+Harris+Hill+Buffalo+NY/@42.9686623,-78.6771593,14z",2026-04-29T19:23:13.281Z,,,
https://www.google.com/maps/place/Buffa-Lawn+Irrigation/data=!4m7!3m6!1s0x652826081138c3eb:0xc0cace1b87d7d4bc!8m2!3d42.901922!4d-78.4474074!16s%2Fg%2F11sjwr2z3x!19sChIJ68M4EQgmKGURvNTXhxvOysA,Buffa-Lawn Irrigation,5.0,50,Lawn sprinkler system contractor,,,http://buffa-lawn.com/,+1 716-280-7671,Open · Closes 4:30 pm,,https://lh3.googleusercontent.com/gps-cs-s/APNQkAHveBQnE-tl912JIO5cbu8uF_UjxxI43FkE1QDNKVCmnzj2c7Gy02TTaUKVsBVJLV_4RuhNkUvQKhw1qsk0XH4EWJrguguspclLpqT7K9Op9-fYflhjTvTfH9xrN-22oKj5TOU=w408-h307-k-no,true,8 am–4:30 pm,8 am–4:30 pm,8 am–4:30 pm,Closed,Closed,8 am–4:30 pm,8 am–4:30 pm,"https://www.google.com/maps/search/commercial+landscaping+businesses+in+Harris+Hill+Buffalo+NY/@42.9686623,-78.6771593,14z",2026-04-29T19:23:18.934Z,,,
https://www.google.com/maps/place/Pacer+Outdoor+Construction/data=!4m7!3m6!1s0x65528eff1e906c87:0x3da02ab5a62a2587!8m2!3d42.8851321!4d-78.6874926!16s%2Fg%2F11khfd0bf5!19sChIJh2yQHv-OUmURhyUqprUqoD0,Pacer Outdoor Construction,5.0,14,Landscaper,"1139 Penora St, Depew, NY 14043, United States","V8P7+32 Depew, New York, USA",http://pacerlandscaping.com/,+1 716-345-1668,Open 24 hours,,https://lh3.googleusercontent.com/gps-cs-s/APNQkAE555kHvv9duHXgz2hYBYsxQJMC7bsQW8E4RAQKGnMnZwyb_ufOVVm4PBeh3frYsqdmiqvqlq7jyvuhgoWlrYrUMEnaskpXjV-wkFMFvJf2eH-tL9dTy9pleit30RAXwEQdHDLLqhersuyq=w408-h544-k-no,true,Open 24 hours,Open 24 hours,Open 24 hours,Open 24 hours,Open 24 hours,Open 24 hours,Open 24 hours,"https://www.google.com/maps/search/commercial+landscaping+businesses+in+Depew+Buffalo+NY/@42.9039476,-78.6922515,14z",2026-04-29T19:23:33.967Z,,,
https://www.google.com/maps/place/Contrino+Landscaping/data=!4m7!3m6!1s0x89d30b2f0630a589:0xab229b5aa7b8dfe5!8m2!3d42.9064727!4d-78.6904736!16s%2Fg%2F11r2rd8p6m!19sChIJiaUwBi8L04kR5d-4p1qbIqs,Contrino Landscaping,4.2,5,Landscaper,"2 Main St, Depew, NY 14043, United States","W845+HR Depew, New York, USA",https://www.facebook.com/GrassGods716/,+1 716-398-1269,Open · Closes 4:30 pm,,https://lh3.googleusercontent.com/gps-cs-s/APNQkAHQMMncNMjRpeMNr1g_2hs7LJztLeuktXjUKcKjMnLoaQARkcSkEo_X2Csu1U0JbIdQtsNErHcorFGrIUUMDT5I4ASm-zaLVdVt82BuT-BLk5SP0TJeN4b7MOQXD6Q6zuk6ft5o=w408-h408-k-no,true,8 am–4:30 pm,8 am–4:30 pm,8 am–4:30 pm,Closed,Closed,8 am–4:30 pm,8 am–4:30 pm,"https://www.google.com/maps/search/commercial+landscaping+businesses+in+Depew+Buffalo+NY/@42.9039476,-78.6922515,14z",2026-04-29T19:23:38.964Z,,,
https://www.google.com/maps/place/Buffalo+Hardscapes+Landscaping/data=!4m7!3m6!1s0x89d3a1eb6d5eb631:0xba9d34f86a449abb!8m2!3d42.881877!4d-78.6219544!16s%2Fg%2F11r95ns2zf!19sChIJMbZebeuh04kRu5pEavg0nbo,Buffalo Hardscapes Landscaping,4.8,54,Landscaper,"5528 William St, Lancaster, NY 14086, United States","V9JH+Q6 Lancaster, New York, USA",https://www.buffalohardscapes.net/,+1 716-786-8524,Open · Closes 8 pm,,https://lh3.googleusercontent.com/gps-cs-s/APNQkAH03QysBGxszMutiX89HYNCPL-X2ku2c8sYtKaO_XVy04oqPMwc5uW4JP6zYmKMvESvLD4urVlopp1O-5YQvhLK-_xx1lPM2fxRWAmo6P5v1gyXuCenwHLEgzFm5fUPNIaT4lsB=w408-h308-k-no,true,8 am–8 pm,8 am–8 pm,8 am–8 pm,8 am–8 pm,Closed,8 am–8 pm,8 am–8 pm,"https://www.google.com/maps/search/commercial+landscaping+businesses+in+Depew+Buffalo+NY/@42.9039476,-78.6922515,14z",2026-04-29T19:23:44.111Z,,,
https://www.google.com/maps/place/Signature+Land+Designs/data=!4m7!3m6!1s0x89d3a139692d37bd:0x3e222cf4acce3860!8m2!3d42.8949338!4d-78.6505475!16s%2Fg%2F11nmdn567_!19sChIJvTctaTmh04kRYDjOrPQsIj4,Signature Land Designs,5.0,50,Landscaper,"5745 Broadway, Lancaster, NY 14086, United States","V8VX+XQ Lancaster, New York, USA",http://signaturelanddesigns.com/,+1 716-328-5892,Open · Closes 8 pm,,https://lh3.googleusercontent.com/gps-cs-s/APNQkAF6BaL6To6jQjEpU9xD-NN3l5mP2mSNRE7POZIlm8vSyEWvejKnWV4v35r9R9OA0UdVsHSepD0MTHnqEbnZUjvfrxksnJd8Q2n2_6kx-2Q-b3hIRukHdfLFZZYeSVXcxNS6QAha=w408-h415-k-no,true,8 am–8 pm,8 am–8 pm,8 am–8 pm,8 am–8 pm,Closed,8 am–8 pm,8 am–8 pm,"https://www.google.com/maps/search/commercial+landscaping+businesses+in+Depew+Buffalo+NY/@42.9039476,-78.6922515,14z",2026-04-29T19:23:49.684Z,,,
https://www.google.com/maps/place/Hauser%27s+Property+Maintenance+and+More/data=!4m7!3m6!1s0x82abf461689d7cdb:0x6146ad7e827a2a7!8m2!3d42.9040818!4d-78.6901217!16s%2Fg%2F11l6qk90qy!19sChIJ23ydaGH0q4IRp6In6NdqFAY,Hauser's Property Maintenance and More,5.0,3,Landscaper,"165 Warsaw St, Depew, NY 14043, United States","W835+JX Depew, New York, USA",http://hauserscomplete.com/,+1 716-994-2947,Open · Closes 5:30 pm,,https://lh3.googleusercontent.com/gps-cs-s/APNQkAHkQchLTAVWAGhhEaqFIU9HEoOYb_-cTScGURz58yL-L5upFXz6H1-GAaWgu0e_-vvjwvp8LFzYa8Xxy7HVIqw_0sIgQFaK3UNT2KKbBsklDt1MEWfTw6lDnqf3gWlzXqjYZEe1eg=w408-h544-k-no,true,9 am–5:30 pm,9 am–5:30 pm,8 am–6 pm,10 am–2 pm,Closed,Closed,8 am–5:30 pm,"https://www.google.com/maps/search/commercial+landscaping+businesses+in+Depew+Buffalo+NY/@42.9039476,-78.6922515,14z",2026-04-29T19:23:54.529Z,,,
https://www.google.com/maps/place/Lavish+Landscapes/data=!4m7!3m6!1s0x28dd4c977d7776ab:0xbda9070ee25f1d87!8m2!3d42.897522!4d-78.6737048!16s%2Fg%2F11yzndd7p9!19sChIJq3Z3fZdM3SgRhx1f4g4Hqb0,Lavish Landscapes,5.0,8,Landscaper,"12 E Garfield St, Lancaster, NY 14086, United States","V8XG+2G Lancaster, New York, USA",https://www.lavishlandscapesny.com/,+1 716-907-1615,"Open · Closes 7 pm

Updated by this business 6 weeks ago",,https://lh3.googleusercontent.com/gps-cs-s/APNQkAHUFbhMQW7vDFAvrb5ERK0G3snopQd33nBBWMmoMn0BgqeesdKolQMAbAG8qQyLGxgc4gtb2IkDr0f-htYVsO171nUW8YlkKVnfCP1Gn2BJDbs909It5oKNtsR_OnDF0AC15hntORP15A5m=w408-h544-k-no,true,7 am–7 pm,7 am–7 pm,7 am–7 pm,7 am–7 pm,7 am–7 pm,7 am–7 pm,7 am–7 pm,"https://www.google.com/maps/search/commercial+landscaping+businesses+in+Depew+Buffalo+NY/@42.9039476,-78.6922515,14z",2026-04-29T19:23:59.655Z,,,
"https://www.google.com/maps/place/Kb+Landscape+%26+Design,+Inc./data=!4m7!3m6!1s0x89d30a8c478999b1:0x14dac69780715ad1!8m2!3d42.8895989!4d-78.675304!16s%2Fg%2F1tcws3ct!19sChIJsZmJR4wK04kR0VpxgJfG2hQ","Kb Landscape & Design, Inc.",4.3,11,Landscaper,"76 Oxford Ave, Lancaster, NY 14086, United States","V8QF+RV Lancaster, New York, USA",http://www.kblandscapedesign.com/,+1 716-681-4841,Open · Closes 5 pm,,https://lh3.googleusercontent.com/gps-cs-s/APNQkAF330qiA6794NGB5jnLggPZ_xXLoZnn8_WpOCWPMtaXtovaA1UIqzD_2y5vEf0do-vSjoEfN5ui9xCDpQTV_p1Tly7TXaSPk6mFcddNBfc9QDOD1JFsB-iKNa53-JKCCKvoMKTUVKg5UX4=w408-h306-k-no,true,9 am–5 pm,9 am–5 pm,9 am–5 pm,9 am–5 pm,Closed,9 am–5 pm,9 am–5 pm,"https://www.google.com/maps/search/commercial+landscaping+businesses+in+Depew+Buffalo+NY/@42.9039476,-78.6922515,14z",2026-04-29T19:24:04.733Z,,,
https://www.google.com/maps/place/A+to+Z+Landscape+%26+Design/data=!4m7!3m6!1s0x89d30cbac486aaab:0xced2921006f1305a!8m2!3d42.8747536!4d-78.7320399!16s%2Fg%2F11f5dh5wz1!19sChIJq6qGxLoM04kRWjDxBhCS0s4,A to Z Landscape & Design,4.6,10,Landscaper,"11 W Rouen Dr, Cheektowaga, NY 14227, United States","V7F9+W5 Cheektowaga, New York, USA",,+1 716-994-4981,Open · Closes 6 pm,,https://lh3.googleusercontent.com/gps-cs-s/APNQkAH4Ss3bTHYF6B1hEIYIqqpCJrHbKzC8TvsGRAgUOzNKSUDxC8qk756hq5Jcdjpm2kWm4QqsNkmU0LQb8iipXdJwJ6N2SBPS-EP4rFw8e30SHk_N4Xgn51IzjLnNRaeDDvCAY1HmPA=w408-h306-k-no,true,8 am–6 pm,8 am–6 pm,8 am–6 pm,8 am–2 pm,Closed,8 am–6 pm,8 am–6 pm,"https://www.google.com/maps/search/commercial+landscaping+businesses+in+Depew+Buffalo+NY/@42.9039476,-78.6922515,14z",2026-04-29T19:24:10.141Z,,,
https://www.google.com/maps/place/Boss+Landscaping/data=!4m7!3m6!1s0x89d3a150640c920d:0x149842a3ea48f00d!8m2!3d42.881877!4d-78.6219544!16s%2Fg%2F11p9w8_746!19sChIJDZIMZFCh04kRDfBI6qNCmBQ,Boss Landscaping,4.6,33,Landscaper,"5528 William St, Lancaster, NY 14086, United States","V9JH+Q6 Lancaster, New York, USA",https://boss-landscaping.com/,+1 716-458-6555,Open · Closes 8 pm,,https://lh3.googleusercontent.com/gps-cs-s/APNQkAFxNkK0h2iwrYH4kxxpGWRLlWPp5k0ZwUwaN_89VemHvT0Q7XixYcOguYP9D_SxqymxGLGQuhmlpX3VR23kaKVTOWKLg-BvVI9DNeEqX9Vp_3W7zIG5N2GzKoGYwj1J2hmyyeMS=w408-h544-k-no,true,8 am–8 pm,8 am–8 pm,8 am–8 pm,8 am–8 pm,8 am–8 pm,8 am–8 pm,8 am–8 pm,"https://www.google.com/maps/search/commercial+landscaping+businesses+in+Depew+Buffalo+NY/@42.9039476,-78.6922515,14z",2026-04-29T19:24:15.078Z,,,
"https://www.google.com/maps/place/Draves+Landscape+Solutions/@42.9124098,-78.6590658,17z/data=!3m1!4b1!4m6!3m5!1s0x6219eaa7d7b55671:0xb939eb397e48499a!8m2!3d42.9124098!4d-78.6590658!16s%2Fg%2F11rmtxwmjz",Draves Landscape Solutions,5.0,1,Landscaper,"2700B Commerce Pkwy #4, Lancaster, NY 14086, United States","W86R+X9 Lancaster, New York, USA",,+1 716-364-9993,Open · Closes 7 pm,,,false,8 am–7 pm,8 am–7 pm,8 am–7 pm,Closed,Closed,8 am–7 pm,8 am–7 pm,"https://www.google.com/maps/search/commercial+landscaping+businesses+in+Depew+Buffalo+NY/@42.9039476,-78.6922515,14z",2026-04-29T19:24:21.866Z,,,
https://www.google.com/maps/place/Seasonal+Nursery+and+Landscaping/data=!4m7!3m6!1s0x89d309abe29467f5:0xcc26ddc11d90566e!8m2!3d42.838687!4d-78.6756011!16s%2Fg%2F1tf_p8jk!19sChIJ9WeU4qsJ04kRblaQHcHdJsw,Seasonal Nursery and Landscaping,3.6,28,Plant nursery,"1120 Bullis Rd, Elma, NY 14059, United States","R8QF+FQ Elma Center, New York, USA",http://seasonalnursery.com/,+1 716-675-9000,Open · Closes 6 pm,,https://lh3.googleusercontent.com/gps-cs-s/APNQkAGd9tnW59BeGDCqTXqji0thQwY2vSWvbVY5Fq3gYybKov8BXuxi6j1f2yHR13ddVQKgO1k-LovAHnzpyUuQdJY_tq6s3_DvXfSycJo0l41QIQrsTcwedQEDw1Qmp_-qtLvsfvo=w408-h306-k-no,true,8 am–6 pm,8 am–6 pm,8 am–6 pm,8 am–6 pm,9 am–5 pm,8 am–6 pm,8 am–6 pm,"https://www.google.com/maps/search/commercial+landscaping+businesses+in+Elma+Center+Buffalo+NY/@42.8297815,-78.636138,14z",2026-04-29T19:24:55.125Z,,,
https://www.google.com/maps/place/JPR+ENTERPRISE+CORP./data=!4m7!3m6!1s0x89d309d75f4dcc23:0xf9b39b84f3c4b1f2!8m2!3d42.8393729!4d-78.6785435!16s%2Fg%2F11fwbhl3qk!19sChIJI8xNX9cJ04kR8rHE84Sbs_k,JPR ENTERPRISE CORP.,5.0,34,Lawn care service,"1061 Bullis Rd, Elma, NY 14059, United States","R8QC+PH Elma Center, New York, USA",http://jprgrinding.com/,+1 716-534-3197,Open · Closes 5 pm,,https://lh3.googleusercontent.com/gps-cs-s/APNQkAEOJs3dhqxC6G2Bdwp1OSEBZckQoSUHLXanQzovIOhPc4JfjB9agoZ8KI6mVIunV73EHZox2rUz_yx99poNdbxkJ7prHaekgXxi5poDi3ELEnxX6RFL6Oi_5mKIN8UOpE_o3r9DOQ=w408-h564-k-no,true,8 am–5 pm,8 am–5 pm,8 am–5 pm,8 am–12 pm,8 am–12 pm,8 am–5 pm,8 am–5 pm,"https://www.google.com/maps/search/commercial+landscaping+businesses+in+Elma+Center+Buffalo+NY/@42.8297815,-78.636138,14z",2026-04-29T19:24:59.976Z,,,
https://www.google.com/maps/place/Lawn+Doctor+of+Central-South+Erie+County/data=!4m7!3m6!1s0x89d3a1067314fb8d:0x3a12fdf8d33f44a2!8m2!3d42.8269306!4d-78.6361885!16s%2Fg%2F11hz0kpldh!19sChIJjfsUcwah04kRokQ_0_j9Ejo,Lawn Doctor of Central-South Erie County,4.7,43,Lawn care service,,,https://www.lawndoctor.com/central-south-erie-county-ny/?utm_source=googlebusinessprofile&utm_medium=organic&utm_campaign=Qiigo,+1 716-515-5525,Open · Closes 5 pm,,https://lh3.googleusercontent.com/gps-cs-s/APNQkAG7O7E2MWFP-Eu2hBLLNMZsCY-rnS1WtLC6s-4ICq6hMiMGTsqDg13DE9XUMb60AK6goXpadeR5SOQBCMU7mOS7_xHwTzqz3SvN2arM8-_97wsenj9vGzWyDe0YbJNWSQ8OymufTQ=w408-h272-k-no,true,10 am–5 pm,10 am–5 pm,10 am–5 pm,Closed,Closed,10 am–5 pm,10 am–5 pm,"https://www.google.com/maps/search/commercial+landscaping+businesses+in+Elma+Center+Buffalo+NY/@42.8297815,-78.636138,14z",2026-04-29T19:25:04.874Z,,,
https://www.google.com/maps/place/Absolute+Home+Services/data=!4m7!3m6!1s0x89d30b446a8e9edf:0x3c3548192dedc335!8m2!3d42.8396084!4d-78.6439417!16s%2Fg%2F11m8g_csgt!19sChIJ356OakQL04kRNcPtLRlINTw,Absolute Home Services,5.0,24,Landscaper,"2001 Bullis Rd, Elma, NY 14059, United States","R9Q4+RC Elma Center, New York, USA",http://absolutehomeservices.biz/,+1 716-474-7162,Open · Closes 6 pm,,https://lh3.googleusercontent.com/gps-cs-s/APNQkAEXHtEH3x5epjPq74zTHfDLKEJ4RIByFoaESaYPCRhgyJJGHy6oYmq060kO8dfwjanNJK8gAtYL1Y_g2nYP2FrAjIzZsNeJ3PSYCwAI45zPjf9GQTn6_pQjqg6qPv17bwCaB3Z2=w408-h306-k-no,true,8 am–6 pm,8 am–6 pm,8 am–6 pm,Closed,Closed,8 am–6 pm,8 am–6 pm,"https://www.google.com/maps/search/commercial+landscaping+businesses+in+Elma+Center+Buffalo+NY/@42.8297815,-78.636138,14z",2026-04-29T19:25:09.958Z,,,
"https://www.google.com/maps/place/Reboy+Supply,+Inc./data=!4m7!3m6!1s0x89d3a7062e052c95:0x6e354e554dbc1791!8m2!3d42.8034507!4d-78.6220058!16s%2Fg%2F1tjgqkql!19sChIJlSwFLgan04kRkRe8TVVONW4","Reboy Supply, Inc.",4.7,53,Building materials supplier,"1280 Maple St, Elma, NY 14059, United States","R93H+95 Elma Center, New York, USA",http://reboysupply.com/,+1 716-652-4321,"Open · Closes 5 pm

Updated by this business 3 weeks ago",,https://lh3.googleusercontent.com/gps-cs-s/APNQkAEAw-EOaUVystB90lMl0N-VFoW6tYsYTdRFS0i-Rkz9WhSc2zp7cGwjphde-WZiK9s8UpfA0dicJfKe0_o4Y9UjNU0ucN9pAVumxKRVbt30mHQWP5ylIPodeyPj30aCKNEOGsjU=w408-h306-k-no,true,8 am–5 pm,8 am–5 pm,8 am–5 pm,8 am–12 pm,Closed,9 am–5 pm,8 am–5 pm,"https://www.google.com/maps/search/commercial+landscaping+businesses+in+Elma+Center+Buffalo+NY/@42.8297815,-78.636138,14z",2026-04-29T19:25:15.038Z,,,
https://www.google.com/maps/place/R+W+Struck+Inc/data=!4m7!3m6!1s0x89d309d2a8d6e38f:0xe74b342ff798310!8m2!3d42.8059049!4d-78.6683244!16s%2Fg%2F1trpm5ft!19sChIJj-PWqNIJ04kREIN5_0KzdA4,R W Struck Inc,4.5,11,Mulch supplier,"711 Conley Rd, Elma, NY 14059, United States","R84J+9M Elma Center, New York, USA",https://rwstruckinc.com/,+1 716-652-1682,Open · Closes 5 pm,,https://streetviewpixels-pa.googleapis.com/v1/thumbnail?panoid=FiIt1GAr4-JU2fZYeK-UwA&cb_client=search.gws-prod.gps&w=408&h=240&yaw=342.49402&pitch=0&thumbfov=100,true,7 am–5 pm,7 am–5 pm,7 am–5 pm,Closed,Closed,7 am–5 pm,7 am–5 pm,"https://www.google.com/maps/search/commercial+landscaping+businesses+in+Elma+Center+Buffalo+NY/@42.8297815,-78.636138,14z",2026-04-29T19:25:20.269Z,,,
"https://www.google.com/maps/place/LaBella+Associates,+formely+Earth+Dimensions+Inc/data=!4m7!3m6!1s0x89d3a705f06cec43:0x75bf472db3c7017e!8m2!3d42.806231!4d-78.622237!16s%2Fg%2F1tmklz84!19sChIJQ-xs8AWn04kRfgHHsy1Hv3U","LaBella Associates, formely Earth Dimensions Inc",4.0,4,Soil testing service,"1091 Jamison Rd, Elma, NY 14059, United States","R94H+F4 Elma Center, New York, USA",http://earthdimensions.com/,+1 716-655-1717,Open · Closes 5 pm,,https://lh3.googleusercontent.com/gps-cs-s/APNQkAER4HCV0I0wL1WO9xkv6AiU0e45Uz3UPxfIlf_1rNqmb5rlKbCAvmfV_rWp41hXQofkqOU0ngcsW28Kw1YHp9Gylst9spXbpzk21qROz_mqVA8sufbHlWWcDPjpziS6OFHFd274=w408-h281-k-no,true,8 am–5 pm,8 am–5 pm,8 am–5 pm,Closed,Closed,8 am–5 pm,8 am–5 pm,"https://www.google.com/maps/search/commercial+landscaping+businesses+in+Elma+Center+Buffalo+NY/@42.8297815,-78.636138,14z",2026-04-29T19:25:25.254Z,,,
https://www.google.com/maps/place/Premier+Blacktop+and+Landscape/data=!4m7!3m6!1s0x89d3a707a5300001:0x720e7fe42317becc!8m2!3d42.8022971!4d-78.620678!16s%2Fg%2F11kc8mwxz4!19sChIJAQAwpQen04kRzL4XI-R_DnI,Premier Blacktop and Landscape,,,General contractor,"1221 Maple St Suite C, Elma, NY 14059, United States","R92H+WP Elma Center, New York, USA",http://www.premierblacktopandlandscape.com/Contact%20Us.html,+1 716-799-7527,Open · Closes 8 pm,,https://streetviewpixels-pa.googleapis.com/v1/thumbnail?panoid=uwgYtEN1Z7fQLNbi-lqzHg&cb_client=search.gws-prod.gps&w=408&h=240&yaw=89.22885&pitch=0&thumbfov=100,true,7 am–8 pm,7 am–8 pm,7 am–8 pm,7 am–8 pm,7 am–8 pm,7 am–8 pm,7 am–8 pm,"https://www.google.com/maps/search/commercial+landscaping+businesses+in+Elma+Center+Buffalo+NY/@42.8297815,-78.636138,14z",2026-04-29T19:25:29.954Z,,,
"https://www.google.com/maps/place/Kimble+Curb+Appeal,+LLC/data=!4m7!3m6!1s0x89d3702b572b94cb:0x925a26ea211dcd63!8m2!3d42.9064155!4d-78.7985702!16s%2Fg%2F11c319841w!19sChIJy5QrVytw04kRY80dIeomWpI","Kimble Curb Appeal, LLC",5.0,2,Lawn care service,,,http://www.kimblecurbappeal.com/,,,,https://lh3.googleusercontent.com/gps-cs-s/APNQkAGjibq07L0833mhaloFZjs8aJOkxk3gTwmL7bWXXlcWcug1H7HhOV-P-47DhNBGhiN_s99iHBKBe4yK2cpeJcUudmzlvnLeaaYFdhQqrMwly8PzP1fUy12XD932RXJK4u-inqO7=w425-h240-k-no,true,,,,,,,,"https://www.google.com/maps/search/commercial+landscaping+businesses+in+Elma+Center+Buffalo+NY/@42.8297815,-78.636138,14z",2026-04-29T19:25:32.637Z,,,
https://www.google.com/maps/place/Young+Development/data=!4m7!3m6!1s0x89d30ed221f14741:0xd2dca965b608855f!8m2!3d42.8386871!4d-78.6756015!16s%2Fg%2F11xj2rn8p!19sChIJQUfxIdIO04kRX4UItmWp3NI,Young Development,3.1,39,Property management company,"1120 Bullis Rd, Elma, NY 14059, United States","R8QF+FQ Elma Center, New York, USA",http://www.youngdevelopmentinc.com/,+1 716-675-8000,Open · Closes 5 pm,,https://streetviewpixels-pa.googleapis.com/v1/thumbnail?panoid=i37MOlF9jGe-i6idGcCGrA&cb_client=search.gws-prod.gps&w=408&h=240&yaw=193.17084&pitch=0&thumbfov=100,true,8 am–5 pm,8 am–5 pm,8 am–5 pm,Closed,Closed,8 am–5 pm,8 am–5 pm,"https://www.google.com/maps/search/commercial+landscaping+businesses+in+Elma+Center+Buffalo+NY/@42.8297815,-78.636138,14z",2026-04-29T19:25:37.668Z,,,
https://www.google.com/maps/place/McGrath+Carpentry+inc/data=!4m7!3m6!1s0x89d375cd4386aa63:0xbf31e40c6b55aaed!8m2!3d42.815734!4d-78.6697159!16s%2Fg%2F11fhzf35j1!19sChIJY6qGQ81104kR7apVawzkMb8,McGrath Carpentry inc,4.9,58,Deck builder,"6531 Seneca St, Elma, NY 14059, United States","R88J+74 Spring Brook, New York, USA",http://www.homeadvisor.com/rated.Mcgrathcarpentry.40501218.html,+1 716-341-9642,Open · Closes 6 pm,,https://lh3.googleusercontent.com/gps-cs-s/APNQkAHECtF2IX3nmRn9EN7OvLQ_tQMFNkOYv0T1fO8ArSliONpYjS8NQDqQj3xqXuvfENNDpioDcyLIV2rgYfjzgfb-qNfjnMljCoPtO3pqqg4OJ8ZJE2GkQ2AoxF54EuRe1sUI_aPw=w408-h544-k-no,true,8 am–6 pm,8 am–6 pm,8 am–6 pm,8 am–4 pm,Closed,8 am–6 pm,8 am–6 pm,"https://www.google.com/maps/search/commercial+landscaping+businesses+in+Elma+Center+Buffalo+NY/@42.8297815,-78.636138,14z",2026-04-29T19:25:42.612Z,,,
https://www.google.com/maps/place/SUNNYSIDE+HOME+SERVICES/data=!4m7!3m6!1s0xa22653312f061001:0x6aecdbd4566a672e!8m2!3d41.497524!4d-77.5064365!16s%2Fg%2F11x2bxmhd4!19sChIJARAGLzFTJqIRLmdqVtTb7Go,SUNNYSIDE HOME SERVICES,5.0,23,Landscaper,,,,+1 716-984-5190,Open 24 hours,,https://lh3.googleusercontent.com/gps-cs-s/APNQkAF2NX56yQaNL0Rk01rQlQ7K0uQ7FCykJxYKMa8w0VM84FWRi8CZCoosrfGkUikX46qweKfkGHZDqSlOhnmNbHV3J3BeNGfXHFJevrqBJ1a0wxn_BtjeK7e6EDiULMKF4sKQzftBvXxaH3df=w408-h407-k-no,true,Open 24 hours,Open 24 hours,Open 24 hours,Open 24 hours,Open 24 hours,Open 24 hours,Open 24 hours,"https://www.google.com/maps/search/commercial+landscaping+businesses+in+Elma+Center+Buffalo+NY/@42.8297815,-78.636138,14z",2026-04-29T19:25:47.323Z,,,
https://www.google.com/maps/place/Berner+Farms/data=!4m7!3m6!1s0x89d3a161a40fa9a7:0x6030a142e8a00e97!8m2!3d42.8566041!4d-78.5709227!16s%2Fg%2F1hc21p8rp!19sChIJp6kPpGGh04kRlw6g6EKhMGA,Berner Farms,4.4,62,Greenhouse,"11210 Clinton St, Elma, NY 14059, United States","VC4H+JJ Town Line, New York, USA",http://bernerfarms.com/,+1 716-681-0455,"Open · Closes 5 pm

Updated by this business 3 weeks ago",,https://lh3.googleusercontent.com/gps-cs-s/APNQkAGK0Ooh9BLxo9KPFDZafuLim1POwgxHx_HLkqg6n5uOgZsbjqkCbNUb-HziuHMW0cOrcb367ZlnK7-dHomHTlp1va6tyuJtlKQ3Pfrg53iiwkaomWo1tvPtN6StXzTau39uPLgU2A=w408-h401-k-no,true,9 am–5 pm,9 am–5 pm,9 am–5 pm,9 am–5 pm,9 am–3 pm,9 am–5 pm,9 am–5 pm,"https://www.google.com/maps/search/commercial+landscaping+businesses+in+Elma+Center+Buffalo+NY/@42.8297815,-78.636138,14z",2026-04-29T19:25:52.233Z,,,
https://www.google.com/maps/place/Northridge+Nursery+%26+Garden+Center+Inc./data=!4m7!3m6!1s0x89d3097b9ee55bd7:0xafbe5ffe25e0ab8e!8m2!3d42.8422849!4d-78.710548!16s%2Fg%2F1thzvsbp!19sChIJ11vlnnsJ04kRjqvgJf5fvq8,Northridge Nursery & Garden Center Inc.,4.5,186,Garden center,"237 Lein Rd, Buffalo, NY 14224, United States","R7RQ+WQ Buffalo, New York, USA",http://www.northridgenursery.com/,+1 716-677-5614,Open · Closes 6 pm,,https://lh3.googleusercontent.com/gps-cs-s/APNQkAF6ePdo62pV3elUNE1e8xr0ydIt1pm2ipSaz8B_CCXluGnDkd4oxtPj5AITDI0ct0I7pKDXGwuQkqZQX8RCi0HNCkAFEf7QiNVHCulhgQDOwmhc3SHnpQqE8P-zZ8urM1zA8BuK=w408-h544-k-no,true,8 am–6 pm,8 am–6 pm,8 am–6 pm,8 am–6 pm,9 am–5 pm,8 am–6 pm,8 am–6 pm,"https://www.google.com/maps/search/commercial+landscaping+businesses+in+Elma+Center+Buffalo+NY/@42.8297815,-78.636138,14z",2026-04-29T19:25:56.987Z,· In-store shopping,,
"https://www.google.com/maps/place/Willow+North,+Construction+Services/data=!4m7!3m6!1s0x89d309a28ac6919b:0xbae1f223758ddaf1!8m2!3d42.8260378!4d-78.6929015!16s%2Fg%2F1thr84b2!19sChIJm5HGiqIJ04kR8dqNdSPy4bo","Willow North, Construction Services",5.0,28,Plumber,"5800 B, Seneca St, Elma, NY 14059, United States","R8G4+CR West Seneca, New York, USA",http://willownorth.org/,+1 716-674-5800,Closes soon · 4 pm · Opens 7:30 am Thu,,https://lh3.googleusercontent.com/gps-cs-s/APNQkAGucKTi79YbHJzI9JnQ5Ef21N1vIzMlfBL752wwnsEoVRj_K39BjlitH3HsrZFFll77wJmuKphQFYqbyU4FLqc15nm_s6KkcwfvpFnfzY86zLhY04ZiVrfbEN0G0yEfhueOUY3g=w408-h306-k-no,true,7:30 am–4 pm,7:30 am–4 pm,7:30 am–4 pm,Closed,Closed,7:30 am–4 pm,7:30 am–4 pm,"https://www.google.com/maps/search/commercial+landscaping+businesses+in+Elma+Center+Buffalo+NY/@42.8297815,-78.636138,14z",2026-04-29T19:26:01.854Z,,,
https://www.google.com/maps/place/Bison+Bluegrass/data=!4m7!3m6!1s0x89d3a68c14974347:0xf387e68a7adcc855!8m2!3d42.548205!4d-78.80936!16s%2Fg%2F1pv5tr56k!19sChIJR0OXFIym04kRVcjceormh_M,Bison Bluegrass,3.6,18,Lawn care service,,,http://bisonbluegrass.com/,+1 716-655-7333,Open · Closes 8 pm,,https://lh3.googleusercontent.com/gps-cs-s/APNQkAFNKrV4eFTKlfRxCyay2XVgBJG-p1RErKjfgBE5WIAlxlIKMCFtrrivDuCyF9n2bQcpwamRcr9Jhd1gU3BLuz_LvAY8ZbRHUlvWVBLUaMervCma91uZNcDluwmJCzcP1xpmojusVQ=w408-h306-k-no,true,8 am–8 pm,8 am–8 pm,8 am–8 pm,Closed,Closed,8 am–8 pm,8 am–8 pm,"https://www.google.com/maps/search/commercial+landscaping+businesses+in+Elma+Center+Buffalo+NY/@42.8297815,-78.636138,14z",2026-04-29T19:26:07.214Z,,,
https://www.google.com/maps/place/American+Landscaping+%26+Snowplowing/data=!4m7!3m6!1s0x89d3a16121b1e177:0xfc51c1765a53c867!8m2!3d42.823189!4d-78.637057!16s%2Fg%2F11cmdrgkt5!19sChIJd-GxIWGh04kRZ8hTWnbBUfw,American Landscaping & Snowplowing,5.0,8,Landscaper,,,http://www.americanlandscaping.net/,+1 716-353-4609,Open · Closes 5 pm,,https://lh3.googleusercontent.com/gps-cs-s/APNQkAEOqFv5ZXZrYJxrcY6lnwMCAQnDP2QlcpmYWIBqZ_ZQbgmRlNfYYaxDG9nkiwpDik9rXFIG26Gl5lxsp7_fUYMBXtEyFV12FufatYhRFUBs23XkAessi6s0ZYrwUsc6hl7KwJlq=w408-h725-k-no,true,8 am–5 pm,8 am–5 pm,8 am–5 pm,8 am–5 pm,Closed,8 am–5 pm,8 am–5 pm,"https://www.google.com/maps/search/commercial+landscaping+businesses+in+Elma+Center+Buffalo+NY/@42.8297815,-78.636138,14z",2026-04-29T19:26:11.952Z,,,
https://www.google.com/maps/place/Illumination+Alley/data=!4m7!3m6!1s0x89d309ee7b07b6f5:0x30c59d831d5695d5!8m2!3d46.423669!4d-129.9427086!16s%2Fg%2F11fsn62ncw!19sChIJ9bYHe-4J04kR1ZVWHYOdxTA,Illumination Alley,5.0,3,Lighting store,,,https://www.illuminationalley.com/,+1 716-218-9493,Open 24 hours,,https://lh3.googleusercontent.com/gps-cs-s/APNQkAEulIfcb0UNFKNCYYxhXRYLhdkrrp1ugJnWIC8QD8X1FrbwP5qDLWMbfVEYgu_z7kh4M0IIimurWyX6gBuuawLjTLUDYz6zPU4CL3XVgHgB0qPhrt8HB9bHWKfPgVJIi4ztZKAV=w426-h240-k-no,true,Open 24 hours,Open 24 hours,Open 24 hours,Open 24 hours,Open 24 hours,Open 24 hours,Open 24 hours,"https://www.google.com/maps/search/commercial+landscaping+businesses+in+Elma+Center+Buffalo+NY/@42.8297815,-78.636138,14z",2026-04-29T19:26:16.665Z,,,
https://www.google.com/maps/place/L+M+Stone+%26+Topsoil+Ltd/data=!4m7!3m6!1s0x89d39f35ce10511d:0x4fe427ee6f4c511b!8m2!3d42.9326949!4d-78.5714963!16s%2Fg%2F1v_z9wwy!19sChIJHVEQzjWf04kRG1FMb-4n5E8,L M Stone & Topsoil Ltd,4.8,65,Landscaping supply store,"11190 Walden Ave, Alden, NY 14004, United States","WCMH+3C Alden, New York, USA",https://lmstonebuffalo.com/,+1 716-683-1098,,Identifies as women-owned,https://lh3.googleusercontent.com/gps-cs-s/APNQkAF-60Czxxtsjfvz0UwJmSPvAGzTqNF6BR15Vg3PcBRwYRIm-8YEaRXjprKKH-mEHsD0EPOU0oHKbCXeXWk2XG3o4yYZN5uvWPOCNPFUd-XffGv6VGaABuX3t6ivkKTqvnzLNytwhjXmSX0=w408-h544-k-no,true,9 am–3:45 pm,9 am–3:45 pm,9 am–3:45 pm,Closed,Closed,9 am–3:45 pm,9 am–3:45 pm,"https://www.google.com/maps/search/commercial+landscaping+businesses+in+Elma+Center+Buffalo+NY/@42.8297815,-78.636138,14z",2026-04-29T19:26:21.641Z,· In-store shopping · Kerbside pickup · Delivery,,
https://www.google.com/maps/place/Heerdt%E2%80%99s+Lawn+Care/data=!4m7!3m6!1s0x459dc0ae8eacc1c3:0x85ea1ccb40c78842!8m2!3d42.8649268!4d-78.5780998!16s%2Fg%2F11y3z9k41y!19sChIJw8Gsjq7AnUURQojHQMsc6oU,Heerdt’s Lawn Care,4.7,14,Lawn care service,"366 Town Line Rd, Lancaster, NY 14086, United States","VC7C+XQ Lancaster, New York, USA",http://heerdtslawncare.com/,+1 716-385-0969,Open · Closes 10 pm,,https://lh3.googleusercontent.com/gps-cs-s/APNQkAE1wRtCky4Tj6DVcslniUCpZhvVvjSbJGqnkH_IR_czDN3KjJnEHCy1kJYwqM4Ht_Zrnx0_W2ODIF9poF0WFEPS03VjxO_w_j4bwEEWVMWrYOvvGim3OSO-EhdfpY8Iu7-5XnqaV2_j-cKj=w408-h509-k-no,true,6 am–10 pm,6 am–10 pm,6 am–10 pm,6 am–10 pm,6 am–10 pm,6 am–10 pm,6 am–10 pm,"https://www.google.com/maps/search/commercial+landscaping+businesses+in+Elma+Center+Buffalo+NY/@42.8297815,-78.636138,14z",2026-04-29T19:26:26.591Z,,,
https://www.google.com/maps/place/Seneca+Greenhouse/data=!4m7!3m6!1s0x89d3099f471fabcf:0x33a3c417e0fd77fa!8m2!3d42.8286756!4d-78.6973551!16s%2Fg%2F1tc_r_90!19sChIJz6sfR58J04kR-nf94BfEozM,Seneca Greenhouse,4.7,89,Garden center,"2250 Transit Rd, West Seneca, NY 14224, United States","R8H3+F3 West Seneca, New York, USA",http://senecagreenhouse.com/,+1 716-677-0681,"Open · Closes 6 pm

Updated by this business 2 weeks ago",,https://lh3.googleusercontent.com/gps-cs-s/APNQkAGWtkg7idKAbDibstoXeA_Ez115xWEoA0gjqmljgeFU71cBWaTheYAIKee6CwLZg7A92epBMu18SMx1SYFgfS9l2414gHTRtni-uq0mN5flGhK9MEOz388niZt74gtezfKV5CKHi840O3n1=w408-h300-k-no,true,9 am–6 pm,9 am–6 pm,9 am–6 pm,9 am–6 pm,9 am–4 pm,9 am–6 pm,9 am–6 pm,"https://www.google.com/maps/search/commercial+landscaping+businesses+in+Elma+Center+Buffalo+NY/@42.8297815,-78.636138,14z",2026-04-29T19:26:31.963Z,· In-store shopping · Kerbside pickup · Delivery,,
https://www.google.com/maps/place/Jan-Cen+Motorsports/data=!4m7!3m6!1s0x89d30a2e8986fc29:0x64a71ad0723b3f4c!8m2!3d42.8537333!4d-78.6961522!16s%2Fg%2F1tdh9f43!19sChIJKfyGiS4K04kRTD87ctAap2Q,Jan-Cen Motorsports,4.8,124,Motorsports store,"3161 Transit Rd, Elma, NY 14059, United States","V833+FG West Seneca, New York, USA",http://www.shopjancen.com/,+1 716-668-2096,Open · Closes 5 pm,,https://lh3.googleusercontent.com/gps-cs-s/APNQkAGUJM2CbMTSOqy654aTOuccK7EbXmyn2yFu3F0h7uzFXsS_ZoxwA8D7UmOROsqY8NFCrGpG1qihHrdh3PVFxeBE2G_G0tHY6OFaMG2BlpGMRXjERCYc43QykuDEIEOTRKHzhjpJ=w435-h240-k-no,true,9 am–5 pm,9 am–5 pm,9 am–5 pm,9 am–12 pm,Closed,9 am–5 pm,9 am–5 pm,"https://www.google.com/maps/search/commercial+landscaping+businesses+in+Elma+Center+Buffalo+NY/@42.8297815,-78.636138,14z",2026-04-29T19:26:36.972Z,· In-store shopping · In-store pick-up,,
https://www.google.com/maps/place/Decorative+Edge/data=!4m7!3m6!1s0x89d30b51abc687f9:0x1540641d85bb5766!8m2!3d42.8691585!4d-78.726758!16s%2Fg%2F11h126w1vf!19sChIJ-YfGq1EL04kRZle7hR1kQBU,Decorative Edge,5.0,7,Landscaper,"3 S Seine Dr, Buffalo, NY 14227, United States","V79F+M7 Buffalo, New York, USA",https://decorativeedge.biz/,+1 716-238-5224,Closes soon · 4 pm · Opens 8 am Thu,Identifies as veteran-owned,https://lh3.googleusercontent.com/gps-cs-s/APNQkAGq67cLeQrAbml92zSxfWpHx4Kd-vWsn6To1PggvRROp7BJsegfQ_BMaTORdXsrsNi0U2Ol1GUkDgaIP2r1-rAMugX6A9tvsyBMPwf5eRO5M0sR68Q50SoX2Fi2cgNlHQBoXNw=w426-h240-k-no,true,8 am–4 pm,8 am–4 pm,8 am–4 pm,8 am–4 pm,8 am–4 pm,8 am–4 pm,8 am–4 pm,"https://www.google.com/maps/search/commercial+landscaping+businesses+in+Elma+Center+Buffalo+NY/@42.8297815,-78.636138,14z",2026-04-29T19:26:42.020Z,,,
https://www.google.com/maps/place/Greg%27s+Tree+Service/data=!4m7!3m6!1s0x89d30a6e6b125bab:0x6b6087456904bf69!8m2!3d42.8691232!4d-78.6698094!16s%2Fg%2F1v27wgvw!19sChIJq1sSa24K04kRab8EaUWHYGs,Greg's Tree Service,4.9,55,Tree service,"19 Spruceland Terrace, Lancaster, NY 14086, United States","V89J+J3 Lancaster, New York, USA",https://gregstreeservices.com/,+1 716-695-4023,Open 24 hours,,https://lh3.googleusercontent.com/gps-cs-s/APNQkAFB_TFlUmeJ1QrhqrtF8wDdczlcJ57qit2qOG_xcnV67PRG_Jf-6FaQqzDq5uEudovNZkAnQojYlN0yj9QtiT6mDvQhP4x8pKRMoKXIwjdsW-tqbV2TGRnNYKlaFe5Fnu_Zlxfcn5qB-AQe=w408-h544-k-no,true,Open 24 hours,Open 24 hours,Open 24 hours,Open 24 hours,Open 24 hours,Open 24 hours,Open 24 hours,"https://www.google.com/maps/search/commercial+landscaping+businesses+in+Elma+Center+Buffalo+NY/@42.8297815,-78.636138,14z",2026-04-29T19:26:46.936Z,,,
"https://www.google.com/maps/place/Cellino+Plumbing,+Heating,+Cooling+%26+Electric/data=!4m7!3m6!1s0x89d30984494aedd5:0xec83180ea10bcf5a!8m2!3d42.8391734!4d-78.6940277!16s%2Fg%2F1tx16b9_!19sChIJ1e1KSYQJ04kRWs8LoQ4Yg-w","Cellino Plumbing, Heating, Cooling & Electric",4.9,1710,Plumber,"631 Bullis Rd, Elma, NY 14059, United States","R8Q4+M9 West Seneca, New York, USA",https://cellinoplumbing.com/,+1 716-675-1111,"Open 24 hours

Confirmed by this business 2 weeks ago",,https://lh3.googleusercontent.com/gps-cs-s/APNQkAHxJ84GFb6fe7JrdKgYM2Jm3e6_RAVqTe7yZjhVZcC9TCTYkkBJRzDFLFxy-z-PWo3MTchka5c77DEvzek8ekMFbPNzcv2TulH7UrMMAmjZfV-i3ymJ4rMvb1Sf0So1tnh8BoOHQku7d6Ft=w408-h408-k-no,true,Open 24 hours,Open 24 hours,Open 24 hours,Open 24 hours,Open 24 hours,Open 24 hours,Open 24 hours,"https://www.google.com/maps/search/commercial+landscaping+businesses+in+Elma+Center+Buffalo+NY/@42.8297815,-78.636138,14z",2026-04-29T19:26:52.166Z,,,
https://www.google.com/maps/place/WNY+Lawn+%26+Landscape/data=!4m7!3m6!1s0x89d39fb609240eb5:0xfde40a99e9a17df9!8m2!3d42.8908122!4d-78.5939994!16s%2Fg%2F1thqhr6p!19sChIJtQ4kCbaf04kR-X2h6ZkK5P0,WNY Lawn & Landscape,3.2,11,Lawn care service,"6355 Broadway, Lancaster, NY 14086, United States","VCR4+8C Lancaster, New York, USA",https://www.wnylandscape.com/,+1 716-444-3859,,,https://streetviewpixels-pa.googleapis.com/v1/thumbnail?panoid=lFuVe0l6KxzAT0B8JY-7ZQ&cb_client=search.gws-prod.gps&w=408&h=240&yaw=182.71548&pitch=0&thumbfov=100,true,,,,,,,,"https://www.google.com/maps/search/commercial+landscaping+businesses+in+Elma+Center+Buffalo+NY/@42.8297815,-78.636138,14z",2026-04-29T19:26:54.953Z,,,
https://www.google.com/maps/place/DKJC+Landscaping+%26+Snow+Removal/data=!4m7!3m6!1s0x2edff4a9c402d981:0x6b8f647d9656b240!8m2!3d42.877467!4d-78.7294174!16s%2Fg%2F11wvq1_0_l!19sChIJgdkCxKn03y4RQLJWln1kj2s,DKJC Landscaping & Snow Removal,4.4,9,Landscaper,,,https://www.dkjclandscapingandsnow.com/,+1 716-982-6912,Open · Closes 6 pm,,https://lh3.googleusercontent.com/gps-cs-s/APNQkAHZKKcanSjS9RALiMPCUrmNx5GqHi8sL-LO2ruz-nBgoGUU7Ku_pFV97trnK_jtVlEClDs6JxeXdsfa8Y2NKTuqCE0gltmVldmpkDld6aL7IIYOX8uIKKEDvqJbVXeXgQ5Sp2UGifnUifaK=w408-h542-k-no,true,9 am–6 pm,9 am–12 am,"12–6 am, 9 am–6 pm",9 am–12 am,12–6 am,9 am–6 pm,9 am–6 pm,"https://www.google.com/maps/search/commercial+landscaping+businesses+in+Elma+Center+Buffalo+NY/@42.8297815,-78.636138,14z",2026-04-29T19:26:59.663Z,,,
https://www.google.com/maps/place/Specialized+Tree+Services/data=!4m7!3m6!1s0x89d3a70e6d95bfc9:0xf9749ebc26a65009!8m2!3d42.795832!4d-78.743248!16s%2Fg%2F1tdyxbmg!19sChIJyb-VbQ6n04kRCVCmJryedPk,Specialized Tree Services,4.4,28,Tree service,,,http://specializedtreeservice.net/,+1 716-863-0500,,,https://lh3.googleusercontent.com/gps-cs-s/APNQkAE7B8OJhDkwCQc7BEZ3H63VjXn5OMbb4aCJwfP-lLWYyqDqa1wW9EGAtOZgMxJmkaW95qb6M3ZRye01MvVCaHas2Zxbe8Z7KSQ0nkZ7e-YppH0S1N_cUBxiNJOHjhUyzUeJZjuxfFhTu9rB=w408-h306-k-no,true,,,,,,,,"https://www.google.com/maps/search/commercial+landscaping+businesses+in+Elma+Center+Buffalo+NY/@42.8297815,-78.636138,14z",2026-04-29T19:27:02.392Z,,,
https://www.google.com/maps/place/Phoenyx+Enterprises+LLC/data=!4m7!3m6!1s0x810f76eb8d63c213:0xd8fc3406fd0b6c4d!8m2!3d43.0345724!4d-78.8855275!16s%2Fg%2F11mdf4lw_d!19sChIJE8Jjjet2D4ERTWwL_QY0_Ng,Phoenyx Enterprises LLC,5.0,28,General contractor,,,http://www.phoenyxenterprises.com/,+1 716-848-9856,Open · Closes 9 pm,,https://lh3.googleusercontent.com/gps-cs-s/APNQkAFXkQ2id2P1yOI6umctPlsiCdoSEZdSUAD6I8WNRpugITuE7GaCg3Sdd2AZ-cuitUjXeOxhVWcFgO8llJRtV4JPOCYiZDLRSSZpaMBqJQBAJ34m4VIJoW59dqj0ybDu0hhm1IjlHr-bCuCE=w408-h544-k-no,true,8 am–9 pm,8 am–9 pm,8 am–9 pm,8 am–9 pm,Closed,8 am–9 pm,8 am–9 pm,"https://www.google.com/maps/search/commercial+landscaping+businesses+in+Elma+Center+Buffalo+NY/@42.8297815,-78.636138,14z",2026-04-29T19:27:07.067Z,,,
https://www.google.com/maps/place/J+%26+L+Premier+Landscape+Inc/data=!4m7!3m6!1s0x89d398d6f25c2ea7:0xae2723f857ad52a1!8m2!3d42.945413!4d-78.558786!16s%2Fg%2F1tjgqkqg!19sChIJpy5c8taY04kRoVKtV_gjJ64,J & L Premier Landscape Inc,4.2,16,Landscaper,"11490 Genesee St, Alden, NY 14004, United States","WCWR+5F Alden, New York, USA",https://www.jlpremierlandscape.com/,+1 716-937-7300,Open · Closes 5 pm,,https://lh3.googleusercontent.com/gps-cs-s/APNQkAHoq6DaYzZjbO7iDCGXdqVt4QbM5W9N5YLgrEMyvAD7XCVodCcwOtvgT7C-svLijipDt3Hj4jKMbPi76RNYP-3Ko1vLgrSfAMJpo1gSIK9tqetbxIJLQ9TgCOJHuUY_SkJAuBnqPA=w408-h306-k-no,true,7:30 am–5 pm,7:30 am–5 pm,7:30 am–5 pm,Closed,Closed,7:30 am–5 pm,7:30 am–5 pm,"https://www.google.com/maps/search/commercial+landscaping+businesses+in+Elma+Center+Buffalo+NY/@42.8297815,-78.636138,14z",2026-04-29T19:27:12.579Z,,,
"https://www.google.com/maps/place/Sahlem%27s+Roofing+%26+Siding,+Inc./data=!4m7!3m6!1s0x89d309a9580f6d79:0xca1b066de4fe6625!8m2!3d42.8109147!4d-78.7157057!16s%2Fg%2F1td4qpl7!19sChIJeW0PWKkJ04kRJWb-5G0GG8o","Sahlem's Roofing & Siding, Inc.",3.9,83,Roofing contractor,"2260 Southwestern Blvd, West Seneca, NY 14224, United States","R76M+9P West Seneca, New York, USA",http://sahlems.com/,+1 716-662-0062,Closes soon · 4 pm · Opens 8 am Thu,,https://lh3.googleusercontent.com/gps-cs-s/APNQkAEfOLY1oqrzTK4gFinJJPfIdq3ikQw8BJpH_UGyZwUWDhBp1oGhimlgy9kUjz3zzyw81ipNnkQcyG3MAoA8I4ahNHnH-hfid8Av4lamS9hjfhwHWzm7nmvmSEE_9-SbsXRbzIqHXg=w408-h306-k-no,true,8 am–4 pm,8 am–4 pm,8 am–4 pm,Closed,Closed,8 am–4 pm,8 am–4 pm,"https://www.google.com/maps/search/commercial+landscaping+businesses+in+Elma+Center+Buffalo+NY/@42.8297815,-78.636138,14z",2026-04-29T19:27:17.969Z,,,
https://www.google.com/maps/place/CW%27S+Landscaping+Services/data=!4m7!3m6!1s0x27d303f2cb718a13:0x581474b214e40300!8m2!3d42.757109!4d-78.7913255!16s%2Fg%2F11vk7dy1v5!19sChIJE4pxy_ID0ycRAAPkFLJ0FFg,CW'S Landscaping Services,5.0,8,Landscaper,,,,+1 716-948-5296,Open · Closes 6 pm,,https://lh3.googleusercontent.com/gps-cs-s/APNQkAG5FaiWLZu4T7RbO44HuMtBhiw037iKPpcF16vlUNYgwOHBuN7Tt1hOGiSOs5KCd5rhyZ-jZrKXmhuH9Gsm-u95YumCGiW1YfxpKi6JnAa3RrTae8BF9E-wxx4xsGZ8rk-ySBg=w408-h544-k-no,true,8 am–6 pm,8 am–6 pm,8 am–6 pm,9 am–2 pm,Closed,8 am–6 pm,8 am–6 pm,"https://www.google.com/maps/search/commercial+landscaping+businesses+in+Elma+Center+Buffalo+NY/@42.8297815,-78.636138,14z",2026-04-29T19:27:22.818Z,,,
https://www.google.com/maps/place/Star+Landscape+And+Development/data=!4m7!3m6!1s0x245b804fd57bff59:0x7c3efdf5030446ab!8m2!3d43.1263087!4d-78.8375786!16s%2Fg%2F11lw7c9_hb!19sChIJWf971U-AWyQRq0YEA_X9Pnw,Star Landscape And Development,5.0,65,Landscaper,"6139 Shawnee Rd, Sanborn, NY 14132, United States","45G6+GX Sanborn, New York, USA",https://starlandscapeanddevelopment.com/,+1 716-990-3666,Open 24 hours,,https://lh3.googleusercontent.com/gps-cs-s/APNQkAFZjIjCs10QyqG-qsIlh4xVPnZQf4Y1P00ZestWXbLKKo3tkBre01X80oTXOzfrduf5SWJoXkL5Ld4EzV9SdtmjnZ17KAqute4d3bjXKPevG6Mva6fGK_iQiSxyFqg2K0v1U6U=w408-h544-k-no,true,Open 24 hours,Open 24 hours,Open 24 hours,Open 24 hours,Open 24 hours,Open 24 hours,Open 24 hours,"https://www.google.com/maps/search/commercial+landscaping+businesses+in+Elma+Center+Buffalo+NY/@42.8297815,-78.636138,14z",2026-04-29T19:27:27.811Z,,,
https://www.google.com/maps/place/Couto+Unlimited/data=!4m7!3m6!1s0x89d3a10a204c73e1:0x23a417a0d69d75d2!8m2!3d42.8907125!4d-78.5819427!16s%2Fg%2F11qqmftgq7!19sChIJ4XNMIAqh04kR0nWd1qAXpCM,Couto Unlimited,5.0,13,Asphalt contractor,"6489 Broadway, Lancaster, NY 14086, United States","VCR9+76 Lancaster, New York, USA",,+1 716-526-7462,Open 24 hours,,https://lh3.googleusercontent.com/gps-cs-s/APNQkAGidBxxycSVmLJkhqVufQ06dlCan3GpWoCTlZSPwPWl-wsG-WuLESR_hEW5mFYA1GS3UFXPPpltAALEr-1D3u2HdxOCC8biWD7oySSI70G7rHwmAsALrfLo9IriqSDRoHCjvz_y=w427-h240-k-no,true,Open 24 hours,Open 24 hours,Open 24 hours,Open 24 hours,Open 24 hours,Open 24 hours,Open 24 hours,"https://www.google.com/maps/search/commercial+landscaping+businesses+in+Elma+Center+Buffalo+NY/@42.8297815,-78.636138,14z",2026-04-29T19:27:32.759Z,,,
"https://www.google.com/maps/place/Tree+Trim+%26+Removal+of+WNY+LLC/@42.8377204,-78.7484969,13z/data=!3m1!4b1!4m6!3m5!1s0x89d30f298e2fd07d:0xdd7d28135a7054a!8m2!3d42.8377204!4d-78.7484969!16s%2Fg%2F11rfrwx5f_",Tree Trim & Removal of WNY LLC,5.0,18,Tree service,,,http://treetrimremovalwny.com/,+1 716-216-5561,Open 24 hours,,,true,Open 24 hours,Open 24 hours,Open 24 hours,Open 24 hours,Open 24 hours,Open 24 hours,Open 24 hours,"https://www.google.com/maps/search/commercial+landscaping+businesses+in+Elma+Center+Buffalo+NY/@42.8297815,-78.636138,14z",2026-04-29T19:27:39.400Z,,,
https://www.google.com/maps/place/Kielty+Landscaping+Services/data=!4m7!3m6!1s0x2727da4a522892fb:0x6d280f32ed72622b!8m2!3d42.8284751!4d-78.7963946!16s%2Fg%2F11mcw0gbrk!19sChIJ-5IoUkraJycRK2Jy7TIPKG0,Kielty Landscaping Services,5.0,25,Landscaper,"1470 Ridge Rd, West Seneca, NY 14218, United States","R6H3+9C West Seneca, New York, USA",https://kieltylandscapingservices.com/,+1 716-431-5205,Open · Closes 5 pm,,https://lh3.googleusercontent.com/gps-cs-s/APNQkAGRh4wMAd0TAvHO5D825TKby2QGoH02UW5zeGzDnjhaO7ACSVBFUbapLdgIlovqkLLP4XUnty4BWOPNCz5CbDXvkwofZYG63nuojeekFx2yuSCFkC2XhsHavb6oRb1Z0iX_gHNYdw6U5uOI=w408-h306-k-no,true,9 am–5 pm,9 am–5 pm,9 am–5 pm,9 am–5 pm,Closed,9 am–5 pm,9 am–5 pm,"https://www.google.com/maps/search/commercial+landscaping+businesses+in+First+Ward+Buffalo+NY/@42.8667312,-78.8623275,14z",2026-04-29T19:28:09.206Z,,,
https://www.google.com/maps/place/Elite+Sprinklers+%26+Lights/data=!4m7!3m6!1s0x4bac3238526ebbfd:0xfb5d1e4d9e2f05f5!8m2!3d42.8308163!4d-78.8055164!16s%2Fg%2F11sss6pw5w!19sChIJ_btuUjgyrEsR9QUvnk0eXfs,Elite Sprinklers & Lights,5.0,27,Lawn sprinkler system contractor,"1243 Abbott Rd, Buffalo, NY 14218, United States","R5JV+8Q Buffalo, New York, USA",https://www.elite716.com/?utm_source=google&utm_medium=googlemaps,+1 716-391-7045,Open · Closes 5 pm,,https://lh3.googleusercontent.com/gps-cs-s/APNQkAH6KFgr7c9tl8-VRkoZfhga8ZgBHASQRRUe9kOMCHajZuFysdus7SMx6_q1_17rbINpu9-62a6RksruxXoZ_ZzCoFPFfU8XDv1fVaMyzsI02PVmn0d-T6eunpBAuW97od-vbqeX3AxGcZi7=w408-h306-k-no,true,7:30 am–5 pm,7:30 am–5 pm,7:30 am–5 pm,7 am–1 pm,Closed,7:30 am–5 pm,7:30 am–5 pm,"https://www.google.com/maps/search/commercial+landscaping+businesses+in+First+Ward+Buffalo+NY/@42.8667312,-78.8623275,14z",2026-04-29T19:28:13.983Z,,,
https://www.google.com/maps/place/T.N.%27s+All+Season/data=!4m7!3m6!1s0x89d30c268d120ac5:0x297db726e9c2db6f!8m2!3d42.8585238!4d-78.7782787!16s%2Fg%2F1tcyydms!19sChIJxQoSjSYM04kRb9vC6Sa3fSk,T.N.'s All Season,4.7,12,Property maintenance,"57 Royal Coach Rd, West Seneca, NY 14224, United States","V65C+CM West Seneca, New York, USA",https://tnsallseason.com/,+1 716-949-4273,Open 24 hours,,https://lh3.googleusercontent.com/gps-cs-s/APNQkAHPQU0xkej-RBudasiXjbtOcvnOc228RmTR7mC0Z38B7AcQtuxeA1mK01U29j5te4wfASHErRtHYmWjcUKy-baUn0Cmu8G5sL8syDtik4DQI9_HsskFXE1QV_VawtVsaG9V2sC3_wgf8Edj=w426-h240-k-no,true,Open 24 hours,Open 24 hours,Open 24 hours,Open 24 hours,Open 24 hours,Open 24 hours,Open 24 hours,"https://www.google.com/maps/search/commercial+landscaping+businesses+in+First+Ward+Buffalo+NY/@42.8667312,-78.8623275,14z",2026-04-29T19:28:18.673Z,,,
https://www.google.com/maps/place/Murphy%27s+Outdoor+%26+Demo+Services/data=!4m7!3m6!1s0x4ce947253b2238a5:0x699f4c2a7ce38b2b!8m2!3d42.7899954!4d-78.7333125!16s%2Fg%2F11yq373fsj!19sChIJpTgiOyVH6UwRK4vjfCpMn2k,Murphy's Outdoor & Demo Services,5.0,2,Home builder,,,,+1 716-545-5794,Open · Closes 10 pm,,https://lh3.googleusercontent.com/gps-cs-s/APNQkAFtGYqBQGUKhqU_FcxcpaCt5HyuAHrEQiUTljph3d98QbckD6RE_oLH9--eGXxZz_bGNHyCS3qUfP7hg4kE7GU0RrPxKUAe6AKhWdbPMCv5Pq2nrIkUXNbwuvgIPW-QuRVokf8zD_ijcJrn=w408-h544-k-no,true,9 am–10 pm,9 am–10 pm,9 am–10 pm,9 am–10 pm,9 am–10 pm,9 am–10 pm,9 am–10 pm,"https://www.google.com/maps/search/commercial+landscaping+businesses+in+First+Ward+Buffalo+NY/@42.8667312,-78.8623275,14z",2026-04-29T19:28:23.531Z,,,
https://www.google.com/maps/place/Craigs+Cutting+Edge+LLC/data=!4m7!3m6!1s0x89d30f661a7b17fb:0xaa35308fc5c17445!8m2!3d42.8374633!4d-78.7897086!16s%2Fg%2F11n9j4p8km!19sChIJ-xd7GmYP04kRRXTBxY8wNao,Craigs Cutting Edge LLC,,,Landscaper,"70 Paxford Pl, Buffalo, NY 14224, United States","R6P6+X4 Buffalo, New York, USA",,+1 716-473-2304,"Open · Closes 8 pm

Confirmed by this business 5 weeks ago",,https://lh3.googleusercontent.com/gps-cs-s/APNQkAHwWYuYP3XK_qspo_ZE-kD5W58ABBto7qfb9-wQkVJHYR0dNHu3Rxkp47tzMaI4VR7vOBxIHhpJH0ZbrxKvwrhVvIDhatSeZM_BPy2NvagsrIlIQm0P56ecbrJR49tCr1ecxbIFv5xtqQo=w408-h544-k-no,true,8 am–8 pm,8 am–8 pm,8 am–8 pm,9 am–7 pm,Closed,8 am–8 pm,8 am–8 pm,"https://www.google.com/maps/search/commercial+landscaping+businesses+in+First+Ward+Buffalo+NY/@42.8667312,-78.8623275,14z",2026-04-29T19:28:28.090Z,,,
https://www.google.com/maps/place/Old+First+Ward+Community+Center/data=!4m7!3m6!1s0x89d31221bb15f87f:0xf6ee65e9510bdde!8m2!3d42.8667527!4d-78.8637279!16s%2Fg%2F1td3g_rt!19sChIJf_gVuyES04kR3r0QlV7mbg8,Old First Ward Community Center,4.5,77,Community center,"62 Republic St, Buffalo, NY 14204, United States","V48P+PG Buffalo, New York, USA",http://www.old1stward.com/,+1 716-856-8613,Open · Closes 9 pm,,https://lh3.googleusercontent.com/gps-cs-s/APNQkAGmJ6SvENJskWhKFx86U2hIvMabuub-Kqym6u7NrUAD7VpButYQEJJy_wGB8_Xu8Qm222sM4vRyWVnLObxefuFP164ktwJRzZUw6fknjqDabM20qp8VUND4KIfK680IIu5bcrLYCw=w408-h306-k-no,false,8 am–9 pm,8 am–9 pm,8 am–9 pm,Closed,Closed,8 am–9 pm,8 am–9 pm,"https://www.google.com/maps/search/commercial+landscaping+businesses+in+First+Ward+Buffalo+NY/@42.8667312,-78.8623275,14z",2026-04-29T19:28:33.046Z,,,
https://www.google.com/maps/place/Sophisticated+home+solutions+LLC./data=!4m7!3m6!1s0x89d30f1eaaee2ff3:0x240a7a39feed97fa!8m2!3d42.8090965!4d-78.829866!16s%2Fg%2F11zk1s4rv0!19sChIJ8y_uqh4P04kR-pft_jl6CiQ,Sophisticated home solutions LLC.,5.0,1,Landscape architect,"25 Cleveland Ave, Lackawanna, NY 14218, United States","R55C+J3 Lackawanna, New York, USA",,+1 716-727-4675,Open · Closes 8 pm,,https://lh3.googleusercontent.com/gps-cs-s/APNQkAGRQBieHJNsYebtwmMMtC43q7jFIviY7R2RP8qAgvr8FrXM19g3JJvniyIN6kYfqbqB77uZh0TU83KjJFijvdIwj74ywuB7RdRSs9OBJvoKSkVEBGR-vj1O5FQILC1OldC4iQzUWk_-km13=w408-h544-k-no,true,7 am–8 pm,7 am–8 pm,7 am–8 pm,7 am–8 pm,7 am–8 pm,7 am–8 pm,7 am–8 pm,"https://www.google.com/maps/search/commercial+landscaping+businesses+in+First+Ward+Buffalo+NY/@42.8667312,-78.8623275,14z",2026-04-29T19:28:37.694Z,,,
https://www.google.com/maps/place/Sadler+Walls+Landscaping/data=!4m7!3m6!1s0x89d311ac6788c9af:0xf39845df6be1b4e0!8m2!3d42.7959183!4d-78.8504668!16s%2Fg%2F11f624m4zg!19sChIJr8mIZ6wR04kR4LTha99FmPM,Sadler Walls Landscaping,5.0,1,Landscaper,"3626 5th St #1402, Buffalo, NY 14219, United States","Q4WX+9R Buffalo, New York, USA",,+1 716-479-2808,,,https://streetviewpixels-pa.googleapis.com/v1/thumbnail?panoid=EH89GePL8Xw3fid-tW-7vQ&cb_client=search.gws-prod.gps&w=408&h=240&yaw=358.03363&pitch=0&thumbfov=100,false,,,,,,,,"https://www.google.com/maps/search/commercial+landscaping+businesses+in+First+Ward+Buffalo+NY/@42.8667312,-78.8623275,14z",2026-04-29T19:28:40.281Z,,,
"https://www.google.com/maps/place/Gardenville+Landscaping,+LLC/data=!4m7!3m6!1s0x89d30c19b2a5cc11:0x976e60048a706672!8m2!3d42.861664!4d-78.7674619!16s%2Fg%2F11bzt5nmbt!19sChIJEcylshkM04kRcmZwigRgbpc","Gardenville Landscaping, LLC",4.0,4,Landscaper,"3069 Clinton St, Buffalo, NY 14224, United States","V66M+M2 Buffalo, New York, USA",http://gardenvillellc.com/,+1 716-822-2017,,,https://streetviewpixels-pa.googleapis.com/v1/thumbnail?panoid=DJteK6aUYVBrsV4TAHI2vg&cb_client=search.gws-prod.gps&w=408&h=240&yaw=229.15366&pitch=0&thumbfov=100,false,,,,,,,,"https://www.google.com/maps/search/commercial+landscaping+businesses+in+First+Ward+Buffalo+NY/@42.8667312,-78.8623275,14z",2026-04-29T19:28:42.943Z,,,
https://www.google.com/maps/place/Bihr+Landscape+Inc/data=!4m7!3m6!1s0x89d30ea37191c84f:0x45ad2356c2827832!8m2!3d42.8458611!4d-78.7656346!16s%2Fg%2F1tfh5n34!19sChIJT8iRcaMO04kRMniCwlYjrUU,Bihr Landscape Inc,5.0,2,Landscaper,"211 Westminster Rd, West Seneca, NY 14224, United States","R6WM+8P West Seneca, New York, USA",http://www.bihrlandscape.com/,+1 716-674-3887,,,https://streetviewpixels-pa.googleapis.com/v1/thumbnail?panoid=Lc_kA5GQ0NDVA0Xq4f9SyA&cb_client=search.gws-prod.gps&w=408&h=240&yaw=83.7954&pitch=0&thumbfov=100,false,,,,,,,,"https://www.google.com/maps/search/commercial+landscaping+businesses+in+First+Ward+Buffalo+NY/@42.8667312,-78.8623275,14z",2026-04-29T19:28:45.450Z,,,
https://www.google.com/maps/place/dan+q+landscaping/data=!4m7!3m6!1s0x89d30aaa77100001:0xf9fc09a09a5a919!8m2!3d42.9166428!4d-78.6571185!16s%2Fg%2F11fcqfmxwg!19sChIJAQAQd6oK04kRGamlCZrAnw8,dan q landscaping,3.7,3,Landscaper,"3839 Walden Ave, Lancaster, NY 14086, United States","W88V+M5 Lancaster, New York, USA",https://danqservices.com/,+1 716-906-1949,,,https://streetviewpixels-pa.googleapis.com/v1/thumbnail?panoid=5wY9t9UMZBHxdtqLnW4I9g&cb_client=search.gws-prod.gps&w=408&h=240&yaw=166.56306&pitch=0&thumbfov=100,false,,,,,,,,"https://www.google.com/maps/search/commercial+landscaping+businesses+in+Lancaster+Buffalo+NY/@42.9006144,-78.6703062,14z",2026-04-29T19:29:05.783Z,,,
https://www.google.com/maps/place/Cultured+Landscaping/data=!4m7!3m6!1s0x89d30b7db59ff2e5:0x498709d730a181f0!8m2!3d42.9301207!4d-78.585479!16s%2Fg%2F11gr85dwz2!19sChIJ5fKftX0L04kR8IGhMNcJh0k,Cultured Landscaping,4.7,7,Landscaper,"4622 Walden Ave, Lancaster, NY 14086, United States","WCJ7+2R Lancaster, New York, USA",https://cultured-landscaping.ueniweb.com/,+1 716-408-6400,Open · Closes 7:30 pm,,https://lh3.googleusercontent.com/gps-cs-s/APNQkAF1GIj9LF2nXiYvHuS812trBAWRTETnNWu8Hh9fP0odF5HbdMFHai9DcXg9sGH_KfpFaR9tBPsV2w9FC4PsC-FfRZFglGyEfD17i33znJnlTis4on4jUuvE2M7SW1AJYe3NXsRxCQ=w408-h306-k-no,true,7:30 am–7:30 pm,7:30 am–7:30 pm,7:30 am–7:30 pm,7:30 am–7:30 pm,7:30 am–7:30 pm,7:30 am–7:30 pm,7:30 am–7:30 pm,"https://www.google.com/maps/search/commercial+landscaping+businesses+in+Lancaster+Buffalo+NY/@42.9006144,-78.6703062,14z",2026-04-29T19:29:10.568Z,,,
https://www.google.com/maps/place/The+Davey+Tree+Expert+Company/data=!4m7!3m6!1s0x89d30aafb7890a0d:0xdf7b4b9d99e661b6!8m2!3d42.912633!4d-78.6669073!16s%2Fg%2F1trsy_d8!19sChIJDQqJt68K04kRtmHmmZ1Le98,The Davey Tree Expert Company,4.6,92,Tree service,"1200 Commerce Pkwy, Lancaster, NY 14086, United States","W87M+36 Lancaster, New York, USA",https://www.davey.com/residential-tree-services/local-offices/buffalo-tree-service-and-lawn-service/?utm_source=gmb&utm_medium=organic&utm_campaign=rc_buffalo,+1 716-235-5298,"Open · Closes 5 pm

Updated by this business 10 weeks ago",,https://lh3.googleusercontent.com/gps-cs-s/APNQkAF1J6w5h3JG7kTRYXRgnyJzd7eTrK9g5roWEjzSOmFHsfrzsehWLKta0JojEHXDtE12mrtSY83Z2S6SqYecWDxumtmB8JPy3p9C0Qx8AZDnE0rSMu3JLi9Q4aHx4ty3DrdrnxEzhQ=w408-h271-k-no,true,8 am–5 pm,8 am–5 pm,8 am–5 pm,Closed,Closed,8 am–5 pm,8 am–5 pm,"https://www.google.com/maps/search/commercial+landscaping+businesses+in+Lancaster+Buffalo+NY/@42.9006144,-78.6703062,14z",2026-04-29T19:29:15.325Z,,,
https://www.google.com/maps/place/Good+Earth+Organics+Corp./data=!4m7!3m6!1s0x89d3a1ff890bfbe3:0x902c7940c3aa14a3!8m2!3d42.89551!4d-78.6321849!16s%2Fg%2F11g2y6t9j1!19sChIJ4_sLif-h04kRoxSqw0B5LJA,Good Earth Organics Corp.,4.8,20,Garden,"5950 Broadway, Lancaster, NY 14086, United States","V9W9+64 Lancaster, New York, USA",http://goodearth.org/,+1 716-684-8111,Open · Closes 6 pm,,https://lh3.googleusercontent.com/gps-cs-s/APNQkAH-SSBA-vzOqZ4MXcLU6yI5jqseEBNqjWhwYF2LYTh6WxsrnDN_IP-0Rszm2n91bbs-d0OUrEb5UNuVtyZYC8Etaqu-WGqROjjRhyyABuczLFMnYCtdkHuAKy2u5Ja9ltJS5BMr=w408-h522-k-no,true,8 am–6 pm,8 am–6 pm,8 am–6 pm,8 am–12 pm,Closed,8 am–6 pm,8 am–6 pm,"https://www.google.com/maps/search/commercial+landscaping+businesses+in+Lancaster+Buffalo+NY/@42.9006144,-78.6703062,14z",2026-04-29T19:29:20.152Z,,,
https://www.google.com/maps/place/Grassroots+Groundskeeping/data=!4m7!3m6!1s0x89d30a7dffb73c81:0x26f82e0419dee934!8m2!3d42.8816774!4d-78.6626721!16s%2Fg%2F1td2hwyr!19sChIJgTy3_30K04kRNOneGQQu-CY,Grassroots Groundskeeping,5.0,1,Lawn care service,"24 Village View, Lancaster, NY 14086, United States","V8JP+MW Lancaster, New York, USA",,+1 716-868-9616,,,https://streetviewpixels-pa.googleapis.com/v1/thumbnail?panoid=DzmcX6_P9BABgkXbygIMOg&cb_client=search.gws-prod.gps&w=408&h=240&yaw=176.34868&pitch=0&thumbfov=100,true,,,,,,,,"https://www.google.com/maps/search/commercial+landscaping+businesses+in+Lancaster+Buffalo+NY/@42.9006144,-78.6703062,14z",2026-04-29T19:29:22.821Z,,,
https://www.google.com/maps/place/Petals+To+Please/data=!4m7!3m6!1s0x89d30abd6d95bb55:0x3f88a1ff0364b337!8m2!3d42.8958398!4d-78.6390711!16s%2Fg%2F1tdl7304!19sChIJVbuVbb0K04kRN7NkA_-hiD8,Petals To Please,4.8,183,Florist,"5870 Broadway, Lancaster, NY 14086, United States","V9W6+89 Lancaster, New York, USA",http://www.petalstoplease.com/,+1 716-683-1001,Open · Closes 5 pm,LGBTQ+ friendly,https://lh3.googleusercontent.com/gps-cs-s/APNQkAE7YMcaIP-NF5RFq2NFC0XPy3irAuA5Ujab-bYixWkW3Rmgn--XcK4zTsaW5Ga3ouDmuqIldD9GSBC778OZ7QvqsTW-vIeRnXOiW8EjCs6rknGZGyhevB5rMQjPG-h2TKFCTV5h=w408-h544-k-no,true,10 am–5 pm,Closed,10 am–5 pm,10 am–3 pm,Closed,10 am–5 pm,10 am–5 pm,"https://www.google.com/maps/search/commercial+landscaping+businesses+in+Lancaster+Buffalo+NY/@42.9006144,-78.6703062,14z",2026-04-29T19:29:27.667Z,· In-store shopping · Kerbside pickup · Delivery,,
https://www.google.com/maps/place/Mays+Tree+Service/data=!4m7!3m6!1s0xada2eaa1799fb78d:0x11e0bbd49acd1bb6!8m2!3d42.901101!4d-78.6369468!16s%2Fg%2F11l1n81cfg!19sChIJjbefeaHqoq0RthvNmtS74BE,Mays Tree Service,4.8,79,Tree service,"73 Cemetery Rd, Lancaster, NY 14086, United States","W927+C6 Lancaster, New York, USA",http://www.maystreeservice.com/,+1 716-685-1929,Open 24 hours,,https://lh3.googleusercontent.com/gps-cs-s/APNQkAHIT3Op6BwjgzfdHxvt6aGzrozpJrFpF81ckpB7MbNk59IXvmfdkzRu9q7J-XE-fc_Ogoqjm6XYUqkYI7KBGFSsaOPAC9E8LJGcrO98VQ-JhFTW5CCbOPS3FwvfXArUdB9eQ6kW=w429-h240-k-no,true,Open 24 hours,Open 24 hours,Open 24 hours,Open 24 hours,Open 24 hours,Open 24 hours,Open 24 hours,"https://www.google.com/maps/search/commercial+landscaping+businesses+in+Lancaster+Buffalo+NY/@42.9006144,-78.6703062,14z",2026-04-29T19:29:32.957Z,,,
https://www.google.com/maps/place/KURB+APPEAL+LLC/data=!4m7!3m6!1s0x4a41e5e992cea63:0xf0c2875c6867d06d!8m2!3d42.932145!4d-78.7157519!16s%2Fg%2F11s1tx42qs!19sChIJY-osmV4epAQRbdBnaFyHwvA,KURB APPEAL LLC,4.5,53,Landscaper,,,https://www.kurbappealwny.com/,+1 716-279-9828,Closed · Opens 8 am Thu,,https://lh3.googleusercontent.com/gps-cs-s/APNQkAHuZwkEqsg5kNCMvCN5ppuONJjeHiGLCwbSRDp2GKMa4DUVg3LoymC_1zs9Brjz8u-fLDqbXlnUeSWx7phBJZ4aMCh7ETmGxEst9DbR62D84AmfLrClNN4gSMEKNKG-Fu37_2MrxRaA0eWX=w408-h306-k-no,true,8 am–3 pm,8 am–3 pm,8 am–3 pm,Closed,Closed,8 am–3 pm,8 am–3 pm,"https://www.google.com/maps/search/commercial+landscaping+businesses+in+Lancaster+Buffalo+NY/@42.9006144,-78.6703062,14z",2026-04-29T19:29:38.028Z,,,
https://www.google.com/maps/place/Adams+Landscape+%26+Design/data=!4m7!3m6!1s0x89d39fc66bca736f:0xdb723606615be628!8m2!3d42.9452703!4d-78.6388653!16s%2Fg%2F1thgcfmg!19sChIJb3PKa8af04kRKOZbYQY2cts,Adams Landscape & Design,4.2,5,Landscape designer,"5805 Genesee St, Lancaster, NY 14086, United States","W9W6+4F Lancaster, New York, USA",,+1 716-683-6996,,,https://lh3.googleusercontent.com/gps-cs-s/APNQkAGXUCaY6thIj7zWvA1bGQ9THpR_nEV5E397mzIL0fZRjitUfukSw4FCxLFaM3uhjxdOU9RNZtckQEH8WFQxAHZ01fLA1pK03BoSyD9c54GoPdrP2KnAXsgYgkUcXux42qM6nFMF=w408-h306-k-no,true,,,,,,,,"https://www.google.com/maps/search/commercial+landscaping+businesses+in+Lancaster+Buffalo+NY/@42.9006144,-78.6703062,14z",2026-04-29T19:29:40.849Z,,,
https://www.google.com/maps/place/ADAMS+NURSERY+%26+GARDEN+CENTER/data=!4m7!3m6!1s0x89d39fc6630cd7b9:0x73b9b2efe31c9157!8m2!3d42.9438756!4d-78.6390631!16s%2Fg%2F1v9gk_27!19sChIJudcMY8af04kRV5Ec4--yuXM,ADAMS NURSERY & GARDEN CENTER,4.0,221,Garden center,"5799 Genesee St, Lancaster, NY 14086, United States","W9V6+H9 Lancaster, New York, USA",https://www.facebook.com/adamsgardencenter,+1 716-683-4885,"Open · Closes 5 pm

Updated by others 2 weeks ago",,https://lh3.googleusercontent.com/gps-cs-s/APNQkAE0lgsyX5wBryuYV1KYCbnkBc7elDWtGcw71XXe3S9n9JMUIsmq7JStaYk-TSnXeMN91uYzcEPgA8ZVg11jbjwYkvLa3VTus5slNEyFnkU5UkGA9DM7iRPbdSZUFdvF0l8gZxIaFA=w460-h240-k-no,true,9 am–5 pm,9 am–5 pm,9 am–5 pm,9 am–4 pm,9 am–4 pm,9 am–5 pm,9 am–5 pm,"https://www.google.com/maps/search/commercial+landscaping+businesses+in+Lancaster+Buffalo+NY/@42.9006144,-78.6703062,14z",2026-04-29T19:29:45.778Z,"Spacious, long-running garden center carrying plants, trees, landscaping supplies, decor & gifts. · In-store pick-up · Delivery",,
https://www.google.com/maps/place/Buzz+Cutz/data=!4m7!3m6!1s0x89d30ad735dba20f:0x94214f1a462c1c95!8m2!3d42.9064155!4d-78.6575498!16s%2Fg%2F12hqytg5r!19sChIJD6LbNdcK04kRlRwsRhpPIZQ,Buzz Cutz,2.8,13,Landscaper,,,,+1 716-870-6307,Open · Closes 8 pm,,https://lh3.googleusercontent.com/gps-cs-s/APNQkAGMw4vk8_tsXcNIEL9s1kUn6h8WYmkbP8_9_Ad_vwhnm9w44d5WaDK2V1l9QnAWZVMukx9Qyab2b8D3lp0WIpcckcYBpjMIpP2GpDJF_l49kUEt5GEDZHFfs7onr0oDjnq7FiFI=w408-h434-k-no,true,7 am–8 pm,7 am–8 pm,7 am–8 pm,Closed,Closed,7 am–8 pm,7 am–8 pm,"https://www.google.com/maps/search/commercial+landscaping+businesses+in+Lancaster+Buffalo+NY/@42.9006144,-78.6703062,14z",2026-04-29T19:29:50.454Z,,,
https://www.google.com/maps/place/Edgewater+Apartment+Homes/data=!4m7!3m6!1s0x89d3a06c4905264d:0x978bde266576847b!8m2!3d42.8975609!4d-78.6423064!16s%2Fg%2F11ckqrx49d!19sChIJTSYFSWyg04kRe4R2ZSbei5c,Edgewater Apartment Homes,3.9,99,Apartment complex,"5828 Broadway #100, Lancaster, NY 14086, United States","V9X5+23 Lancaster, New York, USA",http://edgewaterapartmenthomes.com/,+1 716-681-5800,Open · Closes 5 pm,,https://lh3.googleusercontent.com/gps-cs-s/APNQkAGPLG9kV8eC-AD3KgC-ZTCk-2A7q1Q_IQVY9o3tp5RVMJ7YZOHSukb4UEIQkehxiHfr6Iv6IU7qK_VTrtrwPNzwllFGOzktOaH7LnPq1m6AhKFAYsRkBVt8_n8wKbpCp4cDgt-a=w408-h306-k-no,false,8 am–5 pm,8 am–5 pm,8 am–5 pm,11 am–4 pm,Closed,8 am–5 pm,8 am–5 pm,"https://www.google.com/maps/search/commercial+landscaping+businesses+in+Lancaster+Buffalo+NY/@42.9006144,-78.6703062,14z",2026-04-29T19:29:55.502Z,· Dogs allowed,,
https://www.google.com/maps/place/Lakefront+Landscapes/data=!4m7!3m6!1s0x89d39f37fb42d8f5:0x668ce8b2bf60c677!8m2!3d42.9317643!4d-78.5765939!16s%2Fg%2F11bxdwxs0l!19sChIJ9dhC-zef04kRd8Zgv7LojGY,Lakefront Landscapes,5.0,1,Landscaper,"11038 Walden Ave, Alden, NY 14004, United States","WCJF+P9 Alden, New York, USA",http://lakefront-landscapes.net/,+1 716-907-6293,Open · Closes 5 pm,,https://lh3.googleusercontent.com/gps-cs-s/APNQkAFWmCJTtVzNuCFi8QJl14Tws0kg2u2k40WMTbRGYkJz_jAZjdEGGXXSnuN5KhHOhFwafKuWL141zQF0rVhTkdZpzG3wPwRJGv-YuhDTUUEHQMbNaL0J7fW4FtNA75oYFb2kk1zx=w426-h240-k-no,true,9 am–5 pm,9 am–5 pm,9 am–5 pm,9 am–2 pm,9 am–2 pm,9 am–5 pm,9 am–5 pm,"https://www.google.com/maps/search/commercial+landscaping+businesses+in+Lancaster+Buffalo+NY/@42.9006144,-78.6703062,14z",2026-04-29T19:30:00.112Z,,,
https://www.google.com/maps/place/Buffalo+Tree+Care+LLC/data=!4m7!3m6!1s0x89d3758ca38b2bef:0x97d51f09c97a70bb!8m2!3d42.9549843!4d-78.6312365!16s%2Fg%2F11qr87b0py!19sChIJ7yuLo4x104kRu3B6yQkf1Zc,Buffalo Tree Care LLC,5.0,7,Tree service,"149 Gunnville Rd suite 7, Lancaster, NY 14086, United States","X939+XG Lancaster, New York, USA",http://www.buffalotreecarellc.com/,+1 716-435-1153,Open · Closes 10 pm,,https://streetviewpixels-pa.googleapis.com/v1/thumbnail?panoid=_b7eSVlaO6DNJw1ntw8mFA&cb_client=search.gws-prod.gps&w=408&h=240&yaw=91.46859&pitch=0&thumbfov=100,true,6 am–10 pm,6 am–10 pm,6 am–10 pm,7 am–10 pm,8 am–10 pm,6 am–10 pm,6 am–10 pm,"https://www.google.com/maps/search/commercial+landscaping+businesses+in+Lancaster+Buffalo+NY/@42.9006144,-78.6703062,14z",2026-04-29T19:30:11.493Z,,,
https://www.google.com/maps/place/JP+Web+Design+%26+Media/data=!4m7!3m6!1s0x89d3755416401915:0x84cb9f8be1a414fc!8m2!3d42.923622!4d-78.660779!16s%2Fg%2F11c2kc884_!19sChIJFRlAFlR104kR_BSk4Yufy4Q,JP Web Design & Media,5.0,65,Website designer,"Town of, Lancaster, NY 14086, United States","W8FQ+CM Lancaster, New York, USA",https://www.jpwebdesignandmedia.com/,+1 716-512-5452,"Open · Closes 6 pm

Updated by this business 9 weeks ago",,https://lh3.googleusercontent.com/gps-cs-s/APNQkAHR-57j-U7-D3YyCAyFWPkdjPI9DzmFtlDmKrykiHhQ4gS1bu7gy6ftHQyjgAb_mk8UpSX8vJf1XqpEYv2iVsge1uda5_1cBNv7wkg30U1uhyHGW8W8mIq6743BcVZXwIH45_U8XzfXicU=w408-h408-k-no,true,9 am–6 pm,9 am–6 pm,9 am–6 pm,9 am–6 pm,9 am–6 pm,9 am–6 pm,9 am–6 pm,"https://www.google.com/maps/search/commercial+landscaping+businesses+in+Lancaster+Buffalo+NY/@42.9006144,-78.6703062,14z",2026-04-29T19:30:16.698Z,,,
"https://www.google.com/maps/place/D.A.A.C.+Landscaping/@42.9433935,-78.7505754,12z/data=!3m1!4b1!4m6!3m5!1s0xa807329de415ff8f:0x88745f06b5454143!8m2!3d42.9433935!4d-78.7505754!16s%2Fg%2F11t9v5yxg0",D.A.A.C. Landscaping,,,Landscape designer,,,https://daaclandscaping.com/,+1 716-913-2260,Open · Closes 5 pm,,,true,8 am–5 pm,8 am–5 pm,8 am–5 pm,Closed,Closed,8 am–5 pm,8 am–5 pm,"https://www.google.com/maps/search/commercial+landscaping+businesses+in+Lancaster+Buffalo+NY/@42.9006144,-78.6703062,14z",2026-04-29T19:30:23.176Z,,,
https://www.google.com/maps/place/716+Property+Services/data=!4m7!3m6!1s0x6b1f998788893f99:0xcb437ccc8d9edf52!8m2!3d42.84985!4d-75.6329459!16s%2Fg%2F11txxvdjsg!19sChIJmT-JiIeZH2sRUt-ejcx8Q8s,716 Property Services,5.0,8,Lawn care service,,,,+1 716-906-9807,Open 24 hours,,https://lh3.googleusercontent.com/gps-cs-s/APNQkAHjfABRziDBQ5LZcxqlVriAEhc_rpK6eW1npP4WOjJLn12gj6Z7y5LhlYu1UpHYANSrF4w3qoOBWckUKAsJDK8rSXxzqH8HTB2HbQ7wBImIkfN2a6j7Y8QeaGCfir3S--r1YBy_=w408-h906-k-no,true,Open 24 hours,Open 24 hours,Open 24 hours,Open 24 hours,Open 24 hours,Open 24 hours,Open 24 hours,"https://www.google.com/maps/search/commercial+landscaping+businesses+in+Lancaster+Buffalo+NY/@42.9006144,-78.6703062,14z",2026-04-29T19:30:27.885Z,,,
https://www.google.com/maps/place/716+Landscaping+%26+Property+Maintenance/data=!4m7!3m6!1s0x60c164e064fca975:0x9069452943d2504a!8m2!3d42.8962391!4d-78.864442!16s%2Fg%2F11s38sg0fj!19sChIJdan8ZOBkwWARSlDSQylFaZA,716 Landscaping & Property Maintenance,5.0,1,Property maintenance,,,,+1 716-901-5362,Closed · Opens 7 am Thu,,https://lh3.googleusercontent.com/gps-cs-s/APNQkAFaMVv3376Mw4VZxzNxoI7dAAGf62JLr-F_ACckUUosxHab_8EPS0hF3lThoBvhC3kg1Sgpl4uh3wzOEL5NomnLEhg8J6OXb8KWsBiMZCcY8CWPRVL67g5jyXpQu7hOFQ6cfIdRYg=w426-h240-k-no,true,7 am–3 pm,7 am–3 pm,7 am–3 pm,7 am–1 pm,Closed,7 am–3 pm,7 am–3 pm,"https://www.google.com/maps/search/commercial+landscaping+businesses+in+Lancaster+Buffalo+NY/@42.9006144,-78.6703062,14z",2026-04-29T19:30:32.536Z,,,
https://www.google.com/maps/place/Good+Neighbors+Credit+Union/data=!4m7!3m6!1s0x89d30aeba6eddee3:0xb01ac96fb7e6b47c!8m2!3d42.9008288!4d-78.684157!16s%2Fg%2F1tg7s_f3!19sChIJ497tpusK04kRfLTmt2_JGrA,Good Neighbors Credit Union,3.9,74,Federal credit union,"5145 Broadway, Depew, NY 14043, United States","W828+88 Depew, New York, USA",http://goodneighborscu.com/,+1 716-681-1460,,LGBTQ+ friendly,https://lh3.googleusercontent.com/gps-cs-s/APNQkAFVgIwAAhW814lL44vzztmV9A3TNt9mxBpwDvbiiQhCQwwQDRHRJdA1aFKXxYjJkwh2T2G101KyZJC0q1eCYBEhvmsYqF_nMLing6GPcFNzv8HoNwQYRyVar5XjFsh-ipfvrID5_g=w408-h272-k-no,true,10 am–5 pm,10 am–5 pm,10 am–5 pm,9 am–1 pm,Closed,10 am–5 pm,10 am–5 pm,"https://www.google.com/maps/search/commercial+landscaping+businesses+in+Lancaster+Buffalo+NY/@42.9006144,-78.6703062,14z",2026-04-29T19:30:37.663Z,· Drive-through,,
https://www.google.com/maps/place/Elite+Landscaping/data=!4m7!3m6!1s0x89d36769c4ec71cb:0xc10ad0dc740bab69!8m2!3d43.1051443!4d-78.9716367!16s%2Fg%2F11hs3k6r2n!19sChIJy3HsxGln04kRaasLdNzQCsE,Elite Landscaping,4.7,42,Landscaper,"8114 Porter Rd, Niagara Falls, NY 14304, United States","424H+38 Niagara Falls, New York, USA",http://www.elitelandscapingwny.com/,+1 716-531-2465,Closes soon · 4 pm · Opens 7 am Thu,,https://lh3.googleusercontent.com/gps-cs-s/APNQkAFLFD2VFTVTXM6V28Av3qiFOG9hoSBLDiGqlogwx9k5MH8d5vaH_-KcLj59rvtxxyBeM5hNAaWLbuJLP9jompWe2icIwd4V-7etL5D0hHfHoRvUp67saUM6PFfs0xzHlPZ8ObXPag=w408-h408-k-no,true,7 am–4 pm,7 am–4 pm,7 am–4 pm,8 am–12 pm,Closed,7 am–4 pm,7 am–4 pm,"https://www.google.com/maps/search/commercial+landscaping+businesses+in+Rapids+Buffalo+NY/@42.8869004,-78.8788896,14z",2026-04-29T19:31:05.983Z,,,
https://www.google.com/maps/place/Perf-A-Lawn/data=!4m7!3m6!1s0x89d3a03e1e334329:0x771a93ab00397953!8m2!3d42.8560299!4d-78.754175!16s%2Fg%2F1tdy5fy6!19sChIJKUMzHj6g04kRU3k5AKuTGnc,Perf-A-Lawn,4.3,15,Lawn care service,"2055 Union Rd, West Seneca, NY 14224, United States","V64W+C8 West Seneca, New York, USA",https://www.perfalawnbuffalo.com/?utm_source=gbp&utm_medium=organic&utm_campaign=gbp-west-seneca,+1 716-771-1209,Closes soon · 4 pm · Opens 9 am Thu,,https://streetviewpixels-pa.googleapis.com/v1/thumbnail?panoid=5T_NBUhDvmJBoAQJNKcITA&cb_client=search.gws-prod.gps&w=408&h=240&yaw=107.57806&pitch=0&thumbfov=100,true,9 am–4 pm,9 am–4 pm,9 am–4 pm,Closed,Closed,9 am–4 pm,9 am–4 pm,"https://www.google.com/maps/search/commercial+landscaping+businesses+in+West+Seneca+Buffalo+NY/@42.880924,-78.8777657,14z",2026-04-29T19:31:35.024Z,,,
https://www.google.com/maps/place/Upstate+Landscape+%26+Design/data=!4m7!3m6!1s0x89d30e5733940ee9:0xe4dec3c75fb43e25!8m2!3d42.768351!4d-78.8862675!16s%2Fg%2F11f400ydt0!19sChIJ6Q6UM1cO04kRJT60X8fD3uQ,Upstate Landscape & Design,5.0,3,Landscaper,,,,+1 716-395-0033,Open · Closes 5 pm,,https://lh3.googleusercontent.com/gps-cs-s/APNQkAGGz0NTaCv9fU0qdCL6WZ-SMx99gRt-WGvmRc6qEA2R9mCZ-KJTxwz2JLTKp_3OmxU_i8oliq_lehFSF7t6putqxhZaG-y9LLFZ1gdNBjHsdFo12yV7Aaq0g2C3TRFEp-xZ3ng8=w426-h240-k-no,true,9 am–5 pm,9 am–5 pm,9 am–5 pm,9 am–5 pm,9 am–1 pm,9 am–5 pm,9 am–5 pm,"https://www.google.com/maps/search/commercial+landscaping+businesses+in+West+Seneca+Buffalo+NY/@42.880924,-78.8777657,14z",2026-04-29T19:31:39.898Z,,,
https://www.google.com/maps/place/Blades+of+Valor+Lawn+Care+LLC/data=!4m7!3m6!1s0x81defe4d1d44f7cd:0xc3be891f0c962fc2!8m2!3d42.768351!4d-78.8862675!16s%2Fg%2F11vzgp4byx!19sChIJzfdEHU3-3oERwi-WDB-JvsM,Blades of Valor Lawn Care LLC,5.0,4,Lawn care service,,,http://www.bovlawncare.com/,+1 716-462-1654,Open · Closes 6 pm,Identifies as veteran-owned,https://lh3.googleusercontent.com/gps-cs-s/APNQkAFLPmUMov9rz3vqDzT3-A52VczBRYU45K4it0A_GTdVJx6F1PwaTGPt3D6-qPILlqUGnEDTb52Zn7ns-h-7xESkaViG3vqUstK5pSXnHjxHZRHgVaEpg1AFyhIPgqmViPv8cwh0=w408-h306-k-no,true,8 am–6 pm,8 am–6 pm,8 am–6 pm,Closed,Closed,8 am–6 pm,8 am–6 pm,"https://www.google.com/maps/search/commercial+landscaping+businesses+in+West+Seneca+Buffalo+NY/@42.880924,-78.8777657,14z",2026-04-29T19:31:44.448Z,,,
https://www.google.com/maps/place/Green+Frog+Lawn+Care/data=!4m7!3m6!1s0x89d30eb31028a1cb:0xf5d13609dc7811a2!8m2!3d42.8382829!4d-78.7497269!16s%2Fg%2F11x_dd3c69!19sChIJy6EoELMO04kRohF43Ak20fU,Green Frog Lawn Care,,,Landscape architect,"893 Center Rd, West Seneca, NY 14224, United States","R7Q2+84 West Seneca, New York, USA",https://greenfroglawncare.jobbersites.com/,+1 716-435-4285,"Open · Closes 5 pm

Updated by this business 2 weeks ago",,https://lh3.googleusercontent.com/gps-cs-s/APNQkAEq0jjSAZ1HrH_cNHYck4TBJxc4_3kozy2dmZzC4-A9vmlhilED_3_XXnv7OqwZcOKhqqZbIEuIC2LcQ0-f9fBARlh8aPD6TAYi32LCWo5shP8OoMZFCQf3hbEm6Z3fcA5Odb0p847otQ_f=w408-h612-k-no,true,9 am–5 pm,9 am–5 pm,9 am–5 pm,Closed,Closed,9 am–5 pm,9 am–5 pm,"https://www.google.com/maps/search/commercial+landscaping+businesses+in+West+Seneca+Buffalo+NY/@42.880924,-78.8777657,14z",2026-04-29T19:32:02.648Z,,,
https://www.google.com/maps/place/Gold+Star+Landscaping/data=!4m7!3m6!1s0x89d30ec0480fae83:0xd8a43f75ab6071e1!8m2!3d42.8328059!4d-78.7690027!16s%2Fg%2F1thw7q9r!19sChIJg64PSMAO04kR4XFgq3U_pNg,Gold Star Landscaping,,,Landscape designer,"43 Jasmine Ave, West Seneca, NY 14224, United States","R6MJ+49 West Seneca, New York, USA",http://goldstarlandscaping.biz/,+1 716-867-8654,,,https://lh3.googleusercontent.com/gps-cs-s/APNQkAEGpvSYKG5vdROnfoeiQnSlpRqfKvfKeNON3X_RrgkXGIxWxrbPMYjE93cmeslkT9TpFw9mbWAyKwKhW6j_ApGMQrvMLGIVXFsmNEVVEzbOguMuMmi0V-nsAJLRo-UcoC0axxfcUw=w408-h544-k-no,true,,,,,,,,"https://www.google.com/maps/search/commercial+landscaping+businesses+in+West+Seneca+Buffalo+NY/@42.880924,-78.8777657,14z",2026-04-29T19:32:05.255Z,,,
https://www.google.com/maps/place/Perfect+Edges+Property+Maintenance+LLC/data=!4m7!3m6!1s0x89d36bfe3d558ff7:0xd8b550feb33e45a8!8m2!3d42.9901357!4d-78.9511311!16s%2Fg%2F11j5fjhbr_!19sChIJ949VPf5r04kRqEU-s_5Qtdg,Perfect Edges Property Maintenance LLC,4.9,36,Landscaper,"Grand Island, NY 14072, United States","X2RX+3G Grandyle Village, New York, USA",http://www.facebook.com/perfectedges,+1 716-449-6645,Open 24 hours,,https://lh3.googleusercontent.com/gps-cs-s/APNQkAFtxN1m50dxrp9-GndaplCpIrJmuuCxQHJ_yVNWEHQmaBr5sDOEbZXLW4zKK5-YxOA0S2IBCAG70Em43FG2muQRvRxBSIXvxJSj442ZH7c5paAqdkDahsO5E1C9qsj9vgN4oYVAIw=w408-h906-k-no,true,Open 24 hours,Open 24 hours,Open 24 hours,Open 24 hours,Open 24 hours,Open 24 hours,Open 24 hours,"https://www.google.com/maps/search/commercial+landscaping+businesses+in+Riverside+Buffalo+NY/@42.9561426,-78.9033627,14z",2026-04-29T19:32:27.345Z,,,
https://www.google.com/maps/place/MowJoe+Lawn+%26+Landscape/data=!4m7!3m6!1s0x89d36b0adc6f17b9:0x1c62d703c985d02f!8m2!3d42.9986977!4d-78.9494839!16s%2Fg%2F11vyqs_zk1!19sChIJuRdv3Apr04kRL9CFyQPXYhw,MowJoe Lawn & Landscape,5.0,58,Lawn care service,"1378 E Park Rd, Grand Island, NY 14072, United States","X3X2+F6 Grandyle Village, New York, USA",https://www.facebook.com/profile.php?id=61556095281079&mibextid=PtKPJ9,+1 716-909-0136,Open · Closes 5 pm,,https://lh3.googleusercontent.com/gps-cs-s/APNQkAGei2j8Mr6jeZhk6ljvD9EigjDv2oLFj3KGnTNGHaBO27i-MIsW7zCxUBI-qiJsq9w0SipCMmtYhEWMBOUJnbk2nW_T2BYse6X3cX0oIBjN3s1jR0fk7caz_Z68i9zjt5wBr9GxT4M7etf0=w408-h306-k-no,true,8 am–5 pm,8 am–5 pm,8 am–5 pm,8 am–5 pm,Closed,8 am–5 pm,8 am–5 pm,"https://www.google.com/maps/search/commercial+landscaping+businesses+in+Riverside+Buffalo+NY/@42.9561426,-78.9033627,14z",2026-04-29T19:32:32.510Z,,,
https://www.google.com/maps/place/Blount+Concrete/data=!4m7!3m6!1s0x89d36c9d632c1631:0x4d8325a5d8e0cb0c!8m2!3d42.9735872!4d-78.9286887!16s%2Fg%2F1v8gd07h!19sChIJMRYsY51s04kRDMvg2KUlg00,Blount Concrete,3.5,34,Concrete contractor,"34 Sawyer Ave, Tonawanda, NY 14150, United States","X3FC+CG Tonawanda, New York, USA",https://www.blountconcrete.com/,+1 716-876-7262,Open · Closes 5 pm,,https://lh3.googleusercontent.com/gps-cs-s/APNQkAHeimkGYpyLBL2DQka12nAPoldETJJV7m0MqT9ZGg87Wz79fzWbiOvXYYrdLQKdXPAfnZiQ2oDP9o7tRK5jZ1liGwA_9ACt--KV8642nOg02ab9TVOrRStLe8Q2HXU_zEuqZfqG=w408-h415-k-no,true,9 am–5 pm,9 am–5 pm,9 am–5 pm,Closed,Closed,9 am–5 pm,9 am–5 pm,"https://www.google.com/maps/search/commercial+landscaping+businesses+in+Riverside+Buffalo+NY/@42.9561426,-78.9033627,14z",2026-04-29T19:32:37.230Z,,,
https://www.google.com/maps/place/Five+Star+Roofing+Consultants+%26+Services/data=!4m7!3m6!1s0x89d36dabb0241a53:0x7f36fcc5d50ea8b!8m2!3d42.9731777!4d-78.8875624!16s%2Fg%2F1tqp_6xs!19sChIJUxoksKtt04kRi-pQXcxv8wc,Five Star Roofing Consultants & Services,4.9,126,Roofing contractor,"1320 Military Rd, Buffalo, NY 14217, United States","X4F6+7X Buffalo, New York, USA",http://www.fivestarserviceswny.com/,+1 716-828-6279,Closes soon · 4:30 pm · Opens 8 am Thu,,https://lh3.googleusercontent.com/gps-cs-s/APNQkAE32s23X2P9L6ZIe0v65_WoFhGByyvyNEtCNgbKIfA9bl6ot14ImnKORu-SyPWQQ84OpyUv0cvhiGOvX7yROOou2_ReUoOkYn79a-muD8pAcRu0XebhGRVwO6yjdz9L70CUCMLxcQ=w408-h306-k-no,true,8 am–4:30 pm,8 am–4:30 pm,8 am–4:30 pm,Closed,Closed,8 am–4:30 pm,8 am–4:30 pm,"https://www.google.com/maps/search/commercial+landscaping+businesses+in+Riverside+Buffalo+NY/@42.9561426,-78.9033627,14z",2026-04-29T19:32:42.022Z,,,
https://www.google.com/maps/place/Michael+P.+Design/data=!4m7!3m6!1s0x89d312480ce99bab:0x14b0075d934766fd!8m2!3d42.9475043!4d-78.8625739!16s%2Fg%2F1264ljlkm!19sChIJq5vpDEgS04kR_WZHk10HsBQ,Michael P. Design,5.0,1,Interior designer,"1235 Hertel Ave, Buffalo, NY 14216, United States","W4XP+2X Buffalo, New York, USA",https://www.michaelpdesign.com/,+1 716-349-9743,Open · Closes 5:30 pm,LGBTQ+ friendly,https://lh3.googleusercontent.com/gps-cs-s/APNQkAHqBXsCXwOjw5UKmhu7_FHXbAxU6ADi3OwWY3W_2QJRAd7pTEtxq-uDZ0MVN-DfqkiV9CElzbfegcKP0gTQM5RJsWvGF6YGHd6EHbFtedUxQdGBo_eMBPfMI1Mgf-r6R2XfQ_r-1g=w408-h277-k-no,true,9 am–5:30 pm,9 am–5:30 pm,9 am–5:30 pm,Closed,Closed,9 am–5:30 pm,9 am–5:30 pm,"https://www.google.com/maps/search/commercial+landscaping+businesses+in+Riverside+Buffalo+NY/@42.9561426,-78.9033627,14z",2026-04-29T19:32:46.886Z,,,
,,,,,,,,,,,,,,,,,,,,"https://www.google.com/maps/search/commercial+landscaping+businesses+in+Eggertsville+Buffalo+NY/@42.963391,-78.8039226,14z",2026-04-29T19:33:16.995Z,,,No new results found